variant,amplitude_max_abs_error,adjacent_phase_jump_early_mean_rad,adjacent_phase_jump_late_mean_rad,late_relative_rotation_mean_rad,late_relative_rotation_gt_pi_over_2,late_relative_rotation_gt_3pi_over_4,phase_channel_std,zscore_amplitude_channel_std,zscore_phase_to_amplitude_std_ratio,minmax_amplitude_channel_std,minmax_phase_to_amplitude_std_ratio,minmax_exact_zero_fraction,linear_cancellation_ratio_mean,linear_cancellation_ratio_p10,linear_cancellation_ratio_lt_0_5,linear_late_minus_early_ratio,cubic_cancellation_ratio_mean,cubic_cancellation_ratio_p10,cubic_cancellation_ratio_lt_0_5,cubic_late_minus_early_ratio,sample_index,length
no_calibration,3.814697265625e-06,0.8643364310264587,0.8644712567329407,0.0005626252968795598,0.0,0.0,1.8174911737442017,1.0,1.8174911737442017,0.1626611883372341,11.173477781166358,0.00035704583381844995,0.9453214127347149,0.9093986642157423,0.0,0.0004149116886321691,0.9955770473338683,0.97159130547694,0.0,0.0004670447435499714,0,2863
linear_reference,1.1444091796875e-05,0.13824620842933655,0.13312996923923492,0.8283373713493347,0.0,0.0,0.3864492177963257,1.0,0.3864492177963257,0.16266118515057473,2.3757924635713885,0.00035704583381844995,0.9989335440377601,0.9970897459396499,0.0,0.0001677128541399675,1.0013094778497078,0.9988453569304745,0.0,7.12860002363147e-05,0,2863
common_only,0.0,0.8643354773521423,0.8644464612007141,0.0,0.0,0.0,1.805431604385376,1.0,1.805431604385376,0.1626611904158898,11.099338445570663,0.00034928396786587494,0.9453229783895788,0.9094132158606825,0.0,0.0004191996112770102,0.995573807033782,0.9716056976832493,0.0,0.0004606931334002473,0,2863
detrend_first50_only,1.1444091796875e-05,1.5501673221588135,1.5760633945465088,1.567386269569397,0.5001366449642312,0.2452535969777349,1.812483310699463,0.9999999999999997,1.8124833106994636,0.1626611853864276,11.142690903140904,0.00034928396786587494,0.7993963717760731,0.4412089526639594,0.12876159428726666,0.002008882230177811,0.9096690110216813,0.5519818528292714,0.07924865137579074,0.0053012699172650946,0,2863
detrend_fullspan50_only,7.62939453125e-06,1.5808509588241577,1.5780760049819946,1.575435757637024,0.5019532191945985,0.25255204565549394,1.8099534511566162,1.0000000000000004,1.8099534511566153,0.16266118997470094,11.127137649971221,0.00034928396786587494,0.8013527941434823,0.4412913655233367,0.12858307137035743,-0.0029397026194919462,0.9088964465905711,0.5549609922968848,0.07921760391198043,-0.0042146242524353505,0,2863
robust_shared_first50,7.62939453125e-06,0.8643354773521423,0.8644464612007141,3.166260142961619e-08,0.0,0.0,1.8131548166275024,1.0,1.8131548166275024,0.1626611863527595,11.146819086240747,0.00034928396786587494,0.9453229783367815,0.9094131929014904,0.0,0.00041919978265037017,0.9955738069807546,0.9716056653712691,0.0,0.0004606931017171467,0,2863
robust_window_limited,7.62939453125e-06,1.4795997142791748,1.4859751462936401,1.4400259256362915,0.4827586206896552,0.20689655172413793,1.8146017789840698,0.9999999999999998,1.8146017789840703,0.1626611907632062,11.155714343845384,0.00034928396786587494,0.7872264337773376,0.3939977871152486,0.1900337641168937,-0.003350864028789924,0.8812922468224622,0.4810094402952437,0.10907750223153646,-0.004930824728081484,0,2863
robust_fullspan50,7.62939453125e-06,1.5654561519622803,1.567978858947754,1.564420461654663,0.49825576722128445,0.24702194357366772,1.8123726844787598,1.0,1.8123726844787598,0.16266118840600619,11.142010594162356,0.00035704583381844995,0.8024353461662777,0.44364144108732834,0.12735669654985057,-0.0015917962605555003,0.9109904551566095,0.5659113780690871,0.07548414638879186,-0.002526050667472024,0,2863
robust_first50,7.62939453125e-06,1.52968168258667,1.5469547510147095,1.5616804361343384,0.49475122578570857,0.24989952576159472,1.8118677139282227,1.0000000000000002,1.8118677139282222,0.1626611903126989,11.138906031888116,0.00035704583381844995,0.8100592711673287,0.4514720796430455,0.12214072262972019,0.004836506738238211,0.9174299518529955,0.5644042313457608,0.07608957193309271,0.007173121676380401,0,2863
no_calibration,3.814697265625e-06,0.8344612717628479,0.8283182382583618,0.0002495541120879352,0.0,0.0,1.8121540546417236,1.0000000000000002,1.8121540546417232,0.15643529969930234,11.584048217537985,0.00046173865592074887,0.9491341868926851,0.915287921608075,0.0,0.000745207147755278,0.9958057348546874,0.9775831466817428,0.0,0.00014312973676655627,1,2647
linear_reference,7.62939453125e-06,0.11394891887903214,0.11544474214315414,0.795929491519928,0.0,0.0,0.3220754563808441,1.0,0.3220754563808441,0.15643530133479328,2.0588412821960045,0.00042815766276287624,0.9994417273704123,0.9984193253397022,0.0,-2.870446845248953e-05,1.0015480469515643,0.9996233042863385,0.0,-4.691581629412411e-06,1,2647
common_only,0.0,0.8344613313674927,0.8283107280731201,0.0,0.0,0.0,1.8142529726028442,1.0,1.8142529726028442,0.15643529707458884,11.597465575418077,0.0004365529110523444,0.9491339749500483,0.91529022825311,0.0,0.0007457349906873079,0.9958041965199906,0.9775871148161864,0.0,0.00014142005161543736,1,2647
detrend_first50_only,7.62939453125e-06,1.1682637929916382,1.503320336341858,1.4705345630645752,0.45039734293216477,0.2507694715425948,1.8202714920043945,1.0,1.8202714920043945,0.1564352970874383,11.635938473572034,0.00042815766276287624,0.8349865104820784,0.524030678143873,0.09232254543928137,-0.06877090924332907,0.9241431784569012,0.6033577800891624,0.06116777903706502,-0.03864340655894549,1,2647
detrend_fullspan50_only,7.62939453125e-06,1.4566715955734253,1.5511356592178345,1.550016164779663,0.47881127514911226,0.24557010450901628,1.8142807483673096,1.0,1.8142807483673096,0.15643529295593106,11.597643435093675,0.00042815766276287624,0.8326284008095942,0.5262323346521268,0.08999706166309869,-0.00374570083603476,0.9433992010256904,0.6250040643106822,0.055257524241279436,0.005570910914252325,1,2647
robust_shared_first50,7.62939453125e-06,0.8344613313674927,0.8283107280731201,3.2860963727898707e-08,0.0,0.0,1.8143768310546875,0.9999999999999999,1.8143768310546877,0.15643530224472615,11.598256947247691,0.00042815766276287624,0.9491339748589644,0.9152902010130481,0.0,0.0007457346539256893,0.9958041964224936,0.9775870501423449,0.0,0.00014141971712267054,1,2647
robust_window_limited,7.62939453125e-06,1.2047141790390015,1.210237979888916,0.7441267967224121,0.21839080459770116,0.13793103448275862,1.8232346773147583,0.9999999999999999,1.8232346773147585,0.15643529718613958,11.65488038895291,0.00042815766276287624,0.8857526688510877,0.6700826822408806,0.03506695210510851,-0.0016132780255744272,0.9559429994576202,0.7702274729127163,0.0406330017210259,-0.001968573825773534,1,2647
robust_fullspan50,7.62939453125e-06,1.4767122268676758,1.5320727825164795,1.5142533779144287,0.47036013007112176,0.22894604135148763,1.807975172996521,1.0000000000000002,1.8079751729965206,0.1564352954256456,11.557335370366335,0.0004365529110523444,0.8275526043465592,0.511611773885947,0.09519372035427948,-0.009487306504543214,0.9337109216822838,0.6269808125024383,0.05715485035469924,-0.007121562839481954,1,2647
robust_first50,7.62939453125e-06,1.1145942211151123,1.4771392345428467,1.4813860654830933,0.4525536021701706,0.2114872971986019,1.8146519660949707,0.9999999999999998,1.8146519660949711,0.1564353019592244,11.600015746880256,0.00044494815934181255,0.8440621923638023,0.5716608270090358,0.06794274440666583,-0.08227312581593882,0.9438236822286764,0.6971166635587445,0.0331192545019519,-0.05171530846822858,1,2647
no_calibration,3.814697265625e-06,0.6961730718612671,0.6806554198265076,0.00028506244416348636,0.0,0.0,1.8117902278900146,0.9999999999999988,1.8117902278900169,0.15213193153823817,11.90933559819178,0.0005134680134680135,0.9663728009982386,0.93943951478006,0.0003787878787878788,0.0029624128820131546,0.9979237822710209,0.9753814618031451,0.0003787878787878788,0.0010692982932501982,2,2640
linear_reference,7.62939453125e-06,0.19087304174900055,0.1925174742937088,0.6174589991569519,0.0,0.0,0.5757020115852356,0.9999999999999993,0.5757020115852359,0.15213193247297224,3.784228611488353,0.00042087542087542086,0.995470639276211,0.993609849679417,0.000462962962962963,0.00037187328005805487,0.9995023185980151,0.9962848218871119,0.0003956228956228956,-0.0002157625729207746,2,2640
common_only,0.0,0.6964442133903503,0.6806861758232117,0.0,0.0,0.0,1.8185641765594482,0.9999999999999999,1.8185641765594485,0.15213192860768282,11.953862632275923,0.00042087542087542086,0.9663717129595611,0.9394374142914055,0.0003787878787878788,0.0029605115848233554,0.9979251289581614,0.9753913434514772,0.0003787878787878788,0.0010708381528228283,2,2640
detrend_first50_only,7.62939453125e-06,1.5419549942016602,1.5707811117172241,1.5688683986663818,0.4932950191570881,0.24857192615813306,1.8142423629760742,1.0000000000000007,1.814242362976073,0.15213193447306816,11.925453845439982,0.0004461279461279461,0.8112555064106279,0.4871364023565166,0.10755050505050505,-0.00020986092047481364,0.9238720087918015,0.5969928394006413,0.06438552188552188,0.0015615570430483894,2,2640
detrend_fullspan50_only,7.62939453125e-06,1.584074854850769,1.5544133186340332,1.5659433603286743,0.4966388018112156,0.2509926854754441,1.813657283782959,1.0,1.813657283782959,0.152131932549466,11.921608129136496,0.00043771043771043773,0.8118076499118615,0.4836100300648437,0.10968855218855218,-0.007111295534097062,0.9249899611443696,0.5878013893568415,0.06679292929292929,-0.013727995491724654,2,2640
robust_shared_first50,7.62939453125e-06,0.6963348388671875,0.6806861758232117,3.147967930772211e-08,0.0,0.0,1.8190969228744507,1.0,1.8190969228744507,0.15213192932652797,11.957364446289489,0.0004292929292929293,0.9663717126960233,0.9394374290413239,0.0003956228956228956,0.0029605115171361662,0.9979251286181869,0.9753913245228638,0.0003787878787878788,0.0010708378720394318,2,2640
robust_window_limited,7.62939453125e-06,1.5792196989059448,1.5891578197479248,1.5422707796096802,0.4827586206896552,0.3103448275862069,1.8278566598892212,1.0000000000000007,1.82785665988922,0.1521319293561265,12.014944315932398,0.0004292929292929293,0.817694151280215,0.4156820266355563,0.13333333333333333,0.0007606441084474502,0.9358337531485934,0.5780550441229468,0.07617845117845118,0.0011814599801025505,2,2640
robust_fullspan50,7.62939453125e-06,1.569756031036377,1.6033644676208496,1.6088049411773682,0.5185127133402996,0.26926158133054684,1.8212238550186157,1.0000000000000002,1.8212238550186153,0.15213192453865354,11.971345662927448,0.00045454545454545455,0.8113327704691337,0.48494687411069337,0.10873737373737374,-0.0017957834911397352,0.9254597737277759,0.5970963704284046,0.06357744107744108,-0.0002754421001848195,2,2640
robust_first50,7.62939453125e-06,1.5270825624465942,1.6207444667816162,1.6003121137619019,0.5159700452803901,0.25571229536746776,1.825024962425232,0.9999999999999982,1.8250249624252353,0.15213193433958674,11.996330490030036,0.00043771043771043773,0.8110532691575407,0.48328026705046156,0.10953703703703704,-0.01190716742038711,0.9252733694100308,0.5919681585488624,0.06627104377104377,-0.007447764856485017,2,2640
no_calibration,3.814697265625e-06,0.7930729985237122,0.7990145087242126,0.00014813581947237253,0.0,0.0,1.8132094144821167,0.9999999999999988,1.813209414482119,0.15806310683455782,11.471427145741066,0.0003878367784791847,0.9542613508012563,0.9262518339933857,0.0,-0.0008464139626990219,0.9963629153676558,0.9787685745004077,0.0,-0.00023898334104277552,3,2693
linear_reference,7.62939453125e-06,0.11552342027425766,0.11738798767328262,0.7639523148536682,0.0,0.0,0.32264822721481323,0.9999999999999999,0.3226482272148133,0.15806312000617848,2.041261916139586,0.00037958493212856376,0.9994106739857698,0.9982707628216628,0.0,-3.138085972687055e-05,1.0012158096679658,0.9994254556479631,0.0,1.517874208101233e-06,3,2693
common_only,0.0,0.7930727005004883,0.7990201711654663,0.0,0.0,0.0,1.8067102432250977,0.9999999999999999,1.8067102432250979,0.15806310053734465,11.430310028609345,0.0003878367784791847,0.9542616458243588,0.9262511745731701,0.0,-0.0008459494539473367,0.9963632338515318,0.9787700786173578,0.0,-0.00023877285476392451,3,2693
detrend_first50_only,7.62939453125e-06,0.760399580001831,1.4978179931640625,1.6015923023223877,0.5236118939044594,0.25340301617393385,1.8150136470794678,0.9999999999999997,1.8150136470794684,0.15806310472932297,11.48284193321148,0.00037958493212856376,0.8938828031901191,0.7122372559910382,0.046276354334282295,-0.17096475244463594,0.9558484045119321,0.7788487679973622,0.03693526426537938,-0.13155846141739347,3,2693
detrend_fullspan50_only,7.62939453125e-06,1.2223976850509644,1.4016540050506592,1.4398534297943115,0.4442793462109955,0.18525729705726632,1.8128706216812134,1.0000000000000004,1.8128706216812125,0.15806311329000283,11.46928327518824,0.0003878367784791847,0.8470544796685465,0.5743195822169458,0.07206337417997277,-0.035184608588282096,0.9311718659968015,0.6573819257245704,0.05692123612658332,-0.0053076171120920446,3,2693
robust_shared_first50,7.62939453125e-06,0.7930727005004883,0.7990201711654663,3.30255502944965e-08,0.0,0.0,1.8139201402664185,1.0,1.8139201402664185,0.15806310544025345,11.475923715493906,0.00037958493212856376,0.954261645885422,0.9262511699441262,0.0,-0.0008459497881757594,0.9963632339211588,0.9787701212748249,0.0,-0.00023877324748677875,3,2693
robust_window_limited,7.62939453125e-06,0.7347649931907654,0.7341731190681458,0.22823981940746307,0.034482758620689655,0.022988505747126436,1.8053951263427734,1.0,1.8053951263427734,0.15806311019790448,11.421989128787297,0.0003713330857779428,0.957407839575454,0.9261844796762807,0.0,-0.0005305461546953882,0.9945972096485854,0.972868219747951,0.0,-0.0004563378806990981,3,2693
robust_fullspan50,7.62939453125e-06,1.199051856994629,1.5884424448013306,1.59269380569458,0.5252173318986866,0.2881590408361941,1.8544542789459229,0.9999999999999998,1.8544542789459233,0.15806309739569155,11.732367070496691,0.0003878367784791847,0.8336080063226111,0.5489166429841554,0.08218013780583405,-0.09448614343174444,0.920400151009613,0.628436776752316,0.05828279077443578,-0.06507438643433294,3,2693
robust_first50,7.62939453125e-06,0.7218782901763916,1.6490858793258667,1.736891746520996,0.5887346074362522,0.2770576078973886,1.825183391571045,0.9999999999999996,1.8251833915710458,0.15806310064528079,11.5471820059196,0.00037958493212856376,0.8756503767370795,0.6060817073513342,0.058464331394149444,-0.2167802062012828,0.9463172273290571,0.7396826428929798,0.023014399471881834,-0.1515722933876804,3,2693
no_calibration,7.62939453125e-06,0.8705686330795288,0.8726773262023926,0.00044284595060162246,0.0,0.0,1.8137165307998657,0.9999999999999999,1.813716530799866,0.16261863207473148,11.15319018282217,0.0004420986150584202,0.9440380577666749,0.9082793671785954,0.0,5.0246001883524904e-05,0.9953560987961675,0.971294296910576,0.0,0.00015637455814265788,4,2463
linear_reference,1.1444091796875e-05,0.13080252707004547,0.13094650208950043,0.8386536836624146,0.0,0.0,0.3574625551700592,1.0,0.3574625551700592,0.16261862937917218,2.1981648506984786,0.00041503135291198626,0.9989901625102827,0.9972186743051755,0.0,2.8052095026653845e-05,1.0012645800879156,0.9986531710189079,0.0,2.5436322226735086e-05,4,2463
common_only,0.0,0.8705687522888184,0.872664213180542,0.0,0.0,0.0,1.811681866645813,1.0,1.811681866645813,0.16261863134865498,11.14067835659962,0.00042405377362746426,0.94404226159242,0.908259673640286,0.0,5.888169980827751e-05,0.9953645227543244,0.9713119709650976,0.0,0.00017242979778364642,4,2463
detrend_first50_only,7.62939453125e-06,1.512729287147522,1.5747150182724,1.567840337753296,0.49466405008877673,0.24087468460891506,1.8146711587905884,0.9999999999999999,1.8146711587905886,0.16261862906818128,11.159060737314107,0.00042405377362746426,0.8058115433103656,0.45213115089240863,0.12376054495421121,0.004393215616240509,0.9110870206783168,0.5567613868126893,0.0799566923805657,0.018028054194709764,4,2463
detrend_fullspan50_only,1.1444091796875e-05,1.5510655641555786,1.5845857858657837,1.5892395973205566,0.5104008971124194,0.2559760770021493,1.8130121231079102,0.9999999999999999,1.8130121231079104,0.16261862174595532,11.148859236675973,0.0004420986150584202,0.7999175132196271,0.451717004713874,0.1258537465602021,-0.0020821500144402316,0.9047311790937989,0.5489651086673295,0.08174313168223034,0.001489482594061009,4,2463
robust_shared_first50,1.1444091796875e-05,0.8705687522888184,0.872664213180542,3.205817478146855e-08,0.0,0.0,1.8117022514343262,1.0,1.8117022514343262,0.16261863105694926,11.140803729923576,0.00041503135291198626,0.9440422614925533,0.9082596937689853,0.0,5.888234130979608e-05,0.9953645226761699,0.9713119757160951,0.0,0.00017243046016413022,4,2463
robust_window_limited,7.62939453125e-06,1.6798360347747803,1.702892780303955,1.5297346115112305,0.5287356321839081,0.27586206896551724,1.8327748775482178,0.9999999999999999,1.832774877548218,0.16261862838277064,11.270387013929577,0.00042405377362746426,0.7818395277324556,0.4340837421858162,0.16755537510714125,-0.005165265377880646,0.8930947457506984,0.5334646421836872,0.07714169711733658,-0.004016682921686332,4,2463
robust_fullspan50,7.62939453125e-06,1.5391976833343506,1.605040431022644,1.5699806213378906,0.500738248761798,0.2469115035977946,1.8185983896255493,0.9999999999999999,1.8185983896255495,0.1626186307210525,11.183210567951946,0.0004330761943429422,0.8001529384260363,0.45163554737379186,0.1257725447737628,-0.002990716694652673,0.9074193822401816,0.5504873689180374,0.08028149952632291,0.003860247715006926,4,2463
robust_first50,7.62939453125e-06,1.533596396446228,1.5527857542037964,1.539067268371582,0.4915428464629474,0.24014578076815252,1.8147281408309937,1.0,1.8147281408309937,0.16261862980335715,11.159411089771277,0.00042405377362746426,0.8012660325810151,0.45861277709045734,0.12111697568457618,0.004807232025676678,0.9016423349961946,0.5505815297217047,0.08045292551991699,0.010974610325127587,4,2463
no_calibration,3.814697265625e-06,0.8471370935440063,0.8386490941047668,0.0006081074825488031,0.0,0.0,1.812303900718689,0.9999999999999999,1.8123039007186892,0.11730965991366907,15.44888888137947,0.0004130524576621231,0.9482914680322927,0.9132547638668411,0.0,0.000993032806491878,0.9949040849652663,0.9727871187453077,0.0,0.0001486557482458517,5,2690
linear_reference,7.62939453125e-06,0.12298586219549179,0.12112609297037125,0.801906168460846,0.0,0.0,0.3437017798423767,1.0000000000000002,0.34370177984237665,0.11730966126590732,2.9298676352265947,0.00039653035935563816,0.99932963309309,0.9981597566609985,0.0,3.2368022316986433e-05,1.0012482090176817,0.9993528699253599,0.0,-2.9906457259976094e-05,5,2690
common_only,0.0,0.8471376299858093,0.8386609554290771,0.0,0.0,0.0,1.8096638917922974,1.0000000000000002,1.809663891792297,0.11730966185821075,15.42638400901362,0.0003717472118959108,0.94829582675908,0.9132697247415933,0.0,0.0010021101997257365,0.994914785979726,0.9728291347165108,0.0,0.0001716847229891183,5,2690
detrend_first50_only,7.62939453125e-06,1.42377507686615,1.5365028381347656,1.5840274095535278,0.4981185002736727,0.25408798576902025,1.81425940990448,0.9999999999999997,1.8142594099044806,0.11730966125950024,15.465558338721683,0.00038826931020239573,0.8194149232153646,0.4912905675460663,0.10378356051218504,-0.021172746284489397,0.9252314994352248,0.5911641466570714,0.06875671210243701,-0.013671920883682853,5,2690
detrend_fullspan50_only,7.62939453125e-06,1.537964105606079,1.611969232559204,1.6094036102294922,0.5199438970990695,0.26368363437328957,1.8118624687194824,0.9999999999999998,1.8118624687194829,0.1173096663266592,15.445125073275634,0.00038826931020239573,0.8010346470086671,0.4496043551707065,0.1264353572903759,-0.004110269459055349,0.9080808259053711,0.5551432564335325,0.07922346137959521,0.002663560164930412,5,2690
robust_shared_first50,7.62939453125e-06,0.8471376299858093,0.8386609554290771,3.210463006553255e-08,0.0,0.0,1.8132089376449585,1.0,1.8132089376449585,0.11730965515294706,15.456604448124208,0.00038826931020239573,0.9482958266619432,0.9132696871119044,0.0,0.0010021099765956665,0.9949147858845816,0.9728291734218245,0.0,0.00017168445073567629,5,2690
robust_window_limited,7.62939453125e-06,1.5000754594802856,1.5020086765289307,1.3674590587615967,0.4367816091954023,0.1839080459770115,1.8038158416748047,1.0,1.8038158416748047,0.1173096674012084,15.376531888932996,0.00039653035935563816,0.7923703289706849,0.3363468599063188,0.11163155720776538,-0.002704205943783955,0.8812168577710731,0.5118177594234871,0.0942007434944238,-0.0032224846255948236,5,2690
robust_fullspan50,7.62939453125e-06,1.5444974899291992,1.5663185119628906,1.5789457559585571,0.5007868089764641,0.25398535851122056,1.8121544122695923,1.0000000000000002,1.8121544122695918,0.11730965178582548,15.447615645284483,0.00040479140850888063,0.8028916058868939,0.45124318465714364,0.1251548946716233,-0.004812692697566345,0.9096238104575489,0.5538720482784776,0.07969434118133002,-6.322048155438242e-05,5,2690
robust_first50,7.62939453125e-06,1.5401337146759033,1.5834784507751465,1.6250579357147217,0.5328920361247947,0.26426518883415434,1.818081021308899,1.0000000000000004,1.818081021308898,0.11730965486430031,15.498136307808519,0.00040479140850888063,0.7996276988533779,0.44601004602660843,0.12894671623296158,-0.016396502123820822,0.9068679237476303,0.5484170048059498,0.08135481206113176,-0.014050293258916269,5,2690
no_calibration,3.814697265625e-06,0.8146915435791016,0.8220189809799194,0.00030683871591463685,0.0,0.0,1.8128982782363892,1.0000000000000004,1.8128982782363883,0.1577345221664957,11.493351317999972,0.0004091456077015644,0.9516239756575514,0.919691491685428,0.0,-0.0006632237528971796,0.9959798758138138,0.9749003901490702,0.0,0.00010392422994087713,6,2770
linear_reference,7.62939453125e-06,0.12507162988185883,0.1248137503862381,0.7879952788352966,0.0,0.0,0.35001617670059204,1.0000000000000002,0.350016176700592,0.15773451486295695,2.21902084654518,0.0003850782190132371,0.999219099711202,0.9978121957548013,0.0,-2.3527291717173604e-05,1.001256386013044,0.9990917991287549,0.0,-4.937651711856006e-05,6,2770
common_only,0.0,0.8146913051605225,0.8220311403274536,0.0,0.0,0.0,1.8296257257461548,0.9999999999999998,1.8296257257461552,0.15773452430591922,11.599399267833563,0.00039310068190934617,0.951621723550124,0.9196931144004584,0.0,-0.0006673784870524502,0.995978686450987,0.9748977391345688,0.0,0.00010144438591219718,6,2770
detrend_first50_only,7.62939453125e-06,1.4033880233764648,1.5867092609405518,1.5386319160461426,0.47789183442960603,0.23561557371603215,1.8143603801727295,0.9999999999999996,1.8143603801727304,0.15773452206957117,11.502620709577316,0.00040112314480545525,0.8138650707190362,0.4736737835108294,0.11217007621339752,-0.02562892157201746,0.9208608091003053,0.5783397145105984,0.07310068190934617,-0.010036548479862129,6,2770
detrend_fullspan50_only,7.62939453125e-06,1.5026189088821411,1.6818751096725464,1.6824697256088257,0.5561590591987243,0.2919407348348947,1.8092167377471924,1.0,1.8092167377471924,0.1577345178405425,11.470011526431849,0.00036903329322101887,0.8050343227795739,0.46416042500989585,0.11895707982350581,-0.04172311128816453,0.9133726748758466,0.550010348400078,0.08210188527878058,-0.01756054574720134,6,2770
robust_shared_first50,7.62939453125e-06,0.8146913051605225,0.8220311403274536,3.272617021821134e-08,0.0,0.0,1.8139053583145142,0.9999999999999998,1.8139053583145146,0.1577345237536471,11.49973585457745,0.0003850782190132371,0.9516217236100788,0.9196931317993835,0.0,-0.0006673784995591125,0.9959786864977911,0.9748977645538364,0.0,0.00010144444018767018,6,2770
robust_window_limited,7.62939453125e-06,1.3763777017593384,1.38419508934021,1.1534875631332397,0.367816091954023,0.19540229885057472,1.833993911743164,0.9999999999999997,1.8339939117431647,0.1577345291079233,11.627092191642642,0.0003850782190132371,0.7928007128010236,0.31275250397476456,0.186690734055355,-0.00511294028699838,0.8756828453379756,0.3879280706168825,0.13271560369033295,-0.005441652983692813,6,2770
robust_fullspan50,7.62939453125e-06,1.4996353387832642,1.5948117971420288,1.5687209367752075,0.5046010231878281,0.24744203042987176,1.804048776626587,0.9999999999999996,1.8040487766265878,0.15773452569985408,11.437247290167976,0.0003850782190132371,0.8064298295732617,0.4621495457874459,0.11905334937825912,-0.021886948926720717,0.9148059057694228,0.5711077418162089,0.07326915363016447,-0.006791737451133817,6,2770
robust_first50,7.62939453125e-06,1.4322600364685059,1.5943830013275146,1.5829946994781494,0.5043518703076207,0.2700318915686665,1.815940260887146,1.0,1.815940260887146,0.1577345293749012,11.51263625081763,0.00036101083032490973,0.8139570598525935,0.4724807418669442,0.11415162454873647,-0.0332867961245521,0.9223866603858528,0.5792779898365491,0.07041315683914962,-0.02103650854535488,6,2770
no_calibration,3.814697265625e-06,0.8013628125190735,0.797578752040863,3.165163070661947e-05,0.0,0.0,1.812742829322815,1.0000000000000002,1.8127428293228145,0.18260965066648174,9.926873101759602,0.0004317367220593027,0.9541365577067368,0.9288474986987367,0.0,0.00029157210158847757,0.9965613926390314,0.9787436690589172,0.0,-5.527104446523268e-05,7,2728
linear_reference,7.62939453125e-06,0.11243423074483871,0.11152724921703339,0.763283908367157,0.0,0.0,0.32292088866233826,1.0000000000000002,0.3229208886623382,0.1826096394641392,1.7683671552604612,0.0003828608667318345,0.9994960001798068,0.9985800732787761,0.0,-9.814092876148095e-07,1.0012980331104986,0.999563350355486,0.0,-5.368807824512878e-05,7,2728
common_only,0.0,0.8013628721237183,0.7975812554359436,0.0,0.0,0.0,1.8098820447921753,1.0,1.8098820447921753,0.1826096544675388,9.911206776385994,0.00041544477028347996,0.954136556278567,0.9288485843844315,0.0,0.00029049567117778174,0.9965617443260205,0.978743805258644,0.0,-5.585866772361836e-05,7,2728
detrend_first50_only,7.62939453125e-06,1.08450448513031,1.5949621200561523,1.6093398332595825,0.5159942023123336,0.2813226817676206,1.8157598972320557,1.0,1.8157598972320557,0.1826096410500497,9.943395577533563,0.00039100684261974585,0.8315409262971132,0.49664529632564713,0.10105083088954056,-0.09942003062961469,0.9175976901511061,0.5869602885879068,0.07448680351906159,-0.05580694730062996,7,2728
detrend_fullspan50_only,7.62939453125e-06,1.4059555530548096,1.5725164413452148,1.551661729812622,0.5000674149728654,0.25068257660026294,1.8112969398498535,0.9999999999999998,1.811296939849854,0.1826096502528732,9.918955199473935,0.00039100684261974585,0.8073128510941235,0.4507867628528645,0.12497556207233626,-0.0241136014541532,0.9149869559966112,0.5687881948681835,0.07612414467253177,-0.007811494750638914,7,2728
robust_shared_first50,7.62939453125e-06,0.8013628721237183,0.7975812554359436,3.2545528938499046e-08,0.0,0.0,1.8138612508773804,1.0,1.8138612508773804,0.18260964620318518,9.932998001973797,0.0003991528185076572,0.9541365560898558,0.9288485867325736,0.0,0.00029049509239786886,0.9965617440464101,0.9787437703953115,0.0,-5.58594880039065e-05,7,2728
robust_window_limited,7.62939453125e-06,1.225874900817871,1.2399009466171265,0.7931509017944336,0.26436781609195403,0.09195402298850575,1.7817482948303223,1.0,1.7817482948303223,0.18260965022645195,9.757142038335862,0.00041544477028347996,0.8915921846837258,0.597140925581529,0.022319973932877157,-0.0018286081804179677,0.9773002690738368,0.8387660731194754,0.024625285109156077,-0.0009171174380143698,7,2728
robust_fullspan50,7.62939453125e-06,1.3589426279067993,1.521319031715393,1.5449750423431396,0.48749452253345466,0.24665453197155088,1.8011263608932495,1.0,1.8011263608932495,0.1826096489420526,9.86325953380919,0.0003991528185076572,0.8235971652293377,0.48813349394241584,0.10476539589442815,-0.04113870689796262,0.9264814126975813,0.5886874450828892,0.07262952101661779,-0.039650713153449146,7,2728
robust_first50,7.62939453125e-06,1.175068974494934,1.5493582487106323,1.610832691192627,0.5077021606498804,0.258098223615465,1.8060617446899414,1.0000000000000002,1.806061744689941,0.18260964458404244,9.890286730494882,0.0003991528185076572,0.845387700510701,0.5590315233079834,0.08132127728901922,-0.07178954684326933,0.936492180617596,0.6603482176584843,0.056614532420984034,-0.04659459597950533,7,2728
no_calibration,3.814697265625e-06,0.8464638590812683,0.8475748896598816,0.0003385045856703073,0.0,0.0,1.8135333061218262,1.0000000000000002,1.8135333061218257,0.1293764451937308,14.017492159459215,0.0005190311418685121,0.9474783970281853,0.9175169333288614,0.0,-7.551646563519476e-06,0.9952880806552573,0.9742372449871536,0.0,2.819534411835356e-06,8,2312
linear_reference,7.62939453125e-06,0.11507223546504974,0.11594616621732712,0.8148488402366638,0.0,0.0,0.3142012357711792,0.9999999999999994,0.31420123577117937,0.12937643684019387,2.4285816138164433,0.0004805843906189927,0.9994582614107701,0.9983763921671622,0.0,-1.1736338655143896e-05,1.0013170029169627,0.9996072247426919,0.0,-3.6925280795241378e-06,8,2312
common_only,0.0,0.8464663624763489,0.8475402593612671,0.0,0.0,0.0,1.8241534233093262,1.0000000000000004,1.8241534233093253,0.1293764402602985,14.099579642469887,0.0004805843906189927,0.9474815907946845,0.9175085782863536,0.0,-8.812537940494636e-07,0.9952899179244747,0.9742431983348836,0.0,6.4809847023505895e-06,8,2312
detrend_first50_only,7.62939453125e-06,1.312301754951477,1.5316436290740967,1.5241581201553345,0.48387225072584816,0.23789921648172455,1.8090628385543823,1.0000000000000002,1.8090628385543819,0.12937645007529344,13.98293767916463,0.0004805843906189927,0.8179378889301299,0.49885883454961083,0.10043252595155709,-0.05003602101898852,0.9104100481445995,0.5809887876561497,0.06648404459823144,-0.03486125248460492,8,2312
detrend_fullspan50_only,7.62939453125e-06,1.5072954893112183,1.563964605331421,1.5568703413009644,0.49467048482679077,0.2525354969574036,1.8095636367797852,0.9999999999999997,1.8095636367797858,0.12937644145261043,13.986809472129545,0.0005094194540561322,0.8036445431897313,0.44434086695762137,0.12722991157247213,-0.009506912286361247,0.908987449861331,0.5535103801102464,0.08032487504805844,-0.006303510572974291,8,2312
robust_shared_first50,7.62939453125e-06,0.8464663624763489,0.8475402593612671,3.2686781281654476e-08,0.0,0.0,1.8125662803649902,1.0000000000000004,1.8125662803649893,0.12937644668297557,14.010017486463422,0.0005094194540561322,0.9474815908635268,0.917508584311386,0.0,-8.81373711680844e-07,0.9952899180113591,0.9742432455469948,0.0,6.480874888636912e-06,8,2312
robust_window_limited,7.62939453125e-06,1.241136074066162,1.2437388896942139,0.89753657579422,0.27586206896551724,0.1839080459770115,1.82108736038208,1.0000000000000004,1.8210873603820792,0.12937643856638534,14.075881053470551,0.000461361014994233,0.8773684315421904,0.6373181008380587,0.008410226835832372,0.0005895156282771374,0.9466948346224789,0.6507884914459175,0.003681276432141484,4.3085332890546724e-05,8,2312
robust_fullspan50,7.62939453125e-06,1.5544476509094238,1.5659979581832886,1.568535327911377,0.494491508570974,0.24877699558525235,1.8196460008621216,1.0,1.8196460008621216,0.12937643991671133,14.06474008740351,0.00045174932718185316,0.8050230782024587,0.446246789580817,0.12670126874279122,-0.005408984533332717,0.9108428462241382,0.5502602305447455,0.08214148404459823,-0.002533223869616519,8,2312
robust_first50,7.62939453125e-06,1.3379188776016235,1.5501989126205444,1.4632959365844727,0.4562900210794257,0.2135385594400032,1.8103621006011963,0.9999999999999993,1.8103621006011974,0.12937643578563968,13.992981717325529,0.0004901960784313725,0.8151389956587455,0.47274010715841003,0.11275470972702807,-0.05016977161147018,0.909764041989093,0.5646118462324388,0.0781526336024606,-0.04661832995281834,8,2312
no_calibration,3.814697265625e-06,0.7841178774833679,0.7924895286560059,0.0002083136496366933,0.0,0.0,1.8119564056396484,1.000000000000001,1.8119564056396464,0.15088115361486892,12.009163253515084,0.000381465275440368,0.9558916255141876,0.9285062800941022,0.0,-0.0010700458831753856,0.9972482260390372,0.9740727771851666,0.0,-0.00035901760363354907,9,2971
linear_reference,7.62939453125e-06,0.12420457601547241,0.1320759505033493,0.7543599605560303,0.0,0.0,0.39428094029426575,1.0000000000000007,0.39428094029426547,0.15088115847339692,2.613188712782747,0.0003590261415909346,0.9991461338339901,0.9978118019437419,0.0,-0.00020724553714612792,1.0010055561457754,0.9990461001537473,0.0,6.534215930020792e-05,9,2971
common_only,0.0,0.7841206789016724,0.7923936247825623,0.0,0.0,0.0,1.8084704875946045,1.0,1.8084704875946045,0.15088115496413143,11.986059412287288,0.0003515464303077901,0.9558956772611067,0.9285145347697275,0.0,-0.0010567186176801968,0.9972494059361349,0.9740781536852205,0.0,-0.0003517575650132665,9,2971
detrend_first50_only,7.62939453125e-06,1.3508859872817993,1.5986242294311523,1.5509583950042725,0.4742541128357654,0.24421414629612417,1.8123279809951782,1.0,1.8123279809951782,0.15088115158168877,12.011626117619889,0.0003590261415909346,0.8014550333896862,0.44641889095669884,0.1265492351995213,-0.037939654680845036,0.9045466625188215,0.5477827687607033,0.08101275290773777,-0.03354892346411564,9,2971
detrend_fullspan50_only,7.62939453125e-06,1.589560866355896,1.5622000694274902,1.5763694047927856,0.5033615267837779,0.2606499984509093,1.8156380653381348,0.9999999999999991,1.8156380653381363,0.15088114885227372,12.033564690813751,0.0003665058528740791,0.800393001099382,0.444031552346855,0.12820973110437936,0.005074460747272358,0.9099201172277855,0.5570656188103849,0.07746736975952728,0.007695174540114924,9,2971
robust_shared_first50,7.62939453125e-06,0.7841206789016724,0.7923936247825623,3.2766187985089346e-08,0.0,0.0,1.814160943031311,0.9999999999999996,1.814160943031312,0.1508811511573414,12.023774534563787,0.0003590261415909346,0.9558956770989796,0.9285145714906956,0.0,-0.001056718285238345,0.997249405750624,0.9740781320272655,0.0,-0.000351757241180084,9,2971
robust_window_limited,7.62939453125e-06,1.2595359086990356,1.2651715278625488,1.0406391620635986,0.3333333333333333,0.1724137931034483,1.8027974367141724,1.0000000000000002,1.802797436714172,0.15088115250390632,11.948460140954303,0.0003365870077415012,0.8708133322454512,0.6710607652270639,0.04656120273757433,-0.00010840848075444054,0.9430035982309743,0.7035945730498254,0.022311978757619956,-1.8194280679395547e-05,9,2971
robust_fullspan50,7.62939453125e-06,1.5589286088943481,1.5373599529266357,1.5134673118591309,0.4668959320878644,0.22608978529603124,1.8152581453323364,1.0000000000000004,1.8152581453323355,0.15088115435459484,12.031046243629536,0.0003590261415909346,0.8012133532839573,0.4452092287087568,0.12655671491080445,-0.0035771320545826546,0.9086688231929394,0.5533541802387042,0.0779236321477991,-0.008563354647774024,9,2971
robust_first50,7.62939453125e-06,1.2903906106948853,1.5499155521392822,1.5973538160324097,0.544536357158348,0.23262694798153483,1.8134641647338867,0.9999999999999994,1.8134641647338878,0.15088115483760284,12.019156180808423,0.0003590261415909346,0.8307536991889151,0.4939719246603786,0.10212049814877146,-0.03588874837979472,0.9383824129914333,0.6057495112002257,0.06318860092000449,-0.003417301498812808,9,2971
no_calibration,3.814697265625e-06,0.8616722822189331,0.8630443811416626,0.00048712489660829306,0.0,0.0,1.813392162322998,1.0000000000000002,1.8133921623229976,0.21406876030729444,8.471073311770875,0.00044626593806921676,0.9461282891385632,0.9081221508002271,0.0,-0.00019317596064050147,0.995895943030885,0.974265943955771,0.0,-4.457745392516532e-05,10,2440
linear_reference,7.62939453125e-06,0.1309831738471985,0.13193379342556,0.8285093903541565,0.0,0.0,0.3453533351421356,0.9999999999999998,0.3453533351421357,0.21406875295265204,1.613282323452976,0.0004280510018214936,0.9991642192658081,0.9977004969156663,0.0,-4.5039305209049196e-05,1.0015214040388034,0.999089699002824,0.0,-3.402209062453032e-05,10,2440
common_only,0.0,0.8616728186607361,0.8630759716033936,0.0,0.0,0.0,1.8138691186904907,0.9999999999999997,1.8138691186904914,0.21406875431203629,8.473301601253366,0.0004371584699453552,0.9461262865955582,0.9080990691971069,0.0,-0.00019982527523587645,0.9958910857602395,0.9742416748734141,0.0,-5.740156348110759e-05,10,2440
detrend_first50_only,7.62939453125e-06,1.557324767112732,1.5797454118728638,1.5389310121536255,0.48861880535142266,0.24055021669493123,1.8136110305786133,1.0,1.8136110305786133,0.21406876321986087,8.472095616845934,0.00041894353369763206,0.8075124657865723,0.46263005464294926,0.11876138433515483,-0.007072239352380549,0.9165191790680092,0.5619730147301603,0.07863387978142077,-0.009712436021095394,10,2440
detrend_fullspan50_only,7.62939453125e-06,1.5463727712631226,1.6027443408966064,1.6110466718673706,0.5243263614094592,0.262408140192199,1.8107599020004272,1.0,1.8107599020004272,0.214068761167497,8.458776946831618,0.0004280510018214936,0.8018714318792038,0.4591688915527912,0.12324225865209472,-0.0027657997809912294,0.9078081041384993,0.5484506402861052,0.08171220400728597,0.0010786004959154605,10,2440
robust_shared_first50,7.62939453125e-06,0.8616728186607361,0.8630759119987488,3.1830840185875786e-08,0.0,0.0,1.8137106895446777,1.0,1.8137106895446777,0.21406876220501228,8.472561203524402,0.0004371584699453552,0.94612628657282,0.9080990134738157,0.0,-0.0001998256576348778,0.9958910857537926,0.974241719574588,0.0,-5.740212751170759e-05,10,2440
robust_window_limited,7.62939453125e-06,1.4423953294754028,1.4501155614852905,1.3282963037490845,0.3793103448275862,0.19540229885057472,1.8218265771865845,1.0,1.8218265771865845,0.21406875982227244,8.510473824854827,0.0004371584699453552,0.786668764313589,0.3260449463862157,0.11221311475409836,-0.006180950695817922,0.8754334892832613,0.4769011239538166,0.10633879781420764,-0.0066116051204142545,10,2440
robust_fullspan50,7.62939453125e-06,1.5417649745941162,1.5577877759933472,1.5616265535354614,0.49557188618805353,0.24771057094403617,1.8104088306427002,1.0,1.8104088306427002,0.21406876677138792,8.45713673203015,0.0004280510018214936,0.8025789252287115,0.46021081841463596,0.1227959927140255,0.0006081908614080644,0.9093324508037722,0.5613335437727635,0.07750455373406193,0.0035193871325530646,10,2440
robust_first50,7.62939453125e-06,1.5681192874908447,1.5728421211242676,1.5546660423278809,0.4940456001507443,0.2477671000565291,1.8117125034332275,1.0,1.8117125034332275,0.2140687599382291,8.463226974155447,0.0004280510018214936,0.8026244261316903,0.4595703620211814,0.12065573770491804,-0.008048931635923351,0.911411336924513,0.5557271229274912,0.08091985428051002,-0.011227934969317843,10,2440
no_calibration,3.814697265625e-06,0.7677018642425537,0.7670766711235046,9.844204760156572e-05,0.0,0.0,1.813740611076355,1.0000000000000002,1.8137406110763545,0.13435408352208464,13.499705878148607,0.0004514672686230248,0.9580688597495483,0.9327420975969823,0.0,-0.00012686301475961503,0.9965665762492155,0.9770798082808919,0.0,-0.0001356871324924569,11,2658
linear_reference,7.62939453125e-06,0.13123100996017456,0.12871424853801727,0.7292920351028442,0.0,0.0,0.36763954162597656,0.9999999999999999,0.3676395416259766,0.1343540806479335,2.7363481619092247,0.00042638575369952346,0.999105119412828,0.9976109298517883,0.0,6.358620423474459e-05,1.0011000279375475,0.9990133916602096,0.0,-3.947540881177325e-05,11,2658
common_only,0.0,0.767701268196106,0.7670834064483643,0.0,0.0,0.0,1.8193354606628418,0.9999999999999998,1.8193354606628422,0.1343540828866452,13.541348514118614,0.00040966474375052255,0.9580688183798638,0.9327432254254121,0.0,-0.00012712407327009068,0.9965665070965046,0.9770804154527254,0.0,-0.00013565850730135054,11,2658
detrend_first50_only,7.62939453125e-06,0.9784135222434998,1.4533016681671143,1.4544609785079956,0.4307748234316577,0.20902575820523472,1.8084347248077393,1.0000000000000004,1.8084347248077384,0.13435408249052386,13.460214169043134,0.000418025248725023,0.8732581984015558,0.6329257671021693,0.051366942563330825,-0.09444140246717125,0.9468340343972218,0.7113513459532029,0.0400300978179082,-0.05047278910968511,11,2658
detrend_fullspan50_only,7.62939453125e-06,1.2693603038787842,1.4989755153656006,1.462659239768982,0.46260905691732446,0.2039191247749619,1.8216753005981445,0.9999999999999996,1.8216753005981454,0.13435408559044285,13.558763714497177,0.0004431067636485244,0.8224782731583807,0.4869824348230088,0.10573530641250732,-0.04741435362623825,0.9185710666839417,0.6090466351897199,0.06092299974918485,-0.03023238102415826,11,2658
robust_shared_first50,7.62939453125e-06,0.7677013278007507,0.7670834064483643,3.2099869429202954e-08,0.0,0.0,1.826284408569336,1.0000000000000004,1.826284408569335,0.13435408076877994,13.593069880120176,0.00042638575369952346,0.9580688183773953,0.9327432237942008,0.0,-0.00012712451421881266,0.9965665071192695,0.9770803781333106,0.0,-0.00013565900274237208,11,2658
robust_window_limited,7.62939453125e-06,0.9078410863876343,0.9128506779670715,0.2219620645046234,0.04597701149425287,0.022988505747126436,1.8327577114105225,1.0000000000000002,1.832757711410522,0.1343540829761985,13.641250573197725,0.0003929437338015216,0.9402109284863382,0.9037259551333341,0.0,-0.0008273886909189176,0.9827412803067069,0.9478925084175545,0.0,-0.0005655476651601488,11,2658
robust_fullspan50,7.62939453125e-06,1.2787126302719116,1.4007127285003662,1.3483463525772095,0.42774546461708907,0.19065918847805013,1.8204489946365356,0.9999999999999996,1.8204489946365365,0.1343540800582227,13.549636853958132,0.00040130423877602207,0.8366354850537524,0.5195903577654736,0.09245046400802609,-0.011519983965157632,0.9225520322329483,0.6157787096449429,0.061683805701864394,0.007791279634873027,11,2658
robust_first50,7.62939453125e-06,1.109095573425293,1.4390370845794678,1.4786432981491089,0.44789502838941975,0.23909430826755296,1.7915008068084717,1.0000000000000004,1.7915008068084708,0.134354081359122,13.334174806494163,0.000418025248725023,0.8141660487388214,0.4576512225917435,0.12290778363013126,-0.07179281389768022,0.8835929485307105,0.5232952823087239,0.09000919655547195,-0.03256636111721101,11,2658
no_calibration,3.814697265625e-06,0.827020525932312,0.767732560634613,0.0005517235258594155,0.0,0.0,1.8112891912460327,1.0,1.8112891912460327,0.1591598426981039,11.380315288962088,0.00043301290378453276,0.9532098747373657,0.9183569399606913,0.0,0.0066092962965922375,0.9961541210733941,0.9735672346932321,0.0,0.0007106426332950111,12,2566
linear_reference,7.62939453125e-06,0.1426354944705963,0.14323332905769348,0.7240431308746338,0.0,0.0,0.3986746072769165,1.0000000000000002,0.3986746072769164,0.15915984088410484,2.5048693505996824,0.00040703212955746083,0.9987708810311536,0.9967935684769501,0.0,1.622903352260785e-06,1.0010398400862874,0.9983803774686415,0.0,-5.9006297612240743e-05,12,2566
common_only,0.0,0.8270205855369568,0.7677246332168579,0.0,0.0,0.0,1.8175232410430908,1.0000000000000007,1.8175232410430897,0.1591598441248445,11.419483670877632,0.0004156923876331515,0.9532100193343463,0.918352663713616,0.0,0.006609431031252444,0.9961574519621734,0.9735741473662329,0.0,0.000716183591303543,12,2566
detrend_first50_only,7.62939453125e-06,1.357994794845581,1.5593928098678589,1.5050660371780396,0.4794591783671347,0.2302795560098266,1.8135132789611816,0.9999999999999999,1.8135132789611819,0.15915983917196455,11.394289466463759,0.0003897116134060795,0.8237236307126021,0.46696585978309113,0.11629860569844981,-0.049892488992519635,0.9228046042393543,0.5673992936432392,0.07454750151554516,-0.04584115412540668,12,2566
detrend_fullspan50_only,7.62939453125e-06,1.5349411964416504,1.556532621383667,1.558103084564209,0.4935893987483637,0.24405114135599906,1.8123563528060913,1.0000000000000002,1.8123563528060909,0.15915984044285733,11.387020417733932,0.00039837187148177017,0.8070959277137817,0.47123178363766577,0.11469645795444704,-0.017308230395002844,0.9148862588698291,0.5740795124695028,0.07367281544990041,-0.022297324182850353,12,2566
robust_shared_first50,7.62939453125e-06,0.8270205855369568,0.7677246332168579,3.201934717367294e-08,0.0,0.0,1.8163292407989502,0.9999999999999997,1.8163292407989509,0.15915984624072563,11.41198162538932,0.0004156923876331515,0.9532100193445318,0.9183526950312604,0.0,0.006609431981836722,0.9961574519717532,0.9735741338476874,0.0,0.0007161846176625408,12,2566
robust_window_limited,7.62939453125e-06,1.2889177799224854,1.273986577987671,1.0886989831924438,0.3218390804597701,0.22988505747126436,1.820673942565918,1.0,1.820673942565918,0.15915984024716545,11.439279781498419,0.00040703212955746083,0.865901163233796,0.6252716027128855,0.0865592794665281,0.0013351029584234286,0.9580857722841566,0.732924070744929,0.022949683900580237,0.0010184776346469082,12,2566
robust_fullspan50,7.62939453125e-06,1.5370486974716187,1.5483944416046143,1.5684120655059814,0.5022683665967328,0.2515645453404343,1.8177381753921509,0.9999999999999994,1.817738175392152,0.15915983756841048,11.42083457210646,0.00039837187148177017,0.8109014834913651,0.4731604198061825,0.1135273231142288,-0.0004820763573912812,0.9161970052349194,0.5763745370945044,0.07291071273923963,-0.0014162662202802379,12,2566
robust_first50,7.62939453125e-06,1.4384655952453613,1.4926835298538208,1.4851038455963135,0.46312335252030773,0.2205426148080406,1.8033076524734497,0.9999999999999997,1.8033076524734504,0.15915984520086576,11.330167167463673,0.00039837187148177017,0.8135778120030471,0.45852524053065763,0.12249069022256863,-0.006605016448251844,0.919105029662555,0.5527277883837023,0.08041915649086342,-0.009700129359759835,12,2566
no_calibration,3.814697265625e-06,0.8211623430252075,0.815681517124176,0.0006750909960828722,0.0,0.0,1.813781499862671,1.0000000000000002,1.8137814998626705,0.1694037857259204,10.706853404074458,0.00044374836857217435,0.9510887474351214,0.9193373035002236,0.0,0.0007083972277547312,0.9958897966884193,0.9763426672721489,0.0,-1.3178463901253323e-05,13,2554
linear_reference,7.62939453125e-06,0.12650932371616364,0.1261146068572998,0.7770183086395264,0.0,0.0,0.37194594740867615,0.9999999999999999,0.3719459474086762,0.1694037874694234,2.1956176598224566,0.00039154267815191856,0.9992318727886136,0.9978023748482533,0.0,1.2816981960983576e-05,1.0012380662401383,0.9992436802229275,0.0,-1.1126251151072353e-05,13,2554
common_only,0.0,0.8211629390716553,0.8156837821006775,0.0,0.0,0.0,1.8156636953353882,1.0,1.8156636953353882,0.16940378888836496,10.717963908893966,0.00042634647176542244,0.9510891020933675,0.9193490571190788,0.0,0.0007096498644789673,0.9958880307970945,0.976337728431033,0.0,-1.422395536276877e-05,13,2554
detrend_first50_only,7.62939453125e-06,1.474409580230713,1.5483734607696533,1.5583529472351074,0.491658559435016,0.23174071271574245,1.8194222450256348,0.9999999999999999,1.819422245025635,0.16940378372756082,10.740151164224718,0.0004002436265552945,0.8106439779177337,0.4623761588906726,0.11722787783868442,-0.010336301774505285,0.9141829779843673,0.5678374719633379,0.07426259462281389,-0.0031278037592998853,13,2554
detrend_fullspan50_only,7.62939453125e-06,1.5531071424484253,1.5507259368896484,1.5375336408615112,0.4867041400929629,0.2413793103448276,1.809173345565796,1.0,1.809173345565796,0.16940378952928709,10.679650972347464,0.0004176455233620465,0.8076975955314781,0.45807521964696535,0.11989906899852083,-0.0015285522808327068,0.9167538453584654,0.5687336167899095,0.07351431306012356,0.0009770815331273663,13,2554
robust_shared_first50,7.62939453125e-06,0.8211629390716553,0.8156837821006775,3.231470913078738e-08,0.0,0.0,1.8124703168869019,0.9999999999999998,1.8124703168869023,0.1694037851699428,10.699113452917622,0.0004176455233620465,0.9510891020762267,0.9193491313494978,0.0,0.0007096488431675985,0.9958880308137619,0.9763376731557258,0.0,-1.4225114297605757e-05,13,2554
robust_window_limited,7.62939453125e-06,1.332688331604004,1.3324458599090576,1.0608792304992676,0.3103448275862069,0.13793103448275862,1.8059892654418945,0.9999999999999993,1.8059892654418956,0.16940378369610878,10.66085553721536,0.00042634647176542244,0.8236498022283486,0.4974702342823205,0.10124423562168276,-0.0003306028798031324,0.9075383207683251,0.5920041463560285,0.03549986948577395,-0.0008138657825570439,13,2554
robust_fullspan50,7.62939453125e-06,1.5419155359268188,1.5517041683197021,1.5599249601364136,0.495243757431629,0.24701834035960077,1.8118401765823364,1.0,1.8118401765823364,0.16940378066086495,10.695393984208177,0.00040894457495867047,0.8034767753059494,0.4486000501444787,0.12476289915600801,-0.006999439101701754,0.9108306132840365,0.5560939634761647,0.07969198642652049,-0.01134853555505444,13,2554
robust_first50,7.62939453125e-06,1.4581706523895264,1.614936113357544,1.5627373456954956,0.48672215616329767,0.23370446438222894,1.8144278526306152,0.9999999999999997,1.814427852630616,0.16940378607907347,10.710668838202267,0.00039154267815191856,0.7964114693118214,0.4396632912056996,0.13307230488123206,-0.027462278772881765,0.9011557611937833,0.5406785717380626,0.08461672322283129,-0.022513711824612814,13,2554
no_calibration,7.62939453125e-06,0.8136239051818848,0.8223485946655273,0.011308209039270878,0.0034464714267669933,0.0034464714267669933,1.839843988418579,1.0000000000000004,1.8398439884185782,0.21427092668583994,8.586531158826434,0.007875457875457875,0.9382424955686985,0.8689660629985504,0.011861154718297575,-0.001687470269783553,1.010779744690786,0.9337774739057867,0.008703994418280132,0.0008617914942083971,14,2548
linear_reference,1.52587890625e-05,0.4194575548171997,0.41571682691574097,0.6323702931404114,0.0068929428535339865,0.003753225428102275,0.9107535481452942,0.9999999999999998,0.9107535481452944,0.21427093176299747,4.2504764442461465,0.007849293563579277,0.9718610067733126,0.9325971975436048,0.008765044479330193,-0.0002921784679099648,1.0140112558323282,0.9642039289269941,0.006732949590092447,-0.002702962548764676,14,2548
common_only,0.0,0.8164588809013367,0.82550048828125,0.0,0.0,0.0,1.8056527376174927,1.0,1.8056527376174927,0.21427092734209124,8.426960950865272,0.00786673643816501,0.9382406236998612,0.868959697984653,0.011922204779347637,-0.0016898165776179086,1.0107761286096286,0.9337890788784926,0.008721437292865864,0.0008569161997913355,14,2548
detrend_first50_only,1.52587890625e-05,1.328211784362793,1.5624282360076904,1.5882978439331055,0.5200202096753821,0.2528013858063119,1.8071221113204956,1.0000000000000004,1.8071221113204947,0.2142709343739607,8.433818224578136,0.007840572126286412,0.8274703508775249,0.49744388166001163,0.10128205128205128,-0.06267383975533825,0.9691386182427261,0.5915214889822611,0.06960579103436246,-0.039546115995834574,14,2548
detrend_fullspan50_only,1.52587890625e-05,1.5077694654464722,1.5549806356430054,1.5330331325531006,0.4885147693029466,0.2458001768346596,1.8121949434280396,1.0,1.8121949434280396,0.21427092086436317,8.457493607241213,0.007840572126286412,0.8145259728712095,0.4666711831201585,0.11530612244897959,0.0021831891577184237,0.9634031188283121,0.5712777323316109,0.07309436595150881,0.01643830165234017,14,2548
robust_shared_first50,1.52587890625e-05,0.8175926208496094,0.8265208601951599,0.012017887085676193,0.0038254028401811654,0.0038254028401811654,1.8007298707962036,1.0000000000000002,1.8007298707962032,0.21427092250155588,8.403986176813738,0.007849293563579277,0.9382406235619944,0.8689597057808713,0.011922204779347637,-0.0016898166726886377,1.010776141199378,0.9337890598885551,0.008721437292865864,0.0008569277727688007,14,2548
robust_window_limited,1.52587890625e-05,1.3181791305541992,1.324803113937378,1.1694334745407104,0.3437810137317526,0.19565491979285082,1.8098793029785156,0.999999999999999,1.8098793029785174,0.21427092480299476,8.446686383803856,0.007849293563579277,0.870510302721914,0.590947275443771,0.05668062096633525,0.001030162808179691,0.9983764559865396,0.7057729950213716,0.0315279958137101,-0.0008017583843601406,14,2548
robust_fullspan50,1.52587890625e-05,1.5130841732025146,1.536487340927124,1.5374305248260498,0.48151356033129433,0.23887114527508616,1.8113303184509277,0.9999999999999996,1.8113303184509286,0.21427092545933077,8.453458230826204,0.007831850688993546,0.8109977990520941,0.46794451273736853,0.11673643816500959,-0.004677390570618778,0.9511402300012844,0.562072111237195,0.07630385487528345,-0.00393529212223942,14,2548
robust_first50,1.52587890625e-05,1.3735160827636719,1.5718331336975098,1.5946658849716187,0.5234666811021491,0.252602897923095,1.8093863725662231,1.0000000000000002,1.8093863725662227,0.2142709235267506,8.444385933401415,0.007849293563579277,0.807891561653242,0.4542551267833041,0.12213500784929357,-0.057094194466550396,0.9463564903213562,0.540940925741669,0.08424908424908426,-0.04633103346129219,14,2548
no_calibration,3.814697265625e-06,0.8103987574577332,0.8140071630477905,2.3406870241160505e-05,0.0,0.0,1.8125622272491455,0.9999999999999998,1.812562227249146,0.18324680091757362,9.89137173567606,0.0004081004081004081,0.9522451619242313,0.9240009382309989,0.0,-0.0002766427586192721,0.9958815101311068,0.9752798496302052,0.0,-1.145209411090864e-05,15,2886
linear_reference,7.62939453125e-06,0.12515859305858612,0.12807334959506989,0.775373637676239,0.0,0.0,0.36791154742240906,1.0000000000000002,0.367911547422409,0.18324679972874036,2.0077379139337075,0.0003619003619003619,0.9992450878799717,0.9978332298907753,0.0,-4.4296143405953003e-05,1.0012247478485254,0.9992833958531973,0.0,6.402829663532117e-05,15,2886
common_only,0.0,0.810399055480957,0.8140068054199219,0.0,0.0,0.0,1.8108866214752197,1.0000000000000002,1.8108866214752193,0.18324679758258833,9.882227931754512,0.0003696003696003696,0.9522451735740634,0.9240010800548938,0.0,-0.0002766152188149462,0.9958815577369073,0.9752801624784692,0.0,-1.1136871324590736e-05,15,2886
detrend_first50_only,7.62939453125e-06,0.822389543056488,1.4886409044265747,1.5493119955062866,0.5109123662856505,0.22478358601559137,1.8131647109985352,0.9999999999999999,1.8131647109985354,0.18324679394129784,9.894659939204029,0.0003927003927003927,0.8884506685521865,0.6467508981628508,0.04161084161084161,-0.07966445715578752,0.9614650636411177,0.7857760399942573,0.037075537075537075,-0.009668855217311867,15,2886
detrend_fullspan50_only,7.62939453125e-06,1.0998029708862305,1.161797285079956,0.9571530818939209,0.23646914406874234,0.11057439380171218,1.8066092729568481,0.9999999999999997,1.8066092729568488,0.1832467991129527,9.85888583976444,0.0003696003696003696,0.8939165839253842,0.7197632938804206,0.02440902440902441,-0.009282031800290969,0.9547355578742664,0.8067618695077848,0.01925771925771926,-0.012960441109912568,15,2886
robust_shared_first50,7.62939453125e-06,0.810399055480957,0.8140068054199219,3.2661780835496756e-08,0.0,0.0,1.808953881263733,1.0,1.808953881263733,0.1832467947517186,9.871680886504388,0.0003773003773003773,0.952245173517243,0.9240011195021045,0.0,-0.0002766152206761241,0.9958815577094602,0.9752801225507256,0.0,-1.113692538645683e-05,15,2886
robust_window_limited,7.62939453125e-06,0.8507704734802246,0.8543230891227722,0.24799348413944244,0.08045977011494253,0.034482758620689655,1.786146640777588,0.9999999999999999,1.7861466407775881,0.18324679729957347,9.747218871484995,0.000385000385000385,0.95440880767069,0.9236652101400282,0.0,-0.00026301378766901973,0.9968834882365152,0.9748777454795643,0.0,5.847987752638506e-05,15,2886
robust_fullspan50,7.62939453125e-06,1.1327311992645264,1.3207271099090576,1.0151365995407104,0.32574489454301975,0.16142968737545235,1.733798861503601,1.0000000000000002,1.7337988615036006,0.18324680565623017,9.461550258923458,0.0004004004004004004,0.8867490995414453,0.6914348691074081,0.03455763455763456,-0.028767460723988836,0.9572359562169943,0.7745209113873446,0.01878031878031878,-0.005152048991726166,15,2886
robust_first50,7.62939453125e-06,0.7874408960342407,1.4544564485549927,1.4196281433105469,0.4194525483444131,0.19297909990913004,1.8137754201889038,1.0000000000000002,1.8137754201889034,0.1832468106846238,9.897991749010545,0.0003619003619003619,0.871577474581149,0.6390683381644725,0.06044506044506044,-0.12027133070059182,0.9498168362880947,0.7544717213033797,0.03688303688303688,-0.05526509592311768,15,2886
no_calibration,3.814697265625e-06,0.816162645816803,0.8123970627784729,0.00033372765756212175,0.0,0.0,1.8136693239212036,0.9999999999999994,1.8136693239212047,0.16683928213100513,10.87075717873851,0.0003820018365472911,0.9523792556531899,0.925318464534067,0.0,0.0005366932066739327,0.9962540391250052,0.9771879368098382,0.0,0.00011514210292129512,16,3025
linear_reference,7.62939453125e-06,0.112569160759449,0.11271867901086807,0.7779149413108826,0.0,0.0,0.31768524646759033,1.0000000000000004,0.31768524646759017,0.16683928043326376,1.9041393947672018,0.0003673094582185491,0.9995152222315975,0.9986390479242191,0.0,1.5312719149340737e-06,1.0013319722764007,0.9995856745920891,0.0,1.0441853845799542e-05,16,3025
common_only,0.0,0.8161629438400269,0.8124231696128845,0.0,0.0,0.0,1.835869550704956,0.9999999999999999,1.8358695507049563,0.16683927397435463,11.003821264453315,0.00035996326905417817,0.9523781967222443,0.9253164109854716,0.0,0.000533320468241727,0.9962524837454598,0.9771871445959834,0.0,0.00011006916227063179,16,3025
detrend_first50_only,7.62939453125e-06,1.1329751014709473,1.4808443784713745,1.5148710012435913,0.48412698412698413,0.23677248677248677,1.8129485845565796,0.9999999999999998,1.81294858455658,0.16683927956545752,10.866437383801394,0.00035996326905417817,0.873707417980356,0.6314090921954106,0.05315702479338843,-0.07038479016556365,0.9635578525667003,0.7387695947961846,0.023331496786042242,-0.030568887269556977,16,3025
detrend_fullspan50_only,7.62939453125e-06,1.590622901916504,1.561731219291687,1.5814229249954224,0.5061120233534027,0.2522958097670741,1.8146100044250488,1.0000000000000002,1.8146100044250484,0.1668392716520361,10.876396105406418,0.0003673094582185491,0.797207465494867,0.44412443976827837,0.12991000918273646,0.003722999256677628,0.9011552290304758,0.5383719879934967,0.08587695133149678,0.0063731325439737585,16,3025
robust_shared_first50,7.62939453125e-06,0.8161628842353821,0.8124231696128845,3.3043004776800444e-08,0.0,0.0,1.8139138221740723,0.9999999999999999,1.8139138221740725,0.1668392689654909,10.872223508419129,0.0003526170798898072,0.9523781963465058,0.9253163680801818,0.0,0.0005333197794943345,0.9962524832499229,0.9771871485320169,0.0,0.00011006835815841054,16,3025
robust_window_limited,7.62939453125e-06,0.9832513332366943,0.9799297451972961,0.5811421871185303,0.1724137931034483,0.11494252873563218,1.828345775604248,0.9999999999999998,1.8283457756042485,0.16683928007847496,10.95872491624432,0.0003526170798898072,0.9257215098984354,0.753330196675982,0.00020569329660238752,0.0013890577246504776,0.9817560313637178,0.8578124171534983,9.550045913682278e-05,0.0012342265897630211,16,3025
robust_fullspan50,7.62939453125e-06,1.5435947179794312,1.5346848964691162,1.533880352973938,0.4833515781791644,0.24040625190050477,1.8121119737625122,1.0,1.8121119737625122,0.16683928326232253,10.86142267174162,0.00035996326905417817,0.8004622310485591,0.44972732707125207,0.12621487603305784,0.003616731626172154,0.9031314090085976,0.5476316758430705,0.08099173553719008,0.008385634460444935,16,3025
robust_first50,7.62939453125e-06,1.2029668092727661,1.6867014169692993,1.5461186170578003,0.47541507024265645,0.231663929939792,1.82270348072052,1.0000000000000004,1.8227034807205191,0.1668392798315401,10.924906188524242,0.0003526170798898072,0.806692027983027,0.49063034132157435,0.1038971533516988,-0.13984733319153053,0.9048399398390925,0.5954338952947431,0.05161432506887052,-0.10049066887639435,16,3025
no_calibration,3.814697265625e-06,0.8525144457817078,0.8536366820335388,0.000335930148139596,0.0,0.0,1.8133481740951538,0.9999999999999997,1.8133481740951545,0.18656002032053268,9.719918399341951,0.0005110816256327092,0.9464292046989011,0.9156220285520899,0.0,-0.00010280144737706554,0.9951755648229127,0.9737054593729336,0.0,4.894528506294016e-05,17,2261
linear_reference,7.62939453125e-06,0.11332542449235916,0.11306463927030563,0.8228879570960999,0.0,0.0,0.30439573526382446,1.0,0.30439573526382446,0.18656001435227368,1.6316236698451705,0.00048159614723082214,0.9994847723132201,0.998440697072793,0.0,5.517841117796962e-06,1.0013283305160703,0.9996213660230144,0.0,-8.489222276031327e-06,17,2261
common_only,0.0,0.852515459060669,0.8535909056663513,0.0,0.0,0.0,1.8209906816482544,1.0,1.8209906816482544,0.18656001315391635,9.760884183396229,0.0004619391616295641,0.9464299522047628,0.915622317047305,0.0,-0.00010219352458007425,0.995177130055586,0.9737077792654215,0.0,5.068113326123225e-05,17,2261
detrend_first50_only,7.62939453125e-06,1.367692470550537,1.5158138275146484,1.5216566324234009,0.46827382768792597,0.23287559759943038,1.814798355102539,0.9999999999999998,1.8147983551025395,0.186560013841573,9.727692005017046,0.00047176765443019314,0.8202371817184037,0.511278146260371,0.09612265959015186,-0.05103497698244741,0.9270755006335063,0.6243304856266364,0.05498058872671876,-0.05267333291387921,17,2261
detrend_fullspan50_only,7.62939453125e-06,1.5200371742248535,1.5855263471603394,1.5926196575164795,0.5088597294273217,0.2617231207405147,1.8117049932479858,0.9999999999999996,1.8117049932479867,0.1865600228607534,9.711110480513957,0.0005110816256327092,0.8053792563362174,0.4518689261660857,0.12295444493586909,-0.036356066751285,0.9121715031582448,0.5597107519663064,0.07627893262568185,-0.04060702899291446,17,2261
robust_shared_first50,7.62939453125e-06,0.852515459060669,0.8535909056663513,3.309206775270468e-08,0.0,0.0,1.8113421201705933,0.9999999999999999,1.8113421201705935,0.18656000843952994,9.709166156892124,0.00048159614723082214,0.9464299523704452,0.9156223443750744,0.0,-0.00010219352459139852,0.9951771301975677,0.9737077328673738,0.0,5.068114613282493e-05,17,2261
robust_window_limited,7.62939453125e-06,1.2627307176589966,1.2606741189956665,1.0102734565734863,0.2988505747126437,0.13793103448275862,1.836380124092102,0.9999999999999999,1.8363801240921023,0.18656002367136618,9.843374201790239,0.0004914246400314512,0.8381930010576887,0.5041496988148061,0.09799990171507199,-0.0028762142989204875,0.9173415380583301,0.6059174373637237,0.06553638999459432,-0.0040607401751684424,17,2261
robust_fullspan50,7.62939453125e-06,1.506739854812622,1.5372120141983032,1.516627550125122,0.47458040891058895,0.23865323975180552,1.8029340505599976,1.0000000000000002,1.8029340505599971,0.18656001655704282,9.664096754669457,0.00048159614723082214,0.8087063591446692,0.4572827933774736,0.11944567300604453,-0.006796687431140591,0.9165180112460166,0.572734374649816,0.07292741658066736,-0.010976654273668895,17,2261
robust_first50,7.62939453125e-06,1.334334135055542,1.667544960975647,1.5865862369537354,0.5250534025022887,0.2568812938663412,1.8130240440368652,0.9999999999999998,1.8130240440368657,0.18656002303241437,9.718180854436625,0.00048159614723082214,0.8137143218971546,0.4735553490734504,0.11240847216079414,-0.07502085599211905,0.9164790518283599,0.586415616422615,0.0669516929578849,-0.049341078904821645,17,2261
no_calibration,3.814697265625e-06,0.8269991278648376,0.8272756934165955,2.1551139070652425e-05,0.0,0.0,1.8135008811950684,1.0000000000000004,1.8135008811950675,0.14442509354348235,12.556688292184308,0.0003985711599924798,0.9508698738026218,0.9184576960042234,0.0,-9.744123481769673e-05,0.9970108243702102,0.973545446232596,0.0,0.00010204293509374907,18,2955
linear_reference,7.62939453125e-06,0.12000880390405655,0.12022910267114639,0.7927155494689941,0.0,0.0,0.33851268887519836,0.9999999999999998,0.3385126888751984,0.14442509317265106,2.343863392703703,0.0003534498965971047,0.9993455775065228,0.9981538542732364,0.0,-1.098474029970209e-05,1.001111316410599,0.9992862840415008,0.0,2.1484961172379968e-05,18,2955
common_only,0.0,0.8269991278648376,0.8272755742073059,0.0,0.0,0.0,1.8032639026641846,0.9999999999999998,1.803263902664185,0.1444250893854364,12.48580776607103,0.00039105094942658395,0.9508699982609669,0.9184586970779787,0.0,-9.740401185653891e-05,0.9970110340840558,0.9735428803758311,0.0,0.00010207590827204793,18,2955
detrend_first50_only,7.62939453125e-06,0.9443528056144714,1.565443754196167,1.4965760707855225,0.4898140360713952,0.2140921409214092,1.818302869796753,1.0000000000000002,1.8183028697967525,0.1444250823534163,12.589938258420123,0.0003835307388606881,0.8539591264136701,0.580092135320952,0.07019364542207182,-0.1347950317400639,0.9562592588729724,0.6895707984064585,0.03459296860312089,-0.08213528634102185,18,2955
detrend_fullspan50_only,7.62939453125e-06,1.16099214553833,1.2644267082214355,1.0319766998291016,0.31716661994206147,0.14669968538765848,1.8163963556289673,0.9999999999999993,1.8163963556289684,0.14442509098117473,12.576736793371504,0.00039105094942658395,0.8917566171752388,0.7321172519314824,0.02573416055649558,-0.008299402766511199,0.970265668283843,0.8578069388182062,0.0036097010716300056,0.009094954201431027,18,2955
robust_shared_first50,7.62939453125e-06,0.8269991278648376,0.8272755742073059,3.225869704692741e-08,0.0,0.0,1.8161298036575317,1.0000000000000007,1.8161298036575306,0.14442508859008507,12.574891394473488,0.00037601052829479227,0.9508699983112338,0.9184586923759801,0.0,-9.740364743560104e-05,0.9970110341924514,0.9735428422956198,0.0,0.00010207633475389777,18,2955
robust_window_limited,7.62939453125e-06,0.9245147109031677,0.9280616044998169,0.17038880288600922,0.022988505747126436,0.0,1.8074678182601929,0.9999999999999998,1.8074678182601933,0.1444250966935867,12.5149150642075,0.0003835307388606881,0.9430575123552865,0.8987834125726732,0.0,-0.00043644517827579055,0.9922593272434627,0.9550568425410177,0.0,-0.00014489144945140087,18,2955
robust_fullspan50,7.62939453125e-06,1.0945398807525635,1.21844482421875,0.904321014881134,0.24935364296171697,0.1292714076566053,1.777518630027771,1.0000000000000004,1.77751863002777,0.14442508944166343,12.307547372132673,0.00034592968603120887,0.898181636359158,0.7352243305083527,0.027486369618349313,-0.018082430777383807,0.9810707740549279,0.845802404763688,0.005564955818762925,-0.0061490010376576976,18,2955
robust_first50,7.62939453125e-06,0.9037014245986938,1.5994596481323242,1.5869790315628052,0.49467339500981217,0.24500825468024795,1.7896721363067627,0.9999999999999998,1.7896721363067631,0.14442509023614453,12.391698238723832,0.00036097010716300054,0.8493288774763812,0.5277914666425852,0.0913931190073322,-0.11316027949002838,0.9349086584844131,0.665991351899779,0.05179169016732468,-0.06576508600860476,18,2955
no_calibration,3.814697265625e-06,0.8087214827537537,0.8129590749740601,7.113755418686196e-05,0.0,0.0,1.8132350444793701,1.0000000000000002,1.8132350444793697,0.1722119870405585,10.529087293164592,0.0003901487442087296,0.952157830098883,0.9189539705201337,0.0,-0.0007633119719864245,0.9967151037697193,0.977383604932878,0.0,-0.00021502980407839267,19,2734
linear_reference,7.62939453125e-06,0.12993919849395752,0.1267765909433365,0.7788122296333313,0.0,0.0,0.3294529318809509,1.0000000000000002,0.32945293188095087,0.17221198732325632,1.913066198246352,0.000365764447695684,0.9991925867313263,0.9977528385353888,0.0,7.826640594910117e-05,1.001409573148202,0.9990840209688049,0.0,-1.4414125685702217e-05,19,2734
common_only,0.0,0.8087215423583984,0.8129587173461914,0.0,0.0,0.0,1.8148199319839478,0.9999999999999998,1.8148199319839482,0.1722119906949823,10.538290189086268,0.00038202064537104773,0.9521575736467565,0.9189547160046662,0.0,-0.0007641843735000098,0.9967144592908022,0.9773825351112123,0.0,-0.0002170037368259825,19,2734
detrend_first50_only,7.62939453125e-06,1.06504225730896,1.7257753610610962,1.58621346950531,0.5032564244963902,0.2745325726594975,1.814691185951233,1.0,1.814691185951233,0.1722119814986914,10.53754314977801,0.00038202064537104773,0.8118731979207121,0.5002824112353086,0.0998618223197594,-0.157477728263825,0.9295776773197402,0.6359261310396676,0.0521742664390799,-0.13030357670362935,19,2734
detrend_fullspan50_only,7.62939453125e-06,1.2793091535568237,1.381380319595337,1.2421891689300537,0.36530856094646674,0.1641170629911984,1.8189350366592407,0.9999999999999999,1.818935036659241,0.172211991654526,10.562185706023314,0.000365764447695684,0.8536264524332716,0.5837518687562253,0.06660976997480289,-0.04154439824696432,0.9460256642156087,0.7064286110304391,0.04440380395025603,-0.04904356738151938,19,2734
robust_shared_first50,7.62939453125e-06,0.8087215423583984,0.8129587173461914,3.2591415788374434e-08,0.0,0.0,1.8116517066955566,1.0,1.8116517066955566,0.17221197740413646,10.519893761187609,0.00038202064537104773,0.9521575737143597,0.9189547550664422,0.0,-0.0007641841567764818,0.9967144593828223,0.9773824848858353,0.0,-0.00021700338830077381,19,2734
robust_window_limited,7.62939453125e-06,0.8417025208473206,0.8478402495384216,0.08363276720046997,0.0,0.0,1.8081907033920288,1.0,1.8081907033920288,0.17221199705582502,10.49979521929519,0.00037389254653336584,0.9490634610218709,0.9116040218416627,0.0,-0.0009285792670072901,0.99568852941017,0.9733414273283084,0.0,-0.00027013293432442964,19,2734
robust_fullspan50,7.62939453125e-06,1.2765482664108276,1.411424994468689,1.2968108654022217,0.3769037882230188,0.18276366940980462,1.796716570854187,0.9999999999999998,1.7967165708541875,0.17221198938654542,10.433167732713974,0.00038202064537104773,0.8526759728237647,0.5758615868460285,0.06668292286434203,-0.024788036381236722,0.948529485433442,0.6855157165190368,0.041843452816386247,-0.013038543413258497,19,2734
robust_first50,7.62939453125e-06,0.9711130857467651,1.758565902709961,1.5767672061920166,0.5238888608404436,0.22818532168761885,1.7980588674545288,0.9999999999999999,1.798058867454529,0.17221199495078834,10.44096183874036,0.00038202064537104773,0.8280828519641559,0.5193722806079162,0.09205071933674713,-0.15458089045589496,0.9357439857398975,0.6292151160793773,0.05735999349752093,-0.0917529076693342,19,2734
no_calibration,3.814697265625e-06,0.8066467642784119,0.8045164346694946,0.08799034357070923,0.027931718664477283,0.027931718664477283,1.7603123188018799,1.0000000000000018,1.7603123188018768,0.1726987445817602,10.192965345897468,0.07123332920434369,0.9174210824647422,0.8777725384633477,0.03668194392832074,-0.0018796326026707666,1.5260259416552513,0.9317144512280321,0.023006730253107066,-0.5275692449796874,20,2691
linear_reference,7.62939453125e-06,0.3799407482147217,0.3817661702632904,0.6903854012489319,0.03143814997263273,0.03143814997263273,0.8773743510246277,1.0,0.8773743510246277,0.17269873837907446,5.080374988604649,0.07122507122507123,0.9530727634116669,0.9139653511409398,0.03176844626119989,-0.0018993215017748533,1.4477136944337623,0.9528500003716849,0.019976051860109832,-0.19922428591437202,20,2691
common_only,0.0,0.8618342280387878,0.8603781461715698,0.0,0.0,0.0,1.7571651935577393,0.9999999999999994,1.7571651935577401,0.17269873547631628,10.174742673774325,0.07123332920434369,0.9174205886158893,0.8777718406644269,0.036690201907593215,-0.001881174594643209,1.5262632326134074,0.931705558591611,0.022998472273834593,-0.5276014086550613,20,2691
detrend_first50_only,7.62939453125e-06,0.999511182308197,1.4399641752243042,1.4603086709976196,0.4571702244116037,0.21938286808976465,1.747908115386963,0.9999999999999997,1.7479081153869636,0.1726987308984933,10.121140475631673,0.07124158718361617,0.8240601768255011,0.4455051830016579,0.12096288038317024,-0.12447880962885782,1.3284459034380915,0.576606860762533,0.07879763821792807,-0.4929297973365585,20,2691
detrend_fullspan50_only,7.62939453125e-06,1.3237800598144531,1.3653688430786133,1.373193621635437,0.4257662835249042,0.24019909688013136,1.7522064447402954,1.0000000000000009,1.7522064447402939,0.17269873641346528,10.146029329046534,0.07123332920434369,0.8246106192776159,0.4823162860015734,0.10618935546471778,-0.0321101787892234,1.6289077647127734,0.6008499375119933,0.06475907345472563,-0.6695047216974648,20,2691
robust_shared_first50,7.62939453125e-06,0.8621566295623779,0.8595721125602722,0.11236097663640976,0.03576559934318555,0.03576559934318555,1.7479474544525146,1.0,1.7479474544525146,0.172698735514638,10.121367995218229,0.07123332920434369,0.9174205868636517,0.8777718497392666,0.03669845988686568,-0.0018811759796186767,1.5254657774879197,0.9317055570130846,0.022998472273834593,-0.5263773965480889,20,2691
robust_window_limited,7.62939453125e-06,0.9889093041419983,0.9899294376373291,0.694390594959259,0.1952312534209086,0.11094006568144499,1.7269545793533325,0.9999999999999994,1.7269545793533334,0.172698732697557,9.999810377171123,0.07123332920434369,0.900306447765298,0.714328080968965,0.0410338990049135,0.00018149294983693665,1.5043202892617145,0.8203024051254657,0.027325653412609934,-0.10589356522751525,20,2691
robust_fullspan50,7.62939453125e-06,1.3377642631530762,1.4531725645065308,1.4499844312667847,0.4675355774493706,0.25980090311986864,1.7373427152633667,0.9999999999999984,1.7373427152633694,0.17269873435178407,10.059962059272724,0.07123332920434369,0.818160370911644,0.45013318408614056,0.1187001940625129,-0.03724089297186384,1.5561820328184537,0.5591399972549501,0.08044923407242248,-0.7410949658322754,20,2691
robust_first50,7.62939453125e-06,0.9749120473861694,1.398552656173706,1.363062858581543,0.40831964969896006,0.2008244389709907,1.7380715608596802,1.0000000000000009,1.7380715608596786,0.17269873451921597,10.064182379207226,0.07122507122507123,0.8375436923162406,0.4848180995594976,0.10515710805565878,-0.09535462291615315,1.4450876790816531,0.5616630869866416,0.08195218630001239,-0.2383297818969523,20,2691
no_calibration,3.814697265625e-06,0.7742146253585815,0.7707744240760803,0.0003949371457565576,0.0,0.0,1.8122881650924683,0.9999999999999999,1.8122881650924685,0.14528803740861354,12.47376038259448,0.0004109257916364515,0.9563906408935413,0.9214731960356948,0.0,0.0003365430588385676,0.9962827162712315,0.9787151136323954,0.0,1.7244100689262076e-05,21,2758
linear_reference,7.62939453125e-06,0.11926694214344025,0.11823704838752747,0.7364611029624939,0.0,0.0,0.3267323672771454,1.0000000000000002,0.32673236727714533,0.14528803877405275,2.2488593695264134,0.0003786963177826122,0.9993802651807363,0.9982379076786897,0.0,3.143520959736357e-05,1.0012539967290708,0.9993626267942751,0.0,3.28501802271397e-05,21,2758
common_only,0.0,0.7742142081260681,0.7707687020301819,0.0,0.0,0.0,1.8101916313171387,0.9999999999999999,1.810191631317139,0.14528803849394414,12.459330100960724,0.0003948110547095319,0.9563926158956433,0.9214822322131936,0.0,0.00034000419649526936,0.9962838748519568,0.9787195130572859,0.0,1.8004421142858718e-05,21,2758
detrend_first50_only,7.62939453125e-06,1.524886131286621,1.562599539756775,1.5875340700149536,0.5086999316016882,0.2329045926963949,1.8123873472213745,1.0000000000000002,1.812387347221374,0.14528803764468537,12.474443020930096,0.00036258158085569254,0.8060394542402748,0.4709949263579504,0.11629199903311578,0.0014297334700189568,0.9145388474876075,0.5675888110367935,0.07385383933607284,0.00540965647208469,21,2758
detrend_fullspan50_only,7.62939453125e-06,1.5588725805282593,1.5878666639328003,1.567794919013977,0.4983734547820429,0.24997080559865206,1.8116298913955688,1.0,1.8116298913955688,0.14528804206115448,12.46922916500602,0.00038675368624607205,0.8005971449892851,0.4557155939843552,0.1242123922326968,0.002057081050326537,0.906834088366372,0.5544468317932125,0.0790991862057852,0.005077111586351046,21,2758
robust_shared_first50,7.62939453125e-06,0.7742142081260681,0.7707687020301819,3.244084467723951e-08,0.0,0.0,1.8138713836669922,0.9999999999999998,1.8138713836669926,0.145288033565499,12.484657814913984,0.00038675368624607205,0.9563926158291003,0.9214822570604146,0.0,0.00034000349331919644,0.9962838747581398,0.9787194491201946,0.0,1.8003561458868056e-05,21,2758
robust_window_limited,1.1444091796875e-05,1.3952951431274414,1.4059772491455078,1.1557323932647705,0.3333333333333333,0.20689655172413793,1.7936078310012817,1.0000000000000002,1.7936078310012813,0.14528803991054415,12.34518568841338,0.00038675368624607205,0.8489404971135561,0.6636803037230572,0.03754733703972283,-0.00026803482969195436,0.9263121064756367,0.7222409668969048,0.011513979534284104,-2.3880943365028884e-05,21,2758
robust_fullspan50,7.62939453125e-06,1.5620112419128418,1.5705374479293823,1.5578112602233887,0.4948033965600654,0.2464174298917305,1.8157997131347656,1.0,1.8157997131347656,0.14528803858535572,12.49792984209086,0.0004028684231729917,0.8000152951182388,0.45457250345169753,0.1245749738135525,-0.00016018636284542698,0.9057486531759412,0.5488215146953755,0.08150028200789622,-0.0017403605254158183,21,2758
robust_first50,7.62939453125e-06,1.5143762826919556,1.522071361541748,1.5120474100112915,0.48043975109687537,0.20914869125669386,1.812835693359375,0.9999999999999997,1.8128356933593757,0.14528803891591452,12.477528824024901,0.00038675368624607205,0.8141568594148932,0.4682454455692536,0.11505116428974296,0.02129156949166333,0.9213724790700661,0.571294367637901,0.07474820723551688,0.03651611445948044,21,2758
no_calibration,3.814697265625e-06,0.8119668364524841,0.8156687021255493,0.00036781642120331526,0.0,0.0,1.813474178314209,1.0,1.813474178314209,0.18412366929545207,9.849218111139406,0.00047261985912292663,0.9521145302488176,0.9217681008400446,0.0,-0.00040264531449729635,0.995971125745153,0.9762999519570131,0.0,-2.935788705404896e-05,22,2445
linear_reference,7.62939453125e-06,0.12852056324481964,0.12706267833709717,0.7773709893226624,0.0,0.0,0.37466853857040405,0.9999999999999997,0.37466853857040416,0.1841236700545458,2.0348743779624323,0.00043626448534423996,0.9992132438776457,0.9977484679773223,0.0,3.3113878974866395e-05,1.0012196587935083,0.999218406059492,0.0,-8.474006290670744e-06,22,2445
common_only,0.0,0.8119664788246155,0.8156658411026001,0.0,0.0,0.0,1.8178402185440063,1.0,1.8178402185440063,0.18412366935804234,9.872930649720429,0.00043626448534423996,0.9521152930250921,0.921768574554603,0.0,-0.00040082561140353246,0.995971465807779,0.9763017008815206,0.0,-2.81879586865319e-05,22,2445
detrend_first50_only,7.62939453125e-06,1.0183191299438477,1.6291289329528809,1.655753254890442,0.5562390654100119,0.24943093101567057,1.8128011226654053,1.0,1.8128011226654053,0.18412366758947443,9.845562748115904,0.00043626448534423996,0.8265072730165278,0.48124393529257947,0.10773915019313793,-0.1100299989136595,0.9233079570300168,0.6094558062145635,0.05870483980913429,-0.056250907391772076,22,2445
detrend_fullspan50_only,7.62939453125e-06,1.4343377351760864,1.5257444381713867,1.5169283151626587,0.48761216772955585,0.23376037022405327,1.8093286752700806,0.9999999999999996,1.8093286752700815,0.18412366579299502,9.826703522752242,0.0004180867984548966,0.8342206193375207,0.5350404482802906,0.08801635991820041,-0.014680501402239754,0.9453316778210634,0.6441345245571911,0.052024539877300616,-0.008685499944297237,22,2445
robust_shared_first50,7.62939453125e-06,0.8119664788246155,0.8156658411026001,3.215283683744019e-08,0.0,0.0,1.8142799139022827,0.9999999999999996,1.8142799139022836,0.18412366749062792,9.853594264271493,0.00043626448534423996,0.9521152927494162,0.9217685870197395,0.0,-0.0004008256327115989,0.9959714654963058,0.9763016154482403,0.0,-2.8187815882985134e-05,22,2445
robust_window_limited,7.62939453125e-06,1.1474868059158325,1.155735731124878,0.9224072694778442,0.3218390804597701,0.19540229885057472,1.8234082460403442,0.9999999999999996,1.8234082460403451,0.18412366473882733,9.903171591912328,0.00043626448534423996,0.8972785680660462,0.661086969864412,0.0229675073846853,-0.00041856387704719555,0.9659235611270737,0.7149920845443566,0.025948648034537607,-0.00034729895982654746,22,2445
robust_fullspan50,7.62939453125e-06,1.4649854898452759,1.55483078956604,1.516375184059143,0.4868408676185639,0.24754971123276331,1.8155579566955566,0.9999999999999998,1.815557956695557,0.18412366295399332,9.860535726737128,0.0004180867984548966,0.8205547147988905,0.48979250216383313,0.10413996818904794,-0.04069073520409383,0.9250697438659288,0.6088999601328365,0.06088616223585549,-0.04562816087725097,22,2445
robust_first50,7.62939453125e-06,1.0815633535385132,1.6010595560073853,1.55539071559906,0.5083808341328517,0.2563350076189401,1.8078054189682007,1.0000000000000002,1.8078054189682002,0.18412366412555084,9.818430605071429,0.00046353101567825496,0.8225306287402934,0.48587351034549586,0.10605771415587366,-0.0706389348917349,0.9257190652169601,0.6080535958121344,0.063031129288798,-0.023847719282542368,22,2445
no_calibration,3.814697265625e-06,0.847977340221405,0.8476738929748535,0.00032967969309538603,0.0,0.0,1.8120150566101074,1.0000000000000002,1.812015056610107,0.1656187836652754,10.940878905814746,0.0004422747945091167,0.9477562133961637,0.9132904658148283,0.0,3.600391070779363e-05,0.9954281733871417,0.9739119517169732,0.0,-2.8669997078067944e-05,23,2663
linear_reference,7.62939453125e-06,0.12937910854816437,0.12961599230766296,0.8094274997711182,0.0015037593984962407,0.0,0.36974644660949707,0.9999999999999998,0.3697464466094971,0.16561878100126007,2.2325152037357645,0.000417240372178412,0.999227300940136,0.9978027360194482,0.0,9.397008865263956e-06,1.0013245931581432,0.999247599991634,0.0,2.745272483384298e-05,23,2663
common_only,0.0,0.8479771614074707,0.8476689457893372,0.0,0.0,0.0,1.8265435695648193,0.9999999999999996,1.8265435695648202,0.1656187860714853,11.028601361541416,0.00042558517962198024,0.9477562360120246,0.9132934475878257,0.0,3.523014759287957e-05,0.9954292211749853,0.9739156577087884,0.0,-2.7095445050639988e-05,23,2663
detrend_first50_only,7.62939453125e-06,1.0833399295806885,1.5649622678756714,1.5485554933547974,0.48746002938380434,0.2611528822055138,1.8149867057800293,0.9999999999999999,1.8149867057800295,0.16561878693489476,10.958821395627695,0.00040889556473484374,0.8246944719304785,0.44432429659692735,0.12479659531856302,-0.1404579221226525,0.9243189001261982,0.5694012523425145,0.07562898986105895,-0.11243242970250844,23,2663
detrend_fullspan50_only,7.62939453125e-06,1.2972755432128906,1.534683108329773,1.473889708518982,0.4654221761299801,0.23263330740644717,1.817382574081421,1.0,1.817382574081421,0.16561878060129293,10.973287977868576,0.000417240372178412,0.853124620754369,0.6064706698656681,0.05581841699002796,-0.017166178001092325,0.9481727363789664,0.7171835147875636,0.03351274669337005,0.01895960984903622,23,2663
robust_shared_first50,7.62939453125e-06,0.8479771614074707,0.8476689457893372,3.234289991382866e-08,0.0,0.0,1.812347412109375,0.9999999999999996,1.8123474121093759,0.16561878813178485,10.942885360731347,0.000417240372178412,0.9477562359819727,0.9132934686088829,0.0,3.5229983071149995e-05,0.9954292210917423,0.9739156336233736,0.0,-2.7095724919545816e-05,23,2663
robust_window_limited,7.62939453125e-06,0.8784918189048767,0.8746782541275024,0.1798374354839325,0.04597701149425287,0.022988505747126436,1.8182350397109985,1.0,1.8182350397109985,0.1656187742248026,10.978435556122507,0.00042558517962198024,0.9443363039459657,0.9000421127141177,0.0,1.4470129575672175e-06,0.9955952941499213,0.9624599007764619,0.0,-5.245887883409406e-05,23,2663
robust_fullspan50,7.62939453125e-06,1.292332410812378,1.3662000894546509,1.22580885887146,0.3654826721977357,0.17580157289776163,1.786953330039978,0.9999999999999999,1.7869533300399782,0.165618776235265,10.789557625408202,0.000417240372178412,0.8619999794089984,0.614560400217141,0.05218842575207577,-0.021424704529642513,0.9564102238530331,0.7339124009302103,0.033796470146451374,-0.011741414802373229,23,2663
robust_first50,7.62939453125e-06,1.0473754405975342,1.5085315704345703,1.4654964208602905,0.44442139832339467,0.2019704433497537,1.8263752460479736,0.9999999999999996,1.8263752460479745,0.16561877891082633,11.027585507265115,0.00042558517962198024,0.8499538237711105,0.5056809330709064,0.09826845245545959,-0.06447300512532761,0.9517301199962649,0.61528945341597,0.06469729210998457,-0.010017673910919678,23,2663
no_calibration,3.814697265625e-06,0.8188119530677795,0.8100007772445679,0.0008110045455396175,0.0,0.0,1.8119779825210571,0.9999999999999999,1.8119779825210574,0.17710917491091158,10.230853276983012,0.0003509926510913678,0.9512430374882933,0.9155923229144431,0.0,0.0009775155334995622,0.9951210582088541,0.9738811371850878,0.0,0.0003076044381945531,24,3039
linear_reference,7.62939453125e-06,0.1263372153043747,0.12229204922914505,0.7724669575691223,0.0,0.0,0.3474198579788208,1.0000000000000002,0.34741985797882075,0.17710917327156864,1.9616141364180382,0.00034368030419363097,0.9992619881979118,0.9980301375667825,0.0,0.00011675354699114404,1.0011487996288264,0.99928004084555,0.0,6.25958443671859e-05,24,3039
common_only,0.0,0.8188126683235168,0.8100016117095947,0.0,0.0,0.0,1.8120346069335938,1.0,1.8120346069335938,0.17710916936364207,10.23117331216832,0.00034368030419363097,0.9512442602012706,0.9155816938626407,0.0,0.000982066175709173,0.9951260986953553,0.9739005238303454,0.0,0.00032094804073201644,24,3039
detrend_first50_only,7.62939453125e-06,1.3895541429519653,1.5553443431854248,1.5589197874069214,0.5042781639483289,0.25360047249102724,1.8141106367111206,0.9999999999999998,1.814110636711121,0.1771091730766417,10.242894849529266,0.00034368030419363097,0.800311765747621,0.44154806872519997,0.13196592446345654,-0.028537342542323763,0.9055351497601506,0.5445169749550735,0.08245402361888048,-0.014950009023229516,24,3039
detrend_fullspan50_only,7.62939453125e-06,1.5288352966308594,1.5764803886413574,1.5620158910751343,0.49550982084715217,0.25358532854784727,1.813461422920227,0.9999999999999998,1.8134614229202275,0.17710917178656732,10.239229310527255,0.0003363679572958941,0.7979944793864292,0.44025674497997136,0.13155643303718328,-0.01012945130042775,0.9036279536425611,0.5420584710889429,0.08448685605645131,-0.008844737891511412,24,3039
robust_shared_first50,7.62939453125e-06,0.8188126683235168,0.8100016117095947,3.224015188152407e-08,0.0,0.0,1.8131738901138306,0.9999999999999998,1.813173890113831,0.17710917091820064,10.237605882934544,0.00034368030419363097,0.9512442602929673,0.9155817085270652,0.0,0.000982065471765159,0.9951260987635026,0.9739004744498152,0.0,0.0003209473463157142,24,3039
robust_window_limited,7.62939453125e-06,1.308769702911377,1.3146828413009644,1.1642351150512695,0.39080459770114945,0.1724137931034483,1.8221170902252197,0.9999999999999998,1.8221170902252202,0.1771091749288532,10.288101059457734,0.00034368030419363097,0.8737162139128716,0.6591373641499264,0.023618880479689956,0.0007029591478835417,0.9734495463351736,0.7367396825009507,0.022865708749223064,0.0012507240135204434,24,3039
robust_fullspan50,7.62939453125e-06,1.5083121061325073,1.6335002183914185,1.6145418882369995,0.5158178486514319,0.2660942256144655,1.8186842203140259,1.0000000000000002,1.8186842203140254,0.17710918003112608,10.268717973819319,0.0003509926510913678,0.8004055518050415,0.4471791330624104,0.12700815326679096,-0.003343166471971082,0.9074400854645962,0.5533485384249165,0.0800555738364228,0.005294258512943517,24,3039
robust_first50,7.62939453125e-06,1.3695509433746338,1.5703520774841309,1.63791823387146,0.5254493965138642,0.2863871094755652,1.8118900060653687,1.0,1.8118900060653687,0.1771091815770962,10.230356156191975,0.0003509926510913678,0.8172557101663213,0.4764697089062624,0.11058462213447406,-0.011892309576488458,0.9237570150761767,0.5830158198123593,0.07064458337903551,0.0034647950382579173,24,3039
no_calibration,3.814697265625e-06,0.898080587387085,0.9008817076683044,3.567707244656049e-05,0.0,0.0,1.8129584789276123,0.9999999999999996,1.8129584789276132,0.1626744483727625,11.144703406482652,0.00042593816552838364,0.9407364488807605,0.8962193458242127,0.0,-0.0004041778494232595,0.9942314208267876,0.9615877344400974,0.0,-0.000357682794034031,25,3026
linear_reference,7.62939453125e-06,0.15213611721992493,0.15442025661468506,0.8646130561828613,0.0,0.0,0.3432553708553314,1.0,0.3432553708553314,0.16267445506747627,2.1100754307918312,0.0004185944040537563,0.9984704806370145,0.9961282975112243,0.0,-9.746706565483265e-05,1.001391517884119,0.9981392223916784,0.0,-6.518562172264097e-06,25,3026
common_only,0.0,0.8980810046195984,0.90087890625,0.0,0.0,0.0,1.8132071495056152,1.0000000000000002,1.8132071495056148,0.16267445428719926,11.14623164067559,0.0003598443122567379,0.9407362705532143,0.8962217702130132,0.0,-0.00040403850363701643,0.9942311037672757,0.9615863421851477,0.0,-0.000357742394251348,25,3026
detrend_first50_only,7.62939453125e-06,1.2040272951126099,1.6965335607528687,1.581257939338684,0.49309736666058507,0.27032779906343124,1.814765214920044,0.9999999999999997,1.8147652149200446,0.16267444287559146,11.155810235710609,0.00040390688110450174,0.821871702372981,0.5098257262838543,0.09585811852831021,-0.10732334227478169,0.9421124392727372,0.637500248788286,0.05933759271498862,-0.07415702118219969,25,3026
detrend_fullspan50_only,7.62939453125e-06,1.394142985343933,1.507359504699707,1.519997477531433,0.4852672869914249,0.2476889861947333,1.8147529363632202,0.9999999999999998,1.8147529363632207,0.16267445222969407,11.155734114910768,0.0003818755966806198,0.8142297726277424,0.48054015303364656,0.10866563854006021,-0.04101031263615551,0.9107591283644233,0.5880172137219705,0.06322244253506647,-0.03457659004432878,25,3026
robust_shared_first50,7.62939453125e-06,0.8980810046195984,0.90087890625,3.0718975807531024e-08,0.0,0.0,1.8140285015106201,1.0000000000000002,1.8140285015106197,0.16267444862750513,11.151281082036522,0.0003451567893074833,0.9407362705515038,0.8962217670251477,0.0,-0.0004040382885112104,0.9942311037373125,0.9615862688849105,0.0,-0.0003577420116339658,25,3026
robust_window_limited,7.62939453125e-06,0.9982239603996277,0.9999218583106995,0.3054792284965515,0.08045977011494253,0.05747126436781609,1.8076227903366089,1.0,1.8076227903366089,0.1626744446793723,11.111903863568694,0.0003525005507821106,0.9366249271462138,0.8873098896239681,0.0,-0.0003535318219934913,0.993519672352567,0.9542777163157744,0.0,-0.00035830240436585115,25,3026
robust_fullspan50,7.62939453125e-06,1.3401927947998047,1.5319961309432983,1.5648245811462402,0.5081797725475886,0.26006507328346407,1.8240008354187012,1.0,1.8240008354187012,0.16267444243269807,11.212583907723118,0.0003745318352059925,0.8197859116097951,0.5011255778929131,0.09947124917382684,-0.05223911695093919,0.9177427659699572,0.6039925799202955,0.06588822795035618,-0.03848687357054836,25,3026
robust_first50,7.62939453125e-06,1.192591667175293,1.6604973077774048,1.474704384803772,0.439959253177644,0.22907924344705954,1.8173898458480835,1.0000000000000002,1.817389845848083,0.16267444324038405,11.171944465563815,0.0003671880737313652,0.8115126155660672,0.47988220042905494,0.1079092311081736,-0.11956343118430313,0.9208521327055388,0.6274735704270799,0.06665932290519204,-0.10371657466421402,25,3026
no_calibration,3.814697265625e-06,0.8091008067131042,0.8035427331924438,0.00047457352047786117,0.0,0.0,1.8124773502349854,1.0,1.8124773502349854,0.12875687483846024,14.07674232936252,0.0005268199233716475,0.9531251152498631,0.9227110429917077,0.0,0.0007662272743327314,0.996405010229932,0.9770423720260315,0.0,3.836670995915892e-05,26,2320
linear_reference,7.62939453125e-06,0.12161804735660553,0.12254194915294647,0.7709065675735474,0.0,0.0,0.32381471991539,0.9999999999999997,0.3238147199153901,0.12875685891836242,2.514931807405328,0.0004693486590038314,0.9992749240249544,0.9979501768251795,0.0,-7.380644125420943e-06,1.0011199336665177,0.9992887718999004,0.0,1.0039184616950081e-07,26,2320
common_only,0.0,0.8090994358062744,0.8035686016082764,0.0,0.0,0.0,1.8083956241607666,0.9999999999999997,1.8083956241607673,0.1287568691739081,14.045041913206354,0.0005076628352490421,0.9531260236927533,0.9227339835810774,0.0,0.0007651250993663261,0.9964114529844802,0.9770429117166788,0.0,4.524977873709979e-05,26,2320
detrend_first50_only,7.62939453125e-06,1.2380744218826294,1.5695139169692993,1.5412473678588867,0.4845422116527943,0.23890210067380102,1.8163090944290161,1.0000000000000002,1.8163090944290157,0.12875687067352265,14.10650231655963,0.0005172413793103448,0.8357822826566412,0.5384611732164822,0.08735632183908046,-0.08512921158044562,0.9204514797735166,0.6184429544605351,0.061082375478927205,-0.07095233467770445,26,2320
detrend_fullspan50_only,7.62939453125e-06,1.4968115091323853,1.5445830821990967,1.5480965375900269,0.4941141498216409,0.24270709472849783,1.8134450912475586,0.9999999999999999,1.8134450912475588,0.12875688297612733,14.084257472928941,0.0004980842911877395,0.8077323892969202,0.45331803414616434,0.12182950191570881,-0.027038085883983598,0.9144138599645392,0.5685784934423731,0.07364942528735632,-0.026244446024977774,26,2320
robust_shared_first50,7.62939453125e-06,0.8090994358062744,0.8035686016082764,3.28061808829716e-08,0.0,0.0,1.8153854608535767,1.0,1.8153854608535767,0.12875687540078234,14.09932832870334,0.0004693486590038314,0.9531260237218504,0.9227339825056976,0.0,0.0007651253915855749,0.996411452984428,0.9770428747868523,0.0,4.5250044484523855e-05,26,2320
robust_window_limited,7.62939453125e-06,1.1080808639526367,1.1031197309494019,0.863998532295227,0.27586206896551724,0.10344827586206896,1.802556037902832,1.0000000000000002,1.8025560379028316,0.1287568669889391,13.999688560748229,0.0005268199233716475,0.8908328567268864,0.6714466294715405,0.022586206896551723,-0.0004391444337310535,0.9553473677991899,0.7877069538868738,0.02193486590038314,-0.001610658665256115,26,2320
robust_fullspan50,7.62939453125e-06,1.506164789199829,1.5519988536834717,1.5458340644836426,0.49100277447483154,0.2445699564011098,1.8188837766647339,1.0,1.8188837766647339,0.12875687433028862,14.12649838018677,0.0004980842911877395,0.8137502848528246,0.47065306211473085,0.11266283524904215,-0.025713920626517117,0.923106392396235,0.587444819789395,0.06662835249042146,-0.031245069637685363,26,2320
robust_first50,7.62939453125e-06,1.2022716999053955,1.6262385845184326,1.5574065446853638,0.49417360285374556,0.2297463337296869,1.8104500770568848,1.0,1.8104500770568848,0.12875687683809398,14.060997140629972,0.0005076628352490421,0.8405810650290745,0.5645682224013736,0.07969348659003832,-0.09403873595055379,0.9453946024465506,0.6598466323897343,0.04562260536398467,-0.05578471766507698,26,2320
no_calibration,3.814697265625e-06,0.8700805306434631,0.8710967898368835,0.0002779405331239104,0.0,0.0,1.8121920824050903,1.0000000000000004,1.8121920824050894,0.14876635616666747,12.181464472886843,0.000396145202453053,0.9445414780340958,0.909205105349129,0.0,5.093764606756146e-05,0.9963567042062355,0.9672691498997347,0.0,5.611129888205557e-05,27,2917
linear_reference,7.62939453125e-06,0.13063743710517883,0.12990176677703857,0.8387433290481567,0.0,0.0,0.3406686782836914,0.9999999999999998,0.34066867828369146,0.14876635602811494,2.289957806181052,0.0003656724945720489,0.9991030225344901,0.9975126325097641,0.0,1.435313591391374e-05,1.001157985896289,0.998687093964568,0.0,1.62471638320838e-05,27,2917
common_only,0.0,0.8700804710388184,0.8711144924163818,0.0,0.0,0.0,1.8136643171310425,1.0,1.8136643171310425,0.14876635985315498,12.191360458918824,0.00038090884851255097,0.9445386485630298,0.9091896739744795,0.0,4.507464141623174e-05,0.9963549217371387,0.967263887409162,0.0,5.239617384034112e-05,27,2917
detrend_first50_only,7.62939453125e-06,1.3821728229522705,1.532554030418396,1.474036455154419,0.4511297163489586,0.22671586017690742,1.821559190750122,1.0,1.821559190750122,0.14876635773985353,12.244429576850077,0.00038090884851255097,0.8034165413780401,0.4433258369068442,0.12645411952919666,-0.05334348975122105,0.9008135100842586,0.5509005110845863,0.08124023921075686,-0.050410331196815816,27,2917
detrend_fullspan50_only,7.62939453125e-06,1.5347013473510742,1.5768781900405884,1.535167932510376,0.4784226542421519,0.24051211705532693,1.8086388111114502,1.0,1.8086388111114502,0.148766347945362,12.15758023296852,0.00037329067154229993,0.8022100710930095,0.4428329144066232,0.1248466841884737,-0.01581138376861979,0.9052232087721441,0.551971591155243,0.07990705824096293,-0.020530200378700014,27,2917
robust_shared_first50,7.62939453125e-06,0.8700804710388184,0.8711144328117371,3.150170613253067e-08,0.0,0.0,1.8171190023422241,1.0000000000000002,1.8171190023422237,0.1487663559082793,12.214583003313964,0.00037329067154229993,0.944538648675806,0.9091896725146684,0.0,4.507422554111962e-05,0.9963549218909155,0.9672638402980831,0.0,5.239554537095348e-05,27,2917
robust_window_limited,7.62939453125e-06,1.2718404531478882,1.2782233953475952,0.8705542683601379,0.2413793103448276,0.14942528735632185,1.8020135164260864,1.0000000000000002,1.802013516426086,0.14876635603840993,12.113044672283465,0.0003656724945720489,0.8941146520024631,0.7448423316275321,0.04442920809050394,0.00033860554681408583,0.9812121807200123,0.8028133357399948,0.022168894983430464,0.001352030370411872,27,2917
robust_fullspan50,7.62939453125e-06,1.564715027809143,1.5672922134399414,1.577254056930542,0.5032401494725888,0.25735143402235783,1.8076685667037964,1.0,1.8076685667037964,0.14876635724320522,12.151057538826441,0.00037329067154229993,0.7960747306701184,0.42656676051988873,0.13593874985715917,-0.016348892932748327,0.9005165605504757,0.5372661055797237,0.08542261836742468,-0.022742734660602393,27,2917
robust_first50,7.62939453125e-06,1.278367519378662,1.7190546989440918,1.6297153234481812,0.5312899106002554,0.26121438594831525,1.8006547689437866,1.0000000000000002,1.8006547689437862,0.14876635514273712,12.103911312582131,0.00037329067154229993,0.7995452820416964,0.44340590522051226,0.12259932198224965,-0.11828668626473804,0.8972853639724063,0.5666618005079751,0.07359158953262485,-0.07628905420061194,27,2917
no_calibration,3.814697265625e-06,0.8235812783241272,0.8232560753822327,0.0002094152441713959,0.0,0.0,1.8128526210784912,0.9999999999999998,1.8128526210784917,0.12732433661693573,14.238068457663255,0.00041324056504322157,0.9506061592888917,0.922858396933797,0.0,1.2412672085071463e-05,0.9954109363013616,0.9742520170957323,0.0,1.4500670519890235e-06,28,2635
linear_reference,7.62939453125e-06,0.11297415941953659,0.11298157274723053,0.7891932129859924,0.0,0.0,0.315026193857193,1.0000000000000002,0.31502619385719294,0.12732434097903925,2.474202430068373,0.0003795066413662239,0.9995250666393012,0.9986290004384737,0.0,6.502690059639882e-06,1.0014094398817959,0.9997493683984998,0.0,2.8820746641011752e-05,28,2635
common_only,0.0,0.8235803246498108,0.823233425617218,0.0,0.0,0.0,1.8060572147369385,0.9999999999999993,1.8060572147369396,0.12732433815059685,14.184697450386647,0.00039637360320472276,0.9506059116645098,0.9228479809717749,0.0,1.4792993207279892e-05,0.9954093838610644,0.9742439748829093,0.0,3.441519136337945e-06,28,2635
detrend_first50_only,7.62939453125e-06,1.3611558675765991,1.6047990322113037,1.6473658084869385,0.5315480557593544,0.29069279949690807,1.8123364448547363,1.0,1.8123364448547363,0.12732433891591569,14.23401417423886,0.00039637360320472276,0.8125836979634041,0.47150203146068637,0.11123761332489986,-0.054363860011154674,0.9170803964335896,0.580894288562227,0.07439173518869914,-0.04279981222324736,28,2635
detrend_fullspan50_only,7.62939453125e-06,1.4687705039978027,1.518029808998108,1.5473037958145142,0.4878419452887538,0.25119659015477064,1.8138535022735596,0.9999999999999998,1.81385350227356,0.12732432296044394,14.24593086457701,0.00038794012228547334,0.8008012167355509,0.44833625672388394,0.12694075479654227,-0.02014523277781799,0.9028423704008642,0.5536309537001357,0.07987349778621126,-0.01643966266486785,28,2635
robust_shared_first50,7.62939453125e-06,0.8235803246498108,0.823233425617218,3.26979048281828e-08,0.0,0.0,1.816206455230713,1.0000000000000007,1.8162064552307118,0.12732433455901443,14.264409560993283,0.0004048070841239722,0.9506059117572544,0.9228479725246341,0.0,1.4793000681856405e-05,0.9954093839028112,0.9742439709529199,0.0,3.441482471777668e-06,28,2635
robust_window_limited,7.62939453125e-06,1.4550683498382568,1.472049593925476,1.2740150690078735,0.4367816091954023,0.22988505747126436,1.8267289400100708,0.9999999999999997,1.8267289400100715,0.1273243316709845,14.347053041915615,0.00038794012228547334,0.787020809223686,0.2786515865809124,0.17141893316466372,-0.00590889592009769,0.8824348109616382,0.3553047786210848,0.11009065991988193,-0.004506049803783774,28,2635
robust_fullspan50,7.62939453125e-06,1.4971938133239746,1.649124264717102,1.6243834495544434,0.5240890193201272,0.26704049191209867,1.813362717628479,1.0,1.813362717628479,0.1273243383758655,14.242074537826182,0.00038794012228547334,0.7936978191702506,0.4447836372133784,0.1313683322791482,-0.010456879804077168,0.8962296968288921,0.5404932901864445,0.0844191440016867,0.01467750695916692,28,2635
robust_first50,7.62939453125e-06,1.2384369373321533,1.4944769144058228,1.5417863130569458,0.4754568004751424,0.24901303147818188,1.8165640830993652,0.9999999999999999,1.8165640830993655,0.1273243311737261,14.267218734656277,0.00039637360320472276,0.8279408732960055,0.48000164570227666,0.10748471431583385,-0.058548198831063214,0.9186906782853637,0.5746828661577381,0.07490617752477335,-0.04563942970191881,28,2635
no_calibration,3.814697265625e-06,0.7965473532676697,0.7896276116371155,4.267226904630661e-05,0.0,0.0,1.8121771812438965,1.0,1.8121771812438965,0.1534836868259182,11.806969318500114,0.00045125585355470415,0.954114495114415,0.9239204242675664,0.0,0.0007100135029544097,0.996629947944863,0.9737557240183713,0.0,0.00010402264929998406,29,2610
linear_reference,7.62939453125e-06,0.1266109049320221,0.12739406526088715,0.7587331533432007,0.0,0.0,0.3158423900604248,1.0000000000000002,0.31584239006042475,0.15348369026756586,2.0578237955434964,0.0004086845466155811,0.9990730624209967,0.9973660450397944,0.0,-5.2505652508805234e-05,1.0010090954906525,0.9986629109874197,0.0,-9.306710144496577e-05,29,2610
common_only,0.0,0.7965473532676697,0.7896294593811035,0.0,0.0,0.0,1.8122541904449463,1.0000000000000002,1.8122541904449458,0.1534836912114196,11.807470723053015,0.0004001702852277565,0.9541141712809684,0.9239242895137125,0.0,0.0007090367366107131,0.9966294862484468,0.9737530834261691,0.0,0.00010275171297913221,29,2610
detrend_first50_only,7.62939453125e-06,0.837433934211731,1.4828004837036133,1.4799646139144897,0.4764473591425146,0.22308017770255975,1.8197821378707886,0.9999999999999997,1.8197821378707892,0.153483687842719,11.856518197136321,0.00045125585355470415,0.8397406830906091,0.5096814382972364,0.09627075351213282,-0.13979472717580688,0.9280226823930842,0.6186752906527787,0.05547041294167731,-0.08370701952565951,29,2610
detrend_fullspan50_only,7.62939453125e-06,1.3961228132247925,1.5795618295669556,1.5971623659133911,0.5266730131866582,0.2558352725477752,1.8141651153564453,1.0,1.8141651153564453,0.1534836829595518,11.819921703563367,0.0004086845466155811,0.8178888769296768,0.4686702096207587,0.11646658152405279,-0.05688091710834131,0.9267558974168659,0.5851841128724624,0.06655598126862494,-0.04137699321798349,29,2610
robust_shared_first50,7.62939453125e-06,0.7965473532676697,0.7896294593811035,3.329144959707264e-08,0.0,0.0,1.8109173774719238,0.9999999999999999,1.810917377471924,0.1534836886672577,11.798761113943975,0.0004001702852277565,0.9541141710279191,0.9239243519658279,0.0,0.0007090365471779103,0.9966294859686669,0.9737530770065945,0.0,0.00010275163410655708,29,2610
robust_window_limited,7.62939453125e-06,0.7072554230690002,0.7000498175621033,0.30059483647346497,0.04597701149425287,0.022988505747126436,1.8125123977661133,0.9999999999999999,1.8125123977661135,0.1534836804796425,11.809153859888825,0.0004257130693912303,0.9478350397779153,0.9141813893049752,0.02080885483184334,-0.0007549012062439964,0.9786608802552423,0.9601227011002272,0.019787143465304385,-0.0016099634647535055,29,2610
robust_fullspan50,7.62939453125e-06,1.3465615510940552,1.631475806236267,1.6098216772079468,0.5166243565333898,0.24580424511670546,1.8131283521652222,0.9999999999999999,1.8131283521652224,0.15348368051164543,11.813167016330787,0.0004001702852277565,0.8158696767862673,0.4771409221438943,0.10995317156236696,-0.0680763147905562,0.9212382455024452,0.5774810777824255,0.06928054491272882,-0.041730396063844655,29,2610
robust_first50,7.62939453125e-06,0.9698081612586975,1.5754547119140625,1.5821596384048462,0.5011106409985191,0.25419575488329454,1.8100922107696533,0.9999999999999999,1.8100922107696535,0.15348369110375687,11.793384676590874,0.0004086845466155811,0.8240582781711427,0.4639193422575976,0.11556406981694338,-0.04350828938083762,0.9200927000992889,0.582440712270557,0.07361430395913154,0.011416626751426517,29,2610
no_calibration,3.814697265625e-06,0.8231723308563232,0.816763162612915,0.0005586780025623739,0.0,0.0,1.8128998279571533,1.0000000000000007,1.8128998279571522,0.14474029016869097,12.525191333002487,0.00044088346263088725,0.9519200843975059,0.922701612866058,0.0,0.0009301842102636959,0.9962837775312027,0.9789322858149956,0.0,0.00014818059753562984,30,2621
linear_reference,7.62939453125e-06,0.11931470781564713,0.1189882680773735,0.7799867987632751,0.0,0.0,0.3420001268386841,0.9999999999999997,0.3420001268386842,0.14474029051156748,2.3628536714271124,0.0004154478782483361,0.9993819009580215,0.9982108216137178,0.0,2.577967522343627e-06,1.001259876804624,0.9994562234573583,0.0,-1.2089108749169242e-05,30,2621
common_only,0.0,0.8231712579727173,0.8167782425880432,0.0,0.0,0.0,1.827233076095581,0.9999999999999998,1.8272330760955815,0.14474029418375192,12.624218338093584,0.0004154478782483361,0.9519190606132416,0.9227023601114505,0.0,0.0009287174607955917,0.9962838671579687,0.9789292516627031,0.0,0.00014958011109300617,30,2621
detrend_first50_only,7.62939453125e-06,1.3877546787261963,1.5724637508392334,1.570612907409668,0.5039220847591471,0.25324208124945163,1.814997673034668,1.0,1.814997673034668,0.14474028388527804,12.539685734437588,0.0003900122938657849,0.8111350846631247,0.4799944652663476,0.10933909873246005,-0.04371555121577764,0.9148509831898056,0.5888419238585203,0.06634448259782103,-0.028680150179937414,30,2621
detrend_fullspan50_only,7.62939453125e-06,1.5566593408584595,1.6136761903762817,1.6048020124435425,0.5195753268403966,0.26789506010353603,1.8126972913742065,0.9999999999999999,1.8126972913742068,0.14474028566842104,12.523792412064411,0.00042392640637585314,0.8028745249054733,0.4558420642659308,0.12384586035864174,-0.015774591886067335,0.9106969042610745,0.5611100811541063,0.0763237102039086,-0.017956959932019068,30,2621
robust_shared_first50,7.62939453125e-06,0.8231712579727173,0.8167782425880432,3.315073726639639e-08,0.0,0.0,1.8136041164398193,1.0000000000000004,1.8136041164398184,0.14474028598835206,12.53005757212452,0.00040696935012081903,0.951919060541154,0.9227023697392871,0.0,0.0009287175637893164,0.9962838670165854,0.9789292718580427,0.0,0.00014958027109557293,30,2621
robust_window_limited,7.62939453125e-06,1.4336974620819092,1.4433685541152954,1.1883223056793213,0.3793103448275862,0.26436781609195403,1.807011365890503,1.0000000000000009,1.8070113658905014,0.1447402875765667,12.484508606041047,0.00039849082199330197,0.836134596781033,0.4770193155107051,0.12098011785154097,-0.002698487007039674,0.9172247916523631,0.6277226128223818,0.03844164653016236,-0.003480085505263353,30,2621
robust_fullspan50,7.62939453125e-06,1.5637840032577515,1.576072335243225,1.5823739767074585,0.504448539089234,0.2562779678862859,1.8161391019821167,0.9999999999999998,1.8161391019821171,0.14474028467068625,12.547571715187686,0.0004324049345033702,0.8004651809077495,0.4515720013062585,0.1264657255500445,0.0024765011131064885,0.9075001048157089,0.5516887316608289,0.08080037305523761,-2.9234405658495888e-05,30,2621
robust_first50,7.62939453125e-06,1.4115396738052368,1.4648070335388184,1.4835861921310425,0.46413968588224974,0.23216635956830745,1.811751365661621,0.9999999999999998,1.8117513656616215,0.14474028645897707,12.517257012442874,0.0003900122938657849,0.8163463365253445,0.4691829040605969,0.11496884140913137,-0.03456914141879519,0.9165672923889072,0.5819394640197295,0.06937979566747213,-0.051301483325228325,30,2621
no_calibration,7.62939453125e-06,0.9079022407531738,0.8802958726882935,0.022405631840229034,0.007046635917709935,0.007046635917709935,1.8427557945251465,0.9999999999999988,1.8427557945251487,0.2358497373836168,7.813262015754751,0.013880042462845011,0.9275995254459501,0.8601406548666108,0.018259023354564755,0.0031039237854162405,1.087126396465338,0.9281496727197251,0.012836164189667374,-0.006520387382112469,31,2512
linear_reference,1.52587890625e-05,0.4425772726535797,0.4304245114326477,0.673342227935791,0.008565780803865584,0.008565780803865584,0.9685691595077515,1.0000000000000007,0.9685691595077508,0.23584973074400384,4.10672149784668,0.013826963906581741,0.9657936918314001,0.9131135537914444,0.014516985138004247,0.0010822468941755758,1.0806955409888768,0.9568264640186189,0.011058032554847842,-0.026089025188600123,31,2512
common_only,0.0,0.9154350161552429,0.8872485160827637,0.0,0.0,0.0,1.8028054237365723,0.9999999999999993,1.8028054237365734,0.23584974350635873,7.6438727341162735,0.013809271054493984,0.9276008449109853,0.8601223474712145,0.01829440905874027,0.003106774018721503,1.0871284937012557,0.928166451044551,0.012836164189667374,-0.00652046833141573,31,2512
detrend_first50_only,1.52587890625e-05,1.4576693773269653,1.5226548910140991,1.5406314134597778,0.5015740537374624,0.2589501427630134,1.8071249723434448,1.0000000000000002,1.8071249723434444,0.23584973125354283,7.662187964932434,0.013791578202406228,0.8035885782541375,0.44485259585940684,0.1296355272469922,-0.04828563333264135,0.9957788946535655,0.5507677584660021,0.08149327671620665,-0.059018180265493436,31,2512
detrend_fullspan50_only,1.52587890625e-05,1.502327561378479,1.549695611000061,1.5606307983398438,0.5104692876491691,0.26257412694926424,1.7997080087661743,0.9999999999999997,1.799708008766175,0.23584974374788617,7.630739725076782,0.013800424628450107,0.8063097538523153,0.4491978799452456,0.1242657466383581,-0.016941127804358302,0.9962727326504887,0.5615724590802923,0.07835279547062987,-0.02714014952459265,31,2512
robust_shared_first50,1.52587890625e-05,0.9173899292945862,0.8869611024856567,0.028002731502056122,0.008913536862142177,0.008913536862142177,1.804591178894043,0.9999999999999998,1.8045911788940434,0.23584974696215366,7.6514442018189746,0.013800424628450107,0.9276008445769423,0.8601223767090042,0.01833864118895966,0.0031067736843880533,1.0871177744333251,0.9281664823630936,0.012836164189667374,-0.006520337275587096,31,2512
robust_window_limited,1.52587890625e-05,1.3852057456970215,1.3956334590911865,1.238885760307312,0.430595211948166,0.23396661541840544,1.8098793029785156,1.0,1.8098793029785156,0.23584974261484865,7.673865923755175,0.013809271054493984,0.8741477333652525,0.6806879629628549,0.03448336871903751,0.0011027358727504488,1.0950971511412884,0.776244345589184,0.0224345364472753,0.017428345525069444,31,2512
robust_fullspan50,1.52587890625e-05,1.4916900396347046,1.5093084573745728,1.4901212453842163,0.4629182224174537,0.2256021670693316,1.8030898571014404,1.0000000000000007,1.8030898571014393,0.23584974225355415,7.645078768680608,0.013862349610757253,0.8110174191235766,0.45646070119326604,0.12113411181882519,0.004066132935542144,1.0252924942401007,0.5544516869892175,0.07990976645435244,0.017533519747069404,31,2512
robust_first50,1.52587890625e-05,1.4437329769134521,1.5312154293060303,1.4965380430221558,0.4707884911047661,0.23901822973863388,1.795292854309082,1.0000000000000002,1.7952928543090816,0.2358497306079122,7.612019948810805,0.013826963906581741,0.82047507069893,0.48179583101394274,0.10735138004246285,-0.0286512161853697,1.0436176233669912,0.5856520878314627,0.07155874026893135,-0.028571112651068487,31,2512
no_calibration,3.814697265625e-06,0.8505001664161682,0.8449698686599731,0.00044347229413688183,0.0,0.0,1.8122591972351074,0.9999999999999999,1.8122591972351076,0.17142907381191386,10.571481003411687,0.000463980463980464,0.9477253501309297,0.9133012238335142,0.0,0.0007347006514528687,0.9955856128311747,0.9742064632443528,0.0,0.00010383624736398644,32,2730
linear_reference,7.62939453125e-06,0.12926256656646729,0.13114815950393677,0.8069595694541931,0.0,0.0,0.37425071001052856,1.0,0.37425071001052856,0.17142907073463257,2.1831227831238627,0.00041514041514041514,0.9991899599634404,0.9976979530955677,0.0,-3.0686436625182445e-05,1.0013049521987538,0.9991815349444383,0.0,3.054088536269539e-05,32,2730
common_only,0.0,0.8505000472068787,0.8449981808662415,0.0,0.0,0.0,1.8095303773880005,0.9999999999999998,1.809530377388001,0.17142907164843077,10.555563067500078,0.0004477004477004477,0.9477214477079584,0.9132920592974982,0.0,0.0007271199526924788,0.9955819436643721,0.9742001322214793,0.0,9.955085737367586e-05,32,2730
detrend_first50_only,7.62939453125e-06,1.513101577758789,1.544398307800293,1.543686866760254,0.4743148953382546,0.24144672531769307,1.8150489330291748,0.9999999999999999,1.815048933029175,0.17142907343489666,10.587754437805282,0.0004232804232804233,0.8045467149462822,0.45029275110387795,0.1225966625966626,-0.01177021598334893,0.9090152405246124,0.5537865779259239,0.0805046805046805,-0.015912829268335482,32,2730
detrend_fullspan50_only,7.62939453125e-06,1.5321431159973145,1.523329257965088,1.5607019662857056,0.49234840057976875,0.24417703171874475,1.8119450807571411,1.0000000000000002,1.8119450807571407,0.1714290783071468,10.56964838550148,0.0004477004477004477,0.8025731671378762,0.44786925554022333,0.1266829466829467,-0.005284669048003732,0.9068160680640852,0.5523154131422825,0.08037444037444037,-0.01492931605417469,32,2730
robust_shared_first50,7.62939453125e-06,0.8504999876022339,0.8449981212615967,3.2025166518678816e-08,0.0,0.0,1.8140146732330322,1.0,1.8140146732330322,0.1714290731979678,10.581721287953252,0.00041514041514041514,0.9477214475787965,0.9132920660687351,0.0,0.0007271194377190815,0.9955819434861665,0.9742001892971569,0.0,9.955011393081303e-05,32,2730
robust_window_limited,7.62939453125e-06,1.4681365489959717,1.4659943580627441,1.4352927207946777,0.4367816091954023,0.27586206896551724,1.8116697072982788,1.0000000000000002,1.8116697072982784,0.17142907993709977,10.568041944593128,0.00043956043956043956,0.8291405394490218,0.5298584383374378,0.07779405779405779,0.00149006474721336,0.9375987876691193,0.7784736723182586,0.03214489214489215,0.002429363970933962,32,2730
robust_fullspan50,7.62939453125e-06,1.5018912553787231,1.5600998401641846,1.6269724369049072,0.5284996797788789,0.2622442444466916,1.8073227405548096,1.0000000000000002,1.8073227405548091,0.17142907462052442,10.542685040769783,0.00043956043956043956,0.8021871614066924,0.4470202559488999,0.12688644688644687,-0.010378916110622693,0.9090976795062485,0.5563051062234332,0.07989417989417989,-0.01213220664107606,32,2730
robust_first50,7.62939453125e-06,1.5839253664016724,1.5625431537628174,1.5546464920043945,0.49164054336468127,0.24491859642026495,1.8153138160705566,1.0,1.8153138160705566,0.17142907285374437,10.589299620253453,0.000407000407000407,0.8005070721765468,0.4446507948443235,0.12818884818884818,0.0039613625718518675,0.908857158486739,0.5541598619289024,0.08,0.0017015216590198223,32,2730
no_calibration,3.814697265625e-06,0.8345495462417603,0.8401609063148499,0.0004428350948728621,0.0,0.0,1.8143565654754639,0.9999999999999999,1.814356565475464,0.1612058193426066,11.254907377874853,0.000422237860661506,0.9494322740324067,0.9185505381692827,0.0,-0.0007174494685808774,0.9957335402018587,0.9748270215168721,0.0,-9.38074131480171e-05,33,2842
linear_reference,7.62939453125e-06,0.12338491529226303,0.12188296020030975,0.8061119914054871,0.0,0.0,0.3436402976512909,1.0000000000000007,0.34364029765129067,0.1612058151684439,2.1316867340810335,0.0003987802017358668,0.9993043607806051,0.9979763028284994,0.0,3.997247361831047e-05,1.0013046637081708,0.9992219129671133,0.0,2.0300163098507795e-05,33,2842
common_only,0.0,0.8345496654510498,0.840137243270874,0.0,0.0,0.0,1.8274750709533691,0.9999999999999993,1.8274750709533703,0.16120581128252726,11.336285313874694,0.0003675033231683478,0.9494324556692771,0.9185564736499947,0.0,-0.0007154570342122746,0.9957301545782077,0.9748277669650033,0.0,-9.907687509780327e-05,33,2842
detrend_first50_only,7.62939453125e-06,1.4968464374542236,1.5978509187698364,1.6361987590789795,0.5283147158814959,0.27623441800226645,1.8146038055419922,0.9999999999999997,1.8146038055419929,0.16120581788936353,11.256441171294234,0.0003753225428102275,0.8014474782243601,0.45227362845164604,0.12696848854484322,-0.016928125944669747,0.9088177754096619,0.5511339270067296,0.08135116115411682,-0.012058373362204833,33,2842
detrend_fullspan50_only,7.62939453125e-06,1.5676372051239014,1.5697909593582153,1.5728428363800049,0.5014246397927796,0.25102800712319895,1.810033917427063,0.9999999999999998,1.8100339174270634,0.16120581514788423,11.228093203502647,0.0003831417624521073,0.802443444940169,0.45427015706170853,0.12427085776839471,0.0006825872298644731,0.9088480574938655,0.5527481096202324,0.07994370161857847,0.001461291704977108,33,2842
robust_shared_first50,7.62939453125e-06,0.8345496654510498,0.840137243270874,3.3058288551046644e-08,0.0,0.0,1.8152161836624146,1.0,1.8152161836624146,0.1612058123916753,11.260240289922404,0.0003675033231683478,0.9494324554152478,0.9185564697291132,0.0,-0.000715457140878395,0.9957301542708802,0.9748277695976562,0.0,-9.907718320900649e-05,33,2842
robust_window_limited,7.62939453125e-06,1.5044081211090088,1.518410086631775,1.3225367069244385,0.42528735632183906,0.21839080459770116,1.8132065534591675,1.0000000000000002,1.813206553459167,0.16120581961634736,11.24777354672682,0.000390960982093987,0.7811561461320806,0.3621508804027461,0.15989522245679882,-0.004325507666973372,0.8683230163887832,0.41306800242534764,0.1407928688716866,-0.004430314983224104,33,2842
robust_fullspan50,7.62939453125e-06,1.5596067905426025,1.5688660144805908,1.569312334060669,0.49982192002590253,0.249587178241865,1.8146681785583496,1.0000000000000007,1.8146681785583485,0.1612058208775819,11.256840284547732,0.0003987802017358668,0.80170035023459,0.4518531556106356,0.12575650950035186,-0.0065399896576233685,0.9091185609306476,0.5538142759426373,0.0806630698256314,-0.00858031214524868,33,2842
robust_first50,7.62939453125e-06,1.4766325950622559,1.5782201290130615,1.5336260795593262,0.4792617775619233,0.23951756516108144,1.8086215257644653,0.9999999999999999,1.8086215257644656,0.16120582066155983,11.21933140095194,0.0003675033231683478,0.8106270275638183,0.4631846670152964,0.11843771991555242,-0.00580074314880441,0.9153356975699483,0.5664453608570181,0.07540855422628821,0.005306084248718479,33,2842
no_calibration,3.814697265625e-06,0.7821264863014221,0.7802759408950806,3.264173210482113e-05,0.0,0.0,1.812482237815857,1.0,1.812482237815857,0.13980343224294903,12.964504581447923,0.00043653735277160037,0.9554754991162312,0.9298371885884912,0.0,0.0002667159714571099,0.9965933411474974,0.9782363317620325,0.0,4.92091121873095e-05,34,2698
linear_reference,7.62939453125e-06,0.11591272801160812,0.11672426015138626,0.7486268877983093,0.0,0.0,0.31296271085739136,0.9999999999999998,0.3129627108573914,0.13980342683454347,2.238591127152991,0.0004035911374680834,0.9993535635713873,0.998145610783279,0.0,-1.7306092889413094e-05,1.0010708728469118,0.9993404404835418,0.0,-1.9643600797092375e-05,34,2698
common_only,0.0,0.7821264863014221,0.7802748680114746,0.0,0.0,0.0,1.810691475868225,0.9999999999999999,1.8106914758682253,0.13980342594428138,12.951696023457076,0.0004118276912939626,0.9554757414769068,0.9298388027605897,0.0,0.0002671234769423547,0.9965937949800471,0.978236899428686,0.0,5.007856411476386e-05,34,2698
detrend_first50_only,7.62939453125e-06,1.0889664888381958,1.3915629386901855,1.537451148033142,0.48697090623827555,0.2404072444489921,1.8169808387756348,0.9999999999999994,1.8169808387756359,0.13980344065191566,12.996681843471766,0.0003953545836422041,0.8324808405971185,0.4636111937340337,0.11518820525492134,-0.060709473176127515,0.9354319282020751,0.5857204242726939,0.07037311588831233,-0.032000363762272666,34,2698
detrend_fullspan50_only,7.62939453125e-06,1.2325148582458496,1.5510975122451782,1.4793428182601929,0.45784303693850403,0.22192093864047205,1.819907784461975,1.0,1.819907784461975,0.1398034271429597,13.017619250499346,0.0003788814759904456,0.827320201332507,0.46640581516442814,0.11289020673750103,-0.08001013322510664,0.9312369464267343,0.5999649967081238,0.07333003871180298,-0.06721137040532155,34,2698
robust_shared_first50,7.62939453125e-06,0.7821264863014221,0.7802748680114746,3.3433462220955334e-08,0.0,0.0,1.8158847093582153,0.9999999999999999,1.8158847093582156,0.13980342793526102,12.988842521079668,0.00038711802981632485,0.9554757412605439,0.929838754195327,0.0,0.0002671235165843111,0.9965937947694483,0.9782369430181558,0.0,5.0078668270447935e-05,34,2698
robust_window_limited,7.62939453125e-06,0.9698565006256104,0.9765040278434753,0.3269343674182892,0.09195402298850575,0.06896551724137931,1.7987009286880493,1.0000000000000002,1.7987009286880489,0.13980343026593367,12.865928434420857,0.0004283007989457211,0.9526630392332307,0.9252729540603065,0.0,0.00017880777240575352,1.018878756754389,0.97961023479809,0.0,0.000854117994355752,34,2698
robust_fullspan50,7.62939453125e-06,1.1684350967407227,1.5648555755615234,1.5670647621154785,0.5132507930011255,0.2707629864592926,1.8184868097305298,0.9999999999999993,1.818486809730531,0.13980343183165228,13.00745472343129,0.0004118276912939626,0.8436755123790516,0.5350662036926962,0.08885594267358538,-0.08830909282848531,0.9446108198442559,0.6274740928085134,0.05736759739724899,-0.05655502919875155,34,2698
robust_first50,7.62939453125e-06,1.09087336063385,1.616564154624939,1.613811731338501,0.5077765271666838,0.25972918585217775,1.8274016380310059,1.0000000000000002,1.8274016380310054,0.13980342603933846,13.07122214241591,0.00038711802981632485,0.8387331353431642,0.5386857188286427,0.08699448150893666,-0.13710789003955914,0.9403464224000159,0.6447043788496329,0.04802734535870192,-0.12020249121638493,34,2698
no_calibration,3.814697265625e-06,0.8330571055412292,0.80275559425354,0.0006290270248427987,5.8149677269291154e-05,5.8149677269291154e-05,1.8118622303009033,1.0000000000000002,1.8118622303009029,0.15323534264749433,11.824049197768609,0.0008896380577796507,0.9484344416720686,0.9070821682087701,0.0004495013344570867,0.003676653680883324,0.995790465316241,0.9664749325343286,0.00017792761155593014,-0.001159895642091735,35,2373
linear_reference,7.62939453125e-06,0.1716679334640503,0.1608653962612152,0.7634009122848511,7.753290302572154e-05,7.753290302572154e-05,0.47825002670288086,0.9999999999999999,0.4782500267028809,0.15323534055240237,3.121016502973948,0.0008615442243760828,0.9963232529640684,0.995689166639871,0.0003558552231118603,0.001368164973156949,1.0009506214499495,0.9977571461350812,0.00014983377815236222,-0.0009771566187222192,35,2373
common_only,0.0,0.8332394361495972,0.8028442859649658,0.0,0.0,0.0,1.8139816522598267,1.0,1.8139816522598267,0.15323534536811825,11.837880143788542,0.0008240857798379923,0.9484349825952324,0.9070918389772838,0.00045886594559160933,0.003678021743820814,0.9957902826826437,0.9664585815856355,0.00017792761155593014,-0.001158756709560449,35,2373
detrend_first50_only,7.62939453125e-06,1.4739177227020264,1.5995267629623413,1.5423473119735718,0.4703921226570526,0.23040840456668799,1.8119316101074219,1.0,1.8119316101074219,0.1532353408911454,11.824502099646669,0.0008428150021070375,0.7979282264065851,0.4386358796267157,0.1311701081612586,-0.015715855336427165,0.9067314521034625,0.5423386294707815,0.08301727770754319,-0.009521620443549317,35,2373
detrend_fullspan50_only,7.62939453125e-06,1.501800775527954,1.5196194648742676,1.5494829416275024,0.48721676261363417,0.24748502645810316,1.8108264207839966,1.0,1.8108264207839966,0.15323534604973105,11.817289336079877,0.0008147211687034696,0.8093663618944179,0.4514142748524434,0.1224422905838835,0.007379356225425626,0.9175719508138108,0.5587354675130398,0.0783443367514164,0.010837193731558559,35,2373
robust_shared_first50,7.62939453125e-06,0.8334830403327942,0.8027225136756897,0.00012181980127934366,3.876645151286077e-05,3.876645151286077e-05,1.8117125034332275,1.0,1.8117125034332275,0.15323534379948026,11.823072004876282,0.000805356557568947,0.948434982638138,0.9070918434109708,0.0004495013344570867,0.0036780214574917425,0.9957902825472653,0.9664585524188956,0.00017792761155593014,-0.001158756561658869,35,2373
robust_window_limited,7.62939453125e-06,1.3877763748168945,1.401332974433899,1.335905909538269,0.43649086080905586,0.2757457696109787,1.8082304000854492,1.0,1.8082304000854492,0.1532353434009849,11.800348143924523,0.0008240857798379923,0.8335596682473498,0.4572982354492189,0.11932387507608747,-0.0023223127647863384,0.9441738206102944,0.5040515991005896,0.09781336330008897,-0.0005015624199131707,35,2373
robust_fullspan50,7.62939453125e-06,1.4802757501602173,1.578834056854248,1.5728365182876587,0.506755054176116,0.2419608071175205,1.8094490766525269,1.0,1.8094490766525269,0.15323534510739,11.80830098554895,0.0008521796132415602,0.8009038968711254,0.4333032186083035,0.13173198482932996,-0.03174321674579628,0.9098669646124496,0.5481404985448867,0.08177178442665169,-0.022007651750322932,35,2373
robust_first50,7.62939453125e-06,1.4160864353179932,1.6542441844940186,1.607304334640503,0.5255567831598534,0.24157314260239188,1.8058123588562012,0.9999999999999999,1.8058123588562014,0.15323534779751619,11.784567887315305,0.0008240857798379923,0.7953992077637837,0.4217158234114068,0.13888654773610526,-0.05805329833256401,0.9026733425284659,0.5218973100445433,0.09131432317273025,-0.05361999459323619,35,2373
no_calibration,3.814697265625e-06,0.8174158334732056,0.8105564117431641,0.0005692911799997091,0.0,0.0,1.8137109279632568,0.9999999999999999,1.813710927963257,0.15647933774553094,11.59073749987836,0.00033899527570413647,0.9532517436509256,0.9215536881539005,0.0,0.000910059876197522,0.9969964145694272,0.9693514685260659,7.212665440513542e-06,0.0007790950537295283,36,3081
linear_reference,7.62939453125e-06,0.14295274019241333,0.1564805954694748,0.7681729793548584,0.0,0.0,0.41304633021354675,0.9999999999999998,0.41304633021354686,0.1564793366695642,2.639622195522035,0.00033899527570413647,0.9982906276225719,0.9964261916409066,7.212665440513542e-06,-0.000507519339144058,1.0009375205975335,0.9982398515511642,7.212665440513542e-06,-0.00020226205685225374,36,3081
common_only,0.0,0.8174169063568115,0.8105831146240234,0.0,0.0,0.0,1.820639729499817,1.0000000000000004,1.820639729499816,0.156479343502064,11.635016410174307,0.0003317826102636229,0.9532514159996351,0.921558352820192,0.0,0.00091118658056355,0.9969968126654365,0.9693389579955967,7.212665440513542e-06,0.0007829465366029353,36,3081
detrend_first50_only,7.62939453125e-06,1.4882457256317139,1.567844271659851,1.5874519348144531,0.49786535303776686,0.2627556351694283,1.8210512399673462,0.9999999999999998,1.8210512399673466,0.15647933814086,11.637646615862263,0.0003317826102636229,0.8040925542231696,0.4454190882665642,0.12563741930830538,-0.013849404341869875,0.9036471704272699,0.547581623252625,0.08104150888961016,-0.01167464963986431,36,3081
detrend_fullspan50_only,7.62939453125e-06,1.5392429828643799,1.5496792793273926,1.5550779104232788,0.4922824302134647,0.24763397522018213,1.812995195388794,1.0,1.812995195388794,0.15647933947206075,11.586163397069443,0.0003245699448231094,0.8125163759297357,0.46339170998277823,0.11689566879440297,0.008152751772861011,0.9219686763337644,0.5768547821841628,0.07101590392729633,0.01424899835326987,36,3081
robust_shared_first50,7.62939453125e-06,0.8174169063568115,0.8105831146240234,3.217383692799558e-08,0.0,0.0,1.8157093524932861,1.0,1.8157093524932861,0.15647933686023238,11.603508737483217,0.00033899527570413647,0.9532514158393484,0.921558330443747,0.0,0.000911186138410014,0.9969968124650066,0.9693389440695884,7.212665440513542e-06,0.0007829461427613094,36,3081
robust_window_limited,7.62939453125e-06,1.5817433595657349,1.5946389436721802,1.5474826097488403,0.5172413793103449,0.3333333333333333,1.8270593881607056,0.9999999999999999,1.8270593881607058,0.15647933285727458,11.67604280258003,0.0003317826102636229,0.8125629486427349,0.4660252615949203,0.11656388618413935,-0.000613534612172062,0.9297590819623187,0.6346861940737499,0.058776010674744854,0.00236716396625658,36,3081
robust_fullspan50,7.62939453125e-06,1.5091496706008911,1.5416362285614014,1.5360100269317627,0.48486341244961934,0.24114046872667563,1.8218488693237305,1.0,1.8218488693237305,0.15647933554300889,11.642744155332824,0.0003317826102636229,0.8104851213997338,0.46147349019757133,0.11781888997078871,-0.006103596776957154,0.9201256191146248,0.5763762587983834,0.07106639258537993,0.00017346466117795778,36,3081
robust_first50,7.62939453125e-06,1.431414008140564,1.6091700792312622,1.6001709699630737,0.5115091804746977,0.2625765039558143,1.8151180744171143,1.0000000000000007,1.8151180744171131,0.1564793379642333,11.599730022068462,0.0003317826102636229,0.805910547688843,0.4456956931779949,0.12640917451044034,-0.045580922599111284,0.9153005748873123,0.5597393031410038,0.0772837101951026,-0.04027431937068926,36,3081
no_calibration,3.814697265625e-06,0.8282879590988159,0.8202661871910095,0.0005150589277036488,0.0,0.0,1.8127113580703735,0.9999999999999999,1.8127113580703738,0.17044425347761785,10.635215450712819,0.00041104688503532436,0.950612373604173,0.9156469188888178,0.0,0.0010529897413402711,0.996599994696124,0.9757221840580865,0.0,0.0003247428912622752,37,2595
linear_reference,7.62939453125e-06,0.13586269319057465,0.13500848412513733,0.7850201725959778,0.0,0.0,0.3449125289916992,1.0,0.3449125289916992,0.17044424013864357,2.023609179818214,0.0004024834082637551,0.9990496635045975,0.9973937622869411,0.0,2.8958845460946847e-05,1.0014248360224722,0.9988716789335357,0.0,6.635564119283899e-06,37,2595
common_only,0.0,0.8282886147499084,0.8202702403068542,0.0,0.0,0.0,1.8163493871688843,0.9999999999999998,1.8163493871688847,0.17044424684216938,10.65656025838652,0.0004024834082637551,0.950607546591579,0.9156388320264274,0.0,0.001048412553541933,0.9965886512766771,0.9756712018520171,0.0,0.0003124614505388701,37,2595
detrend_first50_only,7.62939453125e-06,1.4625730514526367,1.5482680797576904,1.5820249319076538,0.5145097204484178,0.2574145026252306,1.8130377531051636,1.0,1.8130377531051636,0.17044425752649014,10.637130164525399,0.0003939199314921858,0.8075326954065487,0.45585715157634016,0.12393919931492185,-0.030179218012801656,0.9132159529067008,0.5473555669388986,0.08242346392635409,-0.02869514576527632,37,2595
detrend_fullspan50_only,7.62939453125e-06,1.5621607303619385,1.5701334476470947,1.589564323425293,0.5099865190861359,0.25344118064424576,1.8132330179214478,1.0,1.8132330179214478,0.17044425835487104,10.638275735555913,0.0004024834082637551,0.8002932766345063,0.45859662293835673,0.12285163776493256,-0.011425731215695012,0.9076466955934371,0.5563280532702164,0.0801113251980304,-0.01887766343488284,37,2595
robust_shared_first50,7.62939453125e-06,0.8282886147499084,0.8202702403068542,3.270842796609941e-08,0.0,0.0,1.8137857913970947,1.0,1.8137857913970947,0.17044424222047813,10.64151987634098,0.0003939199314921858,0.9506075465140144,0.9156388504043033,0.0,0.001048412787702624,0.9965886511073238,0.9756711884071673,0.0,0.00031246165313991714,37,2595
robust_window_limited,7.62939453125e-06,1.4140031337738037,1.422013282775879,1.4992300271987915,0.4827586206896552,0.2413793103448276,1.8170685768127441,0.9999999999999999,1.8170685768127444,0.17044425710548214,10.660779117293593,0.0004024834082637551,0.8570442373982428,0.5013287687229782,0.09935345750374652,0.0004312042609883049,0.9634560480315332,0.6197128112547394,0.05417255405694712,0.0013299289840726924,37,2595
robust_fullspan50,7.62939453125e-06,1.5668150186538696,1.549695611000061,1.5428979396820068,0.47612459202497515,0.23914431673052364,1.8138867616653442,0.9999999999999999,1.8138867616653445,0.17044424567846517,10.642112055147663,0.00041104688503532436,0.8033737335217401,0.45981577439631977,0.12192678227360308,0.001999686638727738,0.9108399110222003,0.5537653795982826,0.07982016698779705,-9.490475691531497e-05,37,2595
robust_first50,7.62939453125e-06,1.4850460290908813,1.5775465965270996,1.5990591049194336,0.5189087554987938,0.25798212005108556,1.8123466968536377,0.9999999999999999,1.812346696853638,0.17044425992994294,10.633075573202404,0.00041104688503532436,0.8084908308296955,0.4630763924780943,0.1191093984157568,-0.010487021861811496,0.912853204783103,0.5619713580948472,0.0780475272960822,-0.006060800093431684,37,2595
no_calibration,7.62939453125e-06,0.6864575147628784,0.705941915512085,0.00018600189650896937,0.0,0.0,1.8116356134414673,1.0,1.8116356134414673,0.14768347499825066,12.267016424572393,0.0005420054200542005,0.9663232870024683,0.9380567868292451,0.0,-0.0023440137635664104,0.9983167908292746,0.9775619607604314,0.0,-0.00032999840048952844,38,2583
linear_reference,7.62939453125e-06,0.1663270741701126,0.16787709295749664,0.656815230846405,0.0,0.0,0.5072032809257507,1.0000000000000002,0.5072032809257506,0.14768348046837804,3.4343941469767367,0.0004645760743321719,0.9977634132299973,0.9948785033514737,0.0,-5.226874357100453e-05,1.0007031907037527,0.9974046583356239,0.0,3.4604004887750506e-05,38,2583
common_only,0.0,0.6864558458328247,0.7059566378593445,0.0,0.0,0.0,1.811337947845459,1.0,1.811337947845459,0.14768347807985968,12.265000603967222,0.0004645760743321719,0.9663232703307231,0.9380560770080602,0.0,-0.0023453234702562886,0.9983178766616527,0.977567673755579,0.0,-0.00032976443497112484,38,2583
detrend_first50_only,1.1444091796875e-05,1.3288160562515259,1.6010870933532715,1.6032520532608032,0.5130891918381895,0.2657221776708545,1.824413776397705,1.0,1.824413776397705,0.14768347249247518,12.353540620401265,0.0004817825956037338,0.8147724027345092,0.4955512446699986,0.10200886135845486,-0.04058481763392241,0.9180209237060107,0.592300895276213,0.06794855250139803,-0.019856826625049395,38,2583
detrend_fullspan50_only,1.1444091796875e-05,1.5058671236038208,1.5966161489486694,1.5998538732528687,0.5160652232023523,0.25592087677091685,1.816712737083435,1.0,1.816712737083435,0.14768347828177783,12.301394565051988,0.0004817825956037338,0.803993932216609,0.4598215307423512,0.1224588118897062,-0.04151179731608434,0.9060595287701461,0.5569780395777458,0.07900374241837657,-0.04738659154767988,38,2583
robust_shared_first50,7.62939453125e-06,0.6864558458328247,0.7059566378593445,3.0861787791991446e-08,0.0,0.0,1.8145229816436768,1.0,1.8145229816436768,0.14768347153358857,12.286567770930198,0.00045597281369639094,0.9663232705783674,0.938056048640709,0.0,-0.002345323171119351,0.9983178769302588,0.9775676523238881,0.0,-0.00032976411559970664,38,2583
robust_window_limited,1.1444091796875e-05,1.3199321031570435,1.331951379776001,1.0651911497116089,0.367816091954023,0.16091954022988506,1.816877007484436,1.0,1.816877007484436,0.14768347474843055,12.302507173394796,0.0004301630317890481,0.8536787880909463,0.6408869504581602,0.037561835935819674,-0.0005963320732315092,0.9484184264097177,0.6850409747330582,0.02525056996601712,0.0013251068408708377,38,2583
robust_fullspan50,7.62939453125e-06,1.4615522623062134,1.6406683921813965,1.6339430809020996,0.5311057649469839,0.2756660429475185,1.8153690099716187,1.0000000000000002,1.8153690099716182,0.14768347158527775,12.29229642616682,0.00045597281369639094,0.8050260136657166,0.4609561683772027,0.12100486084225921,-0.032815024534533,0.9120681022180931,0.5621027392494442,0.07708521529659741,-0.01944688735088651,38,2583
robust_first50,1.1444091796875e-05,1.324678897857666,1.4939221143722534,1.5847684144973755,0.5135881671567317,0.2508954824913125,1.8148301839828491,1.0,1.8148301839828491,0.14768347764534945,12.288647402663585,0.0004645760743321719,0.8148783534791371,0.4776380017358652,0.11148965457908547,-0.03018382431897182,0.9113101769994654,0.5667505714415396,0.0760528240203037,-0.011379818300892075,38,2583
no_calibration,7.62939453125e-06,0.618560791015625,0.6723419427871704,0.0007072368171066046,0.00013806910358634496,0.00013806910358634496,1.821214199066162,1.0000000000000002,1.8212141990661617,0.18966314106900437,9.602362318799504,0.0007007007007007007,0.9673941805475289,0.9427186790221227,0.0020353687020353687,-0.005221038173603643,0.9974399843876951,0.9789756040207022,0.0007674341007674341,-6.4857044074217995e-06,39,2664
linear_reference,1.52587890625e-05,0.1761757731437683,0.18767349421977997,0.6170606017112732,0.00018984501743122433,0.00018984501743122433,0.6063111424446106,1.0000000000000002,0.6063111424446105,0.18966314026485684,3.1967789924701333,0.0006589923256589923,0.9944578259649038,0.993446377611961,0.0009926593259926594,-0.0006549963879544096,1.001335580888767,0.9970934298521866,0.000642308975642309,0.0008117451094404871,39,2664
common_only,0.0,0.618942141532898,0.6723114252090454,0.0,0.0,0.0,1.812753438949585,0.9999999999999999,1.8127534389495852,0.18966313723175973,9.55775310588943,0.0006256256256256256,0.9673953540065581,0.9427321084478801,0.002027027027027027,-0.005217093184912813,0.9974408705652528,0.978978293298739,0.0007674341007674341,-2.178683271458759e-06,39,2664
detrend_first50_only,1.52587890625e-05,1.4561463594436646,1.5583879947662354,1.5803519487380981,0.5029167098132615,0.25035380207794,1.8115345239639282,1.0,1.8115345239639282,0.18966314061880873,9.551326198930822,0.0006589923256589923,0.8186696715297904,0.4827209947857305,0.10819986653319986,-0.029202578668802492,0.9351101065416481,0.5851706618440872,0.07042876209542877,-0.028947011986743654,39,2664
detrend_fullspan50_only,1.52587890625e-05,1.5632504224777222,1.5517038106918335,1.5778177976608276,0.49981015498256876,0.25378827102965035,1.8128963708877563,1.0,1.8128963708877563,0.18966314034335832,9.558506558553042,0.0006923590256923591,0.809890084108699,0.48342410150043313,0.10868368368368368,-0.0032019604838894322,0.9238259223183749,0.580706635112599,0.07052052052052052,-0.004002047226637662,39,2664
robust_shared_first50,1.52587890625e-05,0.6187252998352051,0.6722572445869446,0.0007048858096823096,0.00022436229332781056,0.00022436229332781056,1.8103108406066895,0.9999999999999999,1.8103108406066897,0.18966314630829592,9.544874035064481,0.000642308975642309,0.9673953538858694,0.9427321614129542,0.002027027027027027,-0.005217093434394027,0.9974408712285803,0.9789783391708005,0.0007674341007674341,-2.179228096199637e-06,39,2664
robust_window_limited,1.52587890625e-05,1.4196363687515259,1.4445408582687378,1.3367834091186523,0.42513202858030447,0.1838907873390632,1.8168902397155762,1.0,1.8168902397155762,0.18966313924741263,9.579564310308452,0.0006506506506506507,0.8443356113908888,0.5353739875375935,0.08381715048381715,-0.004301458352451437,0.9635067603213652,0.6237520018676919,0.04134134134134134,-0.00766405087853772,39,2664
robust_fullspan50,1.52587890625e-05,1.4955828189849854,1.5633412599563599,1.5306017398834229,0.4796520658589624,0.24346760553657104,1.8153544664382935,0.9999999999999999,1.8153544664382937,0.18966314068132217,9.57146686444736,0.000667334000667334,0.8111211790768995,0.48578302129009954,0.10694861528194861,-0.01944791214419228,0.9276708807893228,0.5867436467280295,0.06782615949282617,-0.019512591160426473,39,2664
robust_first50,1.52587890625e-05,1.4307985305786133,1.5835320949554443,1.615334391593933,0.5194677436056746,0.27413620517068793,1.8138606548309326,0.9999999999999999,1.8138606548309328,0.18966314317726704,9.563590608300862,0.0006506506506506507,0.8180901229263804,0.4852381091438755,0.10745745745745745,-0.0132041480277304,0.9311079764544826,0.5821997790985343,0.07163830497163831,-0.003483318725856499,39,2664
no_calibration,3.814697265625e-06,0.8000714778900146,0.8000349402427673,0.0005317666800692677,0.0,0.0,1.8134382963180542,1.0000000000000002,1.8134382963180538,0.1815515609595805,9.988557998252556,0.0004778038398054035,0.9533751059547677,0.924558372078749,0.0,-0.00017317905306768466,0.9960970298285033,0.9766451305599856,0.0,-3.258499588676411e-05,40,2558
linear_reference,7.62939453125e-06,0.12711304426193237,0.1271573305130005,0.7618786096572876,0.0,0.0,0.3775768280029297,1.0000000000000002,0.3775768280029296,0.181551564817925,2.079722245201219,0.00042567978455390496,0.999205802291245,0.9977429593550705,0.0,-1.4731061292350134e-05,1.0011943296938186,0.9992265820592396,0.0,-2.527100974392127e-05,40,2558
common_only,0.0,0.8000713586807251,0.8000327348709106,0.0,0.0,0.0,1.817847490310669,1.0,1.817847490310669,0.18155155755160993,10.01284436677943,0.0004169924420119885,0.9533725412295004,0.9245626080167335,0.0,-0.00017731109631446973,0.9960934921165909,0.976645209611085,0.0,-3.815740476031948e-05,40,2558
detrend_first50_only,7.62939453125e-06,1.3282705545425415,1.5445374250411987,1.5553964376449585,0.509200798661702,0.2513445937438167,1.8107833862304688,1.0000000000000002,1.8107833862304683,0.18155156243131065,9.973934467876429,0.00042567978455390496,0.8394213750625866,0.5361111190922372,0.08681261402137086,-0.042290516260030664,0.9433207983256814,0.646582272335791,0.04847537138389367,-0.024386945807014948,40,2558
detrend_fullspan50_only,7.62939453125e-06,1.514154314994812,1.5671476125717163,1.573462724685669,0.5010702786322019,0.24913208497472702,1.8109796047210693,1.0,1.8109796047210693,0.18155156147865265,9.975015306789357,0.00044305446963773784,0.8022166970281001,0.4466440750102318,0.1263487099296325,-0.010414216276695809,0.9072179675902035,0.5509906839995881,0.08127008947962819,-0.010079568201475597,40,2558
robust_shared_first50,7.62939453125e-06,0.8000713586807251,0.8000327348709106,3.2825013818182924e-08,0.0,0.0,1.812713623046875,1.0000000000000002,1.8127136230468746,0.18155156505236944,9.984566216898152,0.0004343671270958214,0.9533725410807763,0.9245626365869642,0.0,-0.00017731123226694123,0.9960934919937693,0.9766452017560073,0.0,-3.81574278813801e-05,40,2558
robust_window_limited,7.62939453125e-06,1.44560706615448,1.4632182121276855,1.2632535696029663,0.40229885057471265,0.16091954022988506,1.7984509468078613,1.0000000000000002,1.7984509468078609,0.18155155971694975,9.906006589046985,0.0004343671270958214,0.8650587590780136,0.6229191155439276,0.030779254626009903,-0.0032225654832183093,0.973816233392744,0.7518446898452247,0.0023890191990270176,-0.0019668468861594457,40,2558
robust_fullspan50,7.62939453125e-06,1.5211970806121826,1.5496129989624023,1.5588747262954712,0.4943787886964186,0.24584030363534978,1.8123565912246704,1.0000000000000002,1.81235659122467,0.18155156172982578,9.98259984081939,0.0004343671270958214,0.8029907312780602,0.448264195340518,0.12487186169750673,-0.0011400934729783874,0.909232484465409,0.5649188931163865,0.07604899661193641,0.0019640520250113758,40,2558
robust_first50,7.62939453125e-06,1.382584571838379,1.557746171951294,1.591915249824524,0.5133559980573094,0.2590613926213732,1.8146276473999023,1.0000000000000004,1.8146276473999015,0.18155155886749624,9.995109150917795,0.00042567978455390496,0.8041729607235332,0.47040704419426876,0.11455998610025193,-0.05926609809642036,0.9009298855100073,0.5650095912657143,0.07127095821388238,-0.05067629208212143,40,2558
no_calibration,3.814697265625e-06,0.8587803840637207,0.8567633628845215,0.00013658581883646548,0.0,0.0,1.813625454902649,1.0000000000000002,1.8136254549026485,0.1886832055421983,9.612013160848267,0.00038863627530993743,0.9468437961162719,0.9089350142153005,0.0,0.00019834457889089663,0.9945985884837988,0.9704610095202962,0.0,-1.4068960306978795e-05,41,2859
linear_reference,7.62939453125e-06,0.1235751062631607,0.12428795546293259,0.8214311003684998,0.0,0.0,0.3297349214553833,1.0,0.3297349214553833,0.18868320300868327,1.7475584270222972,0.0003497726477789437,0.9992770536614638,0.9981017825922324,0.0,-2.1284581685376835e-05,1.001231798275868,0.9992751829457726,0.0,-1.713844515194296e-07,41,2859
common_only,0.0,0.8587805032730103,0.8567643165588379,0.0,0.0,0.0,1.8187958002090454,1.0000000000000002,1.818795800209045,0.18868320335344035,9.639415527634895,0.00036531809879134116,0.9468436301369271,0.9089334878481296,0.0,0.00019705556616289588,0.9945986403629877,0.9704638345958505,0.0,-1.5568977475233226e-05,41,2859
detrend_first50_only,7.62939453125e-06,1.1619000434875488,1.5108580589294434,1.3937385082244873,0.4182845552013909,0.15340159052126598,1.8155372142791748,0.9999999999999998,1.8155372142791752,0.1886831990428196,9.622145604321444,0.0003730908242975399,0.852225211677958,0.6035931466278355,0.063355485601026,-0.06908448055407568,0.9619023465746166,0.7737572104830325,0.019012086588162138,-0.042981181517296574,41,2859
detrend_fullspan50_only,1.1444091796875e-05,1.19376540184021,1.4410771131515503,1.3219510316848755,0.39874110563765736,0.21621752149135517,1.8131237030029297,1.0000000000000002,1.8131237030029292,0.1886832045688821,9.609353981164853,0.0003730908242975399,0.847002380624652,0.5894908720344721,0.06784812094360888,-0.06101861071355996,0.9389896152850856,0.6861584071102533,0.03400567408961953,-0.029382252727167102,41,2859
robust_shared_first50,7.62939453125e-06,0.8587805032730103,0.8567643165588379,3.234126211282273e-08,0.0,0.0,1.81450617313385,1.0000000000000002,1.8145061731338497,0.18868320173601252,9.616681063492518,0.00036531809879134116,0.9468436301707088,0.9089334444062404,0.0,0.00019705511316647772,0.9945986403209064,0.9704637764582441,0.0,-1.5569397879833247e-05,41,2859
robust_window_limited,7.62939453125e-06,1.0367438793182373,1.041332721710205,0.33380642533302307,0.10344827586206896,0.05747126436781609,1.823452353477478,1.0000000000000002,1.8234523534774776,0.18868320179501202,9.66409482206318,0.00036531809879134116,0.9373090293549486,0.8864628503914596,0.0,-0.00026326843234814046,0.9893240151434534,0.9508328686867562,0.0,-0.0005978028433354377,41,2859
robust_fullspan50,7.62939453125e-06,1.2350966930389404,1.3630030155181885,1.2670183181762695,0.3894523326572008,0.18361827489616536,1.8157542943954468,1.0,1.8157542943954468,0.1886832039580148,9.623295854142285,0.00038086354980373867,0.8567940770116719,0.6164003328376887,0.052947806148225876,-0.03265887925220279,0.9426109825869909,0.7254394850940991,0.030896583887140026,-0.02543919033018749,41,2859
robust_first50,7.62939453125e-06,1.1141985654830933,1.701849341392517,1.5277327299118042,0.4654850445925497,0.2523584146302199,1.8004155158996582,1.0000000000000002,1.8004155158996578,0.18868320587760115,9.542001936661963,0.00036531809879134116,0.810000559934777,0.4777375111170267,0.11067583848276398,-0.16863066240178792,0.9121092968695149,0.5965633973865913,0.052209397225137,-0.1415566840747995,41,2859
no_calibration,3.814697265625e-06,0.8224548697471619,0.841415524482727,0.0008685577195137739,0.0,0.0,1.813321590423584,1.0000000000000007,1.8133215904235829,0.19034981633950107,9.526258681486768,0.0003836505828537701,0.9525387483509327,0.9166949588818475,0.0,-0.0017059754316376408,0.9949520777746361,0.9734638766481777,0.0,-0.00019089271460648316,42,3012
linear_reference,7.62939453125e-06,0.12630777060985565,0.12976641952991486,0.8029679656028748,0.0,0.0,0.3485158681869507,1.0000000000000002,0.34851586818695063,0.1903498202830946,1.8309230219846084,0.00036889479120554816,0.9991785603120028,0.9978930179085016,0.0,-7.12212844864446e-05,1.0010935426132666,0.9991530837859739,0.0,8.602848694416743e-05,42,3012
common_only,0.0,0.8224547505378723,0.8414102792739868,0.0,0.0,0.0,1.8116159439086914,0.9999999999999998,1.8116159439086919,0.19034981460856906,9.517298178798105,0.0003541389995573263,0.952535271836633,0.9166737538842868,0.0,-0.0017126315974728135,0.9949492165145892,0.9734706953560416,0.0,-0.0001950750009104274,42,3012
detrend_first50_only,7.62939453125e-06,1.368364691734314,1.5621823072433472,1.5940426588058472,0.5128604356520279,0.26285661949901545,1.811131477355957,1.0000000000000004,1.8111314773559561,0.19034981151195005,9.514753195551524,0.00036889479120554816,0.8109151560281673,0.4721588462270701,0.11263095765087797,-0.03797228400552877,0.9171204396366193,0.5961990585204096,0.06274162608823963,-0.015533766384426384,42,3012
detrend_fullspan50_only,7.62939453125e-06,1.5620158910751343,1.5922117233276367,1.5668107271194458,0.501854650364061,0.24988169925661338,1.8092674016952515,0.9999999999999996,1.8092674016952524,0.19034982249296065,9.504959752521756,0.0003467611037332153,0.7982444165354305,0.4431558498151105,0.13078058137819093,0.0013872245464178201,0.9057404693707549,0.5441681849356835,0.08370222812453888,0.006319057909743742,42,3012
robust_shared_first50,7.62939453125e-06,0.8224547505378723,0.8414102792739868,3.226344347240229e-08,0.0,0.0,1.8152512311935425,0.9999999999999999,1.8152512311935427,0.19034981506796203,9.536396084994513,0.0003541389995573263,0.9525352717112225,0.9166737862940341,0.0,-0.001712631533164366,0.9949492163923485,0.973470778650248,0.0,-0.00019507493653625474,42,3012
robust_window_limited,7.62939453125e-06,1.3804690837860107,1.3897013664245605,1.0640133619308472,0.39080459770114945,0.19540229885057472,1.8210148811340332,1.0000000000000004,1.8210148811340323,0.19034981154087227,9.566675513850043,0.0003541389995573263,0.8366798234542109,0.4392631830695897,0.13162166150213958,-0.000617286760071889,0.9249165514662337,0.5851756370038342,0.05090010329054154,9.474019833755065e-05,42,3012
robust_fullspan50,7.62939453125e-06,1.5709983110427856,1.565285086631775,1.5636439323425293,0.500129749202424,0.2438521774969089,1.8170558214187622,1.0000000000000002,1.8170558214187618,0.19034981224467004,9.54587661522446,0.00036889479120554816,0.8000212851393356,0.4451608169287419,0.12838276523535488,-0.01170086823079397,0.9069034348315728,0.5532250554228364,0.08080271506566328,-0.015606153350740337,42,3012
robust_first50,7.62939453125e-06,1.3905606269836426,1.5098843574523926,1.4925298690795898,0.4787287631084856,0.2215505792920273,1.8189020156860352,1.0000000000000002,1.8189020156860347,0.19034981776723645,9.555575293012494,0.00036889479120554816,0.8107244256803885,0.45033297431010183,0.12523978161428362,-0.004294559951675048,0.9061000493519709,0.5549424785103186,0.07931975800501696,0.004216737987123853,42,3012
no_calibration,3.814697265625e-06,0.7824018001556396,0.7836920619010925,8.18384432932362e-05,0.0,0.0,1.81242835521698,1.0000000000000002,1.8124283552169795,0.1921990561316501,9.429954504956182,0.000394791785294006,0.9556243785224312,0.9296053639001277,0.0,-0.0003119635583924696,0.9965901442386397,0.9777419398755662,0.0,-0.00012921031463808408,43,2927
linear_reference,7.62939453125e-06,0.11835821717977524,0.11717027425765991,0.7519851326942444,0.0,0.0,0.31560781598091125,0.9999999999999998,0.3156078159809113,0.1921990516856442,1.642088310077155,0.0003644231864252363,0.9993304681881455,0.998121548004686,0.0,1.4576937438004478e-05,1.0010656534464322,0.9993657504923188,0.0,-1.9931559587682557e-05,43,2927
common_only,0.0,0.7824022769927979,0.7836968302726746,0.0,0.0,0.0,1.805976152420044,1.0000000000000002,1.8059761524200435,0.19219905648834845,9.396384068771567,0.0003568310367080439,0.9556240684465045,0.9296003252124808,0.0,-0.0003120705736057161,0.9965898077893008,0.9777414876875319,0.0,-0.0001297107640562123,43,2927
detrend_first50_only,7.62939453125e-06,1.1031198501586914,1.6051570177078247,1.5925815105438232,0.5097881975564885,0.2667578659370725,1.81322181224823,1.0,1.81322181224823,0.19219906483403293,9.434082386477671,0.00037201533614242873,0.7919954301402424,0.4303655976635045,0.13047868503966897,-0.10033930545231584,0.879660913917933,0.5306325673128475,0.0876741449341381,-0.07747363091312343,43,2927
detrend_fullspan50_only,7.62939453125e-06,1.3699977397918701,1.4751466512680054,1.4477744102478027,0.4409013003758039,0.21560765444910923,1.8198046684265137,0.9999999999999998,1.8198046684265141,0.19219904824676612,9.468333402411284,0.0003644231864252363,0.8070869766826051,0.44781177474669137,0.12249933568689975,-0.057907286514060075,0.8998189606236402,0.5467222154710463,0.08096268458414,-0.05992991335347986,43,2927
robust_shared_first50,7.62939453125e-06,0.7824022769927979,0.7836968302726746,3.32417009474284e-08,0.0,0.0,1.8065675497055054,1.0,1.8065675497055054,0.1921990574494685,9.399461025871442,0.0003568310367080439,0.9556240683364604,0.9296003511874407,0.0,-0.000312070623499916,0.9965898076740266,0.9777415317158042,0.0,-0.00012971073931722366,43,2927
robust_window_limited,7.62939453125e-06,0.7912002205848694,0.7928062677383423,0.022862480953335762,0.0,0.0,1.8087674379348755,0.9999999999999997,1.8087674379348762,0.19219905846625404,9.410906860672554,0.0003644231864252363,0.9548556019273692,0.9280260888952894,0.0,-0.0003430581773299357,0.9970072544242061,0.9762986560872324,0.0,-0.00011709859729369665,43,2927
robust_fullspan50,7.62939453125e-06,1.3663392066955566,1.5679203271865845,1.48621666431427,0.4799911945532022,0.2277937638567857,1.7466130256652832,1.0000000000000002,1.7466130256652828,0.19219904453387537,9.087521896381956,0.00034923888699085146,0.8149804623813522,0.45432039388955137,0.11906768401472877,-0.04052350038523145,0.923403616791867,0.5617663729368507,0.08106897468018069,-0.025026705029643548,43,2927
robust_first50,7.62939453125e-06,0.8506711721420288,1.374884009361267,1.1473984718322754,0.2894947874899759,0.10426592449329371,1.8197977542877197,1.0,1.8197977542877197,0.1921990577357938,9.468296961108429,0.00037960748585962116,0.9037660985998877,0.7450583728611121,0.02973845044224272,-0.09369464675995365,0.9834932096751324,0.8426506447883156,0.015169115134950461,-0.0460655554802224,43,2927
no_calibration,7.62939453125e-06,0.7329109311103821,0.7401623129844666,0.0007883221842348576,0.0,0.0,1.8139219284057617,1.0000000000000004,1.8139219284057608,0.18852785507091366,9.62150621044018,0.0005371783997738197,0.9614204890654146,0.928198754570631,0.0,-0.0007202731370848925,0.9964919251050394,0.9764799225265656,0.0,0.00032247074318658697,44,2358
linear_reference,1.1444091796875e-05,0.1515151858329773,0.15048246085643768,0.6934016942977905,0.0,0.0,0.4589225649833679,1.0000000000000002,0.4589225649833678,0.18852785785847964,2.434242717210858,0.0004994816699651305,0.9982461938512927,0.9962433308247969,0.0,-0.00011572772468015913,1.0010135919192837,0.9983918373762309,0.0,-4.914649289666784e-05,44,2358
common_only,0.0,0.7329108715057373,0.7401797771453857,0.0,0.0,0.0,1.8060309886932373,1.0000000000000002,1.8060309886932369,0.18852785478775394,9.579650660781562,0.000480633305060786,0.9614170192935119,0.9281561142666511,0.0,-0.0007239500924699493,0.996487427145077,0.9764730617446858,0.0,0.00031764403419320963,44,2358
detrend_first50_only,1.1444091796875e-05,1.4633877277374268,1.5715365409851074,1.6154420375823975,0.5323849111098101,0.25308822668462033,1.815119743347168,0.9999999999999999,1.8151197433471682,0.18852785768496355,9.627859593993238,0.00046178494015644144,0.8102099102131892,0.4544494623735419,0.12401281688813495,-0.017467163375927686,0.9191902937304359,0.5611542688867188,0.07761756667609085,-0.008310479402172,44,2358
detrend_fullspan50_only,1.1444091796875e-05,1.533901572227478,1.5669130086898804,1.5652685165405273,0.4957750326873914,0.25176121616611047,1.8092219829559326,1.0,1.8092219829559326,0.18852785605752337,9.596576446527378,0.0004429365752520969,0.8143202341750783,0.4860707859917146,0.10647441334464235,-0.00485120841485942,0.9240609594177048,0.5938017494760816,0.06493261709546697,-0.005292669851965304,44,2358
robust_shared_first50,7.62939453125e-06,0.7329108715057373,0.7401797771453857,3.140498350262533e-08,0.0,0.0,1.814695119857788,0.9999999999999997,1.8146951198577888,0.18852785587693321,9.625607374659692,0.0004712091226086137,0.9614170193974594,0.9281561129425061,0.0,-0.0007239505707384852,0.9964874272398798,0.9764730870877614,0.0,0.0003176436800939042,44,2358
robust_window_limited,1.1444091796875e-05,1.3019589185714722,1.3076684474945068,1.3074002265930176,0.39080459770114945,0.21839080459770116,1.7995820045471191,1.0000000000000002,1.7995820045471187,0.18852785337199265,9.545443669781166,0.0005089058524173028,0.8361222722841428,0.4476578901870629,0.1249835076807087,-0.0020409792633691026,0.9133446634807731,0.5640877407193519,0.07138818207520498,0.002468877349753873,44,2358
robust_fullspan50,1.1444091796875e-05,1.5520217418670654,1.537155032157898,1.5272619724273682,0.4732158538727241,0.2283628983470913,1.814560055732727,0.9999999999999999,1.8145600557327273,0.18852785183627166,9.624891166259054,0.0005089058524173028,0.8049851524087207,0.46396450718700083,0.11911224201300537,-0.003297384651357649,0.9143639950021797,0.573408238930397,0.07200075393459618,-0.006635373502752118,44,2358
robust_first50,1.1444091796875e-05,1.4237332344055176,1.5962985754013062,1.5941269397735596,0.5031126202603282,0.2484436898698359,1.8134397268295288,0.9999999999999996,1.8134397268295297,0.18852785821488005,9.61894832944322,0.0004712091226086137,0.8062624439230763,0.4555523189863747,0.12363584959004806,-0.015417726179341673,0.9142925718133889,0.56202367515047,0.07735368956743002,0.00025176811930882614,44,2358
no_calibration,3.814697265625e-06,0.9780192375183105,0.9546443223953247,0.031662289053201675,0.010036593328170789,0.010036593328170789,1.7987782955169678,1.0000000000000002,1.7987782955169673,0.1875839321489189,9.589191754915106,0.021400806747341402,0.9148599036174432,0.8144110318660062,0.032042537587092045,0.003105243367173438,1.1430987659933918,0.9022419944308069,0.022456912357902457,0.11271848415864971,45,3030
linear_reference,7.62939453125e-06,0.520470917224884,0.5088006854057312,0.63243168592453,0.011357597291182677,0.011357597291182677,1.0014880895614624,1.0000000000000004,1.001488089561462,0.1875839213212806,5.338880232950157,0.021400806747341402,0.9497402498374434,0.8343750056194038,0.027363403006967362,0.001425196563092257,1.1609721373377162,0.9150962215475408,0.019882654932159884,0.20143292683674807,45,3030
common_only,0.0,0.9863197207450867,0.9682388305664062,0.0,0.0,0.0,1.7936877012252808,1.0000000000000009,1.7936877012252792,0.18758394028430267,9.562053651857209,0.021400806747341402,0.914859957842378,0.8144119041904955,0.03212321232123212,0.003104216984056385,1.143101875323038,0.9022440237093268,0.022456912357902457,0.11271745568300862,45,3030
detrend_first50_only,7.62939453125e-06,1.3253525495529175,1.5220221281051636,1.5690646171569824,0.4945869205423708,0.27317450917869995,1.794628381729126,1.0000000000000004,1.794628381729125,0.18758393124982065,9.56706883032041,0.021400806747341402,0.8083525539045799,0.4320087998716492,0.1304950495049505,-0.049427878361330446,1.114352570351449,0.5438298541645252,0.08346167950128346,0.14805028217440652,45,3030
detrend_fullspan50_only,7.62939453125e-06,1.523540735244751,1.5744364261627197,1.5347247123718262,0.4871923351402238,0.2432317526837638,1.7956832647323608,1.000000000000001,1.7956832647323588,0.18758393915948005,9.572691952085021,0.021400806747341402,0.8032149742236411,0.4323645724761569,0.13098643197653098,-0.031957012959081044,1.1382955396325563,0.5458601746945563,0.081004767143381,0.1842963200502774,45,3030
robust_shared_first50,7.62939453125e-06,0.9867490530014038,0.9659491777420044,0.03482234477996826,0.011084286126421598,0.011084286126421598,1.7967114448547363,1.0000000000000002,1.7967114448547359,0.1875839347935598,9.578173348544247,0.02140814081408141,0.9148599572914143,0.814411912088851,0.03220388705537221,0.0031042161277690106,1.143102144273275,0.9022440304384138,0.022456912357902457,0.11272043250035013,45,3030
robust_window_limited,7.62939453125e-06,1.2360907793045044,1.2250295877456665,0.9868376851081848,0.31093700177652256,0.12939765256077376,1.803391933441162,0.9999999999999996,1.803391933441163,0.18758393239263035,9.613786801667521,0.021400806747341402,0.9002726686396217,0.7099069652456257,0.04107077374404107,0.0016017287927929669,1.2065420137004772,0.8221752170514756,0.02712137880454712,0.16745345802372347,45,3030
robust_fullspan50,7.62939453125e-06,1.5293899774551392,1.5044831037521362,1.5368086099624634,0.48877146631439894,0.25547001928362106,1.7940948009490967,1.0000000000000013,1.7940948009490942,0.1875839347766483,9.564224159629035,0.021400806747341402,0.8148384259476846,0.46328300616039597,0.1158049138247158,0.0033496142988699296,1.1300200862883383,0.585124149769788,0.06990099009900991,0.09348154629213012,45,3030
robust_first50,7.62939453125e-06,1.3233380317687988,1.4408990144729614,1.483129858970642,0.4651452345161633,0.22994579328565573,1.8048813343048096,0.9999999999999999,1.8048813343048098,0.187583930675369,9.621726806803725,0.021400806747341402,0.8209591437388153,0.4429809959570616,0.1250971763843051,-0.040837370663276196,1.106728913576146,0.5457894433564175,0.08367436743674367,0.08615151376023533,45,3030
no_calibration,3.814697265625e-06,0.9046038389205933,0.8986905217170715,0.02237633429467678,0.0069496276392828115,0.0069496276392828115,1.802687168121338,0.9999999999999998,1.8026871681213383,0.1613099159550105,11.175302878616025,0.01507936507936508,0.9239628462518366,0.8597696656409592,0.024667308000641333,-0.00046793892281482563,1.0512804574254677,0.9267260349171752,0.01727593394260061,-0.007636063930490433,46,2772
linear_reference,7.62939453125e-06,0.4281022250652313,0.4309624433517456,0.6519859433174133,0.008359456635318705,0.008359456635318705,0.9767555594444275,1.0000000000000004,0.976755559444427,0.1613099161693246,6.055148887555938,0.015047298380631714,0.9609242869789246,0.8961055072590308,0.020442520442520443,-0.0021183684316005147,1.0444943969213873,0.9496593358945373,0.014999198332531665,-0.0037172178032607306,46,2772
common_only,0.0,0.9147127866744995,0.9068595170974731,0.0,0.0,0.0,1.8040755987167358,1.0000000000000007,1.8040755987167347,0.16130992406575861,11.183909540378293,0.015055315055315056,0.9239637928426186,0.8598081041185359,0.02477152477152477,-0.0004663518795958721,1.0512834074123931,0.9267422255484821,0.01728395061728395,-0.007626307684349243,46,2772
detrend_first50_only,7.62939453125e-06,1.516092300415039,1.573528528213501,1.5607876777648926,0.49067024929093894,0.2540511850856678,1.8044860363006592,0.9999999999999993,1.8044860363006603,0.16130992034008115,11.186454202545987,0.015063331729998396,0.8063686602658563,0.46085565072720097,0.12012987012987013,-0.0002544360359700848,1.0005894761191785,0.5701457466719095,0.0736892736892737,0.06252878593637634,46,2772
detrend_fullspan50_only,7.62939453125e-06,1.521582007408142,1.5526145696640015,1.5839749574661255,0.5063939891526098,0.2662420593455076,1.799818515777588,1.0000000000000002,1.7998185157775874,0.1613099129512276,11.157519602169565,0.015055315055315056,0.8072473857906903,0.4603818474358897,0.11982523649190316,0.00012764936907794233,0.9899307238281642,0.5653089237057776,0.07732082732082732,-0.014860441489315646,46,2772
robust_shared_first50,7.62939453125e-06,0.9129410982131958,0.9073805809020996,0.026157822459936142,0.008326284188353154,0.008326284188353154,1.798166036605835,1.0000000000000002,1.7981660366058345,0.1613099065710136,11.147275916462247,0.015055315055315056,0.9239637923417072,0.859808172122649,0.024755491422158087,-0.0004663524678909514,1.0512853626613081,0.9267421883739183,0.01728395061728395,-0.007619755576815823,46,2772
robust_window_limited,7.62939453125e-06,1.482014775276184,1.4864689111709595,1.4847668409347534,0.49813404985818777,0.2789139340863479,1.7980679273605347,1.0,1.7980679273605347,0.16130990760856764,11.14666764129393,0.015039281705948373,0.7896683193070936,0.35070700550156897,0.17752124418791085,-0.0035422169708740903,0.97437704671473,0.5192415729932595,0.09540644540644541,0.0270048674187523,46,2772
robust_fullspan50,7.62939453125e-06,1.540048360824585,1.5366500616073608,1.5292679071426392,0.48423479457962215,0.24395017498465774,1.7939387559890747,0.9999999999999998,1.7939387559890752,0.16130991261832212,11.121069541670021,0.015047298380631714,0.8065918324603999,0.4584042013917171,0.12069103735770402,-0.003849385197438715,0.991508303198643,0.5612840915950528,0.07716049382716049,-0.0366317220625626,46,2772
robust_first50,7.62939453125e-06,1.495880365371704,1.6402404308319092,1.6430026292800903,0.5349554659899487,0.29732464215222837,1.8000093698501587,1.0000000000000002,1.8000093698501582,0.16130991272111214,11.158702769631928,0.015047298380631714,0.7975413977558092,0.4509962234654003,0.12463524130190796,-0.020455666754751634,0.9967421493298875,0.5519518675715619,0.0817941317941318,0.01537754353588161,46,2772
no_calibration,3.814697265625e-06,0.7539117932319641,0.7558041214942932,0.0006398019613698125,0.0,0.0,1.8131287097930908,0.9999999999999999,1.813128709793091,0.17773461705651453,10.201325660811296,0.0004396957305544563,0.9565840808384516,0.9183243224764678,0.0,-0.00037728869847020174,0.9961193966078654,0.9757731269423797,0.0,5.135765994923602e-06,47,2527
linear_reference,7.62939453125e-06,0.1277475208044052,0.12747107446193695,0.7225470542907715,0.0,0.0,0.3261893689632416,1.0000000000000002,0.3261893689632415,0.17773461783182165,1.835260755290186,0.0004045200721100998,0.999095093156631,0.9974674784451916,0.0,-2.462964969118797e-05,1.000984045872296,0.9987354537736476,0.0,-3.312663837595764e-05,47,2527
common_only,0.0,0.7539114356040955,0.7558062076568604,0.0,0.0,0.0,1.8066637516021729,1.0,1.8066637516021729,0.17773461052648826,10.16495181355193,0.0004309018159433672,0.956586226035439,0.9183204621992097,0.0,-0.0003754035473793049,0.9961209587973754,0.9757735377767065,0.0,3.6534718829139834e-06,47,2527
detrend_first50_only,7.62939453125e-06,1.359407901763916,1.583722472190857,1.6047272682189941,0.5194272911088038,0.26325664426107076,1.8175286054611206,0.9999999999999999,1.8175286054611208,0.1777346182588754,10.226081014863631,0.0004221079013322781,0.795564709553089,0.434768433386633,0.13356197511322165,-0.05383565122780953,0.8939512853881261,0.5290758731884487,0.08843160532911225,-0.04895572187198316,47,2527
detrend_fullspan50_only,7.62939453125e-06,1.5542441606521606,1.5790753364562988,1.5646036863327026,0.4965845128149079,0.24762737490208936,1.815373420715332,1.0,1.815373420715332,0.17773460574764197,10.213955875834928,0.0004045200721100998,0.7997880495311053,0.44553944706223925,0.12825045068812382,-0.0028181576895406346,0.9073183107982113,0.5484519898357231,0.08180978762696214,-0.0018059411753772459,47,2527
robust_shared_first50,7.62939453125e-06,0.7539114356040955,0.7558062076568604,3.146331550851755e-08,0.0,0.0,1.809101939201355,1.0,1.809101939201355,0.1777346158605014,10.17866964430421,0.0004045200721100998,0.956586226162416,0.9183204654852636,0.0,-0.0003754034714835708,0.9961209589650547,0.97577356594459,0.0,3.653729232833136e-06,47,2527
robust_window_limited,7.62939453125e-06,1.236495852470398,1.2438769340515137,1.0225964784622192,0.3448275862068966,0.11494252873563218,1.8143631219863892,1.0,1.8143631219863892,0.1777346161625038,10.208270966908923,0.0004133139867211889,0.8566528592064115,0.4214698623516209,0.13307830980961174,-0.0010471588051075287,0.9351963679820512,0.45906763104662524,0.11703820955898518,-0.0006882565278638619,47,2527
robust_fullspan50,7.62939453125e-06,1.5715746879577637,1.5756380558013916,1.5778435468673706,0.5066943548827805,0.24888427418620326,1.8090777397155762,1.0,1.8090777397155762,0.17773461918765587,10.17853329860017,0.0004309018159433672,0.8017617009873608,0.44737333751817976,0.12767884623840303,0.004359288149858975,0.9097347193320438,0.5513948847993752,0.08003341687552214,0.003381219233679622,47,2527
robust_first50,7.62939453125e-06,1.3042272329330444,1.5118820667266846,1.558633804321289,0.4849991802830756,0.25717252308869337,1.8134410381317139,0.9999999999999999,1.813441038131714,0.1777346140917711,10.203083104540152,0.0004133139867211889,0.8204176660175087,0.48081699367457886,0.1089390142021721,-0.056246689113008896,0.9164077716037098,0.5743515279125899,0.07088774567998944,-0.05275200726121587,47,2527
no_calibration,7.62939453125e-06,0.7210933566093445,0.7632603645324707,0.0013829302042722702,0.00031977828705430903,0.00031977828705430903,1.8194869756698608,0.9999999999999999,1.819486975669861,0.19342322224541011,9.406765922663336,0.0007209990987511266,0.9547535983046077,0.9184107002552975,0.005252993433758207,-0.0048004796756346835,1.0012327097450473,0.974198095392336,0.0027209132655250847,0.02196875383683028,48,2589
linear_reference,1.52587890625e-05,0.21433542668819427,0.21552321314811707,0.6926912069320679,0.00024871644548668477,0.00024871644548668477,0.7049658298492432,1.0,0.7049658298492432,0.193423224051059,3.6446803805894037,0.0006523325179176859,0.9892786863289875,0.9913321531394366,0.0035792455259430925,-0.00040495037211041307,1.003958381794126,0.9955811497892871,0.0023432470709411615,0.020519911673319013,48,2589
common_only,0.0,0.7210935354232788,0.7631686329841614,0.0,0.0,0.0,1.8157697916030884,1.0,1.8157697916030884,0.1934232258015868,9.387547871141916,0.0006179992275009656,0.9547529518824839,0.9184144303834284,0.005261576756362388,-0.0048004007463886555,1.0012334508286695,0.9741995301632559,0.0027209132655250847,0.021970774889012445,48,2589
detrend_first50_only,1.52587890625e-05,1.3553032875061035,1.5957647562026978,1.6152268648147583,0.5245962799125939,0.27863348078665456,1.8178699016571045,0.9999999999999997,1.8178699016571052,0.19342322348633467,9.398405573493799,0.0006008325822926054,0.8229697297281274,0.5000392563106242,0.09998712501609373,-0.04520499097421515,0.9506802191380289,0.606261495466193,0.06490708553280974,0.004769965760789252,48,2589
detrend_fullspan50_only,1.1444091796875e-05,1.5352764129638672,1.6000300645828247,1.5732022523880005,0.50265593632859,0.25539625859404147,1.8153537511825562,1.0,1.8153537511825562,0.19342322086629452,9.385397177505565,0.0006008325822926054,0.8173818842780816,0.507804352959503,0.09584996352087893,-0.0014477807911387197,0.9420270632611452,0.6103455734477017,0.06246083859061843,0.026941963399311653,48,2589
robust_shared_first50,1.52587890625e-05,0.721037745475769,0.7631128430366516,0.0008372090524062514,0.00026648190587859083,0.00026648190587859083,1.8129726648330688,0.9999999999999998,1.8129726648330693,0.1934232233996455,9.37308681433334,0.0006780824857302262,0.9547529519253244,0.9184143899632609,0.005261576756362388,-0.004800401228578721,1.0012344474971755,0.9741995316682648,0.0027209132655250847,0.021974756416746066,48,2589
robust_window_limited,1.52587890625e-05,1.225539207458496,1.2308841943740845,1.0770130157470703,0.34475652436532894,0.16100836753184458,1.8084707260131836,1.0,1.8084707260131836,0.19342322618522947,9.349811610945435,0.0006094159048967855,0.873782740477517,0.6357593276169992,0.04759452384017853,-0.0005085490690764916,0.9836096954652127,0.7789744874599908,0.0264967168791039,0.021076788435502536,48,2589
robust_fullspan50,1.1444091796875e-05,1.5772905349731445,1.5543333292007446,1.5658690929412842,0.4976105455772886,0.24900069285295529,1.8165534734725952,1.0,1.8165534734725952,0.19342322329763714,9.391599635775412,0.0006094159048967855,0.8173513920011248,0.5070852474705979,0.09602162997296253,-0.004411681623408881,0.9448521725145016,0.6082963392866804,0.061147590232178875,0.008069468056685847,48,2589
robust_first50,1.52587890625e-05,1.357542634010315,1.4638512134552002,1.4849134683609009,0.44754747819289736,0.20719856455080032,1.815076231956482,0.9999999999999997,1.8150762319564826,0.19342322361557665,9.383962266929725,0.0005922492596884254,0.8224923998995772,0.5050394574220716,0.09729196171838118,-0.011916559447260444,0.9510922952029682,0.6129649590458381,0.0619115059439509,0.04211497646280837,48,2589
no_calibration,3.814697265625e-06,0.8020799160003662,0.7951447367668152,1.518316912552109e-05,0.0,0.0,1.8126726150512695,1.0000000000000004,1.8126726150512686,0.17280132957038402,10.489922846993759,0.0005818786367414796,0.9540924635112349,0.922400951221111,0.0,0.0012136886811484615,0.9970404700955158,0.9751840357339967,0.0,0.00019449005080252046,49,2406
linear_reference,7.62939453125e-06,0.15187601745128632,0.1470915973186493,0.7579383254051208,0.0,0.0,0.4152714014053345,0.9999999999999991,0.41527140140533486,0.17280133627378894,2.4031723964644143,0.0004710446106954835,0.9983501376679835,0.9961897575213658,0.0,0.00023571090780472037,1.000769621463527,0.9979543064268045,0.0,8.493856769020702e-05,49,2406
common_only,0.0,0.8020799160003662,0.7951444387435913,0.0,0.0,0.0,1.8193254470825195,1.0000000000000002,1.819325447082519,0.1728013349808811,10.528422406480896,0.0005172254548813152,0.9540923769281533,0.9224007638430798,0.0,0.0012137593889268716,0.9970403120090754,0.9751834128945294,0.0,0.00019466742104634616,49,2406
detrend_first50_only,7.62939453125e-06,0.9603240489959717,1.2870335578918457,1.3916795253753662,0.4098915600436055,0.17271979650773614,1.813921570777893,0.9999999999999997,1.8139215707778937,0.17280133260650607,10.497150359994375,0.00048028077953264983,0.8672588937008259,0.611130254677665,0.05884363166158677,-0.06913234285486736,0.9392889862788398,0.6801520029620169,0.04746467165419784,-0.05595271268896207,49,2406
detrend_fullspan50_only,7.62939453125e-06,1.3347179889678955,1.5290435552597046,1.427820086479187,0.44921299749459714,0.23621550289746973,1.832486629486084,1.0000000000000002,1.8324866294860835,0.17280132826529734,10.604586480219153,0.0005172254548813152,0.8356763116086576,0.5202538840212823,0.09262953726794126,-0.013679361450849026,0.9321006589784311,0.6313651941153225,0.06094024198762353,0.0022371060839608825,49,2406
robust_shared_first50,7.62939453125e-06,0.8020799160003662,0.7951444387435913,3.2298757446369564e-08,0.0,0.0,1.8094892501831055,1.0000000000000004,1.8094892501831046,0.17280132569059875,10.471500973453184,0.0005079892860441489,0.954092377057991,0.9224007491173465,0.0,0.0012137599203373428,0.9970403121193637,0.9751834175902514,0.0,0.0001946680966272707,49,2406
robust_window_limited,7.62939453125e-06,0.9682217240333557,0.967511773109436,0.4386841058731079,0.1724137931034483,0.034482758620689655,1.8119736909866333,1.0,1.8119736909866333,0.17280132890535188,10.485878219021695,0.0005172254548813152,0.9431789114979897,0.8835001140847446,0.000618823312090145,0.0016830762952577683,1.0129099832898194,0.9723460148295755,0.0005079892860441489,0.0018616776502311527,49,2406
robust_fullspan50,7.62939453125e-06,1.2954744100570679,1.4891841411590576,1.4911987781524658,0.4709774896245721,0.27012450513511965,1.7987111806869507,0.9999999999999993,1.7987111806869518,0.1728013293166799,10.409128146176405,0.00048028077953264983,0.8403067187831997,0.5290234091217797,0.08956312921400203,-0.013586161048909529,0.9323708941345117,0.6345038525026321,0.06311997783319478,0.01076537272414424,49,2406
robust_first50,7.62939453125e-06,0.9661328196525574,1.5243362188339233,1.665665626525879,0.5354868322910092,0.28995735077552737,1.8008817434310913,1.0000000000000002,1.8008817434310909,0.1728013308718184,10.421689082747633,0.00048028077953264983,0.8613303663931431,0.5867674799818903,0.07124780640990118,-0.1078004746706851,0.9398281629529991,0.6802722485905506,0.05530617899695207,-0.06286523537402322,49,2406
no_calibration,3.814697265625e-06,0.8408654928207397,0.8515822887420654,0.0003977740998379886,0.0,0.0,1.8126401901245117,0.9999999999999998,1.8126401901245122,0.18273732154148217,9.919375937186617,0.000362238485990981,0.9480989545178937,0.9124259408167035,0.0,-0.0013571714027075243,0.9951833056326125,0.9727549656020528,0.0,-0.00016103957687818582,50,3006
linear_reference,7.62939453125e-06,0.12502586841583252,0.1224726140499115,0.8143478035926819,0.0,0.0,0.35016316175460815,1.0,0.35016316175460815,0.18273732279381397,1.9162104183265505,0.00034745324166481854,0.9992916743668685,0.9980546012405447,0.0,6.365725870027816e-05,1.0012530243722066,0.9993589869038328,0.0,4.1416186877585304e-05,50,3006
common_only,0.0,0.840865433216095,0.8515834808349609,0.0,0.0,0.0,1.8148951530456543,0.9999999999999998,1.8148951530456547,0.18273731642948526,9.931716129507608,0.000362238485990981,0.9480984559363431,0.912424151112799,0.0,-0.0013588199291943992,0.9951840454802121,0.9727612612315173,0.0,-0.00016002836590389702,50,3006
detrend_first50_only,7.62939453125e-06,1.1447426080703735,1.623089075088501,1.5821675062179565,0.5174862635260266,0.258567121232992,1.8135836124420166,1.0000000000000002,1.8135836124420162,0.1827373216942636,9.924538652680427,0.00035484586382789974,0.8186340465580433,0.48578931285370613,0.10645375914836992,-0.1001149037908785,0.9215382075737394,0.6112087282630699,0.060715605825386265,-0.06774875271450209,50,3006
detrend_fullspan50_only,7.62939453125e-06,1.463603138923645,1.6330329179763794,1.5522880554199219,0.4802791680058772,0.23127783644795444,1.8194835186004639,0.9999999999999998,1.8194835186004643,0.1827373180216094,9.956825120883645,0.00035484586382789974,0.8018961364962937,0.4716006204876259,0.11421601241960523,-0.05309098435348436,0.9077581985634965,0.582964893485589,0.06754638870407334,-0.04613295109147564,50,3006
robust_shared_first50,7.62939453125e-06,0.840865433216095,0.8515834808349609,3.200726794716502e-08,0.0,0.0,1.811792016029358,1.0000000000000004,1.811792016029357,0.1827373211850287,9.914734462999201,0.00035484586382789974,0.9480984557420055,0.9124241893355922,0.0,-0.0013588196338877312,0.9951840452808214,0.9727612532121545,0.0,-0.00016002811807480644,50,3006
robust_window_limited,7.62939453125e-06,1.0548691749572754,1.064742922782898,0.6767438650131226,0.20689655172413793,0.12643678160919541,1.8169993162155151,1.0000000000000002,1.8169993162155147,0.18273731388477246,9.943230955891412,0.0003400606195017373,0.9144456619016502,0.7351886971635886,0.0001330671989354624,-0.0007240763134128692,0.9884485832525717,0.8746222824029029,1.478524432616249e-05,0.000349226813717074,50,3006
robust_fullspan50,7.62939453125e-06,1.4490174055099487,1.590950608253479,1.5675957202911377,0.5151751687405298,0.24171602614139,1.8105254173278809,1.0,1.8105254173278809,0.18273732163878717,9.90780318487269,0.00034745324166481854,0.795702885747622,0.4406149857582193,0.13183263103422785,-0.06014829778519992,0.8996634970276587,0.5486265765951492,0.08236859614105123,-0.06476815997873175,50,3006
robust_first50,7.62939453125e-06,1.2047452926635742,1.5779474973678589,1.6077646017074585,0.5021963053093959,0.2593170791435175,1.8107881546020508,0.9999999999999998,1.8107881546020512,0.18273731591792902,9.909241281705768,0.00034745324166481854,0.8244824489640841,0.4864036094682487,0.10581060102018186,-0.08248288767098833,0.9207355542912751,0.610760369750039,0.056390921859983734,-0.07670447917376932,50,3006
no_calibration,3.814697265625e-06,0.8289883732795715,0.8362101912498474,0.018784578889608383,0.005771444320153041,0.005771444320153041,1.8359090089797974,1.0000000000000009,1.8359090089797958,0.15886670106260029,11.556285846562462,0.012631249020529698,0.9344928589939305,0.869839869393725,0.017324870709920077,-0.0010715882016828493,1.2840253147957539,0.9297836104709978,0.012215953612286475,0.17402127238953868,51,2836
linear_reference,7.62939453125e-06,0.4225451946258545,0.4222596287727356,0.6371138095855713,0.007117033866705575,0.007117033866705575,0.9198744297027588,0.999999999999999,0.9198744297027597,0.15886670066140793,5.7902280709113745,0.01261557749569033,0.9658350656865964,0.9141634902122817,0.01437078827769942,0.00022659678005187978,1.391320141446567,0.9555902623265017,0.010421564018178968,0.13938152749593402,51,2836
common_only,0.0,0.8371886610984802,0.8440872430801392,0.0,0.0,0.0,1.8021912574768066,0.9999999999999998,1.802191257476807,0.15886669833467756,11.34404677864085,0.012599905970850964,0.9344911306617821,0.8698590793590508,0.017332706472339757,-0.0010753595520601733,1.2844480473485516,0.9297955264960894,0.012215953612286475,0.17397096302496928,51,2836
detrend_first50_only,7.62939453125e-06,1.3698090314865112,1.5988279581069946,1.5881253480911255,0.5101729812103821,0.2513334306048668,1.8045438528060913,1.0,1.8045438528060913,0.15886670017548313,11.358855259238116,0.01256856292117223,0.8042282430567085,0.4514458348572519,0.12539570600219402,-0.038404899900973066,1.2361910837383494,0.5529195826669273,0.08193856762262969,0.2695537251200728,51,2836
detrend_fullspan50_only,7.62939453125e-06,1.5427364110946655,1.552071452140808,1.5661578178405762,0.4993109933044761,0.2542677885316862,1.801127314567566,1.0000000000000002,1.8011273145675655,0.15886669764702913,11.337349748210416,0.012576398683591913,0.807662615407167,0.45760652883748654,0.12122708039492243,-0.006866159743772471,1.3099602651278242,0.5576500488590123,0.07936060178655382,0.3141058680040958,51,2836
robust_shared_first50,7.62939453125e-06,0.8383091688156128,0.8427120447158813,0.023683063685894012,0.007538543845143719,0.007538543845143719,1.8055089712142944,0.9999999999999992,1.8055089712142958,0.15886670030588654,11.36493027008124,0.012576398683591913,0.9344911305342688,0.8698591023333776,0.017364049522018494,-0.0010753601476226615,1.283993616001878,0.9297954803266505,0.012215953612286475,0.17401546215760666,51,2836
robust_window_limited,7.62939453125e-06,1.2590374946594238,1.26942777633667,0.8845260143280029,0.21884473842063454,0.1088306340482791,1.7990570068359375,1.0000000000000002,1.799057006835937,0.15886669848368054,11.324317959693385,0.012584234446011597,0.875329117894384,0.6534152723260419,0.037439272841247456,-0.0008428147803748454,1.382195284727227,0.7510489966514656,0.017465914433474377,0.2230979186836375,51,2836
robust_fullspan50,7.62939453125e-06,1.5399991273880005,1.552293300628662,1.565544843673706,0.4999432582721333,0.2519981194170193,1.8026176691055298,0.9999999999999997,1.8026176691055305,0.158866704558691,11.346730418516227,0.01261557749569033,0.8069989026545037,0.4563069261043903,0.12170506190252312,0.0025618112703226226,1.2731282322221125,0.5545595673797508,0.08055163767434571,0.2282486251420236,51,2836
robust_first50,7.62939453125e-06,1.3766158819198608,1.5672695636749268,1.5416384935379028,0.49002156185658935,0.22609146766532107,1.8025637865066528,1.0,1.8025637865066528,0.15886669732672482,11.346391766422292,0.01256856292117223,0.8199334959732001,0.49043769526456427,0.10409810374549444,-0.03168555048481925,1.3866628286679301,0.6011214507422702,0.06162043566839053,0.26681168905477226,51,2836
no_calibration,3.814697265625e-06,0.853236198425293,0.8510807156562805,0.00024519715225324035,0.0,0.0,1.8134287595748901,1.0000000000000002,1.8134287595748897,0.1508104455934156,12.024556737030585,0.0003866637484496972,0.946672537407673,0.9157104038209452,0.0,4.128684601278909e-05,0.9951431541847655,0.9738904611220947,0.0,-0.00018844302689546844,52,3046
linear_reference,7.62939453125e-06,0.1156306341290474,0.11468818038702011,0.819445788860321,0.0,0.0,0.31034818291664124,1.0,0.31034818291664124,0.15081043635731403,2.057869404882137,0.0003428904939082221,0.9994649933257913,0.9984034743343813,0.0,3.021341138831346e-06,1.001312564137878,0.9996148070353298,0.0,-2.294700100891056e-05,52,3046
common_only,0.0,0.8532376885414124,0.8510769009590149,0.0,0.0,0.0,1.8171145915985107,1.0,1.8171145915985107,0.15081043992144974,12.04899735419486,0.0003355949514846429,0.94667299436235,0.9157110513192418,0.0,4.23990149008846e-05,0.9951394648094003,0.973883114997332,0.0,-0.0001945385554750212,52,3046
detrend_first50_only,7.62939453125e-06,1.4571915864944458,1.5487892627716064,1.5282378196716309,0.4779101907653269,0.22033923905327232,1.814777135848999,0.9999999999999998,1.8147771358489995,0.15081044496214568,12.033497655315047,0.0003501860363318013,0.815672818236071,0.4698699097358615,0.11356241336543373,-0.02483745476751631,0.9189924345728729,0.5772265232046407,0.07179543299044285,-0.027842838781817925,52,3046
detrend_fullspan50_only,7.62939453125e-06,1.5443190336227417,1.579079270362854,1.5770937204360962,0.49893515791381576,0.24905221502258068,1.8070513010025024,1.0000000000000002,1.807051301002502,0.15081044379394848,11.982268969856406,0.00036477712117895966,0.8017602856700866,0.4530799560279277,0.12215656234041002,-0.00986263385424102,0.9073070729838474,0.5522398017641148,0.0789961333625155,-0.006516753690396504,52,3046
robust_shared_first50,7.62939453125e-06,0.8532376885414124,0.8510769009590149,3.261748915406315e-08,0.0,0.0,1.8141236305236816,0.9999999999999998,1.814123630523682,0.15081044284758796,12.029164534428634,0.00032829940906106366,0.946672994436757,0.9157110490143482,0.0,4.2398985420022406e-05,0.9951394648988601,0.9738830737860735,0.0,-0.00019453856897511113,52,3046
robust_window_limited,7.62939453125e-06,1.4720120429992676,1.4842890501022339,1.2471193075180054,0.41379310344827586,0.21839080459770116,1.8193367719650269,0.9999999999999998,1.8193367719650273,0.1508104490628439,12.063731546922819,0.0003428904939082221,0.7973960063243639,0.4148845024502196,0.17337856569635954,-0.0039982708808974365,0.8937477474576161,0.648203231432311,0.026395272488509522,-0.0034193167418506976,52,3046
robust_fullspan50,7.62939453125e-06,1.5372095108032227,1.5568562746047974,1.567643642425537,0.48880027791623243,0.24483815910704307,1.8224303722381592,1.0000000000000002,1.8224303722381587,0.1508104396518317,12.084245470310348,0.0003428904939082221,0.8026086613052228,0.4449779525533957,0.12603779090975414,-0.014651835625154819,0.9047329430135987,0.5416245062762817,0.08452615451958853,-0.014680997602469992,52,3046
robust_first50,7.62939453125e-06,1.4018999338150024,1.4468063116073608,1.4664843082427979,0.4354373404624889,0.20476686755176945,1.8154008388519287,1.0,1.8154008388519287,0.15081044178099914,12.037633584338813,0.00036477712117895966,0.8258112212517215,0.4962715435060518,0.10149558619683373,-0.03295966639765335,0.9271280205814343,0.5984773894542839,0.06441963960020428,-0.027538054741151896,52,3046
no_calibration,3.814697265625e-06,0.8593050837516785,0.8534922003746033,0.0002381517697358504,6.201935003721161e-05,6.201935003721161e-05,1.8123993873596191,1.0,1.8123993873596191,0.14905360404554918,12.159379834960376,0.000618669859801427,0.9445628595624699,0.9044020941518366,4.9892730629147335e-05,0.001263647059380535,0.9950040790673315,0.9657013653760823,2.99356383774884e-05,0.0003436311486488819,53,2227
linear_reference,7.62939453125e-06,0.1575792133808136,0.15202298760414124,0.8185584545135498,6.201935003721161e-05,6.201935003721161e-05,0.41566893458366394,1.0,0.41566893458366394,0.14905360243071974,2.788721156718552,0.0005687771291722796,0.997822581208836,0.9963928871837202,6.984982288080626e-05,0.00019258157636758977,1.0008617221063674,0.9981590161751621,5.98712767549768e-05,8.292384608798997e-05,53,2227
common_only,0.0,0.8596295118331909,0.8534327149391174,0.0,0.0,0.0,1.82266366481781,0.9999999999999998,1.8226636648178105,0.14905360913700352,12.228242411376284,0.0005687771291722796,0.9445623939382333,0.9044016055762395,4.9892730629147335e-05,0.0012619098437105514,0.9950034698490977,0.9657000683422841,2.99356383774884e-05,0.00034128207470196514,53,2227
detrend_first50_only,7.62939453125e-06,1.161524772644043,1.550514817237854,1.4226088523864746,0.3996940378731498,0.18829074671297444,1.8143017292022705,1.0,1.8143017292022705,0.14905360850761773,12.17214227396277,0.0005587985830464501,0.8842359730465932,0.6987305344458091,0.0286484059272564,-0.05039853680782547,1.0027804198565204,0.8172652657154249,0.011265778576061468,0.002591518754097688,53,2227
detrend_fullspan50_only,7.62939453125e-06,1.470293402671814,1.550769567489624,1.577524185180664,0.4992971140329116,0.2424336392954602,1.8137609958648682,1.0,1.8137609958648682,0.14905360446475024,12.168514826448261,0.000578755675298109,0.8039539825490174,0.44994890881462124,0.12437259891233847,-0.014189638581890263,0.9109627244048634,0.5590872944715176,0.07790250960435065,-0.012481583347995762,53,2227
robust_shared_first50,7.62939453125e-06,0.8596944808959961,0.8534976840019226,0.00032476376509293914,0.00010336558339535268,0.00010336558339535268,1.8139678239822388,1.0,1.8139678239822388,0.14905360058959144,12.169902751808532,0.0005687771291722796,0.9445623938681332,0.9044016065056956,4.9892730629147335e-05,0.0012619105973086242,0.9950034698414733,0.9657000752999134,2.99356383774884e-05,0.00034128316499904,53,2227
robust_window_limited,7.62939453125e-06,1.067133903503418,1.061003565788269,0.3869621455669403,0.0804804432316216,0.06898619035805838,1.7918745279312134,1.0000000000000002,1.791874527931213,0.14905360210302948,12.021678796414635,0.000578755675298109,0.9018940215628762,0.7529140794081213,0.009998503218081125,0.0015835151958802918,0.9629201421351985,0.8850808316001869,0.005687771291722796,0.0006070022045731038,53,2227
robust_fullspan50,7.62939453125e-06,1.4058772325515747,1.5259970426559448,1.5717271566390991,0.4993591333829488,0.2637269494749028,1.8161628246307373,1.0,1.8161628246307373,0.1490536000309465,12.184629047897305,0.000578755675298109,0.8105137236833699,0.46217946560298123,0.1163897620116749,-0.022184728692121736,0.9156105734944924,0.5720807328903432,0.0741306191687871,-0.01568753483159968,53,2227
robust_first50,7.62939453125e-06,1.176120400428772,1.5042002201080322,1.440011739730835,0.40965848011246175,0.18223352352600677,1.8256075382232666,0.9999999999999998,1.825607538223267,0.14905361151141747,12.247992649835428,0.0005887342214239386,0.8632477588197778,0.6412362935188337,0.04577159107917976,-0.08720538500611752,0.9676695922647417,0.767735286854412,0.03257995310083321,-0.052630983509485696,53,2227
no_calibration,3.814697265625e-06,0.8144580721855164,0.8139491081237793,0.0002902424312196672,0.0,0.0,1.816784143447876,0.9999999999999996,1.8167841434478769,0.175590674027253,10.346700663418476,0.00038531362305953835,0.9530235532030875,0.9194617311249328,0.0,-0.00019787834030937645,0.9964405583003628,0.9723255967817854,0.0,0.0009839555515482878,54,2999
linear_reference,7.62939453125e-06,0.14223100244998932,0.13831670582294464,0.7755964398384094,0.0,0.0,0.39673808217048645,1.0,0.39673808217048645,0.17559067669723885,2.259448449273646,0.00035567411359342004,0.9987080947828381,0.9969479677572154,0.0,0.00016292825216712714,1.0010057822675897,0.9988003765406359,0.0,-7.691117762842481e-05,54,2999
common_only,0.0,0.8144581913948059,0.8139504790306091,0.0,0.0,0.0,1.8186566829681396,0.9999999999999998,1.81865668296814,0.17559067242963067,10.357364988718182,0.00037790374569300877,0.9530234007779186,0.9194583803263653,0.0,-0.00019859360898455414,0.9964408240352456,0.9723270954110361,0.0,0.0009841249976173527,54,2999
detrend_first50_only,7.62939453125e-06,1.3424748182296753,1.6383562088012695,1.5807647705078125,0.5128830778202355,0.2363764713104062,1.8267735242843628,1.0,1.8267735242843628,0.17559067407153808,10.403590816788538,0.00034826423622689046,0.8103076619989424,0.46714426766057343,0.11199288651772814,-0.06891086955404058,0.9210151043084337,0.6243701858747989,0.06143529324589678,-0.0540231919637858,54,2999
detrend_fullspan50_only,7.62939453125e-06,1.5073567628860474,1.5092800855636597,1.4880908727645874,0.46811841075456934,0.2343047434894035,1.8158224821090698,1.0,1.8158224821090698,0.17559067621938965,10.341223812136315,0.00034826423622689046,0.8171172623380424,0.47569992940256084,0.11042199251602386,-0.010659342580495945,0.9224608989669109,0.5948536236667623,0.06222815012411544,-0.01541174504774756,54,2999
robust_shared_first50,7.62939453125e-06,0.8144581913948059,0.8139504790306091,3.267174975007947e-08,0.0,0.0,1.8193519115447998,1.0,1.8193519115447998,0.17559067023719863,10.361324488864401,0.00037790374569300877,0.9530234006780947,0.9194583316613671,0.0,-0.00019859304362779273,0.9964408239663688,0.9723270554620039,0.0,0.000984125608891051,54,2999
robust_window_limited,7.62939453125e-06,1.0190025568008423,1.027043104171753,0.5875735282897949,0.1839080459770115,0.06896551724137931,1.8123958110809326,1.0000000000000002,1.8123958110809322,0.17559067016156651,10.32170906012996,0.00034826423622689046,0.9352344400655076,0.8745329203534064,0.0,-0.000905471981505257,0.9995354738096477,0.9384571150398916,0.0,0.00039517405642308656,54,2999
robust_fullspan50,7.62939453125e-06,1.4903995990753174,1.5001319646835327,1.4683723449707031,0.45605635099673125,0.22139864647115695,1.8110123872756958,1.0000000000000002,1.8110123872756954,0.17559067372881307,10.313830164309705,0.0003630839909599496,0.8210869378733356,0.4905745876431829,0.10359749546145011,-0.0062381279916723376,0.9269847262480252,0.6207791497503837,0.05733022118483939,-0.010247378689825615,54,2999
robust_first50,7.62939453125e-06,1.3228552341461182,1.5181846618652344,1.502200961112976,0.48286604361370716,0.2365452787624879,1.8061413764953613,0.9999999999999998,1.8061413764953618,0.17559067404037854,10.28608943137848,0.00035567411359342004,0.815830938730693,0.4485225913497432,0.11983994664888296,-0.04406285312730007,0.9120743764878938,0.5518382591949633,0.07887814456670741,-0.03881184703072438,54,2999
no_calibration,3.814697265625e-06,0.8421425223350525,0.8595527410507202,0.011405051685869694,0.0036110263452344624,0.0036110263452344624,1.8074126243591309,0.9999999999999993,1.807412624359132,0.17414847797801716,10.378572614268162,0.009075644018511693,0.9378607162175198,0.8946333540429421,0.005086619977884261,-0.0017233515570437286,1.095789241315082,0.948899131549664,0.0047180243273129375,-0.04337498154158759,55,2713
linear_reference,7.62939453125e-06,0.2666775584220886,0.2709582448005676,0.7839839458465576,0.004390872410402469,0.004390872410402469,0.6102614998817444,0.9999999999999993,0.6102614998817448,0.17414848153409276,3.504259666842254,0.009067453004054551,0.9853633409298841,0.9700000312003765,0.0039071138960560265,1.2667428948009984e-05,1.098213425708907,0.9841142216167053,0.003407462014170455,-0.09636678087465667,55,2713
common_only,0.0,0.8459241390228271,0.8632283210754395,0.0,0.0,0.0,1.8055102825164795,1.0000000000000004,1.8055102825164786,0.1741484811361915,10.367648748567,0.009075644018511693,0.9378606812393591,0.8946295693210702,0.005103002006798542,-0.001723689388143046,1.0958115385122786,0.9488981682265388,0.0047180243273129375,-0.04336412620735053,55,2713
detrend_first50_only,7.62939453125e-06,1.1048301458358765,1.3807659149169922,1.475690245628357,0.4593123792086258,0.19869121486454414,1.8076421022415161,0.9999999999999999,1.8076421022415163,0.17414847531955188,10.37989048669305,0.009067453004054551,0.8748025791178066,0.6469187419234321,0.05071876151861408,-0.03838638375045311,1.108454599711027,0.7792489058394295,0.03647458737764672,0.011087449407362948,55,2713
detrend_fullspan50_only,7.62939453125e-06,1.1722074747085571,1.2856837511062622,1.1716368198394775,0.33021394907266133,0.1796358457939172,1.8097506761550903,0.9999999999999999,1.8097506761550906,0.17414847542085318,10.391998389773926,0.009059261989597412,0.8834458063350548,0.6818923112347673,0.034344923618790185,-0.0201375159757482,1.1179712218910725,0.7888367225668954,0.02155875005119384,-0.08935074882199134,55,2713
robust_shared_first50,7.62939453125e-06,0.8455513119697571,0.8635478615760803,0.01299546379595995,0.00413657478045638,0.00413657478045638,1.808140516281128,1.0000000000000002,1.8081405162811275,0.17414847909157288,10.382752268139818,0.009067453004054551,0.9378606811597046,0.8946295997868597,0.005103002006798542,-0.0017236897259711448,1.0957843694568552,0.9488981502872788,0.0047180243273129375,-0.04336416634808171,55,2713
robust_window_limited,7.62939453125e-06,1.0816731452941895,1.0988655090332031,0.5917633175849915,0.17119316447970706,0.05894619062150341,1.764006495475769,1.0,1.764006495475769,0.1741484787262973,10.129324748499197,0.009067453004054551,0.9161902898259099,0.8399383369190241,0.015309006020395626,-0.001975512975640803,1.0926651463796135,0.8948275958568562,0.008444935905311873,-0.0065882828597148,55,2713
robust_fullspan50,7.62939453125e-06,1.186868667602539,1.2828541994094849,1.1497868299484253,0.36327264096565287,0.17117621130437732,1.776719093322754,1.0000000000000004,1.776719093322753,0.17414848234129846,10.202323152266793,0.009075644018511693,0.8820329461122969,0.6767771449909612,0.035852070278904045,-0.010772696484995237,1.0419224017511715,0.7956267893186442,0.020788794692222633,-0.10981511516844655,55,2713
robust_first50,7.62939453125e-06,1.1395379304885864,1.5791893005371094,1.5973840951919556,0.5138846505950565,0.2670464177940528,1.8475857973098755,0.9999999999999996,1.8475857973098764,0.1741484789397837,10.609256012788522,0.009067453004054551,0.8574637599423333,0.6114853332709927,0.055551460048326985,-0.07586678420586135,1.069649008494771,0.7300179591419126,0.044010320678215996,-0.14543665926314253,55,2713
no_calibration,7.62939453125e-06,0.851432204246521,0.8051139116287231,0.0008329217089340091,0.0,0.0,1.8112620115280151,0.9999999999999998,1.8112620115280156,0.16411636111001518,11.036449987541694,0.0004686318972033258,0.9498348827125116,0.9123732166204933,0.0,0.005135424361873087,0.9960881007929097,0.9719977911813887,0.0,0.0005677862709744241,56,2940
linear_reference,7.62939453125e-06,0.14813268184661865,0.14614790678024292,0.7623822689056396,0.0,0.0,0.4121047854423523,1.0000000000000002,0.4121047854423522,0.16411635996223697,2.5110524358277093,0.0003854875283446712,0.9987388640835332,0.9965980320356692,0.0,1.1808582020100822e-05,1.0011850691379187,0.9984679383206769,0.0,-0.00012719148218720555,56,2940
common_only,0.0,0.8514321446418762,0.8051037192344666,0.0,0.0,0.0,1.8186314105987549,0.9999999999999998,1.8186314105987553,0.16411635907323663,11.081353625370118,0.00043839758125472413,0.9498325503961625,0.9123874560638453,0.0,0.005129620493951714,0.9960872523675908,0.972001307404635,0.0,0.0005643640204995304,56,2940
detrend_first50_only,7.62939453125e-06,1.481410264968872,1.4959344863891602,1.503753662109375,0.4658065525060599,0.22816482915005082,1.8184444904327393,1.0000000000000002,1.8184444904327388,0.16411635210103775,11.080215147075773,0.00036281179138321996,0.8102807639400903,0.4679208750300338,0.11624338624338625,0.011238033432074968,0.9149617747146934,0.5747951786241194,0.07227513227513227,0.0240631962703185,56,2940
detrend_fullspan50_only,7.62939453125e-06,1.535109519958496,1.5751681327819824,1.5880990028381348,0.5075924622722652,0.25210727969348656,1.8116546869277954,1.0000000000000004,1.8116546869277945,0.16411635902688948,11.038842792210414,0.00040816326530612246,0.8069991712221071,0.4598942268684576,0.12122448979591836,-0.011333486296663642,0.9151002162735412,0.5653119610454104,0.07584278155706727,-0.012293553793889078,56,2940
robust_shared_first50,7.62939453125e-06,0.8514321446418762,0.8051037192344666,3.160078065889138e-08,0.0,0.0,1.8138314485549927,0.9999999999999996,1.8138314485549936,0.16411635775877664,11.052106403805396,0.0004232804232804233,0.9498325504318809,0.9123874698561243,0.0,0.005129620066178231,0.9960872524004858,0.9720013589476988,0.0,0.0005643635339439568,56,2940
robust_window_limited,7.62939453125e-06,1.4191573858261108,1.4234373569488525,1.3765101432800293,0.47126436781609193,0.3333333333333333,1.8222981691360474,1.0000000000000002,1.822298169136047,0.16411635821844422,11.103696114865704,0.000400604686318972,0.822009261380791,0.48521828774541825,0.1099092970521542,-0.004505803584732626,0.9212818527145357,0.6120894917542435,0.04312925170068027,-0.004141124014078401,56,2940
robust_fullspan50,7.62939453125e-06,1.5487806797027588,1.5694860219955444,1.5715559720993042,0.5002423958088983,0.2511533348971773,1.817896842956543,1.0,1.817896842956543,0.16411636184539657,11.076877542953738,0.00039304610733182163,0.8034910615948294,0.4548959593752062,0.1237944066515495,-0.00037640247650261305,0.9125419881840675,0.5548965327688223,0.07944822373393802,0.006223995739648269,56,2940
robust_first50,7.62939453125e-06,1.4836602210998535,1.604547381401062,1.5669752359390259,0.4922667917741809,0.2567362577214794,1.8162102699279785,1.0,1.8162102699279785,0.16411635731862403,11.06660115787175,0.0004232804232804233,0.8040815222819482,0.4567823896312372,0.12254724111866969,-0.05469958381297069,0.912470585256392,0.5586538918834392,0.07773242630385488,-0.05275574277025519,56,2940
no_calibration,3.814697265625e-06,0.7928277254104614,0.7874069809913635,0.00028532417491078377,0.0,0.0,1.8124686479568481,0.9999999999999998,1.8124686479568486,0.14718705835674636,12.314048994469717,0.0004497051461541725,0.9548159476390993,0.9245706687580515,0.0,0.00047203291195507813,0.995315194938665,0.9715447288436077,0.0,-9.524708158825668e-05,57,2619
linear_reference,7.62939453125e-06,0.135697603225708,0.13360875844955444,0.7520309090614319,0.0,0.0,0.3380763530731201,1.0,0.3380763530731201,0.14718705182841132,2.2969163990542114,0.0004242501378812948,0.9990401788998121,0.9973729096579589,0.0,-1.0090446347699178e-05,1.0010262791641928,0.998693369536853,0.0,-0.00011178055260296915,57,2619
common_only,0.0,0.7928341031074524,0.7874758243560791,0.0,0.0,0.0,1.8043863773345947,1.0,1.8043863773345947,0.14718705449682654,12.259137758433088,0.0004242501378812948,0.9548120333767717,0.9245599333249268,0.0,0.000465957447209675,0.99531540382259,0.9715454766637668,0.0,-9.651011160360934e-05,57,2619
detrend_first50_only,7.62939453125e-06,1.137758493423462,1.6312735080718994,1.6833465099334717,0.5675594924250413,0.2862842279166227,1.8140933513641357,1.0,1.8140933513641357,0.1471870637270418,12.325086902530845,0.0004327351406389207,0.8245860055865818,0.5175704493596845,0.09269017012430529,-0.12919145801624143,0.9155754203692654,0.6107901072773438,0.06290781044503839,-0.09554914549744431,57,2619
detrend_fullspan50_only,7.62939453125e-06,1.5632127523422241,1.5456271171569824,1.5629370212554932,0.49319835495096487,0.24338289570810925,1.8171452283859253,1.0,1.8171452283859253,0.14718705597187676,12.34582223543577,0.00040728013236604303,0.8094989813895529,0.47755735650433934,0.11193415637860082,-0.004295946018763708,0.9168566950456148,0.5708206894137763,0.07421831912095371,-0.0034543558821749087,57,2619
robust_shared_first50,7.62939453125e-06,0.7928341031074524,0.7874758243560791,3.2507411873439196e-08,0.0,0.0,1.8104552030563354,1.0,1.8104552030563354,0.14718705279912941,12.300369962072125,0.0004327351406389207,0.9548120335553005,0.9245599701641792,0.0,0.0004659572804719403,0.9953154040222009,0.9715454510451297,0.0,-9.651044213698778e-05,57,2619
robust_window_limited,7.62939453125e-06,1.1240147352218628,1.1296485662460327,0.665015459060669,0.22988505747126436,0.12643678160919541,1.8127204179763794,1.0000000000000002,1.812720417976379,0.14718705177584138,12.31576008966511,0.0004242501378812948,0.8934631376951028,0.6587115892083558,0.03553519154893725,-0.002084575272741085,0.9626131108530415,0.6235295678774192,0.030308429850239703,-0.0021766064045811717,57,2619
robust_fullspan50,7.62939453125e-06,1.5600264072418213,1.5529961585998535,1.561015009880066,0.4948152834897536,0.24016661394073605,1.811769723892212,1.0,1.811769723892212,0.14718704857398035,12.309301269680434,0.00040728013236604303,0.8008343197134609,0.4600022809036659,0.12265071486148232,-0.00898222254561809,0.9064668396149644,0.5492535961122486,0.0807008612277799,-0.010841240795556928,57,2619
robust_first50,7.62939453125e-06,1.0946094989776611,1.5024232864379883,1.482135534286499,0.44268691342402194,0.20965587542620126,1.8090609312057495,1.0000000000000002,1.809060931205749,0.14718705746729666,12.29089678355519,0.00040728013236604303,0.8434366604392791,0.5438436590744544,0.08574095286580968,-0.08986689062089337,0.9307615818537791,0.6361283225515537,0.05858894404140681,-0.06561188835404808,57,2619
no_calibration,3.814697265625e-06,0.814333975315094,0.812348484992981,0.0005923019489273429,0.0,0.0,1.812182903289795,1.0000000000000002,1.8121829032897945,0.17498417912650963,10.356267134182614,0.0004129565105174861,0.9518327444786069,0.9214183532238692,0.0,0.0004470538787064715,0.9959407739946218,0.9764333011449826,0.0,0.00013388425751936772,58,2583
linear_reference,7.62939453125e-06,0.12666285037994385,0.12659698724746704,0.7743804454803467,0.0,0.0,0.37203454971313477,1.0000000000000004,0.3720345497131346,0.17498417717353934,2.1261039467824117,0.0003957499892459242,0.9992357167260173,0.99781277411842,0.0,1.5198975300556583e-06,1.0012279658215473,0.9992575969433947,0.0,-1.8184662414544306e-05,58,2583
common_only,0.0,0.8143344521522522,0.8123552203178406,0.0,0.0,0.0,1.807503342628479,1.0000000000000002,1.8075033426284786,0.17498417723782866,10.32952448135823,0.00040435324988170515,0.9518345582019091,0.9214254760173289,0.0,0.000449840331782303,0.995948364054334,0.9764584787061765,0.0,0.00014612377112732666,58,2583
detrend_first50_only,7.62939453125e-06,1.501502513885498,1.558640480041504,1.5595782995224,0.49574979951884524,0.24442662389735365,1.8124284744262695,1.0,1.8124284744262695,0.17498418381556244,10.357670247138524,0.0003957499892459242,0.8052574821586972,0.4452084093635616,0.12798210521787756,0.0007592714090420838,0.9120344279235258,0.5531817661708943,0.08084484019443369,0.002928926725343395,58,2583
detrend_fullspan50_only,7.62939453125e-06,1.545636773109436,1.5763994455337524,1.5749849081039429,0.5035551991446138,0.2533725385369331,1.8145262002944946,0.9999999999999999,1.8145262002944949,0.1749841735225159,10.36965894553322,0.0003957499892459242,0.8012570420797075,0.44328436295399826,0.1279304856540629,-0.012949323885767638,0.9076664625203704,0.5534118803658469,0.08001032391276294,-0.013292123884347529,58,2583
robust_shared_first50,7.62939453125e-06,0.8143344521522522,0.8123552799224854,3.2323690390967386e-08,0.0,0.0,1.8136684894561768,1.0000000000000002,1.8136684894561763,0.1749841838842184,10.364756683702481,0.00040435324988170515,0.9518345582459142,0.9214255023357919,0.0,0.00044983993512726084,0.9959483641310242,0.9764585309718354,0.0,0.00014612337715957935,58,2583
robust_window_limited,7.62939453125e-06,1.7131962776184082,1.7389781475067139,1.5850714445114136,0.5057471264367817,0.2413793103448276,1.7774627208709717,1.0,1.7774627208709717,0.17498418078263536,10.157848057584866,0.00040435324988170515,0.7765578784743181,0.41713456722919706,0.1488105992171033,-0.0031167363560681283,0.8940588394033087,0.5158588568105967,0.0974233234395836,-0.0011250595187167756,58,2583
robust_fullspan50,7.62939453125e-06,1.552536129951477,1.5560277700424194,1.5650001764297485,0.5006326294217233,0.24649380735988594,1.8199424743652344,0.9999999999999998,1.8199424743652348,0.17498418060953386,10.400611461137284,0.00042155977115326706,0.8022242258592184,0.447174867098104,0.12590871940465437,0.007636676239013429,0.90812891698121,0.5522231004190369,0.07980384565750419,0.011386213469446793,58,2583
robust_first50,7.62939453125e-06,1.5314866304397583,1.574102520942688,1.6127116680145264,0.5291633253140872,0.25720395616145414,1.8156392574310303,0.9999999999999999,1.8156392574310305,0.17498417919897571,10.376019510692188,0.00038714672861014324,0.8090697037801909,0.4552226771339497,0.12161569234739966,-0.004863761022584789,0.9191602045869391,0.5665836792864135,0.07616466640856885,-0.0032191020085271527,58,2583
no_calibration,3.814697265625e-06,0.843961775302887,0.8416041135787964,0.0007217819220386446,0.0,0.0,1.8121421337127686,1.0,1.8121421337127686,0.17361601807639712,10.43764367937158,0.00040939981986407926,0.9483936044762566,0.9150463812882218,0.0,2.928181873396163e-05,0.9955975703604006,0.9743188428389382,0.0,2.615215564705231e-05,59,2714
linear_reference,7.62939453125e-06,0.1311495453119278,0.12953005731105804,0.8036879301071167,0.0,0.0,0.37676119804382324,0.9999999999999999,0.3767611980438233,0.17361601182775668,2.170083243345122,0.00040939981986407926,0.9991980525082725,0.997734429561874,0.0,8.593943330081899e-06,1.001288351548725,0.9992086675482867,0.0,-5.94381615373063e-05,59,2714
common_only,0.0,0.8439604640007019,0.8416091203689575,0.0,0.0,0.0,1.8227097988128662,1.0,1.8227097988128662,0.1736160179744326,10.498511716132585,0.0003930238270695161,0.9483903259441894,0.9150483330054409,0.0,2.5077817177421302e-05,0.9955940993716498,0.9743167772402944,0.0,2.2998867432066916e-05,59,2714
detrend_first50_only,7.62939453125e-06,1.3306818008422852,1.6159318685531616,1.666487455368042,0.5452649781304039,0.28944156240463836,1.8125559091567993,0.9999999999999999,1.8125559091567995,0.1736160161690089,10.440027073264611,0.0003930238270695161,0.8057632601692468,0.4623769265837845,0.11722754441988045,-0.03412946596609523,0.9076085071270112,0.5691746859431805,0.07398673544583641,-0.020499250374773847,59,2714
detrend_fullspan50_only,7.62939453125e-06,1.5465717315673828,1.5744915008544922,1.5753761529922485,0.49764350862916623,0.2597565524022649,1.8136154413223267,1.0000000000000002,1.8136154413223262,0.17361602229773784,10.446129437363325,0.0003766478342749529,0.80132321719077,0.44705233427931057,0.12683206419389176,-0.005892121705923237,0.9097541464910675,0.5535932237263596,0.08002947678703021,-0.004155232796822617,59,2714
robust_shared_first50,7.62939453125e-06,0.8439604043960571,0.8416091203689575,3.2364919633209865e-08,0.0,0.0,1.818373680114746,1.0000000000000002,1.8183736801147456,0.17361601221944875,10.473536725497079,0.00040939981986407926,0.9483903260523481,0.9150483630696343,0.0,2.507776698290609e-05,0.9955940994410629,0.9743167824903369,0.0,2.299871226463246e-05,59,2714
robust_window_limited,7.62939453125e-06,1.27639901638031,1.278729796409607,0.8037286996841431,0.21839080459770116,0.10344827586206896,1.788694143295288,0.9999999999999999,1.7886941432952883,0.17361601122860196,10.302587478179627,0.0003848358306722345,0.7739317323027,0.35928293558132174,0.26342422009334315,-0.005872938168892672,0.8467106498426452,0.4708267449304431,0.13297306149185295,-0.006187238751074298,59,2714
robust_fullspan50,7.62939453125e-06,1.5240538120269775,1.5424646139144897,1.559826135635376,0.4928796663615095,0.2556877903231275,1.8160324096679688,0.9999999999999999,1.816032409667969,0.1736160170646465,10.460051096505474,0.00040939981986407926,0.8016457916524291,0.44775007483504503,0.12639810038483584,-0.0026988146379155475,0.9087722751935108,0.5545685497192939,0.07991484483746827,-0.001374310818195279,59,2714
robust_first50,7.62939453125e-06,1.3277790546417236,1.4737917184829712,1.5960254669189453,0.5094768250093242,0.2508730885294816,1.8136197328567505,1.0000000000000002,1.81361973285675,0.17361601276372193,10.446154729546448,0.0003930238270695161,0.8224441173654254,0.4618464004942102,0.11762875624334725,-0.012527200681540784,0.9238653993013244,0.5603462649963911,0.07765495783181856,-0.002808345929853573,59,2714
no_calibration,3.814697265625e-06,0.8649129271507263,0.8646252155303955,0.0004343925684224814,0.0,0.0,1.817866325378418,1.0000000000000002,1.8178663253784175,0.1695555884993621,10.721358944681775,0.00043094686343863074,0.9438948323097828,0.907905478184941,2.4393218685205512e-05,-5.677471787612909e-05,0.9949653854856852,0.9733905367179891,2.4393218685205512e-05,0.00011793547635952084,60,2733
linear_reference,7.62939453125e-06,0.13402380049228668,0.12440424412488937,0.8380882143974304,0.0,0.0,0.33205413818359375,0.9999999999999997,0.33205413818359386,0.16955558661948839,1.9583792242055686,0.0003902914989632882,0.9990861982185589,0.9975191068508623,2.4393218685205512e-05,0.0001895888274185964,1.0012868574241571,0.998967669844471,2.4393218685205512e-05,-0.00013494197092933646,60,2733
common_only,0.0,0.8649661540985107,0.8646232485771179,0.0,0.0,0.0,1.812609076499939,1.0,1.812609076499939,0.16955558705561272,10.690352986748938,0.00039842257185835673,0.9438912061081253,0.9078969664309313,2.4393218685205512e-05,-6.263061726163865e-05,0.9949597612086971,0.9733821107334109,2.4393218685205512e-05,0.00010993790460034347,60,2733
detrend_first50_only,7.62939453125e-06,1.483195424079895,1.573632836341858,1.6242969036102295,0.5191262348328032,0.2773766850103499,1.8147852420806885,1.0,1.8147852420806885,0.1695555888145524,10.703187401658395,0.0003902914989632882,0.7981776065637117,0.44945153445808517,0.12783672805626703,-0.00029145295111154823,0.9033412846534684,0.5452504487373045,0.08141643289832093,0.006312338042815058,60,2733
detrend_fullspan50_only,7.62939453125e-06,1.5461349487304688,1.5927457809448242,1.598107099533081,0.512865821847495,0.26005957489776343,1.8120131492614746,0.9999999999999994,1.8120131492614757,0.1695555888323062,10.686838232466586,0.0004065536447534252,0.7977942871109188,0.4475850481557125,0.12803187380574868,-0.006593215091005078,0.9042704847026887,0.5519539769378953,0.07836728056267024,-0.0007527625142655925,60,2733
robust_shared_first50,7.62939453125e-06,0.8649661540985107,0.8646232485771179,3.2123029569675055e-08,0.0,0.0,1.8128917217254639,1.0,1.8128917217254639,0.16955558944412735,10.692019812905404,0.0004065536447534252,0.9438912062115997,0.9078969198687131,2.4393218685205512e-05,-6.263064484379743e-05,0.9949597614177043,0.9733820393080441,2.4393218685205512e-05,0.00010993772051071105,60,2733
robust_window_limited,7.62939453125e-06,1.4613853693008423,1.466204047203064,1.3878836631774902,0.47126436781609193,0.22988505747126436,1.7851624488830566,1.0,1.7851624488830566,0.16955559629993755,10.528478492241392,0.00039842257185835673,0.7996718674207769,0.4512032943232706,0.11863235353904948,-0.002211385780353625,0.8977906996238525,0.5367593529851638,0.06357685896654064,-0.0017660451921212017,60,2733
robust_fullspan50,7.62939453125e-06,1.552708387374878,1.560524821281433,1.5555593967437744,0.493327274869154,0.2452331667255684,1.812028408050537,0.9999999999999998,1.8120284080505376,0.1695555890111244,10.68692821403635,0.0004065536447534252,0.798611532842455,0.4497268494319073,0.12747896084888402,0.0007440847632893544,0.904871248419209,0.5524367381325005,0.07985526690246778,0.00039363083625654216,60,2733
robust_first50,7.62939453125e-06,1.4677013158798218,1.644874095916748,1.5915437936782837,0.5155416435266993,0.23629693206105584,1.8097001314163208,1.0000000000000004,1.80970013141632,0.16955559216634924,10.673196373498802,0.00039842257185835673,0.8048306098962321,0.45529297353091774,0.12207179737366346,-0.0054253749414732155,0.9105307127480899,0.5564540961032325,0.07941618896613409,0.004322298182449336,60,2733
no_calibration,3.814697265625e-06,0.878645658493042,0.8873467445373535,0.0007500719511881471,0.0,0.0,1.8126287460327148,1.0000000000000007,1.8126287460327137,0.1463982775287208,12.381489568257443,0.0004122166010867529,0.9425366233933254,0.8986444375480191,0.0,-0.0008998638265448333,0.994681032375372,0.9637167254054253,0.0,-7.617895874789671e-05,61,2965
linear_reference,7.62939453125e-06,0.1501586139202118,0.1496061384677887,0.8518592715263367,0.0,0.0,0.34047237038612366,0.9999999999999997,0.34047237038612377,0.1463982742859847,2.325658359339817,0.0003822372119168072,0.9985180481711978,0.9962013615248845,0.0,9.717259106845066e-05,1.0013298299228381,0.9981473546234745,0.0,8.9394250470054e-05,61,2965
common_only,0.0,0.8786448836326599,0.887376606464386,0.0,0.0,0.0,1.8030104637145996,0.9999999999999996,1.8030104637146005,0.146398277428195,12.31579015401281,0.0003822372119168072,0.9425327270664676,0.8986582498616483,0.0,-0.0009074492525023015,0.9946787107246492,0.9637156152815587,0.0,-7.973619219925343e-05,61,2965
detrend_first50_only,7.62939453125e-06,1.4045374393463135,1.575527548789978,1.614719033241272,0.5228721671552887,0.2742488404920347,1.8128517866134644,1.0,1.8128517866134644,0.1463982737647492,12.383013405790413,0.00037474236462432077,0.809918871699082,0.46274581762385736,0.11623009181187934,-0.028924917037950304,0.9277442195726269,0.5823175183638928,0.0703466366872775,-0.009820422636253157,61,2965
detrend_fullspan50_only,7.62939453125e-06,1.5299992561340332,1.5784752368927002,1.5849324464797974,0.5106023236694743,0.25160159461429876,1.799048900604248,1.0000000000000004,1.7990489006042472,0.14639827896262075,12.288729849505891,0.0003822372119168072,0.8044788748548447,0.4544940344674413,0.12130410342889264,-0.002229904372278657,0.9103340337382154,0.5500267492839727,0.07981262881768784,0.0029384331289759036,61,2965
robust_shared_first50,7.62939453125e-06,0.8786448836326599,0.887376606464386,3.123828307138865e-08,0.0,0.0,1.8121662139892578,0.9999999999999999,1.812166213989258,0.14639827645876777,12.378330249670965,0.00035225782274686155,0.942532727118507,0.8986582202380108,0.0,-0.0009074490707903227,0.9946787107561784,0.9637156008137562,0.0,-7.973609180700336e-05,61,2965
robust_window_limited,7.62939453125e-06,1.2538585662841797,1.2586359977722168,0.8235659599304199,0.2413793103448276,0.11494252873563218,1.7912853956222534,0.9999999999999998,1.7912853956222539,0.14639827425289292,12.235700214115443,0.00039722690650178003,0.8767247808072774,0.7261317358425761,0.04439198051339704,-0.000339598755779158,0.9624729273833013,0.7999541612500428,0.01601648866404347,0.0006105474858163484,61,2965
robust_fullspan50,7.62939453125e-06,1.5150079727172852,1.5513259172439575,1.5181597471237183,0.4822001954488343,0.23860269595296818,1.813799262046814,1.0000000000000009,1.8137992620468124,0.1463982763246216,12.389485092194114,0.00036724751733183434,0.8059705998193576,0.46117660826633505,0.11831365935919055,0.0026763340805603386,0.9117003551331874,0.5723095129051508,0.07228780213603148,0.012621394216544402,61,2965
robust_first50,7.62939453125e-06,1.485732078552246,1.5773680210113525,1.5458978414535522,0.49698295251834274,0.23571749887539362,1.8147996664047241,1.0,1.8147996664047241,0.1463982771873513,12.396318462697876,0.00037474236462432077,0.7963066865498377,0.44634657253828985,0.12522390856286303,-0.02209421696739644,0.8997011285201638,0.563968877990192,0.07489600899381675,-0.017632556463633375,61,2965
no_calibration,3.814697265625e-06,0.7834466695785522,0.7832121849060059,1.9563476598705165e-05,0.0,0.0,1.8134856224060059,0.9999999999999999,1.813485622406006,0.12456150341260444,14.558957404350808,0.0004579011307354453,0.9556403491853632,0.929230226675238,0.0,2.92768203109528e-05,0.996604023885641,0.9778090018828975,0.0,-9.811579595442321e-05,62,2378
linear_reference,7.62939453125e-06,0.1184120699763298,0.11899425089359283,0.7508521676063538,0.0,0.0,0.3164714574813843,0.9999999999999998,0.31647145748138433,0.12456150296179272,2.540684320246657,0.00042052144659377626,0.9993146470325138,0.9980690664084789,0.0,-1.305693585296197e-05,1.00104460511133,0.9993369217912048,0.0,-1.5854946363136335e-05,62,2378
common_only,0.0,0.7834464311599731,0.7832139134407043,0.0,0.0,0.0,1.8065980672836304,1.0,1.8065980672836304,0.12456149352472888,14.50366414340537,0.00044855620970002803,0.9556403836665116,0.9292320051119322,0.0,2.8671359360576965e-05,0.9966042055145702,0.9778109744744974,0.0,-9.867268793095629e-05,62,2378
detrend_first50_only,7.62939453125e-06,0.6119817495346069,1.2094306945800781,1.363955020904541,0.4484306668214714,0.2325747900460544,1.8144609928131104,1.0,1.8144609928131104,0.12456150626483392,14.566787502997363,0.0004298663676291935,0.934453876737347,0.8190291781432735,0.01298944023922998,-0.10183574993205236,0.9777310717989026,0.8873199975158235,0.009092608167460985,-0.06415368949945544,62,2378
detrend_fullspan50_only,7.62939453125e-06,1.3386919498443604,1.580173134803772,1.4575352668762207,0.45177831959441156,0.24370138163241611,1.8176008462905884,0.9999999999999996,1.8176008462905893,0.12456150085531806,14.59199539030753,0.0004298663676291935,0.8179546145649843,0.459451394466762,0.1176058312307261,-0.06668990200643365,0.9166099328683182,0.5746059165226575,0.0703111858704794,-0.0549940305672354,62,2378
robust_shared_first50,7.62939453125e-06,0.7834464311599731,0.7832139134407043,3.312349505790735e-08,0.0,0.0,1.809184193611145,0.9999999999999998,1.8091841936111455,0.1245615094856736,14.524424126533468,0.0004392112886646108,0.9556403835669814,0.9292319967260516,0.0,2.8671217020659334e-05,0.996604205417401,0.9778109179337402,0.0,-9.867285333042819e-05,62,2378
robust_window_limited,7.62939453125e-06,0.7629317045211792,0.7617977261543274,0.027660299092531204,0.0,0.0,1.8094688653945923,1.0000000000000002,1.8094688653945918,0.12456151017779911,14.526709437062511,0.0004392112886646108,0.9574312558491351,0.9311558957023871,0.0,0.00010788432009500859,0.9962164726922488,0.9770707832703704,0.0,-0.00010652537381505844,62,2378
robust_fullspan50,7.62939453125e-06,1.22640061378479,1.454735279083252,1.4114798307418823,0.44121289523588375,0.1970277487518867,1.8126846551895142,1.0,1.8126846551895142,0.1245615017268021,14.552527306271838,0.0004392112886646108,0.8183280386453817,0.46570101757578897,0.11433510886833007,-0.06995306771045318,0.9080896030359055,0.5756412984457978,0.07333894028595458,-0.0726771044792276,62,2378
robust_first50,7.62939453125e-06,0.6573058366775513,0.9350694417953491,1.149455189704895,0.3123379387747204,0.08456209605634893,1.7536782026290894,1.0,1.7536782026290894,0.12456150442722605,14.078813600502555,0.00044855620970002803,0.9568686248296115,0.8772847308403933,0.0,-0.03089806115518179,0.9973158223777341,0.9156178510342571,0.0,0.004250638192914713,62,2378
no_calibration,3.814697265625e-06,0.8195084929466248,0.8165180087089539,0.0005644102930091321,0.0,0.0,1.8133498430252075,0.9999999999999999,1.8133498430252077,0.1765827098070663,10.269124564950145,0.0003879949788885085,0.9521878528941308,0.9190549459896217,0.0,0.00012568073889518416,0.9967596520050971,0.970988092917944,0.0,0.00035671615609000895,63,2921
linear_reference,7.62939453125e-06,0.1416010707616806,0.1391003578901291,0.776326596736908,0.0,0.0,0.39160048961639404,1.0000000000000002,0.39160048961639393,0.17658271205602485,2.217660409996138,0.0003651717448362433,0.9988192271205224,0.9969319776704868,0.0,5.928541312183455e-05,1.0010548475145498,0.9986096622117067,0.0,-6.256362251821912e-05,63,2921
common_only,0.0,0.8195098042488098,0.8165000677108765,0.0,0.0,0.0,1.820771336555481,0.9999999999999996,1.8207713365554818,0.17658270926233757,10.311153023767906,0.0003727794895203317,0.9521855705190448,0.9190453752556408,0.0,0.00012023264294858116,0.996753897766744,0.9709535576871359,0.0,0.00034332641266154873,63,2921
detrend_first50_only,7.62939453125e-06,1.5447826385498047,1.5494145154953003,1.5720324516296387,0.5017320107069753,0.251897339001732,1.8153427839279175,1.0,1.8153427839279175,0.17658271279743218,10.280410551911714,0.0003879949788885085,0.8027669804074716,0.4418711935849206,0.12747536992658526,-0.0015753943671740211,0.9114272661820827,0.556788977171401,0.07824565407584921,-0.003293794950768758,63,2921
detrend_fullspan50_only,7.62939453125e-06,1.5766513347625732,1.5636852979660034,1.56235933303833,0.4954337899543379,0.24485907731065973,1.8136513233184814,1.0,1.8136513233184814,0.17658270593988398,10.270832093466293,0.00035756400015215487,0.8019482347212288,0.4414647862017056,0.1278481494161056,0.001383801993187106,0.9098744733596866,0.5518067390279742,0.0798356727148237,0.0011520597762549878,63,2921
robust_shared_first50,7.62939453125e-06,0.8195098638534546,0.8165000677108765,3.2052088982936766e-08,0.0,0.0,1.8130244016647339,1.0,1.8130244016647339,0.17658270919581182,10.26728160374003,0.00035756400015215487,0.9521855703492896,0.919045321649257,0.0,0.00012023217261103447,0.9967538975073665,0.9709535674199318,0.0,0.0003433258354543778,63,2921
robust_window_limited,7.62939453125e-06,1.480267882347107,1.4847157001495361,1.4281909465789795,0.45977011494252873,0.14942528735632185,1.7976096868515015,0.9999999999999998,1.797609686851502,0.17658270221273142,10.179987418506588,0.0003879949788885085,0.8635446836850588,0.5778056478523025,0.0592339001103123,0.0010231630112710333,0.9847365494450376,0.6755007602766595,0.027661759671345428,0.002200799875595405,63,2921
robust_fullspan50,7.62939453125e-06,1.5607904195785522,1.584394931793213,1.5772801637649536,0.5034797669658322,0.25657376791056524,1.8189911842346191,1.0,1.8189911842346191,0.1765827074149562,10.30107200678561,0.0003727794895203317,0.8020825091979232,0.44071283147739115,0.12815245920346913,-0.0016541648044900992,0.91026386775704,0.5514357574817199,0.07993457339571684,-0.0008739710075702511,63,2921
robust_first50,7.62939453125e-06,1.5391244888305664,1.5978848934173584,1.591086983680725,0.5123602582270509,0.2552196504487482,1.8080782890319824,1.0000000000000002,1.808078289031982,0.17658271168826473,10.239271283951764,0.0003803872342044201,0.802484164409756,0.443824722646902,0.12676024192628096,-0.007487520833165284,0.9104114590013148,0.5587935173446311,0.07788048233101297,-0.006452921582403848,63,2921
