file_name,frames,values,source_min_length,predicted_bypass,output_exactly_equal_to_input,max_absolute_change,mae,nmae,rmse,nrmse,pearson_r,nonfinite_input_count,nonfinite_output_count
/home/test/bupt_hjk/sdp_dataset/elderAL/action0_static_new/user0_position1_activity0/20250813=204838_mimo5s_part0.csv,21,32256,28,True,True,0.0,0.0,0.0,0.0,0.0,1.0,0,0
/home/test/bupt_hjk/sdp_dataset/elderAL/action0_static_new/user0_position1_activity0/20250813=204845_mimo5s_part0.csv,50,76800,28,False,False,2548.430873612272,847.8722033682911,0.8740284206674401,936.2257665637004,0.8656899171370017,0.5424044714295317,0,0
/home/test/bupt_hjk/sdp_dataset/elderAL/action0_static_new/user0_position1_activity0/20250813=204852_mimo5s_part0.csv,53,81408,28,False,False,2514.435191119069,1073.448952040336,1.0842503915535848,1220.238920755636,1.101791381292104,-0.4868099746526678,0,0
/home/test/bupt_hjk/sdp_dataset/elderAL/action0_static_new/user0_position1_activity0/20250813=204858_mimo5s_part0.csv,27,41472,28,True,True,0.0,0.0,0.0,0.0,0.0,1.0,0,0
/home/test/bupt_hjk/sdp_dataset/elderAL/action0_static_new/user0_position1_activity0/20250813=204905_mimo5s_part0.csv,18,27648,28,True,True,0.0,0.0,0.0,0.0,0.0,1.0,0,0
/home/test/bupt_hjk/sdp_dataset/elderAL/action0_static_new/user0_position1_activity0/20250813=204911_mimo5s_part0.csv,24,36864,28,True,True,0.0,0.0,0.0,0.0,0.0,1.0,0,0
/home/test/bupt_hjk/sdp_dataset/elderAL/action0_static_new/user0_position1_activity0/20250813=204917_mimo5s_part0.csv,50,76800,28,False,False,2695.5565582388613,889.7615274692727,0.9545895581437877,979.0594169084651,0.9396011585489096,0.44694950596058686,0,0
/home/test/bupt_hjk/sdp_dataset/elderAL/action0_static_new/user0_position1_activity0/20250813=204925_mimo5s_part0.csv,14,21504,28,True,True,0.0,0.0,0.0,0.0,0.0,1.0,0,0
/home/test/bupt_hjk/sdp_dataset/elderAL/action0_static_new/user0_position1_activity0/20250813=204931_mimo5s_part0.csv,24,36864,28,True,True,0.0,0.0,0.0,0.0,0.0,0.9999999999999999,0,0
/home/test/bupt_hjk/sdp_dataset/elderAL/action0_static_new/user0_position1_activity0/20250813=204938_mimo5s_part0.csv,11,16896,28,True,True,0.0,0.0,0.0,0.0,0.0,0.9999999999999998,0,0
/home/test/bupt_hjk/sdp_dataset/elderAL/action0_static_new/user0_position1_activity0/20250813=204944_mimo5s_part0.csv,42,64512,28,False,False,2356.420066863487,781.6295121793158,0.8403105146531635,893.1915728798152,0.8538398150282782,0.32821261174481947,0,0
/home/test/bupt_hjk/sdp_dataset/elderAL/action0_static_new/user0_position1_activity0/20250813=204950_mimo5s_part0.csv,24,36864,28,True,True,0.0,0.0,0.0,0.0,0.0,0.9999999999999999,0,0
/home/test/bupt_hjk/sdp_dataset/elderAL/action0_static_new/user0_position1_activity0/20250813=204956_mimo5s_part0.csv,17,26112,28,True,True,0.0,0.0,0.0,0.0,0.0,1.0,0,0
/home/test/bupt_hjk/sdp_dataset/elderAL/action0_static_new/user0_position1_activity0/20250813=205002_mimo5s_part0.csv,11,16896,28,True,True,0.0,0.0,0.0,0.0,0.0,1.0,0,0
/home/test/bupt_hjk/sdp_dataset/elderAL/action0_static_new/user0_position1_activity0/20250813=205008_mimo5s_part0.csv,14,21504,28,True,True,0.0,0.0,0.0,0.0,0.0,1.0,0,0
/home/test/bupt_hjk/sdp_dataset/elderAL/action0_static_new/user0_position2_activity0/20250813=205127_mimo5s_part0.csv,14,21504,28,True,True,0.0,0.0,0.0,0.0,0.0,1.0,0,0
/home/test/bupt_hjk/sdp_dataset/elderAL/action0_static_new/user0_position2_activity0/20250813=205133_mimo5s_part0.csv,11,16896,28,True,True,0.0,0.0,0.0,0.0,0.0,0.9999999999999999,0,0
/home/test/bupt_hjk/sdp_dataset/elderAL/action0_static_new/user0_position2_activity0/20250813=205138_mimo5s_part0.csv,15,23040,28,True,True,0.0,0.0,0.0,0.0,0.0,0.9999999999999999,0,0
/home/test/bupt_hjk/sdp_dataset/elderAL/action0_static_new/user0_position2_activity0/20250813=205144_mimo5s_part0.csv,35,53760,28,False,False,4204.726552933161,948.8555925119678,1.0362176560378693,1063.805776013407,1.0484758674783803,-0.17111130716117762,0,0
/home/test/bupt_hjk/sdp_dataset/elderAL/action0_static_new/user0_position2_activity0/20250813=205149_mimo5s_part0.csv,24,36864,28,True,True,0.0,0.0,0.0,0.0,0.0,0.9999999999999999,0,0
/home/test/bupt_hjk/sdp_dataset/elderAL/action0_static_new/user0_position2_activity0/20250813=205155_mimo5s_part0.csv,18,27648,28,True,True,0.0,0.0,0.0,0.0,0.0,1.0,0,0
/home/test/bupt_hjk/sdp_dataset/elderAL/action0_static_new/user0_position2_activity0/20250813=205201_mimo5s_part0.csv,11,16896,28,True,True,0.0,0.0,0.0,0.0,0.0,1.0,0,0
/home/test/bupt_hjk/sdp_dataset/elderAL/action0_static_new/user0_position2_activity0/20250813=205206_mimo5s_part0.csv,12,18432,28,True,True,0.0,0.0,0.0,0.0,0.0,1.0,0,0
/home/test/bupt_hjk/sdp_dataset/elderAL/action0_static_new/user0_position2_activity0/20250813=205212_mimo5s_part0.csv,31,47616,28,False,False,2686.1260927702137,1103.240157556872,1.2451034322106092,1256.409854756358,1.265415251664341,-0.5313161242587849,0,0
/home/test/bupt_hjk/sdp_dataset/elderAL/action0_static_new/user0_position2_activity0/20250813=205225_mimo5s_part0.csv,13,19968,28,True,True,0.0,0.0,0.0,0.0,0.0,1.0,0,0
/home/test/bupt_hjk/sdp_dataset/elderAL/action0_static_new/user0_position2_activity0/20250813=205231_mimo5s_part0.csv,7,10752,28,True,True,0.0,0.0,0.0,0.0,0.0,1.0,0,0
/home/test/bupt_hjk/sdp_dataset/elderAL/action0_static_new/user0_position2_activity0/20250813=205236_mimo5s_part0.csv,11,16896,28,True,True,0.0,0.0,0.0,0.0,0.0,1.0,0,0
/home/test/bupt_hjk/sdp_dataset/elderAL/action0_static_new/user0_position2_activity0/20250813=205242_mimo5s_part0.csv,25,38400,28,True,True,0.0,0.0,0.0,0.0,0.0,1.0,0,0
/home/test/bupt_hjk/sdp_dataset/elderAL/action0_static_new/user0_position2_activity0/20250813=205248_mimo5s_part0.csv,32,49152,28,False,False,3180.685285251822,1102.757689635743,1.2176156056248797,1250.2567587897067,1.2250164084488844,-0.3234460278465212,0,0
/home/test/bupt_hjk/sdp_dataset/elderAL/action0_static_new/user0_position3_activity0/20250813=205306_mimo5s_part0.csv,17,26112,28,True,True,0.0,0.0,0.0,0.0,0.0,1.0,0,0
/home/test/bupt_hjk/sdp_dataset/elderAL/action0_static_new/user0_position3_activity0/20250813=205312_mimo5s_part0.csv,18,27648,28,True,True,0.0,0.0,0.0,0.0,0.0,0.9999999999999999,0,0
/home/test/bupt_hjk/sdp_dataset/elderAL/action0_static_new/user0_position3_activity0/20250813=205318_mimo5s_part0.csv,34,52224,28,False,False,2758.9344426074863,807.1288793839117,0.9389465108048627,908.9209085072343,0.9432716724839703,0.2752069060042257,0,0
/home/test/bupt_hjk/sdp_dataset/elderAL/action0_static_new/user0_position3_activity0/20250813=205324_mimo5s_part0.csv,44,67584,28,False,False,2564.6469582170107,771.268039085843,0.8713946359529824,839.6426773460994,0.8555802238292762,0.5503071700182586,0,0
/home/test/bupt_hjk/sdp_dataset/elderAL/action0_static_new/user0_position3_activity0/20250813=205330_mimo5s_part0.csv,56,86016,28,False,False,2657.1479236924447,476.5779861907821,0.5547010704691642,657.562040796658,0.6764895793124188,0.38681981366437507,0,0
/home/test/bupt_hjk/sdp_dataset/elderAL/action0_static_new/user0_position3_activity0/20250813=205337_mimo5s_part0.csv,15,23040,28,True,True,0.0,0.0,0.0,0.0,0.0,0.9999999999999999,0,0
/home/test/bupt_hjk/sdp_dataset/elderAL/action0_static_new/user0_position3_activity0/20250813=205343_mimo5s_part0.csv,30,46080,28,False,False,2802.5576231998193,775.2602080109972,0.9213077383439332,910.0293770532611,0.9460653217138775,0.1478590081325848,0,0
/home/test/bupt_hjk/sdp_dataset/elderAL/action0_static_new/user0_position3_activity0/20250813=205351_mimo5s_part0.csv,53,81408,28,False,False,2835.828776061258,965.1976205139422,1.1199924925539144,1106.9762892576664,1.1396360600645694,-0.14617842534222905,0,0
/home/test/bupt_hjk/sdp_dataset/elderAL/action0_static_new/user0_position3_activity0/20250813=205358_mimo5s_part0.csv,27,41472,28,True,True,0.0,0.0,0.0,0.0,0.0,0.9999999999999999,0,0
/home/test/bupt_hjk/sdp_dataset/elderAL/action0_static_new/user0_position3_activity0/20250813=205404_mimo5s_part0.csv,18,27648,28,True,True,0.0,0.0,0.0,0.0,0.0,1.0,0,0
/home/test/bupt_hjk/sdp_dataset/elderAL/action0_static_new/user0_position3_activity0/20250813=205410_mimo5s_part0.csv,7,10752,28,True,True,0.0,0.0,0.0,0.0,0.0,1.0,0,0
/home/test/bupt_hjk/sdp_dataset/elderAL/action0_static_new/user0_position3_activity0/20250813=205416_mimo5s_part0.csv,11,16896,28,True,True,0.0,0.0,0.0,0.0,0.0,1.0,0,0
/home/test/bupt_hjk/sdp_dataset/elderAL/action0_static_new/user0_position3_activity0/20250813=205422_mimo5s_part0.csv,27,41472,28,True,True,0.0,0.0,0.0,0.0,0.0,1.0,0,0
/home/test/bupt_hjk/sdp_dataset/elderAL/action0_static_new/user0_position3_activity0/20250813=205429_mimo5s_part0.csv,11,16896,28,True,True,0.0,0.0,0.0,0.0,0.0,1.0,0,0
/home/test/bupt_hjk/sdp_dataset/elderAL/action0_static_new/user0_position3_activity0/20250813=205435_mimo5s_part0.csv,8,12288,28,True,True,0.0,0.0,0.0,0.0,0.0,1.0,0,0
/home/test/bupt_hjk/sdp_dataset/elderAL/action0_static_new/user0_position4_activity0/20250813=205454_mimo5s_part0.csv,27,41472,28,True,True,0.0,0.0,0.0,0.0,0.0,0.9999999999999999,0,0
/home/test/bupt_hjk/sdp_dataset/elderAL/action0_static_new/user0_position4_activity0/20250813=205500_mimo5s_part0.csv,16,24576,28,True,True,0.0,0.0,0.0,0.0,0.0,1.0,0,0
/home/test/bupt_hjk/sdp_dataset/elderAL/action0_static_new/user0_position4_activity0/20250813=205507_mimo5s_part0.csv,22,33792,28,True,True,0.0,0.0,0.0,0.0,0.0,1.0,0,0
/home/test/bupt_hjk/sdp_dataset/elderAL/action0_static_new/user0_position4_activity0/20250813=205514_mimo5s_part0.csv,21,32256,28,True,True,0.0,0.0,0.0,0.0,0.0,1.0,0,0
/home/test/bupt_hjk/sdp_dataset/elderAL/action0_static_new/user0_position4_activity0/20250813=205521_mimo5s_part0.csv,30,46080,28,False,False,2532.001586143877,920.8418957084949,1.101664992730061,1024.944030054213,1.101956071566812,-0.2730980652092607,0,0
/home/test/bupt_hjk/sdp_dataset/elderAL/action0_static_new/user0_position4_activity0/20250813=205527_mimo5s_part0.csv,15,23040,28,True,True,0.0,0.0,0.0,0.0,0.0,1.0,0,0
/home/test/bupt_hjk/sdp_dataset/elderAL/action0_static_new/user0_position4_activity0/20250813=205533_mimo5s_part0.csv,17,26112,28,True,True,0.0,0.0,0.0,0.0,0.0,1.0,0,0
/home/test/bupt_hjk/sdp_dataset/elderAL/action0_static_new/user0_position4_activity0/20250813=205540_mimo5s_part0.csv,11,16896,28,True,True,0.0,0.0,0.0,0.0,0.0,0.9999999999999999,0,0
/home/test/bupt_hjk/sdp_dataset/elderAL/action0_static_new/user0_position4_activity0/20250813=205546_mimo5s_part0.csv,25,38400,28,True,True,0.0,0.0,0.0,0.0,0.0,1.0,0,0
/home/test/bupt_hjk/sdp_dataset/elderAL/action0_static_new/user0_position4_activity0/20250813=205552_mimo5s_part0.csv,38,58368,28,False,False,3045.8551627525385,825.9248624014538,1.0009266665184748,933.5646777781104,1.0142223497796898,-0.040095281318301534,0,0
/home/test/bupt_hjk/sdp_dataset/elderAL/action0_static_new/user0_position4_activity0/20250813=205558_mimo5s_part0.csv,18,27648,28,True,True,0.0,0.0,0.0,0.0,0.0,1.0,0,0
/home/test/bupt_hjk/sdp_dataset/elderAL/action0_static_new/user0_position4_activity0/20250813=205604_mimo5s_part0.csv,18,27648,28,True,True,0.0,0.0,0.0,0.0,0.0,1.0,0,0
/home/test/bupt_hjk/sdp_dataset/elderAL/action0_static_new/user0_position4_activity0/20250813=205610_mimo5s_part0.csv,17,26112,28,True,True,0.0,0.0,0.0,0.0,0.0,1.0,0,0
/home/test/bupt_hjk/sdp_dataset/elderAL/action0_static_new/user0_position4_activity0/20250813=205616_mimo5s_part0.csv,18,27648,28,True,True,0.0,0.0,0.0,0.0,0.0,0.9999999999999999,0,0
/home/test/bupt_hjk/sdp_dataset/elderAL/action0_static_new/user0_position4_activity0/20250813=205623_mimo5s_part0.csv,21,32256,28,True,True,0.0,0.0,0.0,0.0,0.0,1.0,0,0
/home/test/bupt_hjk/sdp_dataset/elderAL/action0_static_new/user0_position5_activity0/20250813=205647_mimo5s_part0.csv,36,55296,28,False,False,2523.669302710214,664.9719587440132,0.752532355075559,780.5214677412526,0.7828509058285458,0.3982536706538878,0,0
/home/test/bupt_hjk/sdp_dataset/elderAL/action0_static_new/user0_position5_activity0/20250813=205654_mimo5s_part0.csv,24,36864,28,True,True,0.0,0.0,0.0,0.0,0.0,1.0,0,0
/home/test/bupt_hjk/sdp_dataset/elderAL/action0_static_new/user0_position5_activity0/20250813=205700_mimo5s_part0.csv,17,26112,28,True,True,0.0,0.0,0.0,0.0,0.0,1.0,0,0
/home/test/bupt_hjk/sdp_dataset/elderAL/action0_static_new/user0_position5_activity0/20250813=205706_mimo5s_part0.csv,25,38400,28,True,True,0.0,0.0,0.0,0.0,0.0,1.0,0,0
/home/test/bupt_hjk/sdp_dataset/elderAL/action0_static_new/user0_position5_activity0/20250813=205713_mimo5s_part0.csv,18,27648,28,True,True,0.0,0.0,0.0,0.0,0.0,1.0,0,0
/home/test/bupt_hjk/sdp_dataset/elderAL/action0_static_new/user0_position5_activity0/20250813=205719_mimo5s_part0.csv,31,47616,28,False,False,2537.1451316935563,768.0315068958943,0.8268779110729315,865.7242164764028,0.8384488109039535,0.2891184479942556,0,0
/home/test/bupt_hjk/sdp_dataset/elderAL/action0_static_new/user0_position5_activity0/20250813=205725_mimo5s_part0.csv,14,21504,28,True,True,0.0,0.0,0.0,0.0,0.0,0.9999999999999999,0,0
/home/test/bupt_hjk/sdp_dataset/elderAL/action0_static_new/user0_position5_activity0/20250813=205731_mimo5s_part0.csv,15,23040,28,True,True,0.0,0.0,0.0,0.0,0.0,1.0,0,0
/home/test/bupt_hjk/sdp_dataset/elderAL/action0_static_new/user0_position5_activity0/20250813=205737_mimo5s_part0.csv,18,27648,28,True,True,0.0,0.0,0.0,0.0,0.0,1.0,0,0
/home/test/bupt_hjk/sdp_dataset/elderAL/action0_static_new/user0_position5_activity0/20250813=205743_mimo5s_part0.csv,32,49152,28,False,False,2793.06756767385,687.4376512877088,0.7724992801501218,832.2073575098865,0.8276108919608937,0.41395639942134893,0,0
/home/test/bupt_hjk/sdp_dataset/elderAL/action0_static_new/user0_position5_activity0/20250813=205749_mimo5s_part0.csv,22,33792,28,True,True,0.0,0.0,0.0,0.0,0.0,0.9999999999999999,0,0
/home/test/bupt_hjk/sdp_dataset/elderAL/action0_static_new/user0_position5_activity0/20250813=205755_mimo5s_part0.csv,25,38400,28,True,True,0.0,0.0,0.0,0.0,0.0,1.0,0,0
/home/test/bupt_hjk/sdp_dataset/elderAL/action0_static_new/user0_position5_activity0/20250813=205801_mimo5s_part0.csv,18,27648,28,True,True,0.0,0.0,0.0,0.0,0.0,1.0,0,0
/home/test/bupt_hjk/sdp_dataset/elderAL/action0_static_new/user0_position5_activity0/20250813=205807_mimo5s_part0.csv,18,27648,28,True,True,0.0,0.0,0.0,0.0,0.0,1.0,0,0
/home/test/bupt_hjk/sdp_dataset/elderAL/action0_static_new/user0_position5_activity0/20250813=205813_mimo5s_part0.csv,22,33792,28,True,True,0.0,0.0,0.0,0.0,0.0,1.0,0,0
/home/test/bupt_hjk/sdp_dataset/elderAL/action0_static_new/user0_position6_activity0/20250813=205834_mimo5s_part0.csv,13,19968,28,True,True,0.0,0.0,0.0,0.0,0.0,1.0,0,0
/home/test/bupt_hjk/sdp_dataset/elderAL/action0_static_new/user0_position6_activity0/20250813=205841_mimo5s_part0.csv,22,33792,28,True,True,0.0,0.0,0.0,0.0,0.0,1.0,0,0
/home/test/bupt_hjk/sdp_dataset/elderAL/action0_static_new/user0_position6_activity0/20250813=205847_mimo5s_part0.csv,54,82944,28,False,False,2590.6839485024116,792.474227752037,0.8666906834958594,964.2042032333807,0.9624880154257672,0.04697877208471901,0,0
/home/test/bupt_hjk/sdp_dataset/elderAL/action0_static_new/user0_position6_activity0/20250813=205853_mimo5s_part0.csv,50,76800,28,False,False,2254.6841480112244,755.517368977457,0.8241712508622543,843.6298722096537,0.8340003484046982,0.3658280997364728,0,0
/home/test/bupt_hjk/sdp_dataset/elderAL/action0_static_new/user0_position6_activity0/20250813=205900_mimo5s_part0.csv,35,53760,28,False,False,3639.034427484903,797.4548920372606,0.8782316231957865,909.9147231368297,0.9013126363418924,0.21851516329481646,0,0
/home/test/bupt_hjk/sdp_dataset/elderAL/action0_static_new/user0_position6_activity0/20250813=205906_mimo5s_part0.csv,20,30720,28,True,True,0.0,0.0,0.0,0.0,0.0,1.0,0,0
/home/test/bupt_hjk/sdp_dataset/elderAL/action0_static_new/user0_position6_activity0/20250813=205912_mimo5s_part0.csv,17,26112,28,True,True,0.0,0.0,0.0,0.0,0.0,0.9999999999999999,0,0
/home/test/bupt_hjk/sdp_dataset/elderAL/action0_static_new/user0_position6_activity0/20250813=205919_mimo5s_part0.csv,44,67584,28,False,False,2455.7441688241847,695.8816239110064,0.7173640862710734,792.2742991141336,0.7511572066950232,0.5116371105080938,0,0
/home/test/bupt_hjk/sdp_dataset/elderAL/action0_static_new/user0_position6_activity0/20250813=205925_mimo5s_part0.csv,18,27648,28,True,True,0.0,0.0,0.0,0.0,0.0,1.0,0,0
/home/test/bupt_hjk/sdp_dataset/elderAL/action0_static_new/user0_position6_activity0/20250813=205931_mimo5s_part0.csv,18,27648,28,True,True,0.0,0.0,0.0,0.0,0.0,1.0,0,0
/home/test/bupt_hjk/sdp_dataset/elderAL/action0_static_new/user0_position6_activity0/20250813=205937_mimo5s_part0.csv,18,27648,28,True,True,0.0,0.0,0.0,0.0,0.0,1.0,0,0
/home/test/bupt_hjk/sdp_dataset/elderAL/action0_static_new/user0_position6_activity0/20250813=205943_mimo5s_part0.csv,38,58368,28,False,False,2996.850015853266,860.2405744255055,0.9424119337726621,981.933305225515,0.9722291752794187,0.08521215286887336,0,0
/home/test/bupt_hjk/sdp_dataset/elderAL/action0_static_new/user0_position6_activity0/20250813=205949_mimo5s_part0.csv,25,38400,28,True,True,0.0,0.0,0.0,0.0,0.0,1.0,0,0
/home/test/bupt_hjk/sdp_dataset/elderAL/action0_static_new/user0_position6_activity0/20250813=205955_mimo5s_part0.csv,23,35328,28,True,True,0.0,0.0,0.0,0.0,0.0,1.0,0,0
/home/test/bupt_hjk/sdp_dataset/elderAL/action0_static_new/user0_position6_activity0/20250813=210002_mimo5s_part0.csv,11,16896,28,True,True,0.0,0.0,0.0,0.0,0.0,1.0,0,0
/home/test/bupt_hjk/sdp_dataset/elderAL/action0_static_new/user0_position7_activity0/20250813=210027_mimo5s_part0.csv,20,30720,28,True,True,0.0,0.0,0.0,0.0,0.0,1.0,0,0
/home/test/bupt_hjk/sdp_dataset/elderAL/action0_static_new/user0_position7_activity0/20250813=210033_mimo5s_part0.csv,13,19968,28,True,True,0.0,0.0,0.0,0.0,0.0,1.0,0,0
/home/test/bupt_hjk/sdp_dataset/elderAL/action0_static_new/user0_position7_activity0/20250813=210039_mimo5s_part0.csv,17,26112,28,True,True,0.0,0.0,0.0,0.0,0.0,0.9999999999999999,0,0
/home/test/bupt_hjk/sdp_dataset/elderAL/action0_static_new/user0_position7_activity0/20250813=210045_mimo5s_part0.csv,47,72192,28,False,False,2714.5190026974437,501.0471443267361,0.5422324127365656,639.2316559851001,0.616153581482601,0.6045646344504045,0,0
/home/test/bupt_hjk/sdp_dataset/elderAL/action0_static_new/user0_position7_activity0/20250813=210051_mimo5s_part0.csv,31,47616,28,False,False,3053.967541184236,652.5835866723775,0.7206041935187409,772.0932895654231,0.7499107280779265,0.5783388243706742,0,0
/home/test/bupt_hjk/sdp_dataset/elderAL/action0_static_new/user0_position7_activity0/20250813=210058_mimo5s_part0.csv,14,21504,28,True,True,0.0,0.0,0.0,0.0,0.0,1.0,0,0
/home/test/bupt_hjk/sdp_dataset/elderAL/action0_static_new/user0_position7_activity0/20250813=210104_mimo5s_part0.csv,12,18432,28,True,True,0.0,0.0,0.0,0.0,0.0,1.0,0,0
/home/test/bupt_hjk/sdp_dataset/elderAL/action0_static_new/user0_position7_activity0/20250813=210110_mimo5s_part0.csv,4,6144,28,True,True,0.0,0.0,0.0,0.0,0.0,1.0,0,0
/home/test/bupt_hjk/sdp_dataset/elderAL/action0_static_new/user0_position7_activity0/20250813=210116_mimo5s_part0.csv,31,47616,28,False,False,2491.41935319447,846.7016901728987,0.929054434205159,943.5565028334184,0.9084746499014751,0.5002137252061896,0,0
/home/test/bupt_hjk/sdp_dataset/elderAL/action0_static_new/user0_position7_activity0/20250813=210122_mimo5s_part0.csv,32,49152,28,False,False,2545.276489124024,803.5937129411055,0.8812768533687345,926.8955160857734,0.8965152021351166,0.24704016136801937,0,0
/home/test/bupt_hjk/sdp_dataset/elderAL/action0_static_new/user0_position7_activity0/20250813=210129_mimo5s_part0.csv,13,19968,28,True,True,0.0,0.0,0.0,0.0,0.0,0.9999999999999999,0,0
/home/test/bupt_hjk/sdp_dataset/elderAL/action0_static_new/user0_position7_activity0/20250813=210136_mimo5s_part0.csv,15,23040,28,True,True,0.0,0.0,0.0,0.0,0.0,1.0,0,0
/home/test/bupt_hjk/sdp_dataset/elderAL/action0_static_new/user0_position7_activity0/20250813=210142_mimo5s_part0.csv,13,19968,28,True,True,0.0,0.0,0.0,0.0,0.0,1.0,0,0
/home/test/bupt_hjk/sdp_dataset/elderAL/action0_static_new/user0_position7_activity0/20250813=210148_mimo5s_part0.csv,28,43008,28,False,False,3633.0173182391018,901.7027818645878,0.9926952898826643,1018.658051621698,0.9830492388427564,0.18465364956982025,0,0
/home/test/bupt_hjk/sdp_dataset/elderAL/action0_static_new/user0_position7_activity0/20250813=210154_mimo5s_part0.csv,31,47616,28,False,False,2528.043148317096,1038.266624045716,1.10710458807225,1176.7602363191565,1.1174698685345015,-0.3890611892938188,0,0
/home/test/bupt_hjk/sdp_dataset/elderAL/action0_static_new/user0_position8_activity0/20250813=210215_mimo5s_part0.csv,32,49152,28,False,False,2818.31084433687,787.1267734224083,0.8636643615622379,903.8038125087014,0.878396781405641,0.2791444528773235,0,0
/home/test/bupt_hjk/sdp_dataset/elderAL/action0_static_new/user0_position8_activity0/20250813=210222_mimo5s_part0.csv,14,21504,28,True,True,0.0,0.0,0.0,0.0,0.0,1.0,0,0
/home/test/bupt_hjk/sdp_dataset/elderAL/action0_static_new/user0_position8_activity0/20250813=210228_mimo5s_part0.csv,14,21504,28,True,True,0.0,0.0,0.0,0.0,0.0,1.0,0,0
/home/test/bupt_hjk/sdp_dataset/elderAL/action0_static_new/user0_position8_activity0/20250813=210234_mimo5s_part0.csv,19,29184,28,True,True,0.0,0.0,0.0,0.0,0.0,0.9999999999999999,0,0
/home/test/bupt_hjk/sdp_dataset/elderAL/action0_static_new/user0_position8_activity0/20250813=210241_mimo5s_part0.csv,21,32256,28,True,True,0.0,0.0,0.0,0.0,0.0,1.0,0,0
/home/test/bupt_hjk/sdp_dataset/elderAL/action0_static_new/user0_position8_activity0/20250813=210247_mimo5s_part0.csv,34,52224,28,False,False,3108.976602419242,703.5704282524828,0.8085552648288069,824.553747519066,0.8487689155323742,0.4794780195937689,0,0
/home/test/bupt_hjk/sdp_dataset/elderAL/action0_static_new/user0_position8_activity0/20250813=210254_mimo5s_part0.csv,11,16896,28,True,True,0.0,0.0,0.0,0.0,0.0,1.0,0,0
/home/test/bupt_hjk/sdp_dataset/elderAL/action0_static_new/user0_position8_activity0/20250813=210300_mimo5s_part0.csv,7,10752,28,True,True,0.0,0.0,0.0,0.0,0.0,0.9999999999999999,0,0
/home/test/bupt_hjk/sdp_dataset/elderAL/action0_static_new/user0_position8_activity0/20250813=210307_mimo5s_part0.csv,21,32256,28,True,True,0.0,0.0,0.0,0.0,0.0,1.0,0,0
/home/test/bupt_hjk/sdp_dataset/elderAL/action0_static_new/user0_position8_activity0/20250813=210313_mimo5s_part0.csv,21,32256,28,True,True,0.0,0.0,0.0,0.0,0.0,1.0,0,0
/home/test/bupt_hjk/sdp_dataset/elderAL/action0_static_new/user0_position8_activity0/20250813=210319_mimo5s_part0.csv,7,10752,28,True,True,0.0,0.0,0.0,0.0,0.0,1.0,0,0
/home/test/bupt_hjk/sdp_dataset/elderAL/action0_static_new/user0_position8_activity0/20250813=210325_mimo5s_part0.csv,49,75264,28,False,False,2217.5499370125767,856.200907238256,0.981365834013063,940.3035940941188,0.9617038211454634,0.45911015627789137,0,0
/home/test/bupt_hjk/sdp_dataset/elderAL/action0_static_new/user0_position8_activity0/20250813=210331_mimo5s_part0.csv,47,72192,28,False,False,3712.355371318093,1155.2792301949437,1.3654742187341982,1303.9591041577548,1.34802007748199,-0.3503986196753292,0,0
/home/test/bupt_hjk/sdp_dataset/elderAL/action0_static_new/user0_position8_activity0/20250813=210338_mimo5s_part0.csv,25,38400,28,True,True,0.0,0.0,0.0,0.0,0.0,1.0,0,0
/home/test/bupt_hjk/sdp_dataset/elderAL/action0_static_new/user0_position8_activity0/20250813=210345_mimo5s_part0.csv,47,72192,28,False,False,3627.46893511844,1031.8788161592581,1.0796762549364454,1153.4059036922777,1.085183452292705,-0.22440086004236107,0,0
/home/test/bupt_hjk/sdp_dataset/elderAL/action0_static_new/user0_position9_activity0/20250813=210404_mimo5s_part0.csv,21,32256,28,True,True,0.0,0.0,0.0,0.0,0.0,1.0,0,0
/home/test/bupt_hjk/sdp_dataset/elderAL/action0_static_new/user0_position9_activity0/20250813=210410_mimo5s_part0.csv,26,39936,28,True,True,0.0,0.0,0.0,0.0,0.0,1.0,0,0
/home/test/bupt_hjk/sdp_dataset/elderAL/action0_static_new/user0_position9_activity0/20250813=210417_mimo5s_part0.csv,61,93696,28,False,False,2398.7961290832864,994.1430980410557,1.0743939572826058,1119.4532260266956,1.0870202252457095,-0.2306540166293897,0,0
/home/test/bupt_hjk/sdp_dataset/elderAL/action0_static_new/user0_position9_activity0/20250813=210423_mimo5s_part0.csv,17,26112,28,True,True,0.0,0.0,0.0,0.0,0.0,1.0,0,0
/home/test/bupt_hjk/sdp_dataset/elderAL/action0_static_new/user0_position9_activity0/20250813=210429_mimo5s_part0.csv,20,30720,28,True,True,0.0,0.0,0.0,0.0,0.0,0.9999999999999999,0,0
/home/test/bupt_hjk/sdp_dataset/elderAL/action0_static_new/user0_position9_activity0/20250813=210435_mimo5s_part0.csv,15,23040,28,True,True,0.0,0.0,0.0,0.0,0.0,1.0,0,0
/home/test/bupt_hjk/sdp_dataset/elderAL/action0_static_new/user0_position9_activity0/20250813=210441_mimo5s_part0.csv,18,27648,28,True,True,0.0,0.0,0.0,0.0,0.0,1.0,0,0
/home/test/bupt_hjk/sdp_dataset/elderAL/action0_static_new/user0_position9_activity0/20250813=210447_mimo5s_part0.csv,32,49152,28,False,False,2453.691202344743,771.2061450485294,0.8613477812796035,884.7758439225531,0.8758279870853111,0.31294810555239505,0,0
/home/test/bupt_hjk/sdp_dataset/elderAL/action0_static_new/user0_position9_activity0/20250813=210453_mimo5s_part0.csv,27,41472,28,True,True,0.0,0.0,0.0,0.0,0.0,0.9999999999999999,0,0
/home/test/bupt_hjk/sdp_dataset/elderAL/action0_static_new/user0_position9_activity0/20250813=210500_mimo5s_part0.csv,35,53760,28,False,False,2533.4815058204317,805.7291254267707,0.8993369764641742,1024.948129489841,1.01474948578834,0.01599622884583297,0,0
/home/test/bupt_hjk/sdp_dataset/elderAL/action0_static_new/user0_position9_activity0/20250813=210506_mimo5s_part0.csv,18,27648,28,True,True,0.0,0.0,0.0,0.0,0.0,1.0,0,0
/home/test/bupt_hjk/sdp_dataset/elderAL/action0_static_new/user0_position9_activity0/20250813=210512_mimo5s_part0.csv,13,19968,28,True,True,0.0,0.0,0.0,0.0,0.0,1.0,0,0
/home/test/bupt_hjk/sdp_dataset/elderAL/action0_static_new/user0_position9_activity0/20250813=210519_mimo5s_part0.csv,21,32256,28,True,True,0.0,0.0,0.0,0.0,0.0,1.0,0,0
/home/test/bupt_hjk/sdp_dataset/elderAL/action0_static_new/user0_position9_activity0/20250813=210525_mimo5s_part0.csv,11,16896,28,True,True,0.0,0.0,0.0,0.0,0.0,0.9999999999999999,0,0
/home/test/bupt_hjk/sdp_dataset/elderAL/action0_static_new/user0_position9_activity0/20250813=210531_mimo5s_part0.csv,22,33792,28,True,True,0.0,0.0,0.0,0.0,0.0,1.0,0,0
/home/test/bupt_hjk/sdp_dataset/elderAL/action0_static_new/user1_position1_activity0/20250813=210621_mimo5s_part0.csv,18,27648,28,True,True,0.0,0.0,0.0,0.0,0.0,1.0,0,0
/home/test/bupt_hjk/sdp_dataset/elderAL/action0_static_new/user1_position1_activity0/20250813=210628_mimo5s_part0.csv,18,27648,28,True,True,0.0,0.0,0.0,0.0,0.0,1.0,0,0
/home/test/bupt_hjk/sdp_dataset/elderAL/action0_static_new/user1_position1_activity0/20250813=210634_mimo5s_part0.csv,15,23040,28,True,True,0.0,0.0,0.0,0.0,0.0,1.0,0,0
/home/test/bupt_hjk/sdp_dataset/elderAL/action0_static_new/user1_position1_activity0/20250813=210640_mimo5s_part0.csv,18,27648,28,True,True,0.0,0.0,0.0,0.0,0.0,1.0,0,0
/home/test/bupt_hjk/sdp_dataset/elderAL/action0_static_new/user1_position1_activity0/20250813=210647_mimo5s_part0.csv,31,47616,28,False,False,3147.3381476807576,693.6918748005309,0.715145722186465,825.0891268128399,0.7562592469743163,0.4835659299828921,0,0
/home/test/bupt_hjk/sdp_dataset/elderAL/action0_static_new/user1_position1_activity0/20250813=210653_mimo5s_part0.csv,27,41472,28,True,True,0.0,0.0,0.0,0.0,0.0,1.0,0,0
/home/test/bupt_hjk/sdp_dataset/elderAL/action0_static_new/user1_position1_activity0/20250813=210700_mimo5s_part0.csv,18,27648,28,True,True,0.0,0.0,0.0,0.0,0.0,0.9999999999999999,0,0
/home/test/bupt_hjk/sdp_dataset/elderAL/action0_static_new/user1_position1_activity0/20250813=210706_mimo5s_part0.csv,21,32256,28,True,True,0.0,0.0,0.0,0.0,0.0,1.0,0,0
/home/test/bupt_hjk/sdp_dataset/elderAL/action0_static_new/user1_position1_activity0/20250813=210713_mimo5s_part0.csv,19,29184,28,True,True,0.0,0.0,0.0,0.0,0.0,0.9999999999999998,0,0
/home/test/bupt_hjk/sdp_dataset/elderAL/action0_static_new/user1_position1_activity0/20250813=210719_mimo5s_part0.csv,23,35328,28,True,True,0.0,0.0,0.0,0.0,0.0,1.0,0,0
/home/test/bupt_hjk/sdp_dataset/elderAL/action0_static_new/user1_position1_activity0/20250813=210725_mimo5s_part0.csv,11,16896,28,True,True,0.0,0.0,0.0,0.0,0.0,1.0,0,0
/home/test/bupt_hjk/sdp_dataset/elderAL/action0_static_new/user1_position1_activity0/20250813=210731_mimo5s_part0.csv,17,26112,28,True,True,0.0,0.0,0.0,0.0,0.0,1.0,0,0
/home/test/bupt_hjk/sdp_dataset/elderAL/action0_static_new/user1_position1_activity0/20250813=210738_mimo5s_part0.csv,15,23040,28,True,True,0.0,0.0,0.0,0.0,0.0,1.0,0,0
/home/test/bupt_hjk/sdp_dataset/elderAL/action0_static_new/user1_position1_activity0/20250813=210746_mimo5s_part0.csv,37,56832,28,False,False,3077.451815371084,749.3526542219967,0.7548238073963707,898.3982252261677,0.8160024419342693,0.3410950773563142,0,0
/home/test/bupt_hjk/sdp_dataset/elderAL/action0_static_new/user1_position1_activity0/20250813=210752_mimo5s_part0.csv,27,41472,28,True,True,0.0,0.0,0.0,0.0,0.0,1.0,0,0
/home/test/bupt_hjk/sdp_dataset/elderAL/action0_static_new/user1_position2_activity0/20250813=210811_mimo5s_part0.csv,19,29184,28,True,True,0.0,0.0,0.0,0.0,0.0,1.0,0,0
/home/test/bupt_hjk/sdp_dataset/elderAL/action0_static_new/user1_position2_activity0/20250813=210817_mimo5s_part0.csv,26,39936,28,True,True,0.0,0.0,0.0,0.0,0.0,0.9999999999999998,0,0
/home/test/bupt_hjk/sdp_dataset/elderAL/action0_static_new/user1_position2_activity0/20250813=210823_mimo5s_part0.csv,14,21504,28,True,True,0.0,0.0,0.0,0.0,0.0,1.0,0,0
/home/test/bupt_hjk/sdp_dataset/elderAL/action0_static_new/user1_position2_activity0/20250813=210830_mimo5s_part0.csv,63,96768,28,False,False,2715.345450817611,806.2998639322142,0.8254775909309611,1007.4760054946106,0.9151494037694499,0.18271762848473136,0,0
/home/test/bupt_hjk/sdp_dataset/elderAL/action0_static_new/user1_position2_activity0/20250813=210836_mimo5s_part0.csv,14,21504,28,True,True,0.0,0.0,0.0,0.0,0.0,1.0,0,0
/home/test/bupt_hjk/sdp_dataset/elderAL/action0_static_new/user1_position2_activity0/20250813=210842_mimo5s_part0.csv,14,21504,28,True,True,0.0,0.0,0.0,0.0,0.0,1.0,0,0
/home/test/bupt_hjk/sdp_dataset/elderAL/action0_static_new/user1_position2_activity0/20250813=210848_mimo5s_part0.csv,51,78336,28,False,False,2991.0624336704695,888.6032225530114,0.8994738820401944,985.1606990840446,0.8900492041535953,0.4516285196926152,0,0
/home/test/bupt_hjk/sdp_dataset/elderAL/action0_static_new/user1_position2_activity0/20250813=210854_mimo5s_part0.csv,46,70656,28,False,False,3225.717714107896,613.4605799138316,0.6474994858004026,770.9305377975217,0.7142458511386871,0.6747430700259556,0,0
/home/test/bupt_hjk/sdp_dataset/elderAL/action0_static_new/user1_position2_activity0/20250813=210900_mimo5s_part0.csv,54,82944,28,False,False,2635.7797162495262,789.2173698403692,0.7999210356225649,980.392566780286,0.8865209929644959,0.21163561113729568,0,0
/home/test/bupt_hjk/sdp_dataset/elderAL/action0_static_new/user1_position2_activity0/20250813=210905_mimo5s_part0.csv,15,23040,28,True,True,0.0,0.0,0.0,0.0,0.0,1.0,0,0
/home/test/bupt_hjk/sdp_dataset/elderAL/action0_static_new/user1_position2_activity0/20250813=210911_mimo5s_part0.csv,16,24576,28,True,True,0.0,0.0,0.0,0.0,0.0,1.0,0,0
/home/test/bupt_hjk/sdp_dataset/elderAL/action0_static_new/user1_position2_activity0/20250813=210917_mimo5s_part0.csv,23,35328,28,True,True,0.0,0.0,0.0,0.0,0.0,1.0,0,0
/home/test/bupt_hjk/sdp_dataset/elderAL/action0_static_new/user1_position2_activity0/20250813=210923_mimo5s_part0.csv,14,21504,28,True,True,0.0,0.0,0.0,0.0,0.0,1.0,0,0
/home/test/bupt_hjk/sdp_dataset/elderAL/action0_static_new/user1_position2_activity0/20250813=210929_mimo5s_part0.csv,19,29184,28,True,True,0.0,0.0,0.0,0.0,0.0,0.9999999999999998,0,0
/home/test/bupt_hjk/sdp_dataset/elderAL/action0_static_new/user1_position2_activity0/20250813=210935_mimo5s_part0.csv,18,27648,28,True,True,0.0,0.0,0.0,0.0,0.0,1.0,0,0
/home/test/bupt_hjk/sdp_dataset/elderAL/action0_static_new/user1_position3_activity0/20250813=211216_mimo5s_part0.csv,31,47616,28,False,False,2640.280642149174,668.8783724229445,0.7763606278434827,794.8664162688532,0.81640508092698,0.4724317620612099,0,0
/home/test/bupt_hjk/sdp_dataset/elderAL/action0_static_new/user1_position3_activity0/20250813=211223_mimo5s_part0.csv,17,26112,28,True,True,0.0,0.0,0.0,0.0,0.0,0.9999999999999999,0,0
/home/test/bupt_hjk/sdp_dataset/elderAL/action0_static_new/user1_position3_activity0/20250813=211229_mimo5s_part0.csv,15,23040,28,True,True,0.0,0.0,0.0,0.0,0.0,0.9999999999999999,0,0
/home/test/bupt_hjk/sdp_dataset/elderAL/action0_static_new/user1_position3_activity0/20250813=211235_mimo5s_part0.csv,11,16896,28,True,True,0.0,0.0,0.0,0.0,0.0,1.0,0,0
/home/test/bupt_hjk/sdp_dataset/elderAL/action0_static_new/user1_position3_activity0/20250813=211241_mimo5s_part0.csv,19,29184,28,True,True,0.0,0.0,0.0,0.0,0.0,0.9999999999999999,0,0
/home/test/bupt_hjk/sdp_dataset/elderAL/action0_static_new/user1_position3_activity0/20250813=211247_mimo5s_part0.csv,33,50688,28,False,False,3102.4344446613304,557.3601334439591,0.6543559738881617,701.1610390010824,0.7222307400135939,0.6115173006290128,0,0
/home/test/bupt_hjk/sdp_dataset/elderAL/action0_static_new/user1_position3_activity0/20250813=211253_mimo5s_part0.csv,15,23040,28,True,True,0.0,0.0,0.0,0.0,0.0,1.0,0,0
/home/test/bupt_hjk/sdp_dataset/elderAL/action0_static_new/user1_position3_activity0/20250813=211259_mimo5s_part0.csv,17,26112,28,True,True,0.0,0.0,0.0,0.0,0.0,0.9999999999999999,0,0
/home/test/bupt_hjk/sdp_dataset/elderAL/action0_static_new/user1_position3_activity0/20250813=211306_mimo5s_part0.csv,20,30720,28,True,True,0.0,0.0,0.0,0.0,0.0,0.9999999999999999,0,0
/home/test/bupt_hjk/sdp_dataset/elderAL/action0_static_new/user1_position3_activity0/20250813=211312_mimo5s_part0.csv,15,23040,28,True,True,0.0,0.0,0.0,0.0,0.0,1.0,0,0
/home/test/bupt_hjk/sdp_dataset/elderAL/action0_static_new/user1_position3_activity0/20250813=211318_mimo5s_part0.csv,21,32256,28,True,True,0.0,0.0,0.0,0.0,0.0,1.0,0,0
/home/test/bupt_hjk/sdp_dataset/elderAL/action0_static_new/user1_position3_activity0/20250813=211324_mimo5s_part0.csv,18,27648,28,True,True,0.0,0.0,0.0,0.0,0.0,0.9999999999999999,0,0
/home/test/bupt_hjk/sdp_dataset/elderAL/action0_static_new/user1_position3_activity0/20250813=211331_mimo5s_part0.csv,73,112128,28,False,False,2378.7704532596035,516.7092154801154,0.6077212248702138,618.9437915414428,0.6411617069575883,0.5245161327955818,0,0
/home/test/bupt_hjk/sdp_dataset/elderAL/action0_static_new/user1_position3_activity0/20250813=211337_mimo5s_part0.csv,22,33792,28,True,True,0.0,0.0,0.0,0.0,0.0,1.0,0,0
/home/test/bupt_hjk/sdp_dataset/elderAL/action0_static_new/user1_position3_activity0/20250813=211343_mimo5s_part0.csv,35,53760,28,False,False,2728.891304621745,1048.433017172432,1.1417398970860264,1147.5869410794771,1.1188137156595146,0.17992160779339467,0,0
/home/test/bupt_hjk/sdp_dataset/elderAL/action0_static_new/user1_position4_activity0/20250813=211436_mimo5s_part0.csv,11,16896,28,True,True,0.0,0.0,0.0,0.0,0.0,1.0,0,0
/home/test/bupt_hjk/sdp_dataset/elderAL/action0_static_new/user1_position4_activity0/20250813=211443_mimo5s_part0.csv,29,44544,28,False,False,2279.0427362449404,810.1805658438459,1.0270710797662301,928.5916081724724,1.044440739839492,-0.3364493067530014,0,0
/home/test/bupt_hjk/sdp_dataset/elderAL/action0_static_new/user1_position4_activity0/20250813=211449_mimo5s_part0.csv,30,46080,28,False,False,2553.4300694476715,905.2696713778503,1.2152939336694457,1039.758611239583,1.2194895923498745,-0.43451568693554793,0,0
/home/test/bupt_hjk/sdp_dataset/elderAL/action0_static_new/user1_position4_activity0/20250813=211455_mimo5s_part0.csv,15,23040,28,True,True,0.0,0.0,0.0,0.0,0.0,1.0,0,0
/home/test/bupt_hjk/sdp_dataset/elderAL/action0_static_new/user1_position4_activity0/20250813=211501_mimo5s_part0.csv,15,23040,28,True,True,0.0,0.0,0.0,0.0,0.0,1.0,0,0
/home/test/bupt_hjk/sdp_dataset/elderAL/action0_static_new/user1_position4_activity0/20250813=211507_mimo5s_part0.csv,22,33792,28,True,True,0.0,0.0,0.0,0.0,0.0,1.0,0,0
/home/test/bupt_hjk/sdp_dataset/elderAL/action0_static_new/user1_position4_activity0/20250813=211514_mimo5s_part0.csv,15,23040,28,True,True,0.0,0.0,0.0,0.0,0.0,1.0,0,0
/home/test/bupt_hjk/sdp_dataset/elderAL/action0_static_new/user1_position4_activity0/20250813=211520_mimo5s_part0.csv,43,66048,28,False,False,2822.3280775493936,599.5795075689853,0.7691688351062366,721.9994764765329,0.8208453160279326,0.5372696576468753,0,0
/home/test/bupt_hjk/sdp_dataset/elderAL/action0_static_new/user1_position4_activity0/20250813=211526_mimo5s_part0.csv,24,36864,28,True,True,0.0,0.0,0.0,0.0,0.0,1.0,0,0
/home/test/bupt_hjk/sdp_dataset/elderAL/action0_static_new/user1_position4_activity0/20250813=211532_mimo5s_part0.csv,11,16896,28,True,True,0.0,0.0,0.0,0.0,0.0,1.0,0,0
/home/test/bupt_hjk/sdp_dataset/elderAL/action0_static_new/user1_position4_activity0/20250813=211538_mimo5s_part0.csv,12,18432,28,True,True,0.0,0.0,0.0,0.0,0.0,1.0,0,0
/home/test/bupt_hjk/sdp_dataset/elderAL/action0_static_new/user1_position4_activity0/20250813=211544_mimo5s_part0.csv,28,43008,28,False,False,2377.1214293281546,743.7709799395082,0.954272166169004,814.1686994659424,0.9246640219967475,0.5673404271815583,0,0
/home/test/bupt_hjk/sdp_dataset/elderAL/action0_static_new/user1_position4_activity0/20250813=211550_mimo5s_part0.csv,28,43008,28,False,False,2430.5160116918864,879.2181592588861,1.0998519392398096,991.4352995199235,1.1100178597434487,-0.36496147227503745,0,0
/home/test/bupt_hjk/sdp_dataset/elderAL/action0_static_new/user1_position4_activity0/20250813=211557_mimo5s_part0.csv,20,30720,28,True,True,0.0,0.0,0.0,0.0,0.0,1.0,0,0
/home/test/bupt_hjk/sdp_dataset/elderAL/action0_static_new/user1_position4_activity0/20250813=211603_mimo5s_part0.csv,15,23040,28,True,True,0.0,0.0,0.0,0.0,0.0,1.0,0,0
/home/test/bupt_hjk/sdp_dataset/elderAL/action0_static_new/user1_position5_activity0/20250813=211629_mimo5s_part0.csv,28,43008,28,False,False,2316.502746282358,843.1751198596962,0.9565761121527965,920.2325067072971,0.9398825879891642,0.428831097987324,0,0
/home/test/bupt_hjk/sdp_dataset/elderAL/action0_static_new/user1_position5_activity0/20250813=211636_mimo5s_part0.csv,25,38400,28,True,True,0.0,0.0,0.0,0.0,0.0,0.9999999999999999,0,0
/home/test/bupt_hjk/sdp_dataset/elderAL/action0_static_new/user1_position5_activity0/20250813=211642_mimo5s_part0.csv,14,21504,28,True,True,0.0,0.0,0.0,0.0,0.0,1.0,0,0
/home/test/bupt_hjk/sdp_dataset/elderAL/action0_static_new/user1_position5_activity0/20250813=211648_mimo5s_part0.csv,31,47616,28,False,False,2693.511035505037,663.7774543372905,0.7613246313275933,767.3678281084708,0.7855814964929024,0.4808018891082578,0,0
/home/test/bupt_hjk/sdp_dataset/elderAL/action0_static_new/user1_position5_activity0/20250813=211654_mimo5s_part0.csv,32,49152,28,False,False,2399.7408362503265,772.787277142016,0.8931783427312151,905.846493705691,0.9300721412090768,0.1571837898909196,0,0
/home/test/bupt_hjk/sdp_dataset/elderAL/action0_static_new/user1_position5_activity0/20250813=211700_mimo5s_part0.csv,18,27648,28,True,True,0.0,0.0,0.0,0.0,0.0,1.0,0,0
/home/test/bupt_hjk/sdp_dataset/elderAL/action0_static_new/user1_position5_activity0/20250813=211706_mimo5s_part0.csv,21,32256,28,True,True,0.0,0.0,0.0,0.0,0.0,1.0,0,0
/home/test/bupt_hjk/sdp_dataset/elderAL/action0_static_new/user1_position5_activity0/20250813=211712_mimo5s_part0.csv,17,26112,28,True,True,0.0,0.0,0.0,0.0,0.0,0.9999999999999999,0,0
/home/test/bupt_hjk/sdp_dataset/elderAL/action0_static_new/user1_position5_activity0/20250813=211718_mimo5s_part0.csv,34,52224,28,False,False,2385.930516013539,865.4429785452427,0.9667144597465241,947.338973092696,0.9604697163344054,0.31312026416249006,0,0
/home/test/bupt_hjk/sdp_dataset/elderAL/action0_static_new/user1_position5_activity0/20250813=211725_mimo5s_part0.csv,30,46080,28,False,False,2488.5545163516754,898.1666279254039,0.9827013264212674,975.914452395771,0.9715170367492134,0.34773633570323154,0,0
/home/test/bupt_hjk/sdp_dataset/elderAL/action0_static_new/user1_position5_activity0/20250813=211731_mimo5s_part0.csv,18,27648,28,True,True,0.0,0.0,0.0,0.0,0.0,1.0,0,0
/home/test/bupt_hjk/sdp_dataset/elderAL/action0_static_new/user1_position5_activity0/20250813=211737_mimo5s_part0.csv,15,23040,28,True,True,0.0,0.0,0.0,0.0,0.0,0.9999999999999999,0,0
/home/test/bupt_hjk/sdp_dataset/elderAL/action0_static_new/user1_position5_activity0/20250813=211744_mimo5s_part0.csv,37,56832,28,False,False,2495.561278383311,552.1327956047298,0.623975422211181,690.2266452558025,0.7006711729436804,0.4083161740650642,0,0
/home/test/bupt_hjk/sdp_dataset/elderAL/action0_static_new/user1_position5_activity0/20250813=211750_mimo5s_part0.csv,30,46080,28,False,False,2123.720332488122,925.8858910077948,1.0159028936777952,1022.5470640849787,1.0208241397780353,-0.24285650782512178,0,0
/home/test/bupt_hjk/sdp_dataset/elderAL/action0_static_new/user1_position5_activity0/20250813=211756_mimo5s_part0.csv,31,47616,28,False,False,2401.3558349961813,844.832129041212,0.9512215684926552,920.4914873810583,0.9307853354049476,0.5111057317614627,0,0
/home/test/bupt_hjk/sdp_dataset/elderAL/action0_static_new/user1_position6_activity0/20250813=211824_mimo5s_part0.csv,14,21504,28,True,True,0.0,0.0,0.0,0.0,0.0,1.0,0,0
/home/test/bupt_hjk/sdp_dataset/elderAL/action0_static_new/user1_position6_activity0/20250813=211830_mimo5s_part0.csv,85,130560,28,False,False,2689.7849354240407,641.0246775619295,0.7078117415600483,752.197969455802,0.7493467930667898,0.4003153785634453,0,0
/home/test/bupt_hjk/sdp_dataset/elderAL/action0_static_new/user1_position6_activity0/20250813=211836_mimo5s_part0.csv,18,27648,28,True,True,0.0,0.0,0.0,0.0,0.0,1.0,0,0
/home/test/bupt_hjk/sdp_dataset/elderAL/action0_static_new/user1_position6_activity0/20250813=211842_mimo5s_part0.csv,25,38400,28,True,True,0.0,0.0,0.0,0.0,0.0,1.0,0,0
/home/test/bupt_hjk/sdp_dataset/elderAL/action0_static_new/user1_position6_activity0/20250813=211849_mimo5s_part0.csv,57,87552,28,False,False,2684.054470869705,661.8684552645507,0.7381008105644056,747.8142237035252,0.7476762169836,0.40730017989741274,0,0
/home/test/bupt_hjk/sdp_dataset/elderAL/action0_static_new/user1_position6_activity0/20250813=211855_mimo5s_part0.csv,35,53760,28,False,False,2464.573351630015,857.5788637029177,0.964942215292155,942.479296918352,0.9508999078346099,0.4395204280751418,0,0
/home/test/bupt_hjk/sdp_dataset/elderAL/action0_static_new/user1_position6_activity0/20250813=211901_mimo5s_part0.csv,21,32256,28,True,True,0.0,0.0,0.0,0.0,0.0,1.0,0,0
/home/test/bupt_hjk/sdp_dataset/elderAL/action0_static_new/user1_position6_activity0/20250813=211907_mimo5s_part0.csv,18,27648,28,True,True,0.0,0.0,0.0,0.0,0.0,1.0,0,0
/home/test/bupt_hjk/sdp_dataset/elderAL/action0_static_new/user1_position6_activity0/20250813=211913_mimo5s_part0.csv,42,64512,28,False,False,2471.687169805779,707.8458727259716,0.7881849592659815,814.2121992182151,0.8122107995699708,0.29417231827672385,0,0
/home/test/bupt_hjk/sdp_dataset/elderAL/action0_static_new/user1_position6_activity0/20250813=211919_mimo5s_part0.csv,18,27648,28,True,True,0.0,0.0,0.0,0.0,0.0,1.0,0,0
/home/test/bupt_hjk/sdp_dataset/elderAL/action0_static_new/user1_position6_activity0/20250813=211925_mimo5s_part0.csv,21,32256,28,True,True,0.0,0.0,0.0,0.0,0.0,0.9999999999999999,0,0
/home/test/bupt_hjk/sdp_dataset/elderAL/action0_static_new/user1_position6_activity0/20250813=211931_mimo5s_part0.csv,22,33792,28,True,True,0.0,0.0,0.0,0.0,0.0,1.0,0,0
/home/test/bupt_hjk/sdp_dataset/elderAL/action0_static_new/user1_position6_activity0/20250813=211937_mimo5s_part0.csv,13,19968,28,True,True,0.0,0.0,0.0,0.0,0.0,1.0,0,0
/home/test/bupt_hjk/sdp_dataset/elderAL/action0_static_new/user1_position6_activity0/20250813=211944_mimo5s_part0.csv,28,43008,28,False,False,2778.708362325271,641.4268055814209,0.702068955745302,780.1124905561717,0.7745251092631588,0.5985686450414457,0,0
/home/test/bupt_hjk/sdp_dataset/elderAL/action0_static_new/user1_position6_activity0/20250813=211950_mimo5s_part0.csv,20,30720,28,True,True,0.0,0.0,0.0,0.0,0.0,1.0,0,0
/home/test/bupt_hjk/sdp_dataset/elderAL/action0_static_new/user1_position7_activity0/20250813=212018_mimo5s_part0.csv,44,67584,28,False,False,2463.046583782218,1013.7949399391002,1.0911509265430097,1150.5631004453978,1.1086667041664546,-0.4903398224897064,0,0
/home/test/bupt_hjk/sdp_dataset/elderAL/action0_static_new/user1_position7_activity0/20250813=212026_mimo5s_part0.csv,20,30720,28,True,True,0.0,0.0,0.0,0.0,0.0,1.0,0,0
/home/test/bupt_hjk/sdp_dataset/elderAL/action0_static_new/user1_position7_activity0/20250813=212032_mimo5s_part0.csv,34,52224,28,False,False,2321.58271785123,748.2421641075745,0.8223402457703877,838.3726384188279,0.824034887177853,0.4973415100040643,0,0
/home/test/bupt_hjk/sdp_dataset/elderAL/action0_static_new/user1_position7_activity0/20250813=212039_mimo5s_part0.csv,15,23040,28,True,True,0.0,0.0,0.0,0.0,0.0,1.0,0,0
/home/test/bupt_hjk/sdp_dataset/elderAL/action0_static_new/user1_position7_activity0/20250813=212045_mimo5s_part0.csv,31,47616,28,False,False,3009.401059262245,978.2834753675633,1.1554997939072245,1109.7979871887414,1.1281761345542722,0.06405631037852733,0,0
/home/test/bupt_hjk/sdp_dataset/elderAL/action0_static_new/user1_position7_activity0/20250813=212051_mimo5s_part0.csv,19,29184,28,True,True,0.0,0.0,0.0,0.0,0.0,1.0,0,0
/home/test/bupt_hjk/sdp_dataset/elderAL/action0_static_new/user1_position7_activity0/20250813=212056_mimo5s_part0.csv,7,10752,28,True,True,0.0,0.0,0.0,0.0,0.0,1.0,0,0
/home/test/bupt_hjk/sdp_dataset/elderAL/action0_static_new/user1_position7_activity0/20250813=212102_mimo5s_part0.csv,25,38400,28,True,True,0.0,0.0,0.0,0.0,0.0,1.0,0,0
/home/test/bupt_hjk/sdp_dataset/elderAL/action0_static_new/user1_position7_activity0/20250813=212108_mimo5s_part0.csv,18,27648,28,True,True,0.0,0.0,0.0,0.0,0.0,0.9999999999999999,0,0
/home/test/bupt_hjk/sdp_dataset/elderAL/action0_static_new/user1_position7_activity0/20250813=212115_mimo5s_part0.csv,18,27648,28,True,True,0.0,0.0,0.0,0.0,0.0,1.0,0,0
/home/test/bupt_hjk/sdp_dataset/elderAL/action0_static_new/user1_position7_activity0/20250813=212120_mimo5s_part0.csv,21,32256,28,True,True,0.0,0.0,0.0,0.0,0.0,0.9999999999999999,0,0
/home/test/bupt_hjk/sdp_dataset/elderAL/action0_static_new/user1_position7_activity0/20250813=212126_mimo5s_part0.csv,14,21504,28,True,True,0.0,0.0,0.0,0.0,0.0,1.0,0,0
/home/test/bupt_hjk/sdp_dataset/elderAL/action0_static_new/user1_position7_activity0/20250813=212132_mimo5s_part0.csv,19,29184,28,True,True,0.0,0.0,0.0,0.0,0.0,1.0,0,0
/home/test/bupt_hjk/sdp_dataset/elderAL/action0_static_new/user1_position7_activity0/20250813=212138_mimo5s_part0.csv,14,21504,28,True,True,0.0,0.0,0.0,0.0,0.0,0.9999999999999999,0,0
/home/test/bupt_hjk/sdp_dataset/elderAL/action0_static_new/user1_position7_activity0/20250813=212144_mimo5s_part0.csv,51,78336,28,False,False,2664.24153140575,563.3444988421253,0.6119843403646297,673.7262204779361,0.6545364695804237,0.5837407832049234,0,0
/home/test/bupt_hjk/sdp_dataset/elderAL/action0_static_new/user1_position8_activity0/20250813=212205_mimo5s_part0.csv,32,49152,28,False,False,2273.985180016524,738.2307672157267,0.8550978165805533,835.4366126382996,0.8630398664603632,0.41242453493296527,0,0
/home/test/bupt_hjk/sdp_dataset/elderAL/action0_static_new/user1_position8_activity0/20250813=212212_mimo5s_part0.csv,17,26112,28,True,True,0.0,0.0,0.0,0.0,0.0,1.0,0,0
/home/test/bupt_hjk/sdp_dataset/elderAL/action0_static_new/user1_position8_activity0/20250813=212218_mimo5s_part0.csv,42,64512,28,False,False,2531.919479831049,765.1230136767134,0.865413047745859,894.1475493364238,0.9086508530372659,0.12672620386929867,0,0
/home/test/bupt_hjk/sdp_dataset/elderAL/action0_static_new/user1_position8_activity0/20250813=212224_mimo5s_part0.csv,21,32256,28,True,True,0.0,0.0,0.0,0.0,0.0,0.9999999999999999,0,0
/home/test/bupt_hjk/sdp_dataset/elderAL/action0_static_new/user1_position8_activity0/20250813=212230_mimo5s_part0.csv,18,27648,28,True,True,0.0,0.0,0.0,0.0,0.0,1.0,0,0
/home/test/bupt_hjk/sdp_dataset/elderAL/action0_static_new/user1_position8_activity0/20250813=212236_mimo5s_part0.csv,15,23040,28,True,True,0.0,0.0,0.0,0.0,0.0,0.9999999999999999,0,0
/home/test/bupt_hjk/sdp_dataset/elderAL/action0_static_new/user1_position8_activity0/20250813=212242_mimo5s_part0.csv,18,27648,28,True,True,0.0,0.0,0.0,0.0,0.0,1.0,0,0
/home/test/bupt_hjk/sdp_dataset/elderAL/action0_static_new/user1_position8_activity0/20250813=212248_mimo5s_part0.csv,30,46080,28,False,False,2517.2698409968066,949.9688669958497,1.0106133108584898,1045.8610607374628,1.0037528724745342,0.2601321844698438,0,0
/home/test/bupt_hjk/sdp_dataset/elderAL/action0_static_new/user1_position8_activity0/20250813=212254_mimo5s_part0.csv,17,26112,28,True,True,0.0,0.0,0.0,0.0,0.0,1.0,0,0
/home/test/bupt_hjk/sdp_dataset/elderAL/action0_static_new/user1_position8_activity0/20250813=212300_mimo5s_part0.csv,11,16896,28,True,True,0.0,0.0,0.0,0.0,0.0,1.0,0,0
/home/test/bupt_hjk/sdp_dataset/elderAL/action0_static_new/user1_position8_activity0/20250813=212306_mimo5s_part0.csv,15,23040,28,True,True,0.0,0.0,0.0,0.0,0.0,1.0,0,0
/home/test/bupt_hjk/sdp_dataset/elderAL/action0_static_new/user1_position8_activity0/20250813=212312_mimo5s_part0.csv,15,23040,28,True,True,0.0,0.0,0.0,0.0,0.0,1.0,0,0
/home/test/bupt_hjk/sdp_dataset/elderAL/action0_static_new/user1_position8_activity0/20250813=212318_mimo5s_part0.csv,27,41472,28,True,True,0.0,0.0,0.0,0.0,0.0,0.9999999999999999,0,0
/home/test/bupt_hjk/sdp_dataset/elderAL/action0_static_new/user1_position8_activity0/20250813=212324_mimo5s_part0.csv,17,26112,28,True,True,0.0,0.0,0.0,0.0,0.0,1.0,0,0
/home/test/bupt_hjk/sdp_dataset/elderAL/action0_static_new/user1_position8_activity0/20250813=212330_mimo5s_part0.csv,104,159744,28,False,False,2034.5299828212146,597.6740629921982,0.6357176820762556,702.19706461544,0.6732243939726038,0.5583409717367734,0,0
/home/test/bupt_hjk/sdp_dataset/elderAL/action0_static_new/user1_position9_activity0/20250813=212354_mimo5s_part0.csv,43,66048,28,False,False,1989.4732987384857,693.9246171828054,0.7803641291815759,789.9130519336921,0.7894221214316187,0.44973924833184736,0,0
/home/test/bupt_hjk/sdp_dataset/elderAL/action0_static_new/user1_position9_activity0/20250813=212359_mimo5s_part0.csv,35,53760,28,False,False,3059.639187514251,818.0345620478063,0.8751434531214839,947.7733338081397,0.9009802747671515,0.2634075918342478,0,0
/home/test/bupt_hjk/sdp_dataset/elderAL/action0_static_new/user1_position9_activity0/20250813=212405_mimo5s_part0.csv,19,29184,28,True,True,0.0,0.0,0.0,0.0,0.0,0.9999999999999998,0,0
/home/test/bupt_hjk/sdp_dataset/elderAL/action0_static_new/user1_position9_activity0/20250813=212411_mimo5s_part0.csv,11,16896,28,True,True,0.0,0.0,0.0,0.0,0.0,1.0,0,0
/home/test/bupt_hjk/sdp_dataset/elderAL/action0_static_new/user1_position9_activity0/20250813=212418_mimo5s_part0.csv,28,43008,28,False,False,2501.3580020253094,850.4952185122532,0.9489345497709798,939.97185069187,0.9349353795888853,0.4167488873185136,0,0
/home/test/bupt_hjk/sdp_dataset/elderAL/action0_static_new/user1_position9_activity0/20250813=212424_mimo5s_part0.csv,11,16896,28,True,True,0.0,0.0,0.0,0.0,0.0,1.0,0,0
/home/test/bupt_hjk/sdp_dataset/elderAL/action0_static_new/user1_position9_activity0/20250813=212430_mimo5s_part0.csv,15,23040,28,True,True,0.0,0.0,0.0,0.0,0.0,0.9999999999999999,0,0
/home/test/bupt_hjk/sdp_dataset/elderAL/action0_static_new/user1_position9_activity0/20250813=212436_mimo5s_part0.csv,19,29184,28,True,True,0.0,0.0,0.0,0.0,0.0,1.0,0,0
/home/test/bupt_hjk/sdp_dataset/elderAL/action0_static_new/user1_position9_activity0/20250813=212442_mimo5s_part0.csv,25,38400,28,True,True,0.0,0.0,0.0,0.0,0.0,1.0,0,0
/home/test/bupt_hjk/sdp_dataset/elderAL/action0_static_new/user1_position9_activity0/20250813=212448_mimo5s_part0.csv,31,47616,28,False,False,2554.0321503080236,1006.7811401916176,1.1535563158607758,1146.396475661639,1.162319972038163,-0.2758088945349135,0,0
/home/test/bupt_hjk/sdp_dataset/elderAL/action0_static_new/user1_position9_activity0/20250813=212454_mimo5s_part0.csv,13,19968,28,True,True,0.0,0.0,0.0,0.0,0.0,1.0,0,0
/home/test/bupt_hjk/sdp_dataset/elderAL/action0_static_new/user1_position9_activity0/20250813=212501_mimo5s_part0.csv,15,23040,28,True,True,0.0,0.0,0.0,0.0,0.0,1.0,0,0
/home/test/bupt_hjk/sdp_dataset/elderAL/action0_static_new/user1_position9_activity0/20250813=212506_mimo5s_part0.csv,14,21504,28,True,True,0.0,0.0,0.0,0.0,0.0,1.0,0,0
/home/test/bupt_hjk/sdp_dataset/elderAL/action0_static_new/user1_position9_activity0/20250813=212512_mimo5s_part0.csv,21,32256,28,True,True,0.0,0.0,0.0,0.0,0.0,1.0,0,0
/home/test/bupt_hjk/sdp_dataset/elderAL/action0_static_new/user1_position9_activity0/20250813=212518_mimo5s_part0.csv,31,47616,28,False,False,2828.7620271081996,794.2187348704674,0.8731584916303875,919.2047621248514,0.9055823129209779,0.16725677125003308,0,0
/home/test/bupt_hjk/sdp_dataset/elderAL/action0_static_new/user2_position1_activity0/20250813=211006_mimo5s_part0.csv,22,33792,28,True,True,0.0,0.0,0.0,0.0,0.0,1.0,0,0
/home/test/bupt_hjk/sdp_dataset/elderAL/action0_static_new/user2_position1_activity0/20250813=211012_mimo5s_part0.csv,12,18432,28,True,True,0.0,0.0,0.0,0.0,0.0,0.9999999999999998,0,0
/home/test/bupt_hjk/sdp_dataset/elderAL/action0_static_new/user2_position1_activity0/20250813=211017_mimo5s_part0.csv,37,56832,28,False,False,2783.423934530253,1100.7806382290862,1.2106494427040912,1233.1656435874727,1.2254747845418956,-0.4609160894013085,0,0
/home/test/bupt_hjk/sdp_dataset/elderAL/action0_static_new/user2_position1_activity0/20250813=211023_mimo5s_part0.csv,11,16896,28,True,True,0.0,0.0,0.0,0.0,0.0,1.0,0,0
/home/test/bupt_hjk/sdp_dataset/elderAL/action0_static_new/user2_position1_activity0/20250813=211029_mimo5s_part0.csv,8,12288,28,True,True,0.0,0.0,0.0,0.0,0.0,1.0,0,0
/home/test/bupt_hjk/sdp_dataset/elderAL/action0_static_new/user2_position1_activity0/20250813=211036_mimo5s_part0.csv,20,30720,28,True,True,0.0,0.0,0.0,0.0,0.0,1.0,0,0
/home/test/bupt_hjk/sdp_dataset/elderAL/action0_static_new/user2_position1_activity0/20250813=211042_mimo5s_part0.csv,18,27648,28,True,True,0.0,0.0,0.0,0.0,0.0,1.0,0,0
/home/test/bupt_hjk/sdp_dataset/elderAL/action0_static_new/user2_position1_activity0/20250813=211049_mimo5s_part0.csv,24,36864,28,True,True,0.0,0.0,0.0,0.0,0.0,1.0,0,0
/home/test/bupt_hjk/sdp_dataset/elderAL/action0_static_new/user2_position1_activity0/20250813=211055_mimo5s_part0.csv,11,16896,28,True,True,0.0,0.0,0.0,0.0,0.0,1.0,0,0
/home/test/bupt_hjk/sdp_dataset/elderAL/action0_static_new/user2_position1_activity0/20250813=211102_mimo5s_part0.csv,15,23040,28,True,True,0.0,0.0,0.0,0.0,0.0,1.0,0,0
/home/test/bupt_hjk/sdp_dataset/elderAL/action0_static_new/user2_position1_activity0/20250813=211108_mimo5s_part0.csv,18,27648,28,True,True,0.0,0.0,0.0,0.0,0.0,1.0,0,0
/home/test/bupt_hjk/sdp_dataset/elderAL/action0_static_new/user2_position1_activity0/20250813=211114_mimo5s_part0.csv,25,38400,28,True,True,0.0,0.0,0.0,0.0,0.0,1.0,0,0
/home/test/bupt_hjk/sdp_dataset/elderAL/action0_static_new/user2_position1_activity0/20250813=211120_mimo5s_part0.csv,28,43008,28,False,False,2565.707321274584,875.2616361106154,0.9952383594672957,992.5087278484258,0.9915643791912849,0.20587799114020155,0,0
/home/test/bupt_hjk/sdp_dataset/elderAL/action0_static_new/user2_position1_activity0/20250813=211127_mimo5s_part0.csv,17,26112,28,True,True,0.0,0.0,0.0,0.0,0.0,1.0,0,0
/home/test/bupt_hjk/sdp_dataset/elderAL/action0_static_new/user2_position1_activity0/20250813=211133_mimo5s_part0.csv,7,10752,28,True,True,0.0,0.0,0.0,0.0,0.0,1.0,0,0
/home/test/bupt_hjk/sdp_dataset/elderAL/action0_static_new/user2_position2_activity0/20250813=212545_mimo5s_part0.csv,26,39936,28,True,True,0.0,0.0,0.0,0.0,0.0,1.0,0,0
/home/test/bupt_hjk/sdp_dataset/elderAL/action0_static_new/user2_position2_activity0/20250813=212551_mimo5s_part0.csv,20,30720,28,True,True,0.0,0.0,0.0,0.0,0.0,1.0,0,0
/home/test/bupt_hjk/sdp_dataset/elderAL/action0_static_new/user2_position2_activity0/20250813=212557_mimo5s_part0.csv,12,18432,28,True,True,0.0,0.0,0.0,0.0,0.0,1.0,0,0
/home/test/bupt_hjk/sdp_dataset/elderAL/action0_static_new/user2_position2_activity0/20250813=212603_mimo5s_part0.csv,17,26112,28,True,True,0.0,0.0,0.0,0.0,0.0,1.0,0,0
/home/test/bupt_hjk/sdp_dataset/elderAL/action0_static_new/user2_position2_activity0/20250813=212609_mimo5s_part0.csv,22,33792,28,True,True,0.0,0.0,0.0,0.0,0.0,0.9999999999999999,0,0
/home/test/bupt_hjk/sdp_dataset/elderAL/action0_static_new/user2_position2_activity0/20250813=212615_mimo5s_part0.csv,25,38400,28,True,True,0.0,0.0,0.0,0.0,0.0,1.0,0,0
/home/test/bupt_hjk/sdp_dataset/elderAL/action0_static_new/user2_position2_activity0/20250813=212621_mimo5s_part0.csv,21,32256,28,True,True,0.0,0.0,0.0,0.0,0.0,1.0,0,0
/home/test/bupt_hjk/sdp_dataset/elderAL/action0_static_new/user2_position2_activity0/20250813=212627_mimo5s_part0.csv,13,19968,28,True,True,0.0,0.0,0.0,0.0,0.0,1.0,0,0
/home/test/bupt_hjk/sdp_dataset/elderAL/action0_static_new/user2_position2_activity0/20250813=212633_mimo5s_part0.csv,21,32256,28,True,True,0.0,0.0,0.0,0.0,0.0,1.0,0,0
/home/test/bupt_hjk/sdp_dataset/elderAL/action0_static_new/user2_position2_activity0/20250813=212639_mimo5s_part0.csv,17,26112,28,True,True,0.0,0.0,0.0,0.0,0.0,1.0,0,0
/home/test/bupt_hjk/sdp_dataset/elderAL/action0_static_new/user2_position2_activity0/20250813=212645_mimo5s_part0.csv,31,47616,28,False,False,3105.6869377366006,729.5571242661971,0.7937920310532159,861.5351089778862,0.828699808877764,0.4507341804939183,0,0
/home/test/bupt_hjk/sdp_dataset/elderAL/action0_static_new/user2_position2_activity0/20250813=212651_mimo5s_part0.csv,25,38400,28,True,True,0.0,0.0,0.0,0.0,0.0,1.0,0,0
/home/test/bupt_hjk/sdp_dataset/elderAL/action0_static_new/user2_position2_activity0/20250813=212657_mimo5s_part0.csv,25,38400,28,True,True,0.0,0.0,0.0,0.0,0.0,1.0,0,0
/home/test/bupt_hjk/sdp_dataset/elderAL/action0_static_new/user2_position2_activity0/20250813=212703_mimo5s_part0.csv,18,27648,28,True,True,0.0,0.0,0.0,0.0,0.0,1.0,0,0
/home/test/bupt_hjk/sdp_dataset/elderAL/action0_static_new/user2_position2_activity0/20250813=212709_mimo5s_part0.csv,17,26112,28,True,True,0.0,0.0,0.0,0.0,0.0,0.9999999999999999,0,0
/home/test/bupt_hjk/sdp_dataset/elderAL/action0_static_new/user2_position3_activity0/20250813=212732_mimo5s_part0.csv,19,29184,28,True,True,0.0,0.0,0.0,0.0,0.0,1.0,0,0
/home/test/bupt_hjk/sdp_dataset/elderAL/action0_static_new/user2_position3_activity0/20250813=212738_mimo5s_part0.csv,18,27648,28,True,True,0.0,0.0,0.0,0.0,0.0,1.0,0,0
/home/test/bupt_hjk/sdp_dataset/elderAL/action0_static_new/user2_position3_activity0/20250813=212743_mimo5s_part0.csv,35,53760,28,False,False,2330.2813980986793,761.8861562096802,0.8471798219553216,956.8957404764889,0.9490408765449055,0.1222996670959968,0,0
/home/test/bupt_hjk/sdp_dataset/elderAL/action0_static_new/user2_position3_activity0/20250813=212749_mimo5s_part0.csv,31,47616,28,False,False,2591.544089456974,641.0228171214884,0.7457179359587512,762.8557003856461,0.7824184926821824,0.46547424251037806,0,0
/home/test/bupt_hjk/sdp_dataset/elderAL/action0_static_new/user2_position3_activity0/20250813=212755_mimo5s_part0.csv,17,26112,28,True,True,0.0,0.0,0.0,0.0,0.0,1.0,0,0
/home/test/bupt_hjk/sdp_dataset/elderAL/action0_static_new/user2_position3_activity0/20250813=212801_mimo5s_part0.csv,17,26112,28,True,True,0.0,0.0,0.0,0.0,0.0,1.0,0,0
/home/test/bupt_hjk/sdp_dataset/elderAL/action0_static_new/user2_position3_activity0/20250813=212807_mimo5s_part0.csv,14,21504,28,True,True,0.0,0.0,0.0,0.0,0.0,0.9999999999999999,0,0
/home/test/bupt_hjk/sdp_dataset/elderAL/action0_static_new/user2_position3_activity0/20250813=212813_mimo5s_part0.csv,18,27648,28,True,True,0.0,0.0,0.0,0.0,0.0,1.0,0,0
/home/test/bupt_hjk/sdp_dataset/elderAL/action0_static_new/user2_position3_activity0/20250813=212819_mimo5s_part0.csv,29,44544,28,False,False,3053.4905645343724,783.5021318013963,0.9011142392622371,905.2732948160703,0.9182189848995049,0.23235437413787152,0,0
/home/test/bupt_hjk/sdp_dataset/elderAL/action0_static_new/user2_position3_activity0/20250813=212825_mimo5s_part0.csv,19,29184,28,True,True,0.0,0.0,0.0,0.0,0.0,0.9999999999999999,0,0
/home/test/bupt_hjk/sdp_dataset/elderAL/action0_static_new/user2_position3_activity0/20250813=212831_mimo5s_part0.csv,81,124416,28,False,False,2540.8390890656265,979.6051783830271,1.1195156766002965,1115.4100269870128,1.1223164513551078,-0.3119734723462371,0,0
/home/test/bupt_hjk/sdp_dataset/elderAL/action0_static_new/user2_position3_activity0/20250813=212837_mimo5s_part0.csv,21,32256,28,True,True,0.0,0.0,0.0,0.0,0.0,1.0,0,0
/home/test/bupt_hjk/sdp_dataset/elderAL/action0_static_new/user2_position3_activity0/20250813=212844_mimo5s_part0.csv,38,58368,28,False,False,2879.26480648322,729.9101082492258,0.8169765575013868,837.4437516927072,0.8334392002168659,0.3012372895992929,0,0
/home/test/bupt_hjk/sdp_dataset/elderAL/action0_static_new/user2_position3_activity0/20250813=212850_mimo5s_part0.csv,72,110592,28,False,False,2767.251555141849,696.5566012089841,0.7836727980808006,795.4530157132951,0.7939142454618943,0.3206039869139312,0,0
/home/test/bupt_hjk/sdp_dataset/elderAL/action0_static_new/user2_position3_activity0/20250813=212856_mimo5s_part0.csv,30,46080,28,False,False,2416.6878984859477,877.0325049607005,0.9886546134249391,971.0028680530072,0.978581644917354,0.3155799837337611,0,0
/home/test/bupt_hjk/sdp_dataset/elderAL/action0_static_new/user2_position4_activity0/20250813=212921_mimo5s_part0.csv,28,43008,28,False,False,2340.5041516534375,407.59761197905243,0.5113124937311512,556.9730573353501,0.6232270046307011,0.5018669617669782,0,0
/home/test/bupt_hjk/sdp_dataset/elderAL/action0_static_new/user2_position4_activity0/20250813=212927_mimo5s_part0.csv,11,16896,28,True,True,0.0,0.0,0.0,0.0,0.0,1.0,0,0
/home/test/bupt_hjk/sdp_dataset/elderAL/action0_static_new/user2_position4_activity0/20250813=212933_mimo5s_part0.csv,14,21504,28,True,True,0.0,0.0,0.0,0.0,0.0,0.9999999999999999,0,0
/home/test/bupt_hjk/sdp_dataset/elderAL/action0_static_new/user2_position4_activity0/20250813=212939_mimo5s_part0.csv,16,24576,28,True,True,0.0,0.0,0.0,0.0,0.0,1.0,0,0
/home/test/bupt_hjk/sdp_dataset/elderAL/action0_static_new/user2_position4_activity0/20250813=212945_mimo5s_part0.csv,36,55296,28,False,False,2075.472056446402,479.9185923062912,0.6021743673837662,593.9570999223815,0.6699923551330877,0.4913822144325796,0,0
/home/test/bupt_hjk/sdp_dataset/elderAL/action0_static_new/user2_position4_activity0/20250813=212951_mimo5s_part0.csv,23,35328,28,True,True,0.0,0.0,0.0,0.0,0.0,1.0,0,0
/home/test/bupt_hjk/sdp_dataset/elderAL/action0_static_new/user2_position4_activity0/20250813=212957_mimo5s_part0.csv,14,21504,28,True,True,0.0,0.0,0.0,0.0,0.0,0.9999999999999999,0,0
/home/test/bupt_hjk/sdp_dataset/elderAL/action0_static_new/user2_position4_activity0/20250813=213002_mimo5s_part0.csv,18,27648,28,True,True,0.0,0.0,0.0,0.0,0.0,1.0,0,0
/home/test/bupt_hjk/sdp_dataset/elderAL/action0_static_new/user2_position4_activity0/20250813=213008_mimo5s_part0.csv,28,43008,28,False,False,2350.9145026939764,773.4724985980552,0.9502192367477882,842.7286338225247,0.9363003795580583,0.4661244683010794,0,0
/home/test/bupt_hjk/sdp_dataset/elderAL/action0_static_new/user2_position4_activity0/20250813=213014_mimo5s_part0.csv,21,32256,28,True,True,0.0,0.0,0.0,0.0,0.0,0.9999999999999999,0,0
/home/test/bupt_hjk/sdp_dataset/elderAL/action0_static_new/user2_position4_activity0/20250813=213020_mimo5s_part0.csv,23,35328,28,True,True,0.0,0.0,0.0,0.0,0.0,1.0,0,0
/home/test/bupt_hjk/sdp_dataset/elderAL/action0_static_new/user2_position4_activity0/20250813=213026_mimo5s_part0.csv,14,21504,28,True,True,0.0,0.0,0.0,0.0,0.0,1.0,0,0
/home/test/bupt_hjk/sdp_dataset/elderAL/action0_static_new/user2_position4_activity0/20250813=213032_mimo5s_part0.csv,18,27648,28,True,True,0.0,0.0,0.0,0.0,0.0,1.0,0,0
/home/test/bupt_hjk/sdp_dataset/elderAL/action0_static_new/user2_position4_activity0/20250813=213038_mimo5s_part0.csv,11,16896,28,True,True,0.0,0.0,0.0,0.0,0.0,1.0,0,0
/home/test/bupt_hjk/sdp_dataset/elderAL/action0_static_new/user2_position4_activity0/20250813=213044_mimo5s_part0.csv,30,46080,28,False,False,3148.4317063339113,663.3979978280332,0.8089368987391918,798.8793328434607,0.8671346889657786,0.18853492267010527,0,0
/home/test/bupt_hjk/sdp_dataset/elderAL/action0_static_new/user2_position5_activity0/20250813=213108_mimo5s_part0.csv,26,39936,28,True,True,0.0,0.0,0.0,0.0,0.0,1.0,0,0
/home/test/bupt_hjk/sdp_dataset/elderAL/action0_static_new/user2_position5_activity0/20250813=213114_mimo5s_part0.csv,21,32256,28,True,True,0.0,0.0,0.0,0.0,0.0,1.0,0,0
/home/test/bupt_hjk/sdp_dataset/elderAL/action0_static_new/user2_position5_activity0/20250813=213120_mimo5s_part0.csv,52,79872,28,False,False,2361.28045701827,690.1252393326344,0.7898831116673568,782.1507545486596,0.8075539800006417,0.3641338161378062,0,0
/home/test/bupt_hjk/sdp_dataset/elderAL/action0_static_new/user2_position5_activity0/20250813=213126_mimo5s_part0.csv,14,21504,28,True,True,0.0,0.0,0.0,0.0,0.0,1.0,0,0
/home/test/bupt_hjk/sdp_dataset/elderAL/action0_static_new/user2_position5_activity0/20250813=213132_mimo5s_part0.csv,21,32256,28,True,True,0.0,0.0,0.0,0.0,0.0,1.0,0,0
/home/test/bupt_hjk/sdp_dataset/elderAL/action0_static_new/user2_position5_activity0/20250813=213138_mimo5s_part0.csv,15,23040,28,True,True,0.0,0.0,0.0,0.0,0.0,1.0,0,0
/home/test/bupt_hjk/sdp_dataset/elderAL/action0_static_new/user2_position5_activity0/20250813=213144_mimo5s_part0.csv,34,52224,28,False,False,2368.506887572198,901.0654986998074,0.9714405026633688,982.8143403972239,0.9608001582744633,0.3763517911656867,0,0
/home/test/bupt_hjk/sdp_dataset/elderAL/action0_static_new/user2_position5_activity0/20250813=213150_mimo5s_part0.csv,31,47616,28,False,False,2987.2523956508317,869.3892409489042,0.9515636559258858,990.4284396128481,0.9715133923095984,0.08245507155321022,0,0
/home/test/bupt_hjk/sdp_dataset/elderAL/action0_static_new/user2_position5_activity0/20250813=213156_mimo5s_part0.csv,20,30720,28,True,True,0.0,0.0,0.0,0.0,0.0,0.9999999999999999,0,0
/home/test/bupt_hjk/sdp_dataset/elderAL/action0_static_new/user2_position5_activity0/20250813=213201_mimo5s_part0.csv,21,32256,28,True,True,0.0,0.0,0.0,0.0,0.0,1.0,0,0
/home/test/bupt_hjk/sdp_dataset/elderAL/action0_static_new/user2_position5_activity0/20250813=213208_mimo5s_part0.csv,14,21504,28,True,True,0.0,0.0,0.0,0.0,0.0,1.0,0,0
/home/test/bupt_hjk/sdp_dataset/elderAL/action0_static_new/user2_position5_activity0/20250813=213214_mimo5s_part0.csv,18,27648,28,True,True,0.0,0.0,0.0,0.0,0.0,1.0,0,0
/home/test/bupt_hjk/sdp_dataset/elderAL/action0_static_new/user2_position5_activity0/20250813=213220_mimo5s_part0.csv,24,36864,28,True,True,0.0,0.0,0.0,0.0,0.0,0.9999999999999999,0,0
/home/test/bupt_hjk/sdp_dataset/elderAL/action0_static_new/user2_position5_activity0/20250813=213226_mimo5s_part0.csv,11,16896,28,True,True,0.0,0.0,0.0,0.0,0.0,1.0,0,0
/home/test/bupt_hjk/sdp_dataset/elderAL/action0_static_new/user2_position5_activity0/20250813=213232_mimo5s_part0.csv,25,38400,28,True,True,0.0,0.0,0.0,0.0,0.0,0.9999999999999999,0,0
/home/test/bupt_hjk/sdp_dataset/elderAL/action0_static_new/user2_position6_activity0/20250813=213254_mimo5s_part0.csv,31,47616,28,False,False,2703.7141517188165,813.9947866029488,0.8800522015279749,926.9983095138755,0.9136812247859197,0.14392766530473636,0,0
/home/test/bupt_hjk/sdp_dataset/elderAL/action0_static_new/user2_position6_activity0/20250813=213300_mimo5s_part0.csv,14,21504,28,True,True,0.0,0.0,0.0,0.0,0.0,0.9999999999999999,0,0
/home/test/bupt_hjk/sdp_dataset/elderAL/action0_static_new/user2_position6_activity0/20250813=213306_mimo5s_part0.csv,19,29184,28,True,True,0.0,0.0,0.0,0.0,0.0,1.0,0,0
/home/test/bupt_hjk/sdp_dataset/elderAL/action0_static_new/user2_position6_activity0/20250813=213312_mimo5s_part0.csv,25,38400,28,True,True,0.0,0.0,0.0,0.0,0.0,1.0,0,0
/home/test/bupt_hjk/sdp_dataset/elderAL/action0_static_new/user2_position6_activity0/20250813=213318_mimo5s_part0.csv,31,47616,28,False,False,2435.0778252907053,756.0121369596504,0.8028126014739465,845.08165014841,0.8193821276047925,0.37455883066027507,0,0
/home/test/bupt_hjk/sdp_dataset/elderAL/action0_static_new/user2_position6_activity0/20250813=213323_mimo5s_part0.csv,25,38400,28,True,True,0.0,0.0,0.0,0.0,0.0,1.0,0,0
/home/test/bupt_hjk/sdp_dataset/elderAL/action0_static_new/user2_position6_activity0/20250813=213330_mimo5s_part0.csv,77,118272,28,False,False,2290.634127008286,928.7673588504748,0.9880763084729053,1004.9806783193525,0.9738046594360701,0.41871864168028555,0,0
/home/test/bupt_hjk/sdp_dataset/elderAL/action0_static_new/user2_position6_activity0/20250813=213336_mimo5s_part0.csv,12,18432,28,True,True,0.0,0.0,0.0,0.0,0.0,1.0,0,0
/home/test/bupt_hjk/sdp_dataset/elderAL/action0_static_new/user2_position6_activity0/20250813=213342_mimo5s_part0.csv,25,38400,28,True,True,0.0,0.0,0.0,0.0,0.0,1.0,0,0
/home/test/bupt_hjk/sdp_dataset/elderAL/action0_static_new/user2_position6_activity0/20250813=213348_mimo5s_part0.csv,62,95232,28,False,False,2836.768778623816,654.8225661049295,0.7066678417304403,781.0205772860002,0.768581227570339,0.46633554453959125,0,0
/home/test/bupt_hjk/sdp_dataset/elderAL/action0_static_new/user2_position6_activity0/20250813=213354_mimo5s_part0.csv,44,67584,28,False,False,3089.184588485748,619.9979409200183,0.6753988069031457,757.7389311291287,0.7507441275942992,0.4730752524224176,0,0
/home/test/bupt_hjk/sdp_dataset/elderAL/action0_static_new/user2_position6_activity0/20250813=213400_mimo5s_part0.csv,24,36864,28,True,True,0.0,0.0,0.0,0.0,0.0,0.9999999999999999,0,0
/home/test/bupt_hjk/sdp_dataset/elderAL/action0_static_new/user2_position6_activity0/20250813=213406_mimo5s_part0.csv,23,35328,28,True,True,0.0,0.0,0.0,0.0,0.0,1.0,0,0
/home/test/bupt_hjk/sdp_dataset/elderAL/action0_static_new/user2_position6_activity0/20250813=213412_mimo5s_part0.csv,30,46080,28,False,False,2556.9414040964193,900.6199063333903,0.9915730194324558,986.258376004237,0.9775914100419089,0.34497007885938424,0,0
/home/test/bupt_hjk/sdp_dataset/elderAL/action0_static_new/user2_position6_activity0/20250813=213418_mimo5s_part0.csv,50,76800,28,False,False,2206.2046417056727,973.1339664425194,1.0125270059300382,1055.9665922067488,1.010577558471812,0.07285032641910504,0,0
/home/test/bupt_hjk/sdp_dataset/elderAL/action0_static_new/user2_position7_activity0/20250813=213454_mimo5s_part0.csv,10,15360,28,True,True,0.0,0.0,0.0,0.0,0.0,1.0,0,0
/home/test/bupt_hjk/sdp_dataset/elderAL/action0_static_new/user2_position7_activity0/20250813=213500_mimo5s_part0.csv,28,43008,28,False,False,2419.6672295262924,875.5628179512146,0.9078659446958849,956.9602931932393,0.8913138519778875,0.5509556437081569,0,0
/home/test/bupt_hjk/sdp_dataset/elderAL/action0_static_new/user2_position7_activity0/20250813=213505_mimo5s_part0.csv,16,24576,28,True,True,0.0,0.0,0.0,0.0,0.0,1.0,0,0
/home/test/bupt_hjk/sdp_dataset/elderAL/action0_static_new/user2_position7_activity0/20250813=213511_mimo5s_part0.csv,25,38400,28,True,True,0.0,0.0,0.0,0.0,0.0,1.0,0,0
/home/test/bupt_hjk/sdp_dataset/elderAL/action0_static_new/user2_position7_activity0/20250813=213518_mimo5s_part0.csv,32,49152,28,False,False,3366.106005825487,656.5574911181675,0.7058620249728347,771.6161116512138,0.7335649644083349,0.591750847835123,0,0
/home/test/bupt_hjk/sdp_dataset/elderAL/action0_static_new/user2_position7_activity0/20250813=213523_mimo5s_part0.csv,10,15360,28,True,True,0.0,0.0,0.0,0.0,0.0,0.9999999999999999,0,0
/home/test/bupt_hjk/sdp_dataset/elderAL/action0_static_new/user2_position7_activity0/20250813=213529_mimo5s_part0.csv,30,46080,28,False,False,2904.0919420294163,929.3148339370405,0.9829699272323171,1022.6746281249573,0.9711084166882576,0.3373641439169189,0,0
/home/test/bupt_hjk/sdp_dataset/elderAL/action0_static_new/user2_position7_activity0/20250813=213535_mimo5s_part0.csv,14,21504,28,True,True,0.0,0.0,0.0,0.0,0.0,1.0,0,0
/home/test/bupt_hjk/sdp_dataset/elderAL/action0_static_new/user2_position7_activity0/20250813=213541_mimo5s_part0.csv,15,23040,28,True,True,0.0,0.0,0.0,0.0,0.0,1.0,0,0
/home/test/bupt_hjk/sdp_dataset/elderAL/action0_static_new/user2_position7_activity0/20250813=213547_mimo5s_part0.csv,35,53760,28,False,False,3019.4757420137485,768.9543207631996,0.8382854359332388,906.1737471398139,0.8748189947755418,0.4930247459605452,0,0
/home/test/bupt_hjk/sdp_dataset/elderAL/action0_static_new/user2_position7_activity0/20250813=213553_mimo5s_part0.csv,21,32256,28,True,True,0.0,0.0,0.0,0.0,0.0,0.9999999999999999,0,0
/home/test/bupt_hjk/sdp_dataset/elderAL/action0_static_new/user2_position7_activity0/20250813=213559_mimo5s_part0.csv,14,21504,28,True,True,0.0,0.0,0.0,0.0,0.0,1.0,0,0
/home/test/bupt_hjk/sdp_dataset/elderAL/action0_static_new/user2_position7_activity0/20250813=213605_mimo5s_part0.csv,18,27648,28,True,True,0.0,0.0,0.0,0.0,0.0,1.0,0,0
/home/test/bupt_hjk/sdp_dataset/elderAL/action0_static_new/user2_position7_activity0/20250813=213611_mimo5s_part0.csv,21,32256,28,True,True,0.0,0.0,0.0,0.0,0.0,1.0,0,0
/home/test/bupt_hjk/sdp_dataset/elderAL/action0_static_new/user2_position7_activity0/20250813=213617_mimo5s_part0.csv,19,29184,28,True,True,0.0,0.0,0.0,0.0,0.0,1.0,0,0
/home/test/bupt_hjk/sdp_dataset/elderAL/action0_static_new/user2_position8_activity0/20250813=213636_mimo5s_part0.csv,21,32256,28,True,True,0.0,0.0,0.0,0.0,0.0,0.9999999999999999,0,0
/home/test/bupt_hjk/sdp_dataset/elderAL/action0_static_new/user2_position8_activity0/20250813=213642_mimo5s_part0.csv,23,35328,28,True,True,0.0,0.0,0.0,0.0,0.0,1.0,0,0
/home/test/bupt_hjk/sdp_dataset/elderAL/action0_static_new/user2_position8_activity0/20250813=213648_mimo5s_part0.csv,18,27648,28,True,True,0.0,0.0,0.0,0.0,0.0,1.0,0,0
/home/test/bupt_hjk/sdp_dataset/elderAL/action0_static_new/user2_position8_activity0/20250813=213654_mimo5s_part0.csv,25,38400,28,True,True,0.0,0.0,0.0,0.0,0.0,1.0,0,0
/home/test/bupt_hjk/sdp_dataset/elderAL/action0_static_new/user2_position8_activity0/20250813=213659_mimo5s_part0.csv,19,29184,28,True,True,0.0,0.0,0.0,0.0,0.0,1.0,0,0
/home/test/bupt_hjk/sdp_dataset/elderAL/action0_static_new/user2_position8_activity0/20250813=213705_mimo5s_part0.csv,17,26112,28,True,True,0.0,0.0,0.0,0.0,0.0,0.9999999999999999,0,0
/home/test/bupt_hjk/sdp_dataset/elderAL/action0_static_new/user2_position8_activity0/20250813=213711_mimo5s_part0.csv,15,23040,28,True,True,0.0,0.0,0.0,0.0,0.0,1.0,0,0
/home/test/bupt_hjk/sdp_dataset/elderAL/action0_static_new/user2_position8_activity0/20250813=213717_mimo5s_part0.csv,35,53760,28,False,False,3359.0589253109847,773.3008416656614,0.816717660146421,900.706333078059,0.8477268105468246,0.4655738702334351,0,0
/home/test/bupt_hjk/sdp_dataset/elderAL/action0_static_new/user2_position8_activity0/20250813=213723_mimo5s_part0.csv,15,23040,28,True,True,0.0,0.0,0.0,0.0,0.0,1.0,0,0
/home/test/bupt_hjk/sdp_dataset/elderAL/action0_static_new/user2_position8_activity0/20250813=213729_mimo5s_part0.csv,17,26112,28,True,True,0.0,0.0,0.0,0.0,0.0,1.0,0,0
/home/test/bupt_hjk/sdp_dataset/elderAL/action0_static_new/user2_position8_activity0/20250813=213735_mimo5s_part0.csv,37,56832,28,False,False,3334.2225390600042,596.8993666008396,0.607650740991882,752.6750948182553,0.6888963034166842,0.42407171726448534,0,0
/home/test/bupt_hjk/sdp_dataset/elderAL/action0_static_new/user2_position8_activity0/20250813=213741_mimo5s_part0.csv,17,26112,28,True,True,0.0,0.0,0.0,0.0,0.0,0.9999999999999999,0,0
/home/test/bupt_hjk/sdp_dataset/elderAL/action0_static_new/user2_position8_activity0/20250813=213747_mimo5s_part0.csv,30,46080,28,False,False,3910.1645500261475,775.348159864706,0.7938605360117454,897.8509346802642,0.8193694117560527,0.5620097583791752,0,0
/home/test/bupt_hjk/sdp_dataset/elderAL/action0_static_new/user2_position8_activity0/20250813=213753_mimo5s_part0.csv,17,26112,28,True,True,0.0,0.0,0.0,0.0,0.0,1.0,0,0
/home/test/bupt_hjk/sdp_dataset/elderAL/action0_static_new/user2_position8_activity0/20250813=213759_mimo5s_part0.csv,24,36864,28,True,True,0.0,0.0,0.0,0.0,0.0,1.0,0,0
/home/test/bupt_hjk/sdp_dataset/elderAL/action0_static_new/user2_position9_activity0/20250813=213836_mimo5s_part0.csv,46,70656,28,False,False,3121.727401162149,912.1147405821441,1.012224904092516,1031.4695353787542,1.015521379477238,0.2180855983918335,0,0
/home/test/bupt_hjk/sdp_dataset/elderAL/action0_static_new/user2_position9_activity0/20250813=213842_mimo5s_part0.csv,24,36864,28,True,True,0.0,0.0,0.0,0.0,0.0,1.0,0,0
/home/test/bupt_hjk/sdp_dataset/elderAL/action0_static_new/user2_position9_activity0/20250813=213848_mimo5s_part0.csv,58,89088,28,False,False,2644.248768052845,568.9364783589666,0.6069514143198936,776.4957885954237,0.7415647734416805,0.3748632689228822,0,0
/home/test/bupt_hjk/sdp_dataset/elderAL/action0_static_new/user2_position9_activity0/20250813=213854_mimo5s_part0.csv,32,49152,28,False,False,2954.1293420925103,751.4925535521648,0.8599783265425079,889.8427337950272,0.8987380443734516,0.10608693738740532,0,0
/home/test/bupt_hjk/sdp_dataset/elderAL/action0_static_new/user2_position9_activity0/20250813=213900_mimo5s_part0.csv,29,44544,28,False,False,3170.941635027887,721.2065643976381,0.7839589436852253,866.6433000725862,0.8272100618503848,0.4233151350016305,0,0
/home/test/bupt_hjk/sdp_dataset/elderAL/action0_static_new/user2_position9_activity0/20250813=213906_mimo5s_part0.csv,15,23040,28,True,True,0.0,0.0,0.0,0.0,0.0,1.0,0,0
/home/test/bupt_hjk/sdp_dataset/elderAL/action0_static_new/user2_position9_activity0/20250813=213912_mimo5s_part0.csv,14,21504,28,True,True,0.0,0.0,0.0,0.0,0.0,1.0,0,0
/home/test/bupt_hjk/sdp_dataset/elderAL/action0_static_new/user2_position9_activity0/20250813=213918_mimo5s_part0.csv,23,35328,28,True,True,0.0,0.0,0.0,0.0,0.0,1.0,0,0
/home/test/bupt_hjk/sdp_dataset/elderAL/action0_static_new/user2_position9_activity0/20250813=213924_mimo5s_part0.csv,14,21504,28,True,True,0.0,0.0,0.0,0.0,0.0,1.0,0,0
/home/test/bupt_hjk/sdp_dataset/elderAL/action0_static_new/user2_position9_activity0/20250813=213930_mimo5s_part0.csv,11,16896,28,True,True,0.0,0.0,0.0,0.0,0.0,0.9999999999999999,0,0
/home/test/bupt_hjk/sdp_dataset/elderAL/action0_static_new/user2_position9_activity0/20250813=213936_mimo5s_part0.csv,16,24576,28,True,True,0.0,0.0,0.0,0.0,0.0,1.0,0,0
/home/test/bupt_hjk/sdp_dataset/elderAL/action0_static_new/user2_position9_activity0/20250813=213941_mimo5s_part0.csv,13,19968,28,True,True,0.0,0.0,0.0,0.0,0.0,1.0,0,0
/home/test/bupt_hjk/sdp_dataset/elderAL/action0_static_new/user2_position9_activity0/20250813=213947_mimo5s_part0.csv,29,44544,28,False,False,2850.4360853314543,1085.697143909046,1.071944037595707,1210.2711279769705,1.0840285167434822,-0.43021548984817465,0,0
/home/test/bupt_hjk/sdp_dataset/elderAL/action0_static_new/user2_position9_activity0/20250813=213953_mimo5s_part0.csv,31,47616,28,False,False,2562.3462706574896,784.7073272060176,0.8002469862277288,882.894724019406,0.8114336367044223,0.4698523770197564,0,0
/home/test/bupt_hjk/sdp_dataset/elderAL/action0_static_new/user2_position9_activity0/20250813=213958_mimo5s_part0.csv,18,27648,28,True,True,0.0,0.0,0.0,0.0,0.0,1.0,0,0
/home/test/bupt_hjk/sdp_dataset/elderAL/action1_walk_new/user0_position1_activity1/20250813=113559_mimo5s_part0.csv,110,168960,28,False,False,3082.8462264591108,871.828368460112,0.9600289072870013,1014.3086689722405,0.9693548394260781,0.13779743145937984,0,0
/home/test/bupt_hjk/sdp_dataset/elderAL/action1_walk_new/user0_position1_activity1/20250813=114055_mimo5s_part0.csv,11,16896,28,True,True,0.0,0.0,0.0,0.0,0.0,0.9999999999999998,0,0
/home/test/bupt_hjk/sdp_dataset/elderAL/action1_walk_new/user0_position1_activity1/20250813=114101_mimo5s_part0.csv,4,6144,28,True,True,0.0,0.0,0.0,0.0,0.0,0.9999999999999998,0,0
/home/test/bupt_hjk/sdp_dataset/elderAL/action1_walk_new/user0_position1_activity1/20250813=114107_mimo5s_part0.csv,11,16896,28,True,True,0.0,0.0,0.0,0.0,0.0,1.0,0,0
/home/test/bupt_hjk/sdp_dataset/elderAL/action1_walk_new/user0_position1_activity1/20250813=114113_mimo5s_part0.csv,11,16896,28,True,True,0.0,0.0,0.0,0.0,0.0,1.0,0,0
/home/test/bupt_hjk/sdp_dataset/elderAL/action1_walk_new/user0_position1_activity1/20250813=114118_mimo5s_part0.csv,21,32256,28,True,True,0.0,0.0,0.0,0.0,0.0,1.0,0,0
/home/test/bupt_hjk/sdp_dataset/elderAL/action1_walk_new/user0_position1_activity1/20250813=114124_mimo5s_part0.csv,4,6144,28,True,True,0.0,0.0,0.0,0.0,0.0,1.0,0,0
/home/test/bupt_hjk/sdp_dataset/elderAL/action1_walk_new/user0_position1_activity1/20250813=114130_mimo5s_part0.csv,4,6144,28,True,True,0.0,0.0,0.0,0.0,0.0,1.0,0,0
/home/test/bupt_hjk/sdp_dataset/elderAL/action1_walk_new/user0_position1_activity1/20250813=114136_mimo5s_part0.csv,11,16896,28,True,True,0.0,0.0,0.0,0.0,0.0,1.0,0,0
/home/test/bupt_hjk/sdp_dataset/elderAL/action1_walk_new/user0_position1_activity1/20250813=114142_mimo5s_part0.csv,7,10752,28,True,True,0.0,0.0,0.0,0.0,0.0,1.0,0,0
/home/test/bupt_hjk/sdp_dataset/elderAL/action1_walk_new/user0_position1_activity1/20250813=114151_mimo5s_part0.csv,17,26112,28,True,True,0.0,0.0,0.0,0.0,0.0,0.9999999999999998,0,0
/home/test/bupt_hjk/sdp_dataset/elderAL/action1_walk_new/user0_position1_activity1/20250813=114157_mimo5s_part0.csv,6,9216,28,True,True,0.0,0.0,0.0,0.0,0.0,1.0,0,0
/home/test/bupt_hjk/sdp_dataset/elderAL/action1_walk_new/user0_position2_activity1/20250813=114330_mimo5s_part0.csv,3,4608,28,True,True,0.0,0.0,0.0,0.0,0.0,1.0,0,0
/home/test/bupt_hjk/sdp_dataset/elderAL/action1_walk_new/user0_position2_activity1/20250813=114335_mimo5s_part0.csv,8,12288,28,True,True,0.0,0.0,0.0,0.0,0.0,1.0,0,0
/home/test/bupt_hjk/sdp_dataset/elderAL/action1_walk_new/user0_position2_activity1/20250813=114341_mimo5s_part0.csv,7,10752,28,True,True,0.0,0.0,0.0,0.0,0.0,1.0,0,0
/home/test/bupt_hjk/sdp_dataset/elderAL/action1_walk_new/user0_position2_activity1/20250813=114347_mimo5s_part0.csv,29,44544,28,False,False,3483.0407484313923,896.4696967157702,1.0151910098570407,1080.3324848385998,1.0378248902696263,0.05089492572924212,0,0
/home/test/bupt_hjk/sdp_dataset/elderAL/action1_walk_new/user0_position2_activity1/20250813=114353_mimo5s_part0.csv,41,62976,28,False,False,3870.3321685462247,771.9182866109761,0.8661922280326478,920.7423962423969,0.8982311164623086,0.19412287544758475,0,0
/home/test/bupt_hjk/sdp_dataset/elderAL/action1_walk_new/user0_position2_activity1/20250813=114359_mimo5s_part0.csv,14,21504,28,True,True,0.0,0.0,0.0,0.0,0.0,1.0,0,0
/home/test/bupt_hjk/sdp_dataset/elderAL/action1_walk_new/user0_position2_activity1/20250813=114404_mimo5s_part0.csv,7,10752,28,True,True,0.0,0.0,0.0,0.0,0.0,1.0,0,0
/home/test/bupt_hjk/sdp_dataset/elderAL/action1_walk_new/user0_position2_activity1/20250813=114410_mimo5s_part0.csv,11,16896,28,True,True,0.0,0.0,0.0,0.0,0.0,1.0,0,0
/home/test/bupt_hjk/sdp_dataset/elderAL/action1_walk_new/user0_position2_activity1/20250813=114416_mimo5s_part0.csv,12,18432,28,True,True,0.0,0.0,0.0,0.0,0.0,1.0,0,0
/home/test/bupt_hjk/sdp_dataset/elderAL/action1_walk_new/user0_position2_activity1/20250813=114422_mimo5s_part0.csv,7,10752,28,True,True,0.0,0.0,0.0,0.0,0.0,1.0,0,0
/home/test/bupt_hjk/sdp_dataset/elderAL/action1_walk_new/user0_position2_activity1/20250813=114428_mimo5s_part0.csv,4,6144,28,True,True,0.0,0.0,0.0,0.0,0.0,1.0,0,0
/home/test/bupt_hjk/sdp_dataset/elderAL/action1_walk_new/user0_position2_activity1/20250813=114434_mimo5s_part0.csv,10,15360,28,True,True,0.0,0.0,0.0,0.0,0.0,1.0,0,0
/home/test/bupt_hjk/sdp_dataset/elderAL/action1_walk_new/user0_position2_activity1/20250813=114440_mimo5s_part0.csv,4,6144,28,True,True,0.0,0.0,0.0,0.0,0.0,0.9999999999999998,0,0
/home/test/bupt_hjk/sdp_dataset/elderAL/action1_walk_new/user0_position2_activity1/20250813=114446_mimo5s_part0.csv,3,4608,28,True,True,0.0,0.0,0.0,0.0,0.0,0.9999999999999999,0,0
/home/test/bupt_hjk/sdp_dataset/elderAL/action1_walk_new/user0_position2_activity1/20250813=114452_mimo5s_part0.csv,11,16896,28,True,True,0.0,0.0,0.0,0.0,0.0,1.0,0,0
/home/test/bupt_hjk/sdp_dataset/elderAL/action1_walk_new/user0_position3_activity1/20250813=114605_mimo5s_part0.csv,4,6144,28,True,True,0.0,0.0,0.0,0.0,0.0,1.0,0,0
/home/test/bupt_hjk/sdp_dataset/elderAL/action1_walk_new/user0_position3_activity1/20250813=114612_mimo5s_part0.csv,4,6144,28,True,True,0.0,0.0,0.0,0.0,0.0,1.0,0,0
/home/test/bupt_hjk/sdp_dataset/elderAL/action1_walk_new/user0_position3_activity1/20250813=114617_mimo5s_part0.csv,11,16896,28,True,True,0.0,0.0,0.0,0.0,0.0,1.0,0,0
/home/test/bupt_hjk/sdp_dataset/elderAL/action1_walk_new/user0_position3_activity1/20250813=114623_mimo5s_part0.csv,25,38400,28,True,True,0.0,0.0,0.0,0.0,0.0,1.0,0,0
/home/test/bupt_hjk/sdp_dataset/elderAL/action1_walk_new/user0_position3_activity1/20250813=114629_mimo5s_part0.csv,11,16896,28,True,True,0.0,0.0,0.0,0.0,0.0,1.0,0,0
/home/test/bupt_hjk/sdp_dataset/elderAL/action1_walk_new/user0_position3_activity1/20250813=114635_mimo5s_part0.csv,7,10752,28,True,True,0.0,0.0,0.0,0.0,0.0,0.9999999999999998,0,0
/home/test/bupt_hjk/sdp_dataset/elderAL/action1_walk_new/user0_position3_activity1/20250813=114640_mimo5s_part0.csv,8,12288,28,True,True,0.0,0.0,0.0,0.0,0.0,1.0,0,0
/home/test/bupt_hjk/sdp_dataset/elderAL/action1_walk_new/user0_position3_activity1/20250813=114646_mimo5s_part0.csv,7,10752,28,True,True,0.0,0.0,0.0,0.0,0.0,1.0,0,0
/home/test/bupt_hjk/sdp_dataset/elderAL/action1_walk_new/user0_position3_activity1/20250813=114652_mimo5s_part0.csv,21,32256,28,True,True,0.0,0.0,0.0,0.0,0.0,1.0,0,0
/home/test/bupt_hjk/sdp_dataset/elderAL/action1_walk_new/user0_position3_activity1/20250813=114657_mimo5s_part0.csv,7,10752,28,True,True,0.0,0.0,0.0,0.0,0.0,1.0,0,0
/home/test/bupt_hjk/sdp_dataset/elderAL/action1_walk_new/user0_position3_activity1/20250813=114703_mimo5s_part0.csv,7,10752,28,True,True,0.0,0.0,0.0,0.0,0.0,1.0,0,0
/home/test/bupt_hjk/sdp_dataset/elderAL/action1_walk_new/user0_position3_activity1/20250813=114708_mimo5s_part0.csv,7,10752,28,True,True,0.0,0.0,0.0,0.0,0.0,1.0,0,0
/home/test/bupt_hjk/sdp_dataset/elderAL/action1_walk_new/user0_position3_activity1/20250813=114714_mimo5s_part0.csv,8,12288,28,True,True,0.0,0.0,0.0,0.0,0.0,1.0,0,0
/home/test/bupt_hjk/sdp_dataset/elderAL/action1_walk_new/user0_position3_activity1/20250813=114720_mimo5s_part0.csv,7,10752,28,True,True,0.0,0.0,0.0,0.0,0.0,1.0,0,0
/home/test/bupt_hjk/sdp_dataset/elderAL/action1_walk_new/user0_position3_activity1/20250813=114725_mimo5s_part0.csv,20,30720,28,True,True,0.0,0.0,0.0,0.0,0.0,1.0,0,0
/home/test/bupt_hjk/sdp_dataset/elderAL/action1_walk_new/user0_position4_activity1/20250813=115235_mimo5s_part0.csv,7,10752,28,True,True,0.0,0.0,0.0,0.0,0.0,1.0,0,0
/home/test/bupt_hjk/sdp_dataset/elderAL/action1_walk_new/user0_position4_activity1/20250813=115242_mimo5s_part0.csv,11,16896,28,True,True,0.0,0.0,0.0,0.0,0.0,1.0,0,0
/home/test/bupt_hjk/sdp_dataset/elderAL/action1_walk_new/user0_position4_activity1/20250813=115248_mimo5s_part0.csv,11,16896,28,True,True,0.0,0.0,0.0,0.0,0.0,0.9999999999999999,0,0
/home/test/bupt_hjk/sdp_dataset/elderAL/action1_walk_new/user0_position4_activity1/20250813=115253_mimo5s_part0.csv,8,12288,28,True,True,0.0,0.0,0.0,0.0,0.0,0.9999999999999998,0,0
/home/test/bupt_hjk/sdp_dataset/elderAL/action1_walk_new/user0_position4_activity1/20250813=115259_mimo5s_part0.csv,3,4608,28,True,True,0.0,0.0,0.0,0.0,0.0,0.9999999999999999,0,0
/home/test/bupt_hjk/sdp_dataset/elderAL/action1_walk_new/user0_position4_activity1/20250813=115305_mimo5s_part0.csv,8,12288,28,True,True,0.0,0.0,0.0,0.0,0.0,1.0,0,0
/home/test/bupt_hjk/sdp_dataset/elderAL/action1_walk_new/user0_position4_activity1/20250813=115310_mimo5s_part0.csv,3,4608,28,True,True,0.0,0.0,0.0,0.0,0.0,0.9999999999999999,0,0
/home/test/bupt_hjk/sdp_dataset/elderAL/action1_walk_new/user0_position4_activity1/20250813=115316_mimo5s_part0.csv,7,10752,28,True,True,0.0,0.0,0.0,0.0,0.0,1.0,0,0
/home/test/bupt_hjk/sdp_dataset/elderAL/action1_walk_new/user0_position4_activity1/20250813=115321_mimo5s_part0.csv,4,6144,28,True,True,0.0,0.0,0.0,0.0,0.0,1.0,0,0
/home/test/bupt_hjk/sdp_dataset/elderAL/action1_walk_new/user0_position4_activity1/20250813=115327_mimo5s_part0.csv,3,4608,28,True,True,0.0,0.0,0.0,0.0,0.0,0.9999999999999999,0,0
/home/test/bupt_hjk/sdp_dataset/elderAL/action1_walk_new/user0_position4_activity1/20250813=115333_mimo5s_part0.csv,4,6144,28,True,True,0.0,0.0,0.0,0.0,0.0,0.9999999999999998,0,0
/home/test/bupt_hjk/sdp_dataset/elderAL/action1_walk_new/user0_position4_activity1/20250813=115339_mimo5s_part0.csv,4,6144,28,True,True,0.0,0.0,0.0,0.0,0.0,1.0,0,0
/home/test/bupt_hjk/sdp_dataset/elderAL/action1_walk_new/user0_position4_activity1/20250813=115345_mimo5s_part0.csv,4,6144,28,True,True,0.0,0.0,0.0,0.0,0.0,0.9999999999999999,0,0
/home/test/bupt_hjk/sdp_dataset/elderAL/action1_walk_new/user0_position4_activity1/20250813=115350_mimo5s_part0.csv,56,86016,28,False,False,3165.8368716364807,912.2582195223074,1.0485064667874662,1049.7649811631368,1.0736486394228653,0.011260943313746621,0,0
/home/test/bupt_hjk/sdp_dataset/elderAL/action1_walk_new/user0_position4_activity1/20250813=115356_mimo5s_part0.csv,24,36864,28,True,True,0.0,0.0,0.0,0.0,0.0,1.0,0,0
/home/test/bupt_hjk/sdp_dataset/elderAL/action1_walk_new/user0_position5_activity1/20250813=120047_mimo5s_part0.csv,17,26112,28,True,True,0.0,0.0,0.0,0.0,0.0,1.0,0,0
/home/test/bupt_hjk/sdp_dataset/elderAL/action1_walk_new/user0_position5_activity1/20250813=120054_mimo5s_part0.csv,11,16896,28,True,True,0.0,0.0,0.0,0.0,0.0,1.0,0,0
/home/test/bupt_hjk/sdp_dataset/elderAL/action1_walk_new/user0_position5_activity1/20250813=120059_mimo5s_part0.csv,30,46080,28,False,False,3121.664683874067,874.6485174317185,1.0287170993656312,1013.0701588751222,1.0437264918394422,0.15184083981526234,0,0
/home/test/bupt_hjk/sdp_dataset/elderAL/action1_walk_new/user0_position5_activity1/20250813=120105_mimo5s_part0.csv,8,12288,28,True,True,0.0,0.0,0.0,0.0,0.0,1.0,0,0
/home/test/bupt_hjk/sdp_dataset/elderAL/action1_walk_new/user0_position5_activity1/20250813=120110_mimo5s_part0.csv,7,10752,28,True,True,0.0,0.0,0.0,0.0,0.0,1.0,0,0
/home/test/bupt_hjk/sdp_dataset/elderAL/action1_walk_new/user0_position5_activity1/20250813=120116_mimo5s_part0.csv,11,16896,28,True,True,0.0,0.0,0.0,0.0,0.0,1.0,0,0
/home/test/bupt_hjk/sdp_dataset/elderAL/action1_walk_new/user0_position5_activity1/20250813=120122_mimo5s_part0.csv,7,10752,28,True,True,0.0,0.0,0.0,0.0,0.0,1.0,0,0
/home/test/bupt_hjk/sdp_dataset/elderAL/action1_walk_new/user0_position5_activity1/20250813=120128_mimo5s_part0.csv,16,24576,28,True,True,0.0,0.0,0.0,0.0,0.0,0.9999999999999999,0,0
/home/test/bupt_hjk/sdp_dataset/elderAL/action1_walk_new/user0_position5_activity1/20250813=120134_mimo5s_part0.csv,7,10752,28,True,True,0.0,0.0,0.0,0.0,0.0,1.0,0,0
/home/test/bupt_hjk/sdp_dataset/elderAL/action1_walk_new/user0_position5_activity1/20250813=120139_mimo5s_part0.csv,8,12288,28,True,True,0.0,0.0,0.0,0.0,0.0,1.0,0,0
/home/test/bupt_hjk/sdp_dataset/elderAL/action1_walk_new/user0_position5_activity1/20250813=120145_mimo5s_part0.csv,7,10752,28,True,True,0.0,0.0,0.0,0.0,0.0,0.9999999999999999,0,0
/home/test/bupt_hjk/sdp_dataset/elderAL/action1_walk_new/user0_position5_activity1/20250813=120150_mimo5s_part0.csv,41,62976,28,False,False,2824.639977919547,783.6963673465735,0.8888962667041577,903.9128467125752,0.9066432947521955,0.3567550208221407,0,0
/home/test/bupt_hjk/sdp_dataset/elderAL/action1_walk_new/user0_position5_activity1/20250813=120156_mimo5s_part0.csv,7,10752,28,True,True,0.0,0.0,0.0,0.0,0.0,1.0,0,0
/home/test/bupt_hjk/sdp_dataset/elderAL/action1_walk_new/user0_position5_activity1/20250813=120201_mimo5s_part0.csv,7,10752,28,True,True,0.0,0.0,0.0,0.0,0.0,1.0,0,0
/home/test/bupt_hjk/sdp_dataset/elderAL/action1_walk_new/user0_position5_activity1/20250813=120207_mimo5s_part0.csv,14,21504,28,True,True,0.0,0.0,0.0,0.0,0.0,1.0,0,0
/home/test/bupt_hjk/sdp_dataset/elderAL/action1_walk_new/user0_position6_activity1/20250813=120605_mimo5s_part0.csv,7,10752,28,True,True,0.0,0.0,0.0,0.0,0.0,1.0,0,0
/home/test/bupt_hjk/sdp_dataset/elderAL/action1_walk_new/user0_position6_activity1/20250813=120612_mimo5s_part0.csv,11,16896,28,True,True,0.0,0.0,0.0,0.0,0.0,0.9999999999999999,0,0
/home/test/bupt_hjk/sdp_dataset/elderAL/action1_walk_new/user0_position6_activity1/20250813=120617_mimo5s_part0.csv,7,10752,28,True,True,0.0,0.0,0.0,0.0,0.0,1.0,0,0
/home/test/bupt_hjk/sdp_dataset/elderAL/action1_walk_new/user0_position6_activity1/20250813=120623_mimo5s_part0.csv,12,18432,28,True,True,0.0,0.0,0.0,0.0,0.0,1.0,0,0
/home/test/bupt_hjk/sdp_dataset/elderAL/action1_walk_new/user0_position6_activity1/20250813=120629_mimo5s_part0.csv,4,6144,28,True,True,0.0,0.0,0.0,0.0,0.0,0.9999999999999998,0,0
/home/test/bupt_hjk/sdp_dataset/elderAL/action1_walk_new/user0_position6_activity1/20250813=120634_mimo5s_part0.csv,4,6144,28,True,True,0.0,0.0,0.0,0.0,0.0,0.9999999999999999,0,0
/home/test/bupt_hjk/sdp_dataset/elderAL/action1_walk_new/user0_position6_activity1/20250813=120640_mimo5s_part0.csv,7,10752,28,True,True,0.0,0.0,0.0,0.0,0.0,1.0,0,0
/home/test/bupt_hjk/sdp_dataset/elderAL/action1_walk_new/user0_position6_activity1/20250813=120646_mimo5s_part0.csv,11,16896,28,True,True,0.0,0.0,0.0,0.0,0.0,1.0,0,0
/home/test/bupt_hjk/sdp_dataset/elderAL/action1_walk_new/user0_position6_activity1/20250813=120652_mimo5s_part0.csv,18,27648,28,True,True,0.0,0.0,0.0,0.0,0.0,0.9999999999999999,0,0
/home/test/bupt_hjk/sdp_dataset/elderAL/action1_walk_new/user0_position6_activity1/20250813=120657_mimo5s_part0.csv,21,32256,28,True,True,0.0,0.0,0.0,0.0,0.0,1.0,0,0
/home/test/bupt_hjk/sdp_dataset/elderAL/action1_walk_new/user0_position6_activity1/20250813=120703_mimo5s_part0.csv,7,10752,28,True,True,0.0,0.0,0.0,0.0,0.0,1.0,0,0
/home/test/bupt_hjk/sdp_dataset/elderAL/action1_walk_new/user0_position6_activity1/20250813=120709_mimo5s_part0.csv,4,6144,28,True,True,0.0,0.0,0.0,0.0,0.0,1.0,0,0
/home/test/bupt_hjk/sdp_dataset/elderAL/action1_walk_new/user0_position6_activity1/20250813=120714_mimo5s_part0.csv,11,16896,28,True,True,0.0,0.0,0.0,0.0,0.0,1.0,0,0
/home/test/bupt_hjk/sdp_dataset/elderAL/action1_walk_new/user0_position6_activity1/20250813=120720_mimo5s_part0.csv,8,12288,28,True,True,0.0,0.0,0.0,0.0,0.0,1.0,0,0
/home/test/bupt_hjk/sdp_dataset/elderAL/action1_walk_new/user0_position6_activity1/20250813=120726_mimo5s_part0.csv,7,10752,28,True,True,0.0,0.0,0.0,0.0,0.0,1.0,0,0
/home/test/bupt_hjk/sdp_dataset/elderAL/action1_walk_new/user0_position7_activity1/20250813=121218_mimo5s_part0.csv,7,10752,28,True,True,0.0,0.0,0.0,0.0,0.0,1.0,0,0
/home/test/bupt_hjk/sdp_dataset/elderAL/action1_walk_new/user0_position7_activity1/20250813=121224_mimo5s_part0.csv,7,10752,28,True,True,0.0,0.0,0.0,0.0,0.0,1.0,0,0
/home/test/bupt_hjk/sdp_dataset/elderAL/action1_walk_new/user0_position7_activity1/20250813=121229_mimo5s_part0.csv,4,6144,28,True,True,0.0,0.0,0.0,0.0,0.0,1.0,0,0
/home/test/bupt_hjk/sdp_dataset/elderAL/action1_walk_new/user0_position7_activity1/20250813=121235_mimo5s_part0.csv,11,16896,28,True,True,0.0,0.0,0.0,0.0,0.0,1.0,0,0
/home/test/bupt_hjk/sdp_dataset/elderAL/action1_walk_new/user0_position7_activity1/20250813=121241_mimo5s_part0.csv,7,10752,28,True,True,0.0,0.0,0.0,0.0,0.0,1.0,0,0
/home/test/bupt_hjk/sdp_dataset/elderAL/action1_walk_new/user0_position7_activity1/20250813=121246_mimo5s_part0.csv,4,6144,28,True,True,0.0,0.0,0.0,0.0,0.0,1.0,0,0
/home/test/bupt_hjk/sdp_dataset/elderAL/action1_walk_new/user0_position7_activity1/20250813=121252_mimo5s_part0.csv,21,32256,28,True,True,0.0,0.0,0.0,0.0,0.0,1.0,0,0
/home/test/bupt_hjk/sdp_dataset/elderAL/action1_walk_new/user0_position7_activity1/20250813=121258_mimo5s_part0.csv,7,10752,28,True,True,0.0,0.0,0.0,0.0,0.0,1.0,0,0
/home/test/bupt_hjk/sdp_dataset/elderAL/action1_walk_new/user0_position7_activity1/20250813=121303_mimo5s_part0.csv,4,6144,28,True,True,0.0,0.0,0.0,0.0,0.0,1.0,0,0
/home/test/bupt_hjk/sdp_dataset/elderAL/action1_walk_new/user0_position7_activity1/20250813=121309_mimo5s_part0.csv,11,16896,28,True,True,0.0,0.0,0.0,0.0,0.0,1.0,0,0
/home/test/bupt_hjk/sdp_dataset/elderAL/action1_walk_new/user0_position7_activity1/20250813=121314_mimo5s_part0.csv,11,16896,28,True,True,0.0,0.0,0.0,0.0,0.0,0.9999999999999998,0,0
/home/test/bupt_hjk/sdp_dataset/elderAL/action1_walk_new/user0_position7_activity1/20250813=121320_mimo5s_part0.csv,4,6144,28,True,True,0.0,0.0,0.0,0.0,0.0,1.0,0,0
/home/test/bupt_hjk/sdp_dataset/elderAL/action1_walk_new/user0_position7_activity1/20250813=121325_mimo5s_part0.csv,7,10752,28,True,True,0.0,0.0,0.0,0.0,0.0,1.0,0,0
/home/test/bupt_hjk/sdp_dataset/elderAL/action1_walk_new/user0_position7_activity1/20250813=121331_mimo5s_part0.csv,4,6144,28,True,True,0.0,0.0,0.0,0.0,0.0,1.0,0,0
/home/test/bupt_hjk/sdp_dataset/elderAL/action1_walk_new/user0_position7_activity1/20250813=121337_mimo5s_part0.csv,3,4608,28,True,True,0.0,0.0,0.0,0.0,0.0,1.0,0,0
/home/test/bupt_hjk/sdp_dataset/elderAL/action1_walk_new/user0_position8_activity1/20250813=121934_mimo5s_part0.csv,4,6144,28,True,True,0.0,0.0,0.0,0.0,0.0,1.0,0,0
/home/test/bupt_hjk/sdp_dataset/elderAL/action1_walk_new/user0_position8_activity1/20250813=121940_mimo5s_part0.csv,8,12288,28,True,True,0.0,0.0,0.0,0.0,0.0,1.0,0,0
/home/test/bupt_hjk/sdp_dataset/elderAL/action1_walk_new/user0_position8_activity1/20250813=121946_mimo5s_part0.csv,7,10752,28,True,True,0.0,0.0,0.0,0.0,0.0,1.0,0,0
/home/test/bupt_hjk/sdp_dataset/elderAL/action1_walk_new/user0_position8_activity1/20250813=121952_mimo5s_part0.csv,21,32256,28,True,True,0.0,0.0,0.0,0.0,0.0,1.0,0,0
/home/test/bupt_hjk/sdp_dataset/elderAL/action1_walk_new/user0_position8_activity1/20250813=121957_mimo5s_part0.csv,4,6144,28,True,True,0.0,0.0,0.0,0.0,0.0,1.0,0,0
/home/test/bupt_hjk/sdp_dataset/elderAL/action1_walk_new/user0_position8_activity1/20250813=122003_mimo5s_part0.csv,4,6144,28,True,True,0.0,0.0,0.0,0.0,0.0,0.9999999999999998,0,0
/home/test/bupt_hjk/sdp_dataset/elderAL/action1_walk_new/user0_position8_activity1/20250813=122008_mimo5s_part0.csv,7,10752,28,True,True,0.0,0.0,0.0,0.0,0.0,1.0,0,0
/home/test/bupt_hjk/sdp_dataset/elderAL/action1_walk_new/user0_position8_activity1/20250813=122014_mimo5s_part0.csv,15,23040,28,True,True,0.0,0.0,0.0,0.0,0.0,0.9999999999999998,0,0
/home/test/bupt_hjk/sdp_dataset/elderAL/action1_walk_new/user0_position8_activity1/20250813=122019_mimo5s_part0.csv,4,6144,28,True,True,0.0,0.0,0.0,0.0,0.0,1.0,0,0
/home/test/bupt_hjk/sdp_dataset/elderAL/action1_walk_new/user0_position8_activity1/20250813=122025_mimo5s_part0.csv,7,10752,28,True,True,0.0,0.0,0.0,0.0,0.0,1.0,0,0
/home/test/bupt_hjk/sdp_dataset/elderAL/action1_walk_new/user0_position8_activity1/20250813=122031_mimo5s_part0.csv,3,4608,28,True,True,0.0,0.0,0.0,0.0,0.0,1.0,0,0
/home/test/bupt_hjk/sdp_dataset/elderAL/action1_walk_new/user0_position8_activity1/20250813=122036_mimo5s_part0.csv,4,6144,28,True,True,0.0,0.0,0.0,0.0,0.0,1.0,0,0
/home/test/bupt_hjk/sdp_dataset/elderAL/action1_walk_new/user0_position8_activity1/20250813=122042_mimo5s_part0.csv,18,27648,28,True,True,0.0,0.0,0.0,0.0,0.0,1.0,0,0
/home/test/bupt_hjk/sdp_dataset/elderAL/action1_walk_new/user0_position8_activity1/20250813=122048_mimo5s_part0.csv,22,33792,28,True,True,0.0,0.0,0.0,0.0,0.0,1.0,0,0
/home/test/bupt_hjk/sdp_dataset/elderAL/action1_walk_new/user0_position8_activity1/20250813=122053_mimo5s_part0.csv,14,21504,28,True,True,0.0,0.0,0.0,0.0,0.0,0.9999999999999998,0,0
/home/test/bupt_hjk/sdp_dataset/elderAL/action1_walk_new/user0_position9_activity1/20250813=122627_mimo5s_part0.csv,18,27648,28,True,True,0.0,0.0,0.0,0.0,0.0,1.0,0,0
/home/test/bupt_hjk/sdp_dataset/elderAL/action1_walk_new/user0_position9_activity1/20250813=122634_mimo5s_part0.csv,11,16896,28,True,True,0.0,0.0,0.0,0.0,0.0,1.0,0,0
/home/test/bupt_hjk/sdp_dataset/elderAL/action1_walk_new/user0_position9_activity1/20250813=122640_mimo5s_part0.csv,8,12288,28,True,True,0.0,0.0,0.0,0.0,0.0,1.0,0,0
/home/test/bupt_hjk/sdp_dataset/elderAL/action1_walk_new/user0_position9_activity1/20250813=122646_mimo5s_part0.csv,7,10752,28,True,True,0.0,0.0,0.0,0.0,0.0,1.0,0,0
/home/test/bupt_hjk/sdp_dataset/elderAL/action1_walk_new/user0_position9_activity1/20250813=122652_mimo5s_part0.csv,19,29184,28,True,True,0.0,0.0,0.0,0.0,0.0,0.9999999999999998,0,0
/home/test/bupt_hjk/sdp_dataset/elderAL/action1_walk_new/user0_position9_activity1/20250813=122658_mimo5s_part0.csv,4,6144,28,True,True,0.0,0.0,0.0,0.0,0.0,1.0,0,0
/home/test/bupt_hjk/sdp_dataset/elderAL/action1_walk_new/user0_position9_activity1/20250813=122704_mimo5s_part0.csv,11,16896,28,True,True,0.0,0.0,0.0,0.0,0.0,1.0,0,0
/home/test/bupt_hjk/sdp_dataset/elderAL/action1_walk_new/user0_position9_activity1/20250813=122709_mimo5s_part0.csv,11,16896,28,True,True,0.0,0.0,0.0,0.0,0.0,0.9999999999999998,0,0
/home/test/bupt_hjk/sdp_dataset/elderAL/action1_walk_new/user0_position9_activity1/20250813=122716_mimo5s_part0.csv,3,4608,28,True,True,0.0,0.0,0.0,0.0,0.0,1.0,0,0
/home/test/bupt_hjk/sdp_dataset/elderAL/action1_walk_new/user0_position9_activity1/20250813=122721_mimo5s_part0.csv,8,12288,28,True,True,0.0,0.0,0.0,0.0,0.0,1.0,0,0
/home/test/bupt_hjk/sdp_dataset/elderAL/action1_walk_new/user0_position9_activity1/20250813=122727_mimo5s_part0.csv,7,10752,28,True,True,0.0,0.0,0.0,0.0,0.0,1.0,0,0
/home/test/bupt_hjk/sdp_dataset/elderAL/action1_walk_new/user0_position9_activity1/20250813=122733_mimo5s_part0.csv,11,16896,28,True,True,0.0,0.0,0.0,0.0,0.0,1.0,0,0
/home/test/bupt_hjk/sdp_dataset/elderAL/action1_walk_new/user0_position9_activity1/20250813=122739_mimo5s_part0.csv,11,16896,28,True,True,0.0,0.0,0.0,0.0,0.0,0.9999999999999998,0,0
/home/test/bupt_hjk/sdp_dataset/elderAL/action1_walk_new/user0_position9_activity1/20250813=122745_mimo5s_part0.csv,7,10752,28,True,True,0.0,0.0,0.0,0.0,0.0,1.0,0,0
/home/test/bupt_hjk/sdp_dataset/elderAL/action1_walk_new/user0_position9_activity1/20250813=122750_mimo5s_part0.csv,21,32256,28,True,True,0.0,0.0,0.0,0.0,0.0,0.9999999999999998,0,0
/home/test/bupt_hjk/sdp_dataset/elderAL/action1_walk_new/user1_position1_activity1/20250813=145808_mimo5s_part0.csv,8,12288,28,True,True,0.0,0.0,0.0,0.0,0.0,1.0,0,0
/home/test/bupt_hjk/sdp_dataset/elderAL/action1_walk_new/user1_position1_activity1/20250813=145814_mimo5s_part0.csv,3,4608,28,True,True,0.0,0.0,0.0,0.0,0.0,1.0,0,0
/home/test/bupt_hjk/sdp_dataset/elderAL/action1_walk_new/user1_position1_activity1/20250813=145819_mimo5s_part0.csv,8,12288,28,True,True,0.0,0.0,0.0,0.0,0.0,1.0,0,0
/home/test/bupt_hjk/sdp_dataset/elderAL/action1_walk_new/user1_position1_activity1/20250813=145825_mimo5s_part0.csv,18,27648,28,True,True,0.0,0.0,0.0,0.0,0.0,0.9999999999999999,0,0
/home/test/bupt_hjk/sdp_dataset/elderAL/action1_walk_new/user1_position1_activity1/20250813=145830_mimo5s_part0.csv,7,10752,28,True,True,0.0,0.0,0.0,0.0,0.0,1.0,0,0
/home/test/bupt_hjk/sdp_dataset/elderAL/action1_walk_new/user1_position1_activity1/20250813=145836_mimo5s_part0.csv,7,10752,28,True,True,0.0,0.0,0.0,0.0,0.0,1.0,0,0
/home/test/bupt_hjk/sdp_dataset/elderAL/action1_walk_new/user1_position1_activity1/20250813=145841_mimo5s_part0.csv,3,4608,28,True,True,0.0,0.0,0.0,0.0,0.0,0.9999999999999999,0,0
/home/test/bupt_hjk/sdp_dataset/elderAL/action1_walk_new/user1_position1_activity1/20250813=145847_mimo5s_part0.csv,28,43008,28,False,False,2763.0738979260914,1010.0309519372942,1.1038908884950673,1119.9359878982218,1.078677430431358,0.24223080501258099,0,0
/home/test/bupt_hjk/sdp_dataset/elderAL/action1_walk_new/user1_position1_activity1/20250813=145853_mimo5s_part0.csv,57,87552,28,False,False,3096.581238256315,790.923669044871,0.8368304991771257,901.4286822211769,0.8534018844920297,0.2765396127637388,0,0
/home/test/bupt_hjk/sdp_dataset/elderAL/action1_walk_new/user1_position1_activity1/20250813=145858_mimo5s_part0.csv,21,32256,28,True,True,0.0,0.0,0.0,0.0,0.0,1.0,0,0
/home/test/bupt_hjk/sdp_dataset/elderAL/action1_walk_new/user1_position1_activity1/20250813=145904_mimo5s_part0.csv,15,23040,28,True,True,0.0,0.0,0.0,0.0,0.0,1.0,0,0
/home/test/bupt_hjk/sdp_dataset/elderAL/action1_walk_new/user1_position1_activity1/20250813=145910_mimo5s_part0.csv,3,4608,28,True,True,0.0,0.0,0.0,0.0,0.0,0.9999999999999999,0,0
/home/test/bupt_hjk/sdp_dataset/elderAL/action1_walk_new/user1_position1_activity1/20250813=145915_mimo5s_part0.csv,7,10752,28,True,True,0.0,0.0,0.0,0.0,0.0,1.0,0,0
/home/test/bupt_hjk/sdp_dataset/elderAL/action1_walk_new/user1_position1_activity1/20250813=145921_mimo5s_part0.csv,4,6144,28,True,True,0.0,0.0,0.0,0.0,0.0,1.0,0,0
/home/test/bupt_hjk/sdp_dataset/elderAL/action1_walk_new/user1_position1_activity1/20250813=145926_mimo5s_part0.csv,7,10752,28,True,True,0.0,0.0,0.0,0.0,0.0,1.0,0,0
/home/test/bupt_hjk/sdp_dataset/elderAL/action1_walk_new/user1_position2_activity1/20250813=150109_mimo5s_part0.csv,11,16896,28,True,True,0.0,0.0,0.0,0.0,0.0,1.0,0,0
/home/test/bupt_hjk/sdp_dataset/elderAL/action1_walk_new/user1_position2_activity1/20250813=150115_mimo5s_part0.csv,7,10752,28,True,True,0.0,0.0,0.0,0.0,0.0,1.0,0,0
/home/test/bupt_hjk/sdp_dataset/elderAL/action1_walk_new/user1_position2_activity1/20250813=150121_mimo5s_part0.csv,7,10752,28,True,True,0.0,0.0,0.0,0.0,0.0,0.9999999999999999,0,0
/home/test/bupt_hjk/sdp_dataset/elderAL/action1_walk_new/user1_position2_activity1/20250813=150126_mimo5s_part0.csv,4,6144,28,True,True,0.0,0.0,0.0,0.0,0.0,1.0,0,0
/home/test/bupt_hjk/sdp_dataset/elderAL/action1_walk_new/user1_position2_activity1/20250813=150132_mimo5s_part0.csv,12,18432,28,True,True,0.0,0.0,0.0,0.0,0.0,1.0,0,0
/home/test/bupt_hjk/sdp_dataset/elderAL/action1_walk_new/user1_position2_activity1/20250813=150137_mimo5s_part0.csv,17,26112,28,True,True,0.0,0.0,0.0,0.0,0.0,1.0,0,0
/home/test/bupt_hjk/sdp_dataset/elderAL/action1_walk_new/user1_position2_activity1/20250813=150143_mimo5s_part0.csv,8,12288,28,True,True,0.0,0.0,0.0,0.0,0.0,1.0,0,0
/home/test/bupt_hjk/sdp_dataset/elderAL/action1_walk_new/user1_position2_activity1/20250813=150148_mimo5s_part0.csv,18,27648,28,True,True,0.0,0.0,0.0,0.0,0.0,1.0,0,0
/home/test/bupt_hjk/sdp_dataset/elderAL/action1_walk_new/user1_position2_activity1/20250813=150154_mimo5s_part0.csv,8,12288,28,True,True,0.0,0.0,0.0,0.0,0.0,1.0,0,0
/home/test/bupt_hjk/sdp_dataset/elderAL/action1_walk_new/user1_position2_activity1/20250813=150159_mimo5s_part0.csv,4,6144,28,True,True,0.0,0.0,0.0,0.0,0.0,1.0,0,0
/home/test/bupt_hjk/sdp_dataset/elderAL/action1_walk_new/user1_position2_activity1/20250813=150205_mimo5s_part0.csv,11,16896,28,True,True,0.0,0.0,0.0,0.0,0.0,1.0,0,0
/home/test/bupt_hjk/sdp_dataset/elderAL/action1_walk_new/user1_position2_activity1/20250813=150210_mimo5s_part0.csv,30,46080,28,False,False,2303.9023428595356,706.279495995353,0.7959095681175204,798.0921676120994,0.8003310490853006,0.531585746838143,0,0
/home/test/bupt_hjk/sdp_dataset/elderAL/action1_walk_new/user1_position2_activity1/20250813=150216_mimo5s_part0.csv,7,10752,28,True,True,0.0,0.0,0.0,0.0,0.0,1.0,0,0
/home/test/bupt_hjk/sdp_dataset/elderAL/action1_walk_new/user1_position2_activity1/20250813=150222_mimo5s_part0.csv,11,16896,28,True,True,0.0,0.0,0.0,0.0,0.0,1.0,0,0
/home/test/bupt_hjk/sdp_dataset/elderAL/action1_walk_new/user1_position2_activity1/20250813=150227_mimo5s_part0.csv,8,12288,28,True,True,0.0,0.0,0.0,0.0,0.0,1.0,0,0
/home/test/bupt_hjk/sdp_dataset/elderAL/action1_walk_new/user1_position3_activity1/20250813=150312_mimo5s_part0.csv,26,39936,28,True,True,0.0,0.0,0.0,0.0,0.0,1.0,0,0
/home/test/bupt_hjk/sdp_dataset/elderAL/action1_walk_new/user1_position3_activity1/20250813=150317_mimo5s_part0.csv,4,6144,28,True,True,0.0,0.0,0.0,0.0,0.0,0.9999999999999998,0,0
/home/test/bupt_hjk/sdp_dataset/elderAL/action1_walk_new/user1_position3_activity1/20250813=150323_mimo5s_part0.csv,14,21504,28,True,True,0.0,0.0,0.0,0.0,0.0,1.0,0,0
/home/test/bupt_hjk/sdp_dataset/elderAL/action1_walk_new/user1_position3_activity1/20250813=150329_mimo5s_part0.csv,7,10752,28,True,True,0.0,0.0,0.0,0.0,0.0,1.0,0,0
/home/test/bupt_hjk/sdp_dataset/elderAL/action1_walk_new/user1_position3_activity1/20250813=150334_mimo5s_part0.csv,11,16896,28,True,True,0.0,0.0,0.0,0.0,0.0,1.0,0,0
/home/test/bupt_hjk/sdp_dataset/elderAL/action1_walk_new/user1_position3_activity1/20250813=150340_mimo5s_part0.csv,11,16896,28,True,True,0.0,0.0,0.0,0.0,0.0,1.0,0,0
/home/test/bupt_hjk/sdp_dataset/elderAL/action1_walk_new/user1_position3_activity1/20250813=150345_mimo5s_part0.csv,15,23040,28,True,True,0.0,0.0,0.0,0.0,0.0,1.0,0,0
/home/test/bupt_hjk/sdp_dataset/elderAL/action1_walk_new/user1_position3_activity1/20250813=150351_mimo5s_part0.csv,40,61440,28,False,False,2567.7015109641866,1044.335446582581,1.127172034900594,1181.6175614620006,1.1559728513465035,-0.4722632697035123,0,0
/home/test/bupt_hjk/sdp_dataset/elderAL/action1_walk_new/user1_position3_activity1/20250813=150357_mimo5s_part0.csv,22,33792,28,True,True,0.0,0.0,0.0,0.0,0.0,0.9999999999999999,0,0
/home/test/bupt_hjk/sdp_dataset/elderAL/action1_walk_new/user1_position3_activity1/20250813=150402_mimo5s_part0.csv,17,26112,28,True,True,0.0,0.0,0.0,0.0,0.0,1.0,0,0
/home/test/bupt_hjk/sdp_dataset/elderAL/action1_walk_new/user1_position3_activity1/20250813=150408_mimo5s_part0.csv,11,16896,28,True,True,0.0,0.0,0.0,0.0,0.0,1.0,0,0
/home/test/bupt_hjk/sdp_dataset/elderAL/action1_walk_new/user1_position3_activity1/20250813=150413_mimo5s_part0.csv,21,32256,28,True,True,0.0,0.0,0.0,0.0,0.0,0.9999999999999999,0,0
/home/test/bupt_hjk/sdp_dataset/elderAL/action1_walk_new/user1_position3_activity1/20250813=150419_mimo5s_part0.csv,14,21504,28,True,True,0.0,0.0,0.0,0.0,0.0,1.0,0,0
/home/test/bupt_hjk/sdp_dataset/elderAL/action1_walk_new/user1_position3_activity1/20250813=150424_mimo5s_part0.csv,7,10752,28,True,True,0.0,0.0,0.0,0.0,0.0,1.0,0,0
/home/test/bupt_hjk/sdp_dataset/elderAL/action1_walk_new/user1_position3_activity1/20250813=150430_mimo5s_part0.csv,7,10752,28,True,True,0.0,0.0,0.0,0.0,0.0,1.0,0,0
/home/test/bupt_hjk/sdp_dataset/elderAL/action1_walk_new/user1_position4_activity1/20250813=115437_mimo5s_part0.csv,4,6144,28,True,True,0.0,0.0,0.0,0.0,0.0,0.9999999999999999,0,0
/home/test/bupt_hjk/sdp_dataset/elderAL/action1_walk_new/user1_position4_activity1/20250813=115443_mimo5s_part0.csv,3,4608,28,True,True,0.0,0.0,0.0,0.0,0.0,1.0,0,0
/home/test/bupt_hjk/sdp_dataset/elderAL/action1_walk_new/user1_position4_activity1/20250813=115448_mimo5s_part0.csv,18,27648,28,True,True,0.0,0.0,0.0,0.0,0.0,0.9999999999999998,0,0
/home/test/bupt_hjk/sdp_dataset/elderAL/action1_walk_new/user1_position4_activity1/20250813=115543_mimo5s_part0.csv,7,10752,28,True,True,0.0,0.0,0.0,0.0,0.0,1.0,0,0
/home/test/bupt_hjk/sdp_dataset/elderAL/action1_walk_new/user1_position4_activity1/20250813=115550_mimo5s_part0.csv,18,27648,28,True,True,0.0,0.0,0.0,0.0,0.0,1.0,0,0
/home/test/bupt_hjk/sdp_dataset/elderAL/action1_walk_new/user1_position4_activity1/20250813=115556_mimo5s_part0.csv,35,53760,28,False,False,3046.4370836918115,636.7988555319253,0.7695345575714181,756.4314299652445,0.7975375846295845,0.5660680356820719,0,0
/home/test/bupt_hjk/sdp_dataset/elderAL/action1_walk_new/user1_position4_activity1/20250813=115601_mimo5s_part0.csv,4,6144,28,True,True,0.0,0.0,0.0,0.0,0.0,1.0,0,0
/home/test/bupt_hjk/sdp_dataset/elderAL/action1_walk_new/user1_position4_activity1/20250813=115607_mimo5s_part0.csv,11,16896,28,True,True,0.0,0.0,0.0,0.0,0.0,0.9999999999999999,0,0
/home/test/bupt_hjk/sdp_dataset/elderAL/action1_walk_new/user1_position4_activity1/20250813=115613_mimo5s_part0.csv,7,10752,28,True,True,0.0,0.0,0.0,0.0,0.0,0.9999999999999999,0,0
/home/test/bupt_hjk/sdp_dataset/elderAL/action1_walk_new/user1_position4_activity1/20250813=115619_mimo5s_part0.csv,15,23040,28,True,True,0.0,0.0,0.0,0.0,0.0,0.9999999999999999,0,0
/home/test/bupt_hjk/sdp_dataset/elderAL/action1_walk_new/user1_position4_activity1/20250813=115624_mimo5s_part0.csv,7,10752,28,True,True,0.0,0.0,0.0,0.0,0.0,1.0,0,0
/home/test/bupt_hjk/sdp_dataset/elderAL/action1_walk_new/user1_position4_activity1/20250813=115630_mimo5s_part0.csv,4,6144,28,True,True,0.0,0.0,0.0,0.0,0.0,1.0,0,0
/home/test/bupt_hjk/sdp_dataset/elderAL/action1_walk_new/user1_position4_activity1/20250813=115635_mimo5s_part0.csv,7,10752,28,True,True,0.0,0.0,0.0,0.0,0.0,1.0,0,0
/home/test/bupt_hjk/sdp_dataset/elderAL/action1_walk_new/user1_position4_activity1/20250813=115647_mimo5s_part0.csv,7,10752,28,True,True,0.0,0.0,0.0,0.0,0.0,1.0,0,0
/home/test/bupt_hjk/sdp_dataset/elderAL/action1_walk_new/user1_position5_activity1/20250813=120359_mimo5s_part0.csv,15,23040,28,True,True,0.0,0.0,0.0,0.0,0.0,1.0,0,0
/home/test/bupt_hjk/sdp_dataset/elderAL/action1_walk_new/user1_position5_activity1/20250813=120406_mimo5s_part0.csv,8,12288,28,True,True,0.0,0.0,0.0,0.0,0.0,1.0,0,0
/home/test/bupt_hjk/sdp_dataset/elderAL/action1_walk_new/user1_position5_activity1/20250813=120411_mimo5s_part0.csv,10,15360,28,True,True,0.0,0.0,0.0,0.0,0.0,1.0,0,0
/home/test/bupt_hjk/sdp_dataset/elderAL/action1_walk_new/user1_position5_activity1/20250813=120417_mimo5s_part0.csv,4,6144,28,True,True,0.0,0.0,0.0,0.0,0.0,0.9999999999999999,0,0
/home/test/bupt_hjk/sdp_dataset/elderAL/action1_walk_new/user1_position5_activity1/20250813=120422_mimo5s_part0.csv,12,18432,28,True,True,0.0,0.0,0.0,0.0,0.0,1.0,0,0
/home/test/bupt_hjk/sdp_dataset/elderAL/action1_walk_new/user1_position5_activity1/20250813=120428_mimo5s_part0.csv,11,16896,28,True,True,0.0,0.0,0.0,0.0,0.0,1.0,0,0
/home/test/bupt_hjk/sdp_dataset/elderAL/action1_walk_new/user1_position5_activity1/20250813=120434_mimo5s_part0.csv,7,10752,28,True,True,0.0,0.0,0.0,0.0,0.0,1.0,0,0
/home/test/bupt_hjk/sdp_dataset/elderAL/action1_walk_new/user1_position5_activity1/20250813=120439_mimo5s_part0.csv,4,6144,28,True,True,0.0,0.0,0.0,0.0,0.0,0.9999999999999999,0,0
/home/test/bupt_hjk/sdp_dataset/elderAL/action1_walk_new/user1_position5_activity1/20250813=120445_mimo5s_part0.csv,11,16896,28,True,True,0.0,0.0,0.0,0.0,0.0,1.0,0,0
/home/test/bupt_hjk/sdp_dataset/elderAL/action1_walk_new/user1_position5_activity1/20250813=120450_mimo5s_part0.csv,17,26112,28,True,True,0.0,0.0,0.0,0.0,0.0,1.0,0,0
/home/test/bupt_hjk/sdp_dataset/elderAL/action1_walk_new/user1_position5_activity1/20250813=120456_mimo5s_part0.csv,8,12288,28,True,True,0.0,0.0,0.0,0.0,0.0,1.0,0,0
/home/test/bupt_hjk/sdp_dataset/elderAL/action1_walk_new/user1_position5_activity1/20250813=120502_mimo5s_part0.csv,7,10752,28,True,True,0.0,0.0,0.0,0.0,0.0,1.0,0,0
/home/test/bupt_hjk/sdp_dataset/elderAL/action1_walk_new/user1_position5_activity1/20250813=120507_mimo5s_part0.csv,7,10752,28,True,True,0.0,0.0,0.0,0.0,0.0,1.0,0,0
/home/test/bupt_hjk/sdp_dataset/elderAL/action1_walk_new/user1_position5_activity1/20250813=120513_mimo5s_part0.csv,7,10752,28,True,True,0.0,0.0,0.0,0.0,0.0,0.9999999999999999,0,0
/home/test/bupt_hjk/sdp_dataset/elderAL/action1_walk_new/user1_position5_activity1/20250813=120518_mimo5s_part0.csv,4,6144,28,True,True,0.0,0.0,0.0,0.0,0.0,1.0,0,0
/home/test/bupt_hjk/sdp_dataset/elderAL/action1_walk_new/user1_position6_activity1/20250813=150535_mimo5s_part0.csv,7,10752,28,True,True,0.0,0.0,0.0,0.0,0.0,1.0,0,0
/home/test/bupt_hjk/sdp_dataset/elderAL/action1_walk_new/user1_position6_activity1/20250813=150541_mimo5s_part0.csv,4,6144,28,True,True,0.0,0.0,0.0,0.0,0.0,1.0,0,0
/home/test/bupt_hjk/sdp_dataset/elderAL/action1_walk_new/user1_position6_activity1/20250813=150547_mimo5s_part0.csv,7,10752,28,True,True,0.0,0.0,0.0,0.0,0.0,1.0,0,0
/home/test/bupt_hjk/sdp_dataset/elderAL/action1_walk_new/user1_position6_activity1/20250813=150552_mimo5s_part0.csv,19,29184,28,True,True,0.0,0.0,0.0,0.0,0.0,1.0,0,0
/home/test/bupt_hjk/sdp_dataset/elderAL/action1_walk_new/user1_position6_activity1/20250813=150558_mimo5s_part0.csv,12,18432,28,True,True,0.0,0.0,0.0,0.0,0.0,1.0,0,0
/home/test/bupt_hjk/sdp_dataset/elderAL/action1_walk_new/user1_position6_activity1/20250813=150603_mimo5s_part0.csv,8,12288,28,True,True,0.0,0.0,0.0,0.0,0.0,1.0,0,0
/home/test/bupt_hjk/sdp_dataset/elderAL/action1_walk_new/user1_position6_activity1/20250813=150609_mimo5s_part0.csv,7,10752,28,True,True,0.0,0.0,0.0,0.0,0.0,0.9999999999999999,0,0
/home/test/bupt_hjk/sdp_dataset/elderAL/action1_walk_new/user1_position6_activity1/20250813=150614_mimo5s_part0.csv,7,10752,28,True,True,0.0,0.0,0.0,0.0,0.0,1.0,0,0
/home/test/bupt_hjk/sdp_dataset/elderAL/action1_walk_new/user1_position6_activity1/20250813=150620_mimo5s_part0.csv,7,10752,28,True,True,0.0,0.0,0.0,0.0,0.0,1.0,0,0
/home/test/bupt_hjk/sdp_dataset/elderAL/action1_walk_new/user1_position6_activity1/20250813=150626_mimo5s_part0.csv,11,16896,28,True,True,0.0,0.0,0.0,0.0,0.0,1.0,0,0
/home/test/bupt_hjk/sdp_dataset/elderAL/action1_walk_new/user1_position6_activity1/20250813=150631_mimo5s_part0.csv,11,16896,28,True,True,0.0,0.0,0.0,0.0,0.0,0.9999999999999999,0,0
/home/test/bupt_hjk/sdp_dataset/elderAL/action1_walk_new/user1_position6_activity1/20250813=150637_mimo5s_part0.csv,4,6144,28,True,True,0.0,0.0,0.0,0.0,0.0,1.0,0,0
/home/test/bupt_hjk/sdp_dataset/elderAL/action1_walk_new/user1_position6_activity1/20250813=150642_mimo5s_part0.csv,8,12288,28,True,True,0.0,0.0,0.0,0.0,0.0,1.0,0,0
/home/test/bupt_hjk/sdp_dataset/elderAL/action1_walk_new/user1_position6_activity1/20250813=150649_mimo5s_part0.csv,12,18432,28,True,True,0.0,0.0,0.0,0.0,0.0,1.0,0,0
/home/test/bupt_hjk/sdp_dataset/elderAL/action1_walk_new/user1_position6_activity1/20250813=150654_mimo5s_part0.csv,11,16896,28,True,True,0.0,0.0,0.0,0.0,0.0,1.0,0,0
/home/test/bupt_hjk/sdp_dataset/elderAL/action1_walk_new/user1_position7_activity1/20250813=121424_mimo5s_part0.csv,12,18432,28,True,True,0.0,0.0,0.0,0.0,0.0,0.9999999999999998,0,0
/home/test/bupt_hjk/sdp_dataset/elderAL/action1_walk_new/user1_position7_activity1/20250813=121429_mimo5s_part0.csv,5,7680,28,True,True,0.0,0.0,0.0,0.0,0.0,0.9999999999999998,0,0
/home/test/bupt_hjk/sdp_dataset/elderAL/action1_walk_new/user1_position7_activity1/20250813=121435_mimo5s_part0.csv,3,4608,28,True,True,0.0,0.0,0.0,0.0,0.0,1.0,0,0
/home/test/bupt_hjk/sdp_dataset/elderAL/action1_walk_new/user1_position7_activity1/20250813=121441_mimo5s_part0.csv,8,12288,28,True,True,0.0,0.0,0.0,0.0,0.0,1.0,0,0
/home/test/bupt_hjk/sdp_dataset/elderAL/action1_walk_new/user1_position7_activity1/20250813=121447_mimo5s_part0.csv,3,4608,28,True,True,0.0,0.0,0.0,0.0,0.0,1.0,0,0
/home/test/bupt_hjk/sdp_dataset/elderAL/action1_walk_new/user1_position7_activity1/20250813=121453_mimo5s_part0.csv,14,21504,28,True,True,0.0,0.0,0.0,0.0,0.0,1.0,0,0
/home/test/bupt_hjk/sdp_dataset/elderAL/action1_walk_new/user1_position7_activity1/20250813=121458_mimo5s_part0.csv,8,12288,28,True,True,0.0,0.0,0.0,0.0,0.0,1.0,0,0
/home/test/bupt_hjk/sdp_dataset/elderAL/action1_walk_new/user1_position7_activity1/20250813=121504_mimo5s_part0.csv,3,4608,28,True,True,0.0,0.0,0.0,0.0,0.0,1.0,0,0
/home/test/bupt_hjk/sdp_dataset/elderAL/action1_walk_new/user1_position7_activity1/20250813=121509_mimo5s_part0.csv,10,15360,28,True,True,0.0,0.0,0.0,0.0,0.0,1.0,0,0
/home/test/bupt_hjk/sdp_dataset/elderAL/action1_walk_new/user1_position7_activity1/20250813=121515_mimo5s_part0.csv,11,16896,28,True,True,0.0,0.0,0.0,0.0,0.0,1.0,0,0
/home/test/bupt_hjk/sdp_dataset/elderAL/action1_walk_new/user1_position7_activity1/20250813=121521_mimo5s_part0.csv,15,23040,28,True,True,0.0,0.0,0.0,0.0,0.0,1.0,0,0
/home/test/bupt_hjk/sdp_dataset/elderAL/action1_walk_new/user1_position7_activity1/20250813=121526_mimo5s_part0.csv,7,10752,28,True,True,0.0,0.0,0.0,0.0,0.0,0.9999999999999999,0,0
/home/test/bupt_hjk/sdp_dataset/elderAL/action1_walk_new/user1_position7_activity1/20250813=121532_mimo5s_part0.csv,7,10752,28,True,True,0.0,0.0,0.0,0.0,0.0,1.0,0,0
/home/test/bupt_hjk/sdp_dataset/elderAL/action1_walk_new/user1_position7_activity1/20250813=121538_mimo5s_part0.csv,4,6144,28,True,True,0.0,0.0,0.0,0.0,0.0,1.0,0,0
/home/test/bupt_hjk/sdp_dataset/elderAL/action1_walk_new/user1_position7_activity1/20250813=121543_mimo5s_part0.csv,7,10752,28,True,True,0.0,0.0,0.0,0.0,0.0,0.9999999999999998,0,0
/home/test/bupt_hjk/sdp_dataset/elderAL/action1_walk_new/user1_position8_activity1/20250813=122143_mimo5s_part0.csv,17,26112,28,True,True,0.0,0.0,0.0,0.0,0.0,1.0,0,0
/home/test/bupt_hjk/sdp_dataset/elderAL/action1_walk_new/user1_position8_activity1/20250813=122149_mimo5s_part0.csv,17,26112,28,True,True,0.0,0.0,0.0,0.0,0.0,1.0,0,0
/home/test/bupt_hjk/sdp_dataset/elderAL/action1_walk_new/user1_position8_activity1/20250813=122155_mimo5s_part0.csv,11,16896,28,True,True,0.0,0.0,0.0,0.0,0.0,1.0,0,0
/home/test/bupt_hjk/sdp_dataset/elderAL/action1_walk_new/user1_position8_activity1/20250813=122201_mimo5s_part0.csv,12,18432,28,True,True,0.0,0.0,0.0,0.0,0.0,1.0,0,0
/home/test/bupt_hjk/sdp_dataset/elderAL/action1_walk_new/user1_position8_activity1/20250813=122207_mimo5s_part0.csv,7,10752,28,True,True,0.0,0.0,0.0,0.0,0.0,0.9999999999999998,0,0
/home/test/bupt_hjk/sdp_dataset/elderAL/action1_walk_new/user1_position8_activity1/20250813=122213_mimo5s_part0.csv,7,10752,28,True,True,0.0,0.0,0.0,0.0,0.0,0.9999999999999998,0,0
/home/test/bupt_hjk/sdp_dataset/elderAL/action1_walk_new/user1_position8_activity1/20250813=122218_mimo5s_part0.csv,4,6144,28,True,True,0.0,0.0,0.0,0.0,0.0,0.9999999999999998,0,0
/home/test/bupt_hjk/sdp_dataset/elderAL/action1_walk_new/user1_position8_activity1/20250813=122225_mimo5s_part0.csv,11,16896,28,True,True,0.0,0.0,0.0,0.0,0.0,1.0,0,0
/home/test/bupt_hjk/sdp_dataset/elderAL/action1_walk_new/user1_position8_activity1/20250813=122230_mimo5s_part0.csv,8,12288,28,True,True,0.0,0.0,0.0,0.0,0.0,0.9999999999999998,0,0
/home/test/bupt_hjk/sdp_dataset/elderAL/action1_walk_new/user1_position8_activity1/20250813=122236_mimo5s_part0.csv,12,18432,28,True,True,0.0,0.0,0.0,0.0,0.0,1.0,0,0
/home/test/bupt_hjk/sdp_dataset/elderAL/action1_walk_new/user1_position8_activity1/20250813=122241_mimo5s_part0.csv,3,4608,28,True,True,0.0,0.0,0.0,0.0,0.0,1.0,0,0
/home/test/bupt_hjk/sdp_dataset/elderAL/action1_walk_new/user1_position8_activity1/20250813=122247_mimo5s_part0.csv,8,12288,28,True,True,0.0,0.0,0.0,0.0,0.0,1.0,0,0
/home/test/bupt_hjk/sdp_dataset/elderAL/action1_walk_new/user1_position8_activity1/20250813=122252_mimo5s_part0.csv,14,21504,28,True,True,0.0,0.0,0.0,0.0,0.0,1.0,0,0
/home/test/bupt_hjk/sdp_dataset/elderAL/action1_walk_new/user1_position8_activity1/20250813=122258_mimo5s_part0.csv,11,16896,28,True,True,0.0,0.0,0.0,0.0,0.0,1.0,0,0
/home/test/bupt_hjk/sdp_dataset/elderAL/action1_walk_new/user1_position8_activity1/20250813=122304_mimo5s_part0.csv,8,12288,28,True,True,0.0,0.0,0.0,0.0,0.0,1.0,0,0
/home/test/bupt_hjk/sdp_dataset/elderAL/action1_walk_new/user1_position9_activity1/20250813=122845_mimo5s_part0.csv,19,29184,28,True,True,0.0,0.0,0.0,0.0,0.0,0.9999999999999998,0,0
/home/test/bupt_hjk/sdp_dataset/elderAL/action1_walk_new/user1_position9_activity1/20250813=122851_mimo5s_part0.csv,43,66048,28,False,False,4016.8121908642656,806.810306436446,0.8615611776901105,894.0894437699463,0.8350283075227284,0.6311673687168622,0,0
/home/test/bupt_hjk/sdp_dataset/elderAL/action1_walk_new/user1_position9_activity1/20250813=122857_mimo5s_part0.csv,24,36864,28,True,True,0.0,0.0,0.0,0.0,0.0,0.9999999999999998,0,0
/home/test/bupt_hjk/sdp_dataset/elderAL/action1_walk_new/user1_position9_activity1/20250813=122903_mimo5s_part0.csv,7,10752,28,True,True,0.0,0.0,0.0,0.0,0.0,1.0,0,0
/home/test/bupt_hjk/sdp_dataset/elderAL/action1_walk_new/user1_position9_activity1/20250813=122909_mimo5s_part0.csv,11,16896,28,True,True,0.0,0.0,0.0,0.0,0.0,1.0,0,0
/home/test/bupt_hjk/sdp_dataset/elderAL/action1_walk_new/user1_position9_activity1/20250813=122915_mimo5s_part0.csv,12,18432,28,True,True,0.0,0.0,0.0,0.0,0.0,1.0,0,0
/home/test/bupt_hjk/sdp_dataset/elderAL/action1_walk_new/user1_position9_activity1/20250813=122920_mimo5s_part0.csv,6,9216,28,True,True,0.0,0.0,0.0,0.0,0.0,1.0,0,0
/home/test/bupt_hjk/sdp_dataset/elderAL/action1_walk_new/user1_position9_activity1/20250813=122926_mimo5s_part0.csv,15,23040,28,True,True,0.0,0.0,0.0,0.0,0.0,1.0,0,0
/home/test/bupt_hjk/sdp_dataset/elderAL/action1_walk_new/user1_position9_activity1/20250813=122932_mimo5s_part0.csv,7,10752,28,True,True,0.0,0.0,0.0,0.0,0.0,1.0,0,0
/home/test/bupt_hjk/sdp_dataset/elderAL/action1_walk_new/user1_position9_activity1/20250813=122937_mimo5s_part0.csv,4,6144,28,True,True,0.0,0.0,0.0,0.0,0.0,0.9999999999999998,0,0
/home/test/bupt_hjk/sdp_dataset/elderAL/action1_walk_new/user1_position9_activity1/20250813=122943_mimo5s_part0.csv,7,10752,28,True,True,0.0,0.0,0.0,0.0,0.0,1.0,0,0
/home/test/bupt_hjk/sdp_dataset/elderAL/action1_walk_new/user1_position9_activity1/20250813=122949_mimo5s_part0.csv,14,21504,28,True,True,0.0,0.0,0.0,0.0,0.0,1.0,0,0
/home/test/bupt_hjk/sdp_dataset/elderAL/action1_walk_new/user1_position9_activity1/20250813=122958_mimo5s_part0.csv,7,10752,28,True,True,0.0,0.0,0.0,0.0,0.0,1.0,0,0
/home/test/bupt_hjk/sdp_dataset/elderAL/action1_walk_new/user1_position9_activity1/20250813=123004_mimo5s_part0.csv,8,12288,28,True,True,0.0,0.0,0.0,0.0,0.0,1.0,0,0
/home/test/bupt_hjk/sdp_dataset/elderAL/action1_walk_new/user2_position1_activity1/20250813=150931_mimo5s_part0.csv,4,6144,28,True,True,0.0,0.0,0.0,0.0,0.0,1.0,0,0
/home/test/bupt_hjk/sdp_dataset/elderAL/action1_walk_new/user2_position1_activity1/20250813=150937_mimo5s_part0.csv,18,27648,28,True,True,0.0,0.0,0.0,0.0,0.0,1.0,0,0
/home/test/bupt_hjk/sdp_dataset/elderAL/action1_walk_new/user2_position1_activity1/20250813=150943_mimo5s_part0.csv,7,10752,28,True,True,0.0,0.0,0.0,0.0,0.0,0.9999999999999999,0,0
/home/test/bupt_hjk/sdp_dataset/elderAL/action1_walk_new/user2_position1_activity1/20250813=150949_mimo5s_part0.csv,21,32256,28,True,True,0.0,0.0,0.0,0.0,0.0,1.0,0,0
/home/test/bupt_hjk/sdp_dataset/elderAL/action1_walk_new/user2_position1_activity1/20250813=150955_mimo5s_part0.csv,3,4608,28,True,True,0.0,0.0,0.0,0.0,0.0,1.0,0,0
/home/test/bupt_hjk/sdp_dataset/elderAL/action1_walk_new/user2_position1_activity1/20250813=151001_mimo5s_part0.csv,4,6144,28,True,True,0.0,0.0,0.0,0.0,0.0,1.0,0,0
/home/test/bupt_hjk/sdp_dataset/elderAL/action1_walk_new/user2_position1_activity1/20250813=151007_mimo5s_part0.csv,12,18432,28,True,True,0.0,0.0,0.0,0.0,0.0,1.0,0,0
/home/test/bupt_hjk/sdp_dataset/elderAL/action1_walk_new/user2_position1_activity1/20250813=151013_mimo5s_part0.csv,11,16896,28,True,True,0.0,0.0,0.0,0.0,0.0,1.0,0,0
/home/test/bupt_hjk/sdp_dataset/elderAL/action1_walk_new/user2_position1_activity1/20250813=151018_mimo5s_part0.csv,25,38400,28,True,True,0.0,0.0,0.0,0.0,0.0,1.0,0,0
/home/test/bupt_hjk/sdp_dataset/elderAL/action1_walk_new/user2_position1_activity1/20250813=151024_mimo5s_part0.csv,7,10752,28,True,True,0.0,0.0,0.0,0.0,0.0,1.0,0,0
/home/test/bupt_hjk/sdp_dataset/elderAL/action1_walk_new/user2_position1_activity1/20250813=151030_mimo5s_part0.csv,21,32256,28,True,True,0.0,0.0,0.0,0.0,0.0,0.9999999999999999,0,0
/home/test/bupt_hjk/sdp_dataset/elderAL/action1_walk_new/user2_position1_activity1/20250813=151036_mimo5s_part0.csv,24,36864,28,True,True,0.0,0.0,0.0,0.0,0.0,0.9999999999999999,0,0
/home/test/bupt_hjk/sdp_dataset/elderAL/action1_walk_new/user2_position1_activity1/20250813=151041_mimo5s_part0.csv,14,21504,28,True,True,0.0,0.0,0.0,0.0,0.0,0.9999999999999999,0,0
/home/test/bupt_hjk/sdp_dataset/elderAL/action1_walk_new/user2_position1_activity1/20250813=151047_mimo5s_part0.csv,7,10752,28,True,True,0.0,0.0,0.0,0.0,0.0,1.0,0,0
/home/test/bupt_hjk/sdp_dataset/elderAL/action1_walk_new/user2_position1_activity1/20250813=151053_mimo5s_part0.csv,37,56832,28,False,False,2568.731012324413,823.8331017245243,0.8853496154655014,944.8241916895607,0.9115187400163696,0.13626998421753633,0,0
/home/test/bupt_hjk/sdp_dataset/elderAL/action1_walk_new/user2_position2_activity1/20250813=151153_mimo5s_part0.csv,18,27648,28,True,True,0.0,0.0,0.0,0.0,0.0,1.0,0,0
/home/test/bupt_hjk/sdp_dataset/elderAL/action1_walk_new/user2_position2_activity1/20250813=151159_mimo5s_part0.csv,11,16896,28,True,True,0.0,0.0,0.0,0.0,0.0,1.0,0,0
/home/test/bupt_hjk/sdp_dataset/elderAL/action1_walk_new/user2_position2_activity1/20250813=151205_mimo5s_part0.csv,7,10752,28,True,True,0.0,0.0,0.0,0.0,0.0,1.0,0,0
/home/test/bupt_hjk/sdp_dataset/elderAL/action1_walk_new/user2_position2_activity1/20250813=151211_mimo5s_part0.csv,14,21504,28,True,True,0.0,0.0,0.0,0.0,0.0,0.9999999999999999,0,0
/home/test/bupt_hjk/sdp_dataset/elderAL/action1_walk_new/user2_position2_activity1/20250813=151216_mimo5s_part0.csv,31,47616,28,False,False,2703.6085925093025,652.3556197828735,0.7315571934447488,781.2956743242609,0.7753990609180345,0.4932104699756783,0,0
/home/test/bupt_hjk/sdp_dataset/elderAL/action1_walk_new/user2_position2_activity1/20250813=151222_mimo5s_part0.csv,11,16896,28,True,True,0.0,0.0,0.0,0.0,0.0,1.0,0,0
/home/test/bupt_hjk/sdp_dataset/elderAL/action1_walk_new/user2_position2_activity1/20250813=151228_mimo5s_part0.csv,7,10752,28,True,True,0.0,0.0,0.0,0.0,0.0,1.0,0,0
/home/test/bupt_hjk/sdp_dataset/elderAL/action1_walk_new/user2_position2_activity1/20250813=151234_mimo5s_part0.csv,21,32256,28,True,True,0.0,0.0,0.0,0.0,0.0,0.9999999999999999,0,0
/home/test/bupt_hjk/sdp_dataset/elderAL/action1_walk_new/user2_position2_activity1/20250813=151240_mimo5s_part0.csv,7,10752,28,True,True,0.0,0.0,0.0,0.0,0.0,0.9999999999999999,0,0
/home/test/bupt_hjk/sdp_dataset/elderAL/action1_walk_new/user2_position2_activity1/20250813=151245_mimo5s_part0.csv,7,10752,28,True,True,0.0,0.0,0.0,0.0,0.0,0.9999999999999999,0,0
/home/test/bupt_hjk/sdp_dataset/elderAL/action1_walk_new/user2_position2_activity1/20250813=151251_mimo5s_part0.csv,27,41472,28,True,True,0.0,0.0,0.0,0.0,0.0,1.0,0,0
/home/test/bupt_hjk/sdp_dataset/elderAL/action1_walk_new/user2_position2_activity1/20250813=151257_mimo5s_part0.csv,10,15360,28,True,True,0.0,0.0,0.0,0.0,0.0,1.0,0,0
/home/test/bupt_hjk/sdp_dataset/elderAL/action1_walk_new/user2_position2_activity1/20250813=151303_mimo5s_part0.csv,4,6144,28,True,True,0.0,0.0,0.0,0.0,0.0,0.9999999999999999,0,0
/home/test/bupt_hjk/sdp_dataset/elderAL/action1_walk_new/user2_position2_activity1/20250813=151309_mimo5s_part0.csv,10,15360,28,True,True,0.0,0.0,0.0,0.0,0.0,1.0,0,0
/home/test/bupt_hjk/sdp_dataset/elderAL/action1_walk_new/user2_position2_activity1/20250813=151314_mimo5s_part0.csv,7,10752,28,True,True,0.0,0.0,0.0,0.0,0.0,1.0,0,0
/home/test/bupt_hjk/sdp_dataset/elderAL/action1_walk_new/user2_position3_activity1/20250813=151353_mimo5s_part0.csv,43,66048,28,False,False,2905.302135035587,683.5032583507623,0.7411258828327882,771.0813868976875,0.7413852566143082,0.5214181050236717,0,0
/home/test/bupt_hjk/sdp_dataset/elderAL/action1_walk_new/user2_position3_activity1/20250813=151359_mimo5s_part0.csv,25,38400,28,True,True,0.0,0.0,0.0,0.0,0.0,1.0,0,0
/home/test/bupt_hjk/sdp_dataset/elderAL/action1_walk_new/user2_position3_activity1/20250813=151404_mimo5s_part0.csv,11,16896,28,True,True,0.0,0.0,0.0,0.0,0.0,1.0,0,0
/home/test/bupt_hjk/sdp_dataset/elderAL/action1_walk_new/user2_position3_activity1/20250813=151410_mimo5s_part0.csv,11,16896,28,True,True,0.0,0.0,0.0,0.0,0.0,1.0,0,0
/home/test/bupt_hjk/sdp_dataset/elderAL/action1_walk_new/user2_position3_activity1/20250813=151416_mimo5s_part0.csv,7,10752,28,True,True,0.0,0.0,0.0,0.0,0.0,1.0,0,0
/home/test/bupt_hjk/sdp_dataset/elderAL/action1_walk_new/user2_position3_activity1/20250813=151422_mimo5s_part0.csv,7,10752,28,True,True,0.0,0.0,0.0,0.0,0.0,0.9999999999999999,0,0
/home/test/bupt_hjk/sdp_dataset/elderAL/action1_walk_new/user2_position3_activity1/20250813=151428_mimo5s_part0.csv,7,10752,28,True,True,0.0,0.0,0.0,0.0,0.0,1.0,0,0
/home/test/bupt_hjk/sdp_dataset/elderAL/action1_walk_new/user2_position3_activity1/20250813=151434_mimo5s_part0.csv,7,10752,28,True,True,0.0,0.0,0.0,0.0,0.0,1.0,0,0
/home/test/bupt_hjk/sdp_dataset/elderAL/action1_walk_new/user2_position3_activity1/20250813=151440_mimo5s_part0.csv,11,16896,28,True,True,0.0,0.0,0.0,0.0,0.0,1.0,0,0
/home/test/bupt_hjk/sdp_dataset/elderAL/action1_walk_new/user2_position3_activity1/20250813=151446_mimo5s_part0.csv,7,10752,28,True,True,0.0,0.0,0.0,0.0,0.0,1.0,0,0
/home/test/bupt_hjk/sdp_dataset/elderAL/action1_walk_new/user2_position3_activity1/20250813=151452_mimo5s_part0.csv,17,26112,28,True,True,0.0,0.0,0.0,0.0,0.0,1.0,0,0
/home/test/bupt_hjk/sdp_dataset/elderAL/action1_walk_new/user2_position3_activity1/20250813=151457_mimo5s_part0.csv,8,12288,28,True,True,0.0,0.0,0.0,0.0,0.0,1.0,0,0
/home/test/bupt_hjk/sdp_dataset/elderAL/action1_walk_new/user2_position3_activity1/20250813=151503_mimo5s_part0.csv,7,10752,28,True,True,0.0,0.0,0.0,0.0,0.0,1.0,0,0
/home/test/bupt_hjk/sdp_dataset/elderAL/action1_walk_new/user2_position3_activity1/20250813=151509_mimo5s_part0.csv,7,10752,28,True,True,0.0,0.0,0.0,0.0,0.0,0.9999999999999999,0,0
/home/test/bupt_hjk/sdp_dataset/elderAL/action1_walk_new/user2_position3_activity1/20250813=151514_mimo5s_part0.csv,14,21504,28,True,True,0.0,0.0,0.0,0.0,0.0,1.0,0,0
/home/test/bupt_hjk/sdp_dataset/elderAL/action1_walk_new/user2_position4_activity1/20250813=151606_mimo5s_part0.csv,7,10752,28,True,True,0.0,0.0,0.0,0.0,0.0,0.9999999999999999,0,0
/home/test/bupt_hjk/sdp_dataset/elderAL/action1_walk_new/user2_position4_activity1/20250813=151612_mimo5s_part0.csv,7,10752,28,True,True,0.0,0.0,0.0,0.0,0.0,1.0,0,0
/home/test/bupt_hjk/sdp_dataset/elderAL/action1_walk_new/user2_position4_activity1/20250813=151618_mimo5s_part0.csv,3,4608,28,True,True,0.0,0.0,0.0,0.0,0.0,1.0,0,0
/home/test/bupt_hjk/sdp_dataset/elderAL/action1_walk_new/user2_position4_activity1/20250813=151623_mimo5s_part0.csv,14,21504,28,True,True,0.0,0.0,0.0,0.0,0.0,1.0,0,0
/home/test/bupt_hjk/sdp_dataset/elderAL/action1_walk_new/user2_position4_activity1/20250813=151629_mimo5s_part0.csv,12,18432,28,True,True,0.0,0.0,0.0,0.0,0.0,0.9999999999999999,0,0
/home/test/bupt_hjk/sdp_dataset/elderAL/action1_walk_new/user2_position4_activity1/20250813=151635_mimo5s_part0.csv,11,16896,28,True,True,0.0,0.0,0.0,0.0,0.0,0.9999999999999999,0,0
/home/test/bupt_hjk/sdp_dataset/elderAL/action1_walk_new/user2_position4_activity1/20250813=151640_mimo5s_part0.csv,11,16896,28,True,True,0.0,0.0,0.0,0.0,0.0,1.0,0,0
/home/test/bupt_hjk/sdp_dataset/elderAL/action1_walk_new/user2_position4_activity1/20250813=151646_mimo5s_part0.csv,4,6144,28,True,True,0.0,0.0,0.0,0.0,0.0,1.0,0,0
/home/test/bupt_hjk/sdp_dataset/elderAL/action1_walk_new/user2_position4_activity1/20250813=151652_mimo5s_part0.csv,19,29184,28,True,True,0.0,0.0,0.0,0.0,0.0,1.0,0,0
/home/test/bupt_hjk/sdp_dataset/elderAL/action1_walk_new/user2_position4_activity1/20250813=151805_mimo5s_part0.csv,4,6144,28,True,True,0.0,0.0,0.0,0.0,0.0,1.0,0,0
/home/test/bupt_hjk/sdp_dataset/elderAL/action1_walk_new/user2_position4_activity1/20250813=151811_mimo5s_part0.csv,29,44544,28,False,False,2986.293602925035,743.0002987160267,0.8750141937735433,880.9324505056661,0.9082646740541571,0.1702818047559605,0,0
/home/test/bupt_hjk/sdp_dataset/elderAL/action1_walk_new/user2_position4_activity1/20250813=151817_mimo5s_part0.csv,8,12288,28,True,True,0.0,0.0,0.0,0.0,0.0,1.0,0,0
/home/test/bupt_hjk/sdp_dataset/elderAL/action1_walk_new/user2_position4_activity1/20250813=151823_mimo5s_part0.csv,7,10752,28,True,True,0.0,0.0,0.0,0.0,0.0,1.0,0,0
/home/test/bupt_hjk/sdp_dataset/elderAL/action1_walk_new/user2_position4_activity1/20250813=151829_mimo5s_part0.csv,7,10752,28,True,True,0.0,0.0,0.0,0.0,0.0,1.0,0,0
/home/test/bupt_hjk/sdp_dataset/elderAL/action1_walk_new/user2_position4_activity1/20250813=151834_mimo5s_part0.csv,4,6144,28,True,True,0.0,0.0,0.0,0.0,0.0,1.0,0,0
/home/test/bupt_hjk/sdp_dataset/elderAL/action1_walk_new/user2_position5_activity1/20250813=151940_mimo5s_part0.csv,4,6144,28,True,True,0.0,0.0,0.0,0.0,0.0,1.0,0,0
/home/test/bupt_hjk/sdp_dataset/elderAL/action1_walk_new/user2_position5_activity1/20250813=151945_mimo5s_part0.csv,3,4608,28,True,True,0.0,0.0,0.0,0.0,0.0,0.9999999999999999,0,0
/home/test/bupt_hjk/sdp_dataset/elderAL/action1_walk_new/user2_position5_activity1/20250813=151951_mimo5s_part0.csv,17,26112,28,True,True,0.0,0.0,0.0,0.0,0.0,1.0,0,0
/home/test/bupt_hjk/sdp_dataset/elderAL/action1_walk_new/user2_position5_activity1/20250813=151957_mimo5s_part0.csv,7,10752,28,True,True,0.0,0.0,0.0,0.0,0.0,1.0,0,0
/home/test/bupt_hjk/sdp_dataset/elderAL/action1_walk_new/user2_position5_activity1/20250813=152003_mimo5s_part0.csv,4,6144,28,True,True,0.0,0.0,0.0,0.0,0.0,1.0,0,0
/home/test/bupt_hjk/sdp_dataset/elderAL/action1_walk_new/user2_position5_activity1/20250813=152009_mimo5s_part0.csv,7,10752,28,True,True,0.0,0.0,0.0,0.0,0.0,1.0,0,0
/home/test/bupt_hjk/sdp_dataset/elderAL/action1_walk_new/user2_position5_activity1/20250813=152015_mimo5s_part0.csv,7,10752,28,True,True,0.0,0.0,0.0,0.0,0.0,1.0,0,0
/home/test/bupt_hjk/sdp_dataset/elderAL/action1_walk_new/user2_position5_activity1/20250813=152020_mimo5s_part0.csv,4,6144,28,True,True,0.0,0.0,0.0,0.0,0.0,1.0,0,0
/home/test/bupt_hjk/sdp_dataset/elderAL/action1_walk_new/user2_position5_activity1/20250813=152026_mimo5s_part0.csv,7,10752,28,True,True,0.0,0.0,0.0,0.0,0.0,1.0,0,0
/home/test/bupt_hjk/sdp_dataset/elderAL/action1_walk_new/user2_position5_activity1/20250813=152032_mimo5s_part0.csv,3,4608,28,True,True,0.0,0.0,0.0,0.0,0.0,1.0,0,0
/home/test/bupt_hjk/sdp_dataset/elderAL/action1_walk_new/user2_position5_activity1/20250813=152037_mimo5s_part0.csv,21,32256,28,True,True,0.0,0.0,0.0,0.0,0.0,1.0,0,0
/home/test/bupt_hjk/sdp_dataset/elderAL/action1_walk_new/user2_position5_activity1/20250813=152043_mimo5s_part0.csv,11,16896,28,True,True,0.0,0.0,0.0,0.0,0.0,1.0,0,0
/home/test/bupt_hjk/sdp_dataset/elderAL/action1_walk_new/user2_position5_activity1/20250813=152049_mimo5s_part0.csv,17,26112,28,True,True,0.0,0.0,0.0,0.0,0.0,0.9999999999999999,0,0
/home/test/bupt_hjk/sdp_dataset/elderAL/action1_walk_new/user2_position5_activity1/20250813=152055_mimo5s_part0.csv,14,21504,28,True,True,0.0,0.0,0.0,0.0,0.0,0.9999999999999999,0,0
/home/test/bupt_hjk/sdp_dataset/elderAL/action1_walk_new/user2_position5_activity1/20250813=152101_mimo5s_part0.csv,4,6144,28,True,True,0.0,0.0,0.0,0.0,0.0,0.9999999999999999,0,0
/home/test/bupt_hjk/sdp_dataset/elderAL/action1_walk_new/user2_position6_activity1/20250813=120936_mimo5s_part0.csv,14,21504,28,True,True,0.0,0.0,0.0,0.0,0.0,1.0,0,0
/home/test/bupt_hjk/sdp_dataset/elderAL/action1_walk_new/user2_position6_activity1/20250813=120943_mimo5s_part0.csv,8,12288,28,True,True,0.0,0.0,0.0,0.0,0.0,1.0,0,0
/home/test/bupt_hjk/sdp_dataset/elderAL/action1_walk_new/user2_position6_activity1/20250813=120949_mimo5s_part0.csv,17,26112,28,True,True,0.0,0.0,0.0,0.0,0.0,1.0,0,0
/home/test/bupt_hjk/sdp_dataset/elderAL/action1_walk_new/user2_position6_activity1/20250813=120955_mimo5s_part0.csv,7,10752,28,True,True,0.0,0.0,0.0,0.0,0.0,0.9999999999999998,0,0
/home/test/bupt_hjk/sdp_dataset/elderAL/action1_walk_new/user2_position6_activity1/20250813=121007_mimo5s_part0.csv,7,10752,28,True,True,0.0,0.0,0.0,0.0,0.0,1.0,0,0
/home/test/bupt_hjk/sdp_dataset/elderAL/action1_walk_new/user2_position6_activity1/20250813=121013_mimo5s_part0.csv,7,10752,28,True,True,0.0,0.0,0.0,0.0,0.0,1.0,0,0
/home/test/bupt_hjk/sdp_dataset/elderAL/action1_walk_new/user2_position6_activity1/20250813=121019_mimo5s_part0.csv,21,32256,28,True,True,0.0,0.0,0.0,0.0,0.0,1.0,0,0
/home/test/bupt_hjk/sdp_dataset/elderAL/action1_walk_new/user2_position6_activity1/20250813=121024_mimo5s_part0.csv,7,10752,28,True,True,0.0,0.0,0.0,0.0,0.0,1.0,0,0
/home/test/bupt_hjk/sdp_dataset/elderAL/action1_walk_new/user2_position6_activity1/20250813=121030_mimo5s_part0.csv,8,12288,28,True,True,0.0,0.0,0.0,0.0,0.0,1.0,0,0
/home/test/bupt_hjk/sdp_dataset/elderAL/action1_walk_new/user2_position6_activity1/20250813=121036_mimo5s_part0.csv,12,18432,28,True,True,0.0,0.0,0.0,0.0,0.0,1.0,0,0
/home/test/bupt_hjk/sdp_dataset/elderAL/action1_walk_new/user2_position6_activity1/20250813=121041_mimo5s_part0.csv,4,6144,28,True,True,0.0,0.0,0.0,0.0,0.0,1.0,0,0
/home/test/bupt_hjk/sdp_dataset/elderAL/action1_walk_new/user2_position6_activity1/20250813=121047_mimo5s_part0.csv,31,47616,28,False,False,3787.6695749474734,683.7592761559845,0.769612978162734,812.3877256952177,0.7999015167197606,0.5918097448596602,0,0
/home/test/bupt_hjk/sdp_dataset/elderAL/action1_walk_new/user2_position6_activity1/20250813=121053_mimo5s_part0.csv,19,29184,28,True,True,0.0,0.0,0.0,0.0,0.0,1.0,0,0
/home/test/bupt_hjk/sdp_dataset/elderAL/action1_walk_new/user2_position6_activity1/20250813=121059_mimo5s_part0.csv,7,10752,28,True,True,0.0,0.0,0.0,0.0,0.0,1.0,0,0
/home/test/bupt_hjk/sdp_dataset/elderAL/action1_walk_new/user2_position7_activity1/20250813=121653_mimo5s_part0.csv,8,12288,28,True,True,0.0,0.0,0.0,0.0,0.0,0.9999999999999998,0,0
/home/test/bupt_hjk/sdp_dataset/elderAL/action1_walk_new/user2_position7_activity1/20250813=121659_mimo5s_part0.csv,8,12288,28,True,True,0.0,0.0,0.0,0.0,0.0,1.0,0,0
/home/test/bupt_hjk/sdp_dataset/elderAL/action1_walk_new/user2_position7_activity1/20250813=121705_mimo5s_part0.csv,7,10752,28,True,True,0.0,0.0,0.0,0.0,0.0,1.0,0,0
/home/test/bupt_hjk/sdp_dataset/elderAL/action1_walk_new/user2_position7_activity1/20250813=121711_mimo5s_part0.csv,11,16896,28,True,True,0.0,0.0,0.0,0.0,0.0,1.0,0,0
/home/test/bupt_hjk/sdp_dataset/elderAL/action1_walk_new/user2_position7_activity1/20250813=121717_mimo5s_part0.csv,12,18432,28,True,True,0.0,0.0,0.0,0.0,0.0,0.9999999999999998,0,0
/home/test/bupt_hjk/sdp_dataset/elderAL/action1_walk_new/user2_position7_activity1/20250813=121722_mimo5s_part0.csv,17,26112,28,True,True,0.0,0.0,0.0,0.0,0.0,1.0,0,0
/home/test/bupt_hjk/sdp_dataset/elderAL/action1_walk_new/user2_position7_activity1/20250813=121728_mimo5s_part0.csv,15,23040,28,True,True,0.0,0.0,0.0,0.0,0.0,1.0,0,0
/home/test/bupt_hjk/sdp_dataset/elderAL/action1_walk_new/user2_position7_activity1/20250813=121734_mimo5s_part0.csv,4,6144,28,True,True,0.0,0.0,0.0,0.0,0.0,0.9999999999999998,0,0
/home/test/bupt_hjk/sdp_dataset/elderAL/action1_walk_new/user2_position7_activity1/20250813=121740_mimo5s_part0.csv,7,10752,28,True,True,0.0,0.0,0.0,0.0,0.0,1.0,0,0
/home/test/bupt_hjk/sdp_dataset/elderAL/action1_walk_new/user2_position7_activity1/20250813=121746_mimo5s_part0.csv,7,10752,28,True,True,0.0,0.0,0.0,0.0,0.0,1.0,0,0
/home/test/bupt_hjk/sdp_dataset/elderAL/action1_walk_new/user2_position7_activity1/20250813=121751_mimo5s_part0.csv,29,44544,28,False,False,4087.950356981411,730.6164879976526,0.8788915051868028,899.1487674720984,0.9213864271960652,0.4481147124898648,0,0
/home/test/bupt_hjk/sdp_dataset/elderAL/action1_walk_new/user2_position7_activity1/20250813=121757_mimo5s_part0.csv,21,32256,28,True,True,0.0,0.0,0.0,0.0,0.0,1.0,0,0
/home/test/bupt_hjk/sdp_dataset/elderAL/action1_walk_new/user2_position7_activity1/20250813=121803_mimo5s_part0.csv,11,16896,28,True,True,0.0,0.0,0.0,0.0,0.0,0.9999999999999998,0,0
/home/test/bupt_hjk/sdp_dataset/elderAL/action1_walk_new/user2_position7_activity1/20250813=121808_mimo5s_part0.csv,7,10752,28,True,True,0.0,0.0,0.0,0.0,0.0,1.0,0,0
/home/test/bupt_hjk/sdp_dataset/elderAL/action1_walk_new/user2_position7_activity1/20250813=121814_mimo5s_part0.csv,22,33792,28,True,True,0.0,0.0,0.0,0.0,0.0,1.0,0,0
/home/test/bupt_hjk/sdp_dataset/elderAL/action1_walk_new/user2_position8_activity1/20250813=122400_mimo5s_part0.csv,4,6144,28,True,True,0.0,0.0,0.0,0.0,0.0,0.9999999999999998,0,0
/home/test/bupt_hjk/sdp_dataset/elderAL/action1_walk_new/user2_position8_activity1/20250813=122406_mimo5s_part0.csv,7,10752,28,True,True,0.0,0.0,0.0,0.0,0.0,1.0,0,0
/home/test/bupt_hjk/sdp_dataset/elderAL/action1_walk_new/user2_position8_activity1/20250813=122412_mimo5s_part0.csv,14,21504,28,True,True,0.0,0.0,0.0,0.0,0.0,1.0,0,0
/home/test/bupt_hjk/sdp_dataset/elderAL/action1_walk_new/user2_position8_activity1/20250813=122418_mimo5s_part0.csv,4,6144,28,True,True,0.0,0.0,0.0,0.0,0.0,1.0,0,0
/home/test/bupt_hjk/sdp_dataset/elderAL/action1_walk_new/user2_position8_activity1/20250813=122423_mimo5s_part0.csv,11,16896,28,True,True,0.0,0.0,0.0,0.0,0.0,0.9999999999999998,0,0
/home/test/bupt_hjk/sdp_dataset/elderAL/action1_walk_new/user2_position8_activity1/20250813=122429_mimo5s_part0.csv,12,18432,28,True,True,0.0,0.0,0.0,0.0,0.0,1.0,0,0
/home/test/bupt_hjk/sdp_dataset/elderAL/action1_walk_new/user2_position8_activity1/20250813=122435_mimo5s_part0.csv,4,6144,28,True,True,0.0,0.0,0.0,0.0,0.0,1.0,0,0
/home/test/bupt_hjk/sdp_dataset/elderAL/action1_walk_new/user2_position8_activity1/20250813=122441_mimo5s_part0.csv,7,10752,28,True,True,0.0,0.0,0.0,0.0,0.0,1.0,0,0
/home/test/bupt_hjk/sdp_dataset/elderAL/action1_walk_new/user2_position8_activity1/20250813=122446_mimo5s_part0.csv,3,4608,28,True,True,0.0,0.0,0.0,0.0,0.0,1.0,0,0
/home/test/bupt_hjk/sdp_dataset/elderAL/action1_walk_new/user2_position8_activity1/20250813=122452_mimo5s_part0.csv,33,50688,28,False,False,3813.2013068010683,860.8577422144429,0.9727272018608563,1018.9019138970156,0.9767133112955911,0.11767388406695595,0,0
/home/test/bupt_hjk/sdp_dataset/elderAL/action1_walk_new/user2_position8_activity1/20250813=122458_mimo5s_part0.csv,7,10752,28,True,True,0.0,0.0,0.0,0.0,0.0,1.0,0,0
/home/test/bupt_hjk/sdp_dataset/elderAL/action1_walk_new/user2_position8_activity1/20250813=122504_mimo5s_part0.csv,11,16896,28,True,True,0.0,0.0,0.0,0.0,0.0,0.9999999999999998,0,0
/home/test/bupt_hjk/sdp_dataset/elderAL/action1_walk_new/user2_position8_activity1/20250813=122509_mimo5s_part0.csv,11,16896,28,True,True,0.0,0.0,0.0,0.0,0.0,1.0,0,0
/home/test/bupt_hjk/sdp_dataset/elderAL/action1_walk_new/user2_position8_activity1/20250813=122515_mimo5s_part0.csv,4,6144,28,True,True,0.0,0.0,0.0,0.0,0.0,0.9999999999999998,0,0
/home/test/bupt_hjk/sdp_dataset/elderAL/action1_walk_new/user2_position8_activity1/20250813=122521_mimo5s_part0.csv,19,29184,28,True,True,0.0,0.0,0.0,0.0,0.0,0.9999999999999998,0,0
/home/test/bupt_hjk/sdp_dataset/elderAL/action1_walk_new/user2_position9_activity1/20250813=123110_mimo5s_part0.csv,32,49152,28,False,False,3553.9311224847256,748.5643895179187,0.8522580355708417,904.0520044215968,0.8824491648977423,0.23397211617332675,0,0
/home/test/bupt_hjk/sdp_dataset/elderAL/action1_walk_new/user2_position9_activity1/20250813=123116_mimo5s_part0.csv,8,12288,28,True,True,0.0,0.0,0.0,0.0,0.0,0.9999999999999998,0,0
/home/test/bupt_hjk/sdp_dataset/elderAL/action1_walk_new/user2_position9_activity1/20250813=123122_mimo5s_part0.csv,25,38400,28,True,True,0.0,0.0,0.0,0.0,0.0,1.0,0,0
/home/test/bupt_hjk/sdp_dataset/elderAL/action1_walk_new/user2_position9_activity1/20250813=123130_mimo5s_part0.csv,11,16896,28,True,True,0.0,0.0,0.0,0.0,0.0,1.0,0,0
/home/test/bupt_hjk/sdp_dataset/elderAL/action1_walk_new/user2_position9_activity1/20250813=123135_mimo5s_part0.csv,4,6144,28,True,True,0.0,0.0,0.0,0.0,0.0,1.0,0,0
/home/test/bupt_hjk/sdp_dataset/elderAL/action1_walk_new/user2_position9_activity1/20250813=123141_mimo5s_part0.csv,8,12288,28,True,True,0.0,0.0,0.0,0.0,0.0,1.0,0,0
/home/test/bupt_hjk/sdp_dataset/elderAL/action1_walk_new/user2_position9_activity1/20250813=123147_mimo5s_part0.csv,11,16896,28,True,True,0.0,0.0,0.0,0.0,0.0,1.0,0,0
/home/test/bupt_hjk/sdp_dataset/elderAL/action1_walk_new/user2_position9_activity1/20250813=123153_mimo5s_part0.csv,15,23040,28,True,True,0.0,0.0,0.0,0.0,0.0,1.0,0,0
/home/test/bupt_hjk/sdp_dataset/elderAL/action1_walk_new/user2_position9_activity1/20250813=123159_mimo5s_part0.csv,4,6144,28,True,True,0.0,0.0,0.0,0.0,0.0,1.0,0,0
/home/test/bupt_hjk/sdp_dataset/elderAL/action1_walk_new/user2_position9_activity1/20250813=123204_mimo5s_part0.csv,11,16896,28,True,True,0.0,0.0,0.0,0.0,0.0,1.0,0,0
/home/test/bupt_hjk/sdp_dataset/elderAL/action1_walk_new/user2_position9_activity1/20250813=123210_mimo5s_part0.csv,7,10752,28,True,True,0.0,0.0,0.0,0.0,0.0,0.9999999999999998,0,0
/home/test/bupt_hjk/sdp_dataset/elderAL/action1_walk_new/user2_position9_activity1/20250813=123221_mimo5s_part0.csv,11,16896,28,True,True,0.0,0.0,0.0,0.0,0.0,0.9999999999999998,0,0
/home/test/bupt_hjk/sdp_dataset/elderAL/action1_walk_new/user2_position9_activity1/20250813=123227_mimo5s_part0.csv,11,16896,28,True,True,0.0,0.0,0.0,0.0,0.0,1.0,0,0
/home/test/bupt_hjk/sdp_dataset/elderAL/action1_walk_new/user2_position9_activity1/20250813=123233_mimo5s_part0.csv,7,10752,28,True,True,0.0,0.0,0.0,0.0,0.0,1.0,0,0
/home/test/bupt_hjk/sdp_dataset/elderAL/action2_fall_new/user0_position1_activity2/20250813=230712_mimo5s_part0.csv,11,16896,28,True,True,0.0,0.0,0.0,0.0,0.0,0.9999999999999999,0,0
/home/test/bupt_hjk/sdp_dataset/elderAL/action2_fall_new/user0_position1_activity2/20250813=230722_mimo5s_part0.csv,7,10752,28,True,True,0.0,0.0,0.0,0.0,0.0,1.0,0,0
/home/test/bupt_hjk/sdp_dataset/elderAL/action2_fall_new/user0_position1_activity2/20250813=230733_mimo5s_part0.csv,4,6144,28,True,True,0.0,0.0,0.0,0.0,0.0,1.0,0,0
/home/test/bupt_hjk/sdp_dataset/elderAL/action2_fall_new/user0_position1_activity2/20250813=230741_mimo5s_part0.csv,4,6144,28,True,True,0.0,0.0,0.0,0.0,0.0,0.9999999999999999,0,0
/home/test/bupt_hjk/sdp_dataset/elderAL/action2_fall_new/user0_position1_activity2/20250813=230751_mimo5s_part0.csv,17,26112,28,True,True,0.0,0.0,0.0,0.0,0.0,0.9999999999999999,0,0
/home/test/bupt_hjk/sdp_dataset/elderAL/action2_fall_new/user0_position1_activity2/20250813=230759_mimo5s_part0.csv,18,27648,28,True,True,0.0,0.0,0.0,0.0,0.0,1.0,0,0
/home/test/bupt_hjk/sdp_dataset/elderAL/action2_fall_new/user0_position1_activity2/20250813=230808_mimo5s_part0.csv,15,23040,28,True,True,0.0,0.0,0.0,0.0,0.0,1.0,0,0
/home/test/bupt_hjk/sdp_dataset/elderAL/action2_fall_new/user0_position1_activity2/20250813=230815_mimo5s_part0.csv,7,10752,28,True,True,0.0,0.0,0.0,0.0,0.0,0.9999999999999999,0,0
/home/test/bupt_hjk/sdp_dataset/elderAL/action2_fall_new/user0_position1_activity2/20250813=230830_mimo5s_part0.csv,30,46080,28,False,False,2920.9606782387486,680.8152030362575,0.8474365974903498,811.5765059508916,0.8698361791140328,0.4255416269456352,0,0
/home/test/bupt_hjk/sdp_dataset/elderAL/action2_fall_new/user0_position1_activity2/20250813=230840_mimo5s_part0.csv,7,10752,28,True,True,0.0,0.0,0.0,0.0,0.0,1.0,0,0
/home/test/bupt_hjk/sdp_dataset/elderAL/action2_fall_new/user0_position1_activity2/20250813=230850_mimo5s_part0.csv,37,56832,28,False,False,2700.314532009328,958.0752124223407,1.1061444531712095,1074.6314874102825,1.0954119588818603,0.10072518252449213,0,0
/home/test/bupt_hjk/sdp_dataset/elderAL/action2_fall_new/user0_position1_activity2/20250813=230908_mimo5s_part0.csv,4,6144,28,True,True,0.0,0.0,0.0,0.0,0.0,1.0,0,0
/home/test/bupt_hjk/sdp_dataset/elderAL/action2_fall_new/user0_position1_activity2/20250813=230918_mimo5s_part0.csv,11,16896,28,True,True,0.0,0.0,0.0,0.0,0.0,1.0,0,0
/home/test/bupt_hjk/sdp_dataset/elderAL/action2_fall_new/user0_position1_activity2/20250813=230927_mimo5s_part0.csv,14,21504,28,True,True,0.0,0.0,0.0,0.0,0.0,1.0,0,0
/home/test/bupt_hjk/sdp_dataset/elderAL/action2_fall_new/user0_position1_activity2/20250813=230937_mimo5s_part0.csv,15,23040,28,True,True,0.0,0.0,0.0,0.0,0.0,1.0,0,0
/home/test/bupt_hjk/sdp_dataset/elderAL/action2_fall_new/user0_position2_activity2/20250813=232436_mimo5s_part0.csv,7,10752,28,True,True,0.0,0.0,0.0,0.0,0.0,1.0,0,0
/home/test/bupt_hjk/sdp_dataset/elderAL/action2_fall_new/user0_position2_activity2/20250813=232445_mimo5s_part0.csv,14,21504,28,True,True,0.0,0.0,0.0,0.0,0.0,1.0,0,0
/home/test/bupt_hjk/sdp_dataset/elderAL/action2_fall_new/user0_position2_activity2/20250813=232515_mimo5s_part0.csv,3,4608,28,True,True,0.0,0.0,0.0,0.0,0.0,1.0,0,0
/home/test/bupt_hjk/sdp_dataset/elderAL/action2_fall_new/user0_position2_activity2/20250813=232526_mimo5s_part0.csv,11,16896,28,True,True,0.0,0.0,0.0,0.0,0.0,1.0,0,0
/home/test/bupt_hjk/sdp_dataset/elderAL/action2_fall_new/user0_position2_activity2/20250813=232540_mimo5s_part0.csv,8,12288,28,True,True,0.0,0.0,0.0,0.0,0.0,1.0,0,0
/home/test/bupt_hjk/sdp_dataset/elderAL/action2_fall_new/user0_position2_activity2/20250813=232551_mimo5s_part0.csv,17,26112,28,True,True,0.0,0.0,0.0,0.0,0.0,1.0,0,0
/home/test/bupt_hjk/sdp_dataset/elderAL/action2_fall_new/user0_position2_activity2/20250813=232602_mimo5s_part0.csv,7,10752,28,True,True,0.0,0.0,0.0,0.0,0.0,0.9999999999999999,0,0
/home/test/bupt_hjk/sdp_dataset/elderAL/action2_fall_new/user0_position2_activity2/20250813=232614_mimo5s_part0.csv,7,10752,28,True,True,0.0,0.0,0.0,0.0,0.0,1.0,0,0
/home/test/bupt_hjk/sdp_dataset/elderAL/action2_fall_new/user0_position2_activity2/20250813=232625_mimo5s_part0.csv,7,10752,28,True,True,0.0,0.0,0.0,0.0,0.0,1.0,0,0
/home/test/bupt_hjk/sdp_dataset/elderAL/action2_fall_new/user0_position2_activity2/20250813=232634_mimo5s_part0.csv,4,6144,28,True,True,0.0,0.0,0.0,0.0,0.0,1.0,0,0
/home/test/bupt_hjk/sdp_dataset/elderAL/action2_fall_new/user0_position2_activity2/20250813=232642_mimo5s_part0.csv,4,6144,28,True,True,0.0,0.0,0.0,0.0,0.0,1.0,0,0
/home/test/bupt_hjk/sdp_dataset/elderAL/action2_fall_new/user0_position2_activity2/20250813=232712_mimo5s_part0.csv,4,6144,28,True,True,0.0,0.0,0.0,0.0,0.0,1.0,0,0
/home/test/bupt_hjk/sdp_dataset/elderAL/action2_fall_new/user0_position2_activity2/20250813=232721_mimo5s_part0.csv,14,21504,28,True,True,0.0,0.0,0.0,0.0,0.0,0.9999999999999999,0,0
/home/test/bupt_hjk/sdp_dataset/elderAL/action2_fall_new/user0_position2_activity2/20250813=232730_mimo5s_part0.csv,21,32256,28,True,True,0.0,0.0,0.0,0.0,0.0,0.9999999999999999,0,0
/home/test/bupt_hjk/sdp_dataset/elderAL/action2_fall_new/user0_position3_activity2/20250813=232829_mimo5s_part0.csv,34,52224,28,False,False,3268.899259702971,678.6637130038591,0.7305754333521409,779.7367877511099,0.754534584376243,0.4780945230824357,0,0
/home/test/bupt_hjk/sdp_dataset/elderAL/action2_fall_new/user0_position3_activity2/20250813=232905_mimo5s_part0.csv,11,16896,28,True,True,0.0,0.0,0.0,0.0,0.0,0.9999999999999999,0,0
/home/test/bupt_hjk/sdp_dataset/elderAL/action2_fall_new/user0_position3_activity2/20250813=232916_mimo5s_part0.csv,3,4608,28,True,True,0.0,0.0,0.0,0.0,0.0,1.0,0,0
/home/test/bupt_hjk/sdp_dataset/elderAL/action2_fall_new/user0_position3_activity2/20250813=232930_mimo5s_part0.csv,54,82944,28,False,False,2600.9112931230193,820.9818800319078,0.925803084423668,919.5669460763596,0.9281158155627616,0.37968704809064896,0,0
/home/test/bupt_hjk/sdp_dataset/elderAL/action2_fall_new/user0_position3_activity2/20250813=232939_mimo5s_part0.csv,4,6144,28,True,True,0.0,0.0,0.0,0.0,0.0,1.0,0,0
/home/test/bupt_hjk/sdp_dataset/elderAL/action2_fall_new/user0_position3_activity2/20250813=232948_mimo5s_part0.csv,4,6144,28,True,True,0.0,0.0,0.0,0.0,0.0,1.0,0,0
/home/test/bupt_hjk/sdp_dataset/elderAL/action2_fall_new/user0_position3_activity2/20250813=232958_mimo5s_part0.csv,7,10752,28,True,True,0.0,0.0,0.0,0.0,0.0,0.9999999999999998,0,0
/home/test/bupt_hjk/sdp_dataset/elderAL/action2_fall_new/user0_position3_activity2/20250813=233009_mimo5s_part0.csv,8,12288,28,True,True,0.0,0.0,0.0,0.0,0.0,0.9999999999999999,0,0
/home/test/bupt_hjk/sdp_dataset/elderAL/action2_fall_new/user0_position3_activity2/20250813=233019_mimo5s_part0.csv,3,4608,28,True,True,0.0,0.0,0.0,0.0,0.0,1.0,0,0
/home/test/bupt_hjk/sdp_dataset/elderAL/action2_fall_new/user0_position3_activity2/20250813=233030_mimo5s_part0.csv,21,32256,28,True,True,0.0,0.0,0.0,0.0,0.0,0.9999999999999999,0,0
/home/test/bupt_hjk/sdp_dataset/elderAL/action2_fall_new/user0_position3_activity2/20250813=233038_mimo5s_part0.csv,18,27648,28,True,True,0.0,0.0,0.0,0.0,0.0,1.0,0,0
/home/test/bupt_hjk/sdp_dataset/elderAL/action2_fall_new/user0_position3_activity2/20250813=233051_mimo5s_part0.csv,20,30720,28,True,True,0.0,0.0,0.0,0.0,0.0,1.0,0,0
/home/test/bupt_hjk/sdp_dataset/elderAL/action2_fall_new/user0_position3_activity2/20250813=233113_mimo5s_part0.csv,7,10752,28,True,True,0.0,0.0,0.0,0.0,0.0,1.0,0,0
/home/test/bupt_hjk/sdp_dataset/elderAL/action2_fall_new/user0_position4_activity2/20250813=235044_mimo5s_part0.csv,4,6144,28,True,True,0.0,0.0,0.0,0.0,0.0,1.0,0,0
/home/test/bupt_hjk/sdp_dataset/elderAL/action2_fall_new/user0_position4_activity2/20250813=235142_mimo5s_part0.csv,8,12288,28,True,True,0.0,0.0,0.0,0.0,0.0,0.9999999999999998,0,0
/home/test/bupt_hjk/sdp_dataset/elderAL/action2_fall_new/user0_position4_activity2/20250813=235153_mimo5s_part0.csv,7,10752,28,True,True,0.0,0.0,0.0,0.0,0.0,1.0,0,0
/home/test/bupt_hjk/sdp_dataset/elderAL/action2_fall_new/user0_position4_activity2/20250813=235203_mimo5s_part0.csv,23,35328,28,True,True,0.0,0.0,0.0,0.0,0.0,1.0,0,0
/home/test/bupt_hjk/sdp_dataset/elderAL/action2_fall_new/user0_position4_activity2/20250813=235212_mimo5s_part0.csv,14,21504,28,True,True,0.0,0.0,0.0,0.0,0.0,1.0,0,0
/home/test/bupt_hjk/sdp_dataset/elderAL/action2_fall_new/user0_position4_activity2/20250813=235224_mimo5s_part0.csv,8,12288,28,True,True,0.0,0.0,0.0,0.0,0.0,1.0,0,0
/home/test/bupt_hjk/sdp_dataset/elderAL/action2_fall_new/user0_position4_activity2/20250813=235235_mimo5s_part0.csv,11,16896,28,True,True,0.0,0.0,0.0,0.0,0.0,1.0,0,0
/home/test/bupt_hjk/sdp_dataset/elderAL/action2_fall_new/user0_position4_activity2/20250813=235245_mimo5s_part0.csv,3,4608,28,True,True,0.0,0.0,0.0,0.0,0.0,0.9999999999999999,0,0
/home/test/bupt_hjk/sdp_dataset/elderAL/action2_fall_new/user0_position4_activity2/20250813=235254_mimo5s_part0.csv,7,10752,28,True,True,0.0,0.0,0.0,0.0,0.0,1.0,0,0
/home/test/bupt_hjk/sdp_dataset/elderAL/action2_fall_new/user0_position4_activity2/20250813=235307_mimo5s_part0.csv,12,18432,28,True,True,0.0,0.0,0.0,0.0,0.0,1.0,0,0
/home/test/bupt_hjk/sdp_dataset/elderAL/action2_fall_new/user0_position4_activity2/20250813=235318_mimo5s_part0.csv,4,6144,28,True,True,0.0,0.0,0.0,0.0,0.0,1.0,0,0
/home/test/bupt_hjk/sdp_dataset/elderAL/action2_fall_new/user0_position4_activity2/20250813=235328_mimo5s_part0.csv,28,43008,28,False,False,3087.9035839381913,1108.0833834301254,1.3132516595273576,1261.1528355633682,1.2903773064220543,-0.32105455420154777,0,0
/home/test/bupt_hjk/sdp_dataset/elderAL/action2_fall_new/user0_position4_activity2/20250813=235340_mimo5s_part0.csv,7,10752,28,True,True,0.0,0.0,0.0,0.0,0.0,1.0,0,0
/home/test/bupt_hjk/sdp_dataset/elderAL/action2_fall_new/user0_position4_activity2/20250813=235350_mimo5s_part0.csv,38,58368,28,False,False,3146.103795741883,662.6501754296851,0.7590542873873629,789.3646766735991,0.8047779009953728,0.5911920395132317,0,0
/home/test/bupt_hjk/sdp_dataset/elderAL/action2_fall_new/user0_position4_activity2/20250813=235401_mimo5s_part0.csv,14,21504,28,True,True,0.0,0.0,0.0,0.0,0.0,0.9999999999999999,0,0
/home/test/bupt_hjk/sdp_dataset/elderAL/action2_fall_new/user0_position5_activity2/20250813=235454_mimo5s_part0.csv,11,16896,28,True,True,0.0,0.0,0.0,0.0,0.0,1.0,0,0
/home/test/bupt_hjk/sdp_dataset/elderAL/action2_fall_new/user0_position5_activity2/20250813=235504_mimo5s_part0.csv,22,33792,28,True,True,0.0,0.0,0.0,0.0,0.0,1.0,0,0
/home/test/bupt_hjk/sdp_dataset/elderAL/action2_fall_new/user0_position5_activity2/20250813=235512_mimo5s_part0.csv,4,6144,28,True,True,0.0,0.0,0.0,0.0,0.0,1.0,0,0
/home/test/bupt_hjk/sdp_dataset/elderAL/action2_fall_new/user0_position5_activity2/20250813=235522_mimo5s_part0.csv,13,19968,28,True,True,0.0,0.0,0.0,0.0,0.0,1.0,0,0
/home/test/bupt_hjk/sdp_dataset/elderAL/action2_fall_new/user0_position5_activity2/20250813=235534_mimo5s_part0.csv,24,36864,28,True,True,0.0,0.0,0.0,0.0,0.0,1.0,0,0
/home/test/bupt_hjk/sdp_dataset/elderAL/action2_fall_new/user0_position5_activity2/20250813=235545_mimo5s_part0.csv,14,21504,28,True,True,0.0,0.0,0.0,0.0,0.0,1.0,0,0
/home/test/bupt_hjk/sdp_dataset/elderAL/action2_fall_new/user0_position5_activity2/20250813=235555_mimo5s_part0.csv,7,10752,28,True,True,0.0,0.0,0.0,0.0,0.0,1.0,0,0
/home/test/bupt_hjk/sdp_dataset/elderAL/action2_fall_new/user0_position5_activity2/20250813=235621_mimo5s_part0.csv,14,21504,28,True,True,0.0,0.0,0.0,0.0,0.0,1.0,0,0
/home/test/bupt_hjk/sdp_dataset/elderAL/action2_fall_new/user0_position5_activity2/20250813=235635_mimo5s_part0.csv,15,23040,28,True,True,0.0,0.0,0.0,0.0,0.0,1.0,0,0
/home/test/bupt_hjk/sdp_dataset/elderAL/action2_fall_new/user0_position5_activity2/20250813=235646_mimo5s_part0.csv,3,4608,28,True,True,0.0,0.0,0.0,0.0,0.0,1.0,0,0
/home/test/bupt_hjk/sdp_dataset/elderAL/action2_fall_new/user0_position5_activity2/20250813=235657_mimo5s_part0.csv,11,16896,28,True,True,0.0,0.0,0.0,0.0,0.0,1.0,0,0
/home/test/bupt_hjk/sdp_dataset/elderAL/action2_fall_new/user0_position5_activity2/20250813=235708_mimo5s_part0.csv,13,19968,28,True,True,0.0,0.0,0.0,0.0,0.0,1.0,0,0
/home/test/bupt_hjk/sdp_dataset/elderAL/action2_fall_new/user0_position5_activity2/20250813=235720_mimo5s_part0.csv,13,19968,28,True,True,0.0,0.0,0.0,0.0,0.0,0.9999999999999999,0,0
/home/test/bupt_hjk/sdp_dataset/elderAL/action2_fall_new/user0_position5_activity2/20250813=235729_mimo5s_part0.csv,18,27648,28,True,True,0.0,0.0,0.0,0.0,0.0,1.0,0,0
/home/test/bupt_hjk/sdp_dataset/elderAL/action2_fall_new/user0_position5_activity2/20250813=235739_mimo5s_part0.csv,11,16896,28,True,True,0.0,0.0,0.0,0.0,0.0,0.9999999999999999,0,0
/home/test/bupt_hjk/sdp_dataset/elderAL/action2_fall_new/user0_position6_activity2/20250814=001320_mimo5s_part0.csv,24,36864,28,True,True,0.0,0.0,0.0,0.0,0.0,0.9999999999999999,0,0
/home/test/bupt_hjk/sdp_dataset/elderAL/action2_fall_new/user0_position6_activity2/20250814=001335_mimo5s_part0.csv,11,16896,28,True,True,0.0,0.0,0.0,0.0,0.0,1.0,0,0
/home/test/bupt_hjk/sdp_dataset/elderAL/action2_fall_new/user0_position6_activity2/20250814=001349_mimo5s_part0.csv,30,46080,28,False,False,2241.3733575577057,872.2626308237656,1.0036111364431406,1005.6821877220132,1.0270068422357976,-0.2356570906703332,0,0
/home/test/bupt_hjk/sdp_dataset/elderAL/action2_fall_new/user0_position6_activity2/20250814=001400_mimo5s_part0.csv,20,30720,28,True,True,0.0,0.0,0.0,0.0,0.0,1.0,0,0
/home/test/bupt_hjk/sdp_dataset/elderAL/action2_fall_new/user0_position6_activity2/20250814=001414_mimo5s_part0.csv,27,41472,28,True,True,0.0,0.0,0.0,0.0,0.0,0.9999999999999999,0,0
/home/test/bupt_hjk/sdp_dataset/elderAL/action2_fall_new/user0_position6_activity2/20250814=001425_mimo5s_part0.csv,7,10752,28,True,True,0.0,0.0,0.0,0.0,0.0,1.0,0,0
/home/test/bupt_hjk/sdp_dataset/elderAL/action2_fall_new/user0_position6_activity2/20250814=001437_mimo5s_part0.csv,27,41472,28,True,True,0.0,0.0,0.0,0.0,0.0,1.0,0,0
/home/test/bupt_hjk/sdp_dataset/elderAL/action2_fall_new/user0_position6_activity2/20250814=001447_mimo5s_part0.csv,7,10752,28,True,True,0.0,0.0,0.0,0.0,0.0,1.0,0,0
/home/test/bupt_hjk/sdp_dataset/elderAL/action2_fall_new/user0_position6_activity2/20250814=001457_mimo5s_part0.csv,4,6144,28,True,True,0.0,0.0,0.0,0.0,0.0,1.0,0,0
/home/test/bupt_hjk/sdp_dataset/elderAL/action2_fall_new/user0_position6_activity2/20250814=001507_mimo5s_part0.csv,17,26112,28,True,True,0.0,0.0,0.0,0.0,0.0,0.9999999999999999,0,0
/home/test/bupt_hjk/sdp_dataset/elderAL/action2_fall_new/user0_position6_activity2/20250814=001516_mimo5s_part0.csv,7,10752,28,True,True,0.0,0.0,0.0,0.0,0.0,1.0,0,0
/home/test/bupt_hjk/sdp_dataset/elderAL/action2_fall_new/user0_position6_activity2/20250814=001526_mimo5s_part0.csv,16,24576,28,True,True,0.0,0.0,0.0,0.0,0.0,0.9999999999999999,0,0
/home/test/bupt_hjk/sdp_dataset/elderAL/action2_fall_new/user0_position6_activity2/20250814=001536_mimo5s_part0.csv,10,15360,28,True,True,0.0,0.0,0.0,0.0,0.0,0.9999999999999999,0,0
/home/test/bupt_hjk/sdp_dataset/elderAL/action2_fall_new/user0_position6_activity2/20250814=001545_mimo5s_part0.csv,8,12288,28,True,True,0.0,0.0,0.0,0.0,0.0,1.0,0,0
/home/test/bupt_hjk/sdp_dataset/elderAL/action2_fall_new/user0_position6_activity2/20250814=001555_mimo5s_part0.csv,7,10752,28,True,True,0.0,0.0,0.0,0.0,0.0,1.0,0,0
/home/test/bupt_hjk/sdp_dataset/elderAL/action2_fall_new/user0_position7_activity2/20250814=002237_mimo5s_part0.csv,17,26112,28,True,True,0.0,0.0,0.0,0.0,0.0,1.0,0,0
/home/test/bupt_hjk/sdp_dataset/elderAL/action2_fall_new/user0_position7_activity2/20250814=002249_mimo5s_part0.csv,14,21504,28,True,True,0.0,0.0,0.0,0.0,0.0,0.9999999999999998,0,0
/home/test/bupt_hjk/sdp_dataset/elderAL/action2_fall_new/user0_position7_activity2/20250814=002302_mimo5s_part0.csv,11,16896,28,True,True,0.0,0.0,0.0,0.0,0.0,1.0,0,0
/home/test/bupt_hjk/sdp_dataset/elderAL/action2_fall_new/user0_position7_activity2/20250814=002313_mimo5s_part0.csv,4,6144,28,True,True,0.0,0.0,0.0,0.0,0.0,1.0,0,0
/home/test/bupt_hjk/sdp_dataset/elderAL/action2_fall_new/user0_position7_activity2/20250814=002505_mimo5s_part0.csv,11,16896,28,True,True,0.0,0.0,0.0,0.0,0.0,0.9999999999999998,0,0
/home/test/bupt_hjk/sdp_dataset/elderAL/action2_fall_new/user0_position7_activity2/20250814=002518_mimo5s_part0.csv,13,19968,28,True,True,0.0,0.0,0.0,0.0,0.0,0.9999999999999998,0,0
/home/test/bupt_hjk/sdp_dataset/elderAL/action2_fall_new/user0_position7_activity2/20250814=002601_mimo5s_part0.csv,8,12288,28,True,True,0.0,0.0,0.0,0.0,0.0,1.0,0,0
/home/test/bupt_hjk/sdp_dataset/elderAL/action2_fall_new/user0_position7_activity2/20250814=002612_mimo5s_part0.csv,7,10752,28,True,True,0.0,0.0,0.0,0.0,0.0,1.0,0,0
/home/test/bupt_hjk/sdp_dataset/elderAL/action2_fall_new/user0_position7_activity2/20250814=002626_mimo5s_part0.csv,8,12288,28,True,True,0.0,0.0,0.0,0.0,0.0,1.0,0,0
/home/test/bupt_hjk/sdp_dataset/elderAL/action2_fall_new/user0_position7_activity2/20250814=002636_mimo5s_part0.csv,8,12288,28,True,True,0.0,0.0,0.0,0.0,0.0,0.9999999999999998,0,0
/home/test/bupt_hjk/sdp_dataset/elderAL/action2_fall_new/user0_position7_activity2/20250814=002648_mimo5s_part0.csv,4,6144,28,True,True,0.0,0.0,0.0,0.0,0.0,0.9999999999999998,0,0
/home/test/bupt_hjk/sdp_dataset/elderAL/action2_fall_new/user0_position7_activity2/20250814=002658_mimo5s_part0.csv,24,36864,28,True,True,0.0,0.0,0.0,0.0,0.0,1.0,0,0
/home/test/bupt_hjk/sdp_dataset/elderAL/action2_fall_new/user0_position7_activity2/20250814=002706_mimo5s_part0.csv,16,24576,28,True,True,0.0,0.0,0.0,0.0,0.0,1.0,0,0
/home/test/bupt_hjk/sdp_dataset/elderAL/action2_fall_new/user0_position7_activity2/20250814=002716_mimo5s_part0.csv,8,12288,28,True,True,0.0,0.0,0.0,0.0,0.0,1.0,0,0
/home/test/bupt_hjk/sdp_dataset/elderAL/action2_fall_new/user0_position7_activity2/20250814=002725_mimo5s_part0.csv,7,10752,28,True,True,0.0,0.0,0.0,0.0,0.0,1.0,0,0
/home/test/bupt_hjk/sdp_dataset/elderAL/action2_fall_new/user0_position8_activity2/20250814=003955_mimo5s_part0.csv,8,12288,28,True,True,0.0,0.0,0.0,0.0,0.0,1.0,0,0
/home/test/bupt_hjk/sdp_dataset/elderAL/action2_fall_new/user0_position8_activity2/20250814=004004_mimo5s_part0.csv,4,6144,28,True,True,0.0,0.0,0.0,0.0,0.0,1.0,0,0
/home/test/bupt_hjk/sdp_dataset/elderAL/action2_fall_new/user0_position8_activity2/20250814=004012_mimo5s_part0.csv,18,27648,28,True,True,0.0,0.0,0.0,0.0,0.0,1.0,0,0
/home/test/bupt_hjk/sdp_dataset/elderAL/action2_fall_new/user0_position8_activity2/20250814=004207_mimo5s_part0.csv,13,19968,28,True,True,0.0,0.0,0.0,0.0,0.0,1.0,0,0
/home/test/bupt_hjk/sdp_dataset/elderAL/action2_fall_new/user0_position8_activity2/20250814=004217_mimo5s_part0.csv,7,10752,28,True,True,0.0,0.0,0.0,0.0,0.0,0.9999999999999999,0,0
/home/test/bupt_hjk/sdp_dataset/elderAL/action2_fall_new/user0_position8_activity2/20250814=004227_mimo5s_part0.csv,4,6144,28,True,True,0.0,0.0,0.0,0.0,0.0,0.9999999999999998,0,0
/home/test/bupt_hjk/sdp_dataset/elderAL/action2_fall_new/user0_position8_activity2/20250814=004237_mimo5s_part0.csv,17,26112,28,True,True,0.0,0.0,0.0,0.0,0.0,1.0,0,0
/home/test/bupt_hjk/sdp_dataset/elderAL/action2_fall_new/user0_position8_activity2/20250814=004249_mimo5s_part0.csv,14,21504,28,True,True,0.0,0.0,0.0,0.0,0.0,1.0,0,0
/home/test/bupt_hjk/sdp_dataset/elderAL/action2_fall_new/user0_position8_activity2/20250814=004300_mimo5s_part0.csv,8,12288,28,True,True,0.0,0.0,0.0,0.0,0.0,0.9999999999999998,0,0
/home/test/bupt_hjk/sdp_dataset/elderAL/action2_fall_new/user0_position8_activity2/20250814=004310_mimo5s_part0.csv,7,10752,28,True,True,0.0,0.0,0.0,0.0,0.0,1.0,0,0
/home/test/bupt_hjk/sdp_dataset/elderAL/action2_fall_new/user0_position8_activity2/20250814=004320_mimo5s_part0.csv,10,15360,28,True,True,0.0,0.0,0.0,0.0,0.0,1.0,0,0
/home/test/bupt_hjk/sdp_dataset/elderAL/action2_fall_new/user0_position8_activity2/20250814=004425_mimo5s_part0.csv,10,15360,28,True,True,0.0,0.0,0.0,0.0,0.0,1.0,0,0
/home/test/bupt_hjk/sdp_dataset/elderAL/action2_fall_new/user0_position8_activity2/20250814=004526_mimo5s_part0.csv,21,32256,28,True,True,0.0,0.0,0.0,0.0,0.0,0.9999999999999998,0,0
/home/test/bupt_hjk/sdp_dataset/elderAL/action2_fall_new/user0_position8_activity2/20250814=004536_mimo5s_part0.csv,7,10752,28,True,True,0.0,0.0,0.0,0.0,0.0,1.0,0,0
/home/test/bupt_hjk/sdp_dataset/elderAL/action2_fall_new/user0_position8_activity2/20250814=004543_mimo5s_part0.csv,11,16896,28,True,True,0.0,0.0,0.0,0.0,0.0,0.9999999999999998,0,0
/home/test/bupt_hjk/sdp_dataset/elderAL/action2_fall_new/user0_position9_activity2/20250814=004624_mimo5s_part0.csv,14,21504,28,True,True,0.0,0.0,0.0,0.0,0.0,0.9999999999999999,0,0
/home/test/bupt_hjk/sdp_dataset/elderAL/action2_fall_new/user0_position9_activity2/20250814=004641_mimo5s_part0.csv,17,26112,28,True,True,0.0,0.0,0.0,0.0,0.0,1.0,0,0
/home/test/bupt_hjk/sdp_dataset/elderAL/action2_fall_new/user0_position9_activity2/20250814=004650_mimo5s_part0.csv,7,10752,28,True,True,0.0,0.0,0.0,0.0,0.0,1.0,0,0
/home/test/bupt_hjk/sdp_dataset/elderAL/action2_fall_new/user0_position9_activity2/20250814=004659_mimo5s_part0.csv,12,18432,28,True,True,0.0,0.0,0.0,0.0,0.0,1.0,0,0
/home/test/bupt_hjk/sdp_dataset/elderAL/action2_fall_new/user0_position9_activity2/20250814=004708_mimo5s_part0.csv,15,23040,28,True,True,0.0,0.0,0.0,0.0,0.0,1.0,0,0
/home/test/bupt_hjk/sdp_dataset/elderAL/action2_fall_new/user0_position9_activity2/20250814=004718_mimo5s_part0.csv,8,12288,28,True,True,0.0,0.0,0.0,0.0,0.0,0.9999999999999999,0,0
/home/test/bupt_hjk/sdp_dataset/elderAL/action2_fall_new/user0_position9_activity2/20250814=004729_mimo5s_part0.csv,27,41472,28,True,True,0.0,0.0,0.0,0.0,0.0,1.0,0,0
/home/test/bupt_hjk/sdp_dataset/elderAL/action2_fall_new/user0_position9_activity2/20250814=004810_mimo5s_part0.csv,13,19968,28,True,True,0.0,0.0,0.0,0.0,0.0,0.9999999999999999,0,0
/home/test/bupt_hjk/sdp_dataset/elderAL/action2_fall_new/user0_position9_activity2/20250814=004820_mimo5s_part0.csv,7,10752,28,True,True,0.0,0.0,0.0,0.0,0.0,0.9999999999999998,0,0
/home/test/bupt_hjk/sdp_dataset/elderAL/action2_fall_new/user0_position9_activity2/20250814=004831_mimo5s_part0.csv,7,10752,28,True,True,0.0,0.0,0.0,0.0,0.0,0.9999999999999998,0,0
/home/test/bupt_hjk/sdp_dataset/elderAL/action2_fall_new/user0_position9_activity2/20250814=004840_mimo5s_part0.csv,7,10752,28,True,True,0.0,0.0,0.0,0.0,0.0,1.0,0,0
/home/test/bupt_hjk/sdp_dataset/elderAL/action2_fall_new/user0_position9_activity2/20250814=004850_mimo5s_part0.csv,24,36864,28,True,True,0.0,0.0,0.0,0.0,0.0,1.0,0,0
/home/test/bupt_hjk/sdp_dataset/elderAL/action2_fall_new/user0_position9_activity2/20250814=004905_mimo5s_part0.csv,8,12288,28,True,True,0.0,0.0,0.0,0.0,0.0,1.0,0,0
/home/test/bupt_hjk/sdp_dataset/elderAL/action2_fall_new/user0_position9_activity2/20250814=004916_mimo5s_part0.csv,37,56832,28,False,False,3368.538520978158,975.9236988544392,1.0315595118509513,1148.5673881842313,1.0711176621261307,0.01936735812922126,0,0
/home/test/bupt_hjk/sdp_dataset/elderAL/action2_fall_new/user1_position1_activity2/20250813=225231_mimo5s_part0.csv,11,16896,28,True,True,0.0,0.0,0.0,0.0,0.0,0.9999999999999999,0,0
/home/test/bupt_hjk/sdp_dataset/elderAL/action2_fall_new/user1_position1_activity2/20250813=225238_mimo5s_part0.csv,11,16896,28,True,True,0.0,0.0,0.0,0.0,0.0,1.0,0,0
/home/test/bupt_hjk/sdp_dataset/elderAL/action2_fall_new/user1_position1_activity2/20250813=225248_mimo5s_part0.csv,3,4608,28,True,True,0.0,0.0,0.0,0.0,0.0,0.9999999999999999,0,0
/home/test/bupt_hjk/sdp_dataset/elderAL/action2_fall_new/user1_position1_activity2/20250813=225254_mimo5s_part0.csv,4,6144,28,True,True,0.0,0.0,0.0,0.0,0.0,1.0,0,0
/home/test/bupt_hjk/sdp_dataset/elderAL/action2_fall_new/user1_position1_activity2/20250813=225312_mimo5s_part0.csv,4,6144,28,True,True,0.0,0.0,0.0,0.0,0.0,0.9999999999999999,0,0
/home/test/bupt_hjk/sdp_dataset/elderAL/action2_fall_new/user1_position1_activity2/20250813=225323_mimo5s_part0.csv,10,15360,28,True,True,0.0,0.0,0.0,0.0,0.0,1.0,0,0
/home/test/bupt_hjk/sdp_dataset/elderAL/action2_fall_new/user1_position1_activity2/20250813=225331_mimo5s_part0.csv,7,10752,28,True,True,0.0,0.0,0.0,0.0,0.0,1.0,0,0
/home/test/bupt_hjk/sdp_dataset/elderAL/action2_fall_new/user1_position1_activity2/20250813=225339_mimo5s_part0.csv,4,6144,28,True,True,0.0,0.0,0.0,0.0,0.0,1.0,0,0
/home/test/bupt_hjk/sdp_dataset/elderAL/action2_fall_new/user1_position1_activity2/20250813=225346_mimo5s_part0.csv,21,32256,28,True,True,0.0,0.0,0.0,0.0,0.0,1.0,0,0
/home/test/bupt_hjk/sdp_dataset/elderAL/action2_fall_new/user1_position1_activity2/20250813=225357_mimo5s_part0.csv,9,13824,28,True,True,0.0,0.0,0.0,0.0,0.0,1.0,0,0
/home/test/bupt_hjk/sdp_dataset/elderAL/action2_fall_new/user1_position1_activity2/20250813=225406_mimo5s_part0.csv,11,16896,28,True,True,0.0,0.0,0.0,0.0,0.0,1.0,0,0
/home/test/bupt_hjk/sdp_dataset/elderAL/action2_fall_new/user1_position1_activity2/20250813=225423_mimo5s_part0.csv,10,15360,28,True,True,0.0,0.0,0.0,0.0,0.0,1.0,0,0
/home/test/bupt_hjk/sdp_dataset/elderAL/action2_fall_new/user1_position1_activity2/20250813=225433_mimo5s_part0.csv,4,6144,28,True,True,0.0,0.0,0.0,0.0,0.0,1.0,0,0
/home/test/bupt_hjk/sdp_dataset/elderAL/action2_fall_new/user1_position2_activity2/20250813=231921_mimo5s_part0.csv,17,26112,28,True,True,0.0,0.0,0.0,0.0,0.0,1.0,0,0
/home/test/bupt_hjk/sdp_dataset/elderAL/action2_fall_new/user1_position2_activity2/20250813=231932_mimo5s_part0.csv,11,16896,28,True,True,0.0,0.0,0.0,0.0,0.0,0.9999999999999999,0,0
/home/test/bupt_hjk/sdp_dataset/elderAL/action2_fall_new/user1_position2_activity2/20250813=231944_mimo5s_part0.csv,4,6144,28,True,True,0.0,0.0,0.0,0.0,0.0,1.0,0,0
/home/test/bupt_hjk/sdp_dataset/elderAL/action2_fall_new/user1_position2_activity2/20250813=231957_mimo5s_part0.csv,7,10752,28,True,True,0.0,0.0,0.0,0.0,0.0,0.9999999999999999,0,0
/home/test/bupt_hjk/sdp_dataset/elderAL/action2_fall_new/user1_position2_activity2/20250813=232007_mimo5s_part0.csv,4,6144,28,True,True,0.0,0.0,0.0,0.0,0.0,1.0,0,0
/home/test/bupt_hjk/sdp_dataset/elderAL/action2_fall_new/user1_position2_activity2/20250813=232017_mimo5s_part0.csv,7,10752,28,True,True,0.0,0.0,0.0,0.0,0.0,1.0,0,0
/home/test/bupt_hjk/sdp_dataset/elderAL/action2_fall_new/user1_position2_activity2/20250813=232026_mimo5s_part0.csv,3,4608,28,True,True,0.0,0.0,0.0,0.0,0.0,0.9999999999999999,0,0
/home/test/bupt_hjk/sdp_dataset/elderAL/action2_fall_new/user1_position2_activity2/20250813=232041_mimo5s_part0.csv,10,15360,28,True,True,0.0,0.0,0.0,0.0,0.0,1.0,0,0
/home/test/bupt_hjk/sdp_dataset/elderAL/action2_fall_new/user1_position2_activity2/20250813=232054_mimo5s_part0.csv,24,36864,28,True,True,0.0,0.0,0.0,0.0,0.0,1.0,0,0
/home/test/bupt_hjk/sdp_dataset/elderAL/action2_fall_new/user1_position2_activity2/20250813=232105_mimo5s_part0.csv,7,10752,28,True,True,0.0,0.0,0.0,0.0,0.0,1.0,0,0
/home/test/bupt_hjk/sdp_dataset/elderAL/action2_fall_new/user1_position2_activity2/20250813=232115_mimo5s_part0.csv,4,6144,28,True,True,0.0,0.0,0.0,0.0,0.0,0.9999999999999998,0,0
/home/test/bupt_hjk/sdp_dataset/elderAL/action2_fall_new/user1_position2_activity2/20250813=232129_mimo5s_part0.csv,33,50688,28,False,False,2627.3498351316557,763.3161460703407,0.8627309257967006,894.7082024155568,0.8926589218150695,0.23513444385898244,0,0
/home/test/bupt_hjk/sdp_dataset/elderAL/action2_fall_new/user1_position2_activity2/20250813=232152_mimo5s_part0.csv,14,21504,28,True,True,0.0,0.0,0.0,0.0,0.0,1.0,0,0
/home/test/bupt_hjk/sdp_dataset/elderAL/action2_fall_new/user1_position2_activity2/20250813=232202_mimo5s_part0.csv,10,15360,28,True,True,0.0,0.0,0.0,0.0,0.0,1.0,0,0
/home/test/bupt_hjk/sdp_dataset/elderAL/action2_fall_new/user1_position3_activity2/20250813=233608_mimo5s_part0.csv,14,21504,28,True,True,0.0,0.0,0.0,0.0,0.0,0.9999999999999999,0,0
/home/test/bupt_hjk/sdp_dataset/elderAL/action2_fall_new/user1_position3_activity2/20250813=233619_mimo5s_part0.csv,7,10752,28,True,True,0.0,0.0,0.0,0.0,0.0,1.0,0,0
/home/test/bupt_hjk/sdp_dataset/elderAL/action2_fall_new/user1_position3_activity2/20250813=233631_mimo5s_part0.csv,15,23040,28,True,True,0.0,0.0,0.0,0.0,0.0,0.9999999999999999,0,0
/home/test/bupt_hjk/sdp_dataset/elderAL/action2_fall_new/user1_position3_activity2/20250813=233640_mimo5s_part0.csv,12,18432,28,True,True,0.0,0.0,0.0,0.0,0.0,0.9999999999999999,0,0
/home/test/bupt_hjk/sdp_dataset/elderAL/action2_fall_new/user1_position3_activity2/20250813=233651_mimo5s_part0.csv,24,36864,28,True,True,0.0,0.0,0.0,0.0,0.0,1.0,0,0
/home/test/bupt_hjk/sdp_dataset/elderAL/action2_fall_new/user1_position3_activity2/20250813=233702_mimo5s_part0.csv,4,6144,28,True,True,0.0,0.0,0.0,0.0,0.0,1.0,0,0
/home/test/bupt_hjk/sdp_dataset/elderAL/action2_fall_new/user1_position3_activity2/20250813=233723_mimo5s_part0.csv,11,16896,28,True,True,0.0,0.0,0.0,0.0,0.0,1.0,0,0
/home/test/bupt_hjk/sdp_dataset/elderAL/action2_fall_new/user1_position3_activity2/20250813=233732_mimo5s_part0.csv,11,16896,28,True,True,0.0,0.0,0.0,0.0,0.0,0.9999999999999998,0,0
/home/test/bupt_hjk/sdp_dataset/elderAL/action2_fall_new/user1_position3_activity2/20250813=233743_mimo5s_part0.csv,11,16896,28,True,True,0.0,0.0,0.0,0.0,0.0,0.9999999999999999,0,0
/home/test/bupt_hjk/sdp_dataset/elderAL/action2_fall_new/user1_position3_activity2/20250813=233754_mimo5s_part0.csv,8,12288,28,True,True,0.0,0.0,0.0,0.0,0.0,1.0,0,0
/home/test/bupt_hjk/sdp_dataset/elderAL/action2_fall_new/user1_position3_activity2/20250813=233805_mimo5s_part0.csv,7,10752,28,True,True,0.0,0.0,0.0,0.0,0.0,1.0,0,0
/home/test/bupt_hjk/sdp_dataset/elderAL/action2_fall_new/user1_position3_activity2/20250813=233829_mimo5s_part0.csv,28,43008,28,False,False,3030.994216058305,813.7084431188778,0.874274881993905,980.206440983101,0.922406247853469,0.1958968922250897,0,0
/home/test/bupt_hjk/sdp_dataset/elderAL/action2_fall_new/user1_position3_activity2/20250813=233838_mimo5s_part0.csv,3,4608,28,True,True,0.0,0.0,0.0,0.0,0.0,0.9999999999999999,0,0
/home/test/bupt_hjk/sdp_dataset/elderAL/action2_fall_new/user1_position4_activity2/20250813=234143_mimo5s_part0.csv,14,21504,28,True,True,0.0,0.0,0.0,0.0,0.0,0.9999999999999999,0,0
/home/test/bupt_hjk/sdp_dataset/elderAL/action2_fall_new/user1_position4_activity2/20250813=234157_mimo5s_part0.csv,17,26112,28,True,True,0.0,0.0,0.0,0.0,0.0,1.0,0,0
/home/test/bupt_hjk/sdp_dataset/elderAL/action2_fall_new/user1_position4_activity2/20250813=234211_mimo5s_part0.csv,14,21504,28,True,True,0.0,0.0,0.0,0.0,0.0,1.0,0,0
/home/test/bupt_hjk/sdp_dataset/elderAL/action2_fall_new/user1_position4_activity2/20250813=234222_mimo5s_part0.csv,4,6144,28,True,True,0.0,0.0,0.0,0.0,0.0,1.0,0,0
/home/test/bupt_hjk/sdp_dataset/elderAL/action2_fall_new/user1_position4_activity2/20250813=234236_mimo5s_part0.csv,8,12288,28,True,True,0.0,0.0,0.0,0.0,0.0,1.0,0,0
/home/test/bupt_hjk/sdp_dataset/elderAL/action2_fall_new/user1_position4_activity2/20250813=234304_mimo5s_part0.csv,4,6144,28,True,True,0.0,0.0,0.0,0.0,0.0,0.9999999999999998,0,0
/home/test/bupt_hjk/sdp_dataset/elderAL/action2_fall_new/user1_position4_activity2/20250813=234317_mimo5s_part0.csv,4,6144,28,True,True,0.0,0.0,0.0,0.0,0.0,1.0,0,0
/home/test/bupt_hjk/sdp_dataset/elderAL/action2_fall_new/user1_position4_activity2/20250813=234328_mimo5s_part0.csv,22,33792,28,True,True,0.0,0.0,0.0,0.0,0.0,1.0,0,0
/home/test/bupt_hjk/sdp_dataset/elderAL/action2_fall_new/user1_position4_activity2/20250813=234342_mimo5s_part0.csv,11,16896,28,True,True,0.0,0.0,0.0,0.0,0.0,0.9999999999999999,0,0
/home/test/bupt_hjk/sdp_dataset/elderAL/action2_fall_new/user1_position4_activity2/20250813=234357_mimo5s_part0.csv,10,15360,28,True,True,0.0,0.0,0.0,0.0,0.0,1.0,0,0
/home/test/bupt_hjk/sdp_dataset/elderAL/action2_fall_new/user1_position4_activity2/20250813=234409_mimo5s_part0.csv,17,26112,28,True,True,0.0,0.0,0.0,0.0,0.0,0.9999999999999999,0,0
/home/test/bupt_hjk/sdp_dataset/elderAL/action2_fall_new/user1_position4_activity2/20250813=234421_mimo5s_part0.csv,18,27648,28,True,True,0.0,0.0,0.0,0.0,0.0,1.0,0,0
/home/test/bupt_hjk/sdp_dataset/elderAL/action2_fall_new/user1_position4_activity2/20250813=234434_mimo5s_part0.csv,12,18432,28,True,True,0.0,0.0,0.0,0.0,0.0,1.0,0,0
/home/test/bupt_hjk/sdp_dataset/elderAL/action2_fall_new/user1_position5_activity2/20250813=235833_mimo5s_part0.csv,7,10752,28,True,True,0.0,0.0,0.0,0.0,0.0,1.0,0,0
/home/test/bupt_hjk/sdp_dataset/elderAL/action2_fall_new/user1_position5_activity2/20250813=235842_mimo5s_part0.csv,7,10752,28,True,True,0.0,0.0,0.0,0.0,0.0,1.0,0,0
/home/test/bupt_hjk/sdp_dataset/elderAL/action2_fall_new/user1_position5_activity2/20250813=235853_mimo5s_part0.csv,46,70656,28,False,False,3367.502797600401,918.570433774162,0.9399922791441491,1085.9172286646306,0.9791249575956871,0.23651325534398557,0,0
/home/test/bupt_hjk/sdp_dataset/elderAL/action2_fall_new/user1_position5_activity2/20250813=235902_mimo5s_part0.csv,4,6144,28,True,True,0.0,0.0,0.0,0.0,0.0,1.0,0,0
/home/test/bupt_hjk/sdp_dataset/elderAL/action2_fall_new/user1_position5_activity2/20250813=235920_mimo5s_part0.csv,17,26112,28,True,True,0.0,0.0,0.0,0.0,0.0,1.0,0,0
/home/test/bupt_hjk/sdp_dataset/elderAL/action2_fall_new/user1_position5_activity2/20250813=235930_mimo5s_part0.csv,51,78336,28,False,False,3038.3348847943294,778.3997050641383,0.9028724570665361,911.8957630762586,0.9089699838588325,0.31039502639343736,0,0
/home/test/bupt_hjk/sdp_dataset/elderAL/action2_fall_new/user1_position5_activity2/20250813=235939_mimo5s_part0.csv,7,10752,28,True,True,0.0,0.0,0.0,0.0,0.0,1.0,0,0
/home/test/bupt_hjk/sdp_dataset/elderAL/action2_fall_new/user1_position5_activity2/20250813=235951_mimo5s_part0.csv,10,15360,28,True,True,0.0,0.0,0.0,0.0,0.0,1.0,0,0
/home/test/bupt_hjk/sdp_dataset/elderAL/action2_fall_new/user1_position5_activity2/20250814=000003_mimo5s_part0.csv,4,6144,28,True,True,0.0,0.0,0.0,0.0,0.0,1.0,0,0
/home/test/bupt_hjk/sdp_dataset/elderAL/action2_fall_new/user1_position5_activity2/20250814=000015_mimo5s_part0.csv,4,6144,28,True,True,0.0,0.0,0.0,0.0,0.0,1.0,0,0
/home/test/bupt_hjk/sdp_dataset/elderAL/action2_fall_new/user1_position5_activity2/20250814=000025_mimo5s_part0.csv,14,21504,28,True,True,0.0,0.0,0.0,0.0,0.0,1.0,0,0
/home/test/bupt_hjk/sdp_dataset/elderAL/action2_fall_new/user1_position5_activity2/20250814=000037_mimo5s_part0.csv,7,10752,28,True,True,0.0,0.0,0.0,0.0,0.0,0.9999999999999998,0,0
/home/test/bupt_hjk/sdp_dataset/elderAL/action2_fall_new/user1_position5_activity2/20250814=000048_mimo5s_part0.csv,4,6144,28,True,True,0.0,0.0,0.0,0.0,0.0,1.0,0,0
/home/test/bupt_hjk/sdp_dataset/elderAL/action2_fall_new/user1_position5_activity2/20250814=000100_mimo5s_part0.csv,10,15360,28,True,True,0.0,0.0,0.0,0.0,0.0,1.0,0,0
/home/test/bupt_hjk/sdp_dataset/elderAL/action2_fall_new/user1_position5_activity2/20250814=000110_mimo5s_part0.csv,10,15360,28,True,True,0.0,0.0,0.0,0.0,0.0,1.0,0,0
/home/test/bupt_hjk/sdp_dataset/elderAL/action2_fall_new/user1_position6_activity2/20250814=000942_mimo5s_part0.csv,23,35328,28,True,True,0.0,0.0,0.0,0.0,0.0,0.9999999999999998,0,0
/home/test/bupt_hjk/sdp_dataset/elderAL/action2_fall_new/user1_position6_activity2/20250814=001001_mimo5s_part0.csv,11,16896,28,True,True,0.0,0.0,0.0,0.0,0.0,0.9999999999999998,0,0
/home/test/bupt_hjk/sdp_dataset/elderAL/action2_fall_new/user1_position6_activity2/20250814=001014_mimo5s_part0.csv,10,15360,28,True,True,0.0,0.0,0.0,0.0,0.0,1.0,0,0
/home/test/bupt_hjk/sdp_dataset/elderAL/action2_fall_new/user1_position6_activity2/20250814=001029_mimo5s_part0.csv,27,41472,28,True,True,0.0,0.0,0.0,0.0,0.0,1.0,0,0
/home/test/bupt_hjk/sdp_dataset/elderAL/action2_fall_new/user1_position6_activity2/20250814=001043_mimo5s_part0.csv,11,16896,28,True,True,0.0,0.0,0.0,0.0,0.0,0.9999999999999998,0,0
/home/test/bupt_hjk/sdp_dataset/elderAL/action2_fall_new/user1_position6_activity2/20250814=001058_mimo5s_part0.csv,7,10752,28,True,True,0.0,0.0,0.0,0.0,0.0,1.0,0,0
/home/test/bupt_hjk/sdp_dataset/elderAL/action2_fall_new/user1_position6_activity2/20250814=001109_mimo5s_part0.csv,14,21504,28,True,True,0.0,0.0,0.0,0.0,0.0,0.9999999999999999,0,0
/home/test/bupt_hjk/sdp_dataset/elderAL/action2_fall_new/user1_position6_activity2/20250814=001120_mimo5s_part0.csv,13,19968,28,True,True,0.0,0.0,0.0,0.0,0.0,1.0,0,0
/home/test/bupt_hjk/sdp_dataset/elderAL/action2_fall_new/user1_position6_activity2/20250814=001131_mimo5s_part0.csv,16,24576,28,True,True,0.0,0.0,0.0,0.0,0.0,1.0,0,0
/home/test/bupt_hjk/sdp_dataset/elderAL/action2_fall_new/user1_position6_activity2/20250814=001142_mimo5s_part0.csv,14,21504,28,True,True,0.0,0.0,0.0,0.0,0.0,1.0,0,0
/home/test/bupt_hjk/sdp_dataset/elderAL/action2_fall_new/user1_position6_activity2/20250814=001153_mimo5s_part0.csv,11,16896,28,True,True,0.0,0.0,0.0,0.0,0.0,1.0,0,0
/home/test/bupt_hjk/sdp_dataset/elderAL/action2_fall_new/user1_position6_activity2/20250814=001207_mimo5s_part0.csv,20,30720,28,True,True,0.0,0.0,0.0,0.0,0.0,1.0,0,0
/home/test/bupt_hjk/sdp_dataset/elderAL/action2_fall_new/user1_position6_activity2/20250814=001218_mimo5s_part0.csv,11,16896,28,True,True,0.0,0.0,0.0,0.0,0.0,0.9999999999999998,0,0
/home/test/bupt_hjk/sdp_dataset/elderAL/action2_fall_new/user1_position6_activity2/20250814=001228_mimo5s_part0.csv,13,19968,28,True,True,0.0,0.0,0.0,0.0,0.0,1.0,0,0
/home/test/bupt_hjk/sdp_dataset/elderAL/action2_fall_new/user1_position6_activity2/20250814=001238_mimo5s_part0.csv,10,15360,28,True,True,0.0,0.0,0.0,0.0,0.0,1.0,0,0
/home/test/bupt_hjk/sdp_dataset/elderAL/action2_fall_new/user1_position7_activity2/20250814=001830_mimo5s_part0.csv,28,43008,28,False,False,2466.402790513268,496.68071397589165,0.5586739097856133,684.5398030246001,0.6754009901879118,0.4395486492238261,0,0
/home/test/bupt_hjk/sdp_dataset/elderAL/action2_fall_new/user1_position7_activity2/20250814=001839_mimo5s_part0.csv,11,16896,28,True,True,0.0,0.0,0.0,0.0,0.0,1.0,0,0
/home/test/bupt_hjk/sdp_dataset/elderAL/action2_fall_new/user1_position7_activity2/20250814=001847_mimo5s_part0.csv,14,21504,28,True,True,0.0,0.0,0.0,0.0,0.0,1.0,0,0
/home/test/bupt_hjk/sdp_dataset/elderAL/action2_fall_new/user1_position7_activity2/20250814=001857_mimo5s_part0.csv,20,30720,28,True,True,0.0,0.0,0.0,0.0,0.0,1.0,0,0
/home/test/bupt_hjk/sdp_dataset/elderAL/action2_fall_new/user1_position7_activity2/20250814=001912_mimo5s_part0.csv,10,15360,28,True,True,0.0,0.0,0.0,0.0,0.0,0.9999999999999999,0,0
/home/test/bupt_hjk/sdp_dataset/elderAL/action2_fall_new/user1_position7_activity2/20250814=001921_mimo5s_part0.csv,7,10752,28,True,True,0.0,0.0,0.0,0.0,0.0,1.0,0,0
/home/test/bupt_hjk/sdp_dataset/elderAL/action2_fall_new/user1_position7_activity2/20250814=001931_mimo5s_part0.csv,40,61440,28,False,False,2464.766706782416,696.3956555091262,0.7555938537846668,801.0579495255649,0.766965549561706,0.546515979263219,0,0
/home/test/bupt_hjk/sdp_dataset/elderAL/action2_fall_new/user1_position7_activity2/20250814=001943_mimo5s_part0.csv,4,6144,28,True,True,0.0,0.0,0.0,0.0,0.0,1.0,0,0
/home/test/bupt_hjk/sdp_dataset/elderAL/action2_fall_new/user1_position7_activity2/20250814=001952_mimo5s_part0.csv,20,30720,28,True,True,0.0,0.0,0.0,0.0,0.0,1.0,0,0
/home/test/bupt_hjk/sdp_dataset/elderAL/action2_fall_new/user1_position7_activity2/20250814=002014_mimo5s_part0.csv,11,16896,28,True,True,0.0,0.0,0.0,0.0,0.0,1.0,0,0
/home/test/bupt_hjk/sdp_dataset/elderAL/action2_fall_new/user1_position7_activity2/20250814=002026_mimo5s_part0.csv,11,16896,28,True,True,0.0,0.0,0.0,0.0,0.0,1.0,0,0
/home/test/bupt_hjk/sdp_dataset/elderAL/action2_fall_new/user1_position7_activity2/20250814=002051_mimo5s_part0.csv,14,21504,28,True,True,0.0,0.0,0.0,0.0,0.0,0.9999999999999998,0,0
/home/test/bupt_hjk/sdp_dataset/elderAL/action2_fall_new/user1_position7_activity2/20250814=002102_mimo5s_part0.csv,24,36864,28,True,True,0.0,0.0,0.0,0.0,0.0,0.9999999999999999,0,0
/home/test/bupt_hjk/sdp_dataset/elderAL/action2_fall_new/user1_position8_activity2/20250814=003520_mimo5s_part0.csv,20,30720,28,True,True,0.0,0.0,0.0,0.0,0.0,0.9999999999999999,0,0
/home/test/bupt_hjk/sdp_dataset/elderAL/action2_fall_new/user1_position8_activity2/20250814=003531_mimo5s_part0.csv,11,16896,28,True,True,0.0,0.0,0.0,0.0,0.0,0.9999999999999998,0,0
/home/test/bupt_hjk/sdp_dataset/elderAL/action2_fall_new/user1_position8_activity2/20250814=003548_mimo5s_part0.csv,4,6144,28,True,True,0.0,0.0,0.0,0.0,0.0,1.0,0,0
/home/test/bupt_hjk/sdp_dataset/elderAL/action2_fall_new/user1_position8_activity2/20250814=003615_mimo5s_part0.csv,15,23040,28,True,True,0.0,0.0,0.0,0.0,0.0,1.0,0,0
/home/test/bupt_hjk/sdp_dataset/elderAL/action2_fall_new/user1_position8_activity2/20250814=003624_mimo5s_part0.csv,3,4608,28,True,True,0.0,0.0,0.0,0.0,0.0,0.9999999999999999,0,0
/home/test/bupt_hjk/sdp_dataset/elderAL/action2_fall_new/user1_position8_activity2/20250814=003638_mimo5s_part0.csv,4,6144,28,True,True,0.0,0.0,0.0,0.0,0.0,1.0,0,0
/home/test/bupt_hjk/sdp_dataset/elderAL/action2_fall_new/user1_position8_activity2/20250814=003649_mimo5s_part0.csv,7,10752,28,True,True,0.0,0.0,0.0,0.0,0.0,0.9999999999999998,0,0
/home/test/bupt_hjk/sdp_dataset/elderAL/action2_fall_new/user1_position8_activity2/20250814=003726_mimo5s_part0.csv,8,12288,28,True,True,0.0,0.0,0.0,0.0,0.0,0.9999999999999998,0,0
/home/test/bupt_hjk/sdp_dataset/elderAL/action2_fall_new/user1_position8_activity2/20250814=003736_mimo5s_part0.csv,14,21504,28,True,True,0.0,0.0,0.0,0.0,0.0,1.0,0,0
/home/test/bupt_hjk/sdp_dataset/elderAL/action2_fall_new/user1_position8_activity2/20250814=003749_mimo5s_part0.csv,8,12288,28,True,True,0.0,0.0,0.0,0.0,0.0,1.0,0,0
/home/test/bupt_hjk/sdp_dataset/elderAL/action2_fall_new/user1_position8_activity2/20250814=003805_mimo5s_part0.csv,4,6144,28,True,True,0.0,0.0,0.0,0.0,0.0,0.9999999999999998,0,0
/home/test/bupt_hjk/sdp_dataset/elderAL/action2_fall_new/user1_position8_activity2/20250814=003815_mimo5s_part0.csv,8,12288,28,True,True,0.0,0.0,0.0,0.0,0.0,1.0,0,0
/home/test/bupt_hjk/sdp_dataset/elderAL/action2_fall_new/user1_position8_activity2/20250814=003824_mimo5s_part0.csv,11,16896,28,True,True,0.0,0.0,0.0,0.0,0.0,1.0,0,0
/home/test/bupt_hjk/sdp_dataset/elderAL/action2_fall_new/user1_position8_activity2/20250814=003833_mimo5s_part0.csv,11,16896,28,True,True,0.0,0.0,0.0,0.0,0.0,1.0,0,0
/home/test/bupt_hjk/sdp_dataset/elderAL/action2_fall_new/user1_position8_activity2/20250814=003843_mimo5s_part0.csv,8,12288,28,True,True,0.0,0.0,0.0,0.0,0.0,1.0,0,0
/home/test/bupt_hjk/sdp_dataset/elderAL/action2_fall_new/user1_position9_activity2/20250814=005413_mimo5s_part0.csv,10,15360,28,True,True,0.0,0.0,0.0,0.0,0.0,1.0,0,0
/home/test/bupt_hjk/sdp_dataset/elderAL/action2_fall_new/user1_position9_activity2/20250814=005430_mimo5s_part0.csv,50,76800,28,False,False,3247.4789066945823,719.032396352614,0.8080424017895197,863.183108670467,0.8422443923551479,0.4327792714708617,0,0
/home/test/bupt_hjk/sdp_dataset/elderAL/action2_fall_new/user1_position9_activity2/20250814=005447_mimo5s_part0.csv,11,16896,28,True,True,0.0,0.0,0.0,0.0,0.0,1.0,0,0
/home/test/bupt_hjk/sdp_dataset/elderAL/action2_fall_new/user1_position9_activity2/20250814=005456_mimo5s_part0.csv,11,16896,28,True,True,0.0,0.0,0.0,0.0,0.0,1.0,0,0
/home/test/bupt_hjk/sdp_dataset/elderAL/action2_fall_new/user1_position9_activity2/20250814=005513_mimo5s_part0.csv,18,27648,28,True,True,0.0,0.0,0.0,0.0,0.0,0.9999999999999999,0,0
/home/test/bupt_hjk/sdp_dataset/elderAL/action2_fall_new/user1_position9_activity2/20250814=005545_mimo5s_part0.csv,11,16896,28,True,True,0.0,0.0,0.0,0.0,0.0,1.0,0,0
/home/test/bupt_hjk/sdp_dataset/elderAL/action2_fall_new/user1_position9_activity2/20250814=005556_mimo5s_part0.csv,8,12288,28,True,True,0.0,0.0,0.0,0.0,0.0,0.9999999999999999,0,0
/home/test/bupt_hjk/sdp_dataset/elderAL/action2_fall_new/user1_position9_activity2/20250814=005612_mimo5s_part0.csv,14,21504,28,True,True,0.0,0.0,0.0,0.0,0.0,0.9999999999999999,0,0
/home/test/bupt_hjk/sdp_dataset/elderAL/action2_fall_new/user1_position9_activity2/20250814=005626_mimo5s_part0.csv,11,16896,28,True,True,0.0,0.0,0.0,0.0,0.0,0.9999999999999999,0,0
/home/test/bupt_hjk/sdp_dataset/elderAL/action2_fall_new/user1_position9_activity2/20250814=005641_mimo5s_part0.csv,4,6144,28,True,True,0.0,0.0,0.0,0.0,0.0,1.0,0,0
/home/test/bupt_hjk/sdp_dataset/elderAL/action2_fall_new/user1_position9_activity2/20250814=005713_mimo5s_part0.csv,7,10752,28,True,True,0.0,0.0,0.0,0.0,0.0,1.0,0,0
/home/test/bupt_hjk/sdp_dataset/elderAL/action2_fall_new/user1_position9_activity2/20250814=005726_mimo5s_part0.csv,14,21504,28,True,True,0.0,0.0,0.0,0.0,0.0,0.9999999999999998,0,0
/home/test/bupt_hjk/sdp_dataset/elderAL/action2_fall_new/user1_position9_activity2/20250814=005737_mimo5s_part0.csv,4,6144,28,True,True,0.0,0.0,0.0,0.0,0.0,1.0,0,0
/home/test/bupt_hjk/sdp_dataset/elderAL/action2_fall_new/user1_position9_activity2/20250814=005747_mimo5s_part0.csv,7,10752,28,True,True,0.0,0.0,0.0,0.0,0.0,0.9999999999999998,0,0
/home/test/bupt_hjk/sdp_dataset/elderAL/action2_fall_new/user1_position9_activity2/20250814=005759_mimo5s_part0.csv,4,6144,28,True,True,0.0,0.0,0.0,0.0,0.0,1.0,0,0
/home/test/bupt_hjk/sdp_dataset/elderAL/action2_fall_new/user2_position1_activity2/20250813=231153_mimo5s_part0.csv,13,19968,28,True,True,0.0,0.0,0.0,0.0,0.0,1.0,0,0
/home/test/bupt_hjk/sdp_dataset/elderAL/action2_fall_new/user2_position1_activity2/20250813=231202_mimo5s_part0.csv,11,16896,28,True,True,0.0,0.0,0.0,0.0,0.0,1.0,0,0
/home/test/bupt_hjk/sdp_dataset/elderAL/action2_fall_new/user2_position1_activity2/20250813=231212_mimo5s_part0.csv,12,18432,28,True,True,0.0,0.0,0.0,0.0,0.0,1.0,0,0
/home/test/bupt_hjk/sdp_dataset/elderAL/action2_fall_new/user2_position1_activity2/20250813=231223_mimo5s_part0.csv,3,4608,28,True,True,0.0,0.0,0.0,0.0,0.0,1.0,0,0
/home/test/bupt_hjk/sdp_dataset/elderAL/action2_fall_new/user2_position1_activity2/20250813=231232_mimo5s_part0.csv,3,4608,28,True,True,0.0,0.0,0.0,0.0,0.0,1.0,0,0
/home/test/bupt_hjk/sdp_dataset/elderAL/action2_fall_new/user2_position1_activity2/20250813=231243_mimo5s_part0.csv,4,6144,28,True,True,0.0,0.0,0.0,0.0,0.0,1.0,0,0
/home/test/bupt_hjk/sdp_dataset/elderAL/action2_fall_new/user2_position1_activity2/20250813=231251_mimo5s_part0.csv,24,36864,28,True,True,0.0,0.0,0.0,0.0,0.0,0.9999999999999999,0,0
/home/test/bupt_hjk/sdp_dataset/elderAL/action2_fall_new/user2_position1_activity2/20250813=231300_mimo5s_part0.csv,17,26112,28,True,True,0.0,0.0,0.0,0.0,0.0,1.0,0,0
/home/test/bupt_hjk/sdp_dataset/elderAL/action2_fall_new/user2_position1_activity2/20250813=231319_mimo5s_part0.csv,28,43008,28,False,False,2807.816336051881,696.1450190048562,0.7943146963165447,799.8940767293287,0.8128304243168142,0.31723342408044125,0,0
/home/test/bupt_hjk/sdp_dataset/elderAL/action2_fall_new/user2_position1_activity2/20250813=231328_mimo5s_part0.csv,28,43008,28,False,False,2975.7355136764327,801.9946384596021,0.9467118047249972,1028.8105962046945,1.0672550884230376,-0.025446040050763834,0,0
/home/test/bupt_hjk/sdp_dataset/elderAL/action2_fall_new/user2_position1_activity2/20250813=231338_mimo5s_part0.csv,4,6144,28,True,True,0.0,0.0,0.0,0.0,0.0,1.0,0,0
/home/test/bupt_hjk/sdp_dataset/elderAL/action2_fall_new/user2_position1_activity2/20250813=231349_mimo5s_part0.csv,36,55296,28,False,False,2562.2632959042894,841.3640376295641,0.9721301814350987,944.4472139298475,0.9687612143123754,0.33687958572255083,0,0
/home/test/bupt_hjk/sdp_dataset/elderAL/action2_fall_new/user2_position1_activity2/20250813=231358_mimo5s_part0.csv,40,61440,28,False,False,3379.5621417969965,780.2568660058747,0.8488874001812551,875.9847340761543,0.8541472740354275,0.4699555181436293,0,0
/home/test/bupt_hjk/sdp_dataset/elderAL/action2_fall_new/user2_position1_activity2/20250813=231408_mimo5s_part0.csv,7,10752,28,True,True,0.0,0.0,0.0,0.0,0.0,1.0,0,0
/home/test/bupt_hjk/sdp_dataset/elderAL/action2_fall_new/user2_position2_activity2/20250813=231448_mimo5s_part0.csv,4,6144,28,True,True,0.0,0.0,0.0,0.0,0.0,1.0,0,0
/home/test/bupt_hjk/sdp_dataset/elderAL/action2_fall_new/user2_position2_activity2/20250813=231501_mimo5s_part0.csv,11,16896,28,True,True,0.0,0.0,0.0,0.0,0.0,1.0,0,0
/home/test/bupt_hjk/sdp_dataset/elderAL/action2_fall_new/user2_position2_activity2/20250813=231510_mimo5s_part0.csv,11,16896,28,True,True,0.0,0.0,0.0,0.0,0.0,1.0,0,0
/home/test/bupt_hjk/sdp_dataset/elderAL/action2_fall_new/user2_position2_activity2/20250813=231522_mimo5s_part0.csv,21,32256,28,True,True,0.0,0.0,0.0,0.0,0.0,1.0,0,0
/home/test/bupt_hjk/sdp_dataset/elderAL/action2_fall_new/user2_position2_activity2/20250813=231533_mimo5s_part0.csv,12,18432,28,True,True,0.0,0.0,0.0,0.0,0.0,1.0,0,0
/home/test/bupt_hjk/sdp_dataset/elderAL/action2_fall_new/user2_position2_activity2/20250813=231544_mimo5s_part0.csv,11,16896,28,True,True,0.0,0.0,0.0,0.0,0.0,1.0,0,0
/home/test/bupt_hjk/sdp_dataset/elderAL/action2_fall_new/user2_position2_activity2/20250813=231555_mimo5s_part0.csv,8,12288,28,True,True,0.0,0.0,0.0,0.0,0.0,1.0,0,0
/home/test/bupt_hjk/sdp_dataset/elderAL/action2_fall_new/user2_position2_activity2/20250813=231604_mimo5s_part0.csv,4,6144,28,True,True,0.0,0.0,0.0,0.0,0.0,1.0,0,0
/home/test/bupt_hjk/sdp_dataset/elderAL/action2_fall_new/user2_position2_activity2/20250813=231614_mimo5s_part0.csv,8,12288,28,True,True,0.0,0.0,0.0,0.0,0.0,1.0,0,0
/home/test/bupt_hjk/sdp_dataset/elderAL/action2_fall_new/user2_position2_activity2/20250813=231624_mimo5s_part0.csv,11,16896,28,True,True,0.0,0.0,0.0,0.0,0.0,0.9999999999999999,0,0
/home/test/bupt_hjk/sdp_dataset/elderAL/action2_fall_new/user2_position2_activity2/20250813=231634_mimo5s_part0.csv,12,18432,28,True,True,0.0,0.0,0.0,0.0,0.0,1.0,0,0
/home/test/bupt_hjk/sdp_dataset/elderAL/action2_fall_new/user2_position2_activity2/20250813=231643_mimo5s_part0.csv,7,10752,28,True,True,0.0,0.0,0.0,0.0,0.0,0.9999999999999999,0,0
/home/test/bupt_hjk/sdp_dataset/elderAL/action2_fall_new/user2_position2_activity2/20250813=231655_mimo5s_part0.csv,10,15360,28,True,True,0.0,0.0,0.0,0.0,0.0,1.0,0,0
/home/test/bupt_hjk/sdp_dataset/elderAL/action2_fall_new/user2_position2_activity2/20250813=231705_mimo5s_part0.csv,14,21504,28,True,True,0.0,0.0,0.0,0.0,0.0,0.9999999999999999,0,0
/home/test/bupt_hjk/sdp_dataset/elderAL/action2_fall_new/user2_position3_activity2/20250813=233205_mimo5s_part0.csv,8,12288,28,True,True,0.0,0.0,0.0,0.0,0.0,1.0,0,0
/home/test/bupt_hjk/sdp_dataset/elderAL/action2_fall_new/user2_position3_activity2/20250813=233214_mimo5s_part0.csv,11,16896,28,True,True,0.0,0.0,0.0,0.0,0.0,1.0,0,0
/home/test/bupt_hjk/sdp_dataset/elderAL/action2_fall_new/user2_position3_activity2/20250813=233221_mimo5s_part0.csv,14,21504,28,True,True,0.0,0.0,0.0,0.0,0.0,1.0,0,0
/home/test/bupt_hjk/sdp_dataset/elderAL/action2_fall_new/user2_position3_activity2/20250813=233230_mimo5s_part0.csv,27,41472,28,True,True,0.0,0.0,0.0,0.0,0.0,1.0,0,0
/home/test/bupt_hjk/sdp_dataset/elderAL/action2_fall_new/user2_position3_activity2/20250813=233248_mimo5s_part0.csv,121,185856,28,False,False,2652.7942843418477,605.0392065871358,0.6392568864124352,709.1839134316241,0.6593507526540059,0.6202008933079357,0,0
/home/test/bupt_hjk/sdp_dataset/elderAL/action2_fall_new/user2_position3_activity2/20250813=233258_mimo5s_part0.csv,17,26112,28,True,True,0.0,0.0,0.0,0.0,0.0,1.0,0,0
/home/test/bupt_hjk/sdp_dataset/elderAL/action2_fall_new/user2_position3_activity2/20250813=233308_mimo5s_part0.csv,10,15360,28,True,True,0.0,0.0,0.0,0.0,0.0,1.0,0,0
/home/test/bupt_hjk/sdp_dataset/elderAL/action2_fall_new/user2_position3_activity2/20250813=233318_mimo5s_part0.csv,11,16896,28,True,True,0.0,0.0,0.0,0.0,0.0,1.0,0,0
/home/test/bupt_hjk/sdp_dataset/elderAL/action2_fall_new/user2_position3_activity2/20250813=233327_mimo5s_part0.csv,4,6144,28,True,True,0.0,0.0,0.0,0.0,0.0,0.9999999999999999,0,0
/home/test/bupt_hjk/sdp_dataset/elderAL/action2_fall_new/user2_position3_activity2/20250813=233337_mimo5s_part0.csv,11,16896,28,True,True,0.0,0.0,0.0,0.0,0.0,1.0,0,0
/home/test/bupt_hjk/sdp_dataset/elderAL/action2_fall_new/user2_position3_activity2/20250813=233346_mimo5s_part0.csv,14,21504,28,True,True,0.0,0.0,0.0,0.0,0.0,0.9999999999999999,0,0
/home/test/bupt_hjk/sdp_dataset/elderAL/action2_fall_new/user2_position3_activity2/20250813=233355_mimo5s_part0.csv,34,52224,28,False,False,2378.6319078356814,902.9717233233207,1.0001708017806108,1012.7927239290891,1.0089557384767367,-0.10694759650583122,0,0
/home/test/bupt_hjk/sdp_dataset/elderAL/action2_fall_new/user2_position3_activity2/20250813=233403_mimo5s_part0.csv,32,49152,28,False,False,2792.273358912744,754.9557472973564,0.8609335643374342,901.5204505600524,0.9061978462893694,0.4359723583533588,0,0
/home/test/bupt_hjk/sdp_dataset/elderAL/action2_fall_new/user2_position3_activity2/20250813=233414_mimo5s_part0.csv,17,26112,28,True,True,0.0,0.0,0.0,0.0,0.0,1.0,0,0
/home/test/bupt_hjk/sdp_dataset/elderAL/action2_fall_new/user2_position4_activity2/20250813=234557_mimo5s_part0.csv,17,26112,28,True,True,0.0,0.0,0.0,0.0,0.0,1.0,0,0
/home/test/bupt_hjk/sdp_dataset/elderAL/action2_fall_new/user2_position4_activity2/20250813=234612_mimo5s_part0.csv,4,6144,28,True,True,0.0,0.0,0.0,0.0,0.0,1.0,0,0
/home/test/bupt_hjk/sdp_dataset/elderAL/action2_fall_new/user2_position4_activity2/20250813=234622_mimo5s_part0.csv,18,27648,28,True,True,0.0,0.0,0.0,0.0,0.0,1.0,0,0
/home/test/bupt_hjk/sdp_dataset/elderAL/action2_fall_new/user2_position4_activity2/20250813=234631_mimo5s_part0.csv,21,32256,28,True,True,0.0,0.0,0.0,0.0,0.0,1.0,0,0
/home/test/bupt_hjk/sdp_dataset/elderAL/action2_fall_new/user2_position4_activity2/20250813=234640_mimo5s_part0.csv,7,10752,28,True,True,0.0,0.0,0.0,0.0,0.0,1.0,0,0
/home/test/bupt_hjk/sdp_dataset/elderAL/action2_fall_new/user2_position4_activity2/20250813=234648_mimo5s_part0.csv,4,6144,28,True,True,0.0,0.0,0.0,0.0,0.0,1.0,0,0
/home/test/bupt_hjk/sdp_dataset/elderAL/action2_fall_new/user2_position4_activity2/20250813=234658_mimo5s_part0.csv,14,21504,28,True,True,0.0,0.0,0.0,0.0,0.0,0.9999999999999999,0,0
/home/test/bupt_hjk/sdp_dataset/elderAL/action2_fall_new/user2_position4_activity2/20250813=234706_mimo5s_part0.csv,24,36864,28,True,True,0.0,0.0,0.0,0.0,0.0,1.0,0,0
/home/test/bupt_hjk/sdp_dataset/elderAL/action2_fall_new/user2_position4_activity2/20250813=234715_mimo5s_part0.csv,3,4608,28,True,True,0.0,0.0,0.0,0.0,0.0,1.0,0,0
/home/test/bupt_hjk/sdp_dataset/elderAL/action2_fall_new/user2_position4_activity2/20250813=234724_mimo5s_part0.csv,17,26112,28,True,True,0.0,0.0,0.0,0.0,0.0,1.0,0,0
/home/test/bupt_hjk/sdp_dataset/elderAL/action2_fall_new/user2_position4_activity2/20250813=234733_mimo5s_part0.csv,3,4608,28,True,True,0.0,0.0,0.0,0.0,0.0,0.9999999999999999,0,0
/home/test/bupt_hjk/sdp_dataset/elderAL/action2_fall_new/user2_position4_activity2/20250813=234747_mimo5s_part0.csv,4,6144,28,True,True,0.0,0.0,0.0,0.0,0.0,1.0,0,0
/home/test/bupt_hjk/sdp_dataset/elderAL/action2_fall_new/user2_position4_activity2/20250813=234755_mimo5s_part0.csv,14,21504,28,True,True,0.0,0.0,0.0,0.0,0.0,1.0,0,0
/home/test/bupt_hjk/sdp_dataset/elderAL/action2_fall_new/user2_position4_activity2/20250813=234806_mimo5s_part0.csv,7,10752,28,True,True,0.0,0.0,0.0,0.0,0.0,1.0,0,0
/home/test/bupt_hjk/sdp_dataset/elderAL/action2_fall_new/user2_position4_activity2/20250813=234814_mimo5s_part0.csv,16,24576,28,True,True,0.0,0.0,0.0,0.0,0.0,0.9999999999999998,0,0
/home/test/bupt_hjk/sdp_dataset/elderAL/action2_fall_new/user2_position5_activity2/20250814=000148_mimo5s_part0.csv,8,12288,28,True,True,0.0,0.0,0.0,0.0,0.0,0.9999999999999998,0,0
/home/test/bupt_hjk/sdp_dataset/elderAL/action2_fall_new/user2_position5_activity2/20250814=000157_mimo5s_part0.csv,8,12288,28,True,True,0.0,0.0,0.0,0.0,0.0,1.0,0,0
/home/test/bupt_hjk/sdp_dataset/elderAL/action2_fall_new/user2_position5_activity2/20250814=000205_mimo5s_part0.csv,14,21504,28,True,True,0.0,0.0,0.0,0.0,0.0,1.0,0,0
/home/test/bupt_hjk/sdp_dataset/elderAL/action2_fall_new/user2_position5_activity2/20250814=000215_mimo5s_part0.csv,7,10752,28,True,True,0.0,0.0,0.0,0.0,0.0,1.0,0,0
/home/test/bupt_hjk/sdp_dataset/elderAL/action2_fall_new/user2_position5_activity2/20250814=000222_mimo5s_part0.csv,11,16896,28,True,True,0.0,0.0,0.0,0.0,0.0,1.0,0,0
/home/test/bupt_hjk/sdp_dataset/elderAL/action2_fall_new/user2_position5_activity2/20250814=000230_mimo5s_part0.csv,24,36864,28,True,True,0.0,0.0,0.0,0.0,0.0,1.0,0,0
/home/test/bupt_hjk/sdp_dataset/elderAL/action2_fall_new/user2_position5_activity2/20250814=000237_mimo5s_part0.csv,14,21504,28,True,True,0.0,0.0,0.0,0.0,0.0,1.0,0,0
/home/test/bupt_hjk/sdp_dataset/elderAL/action2_fall_new/user2_position5_activity2/20250814=000246_mimo5s_part0.csv,8,12288,28,True,True,0.0,0.0,0.0,0.0,0.0,1.0,0,0
/home/test/bupt_hjk/sdp_dataset/elderAL/action2_fall_new/user2_position5_activity2/20250814=000255_mimo5s_part0.csv,8,12288,28,True,True,0.0,0.0,0.0,0.0,0.0,1.0,0,0
/home/test/bupt_hjk/sdp_dataset/elderAL/action2_fall_new/user2_position5_activity2/20250814=000303_mimo5s_part0.csv,15,23040,28,True,True,0.0,0.0,0.0,0.0,0.0,1.0,0,0
/home/test/bupt_hjk/sdp_dataset/elderAL/action2_fall_new/user2_position5_activity2/20250814=000311_mimo5s_part0.csv,11,16896,28,True,True,0.0,0.0,0.0,0.0,0.0,1.0,0,0
/home/test/bupt_hjk/sdp_dataset/elderAL/action2_fall_new/user2_position5_activity2/20250814=000328_mimo5s_part0.csv,34,52224,28,False,False,3178.6021350617502,1013.7206822042565,1.1098845207145596,1139.3197829751512,1.0911019053925635,0.13175812036120496,0,0
/home/test/bupt_hjk/sdp_dataset/elderAL/action2_fall_new/user2_position5_activity2/20250814=000338_mimo5s_part0.csv,3,4608,28,True,True,0.0,0.0,0.0,0.0,0.0,1.0,0,0
/home/test/bupt_hjk/sdp_dataset/elderAL/action2_fall_new/user2_position5_activity2/20250814=000346_mimo5s_part0.csv,8,12288,28,True,True,0.0,0.0,0.0,0.0,0.0,1.0,0,0
/home/test/bupt_hjk/sdp_dataset/elderAL/action2_fall_new/user2_position6_activity2/20250814=000435_mimo5s_part0.csv,11,16896,28,True,True,0.0,0.0,0.0,0.0,0.0,0.9999999999999999,0,0
/home/test/bupt_hjk/sdp_dataset/elderAL/action2_fall_new/user2_position6_activity2/20250814=000448_mimo5s_part0.csv,21,32256,28,True,True,0.0,0.0,0.0,0.0,0.0,1.0,0,0
/home/test/bupt_hjk/sdp_dataset/elderAL/action2_fall_new/user2_position6_activity2/20250814=000506_mimo5s_part0.csv,12,18432,28,True,True,0.0,0.0,0.0,0.0,0.0,1.0,0,0
/home/test/bupt_hjk/sdp_dataset/elderAL/action2_fall_new/user2_position6_activity2/20250814=000516_mimo5s_part0.csv,7,10752,28,True,True,0.0,0.0,0.0,0.0,0.0,0.9999999999999999,0,0
/home/test/bupt_hjk/sdp_dataset/elderAL/action2_fall_new/user2_position6_activity2/20250814=000525_mimo5s_part0.csv,4,6144,28,True,True,0.0,0.0,0.0,0.0,0.0,0.9999999999999999,0,0
/home/test/bupt_hjk/sdp_dataset/elderAL/action2_fall_new/user2_position6_activity2/20250814=000533_mimo5s_part0.csv,7,10752,28,True,True,0.0,0.0,0.0,0.0,0.0,1.0,0,0
/home/test/bupt_hjk/sdp_dataset/elderAL/action2_fall_new/user2_position6_activity2/20250814=000541_mimo5s_part0.csv,3,4608,28,True,True,0.0,0.0,0.0,0.0,0.0,0.9999999999999999,0,0
/home/test/bupt_hjk/sdp_dataset/elderAL/action2_fall_new/user2_position6_activity2/20250814=000551_mimo5s_part0.csv,15,23040,28,True,True,0.0,0.0,0.0,0.0,0.0,0.9999999999999999,0,0
/home/test/bupt_hjk/sdp_dataset/elderAL/action2_fall_new/user2_position6_activity2/20250814=000559_mimo5s_part0.csv,7,10752,28,True,True,0.0,0.0,0.0,0.0,0.0,1.0,0,0
/home/test/bupt_hjk/sdp_dataset/elderAL/action2_fall_new/user2_position6_activity2/20250814=000607_mimo5s_part0.csv,7,10752,28,True,True,0.0,0.0,0.0,0.0,0.0,1.0,0,0
/home/test/bupt_hjk/sdp_dataset/elderAL/action2_fall_new/user2_position6_activity2/20250814=000617_mimo5s_part0.csv,10,15360,28,True,True,0.0,0.0,0.0,0.0,0.0,1.0,0,0
/home/test/bupt_hjk/sdp_dataset/elderAL/action2_fall_new/user2_position6_activity2/20250814=000625_mimo5s_part0.csv,3,4608,28,True,True,0.0,0.0,0.0,0.0,0.0,0.9999999999999999,0,0
/home/test/bupt_hjk/sdp_dataset/elderAL/action2_fall_new/user2_position6_activity2/20250814=000634_mimo5s_part0.csv,7,10752,28,True,True,0.0,0.0,0.0,0.0,0.0,1.0,0,0
/home/test/bupt_hjk/sdp_dataset/elderAL/action2_fall_new/user2_position6_activity2/20250814=000735_mimo5s_part0.csv,5,7680,28,True,True,0.0,0.0,0.0,0.0,0.0,1.0,0,0
/home/test/bupt_hjk/sdp_dataset/elderAL/action2_fall_new/user2_position7_activity2/20250814=002756_mimo5s_part0.csv,11,16896,28,True,True,0.0,0.0,0.0,0.0,0.0,1.0,0,0
/home/test/bupt_hjk/sdp_dataset/elderAL/action2_fall_new/user2_position7_activity2/20250814=002807_mimo5s_part0.csv,10,15360,28,True,True,0.0,0.0,0.0,0.0,0.0,1.0,0,0
/home/test/bupt_hjk/sdp_dataset/elderAL/action2_fall_new/user2_position7_activity2/20250814=002821_mimo5s_part0.csv,7,10752,28,True,True,0.0,0.0,0.0,0.0,0.0,1.0,0,0
/home/test/bupt_hjk/sdp_dataset/elderAL/action2_fall_new/user2_position7_activity2/20250814=002835_mimo5s_part0.csv,11,16896,28,True,True,0.0,0.0,0.0,0.0,0.0,1.0,0,0
/home/test/bupt_hjk/sdp_dataset/elderAL/action2_fall_new/user2_position7_activity2/20250814=002843_mimo5s_part0.csv,14,21504,28,True,True,0.0,0.0,0.0,0.0,0.0,1.0,0,0
/home/test/bupt_hjk/sdp_dataset/elderAL/action2_fall_new/user2_position7_activity2/20250814=002850_mimo5s_part0.csv,34,52224,28,False,False,3095.733601813969,849.9697647485032,0.8719437159993385,955.456540657019,0.8647088346518277,0.4914654820230146,0,0
/home/test/bupt_hjk/sdp_dataset/elderAL/action2_fall_new/user2_position7_activity2/20250814=002858_mimo5s_part0.csv,15,23040,28,True,True,0.0,0.0,0.0,0.0,0.0,1.0,0,0
/home/test/bupt_hjk/sdp_dataset/elderAL/action2_fall_new/user2_position7_activity2/20250814=002906_mimo5s_part0.csv,10,15360,28,True,True,0.0,0.0,0.0,0.0,0.0,1.0,0,0
/home/test/bupt_hjk/sdp_dataset/elderAL/action2_fall_new/user2_position7_activity2/20250814=002914_mimo5s_part0.csv,14,21504,28,True,True,0.0,0.0,0.0,0.0,0.0,1.0,0,0
/home/test/bupt_hjk/sdp_dataset/elderAL/action2_fall_new/user2_position7_activity2/20250814=002926_mimo5s_part0.csv,11,16896,28,True,True,0.0,0.0,0.0,0.0,0.0,1.0,0,0
/home/test/bupt_hjk/sdp_dataset/elderAL/action2_fall_new/user2_position7_activity2/20250814=002936_mimo5s_part0.csv,7,10752,28,True,True,0.0,0.0,0.0,0.0,0.0,1.0,0,0
/home/test/bupt_hjk/sdp_dataset/elderAL/action2_fall_new/user2_position7_activity2/20250814=002944_mimo5s_part0.csv,11,16896,28,True,True,0.0,0.0,0.0,0.0,0.0,1.0,0,0
/home/test/bupt_hjk/sdp_dataset/elderAL/action2_fall_new/user2_position7_activity2/20250814=002952_mimo5s_part0.csv,24,36864,28,True,True,0.0,0.0,0.0,0.0,0.0,0.9999999999999999,0,0
/home/test/bupt_hjk/sdp_dataset/elderAL/action2_fall_new/user2_position7_activity2/20250814=002959_mimo5s_part0.csv,7,10752,28,True,True,0.0,0.0,0.0,0.0,0.0,1.0,0,0
/home/test/bupt_hjk/sdp_dataset/elderAL/action2_fall_new/user2_position7_activity2/20250814=003008_mimo5s_part0.csv,3,4608,28,True,True,0.0,0.0,0.0,0.0,0.0,0.9999999999999999,0,0
/home/test/bupt_hjk/sdp_dataset/elderAL/action2_fall_new/user2_position8_activity2/20250814=003044_mimo5s_part0.csv,11,16896,28,True,True,0.0,0.0,0.0,0.0,0.0,1.0,0,0
/home/test/bupt_hjk/sdp_dataset/elderAL/action2_fall_new/user2_position8_activity2/20250814=003053_mimo5s_part0.csv,8,12288,28,True,True,0.0,0.0,0.0,0.0,0.0,1.0,0,0
/home/test/bupt_hjk/sdp_dataset/elderAL/action2_fall_new/user2_position8_activity2/20250814=003101_mimo5s_part0.csv,10,15360,28,True,True,0.0,0.0,0.0,0.0,0.0,1.0,0,0
/home/test/bupt_hjk/sdp_dataset/elderAL/action2_fall_new/user2_position8_activity2/20250814=003109_mimo5s_part0.csv,7,10752,28,True,True,0.0,0.0,0.0,0.0,0.0,1.0,0,0
/home/test/bupt_hjk/sdp_dataset/elderAL/action2_fall_new/user2_position8_activity2/20250814=003153_mimo5s_part0.csv,17,26112,28,True,True,0.0,0.0,0.0,0.0,0.0,1.0,0,0
/home/test/bupt_hjk/sdp_dataset/elderAL/action2_fall_new/user2_position8_activity2/20250814=003200_mimo5s_part0.csv,7,10752,28,True,True,0.0,0.0,0.0,0.0,0.0,0.9999999999999999,0,0
/home/test/bupt_hjk/sdp_dataset/elderAL/action2_fall_new/user2_position8_activity2/20250814=003207_mimo5s_part0.csv,21,32256,28,True,True,0.0,0.0,0.0,0.0,0.0,1.0,0,0
/home/test/bupt_hjk/sdp_dataset/elderAL/action2_fall_new/user2_position8_activity2/20250814=003215_mimo5s_part0.csv,4,6144,28,True,True,0.0,0.0,0.0,0.0,0.0,1.0,0,0
/home/test/bupt_hjk/sdp_dataset/elderAL/action2_fall_new/user2_position8_activity2/20250814=003225_mimo5s_part0.csv,21,32256,28,True,True,0.0,0.0,0.0,0.0,0.0,0.9999999999999999,0,0
/home/test/bupt_hjk/sdp_dataset/elderAL/action2_fall_new/user2_position8_activity2/20250814=003232_mimo5s_part0.csv,4,6144,28,True,True,0.0,0.0,0.0,0.0,0.0,1.0,0,0
/home/test/bupt_hjk/sdp_dataset/elderAL/action2_fall_new/user2_position8_activity2/20250814=003241_mimo5s_part0.csv,18,27648,28,True,True,0.0,0.0,0.0,0.0,0.0,1.0,0,0
/home/test/bupt_hjk/sdp_dataset/elderAL/action2_fall_new/user2_position8_activity2/20250814=003253_mimo5s_part0.csv,7,10752,28,True,True,0.0,0.0,0.0,0.0,0.0,1.0,0,0
/home/test/bupt_hjk/sdp_dataset/elderAL/action2_fall_new/user2_position8_activity2/20250814=003302_mimo5s_part0.csv,15,23040,28,True,True,0.0,0.0,0.0,0.0,0.0,1.0,0,0
/home/test/bupt_hjk/sdp_dataset/elderAL/action2_fall_new/user2_position8_activity2/20250814=003310_mimo5s_part0.csv,11,16896,28,True,True,0.0,0.0,0.0,0.0,0.0,0.9999999999999998,0,0
/home/test/bupt_hjk/sdp_dataset/elderAL/action2_fall_new/user2_position8_activity2/20250814=003322_mimo5s_part0.csv,11,16896,28,True,True,0.0,0.0,0.0,0.0,0.0,1.0,0,0
/home/test/bupt_hjk/sdp_dataset/elderAL/action2_fall_new/user2_position9_activity2/20250814=004956_mimo5s_part0.csv,4,6144,28,True,True,0.0,0.0,0.0,0.0,0.0,1.0,0,0
/home/test/bupt_hjk/sdp_dataset/elderAL/action2_fall_new/user2_position9_activity2/20250814=005024_mimo5s_part0.csv,11,16896,28,True,True,0.0,0.0,0.0,0.0,0.0,0.9999999999999998,0,0
/home/test/bupt_hjk/sdp_dataset/elderAL/action2_fall_new/user2_position9_activity2/20250814=005031_mimo5s_part0.csv,7,10752,28,True,True,0.0,0.0,0.0,0.0,0.0,1.0,0,0
/home/test/bupt_hjk/sdp_dataset/elderAL/action2_fall_new/user2_position9_activity2/20250814=005038_mimo5s_part0.csv,3,4608,28,True,True,0.0,0.0,0.0,0.0,0.0,1.0,0,0
/home/test/bupt_hjk/sdp_dataset/elderAL/action2_fall_new/user2_position9_activity2/20250814=005046_mimo5s_part0.csv,11,16896,28,True,True,0.0,0.0,0.0,0.0,0.0,1.0,0,0
/home/test/bupt_hjk/sdp_dataset/elderAL/action2_fall_new/user2_position9_activity2/20250814=005053_mimo5s_part0.csv,11,16896,28,True,True,0.0,0.0,0.0,0.0,0.0,1.0,0,0
/home/test/bupt_hjk/sdp_dataset/elderAL/action2_fall_new/user2_position9_activity2/20250814=005102_mimo5s_part0.csv,11,16896,28,True,True,0.0,0.0,0.0,0.0,0.0,1.0,0,0
/home/test/bupt_hjk/sdp_dataset/elderAL/action2_fall_new/user2_position9_activity2/20250814=005111_mimo5s_part0.csv,7,10752,28,True,True,0.0,0.0,0.0,0.0,0.0,1.0,0,0
/home/test/bupt_hjk/sdp_dataset/elderAL/action2_fall_new/user2_position9_activity2/20250814=005118_mimo5s_part0.csv,10,15360,28,True,True,0.0,0.0,0.0,0.0,0.0,0.9999999999999998,0,0
/home/test/bupt_hjk/sdp_dataset/elderAL/action2_fall_new/user2_position9_activity2/20250814=005127_mimo5s_part0.csv,11,16896,28,True,True,0.0,0.0,0.0,0.0,0.0,1.0,0,0
/home/test/bupt_hjk/sdp_dataset/elderAL/action2_fall_new/user2_position9_activity2/20250814=005135_mimo5s_part0.csv,8,12288,28,True,True,0.0,0.0,0.0,0.0,0.0,0.9999999999999998,0,0
/home/test/bupt_hjk/sdp_dataset/elderAL/action2_fall_new/user2_position9_activity2/20250814=005143_mimo5s_part0.csv,14,21504,28,True,True,0.0,0.0,0.0,0.0,0.0,1.0,0,0
/home/test/bupt_hjk/sdp_dataset/elderAL/action2_fall_new/user2_position9_activity2/20250814=005153_mimo5s_part0.csv,11,16896,28,True,True,0.0,0.0,0.0,0.0,0.0,1.0,0,0
/home/test/bupt_hjk/sdp_dataset/elderAL/action2_fall_new/user2_position9_activity2/20250814=005202_mimo5s_part0.csv,10,15360,28,True,True,0.0,0.0,0.0,0.0,0.0,0.9999999999999999,0,0
/home/test/bupt_hjk/sdp_dataset/elderAL/action2_fall_new/user2_position9_activity2/20250814=005211_mimo5s_part0.csv,12,18432,28,True,True,0.0,0.0,0.0,0.0,0.0,0.9999999999999998,0,0
/home/test/bupt_hjk/sdp_dataset/elderAL/action3_sleep_new/user0_position1_activity3/20250813=182658_mimo5s_part0.csv,23,35328,28,True,True,0.0,0.0,0.0,0.0,0.0,1.0,0,0
/home/test/bupt_hjk/sdp_dataset/elderAL/action3_sleep_new/user0_position1_activity3/20250813=182708_mimo5s_part0.csv,17,26112,28,True,True,0.0,0.0,0.0,0.0,0.0,1.0,0,0
/home/test/bupt_hjk/sdp_dataset/elderAL/action3_sleep_new/user0_position1_activity3/20250813=182718_mimo5s_part0.csv,29,44544,28,False,False,3308.383613181907,767.8578467553377,0.9104387599514866,925.914175921904,0.9372383458432503,0.24365369740957057,0,0
/home/test/bupt_hjk/sdp_dataset/elderAL/action3_sleep_new/user0_position1_activity3/20250813=182727_mimo5s_part0.csv,14,21504,28,True,True,0.0,0.0,0.0,0.0,0.0,0.9999999999999998,0,0
/home/test/bupt_hjk/sdp_dataset/elderAL/action3_sleep_new/user0_position1_activity3/20250813=182736_mimo5s_part0.csv,10,15360,28,True,True,0.0,0.0,0.0,0.0,0.0,1.0,0,0
/home/test/bupt_hjk/sdp_dataset/elderAL/action3_sleep_new/user0_position1_activity3/20250813=182746_mimo5s_part0.csv,31,47616,28,False,False,3297.8036743152124,630.6625565852271,0.7104946827438621,774.8801337916165,0.7567077480817435,0.49821036840606886,0,0
/home/test/bupt_hjk/sdp_dataset/elderAL/action3_sleep_new/user0_position1_activity3/20250813=182755_mimo5s_part0.csv,21,32256,28,True,True,0.0,0.0,0.0,0.0,0.0,1.0,0,0
/home/test/bupt_hjk/sdp_dataset/elderAL/action3_sleep_new/user0_position1_activity3/20250813=182805_mimo5s_part0.csv,15,23040,28,True,True,0.0,0.0,0.0,0.0,0.0,1.0,0,0
/home/test/bupt_hjk/sdp_dataset/elderAL/action3_sleep_new/user0_position1_activity3/20250813=182814_mimo5s_part0.csv,7,10752,28,True,True,0.0,0.0,0.0,0.0,0.0,1.0,0,0
/home/test/bupt_hjk/sdp_dataset/elderAL/action3_sleep_new/user0_position1_activity3/20250813=182823_mimo5s_part0.csv,15,23040,28,True,True,0.0,0.0,0.0,0.0,0.0,1.0,0,0
/home/test/bupt_hjk/sdp_dataset/elderAL/action3_sleep_new/user0_position1_activity3/20250813=182833_mimo5s_part0.csv,34,52224,28,False,False,2863.1103989737685,708.8545764236243,0.8321589641068281,888.0415544405399,0.8887178673071372,0.42793254128018177,0,0
/home/test/bupt_hjk/sdp_dataset/elderAL/action3_sleep_new/user0_position1_activity3/20250813=182842_mimo5s_part0.csv,12,18432,28,True,True,0.0,0.0,0.0,0.0,0.0,1.0,0,0
/home/test/bupt_hjk/sdp_dataset/elderAL/action3_sleep_new/user0_position1_activity3/20250813=182851_mimo5s_part0.csv,54,82944,28,False,False,2281.000720500821,660.4920327092444,0.7312679863686595,784.7552511429426,0.7637351920644838,0.448465200004978,0,0
/home/test/bupt_hjk/sdp_dataset/elderAL/action3_sleep_new/user0_position1_activity3/20250813=182900_mimo5s_part0.csv,20,30720,28,True,True,0.0,0.0,0.0,0.0,0.0,0.9999999999999999,0,0
/home/test/bupt_hjk/sdp_dataset/elderAL/action3_sleep_new/user0_position1_activity3/20250813=182909_mimo5s_part0.csv,24,36864,28,True,True,0.0,0.0,0.0,0.0,0.0,1.0,0,0
/home/test/bupt_hjk/sdp_dataset/elderAL/action3_sleep_new/user0_position2_activity3/20250813=183643_mimo5s_part0.csv,24,36864,28,True,True,0.0,0.0,0.0,0.0,0.0,0.9999999999999999,0,0
/home/test/bupt_hjk/sdp_dataset/elderAL/action3_sleep_new/user0_position2_activity3/20250813=183653_mimo5s_part0.csv,19,29184,28,True,True,0.0,0.0,0.0,0.0,0.0,1.0,0,0
/home/test/bupt_hjk/sdp_dataset/elderAL/action3_sleep_new/user0_position2_activity3/20250813=183706_mimo5s_part0.csv,25,38400,28,True,True,0.0,0.0,0.0,0.0,0.0,1.0,0,0
/home/test/bupt_hjk/sdp_dataset/elderAL/action3_sleep_new/user0_position2_activity3/20250813=183715_mimo5s_part0.csv,32,49152,28,False,False,3681.18722214717,833.8456983080673,0.9004888257348722,942.6017042854678,0.8976977451447161,0.3403695092763493,0,0
/home/test/bupt_hjk/sdp_dataset/elderAL/action3_sleep_new/user0_position2_activity3/20250813=183725_mimo5s_part0.csv,18,27648,28,True,True,0.0,0.0,0.0,0.0,0.0,1.0,0,0
/home/test/bupt_hjk/sdp_dataset/elderAL/action3_sleep_new/user0_position2_activity3/20250813=183735_mimo5s_part0.csv,21,32256,28,True,True,0.0,0.0,0.0,0.0,0.0,0.9999999999999999,0,0
/home/test/bupt_hjk/sdp_dataset/elderAL/action3_sleep_new/user0_position2_activity3/20250813=183745_mimo5s_part0.csv,30,46080,28,False,False,3378.537443855131,689.5992189313646,0.7652170487840718,830.3003062575142,0.8045839081134822,0.5066303032350787,0,0
/home/test/bupt_hjk/sdp_dataset/elderAL/action3_sleep_new/user0_position2_activity3/20250813=183755_mimo5s_part0.csv,7,10752,28,True,True,0.0,0.0,0.0,0.0,0.0,1.0,0,0
/home/test/bupt_hjk/sdp_dataset/elderAL/action3_sleep_new/user0_position2_activity3/20250813=183804_mimo5s_part0.csv,14,21504,28,True,True,0.0,0.0,0.0,0.0,0.0,1.0,0,0
/home/test/bupt_hjk/sdp_dataset/elderAL/action3_sleep_new/user0_position2_activity3/20250813=183813_mimo5s_part0.csv,7,10752,28,True,True,0.0,0.0,0.0,0.0,0.0,0.9999999999999998,0,0
/home/test/bupt_hjk/sdp_dataset/elderAL/action3_sleep_new/user0_position2_activity3/20250813=183823_mimo5s_part0.csv,7,10752,28,True,True,0.0,0.0,0.0,0.0,0.0,1.0,0,0
/home/test/bupt_hjk/sdp_dataset/elderAL/action3_sleep_new/user0_position2_activity3/20250813=183832_mimo5s_part0.csv,33,50688,28,False,False,2930.9757257875754,1055.167491988032,1.0942050012276314,1206.8729634949916,1.115599144976313,-0.2653892644327036,0,0
/home/test/bupt_hjk/sdp_dataset/elderAL/action3_sleep_new/user0_position2_activity3/20250813=183840_mimo5s_part0.csv,21,32256,28,True,True,0.0,0.0,0.0,0.0,0.0,0.9999999999999998,0,0
/home/test/bupt_hjk/sdp_dataset/elderAL/action3_sleep_new/user0_position2_activity3/20250813=183850_mimo5s_part0.csv,61,93696,28,False,False,2983.8639818673564,785.3874987642166,0.83374325442687,937.2938003764226,0.8796284385356286,0.1430669218340392,0,0
/home/test/bupt_hjk/sdp_dataset/elderAL/action3_sleep_new/user0_position2_activity3/20250813=183859_mimo5s_part0.csv,34,52224,28,False,False,2978.9352808187655,786.2799323295566,0.8307598855870709,912.4167743158104,0.850106418302127,0.3598154742270886,0,0
/home/test/bupt_hjk/sdp_dataset/elderAL/action3_sleep_new/user0_position3_activity3/20250813=184524_mimo5s_part0.csv,11,16896,28,True,True,0.0,0.0,0.0,0.0,0.0,1.0,0,0
/home/test/bupt_hjk/sdp_dataset/elderAL/action3_sleep_new/user0_position3_activity3/20250813=184534_mimo5s_part0.csv,17,26112,28,True,True,0.0,0.0,0.0,0.0,0.0,1.0,0,0
/home/test/bupt_hjk/sdp_dataset/elderAL/action3_sleep_new/user0_position3_activity3/20250813=184543_mimo5s_part0.csv,18,27648,28,True,True,0.0,0.0,0.0,0.0,0.0,1.0,0,0
/home/test/bupt_hjk/sdp_dataset/elderAL/action3_sleep_new/user0_position3_activity3/20250813=184552_mimo5s_part0.csv,23,35328,28,True,True,0.0,0.0,0.0,0.0,0.0,1.0,0,0
/home/test/bupt_hjk/sdp_dataset/elderAL/action3_sleep_new/user0_position3_activity3/20250813=184601_mimo5s_part0.csv,15,23040,28,True,True,0.0,0.0,0.0,0.0,0.0,1.0,0,0
/home/test/bupt_hjk/sdp_dataset/elderAL/action3_sleep_new/user0_position3_activity3/20250813=184610_mimo5s_part0.csv,17,26112,28,True,True,0.0,0.0,0.0,0.0,0.0,0.9999999999999999,0,0
/home/test/bupt_hjk/sdp_dataset/elderAL/action3_sleep_new/user0_position3_activity3/20250813=184619_mimo5s_part0.csv,15,23040,28,True,True,0.0,0.0,0.0,0.0,0.0,1.0,0,0
/home/test/bupt_hjk/sdp_dataset/elderAL/action3_sleep_new/user0_position3_activity3/20250813=184629_mimo5s_part0.csv,17,26112,28,True,True,0.0,0.0,0.0,0.0,0.0,1.0,0,0
/home/test/bupt_hjk/sdp_dataset/elderAL/action3_sleep_new/user0_position3_activity3/20250813=184638_mimo5s_part0.csv,25,38400,28,True,True,0.0,0.0,0.0,0.0,0.0,1.0,0,0
/home/test/bupt_hjk/sdp_dataset/elderAL/action3_sleep_new/user0_position3_activity3/20250813=184648_mimo5s_part0.csv,40,61440,28,False,False,4040.582870428115,814.6110838313732,0.9141281765548378,957.190024040747,0.924752396317852,0.314927739487641,0,0
/home/test/bupt_hjk/sdp_dataset/elderAL/action3_sleep_new/user0_position3_activity3/20250813=184657_mimo5s_part0.csv,11,16896,28,True,True,0.0,0.0,0.0,0.0,0.0,1.0,0,0
/home/test/bupt_hjk/sdp_dataset/elderAL/action3_sleep_new/user0_position3_activity3/20250813=184706_mimo5s_part0.csv,26,39936,28,True,True,0.0,0.0,0.0,0.0,0.0,1.0,0,0
/home/test/bupt_hjk/sdp_dataset/elderAL/action3_sleep_new/user0_position3_activity3/20250813=184715_mimo5s_part0.csv,14,21504,28,True,True,0.0,0.0,0.0,0.0,0.0,0.9999999999999999,0,0
/home/test/bupt_hjk/sdp_dataset/elderAL/action3_sleep_new/user0_position3_activity3/20250813=184724_mimo5s_part0.csv,37,56832,28,False,False,2707.2146630828734,825.824532770846,0.8728631338570879,943.8121981105546,0.8806875995939115,0.3584675828647268,0,0
/home/test/bupt_hjk/sdp_dataset/elderAL/action3_sleep_new/user0_position3_activity3/20250813=184733_mimo5s_part0.csv,18,27648,28,True,True,0.0,0.0,0.0,0.0,0.0,0.9999999999999998,0,0
/home/test/bupt_hjk/sdp_dataset/elderAL/action3_sleep_new/user0_position4_activity3/20250813=185505_mimo5s_part0.csv,28,43008,28,False,False,2876.99964541761,970.9852261759346,1.0831444105848005,1107.9908811997448,1.0943774766410732,-0.04207832722899668,0,0
/home/test/bupt_hjk/sdp_dataset/elderAL/action3_sleep_new/user0_position4_activity3/20250813=185514_mimo5s_part0.csv,35,53760,28,False,False,3358.9200860992596,786.7675526030874,0.8720696177001187,899.3420546183987,0.8776998022134521,0.3155917627263788,0,0
/home/test/bupt_hjk/sdp_dataset/elderAL/action3_sleep_new/user0_position4_activity3/20250813=185523_mimo5s_part0.csv,16,24576,28,True,True,0.0,0.0,0.0,0.0,0.0,0.9999999999999998,0,0
/home/test/bupt_hjk/sdp_dataset/elderAL/action3_sleep_new/user0_position4_activity3/20250813=185532_mimo5s_part0.csv,38,58368,28,False,False,3391.7726078802066,787.8668565081459,0.8882689056041607,885.12457458979,0.8896747032787647,0.2973469234623405,0,0
/home/test/bupt_hjk/sdp_dataset/elderAL/action3_sleep_new/user0_position4_activity3/20250813=185541_mimo5s_part0.csv,15,23040,28,True,True,0.0,0.0,0.0,0.0,0.0,1.0,0,0
/home/test/bupt_hjk/sdp_dataset/elderAL/action3_sleep_new/user0_position4_activity3/20250813=185550_mimo5s_part0.csv,25,38400,28,True,True,0.0,0.0,0.0,0.0,0.0,1.0,0,0
/home/test/bupt_hjk/sdp_dataset/elderAL/action3_sleep_new/user0_position4_activity3/20250813=185559_mimo5s_part0.csv,14,21504,28,True,True,0.0,0.0,0.0,0.0,0.0,1.0,0,0
/home/test/bupt_hjk/sdp_dataset/elderAL/action3_sleep_new/user0_position4_activity3/20250813=185608_mimo5s_part0.csv,14,21504,28,True,True,0.0,0.0,0.0,0.0,0.0,1.0,0,0
/home/test/bupt_hjk/sdp_dataset/elderAL/action3_sleep_new/user0_position4_activity3/20250813=185617_mimo5s_part0.csv,22,33792,28,True,True,0.0,0.0,0.0,0.0,0.0,1.0,0,0
/home/test/bupt_hjk/sdp_dataset/elderAL/action3_sleep_new/user0_position4_activity3/20250813=185626_mimo5s_part0.csv,15,23040,28,True,True,0.0,0.0,0.0,0.0,0.0,1.0,0,0
/home/test/bupt_hjk/sdp_dataset/elderAL/action3_sleep_new/user0_position4_activity3/20250813=185636_mimo5s_part0.csv,25,38400,28,True,True,0.0,0.0,0.0,0.0,0.0,1.0,0,0
/home/test/bupt_hjk/sdp_dataset/elderAL/action3_sleep_new/user0_position4_activity3/20250813=185646_mimo5s_part0.csv,31,47616,28,False,False,3850.4658999495464,724.3405842529047,0.7955651184033709,835.3375151545856,0.8116285448720646,0.6456487753063945,0,0
/home/test/bupt_hjk/sdp_dataset/elderAL/action3_sleep_new/user0_position4_activity3/20250813=185656_mimo5s_part0.csv,11,16896,28,True,True,0.0,0.0,0.0,0.0,0.0,1.0,0,0
/home/test/bupt_hjk/sdp_dataset/elderAL/action3_sleep_new/user0_position4_activity3/20250813=185705_mimo5s_part0.csv,22,33792,28,True,True,0.0,0.0,0.0,0.0,0.0,0.9999999999999999,0,0
/home/test/bupt_hjk/sdp_dataset/elderAL/action3_sleep_new/user0_position4_activity3/20250813=185715_mimo5s_part0.csv,17,26112,28,True,True,0.0,0.0,0.0,0.0,0.0,1.0,0,0
/home/test/bupt_hjk/sdp_dataset/elderAL/action3_sleep_new/user0_position5_activity3/20250813=190450_mimo5s_part0.csv,21,32256,28,True,True,0.0,0.0,0.0,0.0,0.0,0.9999999999999999,0,0
/home/test/bupt_hjk/sdp_dataset/elderAL/action3_sleep_new/user0_position5_activity3/20250813=190459_mimo5s_part0.csv,17,26112,28,True,True,0.0,0.0,0.0,0.0,0.0,1.0,0,0
/home/test/bupt_hjk/sdp_dataset/elderAL/action3_sleep_new/user0_position5_activity3/20250813=190508_mimo5s_part0.csv,18,27648,28,True,True,0.0,0.0,0.0,0.0,0.0,1.0,0,0
/home/test/bupt_hjk/sdp_dataset/elderAL/action3_sleep_new/user0_position5_activity3/20250813=190517_mimo5s_part0.csv,21,32256,28,True,True,0.0,0.0,0.0,0.0,0.0,1.0,0,0
/home/test/bupt_hjk/sdp_dataset/elderAL/action3_sleep_new/user0_position5_activity3/20250813=190526_mimo5s_part0.csv,17,26112,28,True,True,0.0,0.0,0.0,0.0,0.0,1.0,0,0
/home/test/bupt_hjk/sdp_dataset/elderAL/action3_sleep_new/user0_position5_activity3/20250813=190536_mimo5s_part0.csv,18,27648,28,True,True,0.0,0.0,0.0,0.0,0.0,1.0,0,0
/home/test/bupt_hjk/sdp_dataset/elderAL/action3_sleep_new/user0_position5_activity3/20250813=190546_mimo5s_part0.csv,34,52224,28,False,False,3081.164174954444,753.388940004444,0.8478259476796471,877.5145569934169,0.8615499609861442,0.39910753115825365,0,0
/home/test/bupt_hjk/sdp_dataset/elderAL/action3_sleep_new/user0_position5_activity3/20250813=190556_mimo5s_part0.csv,15,23040,28,True,True,0.0,0.0,0.0,0.0,0.0,1.0,0,0
/home/test/bupt_hjk/sdp_dataset/elderAL/action3_sleep_new/user0_position5_activity3/20250813=190605_mimo5s_part0.csv,18,27648,28,True,True,0.0,0.0,0.0,0.0,0.0,0.9999999999999999,0,0
/home/test/bupt_hjk/sdp_dataset/elderAL/action3_sleep_new/user0_position5_activity3/20250813=190614_mimo5s_part0.csv,11,16896,28,True,True,0.0,0.0,0.0,0.0,0.0,1.0,0,0
/home/test/bupt_hjk/sdp_dataset/elderAL/action3_sleep_new/user0_position5_activity3/20250813=190624_mimo5s_part0.csv,15,23040,28,True,True,0.0,0.0,0.0,0.0,0.0,0.9999999999999999,0,0
/home/test/bupt_hjk/sdp_dataset/elderAL/action3_sleep_new/user0_position5_activity3/20250813=190634_mimo5s_part0.csv,28,43008,28,False,False,3685.1265843388915,898.0435626484065,1.011392129294939,1054.3763295364402,1.0467272005803585,-0.09003922694507097,0,0
/home/test/bupt_hjk/sdp_dataset/elderAL/action3_sleep_new/user0_position5_activity3/20250813=190644_mimo5s_part0.csv,27,41472,28,True,True,0.0,0.0,0.0,0.0,0.0,0.9999999999999999,0,0
/home/test/bupt_hjk/sdp_dataset/elderAL/action3_sleep_new/user0_position5_activity3/20250813=190653_mimo5s_part0.csv,32,49152,28,False,False,3100.5820313216095,661.4263036725973,0.7727227914712874,794.0679870954315,0.8078810826591323,0.4975110475951904,0,0
/home/test/bupt_hjk/sdp_dataset/elderAL/action3_sleep_new/user0_position5_activity3/20250813=190703_mimo5s_part0.csv,26,39936,28,True,True,0.0,0.0,0.0,0.0,0.0,0.9999999999999999,0,0
/home/test/bupt_hjk/sdp_dataset/elderAL/action3_sleep_new/user0_position6_activity3/20250813=191707_mimo5s_part0.csv,22,33792,28,True,True,0.0,0.0,0.0,0.0,0.0,1.0,0,0
/home/test/bupt_hjk/sdp_dataset/elderAL/action3_sleep_new/user0_position6_activity3/20250813=191716_mimo5s_part0.csv,27,41472,28,True,True,0.0,0.0,0.0,0.0,0.0,1.0,0,0
/home/test/bupt_hjk/sdp_dataset/elderAL/action3_sleep_new/user0_position6_activity3/20250813=191725_mimo5s_part0.csv,25,38400,28,True,True,0.0,0.0,0.0,0.0,0.0,1.0,0,0
/home/test/bupt_hjk/sdp_dataset/elderAL/action3_sleep_new/user0_position6_activity3/20250813=191734_mimo5s_part0.csv,7,10752,28,True,True,0.0,0.0,0.0,0.0,0.0,1.0,0,0
/home/test/bupt_hjk/sdp_dataset/elderAL/action3_sleep_new/user0_position6_activity3/20250813=191744_mimo5s_part0.csv,28,43008,28,False,False,3494.203419000305,969.02566427654,1.078797355168386,1103.929228748493,1.070616162687305,0.16140678517242835,0,0
/home/test/bupt_hjk/sdp_dataset/elderAL/action3_sleep_new/user0_position6_activity3/20250813=191754_mimo5s_part0.csv,8,12288,28,True,True,0.0,0.0,0.0,0.0,0.0,0.9999999999999998,0,0
/home/test/bupt_hjk/sdp_dataset/elderAL/action3_sleep_new/user0_position6_activity3/20250813=191804_mimo5s_part0.csv,35,53760,28,False,False,2812.8499757783793,742.3473824010467,0.8080830450763155,849.7826061435472,0.8108374166403557,0.5149054946534849,0,0
/home/test/bupt_hjk/sdp_dataset/elderAL/action3_sleep_new/user0_position6_activity3/20250813=191813_mimo5s_part0.csv,40,61440,28,False,False,2958.035803232482,1059.356712010448,1.1406594520416724,1217.4162621162382,1.1618134446984356,-0.40848994139878814,0,0
/home/test/bupt_hjk/sdp_dataset/elderAL/action3_sleep_new/user0_position6_activity3/20250813=191823_mimo5s_part0.csv,17,26112,28,True,True,0.0,0.0,0.0,0.0,0.0,0.9999999999999999,0,0
/home/test/bupt_hjk/sdp_dataset/elderAL/action3_sleep_new/user0_position6_activity3/20250813=191832_mimo5s_part0.csv,35,53760,28,False,False,3645.1587445383975,632.7857360078017,0.6732788490180709,762.4820104920766,0.7183361240828068,0.8191010450974322,0,0
/home/test/bupt_hjk/sdp_dataset/elderAL/action3_sleep_new/user0_position6_activity3/20250813=191841_mimo5s_part0.csv,24,36864,28,True,True,0.0,0.0,0.0,0.0,0.0,0.9999999999999999,0,0
/home/test/bupt_hjk/sdp_dataset/elderAL/action3_sleep_new/user0_position6_activity3/20250813=191851_mimo5s_part0.csv,56,86016,28,False,False,3278.524342987589,903.590329389964,0.9947143489282896,1019.3451889500615,0.9767843384525353,0.42747182873875617,0,0
/home/test/bupt_hjk/sdp_dataset/elderAL/action3_sleep_new/user0_position6_activity3/20250813=191900_mimo5s_part0.csv,18,27648,28,True,True,0.0,0.0,0.0,0.0,0.0,1.0,0,0
/home/test/bupt_hjk/sdp_dataset/elderAL/action3_sleep_new/user0_position6_activity3/20250813=191909_mimo5s_part0.csv,18,27648,28,True,True,0.0,0.0,0.0,0.0,0.0,1.0,0,0
/home/test/bupt_hjk/sdp_dataset/elderAL/action3_sleep_new/user0_position6_activity3/20250813=191919_mimo5s_part0.csv,13,19968,28,True,True,0.0,0.0,0.0,0.0,0.0,1.0,0,0
/home/test/bupt_hjk/sdp_dataset/elderAL/action3_sleep_new/user0_position7_activity3/20250813=192554_mimo5s_part0.csv,7,10752,28,True,True,0.0,0.0,0.0,0.0,0.0,0.9999999999999999,0,0
/home/test/bupt_hjk/sdp_dataset/elderAL/action3_sleep_new/user0_position7_activity3/20250813=192602_mimo5s_part0.csv,7,10752,28,True,True,0.0,0.0,0.0,0.0,0.0,1.0,0,0
/home/test/bupt_hjk/sdp_dataset/elderAL/action3_sleep_new/user0_position7_activity3/20250813=192611_mimo5s_part0.csv,11,16896,28,True,True,0.0,0.0,0.0,0.0,0.0,1.0,0,0
/home/test/bupt_hjk/sdp_dataset/elderAL/action3_sleep_new/user0_position7_activity3/20250813=192620_mimo5s_part0.csv,11,16896,28,True,True,0.0,0.0,0.0,0.0,0.0,0.9999999999999998,0,0
/home/test/bupt_hjk/sdp_dataset/elderAL/action3_sleep_new/user0_position7_activity3/20250813=192630_mimo5s_part0.csv,24,36864,28,True,True,0.0,0.0,0.0,0.0,0.0,1.0,0,0
/home/test/bupt_hjk/sdp_dataset/elderAL/action3_sleep_new/user0_position7_activity3/20250813=192640_mimo5s_part0.csv,15,23040,28,True,True,0.0,0.0,0.0,0.0,0.0,1.0,0,0
/home/test/bupt_hjk/sdp_dataset/elderAL/action3_sleep_new/user0_position7_activity3/20250813=192649_mimo5s_part0.csv,39,59904,28,False,False,2788.9273845393627,1009.4589196262405,1.1413349396127566,1152.2335254512002,1.1521589852302172,-0.206641308328002,0,0
/home/test/bupt_hjk/sdp_dataset/elderAL/action3_sleep_new/user0_position7_activity3/20250813=192659_mimo5s_part0.csv,32,49152,28,False,False,2938.3894761351385,923.1733058960922,1.0415849794587115,1066.099890866948,1.0488590706702285,0.08292220079429798,0,0
/home/test/bupt_hjk/sdp_dataset/elderAL/action3_sleep_new/user0_position7_activity3/20250813=192708_mimo5s_part0.csv,15,23040,28,True,True,0.0,0.0,0.0,0.0,0.0,1.0,0,0
/home/test/bupt_hjk/sdp_dataset/elderAL/action3_sleep_new/user0_position7_activity3/20250813=192716_mimo5s_part0.csv,24,36864,28,True,True,0.0,0.0,0.0,0.0,0.0,1.0,0,0
/home/test/bupt_hjk/sdp_dataset/elderAL/action3_sleep_new/user0_position7_activity3/20250813=192726_mimo5s_part0.csv,12,18432,28,True,True,0.0,0.0,0.0,0.0,0.0,1.0,0,0
/home/test/bupt_hjk/sdp_dataset/elderAL/action3_sleep_new/user0_position7_activity3/20250813=192736_mimo5s_part0.csv,19,29184,28,True,True,0.0,0.0,0.0,0.0,0.0,1.0,0,0
/home/test/bupt_hjk/sdp_dataset/elderAL/action3_sleep_new/user0_position7_activity3/20250813=192745_mimo5s_part0.csv,32,49152,28,False,False,3552.1639165790175,685.7108377152986,0.7720214103482663,807.2447141980142,0.7971827931327872,0.6165673041318048,0,0
/home/test/bupt_hjk/sdp_dataset/elderAL/action3_sleep_new/user0_position7_activity3/20250813=192754_mimo5s_part0.csv,7,10752,28,True,True,0.0,0.0,0.0,0.0,0.0,1.0,0,0
/home/test/bupt_hjk/sdp_dataset/elderAL/action3_sleep_new/user0_position7_activity3/20250813=192804_mimo5s_part0.csv,14,21504,28,True,True,0.0,0.0,0.0,0.0,0.0,1.0,0,0
/home/test/bupt_hjk/sdp_dataset/elderAL/action3_sleep_new/user0_position8_activity3/20250813=193557_mimo5s_part0.csv,15,23040,28,True,True,0.0,0.0,0.0,0.0,0.0,0.9999999999999998,0,0
/home/test/bupt_hjk/sdp_dataset/elderAL/action3_sleep_new/user0_position8_activity3/20250813=193607_mimo5s_part0.csv,15,23040,28,True,True,0.0,0.0,0.0,0.0,0.0,1.0,0,0
/home/test/bupt_hjk/sdp_dataset/elderAL/action3_sleep_new/user0_position8_activity3/20250813=193617_mimo5s_part0.csv,30,46080,28,False,False,2357.646966256858,957.0989694455083,1.0531743046810602,1082.8663882597034,1.0752779720498091,-0.33112339116112216,0,0
/home/test/bupt_hjk/sdp_dataset/elderAL/action3_sleep_new/user0_position8_activity3/20250813=193627_mimo5s_part0.csv,17,26112,28,True,True,0.0,0.0,0.0,0.0,0.0,1.0,0,0
/home/test/bupt_hjk/sdp_dataset/elderAL/action3_sleep_new/user0_position8_activity3/20250813=193637_mimo5s_part0.csv,16,24576,28,True,True,0.0,0.0,0.0,0.0,0.0,1.0,0,0
/home/test/bupt_hjk/sdp_dataset/elderAL/action3_sleep_new/user0_position8_activity3/20250813=193647_mimo5s_part0.csv,42,64512,28,False,False,2646.910353805576,754.0803223412757,0.8742580336928728,899.0588082487997,0.9262680496151708,0.07584302553634852,0,0
/home/test/bupt_hjk/sdp_dataset/elderAL/action3_sleep_new/user0_position8_activity3/20250813=193657_mimo5s_part0.csv,11,16896,28,True,True,0.0,0.0,0.0,0.0,0.0,1.0,0,0
/home/test/bupt_hjk/sdp_dataset/elderAL/action3_sleep_new/user0_position8_activity3/20250813=193706_mimo5s_part0.csv,12,18432,28,True,True,0.0,0.0,0.0,0.0,0.0,1.0,0,0
/home/test/bupt_hjk/sdp_dataset/elderAL/action3_sleep_new/user0_position8_activity3/20250813=193715_mimo5s_part0.csv,15,23040,28,True,True,0.0,0.0,0.0,0.0,0.0,0.9999999999999999,0,0
/home/test/bupt_hjk/sdp_dataset/elderAL/action3_sleep_new/user0_position8_activity3/20250813=193724_mimo5s_part0.csv,15,23040,28,True,True,0.0,0.0,0.0,0.0,0.0,1.0,0,0
/home/test/bupt_hjk/sdp_dataset/elderAL/action3_sleep_new/user0_position8_activity3/20250813=193733_mimo5s_part0.csv,16,24576,28,True,True,0.0,0.0,0.0,0.0,0.0,1.0,0,0
/home/test/bupt_hjk/sdp_dataset/elderAL/action3_sleep_new/user0_position8_activity3/20250813=193743_mimo5s_part0.csv,21,32256,28,True,True,0.0,0.0,0.0,0.0,0.0,1.0,0,0
/home/test/bupt_hjk/sdp_dataset/elderAL/action3_sleep_new/user0_position8_activity3/20250813=193752_mimo5s_part0.csv,24,36864,28,True,True,0.0,0.0,0.0,0.0,0.0,0.9999999999999999,0,0
/home/test/bupt_hjk/sdp_dataset/elderAL/action3_sleep_new/user0_position8_activity3/20250813=193801_mimo5s_part0.csv,14,21504,28,True,True,0.0,0.0,0.0,0.0,0.0,1.0,0,0
/home/test/bupt_hjk/sdp_dataset/elderAL/action3_sleep_new/user0_position8_activity3/20250813=193811_mimo5s_part0.csv,18,27648,28,True,True,0.0,0.0,0.0,0.0,0.0,1.0,0,0
/home/test/bupt_hjk/sdp_dataset/elderAL/action3_sleep_new/user0_position9_activity3/20250813=194416_mimo5s_part0.csv,34,52224,28,False,False,2276.8314974590658,770.7585392221237,0.832535902336945,943.4143705824766,0.9167806633851032,0.12660864816133124,0,0
/home/test/bupt_hjk/sdp_dataset/elderAL/action3_sleep_new/user0_position9_activity3/20250813=194425_mimo5s_part0.csv,15,23040,28,True,True,0.0,0.0,0.0,0.0,0.0,1.0,0,0
/home/test/bupt_hjk/sdp_dataset/elderAL/action3_sleep_new/user0_position9_activity3/20250813=194434_mimo5s_part0.csv,17,26112,28,True,True,0.0,0.0,0.0,0.0,0.0,1.0,0,0
/home/test/bupt_hjk/sdp_dataset/elderAL/action3_sleep_new/user0_position9_activity3/20250813=194443_mimo5s_part0.csv,31,47616,28,False,False,2756.016152065128,648.1605343779565,0.7197508817106346,764.9402380813059,0.756418569870823,0.44493885179435627,0,0
/home/test/bupt_hjk/sdp_dataset/elderAL/action3_sleep_new/user0_position9_activity3/20250813=194453_mimo5s_part0.csv,18,27648,28,True,True,0.0,0.0,0.0,0.0,0.0,1.0,0,0
/home/test/bupt_hjk/sdp_dataset/elderAL/action3_sleep_new/user0_position9_activity3/20250813=194502_mimo5s_part0.csv,14,21504,28,True,True,0.0,0.0,0.0,0.0,0.0,1.0,0,0
/home/test/bupt_hjk/sdp_dataset/elderAL/action3_sleep_new/user0_position9_activity3/20250813=194512_mimo5s_part0.csv,21,32256,28,True,True,0.0,0.0,0.0,0.0,0.0,0.9999999999999999,0,0
/home/test/bupt_hjk/sdp_dataset/elderAL/action3_sleep_new/user0_position9_activity3/20250813=194522_mimo5s_part0.csv,15,23040,28,True,True,0.0,0.0,0.0,0.0,0.0,1.0,0,0
/home/test/bupt_hjk/sdp_dataset/elderAL/action3_sleep_new/user0_position9_activity3/20250813=194531_mimo5s_part0.csv,13,19968,28,True,True,0.0,0.0,0.0,0.0,0.0,0.9999999999999999,0,0
/home/test/bupt_hjk/sdp_dataset/elderAL/action3_sleep_new/user0_position9_activity3/20250813=194541_mimo5s_part0.csv,15,23040,28,True,True,0.0,0.0,0.0,0.0,0.0,1.0,0,0
/home/test/bupt_hjk/sdp_dataset/elderAL/action3_sleep_new/user0_position9_activity3/20250813=194551_mimo5s_part0.csv,22,33792,28,True,True,0.0,0.0,0.0,0.0,0.0,0.9999999999999999,0,0
/home/test/bupt_hjk/sdp_dataset/elderAL/action3_sleep_new/user0_position9_activity3/20250813=194601_mimo5s_part0.csv,24,36864,28,True,True,0.0,0.0,0.0,0.0,0.0,1.0,0,0
/home/test/bupt_hjk/sdp_dataset/elderAL/action3_sleep_new/user0_position9_activity3/20250813=194610_mimo5s_part0.csv,15,23040,28,True,True,0.0,0.0,0.0,0.0,0.0,1.0,0,0
/home/test/bupt_hjk/sdp_dataset/elderAL/action3_sleep_new/user0_position9_activity3/20250813=194619_mimo5s_part0.csv,11,16896,28,True,True,0.0,0.0,0.0,0.0,0.0,1.0,0,0
/home/test/bupt_hjk/sdp_dataset/elderAL/action3_sleep_new/user0_position9_activity3/20250813=194628_mimo5s_part0.csv,18,27648,28,True,True,0.0,0.0,0.0,0.0,0.0,0.9999999999999999,0,0
/home/test/bupt_hjk/sdp_dataset/elderAL/action3_sleep_new/user1_position1_activity3/20250813=182408_mimo5s_part0.csv,15,23040,28,True,True,0.0,0.0,0.0,0.0,0.0,1.0,0,0
/home/test/bupt_hjk/sdp_dataset/elderAL/action3_sleep_new/user1_position1_activity3/20250813=182419_mimo5s_part0.csv,17,26112,28,True,True,0.0,0.0,0.0,0.0,0.0,1.0,0,0
/home/test/bupt_hjk/sdp_dataset/elderAL/action3_sleep_new/user1_position1_activity3/20250813=182428_mimo5s_part0.csv,21,32256,28,True,True,0.0,0.0,0.0,0.0,0.0,1.0,0,0
/home/test/bupt_hjk/sdp_dataset/elderAL/action3_sleep_new/user1_position1_activity3/20250813=182438_mimo5s_part0.csv,22,33792,28,True,True,0.0,0.0,0.0,0.0,0.0,1.0,0,0
/home/test/bupt_hjk/sdp_dataset/elderAL/action3_sleep_new/user1_position1_activity3/20250813=182447_mimo5s_part0.csv,28,43008,28,False,False,2334.49897584234,483.4927823798037,0.5412483561662399,675.623597506233,0.659805979326881,0.45253746072432055,0,0
/home/test/bupt_hjk/sdp_dataset/elderAL/action3_sleep_new/user1_position1_activity3/20250813=182457_mimo5s_part0.csv,17,26112,28,True,True,0.0,0.0,0.0,0.0,0.0,0.9999999999999999,0,0
/home/test/bupt_hjk/sdp_dataset/elderAL/action3_sleep_new/user1_position1_activity3/20250813=182507_mimo5s_part0.csv,32,49152,28,False,False,2626.1884467182426,927.4952687521251,1.0282309283702988,1078.7455411666854,1.0416467399969873,-0.14917394542909548,0,0
/home/test/bupt_hjk/sdp_dataset/elderAL/action3_sleep_new/user1_position1_activity3/20250813=182516_mimo5s_part0.csv,21,32256,28,True,True,0.0,0.0,0.0,0.0,0.0,1.0,0,0
/home/test/bupt_hjk/sdp_dataset/elderAL/action3_sleep_new/user1_position1_activity3/20250813=182526_mimo5s_part0.csv,11,16896,28,True,True,0.0,0.0,0.0,0.0,0.0,0.9999999999999998,0,0
/home/test/bupt_hjk/sdp_dataset/elderAL/action3_sleep_new/user1_position1_activity3/20250813=182536_mimo5s_part0.csv,11,16896,28,True,True,0.0,0.0,0.0,0.0,0.0,1.0,0,0
/home/test/bupt_hjk/sdp_dataset/elderAL/action3_sleep_new/user1_position1_activity3/20250813=182546_mimo5s_part0.csv,25,38400,28,True,True,0.0,0.0,0.0,0.0,0.0,1.0,0,0
/home/test/bupt_hjk/sdp_dataset/elderAL/action3_sleep_new/user1_position1_activity3/20250813=182555_mimo5s_part0.csv,17,26112,28,True,True,0.0,0.0,0.0,0.0,0.0,1.0,0,0
/home/test/bupt_hjk/sdp_dataset/elderAL/action3_sleep_new/user1_position1_activity3/20250813=182605_mimo5s_part0.csv,11,16896,28,True,True,0.0,0.0,0.0,0.0,0.0,1.0,0,0
/home/test/bupt_hjk/sdp_dataset/elderAL/action3_sleep_new/user1_position1_activity3/20250813=182615_mimo5s_part0.csv,26,39936,28,True,True,0.0,0.0,0.0,0.0,0.0,1.0,0,0
/home/test/bupt_hjk/sdp_dataset/elderAL/action3_sleep_new/user1_position1_activity3/20250813=182624_mimo5s_part0.csv,15,23040,28,True,True,0.0,0.0,0.0,0.0,0.0,1.0,0,0
/home/test/bupt_hjk/sdp_dataset/elderAL/action3_sleep_new/user1_position2_activity3/20250813=183924_mimo5s_part0.csv,21,32256,28,True,True,0.0,0.0,0.0,0.0,0.0,1.0,0,0
/home/test/bupt_hjk/sdp_dataset/elderAL/action3_sleep_new/user1_position2_activity3/20250813=183933_mimo5s_part0.csv,15,23040,28,True,True,0.0,0.0,0.0,0.0,0.0,1.0,0,0
/home/test/bupt_hjk/sdp_dataset/elderAL/action3_sleep_new/user1_position2_activity3/20250813=183943_mimo5s_part0.csv,14,21504,28,True,True,0.0,0.0,0.0,0.0,0.0,1.0,0,0
/home/test/bupt_hjk/sdp_dataset/elderAL/action3_sleep_new/user1_position2_activity3/20250813=183953_mimo5s_part0.csv,25,38400,28,True,True,0.0,0.0,0.0,0.0,0.0,1.0,0,0
/home/test/bupt_hjk/sdp_dataset/elderAL/action3_sleep_new/user1_position2_activity3/20250813=184003_mimo5s_part0.csv,22,33792,28,True,True,0.0,0.0,0.0,0.0,0.0,0.9999999999999998,0,0
/home/test/bupt_hjk/sdp_dataset/elderAL/action3_sleep_new/user1_position2_activity3/20250813=184013_mimo5s_part0.csv,31,47616,28,False,False,3247.2818683000196,1015.7384952856106,1.1189314195154467,1137.699393885228,1.0878142891594824,0.20562592437356483,0,0
/home/test/bupt_hjk/sdp_dataset/elderAL/action3_sleep_new/user1_position2_activity3/20250813=184023_mimo5s_part0.csv,18,27648,28,True,True,0.0,0.0,0.0,0.0,0.0,1.0,0,0
/home/test/bupt_hjk/sdp_dataset/elderAL/action3_sleep_new/user1_position2_activity3/20250813=184033_mimo5s_part0.csv,18,27648,28,True,True,0.0,0.0,0.0,0.0,0.0,1.0,0,0
/home/test/bupt_hjk/sdp_dataset/elderAL/action3_sleep_new/user1_position2_activity3/20250813=184043_mimo5s_part0.csv,24,36864,28,True,True,0.0,0.0,0.0,0.0,0.0,0.9999999999999998,0,0
/home/test/bupt_hjk/sdp_dataset/elderAL/action3_sleep_new/user1_position2_activity3/20250813=184053_mimo5s_part0.csv,20,30720,28,True,True,0.0,0.0,0.0,0.0,0.0,1.0,0,0
/home/test/bupt_hjk/sdp_dataset/elderAL/action3_sleep_new/user1_position2_activity3/20250813=184103_mimo5s_part0.csv,15,23040,28,True,True,0.0,0.0,0.0,0.0,0.0,1.0,0,0
/home/test/bupt_hjk/sdp_dataset/elderAL/action3_sleep_new/user1_position2_activity3/20250813=184114_mimo5s_part0.csv,18,27648,28,True,True,0.0,0.0,0.0,0.0,0.0,0.9999999999999998,0,0
/home/test/bupt_hjk/sdp_dataset/elderAL/action3_sleep_new/user1_position2_activity3/20250813=184123_mimo5s_part0.csv,15,23040,28,True,True,0.0,0.0,0.0,0.0,0.0,1.0,0,0
/home/test/bupt_hjk/sdp_dataset/elderAL/action3_sleep_new/user1_position2_activity3/20250813=184133_mimo5s_part0.csv,34,52224,28,False,False,3523.1658093006627,791.0295504976926,0.8291922329475613,930.1769425521979,0.8640797910327243,0.22885974924593647,0,0
/home/test/bupt_hjk/sdp_dataset/elderAL/action3_sleep_new/user1_position2_activity3/20250813=184143_mimo5s_part0.csv,30,46080,28,False,False,3080.4548967794017,1012.0972488021761,1.075000768752787,1174.604358615809,1.102849740709828,-0.4862160975720538,0,0
/home/test/bupt_hjk/sdp_dataset/elderAL/action3_sleep_new/user1_position3_activity3/20250813=184234_mimo5s_part0.csv,11,16896,28,True,True,0.0,0.0,0.0,0.0,0.0,1.0,0,0
/home/test/bupt_hjk/sdp_dataset/elderAL/action3_sleep_new/user1_position3_activity3/20250813=184244_mimo5s_part0.csv,25,38400,28,True,True,0.0,0.0,0.0,0.0,0.0,1.0,0,0
/home/test/bupt_hjk/sdp_dataset/elderAL/action3_sleep_new/user1_position3_activity3/20250813=184254_mimo5s_part0.csv,7,10752,28,True,True,0.0,0.0,0.0,0.0,0.0,1.0,0,0
/home/test/bupt_hjk/sdp_dataset/elderAL/action3_sleep_new/user1_position3_activity3/20250813=184303_mimo5s_part0.csv,18,27648,28,True,True,0.0,0.0,0.0,0.0,0.0,0.9999999999999999,0,0
/home/test/bupt_hjk/sdp_dataset/elderAL/action3_sleep_new/user1_position3_activity3/20250813=184312_mimo5s_part0.csv,14,21504,28,True,True,0.0,0.0,0.0,0.0,0.0,1.0,0,0
/home/test/bupt_hjk/sdp_dataset/elderAL/action3_sleep_new/user1_position3_activity3/20250813=184322_mimo5s_part0.csv,14,21504,28,True,True,0.0,0.0,0.0,0.0,0.0,0.9999999999999999,0,0
/home/test/bupt_hjk/sdp_dataset/elderAL/action3_sleep_new/user1_position3_activity3/20250813=184332_mimo5s_part0.csv,41,62976,28,False,False,3750.6772453386243,620.3645799711525,0.701692011940037,775.356980017774,0.7564238014138311,0.4558954161210128,0,0
/home/test/bupt_hjk/sdp_dataset/elderAL/action3_sleep_new/user1_position3_activity3/20250813=184342_mimo5s_part0.csv,21,32256,28,True,True,0.0,0.0,0.0,0.0,0.0,1.0,0,0
/home/test/bupt_hjk/sdp_dataset/elderAL/action3_sleep_new/user1_position3_activity3/20250813=184352_mimo5s_part0.csv,67,102912,28,False,False,3257.788614455439,855.138885114767,0.8950396672798417,925.1034776951084,0.862654274590247,0.6792666565467579,0,0
/home/test/bupt_hjk/sdp_dataset/elderAL/action3_sleep_new/user1_position3_activity3/20250813=184401_mimo5s_part0.csv,28,43008,28,False,False,2973.3654244755853,953.124990857563,1.0462170122897845,1043.7515460239508,0.9996607116424409,0.49613066141733714,0,0
/home/test/bupt_hjk/sdp_dataset/elderAL/action3_sleep_new/user1_position3_activity3/20250813=184411_mimo5s_part0.csv,18,27648,28,True,True,0.0,0.0,0.0,0.0,0.0,1.0,0,0
/home/test/bupt_hjk/sdp_dataset/elderAL/action3_sleep_new/user1_position3_activity3/20250813=184422_mimo5s_part0.csv,15,23040,28,True,True,0.0,0.0,0.0,0.0,0.0,1.0,0,0
/home/test/bupt_hjk/sdp_dataset/elderAL/action3_sleep_new/user1_position3_activity3/20250813=184431_mimo5s_part0.csv,21,32256,28,True,True,0.0,0.0,0.0,0.0,0.0,1.0,0,0
/home/test/bupt_hjk/sdp_dataset/elderAL/action3_sleep_new/user1_position3_activity3/20250813=184441_mimo5s_part0.csv,7,10752,28,True,True,0.0,0.0,0.0,0.0,0.0,1.0,0,0
/home/test/bupt_hjk/sdp_dataset/elderAL/action3_sleep_new/user1_position3_activity3/20250813=184450_mimo5s_part0.csv,25,38400,28,True,True,0.0,0.0,0.0,0.0,0.0,1.0,0,0
/home/test/bupt_hjk/sdp_dataset/elderAL/action3_sleep_new/user1_position4_activity3/20250813=185746_mimo5s_part0.csv,35,53760,28,False,False,3317.67423407087,834.419567153398,0.9373832631219566,990.3218121795558,0.9831654514177463,0.2574126691050316,0,0
/home/test/bupt_hjk/sdp_dataset/elderAL/action3_sleep_new/user1_position4_activity3/20250813=185756_mimo5s_part0.csv,11,16896,28,True,True,0.0,0.0,0.0,0.0,0.0,1.0,0,0
/home/test/bupt_hjk/sdp_dataset/elderAL/action3_sleep_new/user1_position4_activity3/20250813=185805_mimo5s_part0.csv,24,36864,28,True,True,0.0,0.0,0.0,0.0,0.0,0.9999999999999999,0,0
/home/test/bupt_hjk/sdp_dataset/elderAL/action3_sleep_new/user1_position4_activity3/20250813=185816_mimo5s_part0.csv,27,41472,28,True,True,0.0,0.0,0.0,0.0,0.0,1.0,0,0
/home/test/bupt_hjk/sdp_dataset/elderAL/action3_sleep_new/user1_position4_activity3/20250813=185826_mimo5s_part0.csv,30,46080,28,False,False,2838.200783670093,812.0501716240053,0.9167858866379637,925.6146550182116,0.9375228886665028,0.23610858855454697,0,0
/home/test/bupt_hjk/sdp_dataset/elderAL/action3_sleep_new/user1_position4_activity3/20250813=185836_mimo5s_part0.csv,20,30720,28,True,True,0.0,0.0,0.0,0.0,0.0,0.9999999999999999,0,0
/home/test/bupt_hjk/sdp_dataset/elderAL/action3_sleep_new/user1_position4_activity3/20250813=185845_mimo5s_part0.csv,47,72192,28,False,False,2205.8907511546267,774.4469163532453,0.843827035022088,862.4393110449689,0.844013459384431,0.5538530799084175,0,0
/home/test/bupt_hjk/sdp_dataset/elderAL/action3_sleep_new/user1_position4_activity3/20250813=185856_mimo5s_part0.csv,28,43008,28,False,False,2988.178275053694,963.4239057799952,1.1490591292495893,1079.2582842688905,1.1245709185169328,0.26358914199362665,0,0
/home/test/bupt_hjk/sdp_dataset/elderAL/action3_sleep_new/user1_position4_activity3/20250813=185906_mimo5s_part0.csv,22,33792,28,True,True,0.0,0.0,0.0,0.0,0.0,0.9999999999999999,0,0
/home/test/bupt_hjk/sdp_dataset/elderAL/action3_sleep_new/user1_position4_activity3/20250813=185916_mimo5s_part0.csv,12,18432,28,True,True,0.0,0.0,0.0,0.0,0.0,1.0,0,0
/home/test/bupt_hjk/sdp_dataset/elderAL/action3_sleep_new/user1_position4_activity3/20250813=185926_mimo5s_part0.csv,15,23040,28,True,True,0.0,0.0,0.0,0.0,0.0,1.0,0,0
/home/test/bupt_hjk/sdp_dataset/elderAL/action3_sleep_new/user1_position4_activity3/20250813=185936_mimo5s_part0.csv,15,23040,28,True,True,0.0,0.0,0.0,0.0,0.0,1.0,0,0
/home/test/bupt_hjk/sdp_dataset/elderAL/action3_sleep_new/user1_position4_activity3/20250813=185946_mimo5s_part0.csv,25,38400,28,True,True,0.0,0.0,0.0,0.0,0.0,1.0,0,0
/home/test/bupt_hjk/sdp_dataset/elderAL/action3_sleep_new/user1_position4_activity3/20250813=185955_mimo5s_part0.csv,8,12288,28,True,True,0.0,0.0,0.0,0.0,0.0,1.0,0,0
/home/test/bupt_hjk/sdp_dataset/elderAL/action3_sleep_new/user1_position4_activity3/20250813=190005_mimo5s_part0.csv,17,26112,28,True,True,0.0,0.0,0.0,0.0,0.0,1.0,0,0
/home/test/bupt_hjk/sdp_dataset/elderAL/action3_sleep_new/user1_position5_activity3/20250813=190036_mimo5s_part0.csv,24,36864,28,True,True,0.0,0.0,0.0,0.0,0.0,0.9999999999999999,0,0
/home/test/bupt_hjk/sdp_dataset/elderAL/action3_sleep_new/user1_position5_activity3/20250813=190045_mimo5s_part0.csv,31,47616,28,False,False,4049.0926089079676,791.9382976772812,0.8621769675383075,903.9420861326062,0.873671810933186,0.40637819412401915,0,0
/home/test/bupt_hjk/sdp_dataset/elderAL/action3_sleep_new/user1_position5_activity3/20250813=190055_mimo5s_part0.csv,14,21504,28,True,True,0.0,0.0,0.0,0.0,0.0,1.0,0,0
/home/test/bupt_hjk/sdp_dataset/elderAL/action3_sleep_new/user1_position5_activity3/20250813=190105_mimo5s_part0.csv,21,32256,28,True,True,0.0,0.0,0.0,0.0,0.0,1.0,0,0
/home/test/bupt_hjk/sdp_dataset/elderAL/action3_sleep_new/user1_position5_activity3/20250813=190115_mimo5s_part0.csv,27,41472,28,True,True,0.0,0.0,0.0,0.0,0.0,1.0,0,0
/home/test/bupt_hjk/sdp_dataset/elderAL/action3_sleep_new/user1_position5_activity3/20250813=190125_mimo5s_part0.csv,7,10752,28,True,True,0.0,0.0,0.0,0.0,0.0,1.0,0,0
/home/test/bupt_hjk/sdp_dataset/elderAL/action3_sleep_new/user1_position5_activity3/20250813=190135_mimo5s_part0.csv,23,35328,28,True,True,0.0,0.0,0.0,0.0,0.0,0.9999999999999999,0,0
/home/test/bupt_hjk/sdp_dataset/elderAL/action3_sleep_new/user1_position5_activity3/20250813=190146_mimo5s_part0.csv,31,47616,28,False,False,3250.622438486799,1086.648549994149,1.2559418572129126,1252.464341062863,1.2757503266898311,-0.2074082749466677,0,0
/home/test/bupt_hjk/sdp_dataset/elderAL/action3_sleep_new/user1_position5_activity3/20250813=190156_mimo5s_part0.csv,11,16896,28,True,True,0.0,0.0,0.0,0.0,0.0,1.0,0,0
/home/test/bupt_hjk/sdp_dataset/elderAL/action3_sleep_new/user1_position5_activity3/20250813=190205_mimo5s_part0.csv,32,49152,28,False,False,2871.185863197641,659.7309640928139,0.7782864256131072,783.2872751409138,0.8097219532550607,0.5440857227558953,0,0
/home/test/bupt_hjk/sdp_dataset/elderAL/action3_sleep_new/user1_position5_activity3/20250813=190215_mimo5s_part0.csv,28,43008,28,False,False,2095.8896951974407,482.52129163737465,0.5743902595034841,639.1437371474282,0.6630472845690915,0.45337820338697926,0,0
/home/test/bupt_hjk/sdp_dataset/elderAL/action3_sleep_new/user1_position5_activity3/20250813=190225_mimo5s_part0.csv,11,16896,28,True,True,0.0,0.0,0.0,0.0,0.0,0.9999999999999999,0,0
/home/test/bupt_hjk/sdp_dataset/elderAL/action3_sleep_new/user1_position5_activity3/20250813=190234_mimo5s_part0.csv,17,26112,28,True,True,0.0,0.0,0.0,0.0,0.0,1.0,0,0
/home/test/bupt_hjk/sdp_dataset/elderAL/action3_sleep_new/user1_position5_activity3/20250813=190244_mimo5s_part0.csv,35,53760,28,False,False,2579.865739056498,926.2723958097828,1.0355375910846407,1025.5500501706617,1.02571833813503,0.29213396934123187,0,0
/home/test/bupt_hjk/sdp_dataset/elderAL/action3_sleep_new/user1_position5_activity3/20250813=190253_mimo5s_part0.csv,22,33792,28,True,True,0.0,0.0,0.0,0.0,0.0,1.0,0,0
/home/test/bupt_hjk/sdp_dataset/elderAL/action3_sleep_new/user1_position6_activity3/20250813=191349_mimo5s_part0.csv,61,93696,28,False,False,2290.3962413571435,684.9220766185867,0.7261316512055853,810.5751666760382,0.7638356146824751,0.4096293429406017,0,0
/home/test/bupt_hjk/sdp_dataset/elderAL/action3_sleep_new/user1_position6_activity3/20250813=191358_mimo5s_part0.csv,27,41472,28,True,True,0.0,0.0,0.0,0.0,0.0,1.0,0,0
/home/test/bupt_hjk/sdp_dataset/elderAL/action3_sleep_new/user1_position6_activity3/20250813=191408_mimo5s_part0.csv,45,69120,28,False,False,2887.0008755214694,752.9520889728649,0.8157978776722091,939.8649836909426,0.9009684719214119,0.21193263239352153,0,0
/home/test/bupt_hjk/sdp_dataset/elderAL/action3_sleep_new/user1_position6_activity3/20250813=191417_mimo5s_part0.csv,28,43008,28,False,False,2611.5172469635486,342.85701299978547,0.3783060199606657,458.1674008662325,0.43871744466950374,0.7676965450780024,0,0
/home/test/bupt_hjk/sdp_dataset/elderAL/action3_sleep_new/user1_position6_activity3/20250813=191428_mimo5s_part0.csv,18,27648,28,True,True,0.0,0.0,0.0,0.0,0.0,0.9999999999999998,0,0
/home/test/bupt_hjk/sdp_dataset/elderAL/action3_sleep_new/user1_position6_activity3/20250813=191439_mimo5s_part0.csv,22,33792,28,True,True,0.0,0.0,0.0,0.0,0.0,1.0,0,0
/home/test/bupt_hjk/sdp_dataset/elderAL/action3_sleep_new/user1_position6_activity3/20250813=191448_mimo5s_part0.csv,36,55296,28,False,False,2720.591231187933,841.5109655273646,0.9797408697676449,1089.1692225990503,1.0937512281509647,-0.04192764138184558,0,0
/home/test/bupt_hjk/sdp_dataset/elderAL/action3_sleep_new/user1_position6_activity3/20250813=191458_mimo5s_part0.csv,11,16896,28,True,True,0.0,0.0,0.0,0.0,0.0,1.0,0,0
/home/test/bupt_hjk/sdp_dataset/elderAL/action3_sleep_new/user1_position6_activity3/20250813=191507_mimo5s_part0.csv,28,43008,28,False,False,2936.5133159052216,993.1651219365416,1.0848241407984998,1088.666162995755,1.044015665269368,0.4203943492932316,0,0
/home/test/bupt_hjk/sdp_dataset/elderAL/action3_sleep_new/user1_position6_activity3/20250813=191519_mimo5s_part0.csv,20,30720,28,True,True,0.0,0.0,0.0,0.0,0.0,1.0,0,0
/home/test/bupt_hjk/sdp_dataset/elderAL/action3_sleep_new/user1_position6_activity3/20250813=191529_mimo5s_part0.csv,15,23040,28,True,True,0.0,0.0,0.0,0.0,0.0,1.0,0,0
/home/test/bupt_hjk/sdp_dataset/elderAL/action3_sleep_new/user1_position6_activity3/20250813=191539_mimo5s_part0.csv,11,16896,28,True,True,0.0,0.0,0.0,0.0,0.0,1.0,0,0
/home/test/bupt_hjk/sdp_dataset/elderAL/action3_sleep_new/user1_position6_activity3/20250813=191549_mimo5s_part0.csv,21,32256,28,True,True,0.0,0.0,0.0,0.0,0.0,1.0,0,0
/home/test/bupt_hjk/sdp_dataset/elderAL/action3_sleep_new/user1_position6_activity3/20250813=191558_mimo5s_part0.csv,8,12288,28,True,True,0.0,0.0,0.0,0.0,0.0,1.0,0,0
/home/test/bupt_hjk/sdp_dataset/elderAL/action3_sleep_new/user1_position6_activity3/20250813=191608_mimo5s_part0.csv,15,23040,28,True,True,0.0,0.0,0.0,0.0,0.0,1.0,0,0
/home/test/bupt_hjk/sdp_dataset/elderAL/action3_sleep_new/user1_position7_activity3/20250813=192257_mimo5s_part0.csv,19,29184,28,True,True,0.0,0.0,0.0,0.0,0.0,0.9999999999999998,0,0
/home/test/bupt_hjk/sdp_dataset/elderAL/action3_sleep_new/user1_position7_activity3/20250813=192306_mimo5s_part0.csv,55,84480,28,False,False,2734.056880436676,727.2218433596272,0.8505634490650643,937.1171100312707,0.9471004797667592,0.17730615335427113,0,0
/home/test/bupt_hjk/sdp_dataset/elderAL/action3_sleep_new/user1_position7_activity3/20250813=192315_mimo5s_part0.csv,23,35328,28,True,True,0.0,0.0,0.0,0.0,0.0,1.0,0,0
/home/test/bupt_hjk/sdp_dataset/elderAL/action3_sleep_new/user1_position7_activity3/20250813=192325_mimo5s_part0.csv,17,26112,28,True,True,0.0,0.0,0.0,0.0,0.0,1.0,0,0
/home/test/bupt_hjk/sdp_dataset/elderAL/action3_sleep_new/user1_position7_activity3/20250813=192335_mimo5s_part0.csv,17,26112,28,True,True,0.0,0.0,0.0,0.0,0.0,0.9999999999999999,0,0
/home/test/bupt_hjk/sdp_dataset/elderAL/action3_sleep_new/user1_position7_activity3/20250813=192345_mimo5s_part0.csv,34,52224,28,False,False,2840.418864457432,702.9966571938427,0.8144590467333974,874.0409394547355,0.8864477348546632,0.15284959565597028,0,0
/home/test/bupt_hjk/sdp_dataset/elderAL/action3_sleep_new/user1_position7_activity3/20250813=192355_mimo5s_part0.csv,34,52224,28,False,False,2998.875512989388,814.8152217046485,0.9007937917110063,958.2859907385199,0.9343071194546546,0.2957287973688818,0,0
/home/test/bupt_hjk/sdp_dataset/elderAL/action3_sleep_new/user1_position7_activity3/20250813=192405_mimo5s_part0.csv,21,32256,28,True,True,0.0,0.0,0.0,0.0,0.0,1.0,0,0
/home/test/bupt_hjk/sdp_dataset/elderAL/action3_sleep_new/user1_position7_activity3/20250813=192415_mimo5s_part0.csv,14,21504,28,True,True,0.0,0.0,0.0,0.0,0.0,1.0,0,0
/home/test/bupt_hjk/sdp_dataset/elderAL/action3_sleep_new/user1_position7_activity3/20250813=192425_mimo5s_part0.csv,14,21504,28,True,True,0.0,0.0,0.0,0.0,0.0,1.0,0,0
/home/test/bupt_hjk/sdp_dataset/elderAL/action3_sleep_new/user1_position7_activity3/20250813=192435_mimo5s_part0.csv,15,23040,28,True,True,0.0,0.0,0.0,0.0,0.0,1.0,0,0
/home/test/bupt_hjk/sdp_dataset/elderAL/action3_sleep_new/user1_position7_activity3/20250813=192444_mimo5s_part0.csv,31,47616,28,False,False,3544.418550441232,738.3580855603614,0.8488494912720376,857.4431088190689,0.8632758090364854,0.35689980254913,0,0
/home/test/bupt_hjk/sdp_dataset/elderAL/action3_sleep_new/user1_position7_activity3/20250813=192453_mimo5s_part0.csv,15,23040,28,True,True,0.0,0.0,0.0,0.0,0.0,1.0,0,0
/home/test/bupt_hjk/sdp_dataset/elderAL/action3_sleep_new/user1_position7_activity3/20250813=192503_mimo5s_part0.csv,22,33792,28,True,True,0.0,0.0,0.0,0.0,0.0,1.0,0,0
/home/test/bupt_hjk/sdp_dataset/elderAL/action3_sleep_new/user1_position7_activity3/20250813=192512_mimo5s_part0.csv,11,16896,28,True,True,0.0,0.0,0.0,0.0,0.0,0.9999999999999998,0,0
/home/test/bupt_hjk/sdp_dataset/elderAL/action3_sleep_new/user1_position8_activity3/20250813=193843_mimo5s_part0.csv,33,50688,28,False,False,2605.8484189987726,764.7227845496549,0.8699161283239063,888.9914702806251,0.8934074192052665,0.24706606693687705,0,0
/home/test/bupt_hjk/sdp_dataset/elderAL/action3_sleep_new/user1_position8_activity3/20250813=193853_mimo5s_part0.csv,41,62976,28,False,False,2319.913870159986,743.4856199914602,0.7857591590285903,851.0764860088485,0.8149850838838274,0.3656023933099186,0,0
/home/test/bupt_hjk/sdp_dataset/elderAL/action3_sleep_new/user1_position8_activity3/20250813=193903_mimo5s_part0.csv,24,36864,28,True,True,0.0,0.0,0.0,0.0,0.0,1.0,0,0
/home/test/bupt_hjk/sdp_dataset/elderAL/action3_sleep_new/user1_position8_activity3/20250813=193913_mimo5s_part0.csv,14,21504,28,True,True,0.0,0.0,0.0,0.0,0.0,0.9999999999999999,0,0
/home/test/bupt_hjk/sdp_dataset/elderAL/action3_sleep_new/user1_position8_activity3/20250813=193922_mimo5s_part0.csv,21,32256,28,True,True,0.0,0.0,0.0,0.0,0.0,1.0,0,0
/home/test/bupt_hjk/sdp_dataset/elderAL/action3_sleep_new/user1_position8_activity3/20250813=193932_mimo5s_part0.csv,21,32256,28,True,True,0.0,0.0,0.0,0.0,0.0,1.0,0,0
/home/test/bupt_hjk/sdp_dataset/elderAL/action3_sleep_new/user1_position8_activity3/20250813=193941_mimo5s_part0.csv,15,23040,28,True,True,0.0,0.0,0.0,0.0,0.0,1.0,0,0
/home/test/bupt_hjk/sdp_dataset/elderAL/action3_sleep_new/user1_position8_activity3/20250813=193950_mimo5s_part0.csv,27,41472,28,True,True,0.0,0.0,0.0,0.0,0.0,1.0,0,0
/home/test/bupt_hjk/sdp_dataset/elderAL/action3_sleep_new/user1_position8_activity3/20250813=194000_mimo5s_part0.csv,8,12288,28,True,True,0.0,0.0,0.0,0.0,0.0,1.0,0,0
/home/test/bupt_hjk/sdp_dataset/elderAL/action3_sleep_new/user1_position8_activity3/20250813=194009_mimo5s_part0.csv,34,52224,28,False,False,2548.4690942798848,786.8826868984011,0.8688815483551479,916.0968022076431,0.9086546606019488,0.11198597715560552,0,0
/home/test/bupt_hjk/sdp_dataset/elderAL/action3_sleep_new/user1_position8_activity3/20250813=194019_mimo5s_part0.csv,31,47616,28,False,False,2684.908975465109,738.047530541413,0.8178987195455011,846.0163318220593,0.8412170853329127,0.27259102975659877,0,0
/home/test/bupt_hjk/sdp_dataset/elderAL/action3_sleep_new/user1_position8_activity3/20250813=194029_mimo5s_part0.csv,17,26112,28,True,True,0.0,0.0,0.0,0.0,0.0,1.0,0,0
/home/test/bupt_hjk/sdp_dataset/elderAL/action3_sleep_new/user1_position8_activity3/20250813=194038_mimo5s_part0.csv,12,18432,28,True,True,0.0,0.0,0.0,0.0,0.0,0.9999999999999999,0,0
/home/test/bupt_hjk/sdp_dataset/elderAL/action3_sleep_new/user1_position8_activity3/20250813=194048_mimo5s_part0.csv,22,33792,28,True,True,0.0,0.0,0.0,0.0,0.0,0.9999999999999999,0,0
/home/test/bupt_hjk/sdp_dataset/elderAL/action3_sleep_new/user1_position8_activity3/20250813=194058_mimo5s_part0.csv,11,16896,28,True,True,0.0,0.0,0.0,0.0,0.0,0.9999999999999999,0,0
/home/test/bupt_hjk/sdp_dataset/elderAL/action3_sleep_new/user1_position9_activity3/20250813=194130_mimo5s_part0.csv,21,32256,28,True,True,0.0,0.0,0.0,0.0,0.0,1.0,0,0
/home/test/bupt_hjk/sdp_dataset/elderAL/action3_sleep_new/user1_position9_activity3/20250813=194139_mimo5s_part0.csv,18,27648,28,True,True,0.0,0.0,0.0,0.0,0.0,1.0,0,0
/home/test/bupt_hjk/sdp_dataset/elderAL/action3_sleep_new/user1_position9_activity3/20250813=194148_mimo5s_part0.csv,50,76800,28,False,False,2278.306004897994,997.2333994081787,1.0809987360480537,1112.8149747424325,1.0922673925134878,-0.4712956698760496,0,0
/home/test/bupt_hjk/sdp_dataset/elderAL/action3_sleep_new/user1_position9_activity3/20250813=194157_mimo5s_part0.csv,22,33792,28,True,True,0.0,0.0,0.0,0.0,0.0,1.0,0,0
/home/test/bupt_hjk/sdp_dataset/elderAL/action3_sleep_new/user1_position9_activity3/20250813=194207_mimo5s_part0.csv,14,21504,28,True,True,0.0,0.0,0.0,0.0,0.0,1.0,0,0
/home/test/bupt_hjk/sdp_dataset/elderAL/action3_sleep_new/user1_position9_activity3/20250813=194217_mimo5s_part0.csv,25,38400,28,True,True,0.0,0.0,0.0,0.0,0.0,1.0,0,0
/home/test/bupt_hjk/sdp_dataset/elderAL/action3_sleep_new/user1_position9_activity3/20250813=194226_mimo5s_part0.csv,11,16896,28,True,True,0.0,0.0,0.0,0.0,0.0,1.0,0,0
/home/test/bupt_hjk/sdp_dataset/elderAL/action3_sleep_new/user1_position9_activity3/20250813=194235_mimo5s_part0.csv,11,16896,28,True,True,0.0,0.0,0.0,0.0,0.0,1.0,0,0
/home/test/bupt_hjk/sdp_dataset/elderAL/action3_sleep_new/user1_position9_activity3/20250813=194245_mimo5s_part0.csv,24,36864,28,True,True,0.0,0.0,0.0,0.0,0.0,0.9999999999999999,0,0
/home/test/bupt_hjk/sdp_dataset/elderAL/action3_sleep_new/user1_position9_activity3/20250813=194254_mimo5s_part0.csv,17,26112,28,True,True,0.0,0.0,0.0,0.0,0.0,1.0,0,0
/home/test/bupt_hjk/sdp_dataset/elderAL/action3_sleep_new/user1_position9_activity3/20250813=194303_mimo5s_part0.csv,14,21504,28,True,True,0.0,0.0,0.0,0.0,0.0,0.9999999999999999,0,0
/home/test/bupt_hjk/sdp_dataset/elderAL/action3_sleep_new/user1_position9_activity3/20250813=194313_mimo5s_part0.csv,15,23040,28,True,True,0.0,0.0,0.0,0.0,0.0,1.0,0,0
/home/test/bupt_hjk/sdp_dataset/elderAL/action3_sleep_new/user1_position9_activity3/20250813=194322_mimo5s_part0.csv,15,23040,28,True,True,0.0,0.0,0.0,0.0,0.0,1.0,0,0
/home/test/bupt_hjk/sdp_dataset/elderAL/action3_sleep_new/user1_position9_activity3/20250813=194332_mimo5s_part0.csv,28,43008,28,False,False,2286.0545778870664,836.5960427640616,0.9472126933550663,921.9792837401751,0.9356761350898471,0.45631178573264264,0,0
/home/test/bupt_hjk/sdp_dataset/elderAL/action3_sleep_new/user1_position9_activity3/20250813=194343_mimo5s_part0.csv,47,72192,28,False,False,2390.76081772439,819.5802639801599,0.8951992584644428,890.2791676689619,0.8813375522454509,0.5349643928040128,0,0
/home/test/bupt_hjk/sdp_dataset/elderAL/action3_sleep_new/user2_position1_activity3/20250813=183024_mimo5s_part0.csv,12,18432,28,True,True,0.0,0.0,0.0,0.0,0.0,0.9999999999999998,0,0
/home/test/bupt_hjk/sdp_dataset/elderAL/action3_sleep_new/user2_position1_activity3/20250813=183034_mimo5s_part0.csv,11,16896,28,True,True,0.0,0.0,0.0,0.0,0.0,1.0,0,0
/home/test/bupt_hjk/sdp_dataset/elderAL/action3_sleep_new/user2_position1_activity3/20250813=183046_mimo5s_part0.csv,31,47616,28,False,False,3054.5203012298693,567.630191067859,0.6570133949186098,743.0370935884257,0.7338615646382889,0.3671193369751868,0,0
/home/test/bupt_hjk/sdp_dataset/elderAL/action3_sleep_new/user2_position1_activity3/20250813=183055_mimo5s_part0.csv,17,26112,28,True,True,0.0,0.0,0.0,0.0,0.0,1.0,0,0
/home/test/bupt_hjk/sdp_dataset/elderAL/action3_sleep_new/user2_position1_activity3/20250813=183105_mimo5s_part0.csv,15,23040,28,True,True,0.0,0.0,0.0,0.0,0.0,1.0,0,0
/home/test/bupt_hjk/sdp_dataset/elderAL/action3_sleep_new/user2_position1_activity3/20250813=183115_mimo5s_part0.csv,14,21504,28,True,True,0.0,0.0,0.0,0.0,0.0,1.0,0,0
/home/test/bupt_hjk/sdp_dataset/elderAL/action3_sleep_new/user2_position1_activity3/20250813=183124_mimo5s_part0.csv,21,32256,28,True,True,0.0,0.0,0.0,0.0,0.0,1.0,0,0
/home/test/bupt_hjk/sdp_dataset/elderAL/action3_sleep_new/user2_position1_activity3/20250813=183134_mimo5s_part0.csv,38,58368,28,False,False,3808.9707549652367,794.837205770379,0.8359525721936489,897.4416481354643,0.8308661422148247,0.43982372932868335,0,0
/home/test/bupt_hjk/sdp_dataset/elderAL/action3_sleep_new/user2_position1_activity3/20250813=183144_mimo5s_part0.csv,34,52224,28,False,False,2638.0299903395735,740.3202687551055,0.774491809371785,841.1689362333483,0.7793206166821347,0.5922557524952262,0,0
/home/test/bupt_hjk/sdp_dataset/elderAL/action3_sleep_new/user2_position1_activity3/20250813=183154_mimo5s_part0.csv,8,12288,28,True,True,0.0,0.0,0.0,0.0,0.0,1.0,0,0
/home/test/bupt_hjk/sdp_dataset/elderAL/action3_sleep_new/user2_position1_activity3/20250813=183204_mimo5s_part0.csv,21,32256,28,True,True,0.0,0.0,0.0,0.0,0.0,1.0,0,0
/home/test/bupt_hjk/sdp_dataset/elderAL/action3_sleep_new/user2_position1_activity3/20250813=183215_mimo5s_part0.csv,21,32256,28,True,True,0.0,0.0,0.0,0.0,0.0,1.0,0,0
/home/test/bupt_hjk/sdp_dataset/elderAL/action3_sleep_new/user2_position1_activity3/20250813=183225_mimo5s_part0.csv,11,16896,28,True,True,0.0,0.0,0.0,0.0,0.0,1.0,0,0
/home/test/bupt_hjk/sdp_dataset/elderAL/action3_sleep_new/user2_position1_activity3/20250813=183235_mimo5s_part0.csv,18,27648,28,True,True,0.0,0.0,0.0,0.0,0.0,0.9999999999999998,0,0
/home/test/bupt_hjk/sdp_dataset/elderAL/action3_sleep_new/user2_position1_activity3/20250813=183249_mimo5s_part0.csv,25,38400,28,True,True,0.0,0.0,0.0,0.0,0.0,0.9999999999999998,0,0
/home/test/bupt_hjk/sdp_dataset/elderAL/action3_sleep_new/user2_position2_activity3/20250813=183345_mimo5s_part0.csv,40,61440,28,False,False,2729.980657708827,1077.041037804868,1.1295339175624026,1224.288645448305,1.1473196183367498,-0.4454549695223654,0,0
/home/test/bupt_hjk/sdp_dataset/elderAL/action3_sleep_new/user2_position2_activity3/20250813=183355_mimo5s_part0.csv,41,62976,28,False,False,2442.6527100864346,868.0233818964533,0.9106456435130633,951.4533406658934,0.8848017006917237,0.6142629751656705,0,0
/home/test/bupt_hjk/sdp_dataset/elderAL/action3_sleep_new/user2_position2_activity3/20250813=183404_mimo5s_part0.csv,11,16896,28,True,True,0.0,0.0,0.0,0.0,0.0,1.0,0,0
/home/test/bupt_hjk/sdp_dataset/elderAL/action3_sleep_new/user2_position2_activity3/20250813=183415_mimo5s_part0.csv,77,118272,28,False,False,2847.3870765124443,1018.5523266020841,1.0588838850331757,1145.694173313042,1.066214220394804,-0.15151708732359093,0,0
/home/test/bupt_hjk/sdp_dataset/elderAL/action3_sleep_new/user2_position2_activity3/20250813=183425_mimo5s_part0.csv,21,32256,28,True,True,0.0,0.0,0.0,0.0,0.0,1.0,0,0
/home/test/bupt_hjk/sdp_dataset/elderAL/action3_sleep_new/user2_position2_activity3/20250813=183435_mimo5s_part0.csv,12,18432,28,True,True,0.0,0.0,0.0,0.0,0.0,1.0,0,0
/home/test/bupt_hjk/sdp_dataset/elderAL/action3_sleep_new/user2_position2_activity3/20250813=183445_mimo5s_part0.csv,34,52224,28,False,False,2772.4673487906575,786.9749292082141,0.8344583404674074,897.8724812555421,0.8455354003576429,0.403173916700926,0,0
/home/test/bupt_hjk/sdp_dataset/elderAL/action3_sleep_new/user2_position2_activity3/20250813=183456_mimo5s_part0.csv,15,23040,28,True,True,0.0,0.0,0.0,0.0,0.0,1.0,0,0
/home/test/bupt_hjk/sdp_dataset/elderAL/action3_sleep_new/user2_position2_activity3/20250813=183507_mimo5s_part0.csv,12,18432,28,True,True,0.0,0.0,0.0,0.0,0.0,1.0,0,0
/home/test/bupt_hjk/sdp_dataset/elderAL/action3_sleep_new/user2_position2_activity3/20250813=183517_mimo5s_part0.csv,17,26112,28,True,True,0.0,0.0,0.0,0.0,0.0,0.9999999999999999,0,0
/home/test/bupt_hjk/sdp_dataset/elderAL/action3_sleep_new/user2_position2_activity3/20250813=183526_mimo5s_part0.csv,11,16896,28,True,True,0.0,0.0,0.0,0.0,0.0,1.0,0,0
/home/test/bupt_hjk/sdp_dataset/elderAL/action3_sleep_new/user2_position2_activity3/20250813=183536_mimo5s_part0.csv,18,27648,28,True,True,0.0,0.0,0.0,0.0,0.0,1.0,0,0
/home/test/bupt_hjk/sdp_dataset/elderAL/action3_sleep_new/user2_position2_activity3/20250813=183546_mimo5s_part0.csv,38,58368,28,False,False,3450.041021459849,772.3956262050698,0.8216430611402665,920.0756014314825,0.8648685689756282,0.26690718776208794,0,0
/home/test/bupt_hjk/sdp_dataset/elderAL/action3_sleep_new/user2_position2_activity3/20250813=183556_mimo5s_part0.csv,15,23040,28,True,True,0.0,0.0,0.0,0.0,0.0,0.9999999999999998,0,0
/home/test/bupt_hjk/sdp_dataset/elderAL/action3_sleep_new/user2_position2_activity3/20250813=183606_mimo5s_part0.csv,11,16896,28,True,True,0.0,0.0,0.0,0.0,0.0,1.0,0,0
/home/test/bupt_hjk/sdp_dataset/elderAL/action3_sleep_new/user2_position3_activity3/20250813=184813_mimo5s_part0.csv,34,52224,28,False,False,3584.9143349987676,859.3608642974326,0.9264798568998238,1021.9709001024737,0.9678918376481933,0.005006284087892877,0,0
/home/test/bupt_hjk/sdp_dataset/elderAL/action3_sleep_new/user2_position3_activity3/20250813=184824_mimo5s_part0.csv,17,26112,28,True,True,0.0,0.0,0.0,0.0,0.0,1.0,0,0
/home/test/bupt_hjk/sdp_dataset/elderAL/action3_sleep_new/user2_position3_activity3/20250813=184835_mimo5s_part0.csv,21,32256,28,True,True,0.0,0.0,0.0,0.0,0.0,1.0,0,0
/home/test/bupt_hjk/sdp_dataset/elderAL/action3_sleep_new/user2_position3_activity3/20250813=184845_mimo5s_part0.csv,62,95232,28,False,False,2948.441401971884,851.7147403857812,0.9117259801202466,940.1276363343756,0.878856905077885,0.6023873399993027,0,0
/home/test/bupt_hjk/sdp_dataset/elderAL/action3_sleep_new/user2_position3_activity3/20250813=184855_mimo5s_part0.csv,54,82944,28,False,False,3427.578047761439,717.3343145074454,0.7607453931091833,864.707561916125,0.8028413211198231,0.5305407292083651,0,0
/home/test/bupt_hjk/sdp_dataset/elderAL/action3_sleep_new/user2_position3_activity3/20250813=184904_mimo5s_part0.csv,18,27648,28,True,True,0.0,0.0,0.0,0.0,0.0,0.9999999999999998,0,0
/home/test/bupt_hjk/sdp_dataset/elderAL/action3_sleep_new/user2_position3_activity3/20250813=184914_mimo5s_part0.csv,54,82944,28,False,False,2460.161272702351,738.1942807744472,0.7712541160500305,915.9091923562211,0.8494861013697366,0.3167123638908086,0,0
/home/test/bupt_hjk/sdp_dataset/elderAL/action3_sleep_new/user2_position3_activity3/20250813=184925_mimo5s_part0.csv,16,24576,28,True,True,0.0,0.0,0.0,0.0,0.0,1.0,0,0
/home/test/bupt_hjk/sdp_dataset/elderAL/action3_sleep_new/user2_position3_activity3/20250813=184937_mimo5s_part0.csv,15,23040,28,True,True,0.0,0.0,0.0,0.0,0.0,1.0,0,0
/home/test/bupt_hjk/sdp_dataset/elderAL/action3_sleep_new/user2_position3_activity3/20250813=184947_mimo5s_part0.csv,32,49152,28,False,False,3936.7666383764595,732.580129478653,0.8049025492460387,879.55978277555,0.8316149521833451,0.5741339463279949,0,0
/home/test/bupt_hjk/sdp_dataset/elderAL/action3_sleep_new/user2_position3_activity3/20250813=184957_mimo5s_part0.csv,15,23040,28,True,True,0.0,0.0,0.0,0.0,0.0,1.0,0,0
/home/test/bupt_hjk/sdp_dataset/elderAL/action3_sleep_new/user2_position3_activity3/20250813=185009_mimo5s_part0.csv,14,21504,28,True,True,0.0,0.0,0.0,0.0,0.0,1.0,0,0
/home/test/bupt_hjk/sdp_dataset/elderAL/action3_sleep_new/user2_position3_activity3/20250813=185019_mimo5s_part0.csv,22,33792,28,True,True,0.0,0.0,0.0,0.0,0.0,1.0,0,0
/home/test/bupt_hjk/sdp_dataset/elderAL/action3_sleep_new/user2_position3_activity3/20250813=185029_mimo5s_part0.csv,11,16896,28,True,True,0.0,0.0,0.0,0.0,0.0,1.0,0,0
/home/test/bupt_hjk/sdp_dataset/elderAL/action3_sleep_new/user2_position3_activity3/20250813=185040_mimo5s_part0.csv,22,33792,28,True,True,0.0,0.0,0.0,0.0,0.0,1.0,0,0
/home/test/bupt_hjk/sdp_dataset/elderAL/action3_sleep_new/user2_position4_activity3/20250813=185207_mimo5s_part0.csv,14,21504,28,True,True,0.0,0.0,0.0,0.0,0.0,1.0,0,0
/home/test/bupt_hjk/sdp_dataset/elderAL/action3_sleep_new/user2_position4_activity3/20250813=185217_mimo5s_part0.csv,37,56832,28,False,False,2377.4746190531355,907.3613708110281,0.972305249807344,1026.5278628279625,0.9955245631734054,0.024378895224683922,0,0
/home/test/bupt_hjk/sdp_dataset/elderAL/action3_sleep_new/user2_position4_activity3/20250813=185227_mimo5s_part0.csv,14,21504,28,True,True,0.0,0.0,0.0,0.0,0.0,1.0,0,0
/home/test/bupt_hjk/sdp_dataset/elderAL/action3_sleep_new/user2_position4_activity3/20250813=185237_mimo5s_part0.csv,14,21504,28,True,True,0.0,0.0,0.0,0.0,0.0,1.0,0,0
/home/test/bupt_hjk/sdp_dataset/elderAL/action3_sleep_new/user2_position4_activity3/20250813=185247_mimo5s_part0.csv,31,47616,28,False,False,3436.346612629421,1070.783426077987,1.2175870961036819,1212.7695473060146,1.219277623395326,-0.031520143873866556,0,0
/home/test/bupt_hjk/sdp_dataset/elderAL/action3_sleep_new/user2_position4_activity3/20250813=185257_mimo5s_part0.csv,14,21504,28,True,True,0.0,0.0,0.0,0.0,0.0,1.0,0,0
/home/test/bupt_hjk/sdp_dataset/elderAL/action3_sleep_new/user2_position4_activity3/20250813=185308_mimo5s_part0.csv,19,29184,28,True,True,0.0,0.0,0.0,0.0,0.0,1.0,0,0
/home/test/bupt_hjk/sdp_dataset/elderAL/action3_sleep_new/user2_position4_activity3/20250813=185318_mimo5s_part0.csv,14,21504,28,True,True,0.0,0.0,0.0,0.0,0.0,1.0,0,0
/home/test/bupt_hjk/sdp_dataset/elderAL/action3_sleep_new/user2_position4_activity3/20250813=185330_mimo5s_part0.csv,73,112128,28,False,False,2420.688504638987,672.653499468847,0.736538570664153,759.304514475122,0.7427642558451212,0.5940287359567848,0,0
/home/test/bupt_hjk/sdp_dataset/elderAL/action3_sleep_new/user2_position4_activity3/20250813=185341_mimo5s_part0.csv,18,27648,28,True,True,0.0,0.0,0.0,0.0,0.0,1.0,0,0
/home/test/bupt_hjk/sdp_dataset/elderAL/action3_sleep_new/user2_position4_activity3/20250813=185352_mimo5s_part0.csv,67,102912,28,False,False,3292.857926259716,900.7696727800536,0.9973487408057113,997.1987769853714,0.9879585390493199,0.42170119444326376,0,0
/home/test/bupt_hjk/sdp_dataset/elderAL/action3_sleep_new/user2_position4_activity3/20250813=185402_mimo5s_part0.csv,24,36864,28,True,True,0.0,0.0,0.0,0.0,0.0,1.0,0,0
/home/test/bupt_hjk/sdp_dataset/elderAL/action3_sleep_new/user2_position4_activity3/20250813=185412_mimo5s_part0.csv,14,21504,28,True,True,0.0,0.0,0.0,0.0,0.0,1.0,0,0
/home/test/bupt_hjk/sdp_dataset/elderAL/action3_sleep_new/user2_position4_activity3/20250813=185422_mimo5s_part0.csv,14,21504,28,True,True,0.0,0.0,0.0,0.0,0.0,1.0,0,0
/home/test/bupt_hjk/sdp_dataset/elderAL/action3_sleep_new/user2_position4_activity3/20250813=185432_mimo5s_part0.csv,20,30720,28,True,True,0.0,0.0,0.0,0.0,0.0,1.0,0,0
/home/test/bupt_hjk/sdp_dataset/elderAL/action3_sleep_new/user2_position5_activity3/20250813=190739_mimo5s_part0.csv,16,24576,28,True,True,0.0,0.0,0.0,0.0,0.0,1.0,0,0
/home/test/bupt_hjk/sdp_dataset/elderAL/action3_sleep_new/user2_position5_activity3/20250813=190750_mimo5s_part0.csv,17,26112,28,True,True,0.0,0.0,0.0,0.0,0.0,1.0,0,0
/home/test/bupt_hjk/sdp_dataset/elderAL/action3_sleep_new/user2_position5_activity3/20250813=190801_mimo5s_part0.csv,19,29184,28,True,True,0.0,0.0,0.0,0.0,0.0,1.0,0,0
/home/test/bupt_hjk/sdp_dataset/elderAL/action3_sleep_new/user2_position5_activity3/20250813=190811_mimo5s_part0.csv,11,16896,28,True,True,0.0,0.0,0.0,0.0,0.0,1.0,0,0
/home/test/bupt_hjk/sdp_dataset/elderAL/action3_sleep_new/user2_position5_activity3/20250813=190820_mimo5s_part0.csv,11,16896,28,True,True,0.0,0.0,0.0,0.0,0.0,1.0,0,0
/home/test/bupt_hjk/sdp_dataset/elderAL/action3_sleep_new/user2_position5_activity3/20250813=190830_mimo5s_part0.csv,78,119808,28,False,False,5249.026253426848,765.0972681099531,0.8673663823053382,1056.2865222265284,1.0549937619717495,0.5705523813812702,0,0
/home/test/bupt_hjk/sdp_dataset/elderAL/action3_sleep_new/user2_position5_activity3/20250813=190840_mimo5s_part0.csv,20,30720,28,True,True,0.0,0.0,0.0,0.0,0.0,1.0,0,0
/home/test/bupt_hjk/sdp_dataset/elderAL/action3_sleep_new/user2_position5_activity3/20250813=190850_mimo5s_part0.csv,61,93696,28,False,False,3145.809996908362,782.5557127068384,0.8876412616777867,917.2284326907018,0.9124542972716474,0.19218182666984676,0,0
/home/test/bupt_hjk/sdp_dataset/elderAL/action3_sleep_new/user2_position5_activity3/20250813=190902_mimo5s_part0.csv,22,33792,28,True,True,0.0,0.0,0.0,0.0,0.0,0.9999999999999999,0,0
/home/test/bupt_hjk/sdp_dataset/elderAL/action3_sleep_new/user2_position5_activity3/20250813=190914_mimo5s_part0.csv,15,23040,28,True,True,0.0,0.0,0.0,0.0,0.0,1.0,0,0
/home/test/bupt_hjk/sdp_dataset/elderAL/action3_sleep_new/user2_position5_activity3/20250813=190923_mimo5s_part0.csv,29,44544,28,False,False,3726.026199646501,804.167702788217,0.9170521485692301,940.2157674796986,0.9354124857912309,0.2749618193484628,0,0
/home/test/bupt_hjk/sdp_dataset/elderAL/action3_sleep_new/user2_position5_activity3/20250813=190932_mimo5s_part0.csv,11,16896,28,True,True,0.0,0.0,0.0,0.0,0.0,0.9999999999999999,0,0
/home/test/bupt_hjk/sdp_dataset/elderAL/action3_sleep_new/user2_position5_activity3/20250813=190942_mimo5s_part0.csv,19,29184,28,True,True,0.0,0.0,0.0,0.0,0.0,1.0,0,0
/home/test/bupt_hjk/sdp_dataset/elderAL/action3_sleep_new/user2_position5_activity3/20250813=190952_mimo5s_part0.csv,31,47616,28,False,False,2841.63464543717,1037.0983470844374,1.142557596126152,1169.383926870746,1.146249163460304,-0.3571760053316645,0,0
/home/test/bupt_hjk/sdp_dataset/elderAL/action3_sleep_new/user2_position5_activity3/20250813=191002_mimo5s_part0.csv,44,67584,28,False,False,2386.512692757764,754.7289082206008,0.8143627243657434,854.9093669802404,0.8223327357292289,0.5146519574917799,0,0
/home/test/bupt_hjk/sdp_dataset/elderAL/action3_sleep_new/user2_position6_activity3/20250813=191044_mimo5s_part0.csv,31,47616,28,False,False,3387.4943600365395,819.8838178501514,0.8768035786418347,952.2293474331084,0.8970615151259997,0.2415207411169409,0,0
/home/test/bupt_hjk/sdp_dataset/elderAL/action3_sleep_new/user2_position6_activity3/20250813=191054_mimo5s_part0.csv,18,27648,28,True,True,0.0,0.0,0.0,0.0,0.0,1.0,0,0
/home/test/bupt_hjk/sdp_dataset/elderAL/action3_sleep_new/user2_position6_activity3/20250813=191103_mimo5s_part0.csv,18,27648,28,True,True,0.0,0.0,0.0,0.0,0.0,1.0,0,0
/home/test/bupt_hjk/sdp_dataset/elderAL/action3_sleep_new/user2_position6_activity3/20250813=191113_mimo5s_part0.csv,15,23040,28,True,True,0.0,0.0,0.0,0.0,0.0,1.0,0,0
/home/test/bupt_hjk/sdp_dataset/elderAL/action3_sleep_new/user2_position6_activity3/20250813=191122_mimo5s_part0.csv,9,13824,28,True,True,0.0,0.0,0.0,0.0,0.0,1.0,0,0
/home/test/bupt_hjk/sdp_dataset/elderAL/action3_sleep_new/user2_position6_activity3/20250813=191132_mimo5s_part0.csv,18,27648,28,True,True,0.0,0.0,0.0,0.0,0.0,1.0,0,0
/home/test/bupt_hjk/sdp_dataset/elderAL/action3_sleep_new/user2_position6_activity3/20250813=191142_mimo5s_part0.csv,23,35328,28,True,True,0.0,0.0,0.0,0.0,0.0,1.0,0,0
/home/test/bupt_hjk/sdp_dataset/elderAL/action3_sleep_new/user2_position6_activity3/20250813=191151_mimo5s_part0.csv,24,36864,28,True,True,0.0,0.0,0.0,0.0,0.0,1.0,0,0
/home/test/bupt_hjk/sdp_dataset/elderAL/action3_sleep_new/user2_position6_activity3/20250813=191201_mimo5s_part0.csv,26,39936,28,True,True,0.0,0.0,0.0,0.0,0.0,0.9999999999999998,0,0
/home/test/bupt_hjk/sdp_dataset/elderAL/action3_sleep_new/user2_position6_activity3/20250813=191210_mimo5s_part0.csv,14,21504,28,True,True,0.0,0.0,0.0,0.0,0.0,0.9999999999999998,0,0
/home/test/bupt_hjk/sdp_dataset/elderAL/action3_sleep_new/user2_position6_activity3/20250813=191219_mimo5s_part0.csv,24,36864,28,True,True,0.0,0.0,0.0,0.0,0.0,1.0,0,0
/home/test/bupt_hjk/sdp_dataset/elderAL/action3_sleep_new/user2_position6_activity3/20250813=191229_mimo5s_part0.csv,10,15360,28,True,True,0.0,0.0,0.0,0.0,0.0,0.9999999999999999,0,0
/home/test/bupt_hjk/sdp_dataset/elderAL/action3_sleep_new/user2_position6_activity3/20250813=191239_mimo5s_part0.csv,17,26112,28,True,True,0.0,0.0,0.0,0.0,0.0,0.9999999999999998,0,0
/home/test/bupt_hjk/sdp_dataset/elderAL/action3_sleep_new/user2_position6_activity3/20250813=191249_mimo5s_part0.csv,44,67584,28,False,False,2718.052842230989,717.6525735611094,0.7719500781203855,817.814487752358,0.7768519577885141,0.5641115934650397,0,0
/home/test/bupt_hjk/sdp_dataset/elderAL/action3_sleep_new/user2_position6_activity3/20250813=191258_mimo5s_part0.csv,11,16896,28,True,True,0.0,0.0,0.0,0.0,0.0,1.0,0,0
/home/test/bupt_hjk/sdp_dataset/elderAL/action3_sleep_new/user2_position7_activity3/20250813=192859_mimo5s_part0.csv,24,36864,28,True,True,0.0,0.0,0.0,0.0,0.0,1.0,0,0
/home/test/bupt_hjk/sdp_dataset/elderAL/action3_sleep_new/user2_position7_activity3/20250813=192909_mimo5s_part0.csv,28,43008,28,False,False,2983.717573471082,941.4206657856574,1.0456854612653803,1051.681016476414,1.033761396933565,0.3202944065048536,0,0
/home/test/bupt_hjk/sdp_dataset/elderAL/action3_sleep_new/user2_position7_activity3/20250813=192918_mimo5s_part0.csv,26,39936,28,True,True,0.0,0.0,0.0,0.0,0.0,1.0,0,0
/home/test/bupt_hjk/sdp_dataset/elderAL/action3_sleep_new/user2_position7_activity3/20250813=192929_mimo5s_part0.csv,7,10752,28,True,True,0.0,0.0,0.0,0.0,0.0,0.9999999999999999,0,0
/home/test/bupt_hjk/sdp_dataset/elderAL/action3_sleep_new/user2_position7_activity3/20250813=192940_mimo5s_part0.csv,15,23040,28,True,True,0.0,0.0,0.0,0.0,0.0,0.9999999999999999,0,0
/home/test/bupt_hjk/sdp_dataset/elderAL/action3_sleep_new/user2_position7_activity3/20250813=192950_mimo5s_part0.csv,21,32256,28,True,True,0.0,0.0,0.0,0.0,0.0,1.0,0,0
/home/test/bupt_hjk/sdp_dataset/elderAL/action3_sleep_new/user2_position7_activity3/20250813=193000_mimo5s_part0.csv,8,12288,28,True,True,0.0,0.0,0.0,0.0,0.0,1.0,0,0
/home/test/bupt_hjk/sdp_dataset/elderAL/action3_sleep_new/user2_position7_activity3/20250813=193010_mimo5s_part0.csv,17,26112,28,True,True,0.0,0.0,0.0,0.0,0.0,0.9999999999999999,0,0
/home/test/bupt_hjk/sdp_dataset/elderAL/action3_sleep_new/user2_position7_activity3/20250813=193020_mimo5s_part0.csv,14,21504,28,True,True,0.0,0.0,0.0,0.0,0.0,1.0,0,0
/home/test/bupt_hjk/sdp_dataset/elderAL/action3_sleep_new/user2_position7_activity3/20250813=193030_mimo5s_part0.csv,14,21504,28,True,True,0.0,0.0,0.0,0.0,0.0,1.0,0,0
/home/test/bupt_hjk/sdp_dataset/elderAL/action3_sleep_new/user2_position7_activity3/20250813=193040_mimo5s_part0.csv,14,21504,28,True,True,0.0,0.0,0.0,0.0,0.0,1.0,0,0
/home/test/bupt_hjk/sdp_dataset/elderAL/action3_sleep_new/user2_position7_activity3/20250813=193049_mimo5s_part0.csv,18,27648,28,True,True,0.0,0.0,0.0,0.0,0.0,0.9999999999999998,0,0
/home/test/bupt_hjk/sdp_dataset/elderAL/action3_sleep_new/user2_position7_activity3/20250813=193059_mimo5s_part0.csv,7,10752,28,True,True,0.0,0.0,0.0,0.0,0.0,1.0,0,0
/home/test/bupt_hjk/sdp_dataset/elderAL/action3_sleep_new/user2_position7_activity3/20250813=193109_mimo5s_part0.csv,15,23040,28,True,True,0.0,0.0,0.0,0.0,0.0,1.0,0,0
/home/test/bupt_hjk/sdp_dataset/elderAL/action3_sleep_new/user2_position7_activity3/20250813=193119_mimo5s_part0.csv,21,32256,28,True,True,0.0,0.0,0.0,0.0,0.0,1.0,0,0
/home/test/bupt_hjk/sdp_dataset/elderAL/action3_sleep_new/user2_position8_activity3/20250813=193255_mimo5s_part0.csv,36,55296,28,False,False,2347.995486583818,511.0605148121297,0.5592156894777414,645.5963057729323,0.6323126091329698,0.4474298762113756,0,0
/home/test/bupt_hjk/sdp_dataset/elderAL/action3_sleep_new/user2_position8_activity3/20250813=193305_mimo5s_part0.csv,38,58368,28,False,False,2385.9677992202433,881.5921874266,0.9534389758010988,961.483500064286,0.929554145559892,0.49839142497612665,0,0
/home/test/bupt_hjk/sdp_dataset/elderAL/action3_sleep_new/user2_position8_activity3/20250813=193315_mimo5s_part0.csv,15,23040,28,True,True,0.0,0.0,0.0,0.0,0.0,1.0,0,0
/home/test/bupt_hjk/sdp_dataset/elderAL/action3_sleep_new/user2_position8_activity3/20250813=193325_mimo5s_part0.csv,31,47616,28,False,False,2827.6770078382538,841.5334752132036,0.9194674823744535,959.219847094708,0.9438336866114914,0.32308307036432643,0,0
/home/test/bupt_hjk/sdp_dataset/elderAL/action3_sleep_new/user2_position8_activity3/20250813=193336_mimo5s_part0.csv,22,33792,28,True,True,0.0,0.0,0.0,0.0,0.0,0.9999999999999999,0,0
/home/test/bupt_hjk/sdp_dataset/elderAL/action3_sleep_new/user2_position8_activity3/20250813=193346_mimo5s_part0.csv,61,93696,28,False,False,2644.0727964599478,757.1654904984912,0.8359141522944086,826.8631825228551,0.8179281131279473,0.5913026090468454,0,0
/home/test/bupt_hjk/sdp_dataset/elderAL/action3_sleep_new/user2_position8_activity3/20250813=193356_mimo5s_part0.csv,30,46080,28,False,False,2583.9404557873795,1057.2216741253576,1.1455199079238771,1190.8704113205229,1.159330140671633,-0.4534165057415666,0,0
/home/test/bupt_hjk/sdp_dataset/elderAL/action3_sleep_new/user2_position8_activity3/20250813=193407_mimo5s_part0.csv,18,27648,28,True,True,0.0,0.0,0.0,0.0,0.0,1.0,0,0
/home/test/bupt_hjk/sdp_dataset/elderAL/action3_sleep_new/user2_position8_activity3/20250813=193417_mimo5s_part0.csv,51,78336,28,False,False,3027.213041295323,669.8260842292024,0.7185985702443433,779.2041740823612,0.7504652628576773,0.5921932914143129,0,0
/home/test/bupt_hjk/sdp_dataset/elderAL/action3_sleep_new/user2_position8_activity3/20250813=193426_mimo5s_part0.csv,64,98304,28,False,False,2180.2508961816593,577.6355079741692,0.6456037125317787,705.7139316756482,0.7008830792736567,0.5569084318378873,0,0
/home/test/bupt_hjk/sdp_dataset/elderAL/action3_sleep_new/user2_position8_activity3/20250813=193436_mimo5s_part0.csv,15,23040,28,True,True,0.0,0.0,0.0,0.0,0.0,1.0,0,0
/home/test/bupt_hjk/sdp_dataset/elderAL/action3_sleep_new/user2_position8_activity3/20250813=193447_mimo5s_part0.csv,28,43008,28,False,False,2835.825344821247,724.1617124194028,0.8080572541102099,834.8034558121997,0.8325354197519713,0.3261990438476746,0,0
/home/test/bupt_hjk/sdp_dataset/elderAL/action3_sleep_new/user2_position8_activity3/20250813=193457_mimo5s_part0.csv,17,26112,28,True,True,0.0,0.0,0.0,0.0,0.0,1.0,0,0
/home/test/bupt_hjk/sdp_dataset/elderAL/action3_sleep_new/user2_position8_activity3/20250813=193507_mimo5s_part0.csv,14,21504,28,True,True,0.0,0.0,0.0,0.0,0.0,1.0,0,0
/home/test/bupt_hjk/sdp_dataset/elderAL/action3_sleep_new/user2_position8_activity3/20250813=193518_mimo5s_part0.csv,14,21504,28,True,True,0.0,0.0,0.0,0.0,0.0,1.0,0,0
/home/test/bupt_hjk/sdp_dataset/elderAL/action3_sleep_new/user2_position9_activity3/20250813=194703_mimo5s_part0.csv,19,29184,28,True,True,0.0,0.0,0.0,0.0,0.0,1.0,0,0
/home/test/bupt_hjk/sdp_dataset/elderAL/action3_sleep_new/user2_position9_activity3/20250813=194712_mimo5s_part0.csv,7,10752,28,True,True,0.0,0.0,0.0,0.0,0.0,1.0,0,0
/home/test/bupt_hjk/sdp_dataset/elderAL/action3_sleep_new/user2_position9_activity3/20250813=194721_mimo5s_part0.csv,11,16896,28,True,True,0.0,0.0,0.0,0.0,0.0,1.0,0,0
/home/test/bupt_hjk/sdp_dataset/elderAL/action3_sleep_new/user2_position9_activity3/20250813=194731_mimo5s_part0.csv,30,46080,28,False,False,2055.3677551384444,909.28267235695,1.01788415862322,1010.5176183803037,1.0264312312867026,-0.21125599198276143,0,0
/home/test/bupt_hjk/sdp_dataset/elderAL/action3_sleep_new/user2_position9_activity3/20250813=194741_mimo5s_part0.csv,15,23040,28,True,True,0.0,0.0,0.0,0.0,0.0,1.0,0,0
/home/test/bupt_hjk/sdp_dataset/elderAL/action3_sleep_new/user2_position9_activity3/20250813=194751_mimo5s_part0.csv,25,38400,28,True,True,0.0,0.0,0.0,0.0,0.0,1.0,0,0
/home/test/bupt_hjk/sdp_dataset/elderAL/action3_sleep_new/user2_position9_activity3/20250813=194801_mimo5s_part0.csv,15,23040,28,True,True,0.0,0.0,0.0,0.0,0.0,1.0,0,0
/home/test/bupt_hjk/sdp_dataset/elderAL/action3_sleep_new/user2_position9_activity3/20250813=194810_mimo5s_part0.csv,44,67584,28,False,False,2300.278806325337,716.6427554031839,0.783126909766634,818.6977721500422,0.8057550154776483,0.3864701942790763,0,0
/home/test/bupt_hjk/sdp_dataset/elderAL/action3_sleep_new/user2_position9_activity3/20250813=194820_mimo5s_part0.csv,20,30720,28,True,True,0.0,0.0,0.0,0.0,0.0,0.9999999999999999,0,0
/home/test/bupt_hjk/sdp_dataset/elderAL/action3_sleep_new/user2_position9_activity3/20250813=194829_mimo5s_part0.csv,55,84480,28,False,False,2697.1589491161953,776.3657457814699,0.836512772778163,907.2839258955402,0.8796931916393614,0.17534197780464106,0,0
/home/test/bupt_hjk/sdp_dataset/elderAL/action3_sleep_new/user2_position9_activity3/20250813=194839_mimo5s_part0.csv,22,33792,28,True,True,0.0,0.0,0.0,0.0,0.0,0.9999999999999999,0,0
/home/test/bupt_hjk/sdp_dataset/elderAL/action3_sleep_new/user2_position9_activity3/20250813=194854_mimo5s_part0.csv,45,69120,28,False,False,2957.751435100254,694.4600857303861,0.7974406867700381,807.4980970453975,0.8224042281071432,0.47280971375495084,0,0
/home/test/bupt_hjk/sdp_dataset/elderAL/action3_sleep_new/user2_position9_activity3/20250813=194903_mimo5s_part0.csv,8,12288,28,True,True,0.0,0.0,0.0,0.0,0.0,1.0,0,0
/home/test/bupt_hjk/sdp_dataset/elderAL/action3_sleep_new/user2_position9_activity3/20250813=194913_mimo5s_part0.csv,30,46080,28,False,False,2288.296494567162,954.3738661532345,1.0521321028237385,1061.362063059867,1.060838808023157,-0.2894990693190572,0,0
/home/test/bupt_hjk/sdp_dataset/elderAL/action3_sleep_new/user2_position9_activity3/20250813=194923_mimo5s_part0.csv,4,6144,28,True,True,0.0,0.0,0.0,0.0,0.0,0.9999999999999998,0,0
/home/test/bupt_hjk/sdp_dataset/elderAL/action5_drink_new/user0_position1_activity5/20250813=154922_mimo5s_part0.csv,17,26112,28,True,True,0.0,0.0,0.0,0.0,0.0,1.0,0,0
/home/test/bupt_hjk/sdp_dataset/elderAL/action5_drink_new/user0_position1_activity5/20250813=154928_mimo5s_part0.csv,11,16896,28,True,True,0.0,0.0,0.0,0.0,0.0,1.0,0,0
/home/test/bupt_hjk/sdp_dataset/elderAL/action5_drink_new/user0_position1_activity5/20250813=154951_mimo5s_part0.csv,22,33792,28,True,True,0.0,0.0,0.0,0.0,0.0,0.9999999999999999,0,0
/home/test/bupt_hjk/sdp_dataset/elderAL/action5_drink_new/user0_position1_activity5/20250813=154957_mimo5s_part0.csv,11,16896,28,True,True,0.0,0.0,0.0,0.0,0.0,1.0,0,0
/home/test/bupt_hjk/sdp_dataset/elderAL/action5_drink_new/user0_position1_activity5/20250813=155003_mimo5s_part0.csv,11,16896,28,True,True,0.0,0.0,0.0,0.0,0.0,1.0,0,0
/home/test/bupt_hjk/sdp_dataset/elderAL/action5_drink_new/user0_position1_activity5/20250813=155009_mimo5s_part0.csv,12,18432,28,True,True,0.0,0.0,0.0,0.0,0.0,1.0,0,0
/home/test/bupt_hjk/sdp_dataset/elderAL/action5_drink_new/user0_position1_activity5/20250813=155015_mimo5s_part0.csv,11,16896,28,True,True,0.0,0.0,0.0,0.0,0.0,0.9999999999999999,0,0
/home/test/bupt_hjk/sdp_dataset/elderAL/action5_drink_new/user0_position1_activity5/20250813=155023_mimo5s_part0.csv,11,16896,28,True,True,0.0,0.0,0.0,0.0,0.0,1.0,0,0
/home/test/bupt_hjk/sdp_dataset/elderAL/action5_drink_new/user0_position1_activity5/20250813=155029_mimo5s_part0.csv,15,23040,28,True,True,0.0,0.0,0.0,0.0,0.0,1.0,0,0
/home/test/bupt_hjk/sdp_dataset/elderAL/action5_drink_new/user0_position1_activity5/20250813=155035_mimo5s_part0.csv,21,32256,28,True,True,0.0,0.0,0.0,0.0,0.0,1.0,0,0
/home/test/bupt_hjk/sdp_dataset/elderAL/action5_drink_new/user0_position1_activity5/20250813=155041_mimo5s_part0.csv,11,16896,28,True,True,0.0,0.0,0.0,0.0,0.0,1.0,0,0
/home/test/bupt_hjk/sdp_dataset/elderAL/action5_drink_new/user0_position1_activity5/20250813=155047_mimo5s_part0.csv,28,43008,28,False,False,2495.4924897821056,697.8398361869333,0.8991951626454252,809.2443653904828,0.8855257296351088,0.5126113977904327,0,0
/home/test/bupt_hjk/sdp_dataset/elderAL/action5_drink_new/user0_position1_activity5/20250813=155053_mimo5s_part0.csv,15,23040,28,True,True,0.0,0.0,0.0,0.0,0.0,1.0,0,0
/home/test/bupt_hjk/sdp_dataset/elderAL/action5_drink_new/user0_position1_activity5/20250813=155059_mimo5s_part0.csv,8,12288,28,True,True,0.0,0.0,0.0,0.0,0.0,1.0,0,0
/home/test/bupt_hjk/sdp_dataset/elderAL/action5_drink_new/user0_position1_activity5/20250813=155105_mimo5s_part0.csv,7,10752,28,True,True,0.0,0.0,0.0,0.0,0.0,1.0,0,0
/home/test/bupt_hjk/sdp_dataset/elderAL/action5_drink_new/user0_position2_activity5/20250813=155900_mimo5s_part0.csv,15,23040,28,True,True,0.0,0.0,0.0,0.0,0.0,1.0,0,0
/home/test/bupt_hjk/sdp_dataset/elderAL/action5_drink_new/user0_position2_activity5/20250813=155906_mimo5s_part0.csv,21,32256,28,True,True,0.0,0.0,0.0,0.0,0.0,0.9999999999999999,0,0
/home/test/bupt_hjk/sdp_dataset/elderAL/action5_drink_new/user0_position2_activity5/20250813=155912_mimo5s_part0.csv,7,10752,28,True,True,0.0,0.0,0.0,0.0,0.0,1.0,0,0
/home/test/bupt_hjk/sdp_dataset/elderAL/action5_drink_new/user0_position2_activity5/20250813=155918_mimo5s_part0.csv,7,10752,28,True,True,0.0,0.0,0.0,0.0,0.0,1.0,0,0
/home/test/bupt_hjk/sdp_dataset/elderAL/action5_drink_new/user0_position2_activity5/20250813=155924_mimo5s_part0.csv,7,10752,28,True,True,0.0,0.0,0.0,0.0,0.0,0.9999999999999998,0,0
/home/test/bupt_hjk/sdp_dataset/elderAL/action5_drink_new/user0_position2_activity5/20250813=155930_mimo5s_part0.csv,8,12288,28,True,True,0.0,0.0,0.0,0.0,0.0,0.9999999999999999,0,0
/home/test/bupt_hjk/sdp_dataset/elderAL/action5_drink_new/user0_position2_activity5/20250813=155935_mimo5s_part0.csv,7,10752,28,True,True,0.0,0.0,0.0,0.0,0.0,1.0,0,0
/home/test/bupt_hjk/sdp_dataset/elderAL/action5_drink_new/user0_position2_activity5/20250813=155942_mimo5s_part0.csv,11,16896,28,True,True,0.0,0.0,0.0,0.0,0.0,1.0,0,0
/home/test/bupt_hjk/sdp_dataset/elderAL/action5_drink_new/user0_position2_activity5/20250813=155948_mimo5s_part0.csv,15,23040,28,True,True,0.0,0.0,0.0,0.0,0.0,1.0,0,0
/home/test/bupt_hjk/sdp_dataset/elderAL/action5_drink_new/user0_position2_activity5/20250813=155954_mimo5s_part0.csv,11,16896,28,True,True,0.0,0.0,0.0,0.0,0.0,1.0,0,0
/home/test/bupt_hjk/sdp_dataset/elderAL/action5_drink_new/user0_position2_activity5/20250813=155959_mimo5s_part0.csv,8,12288,28,True,True,0.0,0.0,0.0,0.0,0.0,1.0,0,0
/home/test/bupt_hjk/sdp_dataset/elderAL/action5_drink_new/user0_position2_activity5/20250813=160005_mimo5s_part0.csv,11,16896,28,True,True,0.0,0.0,0.0,0.0,0.0,0.9999999999999998,0,0
/home/test/bupt_hjk/sdp_dataset/elderAL/action5_drink_new/user0_position2_activity5/20250813=160011_mimo5s_part0.csv,7,10752,28,True,True,0.0,0.0,0.0,0.0,0.0,1.0,0,0
/home/test/bupt_hjk/sdp_dataset/elderAL/action5_drink_new/user0_position2_activity5/20250813=160016_mimo5s_part0.csv,8,12288,28,True,True,0.0,0.0,0.0,0.0,0.0,1.0,0,0
/home/test/bupt_hjk/sdp_dataset/elderAL/action5_drink_new/user0_position2_activity5/20250813=160022_mimo5s_part0.csv,7,10752,28,True,True,0.0,0.0,0.0,0.0,0.0,0.9999999999999998,0,0
/home/test/bupt_hjk/sdp_dataset/elderAL/action5_drink_new/user0_position3_activity5/20250813=160127_mimo5s_part0.csv,11,16896,28,True,True,0.0,0.0,0.0,0.0,0.0,1.0,0,0
/home/test/bupt_hjk/sdp_dataset/elderAL/action5_drink_new/user0_position3_activity5/20250813=160133_mimo5s_part0.csv,8,12288,28,True,True,0.0,0.0,0.0,0.0,0.0,1.0,0,0
/home/test/bupt_hjk/sdp_dataset/elderAL/action5_drink_new/user0_position3_activity5/20250813=160138_mimo5s_part0.csv,18,27648,28,True,True,0.0,0.0,0.0,0.0,0.0,0.9999999999999999,0,0
/home/test/bupt_hjk/sdp_dataset/elderAL/action5_drink_new/user0_position3_activity5/20250813=160144_mimo5s_part0.csv,33,50688,28,False,False,2818.062252259051,937.7753545447505,1.0249615963267886,1058.7562084766034,1.0350867898763099,-0.17536786164474785,0,0
/home/test/bupt_hjk/sdp_dataset/elderAL/action5_drink_new/user0_position3_activity5/20250813=160150_mimo5s_part0.csv,18,27648,28,True,True,0.0,0.0,0.0,0.0,0.0,1.0,0,0
/home/test/bupt_hjk/sdp_dataset/elderAL/action5_drink_new/user0_position3_activity5/20250813=160155_mimo5s_part0.csv,10,15360,28,True,True,0.0,0.0,0.0,0.0,0.0,1.0,0,0
/home/test/bupt_hjk/sdp_dataset/elderAL/action5_drink_new/user0_position3_activity5/20250813=160201_mimo5s_part0.csv,8,12288,28,True,True,0.0,0.0,0.0,0.0,0.0,1.0,0,0
/home/test/bupt_hjk/sdp_dataset/elderAL/action5_drink_new/user0_position3_activity5/20250813=160207_mimo5s_part0.csv,11,16896,28,True,True,0.0,0.0,0.0,0.0,0.0,1.0,0,0
/home/test/bupt_hjk/sdp_dataset/elderAL/action5_drink_new/user0_position3_activity5/20250813=160213_mimo5s_part0.csv,11,16896,28,True,True,0.0,0.0,0.0,0.0,0.0,1.0,0,0
/home/test/bupt_hjk/sdp_dataset/elderAL/action5_drink_new/user0_position3_activity5/20250813=160218_mimo5s_part0.csv,7,10752,28,True,True,0.0,0.0,0.0,0.0,0.0,0.9999999999999999,0,0
/home/test/bupt_hjk/sdp_dataset/elderAL/action5_drink_new/user0_position3_activity5/20250813=160224_mimo5s_part0.csv,8,12288,28,True,True,0.0,0.0,0.0,0.0,0.0,0.9999999999999998,0,0
/home/test/bupt_hjk/sdp_dataset/elderAL/action5_drink_new/user0_position3_activity5/20250813=160230_mimo5s_part0.csv,43,66048,28,False,False,3556.845310700277,762.67665275167,0.929569361689028,890.8989466779115,0.9311690097188321,0.3290052277819982,0,0
/home/test/bupt_hjk/sdp_dataset/elderAL/action5_drink_new/user0_position3_activity5/20250813=160236_mimo5s_part0.csv,15,23040,28,True,True,0.0,0.0,0.0,0.0,0.0,0.9999999999999999,0,0
/home/test/bupt_hjk/sdp_dataset/elderAL/action5_drink_new/user0_position3_activity5/20250813=160241_mimo5s_part0.csv,48,73728,28,False,False,3117.778915242026,481.9400238037892,0.5631525950265573,645.9573421935305,0.6574218606631774,0.5554281007513636,0,0
/home/test/bupt_hjk/sdp_dataset/elderAL/action5_drink_new/user0_position3_activity5/20250813=160248_mimo5s_part0.csv,24,36864,28,True,True,0.0,0.0,0.0,0.0,0.0,1.0,0,0
/home/test/bupt_hjk/sdp_dataset/elderAL/action5_drink_new/user0_position4_activity5/20250813=161019_mimo5s_part0.csv,20,30720,28,True,True,0.0,0.0,0.0,0.0,0.0,1.0,0,0
/home/test/bupt_hjk/sdp_dataset/elderAL/action5_drink_new/user0_position4_activity5/20250813=161026_mimo5s_part0.csv,15,23040,28,True,True,0.0,0.0,0.0,0.0,0.0,0.9999999999999998,0,0
/home/test/bupt_hjk/sdp_dataset/elderAL/action5_drink_new/user0_position4_activity5/20250813=161032_mimo5s_part0.csv,15,23040,28,True,True,0.0,0.0,0.0,0.0,0.0,0.9999999999999998,0,0
/home/test/bupt_hjk/sdp_dataset/elderAL/action5_drink_new/user0_position4_activity5/20250813=161038_mimo5s_part0.csv,12,18432,28,True,True,0.0,0.0,0.0,0.0,0.0,1.0,0,0
/home/test/bupt_hjk/sdp_dataset/elderAL/action5_drink_new/user0_position4_activity5/20250813=161044_mimo5s_part0.csv,31,47616,28,False,False,3739.773833480987,829.9964602921349,0.951887473558265,958.9323602297447,0.9521073371236003,0.3015595394594124,0,0
/home/test/bupt_hjk/sdp_dataset/elderAL/action5_drink_new/user0_position4_activity5/20250813=161050_mimo5s_part0.csv,17,26112,28,True,True,0.0,0.0,0.0,0.0,0.0,1.0,0,0
/home/test/bupt_hjk/sdp_dataset/elderAL/action5_drink_new/user0_position4_activity5/20250813=161055_mimo5s_part0.csv,31,47616,28,False,False,2976.539421410114,722.5420181412757,0.7525384958737943,834.0608502558753,0.7790222658019894,0.4276471405015526,0,0
/home/test/bupt_hjk/sdp_dataset/elderAL/action5_drink_new/user0_position4_activity5/20250813=161101_mimo5s_part0.csv,17,26112,28,True,True,0.0,0.0,0.0,0.0,0.0,1.0,0,0
/home/test/bupt_hjk/sdp_dataset/elderAL/action5_drink_new/user0_position4_activity5/20250813=161107_mimo5s_part0.csv,40,61440,28,False,False,3114.2881556924362,1055.637174938787,1.105360181323477,1193.096311283025,1.1228506514013015,-0.18495072924982706,0,0
/home/test/bupt_hjk/sdp_dataset/elderAL/action5_drink_new/user0_position4_activity5/20250813=161113_mimo5s_part0.csv,17,26112,28,True,True,0.0,0.0,0.0,0.0,0.0,1.0,0,0
/home/test/bupt_hjk/sdp_dataset/elderAL/action5_drink_new/user0_position4_activity5/20250813=161119_mimo5s_part0.csv,15,23040,28,True,True,0.0,0.0,0.0,0.0,0.0,1.0,0,0
/home/test/bupt_hjk/sdp_dataset/elderAL/action5_drink_new/user0_position4_activity5/20250813=161125_mimo5s_part0.csv,18,27648,28,True,True,0.0,0.0,0.0,0.0,0.0,0.9999999999999999,0,0
/home/test/bupt_hjk/sdp_dataset/elderAL/action5_drink_new/user0_position4_activity5/20250813=161131_mimo5s_part0.csv,10,15360,28,True,True,0.0,0.0,0.0,0.0,0.0,1.0,0,0
/home/test/bupt_hjk/sdp_dataset/elderAL/action5_drink_new/user0_position4_activity5/20250813=161137_mimo5s_part0.csv,15,23040,28,True,True,0.0,0.0,0.0,0.0,0.0,1.0,0,0
/home/test/bupt_hjk/sdp_dataset/elderAL/action5_drink_new/user0_position4_activity5/20250813=161143_mimo5s_part0.csv,17,26112,28,True,True,0.0,0.0,0.0,0.0,0.0,1.0,0,0
/home/test/bupt_hjk/sdp_dataset/elderAL/action5_drink_new/user0_position5_activity5/20250813=161827_mimo5s_part0.csv,44,67584,28,False,False,2964.118875139495,1061.245156599752,1.157544797314038,1169.4066784559911,1.133862369226738,0.19294948872654402,0,0
/home/test/bupt_hjk/sdp_dataset/elderAL/action5_drink_new/user0_position5_activity5/20250813=161833_mimo5s_part0.csv,31,47616,28,False,False,3455.21947414485,723.7819171437951,0.8517389739822271,873.5841672946779,0.8760380858006401,0.492231346261182,0,0
/home/test/bupt_hjk/sdp_dataset/elderAL/action5_drink_new/user0_position5_activity5/20250813=161839_mimo5s_part0.csv,17,26112,28,True,True,0.0,0.0,0.0,0.0,0.0,1.0,0,0
/home/test/bupt_hjk/sdp_dataset/elderAL/action5_drink_new/user0_position5_activity5/20250813=161845_mimo5s_part0.csv,44,67584,28,False,False,2397.9032319420403,726.4654831824527,0.7927457071598834,805.6997679804127,0.7796613379769222,0.6286408248477704,0,0
/home/test/bupt_hjk/sdp_dataset/elderAL/action5_drink_new/user0_position5_activity5/20250813=161850_mimo5s_part0.csv,57,87552,28,False,False,2524.56414857941,900.0075946840698,0.9575602750333061,1035.5328318855645,0.9830380129487692,-0.055933828409141,0,0
/home/test/bupt_hjk/sdp_dataset/elderAL/action5_drink_new/user0_position5_activity5/20250813=161856_mimo5s_part0.csv,25,38400,28,True,True,0.0,0.0,0.0,0.0,0.0,1.0,0,0
/home/test/bupt_hjk/sdp_dataset/elderAL/action5_drink_new/user0_position5_activity5/20250813=161902_mimo5s_part0.csv,11,16896,28,True,True,0.0,0.0,0.0,0.0,0.0,1.0,0,0
/home/test/bupt_hjk/sdp_dataset/elderAL/action5_drink_new/user0_position5_activity5/20250813=161908_mimo5s_part0.csv,7,10752,28,True,True,0.0,0.0,0.0,0.0,0.0,0.9999999999999999,0,0
/home/test/bupt_hjk/sdp_dataset/elderAL/action5_drink_new/user0_position5_activity5/20250813=161914_mimo5s_part0.csv,7,10752,28,True,True,0.0,0.0,0.0,0.0,0.0,1.0,0,0
/home/test/bupt_hjk/sdp_dataset/elderAL/action5_drink_new/user0_position5_activity5/20250813=161920_mimo5s_part0.csv,9,13824,28,True,True,0.0,0.0,0.0,0.0,0.0,1.0,0,0
/home/test/bupt_hjk/sdp_dataset/elderAL/action5_drink_new/user0_position5_activity5/20250813=161925_mimo5s_part0.csv,12,18432,28,True,True,0.0,0.0,0.0,0.0,0.0,0.9999999999999998,0,0
/home/test/bupt_hjk/sdp_dataset/elderAL/action5_drink_new/user0_position5_activity5/20250813=161931_mimo5s_part0.csv,8,12288,28,True,True,0.0,0.0,0.0,0.0,0.0,1.0,0,0
/home/test/bupt_hjk/sdp_dataset/elderAL/action5_drink_new/user0_position5_activity5/20250813=161937_mimo5s_part0.csv,7,10752,28,True,True,0.0,0.0,0.0,0.0,0.0,1.0,0,0
/home/test/bupt_hjk/sdp_dataset/elderAL/action5_drink_new/user0_position5_activity5/20250813=161943_mimo5s_part0.csv,17,26112,28,True,True,0.0,0.0,0.0,0.0,0.0,0.9999999999999999,0,0
/home/test/bupt_hjk/sdp_dataset/elderAL/action5_drink_new/user0_position5_activity5/20250813=161949_mimo5s_part0.csv,21,32256,28,True,True,0.0,0.0,0.0,0.0,0.0,1.0,0,0
/home/test/bupt_hjk/sdp_dataset/elderAL/action5_drink_new/user0_position6_activity5/20250813=162019_mimo5s_part0.csv,11,16896,28,True,True,0.0,0.0,0.0,0.0,0.0,1.0,0,0
/home/test/bupt_hjk/sdp_dataset/elderAL/action5_drink_new/user0_position6_activity5/20250813=162025_mimo5s_part0.csv,4,6144,28,True,True,0.0,0.0,0.0,0.0,0.0,1.0,0,0
/home/test/bupt_hjk/sdp_dataset/elderAL/action5_drink_new/user0_position6_activity5/20250813=162031_mimo5s_part0.csv,7,10752,28,True,True,0.0,0.0,0.0,0.0,0.0,1.0,0,0
/home/test/bupt_hjk/sdp_dataset/elderAL/action5_drink_new/user0_position6_activity5/20250813=162037_mimo5s_part0.csv,11,16896,28,True,True,0.0,0.0,0.0,0.0,0.0,0.9999999999999999,0,0
/home/test/bupt_hjk/sdp_dataset/elderAL/action5_drink_new/user0_position6_activity5/20250813=162044_mimo5s_part0.csv,28,43008,28,False,False,2693.0480296678506,866.6027384369577,0.9872426339790501,958.4822460558229,0.9617411195821187,0.5117461837032294,0,0
/home/test/bupt_hjk/sdp_dataset/elderAL/action5_drink_new/user0_position6_activity5/20250813=162050_mimo5s_part0.csv,17,26112,28,True,True,0.0,0.0,0.0,0.0,0.0,1.0,0,0
/home/test/bupt_hjk/sdp_dataset/elderAL/action5_drink_new/user0_position6_activity5/20250813=162055_mimo5s_part0.csv,25,38400,28,True,True,0.0,0.0,0.0,0.0,0.0,1.0,0,0
/home/test/bupt_hjk/sdp_dataset/elderAL/action5_drink_new/user0_position6_activity5/20250813=162101_mimo5s_part0.csv,11,16896,28,True,True,0.0,0.0,0.0,0.0,0.0,1.0,0,0
/home/test/bupt_hjk/sdp_dataset/elderAL/action5_drink_new/user0_position6_activity5/20250813=162106_mimo5s_part0.csv,15,23040,28,True,True,0.0,0.0,0.0,0.0,0.0,0.9999999999999999,0,0
/home/test/bupt_hjk/sdp_dataset/elderAL/action5_drink_new/user0_position6_activity5/20250813=162112_mimo5s_part0.csv,7,10752,28,True,True,0.0,0.0,0.0,0.0,0.0,0.9999999999999999,0,0
/home/test/bupt_hjk/sdp_dataset/elderAL/action5_drink_new/user0_position6_activity5/20250813=162118_mimo5s_part0.csv,7,10752,28,True,True,0.0,0.0,0.0,0.0,0.0,1.0,0,0
/home/test/bupt_hjk/sdp_dataset/elderAL/action5_drink_new/user0_position6_activity5/20250813=162124_mimo5s_part0.csv,7,10752,28,True,True,0.0,0.0,0.0,0.0,0.0,1.0,0,0
/home/test/bupt_hjk/sdp_dataset/elderAL/action5_drink_new/user0_position6_activity5/20250813=162130_mimo5s_part0.csv,17,26112,28,True,True,0.0,0.0,0.0,0.0,0.0,0.9999999999999999,0,0
/home/test/bupt_hjk/sdp_dataset/elderAL/action5_drink_new/user0_position6_activity5/20250813=162135_mimo5s_part0.csv,11,16896,28,True,True,0.0,0.0,0.0,0.0,0.0,1.0,0,0
/home/test/bupt_hjk/sdp_dataset/elderAL/action5_drink_new/user0_position6_activity5/20250813=162141_mimo5s_part0.csv,7,10752,28,True,True,0.0,0.0,0.0,0.0,0.0,0.9999999999999999,0,0
/home/test/bupt_hjk/sdp_dataset/elderAL/action5_drink_new/user0_position7_activity5/20250813=163219_mimo5s_part0.csv,4,6144,28,True,True,0.0,0.0,0.0,0.0,0.0,1.0,0,0
/home/test/bupt_hjk/sdp_dataset/elderAL/action5_drink_new/user0_position7_activity5/20250813=163227_mimo5s_part0.csv,11,16896,28,True,True,0.0,0.0,0.0,0.0,0.0,1.0,0,0
/home/test/bupt_hjk/sdp_dataset/elderAL/action5_drink_new/user0_position7_activity5/20250813=163233_mimo5s_part0.csv,8,12288,28,True,True,0.0,0.0,0.0,0.0,0.0,1.0,0,0
/home/test/bupt_hjk/sdp_dataset/elderAL/action5_drink_new/user0_position7_activity5/20250813=163239_mimo5s_part0.csv,41,62976,28,False,False,2586.8433328945807,680.6309279409095,0.7862723294026895,789.3808708816119,0.7881466519776293,0.4743308618974177,0,0
/home/test/bupt_hjk/sdp_dataset/elderAL/action5_drink_new/user0_position7_activity5/20250813=163245_mimo5s_part0.csv,27,41472,28,True,True,0.0,0.0,0.0,0.0,0.0,1.0,0,0
/home/test/bupt_hjk/sdp_dataset/elderAL/action5_drink_new/user0_position7_activity5/20250813=163251_mimo5s_part0.csv,18,27648,28,True,True,0.0,0.0,0.0,0.0,0.0,1.0,0,0
/home/test/bupt_hjk/sdp_dataset/elderAL/action5_drink_new/user0_position7_activity5/20250813=163257_mimo5s_part0.csv,23,35328,28,True,True,0.0,0.0,0.0,0.0,0.0,1.0,0,0
/home/test/bupt_hjk/sdp_dataset/elderAL/action5_drink_new/user0_position7_activity5/20250813=163302_mimo5s_part0.csv,4,6144,28,True,True,0.0,0.0,0.0,0.0,0.0,1.0,0,0
/home/test/bupt_hjk/sdp_dataset/elderAL/action5_drink_new/user0_position7_activity5/20250813=163308_mimo5s_part0.csv,11,16896,28,True,True,0.0,0.0,0.0,0.0,0.0,1.0,0,0
/home/test/bupt_hjk/sdp_dataset/elderAL/action5_drink_new/user0_position7_activity5/20250813=163314_mimo5s_part0.csv,24,36864,28,True,True,0.0,0.0,0.0,0.0,0.0,0.9999999999999999,0,0
/home/test/bupt_hjk/sdp_dataset/elderAL/action5_drink_new/user0_position7_activity5/20250813=163320_mimo5s_part0.csv,7,10752,28,True,True,0.0,0.0,0.0,0.0,0.0,1.0,0,0
/home/test/bupt_hjk/sdp_dataset/elderAL/action5_drink_new/user0_position7_activity5/20250813=163325_mimo5s_part0.csv,22,33792,28,True,True,0.0,0.0,0.0,0.0,0.0,0.9999999999999998,0,0
/home/test/bupt_hjk/sdp_dataset/elderAL/action5_drink_new/user0_position7_activity5/20250813=163331_mimo5s_part0.csv,49,75264,28,False,False,3393.650450542854,782.8914592954973,0.8551509385101637,909.9319272329303,0.868550556497416,0.39978060063522836,0,0
/home/test/bupt_hjk/sdp_dataset/elderAL/action5_drink_new/user0_position7_activity5/20250813=163337_mimo5s_part0.csv,15,23040,28,True,True,0.0,0.0,0.0,0.0,0.0,1.0,0,0
/home/test/bupt_hjk/sdp_dataset/elderAL/action5_drink_new/user0_position7_activity5/20250813=163343_mimo5s_part0.csv,17,26112,28,True,True,0.0,0.0,0.0,0.0,0.0,1.0,0,0
/home/test/bupt_hjk/sdp_dataset/elderAL/action5_drink_new/user0_position8_activity5/20250813=163412_mimo5s_part0.csv,12,18432,28,True,True,0.0,0.0,0.0,0.0,0.0,1.0,0,0
/home/test/bupt_hjk/sdp_dataset/elderAL/action5_drink_new/user0_position8_activity5/20250813=163418_mimo5s_part0.csv,7,10752,28,True,True,0.0,0.0,0.0,0.0,0.0,1.0,0,0
/home/test/bupt_hjk/sdp_dataset/elderAL/action5_drink_new/user0_position8_activity5/20250813=163423_mimo5s_part0.csv,14,21504,28,True,True,0.0,0.0,0.0,0.0,0.0,0.9999999999999999,0,0
/home/test/bupt_hjk/sdp_dataset/elderAL/action5_drink_new/user0_position8_activity5/20250813=163430_mimo5s_part0.csv,11,16896,28,True,True,0.0,0.0,0.0,0.0,0.0,0.9999999999999998,0,0
/home/test/bupt_hjk/sdp_dataset/elderAL/action5_drink_new/user0_position8_activity5/20250813=163436_mimo5s_part0.csv,13,19968,28,True,True,0.0,0.0,0.0,0.0,0.0,1.0,0,0
/home/test/bupt_hjk/sdp_dataset/elderAL/action5_drink_new/user0_position8_activity5/20250813=163442_mimo5s_part0.csv,4,6144,28,True,True,0.0,0.0,0.0,0.0,0.0,1.0,0,0
/home/test/bupt_hjk/sdp_dataset/elderAL/action5_drink_new/user0_position8_activity5/20250813=163447_mimo5s_part0.csv,21,32256,28,True,True,0.0,0.0,0.0,0.0,0.0,1.0,0,0
/home/test/bupt_hjk/sdp_dataset/elderAL/action5_drink_new/user0_position8_activity5/20250813=163453_mimo5s_part0.csv,12,18432,28,True,True,0.0,0.0,0.0,0.0,0.0,1.0,0,0
/home/test/bupt_hjk/sdp_dataset/elderAL/action5_drink_new/user0_position8_activity5/20250813=163459_mimo5s_part0.csv,8,12288,28,True,True,0.0,0.0,0.0,0.0,0.0,0.9999999999999998,0,0
/home/test/bupt_hjk/sdp_dataset/elderAL/action5_drink_new/user0_position8_activity5/20250813=163505_mimo5s_part0.csv,11,16896,28,True,True,0.0,0.0,0.0,0.0,0.0,0.9999999999999998,0,0
/home/test/bupt_hjk/sdp_dataset/elderAL/action5_drink_new/user0_position8_activity5/20250813=163511_mimo5s_part0.csv,7,10752,28,True,True,0.0,0.0,0.0,0.0,0.0,1.0,0,0
/home/test/bupt_hjk/sdp_dataset/elderAL/action5_drink_new/user0_position8_activity5/20250813=163517_mimo5s_part0.csv,8,12288,28,True,True,0.0,0.0,0.0,0.0,0.0,0.9999999999999998,0,0
/home/test/bupt_hjk/sdp_dataset/elderAL/action5_drink_new/user0_position8_activity5/20250813=163523_mimo5s_part0.csv,8,12288,28,True,True,0.0,0.0,0.0,0.0,0.0,1.0,0,0
/home/test/bupt_hjk/sdp_dataset/elderAL/action5_drink_new/user0_position8_activity5/20250813=163529_mimo5s_part0.csv,7,10752,28,True,True,0.0,0.0,0.0,0.0,0.0,1.0,0,0
/home/test/bupt_hjk/sdp_dataset/elderAL/action5_drink_new/user0_position8_activity5/20250813=163535_mimo5s_part0.csv,24,36864,28,True,True,0.0,0.0,0.0,0.0,0.0,1.0,0,0
/home/test/bupt_hjk/sdp_dataset/elderAL/action5_drink_new/user0_position9_activity5/20250813=164437_mimo5s_part0.csv,11,16896,28,True,True,0.0,0.0,0.0,0.0,0.0,0.9999999999999999,0,0
/home/test/bupt_hjk/sdp_dataset/elderAL/action5_drink_new/user0_position9_activity5/20250813=164443_mimo5s_part0.csv,25,38400,28,True,True,0.0,0.0,0.0,0.0,0.0,1.0,0,0
/home/test/bupt_hjk/sdp_dataset/elderAL/action5_drink_new/user0_position9_activity5/20250813=164449_mimo5s_part0.csv,41,62976,28,False,False,3720.4513790405,1254.4387381807192,1.3652694448606648,1387.2149434088049,1.3160792549895381,0.04350520299828481,0,0
/home/test/bupt_hjk/sdp_dataset/elderAL/action5_drink_new/user0_position9_activity5/20250813=164455_mimo5s_part0.csv,8,12288,28,True,True,0.0,0.0,0.0,0.0,0.0,1.0,0,0
/home/test/bupt_hjk/sdp_dataset/elderAL/action5_drink_new/user0_position9_activity5/20250813=164501_mimo5s_part0.csv,11,16896,28,True,True,0.0,0.0,0.0,0.0,0.0,0.9999999999999998,0,0
/home/test/bupt_hjk/sdp_dataset/elderAL/action5_drink_new/user0_position9_activity5/20250813=164507_mimo5s_part0.csv,21,32256,28,True,True,0.0,0.0,0.0,0.0,0.0,1.0,0,0
/home/test/bupt_hjk/sdp_dataset/elderAL/action5_drink_new/user0_position9_activity5/20250813=164513_mimo5s_part0.csv,8,12288,28,True,True,0.0,0.0,0.0,0.0,0.0,1.0,0,0
/home/test/bupt_hjk/sdp_dataset/elderAL/action5_drink_new/user0_position9_activity5/20250813=164519_mimo5s_part0.csv,24,36864,28,True,True,0.0,0.0,0.0,0.0,0.0,1.0,0,0
/home/test/bupt_hjk/sdp_dataset/elderAL/action5_drink_new/user0_position9_activity5/20250813=164525_mimo5s_part0.csv,8,12288,28,True,True,0.0,0.0,0.0,0.0,0.0,1.0,0,0
/home/test/bupt_hjk/sdp_dataset/elderAL/action5_drink_new/user0_position9_activity5/20250813=164531_mimo5s_part0.csv,11,16896,28,True,True,0.0,0.0,0.0,0.0,0.0,0.9999999999999999,0,0
/home/test/bupt_hjk/sdp_dataset/elderAL/action5_drink_new/user0_position9_activity5/20250813=164537_mimo5s_part0.csv,16,24576,28,True,True,0.0,0.0,0.0,0.0,0.0,1.0,0,0
/home/test/bupt_hjk/sdp_dataset/elderAL/action5_drink_new/user0_position9_activity5/20250813=164543_mimo5s_part0.csv,21,32256,28,True,True,0.0,0.0,0.0,0.0,0.0,0.9999999999999999,0,0
/home/test/bupt_hjk/sdp_dataset/elderAL/action5_drink_new/user0_position9_activity5/20250813=164548_mimo5s_part0.csv,18,27648,28,True,True,0.0,0.0,0.0,0.0,0.0,0.9999999999999999,0,0
/home/test/bupt_hjk/sdp_dataset/elderAL/action5_drink_new/user0_position9_activity5/20250813=164554_mimo5s_part0.csv,10,15360,28,True,True,0.0,0.0,0.0,0.0,0.0,0.9999999999999999,0,0
/home/test/bupt_hjk/sdp_dataset/elderAL/action5_drink_new/user0_position9_activity5/20250813=164600_mimo5s_part0.csv,7,10752,28,True,True,0.0,0.0,0.0,0.0,0.0,1.0,0,0
/home/test/bupt_hjk/sdp_dataset/elderAL/action5_drink_new/user1_position1_activity5/20250813=154704_mimo5s_part0.csv,50,76800,28,False,False,2547.07569952878,835.8674928329672,0.9744133090885932,953.4155386360786,0.9812931688114807,0.09190152050303041,0,0
/home/test/bupt_hjk/sdp_dataset/elderAL/action5_drink_new/user1_position1_activity5/20250813=154711_mimo5s_part0.csv,25,38400,28,True,True,0.0,0.0,0.0,0.0,0.0,0.9999999999999999,0,0
/home/test/bupt_hjk/sdp_dataset/elderAL/action5_drink_new/user1_position1_activity5/20250813=154717_mimo5s_part0.csv,4,6144,28,True,True,0.0,0.0,0.0,0.0,0.0,1.0,0,0
/home/test/bupt_hjk/sdp_dataset/elderAL/action5_drink_new/user1_position1_activity5/20250813=154730_mimo5s_part0.csv,41,62976,28,False,False,3609.964115608489,851.275212392065,1.0580265891219776,1000.8840742412025,1.0789463683902414,-0.2002805429183428,0,0
/home/test/bupt_hjk/sdp_dataset/elderAL/action5_drink_new/user1_position1_activity5/20250813=154736_mimo5s_part0.csv,11,16896,28,True,True,0.0,0.0,0.0,0.0,0.0,1.0,0,0
/home/test/bupt_hjk/sdp_dataset/elderAL/action5_drink_new/user1_position1_activity5/20250813=154742_mimo5s_part0.csv,8,12288,28,True,True,0.0,0.0,0.0,0.0,0.0,0.9999999999999999,0,0
/home/test/bupt_hjk/sdp_dataset/elderAL/action5_drink_new/user1_position1_activity5/20250813=154747_mimo5s_part0.csv,30,46080,28,False,False,2896.752116636927,800.951488161772,0.9542873581643054,902.5593688672787,0.9471104645728597,0.36104530567915305,0,0
/home/test/bupt_hjk/sdp_dataset/elderAL/action5_drink_new/user1_position1_activity5/20250813=154753_mimo5s_part0.csv,13,19968,28,True,True,0.0,0.0,0.0,0.0,0.0,0.9999999999999999,0,0
/home/test/bupt_hjk/sdp_dataset/elderAL/action5_drink_new/user1_position1_activity5/20250813=154758_mimo5s_part0.csv,28,43008,28,False,False,2617.8561341855034,404.9627946289408,0.5090939758754734,576.3135559954015,0.6230146125636906,0.48317705479746625,0,0
/home/test/bupt_hjk/sdp_dataset/elderAL/action5_drink_new/user1_position1_activity5/20250813=154804_mimo5s_part0.csv,7,10752,28,True,True,0.0,0.0,0.0,0.0,0.0,0.9999999999999999,0,0
/home/test/bupt_hjk/sdp_dataset/elderAL/action5_drink_new/user1_position1_activity5/20250813=154810_mimo5s_part0.csv,11,16896,28,True,True,0.0,0.0,0.0,0.0,0.0,1.0,0,0
/home/test/bupt_hjk/sdp_dataset/elderAL/action5_drink_new/user1_position1_activity5/20250813=154816_mimo5s_part0.csv,29,44544,28,False,False,3585.438399289864,736.7904096077574,0.924378333846782,870.5618375380113,0.9320978334764172,0.3000059214054121,0,0
/home/test/bupt_hjk/sdp_dataset/elderAL/action5_drink_new/user1_position1_activity5/20250813=154822_mimo5s_part0.csv,8,12288,28,True,True,0.0,0.0,0.0,0.0,0.0,1.0,0,0
/home/test/bupt_hjk/sdp_dataset/elderAL/action5_drink_new/user1_position1_activity5/20250813=154827_mimo5s_part0.csv,47,72192,28,False,False,2916.912569865326,703.6850957771273,0.8683877700772998,939.5752074021001,1.0073183271317672,-0.0059207519476177925,0,0
/home/test/bupt_hjk/sdp_dataset/elderAL/action5_drink_new/user1_position1_activity5/20250813=154834_mimo5s_part0.csv,15,23040,28,True,True,0.0,0.0,0.0,0.0,0.0,0.9999999999999999,0,0
/home/test/bupt_hjk/sdp_dataset/elderAL/action5_drink_new/user1_position2_activity5/20250813=155706_mimo5s_part0.csv,8,12288,28,True,True,0.0,0.0,0.0,0.0,0.0,1.0,0,0
/home/test/bupt_hjk/sdp_dataset/elderAL/action5_drink_new/user1_position2_activity5/20250813=155712_mimo5s_part0.csv,14,21504,28,True,True,0.0,0.0,0.0,0.0,0.0,1.0,0,0
/home/test/bupt_hjk/sdp_dataset/elderAL/action5_drink_new/user1_position2_activity5/20250813=155718_mimo5s_part0.csv,11,16896,28,True,True,0.0,0.0,0.0,0.0,0.0,1.0,0,0
/home/test/bupt_hjk/sdp_dataset/elderAL/action5_drink_new/user1_position2_activity5/20250813=155724_mimo5s_part0.csv,11,16896,28,True,True,0.0,0.0,0.0,0.0,0.0,1.0,0,0
/home/test/bupt_hjk/sdp_dataset/elderAL/action5_drink_new/user1_position2_activity5/20250813=155730_mimo5s_part0.csv,41,62976,28,False,False,3606.6285961306758,692.4859758433297,0.7716578233958474,821.2680494325873,0.8055782209669681,0.654456744308239,0,0
/home/test/bupt_hjk/sdp_dataset/elderAL/action5_drink_new/user1_position2_activity5/20250813=155736_mimo5s_part0.csv,15,23040,28,True,True,0.0,0.0,0.0,0.0,0.0,1.0,0,0
/home/test/bupt_hjk/sdp_dataset/elderAL/action5_drink_new/user1_position2_activity5/20250813=155741_mimo5s_part0.csv,7,10752,28,True,True,0.0,0.0,0.0,0.0,0.0,1.0,0,0
/home/test/bupt_hjk/sdp_dataset/elderAL/action5_drink_new/user1_position2_activity5/20250813=155747_mimo5s_part0.csv,26,39936,28,True,True,0.0,0.0,0.0,0.0,0.0,1.0,0,0
/home/test/bupt_hjk/sdp_dataset/elderAL/action5_drink_new/user1_position2_activity5/20250813=155753_mimo5s_part0.csv,14,21504,28,True,True,0.0,0.0,0.0,0.0,0.0,1.0,0,0
/home/test/bupt_hjk/sdp_dataset/elderAL/action5_drink_new/user1_position2_activity5/20250813=155759_mimo5s_part0.csv,14,21504,28,True,True,0.0,0.0,0.0,0.0,0.0,0.9999999999999999,0,0
/home/test/bupt_hjk/sdp_dataset/elderAL/action5_drink_new/user1_position2_activity5/20250813=155804_mimo5s_part0.csv,15,23040,28,True,True,0.0,0.0,0.0,0.0,0.0,1.0,0,0
/home/test/bupt_hjk/sdp_dataset/elderAL/action5_drink_new/user1_position2_activity5/20250813=155810_mimo5s_part0.csv,7,10752,28,True,True,0.0,0.0,0.0,0.0,0.0,1.0,0,0
/home/test/bupt_hjk/sdp_dataset/elderAL/action5_drink_new/user1_position2_activity5/20250813=155816_mimo5s_part0.csv,7,10752,28,True,True,0.0,0.0,0.0,0.0,0.0,1.0,0,0
/home/test/bupt_hjk/sdp_dataset/elderAL/action5_drink_new/user1_position2_activity5/20250813=155822_mimo5s_part0.csv,11,16896,28,True,True,0.0,0.0,0.0,0.0,0.0,0.9999999999999999,0,0
/home/test/bupt_hjk/sdp_dataset/elderAL/action5_drink_new/user1_position2_activity5/20250813=155828_mimo5s_part0.csv,54,82944,28,False,False,2705.706506197883,843.7038837740308,0.9213760651369728,924.3033884010616,0.9024940364670747,0.5723882549432731,0,0
/home/test/bupt_hjk/sdp_dataset/elderAL/action5_drink_new/user1_position3_activity5/20250813=160319_mimo5s_part0.csv,4,6144,28,True,True,0.0,0.0,0.0,0.0,0.0,1.0,0,0
/home/test/bupt_hjk/sdp_dataset/elderAL/action5_drink_new/user1_position3_activity5/20250813=160324_mimo5s_part0.csv,7,10752,28,True,True,0.0,0.0,0.0,0.0,0.0,0.9999999999999998,0,0
/home/test/bupt_hjk/sdp_dataset/elderAL/action5_drink_new/user1_position3_activity5/20250813=160330_mimo5s_part0.csv,74,113664,28,False,False,3615.771441667617,710.8015577712049,0.8134099087956506,826.016406449487,0.8260412800131067,0.45486876480226646,0,0
/home/test/bupt_hjk/sdp_dataset/elderAL/action5_drink_new/user1_position3_activity5/20250813=160335_mimo5s_part0.csv,11,16896,28,True,True,0.0,0.0,0.0,0.0,0.0,0.9999999999999998,0,0
/home/test/bupt_hjk/sdp_dataset/elderAL/action5_drink_new/user1_position3_activity5/20250813=160341_mimo5s_part0.csv,12,18432,28,True,True,0.0,0.0,0.0,0.0,0.0,1.0,0,0
/home/test/bupt_hjk/sdp_dataset/elderAL/action5_drink_new/user1_position3_activity5/20250813=160347_mimo5s_part0.csv,52,79872,28,False,False,2227.633238040527,630.7519742098373,0.720688598146465,730.0520621674308,0.730386131057861,0.5800432684993881,0,0
/home/test/bupt_hjk/sdp_dataset/elderAL/action5_drink_new/user1_position3_activity5/20250813=160352_mimo5s_part0.csv,49,75264,28,False,False,2888.869141959365,956.0350889355401,1.0772202740490908,1119.8386938539772,1.1170749621981089,-0.4708007796190663,0,0
/home/test/bupt_hjk/sdp_dataset/elderAL/action5_drink_new/user1_position3_activity5/20250813=160358_mimo5s_part0.csv,20,30720,28,True,True,0.0,0.0,0.0,0.0,0.0,0.9999999999999999,0,0
/home/test/bupt_hjk/sdp_dataset/elderAL/action5_drink_new/user1_position3_activity5/20250813=160404_mimo5s_part0.csv,15,23040,28,True,True,0.0,0.0,0.0,0.0,0.0,1.0,0,0
/home/test/bupt_hjk/sdp_dataset/elderAL/action5_drink_new/user1_position3_activity5/20250813=160410_mimo5s_part0.csv,7,10752,28,True,True,0.0,0.0,0.0,0.0,0.0,1.0,0,0
/home/test/bupt_hjk/sdp_dataset/elderAL/action5_drink_new/user1_position3_activity5/20250813=160416_mimo5s_part0.csv,15,23040,28,True,True,0.0,0.0,0.0,0.0,0.0,1.0,0,0
/home/test/bupt_hjk/sdp_dataset/elderAL/action5_drink_new/user1_position3_activity5/20250813=160421_mimo5s_part0.csv,7,10752,28,True,True,0.0,0.0,0.0,0.0,0.0,1.0,0,0
/home/test/bupt_hjk/sdp_dataset/elderAL/action5_drink_new/user1_position3_activity5/20250813=160427_mimo5s_part0.csv,7,10752,28,True,True,0.0,0.0,0.0,0.0,0.0,1.0,0,0
/home/test/bupt_hjk/sdp_dataset/elderAL/action5_drink_new/user1_position3_activity5/20250813=160433_mimo5s_part0.csv,7,10752,28,True,True,0.0,0.0,0.0,0.0,0.0,1.0,0,0
/home/test/bupt_hjk/sdp_dataset/elderAL/action5_drink_new/user1_position3_activity5/20250813=160438_mimo5s_part0.csv,7,10752,28,True,True,0.0,0.0,0.0,0.0,0.0,1.0,0,0
/home/test/bupt_hjk/sdp_dataset/elderAL/action5_drink_new/user1_position4_activity5/20250813=161205_mimo5s_part0.csv,47,72192,28,False,False,2495.471946284848,727.6167409961812,0.8158109425839924,830.8912712907381,0.8256687888767961,0.49365032071553305,0,0
/home/test/bupt_hjk/sdp_dataset/elderAL/action5_drink_new/user1_position4_activity5/20250813=161212_mimo5s_part0.csv,8,12288,28,True,True,0.0,0.0,0.0,0.0,0.0,1.0,0,0
/home/test/bupt_hjk/sdp_dataset/elderAL/action5_drink_new/user1_position4_activity5/20250813=161217_mimo5s_part0.csv,7,10752,28,True,True,0.0,0.0,0.0,0.0,0.0,1.0,0,0
/home/test/bupt_hjk/sdp_dataset/elderAL/action5_drink_new/user1_position4_activity5/20250813=161223_mimo5s_part0.csv,12,18432,28,True,True,0.0,0.0,0.0,0.0,0.0,1.0,0,0
/home/test/bupt_hjk/sdp_dataset/elderAL/action5_drink_new/user1_position4_activity5/20250813=161229_mimo5s_part0.csv,7,10752,28,True,True,0.0,0.0,0.0,0.0,0.0,0.9999999999999999,0,0
/home/test/bupt_hjk/sdp_dataset/elderAL/action5_drink_new/user1_position4_activity5/20250813=161235_mimo5s_part0.csv,35,53760,28,False,False,3193.447082968197,732.7081589928287,0.8646838795692247,871.3512388790617,0.9002211672077012,0.6071519226351243,0,0
/home/test/bupt_hjk/sdp_dataset/elderAL/action5_drink_new/user1_position4_activity5/20250813=161241_mimo5s_part0.csv,30,46080,28,False,False,2846.7246612723625,1020.5619036552962,1.1278649595498142,1170.8146249272809,1.1510493702389888,-0.4063823570727547,0,0
/home/test/bupt_hjk/sdp_dataset/elderAL/action5_drink_new/user1_position4_activity5/20250813=161247_mimo5s_part0.csv,31,47616,28,False,False,2594.379963798057,869.3568199298495,0.9934254284220857,959.5774488341785,0.9666031157675975,0.48941591229452674,0,0
/home/test/bupt_hjk/sdp_dataset/elderAL/action5_drink_new/user1_position4_activity5/20250813=161252_mimo5s_part0.csv,18,27648,28,True,True,0.0,0.0,0.0,0.0,0.0,1.0,0,0
/home/test/bupt_hjk/sdp_dataset/elderAL/action5_drink_new/user1_position4_activity5/20250813=161258_mimo5s_part0.csv,4,6144,28,True,True,0.0,0.0,0.0,0.0,0.0,0.9999999999999998,0,0
/home/test/bupt_hjk/sdp_dataset/elderAL/action5_drink_new/user1_position4_activity5/20250813=161304_mimo5s_part0.csv,15,23040,28,True,True,0.0,0.0,0.0,0.0,0.0,1.0,0,0
/home/test/bupt_hjk/sdp_dataset/elderAL/action5_drink_new/user1_position4_activity5/20250813=161310_mimo5s_part0.csv,11,16896,28,True,True,0.0,0.0,0.0,0.0,0.0,1.0,0,0
/home/test/bupt_hjk/sdp_dataset/elderAL/action5_drink_new/user1_position4_activity5/20250813=161316_mimo5s_part0.csv,8,12288,28,True,True,0.0,0.0,0.0,0.0,0.0,0.9999999999999998,0,0
/home/test/bupt_hjk/sdp_dataset/elderAL/action5_drink_new/user1_position4_activity5/20250813=161322_mimo5s_part0.csv,4,6144,28,True,True,0.0,0.0,0.0,0.0,0.0,1.0,0,0
/home/test/bupt_hjk/sdp_dataset/elderAL/action5_drink_new/user1_position4_activity5/20250813=161328_mimo5s_part0.csv,55,84480,28,False,False,3002.4534400025177,979.739365215253,1.1367766154867758,1131.367064077329,1.1491932324212781,-0.3278244255037935,0,0
/home/test/bupt_hjk/sdp_dataset/elderAL/action5_drink_new/user1_position5_activity5/20250813=161406_mimo5s_part0.csv,28,43008,28,False,False,2838.590187775715,878.6722873994853,0.9553867799919175,953.9128579007157,0.9191359843069485,0.6160367856198092,0,0
/home/test/bupt_hjk/sdp_dataset/elderAL/action5_drink_new/user1_position5_activity5/20250813=161412_mimo5s_part0.csv,7,10752,28,True,True,0.0,0.0,0.0,0.0,0.0,1.0,0,0
/home/test/bupt_hjk/sdp_dataset/elderAL/action5_drink_new/user1_position5_activity5/20250813=161418_mimo5s_part0.csv,11,16896,28,True,True,0.0,0.0,0.0,0.0,0.0,0.9999999999999999,0,0
/home/test/bupt_hjk/sdp_dataset/elderAL/action5_drink_new/user1_position5_activity5/20250813=161424_mimo5s_part0.csv,14,21504,28,True,True,0.0,0.0,0.0,0.0,0.0,1.0,0,0
/home/test/bupt_hjk/sdp_dataset/elderAL/action5_drink_new/user1_position5_activity5/20250813=161429_mimo5s_part0.csv,8,12288,28,True,True,0.0,0.0,0.0,0.0,0.0,1.0,0,0
/home/test/bupt_hjk/sdp_dataset/elderAL/action5_drink_new/user1_position5_activity5/20250813=161435_mimo5s_part0.csv,11,16896,28,True,True,0.0,0.0,0.0,0.0,0.0,1.0,0,0
/home/test/bupt_hjk/sdp_dataset/elderAL/action5_drink_new/user1_position5_activity5/20250813=161441_mimo5s_part0.csv,7,10752,28,True,True,0.0,0.0,0.0,0.0,0.0,1.0,0,0
/home/test/bupt_hjk/sdp_dataset/elderAL/action5_drink_new/user1_position5_activity5/20250813=161447_mimo5s_part0.csv,33,50688,28,False,False,2833.30605539162,959.8429849777203,1.1009336581336235,1110.5510083014196,1.1343577406698329,-0.45432877522439064,0,0
/home/test/bupt_hjk/sdp_dataset/elderAL/action5_drink_new/user1_position5_activity5/20250813=161453_mimo5s_part0.csv,15,23040,28,True,True,0.0,0.0,0.0,0.0,0.0,1.0,0,0
/home/test/bupt_hjk/sdp_dataset/elderAL/action5_drink_new/user1_position5_activity5/20250813=161459_mimo5s_part0.csv,4,6144,28,True,True,0.0,0.0,0.0,0.0,0.0,0.9999999999999998,0,0
/home/test/bupt_hjk/sdp_dataset/elderAL/action5_drink_new/user1_position5_activity5/20250813=161505_mimo5s_part0.csv,22,33792,28,True,True,0.0,0.0,0.0,0.0,0.0,1.0,0,0
/home/test/bupt_hjk/sdp_dataset/elderAL/action5_drink_new/user1_position5_activity5/20250813=161511_mimo5s_part0.csv,17,26112,28,True,True,0.0,0.0,0.0,0.0,0.0,0.9999999999999999,0,0
/home/test/bupt_hjk/sdp_dataset/elderAL/action5_drink_new/user1_position5_activity5/20250813=161517_mimo5s_part0.csv,11,16896,28,True,True,0.0,0.0,0.0,0.0,0.0,0.9999999999999999,0,0
/home/test/bupt_hjk/sdp_dataset/elderAL/action5_drink_new/user1_position5_activity5/20250813=161523_mimo5s_part0.csv,15,23040,28,True,True,0.0,0.0,0.0,0.0,0.0,1.0,0,0
/home/test/bupt_hjk/sdp_dataset/elderAL/action5_drink_new/user1_position5_activity5/20250813=161530_mimo5s_part0.csv,12,18432,28,True,True,0.0,0.0,0.0,0.0,0.0,1.0,0,0
/home/test/bupt_hjk/sdp_dataset/elderAL/action5_drink_new/user1_position6_activity5/20250813=162214_mimo5s_part0.csv,14,21504,28,True,True,0.0,0.0,0.0,0.0,0.0,1.0,0,0
/home/test/bupt_hjk/sdp_dataset/elderAL/action5_drink_new/user1_position6_activity5/20250813=162219_mimo5s_part0.csv,11,16896,28,True,True,0.0,0.0,0.0,0.0,0.0,1.0,0,0
/home/test/bupt_hjk/sdp_dataset/elderAL/action5_drink_new/user1_position6_activity5/20250813=162225_mimo5s_part0.csv,21,32256,28,True,True,0.0,0.0,0.0,0.0,0.0,1.0,0,0
/home/test/bupt_hjk/sdp_dataset/elderAL/action5_drink_new/user1_position6_activity5/20250813=162230_mimo5s_part0.csv,3,4608,28,True,True,0.0,0.0,0.0,0.0,0.0,1.0,0,0
/home/test/bupt_hjk/sdp_dataset/elderAL/action5_drink_new/user1_position6_activity5/20250813=162236_mimo5s_part0.csv,37,56832,28,False,False,2910.049712800819,684.6697862301826,0.7376862061980856,795.6133421463398,0.7706187798777295,0.4591467617412838,0,0
/home/test/bupt_hjk/sdp_dataset/elderAL/action5_drink_new/user1_position6_activity5/20250813=162242_mimo5s_part0.csv,15,23040,28,True,True,0.0,0.0,0.0,0.0,0.0,1.0,0,0
/home/test/bupt_hjk/sdp_dataset/elderAL/action5_drink_new/user1_position6_activity5/20250813=162248_mimo5s_part0.csv,24,36864,28,True,True,0.0,0.0,0.0,0.0,0.0,0.9999999999999999,0,0
/home/test/bupt_hjk/sdp_dataset/elderAL/action5_drink_new/user1_position6_activity5/20250813=162254_mimo5s_part0.csv,4,6144,28,True,True,0.0,0.0,0.0,0.0,0.0,1.0,0,0
/home/test/bupt_hjk/sdp_dataset/elderAL/action5_drink_new/user1_position6_activity5/20250813=162300_mimo5s_part0.csv,7,10752,28,True,True,0.0,0.0,0.0,0.0,0.0,0.9999999999999999,0,0
/home/test/bupt_hjk/sdp_dataset/elderAL/action5_drink_new/user1_position6_activity5/20250813=162306_mimo5s_part0.csv,12,18432,28,True,True,0.0,0.0,0.0,0.0,0.0,1.0,0,0
/home/test/bupt_hjk/sdp_dataset/elderAL/action5_drink_new/user1_position6_activity5/20250813=162311_mimo5s_part0.csv,20,30720,28,True,True,0.0,0.0,0.0,0.0,0.0,0.9999999999999999,0,0
/home/test/bupt_hjk/sdp_dataset/elderAL/action5_drink_new/user1_position6_activity5/20250813=162317_mimo5s_part0.csv,8,12288,28,True,True,0.0,0.0,0.0,0.0,0.0,1.0,0,0
/home/test/bupt_hjk/sdp_dataset/elderAL/action5_drink_new/user1_position6_activity5/20250813=162323_mimo5s_part0.csv,8,12288,28,True,True,0.0,0.0,0.0,0.0,0.0,1.0,0,0
/home/test/bupt_hjk/sdp_dataset/elderAL/action5_drink_new/user1_position6_activity5/20250813=162329_mimo5s_part0.csv,64,98304,28,False,False,3035.6839055287755,753.9375583451616,0.8334747382160781,946.8051429331676,0.9318697145256335,0.2256404761020036,0,0
/home/test/bupt_hjk/sdp_dataset/elderAL/action5_drink_new/user1_position6_activity5/20250813=162335_mimo5s_part0.csv,14,21504,28,True,True,0.0,0.0,0.0,0.0,0.0,1.0,0,0
/home/test/bupt_hjk/sdp_dataset/elderAL/action5_drink_new/user1_position7_activity5/20250813=162848_mimo5s_part0.csv,36,55296,28,False,False,3206.805845553703,806.8874651443824,0.9522596514721007,946.9572076124929,0.966703749077548,0.21309278300175258,0,0
/home/test/bupt_hjk/sdp_dataset/elderAL/action5_drink_new/user1_position7_activity5/20250813=162856_mimo5s_part0.csv,23,35328,28,True,True,0.0,0.0,0.0,0.0,0.0,1.0,0,0
/home/test/bupt_hjk/sdp_dataset/elderAL/action5_drink_new/user1_position7_activity5/20250813=162902_mimo5s_part0.csv,7,10752,28,True,True,0.0,0.0,0.0,0.0,0.0,1.0,0,0
/home/test/bupt_hjk/sdp_dataset/elderAL/action5_drink_new/user1_position7_activity5/20250813=162908_mimo5s_part0.csv,23,35328,28,True,True,0.0,0.0,0.0,0.0,0.0,1.0,0,0
/home/test/bupt_hjk/sdp_dataset/elderAL/action5_drink_new/user1_position7_activity5/20250813=162914_mimo5s_part0.csv,7,10752,28,True,True,0.0,0.0,0.0,0.0,0.0,1.0,0,0
/home/test/bupt_hjk/sdp_dataset/elderAL/action5_drink_new/user1_position7_activity5/20250813=162920_mimo5s_part0.csv,4,6144,28,True,True,0.0,0.0,0.0,0.0,0.0,1.0,0,0
/home/test/bupt_hjk/sdp_dataset/elderAL/action5_drink_new/user1_position7_activity5/20250813=162926_mimo5s_part0.csv,18,27648,28,True,True,0.0,0.0,0.0,0.0,0.0,1.0,0,0
/home/test/bupt_hjk/sdp_dataset/elderAL/action5_drink_new/user1_position7_activity5/20250813=162932_mimo5s_part0.csv,7,10752,28,True,True,0.0,0.0,0.0,0.0,0.0,1.0,0,0
/home/test/bupt_hjk/sdp_dataset/elderAL/action5_drink_new/user1_position7_activity5/20250813=162938_mimo5s_part0.csv,7,10752,28,True,True,0.0,0.0,0.0,0.0,0.0,1.0,0,0
/home/test/bupt_hjk/sdp_dataset/elderAL/action5_drink_new/user1_position7_activity5/20250813=162944_mimo5s_part0.csv,21,32256,28,True,True,0.0,0.0,0.0,0.0,0.0,1.0,0,0
/home/test/bupt_hjk/sdp_dataset/elderAL/action5_drink_new/user1_position7_activity5/20250813=162950_mimo5s_part0.csv,17,26112,28,True,True,0.0,0.0,0.0,0.0,0.0,1.0,0,0
/home/test/bupt_hjk/sdp_dataset/elderAL/action5_drink_new/user1_position7_activity5/20250813=162956_mimo5s_part0.csv,11,16896,28,True,True,0.0,0.0,0.0,0.0,0.0,1.0,0,0
/home/test/bupt_hjk/sdp_dataset/elderAL/action5_drink_new/user1_position7_activity5/20250813=163002_mimo5s_part0.csv,7,10752,28,True,True,0.0,0.0,0.0,0.0,0.0,1.0,0,0
/home/test/bupt_hjk/sdp_dataset/elderAL/action5_drink_new/user1_position7_activity5/20250813=163008_mimo5s_part0.csv,15,23040,28,True,True,0.0,0.0,0.0,0.0,0.0,1.0,0,0
/home/test/bupt_hjk/sdp_dataset/elderAL/action5_drink_new/user1_position7_activity5/20250813=163014_mimo5s_part0.csv,11,16896,28,True,True,0.0,0.0,0.0,0.0,0.0,1.0,0,0
/home/test/bupt_hjk/sdp_dataset/elderAL/action5_drink_new/user1_position8_activity5/20250813=163618_mimo5s_part0.csv,7,10752,28,True,True,0.0,0.0,0.0,0.0,0.0,0.9999999999999998,0,0
/home/test/bupt_hjk/sdp_dataset/elderAL/action5_drink_new/user1_position8_activity5/20250813=163624_mimo5s_part0.csv,11,16896,28,True,True,0.0,0.0,0.0,0.0,0.0,1.0,0,0
/home/test/bupt_hjk/sdp_dataset/elderAL/action5_drink_new/user1_position8_activity5/20250813=163630_mimo5s_part0.csv,8,12288,28,True,True,0.0,0.0,0.0,0.0,0.0,1.0,0,0
/home/test/bupt_hjk/sdp_dataset/elderAL/action5_drink_new/user1_position8_activity5/20250813=163636_mimo5s_part0.csv,11,16896,28,True,True,0.0,0.0,0.0,0.0,0.0,1.0,0,0
/home/test/bupt_hjk/sdp_dataset/elderAL/action5_drink_new/user1_position8_activity5/20250813=163642_mimo5s_part0.csv,11,16896,28,True,True,0.0,0.0,0.0,0.0,0.0,0.9999999999999998,0,0
/home/test/bupt_hjk/sdp_dataset/elderAL/action5_drink_new/user1_position8_activity5/20250813=163648_mimo5s_part0.csv,24,36864,28,True,True,0.0,0.0,0.0,0.0,0.0,1.0,0,0
/home/test/bupt_hjk/sdp_dataset/elderAL/action5_drink_new/user1_position8_activity5/20250813=163654_mimo5s_part0.csv,15,23040,28,True,True,0.0,0.0,0.0,0.0,0.0,1.0,0,0
/home/test/bupt_hjk/sdp_dataset/elderAL/action5_drink_new/user1_position8_activity5/20250813=163659_mimo5s_part0.csv,7,10752,28,True,True,0.0,0.0,0.0,0.0,0.0,0.9999999999999998,0,0
/home/test/bupt_hjk/sdp_dataset/elderAL/action5_drink_new/user1_position8_activity5/20250813=163705_mimo5s_part0.csv,43,66048,28,False,False,2516.723534261609,706.2738420817766,0.7392067674532276,805.1860247930694,0.7454821892908728,0.5697568632349223,0,0
/home/test/bupt_hjk/sdp_dataset/elderAL/action5_drink_new/user1_position8_activity5/20250813=163711_mimo5s_part0.csv,15,23040,28,True,True,0.0,0.0,0.0,0.0,0.0,0.9999999999999998,0,0
/home/test/bupt_hjk/sdp_dataset/elderAL/action5_drink_new/user1_position8_activity5/20250813=163718_mimo5s_part0.csv,8,12288,28,True,True,0.0,0.0,0.0,0.0,0.0,1.0,0,0
/home/test/bupt_hjk/sdp_dataset/elderAL/action5_drink_new/user1_position8_activity5/20250813=163724_mimo5s_part0.csv,15,23040,28,True,True,0.0,0.0,0.0,0.0,0.0,1.0,0,0
/home/test/bupt_hjk/sdp_dataset/elderAL/action5_drink_new/user1_position8_activity5/20250813=163730_mimo5s_part0.csv,11,16896,28,True,True,0.0,0.0,0.0,0.0,0.0,1.0,0,0
/home/test/bupt_hjk/sdp_dataset/elderAL/action5_drink_new/user1_position8_activity5/20250813=163737_mimo5s_part0.csv,42,64512,28,False,False,3038.18040197955,806.0732330520178,0.8635751287828073,927.2106109646006,0.8729979385526992,0.31864859836037707,0,0
/home/test/bupt_hjk/sdp_dataset/elderAL/action5_drink_new/user1_position8_activity5/20250813=163743_mimo5s_part0.csv,27,41472,28,True,True,0.0,0.0,0.0,0.0,0.0,0.9999999999999999,0,0
/home/test/bupt_hjk/sdp_dataset/elderAL/action5_drink_new/user1_position9_activity5/20250813=164243_mimo5s_part0.csv,28,43008,28,False,False,2991.4855351479687,975.5829250113671,1.0850632405279799,1092.6575924571298,1.0612319791276634,0.25202668305772,0,0
/home/test/bupt_hjk/sdp_dataset/elderAL/action5_drink_new/user1_position9_activity5/20250813=164250_mimo5s_part0.csv,21,32256,28,True,True,0.0,0.0,0.0,0.0,0.0,1.0,0,0
/home/test/bupt_hjk/sdp_dataset/elderAL/action5_drink_new/user1_position9_activity5/20250813=164256_mimo5s_part0.csv,12,18432,28,True,True,0.0,0.0,0.0,0.0,0.0,1.0,0,0
/home/test/bupt_hjk/sdp_dataset/elderAL/action5_drink_new/user1_position9_activity5/20250813=164301_mimo5s_part0.csv,7,10752,28,True,True,0.0,0.0,0.0,0.0,0.0,1.0,0,0
/home/test/bupt_hjk/sdp_dataset/elderAL/action5_drink_new/user1_position9_activity5/20250813=164307_mimo5s_part0.csv,9,13824,28,True,True,0.0,0.0,0.0,0.0,0.0,1.0,0,0
/home/test/bupt_hjk/sdp_dataset/elderAL/action5_drink_new/user1_position9_activity5/20250813=164313_mimo5s_part0.csv,7,10752,28,True,True,0.0,0.0,0.0,0.0,0.0,1.0,0,0
/home/test/bupt_hjk/sdp_dataset/elderAL/action5_drink_new/user1_position9_activity5/20250813=164318_mimo5s_part0.csv,8,12288,28,True,True,0.0,0.0,0.0,0.0,0.0,1.0,0,0
/home/test/bupt_hjk/sdp_dataset/elderAL/action5_drink_new/user1_position9_activity5/20250813=164324_mimo5s_part0.csv,11,16896,28,True,True,0.0,0.0,0.0,0.0,0.0,1.0,0,0
/home/test/bupt_hjk/sdp_dataset/elderAL/action5_drink_new/user1_position9_activity5/20250813=164330_mimo5s_part0.csv,55,84480,28,False,False,3451.659251432466,724.5808950444663,0.7615229104108762,826.8028626835167,0.7761003611896647,0.39048571648434105,0,0
/home/test/bupt_hjk/sdp_dataset/elderAL/action5_drink_new/user1_position9_activity5/20250813=164336_mimo5s_part0.csv,18,27648,28,True,True,0.0,0.0,0.0,0.0,0.0,0.9999999999999999,0,0
/home/test/bupt_hjk/sdp_dataset/elderAL/action5_drink_new/user1_position9_activity5/20250813=164341_mimo5s_part0.csv,11,16896,28,True,True,0.0,0.0,0.0,0.0,0.0,1.0,0,0
/home/test/bupt_hjk/sdp_dataset/elderAL/action5_drink_new/user1_position9_activity5/20250813=164347_mimo5s_part0.csv,51,78336,28,False,False,2675.5163871638715,1035.1534927455878,1.0701698673759246,1157.9844543391848,1.0772394097082576,-0.07376165273995416,0,0
/home/test/bupt_hjk/sdp_dataset/elderAL/action5_drink_new/user1_position9_activity5/20250813=164353_mimo5s_part0.csv,61,93696,28,False,False,2725.4513413991044,733.1797381933629,0.7528774811300096,852.6837136199994,0.784340519332388,0.3246013321176346,0,0
/home/test/bupt_hjk/sdp_dataset/elderAL/action5_drink_new/user1_position9_activity5/20250813=164359_mimo5s_part0.csv,21,32256,28,True,True,0.0,0.0,0.0,0.0,0.0,1.0,0,0
/home/test/bupt_hjk/sdp_dataset/elderAL/action5_drink_new/user1_position9_activity5/20250813=164405_mimo5s_part0.csv,12,18432,28,True,True,0.0,0.0,0.0,0.0,0.0,1.0,0,0
/home/test/bupt_hjk/sdp_dataset/elderAL/action5_drink_new/user2_position1_activity5/20250813=155151_mimo5s_part0.csv,17,26112,28,True,True,0.0,0.0,0.0,0.0,0.0,1.0,0,0
/home/test/bupt_hjk/sdp_dataset/elderAL/action5_drink_new/user2_position1_activity5/20250813=155158_mimo5s_part0.csv,11,16896,28,True,True,0.0,0.0,0.0,0.0,0.0,1.0,0,0
/home/test/bupt_hjk/sdp_dataset/elderAL/action5_drink_new/user2_position1_activity5/20250813=155205_mimo5s_part0.csv,11,16896,28,True,True,0.0,0.0,0.0,0.0,0.0,1.0,0,0
/home/test/bupt_hjk/sdp_dataset/elderAL/action5_drink_new/user2_position1_activity5/20250813=155213_mimo5s_part0.csv,11,16896,28,True,True,0.0,0.0,0.0,0.0,0.0,1.0,0,0
/home/test/bupt_hjk/sdp_dataset/elderAL/action5_drink_new/user2_position1_activity5/20250813=155221_mimo5s_part0.csv,8,12288,28,True,True,0.0,0.0,0.0,0.0,0.0,1.0,0,0
/home/test/bupt_hjk/sdp_dataset/elderAL/action5_drink_new/user2_position1_activity5/20250813=155228_mimo5s_part0.csv,46,70656,28,False,False,3474.8438259697855,699.5696717035494,0.7998135169986585,802.9598827603375,0.8097114364268929,0.3794628097058089,0,0
/home/test/bupt_hjk/sdp_dataset/elderAL/action5_drink_new/user2_position1_activity5/20250813=155236_mimo5s_part0.csv,16,24576,28,True,True,0.0,0.0,0.0,0.0,0.0,1.0,0,0
/home/test/bupt_hjk/sdp_dataset/elderAL/action5_drink_new/user2_position1_activity5/20250813=155242_mimo5s_part0.csv,15,23040,28,True,True,0.0,0.0,0.0,0.0,0.0,1.0,0,0
/home/test/bupt_hjk/sdp_dataset/elderAL/action5_drink_new/user2_position1_activity5/20250813=155249_mimo5s_part0.csv,28,43008,28,False,False,2707.6553869038994,892.9662141761067,1.054261998701139,992.2969246993,1.0234819706121174,0.39525527481397194,0,0
/home/test/bupt_hjk/sdp_dataset/elderAL/action5_drink_new/user2_position1_activity5/20250813=155256_mimo5s_part0.csv,11,16896,28,True,True,0.0,0.0,0.0,0.0,0.0,1.0,0,0
/home/test/bupt_hjk/sdp_dataset/elderAL/action5_drink_new/user2_position1_activity5/20250813=155302_mimo5s_part0.csv,7,10752,28,True,True,0.0,0.0,0.0,0.0,0.0,1.0,0,0
/home/test/bupt_hjk/sdp_dataset/elderAL/action5_drink_new/user2_position1_activity5/20250813=155308_mimo5s_part0.csv,27,41472,28,True,True,0.0,0.0,0.0,0.0,0.0,0.9999999999999999,0,0
/home/test/bupt_hjk/sdp_dataset/elderAL/action5_drink_new/user2_position1_activity5/20250813=155315_mimo5s_part0.csv,8,12288,28,True,True,0.0,0.0,0.0,0.0,0.0,1.0,0,0
/home/test/bupt_hjk/sdp_dataset/elderAL/action5_drink_new/user2_position1_activity5/20250813=155321_mimo5s_part0.csv,7,10752,28,True,True,0.0,0.0,0.0,0.0,0.0,1.0,0,0
/home/test/bupt_hjk/sdp_dataset/elderAL/action5_drink_new/user2_position1_activity5/20250813=155327_mimo5s_part0.csv,49,75264,28,False,False,2710.1170951371923,541.4303137359249,0.6438463369922521,666.9572458666553,0.6943327573176203,0.5420871206289597,0,0
/home/test/bupt_hjk/sdp_dataset/elderAL/action5_drink_new/user2_position2_activity5/20250813=155440_mimo5s_part0.csv,11,16896,28,True,True,0.0,0.0,0.0,0.0,0.0,1.0,0,0
/home/test/bupt_hjk/sdp_dataset/elderAL/action5_drink_new/user2_position2_activity5/20250813=155452_mimo5s_part0.csv,21,32256,28,True,True,0.0,0.0,0.0,0.0,0.0,1.0,0,0
/home/test/bupt_hjk/sdp_dataset/elderAL/action5_drink_new/user2_position2_activity5/20250813=155500_mimo5s_part0.csv,11,16896,28,True,True,0.0,0.0,0.0,0.0,0.0,1.0,0,0
/home/test/bupt_hjk/sdp_dataset/elderAL/action5_drink_new/user2_position2_activity5/20250813=155507_mimo5s_part0.csv,31,47616,28,False,False,2752.014876808028,755.6542372728638,0.8694669560259284,977.1973434239886,0.9834431854193889,0.12018274055425632,0,0
/home/test/bupt_hjk/sdp_dataset/elderAL/action5_drink_new/user2_position2_activity5/20250813=155515_mimo5s_part0.csv,11,16896,28,True,True,0.0,0.0,0.0,0.0,0.0,0.9999999999999999,0,0
/home/test/bupt_hjk/sdp_dataset/elderAL/action5_drink_new/user2_position2_activity5/20250813=155521_mimo5s_part0.csv,19,29184,28,True,True,0.0,0.0,0.0,0.0,0.0,1.0,0,0
/home/test/bupt_hjk/sdp_dataset/elderAL/action5_drink_new/user2_position2_activity5/20250813=155527_mimo5s_part0.csv,14,21504,28,True,True,0.0,0.0,0.0,0.0,0.0,1.0,0,0
/home/test/bupt_hjk/sdp_dataset/elderAL/action5_drink_new/user2_position2_activity5/20250813=155533_mimo5s_part0.csv,11,16896,28,True,True,0.0,0.0,0.0,0.0,0.0,1.0,0,0
/home/test/bupt_hjk/sdp_dataset/elderAL/action5_drink_new/user2_position2_activity5/20250813=155540_mimo5s_part0.csv,8,12288,28,True,True,0.0,0.0,0.0,0.0,0.0,1.0,0,0
/home/test/bupt_hjk/sdp_dataset/elderAL/action5_drink_new/user2_position2_activity5/20250813=155546_mimo5s_part0.csv,23,35328,28,True,True,0.0,0.0,0.0,0.0,0.0,0.9999999999999999,0,0
/home/test/bupt_hjk/sdp_dataset/elderAL/action5_drink_new/user2_position2_activity5/20250813=155552_mimo5s_part0.csv,21,32256,28,True,True,0.0,0.0,0.0,0.0,0.0,0.9999999999999999,0,0
/home/test/bupt_hjk/sdp_dataset/elderAL/action5_drink_new/user2_position2_activity5/20250813=155558_mimo5s_part0.csv,7,10752,28,True,True,0.0,0.0,0.0,0.0,0.0,1.0,0,0
/home/test/bupt_hjk/sdp_dataset/elderAL/action5_drink_new/user2_position2_activity5/20250813=155604_mimo5s_part0.csv,7,10752,28,True,True,0.0,0.0,0.0,0.0,0.0,0.9999999999999999,0,0
/home/test/bupt_hjk/sdp_dataset/elderAL/action5_drink_new/user2_position2_activity5/20250813=155611_mimo5s_part0.csv,11,16896,28,True,True,0.0,0.0,0.0,0.0,0.0,1.0,0,0
/home/test/bupt_hjk/sdp_dataset/elderAL/action5_drink_new/user2_position2_activity5/20250813=155617_mimo5s_part0.csv,7,10752,28,True,True,0.0,0.0,0.0,0.0,0.0,1.0,0,0
/home/test/bupt_hjk/sdp_dataset/elderAL/action5_drink_new/user2_position3_activity5/20250813=160550_mimo5s_part0.csv,15,23040,28,True,True,0.0,0.0,0.0,0.0,0.0,1.0,0,0
/home/test/bupt_hjk/sdp_dataset/elderAL/action5_drink_new/user2_position3_activity5/20250813=160556_mimo5s_part0.csv,15,23040,28,True,True,0.0,0.0,0.0,0.0,0.0,0.9999999999999999,0,0
/home/test/bupt_hjk/sdp_dataset/elderAL/action5_drink_new/user2_position3_activity5/20250813=160602_mimo5s_part0.csv,12,18432,28,True,True,0.0,0.0,0.0,0.0,0.0,0.9999999999999998,0,0
/home/test/bupt_hjk/sdp_dataset/elderAL/action5_drink_new/user2_position3_activity5/20250813=160608_mimo5s_part0.csv,4,6144,28,True,True,0.0,0.0,0.0,0.0,0.0,1.0,0,0
/home/test/bupt_hjk/sdp_dataset/elderAL/action5_drink_new/user2_position3_activity5/20250813=160615_mimo5s_part0.csv,23,35328,28,True,True,0.0,0.0,0.0,0.0,0.0,1.0,0,0
/home/test/bupt_hjk/sdp_dataset/elderAL/action5_drink_new/user2_position3_activity5/20250813=160621_mimo5s_part0.csv,14,21504,28,True,True,0.0,0.0,0.0,0.0,0.0,1.0,0,0
/home/test/bupt_hjk/sdp_dataset/elderAL/action5_drink_new/user2_position3_activity5/20250813=160627_mimo5s_part0.csv,8,12288,28,True,True,0.0,0.0,0.0,0.0,0.0,0.9999999999999998,0,0
/home/test/bupt_hjk/sdp_dataset/elderAL/action5_drink_new/user2_position3_activity5/20250813=160633_mimo5s_part0.csv,8,12288,28,True,True,0.0,0.0,0.0,0.0,0.0,0.9999999999999998,0,0
/home/test/bupt_hjk/sdp_dataset/elderAL/action5_drink_new/user2_position3_activity5/20250813=160639_mimo5s_part0.csv,11,16896,28,True,True,0.0,0.0,0.0,0.0,0.0,1.0,0,0
/home/test/bupt_hjk/sdp_dataset/elderAL/action5_drink_new/user2_position3_activity5/20250813=160645_mimo5s_part0.csv,30,46080,28,False,False,2732.0488475366164,777.2034580432706,0.8615650732574607,971.8099685686393,0.9504874902632564,0.19679607695837179,0,0
/home/test/bupt_hjk/sdp_dataset/elderAL/action5_drink_new/user2_position3_activity5/20250813=160650_mimo5s_part0.csv,28,43008,28,False,False,2235.5860882743564,439.983740891043,0.4939650050568462,587.83153749961,0.5713593804468293,0.5694881383219301,0,0
/home/test/bupt_hjk/sdp_dataset/elderAL/action5_drink_new/user2_position3_activity5/20250813=160657_mimo5s_part0.csv,8,12288,28,True,True,0.0,0.0,0.0,0.0,0.0,1.0,0,0
/home/test/bupt_hjk/sdp_dataset/elderAL/action5_drink_new/user2_position3_activity5/20250813=160703_mimo5s_part0.csv,11,16896,28,True,True,0.0,0.0,0.0,0.0,0.0,0.9999999999999999,0,0
/home/test/bupt_hjk/sdp_dataset/elderAL/action5_drink_new/user2_position3_activity5/20250813=160709_mimo5s_part0.csv,17,26112,28,True,True,0.0,0.0,0.0,0.0,0.0,1.0,0,0
/home/test/bupt_hjk/sdp_dataset/elderAL/action5_drink_new/user2_position3_activity5/20250813=160715_mimo5s_part0.csv,14,21504,28,True,True,0.0,0.0,0.0,0.0,0.0,1.0,0,0
/home/test/bupt_hjk/sdp_dataset/elderAL/action5_drink_new/user2_position4_activity5/20250813=160753_mimo5s_part0.csv,11,16896,28,True,True,0.0,0.0,0.0,0.0,0.0,1.0,0,0
/home/test/bupt_hjk/sdp_dataset/elderAL/action5_drink_new/user2_position4_activity5/20250813=160759_mimo5s_part0.csv,18,27648,28,True,True,0.0,0.0,0.0,0.0,0.0,1.0,0,0
/home/test/bupt_hjk/sdp_dataset/elderAL/action5_drink_new/user2_position4_activity5/20250813=160810_mimo5s_part0.csv,7,10752,28,True,True,0.0,0.0,0.0,0.0,0.0,1.0,0,0
/home/test/bupt_hjk/sdp_dataset/elderAL/action5_drink_new/user2_position4_activity5/20250813=160817_mimo5s_part0.csv,16,24576,28,True,True,0.0,0.0,0.0,0.0,0.0,1.0,0,0
/home/test/bupt_hjk/sdp_dataset/elderAL/action5_drink_new/user2_position4_activity5/20250813=160831_mimo5s_part0.csv,36,55296,28,False,False,3054.0673184110506,889.6381533330466,0.9602865406286079,992.966582340454,0.9426270904028294,0.4979814162127696,0,0
/home/test/bupt_hjk/sdp_dataset/elderAL/action5_drink_new/user2_position4_activity5/20250813=160838_mimo5s_part0.csv,21,32256,28,True,True,0.0,0.0,0.0,0.0,0.0,1.0,0,0
/home/test/bupt_hjk/sdp_dataset/elderAL/action5_drink_new/user2_position4_activity5/20250813=160844_mimo5s_part0.csv,37,56832,28,False,False,3473.9258912589985,546.653418051057,0.5911871911926402,676.4215712714182,0.6453805507023025,0.5930821073971866,0,0
/home/test/bupt_hjk/sdp_dataset/elderAL/action5_drink_new/user2_position4_activity5/20250813=160853_mimo5s_part0.csv,45,69120,28,False,False,2976.9793390457507,724.6290963544387,0.777182387420184,835.640602002745,0.7900665853845062,0.5042207262679206,0,0
/home/test/bupt_hjk/sdp_dataset/elderAL/action5_drink_new/user2_position4_activity5/20250813=160859_mimo5s_part0.csv,22,33792,28,True,True,0.0,0.0,0.0,0.0,0.0,0.9999999999999999,0,0
/home/test/bupt_hjk/sdp_dataset/elderAL/action5_drink_new/user2_position4_activity5/20250813=160904_mimo5s_part0.csv,34,52224,28,False,False,3224.123180917743,924.2478119980195,1.0904153775829175,1096.2930792087682,1.0977417134995315,-0.09995160915349778,0,0
/home/test/bupt_hjk/sdp_dataset/elderAL/action5_drink_new/user2_position4_activity5/20250813=160910_mimo5s_part0.csv,11,16896,28,True,True,0.0,0.0,0.0,0.0,0.0,1.0,0,0
/home/test/bupt_hjk/sdp_dataset/elderAL/action5_drink_new/user2_position4_activity5/20250813=160916_mimo5s_part0.csv,15,23040,28,True,True,0.0,0.0,0.0,0.0,0.0,0.9999999999999998,0,0
/home/test/bupt_hjk/sdp_dataset/elderAL/action5_drink_new/user2_position4_activity5/20250813=160923_mimo5s_part0.csv,15,23040,28,True,True,0.0,0.0,0.0,0.0,0.0,1.0,0,0
/home/test/bupt_hjk/sdp_dataset/elderAL/action5_drink_new/user2_position4_activity5/20250813=160929_mimo5s_part0.csv,11,16896,28,True,True,0.0,0.0,0.0,0.0,0.0,0.9999999999999998,0,0
/home/test/bupt_hjk/sdp_dataset/elderAL/action5_drink_new/user2_position4_activity5/20250813=160935_mimo5s_part0.csv,11,16896,28,True,True,0.0,0.0,0.0,0.0,0.0,1.0,0,0
/home/test/bupt_hjk/sdp_dataset/elderAL/action5_drink_new/user2_position5_activity5/20250813=161625_mimo5s_part0.csv,17,26112,28,True,True,0.0,0.0,0.0,0.0,0.0,1.0,0,0
/home/test/bupt_hjk/sdp_dataset/elderAL/action5_drink_new/user2_position5_activity5/20250813=161632_mimo5s_part0.csv,10,15360,28,True,True,0.0,0.0,0.0,0.0,0.0,1.0,0,0
/home/test/bupt_hjk/sdp_dataset/elderAL/action5_drink_new/user2_position5_activity5/20250813=161638_mimo5s_part0.csv,11,16896,28,True,True,0.0,0.0,0.0,0.0,0.0,0.9999999999999998,0,0
/home/test/bupt_hjk/sdp_dataset/elderAL/action5_drink_new/user2_position5_activity5/20250813=161644_mimo5s_part0.csv,31,47616,28,False,False,3135.4054016509167,863.1023549787068,0.9198344223512116,1018.8894725698825,0.9643629490210318,0.05636557932005108,0,0
/home/test/bupt_hjk/sdp_dataset/elderAL/action5_drink_new/user2_position5_activity5/20250813=161650_mimo5s_part0.csv,44,67584,28,False,False,2474.0861836611966,659.8082248915858,0.7166930121413706,748.1105394039741,0.716502133044594,0.6081154852368608,0,0
/home/test/bupt_hjk/sdp_dataset/elderAL/action5_drink_new/user2_position5_activity5/20250813=161656_mimo5s_part0.csv,12,18432,28,True,True,0.0,0.0,0.0,0.0,0.0,1.0,0,0
/home/test/bupt_hjk/sdp_dataset/elderAL/action5_drink_new/user2_position5_activity5/20250813=161702_mimo5s_part0.csv,17,26112,28,True,True,0.0,0.0,0.0,0.0,0.0,0.9999999999999999,0,0
/home/test/bupt_hjk/sdp_dataset/elderAL/action5_drink_new/user2_position5_activity5/20250813=161708_mimo5s_part0.csv,25,38400,28,True,True,0.0,0.0,0.0,0.0,0.0,1.0,0,0
/home/test/bupt_hjk/sdp_dataset/elderAL/action5_drink_new/user2_position5_activity5/20250813=161714_mimo5s_part0.csv,11,16896,28,True,True,0.0,0.0,0.0,0.0,0.0,1.0,0,0
/home/test/bupt_hjk/sdp_dataset/elderAL/action5_drink_new/user2_position5_activity5/20250813=161720_mimo5s_part0.csv,11,16896,28,True,True,0.0,0.0,0.0,0.0,0.0,0.9999999999999998,0,0
/home/test/bupt_hjk/sdp_dataset/elderAL/action5_drink_new/user2_position5_activity5/20250813=161726_mimo5s_part0.csv,11,16896,28,True,True,0.0,0.0,0.0,0.0,0.0,1.0,0,0
/home/test/bupt_hjk/sdp_dataset/elderAL/action5_drink_new/user2_position5_activity5/20250813=161733_mimo5s_part0.csv,44,67584,28,False,False,3612.372054421395,810.625962727156,0.8665242951546531,931.1257562342724,0.8746387983613237,0.3617501118579166,0,0
/home/test/bupt_hjk/sdp_dataset/elderAL/action5_drink_new/user2_position5_activity5/20250813=161739_mimo5s_part0.csv,17,26112,28,True,True,0.0,0.0,0.0,0.0,0.0,1.0,0,0
/home/test/bupt_hjk/sdp_dataset/elderAL/action5_drink_new/user2_position5_activity5/20250813=161744_mimo5s_part0.csv,33,50688,28,False,False,2916.6911587171694,661.7976034649433,0.7314366371182447,852.997667897024,0.821980258223809,0.42454194608818396,0,0
/home/test/bupt_hjk/sdp_dataset/elderAL/action5_drink_new/user2_position5_activity5/20250813=161750_mimo5s_part0.csv,30,46080,28,False,False,2823.463010597111,902.5463670058804,0.9670230137863696,999.7896114174617,0.9507916031178522,0.4354810261278219,0,0
/home/test/bupt_hjk/sdp_dataset/elderAL/action5_drink_new/user2_position6_activity5/20250813=162424_mimo5s_part0.csv,18,27648,28,True,True,0.0,0.0,0.0,0.0,0.0,1.0,0,0
/home/test/bupt_hjk/sdp_dataset/elderAL/action5_drink_new/user2_position6_activity5/20250813=162432_mimo5s_part0.csv,11,16896,28,True,True,0.0,0.0,0.0,0.0,0.0,1.0,0,0
/home/test/bupt_hjk/sdp_dataset/elderAL/action5_drink_new/user2_position6_activity5/20250813=162438_mimo5s_part0.csv,7,10752,28,True,True,0.0,0.0,0.0,0.0,0.0,1.0,0,0
/home/test/bupt_hjk/sdp_dataset/elderAL/action5_drink_new/user2_position6_activity5/20250813=162444_mimo5s_part0.csv,27,41472,28,True,True,0.0,0.0,0.0,0.0,0.0,1.0,0,0
/home/test/bupt_hjk/sdp_dataset/elderAL/action5_drink_new/user2_position6_activity5/20250813=162450_mimo5s_part0.csv,21,32256,28,True,True,0.0,0.0,0.0,0.0,0.0,0.9999999999999999,0,0
/home/test/bupt_hjk/sdp_dataset/elderAL/action5_drink_new/user2_position6_activity5/20250813=162456_mimo5s_part0.csv,28,43008,28,False,False,2981.3677520468536,938.6346641701034,1.1563421548124821,1089.7693608675952,1.1754633662532448,0.10415306750396539,0,0
/home/test/bupt_hjk/sdp_dataset/elderAL/action5_drink_new/user2_position6_activity5/20250813=162502_mimo5s_part0.csv,8,12288,28,True,True,0.0,0.0,0.0,0.0,0.0,1.0,0,0
/home/test/bupt_hjk/sdp_dataset/elderAL/action5_drink_new/user2_position6_activity5/20250813=162508_mimo5s_part0.csv,25,38400,28,True,True,0.0,0.0,0.0,0.0,0.0,1.0,0,0
/home/test/bupt_hjk/sdp_dataset/elderAL/action5_drink_new/user2_position6_activity5/20250813=162514_mimo5s_part0.csv,7,10752,28,True,True,0.0,0.0,0.0,0.0,0.0,1.0,0,0
/home/test/bupt_hjk/sdp_dataset/elderAL/action5_drink_new/user2_position6_activity5/20250813=162520_mimo5s_part0.csv,17,26112,28,True,True,0.0,0.0,0.0,0.0,0.0,1.0,0,0
/home/test/bupt_hjk/sdp_dataset/elderAL/action5_drink_new/user2_position6_activity5/20250813=162526_mimo5s_part0.csv,8,12288,28,True,True,0.0,0.0,0.0,0.0,0.0,0.9999999999999998,0,0
/home/test/bupt_hjk/sdp_dataset/elderAL/action5_drink_new/user2_position6_activity5/20250813=162532_mimo5s_part0.csv,7,10752,28,True,True,0.0,0.0,0.0,0.0,0.0,0.9999999999999999,0,0
/home/test/bupt_hjk/sdp_dataset/elderAL/action5_drink_new/user2_position6_activity5/20250813=162538_mimo5s_part0.csv,11,16896,28,True,True,0.0,0.0,0.0,0.0,0.0,1.0,0,0
/home/test/bupt_hjk/sdp_dataset/elderAL/action5_drink_new/user2_position6_activity5/20250813=162544_mimo5s_part0.csv,32,49152,28,False,False,3214.7814699854753,733.6530577083709,0.8410128454754364,841.6653143872865,0.8469278091275246,0.4329541247209797,0,0
/home/test/bupt_hjk/sdp_dataset/elderAL/action5_drink_new/user2_position6_activity5/20250813=162550_mimo5s_part0.csv,18,27648,28,True,True,0.0,0.0,0.0,0.0,0.0,1.0,0,0
/home/test/bupt_hjk/sdp_dataset/elderAL/action5_drink_new/user2_position7_activity5/20250813=162630_mimo5s_part0.csv,7,10752,28,True,True,0.0,0.0,0.0,0.0,0.0,0.9999999999999998,0,0
/home/test/bupt_hjk/sdp_dataset/elderAL/action5_drink_new/user2_position7_activity5/20250813=162636_mimo5s_part0.csv,13,19968,28,True,True,0.0,0.0,0.0,0.0,0.0,1.0,0,0
/home/test/bupt_hjk/sdp_dataset/elderAL/action5_drink_new/user2_position7_activity5/20250813=162642_mimo5s_part0.csv,11,16896,28,True,True,0.0,0.0,0.0,0.0,0.0,1.0,0,0
/home/test/bupt_hjk/sdp_dataset/elderAL/action5_drink_new/user2_position7_activity5/20250813=162648_mimo5s_part0.csv,18,27648,28,True,True,0.0,0.0,0.0,0.0,0.0,1.0,0,0
/home/test/bupt_hjk/sdp_dataset/elderAL/action5_drink_new/user2_position7_activity5/20250813=162656_mimo5s_part0.csv,7,10752,28,True,True,0.0,0.0,0.0,0.0,0.0,0.9999999999999998,0,0
/home/test/bupt_hjk/sdp_dataset/elderAL/action5_drink_new/user2_position7_activity5/20250813=162701_mimo5s_part0.csv,7,10752,28,True,True,0.0,0.0,0.0,0.0,0.0,0.9999999999999998,0,0
/home/test/bupt_hjk/sdp_dataset/elderAL/action5_drink_new/user2_position7_activity5/20250813=162710_mimo5s_part0.csv,15,23040,28,True,True,0.0,0.0,0.0,0.0,0.0,0.9999999999999998,0,0
/home/test/bupt_hjk/sdp_dataset/elderAL/action5_drink_new/user2_position7_activity5/20250813=162716_mimo5s_part0.csv,11,16896,28,True,True,0.0,0.0,0.0,0.0,0.0,1.0,0,0
/home/test/bupt_hjk/sdp_dataset/elderAL/action5_drink_new/user2_position7_activity5/20250813=162722_mimo5s_part0.csv,29,44544,28,False,False,3604.296613582969,795.4659635430381,0.8905863295471785,940.6909221655974,0.8999194252511585,0.3039917264962802,0,0
/home/test/bupt_hjk/sdp_dataset/elderAL/action5_drink_new/user2_position7_activity5/20250813=162728_mimo5s_part0.csv,22,33792,28,True,True,0.0,0.0,0.0,0.0,0.0,0.9999999999999998,0,0
/home/test/bupt_hjk/sdp_dataset/elderAL/action5_drink_new/user2_position7_activity5/20250813=162735_mimo5s_part0.csv,38,58368,28,False,False,2998.2216281614033,814.6451001424963,0.9177284457631578,926.9136640471546,0.890531274063174,0.5202403103148268,0,0
/home/test/bupt_hjk/sdp_dataset/elderAL/action5_drink_new/user2_position7_activity5/20250813=162741_mimo5s_part0.csv,7,10752,28,True,True,0.0,0.0,0.0,0.0,0.0,1.0,0,0
/home/test/bupt_hjk/sdp_dataset/elderAL/action5_drink_new/user2_position7_activity5/20250813=162748_mimo5s_part0.csv,28,43008,28,False,False,3220.7784236810635,844.6570152889856,0.9211302857957195,989.6339477526624,0.9355604495995984,0.18613731410709655,0,0
/home/test/bupt_hjk/sdp_dataset/elderAL/action5_drink_new/user2_position7_activity5/20250813=162755_mimo5s_part0.csv,4,6144,28,True,True,0.0,0.0,0.0,0.0,0.0,1.0,0,0
/home/test/bupt_hjk/sdp_dataset/elderAL/action5_drink_new/user2_position7_activity5/20250813=162802_mimo5s_part0.csv,3,4608,28,True,True,0.0,0.0,0.0,0.0,0.0,1.0,0,0
/home/test/bupt_hjk/sdp_dataset/elderAL/action5_drink_new/user2_position8_activity5/20250813=163815_mimo5s_part0.csv,11,16896,28,True,True,0.0,0.0,0.0,0.0,0.0,0.9999999999999999,0,0
/home/test/bupt_hjk/sdp_dataset/elderAL/action5_drink_new/user2_position8_activity5/20250813=163822_mimo5s_part0.csv,11,16896,28,True,True,0.0,0.0,0.0,0.0,0.0,1.0,0,0
/home/test/bupt_hjk/sdp_dataset/elderAL/action5_drink_new/user2_position8_activity5/20250813=163828_mimo5s_part0.csv,34,52224,28,False,False,2994.007549023614,785.2114809901337,0.9054283096614745,898.895080032112,0.9058286076268154,0.418336557395389,0,0
/home/test/bupt_hjk/sdp_dataset/elderAL/action5_drink_new/user2_position8_activity5/20250813=163834_mimo5s_part0.csv,11,16896,28,True,True,0.0,0.0,0.0,0.0,0.0,0.9999999999999998,0,0
/home/test/bupt_hjk/sdp_dataset/elderAL/action5_drink_new/user2_position8_activity5/20250813=163840_mimo5s_part0.csv,15,23040,28,True,True,0.0,0.0,0.0,0.0,0.0,1.0,0,0
/home/test/bupt_hjk/sdp_dataset/elderAL/action5_drink_new/user2_position8_activity5/20250813=163846_mimo5s_part0.csv,60,92160,28,False,False,2914.4681045554707,979.4069878391563,1.093217305010773,1118.0556345634789,1.1028161388998168,-0.2802014493057626,0,0
/home/test/bupt_hjk/sdp_dataset/elderAL/action5_drink_new/user2_position8_activity5/20250813=163853_mimo5s_part0.csv,39,59904,28,False,False,3204.420765385196,956.9560065809642,1.0952036502717237,1070.6975303802685,1.0686004578018475,0.23861566504818088,0,0
/home/test/bupt_hjk/sdp_dataset/elderAL/action5_drink_new/user2_position8_activity5/20250813=163859_mimo5s_part0.csv,22,33792,28,True,True,0.0,0.0,0.0,0.0,0.0,1.0,0,0
/home/test/bupt_hjk/sdp_dataset/elderAL/action5_drink_new/user2_position8_activity5/20250813=163905_mimo5s_part0.csv,15,23040,28,True,True,0.0,0.0,0.0,0.0,0.0,1.0,0,0
/home/test/bupt_hjk/sdp_dataset/elderAL/action5_drink_new/user2_position8_activity5/20250813=163912_mimo5s_part0.csv,11,16896,28,True,True,0.0,0.0,0.0,0.0,0.0,1.0,0,0
/home/test/bupt_hjk/sdp_dataset/elderAL/action5_drink_new/user2_position8_activity5/20250813=163918_mimo5s_part0.csv,12,18432,28,True,True,0.0,0.0,0.0,0.0,0.0,1.0,0,0
/home/test/bupt_hjk/sdp_dataset/elderAL/action5_drink_new/user2_position8_activity5/20250813=163924_mimo5s_part0.csv,17,26112,28,True,True,0.0,0.0,0.0,0.0,0.0,1.0,0,0
/home/test/bupt_hjk/sdp_dataset/elderAL/action5_drink_new/user2_position8_activity5/20250813=163930_mimo5s_part0.csv,7,10752,28,True,True,0.0,0.0,0.0,0.0,0.0,0.9999999999999999,0,0
/home/test/bupt_hjk/sdp_dataset/elderAL/action5_drink_new/user2_position8_activity5/20250813=163937_mimo5s_part0.csv,14,21504,28,True,True,0.0,0.0,0.0,0.0,0.0,1.0,0,0
/home/test/bupt_hjk/sdp_dataset/elderAL/action5_drink_new/user2_position8_activity5/20250813=163942_mimo5s_part0.csv,17,26112,28,True,True,0.0,0.0,0.0,0.0,0.0,1.0,0,0
/home/test/bupt_hjk/sdp_dataset/elderAL/action5_drink_new/user2_position9_activity5/20250813=164052_mimo5s_part0.csv,17,26112,28,True,True,0.0,0.0,0.0,0.0,0.0,1.0,0,0
/home/test/bupt_hjk/sdp_dataset/elderAL/action5_drink_new/user2_position9_activity5/20250813=164058_mimo5s_part0.csv,4,6144,28,True,True,0.0,0.0,0.0,0.0,0.0,1.0,0,0
/home/test/bupt_hjk/sdp_dataset/elderAL/action5_drink_new/user2_position9_activity5/20250813=164104_mimo5s_part0.csv,11,16896,28,True,True,0.0,0.0,0.0,0.0,0.0,1.0,0,0
/home/test/bupt_hjk/sdp_dataset/elderAL/action5_drink_new/user2_position9_activity5/20250813=164111_mimo5s_part0.csv,7,10752,28,True,True,0.0,0.0,0.0,0.0,0.0,1.0,0,0
/home/test/bupt_hjk/sdp_dataset/elderAL/action5_drink_new/user2_position9_activity5/20250813=164117_mimo5s_part0.csv,12,18432,28,True,True,0.0,0.0,0.0,0.0,0.0,1.0,0,0
/home/test/bupt_hjk/sdp_dataset/elderAL/action5_drink_new/user2_position9_activity5/20250813=164124_mimo5s_part0.csv,11,16896,28,True,True,0.0,0.0,0.0,0.0,0.0,1.0,0,0
/home/test/bupt_hjk/sdp_dataset/elderAL/action5_drink_new/user2_position9_activity5/20250813=164129_mimo5s_part0.csv,17,26112,28,True,True,0.0,0.0,0.0,0.0,0.0,1.0,0,0
/home/test/bupt_hjk/sdp_dataset/elderAL/action5_drink_new/user2_position9_activity5/20250813=164135_mimo5s_part0.csv,7,10752,28,True,True,0.0,0.0,0.0,0.0,0.0,1.0,0,0
/home/test/bupt_hjk/sdp_dataset/elderAL/action5_drink_new/user2_position9_activity5/20250813=164141_mimo5s_part0.csv,11,16896,28,True,True,0.0,0.0,0.0,0.0,0.0,0.9999999999999998,0,0
/home/test/bupt_hjk/sdp_dataset/elderAL/action5_drink_new/user2_position9_activity5/20250813=164147_mimo5s_part0.csv,24,36864,28,True,True,0.0,0.0,0.0,0.0,0.0,0.9999999999999999,0,0
/home/test/bupt_hjk/sdp_dataset/elderAL/action5_drink_new/user2_position9_activity5/20250813=164153_mimo5s_part0.csv,17,26112,28,True,True,0.0,0.0,0.0,0.0,0.0,1.0,0,0
/home/test/bupt_hjk/sdp_dataset/elderAL/action5_drink_new/user2_position9_activity5/20250813=164159_mimo5s_part0.csv,21,32256,28,True,True,0.0,0.0,0.0,0.0,0.0,1.0,0,0
/home/test/bupt_hjk/sdp_dataset/elderAL/action5_drink_new/user2_position9_activity5/20250813=164205_mimo5s_part0.csv,11,16896,28,True,True,0.0,0.0,0.0,0.0,0.0,1.0,0,0
/home/test/bupt_hjk/sdp_dataset/elderAL/action5_drink_new/user2_position9_activity5/20250813=164211_mimo5s_part0.csv,15,23040,28,True,True,0.0,0.0,0.0,0.0,0.0,0.9999999999999998,0,0
/home/test/bupt_hjk/sdp_dataset/elderAL/action5_drink_new/user2_position9_activity5/20250813=164217_mimo5s_part0.csv,8,12288,28,True,True,0.0,0.0,0.0,0.0,0.0,1.0,0,0
/home/test/bupt_hjk/sdp_dataset/elderAL/action6_sit_TV_new/user0_position1_activity6/20250813=165924_mimo5s_part0.csv,11,16896,28,True,True,0.0,0.0,0.0,0.0,0.0,1.0,0,0
/home/test/bupt_hjk/sdp_dataset/elderAL/action6_sit_TV_new/user0_position1_activity6/20250813=165935_mimo5s_part0.csv,15,23040,28,True,True,0.0,0.0,0.0,0.0,0.0,1.0,0,0
/home/test/bupt_hjk/sdp_dataset/elderAL/action6_sit_TV_new/user0_position1_activity6/20250813=165948_mimo5s_part0.csv,25,38400,28,True,True,0.0,0.0,0.0,0.0,0.0,1.0,0,0
/home/test/bupt_hjk/sdp_dataset/elderAL/action6_sit_TV_new/user0_position1_activity6/20250813=165955_mimo5s_part0.csv,18,27648,28,True,True,0.0,0.0,0.0,0.0,0.0,0.9999999999999998,0,0
/home/test/bupt_hjk/sdp_dataset/elderAL/action6_sit_TV_new/user0_position1_activity6/20250813=170003_mimo5s_part0.csv,7,10752,28,True,True,0.0,0.0,0.0,0.0,0.0,0.9999999999999999,0,0
/home/test/bupt_hjk/sdp_dataset/elderAL/action6_sit_TV_new/user0_position1_activity6/20250813=170011_mimo5s_part0.csv,7,10752,28,True,True,0.0,0.0,0.0,0.0,0.0,0.9999999999999999,0,0
/home/test/bupt_hjk/sdp_dataset/elderAL/action6_sit_TV_new/user0_position1_activity6/20250813=170018_mimo5s_part0.csv,7,10752,28,True,True,0.0,0.0,0.0,0.0,0.0,1.0,0,0
/home/test/bupt_hjk/sdp_dataset/elderAL/action6_sit_TV_new/user0_position1_activity6/20250813=170026_mimo5s_part0.csv,7,10752,28,True,True,0.0,0.0,0.0,0.0,0.0,1.0,0,0
/home/test/bupt_hjk/sdp_dataset/elderAL/action6_sit_TV_new/user0_position1_activity6/20250813=170033_mimo5s_part0.csv,7,10752,28,True,True,0.0,0.0,0.0,0.0,0.0,1.0,0,0
/home/test/bupt_hjk/sdp_dataset/elderAL/action6_sit_TV_new/user0_position1_activity6/20250813=170040_mimo5s_part0.csv,11,16896,28,True,True,0.0,0.0,0.0,0.0,0.0,0.9999999999999998,0,0
/home/test/bupt_hjk/sdp_dataset/elderAL/action6_sit_TV_new/user0_position1_activity6/20250813=170048_mimo5s_part0.csv,11,16896,28,True,True,0.0,0.0,0.0,0.0,0.0,1.0,0,0
/home/test/bupt_hjk/sdp_dataset/elderAL/action6_sit_TV_new/user0_position1_activity6/20250813=170056_mimo5s_part0.csv,11,16896,28,True,True,0.0,0.0,0.0,0.0,0.0,1.0,0,0
/home/test/bupt_hjk/sdp_dataset/elderAL/action6_sit_TV_new/user0_position1_activity6/20250813=170105_mimo5s_part0.csv,14,21504,28,True,True,0.0,0.0,0.0,0.0,0.0,1.0,0,0
/home/test/bupt_hjk/sdp_dataset/elderAL/action6_sit_TV_new/user0_position1_activity6/20250813=170112_mimo5s_part0.csv,10,15360,28,True,True,0.0,0.0,0.0,0.0,0.0,0.9999999999999999,0,0
/home/test/bupt_hjk/sdp_dataset/elderAL/action6_sit_TV_new/user0_position1_activity6/20250813=170120_mimo5s_part0.csv,7,10752,28,True,True,0.0,0.0,0.0,0.0,0.0,1.0,0,0
/home/test/bupt_hjk/sdp_dataset/elderAL/action6_sit_TV_new/user0_position2_activity6/20250813=171301_mimo5s_part0.csv,10,15360,28,True,True,0.0,0.0,0.0,0.0,0.0,0.9999999999999999,0,0
/home/test/bupt_hjk/sdp_dataset/elderAL/action6_sit_TV_new/user0_position2_activity6/20250813=171309_mimo5s_part0.csv,7,10752,28,True,True,0.0,0.0,0.0,0.0,0.0,1.0,0,0
/home/test/bupt_hjk/sdp_dataset/elderAL/action6_sit_TV_new/user0_position2_activity6/20250813=171318_mimo5s_part0.csv,12,18432,28,True,True,0.0,0.0,0.0,0.0,0.0,0.9999999999999998,0,0
/home/test/bupt_hjk/sdp_dataset/elderAL/action6_sit_TV_new/user0_position2_activity6/20250813=171325_mimo5s_part0.csv,8,12288,28,True,True,0.0,0.0,0.0,0.0,0.0,1.0,0,0
/home/test/bupt_hjk/sdp_dataset/elderAL/action6_sit_TV_new/user0_position2_activity6/20250813=171333_mimo5s_part0.csv,22,33792,28,True,True,0.0,0.0,0.0,0.0,0.0,0.9999999999999998,0,0
/home/test/bupt_hjk/sdp_dataset/elderAL/action6_sit_TV_new/user0_position2_activity6/20250813=171341_mimo5s_part0.csv,14,21504,28,True,True,0.0,0.0,0.0,0.0,0.0,1.0,0,0
/home/test/bupt_hjk/sdp_dataset/elderAL/action6_sit_TV_new/user0_position2_activity6/20250813=171349_mimo5s_part0.csv,54,82944,28,False,False,2787.043901231014,716.1535659390901,0.8124875652660964,827.1247857441685,0.8107913210910878,0.4959229195264141,0,0
/home/test/bupt_hjk/sdp_dataset/elderAL/action6_sit_TV_new/user0_position2_activity6/20250813=171356_mimo5s_part0.csv,22,33792,28,True,True,0.0,0.0,0.0,0.0,0.0,1.0,0,0
/home/test/bupt_hjk/sdp_dataset/elderAL/action6_sit_TV_new/user0_position2_activity6/20250813=171404_mimo5s_part0.csv,15,23040,28,True,True,0.0,0.0,0.0,0.0,0.0,0.9999999999999999,0,0
/home/test/bupt_hjk/sdp_dataset/elderAL/action6_sit_TV_new/user0_position2_activity6/20250813=171412_mimo5s_part0.csv,8,12288,28,True,True,0.0,0.0,0.0,0.0,0.0,1.0,0,0
/home/test/bupt_hjk/sdp_dataset/elderAL/action6_sit_TV_new/user0_position2_activity6/20250813=171419_mimo5s_part0.csv,7,10752,28,True,True,0.0,0.0,0.0,0.0,0.0,1.0,0,0
/home/test/bupt_hjk/sdp_dataset/elderAL/action6_sit_TV_new/user0_position2_activity6/20250813=171426_mimo5s_part0.csv,10,15360,28,True,True,0.0,0.0,0.0,0.0,0.0,1.0,0,0
/home/test/bupt_hjk/sdp_dataset/elderAL/action6_sit_TV_new/user0_position2_activity6/20250813=171433_mimo5s_part0.csv,11,16896,28,True,True,0.0,0.0,0.0,0.0,0.0,1.0,0,0
/home/test/bupt_hjk/sdp_dataset/elderAL/action6_sit_TV_new/user0_position2_activity6/20250813=171440_mimo5s_part0.csv,7,10752,28,True,True,0.0,0.0,0.0,0.0,0.0,1.0,0,0
/home/test/bupt_hjk/sdp_dataset/elderAL/action6_sit_TV_new/user0_position2_activity6/20250813=171447_mimo5s_part0.csv,32,49152,28,False,False,3531.8134477356743,1068.1190153976158,1.2345444273816408,1233.4135245354753,1.2580838212852716,-0.4372107421040642,0,0
/home/test/bupt_hjk/sdp_dataset/elderAL/action6_sit_TV_new/user0_position3_activity6/20250813=171559_mimo5s_part0.csv,8,12288,28,True,True,0.0,0.0,0.0,0.0,0.0,0.9999999999999998,0,0
/home/test/bupt_hjk/sdp_dataset/elderAL/action6_sit_TV_new/user0_position3_activity6/20250813=171606_mimo5s_part0.csv,15,23040,28,True,True,0.0,0.0,0.0,0.0,0.0,1.0,0,0
/home/test/bupt_hjk/sdp_dataset/elderAL/action6_sit_TV_new/user0_position3_activity6/20250813=171613_mimo5s_part0.csv,11,16896,28,True,True,0.0,0.0,0.0,0.0,0.0,1.0,0,0
/home/test/bupt_hjk/sdp_dataset/elderAL/action6_sit_TV_new/user0_position3_activity6/20250813=171620_mimo5s_part0.csv,7,10752,28,True,True,0.0,0.0,0.0,0.0,0.0,0.9999999999999998,0,0
/home/test/bupt_hjk/sdp_dataset/elderAL/action6_sit_TV_new/user0_position3_activity6/20250813=171627_mimo5s_part0.csv,10,15360,28,True,True,0.0,0.0,0.0,0.0,0.0,0.9999999999999998,0,0
/home/test/bupt_hjk/sdp_dataset/elderAL/action6_sit_TV_new/user0_position3_activity6/20250813=171635_mimo5s_part0.csv,15,23040,28,True,True,0.0,0.0,0.0,0.0,0.0,1.0,0,0
/home/test/bupt_hjk/sdp_dataset/elderAL/action6_sit_TV_new/user0_position3_activity6/20250813=171643_mimo5s_part0.csv,32,49152,28,False,False,3994.6502661378436,832.8827425069231,0.9060244540642273,948.7278141320896,0.9009196845560627,0.3539094065924182,0,0
/home/test/bupt_hjk/sdp_dataset/elderAL/action6_sit_TV_new/user0_position3_activity6/20250813=171650_mimo5s_part0.csv,15,23040,28,True,True,0.0,0.0,0.0,0.0,0.0,1.0,0,0
/home/test/bupt_hjk/sdp_dataset/elderAL/action6_sit_TV_new/user0_position3_activity6/20250813=171657_mimo5s_part0.csv,11,16896,28,True,True,0.0,0.0,0.0,0.0,0.0,1.0,0,0
/home/test/bupt_hjk/sdp_dataset/elderAL/action6_sit_TV_new/user0_position3_activity6/20250813=171704_mimo5s_part0.csv,28,43008,28,False,False,3363.213518537205,944.5621870647315,1.0375372009315202,1100.9873150690062,1.052690263479811,-0.09029206704173816,0,0
/home/test/bupt_hjk/sdp_dataset/elderAL/action6_sit_TV_new/user0_position3_activity6/20250813=171711_mimo5s_part0.csv,14,21504,28,True,True,0.0,0.0,0.0,0.0,0.0,1.0,0,0
/home/test/bupt_hjk/sdp_dataset/elderAL/action6_sit_TV_new/user0_position3_activity6/20250813=171718_mimo5s_part0.csv,11,16896,28,True,True,0.0,0.0,0.0,0.0,0.0,1.0,0,0
/home/test/bupt_hjk/sdp_dataset/elderAL/action6_sit_TV_new/user0_position3_activity6/20250813=171728_mimo5s_part0.csv,11,16896,28,True,True,0.0,0.0,0.0,0.0,0.0,1.0,0,0
/home/test/bupt_hjk/sdp_dataset/elderAL/action6_sit_TV_new/user0_position3_activity6/20250813=171735_mimo5s_part0.csv,7,10752,28,True,True,0.0,0.0,0.0,0.0,0.0,1.0,0,0
/home/test/bupt_hjk/sdp_dataset/elderAL/action6_sit_TV_new/user0_position3_activity6/20250813=171742_mimo5s_part0.csv,7,10752,28,True,True,0.0,0.0,0.0,0.0,0.0,1.0,0,0
/home/test/bupt_hjk/sdp_dataset/elderAL/action6_sit_TV_new/user0_position4_activity6/20250813=173349_mimo5s_part0.csv,55,84480,28,False,False,2787.787806162092,715.3438155991806,0.7848286387373662,845.3332876785906,0.8264604219489216,0.2894142982406551,0,0
/home/test/bupt_hjk/sdp_dataset/elderAL/action6_sit_TV_new/user0_position4_activity6/20250813=173356_mimo5s_part0.csv,17,26112,28,True,True,0.0,0.0,0.0,0.0,0.0,0.9999999999999999,0,0
/home/test/bupt_hjk/sdp_dataset/elderAL/action6_sit_TV_new/user0_position4_activity6/20250813=173404_mimo5s_part0.csv,7,10752,28,True,True,0.0,0.0,0.0,0.0,0.0,1.0,0,0
/home/test/bupt_hjk/sdp_dataset/elderAL/action6_sit_TV_new/user0_position4_activity6/20250813=173413_mimo5s_part0.csv,12,18432,28,True,True,0.0,0.0,0.0,0.0,0.0,1.0,0,0
/home/test/bupt_hjk/sdp_dataset/elderAL/action6_sit_TV_new/user0_position4_activity6/20250813=173420_mimo5s_part0.csv,12,18432,28,True,True,0.0,0.0,0.0,0.0,0.0,1.0,0,0
/home/test/bupt_hjk/sdp_dataset/elderAL/action6_sit_TV_new/user0_position4_activity6/20250813=173428_mimo5s_part0.csv,51,78336,28,False,False,3123.253968573848,671.7172681517468,0.783497982467344,815.8552023265281,0.8276666155061378,0.4492255393260961,0,0
/home/test/bupt_hjk/sdp_dataset/elderAL/action6_sit_TV_new/user0_position4_activity6/20250813=173436_mimo5s_part0.csv,11,16896,28,True,True,0.0,0.0,0.0,0.0,0.0,1.0,0,0
/home/test/bupt_hjk/sdp_dataset/elderAL/action6_sit_TV_new/user0_position4_activity6/20250813=173444_mimo5s_part0.csv,32,49152,28,False,False,2941.2626772107697,784.1036731579302,0.9022930847148677,948.9178400776325,0.9515473484832339,-0.015007848134282655,0,0
/home/test/bupt_hjk/sdp_dataset/elderAL/action6_sit_TV_new/user0_position4_activity6/20250813=173451_mimo5s_part0.csv,18,27648,28,True,True,0.0,0.0,0.0,0.0,0.0,1.0,0,0
/home/test/bupt_hjk/sdp_dataset/elderAL/action6_sit_TV_new/user0_position4_activity6/20250813=173458_mimo5s_part0.csv,10,15360,28,True,True,0.0,0.0,0.0,0.0,0.0,0.9999999999999999,0,0
/home/test/bupt_hjk/sdp_dataset/elderAL/action6_sit_TV_new/user0_position4_activity6/20250813=173506_mimo5s_part0.csv,11,16896,28,True,True,0.0,0.0,0.0,0.0,0.0,1.0,0,0
/home/test/bupt_hjk/sdp_dataset/elderAL/action6_sit_TV_new/user0_position4_activity6/20250813=173514_mimo5s_part0.csv,7,10752,28,True,True,0.0,0.0,0.0,0.0,0.0,1.0,0,0
/home/test/bupt_hjk/sdp_dataset/elderAL/action6_sit_TV_new/user0_position4_activity6/20250813=173521_mimo5s_part0.csv,4,6144,28,True,True,0.0,0.0,0.0,0.0,0.0,0.9999999999999999,0,0
/home/test/bupt_hjk/sdp_dataset/elderAL/action6_sit_TV_new/user0_position4_activity6/20250813=173529_mimo5s_part0.csv,7,10752,28,True,True,0.0,0.0,0.0,0.0,0.0,1.0,0,0
/home/test/bupt_hjk/sdp_dataset/elderAL/action6_sit_TV_new/user0_position4_activity6/20250813=173537_mimo5s_part0.csv,10,15360,28,True,True,0.0,0.0,0.0,0.0,0.0,0.9999999999999999,0,0
/home/test/bupt_hjk/sdp_dataset/elderAL/action6_sit_TV_new/user0_position5_activity6/20250813=173613_mimo5s_part0.csv,8,12288,28,True,True,0.0,0.0,0.0,0.0,0.0,1.0,0,0
/home/test/bupt_hjk/sdp_dataset/elderAL/action6_sit_TV_new/user0_position5_activity6/20250813=173620_mimo5s_part0.csv,8,12288,28,True,True,0.0,0.0,0.0,0.0,0.0,1.0,0,0
/home/test/bupt_hjk/sdp_dataset/elderAL/action6_sit_TV_new/user0_position5_activity6/20250813=173628_mimo5s_part0.csv,11,16896,28,True,True,0.0,0.0,0.0,0.0,0.0,1.0,0,0
/home/test/bupt_hjk/sdp_dataset/elderAL/action6_sit_TV_new/user0_position5_activity6/20250813=173636_mimo5s_part0.csv,7,10752,28,True,True,0.0,0.0,0.0,0.0,0.0,1.0,0,0
/home/test/bupt_hjk/sdp_dataset/elderAL/action6_sit_TV_new/user0_position5_activity6/20250813=173643_mimo5s_part0.csv,28,43008,28,False,False,2842.012531426296,1079.386223892291,1.218051971361616,1188.466368731118,1.2196841239116765,-0.272814949887568,0,0
/home/test/bupt_hjk/sdp_dataset/elderAL/action6_sit_TV_new/user0_position5_activity6/20250813=173651_mimo5s_part0.csv,23,35328,28,True,True,0.0,0.0,0.0,0.0,0.0,1.0,0,0
/home/test/bupt_hjk/sdp_dataset/elderAL/action6_sit_TV_new/user0_position5_activity6/20250813=173659_mimo5s_part0.csv,4,6144,28,True,True,0.0,0.0,0.0,0.0,0.0,1.0,0,0
/home/test/bupt_hjk/sdp_dataset/elderAL/action6_sit_TV_new/user0_position5_activity6/20250813=173707_mimo5s_part0.csv,17,26112,28,True,True,0.0,0.0,0.0,0.0,0.0,1.0,0,0
/home/test/bupt_hjk/sdp_dataset/elderAL/action6_sit_TV_new/user0_position5_activity6/20250813=173714_mimo5s_part0.csv,8,12288,28,True,True,0.0,0.0,0.0,0.0,0.0,0.9999999999999999,0,0
/home/test/bupt_hjk/sdp_dataset/elderAL/action6_sit_TV_new/user0_position5_activity6/20250813=173721_mimo5s_part0.csv,10,15360,28,True,True,0.0,0.0,0.0,0.0,0.0,1.0,0,0
/home/test/bupt_hjk/sdp_dataset/elderAL/action6_sit_TV_new/user0_position5_activity6/20250813=173728_mimo5s_part0.csv,11,16896,28,True,True,0.0,0.0,0.0,0.0,0.0,1.0,0,0
/home/test/bupt_hjk/sdp_dataset/elderAL/action6_sit_TV_new/user0_position5_activity6/20250813=173735_mimo5s_part0.csv,11,16896,28,True,True,0.0,0.0,0.0,0.0,0.0,1.0,0,0
/home/test/bupt_hjk/sdp_dataset/elderAL/action6_sit_TV_new/user0_position5_activity6/20250813=173743_mimo5s_part0.csv,28,43008,28,False,False,2272.1067400481456,406.57993909188866,0.4999320530045862,526.7894457299321,0.5810208261470035,0.4757211214917273,0,0
/home/test/bupt_hjk/sdp_dataset/elderAL/action6_sit_TV_new/user0_position5_activity6/20250813=173751_mimo5s_part0.csv,57,87552,28,False,False,2244.485583189345,462.79432347053563,0.5513883334995445,580.9166407159983,0.6356856244168029,0.5058351339211017,0,0
/home/test/bupt_hjk/sdp_dataset/elderAL/action6_sit_TV_new/user0_position5_activity6/20250813=173759_mimo5s_part0.csv,12,18432,28,True,True,0.0,0.0,0.0,0.0,0.0,1.0,0,0
/home/test/bupt_hjk/sdp_dataset/elderAL/action6_sit_TV_new/user0_position6_activity6/20250813=174557_mimo5s_part0.csv,8,12288,28,True,True,0.0,0.0,0.0,0.0,0.0,0.9999999999999999,0,0
/home/test/bupt_hjk/sdp_dataset/elderAL/action6_sit_TV_new/user0_position6_activity6/20250813=174605_mimo5s_part0.csv,8,12288,28,True,True,0.0,0.0,0.0,0.0,0.0,1.0,0,0
/home/test/bupt_hjk/sdp_dataset/elderAL/action6_sit_TV_new/user0_position6_activity6/20250813=174612_mimo5s_part0.csv,11,16896,28,True,True,0.0,0.0,0.0,0.0,0.0,1.0,0,0
/home/test/bupt_hjk/sdp_dataset/elderAL/action6_sit_TV_new/user0_position6_activity6/20250813=174620_mimo5s_part0.csv,7,10752,28,True,True,0.0,0.0,0.0,0.0,0.0,1.0,0,0
/home/test/bupt_hjk/sdp_dataset/elderAL/action6_sit_TV_new/user0_position6_activity6/20250813=174628_mimo5s_part0.csv,11,16896,28,True,True,0.0,0.0,0.0,0.0,0.0,1.0,0,0
/home/test/bupt_hjk/sdp_dataset/elderAL/action6_sit_TV_new/user0_position6_activity6/20250813=174635_mimo5s_part0.csv,7,10752,28,True,True,0.0,0.0,0.0,0.0,0.0,0.9999999999999999,0,0
/home/test/bupt_hjk/sdp_dataset/elderAL/action6_sit_TV_new/user0_position6_activity6/20250813=174643_mimo5s_part0.csv,37,56832,28,False,False,2683.381318904038,993.9041895048049,1.1252754237069775,1098.0231568805993,1.1446959858385422,-0.3478480227217254,0,0
/home/test/bupt_hjk/sdp_dataset/elderAL/action6_sit_TV_new/user0_position6_activity6/20250813=174651_mimo5s_part0.csv,20,30720,28,True,True,0.0,0.0,0.0,0.0,0.0,1.0,0,0
/home/test/bupt_hjk/sdp_dataset/elderAL/action6_sit_TV_new/user0_position6_activity6/20250813=174658_mimo5s_part0.csv,14,21504,28,True,True,0.0,0.0,0.0,0.0,0.0,1.0,0,0
/home/test/bupt_hjk/sdp_dataset/elderAL/action6_sit_TV_new/user0_position6_activity6/20250813=174706_mimo5s_part0.csv,39,59904,28,False,False,2469.560046592457,935.5224727740236,1.0479362533370549,1010.3287930734919,1.0388843072750715,0.24578409000662862,0,0
/home/test/bupt_hjk/sdp_dataset/elderAL/action6_sit_TV_new/user0_position6_activity6/20250813=174714_mimo5s_part0.csv,11,16896,28,True,True,0.0,0.0,0.0,0.0,0.0,1.0,0,0
/home/test/bupt_hjk/sdp_dataset/elderAL/action6_sit_TV_new/user0_position6_activity6/20250813=174721_mimo5s_part0.csv,12,18432,28,True,True,0.0,0.0,0.0,0.0,0.0,0.9999999999999999,0,0
/home/test/bupt_hjk/sdp_dataset/elderAL/action6_sit_TV_new/user0_position6_activity6/20250813=174728_mimo5s_part0.csv,11,16896,28,True,True,0.0,0.0,0.0,0.0,0.0,1.0,0,0
/home/test/bupt_hjk/sdp_dataset/elderAL/action6_sit_TV_new/user0_position6_activity6/20250813=174736_mimo5s_part0.csv,11,16896,28,True,True,0.0,0.0,0.0,0.0,0.0,1.0,0,0
/home/test/bupt_hjk/sdp_dataset/elderAL/action6_sit_TV_new/user0_position6_activity6/20250813=174743_mimo5s_part0.csv,28,43008,28,False,False,2437.2869888940654,914.9441164408917,1.0443733326891191,987.8243530630813,1.0247645103003935,0.35553439140299087,0,0
/home/test/bupt_hjk/sdp_dataset/elderAL/action6_sit_TV_new/user0_position7_activity6/20250813=175546_mimo5s_part0.csv,25,38400,28,True,True,0.0,0.0,0.0,0.0,0.0,1.0,0,0
/home/test/bupt_hjk/sdp_dataset/elderAL/action6_sit_TV_new/user0_position7_activity6/20250813=175553_mimo5s_part0.csv,11,16896,28,True,True,0.0,0.0,0.0,0.0,0.0,1.0,0,0
/home/test/bupt_hjk/sdp_dataset/elderAL/action6_sit_TV_new/user0_position7_activity6/20250813=175651_mimo5s_part0.csv,17,26112,28,True,True,0.0,0.0,0.0,0.0,0.0,1.0,0,0
/home/test/bupt_hjk/sdp_dataset/elderAL/action6_sit_TV_new/user0_position7_activity6/20250813=175658_mimo5s_part0.csv,8,12288,28,True,True,0.0,0.0,0.0,0.0,0.0,1.0,0,0
/home/test/bupt_hjk/sdp_dataset/elderAL/action6_sit_TV_new/user0_position7_activity6/20250813=175706_mimo5s_part0.csv,25,38400,28,True,True,0.0,0.0,0.0,0.0,0.0,0.9999999999999999,0,0
/home/test/bupt_hjk/sdp_dataset/elderAL/action6_sit_TV_new/user0_position7_activity6/20250813=175714_mimo5s_part0.csv,7,10752,28,True,True,0.0,0.0,0.0,0.0,0.0,0.9999999999999999,0,0
/home/test/bupt_hjk/sdp_dataset/elderAL/action6_sit_TV_new/user0_position7_activity6/20250813=175722_mimo5s_part0.csv,8,12288,28,True,True,0.0,0.0,0.0,0.0,0.0,1.0,0,0
/home/test/bupt_hjk/sdp_dataset/elderAL/action6_sit_TV_new/user0_position7_activity6/20250813=175730_mimo5s_part0.csv,8,12288,28,True,True,0.0,0.0,0.0,0.0,0.0,1.0,0,0
/home/test/bupt_hjk/sdp_dataset/elderAL/action6_sit_TV_new/user0_position7_activity6/20250813=175738_mimo5s_part0.csv,7,10752,28,True,True,0.0,0.0,0.0,0.0,0.0,1.0,0,0
/home/test/bupt_hjk/sdp_dataset/elderAL/action6_sit_TV_new/user0_position7_activity6/20250813=175746_mimo5s_part0.csv,23,35328,28,True,True,0.0,0.0,0.0,0.0,0.0,0.9999999999999999,0,0
/home/test/bupt_hjk/sdp_dataset/elderAL/action6_sit_TV_new/user0_position7_activity6/20250813=175754_mimo5s_part0.csv,37,56832,28,False,False,2654.0639545352715,953.2592980534392,1.0607224630250576,1079.513301120323,1.0600304681163448,-0.001580622060409858,0,0
/home/test/bupt_hjk/sdp_dataset/elderAL/action6_sit_TV_new/user0_position7_activity6/20250813=175801_mimo5s_part0.csv,4,6144,28,True,True,0.0,0.0,0.0,0.0,0.0,0.9999999999999999,0,0
/home/test/bupt_hjk/sdp_dataset/elderAL/action6_sit_TV_new/user0_position7_activity6/20250813=175809_mimo5s_part0.csv,4,6144,28,True,True,0.0,0.0,0.0,0.0,0.0,1.0,0,0
/home/test/bupt_hjk/sdp_dataset/elderAL/action6_sit_TV_new/user0_position7_activity6/20250813=175816_mimo5s_part0.csv,8,12288,28,True,True,0.0,0.0,0.0,0.0,0.0,1.0,0,0
/home/test/bupt_hjk/sdp_dataset/elderAL/action6_sit_TV_new/user0_position7_activity6/20250813=175822_mimo5s_part0.csv,11,16896,28,True,True,0.0,0.0,0.0,0.0,0.0,1.0,0,0
/home/test/bupt_hjk/sdp_dataset/elderAL/action6_sit_TV_new/user0_position8_activity6/20250813=175913_mimo5s_part0.csv,11,16896,28,True,True,0.0,0.0,0.0,0.0,0.0,0.9999999999999999,0,0
/home/test/bupt_hjk/sdp_dataset/elderAL/action6_sit_TV_new/user0_position8_activity6/20250813=175921_mimo5s_part0.csv,7,10752,28,True,True,0.0,0.0,0.0,0.0,0.0,1.0,0,0
/home/test/bupt_hjk/sdp_dataset/elderAL/action6_sit_TV_new/user0_position8_activity6/20250813=175928_mimo5s_part0.csv,21,32256,28,True,True,0.0,0.0,0.0,0.0,0.0,1.0,0,0
/home/test/bupt_hjk/sdp_dataset/elderAL/action6_sit_TV_new/user0_position8_activity6/20250813=175936_mimo5s_part0.csv,7,10752,28,True,True,0.0,0.0,0.0,0.0,0.0,0.9999999999999998,0,0
/home/test/bupt_hjk/sdp_dataset/elderAL/action6_sit_TV_new/user0_position8_activity6/20250813=175944_mimo5s_part0.csv,24,36864,28,True,True,0.0,0.0,0.0,0.0,0.0,1.0,0,0
/home/test/bupt_hjk/sdp_dataset/elderAL/action6_sit_TV_new/user0_position8_activity6/20250813=175951_mimo5s_part0.csv,19,29184,28,True,True,0.0,0.0,0.0,0.0,0.0,0.9999999999999999,0,0
/home/test/bupt_hjk/sdp_dataset/elderAL/action6_sit_TV_new/user0_position8_activity6/20250813=175958_mimo5s_part0.csv,8,12288,28,True,True,0.0,0.0,0.0,0.0,0.0,1.0,0,0
/home/test/bupt_hjk/sdp_dataset/elderAL/action6_sit_TV_new/user0_position8_activity6/20250813=180006_mimo5s_part0.csv,21,32256,28,True,True,0.0,0.0,0.0,0.0,0.0,0.9999999999999999,0,0
/home/test/bupt_hjk/sdp_dataset/elderAL/action6_sit_TV_new/user0_position8_activity6/20250813=180014_mimo5s_part0.csv,10,15360,28,True,True,0.0,0.0,0.0,0.0,0.0,0.9999999999999999,0,0
/home/test/bupt_hjk/sdp_dataset/elderAL/action6_sit_TV_new/user0_position8_activity6/20250813=180021_mimo5s_part0.csv,8,12288,28,True,True,0.0,0.0,0.0,0.0,0.0,1.0,0,0
/home/test/bupt_hjk/sdp_dataset/elderAL/action6_sit_TV_new/user0_position8_activity6/20250813=180029_mimo5s_part0.csv,11,16896,28,True,True,0.0,0.0,0.0,0.0,0.0,1.0,0,0
/home/test/bupt_hjk/sdp_dataset/elderAL/action6_sit_TV_new/user0_position8_activity6/20250813=180037_mimo5s_part0.csv,8,12288,28,True,True,0.0,0.0,0.0,0.0,0.0,1.0,0,0
/home/test/bupt_hjk/sdp_dataset/elderAL/action6_sit_TV_new/user0_position8_activity6/20250813=180045_mimo5s_part0.csv,28,43008,28,False,False,3698.3300809059424,742.8847148832746,0.7914173648472539,875.2576917717745,0.8192895564473331,0.31480270667518945,0,0
/home/test/bupt_hjk/sdp_dataset/elderAL/action6_sit_TV_new/user0_position8_activity6/20250813=180053_mimo5s_part0.csv,15,23040,28,True,True,0.0,0.0,0.0,0.0,0.0,1.0,0,0
/home/test/bupt_hjk/sdp_dataset/elderAL/action6_sit_TV_new/user0_position8_activity6/20250813=180101_mimo5s_part0.csv,12,18432,28,True,True,0.0,0.0,0.0,0.0,0.0,0.9999999999999998,0,0
/home/test/bupt_hjk/sdp_dataset/elderAL/action6_sit_TV_new/user0_position9_activity6/20250813=181137_mimo5s_part0.csv,15,23040,28,True,True,0.0,0.0,0.0,0.0,0.0,1.0,0,0
/home/test/bupt_hjk/sdp_dataset/elderAL/action6_sit_TV_new/user0_position9_activity6/20250813=181144_mimo5s_part0.csv,41,62976,28,False,False,2307.998414129477,637.134071507856,0.7165854382227788,725.5168236611656,0.7241142283499623,0.6022496421301271,0,0
/home/test/bupt_hjk/sdp_dataset/elderAL/action6_sit_TV_new/user0_position9_activity6/20250813=181152_mimo5s_part0.csv,27,41472,28,True,True,0.0,0.0,0.0,0.0,0.0,0.9999999999999999,0,0
/home/test/bupt_hjk/sdp_dataset/elderAL/action6_sit_TV_new/user0_position9_activity6/20250813=181200_mimo5s_part0.csv,20,30720,28,True,True,0.0,0.0,0.0,0.0,0.0,1.0,0,0
/home/test/bupt_hjk/sdp_dataset/elderAL/action6_sit_TV_new/user0_position9_activity6/20250813=181207_mimo5s_part0.csv,21,32256,28,True,True,0.0,0.0,0.0,0.0,0.0,1.0,0,0
/home/test/bupt_hjk/sdp_dataset/elderAL/action6_sit_TV_new/user0_position9_activity6/20250813=181215_mimo5s_part0.csv,21,32256,28,True,True,0.0,0.0,0.0,0.0,0.0,1.0,0,0
/home/test/bupt_hjk/sdp_dataset/elderAL/action6_sit_TV_new/user0_position9_activity6/20250813=181223_mimo5s_part0.csv,15,23040,28,True,True,0.0,0.0,0.0,0.0,0.0,1.0,0,0
/home/test/bupt_hjk/sdp_dataset/elderAL/action6_sit_TV_new/user0_position9_activity6/20250813=181231_mimo5s_part0.csv,18,27648,28,True,True,0.0,0.0,0.0,0.0,0.0,1.0,0,0
/home/test/bupt_hjk/sdp_dataset/elderAL/action6_sit_TV_new/user0_position9_activity6/20250813=181239_mimo5s_part0.csv,31,47616,28,False,False,2865.220362445578,582.063060033886,0.7136483288872282,721.5125038157424,0.7596625805544045,0.4876012625960308,0,0
/home/test/bupt_hjk/sdp_dataset/elderAL/action6_sit_TV_new/user0_position9_activity6/20250813=181246_mimo5s_part0.csv,38,58368,28,False,False,3255.967063137213,763.359217719473,0.9023543933344297,897.3219531224875,0.9182797213920667,0.3013826598178101,0,0
/home/test/bupt_hjk/sdp_dataset/elderAL/action6_sit_TV_new/user0_position9_activity6/20250813=181254_mimo5s_part0.csv,40,61440,28,False,False,2629.140496633889,868.0448085818763,1.000410788009385,959.7146399533952,0.9675850631084417,0.5134385340347771,0,0
/home/test/bupt_hjk/sdp_dataset/elderAL/action6_sit_TV_new/user0_position9_activity6/20250813=181302_mimo5s_part0.csv,22,33792,28,True,True,0.0,0.0,0.0,0.0,0.0,1.0,0,0
/home/test/bupt_hjk/sdp_dataset/elderAL/action6_sit_TV_new/user0_position9_activity6/20250813=181309_mimo5s_part0.csv,15,23040,28,True,True,0.0,0.0,0.0,0.0,0.0,1.0,0,0
/home/test/bupt_hjk/sdp_dataset/elderAL/action6_sit_TV_new/user0_position9_activity6/20250813=181318_mimo5s_part0.csv,11,16896,28,True,True,0.0,0.0,0.0,0.0,0.0,0.9999999999999999,0,0
/home/test/bupt_hjk/sdp_dataset/elderAL/action6_sit_TV_new/user0_position9_activity6/20250813=181326_mimo5s_part0.csv,45,69120,28,False,False,2400.1518590211554,785.8139140389889,0.8788974437150956,858.4724566546811,0.8491063845897209,0.6247627215015944,0,0
/home/test/bupt_hjk/sdp_dataset/elderAL/action6_sit_TV_new/user1_position1_activity6/20250813=165644_mimo5s_part0.csv,38,58368,28,False,False,3526.287392793023,970.662515631632,1.066277044010206,1087.2860890223292,1.0388521716887353,0.2762531673834239,0,0
/home/test/bupt_hjk/sdp_dataset/elderAL/action6_sit_TV_new/user1_position1_activity6/20250813=165652_mimo5s_part0.csv,21,32256,28,True,True,0.0,0.0,0.0,0.0,0.0,0.9999999999999998,0,0
/home/test/bupt_hjk/sdp_dataset/elderAL/action6_sit_TV_new/user1_position1_activity6/20250813=165700_mimo5s_part0.csv,8,12288,28,True,True,0.0,0.0,0.0,0.0,0.0,1.0,0,0
/home/test/bupt_hjk/sdp_dataset/elderAL/action6_sit_TV_new/user1_position1_activity6/20250813=165709_mimo5s_part0.csv,7,10752,28,True,True,0.0,0.0,0.0,0.0,0.0,1.0,0,0
/home/test/bupt_hjk/sdp_dataset/elderAL/action6_sit_TV_new/user1_position1_activity6/20250813=165717_mimo5s_part0.csv,11,16896,28,True,True,0.0,0.0,0.0,0.0,0.0,1.0,0,0
/home/test/bupt_hjk/sdp_dataset/elderAL/action6_sit_TV_new/user1_position1_activity6/20250813=165726_mimo5s_part0.csv,15,23040,28,True,True,0.0,0.0,0.0,0.0,0.0,1.0,0,0
/home/test/bupt_hjk/sdp_dataset/elderAL/action6_sit_TV_new/user1_position1_activity6/20250813=165734_mimo5s_part0.csv,11,16896,28,True,True,0.0,0.0,0.0,0.0,0.0,0.9999999999999998,0,0
/home/test/bupt_hjk/sdp_dataset/elderAL/action6_sit_TV_new/user1_position1_activity6/20250813=165742_mimo5s_part0.csv,52,79872,28,False,False,3387.1023716400614,808.2447248933021,0.8392677903452955,946.381405494569,0.872355775666875,0.2070003987744522,0,0
/home/test/bupt_hjk/sdp_dataset/elderAL/action6_sit_TV_new/user1_position1_activity6/20250813=165750_mimo5s_part0.csv,19,29184,28,True,True,0.0,0.0,0.0,0.0,0.0,1.0,0,0
/home/test/bupt_hjk/sdp_dataset/elderAL/action6_sit_TV_new/user1_position1_activity6/20250813=165759_mimo5s_part0.csv,4,6144,28,True,True,0.0,0.0,0.0,0.0,0.0,1.0,0,0
/home/test/bupt_hjk/sdp_dataset/elderAL/action6_sit_TV_new/user1_position1_activity6/20250813=165806_mimo5s_part0.csv,14,21504,28,True,True,0.0,0.0,0.0,0.0,0.0,1.0,0,0
/home/test/bupt_hjk/sdp_dataset/elderAL/action6_sit_TV_new/user1_position1_activity6/20250813=165815_mimo5s_part0.csv,26,39936,28,True,True,0.0,0.0,0.0,0.0,0.0,1.0,0,0
/home/test/bupt_hjk/sdp_dataset/elderAL/action6_sit_TV_new/user1_position1_activity6/20250813=165823_mimo5s_part0.csv,12,18432,28,True,True,0.0,0.0,0.0,0.0,0.0,1.0,0,0
/home/test/bupt_hjk/sdp_dataset/elderAL/action6_sit_TV_new/user1_position1_activity6/20250813=165831_mimo5s_part0.csv,54,82944,28,False,False,2379.3566615712725,648.6749864793184,0.6761974113064706,751.645792111295,0.6958828022195286,0.5631404955875953,0,0
/home/test/bupt_hjk/sdp_dataset/elderAL/action6_sit_TV_new/user1_position1_activity6/20250813=165839_mimo5s_part0.csv,17,26112,28,True,True,0.0,0.0,0.0,0.0,0.0,0.9999999999999999,0,0
/home/test/bupt_hjk/sdp_dataset/elderAL/action6_sit_TV_new/user1_position2_activity6/20250813=171034_mimo5s_part0.csv,15,23040,28,True,True,0.0,0.0,0.0,0.0,0.0,0.9999999999999998,0,0
/home/test/bupt_hjk/sdp_dataset/elderAL/action6_sit_TV_new/user1_position2_activity6/20250813=171041_mimo5s_part0.csv,10,15360,28,True,True,0.0,0.0,0.0,0.0,0.0,1.0,0,0
/home/test/bupt_hjk/sdp_dataset/elderAL/action6_sit_TV_new/user1_position2_activity6/20250813=171049_mimo5s_part0.csv,14,21504,28,True,True,0.0,0.0,0.0,0.0,0.0,1.0,0,0
/home/test/bupt_hjk/sdp_dataset/elderAL/action6_sit_TV_new/user1_position2_activity6/20250813=171057_mimo5s_part0.csv,12,18432,28,True,True,0.0,0.0,0.0,0.0,0.0,0.9999999999999998,0,0
/home/test/bupt_hjk/sdp_dataset/elderAL/action6_sit_TV_new/user1_position2_activity6/20250813=171104_mimo5s_part0.csv,7,10752,28,True,True,0.0,0.0,0.0,0.0,0.0,1.0,0,0
/home/test/bupt_hjk/sdp_dataset/elderAL/action6_sit_TV_new/user1_position2_activity6/20250813=171111_mimo5s_part0.csv,11,16896,28,True,True,0.0,0.0,0.0,0.0,0.0,1.0,0,0
/home/test/bupt_hjk/sdp_dataset/elderAL/action6_sit_TV_new/user1_position2_activity6/20250813=171120_mimo5s_part0.csv,3,4608,28,True,True,0.0,0.0,0.0,0.0,0.0,1.0,0,0
/home/test/bupt_hjk/sdp_dataset/elderAL/action6_sit_TV_new/user1_position2_activity6/20250813=171127_mimo5s_part0.csv,21,32256,28,True,True,0.0,0.0,0.0,0.0,0.0,1.0,0,0
/home/test/bupt_hjk/sdp_dataset/elderAL/action6_sit_TV_new/user1_position2_activity6/20250813=171134_mimo5s_part0.csv,14,21504,28,True,True,0.0,0.0,0.0,0.0,0.0,1.0,0,0
/home/test/bupt_hjk/sdp_dataset/elderAL/action6_sit_TV_new/user1_position2_activity6/20250813=171142_mimo5s_part0.csv,21,32256,28,True,True,0.0,0.0,0.0,0.0,0.0,1.0,0,0
/home/test/bupt_hjk/sdp_dataset/elderAL/action6_sit_TV_new/user1_position2_activity6/20250813=171149_mimo5s_part0.csv,18,27648,28,True,True,0.0,0.0,0.0,0.0,0.0,1.0,0,0
/home/test/bupt_hjk/sdp_dataset/elderAL/action6_sit_TV_new/user1_position2_activity6/20250813=171156_mimo5s_part0.csv,15,23040,28,True,True,0.0,0.0,0.0,0.0,0.0,1.0,0,0
/home/test/bupt_hjk/sdp_dataset/elderAL/action6_sit_TV_new/user1_position2_activity6/20250813=171203_mimo5s_part0.csv,29,44544,28,False,False,3053.934047119221,866.6964387683919,1.0320739954130624,969.5346694541797,0.9905995818434663,0.47390021336634097,0,0
/home/test/bupt_hjk/sdp_dataset/elderAL/action6_sit_TV_new/user1_position2_activity6/20250813=171210_mimo5s_part0.csv,12,18432,28,True,True,0.0,0.0,0.0,0.0,0.0,1.0,0,0
/home/test/bupt_hjk/sdp_dataset/elderAL/action6_sit_TV_new/user1_position2_activity6/20250813=171217_mimo5s_part0.csv,11,16896,28,True,True,0.0,0.0,0.0,0.0,0.0,1.0,0,0
/home/test/bupt_hjk/sdp_dataset/elderAL/action6_sit_TV_new/user1_position3_activity6/20250813=171834_mimo5s_part0.csv,37,56832,28,False,False,3037.0275632719577,737.4486848330911,0.7827578056456612,851.3951280646668,0.7968376576393638,0.4784949613086702,0,0
/home/test/bupt_hjk/sdp_dataset/elderAL/action6_sit_TV_new/user1_position3_activity6/20250813=171843_mimo5s_part0.csv,61,93696,28,False,False,3352.5683967067926,794.3017991467432,0.8452711885658049,863.5878491869664,0.8128390614395483,0.6956821219759635,0,0
/home/test/bupt_hjk/sdp_dataset/elderAL/action6_sit_TV_new/user1_position3_activity6/20250813=171850_mimo5s_part0.csv,80,122880,28,False,False,2949.1152071398496,757.6258187580876,0.8045343983629565,891.6780010869517,0.8385127958337683,0.3360479915050644,0,0
/home/test/bupt_hjk/sdp_dataset/elderAL/action6_sit_TV_new/user1_position3_activity6/20250813=171857_mimo5s_part0.csv,64,98304,28,False,False,3487.2451751633985,831.3291148353322,0.9153107587948549,931.1003501215284,0.8912638423895731,0.5383799920336283,0,0
/home/test/bupt_hjk/sdp_dataset/elderAL/action6_sit_TV_new/user1_position3_activity6/20250813=171904_mimo5s_part0.csv,116,178176,28,False,False,2249.2039160460085,649.4360142824991,0.6898779339667718,765.5520087134471,0.719954842965707,0.4745533589063023,0,0
/home/test/bupt_hjk/sdp_dataset/elderAL/action6_sit_TV_new/user1_position3_activity6/20250813=171913_mimo5s_part0.csv,21,32256,28,True,True,0.0,0.0,0.0,0.0,0.0,1.0,0,0
/home/test/bupt_hjk/sdp_dataset/elderAL/action6_sit_TV_new/user1_position3_activity6/20250813=171920_mimo5s_part0.csv,11,16896,28,True,True,0.0,0.0,0.0,0.0,0.0,1.0,0,0
/home/test/bupt_hjk/sdp_dataset/elderAL/action6_sit_TV_new/user1_position3_activity6/20250813=171928_mimo5s_part0.csv,24,36864,28,True,True,0.0,0.0,0.0,0.0,0.0,1.0,0,0
/home/test/bupt_hjk/sdp_dataset/elderAL/action6_sit_TV_new/user1_position3_activity6/20250813=171936_mimo5s_part0.csv,21,32256,28,True,True,0.0,0.0,0.0,0.0,0.0,1.0,0,0
/home/test/bupt_hjk/sdp_dataset/elderAL/action6_sit_TV_new/user1_position3_activity6/20250813=171943_mimo5s_part0.csv,28,43008,28,False,False,2183.719557125645,469.8409059372435,0.5232508081855028,659.0688363618689,0.634106016457721,0.4658279630674238,0,0
/home/test/bupt_hjk/sdp_dataset/elderAL/action6_sit_TV_new/user1_position3_activity6/20250813=171951_mimo5s_part0.csv,18,27648,28,True,True,0.0,0.0,0.0,0.0,0.0,1.0,0,0
/home/test/bupt_hjk/sdp_dataset/elderAL/action6_sit_TV_new/user1_position3_activity6/20250813=171958_mimo5s_part0.csv,11,16896,28,True,True,0.0,0.0,0.0,0.0,0.0,1.0,0,0
/home/test/bupt_hjk/sdp_dataset/elderAL/action6_sit_TV_new/user1_position3_activity6/20250813=172006_mimo5s_part0.csv,18,27648,28,True,True,0.0,0.0,0.0,0.0,0.0,1.0,0,0
/home/test/bupt_hjk/sdp_dataset/elderAL/action6_sit_TV_new/user1_position3_activity6/20250813=172014_mimo5s_part0.csv,11,16896,28,True,True,0.0,0.0,0.0,0.0,0.0,0.9999999999999998,0,0
/home/test/bupt_hjk/sdp_dataset/elderAL/action6_sit_TV_new/user1_position3_activity6/20250813=172021_mimo5s_part0.csv,8,12288,28,True,True,0.0,0.0,0.0,0.0,0.0,1.0,0,0
/home/test/bupt_hjk/sdp_dataset/elderAL/action6_sit_TV_new/user1_position4_activity6/20250813=173101_mimo5s_part0.csv,8,12288,28,True,True,0.0,0.0,0.0,0.0,0.0,0.9999999999999999,0,0
/home/test/bupt_hjk/sdp_dataset/elderAL/action6_sit_TV_new/user1_position4_activity6/20250813=173109_mimo5s_part0.csv,15,23040,28,True,True,0.0,0.0,0.0,0.0,0.0,1.0,0,0
/home/test/bupt_hjk/sdp_dataset/elderAL/action6_sit_TV_new/user1_position4_activity6/20250813=173134_mimo5s_part0.csv,7,10752,28,True,True,0.0,0.0,0.0,0.0,0.0,1.0,0,0
/home/test/bupt_hjk/sdp_dataset/elderAL/action6_sit_TV_new/user1_position4_activity6/20250813=173145_mimo5s_part0.csv,34,52224,28,False,False,3659.5787008497136,733.0278495555907,0.914326949625918,964.6282654077671,1.0274512201979509,0.4953738805496626,0,0
/home/test/bupt_hjk/sdp_dataset/elderAL/action6_sit_TV_new/user1_position4_activity6/20250813=173153_mimo5s_part0.csv,21,32256,28,True,True,0.0,0.0,0.0,0.0,0.0,1.0,0,0
/home/test/bupt_hjk/sdp_dataset/elderAL/action6_sit_TV_new/user1_position4_activity6/20250813=173201_mimo5s_part0.csv,14,21504,28,True,True,0.0,0.0,0.0,0.0,0.0,1.0,0,0
/home/test/bupt_hjk/sdp_dataset/elderAL/action6_sit_TV_new/user1_position4_activity6/20250813=173209_mimo5s_part0.csv,15,23040,28,True,True,0.0,0.0,0.0,0.0,0.0,1.0,0,0
/home/test/bupt_hjk/sdp_dataset/elderAL/action6_sit_TV_new/user1_position4_activity6/20250813=173217_mimo5s_part0.csv,14,21504,28,True,True,0.0,0.0,0.0,0.0,0.0,1.0,0,0
/home/test/bupt_hjk/sdp_dataset/elderAL/action6_sit_TV_new/user1_position4_activity6/20250813=173224_mimo5s_part0.csv,11,16896,28,True,True,0.0,0.0,0.0,0.0,0.0,1.0,0,0
/home/test/bupt_hjk/sdp_dataset/elderAL/action6_sit_TV_new/user1_position4_activity6/20250813=173232_mimo5s_part0.csv,5,7680,28,True,True,0.0,0.0,0.0,0.0,0.0,1.0,0,0
/home/test/bupt_hjk/sdp_dataset/elderAL/action6_sit_TV_new/user1_position4_activity6/20250813=173241_mimo5s_part0.csv,20,30720,28,True,True,0.0,0.0,0.0,0.0,0.0,1.0,0,0
/home/test/bupt_hjk/sdp_dataset/elderAL/action6_sit_TV_new/user1_position4_activity6/20250813=173249_mimo5s_part0.csv,48,73728,28,False,False,3064.2628905101037,855.3030042946612,1.0322137102184719,955.911362316235,1.0159520654019167,0.3494295440704043,0,0
/home/test/bupt_hjk/sdp_dataset/elderAL/action6_sit_TV_new/user1_position4_activity6/20250813=173257_mimo5s_part0.csv,27,41472,28,True,True,0.0,0.0,0.0,0.0,0.0,1.0,0,0
/home/test/bupt_hjk/sdp_dataset/elderAL/action6_sit_TV_new/user1_position4_activity6/20250813=173304_mimo5s_part0.csv,4,6144,28,True,True,0.0,0.0,0.0,0.0,0.0,1.0,0,0
/home/test/bupt_hjk/sdp_dataset/elderAL/action6_sit_TV_new/user1_position4_activity6/20250813=173312_mimo5s_part0.csv,15,23040,28,True,True,0.0,0.0,0.0,0.0,0.0,1.0,0,0
/home/test/bupt_hjk/sdp_dataset/elderAL/action6_sit_TV_new/user1_position5_activity6/20250813=174049_mimo5s_part0.csv,20,30720,28,True,True,0.0,0.0,0.0,0.0,0.0,1.0,0,0
/home/test/bupt_hjk/sdp_dataset/elderAL/action6_sit_TV_new/user1_position5_activity6/20250813=174057_mimo5s_part0.csv,8,12288,28,True,True,0.0,0.0,0.0,0.0,0.0,0.9999999999999999,0,0
/home/test/bupt_hjk/sdp_dataset/elderAL/action6_sit_TV_new/user1_position5_activity6/20250813=174105_mimo5s_part0.csv,8,12288,28,True,True,0.0,0.0,0.0,0.0,0.0,1.0,0,0
/home/test/bupt_hjk/sdp_dataset/elderAL/action6_sit_TV_new/user1_position5_activity6/20250813=174112_mimo5s_part0.csv,8,12288,28,True,True,0.0,0.0,0.0,0.0,0.0,1.0,0,0
/home/test/bupt_hjk/sdp_dataset/elderAL/action6_sit_TV_new/user1_position5_activity6/20250813=174120_mimo5s_part0.csv,10,15360,28,True,True,0.0,0.0,0.0,0.0,0.0,1.0,0,0
/home/test/bupt_hjk/sdp_dataset/elderAL/action6_sit_TV_new/user1_position5_activity6/20250813=174127_mimo5s_part0.csv,18,27648,28,True,True,0.0,0.0,0.0,0.0,0.0,1.0,0,0
/home/test/bupt_hjk/sdp_dataset/elderAL/action6_sit_TV_new/user1_position5_activity6/20250813=174135_mimo5s_part0.csv,11,16896,28,True,True,0.0,0.0,0.0,0.0,0.0,1.0,0,0
/home/test/bupt_hjk/sdp_dataset/elderAL/action6_sit_TV_new/user1_position5_activity6/20250813=174143_mimo5s_part0.csv,18,27648,28,True,True,0.0,0.0,0.0,0.0,0.0,1.0,0,0
/home/test/bupt_hjk/sdp_dataset/elderAL/action6_sit_TV_new/user1_position5_activity6/20250813=174150_mimo5s_part0.csv,17,26112,28,True,True,0.0,0.0,0.0,0.0,0.0,1.0,0,0
/home/test/bupt_hjk/sdp_dataset/elderAL/action6_sit_TV_new/user1_position5_activity6/20250813=174158_mimo5s_part0.csv,8,12288,28,True,True,0.0,0.0,0.0,0.0,0.0,1.0,0,0
/home/test/bupt_hjk/sdp_dataset/elderAL/action6_sit_TV_new/user1_position5_activity6/20250813=174205_mimo5s_part0.csv,7,10752,28,True,True,0.0,0.0,0.0,0.0,0.0,0.9999999999999999,0,0
/home/test/bupt_hjk/sdp_dataset/elderAL/action6_sit_TV_new/user1_position5_activity6/20250813=174212_mimo5s_part0.csv,17,26112,28,True,True,0.0,0.0,0.0,0.0,0.0,0.9999999999999999,0,0
/home/test/bupt_hjk/sdp_dataset/elderAL/action6_sit_TV_new/user1_position5_activity6/20250813=174220_mimo5s_part0.csv,12,18432,28,True,True,0.0,0.0,0.0,0.0,0.0,1.0,0,0
/home/test/bupt_hjk/sdp_dataset/elderAL/action6_sit_TV_new/user1_position5_activity6/20250813=174227_mimo5s_part0.csv,11,16896,28,True,True,0.0,0.0,0.0,0.0,0.0,1.0,0,0
/home/test/bupt_hjk/sdp_dataset/elderAL/action6_sit_TV_new/user1_position5_activity6/20250813=174235_mimo5s_part0.csv,7,10752,28,True,True,0.0,0.0,0.0,0.0,0.0,1.0,0,0
/home/test/bupt_hjk/sdp_dataset/elderAL/action6_sit_TV_new/user1_position6_activity6/20250813=174330_mimo5s_part0.csv,63,96768,28,False,False,1917.0478952509056,646.6870798738763,0.7450891096264716,731.5214302399853,0.7755927368787695,0.38191589206124676,0,0
/home/test/bupt_hjk/sdp_dataset/elderAL/action6_sit_TV_new/user1_position6_activity6/20250813=174337_mimo5s_part0.csv,19,29184,28,True,True,0.0,0.0,0.0,0.0,0.0,0.9999999999999999,0,0
/home/test/bupt_hjk/sdp_dataset/elderAL/action6_sit_TV_new/user1_position6_activity6/20250813=174346_mimo5s_part0.csv,55,84480,28,False,False,2833.793719950771,760.4524267037993,0.8653888621759169,863.252458875913,0.8957511195301815,0.22596183515988763,0,0
/home/test/bupt_hjk/sdp_dataset/elderAL/action6_sit_TV_new/user1_position6_activity6/20250813=174353_mimo5s_part0.csv,64,98304,28,False,False,2518.8923166226286,723.8278561799592,0.8135252485882769,839.2520550018498,0.8695814314091278,0.04498122376775954,0,0
/home/test/bupt_hjk/sdp_dataset/elderAL/action6_sit_TV_new/user1_position6_activity6/20250813=174400_mimo5s_part0.csv,8,12288,28,True,True,0.0,0.0,0.0,0.0,0.0,1.0,0,0
/home/test/bupt_hjk/sdp_dataset/elderAL/action6_sit_TV_new/user1_position6_activity6/20250813=174407_mimo5s_part0.csv,18,27648,28,True,True,0.0,0.0,0.0,0.0,0.0,1.0,0,0
/home/test/bupt_hjk/sdp_dataset/elderAL/action6_sit_TV_new/user1_position6_activity6/20250813=174415_mimo5s_part0.csv,11,16896,28,True,True,0.0,0.0,0.0,0.0,0.0,1.0,0,0
/home/test/bupt_hjk/sdp_dataset/elderAL/action6_sit_TV_new/user1_position6_activity6/20250813=174422_mimo5s_part0.csv,11,16896,28,True,True,0.0,0.0,0.0,0.0,0.0,1.0,0,0
/home/test/bupt_hjk/sdp_dataset/elderAL/action6_sit_TV_new/user1_position6_activity6/20250813=174430_mimo5s_part0.csv,17,26112,28,True,True,0.0,0.0,0.0,0.0,0.0,1.0,0,0
/home/test/bupt_hjk/sdp_dataset/elderAL/action6_sit_TV_new/user1_position6_activity6/20250813=174437_mimo5s_part0.csv,11,16896,28,True,True,0.0,0.0,0.0,0.0,0.0,1.0,0,0
/home/test/bupt_hjk/sdp_dataset/elderAL/action6_sit_TV_new/user1_position6_activity6/20250813=174445_mimo5s_part0.csv,52,79872,28,False,False,2758.3004054848325,571.5769482541497,0.6628351765074375,673.1484788861203,0.7118566500453248,0.5880135748076994,0,0
/home/test/bupt_hjk/sdp_dataset/elderAL/action6_sit_TV_new/user1_position6_activity6/20250813=174453_mimo5s_part0.csv,18,27648,28,True,True,0.0,0.0,0.0,0.0,0.0,1.0,0,0
/home/test/bupt_hjk/sdp_dataset/elderAL/action6_sit_TV_new/user1_position6_activity6/20250813=174500_mimo5s_part0.csv,8,12288,28,True,True,0.0,0.0,0.0,0.0,0.0,1.0,0,0
/home/test/bupt_hjk/sdp_dataset/elderAL/action6_sit_TV_new/user1_position6_activity6/20250813=174507_mimo5s_part0.csv,11,16896,28,True,True,0.0,0.0,0.0,0.0,0.0,1.0,0,0
/home/test/bupt_hjk/sdp_dataset/elderAL/action6_sit_TV_new/user1_position6_activity6/20250813=174515_mimo5s_part0.csv,14,21504,28,True,True,0.0,0.0,0.0,0.0,0.0,1.0,0,0
/home/test/bupt_hjk/sdp_dataset/elderAL/action6_sit_TV_new/user1_position7_activity6/20250813=175307_mimo5s_part0.csv,12,18432,28,True,True,0.0,0.0,0.0,0.0,0.0,1.0,0,0
/home/test/bupt_hjk/sdp_dataset/elderAL/action6_sit_TV_new/user1_position7_activity6/20250813=175314_mimo5s_part0.csv,7,10752,28,True,True,0.0,0.0,0.0,0.0,0.0,1.0,0,0
/home/test/bupt_hjk/sdp_dataset/elderAL/action6_sit_TV_new/user1_position7_activity6/20250813=175322_mimo5s_part0.csv,11,16896,28,True,True,0.0,0.0,0.0,0.0,0.0,0.9999999999999999,0,0
/home/test/bupt_hjk/sdp_dataset/elderAL/action6_sit_TV_new/user1_position7_activity6/20250813=175330_mimo5s_part0.csv,61,93696,28,False,False,2440.9201979860477,491.55016250655615,0.58103922117882,604.8881376165732,0.6313321539718975,0.5664625541745787,0,0
/home/test/bupt_hjk/sdp_dataset/elderAL/action6_sit_TV_new/user1_position7_activity6/20250813=175338_mimo5s_part0.csv,18,27648,28,True,True,0.0,0.0,0.0,0.0,0.0,1.0,0,0
/home/test/bupt_hjk/sdp_dataset/elderAL/action6_sit_TV_new/user1_position7_activity6/20250813=175346_mimo5s_part0.csv,64,98304,28,False,False,2251.3952263775823,677.5161012895267,0.743976441827921,755.6319744937656,0.7458291981518419,0.5876940514503108,0,0
/home/test/bupt_hjk/sdp_dataset/elderAL/action6_sit_TV_new/user1_position7_activity6/20250813=175354_mimo5s_part0.csv,35,53760,28,False,False,2548.673611354261,733.0623597378807,0.8803325628215743,896.3673854346916,0.9378897465289764,0.03284625594514313,0,0
/home/test/bupt_hjk/sdp_dataset/elderAL/action6_sit_TV_new/user1_position7_activity6/20250813=175402_mimo5s_part0.csv,18,27648,28,True,True,0.0,0.0,0.0,0.0,0.0,1.0,0,0
/home/test/bupt_hjk/sdp_dataset/elderAL/action6_sit_TV_new/user1_position7_activity6/20250813=175409_mimo5s_part0.csv,19,29184,28,True,True,0.0,0.0,0.0,0.0,0.0,1.0,0,0
/home/test/bupt_hjk/sdp_dataset/elderAL/action6_sit_TV_new/user1_position7_activity6/20250813=175418_mimo5s_part0.csv,7,10752,28,True,True,0.0,0.0,0.0,0.0,0.0,0.9999999999999999,0,0
/home/test/bupt_hjk/sdp_dataset/elderAL/action6_sit_TV_new/user1_position7_activity6/20250813=175426_mimo5s_part0.csv,12,18432,28,True,True,0.0,0.0,0.0,0.0,0.0,1.0,0,0
/home/test/bupt_hjk/sdp_dataset/elderAL/action6_sit_TV_new/user1_position7_activity6/20250813=175433_mimo5s_part0.csv,11,16896,28,True,True,0.0,0.0,0.0,0.0,0.0,1.0,0,0
/home/test/bupt_hjk/sdp_dataset/elderAL/action6_sit_TV_new/user1_position7_activity6/20250813=175441_mimo5s_part0.csv,8,12288,28,True,True,0.0,0.0,0.0,0.0,0.0,1.0,0,0
/home/test/bupt_hjk/sdp_dataset/elderAL/action6_sit_TV_new/user1_position7_activity6/20250813=175448_mimo5s_part0.csv,19,29184,28,True,True,0.0,0.0,0.0,0.0,0.0,1.0,0,0
/home/test/bupt_hjk/sdp_dataset/elderAL/action6_sit_TV_new/user1_position7_activity6/20250813=175456_mimo5s_part0.csv,11,16896,28,True,True,0.0,0.0,0.0,0.0,0.0,1.0,0,0
/home/test/bupt_hjk/sdp_dataset/elderAL/action6_sit_TV_new/user1_position8_activity6/20250813=180153_mimo5s_part0.csv,11,16896,28,True,True,0.0,0.0,0.0,0.0,0.0,1.0,0,0
/home/test/bupt_hjk/sdp_dataset/elderAL/action6_sit_TV_new/user1_position8_activity6/20250813=180201_mimo5s_part0.csv,15,23040,28,True,True,0.0,0.0,0.0,0.0,0.0,0.9999999999999998,0,0
/home/test/bupt_hjk/sdp_dataset/elderAL/action6_sit_TV_new/user1_position8_activity6/20250813=180209_mimo5s_part0.csv,18,27648,28,True,True,0.0,0.0,0.0,0.0,0.0,1.0,0,0
/home/test/bupt_hjk/sdp_dataset/elderAL/action6_sit_TV_new/user1_position8_activity6/20250813=180217_mimo5s_part0.csv,11,16896,28,True,True,0.0,0.0,0.0,0.0,0.0,1.0,0,0
/home/test/bupt_hjk/sdp_dataset/elderAL/action6_sit_TV_new/user1_position8_activity6/20250813=180225_mimo5s_part0.csv,7,10752,28,True,True,0.0,0.0,0.0,0.0,0.0,0.9999999999999999,0,0
/home/test/bupt_hjk/sdp_dataset/elderAL/action6_sit_TV_new/user1_position8_activity6/20250813=180234_mimo5s_part0.csv,20,30720,28,True,True,0.0,0.0,0.0,0.0,0.0,1.0,0,0
/home/test/bupt_hjk/sdp_dataset/elderAL/action6_sit_TV_new/user1_position8_activity6/20250813=180242_mimo5s_part0.csv,22,33792,28,True,True,0.0,0.0,0.0,0.0,0.0,1.0,0,0
/home/test/bupt_hjk/sdp_dataset/elderAL/action6_sit_TV_new/user1_position8_activity6/20250813=180251_mimo5s_part0.csv,24,36864,28,True,True,0.0,0.0,0.0,0.0,0.0,0.9999999999999999,0,0
/home/test/bupt_hjk/sdp_dataset/elderAL/action6_sit_TV_new/user1_position8_activity6/20250813=180259_mimo5s_part0.csv,21,32256,28,True,True,0.0,0.0,0.0,0.0,0.0,1.0,0,0
/home/test/bupt_hjk/sdp_dataset/elderAL/action6_sit_TV_new/user1_position8_activity6/20250813=180307_mimo5s_part0.csv,8,12288,28,True,True,0.0,0.0,0.0,0.0,0.0,0.9999999999999999,0,0
/home/test/bupt_hjk/sdp_dataset/elderAL/action6_sit_TV_new/user1_position8_activity6/20250813=180315_mimo5s_part0.csv,17,26112,28,True,True,0.0,0.0,0.0,0.0,0.0,1.0,0,0
/home/test/bupt_hjk/sdp_dataset/elderAL/action6_sit_TV_new/user1_position8_activity6/20250813=180323_mimo5s_part0.csv,14,21504,28,True,True,0.0,0.0,0.0,0.0,0.0,1.0,0,0
/home/test/bupt_hjk/sdp_dataset/elderAL/action6_sit_TV_new/user1_position8_activity6/20250813=180331_mimo5s_part0.csv,51,78336,28,False,False,2743.471036789731,558.6413301806735,0.6408143969552799,677.5320318609972,0.6856077815820957,0.5141889081262946,0,0
/home/test/bupt_hjk/sdp_dataset/elderAL/action6_sit_TV_new/user1_position8_activity6/20250813=180339_mimo5s_part0.csv,17,26112,28,True,True,0.0,0.0,0.0,0.0,0.0,1.0,0,0
/home/test/bupt_hjk/sdp_dataset/elderAL/action6_sit_TV_new/user1_position8_activity6/20250813=180346_mimo5s_part0.csv,56,86016,28,False,False,2391.154120265114,506.9984779315521,0.5844820892282984,667.052957896263,0.6763684546820034,0.467472747540463,0,0
/home/test/bupt_hjk/sdp_dataset/elderAL/action6_sit_TV_new/user1_position9_activity6/20250813=180857_mimo5s_part0.csv,37,56832,28,False,False,2755.253448788979,956.1366142217852,1.031963798926504,1097.5831491856495,1.050134594820179,-0.41620054093970804,0,0
/home/test/bupt_hjk/sdp_dataset/elderAL/action6_sit_TV_new/user1_position9_activity6/20250813=180904_mimo5s_part0.csv,18,27648,28,True,True,0.0,0.0,0.0,0.0,0.0,0.9999999999999999,0,0
/home/test/bupt_hjk/sdp_dataset/elderAL/action6_sit_TV_new/user1_position9_activity6/20250813=180912_mimo5s_part0.csv,8,12288,28,True,True,0.0,0.0,0.0,0.0,0.0,0.9999999999999998,0,0
/home/test/bupt_hjk/sdp_dataset/elderAL/action6_sit_TV_new/user1_position9_activity6/20250813=180920_mimo5s_part0.csv,18,27648,28,True,True,0.0,0.0,0.0,0.0,0.0,1.0,0,0
/home/test/bupt_hjk/sdp_dataset/elderAL/action6_sit_TV_new/user1_position9_activity6/20250813=180927_mimo5s_part0.csv,15,23040,28,True,True,0.0,0.0,0.0,0.0,0.0,0.9999999999999998,0,0
/home/test/bupt_hjk/sdp_dataset/elderAL/action6_sit_TV_new/user1_position9_activity6/20250813=180935_mimo5s_part0.csv,7,10752,28,True,True,0.0,0.0,0.0,0.0,0.0,0.9999999999999999,0,0
/home/test/bupt_hjk/sdp_dataset/elderAL/action6_sit_TV_new/user1_position9_activity6/20250813=180942_mimo5s_part0.csv,11,16896,28,True,True,0.0,0.0,0.0,0.0,0.0,1.0,0,0
/home/test/bupt_hjk/sdp_dataset/elderAL/action6_sit_TV_new/user1_position9_activity6/20250813=180949_mimo5s_part0.csv,14,21504,28,True,True,0.0,0.0,0.0,0.0,0.0,1.0,0,0
/home/test/bupt_hjk/sdp_dataset/elderAL/action6_sit_TV_new/user1_position9_activity6/20250813=180956_mimo5s_part0.csv,15,23040,28,True,True,0.0,0.0,0.0,0.0,0.0,1.0,0,0
/home/test/bupt_hjk/sdp_dataset/elderAL/action6_sit_TV_new/user1_position9_activity6/20250813=181004_mimo5s_part0.csv,25,38400,28,True,True,0.0,0.0,0.0,0.0,0.0,1.0,0,0
/home/test/bupt_hjk/sdp_dataset/elderAL/action6_sit_TV_new/user1_position9_activity6/20250813=181011_mimo5s_part0.csv,14,21504,28,True,True,0.0,0.0,0.0,0.0,0.0,1.0,0,0
/home/test/bupt_hjk/sdp_dataset/elderAL/action6_sit_TV_new/user1_position9_activity6/20250813=181019_mimo5s_part0.csv,31,47616,28,False,False,2558.359755698708,708.9513943851881,0.790647980533493,810.4096868890723,0.7935591260009273,0.555611604057001,0,0
/home/test/bupt_hjk/sdp_dataset/elderAL/action6_sit_TV_new/user1_position9_activity6/20250813=181027_mimo5s_part0.csv,15,23040,28,True,True,0.0,0.0,0.0,0.0,0.0,1.0,0,0
/home/test/bupt_hjk/sdp_dataset/elderAL/action6_sit_TV_new/user1_position9_activity6/20250813=181035_mimo5s_part0.csv,11,16896,28,True,True,0.0,0.0,0.0,0.0,0.0,0.9999999999999998,0,0
/home/test/bupt_hjk/sdp_dataset/elderAL/action6_sit_TV_new/user1_position9_activity6/20250813=181042_mimo5s_part0.csv,20,30720,28,True,True,0.0,0.0,0.0,0.0,0.0,1.0,0,0
/home/test/bupt_hjk/sdp_dataset/elderAL/action6_sit_TV_new/user2_position1_activity6/20250813=170316_mimo5s_part0.csv,14,21504,28,True,True,0.0,0.0,0.0,0.0,0.0,1.0,0,0
/home/test/bupt_hjk/sdp_dataset/elderAL/action6_sit_TV_new/user2_position1_activity6/20250813=170326_mimo5s_part0.csv,37,56832,28,False,False,2837.367556988892,567.9407196632471,0.6125225493768188,751.9041488158746,0.7163605739960862,0.4698441965677309,0,0
/home/test/bupt_hjk/sdp_dataset/elderAL/action6_sit_TV_new/user2_position1_activity6/20250813=170335_mimo5s_part0.csv,15,23040,28,True,True,0.0,0.0,0.0,0.0,0.0,1.0,0,0
/home/test/bupt_hjk/sdp_dataset/elderAL/action6_sit_TV_new/user2_position1_activity6/20250813=170344_mimo5s_part0.csv,28,43008,28,False,False,3652.274602719659,479.2942629800737,0.5251140891178115,643.1387421862053,0.6194087672066239,0.6876953373463313,0,0
/home/test/bupt_hjk/sdp_dataset/elderAL/action6_sit_TV_new/user2_position1_activity6/20250813=170352_mimo5s_part0.csv,48,73728,28,False,False,3288.7713584371386,723.92787524124,0.7640023325531842,832.9962345957704,0.7829049596667665,0.4612231868339479,0,0
/home/test/bupt_hjk/sdp_dataset/elderAL/action6_sit_TV_new/user2_position1_activity6/20250813=170401_mimo5s_part0.csv,10,15360,28,True,True,0.0,0.0,0.0,0.0,0.0,0.9999999999999999,0,0
/home/test/bupt_hjk/sdp_dataset/elderAL/action6_sit_TV_new/user2_position1_activity6/20250813=170410_mimo5s_part0.csv,7,10752,28,True,True,0.0,0.0,0.0,0.0,0.0,1.0,0,0
/home/test/bupt_hjk/sdp_dataset/elderAL/action6_sit_TV_new/user2_position1_activity6/20250813=170421_mimo5s_part0.csv,7,10752,28,True,True,0.0,0.0,0.0,0.0,0.0,0.9999999999999998,0,0
/home/test/bupt_hjk/sdp_dataset/elderAL/action6_sit_TV_new/user2_position1_activity6/20250813=170429_mimo5s_part0.csv,11,16896,28,True,True,0.0,0.0,0.0,0.0,0.0,1.0,0,0
/home/test/bupt_hjk/sdp_dataset/elderAL/action6_sit_TV_new/user2_position1_activity6/20250813=170437_mimo5s_part0.csv,7,10752,28,True,True,0.0,0.0,0.0,0.0,0.0,1.0,0,0
/home/test/bupt_hjk/sdp_dataset/elderAL/action6_sit_TV_new/user2_position1_activity6/20250813=170445_mimo5s_part0.csv,30,46080,28,False,False,3575.8752416233056,1113.1835763609222,1.2347282085626914,1300.8069218537682,1.2557105594339706,-0.3873243772644255,0,0
/home/test/bupt_hjk/sdp_dataset/elderAL/action6_sit_TV_new/user2_position1_activity6/20250813=170456_mimo5s_part0.csv,11,16896,28,True,True,0.0,0.0,0.0,0.0,0.0,1.0,0,0
/home/test/bupt_hjk/sdp_dataset/elderAL/action6_sit_TV_new/user2_position1_activity6/20250813=170504_mimo5s_part0.csv,4,6144,28,True,True,0.0,0.0,0.0,0.0,0.0,0.9999999999999998,0,0
/home/test/bupt_hjk/sdp_dataset/elderAL/action6_sit_TV_new/user2_position1_activity6/20250813=170512_mimo5s_part0.csv,11,16896,28,True,True,0.0,0.0,0.0,0.0,0.0,1.0,0,0
/home/test/bupt_hjk/sdp_dataset/elderAL/action6_sit_TV_new/user2_position1_activity6/20250813=170520_mimo5s_part0.csv,11,16896,28,True,True,0.0,0.0,0.0,0.0,0.0,1.0,0,0
/home/test/bupt_hjk/sdp_dataset/elderAL/action6_sit_TV_new/user2_position2_activity6/20250813=170812_mimo5s_part0.csv,11,16896,28,True,True,0.0,0.0,0.0,0.0,0.0,1.0,0,0
/home/test/bupt_hjk/sdp_dataset/elderAL/action6_sit_TV_new/user2_position2_activity6/20250813=170820_mimo5s_part0.csv,7,10752,28,True,True,0.0,0.0,0.0,0.0,0.0,0.9999999999999998,0,0
/home/test/bupt_hjk/sdp_dataset/elderAL/action6_sit_TV_new/user2_position2_activity6/20250813=170828_mimo5s_part0.csv,34,52224,28,False,False,3757.6695681443352,701.2198607914839,0.7786290565423492,831.8767598662233,0.806181662953475,0.5830579476846153,0,0
/home/test/bupt_hjk/sdp_dataset/elderAL/action6_sit_TV_new/user2_position2_activity6/20250813=170836_mimo5s_part0.csv,14,21504,28,True,True,0.0,0.0,0.0,0.0,0.0,1.0,0,0
/home/test/bupt_hjk/sdp_dataset/elderAL/action6_sit_TV_new/user2_position2_activity6/20250813=170844_mimo5s_part0.csv,57,87552,28,False,False,4029.7190962482637,764.1875648233365,0.838913070604643,875.6391652947564,0.8413012532740493,0.43293132868518874,0,0
/home/test/bupt_hjk/sdp_dataset/elderAL/action6_sit_TV_new/user2_position2_activity6/20250813=170854_mimo5s_part0.csv,35,53760,28,False,False,3501.1000817639965,778.4580384193562,0.911926989640122,940.8770730387188,0.9274539960008468,0.3161962387013787,0,0
/home/test/bupt_hjk/sdp_dataset/elderAL/action6_sit_TV_new/user2_position2_activity6/20250813=170902_mimo5s_part0.csv,19,29184,28,True,True,0.0,0.0,0.0,0.0,0.0,0.9999999999999998,0,0
/home/test/bupt_hjk/sdp_dataset/elderAL/action6_sit_TV_new/user2_position2_activity6/20250813=170911_mimo5s_part0.csv,4,6144,28,True,True,0.0,0.0,0.0,0.0,0.0,0.9999999999999998,0,0
/home/test/bupt_hjk/sdp_dataset/elderAL/action6_sit_TV_new/user2_position2_activity6/20250813=170920_mimo5s_part0.csv,17,26112,28,True,True,0.0,0.0,0.0,0.0,0.0,0.9999999999999999,0,0
/home/test/bupt_hjk/sdp_dataset/elderAL/action6_sit_TV_new/user2_position2_activity6/20250813=170927_mimo5s_part0.csv,15,23040,28,True,True,0.0,0.0,0.0,0.0,0.0,1.0,0,0
/home/test/bupt_hjk/sdp_dataset/elderAL/action6_sit_TV_new/user2_position2_activity6/20250813=170936_mimo5s_part0.csv,41,62976,28,False,False,3156.7497272131995,764.075106283185,0.838046019069115,910.301577339784,0.8793542170032984,0.14353831394114788,0,0
/home/test/bupt_hjk/sdp_dataset/elderAL/action6_sit_TV_new/user2_position2_activity6/20250813=170944_mimo5s_part0.csv,40,61440,28,False,False,4276.0546931447325,684.9765195110089,0.7909907167566566,847.7631608172076,0.838436797964499,0.49707068429994633,0,0
/home/test/bupt_hjk/sdp_dataset/elderAL/action6_sit_TV_new/user2_position2_activity6/20250813=170951_mimo5s_part0.csv,14,21504,28,True,True,0.0,0.0,0.0,0.0,0.0,0.9999999999999998,0,0
/home/test/bupt_hjk/sdp_dataset/elderAL/action6_sit_TV_new/user2_position2_activity6/20250813=170959_mimo5s_part0.csv,15,23040,28,True,True,0.0,0.0,0.0,0.0,0.0,1.0,0,0
/home/test/bupt_hjk/sdp_dataset/elderAL/action6_sit_TV_new/user2_position2_activity6/20250813=171007_mimo5s_part0.csv,28,43008,28,False,False,3726.8829113087113,719.2712466083827,0.812439265728944,876.5930683022895,0.859908114035377,0.2923467676689826,0,0
/home/test/bupt_hjk/sdp_dataset/elderAL/action6_sit_TV_new/user2_position3_activity6/20250813=172511_mimo5s_part0.csv,14,21504,28,True,True,0.0,0.0,0.0,0.0,0.0,1.0,0,0
/home/test/bupt_hjk/sdp_dataset/elderAL/action6_sit_TV_new/user2_position3_activity6/20250813=172519_mimo5s_part0.csv,18,27648,28,True,True,0.0,0.0,0.0,0.0,0.0,1.0,0,0
/home/test/bupt_hjk/sdp_dataset/elderAL/action6_sit_TV_new/user2_position3_activity6/20250813=172527_mimo5s_part0.csv,7,10752,28,True,True,0.0,0.0,0.0,0.0,0.0,0.9999999999999999,0,0
/home/test/bupt_hjk/sdp_dataset/elderAL/action6_sit_TV_new/user2_position3_activity6/20250813=172535_mimo5s_part0.csv,11,16896,28,True,True,0.0,0.0,0.0,0.0,0.0,0.9999999999999998,0,0
/home/test/bupt_hjk/sdp_dataset/elderAL/action6_sit_TV_new/user2_position3_activity6/20250813=172543_mimo5s_part0.csv,22,33792,28,True,True,0.0,0.0,0.0,0.0,0.0,0.9999999999999998,0,0
/home/test/bupt_hjk/sdp_dataset/elderAL/action6_sit_TV_new/user2_position3_activity6/20250813=172551_mimo5s_part0.csv,13,19968,28,True,True,0.0,0.0,0.0,0.0,0.0,1.0,0,0
/home/test/bupt_hjk/sdp_dataset/elderAL/action6_sit_TV_new/user2_position3_activity6/20250813=172559_mimo5s_part0.csv,8,12288,28,True,True,0.0,0.0,0.0,0.0,0.0,1.0,0,0
/home/test/bupt_hjk/sdp_dataset/elderAL/action6_sit_TV_new/user2_position3_activity6/20250813=172607_mimo5s_part0.csv,7,10752,28,True,True,0.0,0.0,0.0,0.0,0.0,1.0,0,0
/home/test/bupt_hjk/sdp_dataset/elderAL/action6_sit_TV_new/user2_position3_activity6/20250813=172615_mimo5s_part0.csv,18,27648,28,True,True,0.0,0.0,0.0,0.0,0.0,1.0,0,0
/home/test/bupt_hjk/sdp_dataset/elderAL/action6_sit_TV_new/user2_position3_activity6/20250813=172623_mimo5s_part0.csv,12,18432,28,True,True,0.0,0.0,0.0,0.0,0.0,1.0,0,0
/home/test/bupt_hjk/sdp_dataset/elderAL/action6_sit_TV_new/user2_position3_activity6/20250813=172631_mimo5s_part0.csv,11,16896,28,True,True,0.0,0.0,0.0,0.0,0.0,1.0,0,0
/home/test/bupt_hjk/sdp_dataset/elderAL/action6_sit_TV_new/user2_position3_activity6/20250813=172639_mimo5s_part0.csv,14,21504,28,True,True,0.0,0.0,0.0,0.0,0.0,1.0,0,0
/home/test/bupt_hjk/sdp_dataset/elderAL/action6_sit_TV_new/user2_position3_activity6/20250813=172647_mimo5s_part0.csv,24,36864,28,True,True,0.0,0.0,0.0,0.0,0.0,1.0,0,0
/home/test/bupt_hjk/sdp_dataset/elderAL/action6_sit_TV_new/user2_position3_activity6/20250813=172655_mimo5s_part0.csv,7,10752,28,True,True,0.0,0.0,0.0,0.0,0.0,1.0,0,0
/home/test/bupt_hjk/sdp_dataset/elderAL/action6_sit_TV_new/user2_position3_activity6/20250813=172702_mimo5s_part0.csv,13,19968,28,True,True,0.0,0.0,0.0,0.0,0.0,1.0,0,0
/home/test/bupt_hjk/sdp_dataset/elderAL/action6_sit_TV_new/user2_position4_activity6/20250813=172827_mimo5s_part0.csv,34,52224,28,False,False,3016.897218765336,766.7522583652993,0.8453156606822654,893.7859626437847,0.8826900607339974,0.18817326869881074,0,0
/home/test/bupt_hjk/sdp_dataset/elderAL/action6_sit_TV_new/user2_position4_activity6/20250813=172835_mimo5s_part0.csv,11,16896,28,True,True,0.0,0.0,0.0,0.0,0.0,1.0,0,0
/home/test/bupt_hjk/sdp_dataset/elderAL/action6_sit_TV_new/user2_position4_activity6/20250813=172843_mimo5s_part0.csv,28,43008,28,False,False,3416.9752858183065,724.895539030716,0.8190222250944437,847.1871974866714,0.8393660779403032,0.364967275191356,0,0
/home/test/bupt_hjk/sdp_dataset/elderAL/action6_sit_TV_new/user2_position4_activity6/20250813=172852_mimo5s_part0.csv,51,78336,28,False,False,2805.3616719456886,730.6460256218742,0.772350717717562,835.686756612249,0.790806957720199,0.4619012563902497,0,0
/home/test/bupt_hjk/sdp_dataset/elderAL/action6_sit_TV_new/user2_position4_activity6/20250813=172859_mimo5s_part0.csv,21,32256,28,True,True,0.0,0.0,0.0,0.0,0.0,1.0,0,0
/home/test/bupt_hjk/sdp_dataset/elderAL/action6_sit_TV_new/user2_position4_activity6/20250813=172907_mimo5s_part0.csv,34,52224,28,False,False,3122.9442873007,843.4831941418008,0.9264757556418995,1000.4906316567829,0.975447517477507,0.03719094738299304,0,0
/home/test/bupt_hjk/sdp_dataset/elderAL/action6_sit_TV_new/user2_position4_activity6/20250813=172914_mimo5s_part0.csv,21,32256,28,True,True,0.0,0.0,0.0,0.0,0.0,1.0,0,0
/home/test/bupt_hjk/sdp_dataset/elderAL/action6_sit_TV_new/user2_position4_activity6/20250813=172922_mimo5s_part0.csv,9,13824,28,True,True,0.0,0.0,0.0,0.0,0.0,1.0,0,0
/home/test/bupt_hjk/sdp_dataset/elderAL/action6_sit_TV_new/user2_position4_activity6/20250813=172930_mimo5s_part0.csv,11,16896,28,True,True,0.0,0.0,0.0,0.0,0.0,1.0,0,0
/home/test/bupt_hjk/sdp_dataset/elderAL/action6_sit_TV_new/user2_position4_activity6/20250813=172938_mimo5s_part0.csv,11,16896,28,True,True,0.0,0.0,0.0,0.0,0.0,1.0,0,0
/home/test/bupt_hjk/sdp_dataset/elderAL/action6_sit_TV_new/user2_position4_activity6/20250813=172946_mimo5s_part0.csv,23,35328,28,True,True,0.0,0.0,0.0,0.0,0.0,0.9999999999999999,0,0
/home/test/bupt_hjk/sdp_dataset/elderAL/action6_sit_TV_new/user2_position4_activity6/20250813=172954_mimo5s_part0.csv,7,10752,28,True,True,0.0,0.0,0.0,0.0,0.0,1.0,0,0
/home/test/bupt_hjk/sdp_dataset/elderAL/action6_sit_TV_new/user2_position4_activity6/20250813=173003_mimo5s_part0.csv,7,10752,28,True,True,0.0,0.0,0.0,0.0,0.0,1.0,0,0
/home/test/bupt_hjk/sdp_dataset/elderAL/action6_sit_TV_new/user2_position4_activity6/20250813=173011_mimo5s_part0.csv,8,12288,28,True,True,0.0,0.0,0.0,0.0,0.0,0.9999999999999999,0,0
/home/test/bupt_hjk/sdp_dataset/elderAL/action6_sit_TV_new/user2_position4_activity6/20250813=173019_mimo5s_part0.csv,14,21504,28,True,True,0.0,0.0,0.0,0.0,0.0,1.0,0,0
/home/test/bupt_hjk/sdp_dataset/elderAL/action6_sit_TV_new/user2_position5_activity6/20250813=173834_mimo5s_part0.csv,11,16896,28,True,True,0.0,0.0,0.0,0.0,0.0,1.0,0,0
/home/test/bupt_hjk/sdp_dataset/elderAL/action6_sit_TV_new/user2_position5_activity6/20250813=173843_mimo5s_part0.csv,24,36864,28,True,True,0.0,0.0,0.0,0.0,0.0,1.0,0,0
/home/test/bupt_hjk/sdp_dataset/elderAL/action6_sit_TV_new/user2_position5_activity6/20250813=173851_mimo5s_part0.csv,52,79872,28,False,False,2165.9578530590625,722.1240103572528,0.8229699420136161,800.9518991673915,0.8284115685830153,0.41658537836828524,0,0
/home/test/bupt_hjk/sdp_dataset/elderAL/action6_sit_TV_new/user2_position5_activity6/20250813=173859_mimo5s_part0.csv,28,43008,28,False,False,2271.012921655917,716.885199998759,0.8171884343480729,894.4811652095871,0.9220797810307757,0.001375605844371784,0,0
/home/test/bupt_hjk/sdp_dataset/elderAL/action6_sit_TV_new/user2_position5_activity6/20250813=173906_mimo5s_part0.csv,8,12288,28,True,True,0.0,0.0,0.0,0.0,0.0,0.9999999999999999,0,0
/home/test/bupt_hjk/sdp_dataset/elderAL/action6_sit_TV_new/user2_position5_activity6/20250813=173914_mimo5s_part0.csv,4,6144,28,True,True,0.0,0.0,0.0,0.0,0.0,1.0,0,0
/home/test/bupt_hjk/sdp_dataset/elderAL/action6_sit_TV_new/user2_position5_activity6/20250813=173922_mimo5s_part0.csv,21,32256,28,True,True,0.0,0.0,0.0,0.0,0.0,1.0,0,0
/home/test/bupt_hjk/sdp_dataset/elderAL/action6_sit_TV_new/user2_position5_activity6/20250813=173930_mimo5s_part0.csv,7,10752,28,True,True,0.0,0.0,0.0,0.0,0.0,1.0,0,0
/home/test/bupt_hjk/sdp_dataset/elderAL/action6_sit_TV_new/user2_position5_activity6/20250813=173937_mimo5s_part0.csv,12,18432,28,True,True,0.0,0.0,0.0,0.0,0.0,1.0,0,0
/home/test/bupt_hjk/sdp_dataset/elderAL/action6_sit_TV_new/user2_position5_activity6/20250813=173945_mimo5s_part0.csv,24,36864,28,True,True,0.0,0.0,0.0,0.0,0.0,1.0,0,0
/home/test/bupt_hjk/sdp_dataset/elderAL/action6_sit_TV_new/user2_position5_activity6/20250813=173952_mimo5s_part0.csv,17,26112,28,True,True,0.0,0.0,0.0,0.0,0.0,1.0,0,0
/home/test/bupt_hjk/sdp_dataset/elderAL/action6_sit_TV_new/user2_position5_activity6/20250813=174000_mimo5s_part0.csv,8,12288,28,True,True,0.0,0.0,0.0,0.0,0.0,1.0,0,0
/home/test/bupt_hjk/sdp_dataset/elderAL/action6_sit_TV_new/user2_position5_activity6/20250813=174007_mimo5s_part0.csv,21,32256,28,True,True,0.0,0.0,0.0,0.0,0.0,1.0,0,0
/home/test/bupt_hjk/sdp_dataset/elderAL/action6_sit_TV_new/user2_position5_activity6/20250813=174015_mimo5s_part0.csv,18,27648,28,True,True,0.0,0.0,0.0,0.0,0.0,1.0,0,0
/home/test/bupt_hjk/sdp_dataset/elderAL/action6_sit_TV_new/user2_position5_activity6/20250813=174022_mimo5s_part0.csv,11,16896,28,True,True,0.0,0.0,0.0,0.0,0.0,1.0,0,0
/home/test/bupt_hjk/sdp_dataset/elderAL/action6_sit_TV_new/user2_position6_activity6/20250813=174814_mimo5s_part0.csv,17,26112,28,True,True,0.0,0.0,0.0,0.0,0.0,0.9999999999999999,0,0
/home/test/bupt_hjk/sdp_dataset/elderAL/action6_sit_TV_new/user2_position6_activity6/20250813=174822_mimo5s_part0.csv,14,21504,28,True,True,0.0,0.0,0.0,0.0,0.0,0.9999999999999999,0,0
/home/test/bupt_hjk/sdp_dataset/elderAL/action6_sit_TV_new/user2_position6_activity6/20250813=174830_mimo5s_part0.csv,48,73728,28,False,False,2599.7880206654936,707.258170223544,0.8336869125400713,789.3016872538361,0.8538968659168596,0.18237374972161519,0,0
/home/test/bupt_hjk/sdp_dataset/elderAL/action6_sit_TV_new/user2_position6_activity6/20250813=174838_mimo5s_part0.csv,21,32256,28,True,True,0.0,0.0,0.0,0.0,0.0,1.0,0,0
/home/test/bupt_hjk/sdp_dataset/elderAL/action6_sit_TV_new/user2_position6_activity6/20250813=174845_mimo5s_part0.csv,41,62976,28,False,False,3049.1847886362593,648.8376289005216,0.786537593521219,743.3196433969731,0.8093276869074213,0.5007788943272817,0,0
/home/test/bupt_hjk/sdp_dataset/elderAL/action6_sit_TV_new/user2_position6_activity6/20250813=174853_mimo5s_part0.csv,49,75264,28,False,False,2776.8626103690217,717.7553554698925,0.8565139406911499,799.923208498681,0.8693691911735226,0.1866886851508815,0,0
/home/test/bupt_hjk/sdp_dataset/elderAL/action6_sit_TV_new/user2_position6_activity6/20250813=174902_mimo5s_part0.csv,7,10752,28,True,True,0.0,0.0,0.0,0.0,0.0,0.9999999999999999,0,0
/home/test/bupt_hjk/sdp_dataset/elderAL/action6_sit_TV_new/user2_position6_activity6/20250813=174909_mimo5s_part0.csv,7,10752,28,True,True,0.0,0.0,0.0,0.0,0.0,1.0,0,0
/home/test/bupt_hjk/sdp_dataset/elderAL/action6_sit_TV_new/user2_position6_activity6/20250813=174916_mimo5s_part0.csv,7,10752,28,True,True,0.0,0.0,0.0,0.0,0.0,1.0,0,0
/home/test/bupt_hjk/sdp_dataset/elderAL/action6_sit_TV_new/user2_position6_activity6/20250813=174923_mimo5s_part0.csv,11,16896,28,True,True,0.0,0.0,0.0,0.0,0.0,1.0,0,0
/home/test/bupt_hjk/sdp_dataset/elderAL/action6_sit_TV_new/user2_position6_activity6/20250813=174930_mimo5s_part0.csv,18,27648,28,True,True,0.0,0.0,0.0,0.0,0.0,1.0,0,0
/home/test/bupt_hjk/sdp_dataset/elderAL/action6_sit_TV_new/user2_position6_activity6/20250813=174938_mimo5s_part0.csv,12,18432,28,True,True,0.0,0.0,0.0,0.0,0.0,0.9999999999999999,0,0
/home/test/bupt_hjk/sdp_dataset/elderAL/action6_sit_TV_new/user2_position6_activity6/20250813=174945_mimo5s_part0.csv,24,36864,28,True,True,0.0,0.0,0.0,0.0,0.0,0.9999999999999999,0,0
/home/test/bupt_hjk/sdp_dataset/elderAL/action6_sit_TV_new/user2_position6_activity6/20250813=174952_mimo5s_part0.csv,22,33792,28,True,True,0.0,0.0,0.0,0.0,0.0,1.0,0,0
/home/test/bupt_hjk/sdp_dataset/elderAL/action6_sit_TV_new/user2_position6_activity6/20250813=175000_mimo5s_part0.csv,3,4608,28,True,True,0.0,0.0,0.0,0.0,0.0,0.9999999999999999,0,0
/home/test/bupt_hjk/sdp_dataset/elderAL/action6_sit_TV_new/user2_position7_activity6/20250813=175050_mimo5s_part0.csv,21,32256,28,True,True,0.0,0.0,0.0,0.0,0.0,1.0,0,0
/home/test/bupt_hjk/sdp_dataset/elderAL/action6_sit_TV_new/user2_position7_activity6/20250813=175058_mimo5s_part0.csv,7,10752,28,True,True,0.0,0.0,0.0,0.0,0.0,0.9999999999999999,0,0
/home/test/bupt_hjk/sdp_dataset/elderAL/action6_sit_TV_new/user2_position7_activity6/20250813=175107_mimo5s_part0.csv,11,16896,28,True,True,0.0,0.0,0.0,0.0,0.0,1.0,0,0
/home/test/bupt_hjk/sdp_dataset/elderAL/action6_sit_TV_new/user2_position7_activity6/20250813=175114_mimo5s_part0.csv,4,6144,28,True,True,0.0,0.0,0.0,0.0,0.0,0.9999999999999998,0,0
/home/test/bupt_hjk/sdp_dataset/elderAL/action6_sit_TV_new/user2_position7_activity6/20250813=175122_mimo5s_part0.csv,8,12288,28,True,True,0.0,0.0,0.0,0.0,0.0,1.0,0,0
/home/test/bupt_hjk/sdp_dataset/elderAL/action6_sit_TV_new/user2_position7_activity6/20250813=175129_mimo5s_part0.csv,8,12288,28,True,True,0.0,0.0,0.0,0.0,0.0,1.0,0,0
/home/test/bupt_hjk/sdp_dataset/elderAL/action6_sit_TV_new/user2_position7_activity6/20250813=175137_mimo5s_part0.csv,11,16896,28,True,True,0.0,0.0,0.0,0.0,0.0,1.0,0,0
/home/test/bupt_hjk/sdp_dataset/elderAL/action6_sit_TV_new/user2_position7_activity6/20250813=175144_mimo5s_part0.csv,34,52224,28,False,False,2685.567119251405,827.9382757142141,0.8621143933557373,964.4990828303603,0.9017481724032195,0.29551038844846345,0,0
/home/test/bupt_hjk/sdp_dataset/elderAL/action6_sit_TV_new/user2_position7_activity6/20250813=175152_mimo5s_part0.csv,20,30720,28,True,True,0.0,0.0,0.0,0.0,0.0,1.0,0,0
/home/test/bupt_hjk/sdp_dataset/elderAL/action6_sit_TV_new/user2_position7_activity6/20250813=175159_mimo5s_part0.csv,8,12288,28,True,True,0.0,0.0,0.0,0.0,0.0,1.0,0,0
/home/test/bupt_hjk/sdp_dataset/elderAL/action6_sit_TV_new/user2_position7_activity6/20250813=175206_mimo5s_part0.csv,11,16896,28,True,True,0.0,0.0,0.0,0.0,0.0,1.0,0,0
/home/test/bupt_hjk/sdp_dataset/elderAL/action6_sit_TV_new/user2_position7_activity6/20250813=175214_mimo5s_part0.csv,15,23040,28,True,True,0.0,0.0,0.0,0.0,0.0,1.0,0,0
/home/test/bupt_hjk/sdp_dataset/elderAL/action6_sit_TV_new/user2_position7_activity6/20250813=175221_mimo5s_part0.csv,7,10752,28,True,True,0.0,0.0,0.0,0.0,0.0,0.9999999999999999,0,0
/home/test/bupt_hjk/sdp_dataset/elderAL/action6_sit_TV_new/user2_position7_activity6/20250813=175228_mimo5s_part0.csv,8,12288,28,True,True,0.0,0.0,0.0,0.0,0.0,1.0,0,0
/home/test/bupt_hjk/sdp_dataset/elderAL/action6_sit_TV_new/user2_position7_activity6/20250813=175236_mimo5s_part0.csv,7,10752,28,True,True,0.0,0.0,0.0,0.0,0.0,1.0,0,0
/home/test/bupt_hjk/sdp_dataset/elderAL/action6_sit_TV_new/user2_position8_activity6/20250813=180429_mimo5s_part0.csv,21,32256,28,True,True,0.0,0.0,0.0,0.0,0.0,1.0,0,0
/home/test/bupt_hjk/sdp_dataset/elderAL/action6_sit_TV_new/user2_position8_activity6/20250813=180437_mimo5s_part0.csv,25,38400,28,True,True,0.0,0.0,0.0,0.0,0.0,1.0,0,0
/home/test/bupt_hjk/sdp_dataset/elderAL/action6_sit_TV_new/user2_position8_activity6/20250813=180445_mimo5s_part0.csv,26,39936,28,True,True,0.0,0.0,0.0,0.0,0.0,1.0,0,0
/home/test/bupt_hjk/sdp_dataset/elderAL/action6_sit_TV_new/user2_position8_activity6/20250813=180455_mimo5s_part0.csv,15,23040,28,True,True,0.0,0.0,0.0,0.0,0.0,1.0,0,0
/home/test/bupt_hjk/sdp_dataset/elderAL/action6_sit_TV_new/user2_position8_activity6/20250813=180502_mimo5s_part0.csv,19,29184,28,True,True,0.0,0.0,0.0,0.0,0.0,0.9999999999999998,0,0
/home/test/bupt_hjk/sdp_dataset/elderAL/action6_sit_TV_new/user2_position8_activity6/20250813=180510_mimo5s_part0.csv,20,30720,28,True,True,0.0,0.0,0.0,0.0,0.0,1.0,0,0
/home/test/bupt_hjk/sdp_dataset/elderAL/action6_sit_TV_new/user2_position8_activity6/20250813=180518_mimo5s_part0.csv,21,32256,28,True,True,0.0,0.0,0.0,0.0,0.0,1.0,0,0
/home/test/bupt_hjk/sdp_dataset/elderAL/action6_sit_TV_new/user2_position8_activity6/20250813=180526_mimo5s_part0.csv,28,43008,28,False,False,2437.42416052144,870.7351497965714,0.9670518238076012,957.0274937005472,0.9461157323106122,0.48037148488626946,0,0
/home/test/bupt_hjk/sdp_dataset/elderAL/action6_sit_TV_new/user2_position8_activity6/20250813=180533_mimo5s_part0.csv,11,16896,28,True,True,0.0,0.0,0.0,0.0,0.0,1.0,0,0
/home/test/bupt_hjk/sdp_dataset/elderAL/action6_sit_TV_new/user2_position8_activity6/20250813=180541_mimo5s_part0.csv,20,30720,28,True,True,0.0,0.0,0.0,0.0,0.0,1.0,0,0
/home/test/bupt_hjk/sdp_dataset/elderAL/action6_sit_TV_new/user2_position8_activity6/20250813=180548_mimo5s_part0.csv,27,41472,28,True,True,0.0,0.0,0.0,0.0,0.0,1.0,0,0
/home/test/bupt_hjk/sdp_dataset/elderAL/action6_sit_TV_new/user2_position8_activity6/20250813=180556_mimo5s_part0.csv,23,35328,28,True,True,0.0,0.0,0.0,0.0,0.0,1.0,0,0
/home/test/bupt_hjk/sdp_dataset/elderAL/action6_sit_TV_new/user2_position8_activity6/20250813=180603_mimo5s_part0.csv,15,23040,28,True,True,0.0,0.0,0.0,0.0,0.0,0.9999999999999998,0,0
/home/test/bupt_hjk/sdp_dataset/elderAL/action6_sit_TV_new/user2_position8_activity6/20250813=180610_mimo5s_part0.csv,7,10752,28,True,True,0.0,0.0,0.0,0.0,0.0,1.0,0,0
/home/test/bupt_hjk/sdp_dataset/elderAL/action6_sit_TV_new/user2_position8_activity6/20250813=180617_mimo5s_part0.csv,12,18432,28,True,True,0.0,0.0,0.0,0.0,0.0,1.0,0,0
/home/test/bupt_hjk/sdp_dataset/elderAL/action6_sit_TV_new/user2_position9_activity6/20250813=180649_mimo5s_part0.csv,28,43008,28,False,False,2758.721638198582,802.512116374855,0.9314028027406118,916.9847084460499,0.9220508172741251,0.3058134625438433,0,0
/home/test/bupt_hjk/sdp_dataset/elderAL/action6_sit_TV_new/user2_position9_activity6/20250813=180657_mimo5s_part0.csv,18,27648,28,True,True,0.0,0.0,0.0,0.0,0.0,0.9999999999999998,0,0
/home/test/bupt_hjk/sdp_dataset/elderAL/action6_sit_TV_new/user2_position9_activity6/20250813=180704_mimo5s_part0.csv,30,46080,28,False,False,2228.9431003641243,919.8693675246019,1.0134123524248844,1053.3794004159263,1.0333967778866562,-0.24804603047473625,0,0
/home/test/bupt_hjk/sdp_dataset/elderAL/action6_sit_TV_new/user2_position9_activity6/20250813=180711_mimo5s_part0.csv,41,62976,28,False,False,3407.123083255366,669.3269234855817,0.7419743656087713,788.8557859958216,0.7679176393338512,0.6372066092275495,0,0
/home/test/bupt_hjk/sdp_dataset/elderAL/action6_sit_TV_new/user2_position9_activity6/20250813=180719_mimo5s_part0.csv,7,10752,28,True,True,0.0,0.0,0.0,0.0,0.0,1.0,0,0
/home/test/bupt_hjk/sdp_dataset/elderAL/action6_sit_TV_new/user2_position9_activity6/20250813=180726_mimo5s_part0.csv,11,16896,28,True,True,0.0,0.0,0.0,0.0,0.0,1.0,0,0
/home/test/bupt_hjk/sdp_dataset/elderAL/action6_sit_TV_new/user2_position9_activity6/20250813=180734_mimo5s_part0.csv,11,16896,28,True,True,0.0,0.0,0.0,0.0,0.0,1.0,0,0
/home/test/bupt_hjk/sdp_dataset/elderAL/action6_sit_TV_new/user2_position9_activity6/20250813=180741_mimo5s_part0.csv,11,16896,28,True,True,0.0,0.0,0.0,0.0,0.0,1.0,0,0
/home/test/bupt_hjk/sdp_dataset/elderAL/action6_sit_TV_new/user2_position9_activity6/20250813=180748_mimo5s_part0.csv,29,44544,28,False,False,2821.152949978906,1021.9942879653412,1.1878541571842283,1170.6061001463083,1.1797499821366466,-0.3080337697580197,0,0
/home/test/bupt_hjk/sdp_dataset/elderAL/action6_sit_TV_new/user2_position9_activity6/20250813=180755_mimo5s_part0.csv,37,56832,28,False,False,2851.640642870894,966.4941731874183,1.0902161738777578,1116.9904448358923,1.1131966004505938,-0.3546717458446545,0,0
/home/test/bupt_hjk/sdp_dataset/elderAL/action6_sit_TV_new/user2_position9_activity6/20250813=180803_mimo5s_part0.csv,11,16896,28,True,True,0.0,0.0,0.0,0.0,0.0,1.0,0,0
/home/test/bupt_hjk/sdp_dataset/elderAL/action6_sit_TV_new/user2_position9_activity6/20250813=180810_mimo5s_part0.csv,11,16896,28,True,True,0.0,0.0,0.0,0.0,0.0,1.0,0,0
/home/test/bupt_hjk/sdp_dataset/elderAL/action6_sit_TV_new/user2_position9_activity6/20250813=180817_mimo5s_part0.csv,27,41472,28,True,True,0.0,0.0,0.0,0.0,0.0,1.0,0,0
/home/test/bupt_hjk/sdp_dataset/elderAL/action6_sit_TV_new/user2_position9_activity6/20250813=180824_mimo5s_part0.csv,14,21504,28,True,True,0.0,0.0,0.0,0.0,0.0,1.0,0,0
/home/test/bupt_hjk/sdp_dataset/elderAL/action6_sit_TV_new/user2_position9_activity6/20250813=180832_mimo5s_part0.csv,28,43008,28,False,False,2754.869815360502,836.0451672965163,0.9029901443852908,945.0290214061278,0.8999468549458416,0.3859503696684675,0,0
