run_signature,file_name,record_index,frames,features,antennas,input_representation,input_dtype,max_abs_imaginary,raw_is_nonnegative,raw_negative_rate,method,values,finite_values,nonfinite_count,negative_count_strict,negative_rate_strict,negative_count_meaningful,negative_rate_meaningful,negative_energy_fraction,meaningful_negative_tolerance,step_pairs,rising_step_count,rising_step_rate,falling_step_count,falling_step_rate,flat_step_count,flat_step_rate,zero_crossing_count,zero_crossing_rate,negative_negative_pair_count,negative_negative_pair_rate,comparable_abs_slope_count,abs_slope_direction_disagreement_count,abs_slope_direction_disagreement_rate,meaningful_original_slope_count,abs_slope_direction_changed_or_lost_count,abs_slope_direction_changed_or_lost_rate,minimum,p01,p05,median,p95,p99,maximum,mean,std
cc8a7f0f52562f9c,01_01_01.npy,0,1000,30,9,real_reader_values_nonnegative,float64,0.0,True,0.0,raw,270000,270000,0,0,0.0,0,0.0,0.0,9.778563181602999e-06,269730,134757,0.4995995995995996,134972,0.5003966929892856,1,3.7074111148185224e-06,0,0.0,0,0.0,269729,0,0.0,269729,0,0.0,0.0,2.158025120074646,4.079452622206263,9.77848947369605,18.472001091208423,20.838417040156376,25.9850671495968,10.539072121344727,4.493298536034184
cc8a7f0f52562f9c,01_01_01.npy,0,1000,30,9,real_reader_values_nonnegative,float64,0.0,True,0.0,wavelet,270000,270000,0,0,0.0,0,0.0,0.0,9.778563181602999e-06,269730,134718,0.4994550105661217,135004,0.5005153301449597,8,2.965928891854818e-05,0,0.0,0,0.0,269722,0,0.0,269722,0,0.0,0.14397720399306,2.202986841586221,4.11319757235707,9.795396198993323,18.265781816386195,20.67249625672684,24.486865961872773,10.53904552500527,4.459044562899507
cc8a7f0f52562f9c,01_01_01.npy,0,1000,30,9,real_reader_values_nonnegative,float64,0.0,True,0.0,butterworth_o5_c0.3,270000,270000,0,0,0.0,0,0.0,0.0,9.778563181602999e-06,269730,134037,0.49693026359693027,135681,0.5030252474696919,12,4.448893337782227e-05,0,0.0,0,0.0,269718,0,0.0,269718,0,0.0,0.1962167105656165,2.2032541360350897,4.113410418214558,9.79028695124424,18.275030274223475,20.67889685519575,24.46944706054764,10.539059830163891,4.46129883197287
cc8a7f0f52562f9c,01_01_01.npy,0,1000,30,9,real_reader_values_nonnegative,float64,0.0,True,0.0,savgol_w7_p3,270000,270000,0,0,0.0,0,0.0,0.0,9.778563181602999e-06,269730,134071,0.4970563155748341,135651,0.5029140251362474,8,2.965928891854818e-05,0,0.0,0,0.0,269722,0,0.0,269722,0,0.0,0.17963482967188787,2.206104152048637,4.111599983469007,9.790120796386546,18.29649646677341,20.689246948898685,24.963081468146004,10.539076709074077,4.4633429847604535
cc8a7f0f52562f9c,01_01_01.npy,0,1000,30,9,real_reader_values_nonnegative,float64,0.0,True,0.0,bandpass_fs1000,270000,270000,0,125033,0.4630851851851852,125032,0.4630814814814815,0.5612684844740956,9.778563181602999e-06,269730,134708,0.4994179364549735,135006,0.5005227449671894,16,5.931857783709636e-05,6288,0.02331220108997887,121760,0.45141437734030326,269714,124909,0.46311648635221014,269714,124909,0.46311648635221014,-11.443131701636332,-6.214042060734915,-3.330771173230642,0.12697004946802726,2.8216986371512816,4.866206209065956,9.769853275096372,0.023343203691031968,1.9479199637125368
cc8a7f0f52562f9c,01_01_01.npy,0,1000,30,9,real_reader_values_nonnegative,float64,0.0,True,0.0,bandpass_fs200,270000,270000,0,135098,0.500362962962963,135097,0.5003592592592593,0.5135721831700761,9.778563181602999e-06,269730,134322,0.49798687576465356,135402,0.5019908797686575,6,2.2244466688911134e-05,29605,0.10975790605420235,120140,0.4454083713342973,269723,134842,0.49992770360703387,269724,134843,0.4999295576218653,-9.226607829701098,-4.2586100139827465,-2.3341388162676817,-0.0010387092493670987,2.3260042192873005,4.04330318471449,8.572757950054104,-0.0016803440599059756,1.4803777952312422
cc8a7f0f52562f9c,01_01_01.npy,0,1000,30,9,real_reader_values_nonnegative,float64,0.0,True,0.0,hampel_w5_s3,270000,270000,0,0,0.0,0,0.0,0.0,9.778563181602999e-06,269730,134176,0.49744559374189,134430,0.49838727616505396,1124,0.004167130093056019,0,0.0,0,0.0,268606,0,0.0,268606,0,0.0,0.0,2.165767071239407,4.081540811820703,9.77545091618385,18.44919623226883,20.803272018285895,25.9850671495968,10.536101673807789,4.487615777446162
cc8a7f0f52562f9c,01_01_02.npy,0,1000,30,9,real_reader_values_nonnegative,float64,0.0,True,0.0,raw,270000,270000,0,0,0.0,0,0.0,0.0,9.64990510523992e-06,269730,135056,0.5007081155229304,134673,0.49928817706595485,1,3.7074111148185224e-06,0,0.0,0,0.0,269729,0,0.0,269729,0,0.0,0.0,1.59735310013205,3.6063746133266,9.649614222210165,18.31327360932099,20.3937171991584,26.1434483507066,10.435422847561163,4.545319922049211
cc8a7f0f52562f9c,01_01_02.npy,0,1000,30,9,real_reader_values_nonnegative,float64,0.0,True,0.0,wavelet,270000,270000,0,0,0.0,0,0.0,0.0,9.64990510523992e-06,269730,134911,0.5001705409112817,134798,0.49975160345530717,21,7.785563341118897e-05,0,0.0,0,0.0,269709,0,0.0,269709,0,0.0,0.005112576090849488,1.626210701880692,3.632566546053541,9.640864095522998,18.116480206328983,20.1523163003723,24.154941215472434,10.435482867339664,4.509641200728156
cc8a7f0f52562f9c,01_01_02.npy,0,1000,30,9,real_reader_values_nonnegative,float64,0.0,True,0.0,butterworth_o5_c0.3,270000,270000,0,0,0.0,0,0.0,0.0,9.64990510523992e-06,269730,134862,0.49998887776665557,134858,0.49997404812219626,10,3.7074111148185224e-05,0,0.0,0,0.0,269720,0,0.0,269720,0,0.0,0.14075844389702774,1.6241722731335562,3.6308570252838095,9.645406802152262,18.122707750684196,20.15181272266734,24.115244125720874,10.43570358246577,4.511644400067001
cc8a7f0f52562f9c,01_01_02.npy,0,1000,30,9,real_reader_values_nonnegative,float64,0.0,True,0.0,savgol_w7_p3,270000,270000,0,0,0.0,0,0.0,0.0,9.64990510523992e-06,269730,135040,0.5006487969450932,134676,0.4992992992992993,14,5.1903755607459314e-05,0,0.0,0,0.0,269716,0,0.0,269716,0,0.0,0.13421954085409077,1.6221400551621654,3.62746446576979,9.645051573439936,18.143290314199355,20.180006047085936,24.376346177203708,10.435385933901452,4.513693089337317
cc8a7f0f52562f9c,01_01_02.npy,0,1000,30,9,real_reader_values_nonnegative,float64,0.0,True,0.0,bandpass_fs1000,270000,270000,0,131629,0.4875148148148148,131629,0.4875148148148148,0.4181783061090513,9.64990510523992e-06,269730,133041,0.49323768212657104,136666,0.5066770474177882,23,8.527045564082602e-05,6263,0.023219515812108404,128351,0.47584992399807213,269707,131555,0.48777006158535,269707,131555,0.48777006158535,-8.645636162673526,-4.00520325294397,-2.515883270923914,0.03802823752942705,2.8571445419766746,4.820373575342381,9.574489661303321,0.10610291036234688,1.65158302859352
cc8a7f0f52562f9c,01_01_02.npy,0,1000,30,9,real_reader_values_nonnegative,float64,0.0,True,0.0,bandpass_fs200,270000,270000,0,138162,0.5117111111111111,138160,0.5117037037037037,0.45156945292693584,9.64990510523992e-06,269730,135376,0.5018944870796722,134351,0.4980943906869833,3,1.1122233344455567e-05,33190,0.12304897490082675,121409,0.45011307603900197,269724,138010,0.5116711898088416,269727,138013,0.5116766211762264,-6.341619300970286,-3.2833435892372256,-2.006194549367927,-0.029254218329431626,2.1813499634376017,3.8424893923880887,9.247508923573436,0.018198264741885697,1.2968058685079786
cc8a7f0f52562f9c,01_01_02.npy,0,1000,30,9,real_reader_values_nonnegative,float64,0.0,True,0.0,hampel_w5_s3,270000,270000,0,0,0.0,0,0.0,0.0,9.64990510523992e-06,269730,134486,0.4985948911874838,133916,0.4964816668520372,1328,0.004923441960478997,0,0.0,0,0.0,268402,0,0.0,268402,0,0.0,0.0,1.5996196324470926,3.6074149458311333,9.643842545824334,18.2973631550016,20.3677598735459,26.1434483507066,10.43394973084565,4.542148285367254
cc8a7f0f52562f9c,01_01_03.npy,0,1000,30,9,real_reader_values_nonnegative,float64,0.0,True,0.0,raw,270000,270000,0,0,0.0,0,0.0,0.0,9.802337297910499e-06,269730,134900,0.5001297593890186,134824,0.49984799614429243,6,2.2244466688911134e-05,0,0.0,0,0.0,269724,0,0.0,269724,0,0.0,0.0,2.08713361514314,4.239774329619074,9.802161849540624,18.571778625734638,21.010098588840446,27.0574821938434,10.64515502149765,4.49449505019633
cc8a7f0f52562f9c,01_01_03.npy,0,1000,30,9,real_reader_values_nonnegative,float64,0.0,True,0.0,wavelet,270000,270000,0,0,0.0,0,0.0,0.0,9.802337297910499e-06,269730,135594,0.5027027027027027,134127,0.4972639305972639,9,3.33667000333667e-05,0,0.0,0,0.0,269721,0,0.0,269721,0,0.0,0.2315543177113067,2.115396571301705,4.263086736195543,9.799676160851124,18.372811085789643,20.82584774404409,25.83981865037286,10.645316477293191,4.460563361814277
cc8a7f0f52562f9c,01_01_03.npy,0,1000,30,9,real_reader_values_nonnegative,float64,0.0,True,0.0,butterworth_o5_c0.3,270000,270000,0,0,0.0,0,0.0,0.0,9.802337297910499e-06,269730,135134,0.5009972935898862,134589,0.4989767545323101,7,2.5951877803729657e-05,0,0.0,0,0.0,269723,0,0.0,269723,0,0.0,0.2360819463260527,2.1179017873536377,4.263354757884273,9.79958741519128,18.393068892017784,20.84008944870913,25.50145546817327,10.645290073002574,4.462394285237598
cc8a7f0f52562f9c,01_01_03.npy,0,1000,30,9,real_reader_values_nonnegative,float64,0.0,True,0.0,savgol_w7_p3,270000,270000,0,0,0.0,0,0.0,0.0,9.802337297910499e-06,269730,135022,0.5005820635450265,134700,0.49938827716605494,8,2.965928891854818e-05,0,0.0,0,0.0,269722,0,0.0,269722,0,0.0,0.23066461172925906,2.1143289429074166,4.263331910711106,9.800801033924126,18.402639636534115,20.857401458215904,25.677245833392927,10.645175800333375,4.464409787243371
cc8a7f0f52562f9c,01_01_03.npy,0,1000,30,9,real_reader_values_nonnegative,float64,0.0,True,0.0,bandpass_fs1000,270000,270000,0,124441,0.4608925925925926,124441,0.4608925925925926,0.5219059618625645,9.802337297910499e-06,269730,135918,0.5039039039039039,133785,0.495995995995996,27,0.0001001001001001001,6511,0.0241389537685834,120983,0.4485337189040893,269701,124245,0.46067682359353507,269703,124247,0.46068082297935137,-8.508235149030039,-5.531683045274503,-3.3345653095048755,0.12918586366493023,2.7129154748497113,5.1261657175958115,12.234405403003118,0.013201145993198493,1.9023844985329303
cc8a7f0f52562f9c,01_01_03.npy,0,1000,30,9,real_reader_values_nonnegative,float64,0.0,True,0.0,bandpass_fs200,270000,270000,0,139152,0.5153777777777778,139150,0.5153703703703704,0.5161575130371688,9.802337297910499e-06,269730,134832,0.499877655433211,134892,0.5001001001001001,6,2.2244466688911134e-05,30156,0.11180068957846735,123908,0.45937789641493343,269723,139057,0.51555484700971,269724,139058,0.5155566430870074,-7.962517801161034,-4.1010480850065525,-2.2450509575968303,-0.04340046226023275,2.211907401457612,3.8364599576192275,9.787357446556646,-0.03505875827144679,1.4265523664275035
cc8a7f0f52562f9c,01_01_03.npy,0,1000,30,9,real_reader_values_nonnegative,float64,0.0,True,0.0,hampel_w5_s3,270000,270000,0,0,0.0,0,0.0,0.0,9.802337297910499e-06,269730,134267,0.4977829681533385,134218,0.4976013050087124,1245,0.0046157268379490605,0,0.0,0,0.0,268485,0,0.0,268485,0,0.0,0.0,2.0925864076328473,4.243604882226061,9.80020477678255,18.553146011635476,20.9930066881589,27.0574821938434,10.643787583037842,4.490394525967474
cc8a7f0f52562f9c,01_01_04.npy,0,1000,30,9,real_reader_values_nonnegative,float64,0.0,True,0.0,raw,270000,270000,0,0,0.0,0,0.0,0.0,9.283054204677199e-06,269730,134913,0.5001779557335113,134807,0.4997849701553405,10,3.7074111148185224e-05,0,0.0,0,0.0,269720,0,0.0,269720,0,0.0,0.0,1.9747514193178455,4.03317717472445,9.28274824375359,18.2480058516732,20.25121697723918,25.2089290075937,10.305512979546597,4.477561793799202
cc8a7f0f52562f9c,01_01_04.npy,0,1000,30,9,real_reader_values_nonnegative,float64,0.0,True,0.0,wavelet,270000,270000,0,0,0.0,0,0.0,0.0,9.283054204677199e-06,269730,135317,0.501675749823898,134401,0.4982797612427242,12,4.448893337782227e-05,0,0.0,0,0.0,269718,0,0.0,269718,0,0.0,0.20071930714855213,2.013374871412077,4.063325787028129,9.266231474235166,18.08818811267694,19.929044699619126,24.290406452296896,10.305504144551382,4.444137365736752
cc8a7f0f52562f9c,01_01_04.npy,0,1000,30,9,real_reader_values_nonnegative,float64,0.0,True,0.0,butterworth_o5_c0.3,270000,270000,0,0,0.0,0,0.0,0.0,9.283054204677199e-06,269730,134867,0.5000074148222297,134856,0.49996663329996666,7,2.5951877803729657e-05,0,0.0,0,0.0,269723,0,0.0,269723,0,0.0,0.17171473031896914,2.013797013105044,4.060152000781302,9.264761205698335,18.10246894555478,19.947734230088837,24.2389230240891,10.305460748769619,4.446101511261815
cc8a7f0f52562f9c,01_01_04.npy,0,1000,30,9,real_reader_values_nonnegative,float64,0.0,True,0.0,savgol_w7_p3,270000,270000,0,0,0.0,0,0.0,0.0,9.283054204677199e-06,269730,135224,0.5013309605902199,134499,0.49864308753197645,7,2.5951877803729657e-05,0,0.0,0,0.0,269723,0,0.0,269723,0,0.0,0.08893334296108266,2.0157552194254476,4.058454786350211,9.268986699623357,18.11493308721747,19.96297585442327,24.16959985263714,10.305572465920214,4.4483420096355655
cc8a7f0f52562f9c,01_01_04.npy,0,1000,30,9,real_reader_values_nonnegative,float64,0.0,True,0.0,bandpass_fs1000,270000,270000,0,124577,0.4613962962962963,124573,0.4613814814814815,0.44436368406167964,9.283054204677199e-06,269730,136316,0.5053794535276017,133394,0.49454639825010194,20,7.414822229637045e-05,7152,0.02651540429318207,120858,0.44807029251473696,269709,124375,0.461145160154092,269710,124376,0.4611471580586556,-8.947387908142339,-4.176481428423885,-2.640784801720877,0.12877426599734867,2.804772054709939,4.888767662237072,9.270068709957341,0.10057939118330762,1.6775151919392355
cc8a7f0f52562f9c,01_01_04.npy,0,1000,30,9,real_reader_values_nonnegative,float64,0.0,True,0.0,bandpass_fs200,270000,270000,0,134836,0.4993925925925926,134836,0.4993925925925926,0.48664847029617025,9.283054204677199e-06,269730,134781,0.49968857746635525,134945,0.5002965928891855,4,1.482964445927409e-05,29933,0.11097393689986283,119763,0.4440106773440107,269724,134680,0.4993252361673414,269726,134682,0.4993289486367647,-8.088886990455586,-3.664786118723305,-2.1632219210720267,0.0017266109335341978,2.311331578494265,3.803366788456641,6.951999393914852,0.015730638459377867,1.3888753456919711
cc8a7f0f52562f9c,01_01_04.npy,0,1000,30,9,real_reader_values_nonnegative,float64,0.0,True,0.0,hampel_w5_s3,270000,270000,0,0,0.0,0,0.0,0.0,9.283054204677199e-06,269730,134262,0.4977644310977644,134269,0.49779038297556816,1199,0.0044451859266674085,0,0.0,0,0.0,268531,0,0.0,268531,0,0.0,0.0,1.980821388005398,4.035933026107654,9.276889293329798,18.229939872356915,20.200727706947816,25.2089290075937,10.30280219804805,4.4727411557737895
cc8a7f0f52562f9c,01_01_05.npy,0,1000,30,9,real_reader_values_nonnegative,float64,0.0,True,0.0,raw,270000,270000,0,0,0.0,0,0.0,0.0,9.064979037169748e-06,269730,134565,0.49888777666555445,135155,0.5010751492232973,10,3.7074111148185224e-05,0,0.0,0,0.0,269720,0,0.0,269720,0,0.0,0.0,2.1071638394009002,4.00092352915785,9.064699902207309,18.3270252200286,20.15120541042503,27.2469606412341,10.237001189025383,4.534148472162317
cc8a7f0f52562f9c,01_01_05.npy,0,1000,30,9,real_reader_values_nonnegative,float64,0.0,True,0.0,wavelet,270000,270000,0,0,0.0,0,0.0,0.0,9.064979037169748e-06,269730,134652,0.4992103214325437,135068,0.5007526044563082,10,3.7074111148185224e-05,0,0.0,0,0.0,269720,0,0.0,269720,0,0.0,0.25667735418048615,2.156559762379311,4.03220706756645,9.046032276699325,18.189673381899716,19.803097280300815,25.827294716514377,10.237009584266218,4.502226953777591
cc8a7f0f52562f9c,01_01_05.npy,0,1000,30,9,real_reader_values_nonnegative,float64,0.0,True,0.0,butterworth_o5_c0.3,270000,270000,0,0,0.0,0,0.0,0.0,9.064979037169748e-06,269730,135154,0.5010714418121825,134566,0.4988914840766693,10,3.7074111148185224e-05,0,0.0,0,0.0,269720,0,0.0,269720,0,0.0,0.2922067281899131,2.1603339896267557,4.035711578968686,9.045408145589064,18.20017416577636,19.83241944008479,26.170877058651076,10.237006341489732,4.504342862105986
cc8a7f0f52562f9c,01_01_05.npy,0,1000,30,9,real_reader_values_nonnegative,float64,0.0,True,0.0,savgol_w7_p3,270000,270000,0,0,0.0,0,0.0,0.0,9.064979037169748e-06,269730,135450,0.5021688355021688,134276,0.4978163348533719,4,1.482964445927409e-05,0,0.0,0,0.0,269726,0,0.0,269726,0,0.0,0.32464678943442055,2.1585429885924063,4.030931619774747,9.049740245027746,18.210130894388406,19.851980019454096,26.397805742681527,10.237027664736424,4.506323901190454
cc8a7f0f52562f9c,01_01_05.npy,0,1000,30,9,real_reader_values_nonnegative,float64,0.0,True,0.0,bandpass_fs1000,270000,270000,0,150469,0.5572925925925926,150469,0.5572925925925926,0.5249364175964766,9.064979037169748e-06,269730,135688,0.5030511993474956,134018,0.4968598227857487,24,8.897786675564454e-05,7190,0.026656285915545176,146775,0.5441552663774886,269706,150338,0.5574143697211037,269706,150338,0.5574143697211037,-7.520080858365731,-4.048668639710234,-2.624074577463982,-0.1481388286423645,2.4289307392021127,4.424424175377909,10.88024023935686,-0.12911391532528194,1.5469640349510898
cc8a7f0f52562f9c,01_01_05.npy,0,1000,30,9,real_reader_values_nonnegative,float64,0.0,True,0.0,bandpass_fs200,270000,270000,0,135250,0.5009259259259259,135249,0.5009222222222223,0.4919142712644773,9.064979037169748e-06,269730,135207,0.501267934601268,134519,0.4987172357542728,4,1.482964445927409e-05,32514,0.12054276498720944,118827,0.44054054054054054,269725,134929,0.5002465474093984,269726,134930,0.5002484002283799,-6.672382440085306,-3.5890509327518245,-2.2198498099133612,-0.0022041536068693815,2.111581579939218,3.7570638318039116,8.346525995402892,-0.006402549771132546,1.3328615773075874
cc8a7f0f52562f9c,01_01_05.npy,0,1000,30,9,real_reader_values_nonnegative,float64,0.0,True,0.0,hampel_w5_s3,270000,270000,0,0,0.0,0,0.0,0.0,9.064979037169748e-06,269730,133955,0.4966262558855151,134504,0.49866162458755053,1271,0.0047121195269343415,0,0.0,0,0.0,268459,0,0.0,268459,0,0.0,0.0,2.112020122643458,4.00790304687532,9.059505696080175,18.310615496753435,20.104649312888764,27.2469606412341,10.235786581914658,4.53095272819793
cc8a7f0f52562f9c,01_01_06.npy,0,1000,30,9,real_reader_values_nonnegative,float64,0.0,True,0.0,raw,270000,270000,0,0,0.0,0,0.0,0.0,9.19749465171988e-06,269730,134756,0.49959589218848477,134973,0.5004004004004003,1,3.7074111148185224e-06,0,0.0,0,0.0,269729,0,0.0,269729,0,0.0,0.0,1.99635623195677,3.8427015714484356,9.197379219358865,18.360897214784053,20.242131238450764,25.736571805733,10.224858706965255,4.535400433457569
cc8a7f0f52562f9c,01_01_06.npy,0,1000,30,9,real_reader_values_nonnegative,float64,0.0,True,0.0,wavelet,270000,270000,0,0,0.0,0,0.0,0.0,9.19749465171988e-06,269730,135168,0.50112334556779,134547,0.4988210432654877,15,5.5611166722277836e-05,0,0.0,0,0.0,269715,0,0.0,269715,0,0.0,0.28619678598382,2.036159630217357,3.864301503127595,9.185736039358085,18.180511616186102,19.909814671692494,24.719603641316446,10.224933457324765,4.500351859109773
cc8a7f0f52562f9c,01_01_06.npy,0,1000,30,9,real_reader_values_nonnegative,float64,0.0,True,0.0,butterworth_o5_c0.3,270000,270000,0,0,0.0,0,0.0,0.0,9.19749465171988e-06,269730,135615,0.5027805583361139,134109,0.4971971971971972,6,2.2244466688911134e-05,0,0.0,0,0.0,269724,0,0.0,269724,0,0.0,0.33794595450962983,2.0297729715466954,3.8618800400404925,9.183053125185472,18.183996506556266,19.93428620842825,24.683561196233576,10.224875061299562,4.502181727586429
cc8a7f0f52562f9c,01_01_06.npy,0,1000,30,9,real_reader_values_nonnegative,float64,0.0,True,0.0,savgol_w7_p3,270000,270000,0,0,0.0,0,0.0,0.0,9.19749465171988e-06,269730,135095,0.5008527045564083,134626,0.49911392874355837,9,3.33667000333667e-05,0,0.0,0,0.0,269721,0,0.0,269721,0,0.0,0.2822911059951141,2.0280256176254956,3.8665289483495204,9.18514797457075,18.195485889990078,19.962975267966133,25.1270172195469,10.224815810415732,4.504412056835033
cc8a7f0f52562f9c,01_01_06.npy,0,1000,30,9,real_reader_values_nonnegative,float64,0.0,True,0.0,bandpass_fs1000,270000,270000,0,133697,0.4951740740740741,133696,0.49517037037037037,0.5343477900639645,9.19749465171988e-06,269730,134499,0.49864308753197645,135202,0.5012493975456939,29,0.00010751492232973715,6863,0.02544396248099952,130081,0.4822637452267082,269700,133491,0.4949610678531702,269701,133492,0.49496294044145184,-10.143762038042869,-4.807993437890413,-3.0030177592055383,0.013427876519724992,2.7172957896035834,4.356949188849381,7.953563571975848,-0.012642356179703872,1.707170094526421
cc8a7f0f52562f9c,01_01_06.npy,0,1000,30,9,real_reader_values_nonnegative,float64,0.0,True,0.0,bandpass_fs200,270000,270000,0,137221,0.508225925925926,137220,0.5082222222222222,0.5134521686827637,9.19749465171988e-06,269730,134601,0.49902124346568794,135125,0.5009639268898528,4,1.482964445927409e-05,34131,0.12653764875987097,120014,0.44494123753383014,269722,137086,0.5082492343968975,269726,137090,0.5082565269940607,-7.848533763830682,-3.7970289249330653,-2.0741348752987205,-0.019157272872556447,2.020799744117746,3.520924614074627,9.302499982964441,-0.0231870755574928,1.3137522454702653
cc8a7f0f52562f9c,01_01_06.npy,0,1000,30,9,real_reader_values_nonnegative,float64,0.0,True,0.0,hampel_w5_s3,270000,270000,0,0,0.0,0,0.0,0.0,9.19749465171988e-06,269730,134204,0.497549401253105,134127,0.4972639305972639,1399,0.005186668149631112,0,0.0,0,0.0,268331,0,0.0,268331,0,0.0,0.0,1.9978031481900345,3.846576910267842,9.19267510356791,18.343201096750043,20.18076480554576,25.736571805733,10.22365776468804,4.530732848604837
cc8a7f0f52562f9c,01_01_07.npy,0,1000,30,9,real_reader_values_nonnegative,float64,0.0,True,0.0,raw,270000,270000,0,0,0.0,0,0.0,0.0,9.49465801385249e-06,269730,134496,0.49863196529863196,135228,0.5013457902346792,6,2.2244466688911134e-05,0,0.0,0,0.0,269724,0,0.0,269724,0,0.0,0.0,1.5793623347603623,3.8299569273034635,9.493908816725881,18.474819147660295,20.26745029307291,27.3399610897466,10.444395532125121,4.610923832883383
cc8a7f0f52562f9c,01_01_07.npy,0,1000,30,9,real_reader_values_nonnegative,float64,0.0,True,0.0,wavelet,270000,270000,0,0,0.0,0,0.0,0.0,9.49465801385249e-06,269730,133493,0.494913431950469,136223,0.5050346642939235,14,5.1903755607459314e-05,0,0.0,0,0.0,269716,0,0.0,269716,0,0.0,0.06547166847374734,1.5893497198256368,3.8613187319303863,9.483899118366422,18.30599828123027,19.92284680667591,24.831455779418256,10.444454118512539,4.576890821378069
cc8a7f0f52562f9c,01_01_07.npy,0,1000,30,9,real_reader_values_nonnegative,float64,0.0,True,0.0,butterworth_o5_c0.3,270000,270000,0,0,0.0,0,0.0,0.0,9.49465801385249e-06,269730,133815,0.49610721832944055,135903,0.5038482927371817,12,4.448893337782227e-05,0,0.0,0,0.0,269718,0,0.0,269718,0,0.0,0.07284690732880003,1.5875111921268608,3.8611826188004827,9.484865715201108,18.310860457526505,19.934733619930807,25.036267656672116,10.444437126038267,4.578670433349062
cc8a7f0f52562f9c,01_01_07.npy,0,1000,30,9,real_reader_values_nonnegative,float64,0.0,True,0.0,savgol_w7_p3,270000,270000,0,0,0.0,0,0.0,0.0,9.49465801385249e-06,269730,134529,0.49875430986542096,135193,0.5012160308456605,8,2.965928891854818e-05,0,0.0,0,0.0,269722,0,0.0,269722,0,0.0,0.1149810546936964,1.5900505314035878,3.861276823497213,9.485520308970674,18.327900989290868,19.957567221027155,25.39038671483992,10.444472682826486,4.580818751121306
cc8a7f0f52562f9c,01_01_07.npy,0,1000,30,9,real_reader_values_nonnegative,float64,0.0,True,0.0,bandpass_fs1000,270000,270000,0,131144,0.4857185185185185,131144,0.4857185185185185,0.5719712718972276,9.49465801385249e-06,269730,132471,0.49112445779112446,137235,0.5087865643421199,24,8.897786675564454e-05,5675,0.021039558076595112,128168,0.47517146776406033,269705,131005,0.4857344135258894,269706,131006,0.4857363202895004,-11.897111787429008,-6.522555729829447,-3.8066011546270415,0.04620888803706942,3.1826995685231307,4.902578595656185,8.152378195397182,0.00046360811071819493,2.024966528888835
cc8a7f0f52562f9c,01_01_07.npy,0,1000,30,9,real_reader_values_nonnegative,float64,0.0,True,0.0,bandpass_fs200,270000,270000,0,133507,0.4944703703703704,133505,0.49446296296296294,0.5265302349845186,9.49465801385249e-06,269730,134866,0.5000037074111148,134861,0.49998517035554074,3,1.1122233344455567e-05,31159,0.11551922292663033,117790,0.43669595521447374,269726,133176,0.49374550469735956,269727,133177,0.49374738161177784,-10.38972244739158,-4.456817212355607,-2.3416279794518013,0.01391824674203453,2.3067754156847204,3.7886103442759684,8.29516134496306,0.00805027569142164,1.440890489550238
cc8a7f0f52562f9c,01_01_07.npy,0,1000,30,9,real_reader_values_nonnegative,float64,0.0,True,0.0,hampel_w5_s3,270000,270000,0,0,0.0,0,0.0,0.0,9.49465801385249e-06,269730,133774,0.495955214473733,134505,0.4986653319986653,1451,0.005379453527601676,0,0.0,0,0.0,268279,0,0.0,268279,0,0.0,0.0,1.5839376815201176,3.83113224273264,9.489464282116934,18.456060524790786,20.21805712110281,27.3399610897466,10.442427631028165,4.606054897474962
cc8a7f0f52562f9c,01_01_08.npy,0,1000,30,9,real_reader_values_nonnegative,float64,0.0,True,0.0,raw,270000,270000,0,0,0.0,0,0.0,0.0,9.304247317515105e-06,269730,134647,0.49919178437696954,135081,0.5008008008008008,2,7.414822229637045e-06,0,0.0,0,0.0,269728,0,0.0,269728,0,0.0,0.0,1.9921870473493697,4.10755919195228,9.30411117832062,18.430260239225355,20.292531300677815,25.3085511051694,10.34470453234635,4.495251980786594
cc8a7f0f52562f9c,01_01_08.npy,0,1000,30,9,real_reader_values_nonnegative,float64,0.0,True,0.0,wavelet,270000,270000,0,0,0.0,0,0.0,0.0,9.304247317515105e-06,269730,134560,0.49886923960998036,135157,0.501082564045527,13,4.819634449264079e-05,0,0.0,0,0.0,269717,0,0.0,269717,0,0.0,0.08232691081217497,2.040158320663045,4.1565740289609305,9.293710291973774,18.291084281316493,20.029795251529084,23.746000215349238,10.344620111001445,4.458854225217825
cc8a7f0f52562f9c,01_01_08.npy,0,1000,30,9,real_reader_values_nonnegative,float64,0.0,True,0.0,butterworth_o5_c0.3,270000,270000,0,0,0.0,0,0.0,0.0,9.304247317515105e-06,269730,134280,0.49783116449783116,135438,0.502124346568791,12,4.448893337782227e-05,0,0.0,0,0.0,269718,0,0.0,269718,0,0.0,0.14143179913026185,2.0285112774014227,4.1498159467148685,9.29898215253898,18.300031368296985,20.043451046074154,23.959778645507487,10.344845271079896,4.461878258529183
cc8a7f0f52562f9c,01_01_08.npy,0,1000,30,9,real_reader_values_nonnegative,float64,0.0,True,0.0,savgol_w7_p3,270000,270000,0,0,0.0,0,0.0,0.0,9.304247317515105e-06,269730,134599,0.4990138286434583,135126,0.5009676343009676,5,1.8537055574092612e-05,0,0.0,0,0.0,269725,0,0.0,269725,0,0.0,0.14287376886463451,2.0250139051085325,4.147276642324006,9.298292050098922,18.3083778873888,20.058954885669024,23.835018339275642,10.344665373968976,4.463976074824745
cc8a7f0f52562f9c,01_01_08.npy,0,1000,30,9,real_reader_values_nonnegative,float64,0.0,True,0.0,bandpass_fs1000,270000,270000,0,154953,0.5739,154952,0.5738962962962963,0.5201848969742365,9.304247317515105e-06,269730,135933,0.5039595150706262,133774,0.495955214473733,23,8.527045564082602e-05,6765,0.025080636191747302,151505,0.5616913209505802,269707,154898,0.5743195393519634,269707,154898,0.5743195393519634,-8.815421430740068,-5.34628248824627,-3.27359831101665,-0.25176531046199147,2.6058962837085295,5.861558764581755,16.61790665518086,-0.22119906446725687,1.9560093577455768
cc8a7f0f52562f9c,01_01_08.npy,0,1000,30,9,real_reader_values_nonnegative,float64,0.0,True,0.0,bandpass_fs200,270000,270000,0,138155,0.5116851851851851,138153,0.5116777777777778,0.4780351931360879,9.304247317515105e-06,269730,134744,0.49955140325510694,134984,0.5004411819226634,2,7.414822229637045e-06,31030,0.11504096689281874,122557,0.45436918399881365,269727,138024,0.511717403152076,269728,138025,0.5117192134298256,-7.533928833231926,-3.4505930410049146,-2.053835008289805,-0.032144435577175355,2.149060939011566,3.7541427246980654,9.119200472863135,-0.0034112641864689234,1.33697832865024
cc8a7f0f52562f9c,01_01_08.npy,0,1000,30,9,real_reader_values_nonnegative,float64,0.0,True,0.0,hampel_w5_s3,270000,270000,0,0,0.0,0,0.0,0.0,9.304247317515105e-06,269730,134023,0.4968783598413228,134425,0.4983687391094799,1282,0.004752901049197345,0,0.0,0,0.0,268448,0,0.0,268448,0,0.0,0.0,1.9995383875328183,4.112114902162928,9.29717463277244,18.407883970361276,20.251266878223728,25.3085511051694,10.340523482303789,4.489665952837828
cc8a7f0f52562f9c,01_01_09.npy,0,1000,30,9,real_reader_values_nonnegative,float64,0.0,True,0.0,raw,270000,270000,0,0,0.0,0,0.0,0.0,9.127833430569318e-06,269730,134781,0.49968857746635525,134946,0.5003003003003003,3,1.1122233344455567e-05,0,0.0,0,0.0,269727,0,0.0,269727,0,0.0,0.0,1.7376419064490598,3.669987622177767,9.127020591359795,18.3767110252359,20.430734859261054,27.6244144845906,10.154425212755202,4.624614859770287
cc8a7f0f52562f9c,01_01_09.npy,0,1000,30,9,real_reader_values_nonnegative,float64,0.0,True,0.0,wavelet,270000,270000,0,0,0.0,0,0.0,0.0,9.127833430569318e-06,269730,133670,0.4955696437177919,136052,0.5044006969932896,8,2.965928891854818e-05,0,0.0,0,0.0,269722,0,0.0,269722,0,0.0,0.21771987953255134,1.7926894472855315,3.707719738983744,9.12634513362884,18.236144009809255,20.174438944650188,26.86844780134335,10.154561216565751,4.5908947654418615
cc8a7f0f52562f9c,01_01_09.npy,0,1000,30,9,real_reader_values_nonnegative,float64,0.0,True,0.0,butterworth_o5_c0.3,270000,270000,0,0,0.0,0,0.0,0.0,9.127833430569318e-06,269730,133833,0.4961739517295073,135885,0.5037815593371149,12,4.448893337782227e-05,0,0.0,0,0.0,269718,0,0.0,269718,0,0.0,0.2767586376574973,1.7866584530750402,3.7048189747990854,9.129296273148077,18.24048080983921,20.190597633039605,26.794266460089094,10.154204477178649,4.592678619066648
cc8a7f0f52562f9c,01_01_09.npy,0,1000,30,9,real_reader_values_nonnegative,float64,0.0,True,0.0,savgol_w7_p3,270000,270000,0,0,0.0,0,0.0,0.0,9.127833430569318e-06,269730,134468,0.49852815778741705,135258,0.5014570125681237,4,1.482964445927409e-05,0,0.0,0,0.0,269726,0,0.0,269726,0,0.0,0.23896992553755908,1.7853584201334896,3.7040073865419356,9.129823081947094,18.253795313019477,20.207216922209707,27.546512456023603,10.154487076406037,4.59535001965454
cc8a7f0f52562f9c,01_01_09.npy,0,1000,30,9,real_reader_values_nonnegative,float64,0.0,True,0.0,bandpass_fs1000,270000,270000,0,134629,0.4986259259259259,134628,0.49862222222222224,0.5210745892451251,9.127833430569318e-06,269730,134678,0.49930671412152894,135034,0.5006265524784044,18,6.67334000667334e-05,6448,0.02390538686834983,131230,0.4865235605976347,269711,134479,0.49860406138422236,269712,134480,0.49860592038915585,-15.729452810511935,-6.124930142118109,-3.5971147578459397,0.005882570838373315,3.7421781443307367,5.434673952189402,8.587324856205218,-0.0020255682671149705,2.183817300379381
cc8a7f0f52562f9c,01_01_09.npy,0,1000,30,9,real_reader_values_nonnegative,float64,0.0,True,0.0,bandpass_fs200,270000,270000,0,137207,0.5081740740740741,137206,0.5081703703703704,0.49685283558948423,9.127833430569318e-06,269730,134465,0.4985170355540726,135260,0.5014644273903534,5,1.8537055574092612e-05,29455,0.10920179438697958,122290,0.4533793052311571,269725,136731,0.5069274260821207,269725,136731,0.5069274260821207,-8.336256075200707,-3.981578194523104,-2.4703923325563375,-0.023409643171437393,2.4550616960869633,4.234344871215982,9.028989413352486,-0.017570103684133878,1.5004362405287368
cc8a7f0f52562f9c,01_01_09.npy,0,1000,30,9,real_reader_values_nonnegative,float64,0.0,True,0.0,hampel_w5_s3,270000,270000,0,0,0.0,0,0.0,0.0,9.127833430569318e-06,269730,134247,0.49770881993104216,134269,0.49779038297556816,1214,0.004500797093389686,0,0.0,0,0.0,268516,0,0.0,268516,0,0.0,0.0,1.7417576980851963,3.671019647913019,9.123390439252354,18.36099788370944,20.390947630647208,27.6244144845906,10.152878895927207,4.621451184108109
cc8a7f0f52562f9c,01_01_10.npy,0,1000,30,9,real_reader_values_nonnegative,float64,0.0,True,0.0,raw,270000,270000,0,0,0.0,0,0.0,0.0,9.365935569131544e-06,269730,134841,0.49991102213324434,134883,0.5000667334000667,6,2.2244466688911134e-05,0,0.0,0,0.0,269724,0,0.0,269724,0,0.0,0.0,1.9348142888825692,3.90612909089931,9.36567640333859,18.309657701119445,20.36771688850823,26.2658213368242,10.273371112787958,4.5140676079040825
cc8a7f0f52562f9c,01_01_10.npy,0,1000,30,9,real_reader_values_nonnegative,float64,0.0,True,0.0,wavelet,270000,270000,0,0,0.0,0,0.0,0.0,9.365935569131544e-06,269730,133824,0.4961405850294739,135892,0.5038075112149186,14,5.1903755607459314e-05,0,0.0,0,0.0,269716,0,0.0,269716,0,0.0,0.3264935523670797,1.9694192212131,3.942259554612372,9.359173396643863,18.10714771590387,20.095864914671225,25.287380478840028,10.273437753475328,4.478906139393925
cc8a7f0f52562f9c,01_01_10.npy,0,1000,30,9,real_reader_values_nonnegative,float64,0.0,True,0.0,butterworth_o5_c0.3,270000,270000,0,0,0.0,0,0.0,0.0,9.365935569131544e-06,269730,133799,0.49604789975160346,135913,0.5038853668483299,18,6.67334000667334e-05,0,0.0,0,0.0,269712,0,0.0,269712,0,0.0,0.20488888990398224,1.9669130543071782,3.9408285792852835,9.359889852080038,18.11686660108703,20.106620031036943,25.187870860656936,10.273516030128803,4.481111191692267
cc8a7f0f52562f9c,01_01_10.npy,0,1000,30,9,real_reader_values_nonnegative,float64,0.0,True,0.0,savgol_w7_p3,270000,270000,0,0,0.0,0,0.0,0.0,9.365935569131544e-06,269730,134009,0.49682645608571535,135712,0.5031401772142513,9,3.33667000333667e-05,0,0.0,0,0.0,269721,0,0.0,269721,0,0.0,0.18332375595231087,1.9720761582824151,3.9429635655617012,9.358932855445186,18.132642503102787,20.124810865844264,25.393332527376863,10.273342525205914,4.483274663655254
cc8a7f0f52562f9c,01_01_10.npy,0,1000,30,9,real_reader_values_nonnegative,float64,0.0,True,0.0,bandpass_fs1000,270000,270000,0,123830,0.4586296296296296,123829,0.45862592592592594,0.4417247562933372,9.365935569131544e-06,269730,134736,0.4995217439661884,134973,0.5004004004004003,21,7.785563341118897e-05,5859,0.021721721721721723,120748,0.4476624772921069,269708,123666,0.4585181010574399,269709,123667,0.45852010870975757,-9.35110044061362,-4.930352022981637,-3.063938731501751,0.14646081481833745,3.3526464715681294,6.2491907418673955,9.27721885264046,0.11042653642970453,1.9519674625658898
cc8a7f0f52562f9c,01_01_10.npy,0,1000,30,9,real_reader_values_nonnegative,float64,0.0,True,0.0,bandpass_fs200,270000,270000,0,135872,0.5032296296296296,135871,0.503225925925926,0.4906310383702856,9.365935569131544e-06,269730,134234,0.4976606235865495,135491,0.5023208393578764,5,1.8537055574092612e-05,29900,0.11085159233307382,120776,0.44776628480332187,269723,136013,0.5042691946923326,269725,136015,0.5042728705162666,-7.018491840493683,-4.285360556458552,-2.448968214301018,-0.009109347906000737,2.527558123504182,4.134554860665597,8.400504868347568,0.015529795460734871,1.5088910884003948
cc8a7f0f52562f9c,01_01_10.npy,0,1000,30,9,real_reader_values_nonnegative,float64,0.0,True,0.0,hampel_w5_s3,270000,270000,0,0,0.0,0,0.0,0.0,9.365935569131544e-06,269730,134122,0.49724539354168984,134215,0.497590182775368,1393,0.0051644236829422015,0,0.0,0,0.0,268337,0,0.0,268337,0,0.0,0.0,1.9375620850722888,3.90780003421961,9.360933017074395,18.28723096467571,20.314718218395527,26.1668862800578,10.271767661911046,4.508534407124078
cc8a7f0f52562f9c,01_01_11.npy,0,1000,30,9,real_reader_values_nonnegative,float64,0.0,True,0.0,raw,270000,270000,0,0,0.0,0,0.0,0.0,9.516780336643179e-06,269730,134603,0.49902865828791754,135110,0.5009083157231305,17,6.302598895191488e-05,0,0.0,0,0.0,269713,0,0.0,269713,0,0.0,0.0,1.3546404567634047,2.980973281544986,9.515610776946154,18.538048907277634,20.47057502189683,26.0888645475358,10.26922254145605,4.841934326512177
cc8a7f0f52562f9c,01_01_11.npy,0,1000,30,9,real_reader_values_nonnegative,float64,0.0,True,0.0,wavelet,270000,270000,0,0,0.0,0,0.0,0.0,9.516780336643179e-06,269730,134472,0.4985429874318763,135245,0.5014088162236311,13,4.819634449264079e-05,0,0.0,0,0.0,269717,0,0.0,269717,0,0.0,0.269774883386805,1.3622785233084895,3.0129946537337458,9.50681332295002,18.32181493308933,20.158210666773165,25.251002533628103,10.26923130654937,4.808395204681401
cc8a7f0f52562f9c,01_01_11.npy,0,1000,30,9,real_reader_values_nonnegative,float64,0.0,True,0.0,butterworth_o5_c0.3,270000,270000,0,0,0.0,0,0.0,0.0,9.516780336643179e-06,269730,134251,0.4977236495755014,135469,0.5022392763133504,10,3.7074111148185224e-05,0,0.0,0,0.0,269720,0,0.0,269720,0,0.0,0.1761111481757765,1.3515497541178387,3.0111183975102946,9.510651337736519,18.327382128941974,20.170174493640317,24.933171742432986,10.269125905693205,4.809861811079311
cc8a7f0f52562f9c,01_01_11.npy,0,1000,30,9,real_reader_values_nonnegative,float64,0.0,True,0.0,savgol_w7_p3,270000,270000,0,0,0.0,0,0.0,0.0,9.516780336643179e-06,269730,134185,0.4974789604419234,135538,0.5024950876802728,7,2.5951877803729657e-05,0,0.0,0,0.0,269723,0,0.0,269723,0,0.0,0.15331430622084868,1.3477808065428811,3.009847674716171,9.50999516005735,18.348817967165438,20.194303369591548,25.199994415691815,10.26918258567406,4.812403500859254
cc8a7f0f52562f9c,01_01_11.npy,0,1000,30,9,real_reader_values_nonnegative,float64,0.0,True,0.0,bandpass_fs1000,270000,270000,0,148250,0.549074074074074,148250,0.549074074074074,0.525510097355378,9.516780336643179e-06,269730,133927,0.4965224483743002,135775,0.5033737441144849,28,0.00010380751121491863,5224,0.01936751566381196,145516,0.5394876357839321,269702,148034,0.5488798748248066,269702,148034,0.5488798748248066,-9.707914637032307,-5.020328299621679,-3.0970334756481988,-0.18414067995837824,3.0350610646577123,5.196421673966819,8.539674346274731,-0.1286422815286044,1.9017276464840773
cc8a7f0f52562f9c,01_01_11.npy,0,1000,30,9,real_reader_values_nonnegative,float64,0.0,True,0.0,bandpass_fs200,270000,270000,0,134378,0.4976962962962963,134377,0.4976925925925926,0.5355653046552084,9.516780336643179e-06,269730,134701,0.49939198457716977,135025,0.500593185778371,4,1.482964445927409e-05,32682,0.12116561005449894,117879,0.4370259148036926,269723,134086,0.4971248280643475,269726,134089,0.4971304212422977,-8.557174546571694,-3.5542807134727004,-2.002126055805218,0.005996596086473651,1.9608203517224456,3.129433541632323,7.083357781643255,-0.008826908051134766,1.2500387406813405
cc8a7f0f52562f9c,01_01_11.npy,0,1000,30,9,real_reader_values_nonnegative,float64,0.0,True,0.0,hampel_w5_s3,270000,270000,0,0,0.0,0,0.0,0.0,9.516780336643179e-06,269730,133863,0.49628517406295186,134343,0.49806473139806473,1524,0.005650094538983428,0,0.0,0,0.0,268206,0,0.0,268206,0,0.0,0.0,1.34610372948437,2.98456367768994,9.51356161402323,18.522014992053748,20.430590250790917,26.0888645475358,10.267625030909514,4.838035188523917
cc8a7f0f52562f9c,01_01_12.npy,0,1000,30,9,real_reader_values_nonnegative,float64,0.0,True,0.0,raw,270000,270000,0,0,0.0,0,0.0,0.0,8.89724970762316e-06,269730,134637,0.49915471026582137,135088,0.5008267526786045,5,1.8537055574092612e-05,0,0.0,0,0.0,269725,0,0.0,269725,0,0.0,0.0,2.51587895649506,4.3980188183938,8.897227516806796,18.30443510807433,19.877653338628612,24.0922599482929,10.135031194441725,4.444238395449922
cc8a7f0f52562f9c,01_01_12.npy,0,1000,30,9,real_reader_values_nonnegative,float64,0.0,True,0.0,wavelet,270000,270000,0,0,0.0,0,0.0,0.0,8.89724970762316e-06,269730,134743,0.49954769584399217,134981,0.500430059689319,6,2.2244466688911134e-05,0,0.0,0,0.0,269724,0,0.0,269724,0,0.0,0.3463384888154516,2.563138296711333,4.441354009475723,8.879054608549739,18.155669138618975,19.53571834193629,22.10206821341443,10.135210975674491,4.4110389539094905
cc8a7f0f52562f9c,01_01_12.npy,0,1000,30,9,real_reader_values_nonnegative,float64,0.0,True,0.0,butterworth_o5_c0.3,270000,270000,0,0,0.0,0,0.0,0.0,8.89724970762316e-06,269730,134734,0.49951432914395877,134991,0.5004671338004671,5,1.8537055574092612e-05,0,0.0,0,0.0,269725,0,0.0,269725,0,0.0,0.3768947342734976,2.5594657384322033,4.4431536249917745,8.88102884205138,18.163015901250382,19.56380028800002,21.98432821989238,10.135247527564722,4.412912950121722
cc8a7f0f52562f9c,01_01_12.npy,0,1000,30,9,real_reader_values_nonnegative,float64,0.0,True,0.0,savgol_w7_p3,270000,270000,0,0,0.0,0,0.0,0.0,8.89724970762316e-06,269730,135044,0.5006636265895525,134679,0.49931042153264377,7,2.5951877803729657e-05,0,0.0,0,0.0,269723,0,0.0,269723,0,0.0,0.3941644253657954,2.5581491392585622,4.439293599781146,8.879305290011043,18.17265272825418,19.588906805886296,22.14542556677516,10.13495934299697,4.41499227928849
cc8a7f0f52562f9c,01_01_12.npy,0,1000,30,9,real_reader_values_nonnegative,float64,0.0,True,0.0,bandpass_fs1000,270000,270000,0,137421,0.5089666666666667,137420,0.508962962962963,0.42752327878779056,8.89724970762316e-06,269730,133536,0.49507285062840617,136173,0.5048492937381827,21,7.785563341118897e-05,7646,0.028346865383902423,133517,0.49500240981722465,269708,137334,0.5091951295475107,269709,137335,0.5091969493046209,-5.806850577098881,-3.3784347699077815,-2.255407650538799,-0.026894721241084642,2.4904290605141064,4.441257371839485,8.92737860704832,0.03865309210323704,1.474055410908167
cc8a7f0f52562f9c,01_01_12.npy,0,1000,30,9,real_reader_values_nonnegative,float64,0.0,True,0.0,bandpass_fs200,270000,270000,0,138004,0.5111259259259259,138003,0.5111222222222223,0.4695220356513056,8.89724970762316e-06,269730,135045,0.5006673340006673,134679,0.49931042153264377,6,2.2244466688911134e-05,29838,0.11062173284395507,123000,0.4560115671226782,269722,137893,0.5112412039062442,269724,137895,0.5112448280464474,-6.175934376257139,-3.0240442266196865,-1.970483536783353,-0.030082646005212387,2.1065806850333164,3.2650570595697292,8.332030321399236,0.004583393503741546,1.256792269764984
cc8a7f0f52562f9c,01_01_12.npy,0,1000,30,9,real_reader_values_nonnegative,float64,0.0,True,0.0,hampel_w5_s3,270000,270000,0,0,0.0,0,0.0,0.0,8.89724970762316e-06,269730,134009,0.49682645608571535,134438,0.4984169354539725,1283,0.004756608460312164,0,0.0,0,0.0,268447,0,0.0,268447,0,0.0,0.0,2.5227426675008227,4.40111234700767,8.89251731023494,18.285139507385395,19.807821839588588,22.9696333226814,10.13056997852772,4.436983934506245
cc8a7f0f52562f9c,01_01_13.npy,0,1000,30,9,real_reader_values_nonnegative,float64,0.0,True,0.0,raw,270000,270000,0,0,0.0,0,0.0,0.0,8.9120600134372e-06,269730,134863,0.49999258517777034,134861,0.49998517035554074,6,2.2244466688911134e-05,0,0.0,0,0.0,269724,0,0.0,269724,0,0.0,0.0,1.8185721877394745,3.7057056454778783,8.91155696712039,18.160475422000577,20.191826969313503,25.8391989926857,10.051543780835756,4.627271383530676
cc8a7f0f52562f9c,01_01_13.npy,0,1000,30,9,real_reader_values_nonnegative,float64,0.0,True,0.0,wavelet,270000,270000,0,0,0.0,0,0.0,0.0,8.9120600134372e-06,269730,134311,0.49794609424239056,135410,0.502020539057576,9,3.33667000333667e-05,0,0.0,0,0.0,269721,0,0.0,269721,0,0.0,0.13469155232507285,1.8468829497139378,3.7445323280301275,8.888830399825785,17.962703000868505,19.920789731854416,24.08263222330499,10.051693467245752,4.593318527346554
cc8a7f0f52562f9c,01_01_13.npy,0,1000,30,9,real_reader_values_nonnegative,float64,0.0,True,0.0,butterworth_o5_c0.3,270000,270000,0,0,0.0,0,0.0,0.0,8.9120600134372e-06,269730,134057,0.4970044118192266,135666,0.5029696363029696,7,2.5951877803729657e-05,0,0.0,0,0.0,269723,0,0.0,269723,0,0.0,0.20784318119638154,1.841594500672001,3.740058553862955,8.890094461187097,17.97627389709138,19.934764853623918,24.678619258877426,10.051500193118114,4.595221524707342
cc8a7f0f52562f9c,01_01_13.npy,0,1000,30,9,real_reader_values_nonnegative,float64,0.0,True,0.0,savgol_w7_p3,270000,270000,0,0,0.0,0,0.0,0.0,8.9120600134372e-06,269730,135109,0.5009046083120157,134616,0.4990768546324102,5,1.8537055574092612e-05,0,0.0,0,0.0,269725,0,0.0,269725,0,0.0,0.10497662208183947,1.842847493311901,3.7357275872144853,8.892842377518956,17.999321865686145,19.951611513968192,24.795641988345423,10.051530835720689,4.597344672132617
cc8a7f0f52562f9c,01_01_13.npy,0,1000,30,9,real_reader_values_nonnegative,float64,0.0,True,0.0,bandpass_fs1000,270000,270000,0,137739,0.5101444444444444,137738,0.5101407407407408,0.5639503445302874,8.9120600134372e-06,269730,135361,0.50183887591295,134346,0.49807585363140916,23,8.527045564082602e-05,7964,0.029525822118414712,133585,0.4952545137730323,269707,137527,0.509912608868142,269707,137527,0.509912608868142,-9.43786990517113,-5.000750225350007,-3.047426474521013,-0.030757067755077094,2.57459555477219,4.6930027611533465,9.502925754840987,-0.10693701560185288,1.7422224994527953
cc8a7f0f52562f9c,01_01_13.npy,0,1000,30,9,real_reader_values_nonnegative,float64,0.0,True,0.0,bandpass_fs200,270000,270000,0,136844,0.5068296296296296,136844,0.5068296296296296,0.5232992419008192,8.9120600134372e-06,269730,135179,0.501164127090053,134550,0.4988321654988322,1,3.7074111148185224e-06,31155,0.11550439328217106,121112,0.44901197493790085,269728,136635,0.5065658737691304,269729,136636,0.5065677031390766,-7.449744546979722,-4.48958199922799,-2.54838230770202,-0.018906846096216158,2.4718895371516134,4.086360091563133,8.19619847471277,-0.025694650447056096,1.5287412467466979
cc8a7f0f52562f9c,01_01_13.npy,0,1000,30,9,real_reader_values_nonnegative,float64,0.0,True,0.0,hampel_w5_s3,270000,270000,0,0,0.0,0,0.0,0.0,8.9120600134372e-06,269730,134218,0.4976013050087124,134218,0.4976013050087124,1294,0.004797389982575168,0,0.0,0,0.0,268436,0,0.0,268436,0,0.0,0.0,1.82579230631709,3.70624205800616,8.90651535254314,18.13991820617613,20.13018299077036,25.8391989926857,10.049474013968025,4.623284315333321
cc8a7f0f52562f9c,01_01_14.npy,0,1000,30,9,real_reader_values_nonnegative,float64,0.0,True,0.0,raw,270000,270000,0,0,0.0,0,0.0,0.0,9.273710980951204e-06,269730,134765,0.49962925888851817,134962,0.5003596188781374,3,1.1122233344455567e-05,0,0.0,0,0.0,269727,0,0.0,269727,0,0.0,0.0,2.344085802316275,4.27851444862976,9.273554929172455,18.38826192543455,20.524249559444574,25.6857398973143,10.297762030132922,4.480682953993545
cc8a7f0f52562f9c,01_01_14.npy,0,1000,30,9,real_reader_values_nonnegative,float64,0.0,True,0.0,wavelet,270000,270000,0,0,0.0,0,0.0,0.0,9.273710980951204e-06,269730,135326,0.5017091165239314,134388,0.49823156489823156,16,5.931857783709636e-05,0,0.0,0,0.0,269714,0,0.0,269714,0,0.0,0.3354739103212777,2.388525806984774,4.322126059694809,9.266107476930596,18.155632427300283,20.26911466357383,24.248491486504346,10.297602959633572,4.442427123758302
cc8a7f0f52562f9c,01_01_14.npy,0,1000,30,9,real_reader_values_nonnegative,float64,0.0,True,0.0,butterworth_o5_c0.3,270000,270000,0,0,0.0,0,0.0,0.0,9.273710980951204e-06,269730,134593,0.49899158417676936,135129,0.5009787565343121,8,2.965928891854818e-05,0,0.0,0,0.0,269722,0,0.0,269722,0,0.0,0.18797042802182085,2.38174554600017,4.318138530888698,9.266807249935663,18.17769346518999,20.283700071639974,24.462110976631617,10.297480961205236,4.445380972114338
cc8a7f0f52562f9c,01_01_14.npy,0,1000,30,9,real_reader_values_nonnegative,float64,0.0,True,0.0,savgol_w7_p3,270000,270000,0,0,0.0,0,0.0,0.0,9.273710980951204e-06,269730,134817,0.4998220442664887,134909,0.500163126089052,4,1.482964445927409e-05,0,0.0,0,0.0,269726,0,0.0,269726,0,0.0,0.216490805828298,2.387302739551016,4.31497024100646,9.26619081528911,18.19391545838905,20.308884813657926,24.857259539983716,10.297806879561605,4.44795220858927
cc8a7f0f52562f9c,01_01_14.npy,0,1000,30,9,real_reader_values_nonnegative,float64,0.0,True,0.0,bandpass_fs1000,270000,270000,0,149525,0.5537962962962963,149525,0.5537962962962963,0.6147534304026913,9.273710980951204e-06,269730,134386,0.4982241500760019,135325,0.5017054091128165,19,7.044081118155193e-05,6465,0.023968412857301745,146149,0.5418344270196122,269710,149365,0.5537985243409588,269711,149366,0.5538001787098042,-12.019139770095276,-5.797821322022106,-3.6644022291134513,-0.17154619270865182,2.804895288014913,5.427452490667981,10.47900895323365,-0.24397005256568588,1.995235263902736
cc8a7f0f52562f9c,01_01_14.npy,0,1000,30,9,real_reader_values_nonnegative,float64,0.0,True,0.0,bandpass_fs200,270000,270000,0,134666,0.49876296296296296,134665,0.49875925925925924,0.5551813563194883,9.273710980951204e-06,269730,135396,0.5019686353019687,134329,0.49801282764245725,5,1.8537055574092612e-05,32095,0.11898935973010047,118444,0.43912060208356507,269724,134174,0.4974492444128072,269725,134175,0.49745110760960237,-9.340470564216226,-4.685290391210988,-2.6383639350708044,0.0031834973379666204,2.3480077606028016,4.034067304978328,7.509272455750582,-0.03297851427392124,1.533071299505236
cc8a7f0f52562f9c,01_01_14.npy,0,1000,30,9,real_reader_values_nonnegative,float64,0.0,True,0.0,hampel_w5_s3,270000,270000,0,0,0.0,0,0.0,0.0,9.273710980951204e-06,269730,134124,0.4972528083639195,134392,0.4982463945426908,1214,0.004500797093389686,0,0.0,0,0.0,268516,0,0.0,268516,0,0.0,0.0,2.3474395816864178,4.281629989794733,9.27251915200991,18.374796573542948,20.4977111738791,25.6857398973143,10.29772723107935,4.4779361395984365
cc8a7f0f52562f9c,01_01_15.npy,0,1000,30,9,real_reader_values_nonnegative,float64,0.0,True,0.0,raw,270000,270000,0,0,0.0,0,0.0,0.0,9.380450868100768e-06,269730,134765,0.49962925888851817,134961,0.5003559114670226,4,1.482964445927409e-05,0,0.0,0,0.0,269726,0,0.0,269726,0,0.0,0.0,1.9145493109800575,3.8869424897533915,9.380111255560085,18.465128861767393,20.408546645693196,27.2384081450821,10.388066476584784,4.596525206188628
cc8a7f0f52562f9c,01_01_15.npy,0,1000,30,9,real_reader_values_nonnegative,float64,0.0,True,0.0,wavelet,270000,270000,0,0,0.0,0,0.0,0.0,9.380450868100768e-06,269730,134389,0.4982352723093464,135331,0.5017276535795054,10,3.7074111148185224e-05,0,0.0,0,0.0,269720,0,0.0,269720,0,0.0,0.24931591857794708,1.9479585348083819,3.923344181236975,9.361259338872486,18.285367970286806,20.143904888841668,24.026202767883323,10.388019083161875,4.563322591381251
cc8a7f0f52562f9c,01_01_15.npy,0,1000,30,9,real_reader_values_nonnegative,float64,0.0,True,0.0,butterworth_o5_c0.3,270000,270000,0,0,0.0,0,0.0,0.0,9.380450868100768e-06,269730,134423,0.4983613242872502,135301,0.5016164312460609,6,2.2244466688911134e-05,0,0.0,0,0.0,269724,0,0.0,269724,0,0.0,0.20275284774606198,1.9482452524398917,3.9212709686106173,9.359906629944426,18.288168720955714,20.14436195772334,24.107267578628637,10.388153250669225,4.565131396865664
cc8a7f0f52562f9c,01_01_15.npy,0,1000,30,9,real_reader_values_nonnegative,float64,0.0,True,0.0,savgol_w7_p3,270000,270000,0,0,0.0,0,0.0,0.0,9.380450868100768e-06,269730,134193,0.49750861973084193,135525,0.5024468913357802,12,4.448893337782227e-05,0,0.0,0,0.0,269718,0,0.0,269718,0,0.0,0.1634814536622816,1.9460741472316587,3.919355897652789,9.361980559908694,18.301682634416625,20.178298964375344,24.58579380723909,10.388047494385457,4.567426458753521
cc8a7f0f52562f9c,01_01_15.npy,0,1000,30,9,real_reader_values_nonnegative,float64,0.0,True,0.0,bandpass_fs1000,270000,270000,0,143477,0.5313962962962963,143475,0.5313888888888889,0.5212336564929503,9.380450868100768e-06,269730,133786,0.4959997034071108,135920,0.5039113187261336,24,8.897786675564454e-05,6025,0.022337151966781595,140363,0.5203833463092722,269704,143420,0.5317681606501943,269706,143422,0.5317716328149912,-12.187850264434985,-5.984294766825416,-3.6127210819478184,-0.10868823957633277,3.4531241969261024,5.985860147261627,13.86603135482389,-0.08034752258740643,2.13719023978967
cc8a7f0f52562f9c,01_01_15.npy,0,1000,30,9,real_reader_values_nonnegative,float64,0.0,True,0.0,bandpass_fs200,270000,270000,0,135593,0.5021962962962963,135592,0.5021925925925926,0.5225828658508049,9.380450868100768e-06,269730,135149,0.5010529047566085,134574,0.4989211433655878,7,2.5951877803729657e-05,30008,0.11125199273347422,120464,0.4466095725354985,269722,135501,0.5023728134894447,269723,135502,0.502374658445887,-9.04068643618974,-4.893183135161047,-2.539371548982884,-0.00626737569406656,2.5198492686350726,4.348436438274288,10.56937536815571,-0.006400425160406988,1.5844497435024125
cc8a7f0f52562f9c,01_01_15.npy,0,1000,30,9,real_reader_values_nonnegative,float64,0.0,True,0.0,hampel_w5_s3,270000,270000,0,0,0.0,0,0.0,0.0,9.380450868100768e-06,269730,134172,0.49743076409743076,134198,0.49752715678641607,1360,0.00504207911615319,0,0.0,0,0.0,268370,0,0.0,268370,0,0.0,0.0,1.926001841498672,3.889102479115624,9.378610805236896,18.4572388829566,20.362326905330384,25.7850779807911,10.38861044343557,4.593590125840612
cc8a7f0f52562f9c,01_01_16.npy,0,1000,30,9,real_reader_values_nonnegative,float64,0.0,True,0.0,raw,270000,270000,0,0,0.0,0,0.0,0.0,9.20450831652987e-06,269730,134406,0.4982982982982983,135322,0.501694286879472,2,7.414822229637045e-06,0,0.0,0,0.0,269728,0,0.0,269728,0,0.0,0.0,1.7579260787631357,3.6688064677884875,9.203596282003245,18.76493331317447,20.647302685168892,26.365804842601,10.329226720945393,4.729378790514194
cc8a7f0f52562f9c,01_01_16.npy,0,1000,30,9,real_reader_values_nonnegative,float64,0.0,True,0.0,wavelet,270000,270000,0,0,0.0,0,0.0,0.0,9.20450831652987e-06,269730,133091,0.49342305268231196,136633,0.5065547028509991,6,2.2244466688911134e-05,0,0.0,0,0.0,269724,0,0.0,269724,0,0.0,0.07702130486912759,1.836357435774897,3.715515521551667,9.168333701268084,18.62451154579521,20.287048291068775,25.0579687606422,10.329135854584665,4.693951392876323
cc8a7f0f52562f9c,01_01_16.npy,0,1000,30,9,real_reader_values_nonnegative,float64,0.0,True,0.0,butterworth_o5_c0.3,270000,270000,0,0,0.0,0,0.0,0.0,9.20450831652987e-06,269730,133737,0.4958180402624847,135985,0.5041523004485967,8,2.965928891854818e-05,0,0.0,0,0.0,269722,0,0.0,269722,0,0.0,0.1270756734689337,1.8064406040126888,3.7130861995821465,9.174038359775535,18.634819919767423,20.320641021047926,25.714046217759247,10.328728995858384,4.69671594886968
cc8a7f0f52562f9c,01_01_16.npy,0,1000,30,9,real_reader_values_nonnegative,float64,0.0,True,0.0,savgol_w7_p3,270000,270000,0,0,0.0,0,0.0,0.0,9.20450831652987e-06,269730,134345,0.4980721462202944,135380,0.5019093167241315,5,1.8537055574092612e-05,0,0.0,0,0.0,269725,0,0.0,269725,0,0.0,0.14220511759214594,1.8029301030503693,3.7102350615926203,9.174351230037459,18.648761783739012,20.352085678036936,26.001094165154875,10.329291352395424,4.699241669898803
cc8a7f0f52562f9c,01_01_16.npy,0,1000,30,9,real_reader_values_nonnegative,float64,0.0,True,0.0,bandpass_fs1000,270000,270000,0,145799,0.5399962962962963,145799,0.5399962962962963,0.49461849722216417,9.20450831652987e-06,269730,133630,0.49542134727319914,136079,0.5045007970933897,21,7.785563341118897e-05,6486,0.024046268490712935,142493,0.5282801319838357,269709,145709,0.540245227263458,269709,145709,0.540245227263458,-10.121434866489675,-6.088774231924958,-3.7698449658630007,-0.16349271631511847,3.4911588097155652,6.470903076405113,23.89995675680024,-0.1423701032660249,2.306174245758187
cc8a7f0f52562f9c,01_01_16.npy,0,1000,30,9,real_reader_values_nonnegative,float64,0.0,True,0.0,bandpass_fs200,270000,270000,0,135424,0.5015703703703703,135423,0.5015666666666667,0.4676930134940927,9.20450831652987e-06,269730,134613,0.4990657323990657,135115,0.5009268527787046,2,7.414822229637045e-06,28510,0.10569829088347607,121066,0.4488414340266192,269727,135195,0.5012290204540146,269728,135196,0.5012308696167992,-10.181331665812332,-4.437413622942535,-2.7149079756846755,-0.004701099888865079,2.8381182512178933,4.730664049431406,12.929179044262112,0.023925112559781914,1.7022934477027583
cc8a7f0f52562f9c,01_01_16.npy,0,1000,30,9,real_reader_values_nonnegative,float64,0.0,True,0.0,hampel_w5_s3,270000,270000,0,0,0.0,0,0.0,0.0,9.20450831652987e-06,269730,133878,0.4963407852296741,134821,0.499836873910948,1031,0.0038223408593778966,0,0.0,0,0.0,268699,0,0.0,268699,0,0.0,0.0,1.7683971187192682,3.67168525226383,9.19962919579804,18.749042197708324,20.607188998017968,26.365804842601,10.328832213332158,4.7253055524284395
cc8a7f0f52562f9c,01_01_17.npy,0,1000,30,9,real_reader_values_nonnegative,float64,0.0,True,0.0,raw,270000,270000,0,0,0.0,0,0.0,0.0,9.2931981986223e-06,269730,135291,0.5015793571349126,134435,0.49840581322062805,4,1.482964445927409e-05,0,0.0,0,0.0,269726,0,0.0,269726,0,0.0,0.0,2.06159625312028,3.8479147138906886,9.29306379409483,18.227187440146164,19.953230416358217,25.1247022752352,10.261669603412958,4.530872803799835
cc8a7f0f52562f9c,01_01_17.npy,0,1000,30,9,real_reader_values_nonnegative,float64,0.0,True,0.0,wavelet,270000,270000,0,0,0.0,0,0.0,0.0,9.2931981986223e-06,269730,134796,0.4997441886330775,134927,0.5002298594891188,7,2.5951877803729657e-05,0,0.0,0,0.0,269723,0,0.0,269723,0,0.0,0.23421504754132108,2.1087590994924827,3.857228393894017,9.286847088525777,18.055173413832918,19.646724952023604,23.903423477923578,10.261757528381692,4.496850203529774
cc8a7f0f52562f9c,01_01_17.npy,0,1000,30,9,real_reader_values_nonnegative,float64,0.0,True,0.0,butterworth_o5_c0.3,270000,270000,0,0,0.0,0,0.0,0.0,9.2931981986223e-06,269730,134638,0.4991584176769362,135086,0.5008193378563749,6,2.2244466688911134e-05,0,0.0,0,0.0,269724,0,0.0,269724,0,0.0,0.29589265418745814,2.1044626960904655,3.8541872838590527,9.285836275086986,18.069577533432675,19.663393828353012,23.72309303788562,10.261604902899041,4.499036843030271
cc8a7f0f52562f9c,01_01_17.npy,0,1000,30,9,real_reader_values_nonnegative,float64,0.0,True,0.0,savgol_w7_p3,270000,270000,0,0,0.0,0,0.0,0.0,9.2931981986223e-06,269730,134651,0.49920661402142885,135071,0.5007637266896526,8,2.965928891854818e-05,0,0.0,0,0.0,269722,0,0.0,269722,0,0.0,0.25919988837057045,2.098906701563613,3.853696513562349,9.2856124144569,18.085678673522516,19.695834944017268,23.749023717941554,10.26164990968906,4.501059455625577
cc8a7f0f52562f9c,01_01_17.npy,0,1000,30,9,real_reader_values_nonnegative,float64,0.0,True,0.0,bandpass_fs1000,270000,270000,0,129464,0.4794962962962963,129463,0.4794925925925926,0.47470502333004877,9.2931981986223e-06,269730,134745,0.49955511066622177,134968,0.5003818633448263,17,6.302598895191488e-05,8010,0.029696363029696363,125346,0.4647091535980425,269712,129263,0.4792630657886931,269713,129264,0.4792649964962757,-8.158302079468827,-5.451236351849611,-3.494844285356836,0.06645807917871646,3.5772688809592323,5.708742915716251,11.351013511706741,0.06106489189358806,2.0217629055657964
cc8a7f0f52562f9c,01_01_17.npy,0,1000,30,9,real_reader_values_nonnegative,float64,0.0,True,0.0,bandpass_fs200,270000,270000,0,132363,0.49023333333333335,132363,0.49023333333333335,0.49283644946224703,9.2931981986223e-06,269730,134334,0.4980313646980314,135393,0.5019575130686241,3,1.1122233344455567e-05,29373,0.10889778667556445,117522,0.43570236903570236,269727,132238,0.49026608385515724,269727,132238,0.49026608385515724,-7.558558050162667,-4.496861263094588,-2.6648032034971165,0.02854693208047324,2.7254798251136854,4.295155873923481,8.84202893843267,0.032695155348797154,1.598629302135211
cc8a7f0f52562f9c,01_01_17.npy,0,1000,30,9,real_reader_values_nonnegative,float64,0.0,True,0.0,hampel_w5_s3,270000,270000,0,0,0.0,0,0.0,0.0,9.2931981986223e-06,269730,134705,0.499406814221629,133829,0.49615912208504803,1196,0.004434063693322952,0,0.0,0,0.0,268534,0,0.0,268534,0,0.0,0.0,2.0731135294393943,3.8495032704428516,9.2904731636172,18.216662951708944,19.909767498952505,25.0848790390048,10.261021531926689,4.527647638011556
cc8a7f0f52562f9c,01_01_18.npy,0,1000,30,9,real_reader_values_nonnegative,float64,0.0,True,0.0,raw,270000,270000,0,0,0.0,0,0.0,0.0,9.37845117554451e-06,269730,135142,0.5010269528788047,134576,0.49892855818781745,12,4.448893337782227e-05,0,0.0,0,0.0,269718,0,0.0,269718,0,0.0,0.0,2.0275474447231088,3.9724804560773146,9.377977379030149,18.448481556537477,20.32764239141097,26.4439307669752,10.384279190457482,4.5571790682621955
cc8a7f0f52562f9c,01_01_18.npy,0,1000,30,9,real_reader_values_nonnegative,float64,0.0,True,0.0,wavelet,270000,270000,0,0,0.0,0,0.0,0.0,9.37845117554451e-06,269730,134431,0.4983909835761688,135287,0.5015645274904534,12,4.448893337782227e-05,0,0.0,0,0.0,269718,0,0.0,269718,0,0.0,0.32891889327468465,2.0717123082082076,4.0062078247188735,9.365246262794223,18.238548773409033,20.052872267632427,24.743400750957946,10.384547946819746,4.52236733916726
cc8a7f0f52562f9c,01_01_18.npy,0,1000,30,9,real_reader_values_nonnegative,float64,0.0,True,0.0,butterworth_o5_c0.3,270000,270000,0,0,0.0,0,0.0,0.0,9.37845117554451e-06,269730,134370,0.4981648314981648,135351,0.5018018018018018,9,3.33667000333667e-05,0,0.0,0,0.0,269721,0,0.0,269721,0,0.0,0.2808182059964429,2.0685335947465746,4.0020890954442105,9.366551150623991,18.25282686560627,20.051136687424382,25.031259802537686,10.384604910781224,4.524378756019728
cc8a7f0f52562f9c,01_01_18.npy,0,1000,30,9,real_reader_values_nonnegative,float64,0.0,True,0.0,savgol_w7_p3,270000,270000,0,0,0.0,0,0.0,0.0,9.37845117554451e-06,269730,134721,0.4994661327994661,135005,0.5005190375560746,4,1.482964445927409e-05,0,0.0,0,0.0,269726,0,0.0,269726,0,0.0,0.24125473105329825,2.0698972594654013,4.000320094494704,9.365886127834928,18.272359801202388,20.071152517991727,25.010594989872548,10.384185559667133,4.52648432773844
cc8a7f0f52562f9c,01_01_18.npy,0,1000,30,9,real_reader_values_nonnegative,float64,0.0,True,0.0,bandpass_fs1000,270000,270000,0,124098,0.4596222222222222,124097,0.45961851851851854,0.5092402659900734,9.37845117554451e-06,269730,133754,0.49588106625143663,135950,0.5040225410595781,26,9.639268898528158e-05,6585,0.02441330219107997,120628,0.4472175879583287,269704,123932,0.459511167798772,269704,123932,0.459511167798772,-11.374490480263255,-5.464270136089496,-2.9076643548145165,0.1241082767684627,2.948771414471141,4.733079507306992,9.779949759957317,0.09629273059180699,1.8240932302984405
cc8a7f0f52562f9c,01_01_18.npy,0,1000,30,9,real_reader_values_nonnegative,float64,0.0,True,0.0,bandpass_fs200,270000,270000,0,132301,0.4900037037037037,132299,0.4899962962962963,0.5194236042764324,9.37845117554451e-06,269730,134368,0.4981574166759352,135359,0.5018314610907203,3,1.1122233344455567e-05,32987,0.12229637044451859,115660,0.42879916953991026,269725,131998,0.48937992399666325,269727,132000,0.4893837101958647,-10.523482465306559,-4.283144867667968,-2.3562120819999253,0.02541650401718492,2.3544953290282096,4.130641683232185,7.693172856178046,0.01160557338820878,1.4783945600370627
cc8a7f0f52562f9c,01_01_18.npy,0,1000,30,9,real_reader_values_nonnegative,float64,0.0,True,0.0,hampel_w5_s3,270000,270000,0,0,0.0,0,0.0,0.0,9.37845117554451e-06,269730,134459,0.4984947910873837,133945,0.49658918177436695,1326,0.004916027138249361,0,0.0,0,0.0,268404,0,0.0,268404,0,0.0,0.0,2.03074743144192,3.9736077472701363,9.37617158615633,18.434826684475695,20.294043758277713,26.4439307669752,10.385242610524063,4.554772709733558
cc8a7f0f52562f9c,01_01_19.npy,0,1000,30,9,real_reader_values_nonnegative,float64,0.0,True,0.0,raw,270000,270000,0,0,0.0,0,0.0,0.0,9.597240941264188e-06,269730,134109,0.4971971971971972,135615,0.5027805583361139,6,2.2244466688911134e-05,0,0.0,0,0.0,269724,0,0.0,269724,0,0.0,0.0,1.8027744776304826,3.8954229044515687,9.596330152005226,18.576432739344565,20.79631477417163,26.7543298172708,10.522638409250451,4.613025655541931
cc8a7f0f52562f9c,01_01_19.npy,0,1000,30,9,real_reader_values_nonnegative,float64,0.0,True,0.0,wavelet,270000,270000,0,0,0.0,0,0.0,0.0,9.597240941264188e-06,269730,133001,0.4930893856819783,136720,0.5068772476179884,9,3.33667000333667e-05,0,0.0,0,0.0,269721,0,0.0,269721,0,0.0,0.18821028055524303,1.807487846019996,3.9171062276125066,9.5861200797898,18.39665216212903,20.62741761804673,24.382873364192488,10.522634260708971,4.578145322405989
cc8a7f0f52562f9c,01_01_19.npy,0,1000,30,9,real_reader_values_nonnegative,float64,0.0,True,0.0,butterworth_o5_c0.3,270000,270000,0,0,0.0,0,0.0,0.0,9.597240941264188e-06,269730,133639,0.4954547139732325,136082,0.5045119193267341,9,3.33667000333667e-05,0,0.0,0,0.0,269721,0,0.0,269721,0,0.0,0.26077293403631635,1.8055916000898913,3.919248225637054,9.587570413431475,18.415654940050565,20.64406155076957,24.62588747462656,10.522707387922244,4.580338389274505
cc8a7f0f52562f9c,01_01_19.npy,0,1000,30,9,real_reader_values_nonnegative,float64,0.0,True,0.0,savgol_w7_p3,270000,270000,0,0,0.0,0,0.0,0.0,9.597240941264188e-06,269730,133630,0.49542134727319914,136094,0.5045564082601119,6,2.2244466688911134e-05,0,0.0,0,0.0,269724,0,0.0,269724,0,0.0,0.2279124950255813,1.8135887379588898,3.9122695023035305,9.589177763603667,18.430188981331852,20.648870029723597,25.05026069429971,10.522605314774104,4.58276921980235
cc8a7f0f52562f9c,01_01_19.npy,0,1000,30,9,real_reader_values_nonnegative,float64,0.0,True,0.0,bandpass_fs1000,270000,270000,0,135790,0.5029259259259259,135790,0.5029259259259259,0.5987423969785508,9.597240941264188e-06,269730,133618,0.4953768583398213,136095,0.5045601156712268,17,6.302598895191488e-05,7382,0.02736810884959033,131976,0.4892892892892893,269713,135628,0.5028604479576438,269713,135628,0.5028604479576438,-12.602339493899365,-6.445154907003371,-3.79792818844475,-0.008853110844335418,3.1297048968190784,4.979666216221428,10.855661039649485,-0.09765260609396612,2.0597089790523375
cc8a7f0f52562f9c,01_01_19.npy,0,1000,30,9,real_reader_values_nonnegative,float64,0.0,True,0.0,bandpass_fs200,270000,270000,0,133069,0.49284814814814815,133068,0.4928444444444444,0.5475334614285653,9.597240941264188e-06,269730,133957,0.4966336707077448,135769,0.5033514996477959,4,1.482964445927409e-05,30135,0.11172283394505617,117866,0.4369777184591999,269726,132921,0.4928001008430778,269726,132921,0.4928001008430778,-12.350131137688571,-5.348451468781824,-2.9362415931091403,0.020107678776957617,2.6156165591080076,4.623377025013542,10.80918600767657,-0.020496047530080615,1.753031672318261
cc8a7f0f52562f9c,01_01_19.npy,0,1000,30,9,real_reader_values_nonnegative,float64,0.0,True,0.0,hampel_w5_s3,270000,270000,0,0,0.0,0,0.0,0.0,9.597240941264188e-06,269730,133552,0.49513216920624326,135041,0.500652504356208,1137,0.00421532643754866,0,0.0,0,0.0,268593,0,0.0,268593,0,0.0,0.0,1.8052053984197,3.8969542529655685,9.59483848916032,18.558037871550805,20.767911380222888,26.6416274747587,10.520309827861686,4.608684324619238
cc8a7f0f52562f9c,01_01_20.npy,0,1000,30,9,real_reader_values_nonnegative,float64,0.0,True,0.0,raw,270000,270000,0,0,0.0,0,0.0,0.0,9.15744232049456e-06,269730,134971,0.5003929855781708,134759,0.49960701442182925,0,0.0,0,0.0,0,0.0,269730,0,0.0,269730,0,0.0,0.0,2.246952095796849,4.112033166621289,9.157167425655,18.3313342402893,20.12369704004526,25.1542781129418,10.226320273522523,4.519286731648176
cc8a7f0f52562f9c,01_01_20.npy,0,1000,30,9,real_reader_values_nonnegative,float64,0.0,True,0.0,wavelet,270000,270000,0,0,0.0,0,0.0,0.0,9.15744232049456e-06,269730,134036,0.49692655618581544,135686,0.503043784525266,8,2.965928891854818e-05,0,0.0,0,0.0,269722,0,0.0,269722,0,0.0,0.08962307847392786,2.3081630100816484,4.146318999255367,9.158695090806887,18.165084715711718,19.772311402733397,23.87366731567703,10.226399270302942,4.482067170847302
cc8a7f0f52562f9c,01_01_20.npy,0,1000,30,9,real_reader_values_nonnegative,float64,0.0,True,0.0,butterworth_o5_c0.3,270000,270000,0,0,0.0,0,0.0,0.0,9.15744232049456e-06,269730,134146,0.4973343714084455,135578,0.5026433841248656,6,2.2244466688911134e-05,0,0.0,0,0.0,269724,0,0.0,269724,0,0.0,0.27416782017912744,2.286981175197423,4.1464475170092845,9.158565573250849,18.1751267030306,19.7860098020348,23.783431453448696,10.226266655309729,4.485195609206571
cc8a7f0f52562f9c,01_01_20.npy,0,1000,30,9,real_reader_values_nonnegative,float64,0.0,True,0.0,savgol_w7_p3,270000,270000,0,0,0.0,0,0.0,0.0,9.15744232049456e-06,269730,134119,0.49723427130834535,135607,0.5027508990471954,4,1.482964445927409e-05,0,0.0,0,0.0,269726,0,0.0,269726,0,0.0,0.30983147696017305,2.2815468899886238,4.148146665261809,9.15726101169415,18.1897512905703,19.8094784395653,23.869895662075585,10.22629158033199,4.486984366887676
cc8a7f0f52562f9c,01_01_20.npy,0,1000,30,9,real_reader_values_nonnegative,float64,0.0,True,0.0,bandpass_fs1000,270000,270000,0,129674,0.4802740740740741,129674,0.4802740740740741,0.6004648483111721,9.15744232049456e-06,269730,133318,0.49426463500537576,136394,0.5056686315945575,18,6.67334000667334e-05,7561,0.028031735439142846,125773,0.46629221814407,269712,129513,0.4801899804235629,269712,129513,0.4801899804235629,-9.258166653378796,-5.471861665181217,-3.5008223147257467,0.0704203702658309,2.6677819765942545,4.323612697880417,8.050876775136688,-0.09409247949081938,1.8605359894326299
cc8a7f0f52562f9c,01_01_20.npy,0,1000,30,9,real_reader_values_nonnegative,float64,0.0,True,0.0,bandpass_fs200,270000,270000,0,138660,0.5135555555555555,138660,0.5135555555555555,0.5082346453947937,9.15744232049456e-06,269730,134309,0.4979386794201609,135413,0.5020316612909206,8,2.965928891854818e-05,32508,0.12052052052052052,122291,0.4533830126422719,269721,138626,0.5139607223760849,269722,138627,0.5139625243769511,-8.882004640173328,-4.0152484093830045,-2.4471469308987555,-0.040709432224668905,2.4386474071545057,3.933141711162752,8.640524348125034,-0.022640023636859446,1.5025135274233246
cc8a7f0f52562f9c,01_01_20.npy,0,1000,30,9,real_reader_values_nonnegative,float64,0.0,True,0.0,hampel_w5_s3,270000,270000,0,0,0.0,0,0.0,0.0,9.15744232049456e-06,269730,134311,0.49794609424239056,134395,0.4982575167760353,1024,0.003796388981574167,0,0.0,0,0.0,268706,0,0.0,268706,0,0.0,0.0,2.25497286399827,4.115910013420921,9.152832629491964,18.316445793763048,20.074222626585723,25.1542781129418,10.224930954731546,4.515471552929861
cc8a7f0f52562f9c,01_02_01.npy,0,1000,30,9,real_reader_values_nonnegative,float64,0.0,True,0.0,raw,270000,270000,0,0,0.0,0,0.0,0.0,8.909906688740811e-06,269730,134644,0.4991806621436251,135079,0.5007933859785711,7,2.5951877803729657e-05,0,0.0,0,0.0,269723,0,0.0,269723,0,0.0,0.0,1.01715563316919,2.581404115032865,8.90830526332174,18.649083813598114,20.670428947966684,27.3782056578332,9.97838288724072,4.975940113301814
cc8a7f0f52562f9c,01_02_01.npy,0,1000,30,9,real_reader_values_nonnegative,float64,0.0,True,0.0,wavelet,270000,270000,0,0,0.0,0,0.0,0.0,8.909906688740811e-06,269730,134707,0.4994142290438587,135009,0.5005338672005338,14,5.1903755607459314e-05,0,0.0,0,0.0,269716,0,0.0,269716,0,0.0,0.25603884115736464,1.085363559706223,2.601528541321718,8.855622064322894,18.54348786139844,20.38705369215724,24.75322735786944,9.97820232962779,4.947846961488288
cc8a7f0f52562f9c,01_02_01.npy,0,1000,30,9,real_reader_values_nonnegative,float64,0.0,True,0.0,butterworth_o5_c0.3,270000,270000,0,0,0.0,0,0.0,0.0,8.909906688740811e-06,269730,134141,0.4973158343528714,135576,0.502635969302636,13,4.819634449264079e-05,0,0.0,0,0.0,269717,0,0.0,269717,0,0.0,0.13886484287164735,1.0810525638209,2.5975506797695065,8.862807848298385,18.54754260436521,20.39613705969426,24.94706866134509,9.978373663843003,4.949218387665611
cc8a7f0f52562f9c,01_02_01.npy,0,1000,30,9,real_reader_values_nonnegative,float64,0.0,True,0.0,savgol_w7_p3,270000,270000,0,0,0.0,0,0.0,0.0,8.909906688740811e-06,269730,134740,0.4995365736106477,134985,0.5004448893337782,5,1.8537055574092612e-05,0,0.0,0,0.0,269725,0,0.0,269725,0,0.0,0.08641232942641043,1.077440536971846,2.595114834539486,8.866164974005107,18.55821566138009,20.425400127449155,25.01483084116328,9.97833908017348,4.951066263961015
cc8a7f0f52562f9c,01_02_01.npy,0,1000,30,9,real_reader_values_nonnegative,float64,0.0,True,0.0,bandpass_fs1000,270000,270000,0,145540,0.5390370370370371,145540,0.5390370370370371,0.5163899950435061,8.909906688740811e-06,269730,136639,0.5065769473176881,133066,0.49333036740444147,25,9.268527787046306e-05,6277,0.023271419567715865,142258,0.5274088903718533,269705,145425,0.5392002372963052,269705,145425,0.5392002372963052,-5.405605186793033,-3.2779356643777997,-1.9937416737439535,-0.09303931927767967,1.8448965398603432,3.258842226974477,8.230713307515034,-0.07847510966105697,1.211957485700289
cc8a7f0f52562f9c,01_02_01.npy,0,1000,30,9,real_reader_values_nonnegative,float64,0.0,True,0.0,bandpass_fs200,270000,270000,0,136312,0.5048592592592592,136312,0.5048592592592592,0.498896476806859,8.909906688740811e-06,269730,134988,0.5004560115671227,134734,0.49951432914395877,8,2.965928891854818e-05,35107,0.13015608200793385,118637,0.43983613242872505,269722,136423,0.505791147922676,269722,136423,0.505791147922676,-5.643536110279357,-2.7000168021447752,-1.6025921379817303,-0.010032574087326338,1.5748720767622524,2.5760624948632955,6.6899923310555005,-0.008094029793651782,1.0036132669247393
cc8a7f0f52562f9c,01_02_01.npy,0,1000,30,9,real_reader_values_nonnegative,float64,0.0,True,0.0,hampel_w5_s3,270000,270000,0,0,0.0,0,0.0,0.0,8.909906688740811e-06,269730,133830,0.4961628294961628,134224,0.49762354947540133,1676,0.006213621028435843,0,0.0,0,0.0,268054,0,0.0,268054,0,0.0,0.0,1.0178570368092466,2.5822190253748865,8.904780749323326,18.64507245416866,20.64120351583564,25.7206515554244,9.979968359413231,4.97471790511335
cc8a7f0f52562f9c,01_02_02.npy,0,1000,30,9,real_reader_values_nonnegative,float64,0.0,True,0.0,raw,270000,270000,0,0,0.0,0,0.0,0.0,9.339804242337515e-06,269730,134959,0.500348496644793,134758,0.4996033070107144,13,4.819634449264079e-05,0,0.0,0,0.0,269717,0,0.0,269717,0,0.0,0.0,1.01893939665175,2.46309291505843,9.33770290033624,18.671567752801085,20.69617016007156,27.5845792483606,10.146811385892784,4.986365848233551
cc8a7f0f52562f9c,01_02_02.npy,0,1000,30,9,real_reader_values_nonnegative,float64,0.0,True,0.0,wavelet,270000,270000,0,0,0.0,0,0.0,0.0,9.339804242337515e-06,269730,135325,0.5017054091128165,134391,0.49824268713157605,14,5.1903755607459314e-05,0,0.0,0,0.0,269716,0,0.0,269716,0,0.0,0.16737954841005126,1.1151300389618042,2.48803785400898,9.299149226022749,18.60241134140812,20.364483727294335,25.869708024972056,10.146826668940221,4.957855544693258
cc8a7f0f52562f9c,01_02_02.npy,0,1000,30,9,real_reader_values_nonnegative,float64,0.0,True,0.0,butterworth_o5_c0.3,270000,270000,0,0,0.0,0,0.0,0.0,9.339804242337515e-06,269730,134912,0.5001742483223964,134808,0.49978867756645534,10,3.7074111148185224e-05,0,0.0,0,0.0,269720,0,0.0,269720,0,0.0,0.17646069244746457,1.1127283877834837,2.4843538486084116,9.305900286410768,18.59754075191237,20.38191968111632,25.778502192982113,10.146866376311733,4.959306225196888
cc8a7f0f52562f9c,01_02_02.npy,0,1000,30,9,real_reader_values_nonnegative,float64,0.0,True,0.0,savgol_w7_p3,270000,270000,0,0,0.0,0,0.0,0.0,9.339804242337515e-06,269730,134727,0.499488377266155,134998,0.5004930856782709,5,1.8537055574092612e-05,0,0.0,0,0.0,269725,0,0.0,269725,0,0.0,0.09589915360393118,1.1070150374566219,2.485685370638404,9.309729854745925,18.60103492544034,20.408390624125964,26.22068344927991,10.146778268925098,4.961278207733761
cc8a7f0f52562f9c,01_02_02.npy,0,1000,30,9,real_reader_values_nonnegative,float64,0.0,True,0.0,bandpass_fs1000,270000,270000,0,134990,0.49996296296296294,134987,0.49995185185185187,0.49237969319506186,9.339804242337515e-06,269730,134698,0.4993808623438253,134980,0.5004263522782041,52,0.00019278537797056316,5688,0.021087754421087755,132029,0.4894857820783747,269676,134901,0.5002336136697371,269678,134903,0.5002373200631864,-7.197353526638703,-3.867914182412416,-2.0343602533441616,8.518279287556192e-05,2.138365604811876,3.657429712980188,7.680967739231781,0.0076883183872867985,1.3034297480929855
cc8a7f0f52562f9c,01_02_02.npy,0,1000,30,9,real_reader_values_nonnegative,float64,0.0,True,0.0,bandpass_fs200,270000,270000,0,135002,0.5000074074074075,135002,0.5000074074074075,0.503266050759081,9.339804242337515e-06,269730,134811,0.4997997997997998,134913,0.5001779557335113,6,2.2244466688911134e-05,34364,0.1274014755496237,117721,0.43644014384755125,269721,134845,0.4999425332102432,269724,134848,0.4999480950897955,-6.999159002489915,-3.054273154541129,-1.7227702719372924,-2.4400013286490774e-05,1.6881254172617823,2.893008040314943,8.019012254766839,0.0014040025549797049,1.0831960966048895
cc8a7f0f52562f9c,01_02_02.npy,0,1000,30,9,real_reader_values_nonnegative,float64,0.0,True,0.0,hampel_w5_s3,270000,270000,0,0,0.0,0,0.0,0.0,9.339804242337515e-06,269730,134143,0.497323249175101,133951,0.49661142624105586,1636,0.006065324583843103,0,0.0,0,0.0,268094,0,0.0,268094,0,0.0,0.0,1.02146759016489,2.46075640862753,9.332388822679945,18.6619614632331,20.669384577855787,27.0021589883234,10.145728878003315,4.983248725584033
cc8a7f0f52562f9c,01_02_03.npy,0,1000,30,9,real_reader_values_nonnegative,float64,0.0,True,0.0,raw,270000,270000,0,0,0.0,0,0.0,0.0,9.14005703286736e-06,269730,134797,0.49974789604419234,134913,0.5001779557335113,20,7.414822229637045e-05,0,0.0,0,0.0,269710,0,0.0,269710,0,0.0,0.0,0.8775830046365739,1.9953347004437456,9.135477989609189,18.715437672585175,21.171833453917003,27.2771205307706,9.933917711871647,5.129785607285353
cc8a7f0f52562f9c,01_02_03.npy,0,1000,30,9,real_reader_values_nonnegative,float64,0.0,True,0.0,wavelet,270000,270000,0,0,0.0,0,0.0,0.0,9.14005703286736e-06,269730,135173,0.5011418826233641,134542,0.4988025062099136,15,5.5611166722277836e-05,0,0.0,0,0.0,269715,0,0.0,269715,0,0.0,0.13750532658467246,0.8706335429520383,2.0237170520105563,9.115231941113851,18.590658378309797,20.885185283321853,25.783103992255445,9.934121391647318,5.102357654920799
cc8a7f0f52562f9c,01_02_03.npy,0,1000,30,9,real_reader_values_nonnegative,float64,0.0,True,0.0,butterworth_o5_c0.3,270000,270000,0,0,0.0,0,0.0,0.0,9.14005703286736e-06,269730,135377,0.5018981944907871,134342,0.4980610239869499,11,4.0781522263003746e-05,0,0.0,0,0.0,269719,0,0.0,269719,0,0.0,0.17405973380382975,0.8673288811641625,2.0219482245355813,9.117140284754793,18.600475060645618,20.910551914876283,25.638554525251905,9.934070821094087,5.103699689692697
cc8a7f0f52562f9c,01_02_03.npy,0,1000,30,9,real_reader_values_nonnegative,float64,0.0,True,0.0,savgol_w7_p3,270000,270000,0,0,0.0,0,0.0,0.0,9.14005703286736e-06,269730,135025,0.500593185778371,134700,0.49938827716605494,5,1.8537055574092612e-05,0,0.0,0,0.0,269725,0,0.0,269725,0,0.0,0.09807428903408727,0.8681426739741952,2.0198411009845603,9.117235994061023,18.610466353931145,20.941234895750977,25.81532990580984,9.933862882879573,5.10546158978257
cc8a7f0f52562f9c,01_02_03.npy,0,1000,30,9,real_reader_values_nonnegative,float64,0.0,True,0.0,bandpass_fs1000,270000,270000,0,125733,0.4656777777777778,125733,0.4656777777777778,0.387678960428111,9.14005703286736e-06,269730,136176,0.5048604159715271,133519,0.49500982463945425,35,0.00012975938901864828,5131,0.01902272643013384,123030,0.4561227894561228,269694,125568,0.4655943402522859,269695,125569,0.46559632177088933,-5.820334068130731,-3.1769214201726124,-2.0526235189421165,0.08343986132309811,2.335906283505746,4.5176901887273235,7.491950133416776,0.1141033836328527,1.343955521639772
cc8a7f0f52562f9c,01_02_03.npy,0,1000,30,9,real_reader_values_nonnegative,float64,0.0,True,0.0,bandpass_fs200,270000,270000,0,133107,0.49298888888888887,133107,0.49298888888888887,0.48320430775708834,9.14005703286736e-06,269730,134795,0.4997404812219627,134933,0.5002521039558077,2,7.414822229637045e-06,37333,0.13840877914951988,114289,0.4237163089014941,269727,132663,0.49184175110389394,269728,132664,0.49184363506940326,-5.437283224107377,-2.5136717542924374,-1.5676035479197312,0.012754353562475226,1.5044039618775167,2.6762815663527726,7.088976867782926,0.0065931561662872385,0.9575958402203524
cc8a7f0f52562f9c,01_02_03.npy,0,1000,30,9,real_reader_values_nonnegative,float64,0.0,True,0.0,hampel_w5_s3,270000,270000,0,0,0.0,0,0.0,0.0,9.14005703286736e-06,269730,133926,0.49651874096318543,134011,0.496833870907945,1793,0.00664738812886961,0,0.0,0,0.0,267937,0,0.0,267937,0,0.0,0.0,0.882878000327752,1.9950459184049862,9.13180388181539,18.704313744422738,21.1549659586582,27.2771205307706,9.932901805457307,5.1271712692280325
cc8a7f0f52562f9c,01_02_04.npy,0,1000,30,9,real_reader_values_nonnegative,float64,0.0,True,0.0,raw,270000,270000,0,0,0.0,0,0.0,0.0,9.18255690635346e-06,269730,134907,0.5001557112668223,134816,0.4998183368553739,7,2.5951877803729657e-05,0,0.0,0,0.0,269723,0,0.0,269723,0,0.0,0.0,0.9732062341942568,2.25257013292466,9.18091853468977,18.60609108053787,21.01721342565469,26.326567587168,9.961961969450957,5.0363987795821625
cc8a7f0f52562f9c,01_02_04.npy,0,1000,30,9,real_reader_values_nonnegative,float64,0.0,True,0.0,wavelet,270000,270000,0,0,0.0,0,0.0,0.0,9.18255690635346e-06,269730,134786,0.49970711452192934,134924,0.5002187372557743,20,7.414822229637045e-05,0,0.0,0,0.0,269710,0,0.0,269710,0,0.0,0.1414153774170816,1.0381809181661716,2.2627598579286565,9.153645357221336,18.52076534684154,20.753559829591115,25.354978086154503,9.961980393680232,5.010095780947219
cc8a7f0f52562f9c,01_02_04.npy,0,1000,30,9,real_reader_values_nonnegative,float64,0.0,True,0.0,butterworth_o5_c0.3,270000,270000,0,0,0.0,0,0.0,0.0,9.18255690635346e-06,269730,134673,0.49928817706595485,135043,0.5006599191784377,14,5.1903755607459314e-05,0,0.0,0,0.0,269716,0,0.0,269716,0,0.0,0.1553851001776379,1.0351140608874945,2.2589698955957047,9.155480754730732,18.52565051016109,20.7666925754071,25.300411730717645,9.962015052691477,5.011174100514795
cc8a7f0f52562f9c,01_02_04.npy,0,1000,30,9,real_reader_values_nonnegative,float64,0.0,True,0.0,savgol_w7_p3,270000,270000,0,0,0.0,0,0.0,0.0,9.18255690635346e-06,269730,134719,0.4994587179772365,135004,0.5005153301449597,7,2.5951877803729657e-05,0,0.0,0,0.0,269723,0,0.0,269723,0,0.0,0.14209796329643326,1.0364745812753215,2.2655481012156105,9.158032006341646,18.53089305862507,20.790399634231115,25.19730375536531,9.961952024921237,5.0130207992152345
cc8a7f0f52562f9c,01_02_04.npy,0,1000,30,9,real_reader_values_nonnegative,float64,0.0,True,0.0,bandpass_fs1000,270000,270000,0,137892,0.5107111111111111,137892,0.5107111111111111,0.4213740361919564,9.18255690635346e-06,269730,133796,0.496036777518259,135896,0.5038223408593779,38,0.00014088162236310385,6013,0.022292663033403774,134741,0.4995402810217625,269691,137790,0.5109180506579752,269692,137791,0.5109198641413167,-5.366601964341613,-3.5221486513146547,-2.1029661195886167,-0.0246920647836567,2.1959413725386088,4.611308252044851,7.4380948961342215,0.030142791329095038,1.3538145989992907
cc8a7f0f52562f9c,01_02_04.npy,0,1000,30,9,real_reader_values_nonnegative,float64,0.0,True,0.0,bandpass_fs200,270000,270000,0,135288,0.5010666666666667,135284,0.5010518518518519,0.5027050014035531,9.18255690635346e-06,269730,135378,0.5019019019019019,134347,0.498079561042524,5,1.8537055574092612e-05,35423,0.13132762392021652,117455,0.43545397249100953,269724,135134,0.5010084382554019,269725,135135,0.5010102882565576,-5.589933081044202,-2.6069350841747307,-1.5530277404652815,-0.002015432768118676,1.4964318150835578,2.534796687564455,6.354402849662594,0.001781254592277229,0.9570588780279895
cc8a7f0f52562f9c,01_02_04.npy,0,1000,30,9,real_reader_values_nonnegative,float64,0.0,True,0.0,hampel_w5_s3,270000,270000,0,0,0.0,0,0.0,0.0,9.18255690635346e-06,269730,133998,0.49678567456345235,133976,0.49670411151892635,1756,0.006510213917621325,0,0.0,0,0.0,267974,0,0.0,267974,0,0.0,0.0,0.9735542955332677,2.25391874035647,9.17814174854583,18.594369807449546,20.9970514214634,26.326567587168,9.962456600875427,5.034496805439234
cc8a7f0f52562f9c,01_02_05.npy,0,1000,30,9,real_reader_values_nonnegative,float64,0.0,True,0.0,raw,270000,270000,0,0,0.0,0,0.0,0.0,9.190728716140529e-06,269730,134847,0.49993326659993326,134878,0.5000481963444926,5,1.8537055574092612e-05,0,0.0,0,0.0,269725,0,0.0,269725,0,0.0,0.0,0.9249492319779619,2.191682011697693,9.18836358852414,18.763735809117396,20.787658656865514,26.5474995761807,10.016889313597439,5.071266548583327
cc8a7f0f52562f9c,01_02_05.npy,0,1000,30,9,real_reader_values_nonnegative,float64,0.0,True,0.0,wavelet,270000,270000,0,0,0.0,0,0.0,0.0,9.190728716140529e-06,269730,134903,0.5001408816223631,134817,0.4998220442664887,10,3.7074111148185224e-05,0,0.0,0,0.0,269720,0,0.0,269720,0,0.0,0.1571951394150517,0.9715589904934107,2.2035621174601907,9.161067708850869,18.69763385156035,20.50917933230175,25.007413315503456,10.016954063930521,5.044970045708787
cc8a7f0f52562f9c,01_02_05.npy,0,1000,30,9,real_reader_values_nonnegative,float64,0.0,True,0.0,butterworth_o5_c0.3,270000,270000,0,0,0.0,0,0.0,0.0,9.190728716140529e-06,269730,134390,0.4982389797204612,135329,0.5017202387572758,11,4.0781522263003746e-05,0,0.0,0,0.0,269719,0,0.0,269719,0,0.0,0.19809006877504412,0.9638938899606286,2.206463895345426,9.161624733097348,18.69800713617677,20.526370336996653,25.00536296952198,10.016875890114328,5.046057118020822
cc8a7f0f52562f9c,01_02_05.npy,0,1000,30,9,real_reader_values_nonnegative,float64,0.0,True,0.0,savgol_w7_p3,270000,270000,0,0,0.0,0,0.0,0.0,9.190728716140529e-06,269730,134600,0.4990175360545731,135118,0.5009379750120491,12,4.448893337782227e-05,0,0.0,0,0.0,269718,0,0.0,269718,0,0.0,0.18692968485822678,0.9641336142298776,2.203451579484978,9.16587242746952,18.69907398795677,20.547940378317588,25.08010320944672,10.016868155383586,5.047902878129108
cc8a7f0f52562f9c,01_02_05.npy,0,1000,30,9,real_reader_values_nonnegative,float64,0.0,True,0.0,bandpass_fs1000,270000,270000,0,138261,0.5120777777777777,138260,0.5120740740740741,0.44463801753214105,9.190728716140529e-06,269730,136020,0.5042820598376154,133670,0.4955696437177919,40,0.0001482964445927409,5121,0.018985652318985653,135531,0.5024691358024691,269689,138054,0.5119007449321256,269690,138055,0.5119025547851237,-5.36652768173907,-3.2931157307058356,-1.9814556166196986,-0.02633452430587764,2.1604971945525997,4.205096858649994,7.2308919463921795,0.010627541823590032,1.2887739921107797
cc8a7f0f52562f9c,01_02_05.npy,0,1000,30,9,real_reader_values_nonnegative,float64,0.0,True,0.0,bandpass_fs200,270000,270000,0,137621,0.5097074074074074,137619,0.5097,0.48167200024205553,9.190728716140529e-06,269730,134631,0.49913246579913245,135094,0.5008489971452934,5,1.8537055574092612e-05,36957,0.13701479257034813,119023,0.441267193119045,269723,137615,0.5102086214375489,269725,137617,0.5102122532208732,-5.533220859794216,-2.482057835085333,-1.494026924265666,-0.0176604611519426,1.4587495431522608,2.7675068169567925,6.495689546164757,-0.00953543381423171,0.9381008029245496
cc8a7f0f52562f9c,01_02_05.npy,0,1000,30,9,real_reader_values_nonnegative,float64,0.0,True,0.0,hampel_w5_s3,270000,270000,0,0,0.0,0,0.0,0.0,9.190728716140529e-06,269730,133946,0.4965928891854818,133973,0.49669298928558187,1811,0.0067141215289363435,0,0.0,0,0.0,267919,0,0.0,267919,0,0.0,0.0,0.929611591162349,2.1912141631185236,9.18180351826145,18.767316655594158,20.765147063555506,26.5474995761807,10.018081138890018,5.070690885840448
cc8a7f0f52562f9c,01_02_06.npy,0,1000,30,9,real_reader_values_nonnegative,float64,0.0,True,0.0,raw,270000,270000,0,0,0.0,0,0.0,0.0,9.038962312215259e-06,269730,134900,0.5001297593890186,134814,0.49981092203314426,16,5.931857783709636e-05,0,0.0,0,0.0,269714,0,0.0,269714,0,0.0,0.0,1.00778490089575,2.40612213402163,9.036539711712274,18.5633705215633,20.51039507916768,25.0490691673527,9.937707811718775,5.023469459239793
cc8a7f0f52562f9c,01_02_06.npy,0,1000,30,9,real_reader_values_nonnegative,float64,0.0,True,0.0,wavelet,270000,270000,0,0,0.0,0,0.0,0.0,9.038962312215259e-06,269730,134662,0.49924739554369185,135048,0.5006784562340117,20,7.414822229637045e-05,0,0.0,0,0.0,269710,0,0.0,269710,0,0.0,0.1830931160613859,1.0738110065649047,2.4358101903911358,9.02580903272321,18.428026174657198,20.195916001326832,24.217825601386178,9.937847460814172,4.994851330269783
cc8a7f0f52562f9c,01_02_06.npy,0,1000,30,9,real_reader_values_nonnegative,float64,0.0,True,0.0,butterworth_o5_c0.3,270000,270000,0,0,0.0,0,0.0,0.0,9.038962312215259e-06,269730,135289,0.5015719423126831,134424,0.49836503169836505,17,6.302598895191488e-05,0,0.0,0,0.0,269713,0,0.0,269713,0,0.0,0.13510171890123487,1.0691007221245628,2.436115774704676,9.026602719534727,18.43828332238557,20.20984919114529,23.924519884525555,9.937781623676077,4.996124150154567
cc8a7f0f52562f9c,01_02_06.npy,0,1000,30,9,real_reader_values_nonnegative,float64,0.0,True,0.0,savgol_w7_p3,270000,270000,0,0,0.0,0,0.0,0.0,9.038962312215259e-06,269730,134821,0.499836873910948,134899,0.5001260519779038,10,3.7074111148185224e-05,0,0.0,0,0.0,269720,0,0.0,269720,0,0.0,0.11011008483735457,1.0710357397199077,2.4389316629450244,9.028229869910668,18.4459822409632,20.24410286884805,24.14272230802283,9.93766373864372,4.998129407736865
cc8a7f0f52562f9c,01_02_06.npy,0,1000,30,9,real_reader_values_nonnegative,float64,0.0,True,0.0,bandpass_fs1000,270000,270000,0,134190,0.497,134187,0.49698888888888887,0.4649819591260422,9.038962312215259e-06,269730,134906,0.5001520038557076,134785,0.4997034071108145,39,0.00014458903347792237,5720,0.02120639157676195,131131,0.4861565268972676,269690,133989,0.4968259853906337,269691,133990,0.49682785113333405,-4.529414818160183,-2.8298459782070777,-1.76222596306326,0.006425954027283536,1.6764562611332454,3.3719725027703,6.547967704415519,0.0068395059303262215,1.099916254768639
cc8a7f0f52562f9c,01_02_06.npy,0,1000,30,9,real_reader_values_nonnegative,float64,0.0,True,0.0,bandpass_fs200,270000,270000,0,136932,0.5071555555555556,136929,0.5071444444444444,0.5038059573715016,9.038962312215259e-06,269730,134827,0.4998591183776369,134893,0.500103807511215,10,3.7074111148185224e-05,40080,0.14859303748192637,116728,0.43275868461053646,269719,136806,0.5072167700458625,269720,136807,0.5072185970636215,-4.578317512323603,-2.3694376196492253,-1.393880435456434,-0.011698070094698903,1.343428604229294,2.396607402538603,5.1019238018479935,-0.012367502880933256,0.8578048736542428
cc8a7f0f52562f9c,01_02_06.npy,0,1000,30,9,real_reader_values_nonnegative,float64,0.0,True,0.0,hampel_w5_s3,270000,270000,0,0,0.0,0,0.0,0.0,9.038962312215259e-06,269730,133850,0.4962369777184592,134020,0.49686723760797835,1860,0.006895784673562452,0,0.0,0,0.0,267870,0,0.0,267870,0,0.0,0.0,1.007973745518706,2.4045201840484145,9.034910954491215,18.55339031979119,20.491948353434903,25.0490691673527,9.938928088843022,5.022521077109727
cc8a7f0f52562f9c,01_02_07.npy,0,1000,30,9,real_reader_values_nonnegative,float64,0.0,True,0.0,raw,270000,270000,0,0,0.0,0,0.0,0.0,9.16446771286024e-06,269730,135207,0.501267934601268,134503,0.4986579171764357,20,7.414822229637045e-05,0,0.0,0,0.0,269710,0,0.0,269710,0,0.0,0.0,0.97418880175209,2.20201687827395,9.162452771139295,18.70894594229526,20.85747832749041,26.6238206447412,9.900913324537944,5.0709344466649995
cc8a7f0f52562f9c,01_02_07.npy,0,1000,30,9,real_reader_values_nonnegative,float64,0.0,True,0.0,wavelet,270000,270000,0,0,0.0,0,0.0,0.0,9.16446771286024e-06,269730,135641,0.5028769510250992,134082,0.4970970970970971,7,2.5951877803729657e-05,0,0.0,0,0.0,269723,0,0.0,269723,0,0.0,0.12074417859936717,1.0569317264025082,2.1885756410232657,9.157420110561471,18.555962633226578,20.60335533774472,25.91634315387731,9.900821093865042,5.042761526238975
cc8a7f0f52562f9c,01_02_07.npy,0,1000,30,9,real_reader_values_nonnegative,float64,0.0,True,0.0,butterworth_o5_c0.3,270000,270000,0,0,0.0,0,0.0,0.0,9.16446771286024e-06,269730,135274,0.5015163311459607,134440,0.49842435027620213,16,5.931857783709636e-05,0,0.0,0,0.0,269714,0,0.0,269714,0,0.0,0.1463077690562503,1.0545854040273894,2.18804874430307,9.161973823881352,18.562828761417247,20.613208539268214,25.977874968913863,9.901029106509096,5.044324224888724
cc8a7f0f52562f9c,01_02_07.npy,0,1000,30,9,real_reader_values_nonnegative,float64,0.0,True,0.0,savgol_w7_p3,270000,270000,0,0,0.0,0,0.0,0.0,9.16446771286024e-06,269730,134955,0.5003336670003337,134762,0.4996181366551737,13,4.819634449264079e-05,0,0.0,0,0.0,269717,0,0.0,269717,0,0.0,0.034479701343677116,1.049057328341931,2.1895283044342393,9.162909468962777,18.575215741318925,20.630134366296605,26.264014425802806,9.900912898163408,5.046167732806803
cc8a7f0f52562f9c,01_02_07.npy,0,1000,30,9,real_reader_values_nonnegative,float64,0.0,True,0.0,bandpass_fs1000,270000,270000,0,141199,0.5229592592592592,141199,0.5229592592592592,0.4405305475576448,9.16446771286024e-06,269730,135370,0.5018722426129834,134325,0.497997997997998,35,0.00012975938901864828,5471,0.020283246209172136,138337,0.5128721313906499,269693,141125,0.5232801741239113,269695,141127,0.5232837093754056,-7.433917992639626,-3.0275176183637864,-2.017188498033499,-0.056290774883829456,2.2104002784439762,4.103089507934732,7.378538909777545,0.012854649341547847,1.3184799518756616
cc8a7f0f52562f9c,01_02_07.npy,0,1000,30,9,real_reader_values_nonnegative,float64,0.0,True,0.0,bandpass_fs200,270000,270000,0,136430,0.5052962962962962,136427,0.5052851851851852,0.47938790009757926,9.16446771286024e-06,269730,135124,0.500960219478738,134595,0.498998998998999,11,4.0781522263003746e-05,36875,0.136710784858933,117849,0.436914692470248,269717,136314,0.5053963969642254,269719,136316,0.5054000645115843,-6.353719430324439,-2.8549910615861016,-1.5623910514376633,-0.009717385061235883,1.6633058410756296,3.023158233954578,6.729725436191459,0.010661133687476568,1.0323717509997168
cc8a7f0f52562f9c,01_02_07.npy,0,1000,30,9,real_reader_values_nonnegative,float64,0.0,True,0.0,hampel_w5_s3,270000,270000,0,0,0.0,0,0.0,0.0,9.16446771286024e-06,269730,134385,0.49822044266488713,133683,0.4956178400622845,1662,0.006161717272828384,0,0.0,0,0.0,268068,0,0.0,268068,0,0.0,0.0,0.98677454134616,2.20133925318882,9.164161666824764,18.71139779944178,20.84564287041792,26.6238206447412,9.904365804040305,5.072162632908738
cc8a7f0f52562f9c,01_02_08.npy,0,1000,30,9,real_reader_values_nonnegative,float64,0.0,True,0.0,raw,270000,270000,0,0,0.0,0,0.0,0.0,8.739272966143176e-06,269730,134587,0.49896933971008045,135136,0.5010047084121159,7,2.5951877803729657e-05,0,0.0,0,0.0,269723,0,0.0,269723,0,0.0,0.0,0.914264740675866,2.15615668146598,8.73772724695654,18.415078280599037,20.622681968561697,25.5096424392309,9.630086113877455,5.049434875150101
cc8a7f0f52562f9c,01_02_08.npy,0,1000,30,9,real_reader_values_nonnegative,float64,0.0,True,0.0,wavelet,270000,270000,0,0,0.0,0,0.0,0.0,8.739272966143176e-06,269730,135560,0.5025766507247988,134153,0.49736032328624924,17,6.302598895191488e-05,0,0.0,0,0.0,269713,0,0.0,269713,0,0.0,0.16984089257221838,1.0025292528349494,2.1692944941355883,8.717018827698785,18.333403553911534,20.328878421773013,24.764283811975968,9.63006228487583,5.022134367926034
cc8a7f0f52562f9c,01_02_08.npy,0,1000,30,9,real_reader_values_nonnegative,float64,0.0,True,0.0,butterworth_o5_c0.3,270000,270000,0,0,0.0,0,0.0,0.0,8.739272966143176e-06,269730,135521,0.5024320616913209,134200,0.49753457160864567,9,3.33667000333667e-05,0,0.0,0,0.0,269721,0,0.0,269721,0,0.0,0.00040020275062358553,1.005498685867751,2.1667704727802715,8.716401396594037,18.332017438273237,20.327427812452758,24.73145136979136,9.630092765737245,5.023215468727831
cc8a7f0f52562f9c,01_02_08.npy,0,1000,30,9,real_reader_values_nonnegative,float64,0.0,True,0.0,savgol_w7_p3,270000,270000,0,0,0.0,0,0.0,0.0,8.739272966143176e-06,269730,135514,0.5024061098135172,134212,0.4975790605420235,4,1.482964445927409e-05,0,0.0,0,0.0,269726,0,0.0,269726,0,0.0,0.10420620728353126,1.0000527001134483,2.164610542023182,8.719647205023001,18.343236418000775,20.360262269489386,24.720911151280944,9.630082342289185,5.025147113617972
cc8a7f0f52562f9c,01_02_08.npy,0,1000,30,9,real_reader_values_nonnegative,float64,0.0,True,0.0,bandpass_fs1000,270000,270000,0,133205,0.4933518518518519,133204,0.49334814814814815,0.3875242575236691,8.739272966143176e-06,269730,133472,0.4948355763170578,136220,0.5050235420605791,38,0.00014088162236310385,5485,0.020335149964779593,130299,0.48307196084973864,269692,133027,0.4932552689734957,269692,133027,0.4932552689734957,-4.645422041258338,-2.605590740594699,-1.7008448162806384,0.0151784359842628,1.9331719332967132,3.8069546096809392,7.780350468836724,0.06798076524635586,1.166315182005135
cc8a7f0f52562f9c,01_02_08.npy,0,1000,30,9,real_reader_values_nonnegative,float64,0.0,True,0.0,bandpass_fs200,270000,270000,0,134371,0.4976703703703704,134368,0.49765925925925925,0.4684783499008419,8.739272966143176e-06,269730,134747,0.4995625254884514,134976,0.5004115226337449,7,2.5951877803729657e-05,37390,0.13862010158306454,115537,0.4283431579727876,269721,133980,0.4967355155883302,269723,133982,0.49673924730186153,-5.7257886007799135,-2.6456300254280585,-1.514384717351843,0.0043749901451086105,1.5174161013219607,3.0290051563746117,6.792740504972061,0.008528749153649868,0.9830505474281568
cc8a7f0f52562f9c,01_02_08.npy,0,1000,30,9,real_reader_values_nonnegative,float64,0.0,True,0.0,hampel_w5_s3,270000,270000,0,0,0.0,0,0.0,0.0,8.739272966143176e-06,269730,133877,0.4963370778185593,134201,0.4975382790197605,1652,0.006124643161680199,0,0.0,0,0.0,268078,0,0.0,268078,0,0.0,0.0,0.9213618126332703,2.15615668146598,8.732529530745955,18.399450117538038,20.587863720534077,25.5096424392309,9.628835152170288,5.04613743440501
cc8a7f0f52562f9c,01_02_09.npy,0,1000,30,9,real_reader_values_nonnegative,float64,0.0,True,0.0,raw,270000,270000,0,0,0.0,0,0.0,0.0,8.759561244420769e-06,269730,134703,0.4993993993993994,135019,0.500570941311682,8,2.965928891854818e-05,0,0.0,0,0.0,269722,0,0.0,269722,0,0.0,0.0,1.3088901313636143,2.60629406288421,8.759251827722125,18.640993901648578,20.558139922888085,25.9249323022901,9.742863771556873,4.920222811931045
cc8a7f0f52562f9c,01_02_09.npy,0,1000,30,9,real_reader_values_nonnegative,float64,0.0,True,0.0,wavelet,270000,270000,0,0,0.0,0,0.0,0.0,8.759561244420769e-06,269730,135118,0.5009379750120491,134600,0.4990175360545731,12,4.448893337782227e-05,0,0.0,0,0.0,269718,0,0.0,269718,0,0.0,0.21287821303493343,1.3765188699867525,2.6233983556257088,8.738267331625106,18.578744049464216,20.247609040215195,24.54269062412361,9.742767213871455,4.893131135237431
cc8a7f0f52562f9c,01_02_09.npy,0,1000,30,9,real_reader_values_nonnegative,float64,0.0,True,0.0,butterworth_o5_c0.3,270000,270000,0,0,0.0,0,0.0,0.0,8.759561244420769e-06,269730,135134,0.5009972935898862,134585,0.4989619248878508,11,4.0781522263003746e-05,0,0.0,0,0.0,269719,0,0.0,269719,0,0.0,0.19443222498529966,1.3763061221778494,2.6210676289772925,8.740018726509602,18.58229877068522,20.26235103085991,24.39035228522815,9.742891770117344,4.894486481396132
cc8a7f0f52562f9c,01_02_09.npy,0,1000,30,9,real_reader_values_nonnegative,float64,0.0,True,0.0,savgol_w7_p3,270000,270000,0,0,0.0,0,0.0,0.0,8.759561244420769e-06,269730,134865,0.5,134856,0.49996663329996666,9,3.33667000333667e-05,0,0.0,0,0.0,269721,0,0.0,269721,0,0.0,0.12567221389079225,1.3720373946095057,2.61846810132676,8.742160672832592,18.5853302930703,20.282515843763115,24.306032777697055,9.74283748797875,4.89623508115636
cc8a7f0f52562f9c,01_02_09.npy,0,1000,30,9,real_reader_values_nonnegative,float64,0.0,True,0.0,bandpass_fs1000,270000,270000,0,144231,0.5341888888888889,144229,0.5341814814814815,0.46892230540557805,8.759561244420769e-06,269730,135025,0.500593185778371,134663,0.4992511029548067,42,0.00015571126682237794,5409,0.020053386720053388,141403,0.5242390538686835,269688,144067,0.5341987778469935,269688,144067,0.5341987778469935,-4.4567062212780915,-2.7131797089416967,-1.7530168521882354,-0.07520138103977905,1.797988011885553,3.1663573115141492,7.966314757906891,-0.030221889549499604,1.107967336788671
cc8a7f0f52562f9c,01_02_09.npy,0,1000,30,9,real_reader_values_nonnegative,float64,0.0,True,0.0,bandpass_fs200,270000,270000,0,137665,0.5098703703703704,137664,0.5098666666666667,0.4697343399485736,8.759561244420769e-06,269730,134776,0.49967004041078117,134946,0.5003003003003003,8,2.965928891854818e-05,36375,0.13485707930152374,119339,0.44243873503132763,269720,137614,0.5102105887587127,269722,137616,0.5102142205678439,-5.174821313836388,-2.3763906309783134,-1.4658146087467152,-0.018393191371835087,1.4601132516702104,2.633684884375453,7.737969966574922,-0.0059332286842792336,0.9319293271418613
cc8a7f0f52562f9c,01_02_09.npy,0,1000,30,9,real_reader_values_nonnegative,float64,0.0,True,0.0,hampel_w5_s3,270000,270000,0,0,0.0,0,0.0,0.0,8.759561244420769e-06,269730,133861,0.4962777592407222,134243,0.4976939902865829,1626,0.006028250472694917,0,0.0,0,0.0,268104,0,0.0,268104,0,0.0,0.0,1.31565189571635,2.61063129339823,8.76025782653552,18.647165018632545,20.531761896301035,25.8943202821829,9.745315029898416,4.920577356093195
cc8a7f0f52562f9c,01_02_10.npy,0,1000,30,9,real_reader_values_nonnegative,float64,0.0,True,0.0,raw,270000,270000,0,0,0.0,0,0.0,0.0,8.9881171515822e-06,269730,134956,0.5003373744114484,134758,0.4996033070107144,16,5.931857783709636e-05,0,0.0,0,0.0,269714,0,0.0,269714,0,0.0,0.0,0.897031412600406,2.26521011984083,8.985541302516674,18.422086954218614,20.388340759679675,24.1364481589723,9.747320261757618,4.930386846190089
cc8a7f0f52562f9c,01_02_10.npy,0,1000,30,9,real_reader_values_nonnegative,float64,0.0,True,0.0,wavelet,270000,270000,0,0,0.0,0,0.0,0.0,8.9881171515822e-06,269730,134350,0.4980906832758685,135363,0.5018462907351796,17,6.302598895191488e-05,0,0.0,0,0.0,269713,0,0.0,269713,0,0.0,0.14121035225650475,1.0173893860096035,2.2614034556282387,8.976946752322576,18.352605734612197,20.140309867708954,22.802650564158185,9.747610557687393,4.903209825147082
cc8a7f0f52562f9c,01_02_10.npy,0,1000,30,9,real_reader_values_nonnegative,float64,0.0,True,0.0,butterworth_o5_c0.3,270000,270000,0,1,3.7037037037037037e-06,1,3.7037037037037037e-06,1.788767170136889e-10,8.9881171515822e-06,269730,134019,0.4968635301968635,135693,0.5030697364030697,18,6.67334000667334e-05,2,7.414822229637045e-06,0,0.0,269712,2,7.415317078958296e-06,269712,2,7.415317078958296e-06,-0.07583167950129482,1.0136682723167407,2.261597017675132,8.979976486131092,18.35748801632253,20.150000971489018,22.97671217172497,9.747412118741426,4.904371722284319
cc8a7f0f52562f9c,01_02_10.npy,0,1000,30,9,real_reader_values_nonnegative,float64,0.0,True,0.0,savgol_w7_p3,270000,270000,0,2,7.4074074074074075e-06,2,7.4074074074074075e-06,2.3750661054999827e-10,8.9881171515822e-06,269730,134575,0.4989248507767026,135148,0.5010491973454937,7,2.5951877803729657e-05,2,7.414822229637045e-06,1,3.7074111148185224e-06,269723,2,7.415014663191497e-06,269723,2,7.415014663191497e-06,-0.08395312142508554,1.0079565698269746,2.2642404373580467,8.982623639408931,18.36433052310419,20.15808762209979,23.29358916704411,9.747299357757743,4.906189190761045
cc8a7f0f52562f9c,01_02_10.npy,0,1000,30,9,real_reader_values_nonnegative,float64,0.0,True,0.0,bandpass_fs1000,270000,270000,0,126690,0.4692222222222222,126690,0.4692222222222222,0.41176202815282054,8.9881171515822e-06,269730,134511,0.4986875764653542,135179,0.501164127090053,40,0.0001482964445927409,5276,0.019560301041782524,123865,0.45921847773699626,269689,126447,0.46886228211013425,269690,126448,0.4688642515480737,-5.331885451956736,-2.547185939382461,-1.6420995298336625,0.0730067334203906,1.8786825533738023,2.915525624815803,6.353911215913701,0.09901448215536039,1.0845820366425964
cc8a7f0f52562f9c,01_02_10.npy,0,1000,30,9,real_reader_values_nonnegative,float64,0.0,True,0.0,bandpass_fs200,270000,270000,0,135927,0.5034333333333333,135926,0.5034296296296297,0.47680263903812536,8.9881171515822e-06,269730,134660,0.4992399807214622,135067,0.5007488970451933,3,1.1122233344455567e-05,36244,0.1343714084454825,117603,0.4360026693360027,269725,135671,0.5029974974511076,269727,135673,0.5030011826772997,-5.895970563397435,-2.2790833480664543,-1.4411121691381445,-0.00647855536666456,1.5057942027379188,2.4487307604247963,5.823034146733746,0.008775733102155455,0.9095050872427763
cc8a7f0f52562f9c,01_02_10.npy,0,1000,30,9,real_reader_values_nonnegative,float64,0.0,True,0.0,hampel_w5_s3,270000,270000,0,0,0.0,0,0.0,0.0,8.9881171515822e-06,269730,134054,0.4969932895858822,133884,0.49636302969636303,1792,0.006643680717754792,0,0.0,0,0.0,267938,0,0.0,267938,0,0.0,0.0,0.8983217734554839,2.26585290008809,8.980041330147444,18.422086954218614,20.369309714475325,24.1364481589723,9.748508037053899,4.929788547660328
cc8a7f0f52562f9c,01_02_11.npy,0,1000,30,9,real_reader_values_nonnegative,float64,0.0,True,0.0,raw,270000,270000,0,0,0.0,0,0.0,0.0,8.858967992185259e-06,269730,134527,0.49874689504319136,135189,0.5012012012012012,14,5.1903755607459314e-05,0,0.0,0,0.0,269716,0,0.0,269716,0,0.0,0.0,1.0938283598657,2.35786294363191,8.858226305771245,18.4900734296114,20.4840703510663,27.097735886102,9.731698978118045,4.93991572333571
cc8a7f0f52562f9c,01_02_11.npy,0,1000,30,9,real_reader_values_nonnegative,float64,0.0,True,0.0,wavelet,270000,270000,0,0,0.0,0,0.0,0.0,8.858967992185259e-06,269730,134873,0.5000296592889185,134841,0.49991102213324434,16,5.931857783709636e-05,0,0.0,0,0.0,269714,0,0.0,269714,0,0.0,0.09401484871831844,1.1156535117490893,2.376839872513983,8.827090237559641,18.42886938506085,20.21211207200433,25.113188289656048,9.731705479145164,4.9135121455582205
cc8a7f0f52562f9c,01_02_11.npy,0,1000,30,9,real_reader_values_nonnegative,float64,0.0,True,0.0,butterworth_o5_c0.3,270000,270000,0,0,0.0,0,0.0,0.0,8.858967992185259e-06,269730,134234,0.4976606235865495,135475,0.5022615207800393,21,7.785563341118897e-05,0,0.0,0,0.0,269709,0,0.0,269709,0,0.0,0.18007242391944733,1.1130538630924918,2.3746762945403925,8.83001332697852,18.433812878413313,20.2304157901117,24.997190784231503,9.73188604402666,4.914982077040208
cc8a7f0f52562f9c,01_02_11.npy,0,1000,30,9,real_reader_values_nonnegative,float64,0.0,True,0.0,savgol_w7_p3,270000,270000,0,0,0.0,0,0.0,0.0,8.858967992185259e-06,269730,134291,0.49787194602009416,135429,0.5020909798687576,10,3.7074111148185224e-05,0,0.0,0,0.0,269720,0,0.0,269720,0,0.0,0.09690796182137665,1.1084128207060573,2.3751011806675058,8.829576684219537,18.438548327033985,20.246464355669705,25.126827568938253,9.731663545538165,4.9166753774156104
cc8a7f0f52562f9c,01_02_11.npy,0,1000,30,9,real_reader_values_nonnegative,float64,0.0,True,0.0,bandpass_fs1000,270000,270000,0,142877,0.529174074074074,142876,0.5291703703703704,0.520774265099122,8.858967992185259e-06,269730,136598,0.5064249434619805,133101,0.49346012679346013,31,0.0001149297445593742,5639,0.020906091276461647,139925,0.5187595002409817,269699,142745,0.5292752290516465,269699,142745,0.5292752290516465,-4.700905256052532,-2.8063603482779995,-1.8893544004800154,-0.07127842568891754,1.6968893131355929,2.9360811543101986,7.169917133510918,-0.05775253104641783,1.1034863161723236
cc8a7f0f52562f9c,01_02_11.npy,0,1000,30,9,real_reader_values_nonnegative,float64,0.0,True,0.0,bandpass_fs200,270000,270000,0,138597,0.5133222222222222,138597,0.5133222222222222,0.485815611692851,8.858967992185259e-06,269730,134619,0.4990879768657546,135100,0.5008712416119824,11,4.0781522263003746e-05,34048,0.12622993363734106,121495,0.45043191339487637,269718,138757,0.5144521314854774,269719,138758,0.5144539316844567,-5.716624699328672,-2.410554313791934,-1.4758724659526756,-0.02578085114163367,1.5077054821576568,2.5291666490083395,7.05097877482821,-0.010712564833648837,0.939157693838563
cc8a7f0f52562f9c,01_02_11.npy,0,1000,30,9,real_reader_values_nonnegative,float64,0.0,True,0.0,hampel_w5_s3,270000,270000,0,0,0.0,0,0.0,0.0,8.858967992185259e-06,269730,133657,0.49552144737329923,134332,0.49802394987580173,1741,0.006454602750899047,0,0.0,0,0.0,267989,0,0.0,267989,0,0.0,0.0,1.09465751081756,2.358423416654178,8.85685832833034,18.491466815547174,20.46601220632184,27.097735886102,9.733707296019954,4.939664185466179
cc8a7f0f52562f9c,01_02_12.npy,0,1000,30,9,real_reader_values_nonnegative,float64,0.0,True,0.0,raw,270000,270000,0,0,0.0,0,0.0,0.0,9.110053118481768e-06,269730,135088,0.5008267526786045,134634,0.49914358803247694,8,2.965928891854818e-05,0,0.0,0,0.0,269722,0,0.0,269722,0,0.0,0.0,0.9982654477333236,2.243489325346968,9.108670636895985,18.43532297527409,20.504057167178967,25.418787998291,9.730423374563724,4.971339695388099
cc8a7f0f52562f9c,01_02_12.npy,0,1000,30,9,real_reader_values_nonnegative,float64,0.0,True,0.0,wavelet,270000,270000,0,0,0.0,0,0.0,0.0,9.110053118481768e-06,269730,134204,0.497549401253105,135505,0.5023727431134839,21,7.785563341118897e-05,0,0.0,0,0.0,269709,0,0.0,269709,0,0.0,0.2049971462650196,1.0792919748902714,2.2562250014682634,9.10742849878101,18.34719928617727,20.250347248149108,23.784038074502394,9.730343175681758,4.943847761666588
cc8a7f0f52562f9c,01_02_12.npy,0,1000,30,9,real_reader_values_nonnegative,float64,0.0,True,0.0,butterworth_o5_c0.3,270000,270000,0,1,3.7037037037037037e-06,1,3.7037037037037037e-06,2.1579507398639037e-14,9.110053118481768e-06,269730,134244,0.49769769769769767,135478,0.5022726430133837,8,2.965928891854818e-05,1,3.7074111148185224e-06,0,0.0,269722,0,0.0,269722,0,0.0,-0.0008331513350176636,1.0754774006863996,2.2546901895001503,9.109051545724716,18.352901557710194,20.260806071131327,23.635134151830748,9.73037925906885,4.945258117341769
cc8a7f0f52562f9c,01_02_12.npy,0,1000,30,9,real_reader_values_nonnegative,float64,0.0,True,0.0,savgol_w7_p3,270000,270000,0,1,3.7037037037037037e-06,1,3.7037037037037037e-06,3.9578166630293403e-10,9.110053118481768e-06,269730,134562,0.49887665443220996,135161,0.5010973936899863,7,2.5951877803729657e-05,1,3.7074111148185224e-06,0,0.0,269723,0,0.0,269723,0,0.0,-0.11284056690322763,1.0737118497823597,2.253913315965899,9.107642612183113,18.369987472567658,20.275156651639975,24.125982311947396,9.730389140921107,4.947140682197266
cc8a7f0f52562f9c,01_02_12.npy,0,1000,30,9,real_reader_values_nonnegative,float64,0.0,True,0.0,bandpass_fs1000,270000,270000,0,133811,0.4955962962962963,133810,0.4955925925925926,0.43796755658896286,9.110053118481768e-06,269730,136945,0.5077114151188226,132749,0.492155118081044,36,0.0001334668001334668,5160,0.019130241352463575,131080,0.4859674489304119,269693,133605,0.4953966176356079,269694,133606,0.49539848865751557,-5.255439220238677,-2.9361563597711875,-1.8956671942911754,0.010897600210011417,2.026519473343212,3.793179199349064,6.295880536318318,0.03661859771825917,1.211984333910993
cc8a7f0f52562f9c,01_02_12.npy,0,1000,30,9,real_reader_values_nonnegative,float64,0.0,True,0.0,bandpass_fs200,270000,270000,0,135893,0.5033074074074074,135890,0.5032962962962962,0.5115150562071841,9.110053118481768e-06,269730,134370,0.4981648314981648,135352,0.5018055092129167,8,2.965928891854818e-05,35677,0.1322693063433804,117907,0.4371297223149075,269721,135806,0.5035054741751662,269722,135807,0.5035073149390854,-5.682078042435618,-2.765538819848935,-1.5713345128327851,-0.006027019171698106,1.5935541206168862,2.4845570348835953,4.73468946794433,0.0031351559906999077,0.966863018297679
cc8a7f0f52562f9c,01_02_12.npy,0,1000,30,9,real_reader_values_nonnegative,float64,0.0,True,0.0,hampel_w5_s3,270000,270000,0,0,0.0,0,0.0,0.0,9.110053118481768e-06,269730,134212,0.4975790605420235,133759,0.4958996033070107,1759,0.006521336150965781,0,0.0,0,0.0,267971,0,0.0,267971,0,0.0,0.0,1.00048656816027,2.244032887256968,9.108670636895985,18.436682727436132,20.49459477450045,25.418787998291,9.73368953327133,4.971879178708092
cc8a7f0f52562f9c,01_02_13.npy,0,1000,30,9,real_reader_values_nonnegative,float64,0.0,True,0.0,raw,270000,270000,0,0,0.0,0,0.0,0.0,8.55411567909329e-06,269730,134788,0.499714529344159,134937,0.500266933600267,5,1.8537055574092612e-05,0,0.0,0,0.0,269725,0,0.0,269725,0,0.0,0.0,1.09520171573938,2.3844024922662186,8.552905758150146,18.60431468419568,20.604087002072426,24.7964346577516,9.565298388279922,4.92604281020028
cc8a7f0f52562f9c,01_02_13.npy,0,1000,30,9,real_reader_values_nonnegative,float64,0.0,True,0.0,wavelet,270000,270000,0,0,0.0,0,0.0,0.0,8.55411567909329e-06,269730,134800,0.49975901827753677,134917,0.5001927853779705,13,4.819634449264079e-05,0,0.0,0,0.0,269717,0,0.0,269717,0,0.0,0.1394607597623766,1.1378231273310715,2.388104876527534,8.557176312579983,18.555594343711995,20.294708430661974,23.82360266155985,9.565255175099809,4.898340070397451
cc8a7f0f52562f9c,01_02_13.npy,0,1000,30,9,real_reader_values_nonnegative,float64,0.0,True,0.0,butterworth_o5_c0.3,270000,270000,0,0,0.0,0,0.0,0.0,8.55411567909329e-06,269730,134478,0.4985652318985652,135247,0.5014162310458606,5,1.8537055574092612e-05,0,0.0,0,0.0,269725,0,0.0,269725,0,0.0,0.0009068588590753794,1.1315028216425105,2.3866620822347304,8.557123875921441,18.55532263767498,20.317311054144056,23.480236922875363,9.565423520287986,4.899851513974761
cc8a7f0f52562f9c,01_02_13.npy,0,1000,30,9,real_reader_values_nonnegative,float64,0.0,True,0.0,savgol_w7_p3,270000,270000,0,1,3.7037037037037037e-06,1,3.7037037037037037e-06,1.9776249034628124e-11,8.55411567909329e-06,269730,135091,0.500837874911949,134634,0.49914358803247694,5,1.8537055574092612e-05,2,7.414822229637045e-06,0,0.0,269725,0,0.0,269725,0,0.0,-0.02483635787241764,1.1301258889167525,2.3869437705569623,8.557867092133115,18.552735479975116,20.342823094934968,23.813379206264457,9.565346381464225,4.90174067563861
cc8a7f0f52562f9c,01_02_13.npy,0,1000,30,9,real_reader_values_nonnegative,float64,0.0,True,0.0,bandpass_fs1000,270000,270000,0,133380,0.494,133379,0.4939962962962963,0.4333072582835078,8.55411567909329e-06,269730,134879,0.5000519037556075,134806,0.4997812627442257,45,0.0001668335001668335,6348,0.023534645756867978,130055,0.4821673525377229,269685,133200,0.4939095611546805,269685,133200,0.4939095611546805,-5.217224472048327,-2.9040894381385596,-1.7410233895443261,0.0107088675774307,1.9562670841900565,3.6324648681716143,6.962093443468,0.036569778461057946,1.1398274917066924
cc8a7f0f52562f9c,01_02_13.npy,0,1000,30,9,real_reader_values_nonnegative,float64,0.0,True,0.0,bandpass_fs200,270000,270000,0,133709,0.4952185185185185,133707,0.4952111111111111,0.4882213132274577,8.55411567909329e-06,269730,135183,0.5011789567345123,134535,0.4987765543321099,12,4.448893337782227e-05,38499,0.14273162050939828,114277,0.42367181996811626,269717,133313,0.49426991995313607,269718,133314,0.49427179498587415,-5.298223376670902,-2.5036206044940825,-1.5228618031535475,0.008460146630989774,1.5530977992756758,2.584563356513353,7.307320997419174,0.0069380659896303015,0.9418344172932458
cc8a7f0f52562f9c,01_02_13.npy,0,1000,30,9,real_reader_values_nonnegative,float64,0.0,True,0.0,hampel_w5_s3,270000,270000,0,0,0.0,0,0.0,0.0,8.55411567909329e-06,269730,133841,0.49620361101842586,134094,0.4971415860304749,1795,0.0066548029510992476,0,0.0,0,0.0,267935,0,0.0,267935,0,0.0,0.0,1.100811936656534,2.38497129771481,8.550829832493434,18.600819132079586,20.58603642672363,24.7964346577516,9.565479777221364,4.924434057302719
cc8a7f0f52562f9c,01_02_14.npy,0,1000,30,9,real_reader_values_nonnegative,float64,0.0,True,0.0,raw,270000,270000,0,0,0.0,0,0.0,0.0,8.74871416313101e-06,269730,134914,0.5001816631446261,134802,0.4997664330997664,14,5.1903755607459314e-05,0,0.0,0,0.0,269716,0,0.0,269716,0,0.0,0.0,1.1295744481081271,2.25528536767805,8.74794558334184,18.4316521589884,20.4544839222721,26.24898901298,9.65225880808528,4.942614199595869
cc8a7f0f52562f9c,01_02_14.npy,0,1000,30,9,real_reader_values_nonnegative,float64,0.0,True,0.0,wavelet,270000,270000,0,0,0.0,0,0.0,0.0,8.74871416313101e-06,269730,134067,0.49704148593037484,135648,0.5029029029029028,15,5.5611166722277836e-05,0,0.0,0,0.0,269715,0,0.0,269715,0,0.0,0.1624268165380796,1.1764803196630136,2.2428316454612194,8.74099460499647,18.334506514753414,20.204249951461346,24.896793673020714,9.65229443802017,4.915989714400214
cc8a7f0f52562f9c,01_02_14.npy,0,1000,30,9,real_reader_values_nonnegative,float64,0.0,True,0.0,butterworth_o5_c0.3,270000,270000,0,0,0.0,0,0.0,0.0,8.74871416313101e-06,269730,134650,0.499202906610314,135064,0.5007377748118489,16,5.931857783709636e-05,0,0.0,0,0.0,269714,0,0.0,269714,0,0.0,0.11751401360869215,1.1768820485844893,2.243593418015233,8.738949706341817,18.343321297225238,20.214492207745558,24.8282100155142,9.652428095621916,4.917236794885847
cc8a7f0f52562f9c,01_02_14.npy,0,1000,30,9,real_reader_values_nonnegative,float64,0.0,True,0.0,savgol_w7_p3,270000,270000,0,0,0.0,0,0.0,0.0,8.74871416313101e-06,269730,134780,0.4996848700552404,134944,0.5002928854780707,6,2.2244466688911134e-05,0,0.0,0,0.0,269724,0,0.0,269724,0,0.0,0.029566347330089227,1.1672658777986258,2.2432657108639007,8.739342789672811,18.34766718991226,20.241142852351658,25.127500696632826,9.652213042042145,4.918977723789691
cc8a7f0f52562f9c,01_02_14.npy,0,1000,30,9,real_reader_values_nonnegative,float64,0.0,True,0.0,bandpass_fs1000,270000,270000,0,139339,0.5160703703703704,139339,0.5160703703703704,0.45772280274566446,8.74871416313101e-06,269730,134405,0.4982945908871835,135277,0.5015274533793053,48,0.00017795573351128907,5761,0.021358395432469507,136313,0.5053683312942572,269679,139158,0.5160134826960943,269682,139161,0.5160188666651835,-5.237048195131689,-3.2338117032121576,-1.876488474888411,-0.0327361698277001,1.925633156263388,3.8910364503411694,7.356191676401186,0.000914248546724051,1.2085416401835027
cc8a7f0f52562f9c,01_02_14.npy,0,1000,30,9,real_reader_values_nonnegative,float64,0.0,True,0.0,bandpass_fs200,270000,270000,0,136285,0.5047592592592592,136284,0.5047555555555555,0.49166198902871777,8.74871416313101e-06,269730,134752,0.4995810625440255,134971,0.5003929855781708,7,2.5951877803729657e-05,39289,0.14566047529010492,116499,0.431909687465243,269720,136211,0.5050088981165654,269723,136214,0.5050144036659833,-4.567839331962123,-2.4943379041419282,-1.4537692025580764,-0.00792630567202414,1.5213652691182473,2.5488276101253136,4.9484750668724855,0.0010608560230034173,0.9114046524268583
cc8a7f0f52562f9c,01_02_14.npy,0,1000,30,9,real_reader_values_nonnegative,float64,0.0,True,0.0,hampel_w5_s3,270000,270000,0,0,0.0,0,0.0,0.0,8.74871416313101e-06,269730,134111,0.49720461201942684,133891,0.4963889815741668,1728,0.006406406406406407,0,0.0,0,0.0,268002,0,0.0,268002,0,0.0,0.0,1.13612821992458,2.25494870835135,8.746905798698801,18.42961043492472,20.4366692835941,26.1727805954782,9.652804478119888,4.941007700565709
cc8a7f0f52562f9c,01_02_15.npy,0,1000,30,9,real_reader_values_nonnegative,float64,0.0,True,0.0,raw,270000,270000,0,0,0.0,0,0.0,0.0,9.07185314045033e-06,269730,135158,0.5010862714566419,134565,0.49888777666555445,7,2.5951877803729657e-05,0,0.0,0,0.0,269723,0,0.0,269723,0,0.0,0.0,1.1397360909224603,2.49784652275617,9.07020894673418,18.622340834168124,20.662330794446245,26.9537654711028,9.848091442798495,4.942906018917138
cc8a7f0f52562f9c,01_02_15.npy,0,1000,30,9,real_reader_values_nonnegative,float64,0.0,True,0.0,wavelet,270000,270000,0,0,0.0,0,0.0,0.0,9.07185314045033e-06,269730,135122,0.5009528046565084,134594,0.4989952915878842,14,5.1903755607459314e-05,0,0.0,0,0.0,269716,0,0.0,269716,0,0.0,0.15736999565053897,1.1399903860245622,2.5094824128458697,9.067030083499146,18.53639722897882,20.341856754903205,25.46873553347901,9.848171112945401,4.914232424955834
cc8a7f0f52562f9c,01_02_15.npy,0,1000,30,9,real_reader_values_nonnegative,float64,0.0,True,0.0,butterworth_o5_c0.3,270000,270000,0,0,0.0,0,0.0,0.0,9.07185314045033e-06,269730,134929,0.5002372743113483,134788,0.499714529344159,13,4.819634449264079e-05,0,0.0,0,0.0,269717,0,0.0,269717,0,0.0,0.18236112863590168,1.1450819595671844,2.511377408816,9.065548731417067,18.544751836025164,20.343940134968097,25.573138340542116,9.848169259133773,4.915695248891618
cc8a7f0f52562f9c,01_02_15.npy,0,1000,30,9,real_reader_values_nonnegative,float64,0.0,True,0.0,savgol_w7_p3,270000,270000,0,0,0.0,0,0.0,0.0,9.07185314045033e-06,269730,135147,0.5010454899343788,134575,0.4989248507767026,8,2.965928891854818e-05,0,0.0,0,0.0,269722,0,0.0,269722,0,0.0,0.08652445428463737,1.1473758533003098,2.5067491309927528,9.06556667279466,18.556632921002223,20.37583576831733,26.083578821832894,9.848123682520484,4.917680457711211
cc8a7f0f52562f9c,01_02_15.npy,0,1000,30,9,real_reader_values_nonnegative,float64,0.0,True,0.0,bandpass_fs1000,270000,270000,0,124428,0.46084444444444445,124425,0.4608333333333333,0.39862873178540686,9.07185314045033e-06,269730,134287,0.4978571163756349,135407,0.5020094168242316,36,0.0001334668001334668,5748,0.021310199087976867,121401,0.4500834167500834,269694,124196,0.4605070932241726,269694,124196,0.4605070932241726,-6.869574607401268,-2.9717014072444976,-1.8403763133375521,0.093073438231803,2.0644388869585777,4.201311557525278,6.792074368632513,0.10055484517642618,1.238748657081043
cc8a7f0f52562f9c,01_02_15.npy,0,1000,30,9,real_reader_values_nonnegative,float64,0.0,True,0.0,bandpass_fs200,270000,270000,0,136113,0.5041222222222222,136112,0.5041185185185185,0.4764014190629644,9.07185314045033e-06,269730,135113,0.500919437956475,134609,0.49905090275460645,8,2.965928891854818e-05,38114,0.14130426723019315,116948,0.4335743150557965,269720,135851,0.5036741806317663,269722,135853,0.5036778609086393,-6.887258352678322,-2.660710744128132,-1.5717791600821382,-0.007217938663028835,1.6413434065788335,3.0672960400864024,7.004545343690334,0.004381729235945731,1.0118734858693212
cc8a7f0f52562f9c,01_02_15.npy,0,1000,30,9,real_reader_values_nonnegative,float64,0.0,True,0.0,hampel_w5_s3,270000,270000,0,0,0.0,0,0.0,0.0,9.07185314045033e-06,269730,134348,0.4980832684536388,133800,0.4960516071627183,1582,0.005865124383642902,0,0.0,0,0.0,268148,0,0.0,268148,0,0.0,0.0,1.142586550561601,2.4992347586428,9.06828455963867,18.618684666305796,20.63261760390087,26.9537654711028,9.848202527921632,4.940888747731785
cc8a7f0f52562f9c,01_02_16.npy,0,1000,30,9,real_reader_values_nonnegative,float64,0.0,True,0.0,raw,270000,270000,0,0,0.0,0,0.0,0.0,8.6011020072764e-06,269730,134794,0.4997367738108479,134936,0.5002632261891521,0,0.0,0,0.0,0,0.0,269730,0,0.0,269730,0,0.0,0.0,1.4982997313529967,2.900775539773907,8.6005097834726,18.44861514353538,20.44479147709748,25.9121197615776,9.707656490420382,4.903395671917392
cc8a7f0f52562f9c,01_02_16.npy,0,1000,30,9,real_reader_values_nonnegative,float64,0.0,True,0.0,wavelet,270000,270000,0,0,0.0,0,0.0,0.0,8.6011020072764e-06,269730,133707,0.49570681792904014,136000,0.504207911615319,23,8.527045564082602e-05,0,0.0,0,0.0,269707,0,0.0,269707,0,0.0,0.3078515147879549,1.5396324254997478,2.9348863880059337,8.596543212470266,18.34464338921546,20.2189247189467,25.10126207469544,9.707657995008214,4.877203630829194
cc8a7f0f52562f9c,01_02_16.npy,0,1000,30,9,real_reader_values_nonnegative,float64,0.0,True,0.0,butterworth_o5_c0.3,270000,270000,0,0,0.0,0,0.0,0.0,8.6011020072764e-06,269730,134028,0.4968968968968969,135696,0.5030808586364142,6,2.2244466688911134e-05,0,0.0,0,0.0,269724,0,0.0,269724,0,0.0,0.27040146168910345,1.531432088005095,2.934242878865203,8.595937351435367,18.354983376099085,20.217289017492355,24.89162445824787,9.707423434464738,4.878133123480141
cc8a7f0f52562f9c,01_02_16.npy,0,1000,30,9,real_reader_values_nonnegative,float64,0.0,True,0.0,savgol_w7_p3,270000,270000,0,0,0.0,0,0.0,0.0,8.6011020072764e-06,269730,134602,0.4990249508768027,135118,0.5009379750120491,10,3.7074111148185224e-05,0,0.0,0,0.0,269720,0,0.0,269720,0,0.0,0.21166770170949475,1.5337983427383177,2.927479060852071,8.597840722925948,18.367592007569947,20.2411020254719,25.1892433818546,9.707713477338194,4.880233546707391
cc8a7f0f52562f9c,01_02_16.npy,0,1000,30,9,real_reader_values_nonnegative,float64,0.0,True,0.0,bandpass_fs1000,270000,270000,0,133911,0.49596666666666667,133910,0.49596296296296294,0.5035284357994462,8.6011020072764e-06,269730,133334,0.49432395358321285,136369,0.505575946316687,27,0.0001001001001001001,5630,0.02087272457642828,130941,0.48545211878545214,269702,133702,0.4957397423823331,269703,133703,0.49574161206957285,-5.904128041914759,-2.8151673825737875,-1.764707746875378,0.009387141381102493,1.7375849660035914,2.7693417917549916,5.100059915217188,0.005256005192440561,1.0633828781068926
cc8a7f0f52562f9c,01_02_16.npy,0,1000,30,9,real_reader_values_nonnegative,float64,0.0,True,0.0,bandpass_fs200,270000,270000,0,136164,0.5043111111111112,136164,0.5043111111111112,0.4934718043601595,8.6011020072764e-06,269730,134985,0.5004448893337782,134743,0.49954769584399217,2,7.414822229637045e-06,36384,0.1348904460015571,117874,0.4370073777481185,269728,136022,0.5042932139043778,269728,136022,0.5042932139043778,-5.385338044117347,-2.362565625699446,-1.4692843798021706,-0.0075695409453797385,1.497737257456675,2.3937007398035837,5.4450974086213275,0.0005260519911313488,0.8984822703239047
cc8a7f0f52562f9c,01_02_16.npy,0,1000,30,9,real_reader_values_nonnegative,float64,0.0,True,0.0,hampel_w5_s3,270000,270000,0,0,0.0,0,0.0,0.0,8.6011020072764e-06,269730,133934,0.49654840025210395,134071,0.4970563155748341,1725,0.006395284173061951,0,0.0,0,0.0,268005,0,0.0,268005,0,0.0,0.0,1.5048435457747742,2.90365011414121,8.599409605817296,18.448790480631377,20.43070257285365,25.9121197615776,9.709036231091766,4.9030548148924264
cc8a7f0f52562f9c,01_02_17.npy,0,1000,30,9,real_reader_values_nonnegative,float64,0.0,True,0.0,raw,270000,270000,0,0,0.0,0,0.0,0.0,8.49734587190729e-06,269730,134750,0.49957364772179585,134971,0.5003929855781708,9,3.33667000333667e-05,0,0.0,0,0.0,269721,0,0.0,269721,0,0.0,0.0,1.1384470637455808,2.465664063615864,8.495842293775425,18.37914047141144,20.404808362983935,26.2826450351516,9.545821140263316,4.939596728583731
cc8a7f0f52562f9c,01_02_17.npy,0,1000,30,9,real_reader_values_nonnegative,float64,0.0,True,0.0,wavelet,270000,270000,0,0,0.0,0,0.0,0.0,8.49734587190729e-06,269730,135104,0.5008860712564416,134614,0.49906943981018054,12,4.448893337782227e-05,0,0.0,0,0.0,269718,0,0.0,269718,0,0.0,0.19219705270481213,1.1645436365226145,2.5148584245710177,8.47091509027694,18.31180434591832,20.157913193759164,24.723297630724215,9.545938253604673,4.913682211238781
cc8a7f0f52562f9c,01_02_17.npy,0,1000,30,9,real_reader_values_nonnegative,float64,0.0,True,0.0,butterworth_o5_c0.3,270000,270000,0,0,0.0,0,0.0,0.0,8.49734587190729e-06,269730,135261,0.5014681348014681,134453,0.4984725466206948,16,5.931857783709636e-05,0,0.0,0,0.0,269714,0,0.0,269714,0,0.0,8.892736013330071e-06,1.1614371581066236,2.514127154358194,8.472611597443246,18.306470167272096,20.164825351003017,24.4613850737285,9.545743997423177,4.9147024540731135
cc8a7f0f52562f9c,01_02_17.npy,0,1000,30,9,real_reader_values_nonnegative,float64,0.0,True,0.0,savgol_w7_p3,270000,270000,0,3,1.1111111111111112e-05,3,1.1111111111111112e-05,4.931469486863174e-10,8.49734587190729e-06,269730,135144,0.5010343677010344,134579,0.4989396804211619,7,2.5951877803729657e-05,4,1.482964445927409e-05,1,3.7074111148185224e-06,269723,1,3.7075073315957484e-06,269723,1,3.7075073315957484e-06,-0.09013944767633034,1.1577523229886433,2.512222558345732,8.472449753396642,18.320960498464753,20.178433073694276,24.463022541517454,9.545837283717116,4.91656995817306
cc8a7f0f52562f9c,01_02_17.npy,0,1000,30,9,real_reader_values_nonnegative,float64,0.0,True,0.0,bandpass_fs1000,270000,270000,0,128930,0.4775185185185185,128929,0.47751481481481484,0.38155017680631453,8.49734587190729e-06,269730,134407,0.49830200570941313,135278,0.50153116079042,45,0.0001668335001668335,5683,0.021069217365513662,125921,0.46684091498906316,269684,128726,0.4773216060277955,269685,128727,0.477323544134824,-4.412681399277803,-2.4552448921178454,-1.5748260734828365,0.04944740948919146,2.0023561245845607,3.2677578023491707,6.04257511373533,0.09333319948351707,1.0865017387113243
cc8a7f0f52562f9c,01_02_17.npy,0,1000,30,9,real_reader_values_nonnegative,float64,0.0,True,0.0,bandpass_fs200,270000,270000,0,133994,0.4962740740740741,133991,0.49626296296296296,0.48094902167450493,8.49734587190729e-06,269730,134807,0.4997849701553405,134911,0.5001705409112817,12,4.448893337782227e-05,35783,0.13266229192155118,115954,0.4298891484076669,269718,133701,0.4957066269214513,269718,133701,0.4957066269214513,-5.505346137621311,-2.461645234696614,-1.4952168278822546,0.006452857954170249,1.5415631164209136,2.5725037281379235,5.134694603517072,0.012782032802835295,0.9366610475691095
cc8a7f0f52562f9c,01_02_17.npy,0,1000,30,9,real_reader_values_nonnegative,float64,0.0,True,0.0,hampel_w5_s3,270000,270000,0,0,0.0,0,0.0,0.0,8.49734587190729e-06,269730,133958,0.4966373781188596,134038,0.4969339710080451,1734,0.0064286508730953176,0,0.0,0,0.0,267996,0,0.0,267996,0,0.0,0.0,1.13928437417964,2.47119393886247,8.49211901357149,18.378938812483906,20.3933819932541,26.2826450351516,9.54709903875471,4.939087996702933
cc8a7f0f52562f9c,01_02_18.npy,0,1000,30,9,real_reader_values_nonnegative,float64,0.0,True,0.0,raw,270000,270000,0,0,0.0,0,0.0,0.0,8.628272777868989e-06,269730,134828,0.49986282578875174,134889,0.5000889778667557,13,4.819634449264079e-05,0,0.0,0,0.0,269717,0,0.0,269717,0,0.0,0.0,1.1234092466811714,2.45991907987365,8.626587903945197,18.37057430647171,20.3583171551587,24.2583409683285,9.598801114937528,4.9506060594954535
cc8a7f0f52562f9c,01_02_18.npy,0,1000,30,9,real_reader_values_nonnegative,float64,0.0,True,0.0,wavelet,270000,270000,0,0,0.0,0,0.0,0.0,8.628272777868989e-06,269730,135560,0.5025766507247988,134157,0.4973751529307085,13,4.819634449264079e-05,0,0.0,0,0.0,269717,0,0.0,269717,0,0.0,0.19350849874418052,1.146915023055026,2.499528970649183,8.614979292454706,18.31270663527101,20.019357215969425,22.782020449192515,9.598688809650952,4.923778390720057
cc8a7f0f52562f9c,01_02_18.npy,0,1000,30,9,real_reader_values_nonnegative,float64,0.0,True,0.0,butterworth_o5_c0.3,270000,270000,0,0,0.0,0,0.0,0.0,8.628272777868989e-06,269730,135606,0.5027471916360805,134113,0.4972120268416565,11,4.0781522263003746e-05,0,0.0,0,0.0,269719,0,0.0,269719,0,0.0,0.13974921227310644,1.1363508780184535,2.497257472740179,8.615635122177107,18.31548766785467,20.036865652349153,23.161030355872505,9.598813925404938,4.924895667453756
cc8a7f0f52562f9c,01_02_18.npy,0,1000,30,9,real_reader_values_nonnegative,float64,0.0,True,0.0,savgol_w7_p3,270000,270000,0,0,0.0,0,0.0,0.0,8.628272777868989e-06,269730,135030,0.5006117228339451,134691,0.4993549104660216,9,3.33667000333667e-05,0,0.0,0,0.0,269721,0,0.0,269721,0,0.0,0.027491415678889464,1.1360451238526266,2.493326636717706,8.614918431050071,18.320449158642276,20.06295944792787,23.298052805478633,9.598808396697018,4.926833647332301
cc8a7f0f52562f9c,01_02_18.npy,0,1000,30,9,real_reader_values_nonnegative,float64,0.0,True,0.0,bandpass_fs1000,270000,270000,0,141366,0.5235777777777778,141365,0.5235740740740741,0.4527135038564829,8.628272777868989e-06,269730,136312,0.5053646238831424,133379,0.4944907870833797,39,0.00014458903347792237,5257,0.01948986023060097,138606,0.5138694249805361,269690,141247,0.5237383662723868,269691,141248,0.5237401322253987,-4.835903739517919,-2.56467231808738,-1.7015029909304156,-0.053471877195464576,1.8322922033579696,3.184453946192522,6.874580344474191,-0.009858618513427458,1.105322902425038
cc8a7f0f52562f9c,01_02_18.npy,0,1000,30,9,real_reader_values_nonnegative,float64,0.0,True,0.0,bandpass_fs200,270000,270000,0,134121,0.49674444444444443,134118,0.49673333333333336,0.4699581433187584,8.628272777868989e-06,269730,135265,0.5014829644459274,134457,0.49848737626515405,8,2.965928891854818e-05,36705,0.13608052496941386,115637,0.42871389908426943,269722,133619,0.4953952588220464,269722,133619,0.4953952588220464,-4.4328023959007075,-2.214148412450825,-1.4045290037715839,0.005739062252335673,1.4652614149341119,2.4303020560959183,5.114441194365991,0.013776855448864124,0.8847648311764315
cc8a7f0f52562f9c,01_02_18.npy,0,1000,30,9,real_reader_values_nonnegative,float64,0.0,True,0.0,hampel_w5_s3,270000,270000,0,0,0.0,0,0.0,0.0,8.628272777868989e-06,269730,133957,0.4966336707077448,133988,0.4967486004523042,1785,0.0066177288399510625,0,0.0,0,0.0,267945,0,0.0,267945,0,0.0,0.0,1.12816496140398,2.4626908129820975,8.62151810852839,18.366702866367536,20.34499101761949,24.2583409683285,9.598212620783807,4.94834150901601
cc8a7f0f52562f9c,01_02_19.npy,0,1000,30,9,real_reader_values_nonnegative,float64,0.0,True,0.0,raw,270000,270000,0,0,0.0,0,0.0,0.0,8.84743119701103e-06,269730,134725,0.4994809624439254,134998,0.5004930856782709,7,2.5951877803729657e-05,0,0.0,0,0.0,269723,0,0.0,269723,0,0.0,0.0,0.9078413151907587,2.1571067003693805,8.84592705681257,18.545485929372862,20.473368124146464,26.0570645353423,9.713081937090276,5.022192023501445
cc8a7f0f52562f9c,01_02_19.npy,0,1000,30,9,real_reader_values_nonnegative,float64,0.0,True,0.0,wavelet,270000,270000,0,0,0.0,0,0.0,0.0,8.84743119701103e-06,269730,134894,0.5001075149223297,134823,0.4998442887331776,13,4.819634449264079e-05,0,0.0,0,0.0,269717,0,0.0,269717,0,0.0,0.2128891271421447,1.0036850135907769,2.1673202906276607,8.83668189929636,18.45268976039239,20.198274858321582,24.137235766617014,9.713129537524551,4.994307331302665
cc8a7f0f52562f9c,01_02_19.npy,0,1000,30,9,real_reader_values_nonnegative,float64,0.0,True,0.0,butterworth_o5_c0.3,270000,270000,0,0,0.0,0,0.0,0.0,8.84743119701103e-06,269730,134819,0.49982945908871834,134908,0.5001594186779372,3,1.1122233344455567e-05,0,0.0,0,0.0,269727,0,0.0,269727,0,0.0,0.18574310383253181,1.003018078843754,2.1662700732599673,8.831957548747228,18.456403278267473,20.20489019042808,23.69499352550416,9.71312666765513,4.995951637374422
cc8a7f0f52562f9c,01_02_19.npy,0,1000,30,9,real_reader_values_nonnegative,float64,0.0,True,0.0,savgol_w7_p3,270000,270000,0,0,0.0,0,0.0,0.0,8.84743119701103e-06,269730,134707,0.4994142290438587,135016,0.5005598190783376,7,2.5951877803729657e-05,0,0.0,0,0.0,269723,0,0.0,269723,0,0.0,0.15035909313412793,0.9969734845463826,2.1619366345489905,8.833870330733475,18.46088282436091,20.226417979417093,23.94670560514453,9.71307974091859,4.997827922251792
cc8a7f0f52562f9c,01_02_19.npy,0,1000,30,9,real_reader_values_nonnegative,float64,0.0,True,0.0,bandpass_fs1000,270000,270000,0,138613,0.5133814814814814,138609,0.5133666666666666,0.48076155971780016,8.84743119701103e-06,269730,135377,0.5018981944907871,134320,0.4979794609424239,33,0.00012234456678901124,6369,0.023612501390279168,135266,0.5014866718570422,269696,138447,0.513344654722354,269697,138448,0.5133464591745551,-5.736559614588402,-2.553319994334356,-1.6580278288096506,-0.029406732309422888,1.7205226634809236,2.8120713502896524,5.194638840307257,-0.0040153098608290885,1.0290903196356076
cc8a7f0f52562f9c,01_02_19.npy,0,1000,30,9,real_reader_values_nonnegative,float64,0.0,True,0.0,bandpass_fs200,270000,270000,0,136976,0.5073185185185185,136976,0.5073185185185185,0.49081144272283284,8.84743119701103e-06,269730,135256,0.501449597745894,134464,0.4985133281429578,10,3.7074111148185224e-05,38307,0.14201979757535313,117695,0.436343751158566,269720,136681,0.5067514459439418,269720,136681,0.5067514459439418,-5.221330528391741,-2.471965270266484,-1.4470352448180912,-0.01261333166314756,1.4994678282023879,2.562717852867518,5.99152586243847,-0.00205074602377886,0.9194931348955329
cc8a7f0f52562f9c,01_02_19.npy,0,1000,30,9,real_reader_values_nonnegative,float64,0.0,True,0.0,hampel_w5_s3,270000,270000,0,0,0.0,0,0.0,0.0,8.84743119701103e-06,269730,133879,0.49634449264078895,134110,0.497200904608312,1741,0.006454602750899047,0,0.0,0,0.0,267989,0,0.0,267989,0,0.0,0.0,0.91470442646386,2.1576002939865355,8.843301616120076,18.549374203614413,20.456683436067422,25.7481769994366,9.714610485225654,5.022069222464962
cc8a7f0f52562f9c,01_02_20.npy,0,1000,30,9,real_reader_values_nonnegative,float64,0.0,True,0.0,raw,270000,270000,0,0,0.0,0,0.0,0.0,8.398261790891799e-06,269730,134914,0.5001816631446261,134814,0.49981092203314426,2,7.414822229637045e-06,0,0.0,0,0.0,269728,0,0.0,269728,0,0.0,0.0,1.28795777631489,2.4173440871164824,8.397723939674275,18.503248098033396,20.574674176744487,28.3432107429461,9.556111289886903,5.03850684664381
cc8a7f0f52562f9c,01_02_20.npy,0,1000,30,9,real_reader_values_nonnegative,float64,0.0,True,0.0,wavelet,270000,270000,0,0,0.0,0,0.0,0.0,8.398261790891799e-06,269730,135269,0.5014977940903866,134451,0.49846513179846513,10,3.7074111148185224e-05,0,0.0,0,0.0,269720,0,0.0,269720,0,0.0,0.13676625770525458,1.376364005873509,2.404168157696016,8.368899906041612,18.436237494531348,20.300090708719278,27.40370249796364,9.556152880549693,5.012824336339292
cc8a7f0f52562f9c,01_02_20.npy,0,1000,30,9,real_reader_values_nonnegative,float64,0.0,True,0.0,butterworth_o5_c0.3,270000,270000,0,0,0.0,0,0.0,0.0,8.398261790891799e-06,269730,135300,0.501612723834946,134419,0.49834649464279096,11,4.0781522263003746e-05,0,0.0,0,0.0,269719,0,0.0,269719,0,0.0,0.2234619466016628,1.3681587009234166,2.405058549980591,8.369641942850357,18.4472545848751,20.307121742718866,27.149516712979747,9.55618268650746,5.013971509017319
cc8a7f0f52562f9c,01_02_20.npy,0,1000,30,9,real_reader_values_nonnegative,float64,0.0,True,0.0,savgol_w7_p3,270000,270000,0,0,0.0,0,0.0,0.0,8.398261790891799e-06,269730,134767,0.49963667371074777,134957,0.5003410818225633,6,2.2244466688911134e-05,0,0.0,0,0.0,269724,0,0.0,269724,0,0.0,0.18348078881565655,1.3653158877720601,2.4077771118349482,8.370821486839754,18.451463013947915,20.31734580003889,27.09207543892242,9.556082256141746,5.015668937736011
cc8a7f0f52562f9c,01_02_20.npy,0,1000,30,9,real_reader_values_nonnegative,float64,0.0,True,0.0,bandpass_fs1000,270000,270000,0,142799,0.5288851851851852,142798,0.5288814814814815,0.41790838479438697,8.398261790891799e-06,269730,134369,0.49816112408705,135330,0.5017239461683907,31,0.0001149297445593742,5902,0.021881140399658917,139679,0.5178474771067364,269697,142624,0.5288305023785952,269699,142626,0.5288339964182293,-4.950276678427376,-2.7689697460378953,-1.7485187604365144,-0.06076169069595269,2.0083767962376817,3.6794263916745495,7.896786943182518,0.013048418335478292,1.1629043140537338
cc8a7f0f52562f9c,01_02_20.npy,0,1000,30,9,real_reader_values_nonnegative,float64,0.0,True,0.0,bandpass_fs200,270000,270000,0,137230,0.5082592592592593,137228,0.5082518518518518,0.489806171327986,8.398261790891799e-06,269730,134550,0.4988321654988322,135173,0.5011418826233641,7,2.5951877803729657e-05,36273,0.13447892336781225,119016,0.44124124124124126,269721,137294,0.5090222859918212,269723,137296,0.5090259265987699,-5.093975833730451,-2.740485507319491,-1.581344537899599,-0.014414401549558812,1.5951130695870264,2.8343438102468115,6.583351991360088,-0.006940586991499698,0.9839731567992217
cc8a7f0f52562f9c,01_02_20.npy,0,1000,30,9,real_reader_values_nonnegative,float64,0.0,True,0.0,hampel_w5_s3,270000,270000,0,0,0.0,0,0.0,0.0,8.398261790891799e-06,269730,134002,0.4968005042079116,134078,0.49708226745263784,1650,0.006117228339450562,0,0.0,0,0.0,268080,0,0.0,268080,0,0.0,0.0,1.3000579110337693,2.4156997215884175,8.393071571592746,18.50525914582924,20.55954719828649,28.3432107429461,9.557634491738773,5.038348682986648
cc8a7f0f52562f9c,01_03_01.npy,0,1000,30,9,real_reader_values_nonnegative,float64,0.0,True,0.0,raw,270000,270000,0,0,0.0,0,0.0,0.0,9.316577107364754e-06,269730,135115,0.5009268527787046,134609,0.49905090275460645,6,2.2244466688911134e-05,0,0.0,0,0.0,269724,0,0.0,269724,0,0.0,0.0,1.3250852809633595,3.0687563502526523,9.315413622320964,19.272260013173074,22.863541268400464,29.1035516257566,10.27250853606013,5.087012522899459
cc8a7f0f52562f9c,01_03_01.npy,0,1000,30,9,real_reader_values_nonnegative,float64,0.0,True,0.0,wavelet,270000,270000,0,0,0.0,0,0.0,0.0,9.316577107364754e-06,269730,134179,0.4974567159752345,135544,0.5025173321469618,7,2.5951877803729657e-05,0,0.0,0,0.0,269723,0,0.0,269723,0,0.0,0.23197142815823746,1.3784258164914027,3.094690058833303,9.301574183611407,19.197128159834204,22.772309617519298,28.056723469044407,10.272604659042775,5.0575935870645505
cc8a7f0f52562f9c,01_03_01.npy,0,1000,30,9,real_reader_values_nonnegative,float64,0.0,True,0.0,butterworth_o5_c0.3,270000,270000,0,0,0.0,0,0.0,0.0,9.316577107364754e-06,269730,134854,0.499959218477737,134861,0.49998517035554074,15,5.5611166722277836e-05,0,0.0,0,0.0,269715,0,0.0,269715,0,0.0,0.2585352708888332,1.3749783626928087,3.089961933416659,9.304415670754455,19.198248505517423,22.78985745731068,27.87122521280536,10.272883048007797,5.059289511338784
cc8a7f0f52562f9c,01_03_01.npy,0,1000,30,9,real_reader_values_nonnegative,float64,0.0,True,0.0,savgol_w7_p3,270000,270000,0,0,0.0,0,0.0,0.0,9.316577107364754e-06,269730,134529,0.49875430986542096,135192,0.5012123234345457,9,3.33667000333667e-05,0,0.0,0,0.0,269721,0,0.0,269721,0,0.0,0.12106519235193974,1.3669211944263662,3.0866616763171897,9.304862469296483,19.202399896524685,22.798786347227736,28.140559387564934,10.272352199291324,5.061041752671969
cc8a7f0f52562f9c,01_03_01.npy,0,1000,30,9,real_reader_values_nonnegative,float64,0.0,True,0.0,bandpass_fs1000,270000,270000,0,135830,0.5030740740740741,135828,0.5030666666666667,0.5366314291039752,9.316577107364754e-06,269730,134340,0.4980536091647203,135359,0.5018314610907203,31,0.0001149297445593742,6149,0.022796870945019095,132635,0.4917324732139547,269699,135671,0.5030459883054813,269699,135671,0.5030459883054813,-9.350930520094769,-5.448508130474623,-2.591177449129343,-0.006360945990914132,2.5551948773141224,4.853532132966709,7.821937591868145,-0.026991299686598094,1.5940137632653848
cc8a7f0f52562f9c,01_03_01.npy,0,1000,30,9,real_reader_values_nonnegative,float64,0.0,True,0.0,bandpass_fs200,270000,270000,0,134094,0.49664444444444444,134092,0.49663703703703704,0.5165814130596534,9.316577107364754e-06,269730,135299,0.5016090164238313,134424,0.49836503169836505,7,2.5951877803729657e-05,37170,0.13780447113780447,115388,0.42779075371667963,269722,134121,0.4972564344028296,269723,134122,0.49725829832828494,-5.590364542714883,-2.9552006695315547,-1.7686656763754267,0.006189493334084641,1.6734519812594446,2.7390147398481464,6.539083214995491,-0.003585857703901475,1.0493538310243853
cc8a7f0f52562f9c,01_03_01.npy,0,1000,30,9,real_reader_values_nonnegative,float64,0.0,True,0.0,hampel_w5_s3,270000,270000,0,0,0.0,0,0.0,0.0,9.316577107364754e-06,269730,134239,0.4976791606421236,133812,0.4960960960960961,1679,0.006224743261780298,0,0.0,0,0.0,268051,0,0.0,268051,0,0.0,0.0,1.3277981144476436,3.069373036465367,9.315084408833389,19.264503393270605,22.87624650513483,29.1035516257566,10.274931685278382,5.085847379494341
cc8a7f0f52562f9c,01_03_02.npy,0,1000,30,9,real_reader_values_nonnegative,float64,0.0,True,0.0,raw,270000,270000,0,0,0.0,0,0.0,0.0,8.90137695694614e-06,269730,135050,0.5006858710562414,134673,0.49928817706595485,7,2.5951877803729657e-05,0,0.0,0,0.0,269723,0,0.0,269723,0,0.0,0.0,1.17616066464671,2.56407182148132,8.900600646564566,19.19335493962594,22.10664290978384,29.7442813947039,9.965379275385594,5.181679215972634
cc8a7f0f52562f9c,01_03_02.npy,0,1000,30,9,real_reader_values_nonnegative,float64,0.0,True,0.0,wavelet,270000,270000,0,0,0.0,0,0.0,0.0,8.90137695694614e-06,269730,134981,0.500430059689319,134736,0.4995217439661884,13,4.819634449264079e-05,0,0.0,0,0.0,269717,0,0.0,269717,0,0.0,0.2408251893432537,1.2516425052449605,2.564757268103887,8.876550338362488,19.137249496798578,21.94964423541032,27.487003704589394,9.96537143875059,5.154280625367584
cc8a7f0f52562f9c,01_03_02.npy,0,1000,30,9,real_reader_values_nonnegative,float64,0.0,True,0.0,butterworth_o5_c0.3,270000,270000,0,0,0.0,0,0.0,0.0,8.90137695694614e-06,269730,135020,0.5005746487227969,134697,0.4993771549327105,13,4.819634449264079e-05,0,0.0,0,0.0,269717,0,0.0,269717,0,0.0,0.2000893337177,1.2482196206814653,2.5659384165122017,8.877265856313606,19.141314601771224,21.942379726373805,27.595473548532983,9.965198073991935,5.155339554178906
cc8a7f0f52562f9c,01_03_02.npy,0,1000,30,9,real_reader_values_nonnegative,float64,0.0,True,0.0,savgol_w7_p3,270000,270000,0,0,0.0,0,0.0,0.0,8.90137695694614e-06,269730,134376,0.49818707596485373,135340,0.5017610202795388,14,5.1903755607459314e-05,0,0.0,0,0.0,269716,0,0.0,269716,0,0.0,0.15797644498028418,1.2460461662511162,2.566860911345385,8.880429771816793,19.140279485138596,21.95787622310639,27.666130427283207,9.965436538165,5.157557186720579
cc8a7f0f52562f9c,01_03_02.npy,0,1000,30,9,real_reader_values_nonnegative,float64,0.0,True,0.0,bandpass_fs1000,270000,270000,0,132814,0.4919037037037037,132811,0.4918925925925926,0.44846691043950193,8.90137695694614e-06,269730,135388,0.50193897601305,134304,0.4979201423645868,38,0.00014088162236310385,5421,0.02009787565343121,129970,0.48185222259296334,269692,132699,0.4920390667872981,269692,132699,0.4920390667872981,-7.2209758610093235,-4.0265126448016355,-1.9462165514129357,0.01696601114075776,2.227035627389101,4.263341055813718,7.90058194907968,0.0631981426335242,1.3506148219276464
cc8a7f0f52562f9c,01_03_02.npy,0,1000,30,9,real_reader_values_nonnegative,float64,0.0,True,0.0,bandpass_fs200,270000,270000,0,133961,0.49615185185185184,133961,0.49615185185185184,0.493288533218454,8.90137695694614e-06,269730,134796,0.4997441886330775,134930,0.5002409817224632,4,1.482964445927409e-05,38904,0.1442331220108998,114373,0.42402773143513883,269724,133629,0.4954286604084175,269726,133631,0.4954324017706858,-6.7365715584797705,-2.6639920771387553,-1.5420468989384142,0.0065592693561776156,1.5950007189648294,2.7290764912500607,6.289254221106372,0.013325532132752373,0.9703657395940478
cc8a7f0f52562f9c,01_03_02.npy,0,1000,30,9,real_reader_values_nonnegative,float64,0.0,True,0.0,hampel_w5_s3,270000,270000,0,0,0.0,0,0.0,0.0,8.90137695694614e-06,269730,134187,0.49748637526415307,133862,0.49628146665183703,1681,0.006232158084009936,0,0.0,0,0.0,268049,0,0.0,268049,0,0.0,0.0,1.18128694886839,2.564272134153247,8.899640884279826,19.19478356029081,22.086626921125955,29.7442813947039,9.968189803679444,5.180831994709679
cc8a7f0f52562f9c,01_03_03.npy,0,1000,30,9,real_reader_values_nonnegative,float64,0.0,True,0.0,raw,270000,270000,0,0,0.0,0,0.0,0.0,9.05009633725912e-06,269730,134793,0.4997330663997331,134930,0.5002409817224632,7,2.5951877803729657e-05,0,0.0,0,0.0,269723,0,0.0,269723,0,0.0,0.0,1.09013873210127,2.6515197715614,9.04891173617878,19.258783646156402,22.33912666968803,29.463072825941,10.055270482009373,5.1870144670064215
cc8a7f0f52562f9c,01_03_03.npy,0,1000,30,9,real_reader_values_nonnegative,float64,0.0,True,0.0,wavelet,270000,270000,0,0,0.0,0,0.0,0.0,9.05009633725912e-06,269730,135599,0.5027212397582768,134114,0.49721573425277127,17,6.302598895191488e-05,0,0.0,0,0.0,269713,0,0.0,269713,0,0.0,0.033881675633596293,1.157929294097973,2.660352522846464,9.03185436100311,19.20741814989042,22.244567408299908,28.50504808181781,10.05525986778852,5.160330277925269
cc8a7f0f52562f9c,01_03_03.npy,0,1000,30,9,real_reader_values_nonnegative,float64,0.0,True,0.0,butterworth_o5_c0.3,270000,270000,0,0,0.0,0,0.0,0.0,9.05009633725912e-06,269730,135365,0.5018537055574093,134353,0.4981018055092129,12,4.448893337782227e-05,0,0.0,0,0.0,269718,0,0.0,269718,0,0.0,6.550875066041115e-05,1.146083138420275,2.6635886114285676,9.033989594827498,19.21210288098502,22.244961784130176,28.255524908420117,10.055240911791955,5.161456398973197
cc8a7f0f52562f9c,01_03_03.npy,0,1000,30,9,real_reader_values_nonnegative,float64,0.0,True,0.0,savgol_w7_p3,270000,270000,0,1,3.7037037037037037e-06,1,3.7037037037037037e-06,3.958469582854389e-12,9.05009633725912e-06,269730,135083,0.5008082156230305,134637,0.49915471026582137,10,3.7074111148185224e-05,1,3.7074111148185224e-06,0,0.0,269720,0,0.0,269720,0,0.0,-0.011685768335754488,1.1422999204122406,2.6640718433494643,9.034345274886933,19.22185513038472,22.247095716242693,28.761502413064704,10.055269886265027,5.163327522158841
cc8a7f0f52562f9c,01_03_03.npy,0,1000,30,9,real_reader_values_nonnegative,float64,0.0,True,0.0,bandpass_fs1000,270000,270000,0,139647,0.5172111111111111,139647,0.5172111111111111,0.4653123687816631,9.05009633725912e-06,269730,137683,0.5104474845215586,132012,0.48942275608942276,35,0.00012975938901864828,5020,0.018611203796388982,137009,0.5079486894301709,269694,139563,0.5174864846826404,269695,139564,0.5174882737907637,-7.318823091773116,-3.9425119773835458,-2.224568836054152,-0.04716546342052452,2.595560136180258,3.799417412150117,8.108464848064926,0.02720323092356911,1.4424400199195102
cc8a7f0f52562f9c,01_03_03.npy,0,1000,30,9,real_reader_values_nonnegative,float64,0.0,True,0.0,bandpass_fs200,270000,270000,0,134707,0.4989148148148148,134705,0.4989074074074074,0.4948064378698487,9.05009633725912e-06,269730,134913,0.5001779557335113,134807,0.4997849701553405,10,3.7074111148185224e-05,32866,0.12184777369962556,118121,0.4379231082934787,269719,134555,0.4988710472751271,269720,134556,0.49887290523505856,-5.546207163100115,-2.4451936404768944,-1.5851564204197164,0.0023073136949411637,1.5783838054765256,2.5181212509539748,5.599194644765464,0.0043977274931896685,0.9655966589998902
cc8a7f0f52562f9c,01_03_03.npy,0,1000,30,9,real_reader_values_nonnegative,float64,0.0,True,0.0,hampel_w5_s3,270000,270000,0,0,0.0,0,0.0,0.0,9.05009633725912e-06,269730,134086,0.49711192674155635,134019,0.4968635301968635,1625,0.006024543061580099,0,0.0,0,0.0,268105,0,0.0,268105,0,0.0,0.0,1.090047746866,2.649724805537873,9.043247934199083,19.258997310465464,22.33744518102403,29.463072825941,10.055074210519013,5.186089249784166
cc8a7f0f52562f9c,01_03_04.npy,0,1000,30,9,real_reader_values_nonnegative,float64,0.0,True,0.0,raw,270000,270000,0,0,0.0,0,0.0,0.0,9.111844862435706e-06,269730,134682,0.4993215437659882,135038,0.5006413821228636,10,3.7074111148185224e-05,0,0.0,0,0.0,269720,0,0.0,269720,0,0.0,0.0,1.8093892999690986,3.506241135323568,9.111728913582574,19.107165452653636,22.159678778469402,29.2497239788865,10.21283560286959,4.915112249904074
cc8a7f0f52562f9c,01_03_04.npy,0,1000,30,9,real_reader_values_nonnegative,float64,0.0,True,0.0,wavelet,270000,270000,0,0,0.0,0,0.0,0.0,9.111844862435706e-06,269730,135865,0.5037074111148185,133849,0.4962332703073444,16,5.931857783709636e-05,0,0.0,0,0.0,269714,0,0.0,269714,0,0.0,0.16669829711696377,1.8608386969904283,3.5236176013510634,9.09815364759752,19.05267409381116,22.09756350416081,27.361429240565144,10.212846148602376,4.88607026880776
cc8a7f0f52562f9c,01_03_04.npy,0,1000,30,9,real_reader_values_nonnegative,float64,0.0,True,0.0,butterworth_o5_c0.3,270000,270000,0,0,0.0,0,0.0,0.0,9.111844862435706e-06,269730,135747,0.5032699366032699,133976,0.49670411151892635,7,2.5951877803729657e-05,0,0.0,0,0.0,269723,0,0.0,269723,0,0.0,0.1991906944584673,1.8567394554812802,3.5253957014542814,9.09880179712383,19.05058387261621,22.092850544483976,27.116465616501088,10.212919985362555,4.8873484628079344
cc8a7f0f52562f9c,01_03_04.npy,0,1000,30,9,real_reader_values_nonnegative,float64,0.0,True,0.0,savgol_w7_p3,270000,270000,0,0,0.0,0,0.0,0.0,9.111844862435706e-06,269730,135380,0.5019093167241315,134342,0.4980610239869499,8,2.965928891854818e-05,0,0.0,0,0.0,269722,0,0.0,269722,0,0.0,0.18860993466653309,1.8566099467826112,3.51971625654768,9.097955441616339,19.05497427966695,22.078839993916525,27.238902915710035,10.21282282262518,4.889567799269191
cc8a7f0f52562f9c,01_03_04.npy,0,1000,30,9,real_reader_values_nonnegative,float64,0.0,True,0.0,bandpass_fs1000,270000,270000,0,133058,0.4928074074074074,133057,0.4928037037037037,0.49199800666597254,9.111844862435706e-06,269730,134672,0.49928446965484,135015,0.5005561116672228,43,0.00015941867793719646,5423,0.020105290475660845,130197,0.48269380491602715,269684,132905,0.4928175197638718,269687,132908,0.49282316166518964,-7.652145218500913,-4.030954886098899,-2.1321328212835313,0.01627613380133882,2.207635908067948,4.043268220826171,7.40497320925307,0.014893862471930109,1.3547809174640133
cc8a7f0f52562f9c,01_03_04.npy,0,1000,30,9,real_reader_values_nonnegative,float64,0.0,True,0.0,bandpass_fs200,270000,270000,0,137932,0.5108592592592592,137931,0.5108555555555555,0.5083873704524736,9.111844862435706e-06,269730,134784,0.4996996996996997,134940,0.5002780558336114,6,2.2244466688911134e-05,36252,0.13440106773440108,119687,0.44372891409928444,269722,137954,0.5114673626919569,269724,137956,0.5114709851551957,-6.574646833256227,-2.7112528183344837,-1.5938011716343563,-0.020007614627548694,1.6149818243218468,2.590384309830962,6.511444685617789,-0.008529685278441316,0.9904050390300002
cc8a7f0f52562f9c,01_03_04.npy,0,1000,30,9,real_reader_values_nonnegative,float64,0.0,True,0.0,hampel_w5_s3,270000,270000,0,0,0.0,0,0.0,0.0,9.111844862435706e-06,269730,133897,0.4964112260408557,134145,0.49733066399733067,1688,0.006258109961813666,0,0.0,0,0.0,268042,0,0.0,268042,0,0.0,0.0,1.82084175577505,3.5109170615613214,9.111714592863883,19.1133390080252,22.176054206171273,29.2497239788865,10.217643282278745,4.91698768676368
cc8a7f0f52562f9c,01_03_05.npy,0,1000,30,9,real_reader_values_nonnegative,float64,0.0,True,0.0,raw,270000,270000,0,0,0.0,0,0.0,0.0,9.078327299607928e-06,269730,134921,0.5002076150224298,134806,0.4997812627442257,3,1.1122233344455567e-05,0,0.0,0,0.0,269727,0,0.0,269727,0,0.0,0.0,1.17839042567799,2.703667765726229,9.077053661661619,19.007144926149085,22.809114253346454,29.2440519266079,10.043592877104796,5.153967226324554
cc8a7f0f52562f9c,01_03_05.npy,0,1000,30,9,real_reader_values_nonnegative,float64,0.0,True,0.0,wavelet,270000,270000,0,0,0.0,0,0.0,0.0,9.078327299607928e-06,269730,133597,0.49529900270641014,136117,0.5046416787157528,16,5.931857783709636e-05,0,0.0,0,0.0,269714,0,0.0,269714,0,0.0,0.19420638026837828,1.2318267965294358,2.716683650185508,9.065062239704636,18.93239473709991,22.73730300152939,27.986911689685613,10.043626223810051,5.126150991126024
cc8a7f0f52562f9c,01_03_05.npy,0,1000,30,9,real_reader_values_nonnegative,float64,0.0,True,0.0,butterworth_o5_c0.3,270000,270000,0,0,0.0,0,0.0,0.0,9.078327299607928e-06,269730,133968,0.4966744522300078,135752,0.503288473658844,10,3.7074111148185224e-05,0,0.0,0,0.0,269720,0,0.0,269720,0,0.0,0.19993131550824886,1.2265137393739793,2.7184630324988754,9.066608810084611,18.93068487564928,22.74082008137302,27.656066779113942,10.04357848558988,5.1273247907033
cc8a7f0f52562f9c,01_03_05.npy,0,1000,30,9,real_reader_values_nonnegative,float64,0.0,True,0.0,savgol_w7_p3,270000,270000,0,0,0.0,0,0.0,0.0,9.078327299607928e-06,269730,134640,0.49916583249916585,135081,0.5008008008008008,9,3.33667000333667e-05,0,0.0,0,0.0,269721,0,0.0,269721,0,0.0,0.16357591362923501,1.231017258604865,2.7112914220560533,9.066972208745947,18.928677561092996,22.73157717910286,28.00739929934415,10.043565448013325,5.1294006447417475
cc8a7f0f52562f9c,01_03_05.npy,0,1000,30,9,real_reader_values_nonnegative,float64,0.0,True,0.0,bandpass_fs1000,270000,270000,0,140412,0.5200444444444444,140410,0.5200370370370371,0.5139061460217917,9.078327299607928e-06,269730,134164,0.49740110480851224,135531,0.5024691358024691,35,0.00012975938901864828,5371,0.019912505097690283,137604,0.5101545990434879,269693,140252,0.520043160185841,269695,140254,0.520046719442333,-6.738680349709066,-4.129253821582236,-2.5146709046877618,-0.05069593048028545,2.1343048785804246,4.606423000096867,8.001368194424229,-0.05063549767661571,1.477406558059309
cc8a7f0f52562f9c,01_03_05.npy,0,1000,30,9,real_reader_values_nonnegative,float64,0.0,True,0.0,bandpass_fs200,270000,270000,0,136270,0.5047037037037037,136268,0.5046962962962963,0.49525914417281897,9.078327299607928e-06,269730,135038,0.5006413821228636,134686,0.4993363734104475,6,2.2244466688911134e-05,35458,0.13145738330923515,118418,0.43902420939457976,269724,136101,0.5045935845530988,269724,136101,0.5045935845530988,-5.17481605664937,-2.8910100991590397,-1.6637100804487308,-0.009161302853094314,1.7089660511292806,2.9100544507834085,5.228030637003574,-0.0012308246819294044,1.038779550165801
cc8a7f0f52562f9c,01_03_05.npy,0,1000,30,9,real_reader_values_nonnegative,float64,0.0,True,0.0,hampel_w5_s3,270000,270000,0,0,0.0,0,0.0,0.0,9.078327299607928e-06,269730,134108,0.49719348978608235,133958,0.4966373781188596,1664,0.006169132095058021,0,0.0,0,0.0,268066,0,0.0,268066,0,0.0,0.0,1.17891839197594,2.70640706867957,9.0735803129995,18.997223721055242,22.792318838822982,29.2440519266079,10.043082906542356,5.149937574638138
cc8a7f0f52562f9c,01_03_06.npy,0,1000,30,9,real_reader_values_nonnegative,float64,0.0,True,0.0,raw,270000,270000,0,0,0.0,0,0.0,0.0,8.979508979421848e-06,269730,134773,0.4996589181774367,134952,0.5003225447669892,5,1.8537055574092612e-05,0,0.0,0,0.0,269725,0,0.0,269725,0,0.0,0.0,1.3659452979781206,3.09157197672115,8.97825271357833,19.227074257043068,22.896448384863685,29.9269340030089,10.047483286608683,5.150592455773937
cc8a7f0f52562f9c,01_03_06.npy,0,1000,30,9,real_reader_values_nonnegative,float64,0.0,True,0.0,wavelet,270000,270000,0,0,0.0,0,0.0,0.0,8.979508979421848e-06,269730,133698,0.4956734512290068,136022,0.5042894746598451,10,3.7074111148185224e-05,0,0.0,0,0.0,269720,0,0.0,269720,0,0.0,0.21655222522340223,1.4037151436845028,3.1510358539879744,8.972557998090567,19.14091209145221,22.872567414453634,27.191059390897035,10.047439754838733,5.120076695961555
cc8a7f0f52562f9c,01_03_06.npy,0,1000,30,9,real_reader_values_nonnegative,float64,0.0,True,0.0,butterworth_o5_c0.3,270000,270000,0,0,0.0,0,0.0,0.0,8.979508979421848e-06,269730,134292,0.497875653431209,135419,0.5020539057576094,19,7.044081118155193e-05,0,0.0,0,0.0,269711,0,0.0,269711,0,0.0,0.15190793753665588,1.4040806864929287,3.148234839595751,8.975460857057822,19.143532369872116,22.85989359270898,27.46766608400984,10.047443244031793,5.121530905996735
cc8a7f0f52562f9c,01_03_06.npy,0,1000,30,9,real_reader_values_nonnegative,float64,0.0,True,0.0,savgol_w7_p3,270000,270000,0,0,0.0,0,0.0,0.0,8.979508979421848e-06,269730,134773,0.4996589181774367,134950,0.5003151299447596,7,2.5951877803729657e-05,0,0.0,0,0.0,269723,0,0.0,269723,0,0.0,0.16616321257066938,1.4112758421998746,3.1454391183794277,8.975249253677022,19.154682023376473,22.877635961837438,27.677162102332602,10.047510635236275,5.123767556007657
cc8a7f0f52562f9c,01_03_06.npy,0,1000,30,9,real_reader_values_nonnegative,float64,0.0,True,0.0,bandpass_fs1000,270000,270000,0,129082,0.4780814814814815,129080,0.4780740740740741,0.47419190180379567,8.979508979421848e-06,269730,133380,0.4944944944944945,136308,0.5053497942386831,42,0.00015571126682237794,5662,0.020991361732102472,126089,0.46746376005635265,269688,128968,0.4782118596303877,269688,128968,0.4782118596303877,-6.504172936668786,-3.3825269919047516,-2.0761201088518284,0.049393844154070735,1.930000632515823,3.9168868465117708,8.526580962892934,0.02095846122541761,1.260451226584852
cc8a7f0f52562f9c,01_03_06.npy,0,1000,30,9,real_reader_values_nonnegative,float64,0.0,True,0.0,bandpass_fs200,270000,270000,0,132584,0.49105185185185185,132583,0.4910481481481481,0.5168377719592049,8.979508979421848e-06,269730,135111,0.5009120231342453,134609,0.49905090275460645,10,3.7074111148185224e-05,38012,0.14092611129648167,113424,0.42050939828717604,269718,132247,0.4903158113288694,269720,132249,0.490319590686638,-6.24464987555241,-2.86249248675292,-1.6543019771559488,0.016674866554952643,1.6017739298389253,2.6251771629667346,5.994868359377114,0.0019882915398212212,1.0002251308633174
cc8a7f0f52562f9c,01_03_06.npy,0,1000,30,9,real_reader_values_nonnegative,float64,0.0,True,0.0,hampel_w5_s3,270000,270000,0,0,0.0,0,0.0,0.0,8.979508979421848e-06,269730,133769,0.4959366774181589,134206,0.4975568160753346,1755,0.0065065065065065065,0,0.0,0,0.0,267975,0,0.0,267975,0,0.0,0.0,1.36679549498217,3.098039831560749,8.979527364776086,19.227294025430318,22.895324902631824,29.3948147696996,10.050152676677248,5.150472287327494
cc8a7f0f52562f9c,01_03_07.npy,0,1000,30,9,real_reader_values_nonnegative,float64,0.0,True,0.0,raw,270000,270000,0,0,0.0,0,0.0,0.0,8.9325535997727e-06,269730,134993,0.5004745486226968,134728,0.49949208467726985,9,3.33667000333667e-05,0,0.0,0,0.0,269721,0,0.0,269721,0,0.0,0.0,1.4543463722379721,2.95392878939824,8.931736952693955,18.82468832719656,21.73849006795539,28.6138848955178,9.927998185439737,5.044833375852459
cc8a7f0f52562f9c,01_03_07.npy,0,1000,30,9,real_reader_values_nonnegative,float64,0.0,True,0.0,wavelet,270000,270000,0,0,0.0,0,0.0,0.0,8.9325535997727e-06,269730,135299,0.5016090164238313,134420,0.49835020205390573,11,4.0781522263003746e-05,0,0.0,0,0.0,269719,0,0.0,269719,0,0.0,0.14496854804537773,1.4949817609761895,2.9767481629044323,8.906031178514786,18.725139709924484,21.606621186632278,26.861199228088584,9.927876016005998,5.015197247584842
cc8a7f0f52562f9c,01_03_07.npy,0,1000,30,9,real_reader_values_nonnegative,float64,0.0,True,0.0,butterworth_o5_c0.3,270000,270000,0,0,0.0,0,0.0,0.0,8.9325535997727e-06,269730,134796,0.4997441886330775,134920,0.5002039076113151,14,5.1903755607459314e-05,0,0.0,0,0.0,269716,0,0.0,269716,0,0.0,0.0012580330677888314,1.4937487216765164,2.9737970347221476,8.911023415327438,18.734024684687462,21.625193769565907,26.855718042956813,9.927926600637957,5.016560963834356
cc8a7f0f52562f9c,01_03_07.npy,0,1000,30,9,real_reader_values_nonnegative,float64,0.0,True,0.0,savgol_w7_p3,270000,270000,0,1,3.7037037037037037e-06,1,3.7037037037037037e-06,1.4736464995139508e-10,8.9325535997727e-06,269730,135073,0.5007711415118823,134648,0.49919549178808437,9,3.33667000333667e-05,1,3.7074111148185224e-06,0,0.0,269721,0,0.0,269721,0,0.0,-0.07017124573398992,1.4887531443302948,2.972127430820907,8.913933084901775,18.74103942751866,21.624353062900514,26.99702891022059,9.92808248620618,5.0187410194408795
cc8a7f0f52562f9c,01_03_07.npy,0,1000,30,9,real_reader_values_nonnegative,float64,0.0,True,0.0,bandpass_fs1000,270000,270000,0,143858,0.5328074074074074,143858,0.5328074074074074,0.5210467909978784,8.9325535997727e-06,269730,133671,0.49557335112890666,136011,0.504248693137582,48,0.00017795573351128907,5040,0.01868535201868535,141167,0.5233641048455864,269682,143636,0.5326124843334,269682,143636,0.5326124843334,-9.67887994474863,-4.4708756240576255,-2.4137108444116038,-0.09008078973722353,2.3068959238757762,4.704131324513059,7.444804502694274,-0.05865326814843867,1.537205738952059
cc8a7f0f52562f9c,01_03_07.npy,0,1000,30,9,real_reader_values_nonnegative,float64,0.0,True,0.0,bandpass_fs200,270000,270000,0,139539,0.5168111111111111,139536,0.5168,0.5207298713156863,8.9325535997727e-06,269730,135244,0.5014051088125162,134479,0.49856893930968005,7,2.5951877803729657e-05,35972,0.13336299262225187,121380,0.4500055611166722,269721,139755,0.5181465291912755,269723,139757,0.518150102141827,-6.674502035964615,-3.225585202703953,-1.7753036434607061,-0.03235176144712142,1.8125262643013207,3.008996627932826,6.054564375307755,-0.01886772302912117,1.097705625361694
cc8a7f0f52562f9c,01_03_07.npy,0,1000,30,9,real_reader_values_nonnegative,float64,0.0,True,0.0,hampel_w5_s3,270000,270000,0,0,0.0,0,0.0,0.0,8.9325535997727e-06,269730,134120,0.4972379787194602,133912,0.49646683720757795,1698,0.006295184072961851,0,0.0,0,0.0,268032,0,0.0,268032,0,0.0,0.0,1.4582685287920205,2.9591986554201997,8.93062986254537,18.819400592803824,21.746563474268942,28.6138848955178,9.930503849344998,5.04478022951191
cc8a7f0f52562f9c,01_03_08.npy,0,1000,30,9,real_reader_values_nonnegative,float64,0.0,True,0.0,raw,270000,270000,0,0,0.0,0,0.0,0.0,9.09977188979361e-06,269730,134958,0.5003447892336781,134769,0.4996440885329774,3,1.1122233344455567e-05,0,0.0,0,0.0,269727,0,0.0,269727,0,0.0,0.0,1.2269703817685342,2.7126717865042416,9.098942573710195,19.013575073960965,22.566357587334736,28.9915834518218,9.991471558413547,5.126740215100578
cc8a7f0f52562f9c,01_03_08.npy,0,1000,30,9,real_reader_values_nonnegative,float64,0.0,True,0.0,wavelet,270000,270000,0,0,0.0,0,0.0,0.0,9.09977188979361e-06,269730,136420,0.5057650242835428,133298,0.49419048678307936,12,4.448893337782227e-05,0,0.0,0,0.0,269718,0,0.0,269718,0,0.0,0.24093338606237227,1.2770328517049723,2.724613513395178,9.083907735311818,18.91923901932328,22.493580501869754,27.28015132426765,9.99149487625573,5.098351100091339
cc8a7f0f52562f9c,01_03_08.npy,0,1000,30,9,real_reader_values_nonnegative,float64,0.0,True,0.0,butterworth_o5_c0.3,270000,270000,0,0,0.0,0,0.0,0.0,9.09977188979361e-06,269730,135629,0.5028324620917214,134090,0.49712675638601567,11,4.0781522263003746e-05,0,0.0,0,0.0,269719,0,0.0,269719,0,0.0,0.23453046436939803,1.265903058536333,2.72156835664413,9.085003528684886,18.919098662755857,22.525737626544338,27.22170019047508,9.99144259618638,5.099652832782108
cc8a7f0f52562f9c,01_03_08.npy,0,1000,30,9,real_reader_values_nonnegative,float64,0.0,True,0.0,savgol_w7_p3,270000,270000,0,0,0.0,0,0.0,0.0,9.09977188979361e-06,269730,134690,0.49935120305490677,135025,0.500593185778371,15,5.5611166722277836e-05,0,0.0,0,0.0,269715,0,0.0,269715,0,0.0,0.21348642884665087,1.2623544769275996,2.7256933055928823,9.085304721960744,18.921080714837615,22.51881321100094,27.878368502545406,9.991471890394765,5.101718030565201
cc8a7f0f52562f9c,01_03_08.npy,0,1000,30,9,real_reader_values_nonnegative,float64,0.0,True,0.0,bandpass_fs1000,270000,270000,0,125642,0.4653407407407407,125640,0.4653333333333333,0.4841877842963869,9.09977188979361e-06,269730,134918,0.5001964927890854,134775,0.49966633299966634,37,0.00013717421124828533,5905,0.021892262633003375,122541,0.4543098654209765,269693,125491,0.46531055681830824,269693,125491,0.46531055681830824,-8.271598881451698,-4.6804107319943675,-2.7763058494695,0.09070821707792043,2.5132381019126306,5.199403061715492,7.782889107827869,0.06776683074244841,1.6448086694027926
cc8a7f0f52562f9c,01_03_08.npy,0,1000,30,9,real_reader_values_nonnegative,float64,0.0,True,0.0,bandpass_fs200,270000,270000,0,133930,0.49603703703703705,133929,0.4960333333333333,0.49210783500864774,9.09977188979361e-06,269730,134716,0.499447595743892,135007,0.5005264523783042,7,2.5951877803729657e-05,32272,0.11964557149742334,117663,0.43622511400289177,269723,133546,0.49512277410528577,269723,133546,0.49512277410528577,-6.893041036849312,-2.9335128778770385,-1.812431080403536,0.008776226626538926,1.8713840315055486,2.988533671085471,5.484459408981543,0.010829453622817157,1.1196012165625804
cc8a7f0f52562f9c,01_03_08.npy,0,1000,30,9,real_reader_values_nonnegative,float64,0.0,True,0.0,hampel_w5_s3,270000,270000,0,0,0.0,0,0.0,0.0,9.09977188979361e-06,269730,134275,0.49781262744225707,133870,0.49631112594075555,1585,0.005876246616987358,0,0.0,0,0.0,268145,0,0.0,268145,0,0.0,0.0,1.23083194302861,2.7149706535311418,9.0959728415493,19.00395227709755,22.567818843672256,28.9915834518218,9.991799556432849,5.124783614140431
cc8a7f0f52562f9c,01_03_09.npy,0,1000,30,9,real_reader_values_nonnegative,float64,0.0,True,0.0,raw,270000,270000,0,0,0.0,0,0.0,0.0,9.2031541009632e-06,269730,134585,0.4989619248878508,135142,0.5010269528788047,3,1.1122233344455567e-05,0,0.0,0,0.0,269727,0,0.0,269727,0,0.0,0.0,1.3549454100254859,2.92533162762643,9.20229049633698,19.02549802881362,22.269104955880653,29.1554381650859,10.1357031912835,5.0347323332204965
cc8a7f0f52562f9c,01_03_09.npy,0,1000,30,9,real_reader_values_nonnegative,float64,0.0,True,0.0,wavelet,270000,270000,0,0,0.0,0,0.0,0.0,9.2031541009632e-06,269730,134483,0.4985837689541393,135236,0.5013754495235977,11,4.0781522263003746e-05,0,0.0,0,0.0,269719,0,0.0,269719,0,0.0,0.28145083572423824,1.4066126231235248,2.9454106232133688,9.186463901994145,18.936058187152735,22.20822698855047,27.723802147905793,10.135758554558864,5.004590056343526
cc8a7f0f52562f9c,01_03_09.npy,0,1000,30,9,real_reader_values_nonnegative,float64,0.0,True,0.0,butterworth_o5_c0.3,270000,270000,0,0,0.0,0,0.0,0.0,9.2031541009632e-06,269730,134627,0.4991176361546732,135094,0.5008489971452934,9,3.33667000333667e-05,0,0.0,0,0.0,269721,0,0.0,269721,0,0.0,0.2035395826212525,1.4066680753117096,2.9426919021965254,9.1911462927538,18.929693907351613,22.211039362219324,27.56689105726478,10.135692804486183,5.0058535349608775
cc8a7f0f52562f9c,01_03_09.npy,0,1000,30,9,real_reader_values_nonnegative,float64,0.0,True,0.0,savgol_w7_p3,270000,270000,0,0,0.0,0,0.0,0.0,9.2031541009632e-06,269730,134618,0.49908426945463985,135098,0.5008638267897527,14,5.1903755607459314e-05,0,0.0,0,0.0,269716,0,0.0,269716,0,0.0,0.17536569330078625,1.4011596314231538,2.9387996313788265,9.190447955530564,18.93935455671271,22.195843513190884,27.862514073711143,10.135671118665512,5.00801780406357
cc8a7f0f52562f9c,01_03_09.npy,0,1000,30,9,real_reader_values_nonnegative,float64,0.0,True,0.0,bandpass_fs1000,270000,270000,0,130140,0.482,130139,0.4819962962962963,0.4588568837947388,9.2031541009632e-06,269730,133599,0.49530641752863974,136099,0.504574945315686,32,0.00011863715567419272,5052,0.018729840952063176,127441,0.4724761798835873,269697,129867,0.4815292717382841,269698,129868,0.4815311941504943,-7.493081008956467,-3.846934091379389,-2.497612312862547,0.050288851828744555,2.6158432773646956,4.391622499443732,7.718811532144441,0.04694953073764044,1.509705756716223
cc8a7f0f52562f9c,01_03_09.npy,0,1000,30,9,real_reader_values_nonnegative,float64,0.0,True,0.0,bandpass_fs200,270000,270000,0,136118,0.5041407407407408,136117,0.504137037037037,0.5238534596800453,9.2031541009632e-06,269730,134698,0.4993808623438253,135024,0.5005894783672561,8,2.965928891854818e-05,35369,0.13112742372001632,118300,0.4385867348830312,269721,135957,0.5040653119334423,269722,135958,0.5040671506217513,-7.184400698022548,-3.0715236498168887,-1.7209941845420753,-0.00825878724180924,1.6857795112056073,2.906489146421845,6.444748438233855,-0.01486437313054435,1.070262893479201
cc8a7f0f52562f9c,01_03_09.npy,0,1000,30,9,real_reader_values_nonnegative,float64,0.0,True,0.0,hampel_w5_s3,270000,270000,0,0,0.0,0,0.0,0.0,9.2031541009632e-06,269730,133708,0.495710525340155,134369,0.49816112408705,1653,0.0061283505727950174,0,0.0,0,0.0,268077,0,0.0,268077,0,0.0,0.0,1.3604990886865191,2.9266275555359074,9.19940396539124,19.01699486778154,22.241568137449605,28.7721030626989,10.13671349116568,5.033405256774146
cc8a7f0f52562f9c,01_03_10.npy,0,1000,30,9,real_reader_values_nonnegative,float64,0.0,True,0.0,raw,270000,270000,0,0,0.0,0,0.0,0.0,8.96000631971002e-06,269730,134850,0.49994438883327774,134874,0.5000333667000334,6,2.2244466688911134e-05,0,0.0,0,0.0,269724,0,0.0,269724,0,0.0,0.0,1.05629251506558,2.3874228579406833,8.958263689980654,19.14211525674062,22.858639589857777,29.5674854802296,9.923563241563254,5.243594575154269
cc8a7f0f52562f9c,01_03_10.npy,0,1000,30,9,real_reader_values_nonnegative,float64,0.0,True,0.0,wavelet,270000,270000,0,0,0.0,0,0.0,0.0,8.96000631971002e-06,269730,133623,0.4953953953953954,136094,0.5045564082601119,13,4.819634449264079e-05,0,0.0,0,0.0,269717,0,0.0,269717,0,0.0,0.17627036750904995,1.0958353182120435,2.4107331874219557,8.936510792879915,19.082646830190594,22.85223190826863,28.411429557747418,9.923584072735572,5.217183656351651
cc8a7f0f52562f9c,01_03_10.npy,0,1000,30,9,real_reader_values_nonnegative,float64,0.0,True,0.0,butterworth_o5_c0.3,270000,270000,0,0,0.0,0,0.0,0.0,8.96000631971002e-06,269730,134241,0.49768657546435324,135469,0.5022392763133504,20,7.414822229637045e-05,0,0.0,0,0.0,269710,0,0.0,269710,0,0.0,0.1947090579088273,1.0952159191159647,2.402973385332463,8.938232245327296,19.085754897585495,22.86434151115766,28.33043860230873,9.923657502542163,5.218304849771757
cc8a7f0f52562f9c,01_03_10.npy,0,1000,30,9,real_reader_values_nonnegative,float64,0.0,True,0.0,savgol_w7_p3,270000,270000,0,0,0.0,0,0.0,0.0,8.96000631971002e-06,269730,134445,0.4984428873317762,135279,0.5015348682015349,6,2.2244466688911134e-05,0,0.0,0,0.0,269724,0,0.0,269724,0,0.0,0.1236405931620061,1.0932018412712703,2.4035971720810743,8.940327410813577,19.0874280031476,22.852206419312136,28.690004981821687,9.923525535044616,5.2200685195786605
cc8a7f0f52562f9c,01_03_10.npy,0,1000,30,9,real_reader_values_nonnegative,float64,0.0,True,0.0,bandpass_fs1000,270000,270000,0,146465,0.5424629629629629,146464,0.5424592592592593,0.5203627894467511,8.96000631971002e-06,269730,132110,0.489786082378675,137572,0.5100359618878137,48,0.00017795573351128907,4721,0.017502687873058243,143939,0.5336410484558632,269681,146293,0.542466840452238,269682,146294,0.5424685370176726,-7.452063448889491,-3.8629601494222663,-2.226305642205034,-0.10381103035920156,2.1606798479208145,3.860367785971414,8.025933634383327,-0.05687472132919716,1.386058581153297
cc8a7f0f52562f9c,01_03_10.npy,0,1000,30,9,real_reader_values_nonnegative,float64,0.0,True,0.0,bandpass_fs200,270000,270000,0,134894,0.4996074074074074,134892,0.4996,0.5137856687773709,8.96000631971002e-06,269730,134656,0.49922515107700294,135069,0.500756311867423,5,1.8537055574092612e-05,34358,0.12737923108293478,117530,0.43573202832462093,269721,134368,0.49817403909966224,269725,134372,0.4981814811381963,-6.904647158676823,-3.2215781461328166,-1.6754510370223659,0.0006353120043780837,1.7402610038048618,2.994261732296046,6.493130414533593,-0.0033556921861310172,1.079474410433037
cc8a7f0f52562f9c,01_03_10.npy,0,1000,30,9,real_reader_values_nonnegative,float64,0.0,True,0.0,hampel_w5_s3,270000,270000,0,0,0.0,0,0.0,0.0,8.96000631971002e-06,269730,133879,0.49634449264078895,134047,0.49696733770807844,1804,0.006688169651132614,0,0.0,0,0.0,267926,0,0.0,267926,0,0.0,0.0,1.06560227107779,2.38656922863926,8.955699297672911,19.142901808606673,22.860909878628394,29.5674854802296,9.92522209660413,5.242954411752019
cc8a7f0f52562f9c,01_03_11.npy,0,1000,30,9,real_reader_values_nonnegative,float64,0.0,True,0.0,raw,270000,270000,0,0,0.0,0,0.0,0.0,9.129620274684541e-06,269730,134737,0.49952545137730325,134989,0.5004597189782375,4,1.482964445927409e-05,0,0.0,0,0.0,269726,0,0.0,269726,0,0.0,0.0,1.33104391284977,2.9625424152043247,9.12895447585534,18.931722611371054,22.17111302084556,30.1872258357546,10.07847296759323,5.034493561607685
cc8a7f0f52562f9c,01_03_11.npy,0,1000,30,9,real_reader_values_nonnegative,float64,0.0,True,0.0,wavelet,270000,270000,0,0,0.0,0,0.0,0.0,9.129620274684541e-06,269730,133709,0.4957142327512698,136013,0.5042561079598117,8,2.965928891854818e-05,0,0.0,0,0.0,269722,0,0.0,269722,0,0.0,0.22219323145586728,1.373317847172099,2.991931603979408,9.126766670975837,18.844075404438207,22.096373415801374,27.173266778230957,10.078449572361603,5.005280014676656
cc8a7f0f52562f9c,01_03_11.npy,0,1000,30,9,real_reader_values_nonnegative,float64,0.0,True,0.0,butterworth_o5_c0.3,270000,270000,0,0,0.0,0,0.0,0.0,9.129620274684541e-06,269730,134618,0.49908426945463985,135103,0.5008823638453268,9,3.33667000333667e-05,0,0.0,0,0.0,269721,0,0.0,269721,0,0.0,0.27335365040607196,1.3777145322889608,2.9838113581433268,9.121632628820144,18.844193308034527,22.088950977089727,27.314932910794983,10.078419452032755,5.006415984902937
cc8a7f0f52562f9c,01_03_11.npy,0,1000,30,9,real_reader_values_nonnegative,float64,0.0,True,0.0,savgol_w7_p3,270000,270000,0,0,0.0,0,0.0,0.0,9.129620274684541e-06,269730,134927,0.5002298594891188,134793,0.4997330663997331,10,3.7074111148185224e-05,0,0.0,0,0.0,269720,0,0.0,269720,0,0.0,0.07781911262225763,1.3766348421396213,2.9814116564682576,9.12368268967766,18.850797676391164,22.078184109321633,27.618323628440315,10.078525484595449,5.008706457839306
cc8a7f0f52562f9c,01_03_11.npy,0,1000,30,9,real_reader_values_nonnegative,float64,0.0,True,0.0,bandpass_fs1000,270000,270000,0,126527,0.46861851851851855,126527,0.46861851851851855,0.4510838235857685,9.129620274684541e-06,269730,134021,0.4968709450190932,135682,0.5030289548808067,27,0.0001001001001001001,5539,0.020535350164979795,123631,0.4583509435361287,269703,126405,0.4686822171054827,269703,126405,0.4686822171054827,-8.252246466675524,-4.503487358704847,-2.7409365358671653,0.08151308236840327,2.9311957433181606,5.029290728136795,8.796629600936681,0.07936760075296914,1.662012746874563
cc8a7f0f52562f9c,01_03_11.npy,0,1000,30,9,real_reader_values_nonnegative,float64,0.0,True,0.0,bandpass_fs200,270000,270000,0,133264,0.4935703703703704,133262,0.493562962962963,0.500909554974003,9.129620274684541e-06,269730,134222,0.49761613465317167,135496,0.5023393764134505,12,4.448893337782227e-05,33985,0.12599636673710748,116121,0.4305082860638416,269716,133008,0.4931409334262706,269718,133010,0.4931446918633536,-5.981115078359207,-3.089888851891127,-1.8104557367308582,0.01317092961400539,1.8515951785517204,2.938960811664563,5.670986583414741,0.011795912226905207,1.1164640038069296
cc8a7f0f52562f9c,01_03_11.npy,0,1000,30,9,real_reader_values_nonnegative,float64,0.0,True,0.0,hampel_w5_s3,270000,270000,0,0,0.0,0,0.0,0.0,9.129620274684541e-06,269730,134001,0.4967967967967968,134148,0.4973417862306751,1581,0.005861416972528084,0,0.0,0,0.0,268149,0,0.0,268149,0,0.0,0.0,1.3334822577739356,2.966651259403422,9.125016668046845,18.9262668558017,22.156722224249286,30.1679664684963,10.079179602074849,5.032119175033407
cc8a7f0f52562f9c,01_03_12.npy,0,1000,30,9,real_reader_values_nonnegative,float64,0.0,True,0.0,raw,270000,270000,0,0,0.0,0,0.0,0.0,9.005913193933555e-06,269730,134852,0.49995180365550734,134867,0.5000074148222297,11,4.0781522263003746e-05,0,0.0,0,0.0,269719,0,0.0,269719,0,0.0,0.0,0.964313645894058,2.5129553424801814,9.00334139059352,19.026597925557034,21.359929908099705,29.395928447306,10.02894025384765,5.127414525731255
cc8a7f0f52562f9c,01_03_12.npy,0,1000,30,9,real_reader_values_nonnegative,float64,0.0,True,0.0,wavelet,270000,270000,0,1,3.7037037037037037e-06,1,3.7037037037037037e-06,9.947547118347862e-11,9.005913193933555e-06,269730,134115,0.4972194416638861,135601,0.5027286545805064,14,5.1903755607459314e-05,2,7.414822229637045e-06,0,0.0,269716,2,7.415207106734491e-06,269716,2,7.415207106734491e-06,-0.0583059306102488,1.0227411908817956,2.5354068473122076,8.977440972351015,18.95665149341094,21.083648052556587,27.311124913894613,10.029206455013169,5.097976497793465
cc8a7f0f52562f9c,01_03_12.npy,0,1000,30,9,real_reader_values_nonnegative,float64,0.0,True,0.0,butterworth_o5_c0.3,270000,270000,0,2,7.4074074074074075e-06,2,7.4074074074074075e-06,7.655691080480126e-11,9.005913193933555e-06,269730,134642,0.49917324732139545,135073,0.5007711415118823,15,5.5611166722277836e-05,2,7.414822229637045e-06,1,3.7074111148185224e-06,269715,1,3.7076172997423207e-06,269715,1,3.7076172997423207e-06,-0.047964551007442804,1.0224806945938338,2.5320187199046558,8.97735854894916,18.956148236954554,21.092792243089118,27.199253894670694,10.028830312774986,5.099401377975008
cc8a7f0f52562f9c,01_03_12.npy,0,1000,30,9,real_reader_values_nonnegative,float64,0.0,True,0.0,savgol_w7_p3,270000,270000,0,2,7.4074074074074075e-06,2,7.4074074074074075e-06,8.353531962537505e-11,9.005913193933555e-06,269730,134914,0.5001816631446261,134810,0.499796092388685,6,2.2244466688911134e-05,2,7.414822229637045e-06,1,3.7074111148185224e-06,269724,1,3.707493586036096e-06,269724,1,3.707493586036096e-06,-0.03834097228685553,1.0141461823898545,2.5306988151147642,8.979231737708819,18.961825511111275,21.104601893643636,27.03480200825295,10.029045890811803,5.101581116959726
cc8a7f0f52562f9c,01_03_12.npy,0,1000,30,9,real_reader_values_nonnegative,float64,0.0,True,0.0,bandpass_fs1000,270000,270000,0,130330,0.4827037037037037,130330,0.4827037037037037,0.4515393293809459,9.005913193933555e-06,269730,136018,0.5042746450153858,133663,0.49554369183998814,49,0.0001816631446261076,5089,0.01886701516331146,127590,0.47302858413969523,269681,130134,0.4825478991845922,269681,130134,0.4825478991845922,-10.458332792624264,-4.847962484176036,-2.5610057509018658,0.04086070017605521,3.0917243177856615,5.479983043361922,7.897368616753303,0.06504890529426585,1.7113343392344664
cc8a7f0f52562f9c,01_03_12.npy,0,1000,30,9,real_reader_values_nonnegative,float64,0.0,True,0.0,bandpass_fs200,270000,270000,0,134031,0.49641111111111114,134029,0.4964037037037037,0.5081305483669153,9.005913193933555e-06,269730,134874,0.5000333667000334,134849,0.4999406814221629,7,2.5951877803729657e-05,38042,0.1410373336299262,114844,0.42577392207021836,269722,133830,0.4961775457693477,269723,133831,0.49617941369479057,-6.60718599992507,-2.7120790169669187,-1.627273491707415,0.006620273882752889,1.6055027178346541,2.636177551436285,4.819396774824408,0.0010292898435373158,0.981682623811115
cc8a7f0f52562f9c,01_03_12.npy,0,1000,30,9,real_reader_values_nonnegative,float64,0.0,True,0.0,hampel_w5_s3,270000,270000,0,0,0.0,0,0.0,0.0,9.005913193933555e-06,269730,133988,0.4967486004523042,134029,0.4969006043080117,1713,0.006350795239684129,0,0.0,0,0.0,268017,0,0.0,268017,0,0.0,0.0,0.965183731233123,2.515903967779659,8.99967331204315,19.018179043693184,21.3248283154757,28.8209082873707,10.028153943381755,5.123724768012785
cc8a7f0f52562f9c,01_03_13.npy,0,1000,30,9,real_reader_values_nonnegative,float64,0.0,True,0.0,raw,270000,270000,0,0,0.0,0,0.0,0.0,8.920545179405129e-06,269730,135044,0.5006636265895525,134683,0.499325251177103,3,1.1122233344455567e-05,0,0.0,0,0.0,269727,0,0.0,269727,0,0.0,0.0,1.226251294183492,2.9010119678480515,8.918776794123517,18.925546633232457,21.338414982420574,29.6577916227991,9.884138979009355,5.020026598631736
cc8a7f0f52562f9c,01_03_13.npy,0,1000,30,9,real_reader_values_nonnegative,float64,0.0,True,0.0,wavelet,270000,270000,0,0,0.0,0,0.0,0.0,8.920545179405129e-06,269730,133449,0.494750305861417,136266,0.5051940829718607,15,5.5611166722277836e-05,0,0.0,0,0.0,269715,0,0.0,269715,0,0.0,0.24766869686549298,1.2639918835428001,2.9146385133645643,8.903868308324718,18.761353670125843,21.078499673329183,26.811563959699406,9.884145674269785,4.989206930560382
cc8a7f0f52562f9c,01_03_13.npy,0,1000,30,9,real_reader_values_nonnegative,float64,0.0,True,0.0,butterworth_o5_c0.3,270000,270000,0,0,0.0,0,0.0,0.0,8.920545179405129e-06,269730,133970,0.49668186705223744,135754,0.5032958884810736,6,2.2244466688911134e-05,0,0.0,0,0.0,269724,0,0.0,269724,0,0.0,0.21556242532539505,1.2588286788770624,2.911984434937315,8.89993860953975,18.763675446957738,21.08120361302306,27.09823471026853,9.884068305095191,4.9906106091442615
cc8a7f0f52562f9c,01_03_13.npy,0,1000,30,9,real_reader_values_nonnegative,float64,0.0,True,0.0,savgol_w7_p3,270000,270000,0,0,0.0,0,0.0,0.0,8.920545179405129e-06,269730,134474,0.49855040225410596,135244,0.5014051088125162,12,4.448893337782227e-05,0,0.0,0,0.0,269718,0,0.0,269718,0,0.0,0.14293082061511245,1.2553474882189353,2.9133314211571615,8.899617078331964,18.7781564345821,21.106422813434733,27.1931717477975,9.884152843869131,4.992881104879841
cc8a7f0f52562f9c,01_03_13.npy,0,1000,30,9,real_reader_values_nonnegative,float64,0.0,True,0.0,bandpass_fs1000,270000,270000,0,129050,0.477962962962963,129048,0.4779555555555556,0.36023277849437507,8.920545179405129e-06,269730,134030,0.4969043117191265,135654,0.5029251473695918,46,0.00017054091128165203,5148,0.019085752419085753,126336,0.4683794906017128,269683,128899,0.4779648698657312,269684,128900,0.477966805594696,-6.633379342237343,-3.467271577756446,-1.9614593855975047,0.04891048517112606,2.1014385068358044,6.264729917110074,9.897962683818275,0.08285057473869706,1.4544354556677992
cc8a7f0f52562f9c,01_03_13.npy,0,1000,30,9,real_reader_values_nonnegative,float64,0.0,True,0.0,bandpass_fs200,270000,270000,0,131890,0.48848148148148146,131890,0.48848148148148146,0.5058342038077002,8.920545179405129e-06,269730,134507,0.49867274682089496,135216,0.5013013013013013,7,2.5951877803729657e-05,39090,0.14492270047825603,112209,0.4160048937826716,269719,131455,0.4873776040990809,269723,131459,0.4873852063042455,-8.766310290541984,-2.916707033368829,-1.6120752653868708,0.019842856933420243,1.6223952081547268,2.8992874156584474,7.046494514769596,0.01627061286884195,1.025894131072621
cc8a7f0f52562f9c,01_03_13.npy,0,1000,30,9,real_reader_values_nonnegative,float64,0.0,True,0.0,hampel_w5_s3,270000,270000,0,0,0.0,0,0.0,0.0,8.920545179405129e-06,269730,134169,0.4974196418640863,133752,0.495873651429207,1809,0.006706706706706707,0,0.0,0,0.0,267921,0,0.0,267921,0,0.0,0.0,1.227556120818423,2.904371501110979,8.91571427811472,18.923423007914938,21.319242546830417,27.7692146315248,9.886876041134746,5.020899057067131
cc8a7f0f52562f9c,01_03_14.npy,0,1000,30,9,real_reader_values_nonnegative,float64,0.0,True,0.0,raw,270000,270000,0,0,0.0,0,0.0,0.0,9.079088328604619e-06,269730,134596,0.4990027064101138,135130,0.5009824639454269,4,1.482964445927409e-05,0,0.0,0,0.0,269726,0,0.0,269726,0,0.0,0.0,1.23035261552951,2.98258874062021,9.078001300021535,18.8569970115173,21.07985994151101,28.494450014434,9.985806883012343,4.940155818613506
cc8a7f0f52562f9c,01_03_14.npy,0,1000,30,9,real_reader_values_nonnegative,float64,0.0,True,0.0,wavelet,270000,270000,0,0,0.0,0,0.0,0.0,9.079088328604619e-06,269730,135226,0.5013383754124495,134497,0.4986356727097468,7,2.5951877803729657e-05,0,0.0,0,0.0,269723,0,0.0,269723,0,0.0,0.2660010644278971,1.256765918550485,2.9998880474732643,9.065523658520474,18.77940828414219,20.769037395532493,26.782627719269247,9.985803281318422,4.911446976746601
cc8a7f0f52562f9c,01_03_14.npy,0,1000,30,9,real_reader_values_nonnegative,float64,0.0,True,0.0,butterworth_o5_c0.3,270000,270000,0,0,0.0,0,0.0,0.0,9.079088328604619e-06,269730,134868,0.5000111222333444,134848,0.4999369740110481,14,5.1903755607459314e-05,0,0.0,0,0.0,269716,0,0.0,269716,0,0.0,0.2318099480627397,1.25731703790547,2.9945763168207824,9.065372369353348,18.773811002038773,20.77967844377089,26.779745525246774,9.98592850787758,4.912721928838703
cc8a7f0f52562f9c,01_03_14.npy,0,1000,30,9,real_reader_values_nonnegative,float64,0.0,True,0.0,savgol_w7_p3,270000,270000,0,0,0.0,0,0.0,0.0,9.079088328604619e-06,269730,135031,0.5006154302450598,134688,0.4993437882326771,11,4.0781522263003746e-05,0,0.0,0,0.0,269719,0,0.0,269719,0,0.0,0.1789376877062232,1.2556666084079715,2.994557069960322,9.06623184524101,18.785327869195278,20.80236902206322,27.138693741915766,9.985766949956844,4.914585834320392
cc8a7f0f52562f9c,01_03_14.npy,0,1000,30,9,real_reader_values_nonnegative,float64,0.0,True,0.0,bandpass_fs1000,270000,270000,0,146181,0.5414111111111111,146180,0.5414074074074074,0.45700846194331957,9.079088328604619e-06,269730,135255,0.5014458903347793,134442,0.4984317650984318,33,0.00012234456678901124,5804,0.021517814110406704,143146,0.5307010714418122,269697,146027,0.5414483661293971,269697,146027,0.5414483661293971,-10.026207621228254,-5.797262629408882,-3.0755017698173086,-0.1176488428761884,3.571267551882512,6.793233393982154,9.986498031568365,-0.038869580716225635,2.0403189430710365
cc8a7f0f52562f9c,01_03_14.npy,0,1000,30,9,real_reader_values_nonnegative,float64,0.0,True,0.0,bandpass_fs200,270000,270000,0,136399,0.5051814814814815,136399,0.5051814814814815,0.5228965133321565,9.079088328604619e-06,269730,134865,0.5,134857,0.49997034071108143,8,2.965928891854818e-05,30478,0.11299447595743892,121055,0.4488006525043562,269720,136263,0.5052016906421474,269722,136265,0.5052053595924693,-6.6758228356497264,-3.0218705928969674,-1.8939300635795553,-0.011925337954227708,1.831280571853862,2.887849543620122,6.801894745446039,-0.018967927946163556,1.1403926016494221
cc8a7f0f52562f9c,01_03_14.npy,0,1000,30,9,real_reader_values_nonnegative,float64,0.0,True,0.0,hampel_w5_s3,270000,270000,0,0,0.0,0,0.0,0.0,9.079088328604619e-06,269730,134030,0.4969043117191265,134286,0.49785340896452007,1414,0.00524227931635339,0,0.0,0,0.0,268316,0,0.0,268316,0,0.0,0.0,1.2393185663290134,2.9859889947697185,9.0745901397234,18.8625332695378,21.044407254701238,28.494450014434,9.987315692681461,4.939898157928889
cc8a7f0f52562f9c,01_03_15.npy,0,1000,30,9,real_reader_values_nonnegative,float64,0.0,True,0.0,raw,270000,270000,0,0,0.0,0,0.0,0.0,9.11942266188237e-06,269730,134625,0.49911022133244354,135101,0.5008749490230971,4,1.482964445927409e-05,0,0.0,0,0.0,269726,0,0.0,269726,0,0.0,0.0,1.04532752495375,2.733126693497746,9.118145110902876,18.841298355193125,21.573036204241355,27.9692709066973,10.039588475536485,5.016467010345583
cc8a7f0f52562f9c,01_03_15.npy,0,1000,30,9,real_reader_values_nonnegative,float64,0.0,True,0.0,wavelet,270000,270000,0,0,0.0,0,0.0,0.0,9.11942266188237e-06,269730,133993,0.49676713750787826,135728,0.5031994957920883,9,3.33667000333667e-05,0,0.0,0,0.0,269721,0,0.0,269721,0,0.0,0.1597242201932244,1.0617046182956247,2.717326754132303,9.099776545467039,18.700230976558508,21.375237517673657,26.257089437621495,10.03948657849112,4.986634530135186
cc8a7f0f52562f9c,01_03_15.npy,0,1000,30,9,real_reader_values_nonnegative,float64,0.0,True,0.0,butterworth_o5_c0.3,270000,270000,0,0,0.0,0,0.0,0.0,9.11942266188237e-06,269730,134284,0.4978459941422904,135430,0.5020946872798725,16,5.931857783709636e-05,0,0.0,0,0.0,269714,0,0.0,269714,0,0.0,0.1728051103015257,1.0628192386593327,2.718067521171775,9.102803110376867,18.706463806323473,21.378771202448615,26.338309410653835,10.039468266515435,4.9879200051570916
cc8a7f0f52562f9c,01_03_15.npy,0,1000,30,9,real_reader_values_nonnegative,float64,0.0,True,0.0,savgol_w7_p3,270000,270000,0,0,0.0,0,0.0,0.0,9.11942266188237e-06,269730,134548,0.49882475067660254,135177,0.5011567122678234,5,1.8537055574092612e-05,0,0.0,0,0.0,269725,0,0.0,269725,0,0.0,0.10382478145122001,1.0607373618835247,2.7208639472259546,9.10075909994719,18.71766821218816,21.397086892352636,26.6145861339749,10.039591736739462,4.99026358189965
cc8a7f0f52562f9c,01_03_15.npy,0,1000,30,9,real_reader_values_nonnegative,float64,0.0,True,0.0,bandpass_fs1000,270000,270000,0,152653,0.5653814814814815,152652,0.5653777777777778,0.6913622898608006,9.11942266188237e-06,269730,135053,0.5006969932895858,134630,0.4991287583880176,47,0.00017424832239647055,5284,0.01958996033070107,149898,0.5557335112890669,269683,152545,0.5656455913053474,269683,152545,0.5656455913053474,-9.492550945442995,-5.059154020888733,-2.8068153373136915,-0.1466283412999992,1.7963958809189908,3.3018364253426564,8.227624548633198,-0.2601504592353488,1.4437606884287
cc8a7f0f52562f9c,01_03_15.npy,0,1000,30,9,real_reader_values_nonnegative,float64,0.0,True,0.0,bandpass_fs200,270000,270000,0,139634,0.5171629629629629,139634,0.5171629629629629,0.5217503725864552,9.11942266188237e-06,269730,134860,0.4999814629444259,134867,0.5000074148222297,3,1.1122233344455567e-05,39347,0.14587550513476438,119796,0.4441330219107997,269727,139460,0.517041304726631,269727,139460,0.517041304726631,-4.734576466026225,-2.6478487553796266,-1.5685764403606166,-0.031130462922302544,1.5096161896011184,2.5631492998674803,5.701768057245745,-0.030769325615866108,0.9409130747494607
cc8a7f0f52562f9c,01_03_15.npy,0,1000,30,9,real_reader_values_nonnegative,float64,0.0,True,0.0,hampel_w5_s3,270000,270000,0,0,0.0,0,0.0,0.0,9.11942266188237e-06,269730,133707,0.49570681792904014,134190,0.4974974974974975,1833,0.006795684573462351,0,0.0,0,0.0,267897,0,0.0,267897,0,0.0,0.0,1.0559461612650582,2.7303290367613724,9.11663731018626,18.84580225075222,21.538748786265174,27.9692709066973,10.042186998941201,5.017302530887034
cc8a7f0f52562f9c,01_03_16.npy,0,1000,30,9,real_reader_values_nonnegative,float64,0.0,True,0.0,raw,270000,270000,0,0,0.0,0,0.0,0.0,8.91676113449627e-06,269730,134652,0.4992103214325437,135072,0.5007674341007674,6,2.2244466688911134e-05,0,0.0,0,0.0,269724,0,0.0,269724,0,0.0,0.0,1.1344298055139812,2.5243060604254306,8.91579164535126,18.886502788781996,21.148169962204676,28.1872145700568,9.854572468768923,5.063580487068834
cc8a7f0f52562f9c,01_03_16.npy,0,1000,30,9,real_reader_values_nonnegative,float64,0.0,True,0.0,wavelet,270000,270000,0,0,0.0,0,0.0,0.0,8.91676113449627e-06,269730,133694,0.4956586215845475,136025,0.5043005968931895,11,4.0781522263003746e-05,0,0.0,0,0.0,269719,0,0.0,269719,0,0.0,0.22703519627991198,1.1854359306471232,2.5516114865862796,8.909431457916028,18.797898493618167,20.817935010482007,26.944027287952437,9.854690112574024,5.036767438705266
cc8a7f0f52562f9c,01_03_16.npy,0,1000,30,9,real_reader_values_nonnegative,float64,0.0,True,0.0,butterworth_o5_c0.3,270000,270000,0,0,0.0,0,0.0,0.0,8.91676113449627e-06,269730,133818,0.49611834056278503,135901,0.503840877914952,11,4.0781522263003746e-05,0,0.0,0,0.0,269719,0,0.0,269719,0,0.0,0.19501960390296239,1.1822671509691705,2.5532250765417963,8.90897500500568,18.799719244651158,20.841528512772534,26.651858292485812,9.85468935702779,5.037665884828222
cc8a7f0f52562f9c,01_03_16.npy,0,1000,30,9,real_reader_values_nonnegative,float64,0.0,True,0.0,savgol_w7_p3,270000,270000,0,0,0.0,0,0.0,0.0,8.91676113449627e-06,269730,134827,0.4998591183776369,134892,0.5001001001001001,11,4.0781522263003746e-05,0,0.0,0,0.0,269719,0,0.0,269719,0,0.0,0.11033678466365615,1.178233536241246,2.5501522705003703,8.910667313990057,18.808060452869334,20.87410993771826,26.85978253290031,9.85453482986556,5.039511005720922
cc8a7f0f52562f9c,01_03_16.npy,0,1000,30,9,real_reader_values_nonnegative,float64,0.0,True,0.0,bandpass_fs1000,270000,270000,0,129520,0.4797037037037037,129519,0.4797,0.43350405368921624,8.91676113449627e-06,269730,136388,0.5056463871278686,133307,0.49422385348311276,35,0.00012975938901864828,5498,0.020383346309272236,126586,0.46930634338041743,269693,129336,0.47956750824085165,269695,129338,0.4795713676560559,-5.050563320491659,-3.1260985424733225,-1.9041504031503225,0.04579053799011785,2.035083217478131,3.4996600944755105,7.059934637349433,0.07171976255229308,1.2045365467604043
cc8a7f0f52562f9c,01_03_16.npy,0,1000,30,9,real_reader_values_nonnegative,float64,0.0,True,0.0,bandpass_fs200,270000,270000,0,135507,0.5018777777777778,135504,0.5018666666666667,0.4915858018640397,8.91676113449627e-06,269730,134711,0.49942905868831794,135011,0.5005412820227635,8,2.965928891854818e-05,32742,0.12138805472138806,118936,0.44094464835205577,269721,135334,0.5017555177387003,269722,135335,0.50175736499062,-5.418335614442796,-2.6619939102494494,-1.5948389388177477,-0.0037609769918722676,1.620609220697272,2.7074124905054284,5.900568553299906,0.005033750598353606,0.9980775933431258
cc8a7f0f52562f9c,01_03_16.npy,0,1000,30,9,real_reader_values_nonnegative,float64,0.0,True,0.0,hampel_w5_s3,270000,270000,0,0,0.0,0,0.0,0.0,8.91676113449627e-06,269730,133716,0.49574018462907354,134184,0.4974752530308086,1830,0.006784562340117896,0,0.0,0,0.0,267900,0,0.0,267900,0,0.0,0.0,1.141396660953089,2.525986763297522,8.91485265883697,18.88343449547822,21.1175593711432,28.1872145700568,9.85828997582899,5.063537370928439
cc8a7f0f52562f9c,01_03_17.npy,0,1000,30,9,real_reader_values_nonnegative,float64,0.0,True,0.0,raw,270000,270000,0,0,0.0,0,0.0,0.0,8.77930258102389e-06,269730,135087,0.5008230452674897,134635,0.49914729544359177,8,2.965928891854818e-05,0,0.0,0,0.0,269722,0,0.0,269722,0,0.0,0.0,1.3253998557917739,2.4701772742452746,8.779134721389326,18.946671262564266,21.447730939093343,28.149399079187,9.787253301501092,5.084097355562237
cc8a7f0f52562f9c,01_03_17.npy,0,1000,30,9,real_reader_values_nonnegative,float64,0.0,True,0.0,wavelet,270000,270000,0,0,0.0,0,0.0,0.0,8.77930258102389e-06,269730,134699,0.4993845697549401,135009,0.5005338672005338,22,8.156304452600749e-05,0,0.0,0,0.0,269708,0,0.0,269708,0,0.0,0.27819782865906156,1.395996121397761,2.470224425476942,8.764796736081427,18.872880479772157,21.17390667065776,26.832713929253853,9.787149451364165,5.05739715961934
cc8a7f0f52562f9c,01_03_17.npy,0,1000,30,9,real_reader_values_nonnegative,float64,0.0,True,0.0,butterworth_o5_c0.3,270000,270000,0,0,0.0,0,0.0,0.0,8.77930258102389e-06,269730,134961,0.5003559114670226,134758,0.4996033070107144,11,4.0781522263003746e-05,0,0.0,0,0.0,269719,0,0.0,269719,0,0.0,0.2673369226992425,1.3918664172196915,2.4737116863215016,8.76269587134221,18.873688117440704,21.197379755478504,26.458663994892316,9.78727706766966,5.05857991007068
cc8a7f0f52562f9c,01_03_17.npy,0,1000,30,9,real_reader_values_nonnegative,float64,0.0,True,0.0,savgol_w7_p3,270000,270000,0,0,0.0,0,0.0,0.0,8.77930258102389e-06,269730,135048,0.5006784562340117,134672,0.49928446965484,10,3.7074111148185224e-05,0,0.0,0,0.0,269720,0,0.0,269720,0,0.0,0.19212542590481935,1.3902862230892297,2.475615857476986,8.763059242965713,18.879305370751318,21.223654780307676,27.299081969023312,9.787302093649371,5.0606400629451205
cc8a7f0f52562f9c,01_03_17.npy,0,1000,30,9,real_reader_values_nonnegative,float64,0.0,True,0.0,bandpass_fs1000,270000,270000,0,136189,0.5044037037037037,136186,0.5043925925925926,0.47779463563424796,8.77930258102389e-06,269730,135160,0.5010936862788714,134517,0.49870982093204314,53,0.0001964927890853817,4911,0.018207095984873762,133539,0.49508397286175065,269677,135974,0.5042105926719742,269677,135974,0.5042105926719742,-4.349047807952972,-2.596574667644071,-1.5940805614179478,-0.008933468149789363,1.6891814321570289,2.6892116272532474,6.031203769647797,0.005074192217276652,0.993486203404056
cc8a7f0f52562f9c,01_03_17.npy,0,1000,30,9,real_reader_values_nonnegative,float64,0.0,True,0.0,bandpass_fs200,270000,270000,0,137263,0.5083814814814814,137262,0.5083777777777778,0.4896846031993233,8.77930258102389e-06,269730,134905,0.5001482964445927,134822,0.4998405813220628,3,1.1122233344455567e-05,39522,0.14652430207985764,117366,0.4351240129017907,269723,136928,0.5076615639007426,269727,136932,0.5076688651859101,-4.095275464328476,-1.8456778091791843,-1.2104672175537614,-0.013361828803449226,1.2504001940525549,1.9836468239391634,5.0523670710659365,-0.006144563235764274,0.7557922304896098
cc8a7f0f52562f9c,01_03_17.npy,0,1000,30,9,real_reader_values_nonnegative,float64,0.0,True,0.0,hampel_w5_s3,270000,270000,0,0,0.0,0,0.0,0.0,8.77930258102389e-06,269730,134009,0.49682645608571535,133792,0.4960219478737997,1929,0.007151596040484929,0,0.0,0,0.0,267801,0,0.0,267801,0,0.0,0.0,1.3360266306795856,2.4681515718399534,8.777521464040564,18.946308352532387,21.432146954297753,28.149399079187,9.789053065560267,5.084260681596165
cc8a7f0f52562f9c,01_03_18.npy,0,1000,30,9,real_reader_values_nonnegative,float64,0.0,True,0.0,raw,270000,270000,0,0,0.0,0,0.0,0.0,9.07609110245069e-06,269730,134916,0.5001890779668557,134812,0.4998035072109146,2,7.414822229637045e-06,0,0.0,0,0.0,269728,0,0.0,269728,0,0.0,0.0,2.0564609716626023,3.3410079545820652,9.07590106491382,18.681973649928395,21.069732186091656,27.9909994753931,10.112330614738545,4.810076350280635
cc8a7f0f52562f9c,01_03_18.npy,0,1000,30,9,real_reader_values_nonnegative,float64,0.0,True,0.0,wavelet,270000,270000,0,0,0.0,0,0.0,0.0,9.07609110245069e-06,269730,134864,0.49999629258888517,134848,0.4999369740110481,18,6.67334000667334e-05,0,0.0,0,0.0,269712,0,0.0,269712,0,0.0,0.3787910450300825,2.107715338202574,3.3448955721897637,9.07144154477459,18.564246078188255,20.84581902262062,26.537315665813505,10.112312763023889,4.780769147143003
cc8a7f0f52562f9c,01_03_18.npy,0,1000,30,9,real_reader_values_nonnegative,float64,0.0,True,0.0,butterworth_o5_c0.3,270000,270000,0,0,0.0,0,0.0,0.0,9.07609110245069e-06,269730,135131,0.5009861713565418,134588,0.4989730471211953,11,4.0781522263003746e-05,0,0.0,0,0.0,269719,0,0.0,269719,0,0.0,0.36019114264857494,2.110109189471808,3.343375665288628,9.074374338464532,18.56267983742313,20.842785063611277,26.88960773590972,10.112232053515923,4.781982153214561
cc8a7f0f52562f9c,01_03_18.npy,0,1000,30,9,real_reader_values_nonnegative,float64,0.0,True,0.0,savgol_w7_p3,270000,270000,0,0,0.0,0,0.0,0.0,9.07609110245069e-06,269730,134970,0.5003892781670559,134752,0.4995810625440255,8,2.965928891854818e-05,0,0.0,0,0.0,269722,0,0.0,269722,0,0.0,0.26678302411866106,2.106406634490324,3.3455730246431994,9.073210823862638,18.578912527487386,20.87576566611132,26.897824614889032,10.112330580541995,4.784119460351075
cc8a7f0f52562f9c,01_03_18.npy,0,1000,30,9,real_reader_values_nonnegative,float64,0.0,True,0.0,bandpass_fs1000,270000,270000,0,131498,0.48702962962962965,131495,0.4870185185185185,0.5266055112157418,9.07609110245069e-06,269730,135836,0.5035998961924888,133844,0.4962147332517703,50,0.00018537055574092612,4482,0.016616616616616616,129122,0.4787083379675972,269678,131345,0.48704380780041384,269680,131347,0.4870476119845743,-7.002329040025386,-4.045019857015097,-1.9552408310954803,0.02717154526796272,1.9960745757311207,3.596505695516128,6.77149468867117,0.0006944543356517696,1.2509572003050675
cc8a7f0f52562f9c,01_03_18.npy,0,1000,30,9,real_reader_values_nonnegative,float64,0.0,True,0.0,bandpass_fs200,270000,270000,0,132792,0.4918222222222222,132790,0.4918148148148148,0.5090632322480977,9.07609110245069e-06,269730,134951,0.5003188373558743,134771,0.4996515033552071,8,2.965928891854818e-05,42196,0.15643791940088236,111547,0.4135505876246617,269721,132455,0.4910815249832234,269722,132456,0.4910834118091961,-4.922644712623102,-2.4044053197745594,-1.3341509268794813,0.012689396162710028,1.346848624532908,2.154874901327441,6.062219280436365,0.005414682288089103,0.828730373787729
cc8a7f0f52562f9c,01_03_18.npy,0,1000,30,9,real_reader_values_nonnegative,float64,0.0,True,0.0,hampel_w5_s3,270000,270000,0,0,0.0,0,0.0,0.0,9.07609110245069e-06,269730,134016,0.4968524079635191,133926,0.49651874096318543,1788,0.006628851073295518,0,0.0,0,0.0,267942,0,0.0,267942,0,0.0,0.0,2.06370053813624,3.3397719223653044,9.07409518249196,18.686937567925042,21.050368528856634,27.9909994753931,10.115040843841523,4.810467276762605
cc8a7f0f52562f9c,01_03_19.npy,0,1000,30,9,real_reader_values_nonnegative,float64,0.0,True,0.0,raw,270000,270000,0,0,0.0,0,0.0,0.0,9.32837956035208e-06,269730,134638,0.4991584176769362,135090,0.5008341675008342,2,7.414822229637045e-06,0,0.0,0,0.0,269728,0,0.0,269728,0,0.0,0.0,1.8549782925376515,3.1403476775300065,9.32824791637108,18.936355217455834,22.434031582892246,29.3984283793533,10.327387471998035,4.952651126204664
cc8a7f0f52562f9c,01_03_19.npy,0,1000,30,9,real_reader_values_nonnegative,float64,0.0,True,0.0,wavelet,270000,270000,0,0,0.0,0,0.0,0.0,9.32837956035208e-06,269730,133971,0.49668557446335226,135746,0.5032662291921551,13,4.819634449264079e-05,0,0.0,0,0.0,269717,0,0.0,269717,0,0.0,0.3016628313914459,1.8999352761981498,3.1506683638793174,9.298249206568538,18.81631116771895,22.364314272100955,27.034591070530446,10.327176705988906,4.922109813550783
cc8a7f0f52562f9c,01_03_19.npy,0,1000,30,9,real_reader_values_nonnegative,float64,0.0,True,0.0,butterworth_o5_c0.3,270000,270000,0,0,0.0,0,0.0,0.0,9.32837956035208e-06,269730,133772,0.4959477996515034,135944,0.5040002965928891,14,5.1903755607459314e-05,0,0.0,0,0.0,269716,0,0.0,269716,0,0.0,0.2832840815638778,1.9001705769501183,3.151827382978271,9.298180315663384,18.81497627582109,22.361338464429732,27.311761559065285,10.327183923890898,4.923556858380578
cc8a7f0f52562f9c,01_03_19.npy,0,1000,30,9,real_reader_values_nonnegative,float64,0.0,True,0.0,savgol_w7_p3,270000,270000,0,0,0.0,0,0.0,0.0,9.32837956035208e-06,269730,134640,0.49916583249916585,135085,0.5008156304452601,5,1.8537055574092612e-05,0,0.0,0,0.0,269725,0,0.0,269725,0,0.0,0.2732348799537394,1.8909832826280943,3.151860300700587,9.301551797144626,18.82170651319954,22.3582557559866,27.43078440912875,10.327472325039091,4.925874123462916
cc8a7f0f52562f9c,01_03_19.npy,0,1000,30,9,real_reader_values_nonnegative,float64,0.0,True,0.0,bandpass_fs1000,270000,270000,0,136523,0.5056407407407407,136523,0.5056407407407407,0.6088753532692696,9.32837956035208e-06,269730,135656,0.5029325621918215,134027,0.4968931894857821,47,0.00017424832239647055,5548,0.020568716865013163,133669,0.49556593630667706,269680,136374,0.505688223079205,269683,136377,0.5056937218882911,-6.182253971367377,-3.4129776619632657,-1.8683877891784397,-0.011530627931116384,1.5669683068943963,2.611722746884127,5.5647003601395895,-0.07344120808693412,1.083235072651021
cc8a7f0f52562f9c,01_03_19.npy,0,1000,30,9,real_reader_values_nonnegative,float64,0.0,True,0.0,bandpass_fs200,270000,270000,0,134877,0.49954444444444446,134876,0.49954074074074073,0.5223380675319664,9.32837956035208e-06,269730,134787,0.49971082193304417,134935,0.5002595187780373,8,2.965928891854818e-05,40435,0.14990916842768695,114512,0.42454306158009864,269719,134521,0.49874499015642204,269722,134524,0.4987505653969643,-6.745316863024856,-2.639855012248398,-1.4695656405921103,0.0007742992271786973,1.4592384448342262,2.3822977945156696,4.851379215449005,-0.0005344744191094614,0.912032824344445
cc8a7f0f52562f9c,01_03_19.npy,0,1000,30,9,real_reader_values_nonnegative,float64,0.0,True,0.0,hampel_w5_s3,270000,270000,0,0,0.0,0,0.0,0.0,9.32837956035208e-06,269730,133727,0.49578096615133654,134191,0.4975012049086123,1812,0.006717828940051162,0,0.0,0,0.0,267918,0,0.0,267918,0,0.0,0.0,1.8571960715478706,3.142383693584482,9.320388999650639,18.920164667095328,22.45230188117341,28.915399557666,10.326434001980273,4.949437781774842
cc8a7f0f52562f9c,01_03_20.npy,0,1000,30,9,real_reader_values_nonnegative,float64,0.0,True,0.0,raw,270000,270000,0,0,0.0,0,0.0,0.0,9.803256451388816e-06,269730,134726,0.49948466985504025,134998,0.5004930856782709,6,2.2244466688911134e-05,0,0.0,0,0.0,269724,0,0.0,269724,0,0.0,0.0,1.4234202173022186,3.128401759467165,9.80160227570603,18.995936362073227,22.8059375624892,30.3993970960352,10.586286390541028,4.956564945082708
cc8a7f0f52562f9c,01_03_20.npy,0,1000,30,9,real_reader_values_nonnegative,float64,0.0,True,0.0,wavelet,270000,270000,0,0,0.0,0,0.0,0.0,9.803256451388816e-06,269730,135133,0.5009935861787713,134587,0.49896933971008045,10,3.7074111148185224e-05,0,0.0,0,0.0,269720,0,0.0,269720,0,0.0,0.07271096876829654,1.475549302662669,3.124469356199203,9.811145865664017,18.766678216452046,22.72187360406677,27.740403976199687,10.586172778636758,4.922399226505621
cc8a7f0f52562f9c,01_03_20.npy,0,1000,30,9,real_reader_values_nonnegative,float64,0.0,True,0.0,butterworth_o5_c0.3,270000,270000,0,0,0.0,0,0.0,0.0,9.803256451388816e-06,269730,135206,0.5012642271901531,134511,0.4986875764653542,13,4.819634449264079e-05,0,0.0,0,0.0,269717,0,0.0,269717,0,0.0,0.1008825055640893,1.4769778421744921,3.1225012379683648,9.815551316958874,18.780360626289898,22.72362400474425,28.699081296329283,10.586270360083661,4.923954993919651
cc8a7f0f52562f9c,01_03_20.npy,0,1000,30,9,real_reader_values_nonnegative,float64,0.0,True,0.0,savgol_w7_p3,270000,270000,0,0,0.0,0,0.0,0.0,9.803256451388816e-06,269730,134825,0.49985170355540726,134898,0.5001223445667891,7,2.5951877803729657e-05,0,0.0,0,0.0,269723,0,0.0,269723,0,0.0,0.11308245840406576,1.4755240552710625,3.1252795453282207,9.812116126484094,18.79519488041402,22.73211135269445,28.691243655054055,10.586305148805112,4.926466455435879
cc8a7f0f52562f9c,01_03_20.npy,0,1000,30,9,real_reader_values_nonnegative,float64,0.0,True,0.0,bandpass_fs1000,270000,270000,0,145231,0.5378925925925926,145230,0.5378888888888889,0.5460113030133433,9.803256451388816e-06,269730,136340,0.5054684313943573,133362,0.49442776109442776,28,0.00010380751121491863,5691,0.02109887665443221,142298,0.527557186816446,269701,145134,0.5381292616638426,269702,145135,0.5381309741863242,-7.191987800873344,-3.9050684009857535,-2.327321593567576,-0.10975385528595578,2.172571891674327,3.6413953848266907,7.121849859957581,-0.09575002444947664,1.4101719962581702
cc8a7f0f52562f9c,01_03_20.npy,0,1000,30,9,real_reader_values_nonnegative,float64,0.0,True,0.0,bandpass_fs200,270000,270000,0,133527,0.49454444444444445,133525,0.49453703703703705,0.5136861389641829,9.803256451388816e-06,269730,135141,0.50102324546769,134579,0.4989396804211619,10,3.7074111148185224e-05,34054,0.12625217810402994,116356,0.431379527675824,269720,133268,0.4940975826783331,269720,133268,0.4940975826783331,-6.307226059476959,-3.419899096918013,-1.8648782546774472,0.012312253194848844,1.7538749448818447,3.14704990359365,6.679358398031772,-0.0003025168169151702,1.1686602392481595
cc8a7f0f52562f9c,01_03_20.npy,0,1000,30,9,real_reader_values_nonnegative,float64,0.0,True,0.0,hampel_w5_s3,270000,270000,0,0,0.0,0,0.0,0.0,9.803256451388816e-06,269730,133993,0.49676713750787826,134179,0.4974567159752345,1558,0.005776146516887258,0,0.0,0,0.0,268172,0,0.0,268172,0,0.0,0.0,1.4241204643183987,3.12464499865036,9.804069220128529,18.982672203967187,22.804554510126355,30.3993970960352,10.589275636806736,4.955808832207656
cc8a7f0f52562f9c,01_04_01.npy,0,1000,30,9,real_reader_values_nonnegative,float64,0.0,True,0.0,raw,270000,270000,0,0,0.0,0,0.0,0.0,9.99768181187946e-06,269730,134711,0.49942905868831794,134996,0.5004856708560412,23,8.527045564082602e-05,0,0.0,0,0.0,269707,0,0.0,269707,0,0.0,0.0,1.01773160541963,2.832875485065093,9.99482282725909,19.169934828628755,21.327954941993415,28.598191987556,10.56643735776338,4.914583432000589
cc8a7f0f52562f9c,01_04_01.npy,0,1000,30,9,real_reader_values_nonnegative,float64,0.0,True,0.0,wavelet,270000,270000,0,0,0.0,0,0.0,0.0,9.99768181187946e-06,269730,135068,0.5007526044563082,134643,0.4991769547325103,19,7.044081118155193e-05,0,0.0,0,0.0,269711,0,0.0,269711,0,0.0,0.01659622609834923,1.090061948523358,2.8635398402284893,9.997615197097169,19.143615578520297,20.978436956251823,27.752296052985773,10.566368928509766,4.884129508573767
cc8a7f0f52562f9c,01_04_01.npy,0,1000,30,9,real_reader_values_nonnegative,float64,0.0,True,0.0,butterworth_o5_c0.3,270000,270000,0,0,0.0,0,0.0,0.0,9.99768181187946e-06,269730,134633,0.4991398806213621,135083,0.5008082156230305,14,5.1903755607459314e-05,0,0.0,0,0.0,269716,0,0.0,269716,0,0.0,0.06949159224880046,1.0868742404134515,2.86491884027091,9.995855831341757,19.147469563377243,20.99372989381832,27.34192278766351,10.566123087748307,4.885265296571044
cc8a7f0f52562f9c,01_04_01.npy,0,1000,30,9,real_reader_values_nonnegative,float64,0.0,True,0.0,savgol_w7_p3,270000,270000,0,0,0.0,0,0.0,0.0,9.99768181187946e-06,269730,134697,0.4993771549327105,135023,0.5005857709561413,10,3.7074111148185224e-05,0,0.0,0,0.0,269720,0,0.0,269720,0,0.0,0.004367386389232203,1.088053319835968,2.8600635672791843,9.994554527403258,19.14762280251143,21.01554173389119,27.702833719562555,10.5665169672953,4.887685250958995
cc8a7f0f52562f9c,01_04_01.npy,0,1000,30,9,real_reader_values_nonnegative,float64,0.0,True,0.0,bandpass_fs1000,270000,270000,0,138384,0.5125333333333333,138384,0.5125333333333333,0.5351377664478079,9.99768181187946e-06,269730,136549,0.5062432803173544,133139,0.4936010084158232,42,0.00015571126682237794,4727,0.017524932339747154,135924,0.5039261483705928,269688,138222,0.5125255851205838,269688,138222,0.5125255851205838,-5.847002600502828,-2.8178480105531247,-1.7746349681512184,-0.02901598970027656,1.6965415737358338,2.630833121223794,5.115620650542903,-0.03675629262065012,1.0708420192431025
cc8a7f0f52562f9c,01_04_01.npy,0,1000,30,9,real_reader_values_nonnegative,float64,0.0,True,0.0,bandpass_fs200,270000,270000,0,136194,0.5044222222222222,136193,0.5044185185185185,0.4705071205028096,9.99768181187946e-06,269730,134846,0.49992955918881843,134875,0.5000370741111482,9,3.33667000333667e-05,39713,0.14723241760278796,116198,0.4307937567196826,269720,136211,0.5050088981165654,269721,136212,0.5050107333133127,-4.241691064427318,-1.9967630739591367,-1.255196735225892,-0.00785983748741051,1.3308330667362356,2.2298623706144682,6.405318344545109,0.009363001308005995,0.8047498174954512
cc8a7f0f52562f9c,01_04_01.npy,0,1000,30,9,real_reader_values_nonnegative,float64,0.0,True,0.0,hampel_w5_s3,270000,270000,0,0,0.0,0,0.0,0.0,9.99768181187946e-06,269730,133650,0.4954954954954955,134052,0.4969858747636525,2028,0.007518629740851963,0,0.0,0,0.0,267702,0,0.0,267702,0,0.0,0.0,1.0175122728059893,2.83476675328183,9.993247323888461,19.1783553776107,21.30375750888212,28.2930464939447,10.567342446721087,4.914111988703639
cc8a7f0f52562f9c,01_04_02.npy,0,1000,30,9,real_reader_values_nonnegative,float64,0.0,True,0.0,raw,270000,270000,0,0,0.0,0,0.0,0.0,1.01220272732422e-05,269730,135038,0.5006413821228636,134684,0.49932895858821785,8,2.965928891854818e-05,0,0.0,0,0.0,269722,0,0.0,269722,0,0.0,0.0,1.28006532811016,2.88652363394563,10.1206541629044,19.34799123570993,21.953985176927112,28.5079972491222,10.643274724583017,4.992087037705088
cc8a7f0f52562f9c,01_04_02.npy,0,1000,30,9,real_reader_values_nonnegative,float64,0.0,True,0.0,wavelet,270000,270000,0,0,0.0,0,0.0,0.0,1.01220272732422e-05,269730,134452,0.49846883920957996,135263,0.5014755496236978,15,5.5611166722277836e-05,0,0.0,0,0.0,269715,0,0.0,269715,0,0.0,0.15745806946592703,1.293610508413227,2.9127800621645807,10.109347026353495,19.291159596514824,21.681367289666223,26.511712199792953,10.643410755374392,4.962479264421054
cc8a7f0f52562f9c,01_04_02.npy,0,1000,30,9,real_reader_values_nonnegative,float64,0.0,True,0.0,butterworth_o5_c0.3,270000,270000,0,0,0.0,0,0.0,0.0,1.01220272732422e-05,269730,134980,0.5004263522782041,134743,0.49954769584399217,7,2.5951877803729657e-05,0,0.0,0,0.0,269723,0,0.0,269723,0,0.0,0.1753988200068149,1.2915802262787475,2.9134395742928008,10.108014869759643,19.30637320945856,21.703732681939854,26.406548369037438,10.643566464042507,4.963939796866481
cc8a7f0f52562f9c,01_04_02.npy,0,1000,30,9,real_reader_values_nonnegative,float64,0.0,True,0.0,savgol_w7_p3,270000,270000,0,0,0.0,0,0.0,0.0,1.01220272732422e-05,269730,134728,0.49949208467726985,134992,0.5004708412115819,10,3.7074111148185224e-05,0,0.0,0,0.0,269720,0,0.0,269720,0,0.0,0.1378176437068055,1.2897562753451475,2.9090951523127244,10.109230864774009,19.294959219206376,21.731099374461273,26.32385045496001,10.64318262466815,4.965910910799764
cc8a7f0f52562f9c,01_04_02.npy,0,1000,30,9,real_reader_values_nonnegative,float64,0.0,True,0.0,bandpass_fs1000,270000,270000,0,146113,0.5411592592592592,146112,0.5411555555555555,0.5619384583676124,1.01220272732422e-05,269730,133412,0.4946131316501687,136278,0.5052385719052386,40,0.0001482964445927409,4855,0.017999480962443925,143563,0.5322470618766915,269689,145930,0.5411047539944158,269690,145931,0.5411064555600875,-7.0050016551162075,-2.9522370840144894,-1.8117541463344964,-0.08968873857509749,1.6086120706786626,2.8668086594687483,4.685979981966291,-0.08131715412620964,1.073589135946402
cc8a7f0f52562f9c,01_04_02.npy,0,1000,30,9,real_reader_values_nonnegative,float64,0.0,True,0.0,bandpass_fs200,270000,270000,0,135230,0.5008518518518519,135230,0.5008518518518519,0.5112325922074474,1.01220272732422e-05,269730,134832,0.499877655433211,134889,0.5000889778667557,9,3.33667000333667e-05,40523,0.15023542060579098,114862,0.4258406554702851,269720,134959,0.5003670473083197,269721,134960,0.5003688997148906,-5.088113877637346,-2.104761181024655,-1.2816189084250662,-0.001355889328567698,1.2687487607179446,2.001415153103463,5.002180350894378,-0.0031267227998253728,0.7898022025198822
cc8a7f0f52562f9c,01_04_02.npy,0,1000,30,9,real_reader_values_nonnegative,float64,0.0,True,0.0,hampel_w5_s3,270000,270000,0,0,0.0,0,0.0,0.0,1.01220272732422e-05,269730,134007,0.4968190412634857,133787,0.49600341081822563,1936,0.007177547918288659,0,0.0,0,0.0,267794,0,0.0,267794,0,0.0,0.0,1.2791896373682132,2.88838863901649,10.11793427230075,19.34326315033674,21.925133441095387,28.3487024390269,10.642110279376432,4.988497815295145
cc8a7f0f52562f9c,01_04_03.npy,0,1000,30,9,real_reader_values_nonnegative,float64,0.0,True,0.0,raw,270000,270000,0,0,0.0,0,0.0,0.0,9.93783518043365e-06,269730,135126,0.5009676343009676,134590,0.4989804619434249,14,5.1903755607459314e-05,0,0.0,0,0.0,269716,0,0.0,269716,0,0.0,0.0,0.97139143839419,2.66710225682011,9.934039319944159,19.010577085789446,21.270706875804656,27.0538225382267,10.498383424711266,4.941535366349053
cc8a7f0f52562f9c,01_04_03.npy,0,1000,30,9,real_reader_values_nonnegative,float64,0.0,True,0.0,wavelet,270000,270000,0,0,0.0,0,0.0,0.0,9.93783518043365e-06,269730,135537,0.5024913802691581,134174,0.4974381789196604,19,7.044081118155193e-05,0,0.0,0,0.0,269711,0,0.0,269711,0,0.0,0.1406540248566206,0.9762528992791952,2.670698766117053,9.914501416869964,18.973860275927834,20.917435398508225,25.24086312920445,10.498411533155808,4.911020493281205
cc8a7f0f52562f9c,01_04_03.npy,0,1000,30,9,real_reader_values_nonnegative,float64,0.0,True,0.0,butterworth_o5_c0.3,270000,270000,0,0,0.0,0,0.0,0.0,9.93783518043365e-06,269730,135196,0.5012271530790049,134520,0.4987209431653876,14,5.1903755607459314e-05,0,0.0,0,0.0,269716,0,0.0,269716,0,0.0,0.16566369688519444,0.9719363030924687,2.6718702676909127,9.915426709474069,18.963964993632214,20.93100382653535,25.163563910577672,10.498334275107696,4.912196291320015
cc8a7f0f52562f9c,01_04_03.npy,0,1000,30,9,real_reader_values_nonnegative,float64,0.0,True,0.0,savgol_w7_p3,270000,270000,0,1,3.7037037037037037e-06,1,3.7037037037037037e-06,1.3854997399092948e-11,9.93783518043365e-06,269730,135220,0.5013161309457606,134501,0.49865050235420605,9,3.33667000333667e-05,2,7.414822229637045e-06,0,0.0,269721,0,0.0,269721,0,0.0,-0.02241982254628122,0.9730800787600693,2.670534745964066,9.919021838152675,18.971872736957806,20.969899061750326,25.416664243151715,10.498331006730139,4.914520592667446
cc8a7f0f52562f9c,01_04_03.npy,0,1000,30,9,real_reader_values_nonnegative,float64,0.0,True,0.0,bandpass_fs1000,270000,270000,0,143486,0.5314296296296296,143484,0.5314222222222222,0.5276850267218293,9.93783518043365e-06,269730,136321,0.5053979905831758,133376,0.4944796648500352,33,0.00012234456678901124,5707,0.021158195232269306,140550,0.5210766321877432,269695,143422,0.5317933220860602,269697,143424,0.5317967941801355,-5.692906115491953,-3.7790813122065656,-1.6850704981753903,-0.06755653328608677,1.7657897384894279,3.2777971560355508,5.399799665453904,-0.03713408443608111,1.147891234021929
cc8a7f0f52562f9c,01_04_03.npy,0,1000,30,9,real_reader_values_nonnegative,float64,0.0,True,0.0,bandpass_fs200,270000,270000,0,134430,0.4978888888888889,134428,0.4978814814814815,0.4880883520263458,9.93783518043365e-06,269730,134498,0.4986393801208616,135222,0.5013235457679902,10,3.7074111148185224e-05,38366,0.14223853483112742,115105,0.426741556371186,269719,134321,0.4980034776934513,269720,134322,0.4980053388699392,-5.5774076353511965,-2.5631873129332856,-1.3905841944123185,0.003711689233544818,1.414909806150521,2.5641893118509165,5.787022671464827,0.007993297215744734,0.905096573527257
cc8a7f0f52562f9c,01_04_03.npy,0,1000,30,9,real_reader_values_nonnegative,float64,0.0,True,0.0,hampel_w5_s3,270000,270000,0,0,0.0,0,0.0,0.0,9.93783518043365e-06,269730,134207,0.4975605234864494,133662,0.4955399844288733,1861,0.00689949208467727,0,0.0,0,0.0,267869,0,0.0,267869,0,0.0,0.0,0.9723253738944958,2.6675207352937176,9.9304770997491,19.00850982970127,21.237923675050514,27.0538225382267,10.49834418147688,4.938986401181088
cc8a7f0f52562f9c,01_04_04.npy,0,1000,30,9,real_reader_values_nonnegative,float64,0.0,True,0.0,raw,270000,270000,0,0,0.0,0,0.0,0.0,9.930678802210711e-06,269730,135047,0.500674748822897,134654,0.4992177362547733,29,0.00010751492232973715,0,0.0,0,0.0,269701,0,0.0,269701,0,0.0,0.0,0.8831503584160719,2.36488885510688,9.92705557461133,19.224844864044176,21.852793031846783,28.8682794723562,10.553810103173005,5.029879021625975
cc8a7f0f52562f9c,01_04_04.npy,0,1000,30,9,real_reader_values_nonnegative,float64,0.0,True,0.0,wavelet,270000,270000,0,0,0.0,0,0.0,0.0,9.930678802210711e-06,269730,134114,0.49721573425277127,135597,0.5027138249360471,19,7.044081118155193e-05,0,0.0,0,0.0,269711,0,0.0,269711,0,0.0,0.07904429493242092,0.8820399320682437,2.381108604389104,9.917919346488452,19.19305027132206,21.579925777061447,26.430502334295724,10.553826055966034,5.000799995929366
cc8a7f0f52562f9c,01_04_04.npy,0,1000,30,9,real_reader_values_nonnegative,float64,0.0,True,0.0,butterworth_o5_c0.3,270000,270000,0,0,0.0,0,0.0,0.0,9.930678802210711e-06,269730,134773,0.4996589181774367,134945,0.5002965928891855,12,4.448893337782227e-05,0,0.0,0,0.0,269718,0,0.0,269718,0,0.0,0.1026734319462715,0.88170786331077,2.378803436257276,9.915994023215424,19.190901880242013,21.58832707092904,26.322240453575372,10.553734697561303,5.001907043306388
cc8a7f0f52562f9c,01_04_04.npy,0,1000,30,9,real_reader_values_nonnegative,float64,0.0,True,0.0,savgol_w7_p3,270000,270000,0,0,0.0,0,0.0,0.0,9.930678802210711e-06,269730,134322,0.49798687576465356,135395,0.5019649278908538,13,4.819634449264079e-05,0,0.0,0,0.0,269717,0,0.0,269717,0,0.0,0.037264248345151796,0.8784571371897795,2.3780254272523345,9.916101445086444,19.194908312677274,21.613323037885824,26.624191726499276,10.55384614278354,5.0041450772914375
cc8a7f0f52562f9c,01_04_04.npy,0,1000,30,9,real_reader_values_nonnegative,float64,0.0,True,0.0,bandpass_fs1000,270000,270000,0,141254,0.5231629629629629,141254,0.5231629629629629,0.50714188937153,9.930678802210711e-06,269730,134740,0.4995365736106477,134939,0.5002743484224965,51,0.00018907796685574464,4906,0.01818855892929967,138694,0.5141956771586401,269678,141154,0.5234168156097272,269679,141155,0.5234185828336652,-3.5736622816045065,-2.232894961653966,-1.4620707605727519,-0.050700232397688214,1.502607050580573,2.2561182112598384,4.037240651497458,-0.027522954253793128,0.9063682376144863
cc8a7f0f52562f9c,01_04_04.npy,0,1000,30,9,real_reader_values_nonnegative,float64,0.0,True,0.0,bandpass_fs200,270000,270000,0,134878,0.49954814814814813,134874,0.49953333333333333,0.4763166891573132,9.930678802210711e-06,269730,134703,0.4993993993993994,135019,0.500570941311682,8,2.965928891854818e-05,43766,0.16225855485114746,112806,0.4182182182182182,269721,134435,0.49842244393280466,269722,134436,0.49842430354216566,-3.971226102830841,-1.7075400639895213,-1.1027127542912432,0.0007140526396794619,1.1501249105074405,1.8198395030553882,4.517003524870225,0.007951035697593279,0.6971112142149278
cc8a7f0f52562f9c,01_04_04.npy,0,1000,30,9,real_reader_values_nonnegative,float64,0.0,True,0.0,hampel_w5_s3,270000,270000,0,0,0.0,0,0.0,0.0,9.930678802210711e-06,269730,134201,0.4975382790197605,133684,0.4956215474733993,1845,0.006840173506840174,0,0.0,0,0.0,267885,0,0.0,267885,0,0.0,0.0,0.886395930855745,2.3629980599572558,9.9267377714813,19.224134879761024,21.807205684864293,28.3561213664104,10.556107046769704,5.027915598099743
cc8a7f0f52562f9c,01_04_05.npy,0,1000,30,9,real_reader_values_nonnegative,float64,0.0,True,0.0,raw,270000,270000,0,0,0.0,0,0.0,0.0,9.803263695294674e-06,269730,135089,0.5008304600897193,134623,0.49910280651021394,18,6.67334000667334e-05,0,0.0,0,0.0,269712,0,0.0,269712,0,0.0,0.0,0.9298118250126732,2.507367188484722,9.80076817390942,19.476698252873998,22.4338433926721,29.1884776783105,10.521738036649497,5.114044511523916
cc8a7f0f52562f9c,01_04_05.npy,0,1000,30,9,real_reader_values_nonnegative,float64,0.0,True,0.0,wavelet,270000,270000,0,0,0.0,0,0.0,0.0,9.803263695294674e-06,269730,135345,0.5017795573351129,134364,0.4981425870314759,21,7.785563341118897e-05,0,0.0,0,0.0,269709,0,0.0,269709,0,0.0,0.14153791923704195,0.965965335703734,2.5102411566159293,9.76583809073361,19.413351102025356,22.216692018380158,26.345364700738003,10.521830755099538,5.084080187790598
cc8a7f0f52562f9c,01_04_05.npy,0,1000,30,9,real_reader_values_nonnegative,float64,0.0,True,0.0,butterworth_o5_c0.3,270000,270000,0,0,0.0,0,0.0,0.0,9.803263695294674e-06,269730,135117,0.5009342676009343,134599,0.4990138286434583,14,5.1903755607459314e-05,0,0.0,0,0.0,269716,0,0.0,269716,0,0.0,0.040934682962809416,0.9609284440970598,2.5108523279992525,9.768890064463847,19.42135492207134,22.226434084655427,26.438880897447913,10.52214780369233,5.085739800172686
cc8a7f0f52562f9c,01_04_05.npy,0,1000,30,9,real_reader_values_nonnegative,float64,0.0,True,0.0,savgol_w7_p3,270000,270000,0,0,0.0,0,0.0,0.0,9.803263695294674e-06,269730,134814,0.49981092203314426,134904,0.5001445890334779,12,4.448893337782227e-05,0,0.0,0,0.0,269718,0,0.0,269718,0,0.0,0.056617086686742105,0.9555894215987517,2.5100308283485537,9.77124379596457,19.418497210193532,22.25401737711937,26.600816858447953,10.521700403432034,5.087591471806736
cc8a7f0f52562f9c,01_04_05.npy,0,1000,30,9,real_reader_values_nonnegative,float64,0.0,True,0.0,bandpass_fs1000,270000,270000,0,138463,0.5128259259259259,138461,0.5128185185185186,0.562080115211517,9.803263695294674e-06,269730,135413,0.5020316612909206,134267,0.4977829681533385,50,0.00018537055574092612,5138,0.019048678307937567,135741,0.503247692136581,269680,138257,0.5126705725304064,269680,138257,0.5126705725304064,-6.943175770411246,-3.5468451730077897,-1.7985928157008293,-0.027444060660771333,1.7408222396433641,2.7529517333293225,5.182428982213873,-0.03629019290370707,1.1287833514006325
cc8a7f0f52562f9c,01_04_05.npy,0,1000,30,9,real_reader_values_nonnegative,float64,0.0,True,0.0,bandpass_fs200,270000,270000,0,135770,0.5028518518518519,135769,0.5028481481481482,0.5140735952359697,9.803263695294674e-06,269730,134373,0.4981759537315093,135349,0.5017943869795721,8,2.965928891854818e-05,40766,0.15113632150669187,115244,0.4272568865161458,269722,135562,0.5025989722751574,269722,135562,0.5025989722751574,-4.373648987652794,-2.0476464873240356,-1.3059392647562384,-0.004663486338204882,1.284151945173785,1.9543723476729817,4.633076177786374,-0.006039777478298976,0.7903644091575937
cc8a7f0f52562f9c,01_04_05.npy,0,1000,30,9,real_reader_values_nonnegative,float64,0.0,True,0.0,hampel_w5_s3,270000,270000,0,0,0.0,0,0.0,0.0,9.803263695294674e-06,269730,134077,0.497078560041523,133694,0.4956586215845475,1959,0.007262818373929485,0,0.0,0,0.0,267771,0,0.0,267771,0,0.0,0.0,0.9317905087873037,2.507729727091583,9.793063566084076,19.472567059467707,22.40933370359953,29.1884776783105,10.522914857007956,5.112593429407691
cc8a7f0f52562f9c,01_04_06.npy,0,1000,30,9,real_reader_values_nonnegative,float64,0.0,True,0.0,raw,270000,270000,0,0,0.0,0,0.0,0.0,1.013448626236e-05,269730,135004,0.5005153301449597,134718,0.4994550105661217,8,2.965928891854818e-05,0,0.0,0,0.0,269722,0,0.0,269722,0,0.0,0.0,1.3698979860771645,3.010028597568197,10.1335207580286,19.332810157186636,21.561282491163492,27.9278764110087,10.773688615148439,4.8889497289410615
cc8a7f0f52562f9c,01_04_06.npy,0,1000,30,9,real_reader_values_nonnegative,float64,0.0,True,0.0,wavelet,270000,270000,0,0,0.0,0,0.0,0.0,1.013448626236e-05,269730,134090,0.49712675638601567,135627,0.5028250472694917,13,4.819634449264079e-05,0,0.0,0,0.0,269717,0,0.0,269717,0,0.0,0.08515424699115934,1.4183089019440092,3.01376635138953,10.115188740931256,19.313591309910198,21.22471978900738,25.794730439496778,10.773745921333225,4.856685929190238
cc8a7f0f52562f9c,01_04_06.npy,0,1000,30,9,real_reader_values_nonnegative,float64,0.0,True,0.0,butterworth_o5_c0.3,270000,270000,0,0,0.0,0,0.0,0.0,1.013448626236e-05,269730,135084,0.5008119230341452,134633,0.4991398806213621,13,4.819634449264079e-05,0,0.0,0,0.0,269717,0,0.0,269717,0,0.0,0.04737561160955447,1.4236678762860613,3.014689735476406,10.112157914310728,19.31070367497834,21.261818771298984,25.470528643282893,10.773735455325786,4.858102796010287
cc8a7f0f52562f9c,01_04_06.npy,0,1000,30,9,real_reader_values_nonnegative,float64,0.0,True,0.0,savgol_w7_p3,270000,270000,0,0,0.0,0,0.0,0.0,1.013448626236e-05,269730,134581,0.49894709524339154,135139,0.5010158306454603,10,3.7074111148185224e-05,0,0.0,0,0.0,269720,0,0.0,269720,0,0.0,0.06296696612062172,1.4166929635897658,3.0126864530391613,10.114366368515174,19.307724828001003,21.295476672207467,25.747276224161336,10.77366941837103,4.860588083693603
cc8a7f0f52562f9c,01_04_06.npy,0,1000,30,9,real_reader_values_nonnegative,float64,0.0,True,0.0,bandpass_fs1000,270000,270000,0,132202,0.48963703703703704,132202,0.48963703703703704,0.5348220882127274,1.013448626236e-05,269730,134431,0.4983909835761688,135247,0.5014162310458606,52,0.00019278537797056316,5083,0.018844770696622548,129534,0.4802357913469025,269677,132053,0.4896709767610883,269678,132054,0.4896728691254014,-6.3865688256604365,-2.938683601303644,-1.7984868812140662,0.02400130680830763,1.7082593824310721,2.454882904123689,4.821280757984575,-0.0003253389791977396,1.0605232759376846
cc8a7f0f52562f9c,01_04_06.npy,0,1000,30,9,real_reader_values_nonnegative,float64,0.0,True,0.0,bandpass_fs200,270000,270000,0,133290,0.49366666666666664,133290,0.49366666666666664,0.48643792371006356,1.013448626236e-05,269730,134634,0.49914358803247694,135088,0.5008267526786045,8,2.965928891854818e-05,40190,0.1490008527045564,113030,0.41904867830793757,269720,132944,0.49289633694201396,269722,132946,0.49290009713705224,-3.8775379193452983,-1.9120859049892414,-1.247715900090021,0.01148133955436318,1.2741865335398324,1.942573928591256,5.400411525491647,0.008706676796019025,0.7736134262205089
cc8a7f0f52562f9c,01_04_06.npy,0,1000,30,9,real_reader_values_nonnegative,float64,0.0,True,0.0,hampel_w5_s3,270000,270000,0,0,0.0,0,0.0,0.0,1.013448626236e-05,269730,134193,0.49750861973084193,133657,0.49552144737329923,1880,0.006969932895858822,0,0.0,0,0.0,267850,0,0.0,267850,0,0.0,0.0,1.37003072495957,3.01376663871371,10.13403922668305,19.34497051024064,21.553514551628176,27.9278764110087,10.777725567137237,4.889296127059353
cc8a7f0f52562f9c,01_04_07.npy,0,1000,30,9,real_reader_values_nonnegative,float64,0.0,True,0.0,raw,270000,270000,0,0,0.0,0,0.0,0.0,1.0251624478404948e-05,269730,134680,0.4993141289437586,135038,0.5006413821228636,12,4.448893337782227e-05,0,0.0,0,0.0,269718,0,0.0,269718,0,0.0,0.0,1.5147821561906254,3.575406540036444,10.25013465277235,19.368630516266585,21.725578279867644,28.3567112220387,10.828996430543304,4.855934074264295
cc8a7f0f52562f9c,01_04_07.npy,0,1000,30,9,real_reader_values_nonnegative,float64,0.0,True,0.0,wavelet,270000,270000,0,0,0.0,0,0.0,0.0,1.0251624478404948e-05,269730,135307,0.5016386757127498,134408,0.49830571312052796,15,5.5611166722277836e-05,0,0.0,0,0.0,269715,0,0.0,269715,0,0.0,0.24268537054988135,1.558093631448027,3.588790577406092,10.264234004178027,19.341391445006227,21.428471659090015,25.564020202336668,10.829001422889734,4.821159134132472
cc8a7f0f52562f9c,01_04_07.npy,0,1000,30,9,real_reader_values_nonnegative,float64,0.0,True,0.0,butterworth_o5_c0.3,270000,270000,0,0,0.0,0,0.0,0.0,1.0251624478404948e-05,269730,134891,0.5000963926889853,134820,0.49983316649983317,19,7.044081118155193e-05,0,0.0,0,0.0,269711,0,0.0,269711,0,0.0,0.18843157748611775,1.5505898112431478,3.5827893293174418,10.26682070047761,19.34257722916173,21.4382625106952,25.50651013330644,10.829057698245634,4.822481683784289
cc8a7f0f52562f9c,01_04_07.npy,0,1000,30,9,real_reader_values_nonnegative,float64,0.0,True,0.0,savgol_w7_p3,270000,270000,0,0,0.0,0,0.0,0.0,1.0251624478404948e-05,269730,134997,0.500489378267156,134720,0.49946242538835134,13,4.819634449264079e-05,0,0.0,0,0.0,269717,0,0.0,269717,0,0.0,0.1262017977811711,1.5509005147894788,3.5840198847126046,10.265460135308142,19.32973039723779,21.46484294796298,25.59849938314665,10.828960979955655,4.825026216345542
cc8a7f0f52562f9c,01_04_07.npy,0,1000,30,9,real_reader_values_nonnegative,float64,0.0,True,0.0,bandpass_fs1000,270000,270000,0,143044,0.5297925925925926,143040,0.5297777777777778,0.6301148310220537,1.0251624478404948e-05,269730,134725,0.4994809624439254,134948,0.5003077151225299,57,0.00021132243354465578,5423,0.020105290475660845,140187,0.5197308419530642,269672,142977,0.5301885253196476,269673,142978,0.5301902674720865,-6.417287717340342,-3.0172027555082135,-1.9682634936022096,-0.06098185468981663,1.4670493668914235,2.310493627741388,4.076404188494762,-0.10660295363147129,1.0217288115304264
cc8a7f0f52562f9c,01_04_07.npy,0,1000,30,9,real_reader_values_nonnegative,float64,0.0,True,0.0,bandpass_fs200,270000,270000,0,134266,0.4972814814814815,134265,0.49727777777777776,0.5255043706992218,1.0251624478404948e-05,269730,134579,0.4989396804211619,135140,0.5010195380565751,11,4.0781522263003746e-05,42573,0.15783561339116894,112833,0.41831831831831834,269719,134074,0.4970877098016825,269719,134074,0.4970877098016825,-5.111012699171364,-2.3358500907448443,-1.385621984228798,0.00482133384447892,1.3401332202574738,2.1884692524228244,4.225636676000887,-0.007094986976413452,0.8442345764779323
cc8a7f0f52562f9c,01_04_07.npy,0,1000,30,9,real_reader_values_nonnegative,float64,0.0,True,0.0,hampel_w5_s3,270000,270000,0,0,0.0,0,0.0,0.0,1.0251624478404948e-05,269730,133828,0.4961554146739332,133938,0.4965632298965632,1964,0.0072813554295035774,0,0.0,0,0.0,267766,0,0.0,267766,0,0.0,0.0,1.5314813158908196,3.57819595946241,10.2547463095923,19.379659117099987,21.70741999212818,28.3567112220387,10.835692387847647,4.857132982234907
cc8a7f0f52562f9c,01_04_08.npy,0,1000,30,9,real_reader_values_nonnegative,float64,0.0,True,0.0,raw,270000,270000,0,0,0.0,0,0.0,0.0,1.0213710176491899e-05,269730,135102,0.500878656434212,134619,0.4990879768657546,9,3.33667000333667e-05,0,0.0,0,0.0,269721,0,0.0,269721,0,0.0,0.0,1.2845814870391123,3.1580604231228113,10.212693158035549,19.390029788881794,21.872848276678408,27.3518084137779,10.800789696082424,4.841834483198317
cc8a7f0f52562f9c,01_04_08.npy,0,1000,30,9,real_reader_values_nonnegative,float64,0.0,True,0.0,wavelet,270000,270000,0,0,0.0,0,0.0,0.0,1.0213710176491899e-05,269730,135320,0.5016868720572424,134394,0.4982538093649205,16,5.931857783709636e-05,0,0.0,0,0.0,269714,0,0.0,269714,0,0.0,0.2722829497121222,1.3030017897083317,3.1601303677402073,10.188355501897881,19.371551867147208,21.554862509516827,25.183360742514175,10.800797446435388,4.808879643422428
cc8a7f0f52562f9c,01_04_08.npy,0,1000,30,9,real_reader_values_nonnegative,float64,0.0,True,0.0,butterworth_o5_c0.3,270000,270000,0,0,0.0,0,0.0,0.0,1.0213710176491899e-05,269730,135460,0.502205909613317,134258,0.49774960145330516,12,4.448893337782227e-05,0,0.0,0,0.0,269718,0,0.0,269718,0,0.0,0.19547719266524394,1.3052919786903872,3.1597825418999825,10.193619393452401,19.37038168938171,21.577848282858206,25.18727090740312,10.801198396823962,4.810466463376915
cc8a7f0f52562f9c,01_04_08.npy,0,1000,30,9,real_reader_values_nonnegative,float64,0.0,True,0.0,savgol_w7_p3,270000,270000,0,0,0.0,0,0.0,0.0,1.0213710176491899e-05,269730,135441,0.5021354688021354,134278,0.4978237496756015,11,4.0781522263003746e-05,0,0.0,0,0.0,269719,0,0.0,269719,0,0.0,0.14250243099133353,1.30228119489834,3.1559432858937044,10.191955918416415,19.36906567282303,21.602730812034263,25.538176852313832,10.800690874946358,4.812583832765546
cc8a7f0f52562f9c,01_04_08.npy,0,1000,30,9,real_reader_values_nonnegative,float64,0.0,True,0.0,bandpass_fs1000,270000,270000,0,139746,0.5175777777777778,139744,0.5175703703703703,0.5412362534632754,1.0213710176491899e-05,269730,135497,0.5023430838245653,134170,0.49742334927520115,63,0.0002335669002335669,4393,0.016286657027397768,137366,0.5092722351981611,269666,139598,0.517670006600758,269667,139599,0.5176717952140973,-6.69252023350479,-2.5884141403362153,-1.7166372880052851,-0.04247866507828901,1.6437254599423203,2.3546394686468863,5.467313281609475,-0.04470572058147118,1.0355563735330318
cc8a7f0f52562f9c,01_04_08.npy,0,1000,30,9,real_reader_values_nonnegative,float64,0.0,True,0.0,bandpass_fs200,270000,270000,0,138362,0.5124518518518518,138360,0.5124444444444445,0.5200112483282336,1.0213710176491899e-05,269730,134919,0.5002002002002002,134803,0.49977014051088126,8,2.965928891854818e-05,39413,0.1461201942683424,118498,0.43932080228376524,269720,138355,0.5129578822482574,269722,138357,0.5129614936860916,-4.682535663387155,-1.971686365352217,-1.2756451820465675,-0.022115096822840782,1.268595053463159,1.8636419519822478,4.992348276948918,-0.01609669157837875,0.7809707848302112
cc8a7f0f52562f9c,01_04_08.npy,0,1000,30,9,real_reader_values_nonnegative,float64,0.0,True,0.0,hampel_w5_s3,270000,270000,0,0,0.0,0,0.0,0.0,1.0213710176491899e-05,269730,133906,0.49644459274088903,133823,0.4961368776183591,2001,0.007418529640751863,0,0.0,0,0.0,267729,0,0.0,267729,0,0.0,0.0,1.2874453128800594,3.1589470092351677,10.21599370281055,19.39665959062451,21.859085151652884,27.3518084137779,10.80519925540676,4.842888436492028
cc8a7f0f52562f9c,01_04_09.npy,0,1000,30,9,real_reader_values_nonnegative,float64,0.0,True,0.0,raw,270000,270000,0,0,0.0,0,0.0,0.0,9.98516033874741e-06,269730,134598,0.49901012123234345,135125,0.5009639268898528,7,2.5951877803729657e-05,0,0.0,0,0.0,269723,0,0.0,269723,0,0.0,0.0,1.244763247773546,2.980441841321075,9.9833521641604,19.208772522473982,21.62249983326597,28.2046696213076,10.63818253578015,4.849533295029924
cc8a7f0f52562f9c,01_04_09.npy,0,1000,30,9,real_reader_values_nonnegative,float64,0.0,True,0.0,wavelet,270000,270000,0,0,0.0,0,0.0,0.0,9.98516033874741e-06,269730,134798,0.49975160345530717,134920,0.5002039076113151,12,4.448893337782227e-05,0,0.0,0,0.0,269718,0,0.0,269718,0,0.0,0.09656700992229827,1.2638789260894774,2.9847307880402623,9.968913937428166,19.146480661531623,21.29220936971268,26.557409718310115,10.6381929282398,4.816309117268615
cc8a7f0f52562f9c,01_04_09.npy,0,1000,30,9,real_reader_values_nonnegative,float64,0.0,True,0.0,butterworth_o5_c0.3,270000,270000,0,0,0.0,0,0.0,0.0,9.98516033874741e-06,269730,134530,0.4987580172765358,135187,0.5011937863789716,13,4.819634449264079e-05,0,0.0,0,0.0,269717,0,0.0,269717,0,0.0,0.12474811165662333,1.2589136355892288,2.9864242569651,9.969876973213909,19.1428593504325,21.309336715905484,26.893405587341558,10.638273542021054,4.817631028799607
cc8a7f0f52562f9c,01_04_09.npy,0,1000,30,9,real_reader_values_nonnegative,float64,0.0,True,0.0,savgol_w7_p3,270000,270000,0,0,0.0,0,0.0,0.0,9.98516033874741e-06,269730,134424,0.49836503169836505,135288,0.5015682349015682,18,6.67334000667334e-05,0,0.0,0,0.0,269712,0,0.0,269712,0,0.0,0.0806277784791386,1.2656812911472597,2.987990889345675,9.969957581004852,19.145505514118575,21.358242828108217,27.235569201706376,10.638134899074991,4.820087362680975
cc8a7f0f52562f9c,01_04_09.npy,0,1000,30,9,real_reader_values_nonnegative,float64,0.0,True,0.0,bandpass_fs1000,270000,270000,0,142560,0.528,142559,0.5279962962962963,0.5573878993696677,9.98516033874741e-06,269730,133039,0.4932302673043414,136639,0.5065769473176881,52,0.00019278537797056316,4533,0.01680569458347236,140214,0.5198309420531643,269678,142444,0.5282002981333294,269678,142444,0.5282002981333294,-4.796168785017556,-2.5113343930686773,-1.7823068805779474,-0.06884179435441276,1.6314110337438554,2.492639811524603,4.747400109568952,-0.08117886920702941,1.033143987488145
cc8a7f0f52562f9c,01_04_09.npy,0,1000,30,9,real_reader_values_nonnegative,float64,0.0,True,0.0,bandpass_fs200,270000,270000,0,136222,0.5045259259259259,136222,0.5045259259259259,0.47216710242475957,9.98516033874741e-06,269730,134725,0.4994809624439254,134998,0.5004930856782709,7,2.5951877803729657e-05,42620,0.15800986171356543,114781,0.4255403551699848,269722,136003,0.5042339890702279,269723,136004,0.5042358271263482,-4.207413794051296,-1.9380659931437274,-1.1932938257890748,-0.007442379609727601,1.2382608064244647,2.009501737348988,6.64254733126805,0.0075085671469880795,0.7690640289086025
cc8a7f0f52562f9c,01_04_09.npy,0,1000,30,9,real_reader_values_nonnegative,float64,0.0,True,0.0,hampel_w5_s3,270000,270000,0,0,0.0,0,0.0,0.0,9.98516033874741e-06,269730,133624,0.4953991028065102,134014,0.49684499314128944,2092,0.007755904052200348,0,0.0,0,0.0,267638,0,0.0,267638,0,0.0,0.0,1.2421235215119362,2.981498591111614,9.982838118595826,19.21951566408817,21.59269884534197,28.2046696213076,10.64266983224581,4.8509396996315886
cc8a7f0f52562f9c,01_04_10.npy,0,1000,30,9,real_reader_values_nonnegative,float64,0.0,True,0.0,raw,270000,270000,0,0,0.0,0,0.0,0.0,9.80859475571881e-06,269730,135126,0.5009676343009676,134593,0.49899158417676936,11,4.0781522263003746e-05,0,0.0,0,0.0,269719,0,0.0,269719,0,0.0,0.0,1.22890919460322,2.726472706461652,9.80684644916952,19.064405929791658,21.45829678928457,27.9157441563477,10.455412893945182,4.873475227490672
cc8a7f0f52562f9c,01_04_10.npy,0,1000,30,9,real_reader_values_nonnegative,float64,0.0,True,0.0,wavelet,270000,270000,0,0,0.0,0,0.0,0.0,9.80859475571881e-06,269730,135449,0.5021651280910541,134263,0.49776813850887924,18,6.67334000667334e-05,0,0.0,0,0.0,269712,0,0.0,269712,0,0.0,0.1803632371408962,1.2391245367063133,2.7289097538058207,9.79152097380822,18.996381366124673,21.157405309002698,26.023732327061293,10.455204825238434,4.842885834071116
cc8a7f0f52562f9c,01_04_10.npy,0,1000,30,9,real_reader_values_nonnegative,float64,0.0,True,0.0,butterworth_o5_c0.3,270000,270000,0,0,0.0,0,0.0,0.0,9.80859475571881e-06,269730,135190,0.501204908612316,134524,0.4987357728098469,16,5.931857783709636e-05,0,0.0,0,0.0,269714,0,0.0,269714,0,0.0,0.16616114429143136,1.2354287419017904,2.7246290940107745,9.793411019627518,18.99843050306192,21.179093951628225,26.87485451788799,10.455381730653905,4.844162312072122
cc8a7f0f52562f9c,01_04_10.npy,0,1000,30,9,real_reader_values_nonnegative,float64,0.0,True,0.0,savgol_w7_p3,270000,270000,0,0,0.0,0,0.0,0.0,9.80859475571881e-06,269730,135062,0.5007303599896192,134656,0.49922515107700294,12,4.448893337782227e-05,0,0.0,0,0.0,269718,0,0.0,269718,0,0.0,0.10781013613252152,1.2387705202884054,2.724954388945626,9.796892768353192,19.009080690529416,21.191497530682604,27.180941471983157,10.4554105085871,4.84658692409967
cc8a7f0f52562f9c,01_04_10.npy,0,1000,30,9,real_reader_values_nonnegative,float64,0.0,True,0.0,bandpass_fs1000,270000,270000,0,142377,0.5273222222222222,142374,0.5273111111111111,0.5992501709627307,9.80859475571881e-06,269730,135226,0.5013383754124495,134462,0.49850591332072813,42,0.00015571126682237794,5203,0.019289660030400772,139651,0.5177436695955214,269688,142295,0.5276282222419981,269688,142295,0.5276282222419981,-4.847765048308478,-2.596657931883278,-1.5990279110256633,-0.04745152159001695,1.248533637097553,2.310674295833222,4.367074115391338,-0.08507450161547428,0.8884800579174739
cc8a7f0f52562f9c,01_04_10.npy,0,1000,30,9,real_reader_values_nonnegative,float64,0.0,True,0.0,bandpass_fs200,270000,270000,0,133305,0.49372222222222223,133303,0.49371481481481483,0.5177616179437835,9.80859475571881e-06,269730,135064,0.5007377748118489,134658,0.49923256589923254,8,2.965928891854818e-05,46176,0.17119341563786009,110042,0.40797093389685984,269720,132930,0.4928444312620495,269722,132932,0.4928481918419706,-4.496711534337612,-1.885616539110127,-1.1533403355877567,0.009154946672171604,1.1366293371943905,1.813359031539926,4.5854010459020556,-0.002160153432178389,0.7108280904008192
cc8a7f0f52562f9c,01_04_10.npy,0,1000,30,9,real_reader_values_nonnegative,float64,0.0,True,0.0,hampel_w5_s3,270000,270000,0,0,0.0,0,0.0,0.0,9.80859475571881e-06,269730,134047,0.49696733770807844,133621,0.49538798057316574,2062,0.007644681718755793,0,0.0,0,0.0,267668,0,0.0,267668,0,0.0,0.0,1.2287284319778091,2.72733057405676,9.80636294050784,19.065837115919216,21.44987480702163,27.9157441563477,10.461244561221127,4.876185366155685
cc8a7f0f52562f9c,01_04_11.npy,0,1000,30,9,real_reader_values_nonnegative,float64,0.0,True,0.0,raw,270000,270000,0,0,0.0,0,0.0,0.0,8.99609858545107e-06,269730,134788,0.499714529344159,134937,0.500266933600267,5,1.8537055574092612e-05,0,0.0,0,0.0,269725,0,0.0,269725,0,0.0,0.0,1.41211249961727,3.1309828251194274,8.995479541427724,19.513405667208588,21.672448873478377,27.134157543723,10.088921844654246,4.969795179320672
cc8a7f0f52562f9c,01_04_11.npy,0,1000,30,9,real_reader_values_nonnegative,float64,0.0,True,0.0,wavelet,270000,270000,0,0,0.0,0,0.0,0.0,8.99609858545107e-06,269730,135113,0.500919437956475,134609,0.49905090275460645,8,2.965928891854818e-05,0,0.0,0,0.0,269722,0,0.0,269722,0,0.0,0.2495381221204994,1.4523360816334812,3.1533800085124204,8.978944099522762,19.529385314436578,21.350948667631975,25.682152621198494,10.088919477799815,4.940731565041013
cc8a7f0f52562f9c,01_04_11.npy,0,1000,30,9,real_reader_values_nonnegative,float64,0.0,True,0.0,butterworth_o5_c0.3,270000,270000,0,1,3.7037037037037037e-06,1,3.7037037037037037e-06,1.2364670111722512e-14,8.99609858545107e-06,269730,134794,0.4997367738108479,134924,0.5002187372557743,12,4.448893337782227e-05,1,3.7074111148185224e-06,0,0.0,269718,0,0.0,269718,0,0.0,-0.000649145083886039,1.4583062193684413,3.151780101881674,8.985060133249611,19.51722453008446,21.359129941865906,26.81236528610783,10.089381405767098,4.9423697951410865
cc8a7f0f52562f9c,01_04_11.npy,0,1000,30,9,real_reader_values_nonnegative,float64,0.0,True,0.0,savgol_w7_p3,270000,270000,0,0,0.0,0,0.0,0.0,8.99609858545107e-06,269730,135191,0.5012086160234308,134534,0.49877284692099505,5,1.8537055574092612e-05,0,0.0,0,0.0,269725,0,0.0,269725,0,0.0,0.10834661461177886,1.4590263641643957,3.1496493019223513,8.981964473418058,19.518744289687383,21.379495647184974,26.5183153906528,10.088827747632372,4.9441455326910795
cc8a7f0f52562f9c,01_04_11.npy,0,1000,30,9,real_reader_values_nonnegative,float64,0.0,True,0.0,bandpass_fs1000,270000,270000,0,153098,0.5670296296296297,153095,0.5670185185185185,0.580500100377916,8.99609858545107e-06,269730,134476,0.4985578170763356,135203,0.5012531049568086,51,0.00018907796685574464,4390,0.016275534794053314,150780,0.5590034478923368,269679,152954,0.5671705991196941,269679,152954,0.5671705991196941,-4.886145683129057,-2.623003806466184,-1.7773431153643535,-0.14263832307944313,1.5484121061194622,2.5083185102038184,4.7159176440161925,-0.1279648814348847,1.0084967489808905
cc8a7f0f52562f9c,01_04_11.npy,0,1000,30,9,real_reader_values_nonnegative,float64,0.0,True,0.0,bandpass_fs200,270000,270000,0,138597,0.5133222222222222,138594,0.5133111111111112,0.5124990054131296,8.99609858545107e-06,269730,135592,0.502695287880473,134129,0.4972713454194936,9,3.33667000333667e-05,42369,0.15707930152374597,117236,0.4346420494568643,269719,138519,0.5135678242912067,269721,138521,0.5135714312196678,-5.583922900847837,-1.9400730982754484,-1.2095150117107034,-0.020091951672057812,1.2139337486988435,1.9816825163116139,4.523480086248658,-0.017145198692979858,0.7458376993919783
cc8a7f0f52562f9c,01_04_11.npy,0,1000,30,9,real_reader_values_nonnegative,float64,0.0,True,0.0,hampel_w5_s3,270000,270000,0,0,0.0,0,0.0,0.0,8.99609858545107e-06,269730,133822,0.4961331702072443,134045,0.49695992288584884,1863,0.006906906906906907,0,0.0,0,0.0,267867,0,0.0,267867,0,0.0,0.0,1.411055497889401,3.13243707369305,8.99263248667623,19.527504223344415,21.639278746752563,26.8091147070672,10.090640442483881,4.968634477197428
cc8a7f0f52562f9c,01_04_12.npy,0,1000,30,9,real_reader_values_nonnegative,float64,0.0,True,0.0,raw,270000,270000,0,0,0.0,0,0.0,0.0,8.99923609477347e-06,269730,135085,0.5008156304452601,134640,0.49916583249916585,5,1.8537055574092612e-05,0,0.0,0,0.0,269725,0,0.0,269725,0,0.0,0.0,1.7221148273628915,3.5194781271691387,8.998854607694206,19.53216646853069,21.592668097106795,26.0860124149994,10.155165201941633,4.915386975702566
cc8a7f0f52562f9c,01_04_12.npy,0,1000,30,9,real_reader_values_nonnegative,float64,0.0,True,0.0,wavelet,270000,270000,0,0,0.0,0,0.0,0.0,8.99923609477347e-06,269730,134920,0.5002039076113151,134795,0.4997404812219627,15,5.5611166722277836e-05,0,0.0,0,0.0,269715,0,0.0,269715,0,0.0,0.15131394090536654,1.7588882861139463,3.5496510763735745,8.981976172384202,19.55683792665851,21.273025752131044,24.65240989708239,10.155280589678656,4.8869065960896245
cc8a7f0f52562f9c,01_04_12.npy,0,1000,30,9,real_reader_values_nonnegative,float64,0.0,True,0.0,butterworth_o5_c0.3,270000,270000,0,0,0.0,0,0.0,0.0,8.99923609477347e-06,269730,135381,0.5019130241352464,134332,0.49802394987580173,17,6.302598895191488e-05,0,0.0,0,0.0,269713,0,0.0,269713,0,0.0,0.18823286905188444,1.7573563970305413,3.548387379718716,8.980547067812562,19.550870201943933,21.2812218411376,24.784971129932543,10.15500019066307,4.888113297307365
cc8a7f0f52562f9c,01_04_12.npy,0,1000,30,9,real_reader_values_nonnegative,float64,0.0,True,0.0,savgol_w7_p3,270000,270000,0,0,0.0,0,0.0,0.0,8.99923609477347e-06,269730,135542,0.5025099173247322,134181,0.49746413079746415,7,2.5951877803729657e-05,0,0.0,0,0.0,269723,0,0.0,269723,0,0.0,0.1683253765585311,1.7583019478147488,3.546376425599554,8.98312947295912,19.540216700940597,21.302333958975076,24.82981986581724,10.155205190977265,4.890173080648866
cc8a7f0f52562f9c,01_04_12.npy,0,1000,30,9,real_reader_values_nonnegative,float64,0.0,True,0.0,bandpass_fs1000,270000,270000,0,134505,0.49816666666666665,134503,0.49815925925925925,0.4127491749453589,8.99923609477347e-06,269730,135252,0.5014347681014347,134419,0.49834649464279096,59,0.00021873725577429282,5619,0.020831943054165275,131539,0.4876691506321136,269671,134332,0.4981329101015682,269671,134332,0.4981329101015682,-4.066375679118193,-2.1026256370371508,-1.2543440538677677,0.0025400968341077685,1.5462467633554562,2.4487232044529263,4.27780697352838,0.055648809536474705,0.8481953723696244
cc8a7f0f52562f9c,01_04_12.npy,0,1000,30,9,real_reader_values_nonnegative,float64,0.0,True,0.0,bandpass_fs200,270000,270000,0,136563,0.5057888888888888,136561,0.5057814814814815,0.4698888383979543,8.99923609477347e-06,269730,134912,0.5001742483223964,134815,0.4998146294442591,3,1.1122233344455567e-05,44742,0.1658769880992103,114040,0.4227931635339043,269726,136415,0.5057539873797854,269727,136416,0.5057558197733264,-3.5539116609110297,-1.726291909542872,-1.105399656952447,-0.008535613426403549,1.1690760600065864,1.8773075384958047,4.2555886722856195,0.00799148088312908,0.6948005140920077
cc8a7f0f52562f9c,01_04_12.npy,0,1000,30,9,real_reader_values_nonnegative,float64,0.0,True,0.0,hampel_w5_s3,270000,270000,0,0,0.0,0,0.0,0.0,8.99923609477347e-06,269730,134118,0.4972305638972306,133729,0.49578838097356615,1883,0.006981055129203277,0,0.0,0,0.0,267847,0,0.0,267847,0,0.0,0.0,1.72377078906972,3.5223723180841766,8.992879433610966,19.526369187382524,21.540665789285395,25.5426404842495,10.151390305069116,4.909506949483052
cc8a7f0f52562f9c,01_04_13.npy,0,1000,30,9,real_reader_values_nonnegative,float64,0.0,True,0.0,raw,270000,270000,0,0,0.0,0,0.0,0.0,9.959193457072358e-06,269730,134593,0.49899158417676936,135113,0.500919437956475,24,8.897786675564454e-05,0,0.0,0,0.0,269706,0,0.0,269706,0,0.0,0.0,0.975253872643872,2.401429094230208,9.955853457303924,19.169346303457857,21.679380004342754,27.6989954758573,10.416532305804784,5.017675800020951
cc8a7f0f52562f9c,01_04_13.npy,0,1000,30,9,real_reader_values_nonnegative,float64,0.0,True,0.0,wavelet,270000,270000,0,0,0.0,0,0.0,0.0,9.959193457072358e-06,269730,135594,0.5027027027027027,134121,0.497241686130575,15,5.5611166722277836e-05,0,0.0,0,0.0,269715,0,0.0,269715,0,0.0,0.049515299293217976,1.0099853919590827,2.419062657566545,9.96032814113066,19.16089526066405,21.38869833704802,26.689701755261186,10.416716274600345,4.989581822122695
cc8a7f0f52562f9c,01_04_13.npy,0,1000,30,9,real_reader_values_nonnegative,float64,0.0,True,0.0,butterworth_o5_c0.3,270000,270000,0,0,0.0,0,0.0,0.0,9.959193457072358e-06,269730,135139,0.5010158306454603,134572,0.4989137285433582,19,7.044081118155193e-05,0,0.0,0,0.0,269711,0,0.0,269711,0,0.0,0.06448115309301533,1.0084789487966168,2.4187006226544834,9.958070571532026,19.15009748262202,21.402797743133448,26.56693049309108,10.41648834415053,4.990715499459119
cc8a7f0f52562f9c,01_04_13.npy,0,1000,30,9,real_reader_values_nonnegative,float64,0.0,True,0.0,savgol_w7_p3,270000,270000,0,0,0.0,0,0.0,0.0,9.959193457072358e-06,269730,135369,0.5018685352018686,134344,0.49806843880917956,17,6.302598895191488e-05,0,0.0,0,0.0,269713,0,0.0,269713,0,0.0,0.021918543048096373,1.001128271721485,2.416408782375443,9.95693512884691,19.13908152886396,21.40795832101436,26.931900512709536,10.416509403822552,4.992887161662151
cc8a7f0f52562f9c,01_04_13.npy,0,1000,30,9,real_reader_values_nonnegative,float64,0.0,True,0.0,bandpass_fs1000,270000,270000,0,127649,0.47277407407407407,127647,0.47276666666666667,0.4257981306435221,9.959193457072358e-06,269730,133685,0.49562525488451414,135979,0.5041300559819079,66,0.0002446891335780225,4911,0.018207095984873762,125058,0.46364141919697477,269664,127449,0.47262148451406194,269664,127449,0.47262148451406194,-5.170455944293426,-2.8464603415725818,-1.5359197428572309,0.052905153874274316,1.6945328906692538,3.4113270401175186,6.973193071146751,0.06709308534194104,1.0570713586565466
cc8a7f0f52562f9c,01_04_13.npy,0,1000,30,9,real_reader_values_nonnegative,float64,0.0,True,0.0,bandpass_fs200,270000,270000,0,130270,0.48248148148148146,130269,0.4824777777777778,0.49166229391540744,9.959193457072358e-06,269730,134829,0.4998665331998665,134894,0.5001075149223297,7,2.5951877803729657e-05,42966,0.15929262595929264,108644,0.4027879731583435,269722,129773,0.48113613275891476,269723,129774,0.4811380564505066,-4.660642333300611,-1.9311847990123403,-1.2046351823932187,0.02599991408776459,1.2069933076337778,1.9145963837503426,4.267807873912539,0.01970145289676004,0.7430517665268732
cc8a7f0f52562f9c,01_04_13.npy,0,1000,30,9,real_reader_values_nonnegative,float64,0.0,True,0.0,hampel_w5_s3,270000,270000,0,0,0.0,0,0.0,0.0,9.959193457072358e-06,269730,133760,0.49590331071812555,133867,0.4963000037074111,2103,0.007796685574463352,0,0.0,0,0.0,267627,0,0.0,267627,0,0.0,0.0,0.976768295617094,2.392149638084716,9.956199924819995,19.1681364031255,21.65688034525294,27.6989954758573,10.418009911956565,5.017518103550023
cc8a7f0f52562f9c,01_04_14.npy,0,1000,30,9,real_reader_values_nonnegative,float64,0.0,True,0.0,raw,270000,270000,0,0,0.0,0,0.0,0.0,9.844291483997e-06,269730,134756,0.49959589218848477,134962,0.5003596188781374,12,4.448893337782227e-05,0,0.0,0,0.0,269718,0,0.0,269718,0,0.0,0.0,1.31687468463633,2.9757108368390996,9.841895310335744,19.782075917317318,22.838155179656717,28.8380759709604,10.575650327461455,5.092181176238505
cc8a7f0f52562f9c,01_04_14.npy,0,1000,30,9,real_reader_values_nonnegative,float64,0.0,True,0.0,wavelet,270000,270000,0,0,0.0,0,0.0,0.0,9.844291483997e-06,269730,134327,0.49800541282022764,135385,0.5019278537797056,18,6.67334000667334e-05,0,0.0,0,0.0,269712,0,0.0,269712,0,0.0,0.07099224311054873,1.3472968679648734,2.979191552361945,9.852682880421774,19.741842072424067,22.705394589924605,26.409300482617788,10.575753906467112,5.062692218327397
cc8a7f0f52562f9c,01_04_14.npy,0,1000,30,9,real_reader_values_nonnegative,float64,0.0,True,0.0,butterworth_o5_c0.3,270000,270000,0,0,0.0,0,0.0,0.0,9.844291483997e-06,269730,134806,0.4997812627442257,134910,0.5001668335001669,14,5.1903755607459314e-05,0,0.0,0,0.0,269716,0,0.0,269716,0,0.0,0.10975765121353905,1.3467301291336082,2.981804203417409,9.851055241636335,19.75205761489223,22.701849496151368,26.92960650127455,10.57572162860133,5.063943797938808
cc8a7f0f52562f9c,01_04_14.npy,0,1000,30,9,real_reader_values_nonnegative,float64,0.0,True,0.0,savgol_w7_p3,270000,270000,0,1,3.7037037037037037e-06,1,3.7037037037037037e-06,5.392600213708706e-13,9.844291483997e-06,269730,135076,0.5007822637452267,134649,0.4991991991991992,5,1.8537055574092612e-05,2,7.414822229637045e-06,0,0.0,269725,0,0.0,269725,0,0.0,-0.004474538070494027,1.3439565728915477,2.981071165107718,9.848740147329506,19.757286491820498,22.7109817334717,26.74431653382675,10.575653205472399,5.066123265643024
cc8a7f0f52562f9c,01_04_14.npy,0,1000,30,9,real_reader_values_nonnegative,float64,0.0,True,0.0,bandpass_fs1000,270000,270000,0,136147,0.5042481481481481,136146,0.5042444444444445,0.5499136136481659,9.844291483997e-06,269730,133638,0.49545100656211766,136042,0.5043636228821414,50,0.00018537055574092612,4694,0.017402587772958143,133641,0.49546212879546214,269678,135998,0.5042977180192674,269680,136000,0.5043013942450312,-5.129869533481318,-2.2351955833479535,-1.4683869617243785,-0.009022443353246099,1.3412467353408324,1.9640024815851398,3.6670320598248107,-0.02830432027375267,0.8677776696941245
cc8a7f0f52562f9c,01_04_14.npy,0,1000,30,9,real_reader_values_nonnegative,float64,0.0,True,0.0,bandpass_fs200,270000,270000,0,131842,0.4883037037037037,131841,0.4883,0.5270088037332439,9.844291483997e-06,269730,134901,0.5001334668001335,134822,0.4998405813220628,7,2.5951877803729657e-05,43681,0.16194342490638786,109861,0.4072998924850777,269721,131539,0.48768542308533636,269723,131541,0.48768922190543634,-4.609373795292099,-1.958466603653669,-1.1937711322306226,0.017704177136915078,1.127587409769659,1.7459288377090683,4.700134662364032,-0.0024604493406724984,0.7177634649163442
cc8a7f0f52562f9c,01_04_14.npy,0,1000,30,9,real_reader_values_nonnegative,float64,0.0,True,0.0,hampel_w5_s3,270000,270000,0,0,0.0,0,0.0,0.0,9.844291483997e-06,269730,133730,0.495792088384681,133958,0.4966373781188596,2042,0.007570533496459422,0,0.0,0,0.0,267688,0,0.0,267688,0,0.0,0.0,1.3150483332779805,2.97417827885414,9.840152085363005,19.779354787059663,22.816224039219765,28.8380759709604,10.573351914532163,5.08782280424399
cc8a7f0f52562f9c,01_04_15.npy,0,1000,30,9,real_reader_values_nonnegative,float64,0.0,True,0.0,raw,270000,270000,0,0,0.0,0,0.0,0.0,9.500874470575438e-06,269730,134974,0.5004041078115152,134753,0.49958476995514034,3,1.1122233344455567e-05,0,0.0,0,0.0,269727,0,0.0,269727,0,0.0,0.0,1.2687566396921732,3.20071103747473,9.499295062708441,19.593705575162474,21.98061113132068,27.2445979246554,10.310682987388903,4.979929564625648
cc8a7f0f52562f9c,01_04_15.npy,0,1000,30,9,real_reader_values_nonnegative,float64,0.0,True,0.0,wavelet,270000,270000,0,0,0.0,0,0.0,0.0,9.500874470575438e-06,269730,135376,0.5018944870796722,134336,0.498038779520261,18,6.67334000667334e-05,0,0.0,0,0.0,269712,0,0.0,269712,0,0.0,0.14448277911435192,1.306896133904019,3.245836313445885,9.490205300716532,19.613278416508027,21.6855414478102,25.572728474882176,10.310575476775536,4.949957973636022
cc8a7f0f52562f9c,01_04_15.npy,0,1000,30,9,real_reader_values_nonnegative,float64,0.0,True,0.0,butterworth_o5_c0.3,270000,270000,0,1,3.7037037037037037e-06,1,3.7037037037037037e-06,1.2432664217857034e-14,9.500874470575438e-06,269730,135209,0.5012753494234976,134505,0.4986653319986653,16,5.931857783709636e-05,1,3.7074111148185224e-06,0,0.0,269714,0,0.0,269714,0,0.0,-0.0006626817033044707,1.2995825169326005,3.2431190233187164,9.490815036238228,19.60895062391329,21.701123713586583,25.793614061207315,10.310530997509384,4.951294183676254
cc8a7f0f52562f9c,01_04_15.npy,0,1000,30,9,real_reader_values_nonnegative,float64,0.0,True,0.0,savgol_w7_p3,270000,270000,0,1,3.7037037037037037e-06,1,3.7037037037037037e-06,4.8625069424247043e-11,9.500874470575438e-06,269730,134713,0.4994364735105476,135004,0.5005153301449597,13,4.819634449264079e-05,2,7.414822229637045e-06,0,0.0,269717,0,0.0,269717,0,0.0,-0.04144740080214043,1.297899984024935,3.242742916846516,9.493332493968143,19.602927268752563,21.72982977771476,25.75522597534577,10.310725470781689,4.953584465107748
cc8a7f0f52562f9c,01_04_15.npy,0,1000,30,9,real_reader_values_nonnegative,float64,0.0,True,0.0,bandpass_fs1000,270000,270000,0,134780,0.4991851851851852,134778,0.4991777777777778,0.4911861932065906,9.500874470575438e-06,269730,134220,0.49760871983094207,135449,0.5021651280910541,61,0.00022615207800392987,4866,0.01804026248470693,132213,0.49016794572350125,269668,134547,0.4989357283771156,269669,134548,0.4989375864485721,-4.408706164563802,-2.6256692081576967,-1.4185161744653563,0.0017037446443576559,1.5874257042709417,2.3704618141349116,4.283451739087562,0.01501228355341781,0.9359375241131289
cc8a7f0f52562f9c,01_04_15.npy,0,1000,30,9,real_reader_values_nonnegative,float64,0.0,True,0.0,bandpass_fs200,270000,270000,0,132833,0.49197407407407406,132829,0.49195925925925926,0.5107468069877155,9.500874470575438e-06,269730,134752,0.4995810625440255,134971,0.5003929855781708,7,2.5951877803729657e-05,44589,0.16530975419864308,110375,0.4092055017980944,269719,132429,0.4909887697937483,269723,132433,0.49099631844521974,-4.912414706212944,-1.986703594538615,-1.16239839944551,0.0117530373685771,1.1289186990892528,1.8598866125591769,4.731470483969282,0.0052369720770363585,0.7152625918917892
cc8a7f0f52562f9c,01_04_15.npy,0,1000,30,9,real_reader_values_nonnegative,float64,0.0,True,0.0,hampel_w5_s3,270000,270000,0,0,0.0,0,0.0,0.0,9.500874470575438e-06,269730,134037,0.49693026359693027,133781,0.4959811663515367,1912,0.007088570051533015,0,0.0,0,0.0,267818,0,0.0,267818,0,0.0,0.0,1.2679302485154966,3.2011708253481603,9.503435872215235,19.61144774001188,21.956505903934765,27.029975250664,10.315150345415368,4.98075798477031
cc8a7f0f52562f9c,01_04_16.npy,0,1000,30,9,real_reader_values_nonnegative,float64,0.0,True,0.0,raw,270000,270000,0,0,0.0,0,0.0,0.0,9.8863227467864e-06,269730,135167,0.5011196381566752,134555,0.4988507025544063,8,2.965928891854818e-05,0,0.0,0,0.0,269722,0,0.0,269722,0,0.0,0.0,0.9294487352503171,2.453238980521101,9.883908837867635,19.642902034899905,22.18724191336077,29.1513978414262,10.470097575647959,5.104649648483855
cc8a7f0f52562f9c,01_04_16.npy,0,1000,30,9,real_reader_values_nonnegative,float64,0.0,True,0.0,wavelet,270000,270000,0,0,0.0,0,0.0,0.0,9.8863227467864e-06,269730,136400,0.5056908760612464,133309,0.49423126830534236,21,7.785563341118897e-05,0,0.0,0,0.0,269709,0,0.0,269709,0,0.0,0.15484538791028413,0.998981881376896,2.4677032413439526,9.872223108176872,19.629842400708622,21.96391753346832,26.610707106479133,10.470179387499668,5.0764845754869645
cc8a7f0f52562f9c,01_04_16.npy,0,1000,30,9,real_reader_values_nonnegative,float64,0.0,True,0.0,butterworth_o5_c0.3,270000,270000,0,0,0.0,0,0.0,0.0,9.8863227467864e-06,269730,135578,0.5026433841248656,134127,0.4972639305972639,25,9.268527787046306e-05,0,0.0,0,0.0,269705,0,0.0,269705,0,0.0,0.15550712397291963,1.001028807904183,2.4643178347049433,9.872343736714797,19.628235923850696,21.960511221561948,26.987141127321628,10.470084913606575,5.077827562123854
cc8a7f0f52562f9c,01_04_16.npy,0,1000,30,9,real_reader_values_nonnegative,float64,0.0,True,0.0,savgol_w7_p3,270000,270000,0,0,0.0,0,0.0,0.0,9.8863227467864e-06,269730,135168,0.50112334556779,134554,0.49884699514329145,8,2.965928891854818e-05,0,0.0,0,0.0,269722,0,0.0,269722,0,0.0,0.12365118743519087,1.0006185948659678,2.4603429643456147,9.87047860206987,19.636407966403638,21.98811303139402,26.917728987058087,10.470098886123996,5.079823939778169
cc8a7f0f52562f9c,01_04_16.npy,0,1000,30,9,real_reader_values_nonnegative,float64,0.0,True,0.0,bandpass_fs1000,270000,270000,0,134861,0.4994851851851852,134858,0.49947407407407407,0.475089493257459,9.8863227467864e-06,269730,133722,0.4957624290957624,135952,0.5040299558818078,56,0.00020761502242983725,4921,0.018244170096021948,132208,0.49014940866792717,269673,134660,0.4993455036284686,269674,134661,0.499347360145954,-6.535307946960693,-2.7648949271655705,-1.6055905770914427,0.0011122199334612976,1.7603756485238644,2.8352655195135767,5.631316333689943,0.03120843241694978,1.0722198158087708
cc8a7f0f52562f9c,01_04_16.npy,0,1000,30,9,real_reader_values_nonnegative,float64,0.0,True,0.0,bandpass_fs200,270000,270000,0,135698,0.5025851851851851,135698,0.5025851851851851,0.49469224831641456,9.8863227467864e-06,269730,134923,0.5002150298446595,134798,0.49975160345530717,9,3.33667000333667e-05,36967,0.1370518666814963,117048,0.4339450561672784,269717,135492,0.5023487581427941,269721,135496,0.5023561383800297,-4.715963671892033,-2.385705038385173,-1.4144345882300828,-0.004860794953198768,1.4225286595580906,2.3646341391314283,5.770728477145419,0.0018758555365564848,0.888600111397767
cc8a7f0f52562f9c,01_04_16.npy,0,1000,30,9,real_reader_values_nonnegative,float64,0.0,True,0.0,hampel_w5_s3,270000,270000,0,0,0.0,0,0.0,0.0,9.8863227467864e-06,269730,134134,0.49728988247506767,133582,0.4952433915396878,2014,0.007466725985244504,0,0.0,0,0.0,267716,0,0.0,267716,0,0.0,0.0,0.9283810808220242,2.449596664203876,9.880312082293337,19.642902034899905,22.171497507075806,29.1513978414262,10.470184824664363,5.102546119395781
cc8a7f0f52562f9c,01_04_17.npy,0,1000,30,9,real_reader_values_nonnegative,float64,0.0,True,0.0,raw,270000,270000,0,0,0.0,0,0.0,0.0,9.85069577712569e-06,269730,134686,0.4993363734104475,135036,0.5006339673006339,8,2.965928891854818e-05,0,0.0,0,0.0,269722,0,0.0,269722,0,0.0,0.0,0.8939386964379243,1.87722179340053,9.84799551311703,19.28246433803538,21.691769344300447,27.6399880303576,10.414148638083647,5.090826152739378
cc8a7f0f52562f9c,01_04_17.npy,0,1000,30,9,real_reader_values_nonnegative,float64,0.0,True,0.0,wavelet,270000,270000,0,0,0.0,0,0.0,0.0,9.85069577712569e-06,269730,134757,0.4995995995995996,134954,0.5003299595892189,19,7.044081118155193e-05,0,0.0,0,0.0,269711,0,0.0,269711,0,0.0,0.13333629351479143,0.9550736162521682,1.9047744948722996,9.840647260505225,19.246699059246737,21.339525820184775,25.63410432159705,10.414043782469756,5.062991283699059
cc8a7f0f52562f9c,01_04_17.npy,0,1000,30,9,real_reader_values_nonnegative,float64,0.0,True,0.0,butterworth_o5_c0.3,270000,270000,0,0,0.0,0,0.0,0.0,9.85069577712569e-06,269730,134680,0.4993141289437586,135035,0.5006302598895191,15,5.5611166722277836e-05,0,0.0,0,0.0,269715,0,0.0,269715,0,0.0,0.1467214071847913,0.9465131569677414,1.9024600523482305,9.839749741415826,19.244803861038587,21.343362229835506,25.81280338215998,10.41396267290171,5.064149312274461
cc8a7f0f52562f9c,01_04_17.npy,0,1000,30,9,real_reader_values_nonnegative,float64,0.0,True,0.0,savgol_w7_p3,270000,270000,0,0,0.0,0,0.0,0.0,9.85069577712569e-06,269730,134959,0.500348496644793,134765,0.49962925888851817,6,2.2244466688911134e-05,0,0.0,0,0.0,269724,0,0.0,269724,0,0.0,0.12264372670044844,0.9457742118218376,1.9046221477845307,9.840672706087553,19.250386162159376,21.373607340096527,26.33056131059507,10.414222819025428,5.066377203335509
cc8a7f0f52562f9c,01_04_17.npy,0,1000,30,9,real_reader_values_nonnegative,float64,0.0,True,0.0,bandpass_fs1000,270000,270000,0,136619,0.5059962962962963,136619,0.5059962962962963,0.5200836694374649,9.85069577712569e-06,269730,135132,0.5009898787676565,134543,0.49880621362102845,55,0.00020390761131501873,4579,0.016976235494754015,134179,0.4974567159752345,269675,136473,0.5060647075183091,269675,136473,0.5060647075183091,-5.797088578226896,-2.603305818002137,-1.5644890570723955,-0.014304119458781354,1.5959149258575065,2.3303256026436925,4.631053543272068,-0.009189641762077183,0.9930240931381931
cc8a7f0f52562f9c,01_04_17.npy,0,1000,30,9,real_reader_values_nonnegative,float64,0.0,True,0.0,bandpass_fs200,270000,270000,0,134089,0.4966259259259259,134088,0.49662222222222224,0.5240645792243892,9.85069577712569e-06,269730,134552,0.4988395803210618,135166,0.5011159307455604,12,4.448893337782227e-05,39761,0.14741037333629925,114061,0.42287101916731545,269716,133850,0.49626273561820583,269718,133852,0.49626647090665066,-5.395018711696063,-2.1702030728804695,-1.239409835971264,0.005298906738413633,1.2300462709643225,1.9305683032210703,4.828462838559369,8.06432530111844e-05,0.7800223246398794
cc8a7f0f52562f9c,01_04_17.npy,0,1000,30,9,real_reader_values_nonnegative,float64,0.0,True,0.0,hampel_w5_s3,270000,270000,0,0,0.0,0,0.0,0.0,9.85069577712569e-06,269730,133636,0.49544359173988806,134127,0.4972639305972639,1967,0.007292477662848033,0,0.0,0,0.0,267763,0,0.0,267763,0,0.0,0.0,0.895836338605019,1.8777227350244,9.84423155853464,19.273204039194532,21.64429207580435,27.4402027237021,10.4116806937309,5.086402686845814
cc8a7f0f52562f9c,01_04_18.npy,0,1000,30,9,real_reader_values_nonnegative,float64,0.0,True,0.0,raw,270000,270000,0,0,0.0,0,0.0,0.0,9.81455063492515e-06,269730,135157,0.501082564045527,134549,0.49882845808771736,24,8.897786675564454e-05,0,0.0,0,0.0,269706,0,0.0,269706,0,0.0,0.0,1.29727995831787,2.37418044606943,9.81363636198668,19.84214762760321,22.570207533267144,28.4747100517854,10.508144233898134,5.123998576690009
cc8a7f0f52562f9c,01_04_18.npy,0,1000,30,9,real_reader_values_nonnegative,float64,0.0,True,0.0,wavelet,270000,270000,0,0,0.0,0,0.0,0.0,9.81455063492515e-06,269730,135018,0.5005672339005672,134701,0.49939198457716977,11,4.0781522263003746e-05,0,0.0,0,0.0,269719,0,0.0,269719,0,0.0,0.20232938086857932,1.3461590454462349,2.3794657107702153,9.808085714682353,19.814730813939395,22.347981654417694,25.986488836569855,10.50793185117475,5.096885442794711
cc8a7f0f52562f9c,01_04_18.npy,0,1000,30,9,real_reader_values_nonnegative,float64,0.0,True,0.0,butterworth_o5_c0.3,270000,270000,0,0,0.0,0,0.0,0.0,9.81455063492515e-06,269730,135298,0.5016053090127164,134422,0.4983576168761354,10,3.7074111148185224e-05,0,0.0,0,0.0,269720,0,0.0,269720,0,0.0,0.157581845961296,1.3474505205320728,2.3773646879518657,9.808106890710668,19.812576065477757,22.3425390355838,25.961439424335477,10.508060307658733,5.097990745397586
cc8a7f0f52562f9c,01_04_18.npy,0,1000,30,9,real_reader_values_nonnegative,float64,0.0,True,0.0,savgol_w7_p3,270000,270000,0,0,0.0,0,0.0,0.0,9.81455063492515e-06,269730,134740,0.4995365736106477,134982,0.5004337671004337,8,2.965928891854818e-05,0,0.0,0,0.0,269722,0,0.0,269722,0,0.0,0.032590426410229675,1.3452327970717008,2.3758304255110505,9.81216550503331,19.818140511009574,22.37966583012449,26.52104706317848,10.508189346417423,5.100016477127496
cc8a7f0f52562f9c,01_04_18.npy,0,1000,30,9,real_reader_values_nonnegative,float64,0.0,True,0.0,bandpass_fs1000,270000,270000,0,140158,0.5191037037037037,140156,0.5190962962962963,0.5548512059554349,9.81455063492515e-06,269730,134525,0.4987394802209617,135147,0.5010454899343788,58,0.0002150298446594743,4887,0.01811811811811812,137555,0.5099729358988618,269671,139911,0.5188210819850855,269672,139912,0.5188228662968347,-4.490241659176588,-2.425513377370362,-1.5703003495914363,-0.04079706087272056,1.3498839176481623,2.1521421986708122,4.807561953019472,-0.04810517748176734,0.9066915790445459
cc8a7f0f52562f9c,01_04_18.npy,0,1000,30,9,real_reader_values_nonnegative,float64,0.0,True,0.0,bandpass_fs200,270000,270000,0,137565,0.5095,137563,0.5094925925925926,0.5140757540825858,9.81455063492515e-06,269730,134925,0.5002224446668891,134793,0.4997330663997331,12,4.448893337782227e-05,43509,0.16130575019463908,115636,0.42871019167315466,269718,137382,0.5093542144017085,269718,137382,0.5093542144017085,-4.42800874547579,-1.9077818399635296,-1.16987651667582,-0.01451695567079911,1.1625592599166843,1.8733173245622328,4.818649997760304,-0.012286366525640663,0.7283574871346499
cc8a7f0f52562f9c,01_04_18.npy,0,1000,30,9,real_reader_values_nonnegative,float64,0.0,True,0.0,hampel_w5_s3,270000,270000,0,0,0.0,0,0.0,0.0,9.81455063492515e-06,269730,134220,0.49760871983094207,133588,0.49526563600637674,1922,0.0071256441626812,0,0.0,0,0.0,267808,0,0.0,267808,0,0.0,0.0,1.2996798630361603,2.373699534048168,9.81185367917839,19.843172352411308,22.540849665116827,28.4747100517854,10.507769871855807,5.1207908686447725
cc8a7f0f52562f9c,01_04_19.npy,0,1000,30,9,real_reader_values_nonnegative,float64,0.0,True,0.0,raw,270000,270000,0,0,0.0,0,0.0,0.0,9.807549066733131e-06,269730,134810,0.499796092388685,134911,0.5001705409112817,9,3.33667000333667e-05,0,0.0,0,0.0,269721,0,0.0,269721,0,0.0,0.0,0.9385987485726798,2.09089505996822,9.80591964773398,19.8417205275591,22.36048203297508,28.4321364321085,10.456580818611107,5.081959354906849
cc8a7f0f52562f9c,01_04_19.npy,0,1000,30,9,real_reader_values_nonnegative,float64,0.0,True,0.0,wavelet,270000,270000,0,0,0.0,0,0.0,0.0,9.807549066733131e-06,269730,134947,0.5003040077114151,134769,0.4996440885329774,14,5.1903755607459314e-05,0,0.0,0,0.0,269716,0,0.0,269716,0,0.0,0.21919736750162283,0.9680416470299447,2.075370953210501,9.79168763700843,19.841491934697004,22.05917848943514,26.622503165178017,10.45665449891903,5.054706154822356
cc8a7f0f52562f9c,01_04_19.npy,0,1000,30,9,real_reader_values_nonnegative,float64,0.0,True,0.0,butterworth_o5_c0.3,270000,270000,0,0,0.0,0,0.0,0.0,9.807549066733131e-06,269730,134835,0.49988877766655543,134881,0.5000593185778371,14,5.1903755607459314e-05,0,0.0,0,0.0,269716,0,0.0,269716,0,0.0,0.19658787569170072,0.9683365791412141,2.0780283943541193,9.792086524481617,19.841294399459546,22.067940919309027,26.35405113197503,10.456597644346706,5.055802398556209
cc8a7f0f52562f9c,01_04_19.npy,0,1000,30,9,real_reader_values_nonnegative,float64,0.0,True,0.0,savgol_w7_p3,270000,270000,0,0,0.0,0,0.0,0.0,9.807549066733131e-06,269730,134877,0.5000444889333778,134839,0.49990360731101474,14,5.1903755607459314e-05,0,0.0,0,0.0,269716,0,0.0,269716,0,0.0,0.16236865202173364,0.9655892685735741,2.078359090421762,9.792009457375348,19.84245247945498,22.101297342560585,26.42425057263155,10.456562435500361,5.057640565579795
cc8a7f0f52562f9c,01_04_19.npy,0,1000,30,9,real_reader_values_nonnegative,float64,0.0,True,0.0,bandpass_fs1000,270000,270000,0,115185,0.4266111111111111,115185,0.4266111111111111,0.5115563588941329,9.807549066733131e-06,269730,133878,0.4963407852296741,135791,0.5034330626923219,61,0.00022615207800392987,4665,0.017295072850628406,112701,0.4178289400511623,269668,114994,0.42642805227168223,269669,114995,0.4264301792197101,-5.553869679362729,-2.6141706901939776,-1.5591939350299846,0.14236429039011575,1.4773933962960215,2.2307945493053274,4.5879731971834,0.06749950206342334,0.9385973645611293
cc8a7f0f52562f9c,01_04_19.npy,0,1000,30,9,real_reader_values_nonnegative,float64,0.0,True,0.0,bandpass_fs200,270000,270000,0,130619,0.4837740740740741,130616,0.48376296296296295,0.5173657931795099,9.807549066733131e-06,269730,135400,0.5019834649464279,134327,0.49800541282022764,3,1.1122233344455567e-05,45149,0.16738590442294146,107868,0.39991102213324436,269725,130309,0.4831179905459264,269727,130311,0.4831218231767676,-5.071329817226051,-1.9555095421813324,-1.1484546080490063,0.023056304167601047,1.1342810465092008,1.8251418822055836,4.818539277688753,0.007289571984372527,0.7128449057695818
cc8a7f0f52562f9c,01_04_19.npy,0,1000,30,9,real_reader_values_nonnegative,float64,0.0,True,0.0,hampel_w5_s3,270000,270000,0,0,0.0,0,0.0,0.0,9.807549066733131e-06,269730,133842,0.49620731842954063,133919,0.4964927890853817,1969,0.00729989248507767,0,0.0,0,0.0,267761,0,0.0,267761,0,0.0,0.0,0.9624299078588806,2.0886221697440672,9.79863532599216,19.832676160209207,22.291354228133166,27.5934728470504,10.451465607449776,5.074484480600595
cc8a7f0f52562f9c,01_04_20.npy,0,1000,30,9,real_reader_values_nonnegative,float64,0.0,True,0.0,raw,270000,270000,0,0,0.0,0,0.0,0.0,9.50745915709833e-06,269730,135049,0.5006821636451266,134672,0.49928446965484,9,3.33667000333667e-05,0,0.0,0,0.0,269721,0,0.0,269721,0,0.0,0.0,0.915726701056235,2.16384348818066,9.50420327539583,19.576994456469375,22.436084235514997,28.1528283864486,10.262609706911912,5.158741183560139
cc8a7f0f52562f9c,01_04_20.npy,0,1000,30,9,real_reader_values_nonnegative,float64,0.0,True,0.0,wavelet,270000,270000,0,1,3.7037037037037037e-06,1,3.7037037037037037e-06,1.1226009171051266e-10,9.50745915709833e-06,269730,134950,0.5003151299447596,134764,0.49962555147740334,16,5.931857783709636e-05,2,7.414822229637045e-06,0,0.0,269714,0,0.0,269714,0,0.0,-0.06317013949753027,0.9698013439036477,2.1422284033471657,9.50584072922868,19.587669005668715,22.275606411580394,25.83431254130751,10.262599946814852,5.13158656548709
cc8a7f0f52562f9c,01_04_20.npy,0,1000,30,9,real_reader_values_nonnegative,float64,0.0,True,0.0,butterworth_o5_c0.3,270000,270000,0,0,0.0,0,0.0,0.0,9.50745915709833e-06,269730,134762,0.4996181366551737,134954,0.5003299595892189,14,5.1903755607459314e-05,0,0.0,0,0.0,269716,0,0.0,269716,0,0.0,0.0436476148658245,0.9618298845029148,2.144200557619845,9.505115902761503,19.58603710552681,22.27644209615698,25.8996965011604,10.262725459104919,5.132876697630114
cc8a7f0f52562f9c,01_04_20.npy,0,1000,30,9,real_reader_values_nonnegative,float64,0.0,True,0.0,savgol_w7_p3,270000,270000,0,2,7.4074074074074075e-06,2,7.4074074074074075e-06,3.366315988618828e-10,9.50745915709833e-06,269730,135000,0.5005005005005005,134719,0.4994587179772365,11,4.0781522263003746e-05,2,7.414822229637045e-06,1,3.7074111148185224e-06,269719,1,3.707562314853607e-06,269719,1,3.707562314853607e-06,-0.10509207576003884,0.9534791543195266,2.1414560491535672,9.50669845485438,19.591689004436077,22.29232246945305,26.498507135755993,10.262591756062093,5.13470550601537
cc8a7f0f52562f9c,01_04_20.npy,0,1000,30,9,real_reader_values_nonnegative,float64,0.0,True,0.0,bandpass_fs1000,270000,270000,0,122362,0.4531925925925926,122360,0.4531851851851852,0.4995888777901404,9.50745915709833e-06,269730,133151,0.49364549734920105,136539,0.5062062062062062,40,0.0001482964445927409,4888,0.018121825529232936,119751,0.44396618841063284,269689,122196,0.4530996814849697,269690,122197,0.4531017093700174,-4.467370930745455,-2.4937878854908506,-1.5781338460302146,0.09133177218254483,1.4935082038412895,2.0759644842828298,4.289527497716738,0.05575229213407442,0.9210373144367738
cc8a7f0f52562f9c,01_04_20.npy,0,1000,30,9,real_reader_values_nonnegative,float64,0.0,True,0.0,bandpass_fs200,270000,270000,0,136698,0.5062888888888889,136697,0.5062851851851852,0.4903724810488448,9.50745915709833e-06,269730,134908,0.5001594186779372,134816,0.4998183368553739,6,2.2244466688911134e-05,40811,0.1513031550068587,116154,0.4306306306306306,269721,136434,0.5058338060440233,269724,136437,0.5058393023980069,-4.000785023665262,-1.9191643716278626,-1.1821330805044707,-0.009475717310094292,1.2046076144409639,1.9401897130645047,4.457157502562848,0.0007295507343582072,0.73773273284665
cc8a7f0f52562f9c,01_04_20.npy,0,1000,30,9,real_reader_values_nonnegative,float64,0.0,True,0.0,hampel_w5_s3,270000,270000,0,0,0.0,0,0.0,0.0,9.50745915709833e-06,269730,134228,0.4976383791198606,133547,0.49511363215066917,1955,0.007247988729470211,0,0.0,0,0.0,267775,0,0.0,267775,0,0.0,0.0,0.929103472836722,2.16551477076052,9.503833533912253,19.573872745053638,22.40729313188094,27.9961341309996,10.2621074258529,5.1552073322471745
cc8a7f0f52562f9c,01_05_01.npy,0,1000,30,9,real_reader_values_nonnegative,float64,0.0,True,0.0,raw,270000,270000,0,0,0.0,0,0.0,0.0,9.12029836496325e-06,269730,135198,0.5012345679012346,134526,0.49874318763207653,6,2.2244466688911134e-05,0,0.0,0,0.0,269724,0,0.0,269724,0,0.0,0.0,1.302153638452018,2.54835540820475,9.119546053649984,18.57922326800312,20.597268295473516,26.692920729346,9.903181018122664,5.157910692502003
cc8a7f0f52562f9c,01_05_01.npy,0,1000,30,9,real_reader_values_nonnegative,float64,0.0,True,0.0,wavelet,270000,270000,0,0,0.0,0,0.0,0.0,9.12029836496325e-06,269730,135089,0.5008304600897193,134626,0.49911392874355837,15,5.5611166722277836e-05,0,0.0,0,0.0,269715,0,0.0,269715,0,0.0,0.27032601469133904,1.315800330371159,2.559423048512553,9.138594870888394,18.428844511147233,20.331331762241515,25.89965208661978,9.90299382773977,5.131090859452681
cc8a7f0f52562f9c,01_05_01.npy,0,1000,30,9,real_reader_values_nonnegative,float64,0.0,True,0.0,butterworth_o5_c0.3,270000,270000,0,0,0.0,0,0.0,0.0,9.12029836496325e-06,269730,134814,0.49981092203314426,134904,0.5001445890334779,12,4.448893337782227e-05,0,0.0,0,0.0,269718,0,0.0,269718,0,0.0,0.2809484027572584,1.303650882228774,2.5576176016606444,9.138168615265407,18.43111522409573,20.336521677573632,25.725001820658033,9.902913016250107,5.132131914560454
cc8a7f0f52562f9c,01_05_01.npy,0,1000,30,9,real_reader_values_nonnegative,float64,0.0,True,0.0,savgol_w7_p3,270000,270000,0,0,0.0,0,0.0,0.0,9.12029836496325e-06,269730,135037,0.5006376747117488,134688,0.4993437882326771,5,1.8537055574092612e-05,0,0.0,0,0.0,269725,0,0.0,269725,0,0.0,0.16109141624209816,1.3049362803512052,2.5571957634440188,9.136676616402912,18.44294790250388,20.34541988959758,25.891454950212044,9.903269075585753,5.134193479587829
cc8a7f0f52562f9c,01_05_01.npy,0,1000,30,9,real_reader_values_nonnegative,float64,0.0,True,0.0,bandpass_fs1000,270000,270000,0,133367,0.49395185185185186,133367,0.49395185185185186,0.5541392827403107,9.12029836496325e-06,269730,134622,0.4990990990990991,135069,0.500756311867423,39,0.00014458903347792237,4506,0.01670559448337226,130995,0.4856523189856523,269689,133137,0.4936686331292711,269691,133139,0.4936723880292631,-7.533946630767154,-4.5775311252041195,-2.918871495247264,0.01959287547426026,2.5031176334712497,3.9180797558503326,7.919117817142039,-0.03510939963804035,1.616202763988004
cc8a7f0f52562f9c,01_05_01.npy,0,1000,30,9,real_reader_values_nonnegative,float64,0.0,True,0.0,bandpass_fs200,270000,270000,0,132654,0.4913111111111111,132654,0.4913111111111111,0.5233251494500649,9.12029836496325e-06,269730,135133,0.5009935861787713,134589,0.4989767545323101,8,2.965928891854818e-05,30302,0.11234197160123086,117363,0.4351128906684462,269719,132378,0.49079968411569075,269722,132381,0.49080534772840184,-5.931013238483514,-2.8109225802265163,-1.7631156754365505,0.01910795201848422,1.6408050637827354,2.539032060344823,5.945223425667415,-0.0011940052876693698,1.0304092164495717
cc8a7f0f52562f9c,01_05_01.npy,0,1000,30,9,real_reader_values_nonnegative,float64,0.0,True,0.0,hampel_w5_s3,270000,270000,0,0,0.0,0,0.0,0.0,9.12029836496325e-06,269730,134371,0.49816853890927965,133674,0.49558447336225114,1685,0.00624698772846921,0,0.0,0,0.0,268045,0,0.0,268045,0,0.0,0.0,1.302153638452018,2.5492757186946786,9.120572492197125,18.565491820294135,20.56514984656892,26.5435530038079,9.903514473905553,5.155676087312887
cc8a7f0f52562f9c,01_05_02.npy,0,1000,30,9,real_reader_values_nonnegative,float64,0.0,True,0.0,raw,270000,270000,0,0,0.0,0,0.0,0.0,9.240378227339659e-06,269730,135312,0.5016572127683239,134398,0.49826863900937973,20,7.414822229637045e-05,0,0.0,0,0.0,269710,0,0.0,269710,0,0.0,0.0,1.0580726380088736,2.3209960992469867,9.23573896735951,18.74451384945387,20.757754675216958,27.9186746747553,9.916172650973296,5.369858539691219
cc8a7f0f52562f9c,01_05_02.npy,0,1000,30,9,real_reader_values_nonnegative,float64,0.0,True,0.0,wavelet,270000,270000,0,1,3.7037037037037037e-06,1,3.7037037037037037e-06,3.9897768536343586e-14,9.240378227339659e-06,269730,135001,0.5005042079116153,134717,0.49945130315500685,12,4.448893337782227e-05,2,7.414822229637045e-06,0,0.0,269718,0,0.0,269718,0,0.0,-0.0011690559044358964,1.0826613493592667,2.330951653480337,9.23845602439738,18.563282802363183,20.45934718007711,26.093626504022577,9.916267918640685,5.342041851220868
cc8a7f0f52562f9c,01_05_02.npy,0,1000,30,9,real_reader_values_nonnegative,float64,0.0,True,0.0,butterworth_o5_c0.3,270000,270000,0,0,0.0,0,0.0,0.0,9.240378227339659e-06,269730,135151,0.5010603195788381,134560,0.49886923960998036,19,7.044081118155193e-05,0,0.0,0,0.0,269711,0,0.0,269711,0,0.0,0.027709924910444297,1.0799209376231258,2.331022502982336,9.236722136955185,18.571847414984685,20.468041082179965,26.470005325518883,9.916106898815391,5.343175386841904
cc8a7f0f52562f9c,01_05_02.npy,0,1000,30,9,real_reader_values_nonnegative,float64,0.0,True,0.0,savgol_w7_p3,270000,270000,0,0,0.0,0,0.0,0.0,9.240378227339659e-06,269730,135321,0.5016905794683573,134399,0.49827234642049456,10,3.7074111148185224e-05,0,0.0,0,0.0,269720,0,0.0,269720,0,0.0,0.06605529735567338,1.0804577376545177,2.325844191327478,9.237856048694061,18.589377495560438,20.49587075729735,26.41523316224619,9.916092586658525,5.345172873403873
cc8a7f0f52562f9c,01_05_02.npy,0,1000,30,9,real_reader_values_nonnegative,float64,0.0,True,0.0,bandpass_fs1000,270000,270000,0,117848,0.43647407407407407,117847,0.4364703703703704,0.48576376777237534,9.240378227339659e-06,269730,134980,0.5004263522782041,134719,0.4994587179772365,31,0.0001149297445593742,5632,0.020880139398657918,114861,0.4258369480591703,269699,117687,0.4363642431006418,269699,117687,0.4363642431006418,-10.343146453936313,-5.145395432254894,-2.715722148514241,0.17788983758211407,2.7884762254554176,4.892075859659836,9.936430172978813,0.10860284939151207,1.7368577328767227
cc8a7f0f52562f9c,01_05_02.npy,0,1000,30,9,real_reader_values_nonnegative,float64,0.0,True,0.0,bandpass_fs200,270000,270000,0,131045,0.48535185185185187,131041,0.485337037037037,0.5268725992099164,9.240378227339659e-06,269730,134859,0.4999777555333111,134862,0.49998887776665557,9,3.33667000333667e-05,31032,0.11504838171504839,115386,0.42778333889445,269720,130586,0.48415393741658014,269721,130587,0.4841558499338205,-6.133721753840017,-2.914245747412554,-1.7586306492927266,0.03287733517718305,1.6608211664531594,2.5299019998676053,5.512756920700829,0.004079089295209384,1.0488733877149181
cc8a7f0f52562f9c,01_05_02.npy,0,1000,30,9,real_reader_values_nonnegative,float64,0.0,True,0.0,hampel_w5_s3,270000,270000,0,0,0.0,0,0.0,0.0,9.240378227339659e-06,269730,134450,0.4984614243873503,133580,0.4952359767174582,1700,0.006302598895191488,0,0.0,0,0.0,268030,0,0.0,268030,0,0.0,0.0,1.05817158522658,2.3271381162789027,9.238924342367056,18.732672828036932,20.733478034215842,27.9186746747553,9.918312008296306,5.3700500314048485
cc8a7f0f52562f9c,01_05_03.npy,0,1000,30,9,real_reader_values_nonnegative,float64,0.0,True,0.0,raw,270000,270000,0,0,0.0,0,0.0,0.0,9.44348678813054e-06,269730,134854,0.499959218477737,134868,0.5000111222333444,8,2.965928891854818e-05,0,0.0,0,0.0,269722,0,0.0,269722,0,0.0,0.0,1.5880464460468124,3.24829453722359,9.44233011475326,18.687873648991747,21.06000600919511,27.435767425417,10.292001447140425,4.946150653314786
cc8a7f0f52562f9c,01_05_03.npy,0,1000,30,9,real_reader_values_nonnegative,float64,0.0,True,0.0,wavelet,270000,270000,0,0,0.0,0,0.0,0.0,9.44348678813054e-06,269730,134466,0.4985207429651874,135248,0.5014199384569755,16,5.931857783709636e-05,0,0.0,0,0.0,269714,0,0.0,269714,0,0.0,0.11814063886437463,1.629417025896728,3.2783501075680883,9.422583355363331,18.5117748044976,20.813475116806615,26.26190246992294,10.291797557735315,4.916311890117652
cc8a7f0f52562f9c,01_05_03.npy,0,1000,30,9,real_reader_values_nonnegative,float64,0.0,True,0.0,butterworth_o5_c0.3,270000,270000,0,0,0.0,0,0.0,0.0,9.44348678813054e-06,269730,134380,0.498201905609313,135341,0.5017647276906536,9,3.33667000333667e-05,0,0.0,0,0.0,269721,0,0.0,269721,0,0.0,0.15240734175987372,1.6283435999900315,3.2739380340252677,9.42409943228256,18.519424959803356,20.837324260549014,26.16159656615004,10.29192034369771,4.9175603065884115
cc8a7f0f52562f9c,01_05_03.npy,0,1000,30,9,real_reader_values_nonnegative,float64,0.0,True,0.0,savgol_w7_p3,270000,270000,0,0,0.0,0,0.0,0.0,9.44348678813054e-06,269730,134214,0.49758647536425316,135508,0.5023838653468283,8,2.965928891854818e-05,0,0.0,0,0.0,269722,0,0.0,269722,0,0.0,0.09219667000734225,1.622088763581409,3.2699000178634026,9.427185481151069,18.539470747550258,20.855233597168258,26.41117389671684,10.292002722728974,4.919741634789276
cc8a7f0f52562f9c,01_05_03.npy,0,1000,30,9,real_reader_values_nonnegative,float64,0.0,True,0.0,bandpass_fs1000,270000,270000,0,143271,0.5306333333333333,143270,0.5306296296296297,0.6325436452844055,9.44348678813054e-06,269730,134762,0.4996181366551737,134945,0.5002965928891855,23,8.527045564082602e-05,5769,0.021388054721388054,140242,0.5199347495643792,269705,143145,0.5307465564227583,269707,143147,0.5307500361503409,-8.563647747738816,-4.92695007975726,-3.0484484267692697,-0.09134344836489405,2.363501426264469,3.667797626042115,5.904805141062665,-0.17430928286718184,1.590841107491086
cc8a7f0f52562f9c,01_05_03.npy,0,1000,30,9,real_reader_values_nonnegative,float64,0.0,True,0.0,bandpass_fs200,270000,270000,0,137001,0.5074111111111111,137000,0.5074074074074074,0.546530631569946,9.44348678813054e-06,269730,135158,0.5010862714566419,134565,0.49888777666555445,7,2.5951877803729657e-05,28324,0.10500871241611982,122670,0.45478812145478814,269721,136886,0.5075096117840286,269723,136888,0.5075132636074788,-6.909736070250563,-3.3080170353789358,-1.9393049723540081,-0.018832701739510696,1.839726661013257,2.760381489627777,5.335462778044205,-0.030618767487696007,1.1628621786674664
cc8a7f0f52562f9c,01_05_03.npy,0,1000,30,9,real_reader_values_nonnegative,float64,0.0,True,0.0,hampel_w5_s3,270000,270000,0,0,0.0,0,0.0,0.0,9.44348678813054e-06,269730,134197,0.49752344937530124,133956,0.49662996329662995,1577,0.005846587328068809,0,0.0,0,0.0,268153,0,0.0,268153,0,0.0,0.0,1.5960741851679272,3.2508347482623408,9.442311788218738,18.681733634379047,21.03139459937967,26.8348162972976,10.295116507408258,4.945437883951228
cc8a7f0f52562f9c,01_05_04.npy,0,1000,30,9,real_reader_values_nonnegative,float64,0.0,True,0.0,raw,270000,270000,0,0,0.0,0,0.0,0.0,9.464813170957124e-06,269730,134870,0.5000185370555741,134842,0.49991472954435917,18,6.67334000667334e-05,0,0.0,0,0.0,269712,0,0.0,269712,0,0.0,0.0,1.10430580563993,2.61357689111908,9.463120959459804,18.70994601011179,21.155394256269496,26.8282195513018,10.170813698952228,5.106940039883304
cc8a7f0f52562f9c,01_05_04.npy,0,1000,30,9,real_reader_values_nonnegative,float64,0.0,True,0.0,wavelet,270000,270000,0,0,0.0,0,0.0,0.0,9.464813170957124e-06,269730,135984,0.5041485930374819,133734,0.49580691802914023,12,4.448893337782227e-05,0,0.0,0,0.0,269718,0,0.0,269718,0,0.0,0.13510806802336006,1.1689452975761392,2.639097270072702,9.457363370159277,18.567024026776334,20.949829470256695,25.466573041158803,10.170908092253065,5.078818828238356
cc8a7f0f52562f9c,01_05_04.npy,0,1000,30,9,real_reader_values_nonnegative,float64,0.0,True,0.0,butterworth_o5_c0.3,270000,270000,0,0,0.0,0,0.0,0.0,9.464813170957124e-06,269730,135419,0.5020539057576094,134297,0.4978941904867831,14,5.1903755607459314e-05,0,0.0,0,0.0,269716,0,0.0,269716,0,0.0,0.03369522304733252,1.1688413556756516,2.6369071235354427,9.460540180376107,18.567467958772507,20.963561006616,25.633115890214114,10.170942756483385,5.080012746604477
cc8a7f0f52562f9c,01_05_04.npy,0,1000,30,9,real_reader_values_nonnegative,float64,0.0,True,0.0,savgol_w7_p3,270000,270000,0,1,3.7037037037037037e-06,1,3.7037037037037037e-06,8.155780073415731e-12,9.464813170957124e-06,269730,135398,0.5019760501241983,134326,0.4980017054091128,6,2.2244466688911134e-05,2,7.414822229637045e-06,0,0.0,269724,0,0.0,269724,0,0.0,-0.016871937558375266,1.1648274597610409,2.631571931503043,9.458573683226238,18.583808573357867,20.972196562081816,25.756479110003347,10.170768449329811,5.081961459237314
cc8a7f0f52562f9c,01_05_04.npy,0,1000,30,9,real_reader_values_nonnegative,float64,0.0,True,0.0,bandpass_fs1000,270000,270000,0,126262,0.467637037037037,126261,0.46763333333333335,0.4705869448500893,9.464813170957124e-06,269730,133029,0.4931931931931932,136670,0.5066918770622474,31,0.0001149297445593742,5430,0.020131242353464574,123355,0.4573276980684388,269699,126047,0.4673617625575178,269699,126047,0.4673617625575178,-7.485530711678771,-4.31146940909309,-2.783366488719005,0.10384819427157567,2.6163595550767424,4.939201170120576,8.151405861943676,0.06716950872786855,1.6541284219149461
cc8a7f0f52562f9c,01_05_04.npy,0,1000,30,9,real_reader_values_nonnegative,float64,0.0,True,0.0,bandpass_fs200,270000,270000,0,134780,0.4991851851851852,134777,0.49917407407407405,0.5064477207350565,9.464813170957124e-06,269730,135003,0.500511622733845,134724,0.4994772550328106,3,1.1122233344455567e-05,30530,0.11318726133540949,119371,0.4425573721870018,269727,134469,0.49853741004793733,269727,134469,0.49853741004793733,-6.6811290415734215,-2.723427699507812,-1.7601653095786547,0.0017363669849113292,1.7521659636035025,2.7981732926210867,5.3417686457881555,-0.002272165138414268,1.079848932106862
cc8a7f0f52562f9c,01_05_04.npy,0,1000,30,9,real_reader_values_nonnegative,float64,0.0,True,0.0,hampel_w5_s3,270000,270000,0,0,0.0,0,0.0,0.0,9.464813170957124e-06,269730,133973,0.49669298928558187,134162,0.4973936899862826,1595,0.005913320728135543,0,0.0,0,0.0,268135,0,0.0,268135,0,0.0,0.0,1.1058294836468532,2.611806879361327,9.46288877430512,18.68806381082792,21.134696187855106,26.8282195513018,10.169255218167672,5.103025957793465
cc8a7f0f52562f9c,01_05_05.npy,0,1000,30,9,real_reader_values_nonnegative,float64,0.0,True,0.0,raw,270000,270000,0,0,0.0,0,0.0,0.0,9.6011476796498e-06,269730,134614,0.49906943981018054,135090,0.5008341675008342,26,9.639268898528158e-05,0,0.0,0,0.0,269704,0,0.0,269704,0,0.0,0.0,1.058958852745306,2.8016350433221167,9.59849625179303,18.730373558700443,20.908499525293344,27.7905049922992,10.235460042570484,5.127067272068067
cc8a7f0f52562f9c,01_05_05.npy,0,1000,30,9,real_reader_values_nonnegative,float64,0.0,True,0.0,wavelet,270000,270000,0,0,0.0,0,0.0,0.0,9.6011476796498e-06,269730,135133,0.5009935861787713,134584,0.498958217476736,13,4.819634449264079e-05,0,0.0,0,0.0,269717,0,0.0,269717,0,0.0,0.1249228844854839,1.1280393512969917,2.811982496814283,9.597037496333833,18.554613398561443,20.66841561856842,26.619221261394145,10.235248417290794,5.098214826046392
cc8a7f0f52562f9c,01_05_05.npy,0,1000,30,9,real_reader_values_nonnegative,float64,0.0,True,0.0,butterworth_o5_c0.3,270000,270000,0,0,0.0,0,0.0,0.0,9.6011476796498e-06,269730,134984,0.5004411819226634,134734,0.49951432914395877,12,4.448893337782227e-05,0,0.0,0,0.0,269718,0,0.0,269718,0,0.0,0.0011517090010800621,1.1266679984414152,2.8109929497687793,9.593579203400186,18.563779740459683,20.690474740275373,26.597478320835712,10.235344411193804,5.099474783756385
cc8a7f0f52562f9c,01_05_05.npy,0,1000,30,9,real_reader_values_nonnegative,float64,0.0,True,0.0,savgol_w7_p3,270000,270000,0,1,3.7037037037037037e-06,1,3.7037037037037037e-06,3.537010073599132e-11,9.6011476796498e-06,269730,134834,0.4998850702554406,134887,0.500081563044526,9,3.33667000333667e-05,2,7.414822229637045e-06,0,0.0,269721,0,0.0,269721,0,0.0,-0.03534192139313935,1.1274985465862606,2.805426643980774,9.59086485845701,18.57554938098463,20.710656219258567,26.661705211696443,10.23546269725643,5.101668721726775
cc8a7f0f52562f9c,01_05_05.npy,0,1000,30,9,real_reader_values_nonnegative,float64,0.0,True,0.0,bandpass_fs1000,270000,270000,0,133310,0.49374074074074076,133309,0.49373703703703703,0.44695266758206764,9.6011476796498e-06,269730,133709,0.4957142327512698,135984,0.5041485930374819,37,0.00013717421124828533,4881,0.018095873651429208,130758,0.48477366255144033,269693,133260,0.49411738532331206,269693,133260,0.49411738532331206,-7.674194045018185,-4.586677489580249,-2.687191606951112,0.018964921519535383,2.8594899398354947,5.433244029470054,8.61887004821842,0.05361443614865726,1.7149597680003545
cc8a7f0f52562f9c,01_05_05.npy,0,1000,30,9,real_reader_values_nonnegative,float64,0.0,True,0.0,bandpass_fs200,270000,270000,0,132812,0.4918962962962963,132811,0.4918925925925926,0.46688916901824706,9.6011476796498e-06,269730,134947,0.5003040077114151,134779,0.4996811626441256,4,1.482964445927409e-05,31471,0.11667593519445371,116919,0.4334668001334668,269725,132606,0.4916340717397349,269726,132607,0.4916359564891779,-5.7708521284361085,-3.104302766921425,-1.9279928112123406,0.0181461131632999,2.0476979228110546,3.387019388255232,6.836048471693349,0.0320763844823141,1.1932915657073522
cc8a7f0f52562f9c,01_05_05.npy,0,1000,30,9,real_reader_values_nonnegative,float64,0.0,True,0.0,hampel_w5_s3,270000,270000,0,0,0.0,0,0.0,0.0,9.6011476796498e-06,269730,133674,0.49558447336225114,134265,0.4977755533311089,1791,0.006639973306639973,0,0.0,0,0.0,267939,0,0.0,267939,0,0.0,0.0,1.05946203663447,2.8025949865127457,9.60105005374246,18.72056006241012,20.862088923647804,27.7905049922992,10.238729312703498,5.126198479099642
cc8a7f0f52562f9c,01_05_06.npy,0,1000,30,9,real_reader_values_nonnegative,float64,0.0,True,0.0,raw,270000,270000,0,0,0.0,0,0.0,0.0,9.374035796987836e-06,269730,134903,0.5001408816223631,134813,0.4998072146220294,14,5.1903755607459314e-05,0,0.0,0,0.0,269716,0,0.0,269716,0,0.0,0.0,1.0051677489790702,2.21985588225563,9.37174762908949,18.626461590671532,20.92057768105691,27.7241956322202,10.112715469277257,5.175402802219928
cc8a7f0f52562f9c,01_05_06.npy,0,1000,30,9,real_reader_values_nonnegative,float64,0.0,True,0.0,wavelet,270000,270000,0,0,0.0,0,0.0,0.0,9.374035796987836e-06,269730,135052,0.5006932858784711,134664,0.49925481036592145,14,5.1903755607459314e-05,0,0.0,0,0.0,269716,0,0.0,269716,0,0.0,0.16552989359654893,1.071080440989689,2.206638992880616,9.351703060120585,18.426511319516997,20.68496382202803,25.717322811617773,10.112649943039495,5.146239425702317
cc8a7f0f52562f9c,01_05_06.npy,0,1000,30,9,real_reader_values_nonnegative,float64,0.0,True,0.0,butterworth_o5_c0.3,270000,270000,0,0,0.0,0,0.0,0.0,9.374035796987836e-06,269730,134980,0.5004263522782041,134735,0.4995180365550736,15,5.5611166722277836e-05,0,0.0,0,0.0,269715,0,0.0,269715,0,0.0,0.16365367564676023,1.0686584702357809,2.209507166226801,9.352448534138688,18.439307255907256,20.700110433840916,25.71750126707248,10.112517978099095,5.147457858848799
cc8a7f0f52562f9c,01_05_06.npy,0,1000,30,9,real_reader_values_nonnegative,float64,0.0,True,0.0,savgol_w7_p3,270000,270000,0,0,0.0,0,0.0,0.0,9.374035796987836e-06,269730,134755,0.49959218477736994,134960,0.5003522040559077,15,5.5611166722277836e-05,0,0.0,0,0.0,269715,0,0.0,269715,0,0.0,0.16157802247080907,1.065353005850985,2.2084655640395057,9.354660355072077,18.461455555584617,20.695179192674527,25.96727725427248,10.112775960631765,5.149731407089478
cc8a7f0f52562f9c,01_05_06.npy,0,1000,30,9,real_reader_values_nonnegative,float64,0.0,True,0.0,bandpass_fs1000,270000,270000,0,146474,0.5424962962962963,146473,0.5424925925925926,0.3988978165643483,9.374035796987836e-06,269730,134585,0.4989619248878508,135113,0.500919437956475,32,0.00011863715567419272,4110,0.015237459681904127,144323,0.5350646943239535,269698,146387,0.5427811848808668,269698,146387,0.5427811848808668,-7.432950767072004,-4.345602047241966,-2.601363092292515,-0.13535471653564135,3.4422685862740265,5.996610127287513,9.326603581670826,0.0347112061731629,1.8126237784108978
cc8a7f0f52562f9c,01_05_06.npy,0,1000,30,9,real_reader_values_nonnegative,float64,0.0,True,0.0,bandpass_fs200,270000,270000,0,135975,0.5036111111111111,135972,0.5036,0.43754647869109176,9.374035796987836e-06,269730,134966,0.5003744485225967,134757,0.4995995995995996,7,2.5951877803729657e-05,32399,0.1201164127090053,119633,0.44352871389908427,269720,135651,0.502932670917989,269723,135654,0.5029381995602896,-6.36788757746141,-2.628746821700101,-1.5224168007454506,-0.007614375892463145,1.7077627222885525,3.2535767027148355,6.949421396403717,0.030978828693968515,1.0529976573447926
cc8a7f0f52562f9c,01_05_06.npy,0,1000,30,9,real_reader_values_nonnegative,float64,0.0,True,0.0,hampel_w5_s3,270000,270000,0,0,0.0,0,0.0,0.0,9.374035796987836e-06,269730,133998,0.49678567456345235,133881,0.49635190746301855,1851,0.006862417973529085,0,0.0,0,0.0,267879,0,0.0,267879,0,0.0,0.0,1.0147040030710102,2.22360118651668,9.371122866299524,18.611545036269984,20.898490871340403,27.0077583824809,10.115133079895601,5.174325105048153
cc8a7f0f52562f9c,01_05_07.npy,0,1000,30,9,real_reader_values_nonnegative,float64,0.0,True,0.0,raw,270000,270000,0,0,0.0,0,0.0,0.0,9.12610546331278e-06,269730,135044,0.5006636265895525,134675,0.49929559188818445,11,4.0781522263003746e-05,0,0.0,0,0.0,269719,0,0.0,269719,0,0.0,0.0,1.1416059222689445,2.4470176270705393,9.1246729529847,18.525107297775318,20.835961734759973,27.814667205929,9.879212601992876,5.068869150184135
cc8a7f0f52562f9c,01_05_07.npy,0,1000,30,9,real_reader_values_nonnegative,float64,0.0,True,0.0,wavelet,270000,270000,0,0,0.0,0,0.0,0.0,9.12610546331278e-06,269730,135103,0.5008823638453268,134620,0.49909168427686945,7,2.5951877803729657e-05,0,0.0,0,0.0,269723,0,0.0,269723,0,0.0,0.14862136415908342,1.1961643698143076,2.4561497741153113,9.130699742068158,18.34656856928649,20.579084235181963,26.130884043461283,9.879326420683123,5.040820228801253
cc8a7f0f52562f9c,01_05_07.npy,0,1000,30,9,real_reader_values_nonnegative,float64,0.0,True,0.0,butterworth_o5_c0.3,270000,270000,0,0,0.0,0,0.0,0.0,9.12610546331278e-06,269730,135511,0.5023949875801728,134208,0.49756423089756424,11,4.0781522263003746e-05,0,0.0,0,0.0,269719,0,0.0,269719,0,0.0,0.12210225867323961,1.1952615758087373,2.4526712456175077,9.13016734462487,18.358716750632723,20.597705343037607,26.56689236082867,9.879360952646344,5.042268773537139
cc8a7f0f52562f9c,01_05_07.npy,0,1000,30,9,real_reader_values_nonnegative,float64,0.0,True,0.0,savgol_w7_p3,270000,270000,0,0,0.0,0,0.0,0.0,9.12610546331278e-06,269730,135420,0.5020576131687243,134300,0.49790531272012756,10,3.7074111148185224e-05,0,0.0,0,0.0,269720,0,0.0,269720,0,0.0,0.0904487369252468,1.1875541701854762,2.453239303866372,9.129396209981042,18.374428780823052,20.625088524954187,26.807011963767074,9.879178154010281,5.044058224199138
cc8a7f0f52562f9c,01_05_07.npy,0,1000,30,9,real_reader_values_nonnegative,float64,0.0,True,0.0,bandpass_fs1000,270000,270000,0,127757,0.4731740740740741,127756,0.47317037037037035,0.44045247197166487,9.12610546331278e-06,269730,133167,0.49370481592703813,136529,0.506169132095058,34,0.00012605197790382976,4765,0.01766581396211026,125203,0.46417899380862343,269696,127544,0.4729176554342667,269696,127544,0.4729176554342667,-6.477626108815122,-4.266801869052048,-2.667695953381773,0.08642011815826517,2.835214859748417,4.926081122765668,8.425136927973526,0.0966731115204764,1.6760902406042977
cc8a7f0f52562f9c,01_05_07.npy,0,1000,30,9,real_reader_values_nonnegative,float64,0.0,True,0.0,bandpass_fs200,270000,270000,0,133712,0.49522962962962963,133709,0.4952185185185185,0.4973249588436251,9.12610546331278e-06,269730,134921,0.5002076150224298,134802,0.4997664330997664,7,2.5951877803729657e-05,29906,0.11087383679976273,118585,0.4396433470507545,269723,133409,0.49461484560085717,269723,133409,0.49461484560085717,-7.97982121666779,-3.029552539848722,-1.8043100256128723,0.010801547588313462,1.880645953071312,3.1395886166344567,5.782087862901724,0.01523242638984955,1.1712617889102124
cc8a7f0f52562f9c,01_05_07.npy,0,1000,30,9,real_reader_values_nonnegative,float64,0.0,True,0.0,hampel_w5_s3,270000,270000,0,0,0.0,0,0.0,0.0,9.12610546331278e-06,269730,134143,0.497323249175101,133864,0.49628888147406663,1723,0.006387869350832314,0,0.0,0,0.0,268007,0,0.0,268007,0,0.0,0.0,1.1443843411370163,2.4469082645936195,9.119950988759685,18.49814425209995,20.780415391088518,27.814667205929,9.875155815394198,5.061904649057904
cc8a7f0f52562f9c,01_05_08.npy,0,1000,30,9,real_reader_values_nonnegative,float64,0.0,True,0.0,raw,270000,270000,0,0,0.0,0,0.0,0.0,9.482820418117204e-06,269730,135388,0.50193897601305,134331,0.4980202424646869,11,4.0781522263003746e-05,0,0.0,0,0.0,269719,0,0.0,269719,0,0.0,0.0,1.0304372651288587,2.3531093836745915,9.48132748009723,18.560642984674036,20.816469166155937,26.65051671248,10.066413870246784,5.104273753717461
cc8a7f0f52562f9c,01_05_08.npy,0,1000,30,9,real_reader_values_nonnegative,float64,0.0,True,0.0,wavelet,270000,270000,0,0,0.0,0,0.0,0.0,9.482820418117204e-06,269730,136377,0.5056056056056056,133331,0.49431283134986836,22,8.156304452600749e-05,0,0.0,0,0.0,269708,0,0.0,269708,0,0.0,0.16955612546969684,1.0880862258866428,2.356161644110844,9.462333287048967,18.392837236626967,20.572210712392653,25.093485227693677,10.066438363804647,5.0748029139538415
cc8a7f0f52562f9c,01_05_08.npy,0,1000,30,9,real_reader_values_nonnegative,float64,0.0,True,0.0,butterworth_o5_c0.3,270000,270000,0,0,0.0,0,0.0,0.0,9.482820418117204e-06,269730,136204,0.504964223482742,133518,0.4950061172283394,8,2.965928891854818e-05,0,0.0,0,0.0,269722,0,0.0,269722,0,0.0,0.17243857979229363,1.0867927356595797,2.355827591986887,9.458506596954948,18.39490432521703,20.572262718660713,24.917360271373227,10.066478883189873,5.076330802962658
cc8a7f0f52562f9c,01_05_08.npy,0,1000,30,9,real_reader_values_nonnegative,float64,0.0,True,0.0,savgol_w7_p3,270000,270000,0,0,0.0,0,0.0,0.0,9.482820418117204e-06,269730,136031,0.5043228413598784,133692,0.4956512067623179,7,2.5951877803729657e-05,0,0.0,0,0.0,269723,0,0.0,269723,0,0.0,0.16444213923889425,1.0799932546458582,2.3565725186316864,9.460856808269838,18.412136228962254,20.614007084492204,25.19807376262762,10.066377291598258,5.078448148923852
cc8a7f0f52562f9c,01_05_08.npy,0,1000,30,9,real_reader_values_nonnegative,float64,0.0,True,0.0,bandpass_fs1000,270000,270000,0,122329,0.45307037037037035,122327,0.45306296296296295,0.40498747871823015,9.482820418117204e-06,269730,133902,0.4964297630964298,135799,0.5034627219812405,29,0.00010751492232973715,5615,0.020817113409706003,119380,0.4425907388870352,269699,122198,0.4530902969606858,269701,122200,0.453094352634955,-9.985328622583447,-4.961487142162195,-2.6736667005705184,0.14544385600792487,3.4595150083423865,5.64922363598763,9.516036156619535,0.20416995433299995,1.87222019729722
cc8a7f0f52562f9c,01_05_08.npy,0,1000,30,9,real_reader_values_nonnegative,float64,0.0,True,0.0,bandpass_fs200,270000,270000,0,134035,0.49642592592592594,134034,0.4964222222222222,0.46857248423757947,9.482820418117204e-06,269730,134830,0.49987024061098134,134896,0.5001149297445594,4,1.482964445927409e-05,28326,0.10501612723834947,119739,0.443921699477255,269725,133523,0.4950338307535453,269726,133524,0.495035702898497,-6.10043760098387,-3.2255852140868995,-2.071547642285558,0.00961701929109329,2.1797396882557782,3.540619455401466,7.757551583876596,0.01643501703330684,1.2904673131369835
cc8a7f0f52562f9c,01_05_08.npy,0,1000,30,9,real_reader_values_nonnegative,float64,0.0,True,0.0,hampel_w5_s3,270000,270000,0,0,0.0,0,0.0,0.0,9.482820418117204e-06,269730,134515,0.49870240610981353,133617,0.4953731509287065,1598,0.005924442961479998,0,0.0,0,0.0,268132,0,0.0,268132,0,0.0,0.0,1.03360314658443,2.35390410880816,9.48195849154892,18.5412714787399,20.751075694266927,26.65051671248,10.064523488981624,5.099592910755005
cc8a7f0f52562f9c,01_05_09.npy,0,1000,30,9,real_reader_values_nonnegative,float64,0.0,True,0.0,raw,270000,270000,0,0,0.0,0,0.0,0.0,9.43881267456889e-06,269730,134866,0.5000037074111148,134844,0.4999221443665888,20,7.414822229637045e-05,0,0.0,0,0.0,269710,0,0.0,269710,0,0.0,0.0,1.3265923836183953,2.79807954823598,9.43707617389505,18.408898420957968,20.249001077297837,26.5597320541346,10.149681534592615,4.895901582081295
cc8a7f0f52562f9c,01_05_09.npy,0,1000,30,9,real_reader_values_nonnegative,float64,0.0,True,0.0,wavelet,270000,270000,0,0,0.0,0,0.0,0.0,9.43881267456889e-06,269730,135403,0.5019945871797724,134312,0.49794980165350533,15,5.5611166722277836e-05,0,0.0,0,0.0,269715,0,0.0,269715,0,0.0,0.24290956595795046,1.3028675837062358,2.8074230266639626,9.427110763649464,18.255283808300298,19.872514680097566,24.738361064057155,10.149718199877473,4.866285941218073
cc8a7f0f52562f9c,01_05_09.npy,0,1000,30,9,real_reader_values_nonnegative,float64,0.0,True,0.0,butterworth_o5_c0.3,270000,270000,0,0,0.0,0,0.0,0.0,9.43881267456889e-06,269730,135527,0.5024543061580099,134187,0.49748637526415307,16,5.931857783709636e-05,0,0.0,0,0.0,269714,0,0.0,269714,0,0.0,0.19202453054270943,1.3119085762896072,2.8083848568213825,9.429389659655012,18.267625141360554,19.88637247139772,24.824907818198582,10.149873585453598,4.867810942712377
cc8a7f0f52562f9c,01_05_09.npy,0,1000,30,9,real_reader_values_nonnegative,float64,0.0,True,0.0,savgol_w7_p3,270000,270000,0,0,0.0,0,0.0,0.0,9.43881267456889e-06,269730,134882,0.5000630259889519,134841,0.49991102213324434,7,2.5951877803729657e-05,0,0.0,0,0.0,269723,0,0.0,269723,0,0.0,0.03661534717189309,1.3026686706816843,2.806920145656924,9.428644107709783,18.28030201499501,19.91411206227337,25.03177391037093,10.149686004733597,4.869662042604339
cc8a7f0f52562f9c,01_05_09.npy,0,1000,30,9,real_reader_values_nonnegative,float64,0.0,True,0.0,bandpass_fs1000,270000,270000,0,132863,0.4920851851851852,132862,0.4920814814814815,0.5378529770306876,9.43881267456889e-06,269730,134968,0.5003818633448263,134732,0.4995069143217291,30,0.00011122233344455567,5504,0.020405590775961147,129960,0.48181514848181517,269700,132650,0.4918427882832777,269700,132650,0.4918427882832777,-8.822154377516474,-4.9262050378357545,-3.073961990752532,0.02513417873936997,2.5989333259954566,4.757347807564742,10.26646760758975,-0.0625006662315608,1.7468813416955924
cc8a7f0f52562f9c,01_05_09.npy,0,1000,30,9,real_reader_values_nonnegative,float64,0.0,True,0.0,bandpass_fs200,270000,270000,0,136991,0.5073740740740741,136991,0.5073740740740741,0.5197635983864229,9.43881267456889e-06,269730,134826,0.4998554109665221,134897,0.5001186371556742,7,2.5951877803729657e-05,30839,0.11433285136988841,121457,0.45029103177251323,269722,136468,0.5059579863711525,269723,136469,0.5059598180355401,-6.023878801065927,-2.9271024282561435,-1.850291085754312,-0.017237705480838705,1.807973908602682,2.9607798366454507,6.043869185931963,-0.02251849063752474,1.1298218297345475
cc8a7f0f52562f9c,01_05_09.npy,0,1000,30,9,real_reader_values_nonnegative,float64,0.0,True,0.0,hampel_w5_s3,270000,270000,0,0,0.0,0,0.0,0.0,9.43881267456889e-06,269730,134168,0.4974159344529715,133956,0.49662996329662995,1606,0.005954102250398547,0,0.0,0,0.0,268124,0,0.0,268124,0,0.0,0.0,1.32507654764263,2.79595481199714,9.43575112409803,18.386788307965876,20.17368781295063,26.2958231275768,10.146170764117159,4.889896329838708
cc8a7f0f52562f9c,01_05_10.npy,0,1000,30,9,real_reader_values_nonnegative,float64,0.0,True,0.0,raw,270000,270000,0,0,0.0,0,0.0,0.0,9.90540231407618e-06,269730,135051,0.5006895784673563,134669,0.4992733474214956,10,3.7074111148185224e-05,0,0.0,0,0.0,269720,0,0.0,269720,0,0.0,0.0,1.3057250497833361,2.8827486987691766,9.904461151932061,18.61315191582683,20.780346469042545,27.2430256070224,10.459404672383087,4.834086644002015
cc8a7f0f52562f9c,01_05_10.npy,0,1000,30,9,real_reader_values_nonnegative,float64,0.0,True,0.0,wavelet,270000,270000,0,0,0.0,0,0.0,0.0,9.90540231407618e-06,269730,136304,0.5053349645942239,133414,0.49462054647239834,12,4.448893337782227e-05,0,0.0,0,0.0,269718,0,0.0,269718,0,0.0,0.11329152195058384,1.3450097226073552,2.9016076469729297,9.8984026428479,18.472427910983342,20.561617514924773,25.276051960739345,10.459326634182116,4.803014715988788
cc8a7f0f52562f9c,01_05_10.npy,0,1000,30,9,real_reader_values_nonnegative,float64,0.0,True,0.0,butterworth_o5_c0.3,270000,270000,0,0,0.0,0,0.0,0.0,9.90540231407618e-06,269730,135849,0.5036480925369814,133870,0.49631112594075555,11,4.0781522263003746e-05,0,0.0,0,0.0,269719,0,0.0,269719,0,0.0,0.11329086666562832,1.3456341912690142,2.9025550900456167,9.896620742208672,18.476187505015776,20.551704350200495,25.06508188692048,10.459371632627146,4.804467337469593
cc8a7f0f52562f9c,01_05_10.npy,0,1000,30,9,real_reader_values_nonnegative,float64,0.0,True,0.0,savgol_w7_p3,270000,270000,0,0,0.0,0,0.0,0.0,9.90540231407618e-06,269730,135232,0.5013606198791384,134492,0.4986171356541727,6,2.2244466688911134e-05,0,0.0,0,0.0,269724,0,0.0,269724,0,0.0,0.09077609585138482,1.3428029057665127,2.899009286834163,9.896962266270444,18.48480015315761,20.559583115818114,25.44428429176697,10.459445434768181,4.8068243049608945
cc8a7f0f52562f9c,01_05_10.npy,0,1000,30,9,real_reader_values_nonnegative,float64,0.0,True,0.0,bandpass_fs1000,270000,270000,0,132989,0.49255185185185185,132989,0.49255185185185185,0.41001214776255007,9.90540231407618e-06,269730,136035,0.5043376710043377,133671,0.49557335112890666,24,8.897786675564454e-05,4940,0.0183146109072035,130413,0.48349460571682795,269706,132828,0.49249182443104716,269706,132828,0.49249182443104716,-8.033313353082923,-4.036731014716906,-2.6131791837687275,0.023879549556693684,3.135811220840548,5.152293384412522,7.697070016019409,0.11513472136094319,1.7285089558259517
cc8a7f0f52562f9c,01_05_10.npy,0,1000,30,9,real_reader_values_nonnegative,float64,0.0,True,0.0,bandpass_fs200,270000,270000,0,130452,0.48315555555555556,130450,0.48314814814814816,0.4841833079360992,9.90540231407618e-06,269730,134848,0.4999369740110481,134869,0.5000148296444593,13,4.819634449264079e-05,30288,0.1122900678456234,115199,0.42709005301597897,269717,130004,0.4820015052814617,269717,130004,0.4820015052814617,-8.001540301502153,-3.0624447846476444,-1.8668205911180675,0.041863587225394336,1.9127366479666101,3.143481602997028,6.029970064905783,0.03377105225777647,1.1710976901447754
cc8a7f0f52562f9c,01_05_10.npy,0,1000,30,9,real_reader_values_nonnegative,float64,0.0,True,0.0,hampel_w5_s3,270000,270000,0,0,0.0,0,0.0,0.0,9.90540231407618e-06,269730,134240,0.4976828680532384,133865,0.49629258888518146,1625,0.006024543061580099,0,0.0,0,0.0,268105,0,0.0,268105,0,0.0,0.0,1.3068701090244959,2.88352229342098,9.909497729360304,18.60649834130843,20.743352323497433,26.7885171763728,10.461762027016764,4.833194693751965
cc8a7f0f52562f9c,01_05_11.npy,0,1000,30,9,real_reader_values_nonnegative,float64,0.0,True,0.0,raw,270000,270000,0,0,0.0,0,0.0,0.0,9.45886539204388e-06,269730,134696,0.4993734475215957,135032,0.5006191376561747,2,7.414822229637045e-06,0,0.0,0,0.0,269728,0,0.0,269728,0,0.0,0.0,1.50373113302799,2.8878825103077785,9.4578934382097,18.519156968796366,20.644459888155,27.5109009263513,10.1932476484347,4.961628242714877
cc8a7f0f52562f9c,01_05_11.npy,0,1000,30,9,real_reader_values_nonnegative,float64,0.0,True,0.0,wavelet,270000,270000,0,0,0.0,0,0.0,0.0,9.45886539204388e-06,269730,134503,0.4986579171764357,135214,0.5012938864790717,13,4.819634449264079e-05,0,0.0,0,0.0,269717,0,0.0,269717,0,0.0,0.2474337020375212,1.5595514183406025,2.9181336080668534,9.44264177498222,18.342797366750972,20.321854804058418,25.038971496685235,10.193332466799516,4.931175544588329
cc8a7f0f52562f9c,01_05_11.npy,0,1000,30,9,real_reader_values_nonnegative,float64,0.0,True,0.0,butterworth_o5_c0.3,270000,270000,0,2,7.4074074074074075e-06,1,3.7037037037037037e-06,7.784817275357913e-15,9.45886539204388e-06,269730,134696,0.4993734475215957,135020,0.5005746487227969,14,5.1903755607459314e-05,1,3.7074111148185224e-06,0,0.0,269716,0,0.0,269716,0,0.0,-0.0005191670643525017,1.565712517256956,2.914389622067246,9.445199415644137,18.34601257432833,20.357747001434095,25.022716741905157,10.193381907282532,4.932406862175585
cc8a7f0f52562f9c,01_05_11.npy,0,1000,30,9,real_reader_values_nonnegative,float64,0.0,True,0.0,savgol_w7_p3,270000,270000,0,0,0.0,0,0.0,0.0,9.45886539204388e-06,269730,134883,0.5000667334000667,134842,0.49991472954435917,5,1.8537055574092612e-05,0,0.0,0,0.0,269725,0,0.0,269725,0,0.0,0.009803449798928332,1.5627198579508457,2.915889920876701,9.446823713475345,18.362208643793576,20.367555475354607,25.39826850918251,10.193237060171375,4.934652488053935
cc8a7f0f52562f9c,01_05_11.npy,0,1000,30,9,real_reader_values_nonnegative,float64,0.0,True,0.0,bandpass_fs1000,270000,270000,0,133487,0.4943962962962963,133486,0.4943925925925926,0.5375254381010979,9.45886539204388e-06,269730,133618,0.4953768583398213,136080,0.5045045045045045,32,0.00011863715567419272,5636,0.02089496904311719,130525,0.4839098357616876,269696,133342,0.4944159349786426,269698,133344,0.4944196842394085,-7.8825775412868655,-4.925417713881145,-2.5208479920717157,0.01539679285613756,2.5785721670788733,3.8960825890830297,7.189808779242578,-0.012953018297739894,1.5498564814918827
cc8a7f0f52562f9c,01_05_11.npy,0,1000,30,9,real_reader_values_nonnegative,float64,0.0,True,0.0,bandpass_fs200,270000,270000,0,135481,0.5017814814814815,135479,0.501774074074074,0.5318570400701643,9.45886539204388e-06,269730,134645,0.49918436955473994,135077,0.5007859711563415,8,2.965928891854818e-05,32671,0.12112482853223594,119032,0.44130055981907834,269719,135450,0.502189315546921,269722,135453,0.5021948524777363,-6.377819518521523,-2.89928664620496,-1.8087645245602706,-0.003937913815344255,1.754769677374148,2.675987599090046,4.793780545096606,-0.015601995705846613,1.0845675422845347
cc8a7f0f52562f9c,01_05_11.npy,0,1000,30,9,real_reader_values_nonnegative,float64,0.0,True,0.0,hampel_w5_s3,270000,270000,0,0,0.0,0,0.0,0.0,9.45886539204388e-06,269730,133987,0.49674489304118935,134114,0.49721573425277127,1629,0.006039372706039373,0,0.0,0,0.0,268101,0,0.0,268101,0,0.0,0.0,1.5107068186825887,2.8891550557179717,9.452623683823145,18.49052063859982,20.56830150565896,27.5109009263513,10.188242474450218,4.953959155683424
cc8a7f0f52562f9c,01_05_12.npy,0,1000,30,9,real_reader_values_nonnegative,float64,0.0,True,0.0,raw,270000,270000,0,0,0.0,0,0.0,0.0,9.61676626025188e-06,269730,134711,0.49942905868831794,135012,0.5005449894338784,7,2.5951877803729657e-05,0,0.0,0,0.0,269723,0,0.0,269723,0,0.0,0.0,1.9209620560578637,3.3042399100661437,9.616143563700895,18.561749839711307,20.7676530730844,26.7830645761968,10.319029420202895,4.899180803239278
cc8a7f0f52562f9c,01_05_12.npy,0,1000,30,9,real_reader_values_nonnegative,float64,0.0,True,0.0,wavelet,270000,270000,0,0,0.0,0,0.0,0.0,9.61676626025188e-06,269730,134522,0.4987283579876172,135192,0.5012123234345457,16,5.931857783709636e-05,0,0.0,0,0.0,269714,0,0.0,269714,0,0.0,0.30708435904076625,1.9611866957629838,3.3350519126732356,9.618541965351483,18.361678497545512,20.521348249404706,24.913666470847186,10.318997323758635,4.8672553772171225
cc8a7f0f52562f9c,01_05_12.npy,0,1000,30,9,real_reader_values_nonnegative,float64,0.0,True,0.0,butterworth_o5_c0.3,270000,270000,0,0,0.0,0,0.0,0.0,9.61676626025188e-06,269730,134901,0.5001334668001335,134822,0.4998405813220628,7,2.5951877803729657e-05,0,0.0,0,0.0,269723,0,0.0,269723,0,0.0,0.2527981027265264,1.9620626320632844,3.3370767708275126,9.617271949354876,18.373799019115605,20.525158936023487,25.057685681952513,10.31901556864151,4.86862935666828
cc8a7f0f52562f9c,01_05_12.npy,0,1000,30,9,real_reader_values_nonnegative,float64,0.0,True,0.0,savgol_w7_p3,270000,270000,0,0,0.0,0,0.0,0.0,9.61676626025188e-06,269730,134305,0.49792384977570164,135424,0.5020724428131835,1,3.7074111148185224e-06,0,0.0,0,0.0,269729,0,0.0,269729,0,0.0,0.2889033167899244,1.9599509125800083,3.332653100725121,9.618832754709686,18.396658523788883,20.5462646348023,25.441013510120683,10.319002624705151,4.870897014250871
cc8a7f0f52562f9c,01_05_12.npy,0,1000,30,9,real_reader_values_nonnegative,float64,0.0,True,0.0,bandpass_fs1000,270000,270000,0,143055,0.5298333333333334,143055,0.5298333333333334,0.5724066935305091,9.61676626025188e-06,269730,135662,0.5029548066585103,134033,0.496915433952471,35,0.00012975938901864828,5066,0.018781744707670633,140358,0.5203648092536981,269695,142830,0.5295982498748586,269695,142830,0.5295982498748586,-8.800815398497276,-6.1585756379816425,-3.1344702538012394,-0.08035546347355482,2.2130631181239973,5.7621766535632135,12.647335362974708,-0.1634916846322891,1.8451374860102447
cc8a7f0f52562f9c,01_05_12.npy,0,1000,30,9,real_reader_values_nonnegative,float64,0.0,True,0.0,bandpass_fs200,270000,270000,0,136095,0.5040555555555556,136093,0.5040481481481481,0.5068082128860015,9.61676626025188e-06,269730,134196,0.4975197419641864,135527,0.5024543061580099,7,2.5951877803729657e-05,33364,0.12369406443480517,119262,0.4421532643754866,269721,135811,0.5035240118492813,269723,135813,0.5035276932260133,-6.833686087526946,-3.0004307050949466,-1.7095941496483564,-0.009322673310952101,1.7132022765599015,3.04503416995569,6.3213126140218225,-0.00767362041152774,1.0872975964568283
cc8a7f0f52562f9c,01_05_12.npy,0,1000,30,9,real_reader_values_nonnegative,float64,0.0,True,0.0,hampel_w5_s3,270000,270000,0,0,0.0,0,0.0,0.0,9.61676626025188e-06,269730,133852,0.49624439254068886,134219,0.49760501241982724,1659,0.006150595039483928,0,0.0,0,0.0,268071,0,0.0,268071,0,0.0,0.0,1.928410283255483,3.3081457554675024,9.61684432300886,18.5453076127994,20.71771369754491,26.7830645761968,10.319401075684317,4.896238241248478
cc8a7f0f52562f9c,01_05_13.npy,0,1000,30,9,real_reader_values_nonnegative,float64,0.0,True,0.0,raw,270000,270000,0,0,0.0,0,0.0,0.0,9.758507323658876e-06,269730,134583,0.4989545100656212,135137,0.5010084158232306,10,3.7074111148185224e-05,0,0.0,0,0.0,269720,0,0.0,269720,0,0.0,0.0,1.3984141470572853,2.67338496802142,9.755977753381377,18.542032879060955,20.33341838071916,26.4585025920289,10.27287697143168,5.129260338384488
cc8a7f0f52562f9c,01_05_13.npy,0,1000,30,9,real_reader_values_nonnegative,float64,0.0,True,0.0,wavelet,270000,270000,0,0,0.0,0,0.0,0.0,9.758507323658876e-06,269730,134803,0.49977014051088126,134912,0.5001742483223964,15,5.5611166722277836e-05,0,0.0,0,0.0,269715,0,0.0,269715,0,0.0,0.14922886075371092,1.3827258541024845,2.7023916191768653,9.769040470118325,18.364206786575313,19.993006554730364,24.180167907833358,10.272718600237178,5.099663917006075
cc8a7f0f52562f9c,01_05_13.npy,0,1000,30,9,real_reader_values_nonnegative,float64,0.0,True,0.0,butterworth_o5_c0.3,270000,270000,0,0,0.0,0,0.0,0.0,9.758507323658876e-06,269730,134743,0.49954769584399217,134970,0.5003892781670559,17,6.302598895191488e-05,0,0.0,0,0.0,269713,0,0.0,269713,0,0.0,0.09016696583767028,1.3767107609529494,2.7041822056242406,9.765144236946387,18.37098538697596,19.99634707063732,24.399843476585893,10.27256361798878,5.100925778154533
cc8a7f0f52562f9c,01_05_13.npy,0,1000,30,9,real_reader_values_nonnegative,float64,0.0,True,0.0,savgol_w7_p3,270000,270000,0,0,0.0,0,0.0,0.0,9.758507323658876e-06,269730,135250,0.5014273532792052,134472,0.4985429874318763,8,2.965928891854818e-05,0,0.0,0,0.0,269722,0,0.0,269722,0,0.0,0.008099431553066971,1.380007765039752,2.7034919826494725,9.765727444480829,18.386396895570698,20.03446345275798,24.72939409726299,10.272981677842202,5.103360865641297
cc8a7f0f52562f9c,01_05_13.npy,0,1000,30,9,real_reader_values_nonnegative,float64,0.0,True,0.0,bandpass_fs1000,270000,270000,0,140738,0.5212518518518519,140737,0.5212481481481481,0.4447664155718546,9.758507323658876e-06,269730,134342,0.4980610239869499,135351,0.5018018018018018,37,0.00013717421124828533,4925,0.018258999740481223,138115,0.5120490861231602,269692,140509,0.520998027379381,269693,140510,0.5209998034802534,-6.640518831898384,-4.111802834731923,-2.313218270407124,-0.05717198389385592,2.5607899279037496,4.8325488085632875,7.478449192082753,0.013673361730500376,1.5004848320792687
cc8a7f0f52562f9c,01_05_13.npy,0,1000,30,9,real_reader_values_nonnegative,float64,0.0,True,0.0,bandpass_fs200,270000,270000,0,140016,0.5185777777777778,140015,0.5185740740740741,0.45924234442107315,9.758507323658876e-06,269730,134869,0.5000148296444593,134856,0.49996663329996666,5,1.8537055574092612e-05,35250,0.13068624179735291,122235,0.45317539761984205,269724,139960,0.5189008023016121,269725,139961,0.5189025859671889,-4.9320485997382475,-2.206334005311483,-1.3740761508771089,-0.0371645980702061,1.4993882244229697,2.649488751974934,5.986213003926538,0.0015753043564558859,0.9227830915806375
cc8a7f0f52562f9c,01_05_13.npy,0,1000,30,9,real_reader_values_nonnegative,float64,0.0,True,0.0,hampel_w5_s3,270000,270000,0,0,0.0,0,0.0,0.0,9.758507323658876e-06,269730,133641,0.49546212879546214,134162,0.4973936899862826,1927,0.007144181218255293,0,0.0,0,0.0,267803,0,0.0,267803,0,0.0,0.0,1.3995025639376686,2.6732021269491337,9.75192050805188,18.524636410810896,20.28291718137307,25.7060958647853,10.270461489802113,5.125335504522799
cc8a7f0f52562f9c,01_05_14.npy,0,1000,30,9,real_reader_values_nonnegative,float64,0.0,True,0.0,raw,270000,270000,0,0,0.0,0,0.0,0.0,9.97613366023092e-06,269730,135498,0.5023467912356802,134224,0.49762354947540133,8,2.965928891854818e-05,0,0.0,0,0.0,269722,0,0.0,269722,0,0.0,0.0,2.300401713680148,3.80415045691902,9.975878683004305,18.604556979852713,21.307842803898108,26.747606614905,10.545563019840271,4.824694832017788
cc8a7f0f52562f9c,01_05_14.npy,0,1000,30,9,real_reader_values_nonnegative,float64,0.0,True,0.0,wavelet,270000,270000,0,0,0.0,0,0.0,0.0,9.97613366023092e-06,269730,136175,0.5048567085604123,133534,0.49506543580617657,21,7.785563341118897e-05,0,0.0,0,0.0,269709,0,0.0,269709,0,0.0,0.3040913616795139,2.3260777701244515,3.8371216794955156,9.972687036826905,18.400957267098168,21.249340625151937,26.56356188993646,10.545807964167834,4.7955810846212765
cc8a7f0f52562f9c,01_05_14.npy,0,1000,30,9,real_reader_values_nonnegative,float64,0.0,True,0.0,butterworth_o5_c0.3,270000,270000,0,0,0.0,0,0.0,0.0,9.97613366023092e-06,269730,135651,0.5029140251362474,134061,0.4970192414636859,18,6.67334000667334e-05,0,0.0,0,0.0,269712,0,0.0,269712,0,0.0,0.28306609607287375,2.3253132960829435,3.835474335231121,9.97070121213052,18.413188613830666,21.27008295951457,26.212261306947028,10.545899645244852,4.7970539692951055
cc8a7f0f52562f9c,01_05_14.npy,0,1000,30,9,real_reader_values_nonnegative,float64,0.0,True,0.0,savgol_w7_p3,270000,270000,0,0,0.0,0,0.0,0.0,9.97613366023092e-06,269730,135378,0.5019019019019019,134339,0.4980499017536055,13,4.819634449264079e-05,0,0.0,0,0.0,269717,0,0.0,269717,0,0.0,0.19983569137544593,2.320223233534785,3.8358928744420804,9.973564073291392,18.4282314110537,21.273684203248504,26.590761932396383,10.545453109128003,4.798985474584765
cc8a7f0f52562f9c,01_05_14.npy,0,1000,30,9,real_reader_values_nonnegative,float64,0.0,True,0.0,bandpass_fs1000,270000,270000,0,121575,0.4502777777777778,121574,0.45027407407407405,0.5395714145321591,9.97613366023092e-06,269730,128771,0.4774070366662959,140908,0.5224038853668483,51,0.00018907796685574464,4692,0.017395172950728507,119017,0.4412449486523561,269679,121391,0.45013145257880666,269679,121391,0.45013145257880666,-7.0983997840989295,-3.563233711109708,-2.0605198370386257,0.1140617187204768,1.758597394388644,2.777524015967072,5.550403095996116,0.052565852314251475,1.1812800544598026
cc8a7f0f52562f9c,01_05_14.npy,0,1000,30,9,real_reader_values_nonnegative,float64,0.0,True,0.0,bandpass_fs200,270000,270000,0,136571,0.5058185185185186,136569,0.5058111111111111,0.48695944397442376,9.97613366023092e-06,269730,134658,0.49923256589923254,135067,0.5007488970451933,5,1.8537055574092612e-05,40467,0.15002780558336115,116197,0.43079004930856785,269723,136708,0.5068459122877915,269725,136710,0.5068495690054685,-6.393679531234253,-2.4791436971510623,-1.4822842929017461,-0.009172137588406739,1.4851352757859302,2.6366805662544177,6.078455711703804,-0.0031860503383566723,0.9158799472924309
cc8a7f0f52562f9c,01_05_14.npy,0,1000,30,9,real_reader_values_nonnegative,float64,0.0,True,0.0,hampel_w5_s3,270000,270000,0,0,0.0,0,0.0,0.0,9.97613366023092e-06,269730,134697,0.4993771549327105,133232,0.49394579764950136,1801,0.006677047417788158,0,0.0,0,0.0,267929,0,0.0,267929,0,0.0,0.0,2.30361801496346,3.80749218154917,9.97879101102855,18.587341854904853,21.292908097167956,26.747606614905,10.547404667897826,4.822858453237544
cc8a7f0f52562f9c,01_05_15.npy,0,1000,30,9,real_reader_values_nonnegative,float64,0.0,True,0.0,raw,270000,270000,0,0,0.0,0,0.0,0.0,9.859612074820315e-06,269730,134925,0.5002224446668891,134790,0.4997219441663886,15,5.5611166722277836e-05,0,0.0,0,0.0,269715,0,0.0,269715,0,0.0,0.0,1.3724586552610711,2.735845436515095,9.85771398455705,18.512279729491222,20.402780535920726,26.422358347888,10.321635634804876,5.030155877232162
cc8a7f0f52562f9c,01_05_15.npy,0,1000,30,9,real_reader_values_nonnegative,float64,0.0,True,0.0,wavelet,270000,270000,0,0,0.0,0,0.0,0.0,9.859612074820315e-06,269730,134587,0.49896933971008045,135133,0.5009935861787713,10,3.7074111148185224e-05,0,0.0,0,0.0,269720,0,0.0,269720,0,0.0,0.15162453052144403,1.3762195515237683,2.7573940520027227,9.860219790833845,18.336767781046696,20.045619568204476,24.847183732479465,10.321550947120706,5.000853398717304
cc8a7f0f52562f9c,01_05_15.npy,0,1000,30,9,real_reader_values_nonnegative,float64,0.0,True,0.0,butterworth_o5_c0.3,270000,270000,0,0,0.0,0,0.0,0.0,9.859612074820315e-06,269730,135060,0.5007229451673896,134659,0.49923627331034737,11,4.0781522263003746e-05,0,0.0,0,0.0,269719,0,0.0,269719,0,0.0,0.040267556168559246,1.3724511307196703,2.7514875765007005,9.862646280390305,18.34643957433694,20.070252250647794,24.446484183785838,10.321415232723433,5.001923216047265
cc8a7f0f52562f9c,01_05_15.npy,0,1000,30,9,real_reader_values_nonnegative,float64,0.0,True,0.0,savgol_w7_p3,270000,270000,0,0,0.0,0,0.0,0.0,9.859612074820315e-06,269730,134983,0.5004374745115486,134734,0.49951432914395877,13,4.819634449264079e-05,0,0.0,0,0.0,269717,0,0.0,269717,0,0.0,0.02226350639640537,1.3720739701463542,2.749950768333304,9.8672651940941,18.370859392692278,20.10062981140943,24.555558343528347,10.321726617033837,5.004330831077766
cc8a7f0f52562f9c,01_05_15.npy,0,1000,30,9,real_reader_values_nonnegative,float64,0.0,True,0.0,bandpass_fs1000,270000,270000,0,135060,0.5002222222222222,135060,0.5002222222222222,0.4817999166475342,9.859612074820315e-06,269730,136065,0.5044488933377822,133622,0.49539168798428057,43,0.00015941867793719646,5262,0.019508397286175063,132288,0.49044600155711265,269687,134911,0.5002502901511753,269687,134911,0.5002502901511753,-6.44354129678795,-4.008168565723264,-2.5550249996064376,-0.00047438220386153136,2.0462209645048204,4.475722966718455,10.786092571667535,-0.040427542580273625,1.5168971858842153
cc8a7f0f52562f9c,01_05_15.npy,0,1000,30,9,real_reader_values_nonnegative,float64,0.0,True,0.0,bandpass_fs200,270000,270000,0,138577,0.5132481481481481,138576,0.5132444444444444,0.4899867702095953,9.859612074820315e-06,269730,134644,0.4991806621436251,135078,0.5007896785674564,8,2.965928891854818e-05,32759,0.12145108071033997,122050,0.45248952656360064,269721,138353,0.5129485653694003,269722,138354,0.5129503711228598,-6.536408538974422,-3.8496032427945868,-1.7565991238324978,-0.02882731712093576,1.7927609276043521,3.8476230839299466,7.799117808701028,-0.010584041483102258,1.2203314778693788
cc8a7f0f52562f9c,01_05_15.npy,0,1000,30,9,real_reader_values_nonnegative,float64,0.0,True,0.0,hampel_w5_s3,270000,270000,0,0,0.0,0,0.0,0.0,9.859612074820315e-06,269730,134031,0.49690801913024135,133889,0.4963815667519371,1810,0.006710414117821526,0,0.0,0,0.0,267920,0,0.0,267920,0,0.0,0.0,1.3726668118804777,2.7336578999430277,9.852949485256035,18.49303403191144,20.33588331730762,26.1796636243106,10.317312192650208,5.0246811686113375
cc8a7f0f52562f9c,01_05_16.npy,0,1000,30,9,real_reader_values_nonnegative,float64,0.0,True,0.0,raw,270000,270000,0,0,0.0,0,0.0,0.0,9.75476427069685e-06,269730,134518,0.49871352834315796,135203,0.5012531049568086,9,3.33667000333667e-05,0,0.0,0,0.0,269721,0,0.0,269721,0,0.0,0.0,1.4880641744833603,3.146982639483622,9.75418532616345,18.34801892678318,20.206917430592256,26.6681323730163,10.329403944984819,4.834053501476406
cc8a7f0f52562f9c,01_05_16.npy,0,1000,30,9,real_reader_values_nonnegative,float64,0.0,True,0.0,wavelet,270000,270000,0,0,0.0,0,0.0,0.0,9.75476427069685e-06,269730,133680,0.49560671782894006,136035,0.5043376710043377,15,5.5611166722277836e-05,0,0.0,0,0.0,269715,0,0.0,269715,0,0.0,0.17395818610333472,1.551554469737347,3.165242302941566,9.750703936343411,18.188457300999332,19.876559757135794,25.16076769308829,10.329192410775198,4.802735429682833
cc8a7f0f52562f9c,01_05_16.npy,0,1000,30,9,real_reader_values_nonnegative,float64,0.0,True,0.0,butterworth_o5_c0.3,270000,270000,0,0,0.0,0,0.0,0.0,9.75476427069685e-06,269730,133796,0.496036777518259,135921,0.5039150261372484,13,4.819634449264079e-05,0,0.0,0,0.0,269717,0,0.0,269717,0,0.0,0.17154795912205184,1.5477620572841995,3.1636283056251973,9.748916078586786,18.193139219189643,19.889032100870725,25.011687513893932,10.32943880530613,4.8040370562540655
cc8a7f0f52562f9c,01_05_16.npy,0,1000,30,9,real_reader_values_nonnegative,float64,0.0,True,0.0,savgol_w7_p3,270000,270000,0,0,0.0,0,0.0,0.0,9.75476427069685e-06,269730,134562,0.49887665443220996,135162,0.5011011011011011,6,2.2244466688911134e-05,0,0.0,0,0.0,269724,0,0.0,269724,0,0.0,0.06867033061197202,1.549865150635792,3.1617454644969114,9.749916794126507,18.214323578786086,19.91038584316067,25.22551746612719,10.329407249892016,4.806431140964296
cc8a7f0f52562f9c,01_05_16.npy,0,1000,30,9,real_reader_values_nonnegative,float64,0.0,True,0.0,bandpass_fs1000,270000,270000,0,133023,0.49267777777777777,133022,0.4926740740740741,0.5663760904692703,9.75476427069685e-06,269730,135010,0.5005375746116487,134676,0.4992992992992993,44,0.00016312608905201499,4252,0.015763912060208357,130749,0.484740295851407,269685,132911,0.4928379405602833,269686,132912,0.4928398211253087,-10.035251836716975,-5.986968034733517,-2.9149554834303166,0.024802696042310515,2.6306364686912747,4.398041843718541,8.285581231519444,-0.032057639653595885,1.7893276338187472
cc8a7f0f52562f9c,01_05_16.npy,0,1000,30,9,real_reader_values_nonnegative,float64,0.0,True,0.0,bandpass_fs200,270000,270000,0,133044,0.49275555555555556,133042,0.49274814814814816,0.5230992910681583,9.75476427069685e-06,269730,134017,0.49685611537463387,135706,0.5031179327475623,7,2.5951877803729657e-05,33057,0.12255588922255589,116426,0.43163904645386125,269722,132751,0.49217713052698703,269723,132752,0.49217901328399877,-6.940437870018474,-2.5574811861233298,-1.6253339263815285,0.015765036815455772,1.555198168929554,2.3502549870803593,5.522946597198797,-0.004540488526951433,0.9814052016101297
cc8a7f0f52562f9c,01_05_16.npy,0,1000,30,9,real_reader_values_nonnegative,float64,0.0,True,0.0,hampel_w5_s3,270000,270000,0,0,0.0,0,0.0,0.0,9.75476427069685e-06,269730,133657,0.49552144737329923,134261,0.4977607236866496,1812,0.006717828940051162,0,0.0,0,0.0,267918,0,0.0,267918,0,0.0,0.0,1.490348202869068,3.15008834662061,9.7525013643834,18.331453464457987,20.114783249672424,26.6681323730163,10.325505323662677,4.828317222624409
cc8a7f0f52562f9c,01_05_17.npy,0,1000,30,9,real_reader_values_nonnegative,float64,0.0,True,0.0,raw,270000,270000,0,0,0.0,0,0.0,0.0,9.8255879864247e-06,269730,134703,0.4993993993993994,135025,0.500593185778371,2,7.414822229637045e-06,0,0.0,0,0.0,269728,0,0.0,269728,0,0.0,0.0,1.465816996389941,3.156880569399,9.82510898721481,18.4683837423008,20.547347521353593,27.1496465860778,10.403348524737078,4.806088476041413
cc8a7f0f52562f9c,01_05_17.npy,0,1000,30,9,real_reader_values_nonnegative,float64,0.0,True,0.0,wavelet,270000,270000,0,0,0.0,0,0.0,0.0,9.8255879864247e-06,269730,134174,0.4974381789196604,135540,0.5025025025025025,16,5.931857783709636e-05,0,0.0,0,0.0,269714,0,0.0,269714,0,0.0,0.15168102200448372,1.4969902134074002,3.175683126022335,9.838894952636142,18.271603343953423,20.245727539416272,25.492728167275843,10.403208717783023,4.774795047300475
cc8a7f0f52562f9c,01_05_17.npy,0,1000,30,9,real_reader_values_nonnegative,float64,0.0,True,0.0,butterworth_o5_c0.3,270000,270000,0,0,0.0,0,0.0,0.0,9.8255879864247e-06,269730,134675,0.49929559188818445,135041,0.500652504356208,14,5.1903755607459314e-05,0,0.0,0,0.0,269716,0,0.0,269716,0,0.0,0.19853036985078837,1.5013905081934709,3.1758497297958757,9.836798592043623,18.28980069494518,20.262311975678568,25.860360510421142,10.403537790704073,4.776354345091459
cc8a7f0f52562f9c,01_05_17.npy,0,1000,30,9,real_reader_values_nonnegative,float64,0.0,True,0.0,savgol_w7_p3,270000,270000,0,0,0.0,0,0.0,0.0,9.8255879864247e-06,269730,134438,0.4984169354539725,135284,0.501553405257109,8,2.965928891854818e-05,0,0.0,0,0.0,269722,0,0.0,269722,0,0.0,0.18914759207117568,1.5021402576438134,3.1768653881378706,9.839518109483242,18.30428617710655,20.265886927087664,26.358605747099485,10.403325962334954,4.778399760154902
cc8a7f0f52562f9c,01_05_17.npy,0,1000,30,9,real_reader_values_nonnegative,float64,0.0,True,0.0,bandpass_fs1000,270000,270000,0,164127,0.6078777777777777,164127,0.6078777777777777,0.6780555762368571,9.8255879864247e-06,269730,136254,0.5051495940384829,133430,0.4946798650502354,46,0.00017054091128165203,3516,0.013035257479701924,162292,0.6016831646461276,269683,164085,0.6084365718269227,269684,164086,0.6084380237611426,-10.109300073788248,-4.501347424309992,-2.9642149302502983,-0.350566390135999,2.1150909681035883,3.7311089777717146,7.378587370260365,-0.36475163302502794,1.5591678599555046
cc8a7f0f52562f9c,01_05_17.npy,0,1000,30,9,real_reader_values_nonnegative,float64,0.0,True,0.0,bandpass_fs200,270000,270000,0,136218,0.5045111111111111,136218,0.5045111111111111,0.54018064399897,9.8255879864247e-06,269730,135136,0.5010047084121159,134586,0.4989656322989656,8,2.965928891854818e-05,32652,0.12105438772105438,119747,0.4439513587661736,269722,136109,0.5046269863044172,269722,136109,0.5046269863044172,-7.261718596830833,-3.0983837230289497,-1.853531410529168,-0.009994735229052816,1.7460676702004843,2.8945392447694593,6.093283393722017,-0.027509232204858566,1.1227230998183657
cc8a7f0f52562f9c,01_05_17.npy,0,1000,30,9,real_reader_values_nonnegative,float64,0.0,True,0.0,hampel_w5_s3,270000,270000,0,0,0.0,0,0.0,0.0,9.8255879864247e-06,269730,133823,0.4961368776183591,134012,0.4968375783190598,1895,0.0070255440625811,0,0.0,0,0.0,267835,0,0.0,267835,0,0.0,0.0,1.4614982229028,3.1556989014854997,9.82204503269212,18.44418976287232,20.488719430506322,26.9129752405464,10.400051852162902,4.800486180004665
cc8a7f0f52562f9c,01_05_18.npy,0,1000,30,9,real_reader_values_nonnegative,float64,0.0,True,0.0,raw,270000,270000,0,0,0.0,0,0.0,0.0,9.25451459713356e-06,269730,134947,0.5003040077114151,134778,0.49967745523301077,5,1.8537055574092612e-05,0,0.0,0,0.0,269725,0,0.0,269725,0,0.0,0.0,1.95339786887224,3.2046501995470487,9.25442549668459,18.59239222045833,21.1906501299511,26.0919437903031,10.192651157580867,4.912450677431214
cc8a7f0f52562f9c,01_05_18.npy,0,1000,30,9,real_reader_values_nonnegative,float64,0.0,True,0.0,wavelet,270000,270000,0,0,0.0,0,0.0,0.0,9.25451459713356e-06,269730,135242,0.5013976939902866,134467,0.4985244503763022,21,7.785563341118897e-05,0,0.0,0,0.0,269709,0,0.0,269709,0,0.0,0.03397492904712017,2.0119383715870733,3.230422693352476,9.255407504515581,18.406741967146736,21.053147445099356,24.523084443893733,10.192494034722198,4.881411415318475
cc8a7f0f52562f9c,01_05_18.npy,0,1000,30,9,real_reader_values_nonnegative,float64,0.0,True,0.0,butterworth_o5_c0.3,270000,270000,0,0,0.0,0,0.0,0.0,9.25451459713356e-06,269730,134943,0.5002891780669558,134772,0.49965521076632186,15,5.5611166722277836e-05,0,0.0,0,0.0,269715,0,0.0,269715,0,0.0,0.11323688991479794,2.0108778577789463,3.229383230431595,9.255286981162364,18.413395602887398,21.05037402732629,24.61925890338246,10.192511870586461,4.8825743338461765
cc8a7f0f52562f9c,01_05_18.npy,0,1000,30,9,real_reader_values_nonnegative,float64,0.0,True,0.0,savgol_w7_p3,270000,270000,0,0,0.0,0,0.0,0.0,9.25451459713356e-06,269730,134994,0.5004782560338116,134725,0.4994809624439254,11,4.0781522263003746e-05,0,0.0,0,0.0,269719,0,0.0,269719,0,0.0,0.11103443412705077,2.007901390741521,3.227398468517252,9.25109858548188,18.42749441676702,21.05373531462903,24.832173746638667,10.192682911402645,4.885059983878534
cc8a7f0f52562f9c,01_05_18.npy,0,1000,30,9,real_reader_values_nonnegative,float64,0.0,True,0.0,bandpass_fs1000,270000,270000,0,138292,0.5121925925925926,138291,0.5121888888888889,0.41465917892642706,9.25451459713356e-06,269730,134439,0.4984206428650873,135249,0.5014236458680903,42,0.00015571126682237794,4690,0.01738775812849887,135797,0.5034553071590109,269686,138121,0.5121548764118271,269688,138123,0.5121584942600338,-6.574434392039063,-3.1712916118768173,-1.816386383151296,-0.029177626577492753,2.017461903830985,4.421031190305467,9.144320399767306,0.005222901732776452,1.3014227968843939
cc8a7f0f52562f9c,01_05_18.npy,0,1000,30,9,real_reader_values_nonnegative,float64,0.0,True,0.0,bandpass_fs200,270000,270000,0,138111,0.5115222222222222,138111,0.5115222222222222,0.498986972054553,9.25451459713356e-06,269730,135068,0.5007526044563082,134657,0.49922885848811777,5,1.8537055574092612e-05,35777,0.13264004745486227,120105,0.4452786119452786,269724,137806,0.5109148611172902,269725,137807,0.510916674390583,-6.131086502419814,-2.4880828189135884,-1.4249825160534446,-0.02180366604649807,1.5162990555530007,2.453297437788894,5.1946394813924766,-0.005837172425492527,0.922321864884727
cc8a7f0f52562f9c,01_05_18.npy,0,1000,30,9,real_reader_values_nonnegative,float64,0.0,True,0.0,hampel_w5_s3,270000,270000,0,0,0.0,0,0.0,0.0,9.25451459713356e-06,269730,133941,0.4965743521299077,133852,0.49624439254068886,1937,0.007181255329403478,0,0.0,0,0.0,267793,0,0.0,267793,0,0.0,0.0,1.9587773075952117,3.20696280748304,9.25026568288003,18.558491330035416,21.119004570261026,26.0919437903031,10.18547632824915,4.9021966310383585
cc8a7f0f52562f9c,01_05_19.npy,0,1000,30,9,real_reader_values_nonnegative,float64,0.0,True,0.0,raw,270000,270000,0,0,0.0,0,0.0,0.0,9.695488228238875e-06,269730,135085,0.5008156304452601,134635,0.49914729544359177,10,3.7074111148185224e-05,0,0.0,0,0.0,269720,0,0.0,269720,0,0.0,0.0,1.81236527490433,3.3039418441824226,9.69506609939914,18.48823285986395,20.02081256408599,25.59386348086,10.350847202604188,4.7841858436864095
cc8a7f0f52562f9c,01_05_19.npy,0,1000,30,9,real_reader_values_nonnegative,float64,0.0,True,0.0,wavelet,270000,270000,0,0,0.0,0,0.0,0.0,9.695488228238875e-06,269730,135625,0.5028176324472621,134088,0.497119341563786,17,6.302598895191488e-05,0,0.0,0,0.0,269713,0,0.0,269713,0,0.0,0.2725897916630024,1.8232100816299686,3.3041365111420333,9.682149204570248,18.29995762085688,19.55092065641315,24.6093344695374,10.350838203505104,4.75149731821139
cc8a7f0f52562f9c,01_05_19.npy,0,1000,30,9,real_reader_values_nonnegative,float64,0.0,True,0.0,butterworth_o5_c0.3,270000,270000,0,0,0.0,0,0.0,0.0,9.695488228238875e-06,269730,135404,0.5019982945908872,134306,0.49792755718681647,20,7.414822229637045e-05,0,0.0,0,0.0,269710,0,0.0,269710,0,0.0,0.29722773142858033,1.8269075966917518,3.305013011386287,9.683266591080926,18.305888735600078,19.56072174557893,25.04129553711975,10.350897434156003,4.752860502098989
cc8a7f0f52562f9c,01_05_19.npy,0,1000,30,9,real_reader_values_nonnegative,float64,0.0,True,0.0,savgol_w7_p3,270000,270000,0,0,0.0,0,0.0,0.0,9.695488228238875e-06,269730,134910,0.5001668335001669,134812,0.4998035072109146,8,2.965928891854818e-05,0,0.0,0,0.0,269722,0,0.0,269722,0,0.0,0.24067866212554725,1.8302713438689002,3.3049266843824667,9.688487760918264,18.326297241887602,19.599218977570033,25.142900029747494,10.350858853132488,4.755498269906854
cc8a7f0f52562f9c,01_05_19.npy,0,1000,30,9,real_reader_values_nonnegative,float64,0.0,True,0.0,bandpass_fs1000,270000,270000,0,133707,0.4952111111111111,133703,0.4951962962962963,0.5559942602650372,9.695488228238875e-06,269730,134884,0.5000704408111816,134804,0.4997738479219961,42,0.00015571126682237794,4236,0.01570459348237126,131455,0.48735772809846883,269688,133571,0.49527973065171604,269688,133571,0.49527973065171604,-7.668729841975029,-4.162122295671541,-2.346883390405227,0.010425813032345795,1.8860498205281677,3.935441344374803,6.376976747414352,-0.05524443829449316,1.3417138876792307
cc8a7f0f52562f9c,01_05_19.npy,0,1000,30,9,real_reader_values_nonnegative,float64,0.0,True,0.0,bandpass_fs200,270000,270000,0,135239,0.5008851851851852,135237,0.5008777777777778,0.5149157477977172,9.695488228238875e-06,269730,134804,0.4997738479219961,134915,0.500185370555741,11,4.0781522263003746e-05,43818,0.162451340229118,113189,0.4196381566751937,269718,135151,0.5010826122097894,269719,135152,0.5010844619770947,-5.92474543615357,-2.508806965848914,-1.3771789936736998,-0.0013971172916902117,1.3445775084518223,2.398863740845991,5.55575036173902,-0.0054225083574897396,0.8596858030504427
cc8a7f0f52562f9c,01_05_19.npy,0,1000,30,9,real_reader_values_nonnegative,float64,0.0,True,0.0,hampel_w5_s3,270000,270000,0,0,0.0,0,0.0,0.0,9.695488228238875e-06,269730,134048,0.49697104511919327,133559,0.495158121084047,2123,0.007870833796759723,0,0.0,0,0.0,267607,0,0.0,267607,0,0.0,0.0,1.8189934317192564,3.30484495338648,9.693825470053085,18.47394805801503,19.928277269819286,25.59386348086,10.349808435571335,4.780352838385766
cc8a7f0f52562f9c,01_05_20.npy,0,1000,30,9,real_reader_values_nonnegative,float64,0.0,True,0.0,raw,270000,270000,0,0,0.0,0,0.0,0.0,1.0272363334988551e-05,269730,135022,0.5005820635450265,134702,0.4993956919882846,6,2.2244466688911134e-05,0,0.0,0,0.0,269724,0,0.0,269724,0,0.0,0.0,1.8825013018197447,3.35016716093555,10.2719030190746,18.594379584596584,20.836074974745696,26.986309211354,10.695309485483977,4.749596251761673
cc8a7f0f52562f9c,01_05_20.npy,0,1000,30,9,real_reader_values_nonnegative,float64,0.0,True,0.0,wavelet,270000,270000,0,0,0.0,0,0.0,0.0,1.0272363334988551e-05,269730,136108,0.5046083120157194,133604,0.49532495458421383,18,6.67334000667334e-05,0,0.0,0,0.0,269712,0,0.0,269712,0,0.0,0.19308092202439164,1.8941487919458373,3.378217619344519,10.282519273883036,18.395422198694927,20.592421103164124,25.658799641636534,10.695048362973605,4.716607920574301
cc8a7f0f52562f9c,01_05_20.npy,0,1000,30,9,real_reader_values_nonnegative,float64,0.0,True,0.0,butterworth_o5_c0.3,270000,270000,0,0,0.0,0,0.0,0.0,1.0272363334988551e-05,269730,135172,0.5011381752122492,134536,0.4987802617432247,22,8.156304452600749e-05,0,0.0,0,0.0,269708,0,0.0,269708,0,0.0,0.06721181228313976,1.8910894446777888,3.3787526381422404,10.282553315674408,18.397652618760294,20.58608965830485,25.96038827774042,10.69538921230427,4.717956473959991
cc8a7f0f52562f9c,01_05_20.npy,0,1000,30,9,real_reader_values_nonnegative,float64,0.0,True,0.0,savgol_w7_p3,270000,270000,0,0,0.0,0,0.0,0.0,1.0272363334988551e-05,269730,135333,0.5017350684017351,134392,0.4982463945426908,5,1.8537055574092612e-05,0,0.0,0,0.0,269725,0,0.0,269725,0,0.0,0.06791739750670801,1.887844844525219,3.379698015124052,10.28179873968391,18.42346370477875,20.57960061545725,26.03786301866452,10.695334297446742,4.720441945397263
cc8a7f0f52562f9c,01_05_20.npy,0,1000,30,9,real_reader_values_nonnegative,float64,0.0,True,0.0,bandpass_fs1000,270000,270000,0,144218,0.5341407407407407,144215,0.5341296296296296,0.6428790120936759,1.0272363334988551e-05,269730,137770,0.5107700292885478,131918,0.4890742594446298,42,0.00015571126682237794,4490,0.016646275905535166,141856,0.5259185111036963,269687,144080,0.5342489626863735,269688,144081,0.5342506896858592,-6.4298762337498685,-4.072575020824106,-2.5167732976976787,-0.0940978129590111,1.8751512099322094,2.9187254393698865,5.84300755431964,-0.15726005234918386,1.333293809302568
cc8a7f0f52562f9c,01_05_20.npy,0,1000,30,9,real_reader_values_nonnegative,float64,0.0,True,0.0,bandpass_fs200,270000,270000,0,140175,0.5191666666666667,140174,0.5191629629629629,0.49896362423382523,1.0272363334988551e-05,269730,134989,0.5004597189782375,134738,0.499529158788418,3,1.1122233344455567e-05,37300,0.13828643458273088,121368,0.4499610721832944,269727,140162,0.519643936276309,269727,140162,0.519643936276309,-5.188436300026864,-2.614145869307209,-1.6001402530720936,-0.03507010004750172,1.5232234131276785,2.7343900845753266,6.501786470979681,-0.02781667385286435,0.9771170342375567
cc8a7f0f52562f9c,01_05_20.npy,0,1000,30,9,real_reader_values_nonnegative,float64,0.0,True,0.0,hampel_w5_s3,270000,270000,0,0,0.0,0,0.0,0.0,1.0272363334988551e-05,269730,134078,0.49708226745263784,133700,0.4956808660512364,1952,0.007236866496125756,0,0.0,0,0.0,267778,0,0.0,267778,0,0.0,0.0,1.88963346576519,3.35226501124395,10.270166923895498,18.57402409771056,20.792162849679855,26.8575671606696,10.69328509015341,4.7445271104565805
cc8a7f0f52562f9c,01_06_01.npy,0,1000,30,9,real_reader_values_nonnegative,float64,0.0,True,0.0,raw,270000,270000,0,0,0.0,0,0.0,0.0,8.616065874306161e-06,269730,134926,0.5002261520780039,134798,0.49975160345530717,6,2.2244466688911134e-05,0,0.0,0,0.0,269724,0,0.0,269724,0,0.0,0.0,1.1095700676919604,2.24779877592128,8.614936141320385,19.274530112291213,21.96985990608076,29.2711508237477,9.880473819594958,5.216442622578634
cc8a7f0f52562f9c,01_06_01.npy,0,1000,30,9,real_reader_values_nonnegative,float64,0.0,True,0.0,wavelet,270000,270000,0,0,0.0,0,0.0,0.0,8.616065874306161e-06,269730,135280,0.5015385756126497,134429,0.49838356875393913,21,7.785563341118897e-05,0,0.0,0,0.0,269709,0,0.0,269709,0,0.0,0.24574771997682002,1.1532717039778426,2.2627109660863365,8.588601687389964,19.24301244378109,21.762845177504797,27.364971420222805,9.880533931951273,5.19126864271484
cc8a7f0f52562f9c,01_06_01.npy,0,1000,30,9,real_reader_values_nonnegative,float64,0.0,True,0.0,butterworth_o5_c0.3,270000,270000,0,0,0.0,0,0.0,0.0,8.616065874306161e-06,269730,134691,0.4993549104660216,135025,0.500593185778371,14,5.1903755607459314e-05,0,0.0,0,0.0,269716,0,0.0,269716,0,0.0,0.14447688743523562,1.148247555194277,2.2652771295626017,8.591770307522815,19.24324766503539,21.788661114850072,27.169303292847204,9.880638445867218,5.192396134045782
cc8a7f0f52562f9c,01_06_01.npy,0,1000,30,9,real_reader_values_nonnegative,float64,0.0,True,0.0,savgol_w7_p3,270000,270000,0,0,0.0,0,0.0,0.0,8.616065874306161e-06,269730,134768,0.4996403811218626,134958,0.5003447892336781,4,1.482964445927409e-05,0,0.0,0,0.0,269726,0,0.0,269726,0,0.0,0.13053600865584591,1.146602308033489,2.262484076248212,8.596035061733348,19.24129634668126,21.79921869279977,27.606405885605255,9.880432139416119,5.194288283457125
cc8a7f0f52562f9c,01_06_01.npy,0,1000,30,9,real_reader_values_nonnegative,float64,0.0,True,0.0,bandpass_fs1000,270000,270000,0,129312,0.4789333333333333,129311,0.47892962962962965,0.5287896558284748,8.616065874306161e-06,269730,132720,0.49204760315871426,136958,0.5077596114633152,52,0.00019278537797056316,4608,0.01708375041708375,126823,0.47018499981462947,269677,129085,0.4786652180200759,269678,129086,0.478667151195129,-5.906384038935979,-2.6217839090173616,-1.4444181686344555,0.03523744755889671,1.3823173411764127,2.177258956884311,4.699486460002008,0.011328895334765911,0.880739250596264
cc8a7f0f52562f9c,01_06_01.npy,0,1000,30,9,real_reader_values_nonnegative,float64,0.0,True,0.0,bandpass_fs200,270000,270000,0,139421,0.5163740740740741,139420,0.5163703703703704,0.4904080451512245,8.616065874306161e-06,269730,134640,0.49916583249916585,135081,0.5008008008008008,9,3.33667000333667e-05,46706,0.1731583435287139,115935,0.4298187075964854,269720,139651,0.517762865193534,269721,139652,0.5177646531045043,-4.794799898195736,-1.892250421033566,-1.110932881128048,-0.020561456336520723,1.108838699361125,1.9864225290884792,5.672900023431016,-0.011977874882603975,0.7031585476160241
cc8a7f0f52562f9c,01_06_01.npy,0,1000,30,9,real_reader_values_nonnegative,float64,0.0,True,0.0,hampel_w5_s3,270000,270000,0,0,0.0,0,0.0,0.0,8.616065874306161e-06,269730,133815,0.49610721832944055,133895,0.49640381121862603,2020,0.0074889704519334145,0,0.0,0,0.0,267710,0,0.0,267710,0,0.0,0.0,1.1138637945377672,2.2518983850768675,8.610922189413198,19.272021837877787,21.941742004561327,29.2711508237477,9.882101531510324,5.2138180306947195
cc8a7f0f52562f9c,01_06_02.npy,0,1000,30,9,real_reader_values_nonnegative,float64,0.0,True,0.0,raw,270000,270000,0,0,0.0,0,0.0,0.0,9.16523298158801e-06,269730,134971,0.5003929855781708,134757,0.4995995995995996,2,7.414822229637045e-06,0,0.0,0,0.0,269728,0,0.0,269728,0,0.0,0.0,0.8703053809107244,2.3854331299053912,9.162392981700425,19.171816809539,22.11325930464968,29.0848899922946,10.102626215844463,5.092535560630446
cc8a7f0f52562f9c,01_06_02.npy,0,1000,30,9,real_reader_values_nonnegative,float64,0.0,True,0.0,wavelet,270000,270000,0,0,0.0,0,0.0,0.0,9.16523298158801e-06,269730,135284,0.501553405257109,134428,0.4983798613428243,18,6.67334000667334e-05,0,0.0,0,0.0,269712,0,0.0,269712,0,0.0,0.13082796122976303,0.901167582244786,2.3864659259003336,9.155889071953212,19.093630263333132,22.04714164470778,27.133490070187683,10.102654173914395,5.065146005988951
cc8a7f0f52562f9c,01_06_02.npy,0,1000,30,9,real_reader_values_nonnegative,float64,0.0,True,0.0,butterworth_o5_c0.3,270000,270000,0,0,0.0,0,0.0,0.0,9.16523298158801e-06,269730,134988,0.5004560115671227,134728,0.49949208467726985,14,5.1903755607459314e-05,0,0.0,0,0.0,269716,0,0.0,269716,0,0.0,0.17107340310907104,0.9032755795046242,2.3861171209730534,9.157263462427537,19.08579418275142,22.033124274051296,26.989530071412787,10.102812830326098,5.066333298097352
cc8a7f0f52562f9c,01_06_02.npy,0,1000,30,9,real_reader_values_nonnegative,float64,0.0,True,0.0,savgol_w7_p3,270000,270000,0,0,0.0,0,0.0,0.0,9.16523298158801e-06,269730,135158,0.5010862714566419,134561,0.4988729470210952,11,4.0781522263003746e-05,0,0.0,0,0.0,269719,0,0.0,269719,0,0.0,0.10532806550030353,0.9014437627169667,2.384477573413059,9.158021253462131,19.09439548722547,22.0203414530192,27.384796445165822,10.102618028834334,5.068256966667249
cc8a7f0f52562f9c,01_06_02.npy,0,1000,30,9,real_reader_values_nonnegative,float64,0.0,True,0.0,bandpass_fs1000,270000,270000,0,133925,0.4960185185185185,133925,0.4960185185185185,0.5176738109833453,9.16523298158801e-06,269730,135101,0.5008749490230971,134578,0.4989359730100471,51,0.00018907796685574464,5579,0.020683646609572535,130990,0.4856337819300782,269679,133750,0.49596001171763465,269679,133750,0.49596001171763465,-5.677050921147112,-2.3904453233081875,-1.3683650309799378,0.006439559870468174,1.4255172326874517,2.342528963552755,4.441544458380127,-0.009786823052160335,0.8597630379893744
cc8a7f0f52562f9c,01_06_02.npy,0,1000,30,9,real_reader_values_nonnegative,float64,0.0,True,0.0,bandpass_fs200,270000,270000,0,137418,0.5089555555555556,137416,0.5089481481481481,0.5009661886451612,9.16523298158801e-06,269730,134614,0.49906943981018054,135110,0.5009083157231305,6,2.2244466688911134e-05,48712,0.18059541022503986,112943,0.41872613354094834,269723,137260,0.5088924563348324,269724,137261,0.5088942771129006,-4.625813892039235,-2.018180580363937,-1.1319812522523607,-0.010969468371876366,1.123872740733739,1.959531949611471,6.3018912687584905,-0.009189059276271536,0.7187395480157465
cc8a7f0f52562f9c,01_06_02.npy,0,1000,30,9,real_reader_values_nonnegative,float64,0.0,True,0.0,hampel_w5_s3,270000,270000,0,0,0.0,0,0.0,0.0,9.16523298158801e-06,269730,134044,0.496956215474734,133767,0.4959292625959293,1919,0.007114521929336744,0,0.0,0,0.0,267811,0,0.0,267811,0,0.0,0.0,0.8707279518558829,2.38768833560928,9.161093447876286,19.176306604684903,22.111727444625316,28.5555353886882,10.106698846430055,5.093582523125644
cc8a7f0f52562f9c,01_06_03.npy,0,1000,30,9,real_reader_values_nonnegative,float64,0.0,True,0.0,raw,270000,270000,0,0,0.0,0,0.0,0.0,9.164184339512188e-06,269730,134767,0.49963667371074777,134956,0.5003373744114484,7,2.5951877803729657e-05,0,0.0,0,0.0,269723,0,0.0,269723,0,0.0,0.0,1.134612736132,2.1676593146678336,9.163450227710696,18.539656054752804,20.7172581223542,29.0428369725555,9.961296691962136,4.922480105500132
cc8a7f0f52562f9c,01_06_03.npy,0,1000,30,9,real_reader_values_nonnegative,float64,0.0,True,0.0,wavelet,270000,270000,0,0,0.0,0,0.0,0.0,9.164184339512188e-06,269730,135716,0.5031550068587105,134006,0.49681533385237087,8,2.965928891854818e-05,0,0.0,0,0.0,269722,0,0.0,269722,0,0.0,0.19300151198217833,1.1741702829502985,2.187505385128107,9.15446095818545,18.442319155286114,20.345718697743976,27.54861623200898,9.961389657520034,4.890590206657425
cc8a7f0f52562f9c,01_06_03.npy,0,1000,30,9,real_reader_values_nonnegative,float64,0.0,True,0.0,butterworth_o5_c0.3,270000,270000,0,0,0.0,0,0.0,0.0,9.164184339512188e-06,269730,135041,0.500652504356208,134673,0.49928817706595485,16,5.931857783709636e-05,0,0.0,0,0.0,269714,0,0.0,269714,0,0.0,0.05193907144533084,1.1753819270403936,2.188529955298514,9.153543091042664,18.444524477283654,20.347754598361448,27.373376950583978,9.961293213203064,4.891747990219822
cc8a7f0f52562f9c,01_06_03.npy,0,1000,30,9,real_reader_values_nonnegative,float64,0.0,True,0.0,savgol_w7_p3,270000,270000,0,1,3.7037037037037037e-06,1,3.7037037037037037e-06,3.59530742363583e-12,9.164184339512188e-06,269730,134615,0.49907314722129537,135110,0.5009083157231305,5,1.8537055574092612e-05,2,7.414822229637045e-06,0,0.0,269725,0,0.0,269725,0,0.0,-0.010935039626158133,1.1711197872666166,2.1870695522422596,9.151760760868985,18.448448468439523,20.386879272932358,27.563980562760698,9.961252395139685,4.894247327272349
cc8a7f0f52562f9c,01_06_03.npy,0,1000,30,9,real_reader_values_nonnegative,float64,0.0,True,0.0,bandpass_fs1000,270000,270000,0,139837,0.5179148148148148,139834,0.5179037037037038,0.33608037543495023,9.164184339512188e-06,269730,136896,0.5075297519741964,132793,0.492318244170096,41,0.00015200385570755942,5205,0.019297074852630408,137082,0.5082193304415527,269689,139763,0.5182376737649663,269689,139763,0.5182376737649663,-5.52417257499642,-2.0865759057803257,-1.3310704764954813,-0.03216845794167196,1.8494361751227257,3.572296252851702,6.89094737208725,0.08125880524638328,1.0130995508393614
cc8a7f0f52562f9c,01_06_03.npy,0,1000,30,9,real_reader_values_nonnegative,float64,0.0,True,0.0,bandpass_fs200,270000,270000,0,137463,0.5091222222222223,137458,0.5091037037037037,0.486854649624112,9.164184339512188e-06,269730,134725,0.4994809624439254,134998,0.5004930856782709,7,2.5951877803729657e-05,45846,0.16996996996996996,114372,0.424024024024024,269722,137248,0.5088498528114133,269723,137249,0.5088516737541848,-7.636479595688875,-2.0172116098342774,-1.1988021006030727,-0.0131207763414632,1.2797459914615408,2.1634443772227794,5.659533419020515,0.0026662154980906963,0.7863447286630695
cc8a7f0f52562f9c,01_06_03.npy,0,1000,30,9,real_reader_values_nonnegative,float64,0.0,True,0.0,hampel_w5_s3,270000,270000,0,0,0.0,0,0.0,0.0,9.164184339512188e-06,269730,133792,0.4960219478737997,133881,0.49635190746301855,2057,0.0076261446631817,0,0.0,0,0.0,267673,0,0.0,267673,0,0.0,0.0,1.1373773028435032,2.165981838897004,9.15962730714488,18.527934493001283,20.688054552961443,28.1927407483719,9.958870512446593,4.9190679483287365
cc8a7f0f52562f9c,01_06_04.npy,0,1000,30,9,real_reader_values_nonnegative,float64,0.0,True,0.0,raw,270000,270000,0,0,0.0,0,0.0,0.0,9.54597541374326e-06,269730,134603,0.49902865828791754,135115,0.5009268527787046,12,4.448893337782227e-05,0,0.0,0,0.0,269718,0,0.0,269718,0,0.0,0.0,1.10800983955453,3.16618670854128,9.54280209915784,18.87945393276924,21.67748615582242,29.9322044977877,10.4206008861453,4.8144945331584195
cc8a7f0f52562f9c,01_06_04.npy,0,1000,30,9,real_reader_values_nonnegative,float64,0.0,True,0.0,wavelet,270000,270000,0,0,0.0,0,0.0,0.0,9.54597541374326e-06,269730,135841,0.5036184332480629,133875,0.4963296629963297,14,5.1903755607459314e-05,0,0.0,0,0.0,269716,0,0.0,269716,0,0.0,0.009328849098043275,1.1478105495579414,3.1991798162561684,9.502808114112273,18.791470148981176,21.473427929006395,28.424801360554714,10.42058004479401,4.786924103220533
cc8a7f0f52562f9c,01_06_04.npy,0,1000,30,9,real_reader_values_nonnegative,float64,0.0,True,0.0,butterworth_o5_c0.3,270000,270000,0,0,0.0,0,0.0,0.0,9.54597541374326e-06,269730,135178,0.5011604196789382,134530,0.4987580172765358,22,8.156304452600749e-05,0,0.0,0,0.0,269708,0,0.0,269708,0,0.0,0.07586320419227949,1.1482712542758686,3.2025731738150855,9.503111304440633,18.798127025390862,21.509447328775583,29.208717891633476,10.420589128021374,4.787962014046857
cc8a7f0f52562f9c,01_06_04.npy,0,1000,30,9,real_reader_values_nonnegative,float64,0.0,True,0.0,savgol_w7_p3,270000,270000,0,1,3.7037037037037037e-06,1,3.7037037037037037e-06,8.312215822880203e-13,9.54597541374326e-06,269730,135149,0.5010529047566085,134575,0.4989248507767026,6,2.2244466688911134e-05,2,7.414822229637045e-06,0,0.0,269724,0,0.0,269724,0,0.0,-0.005433222217800099,1.146673394816587,3.2003581291804446,9.508090878830442,18.802006414421548,21.518422731068085,29.167874109090004,10.42061034944047,4.789965497079952
cc8a7f0f52562f9c,01_06_04.npy,0,1000,30,9,real_reader_values_nonnegative,float64,0.0,True,0.0,bandpass_fs1000,270000,270000,0,135444,0.5016444444444444,135443,0.5016407407407407,0.5757991902302612,9.54597541374326e-06,269730,136892,0.5075149223297372,132776,0.4922552181811441,62,0.0002298594891187484,4717,0.017487858228598968,132966,0.49295962629295964,269667,135264,0.501596413354248,269668,135265,0.5015982615660738,-8.266964731755868,-3.707349836488573,-1.9247212802421003,-0.00295655641459884,1.5908156246676868,3.1235764470441127,8.73847324502518,-0.06424886297847617,1.1713816511185005
cc8a7f0f52562f9c,01_06_04.npy,0,1000,30,9,real_reader_values_nonnegative,float64,0.0,True,0.0,bandpass_fs200,270000,270000,0,133816,0.49561481481481484,133814,0.4956074074074074,0.5263762766961858,9.54597541374326e-06,269730,134681,0.49931783635487337,135043,0.5006599191784377,6,2.2244466688911134e-05,42726,0.15840284729173618,112254,0.4161717272828384,269722,133599,0.49532110840050125,269724,133601,0.49532485058800846,-7.693444156404944,-3.089913461543345,-1.4339884419680684,0.006007000873648671,1.4142933367485244,2.611557386447343,8.260257278616487,-0.004202201549886953,0.9522139636649961
cc8a7f0f52562f9c,01_06_04.npy,0,1000,30,9,real_reader_values_nonnegative,float64,0.0,True,0.0,hampel_w5_s3,270000,270000,0,0,0.0,0,0.0,0.0,9.54597541374326e-06,269730,133789,0.4960108256404553,134165,0.497404812219627,1776,0.006584362139917695,0,0.0,0,0.0,267954,0,0.0,267954,0,0.0,0.0,1.10058283211,3.168255354078082,9.539379120504034,18.877563035265627,21.663442305655163,29.9322044977877,10.421981460572804,4.814047214488088
cc8a7f0f52562f9c,01_06_05.npy,0,1000,30,9,real_reader_values_nonnegative,float64,0.0,True,0.0,raw,270000,270000,0,0,0.0,0,0.0,0.0,9.29577118945752e-06,269730,134955,0.5003336670003337,134773,0.4996589181774367,2,7.414822229637045e-06,0,0.0,0,0.0,269728,0,0.0,269728,0,0.0,0.0,1.1619705981102921,2.686380228064181,9.294556518331435,18.5389710961976,20.621919290197322,29.0573732838081,10.117709002091576,4.838826427483552
cc8a7f0f52562f9c,01_06_05.npy,0,1000,30,9,real_reader_values_nonnegative,float64,0.0,True,0.0,wavelet,270000,270000,0,0,0.0,0,0.0,0.0,9.29577118945752e-06,269730,135179,0.501164127090053,134535,0.4987765543321099,16,5.931857783709636e-05,0,0.0,0,0.0,269714,0,0.0,269714,0,0.0,0.27113109178589595,1.1658946386515672,2.698251901133757,9.254159743995833,18.38609169172374,20.262333120714157,26.48986178541552,10.117790163922566,4.805854733101211
cc8a7f0f52562f9c,01_06_05.npy,0,1000,30,9,real_reader_values_nonnegative,float64,0.0,True,0.0,butterworth_o5_c0.3,270000,270000,0,0,0.0,0,0.0,0.0,9.29577118945752e-06,269730,134696,0.4993734475215957,135020,0.5005746487227969,14,5.1903755607459314e-05,0,0.0,0,0.0,269716,0,0.0,269716,0,0.0,0.1598422933627117,1.1705003891391166,2.6949893539960956,9.25608638629009,18.392012379674867,20.287682349988327,26.272671417290702,10.117720083774547,4.807196770991328
cc8a7f0f52562f9c,01_06_05.npy,0,1000,30,9,real_reader_values_nonnegative,float64,0.0,True,0.0,savgol_w7_p3,270000,270000,0,0,0.0,0,0.0,0.0,9.29577118945752e-06,269730,135151,0.5010603195788381,134573,0.49891743595447297,6,2.2244466688911134e-05,0,0.0,0,0.0,269724,0,0.0,269724,0,0.0,0.1188933714278697,1.1685545510419642,2.6956104618189536,9.258964295534426,18.406233736125518,20.31727308376955,26.185404980241056,10.117675751324956,4.809497398041005
cc8a7f0f52562f9c,01_06_05.npy,0,1000,30,9,real_reader_values_nonnegative,float64,0.0,True,0.0,bandpass_fs1000,270000,270000,0,133854,0.49575555555555556,133854,0.49575555555555556,0.3836275831011961,9.29577118945752e-06,269730,130991,0.48563748934119305,138681,0.5141474808141475,58,0.0002150298446594743,4802,0.017802988173358545,131276,0.48669410150891634,269670,133655,0.4956242815292765,269672,133657,0.4956280221899196,-5.552164411812947,-2.591231834899027,-1.5742695157183297,0.009067180497857878,2.0391414290206886,3.2750284253489332,6.769267115177411,0.0865414008691442,1.1087459532619564
cc8a7f0f52562f9c,01_06_05.npy,0,1000,30,9,real_reader_values_nonnegative,float64,0.0,True,0.0,bandpass_fs200,270000,270000,0,134916,0.4996888888888889,134916,0.4996888888888889,0.47998494998905944,9.29577118945752e-06,269730,134884,0.5000704408111816,134842,0.49991472954435917,4,1.482964445927409e-05,44314,0.16429021614206799,112620,0.41752863975086196,269726,134787,0.49971823257676307,269726,134787,0.49971823257676307,-5.966739424310346,-2.4535292910741933,-1.3676713777534086,0.000390074736833744,1.3388697385793555,2.6322725726721954,7.080905777930115,0.0023348913173306656,0.8869797360413958
cc8a7f0f52562f9c,01_06_05.npy,0,1000,30,9,real_reader_values_nonnegative,float64,0.0,True,0.0,hampel_w5_s3,270000,270000,0,0,0.0,0,0.0,0.0,9.29577118945752e-06,269730,133950,0.49660771882994104,133787,0.49600341081822563,1993,0.007388870351833315,0,0.0,0,0.0,267737,0,0.0,267737,0,0.0,0.0,1.1595405875918294,2.6871070893810747,9.29335592958104,18.538608087979235,20.59418611090275,29.0573732838081,10.12189891946601,4.840102903800922
cc8a7f0f52562f9c,01_06_06.npy,0,1000,30,9,real_reader_values_nonnegative,float64,0.0,True,0.0,raw,270000,270000,0,0,0.0,0,0.0,0.0,8.629170480125459e-06,269730,135173,0.5011418826233641,134531,0.4987617246876506,26,9.639268898528158e-05,0,0.0,0,0.0,269704,0,0.0,269704,0,0.0,0.0,0.797494730769851,2.12814179161038,8.626556046609615,18.513724945050914,20.394404311201523,25.6812347061904,9.743118143737137,5.046339656399145
cc8a7f0f52562f9c,01_06_06.npy,0,1000,30,9,real_reader_values_nonnegative,float64,0.0,True,0.0,wavelet,270000,270000,0,0,0.0,0,0.0,0.0,8.629170480125459e-06,269730,134987,0.5004523041560078,134727,0.499488377266155,16,5.931857783709636e-05,0,0.0,0,0.0,269714,0,0.0,269714,0,0.0,0.04591108743034808,0.7768521904034541,2.1392830134761716,8.608399397210537,18.457470260069538,20.030712928021426,24.291943613276885,9.743148371582897,5.01870080343675
cc8a7f0f52562f9c,01_06_06.npy,0,1000,30,9,real_reader_values_nonnegative,float64,0.0,True,0.0,butterworth_o5_c0.3,270000,270000,0,0,0.0,0,0.0,0.0,8.629170480125459e-06,269730,135230,0.5013532050569087,134493,0.49862084306528753,7,2.5951877803729657e-05,0,0.0,0,0.0,269723,0,0.0,269723,0,0.0,0.072720127279606,0.7763864197507769,2.142632726670056,8.608892326218577,18.46128696927963,20.041372530285017,24.259937996317166,9.743191486866673,5.019999697053938
cc8a7f0f52562f9c,01_06_06.npy,0,1000,30,9,real_reader_values_nonnegative,float64,0.0,True,0.0,savgol_w7_p3,270000,270000,0,1,3.7037037037037037e-06,1,3.7037037037037037e-06,9.674295210252768e-12,8.629170480125459e-06,269730,135280,0.5015385756126497,134443,0.49843547250954656,7,2.5951877803729657e-05,2,7.414822229637045e-06,0,0.0,269723,0,0.0,269723,0,0.0,-0.017715372684223407,0.7731625596665125,2.1397007913191977,8.609733286241454,18.466752825350632,20.07996799814442,24.539646597191386,9.743125735218209,5.02192802823999
cc8a7f0f52562f9c,01_06_06.npy,0,1000,30,9,real_reader_values_nonnegative,float64,0.0,True,0.0,bandpass_fs1000,270000,270000,0,129226,0.4786148148148148,129223,0.4786037037037037,0.43740964161234036,8.629170480125459e-06,269730,134280,0.49783116449783116,135403,0.5019945871797724,47,0.00017424832239647055,5372,0.0199162125088051,126387,0.46856856856856854,269680,129077,0.4786302284188668,269683,129080,0.4786360282257317,-4.039110827171912,-1.8642662071039813,-1.1400262396935954,0.028211385180564534,1.287897959406648,2.1351341058752378,3.7565871382093543,0.04315594742184378,0.7438782711650967
cc8a7f0f52562f9c,01_06_06.npy,0,1000,30,9,real_reader_values_nonnegative,float64,0.0,True,0.0,bandpass_fs200,270000,270000,0,136757,0.5065074074074074,136753,0.5064925925925926,0.5034087200492453,8.629170480125459e-06,269730,134638,0.4991584176769362,135084,0.5008119230341452,8,2.965928891854818e-05,49716,0.18431765098431765,111780,0.4144144144144144,269720,136629,0.5065586534183598,269722,136631,0.5065623123067454,-4.654105744676464,-1.7635579530495218,-1.0499473293050943,-0.008163384868658724,1.0868860524711936,1.8043442663555298,4.0396255537200805,-0.0038143188688306044,0.6597649155727056
cc8a7f0f52562f9c,01_06_06.npy,0,1000,30,9,real_reader_values_nonnegative,float64,0.0,True,0.0,hampel_w5_s3,270000,270000,0,0,0.0,0,0.0,0.0,8.629170480125459e-06,269730,134125,0.49725651577503427,133672,0.4955770585400215,1933,0.0071664256849442035,0,0.0,0,0.0,267797,0,0.0,267797,0,0.0,0.0,0.803250361769769,2.1272241251959723,8.62459287727695,18.504039684441825,20.36305467388504,25.6812347061904,9.74319109754583,5.044326613977151
cc8a7f0f52562f9c,01_06_07.npy,0,1000,30,9,real_reader_values_nonnegative,float64,0.0,True,0.0,raw,270000,270000,0,0,0.0,0,0.0,0.0,9.02877865149688e-06,269730,134830,0.49987024061098134,134898,0.5001223445667891,2,7.414822229637045e-06,0,0.0,0,0.0,269728,0,0.0,269728,0,0.0,0.0,1.193386135608826,2.28935687729161,9.02822968757297,18.496767903420814,21.70577381567852,29.0613932046247,9.942742433665199,4.9921830733245205
cc8a7f0f52562f9c,01_06_07.npy,0,1000,30,9,real_reader_values_nonnegative,float64,0.0,True,0.0,wavelet,270000,270000,0,0,0.0,0,0.0,0.0,9.02877865149688e-06,269730,134999,0.5004967930893857,134716,0.499447595743892,15,5.5611166722277836e-05,0,0.0,0,0.0,269715,0,0.0,269715,0,0.0,0.22210177440873302,1.2591328122940237,2.2913851246755454,9.009666357029145,18.373175375074222,21.422297586387945,27.761937974095797,9.94260554437302,4.96530316462119
cc8a7f0f52562f9c,01_06_07.npy,0,1000,30,9,real_reader_values_nonnegative,float64,0.0,True,0.0,butterworth_o5_c0.3,270000,270000,0,0,0.0,0,0.0,0.0,9.02877865149688e-06,269730,134989,0.5004597189782375,134723,0.49947354762169577,18,6.67334000667334e-05,0,0.0,0,0.0,269712,0,0.0,269712,0,0.0,0.13059089076109381,1.2547618638018714,2.288265737247718,9.011438745675225,18.383383084709646,21.440501354856153,28.060329214493542,9.942622673125369,4.966243666219475
cc8a7f0f52562f9c,01_06_07.npy,0,1000,30,9,real_reader_values_nonnegative,float64,0.0,True,0.0,savgol_w7_p3,270000,270000,0,0,0.0,0,0.0,0.0,9.02877865149688e-06,269730,135266,0.5014866718570422,134449,0.4984577169762355,15,5.5611166722277836e-05,0,0.0,0,0.0,269715,0,0.0,269715,0,0.0,0.040176084421863975,1.244987063401019,2.291322423981984,9.012332279905788,18.39118585374209,21.4884000839138,28.327111524534033,9.942803598945423,4.968519371644877
cc8a7f0f52562f9c,01_06_07.npy,0,1000,30,9,real_reader_values_nonnegative,float64,0.0,True,0.0,bandpass_fs1000,270000,270000,0,141782,0.5251185185185185,141782,0.5251185185185185,0.5908367038248602,9.02877865149688e-06,269730,137027,0.5080154228302376,132652,0.4917954992029066,51,0.00018907796685574464,4747,0.017599080562043526,139314,0.5164942720498276,269677,141634,0.5251986635864386,269679,141636,0.5252021848197301,-7.671390476300407,-3.210414602355736,-1.7555849536382233,-0.046819898366036214,1.5352279640659172,2.6352063879140966,5.269276362901336,-0.059653529035758324,1.0424442878659632
cc8a7f0f52562f9c,01_06_07.npy,0,1000,30,9,real_reader_values_nonnegative,float64,0.0,True,0.0,bandpass_fs200,270000,270000,0,134143,0.49682592592592595,134138,0.4968074074074074,0.48122392315418155,9.02877865149688e-06,269730,134648,0.49919549178808437,135074,0.5007748489229971,8,2.965928891854818e-05,46551,0.17258369480591704,110732,0.4105290475660846,269720,133857,0.4962813287854071,269722,133859,0.4962850638805882,-5.517045554000991,-2.119460104859576,-1.2231431360203648,0.004198625764893774,1.2233051103687596,2.2560247957126913,5.871244001299554,0.010805847905619774,0.7696778748663536
cc8a7f0f52562f9c,01_06_07.npy,0,1000,30,9,real_reader_values_nonnegative,float64,0.0,True,0.0,hampel_w5_s3,270000,270000,0,0,0.0,0,0.0,0.0,9.02877865149688e-06,269730,133864,0.49628888147406663,133908,0.4964520075631187,1958,0.007259110962814667,0,0.0,0,0.0,267772,0,0.0,267772,0,0.0,0.0,1.19881519073774,2.2845071938906,9.023723768756934,18.461615647819077,21.637175087274347,29.0613932046247,9.937611979382066,4.985921653160435
cc8a7f0f52562f9c,01_06_08.npy,0,1000,30,9,real_reader_values_nonnegative,float64,0.0,True,0.0,raw,270000,270000,0,0,0.0,0,0.0,0.0,8.78184212045506e-06,269730,134738,0.499529158788418,134983,0.5004374745115486,9,3.33667000333667e-05,0,0.0,0,0.0,269721,0,0.0,269721,0,0.0,0.0,1.3220380231497573,2.597775611357117,8.78118311567574,17.998510645724178,19.7920165617807,24.6980701637289,9.721830251148461,4.674016276980849
cc8a7f0f52562f9c,01_06_08.npy,0,1000,30,9,real_reader_values_nonnegative,float64,0.0,True,0.0,wavelet,270000,270000,0,0,0.0,0,0.0,0.0,8.78184212045506e-06,269730,135505,0.5023727431134839,134208,0.49756423089756424,17,6.302598895191488e-05,0,0.0,0,0.0,269713,0,0.0,269713,0,0.0,0.21087180484904716,1.3822832516695203,2.6340567819085363,8.767187897351688,17.928272000063853,19.48481755926925,23.482722495389037,9.72187783132777,4.646358948671117
cc8a7f0f52562f9c,01_06_08.npy,0,1000,30,9,real_reader_values_nonnegative,float64,0.0,True,0.0,butterworth_o5_c0.3,270000,270000,0,1,3.7037037037037037e-06,1,3.7037037037037037e-06,3.656592424513206e-15,8.78184212045506e-06,269730,135168,0.50112334556779,134548,0.49882475067660254,14,5.1903755607459314e-05,1,3.7074111148185224e-06,0,0.0,269716,0,0.0,269716,0,0.0,-0.0003385840983716809,1.385756782643979,2.6345067465823084,8.766368080716923,17.931743116846235,19.499801822885317,23.80148700532973,9.72204057099281,4.6473779785252445
cc8a7f0f52562f9c,01_06_08.npy,0,1000,30,9,real_reader_values_nonnegative,float64,0.0,True,0.0,savgol_w7_p3,270000,270000,0,0,0.0,0,0.0,0.0,8.78184212045506e-06,269730,135070,0.5007600192785377,134654,0.4992177362547733,6,2.2244466688911134e-05,0,0.0,0,0.0,269724,0,0.0,269724,0,0.0,0.041585714133925145,1.3882095902702076,2.634000127203417,8.768699448506268,17.936430325353555,19.52449821913475,24.041290346108863,9.721784808088675,4.649356050393809
cc8a7f0f52562f9c,01_06_08.npy,0,1000,30,9,real_reader_values_nonnegative,float64,0.0,True,0.0,bandpass_fs1000,270000,270000,0,131390,0.48662962962962963,131384,0.48660740740740743,0.4175102297259187,8.78184212045506e-06,269730,136903,0.5075557038520001,132779,0.4922663404144886,48,0.00017795573351128907,4944,0.018329440551662773,128749,0.4773254736217699,269681,131197,0.4864895932601852,269682,131198,0.4864914973932261,-5.493845157813905,-2.2590761612654484,-1.2665845709447143,0.02184711458190512,1.4343567062977214,2.921056638427167,6.726710990462063,0.047453693600993906,0.8986384747722362
cc8a7f0f52562f9c,01_06_08.npy,0,1000,30,9,real_reader_values_nonnegative,float64,0.0,True,0.0,bandpass_fs200,270000,270000,0,138233,0.511974074074074,138231,0.5119666666666667,0.46388900628728924,8.78184212045506e-06,269730,135114,0.5009231453675899,134612,0.49906202498795094,4,1.482964445927409e-05,47488,0.17605753902050197,114356,0.4239647054461869,269724,138079,0.5119270068662781,269726,138081,0.5119306258944262,-4.761810412810065,-1.8559396023090862,-1.0743209300844818,-0.015401014514490372,1.1136410072383078,2.1006084778391267,5.865218491453157,-0.00031755895158218486,0.7110347807569184
cc8a7f0f52562f9c,01_06_08.npy,0,1000,30,9,real_reader_values_nonnegative,float64,0.0,True,0.0,hampel_w5_s3,270000,270000,0,0,0.0,0,0.0,0.0,8.78184212045506e-06,269730,133768,0.49593297000704406,133815,0.49610721832944055,2147,0.007959811663515367,0,0.0,0,0.0,267583,0,0.0,267583,0,0.0,0.0,1.342443728707645,2.5985847635603867,8.77823280158119,17.99171600933836,19.738947885847523,24.6980701637289,9.719839725931468,4.669740260319183
cc8a7f0f52562f9c,01_06_09.npy,0,1000,30,9,real_reader_values_nonnegative,float64,0.0,True,0.0,raw,270000,270000,0,0,0.0,0,0.0,0.0,8.66609474310952e-06,269730,134790,0.4997219441663886,134933,0.5002521039558077,7,2.5951877803729657e-05,0,0.0,0,0.0,269723,0,0.0,269723,0,0.0,0.0,1.145405007858793,2.252629952716422,8.665326108389621,18.28683365742481,20.02154387066923,24.1228362089207,9.546044706120956,4.867651916777027
cc8a7f0f52562f9c,01_06_09.npy,0,1000,30,9,real_reader_values_nonnegative,float64,0.0,True,0.0,wavelet,270000,270000,0,0,0.0,0,0.0,0.0,8.66609474310952e-06,269730,135865,0.5037074111148185,133854,0.49625180736291846,11,4.0781522263003746e-05,0,0.0,0,0.0,269719,0,0.0,269719,0,0.0,0.15334104552167188,1.214175872282517,2.271304985907519,8.684552927246829,18.22768382517117,19.706793160262272,22.869379057845872,9.546037703517168,4.840381325410422
cc8a7f0f52562f9c,01_06_09.npy,0,1000,30,9,real_reader_values_nonnegative,float64,0.0,True,0.0,butterworth_o5_c0.3,270000,270000,0,0,0.0,0,0.0,0.0,8.66609474310952e-06,269730,135003,0.500511622733845,134709,0.4994216438660883,18,6.67334000667334e-05,0,0.0,0,0.0,269712,0,0.0,269712,0,0.0,0.18159882227972526,1.2150570612436105,2.269870031619292,8.682194227221029,18.237377474244738,19.718576262755374,23.06650201970262,9.546034543741829,4.841621684536801
cc8a7f0f52562f9c,01_06_09.npy,0,1000,30,9,real_reader_values_nonnegative,float64,0.0,True,0.0,savgol_w7_p3,270000,270000,0,0,0.0,0,0.0,0.0,8.66609474310952e-06,269730,135050,0.5006858710562414,134668,0.49926964001038077,12,4.448893337782227e-05,0,0.0,0,0.0,269718,0,0.0,269718,0,0.0,0.10815954311621473,1.209104646521706,2.2673991199417793,8.683052487827558,18.24258352203402,19.74199965237854,23.08591829368642,9.546058704942986,4.8435802083838935
cc8a7f0f52562f9c,01_06_09.npy,0,1000,30,9,real_reader_values_nonnegative,float64,0.0,True,0.0,bandpass_fs1000,270000,270000,0,129683,0.4803074074074074,129682,0.4803037037037037,0.481396876891639,8.66609474310952e-06,269730,135322,0.501694286879472,134360,0.49812775738701665,48,0.00017795573351128907,4567,0.01693174656137619,127255,0.471786601416231,269681,129516,0.48025630281703197,269682,129517,0.48025823006355634,-5.814048229352078,-2.9765473103092592,-1.5020688524581185,0.03547041555804429,1.68828075876598,2.7353371582413053,5.516528901153806,0.03791928683269879,0.997402434642828
cc8a7f0f52562f9c,01_06_09.npy,0,1000,30,9,real_reader_values_nonnegative,float64,0.0,True,0.0,bandpass_fs200,270000,270000,0,136321,0.5048925925925926,136320,0.5048888888888889,0.46895878942920616,8.66609474310952e-06,269730,134751,0.4995773551329107,134970,0.5003892781670559,9,3.33667000333667e-05,47469,0.17598709820932043,112457,0.41692433173914656,269716,136046,0.5044046330214003,269721,136051,0.5044138202068063,-3.8765477024047073,-1.7525818089485616,-1.1026249907511754,-0.006364925923644071,1.1298286199807774,1.9825129608626593,4.915075053338869,0.003921763528669347,0.6914250326367143
cc8a7f0f52562f9c,01_06_09.npy,0,1000,30,9,real_reader_values_nonnegative,float64,0.0,True,0.0,hampel_w5_s3,270000,270000,0,0,0.0,0,0.0,0.0,8.66609474310952e-06,269730,133886,0.4963704445185927,133859,0.49627034441849255,1985,0.007359211062914766,0,0.0,0,0.0,267745,0,0.0,267745,0,0.0,0.0,1.1551134554469233,2.2520287980045026,8.66527207276312,18.29060850952263,19.97387052441242,23.4376702255576,9.548032834535103,4.866428480215852
cc8a7f0f52562f9c,01_06_10.npy,0,1000,30,9,real_reader_values_nonnegative,float64,0.0,True,0.0,raw,270000,270000,0,0,0.0,0,0.0,0.0,8.706535539964459e-06,269730,134903,0.5001408816223631,134818,0.4998257516776035,9,3.33667000333667e-05,0,0.0,0,0.0,269721,0,0.0,269721,0,0.0,0.0,0.864776916976691,2.25863708259627,8.70392179478321,18.5544476187859,20.508319873379293,26.4826167012107,9.69985051738809,5.0729391704445845
cc8a7f0f52562f9c,01_06_10.npy,0,1000,30,9,real_reader_values_nonnegative,float64,0.0,True,0.0,wavelet,270000,270000,0,0,0.0,0,0.0,0.0,8.706535539964459e-06,269730,135178,0.5011604196789382,134531,0.4987617246876506,21,7.785563341118897e-05,0,0.0,0,0.0,269709,0,0.0,269709,0,0.0,0.07322064222265953,0.8687772692760791,2.2999354780899663,8.678224466008936,18.494467414101333,20.188707205193896,25.070118571017915,9.699812071626905,5.046591767355602
cc8a7f0f52562f9c,01_06_10.npy,0,1000,30,9,real_reader_values_nonnegative,float64,0.0,True,0.0,butterworth_o5_c0.3,270000,270000,0,0,0.0,0,0.0,0.0,8.706535539964459e-06,269730,134396,0.49826122418715013,135322,0.501694286879472,12,4.448893337782227e-05,0,0.0,0,0.0,269718,0,0.0,269718,0,0.0,0.06583683534937995,0.870188467903353,2.2987590592320952,8.68049538984592,18.49577272910319,20.198238805516937,24.751147552108897,9.699675288740893,5.047422102465397
cc8a7f0f52562f9c,01_06_10.npy,0,1000,30,9,real_reader_values_nonnegative,float64,0.0,True,0.0,savgol_w7_p3,270000,270000,0,0,0.0,0,0.0,0.0,8.706535539964459e-06,269730,134481,0.4985763541319097,135241,0.5013939865791718,8,2.965928891854818e-05,0,0.0,0,0.0,269722,0,0.0,269722,0,0.0,0.010271025366491743,0.8659820896740408,2.295584020371665,8.68208522038255,18.50078470429394,20.232225129869892,25.104842010602972,9.699899407212076,5.049590540435652
cc8a7f0f52562f9c,01_06_10.npy,0,1000,30,9,real_reader_values_nonnegative,float64,0.0,True,0.0,bandpass_fs1000,270000,270000,0,131579,0.4873296296296296,131578,0.48732592592592594,0.5233647738766841,8.706535539964459e-06,269730,136515,0.5061172283394506,133150,0.4936417899380862,65,0.00024098172246320396,4542,0.016839061283505728,129228,0.479101323545768,269664,131429,0.4873805921442981,269665,131430,0.4873824930932824,-6.697673029133725,-2.533890942490275,-1.5634422470485785,0.02160729219928878,1.5650295032342882,2.4197542909842897,5.206069961122127,0.0034748624736124197,0.9552478527516917
cc8a7f0f52562f9c,01_06_10.npy,0,1000,30,9,real_reader_values_nonnegative,float64,0.0,True,0.0,bandpass_fs200,270000,270000,0,134575,0.49842592592592594,134573,0.49841851851851854,0.4742628106264637,8.706535539964459e-06,269730,135031,0.5006154302450598,134692,0.49935861787713637,7,2.5951877803729657e-05,44659,0.1655692729766804,112114,0.4156526897267638,269722,134231,0.4976642617213279,269723,134232,0.49766612413476047,-5.2258017067260205,-1.9870918359894498,-1.1279896514236214,0.0020460938072976373,1.1751558454634285,2.0205602091183077,7.472192752884621,0.009477933597080407,0.7370659594290648
cc8a7f0f52562f9c,01_06_10.npy,0,1000,30,9,real_reader_values_nonnegative,float64,0.0,True,0.0,hampel_w5_s3,270000,270000,0,0,0.0,0,0.0,0.0,8.706535539964459e-06,269730,133765,0.49592184777369963,133900,0.4964223482742001,2065,0.0076558039521002486,0,0.0,0,0.0,267665,0,0.0,267665,0,0.0,0.0,0.866795420195842,2.25944635299576,8.699419238362779,18.550760367617126,20.446940419426653,26.4826167012107,9.699753858925638,5.069830988233269
cc8a7f0f52562f9c,01_06_11.npy,0,1000,30,9,real_reader_values_nonnegative,float64,0.0,True,0.0,raw,270000,270000,0,0,0.0,0,0.0,0.0,9.15517203506536e-06,269730,135104,0.5008860712564416,134614,0.49906943981018054,12,4.448893337782227e-05,0,0.0,0,0.0,269718,0,0.0,269718,0,0.0,0.0,1.39270967431674,3.131020295387056,9.15467362828638,19.35708453936786,22.122653808517306,28.4183409825784,10.196074888605363,4.937553276945831
cc8a7f0f52562f9c,01_06_11.npy,0,1000,30,9,real_reader_values_nonnegative,float64,0.0,True,0.0,wavelet,270000,270000,0,0,0.0,0,0.0,0.0,9.15517203506536e-06,269730,135424,0.5020724428131835,134287,0.4978571163756349,19,7.044081118155193e-05,0,0.0,0,0.0,269711,0,0.0,269711,0,0.0,0.3142507128960377,1.4643748204289124,3.1503832474021207,9.171808756907627,19.352828689639065,21.879570185679196,26.107423295889866,10.196080107372751,4.905898003656987
cc8a7f0f52562f9c,01_06_11.npy,0,1000,30,9,real_reader_values_nonnegative,float64,0.0,True,0.0,butterworth_o5_c0.3,270000,270000,0,0,0.0,0,0.0,0.0,9.15517203506536e-06,269730,135454,0.5021836651466282,134266,0.49777926074222373,10,3.7074111148185224e-05,0,0.0,0,0.0,269720,0,0.0,269720,0,0.0,0.3119155309007716,1.4589389888606497,3.15155590990404,9.169150357751544,19.35327320868025,21.887257555627382,26.096077858882225,10.195975638120872,4.907186870148954
cc8a7f0f52562f9c,01_06_11.npy,0,1000,30,9,real_reader_values_nonnegative,float64,0.0,True,0.0,savgol_w7_p3,270000,270000,0,0,0.0,0,0.0,0.0,9.15517203506536e-06,269730,134806,0.4997812627442257,134914,0.5001816631446261,10,3.7074111148185224e-05,0,0.0,0,0.0,269720,0,0.0,269720,0,0.0,0.067920737952367,1.4492486086092407,3.152630014142183,9.168329263433282,19.34647152096306,21.906003291469812,26.331204906915932,10.196111032706016,4.909752080556257
cc8a7f0f52562f9c,01_06_11.npy,0,1000,30,9,real_reader_values_nonnegative,float64,0.0,True,0.0,bandpass_fs1000,270000,270000,0,133176,0.49324444444444443,133174,0.49323703703703703,0.5339961303164831,9.15517203506536e-06,269730,133826,0.49614799985170355,135846,0.503636970303637,58,0.0002150298446594743,5298,0.01964186408630853,130377,0.48336113891669447,269668,132984,0.49313971253541394,269672,132988,0.4931472307098994,-6.812628271897809,-3.2371536338310714,-1.5615301806150763,0.012624304127605221,1.589107329563488,2.7038328129543876,4.826750306953573,-0.003260102154287127,1.001051720628503
cc8a7f0f52562f9c,01_06_11.npy,0,1000,30,9,real_reader_values_nonnegative,float64,0.0,True,0.0,bandpass_fs200,270000,270000,0,133942,0.49608148148148146,133941,0.4960777777777778,0.492672309680601,9.15517203506536e-06,269730,135068,0.5007526044563082,134655,0.4992214436658881,7,2.5951877803729657e-05,44319,0.1643087531976421,111668,0.41399918436955474,269723,133899,0.4964315241933391,269723,133899,0.4964315241933391,-4.393396785041146,-2.0224399683175642,-1.2208084283502143,0.00641719188156821,1.2310422999994186,2.0542959548618698,4.913511485121777,0.005198218542266017,0.7599171925830817
cc8a7f0f52562f9c,01_06_11.npy,0,1000,30,9,real_reader_values_nonnegative,float64,0.0,True,0.0,hampel_w5_s3,270000,270000,0,0,0.0,0,0.0,0.0,9.15517203506536e-06,269730,134125,0.49725651577503427,133696,0.49566603640677714,1909,0.007077447818188559,0,0.0,0,0.0,267821,0,0.0,267821,0,0.0,0.0,1.39651584118196,3.131466419038468,9.153662795670407,19.362287258823894,22.108199021774475,27.8504931537618,10.198650462600284,4.936686984087755
cc8a7f0f52562f9c,01_06_12.npy,0,1000,30,9,real_reader_values_nonnegative,float64,0.0,True,0.0,raw,270000,270000,0,0,0.0,0,0.0,0.0,9.03397345831523e-06,269730,134947,0.5003040077114151,134781,0.49968857746635525,2,7.414822229637045e-06,0,0.0,0,0.0,269728,0,0.0,269728,0,0.0,0.0,1.40753814737306,2.9575892508173283,9.03337673128235,18.924935586678163,21.203786426774826,27.9631810292782,9.996973684479352,4.8467089427443755
cc8a7f0f52562f9c,01_06_12.npy,0,1000,30,9,real_reader_values_nonnegative,float64,0.0,True,0.0,wavelet,270000,270000,0,0,0.0,0,0.0,0.0,9.03397345831523e-06,269730,134741,0.4995402810217625,134972,0.5003966929892856,17,6.302598895191488e-05,0,0.0,0,0.0,269713,0,0.0,269713,0,0.0,0.2570789363188063,1.4630291493651046,2.978379340116018,9.024300859764043,18.930035774692822,20.850429046288564,25.833051779390882,9.996993058745542,4.818004906600438
cc8a7f0f52562f9c,01_06_12.npy,0,1000,30,9,real_reader_values_nonnegative,float64,0.0,True,0.0,butterworth_o5_c0.3,270000,270000,0,0,0.0,0,0.0,0.0,9.03397345831523e-06,269730,134886,0.5000778556334112,134828,0.49986282578875174,16,5.931857783709636e-05,0,0.0,0,0.0,269714,0,0.0,269714,0,0.0,0.27822062881476606,1.463158699660603,2.9737512926389935,9.022629192694012,18.93670816079718,20.858646911902532,26.135869453465972,9.99702173612837,4.819110132473148
cc8a7f0f52562f9c,01_06_12.npy,0,1000,30,9,real_reader_values_nonnegative,float64,0.0,True,0.0,savgol_w7_p3,270000,270000,0,0,0.0,0,0.0,0.0,9.03397345831523e-06,269730,135020,0.5005746487227969,134705,0.499406814221629,5,1.8537055574092612e-05,0,0.0,0,0.0,269725,0,0.0,269725,0,0.0,0.17090808124472973,1.4634203714870897,2.9718822774002356,9.024058172045434,18.93054153849371,20.90207635893376,26.449538901460265,9.996978730599569,4.821222238366646
cc8a7f0f52562f9c,01_06_12.npy,0,1000,30,9,real_reader_values_nonnegative,float64,0.0,True,0.0,bandpass_fs1000,270000,270000,0,132145,0.48942592592592593,132145,0.48942592592592593,0.5274492064058414,9.03397345831523e-06,269730,134555,0.4988507025544063,135123,0.5009565120676231,52,0.00019278537797056316,4907,0.018192266340414487,129551,0.4802988173358544,269678,131966,0.48934655403852,269678,131966,0.48934655403852,-6.9464796508636155,-2.7989027611014614,-1.5616562170270316,0.02132860013921591,1.5089490042238014,2.602887914163651,4.831763030852379,-0.004632267135447007,0.9805906905147248
cc8a7f0f52562f9c,01_06_12.npy,0,1000,30,9,real_reader_values_nonnegative,float64,0.0,True,0.0,bandpass_fs200,270000,270000,0,134438,0.49791851851851854,134437,0.4979148148148148,0.5099336991953279,9.03397345831523e-06,269730,134576,0.49892855818781745,135150,0.5010566121677232,4,1.482964445927409e-05,42211,0.15649353056760465,113213,0.4197271345419494,269724,134231,0.4976605715472112,269726,134233,0.4976642963600098,-6.355659840147382,-2.1187706145327874,-1.2270710223932437,0.0032368295373819134,1.2097885961677994,1.9937352651283327,5.3434259456069375,0.0023830838713442062,0.7678706791222454
cc8a7f0f52562f9c,01_06_12.npy,0,1000,30,9,real_reader_values_nonnegative,float64,0.0,True,0.0,hampel_w5_s3,270000,270000,0,0,0.0,0,0.0,0.0,9.03397345831523e-06,269730,134049,0.4969747525303081,133900,0.4964223482742001,1781,0.006602899195491788,0,0.0,0,0.0,267949,0,0.0,267949,0,0.0,0.0,1.4174231354821671,2.9601182305032987,9.02983000117999,18.926946193054132,21.19777598648289,27.9631810292782,9.997659703667445,4.846721231427418
cc8a7f0f52562f9c,01_06_13.npy,0,1000,30,9,real_reader_values_nonnegative,float64,0.0,True,0.0,raw,270000,270000,0,0,0.0,0,0.0,0.0,8.83024601187987e-06,269730,134836,0.49989248507767026,134887,0.500081563044526,7,2.5951877803729657e-05,0,0.0,0,0.0,269723,0,0.0,269723,0,0.0,0.0,1.4286734380792807,2.7410363467365695,8.830056790082654,19.4828993456363,21.666259814793964,29.3893667226901,10.011238568057626,5.10640615314593
cc8a7f0f52562f9c,01_06_13.npy,0,1000,30,9,real_reader_values_nonnegative,float64,0.0,True,0.0,wavelet,270000,270000,0,0,0.0,0,0.0,0.0,8.83024601187987e-06,269730,133922,0.4965039113187261,135796,0.503451599747896,12,4.448893337782227e-05,0,0.0,0,0.0,269718,0,0.0,269718,0,0.0,0.25912676649014943,1.4916186259825224,2.733678188516265,8.797925146815295,19.476522026539158,21.348942986255892,26.619892077962938,10.011344863966166,5.0769557978740005
cc8a7f0f52562f9c,01_06_13.npy,0,1000,30,9,real_reader_values_nonnegative,float64,0.0,True,0.0,butterworth_o5_c0.3,270000,270000,0,0,0.0,0,0.0,0.0,8.83024601187987e-06,269730,133882,0.4963556148741334,135841,0.5036184332480629,7,2.5951877803729657e-05,0,0.0,0,0.0,269723,0,0.0,269723,0,0.0,0.3051897689329754,1.4912238749246813,2.7321617976138013,8.798674981679405,19.47637974789318,21.356156015196284,26.737041188844206,10.01128986197455,5.078037065836381
cc8a7f0f52562f9c,01_06_13.npy,0,1000,30,9,real_reader_values_nonnegative,float64,0.0,True,0.0,savgol_w7_p3,270000,270000,0,0,0.0,0,0.0,0.0,8.83024601187987e-06,269730,134240,0.4976828680532384,135473,0.5022541059578096,17,6.302598895191488e-05,0,0.0,0,0.0,269713,0,0.0,269713,0,0.0,0.15583774854288493,1.4946708981750476,2.732608267257627,8.79991814606624,19.477348402206598,21.392566241521283,26.950792187151293,10.011155663897826,5.080152155287302
cc8a7f0f52562f9c,01_06_13.npy,0,1000,30,9,real_reader_values_nonnegative,float64,0.0,True,0.0,bandpass_fs1000,270000,270000,0,127672,0.47285925925925926,127670,0.47285185185185186,0.5339027351238402,8.83024601187987e-06,269730,135191,0.5012086160234308,134495,0.49862825788751713,44,0.00016312608905201499,5145,0.019074630185741296,124958,0.4632706780854929,269685,127422,0.4724845653262139,269686,127423,0.47248652136188013,-4.735712417627158,-2.3060279994667923,-1.3239397000784554,0.04649270274632883,1.2476617913514825,1.989340749240265,4.810052949592866,0.00612143686930554,0.8077710688527563
cc8a7f0f52562f9c,01_06_13.npy,0,1000,30,9,real_reader_values_nonnegative,float64,0.0,True,0.0,bandpass_fs200,270000,270000,0,134164,0.4969037037037037,134163,0.4969,0.5024940117695191,8.83024601187987e-06,269730,134551,0.49883587290994696,135171,0.5011344678011345,8,2.965928891854818e-05,48446,0.17960923886849814,109789,0.4070329588848107,269721,133936,0.49657238405611726,269722,133937,0.49657425052461424,-4.206639788464725,-1.7581078611919758,-1.0786993625162264,0.004417692180938956,1.0855641065752017,1.7564049030237519,5.079588364829476,0.0019464120564843357,0.67102431801021
cc8a7f0f52562f9c,01_06_13.npy,0,1000,30,9,real_reader_values_nonnegative,float64,0.0,True,0.0,hampel_w5_s3,270000,270000,0,0,0.0,0,0.0,0.0,8.83024601187987e-06,269730,133802,0.4960590219849479,133781,0.4959811663515367,2147,0.007959811663515367,0,0.0,0,0.0,267583,0,0.0,267583,0,0.0,0.0,1.4326286168718985,2.74339782716072,8.8285642306964,19.50834913135391,21.651127361888527,27.9361165949356,10.020206925135517,5.111672350961884
cc8a7f0f52562f9c,01_06_14.npy,0,1000,30,9,real_reader_values_nonnegative,float64,0.0,True,0.0,raw,270000,270000,0,0,0.0,0,0.0,0.0,8.900834918286666e-06,269730,134489,0.4986060134208282,135221,0.5013198383568754,20,7.414822229637045e-05,0,0.0,0,0.0,269710,0,0.0,269710,0,0.0,0.0,1.09904553178592,2.8671611451406376,8.89997271742417,18.749541252351488,20.784839532843513,27.7712910616976,10.025278171381546,4.868911451930078
cc8a7f0f52562f9c,01_06_14.npy,0,1000,30,9,real_reader_values_nonnegative,float64,0.0,True,0.0,wavelet,270000,270000,0,0,0.0,0,0.0,0.0,8.900834918286666e-06,269730,133865,0.49629258888518146,135850,0.5036517999480963,15,5.5611166722277836e-05,0,0.0,0,0.0,269715,0,0.0,269715,0,0.0,0.023231409633931027,1.0761036351176985,2.913303717348384,8.831654547466766,18.70579622784681,20.39712006437091,24.982843399110088,10.025260832906273,4.8373587018766
cc8a7f0f52562f9c,01_06_14.npy,0,1000,30,9,real_reader_values_nonnegative,float64,0.0,True,0.0,butterworth_o5_c0.3,270000,270000,0,0,0.0,0,0.0,0.0,8.900834918286666e-06,269730,133944,0.4965854743632521,135766,0.5033403774144515,20,7.414822229637045e-05,0,0.0,0,0.0,269710,0,0.0,269710,0,0.0,0.08709492805154347,1.0744031047492097,2.9145963670654282,8.835491282717449,18.704909509148354,20.42591665392691,25.349698624714232,10.025373275444117,4.838661821352171
cc8a7f0f52562f9c,01_06_14.npy,0,1000,30,9,real_reader_values_nonnegative,float64,0.0,True,0.0,savgol_w7_p3,270000,270000,0,1,3.7037037037037037e-06,1,3.7037037037037037e-06,2.9184748947357973e-12,8.900834918286666e-06,269730,134168,0.4974159344529715,135549,0.5025358692025359,13,4.819634449264079e-05,2,7.414822229637045e-06,0,0.0,269717,0,0.0,269717,0,0.0,-0.009882455548194585,1.0747476245699845,2.9181684076742567,8.843270316745514,18.705337027220313,20.4597754224784,25.69356424137635,10.025227895052197,4.840907318440843
cc8a7f0f52562f9c,01_06_14.npy,0,1000,30,9,real_reader_values_nonnegative,float64,0.0,True,0.0,bandpass_fs1000,270000,270000,0,148523,0.5500851851851852,148521,0.5500777777777778,0.5238919126622513,8.900834918286666e-06,269730,132131,0.48986393801208616,137551,0.5099581062544025,48,0.00017795573351128907,5175,0.019185852519185854,145799,0.5405368331294257,269681,148357,0.5501203273497206,269682,148358,0.5501219955354826,-4.609087987928527,-2.346888099967421,-1.4141191690737116,-0.0781846487217603,1.4200451489041581,2.426662548098965,5.191488820419065,-0.05735565537485531,0.8652060632179209
cc8a7f0f52562f9c,01_06_14.npy,0,1000,30,9,real_reader_values_nonnegative,float64,0.0,True,0.0,bandpass_fs200,270000,270000,0,138974,0.5147185185185185,138971,0.5147074074074074,0.5007210140876382,8.900834918286666e-06,269730,134711,0.49942905868831794,135011,0.5005412820227635,8,2.965928891854818e-05,47665,0.17671375078782486,115002,0.4263596930263597,269721,138944,0.5151397184498056,269722,138945,0.5151415160795189,-4.7479335422149616,-1.8512949608762221,-1.1280871199521378,-0.02052130341755961,1.1483980819102932,1.8941842587724051,4.722271577230363,-0.011464532487780076,0.7023807495873307
cc8a7f0f52562f9c,01_06_14.npy,0,1000,30,9,real_reader_values_nonnegative,float64,0.0,True,0.0,hampel_w5_s3,270000,270000,0,0,0.0,0,0.0,0.0,8.900834918286666e-06,269730,133272,0.4940940940940941,134265,0.4977755533311089,2193,0.00813035257479702,0,0.0,0,0.0,267537,0,0.0,267537,0,0.0,0.0,1.0983876022020986,2.8701758752885778,8.89481413916465,18.74675652831684,20.745440486701572,27.7712910616976,10.028242913967336,4.869197375821203
cc8a7f0f52562f9c,01_06_15.npy,0,1000,30,9,real_reader_values_nonnegative,float64,0.0,True,0.0,raw,270000,270000,0,0,0.0,0,0.0,0.0,9.324615096858546e-06,269730,134816,0.4998183368553739,134903,0.5001408816223631,11,4.0781522263003746e-05,0,0.0,0,0.0,269719,0,0.0,269719,0,0.0,0.0,1.9291225714395517,3.171391469319385,9.324427537551909,19.08439661749822,21.773967343440606,28.1658746602239,10.28834698431201,4.79645469225004
cc8a7f0f52562f9c,01_06_15.npy,0,1000,30,9,real_reader_values_nonnegative,float64,0.0,True,0.0,wavelet,270000,270000,0,0,0.0,0,0.0,0.0,9.324615096858546e-06,269730,135414,0.5020353687020354,134303,0.497916434953472,13,4.819634449264079e-05,0,0.0,0,0.0,269717,0,0.0,269717,0,0.0,0.3151554561185335,1.9391870190417955,3.168982087556021,9.303274217240059,19.036930322244395,21.54194434006442,25.80195705114658,10.2883966502145,4.765702000185807
cc8a7f0f52562f9c,01_06_15.npy,0,1000,30,9,real_reader_values_nonnegative,float64,0.0,True,0.0,butterworth_o5_c0.3,270000,270000,0,0,0.0,0,0.0,0.0,9.324615096858546e-06,269730,135562,0.5025840655470285,134153,0.49736032328624924,15,5.5611166722277836e-05,0,0.0,0,0.0,269715,0,0.0,269715,0,0.0,0.36354183380283595,1.9369710378853224,3.168682273060623,9.302559759953237,19.046300663379654,21.547315818394253,25.66213013609536,10.288324448094636,4.766808998594631
cc8a7f0f52562f9c,01_06_15.npy,0,1000,30,9,real_reader_values_nonnegative,float64,0.0,True,0.0,savgol_w7_p3,270000,270000,0,0,0.0,0,0.0,0.0,9.324615096858546e-06,269730,135126,0.5009676343009676,134599,0.4990138286434583,5,1.8537055574092612e-05,0,0.0,0,0.0,269725,0,0.0,269725,0,0.0,0.24364849184969262,1.9361272789537294,3.16988720502408,9.301859416451597,19.04876545282486,21.566842256488993,26.03035340164311,10.288325274321535,4.769091661703957
cc8a7f0f52562f9c,01_06_15.npy,0,1000,30,9,real_reader_values_nonnegative,float64,0.0,True,0.0,bandpass_fs1000,270000,270000,0,137283,0.5084555555555555,137283,0.5084555555555555,0.5665895780156707,9.324615096858546e-06,269730,138796,0.5145738330923516,130876,0.4852111370629889,58,0.0002150298446594743,5568,0.02064286508730953,134343,0.49806473139806473,269671,137093,0.5083713117094534,269672,137094,0.5083731347711293,-7.843467928663488,-3.023762510578157,-1.5366553262832148,-0.013342951080201169,1.3079444528613091,2.365024507877956,7.098678785551243,-0.03190419414770196,0.9557420926968834
cc8a7f0f52562f9c,01_06_15.npy,0,1000,30,9,real_reader_values_nonnegative,float64,0.0,True,0.0,bandpass_fs200,270000,270000,0,136505,0.5055740740740741,136503,0.5055666666666667,0.5201899675609595,9.324615096858546e-06,269730,135095,0.5008527045564083,134626,0.49911392874355837,9,3.33667000333667e-05,45173,0.1674748822896971,113762,0.42176250324398473,269720,136370,0.5055983983390182,269721,136371,0.505600231350173,-6.465229914101085,-2.246291357520852,-1.261300739759253,-0.007843225660231356,1.2587918712247002,2.2210887380133473,4.78997811819333,-0.00785848255005029,0.8097777610257774
cc8a7f0f52562f9c,01_06_15.npy,0,1000,30,9,real_reader_values_nonnegative,float64,0.0,True,0.0,hampel_w5_s3,270000,270000,0,0,0.0,0,0.0,0.0,9.324615096858546e-06,269730,133797,0.4960404849293738,134027,0.4968931894857821,1906,0.007066325584844104,0,0.0,0,0.0,267824,0,0.0,267824,0,0.0,0.0,1.932708949900253,3.1685160746786925,9.31936010854011,19.076279796309176,21.770690174519906,27.4161097722362,10.286729527658107,4.794358145476493
cc8a7f0f52562f9c,01_06_16.npy,0,1000,30,9,real_reader_values_nonnegative,float64,0.0,True,0.0,raw,270000,270000,0,0,0.0,0,0.0,0.0,9.02666529083514e-06,269730,134814,0.49981092203314426,134910,0.5001668335001669,6,2.2244466688911134e-05,0,0.0,0,0.0,269724,0,0.0,269724,0,0.0,0.0,1.5577330130925149,2.6942045040128,9.0261932942291,18.75766322660032,20.855920201295397,25.9204238746084,10.118039628465885,4.878693983938904
cc8a7f0f52562f9c,01_06_16.npy,0,1000,30,9,real_reader_values_nonnegative,float64,0.0,True,0.0,wavelet,270000,270000,0,0,0.0,0,0.0,0.0,9.02666529083514e-06,269730,134017,0.49685611537463387,135687,0.5030474919363809,26,9.639268898528158e-05,0,0.0,0,0.0,269704,0,0.0,269704,0,0.0,0.23641255980636175,1.6289367712736613,2.6854773179232976,8.984119841230793,18.696517873606812,20.5630107595895,24.14570634001712,10.11796898858977,4.850712138652732
cc8a7f0f52562f9c,01_06_16.npy,0,1000,30,9,real_reader_values_nonnegative,float64,0.0,True,0.0,butterworth_o5_c0.3,270000,270000,0,0,0.0,0,0.0,0.0,9.02666529083514e-06,269730,134448,0.4984540095651207,135274,0.5015163311459607,8,2.965928891854818e-05,0,0.0,0,0.0,269722,0,0.0,269722,0,0.0,0.25345374744301247,1.6283999725067497,2.6839368223778566,8.987422766706544,18.699240871513464,20.572645330896815,24.405713811064444,10.117967348660805,4.851825640011291
cc8a7f0f52562f9c,01_06_16.npy,0,1000,30,9,real_reader_values_nonnegative,float64,0.0,True,0.0,savgol_w7_p3,270000,270000,0,0,0.0,0,0.0,0.0,9.02666529083514e-06,269730,134635,0.49914729544359177,135089,0.5008304600897193,6,2.2244466688911134e-05,0,0.0,0,0.0,269724,0,0.0,269724,0,0.0,0.23955068892467746,1.616941329982606,2.6883016962749284,8.996573631991723,18.701366634672166,20.615569749831817,24.48096708385131,10.118063935974737,4.853954275057194
cc8a7f0f52562f9c,01_06_16.npy,0,1000,30,9,real_reader_values_nonnegative,float64,0.0,True,0.0,bandpass_fs1000,270000,270000,0,143834,0.5327185185185185,143833,0.5327148148148149,0.5522925228667556,9.02666529083514e-06,269730,134203,0.49754569384199016,135468,0.5022355689022355,59,0.00021873725577429282,4524,0.016772327883438996,141429,0.5243354465576687,269669,143684,0.5328161561024812,269671,143686,0.5328196209455225,-5.1244498490872825,-2.678307979334307,-1.552062092500621,-0.06471044195193947,1.480191170571524,2.2904953195548248,4.999126979195996,-0.05135897304057491,0.9492378549466192
cc8a7f0f52562f9c,01_06_16.npy,0,1000,30,9,real_reader_values_nonnegative,float64,0.0,True,0.0,bandpass_fs200,270000,270000,0,135737,0.5027296296296296,135736,0.5027259259259259,0.49468521636963086,9.02666529083514e-06,269730,134620,0.49909168427686945,135107,0.5008971934897861,3,1.1122233344455567e-05,42029,0.15581878174470767,114575,0.4247766284803322,269724,135679,0.5030290222597915,269727,135682,0.5030345497484494,-4.165933709926114,-2.006593692430032,-1.230323527048542,-0.004147632328861393,1.2361002562508812,2.101782941263381,4.6474664495088795,-0.0038602981025297545,0.7612343260825126
cc8a7f0f52562f9c,01_06_16.npy,0,1000,30,9,real_reader_values_nonnegative,float64,0.0,True,0.0,hampel_w5_s3,270000,270000,0,0,0.0,0,0.0,0.0,9.02666529083514e-06,269730,133753,0.4958773588403218,134125,0.49725651577503427,1852,0.006866125384643903,0,0.0,0,0.0,267878,0,0.0,267878,0,0.0,0.0,1.5732106232258742,2.6866605027769044,9.02319843903879,18.7841098687057,20.852752105618876,25.9204238746084,10.12461991856677,4.882970697867774
cc8a7f0f52562f9c,01_06_17.npy,0,1000,30,9,real_reader_values_nonnegative,float64,0.0,True,0.0,raw,270000,270000,0,0,0.0,0,0.0,0.0,9.52587099924943e-06,269730,135066,0.5007451896340785,134660,0.4992399807214622,4,1.482964445927409e-05,0,0.0,0,0.0,269726,0,0.0,269726,0,0.0,0.0,1.36735444733176,2.6055194003622217,9.5258408158912,18.93621922957155,21.39972088540667,27.7525903491812,10.276644422317505,5.012670297060199
cc8a7f0f52562f9c,01_06_17.npy,0,1000,30,9,real_reader_values_nonnegative,float64,0.0,True,0.0,wavelet,270000,270000,0,0,0.0,0,0.0,0.0,9.52587099924943e-06,269730,135916,0.5038964890816743,133804,0.49606643680717755,10,3.7074111148185224e-05,0,0.0,0,0.0,269720,0,0.0,269720,0,0.0,0.40557494668173505,1.4078624102389572,2.5808483490119385,9.51687617022817,18.918812124340334,21.19551665923816,25.63509862735541,10.276743726170883,4.987100625634721
cc8a7f0f52562f9c,01_06_17.npy,0,1000,30,9,real_reader_values_nonnegative,float64,0.0,True,0.0,butterworth_o5_c0.3,270000,270000,0,0,0.0,0,0.0,0.0,9.52587099924943e-06,269730,135553,0.5025506988469951,134162,0.4973936899862826,15,5.5611166722277836e-05,0,0.0,0,0.0,269715,0,0.0,269715,0,0.0,0.42061160186249835,1.4082256627622454,2.5778951629066826,9.515694849784627,18.91928334436596,21.197776724738823,25.743658206971595,10.276678443230013,4.9880781698986105
cc8a7f0f52562f9c,01_06_17.npy,0,1000,30,9,real_reader_values_nonnegative,float64,0.0,True,0.0,savgol_w7_p3,270000,270000,0,0,0.0,0,0.0,0.0,9.52587099924943e-06,269730,135563,0.5025877729581433,134158,0.4973788603418233,9,3.33667000333667e-05,0,0.0,0,0.0,269721,0,0.0,269721,0,0.0,0.3542300915351828,1.4078598186885953,2.5792224912283253,9.51617411251812,18.921369752471012,21.208094279951364,25.983897757373956,10.276664972087657,4.990084296044093
cc8a7f0f52562f9c,01_06_17.npy,0,1000,30,9,real_reader_values_nonnegative,float64,0.0,True,0.0,bandpass_fs1000,270000,270000,0,125174,0.4636074074074074,125171,0.4635962962962963,0.3729025812194072,9.52587099924943e-06,269730,134106,0.49718607496385275,135564,0.5025914803692582,60,0.00022244466688911134,5295,0.019630741852964075,122356,0.4536239943647351,269670,124986,0.4634775837134275,269670,124986,0.4634775837134275,-4.476636216422515,-2.0578011007848533,-1.0282121610579216,0.04782511707046568,1.3682511731244908,2.2861560492136515,7.111220590862841,0.09105936209231573,0.7754176871805215
cc8a7f0f52562f9c,01_06_17.npy,0,1000,30,9,real_reader_values_nonnegative,float64,0.0,True,0.0,bandpass_fs200,270000,270000,0,133498,0.49443703703703706,133496,0.4944296296296296,0.4679050047783612,9.52587099924943e-06,269730,135193,0.5012160308456605,134523,0.49873206539873205,14,5.1903755607459314e-05,49812,0.18467356245134023,108435,0.40201312423534646,269711,132995,0.4931018757114096,269716,133000,0.49311127259784365,-3.8051047152918542,-1.7161312550041723,-0.9755092338037097,0.0064251560272297805,1.025481446323232,1.732043199147661,5.595405401167594,0.014694543488648383,0.6386055486676877
cc8a7f0f52562f9c,01_06_17.npy,0,1000,30,9,real_reader_values_nonnegative,float64,0.0,True,0.0,hampel_w5_s3,270000,270000,0,0,0.0,0,0.0,0.0,9.52587099924943e-06,269730,134026,0.49688948207466727,133647,0.49548437326215106,2057,0.0076261446631817,0,0.0,0,0.0,267673,0,0.0,267673,0,0.0,0.0,1.36810246477914,2.60385991691528,9.526582397182949,18.943668292382267,21.39310093146228,27.7525903491812,10.27991321282046,5.012725510005126
cc8a7f0f52562f9c,01_06_18.npy,0,1000,30,9,real_reader_values_nonnegative,float64,0.0,True,0.0,raw,270000,270000,0,0,0.0,0,0.0,0.0,9.88897857266671e-06,269730,134969,0.5003855707559411,134754,0.49958847736625517,7,2.5951877803729657e-05,0,0.0,0,0.0,269723,0,0.0,269723,0,0.0,0.0,1.4227224341045268,3.120772328145275,9.88741651459911,18.999373385295733,21.541761503217327,27.0143980738888,10.578214623622008,4.959717739298628
cc8a7f0f52562f9c,01_06_18.npy,0,1000,30,9,real_reader_values_nonnegative,float64,0.0,True,0.0,wavelet,270000,270000,0,0,0.0,0,0.0,0.0,9.88897857266671e-06,269730,135449,0.5021651280910541,134265,0.4977755533311089,16,5.931857783709636e-05,0,0.0,0,0.0,269714,0,0.0,269714,0,0.0,0.08361859565351375,1.4772515498710324,3.117964617932216,9.87192801489574,18.865394216750545,21.339390867700526,25.651146676211397,10.578182447363078,4.929192674899451
cc8a7f0f52562f9c,01_06_18.npy,0,1000,30,9,real_reader_values_nonnegative,float64,0.0,True,0.0,butterworth_o5_c0.3,270000,270000,0,0,0.0,0,0.0,0.0,9.88897857266671e-06,269730,135223,0.501327253179105,134496,0.49863196529863196,11,4.0781522263003746e-05,0,0.0,0,0.0,269719,0,0.0,269719,0,0.0,0.010802600742976984,1.4800514367374142,3.120085142273557,9.87495369971686,18.868076780269394,21.34584787057207,25.329456454081893,10.578211731564895,4.930238359892145
cc8a7f0f52562f9c,01_06_18.npy,0,1000,30,9,real_reader_values_nonnegative,float64,0.0,True,0.0,savgol_w7_p3,270000,270000,0,2,7.4074074074074075e-06,2,7.4074074074074075e-06,5.7695428832896485e-11,9.88897857266671e-06,269730,135048,0.5006784562340117,134672,0.49928446965484,10,3.7074111148185224e-05,2,7.414822229637045e-06,1,3.7074111148185224e-06,269720,1,3.7075485688862523e-06,269720,1,3.7075485688862523e-06,-0.03992267328662667,1.4758746171633197,3.1185964223274336,9.879450122812429,18.884550471516462,21.348623387556014,25.34058633165604,10.57820075897137,4.93251125299954
cc8a7f0f52562f9c,01_06_18.npy,0,1000,30,9,real_reader_values_nonnegative,float64,0.0,True,0.0,bandpass_fs1000,270000,270000,0,133074,0.4928666666666667,133074,0.4928666666666667,0.6834049953827345,9.88897857266671e-06,269730,134695,0.49936974011048085,134995,0.5004819634449265,40,0.0001482964445927409,5657,0.02097282467652838,130114,0.4823860897934972,269690,132984,0.49309948459342207,269690,132984,0.49309948459342207,-8.60305672052377,-5.17631455348779,-1.8605339238156737,0.013166563179032689,1.5816018530203018,2.589959464081227,5.134650257524029,-0.07258207223424205,1.226217603111233
cc8a7f0f52562f9c,01_06_18.npy,0,1000,30,9,real_reader_values_nonnegative,float64,0.0,True,0.0,bandpass_fs200,270000,270000,0,135212,0.5007851851851852,135210,0.5007777777777778,0.5126698769076007,9.88897857266671e-06,269730,134946,0.5003003003003003,134780,0.4996848700552404,4,1.482964445927409e-05,42039,0.15585585585585585,113993,0.4226189152115078,269725,135157,0.5010918528130504,269726,135158,0.5010937024980907,-7.257679649842265,-2.614952435549336,-1.3697921893346985,-0.0012592482735948665,1.4507959372652912,2.4521836210716996,4.643195159843122,0.000547731521586256,0.896644208453779
cc8a7f0f52562f9c,01_06_18.npy,0,1000,30,9,real_reader_values_nonnegative,float64,0.0,True,0.0,hampel_w5_s3,270000,270000,0,0,0.0,0,0.0,0.0,9.88897857266671e-06,269730,133958,0.4966373781188596,133838,0.4961924887850814,1934,0.007170133096059022,0,0.0,0,0.0,267796,0,0.0,267796,0,0.0,0.0,1.4214620196399061,3.1224588673208378,9.89036431193283,19.006635494773384,21.542580488958748,27.0143980738888,10.586015304068876,4.963378914897642
cc8a7f0f52562f9c,01_06_19.npy,0,1000,30,9,real_reader_values_nonnegative,float64,0.0,True,0.0,raw,270000,270000,0,0,0.0,0,0.0,0.0,8.75162062972239e-06,269730,134843,0.499918436955474,134869,0.5000148296444593,18,6.67334000667334e-05,0,0.0,0,0.0,269712,0,0.0,269712,0,0.0,0.0,0.864334576653734,2.305124628489138,8.747942169113735,18.48866616684545,20.644605446607716,27.6205484981193,9.760936926941886,4.91760045033563
cc8a7f0f52562f9c,01_06_19.npy,0,1000,30,9,real_reader_values_nonnegative,float64,0.0,True,0.0,wavelet,270000,270000,0,0,0.0,0,0.0,0.0,8.75162062972239e-06,269730,135392,0.5019538056575094,134321,0.49798316835353873,17,6.302598895191488e-05,0,0.0,0,0.0,269713,0,0.0,269713,0,0.0,0.043249186264188874,0.9354510552451494,2.3085239159793587,8.75063967343656,18.45632148534552,20.297330751046378,26.47286282481414,9.761116385619426,4.890439707754402
cc8a7f0f52562f9c,01_06_19.npy,0,1000,30,9,real_reader_values_nonnegative,float64,0.0,True,0.0,butterworth_o5_c0.3,270000,270000,0,0,0.0,0,0.0,0.0,8.75162062972239e-06,269730,135217,0.5013050087124161,134494,0.4986245504764023,19,7.044081118155193e-05,0,0.0,0,0.0,269711,0,0.0,269711,0,0.0,0.0013960776660150455,0.9314861423892687,2.3110230261535887,8.748065939990155,18.450636810854586,20.31660390875844,26.468146853507164,9.760889723702945,4.891508500054498
cc8a7f0f52562f9c,01_06_19.npy,0,1000,30,9,real_reader_values_nonnegative,float64,0.0,True,0.0,savgol_w7_p3,270000,270000,0,1,3.7037037037037037e-06,1,3.7037037037037037e-06,2.0337695196907736e-15,8.75162062972239e-06,269730,134525,0.4987394802209617,135198,0.5012345679012346,7,2.5951877803729657e-05,2,7.414822229637045e-06,0,0.0,269723,0,0.0,269723,0,0.0,-0.0002558663336268141,0.9264390488337538,2.306465400826805,8.746479775179584,18.454635237201636,20.351606549642455,26.606680217330258,9.760954352764987,4.893564698498856
cc8a7f0f52562f9c,01_06_19.npy,0,1000,30,9,real_reader_values_nonnegative,float64,0.0,True,0.0,bandpass_fs1000,270000,270000,0,143768,0.5324740740740741,143768,0.5324740740740741,0.4661884824363479,8.75162062972239e-06,269730,134422,0.4983576168761354,135252,0.5014347681014347,56,0.00020761502242983725,5199,0.019274830385941497,141002,0.5227523820116413,269672,143564,0.5323652437034619,269674,143566,0.5323687118520881,-6.48024526599156,-3.0586287402724133,-1.6278315259532765,-0.05461213441490718,1.8124073816048185,3.675497484137267,6.484154621197659,-0.03720127395093518,1.0912850410706074
cc8a7f0f52562f9c,01_06_19.npy,0,1000,30,9,real_reader_values_nonnegative,float64,0.0,True,0.0,bandpass_fs200,270000,270000,0,137054,0.5076074074074074,137052,0.5076,0.5171515291898174,8.75162062972239e-06,269730,134598,0.49901012123234345,135128,0.5009750491231972,4,1.482964445927409e-05,47878,0.1775034293552812,112963,0.41880028176324474,269724,136719,0.506884815589269,269726,136721,0.5068884720049235,-8.451033568859005,-2.452854758035768,-1.2183215789832724,-0.009679580608314737,1.1983259756602034,2.4527188851662256,6.913107406998995,-0.011758512225093283,0.8215722565230213
cc8a7f0f52562f9c,01_06_19.npy,0,1000,30,9,real_reader_values_nonnegative,float64,0.0,True,0.0,hampel_w5_s3,270000,270000,0,0,0.0,0,0.0,0.0,8.75162062972239e-06,269730,133915,0.4964779594409224,133914,0.4964742520298076,1901,0.007047788529270011,0,0.0,0,0.0,267829,0,0.0,267829,0,0.0,0.0,0.866317418867902,2.30759571904166,8.743747306223124,18.491957483738098,20.623666915522275,27.6205484981193,9.761497382432788,4.916056354391942
cc8a7f0f52562f9c,01_06_20.npy,0,1000,30,9,real_reader_values_nonnegative,float64,0.0,True,0.0,raw,270000,270000,0,0,0.0,0,0.0,0.0,8.692937921086968e-06,269730,134765,0.49962925888851817,134957,0.5003410818225633,8,2.965928891854818e-05,0,0.0,0,0.0,269722,0,0.0,269722,0,0.0,0.0,1.212647502738684,2.479904804185581,8.692092591554495,18.55848579478945,20.711017233097234,27.8887770580668,9.778269282912321,4.9719037518150895
cc8a7f0f52562f9c,01_06_20.npy,0,1000,30,9,real_reader_values_nonnegative,float64,0.0,True,0.0,wavelet,270000,270000,0,0,0.0,0,0.0,0.0,8.692937921086968e-06,269730,135413,0.5020316612909206,134302,0.49791272754235716,15,5.5611166722277836e-05,0,0.0,0,0.0,269715,0,0.0,269715,0,0.0,0.2550959944430693,1.2731875598701052,2.5087905576175804,8.685689064546093,18.505670339408425,20.419739078691563,25.718530794115342,9.778314240969292,4.944767670967097
cc8a7f0f52562f9c,01_06_20.npy,0,1000,30,9,real_reader_values_nonnegative,float64,0.0,True,0.0,butterworth_o5_c0.3,270000,270000,0,0,0.0,0,0.0,0.0,8.692937921086968e-06,269730,135306,0.501634968301635,134410,0.49831312794275756,14,5.1903755607459314e-05,0,0.0,0,0.0,269716,0,0.0,269716,0,0.0,0.2595711168181979,1.268244279795188,2.508420983116184,8.684351133298662,18.497808630845853,20.436199458434533,26.213127128046146,9.778207884676844,4.945851000210069
cc8a7f0f52562f9c,01_06_20.npy,0,1000,30,9,real_reader_values_nonnegative,float64,0.0,True,0.0,savgol_w7_p3,270000,270000,0,0,0.0,0,0.0,0.0,8.692937921086968e-06,269730,135704,0.5031105179253328,134014,0.49684499314128944,12,4.448893337782227e-05,0,0.0,0,0.0,269718,0,0.0,269718,0,0.0,0.18989395978168913,1.2609754855356767,2.508757757485757,8.68500695757246,18.501049019489752,20.461404203135977,26.60587764244473,9.77829938556018,4.947997288018676
cc8a7f0f52562f9c,01_06_20.npy,0,1000,30,9,real_reader_values_nonnegative,float64,0.0,True,0.0,bandpass_fs1000,270000,270000,0,136582,0.5058592592592592,136581,0.5058555555555555,0.40291689503653755,8.692937921086968e-06,269730,135271,0.5015052089126163,134408,0.49830571312052796,51,0.00018907796685574464,4636,0.01718755792829867,134132,0.497282467652838,269678,136447,0.50596266658756,269679,136448,0.5059644985334416,-5.052697710357094,-2.337535379937148,-1.4001825533669379,-0.0126074830757238,1.6258153820419272,3.0559909416855016,7.298689544904093,0.03538440415446445,0.9952171128106507
cc8a7f0f52562f9c,01_06_20.npy,0,1000,30,9,real_reader_values_nonnegative,float64,0.0,True,0.0,bandpass_fs200,270000,270000,0,136850,0.5068518518518519,136849,0.5068481481481482,0.45965564018291644,8.692937921086968e-06,269730,135579,0.5026470915359804,134146,0.4973343714084455,5,1.8537055574092612e-05,41241,0.15289734178623068,116133,0.43055277499721945,269724,136872,0.5074520621079326,269725,136873,0.5074538882194828,-4.835861915764642,-2.0293944092630096,-1.2501610626237427,-0.010961169734417279,1.2660609689904951,2.29102638326941,7.588667745123775,0.004737881529489152,0.8000819776105778
cc8a7f0f52562f9c,01_06_20.npy,0,1000,30,9,real_reader_values_nonnegative,float64,0.0,True,0.0,hampel_w5_s3,270000,270000,0,0,0.0,0,0.0,0.0,8.692937921086968e-06,269730,133767,0.4959292625959293,134096,0.4971490008527046,1867,0.006921736551366181,0,0.0,0,0.0,267863,0,0.0,267863,0,0.0,0.0,1.2143190906247396,2.48265201293911,8.68994465852198,18.55996908406451,20.69161799684594,27.8887770580668,9.779899389323033,4.971294468782915
cc8a7f0f52562f9c,01_07_01.npy,0,1000,30,9,real_reader_values_nonnegative,float64,0.0,True,0.0,raw,270000,270000,0,0,0.0,0,0.0,0.0,1.0097793869201198e-05,269730,134723,0.49947354762169577,135004,0.5005153301449597,3,1.1122233344455567e-05,0,0.0,0,0.0,269727,0,0.0,269727,0,0.0,0.0,1.6898225455194675,3.89873234365786,10.0967295729028,18.820171684682784,22.362613517438533,28.7511766720663,10.804951856801994,4.8413550542015855
cc8a7f0f52562f9c,01_07_01.npy,0,1000,30,9,real_reader_values_nonnegative,float64,0.0,True,0.0,wavelet,270000,270000,0,0,0.0,0,0.0,0.0,1.0097793869201198e-05,269730,134496,0.49863196529863196,135213,0.5012901790679568,21,7.785563341118897e-05,0,0.0,0,0.0,269709,0,0.0,269709,0,0.0,0.19106479736471554,1.6894851992194528,3.9703153004956784,10.084063274910331,18.593849213456018,22.31062201087172,27.672733327206636,10.804901852011751,4.809703916102858
cc8a7f0f52562f9c,01_07_01.npy,0,1000,30,9,real_reader_values_nonnegative,float64,0.0,True,0.0,butterworth_o5_c0.3,270000,270000,0,0,0.0,0,0.0,0.0,1.0097793869201198e-05,269730,134317,0.49796833870907947,135400,0.5019834649464279,13,4.819634449264079e-05,0,0.0,0,0.0,269717,0,0.0,269717,0,0.0,0.22091323502984225,1.69207420334661,3.9682807353527236,10.08739427821596,18.598378867612727,22.32377489796103,27.688383770024256,10.805052255443949,4.811236222660975
cc8a7f0f52562f9c,01_07_01.npy,0,1000,30,9,real_reader_values_nonnegative,float64,0.0,True,0.0,savgol_w7_p3,270000,270000,0,0,0.0,0,0.0,0.0,1.0097793869201198e-05,269730,134713,0.4994364735105476,135012,0.5005449894338784,5,1.8537055574092612e-05,0,0.0,0,0.0,269725,0,0.0,269725,0,0.0,0.1505981585804299,1.6967562461329369,3.9638140204898162,10.088467288943285,18.61527091358815,22.32652292200898,27.716704363729228,10.80500852091925,4.813477224120358
cc8a7f0f52562f9c,01_07_01.npy,0,1000,30,9,real_reader_values_nonnegative,float64,0.0,True,0.0,bandpass_fs1000,270000,270000,0,135778,0.5028814814814815,135777,0.5028777777777778,0.5642842381535739,1.0097793869201198e-05,269730,136158,0.5047936825714604,133536,0.49507285062840617,36,0.0001334668001334668,4773,0.017695473251028805,133271,0.4940903866829793,269692,135660,0.5030182578645269,269694,135662,0.5030219433876912,-7.076640447653759,-3.142559284418936,-1.9787226932593371,-0.007090295197886129,1.7781079134694933,2.7618076098687774,4.769244474101505,-0.047558626815156206,1.1529567802609966
cc8a7f0f52562f9c,01_07_01.npy,0,1000,30,9,real_reader_values_nonnegative,float64,0.0,True,0.0,bandpass_fs200,270000,270000,0,132644,0.4912740740740741,132642,0.4912666666666667,0.5165716877736792,1.0097793869201198e-05,269730,134607,0.4990434879323768,135116,0.5009305601898194,7,2.5951877803729657e-05,41735,0.15472880287695104,111660,0.41396952508063617,269720,132368,0.49076078896633546,269723,132371,0.4907664529906608,-5.8803456910654255,-2.0446382193797334,-1.2712043699355942,0.014997804800142293,1.2744582812668974,1.9565083921153548,4.080270483038847,0.006022494780547215,0.7935033000288534
cc8a7f0f52562f9c,01_07_01.npy,0,1000,30,9,real_reader_values_nonnegative,float64,0.0,True,0.0,hampel_w5_s3,270000,270000,0,0,0.0,0,0.0,0.0,1.0097793869201198e-05,269730,133732,0.49579950320691063,134250,0.4977199421643866,1748,0.006480554628702777,0,0.0,0,0.0,267982,0,0.0,267982,0,0.0,0.0,1.6747884222266014,3.90105753477313,10.091944091827049,18.803080839033196,22.354845575165488,28.7511766720663,10.80589124905414,4.8394939507385635
cc8a7f0f52562f9c,01_07_02.npy,0,1000,30,9,real_reader_values_nonnegative,float64,0.0,True,0.0,raw,270000,270000,0,0,0.0,0,0.0,0.0,1.01706569177313e-05,269730,135280,0.5015385756126497,134441,0.49842805768731696,9,3.33667000333667e-05,0,0.0,0,0.0,269721,0,0.0,269721,0,0.0,0.0,1.991251900814553,3.5510836348808237,10.1704751224873,19.03594218163866,21.866966850100948,27.5265182063129,10.758180907659478,4.975922416534927
cc8a7f0f52562f9c,01_07_02.npy,0,1000,30,9,real_reader_values_nonnegative,float64,0.0,True,0.0,wavelet,270000,270000,0,0,0.0,0,0.0,0.0,1.01706569177313e-05,269730,135017,0.5005635264894525,134704,0.4994031068105142,9,3.33667000333667e-05,0,0.0,0,0.0,269721,0,0.0,269721,0,0.0,0.4129431974890788,1.9905079904273069,3.5841480658960787,10.192149519087746,18.806189426579362,21.61057989438352,25.97097938027101,10.758261462101778,4.943353456757486
cc8a7f0f52562f9c,01_07_02.npy,0,1000,30,9,real_reader_values_nonnegative,float64,0.0,True,0.0,butterworth_o5_c0.3,270000,270000,0,0,0.0,0,0.0,0.0,1.01706569177313e-05,269730,134796,0.4997441886330775,134922,0.5002113224335446,12,4.448893337782227e-05,0,0.0,0,0.0,269718,0,0.0,269718,0,0.0,0.4404090430503375,1.9871148104838157,3.5808014204972505,10.190599186643432,18.827963077953527,21.627285451067888,25.8943982686432,10.758233913750644,4.944788873618333
cc8a7f0f52562f9c,01_07_02.npy,0,1000,30,9,real_reader_values_nonnegative,float64,0.0,True,0.0,savgol_w7_p3,270000,270000,0,0,0.0,0,0.0,0.0,1.01706569177313e-05,269730,134885,0.5000741482222963,134835,0.49988877766655543,10,3.7074111148185224e-05,0,0.0,0,0.0,269720,0,0.0,269720,0,0.0,0.39676829382826295,1.9879620096600876,3.5783977903213313,10.190251852236322,18.854474671853804,21.655327372162425,26.081029505416844,10.758140534032632,4.947108225574048
cc8a7f0f52562f9c,01_07_02.npy,0,1000,30,9,real_reader_values_nonnegative,float64,0.0,True,0.0,bandpass_fs1000,270000,270000,0,130476,0.4832444444444444,130476,0.4832444444444444,0.5250339086856877,1.01706569177313e-05,269730,133865,0.49629258888518146,135820,0.5035405776146517,45,0.0001668335001668335,5692,0.02110258406554703,127448,0.472502131761391,269685,130255,0.4829894135750969,269685,130255,0.4829894135750969,-5.6200347204264025,-2.8531675346170933,-1.7615828160186466,0.04298159137472225,1.66747119565125,2.3939346835429873,3.9572037719763062,0.013785270522323171,1.064702221977221
cc8a7f0f52562f9c,01_07_02.npy,0,1000,30,9,real_reader_values_nonnegative,float64,0.0,True,0.0,bandpass_fs200,270000,270000,0,135513,0.5019,135512,0.5018962962962963,0.5059244037110731,1.01706569177313e-05,269730,134676,0.4992992992992993,135052,0.5006932858784711,2,7.414822229637045e-06,37999,0.14087791495198904,116387,0.43149445742038334,269727,135109,0.5009101795519173,269728,135110,0.500912029896785,-5.017830481110081,-2.144281152137257,-1.3717904699037178,-0.003849654106838671,1.3720015409604542,2.0503131301221833,4.334227307196188,-0.0036353359008602284,0.8470901210974351
cc8a7f0f52562f9c,01_07_02.npy,0,1000,30,9,real_reader_values_nonnegative,float64,0.0,True,0.0,hampel_w5_s3,270000,270000,0,0,0.0,0,0.0,0.0,1.01706569177313e-05,269730,134357,0.4981166351536722,133669,0.49556593630667706,1704,0.0063174285396507615,0,0.0,0,0.0,268026,0,0.0,268026,0,0.0,0.0,1.99521651152515,3.5557896319192106,10.1722464521464,19.02158507320219,21.845169395557985,27.5265182063129,10.758694298216508,4.973693614308872
cc8a7f0f52562f9c,01_07_03.npy,0,1000,30,9,real_reader_values_nonnegative,float64,0.0,True,0.0,raw,270000,270000,0,0,0.0,0,0.0,0.0,1.07007213105624e-05,269730,134968,0.5003818633448263,134756,0.49959589218848477,6,2.2244466688911134e-05,0,0.0,0,0.0,269724,0,0.0,269724,0,0.0,0.0,1.6735498538713685,3.3621958296200507,10.6999023790839,19.170442588019405,22.11597369375657,28.604307491323,10.903230819837642,4.955079799169998
cc8a7f0f52562f9c,01_07_03.npy,0,1000,30,9,real_reader_values_nonnegative,float64,0.0,True,0.0,wavelet,270000,270000,0,0,0.0,0,0.0,0.0,1.07007213105624e-05,269730,135625,0.5028176324472621,134076,0.4970748526304082,29,0.00010751492232973715,0,0.0,0,0.0,269701,0,0.0,269701,0,0.0,0.1695582133681059,1.7291616166772474,3.3930833572764136,10.747679945557634,19.002554577316673,21.9437545699604,26.77707261638065,10.903266154556613,4.924857065142359
cc8a7f0f52562f9c,01_07_03.npy,0,1000,30,9,real_reader_values_nonnegative,float64,0.0,True,0.0,butterworth_o5_c0.3,270000,270000,0,0,0.0,0,0.0,0.0,1.07007213105624e-05,269730,135764,0.5033329625922218,133952,0.4966151336521707,14,5.1903755607459314e-05,0,0.0,0,0.0,269716,0,0.0,269716,0,0.0,0.21370789150812033,1.7249095200685767,3.3925931735581396,10.743796232528542,19.00654220766465,21.93216593788192,26.638288909361407,10.903168584000458,4.92599244141781
cc8a7f0f52562f9c,01_07_03.npy,0,1000,30,9,real_reader_values_nonnegative,float64,0.0,True,0.0,savgol_w7_p3,270000,270000,0,0,0.0,0,0.0,0.0,1.07007213105624e-05,269730,135427,0.502083565046528,134287,0.4978571163756349,16,5.931857783709636e-05,0,0.0,0,0.0,269714,0,0.0,269714,0,0.0,0.18633019950362473,1.720161336859713,3.38784703120239,10.74064522710556,19.017307733480102,21.94624192662612,26.99448862966826,10.903188040205775,4.9283002941499765
cc8a7f0f52562f9c,01_07_03.npy,0,1000,30,9,real_reader_values_nonnegative,float64,0.0,True,0.0,bandpass_fs1000,270000,270000,0,125528,0.4649185185185185,125527,0.46491481481481484,0.47880873226665177,1.07007213105624e-05,269730,135023,0.5005857709561413,134659,0.49923627331034737,48,0.00017795573351128907,4747,0.017599080562043526,122941,0.45579282986690395,269681,125343,0.46478246520889493,269682,125344,0.46478444983350764,-8.783514575662133,-3.1989693039070217,-1.9505228911047812,0.10053692651976949,2.0723767166906284,2.8505237531039347,5.107170546275086,0.08248098451132894,1.2230215373449018
cc8a7f0f52562f9c,01_07_03.npy,0,1000,30,9,real_reader_values_nonnegative,float64,0.0,True,0.0,bandpass_fs200,270000,270000,0,137758,0.5102148148148148,137758,0.5102148148148148,0.5062449343050067,1.07007213105624e-05,269730,134749,0.499569940310681,134976,0.5004115226337449,5,1.8537055574092612e-05,36574,0.13559485411337263,119345,0.44246097949801655,269725,137456,0.50961534896654,269725,137456,0.50961534896654,-5.284582966797521,-2.158360878550746,-1.4085784729123279,-0.018979775229232342,1.4160474911039382,2.1439878911171286,5.201614377779682,-0.012217236907504182,0.8564146014242074
cc8a7f0f52562f9c,01_07_03.npy,0,1000,30,9,real_reader_values_nonnegative,float64,0.0,True,0.0,hampel_w5_s3,270000,270000,0,0,0.0,0,0.0,0.0,1.07007213105624e-05,269730,134085,0.4971082193304415,133846,0.49622214807399995,1799,0.006669632595558522,0,0.0,0,0.0,267931,0,0.0,267931,0,0.0,0.0,1.69138723737201,3.3646795933835794,10.7077417094549,19.165757274658947,22.111815863328747,28.604307491323,10.905211247797562,4.955288735351763
cc8a7f0f52562f9c,01_07_04.npy,0,1000,30,9,real_reader_values_nonnegative,float64,0.0,True,0.0,raw,270000,270000,0,0,0.0,0,0.0,0.0,1.03121547252543e-05,269730,134762,0.4996181366551737,134953,0.500326252178104,15,5.5611166722277836e-05,0,0.0,0,0.0,269715,0,0.0,269715,0,0.0,0.0,1.484283947018164,3.3754561882512153,10.3106054754426,19.313938851254477,22.242708447704512,28.2183169318931,10.773110156228201,5.149150475310024
cc8a7f0f52562f9c,01_07_04.npy,0,1000,30,9,real_reader_values_nonnegative,float64,0.0,True,0.0,wavelet,270000,270000,0,0,0.0,0,0.0,0.0,1.03121547252543e-05,269730,135365,0.5018537055574093,134348,0.4980832684536388,17,6.302598895191488e-05,0,0.0,0,0.0,269713,0,0.0,269713,0,0.0,0.1930905058778741,1.4647862652906192,3.4167625846684335,10.333091868322303,19.1674040320017,22.05549290723379,26.782920268549606,10.773190895773949,5.118352675382019
cc8a7f0f52562f9c,01_07_04.npy,0,1000,30,9,real_reader_values_nonnegative,float64,0.0,True,0.0,butterworth_o5_c0.3,270000,270000,0,0,0.0,0,0.0,0.0,1.03121547252543e-05,269730,135308,0.5016423831238646,134414,0.4983279575872168,8,2.965928891854818e-05,0,0.0,0,0.0,269722,0,0.0,269722,0,0.0,0.17709727043141646,1.464881880327865,3.4131124453095865,10.333707309396917,19.176920993952645,22.060064236573517,27.167843337250478,10.773039091437457,5.119860805706967
cc8a7f0f52562f9c,01_07_04.npy,0,1000,30,9,real_reader_values_nonnegative,float64,0.0,True,0.0,savgol_w7_p3,270000,270000,0,0,0.0,0,0.0,0.0,1.03121547252543e-05,269730,134777,0.499673747821896,134937,0.500266933600267,16,5.931857783709636e-05,0,0.0,0,0.0,269714,0,0.0,269714,0,0.0,0.08700764911625354,1.4625370800372017,3.4100640789082832,10.336915318176228,19.189148362276224,22.080258770830945,27.07239784249733,10.773212561550244,5.122295043394426
cc8a7f0f52562f9c,01_07_04.npy,0,1000,30,9,real_reader_values_nonnegative,float64,0.0,True,0.0,bandpass_fs1000,270000,270000,0,120749,0.4472185185185185,120746,0.4472074074074074,0.39998391231128533,1.03121547252543e-05,269730,137002,0.5079227375523672,132682,0.4919067215363512,46,0.00017054091128165203,5030,0.018648277907537168,118067,0.43772290809327846,269680,120587,0.4471484722634233,269684,120591,0.4471566722534522,-4.604337604729395,-2.4261921487349336,-1.5660020781103539,0.11955520593554103,1.8225191912299887,2.923096081917988,5.6976920920309135,0.11914626159120736,1.0371144831822268
cc8a7f0f52562f9c,01_07_04.npy,0,1000,30,9,real_reader_values_nonnegative,float64,0.0,True,0.0,bandpass_fs200,270000,270000,0,133595,0.4947962962962963,133594,0.4947925925925926,0.47557557665677863,1.03121547252543e-05,269730,134944,0.5002928854780707,134778,0.49967745523301077,8,2.965928891854818e-05,40632,0.15063952841730618,113127,0.419408297186075,269721,133498,0.4949484838036341,269722,133499,0.4949503562927755,-4.725322896899039,-1.9392927412174907,-1.2753307949765698,0.008610674570483631,1.317279838093061,2.0563277416493846,4.721081791352898,0.01538418810566809,0.7923976849027144
cc8a7f0f52562f9c,01_07_04.npy,0,1000,30,9,real_reader_values_nonnegative,float64,0.0,True,0.0,hampel_w5_s3,270000,270000,0,0,0.0,0,0.0,0.0,1.03121547252543e-05,269730,133660,0.49553256960664366,134043,0.4969525080636192,2027,0.007514922329737145,0,0.0,0,0.0,267703,0,0.0,267703,0,0.0,0.0,1.4813186648617567,3.3821741493497566,10.3155971565937,19.3106395572789,22.23213556030813,28.2183169318931,10.775273464883329,5.1486893956823705
cc8a7f0f52562f9c,01_07_05.npy,0,1000,30,9,real_reader_values_nonnegative,float64,0.0,True,0.0,raw,270000,270000,0,0,0.0,0,0.0,0.0,1.0123113398765699e-05,269730,134787,0.49971082193304417,134938,0.5002706410113817,5,1.8537055574092612e-05,0,0.0,0,0.0,269725,0,0.0,269725,0,0.0,0.458262306000794,2.48382485443735,4.03047075272054,10.1231133987657,19.185947875676323,22.370261229274153,29.5731700694726,10.861175016585092,4.819306468617965
cc8a7f0f52562f9c,01_07_05.npy,0,1000,30,9,real_reader_values_nonnegative,float64,0.0,True,0.0,wavelet,270000,270000,0,0,0.0,0,0.0,0.0,1.0123113398765699e-05,269730,134969,0.5003855707559411,134744,0.49955140325510694,17,6.302598895191488e-05,0,0.0,0,0.0,269713,0,0.0,269713,0,0.0,0.7231649589557967,2.456578497562252,4.066553644588307,10.108651029056873,18.99887880047386,22.190835286066648,27.734825480214827,10.861139266460334,4.787992751600946
cc8a7f0f52562f9c,01_07_05.npy,0,1000,30,9,real_reader_values_nonnegative,float64,0.0,True,0.0,butterworth_o5_c0.3,270000,270000,0,0,0.0,0,0.0,0.0,1.0123113398765699e-05,269730,134962,0.5003596188781374,134754,0.49958847736625517,14,5.1903755607459314e-05,0,0.0,0,0.0,269716,0,0.0,269716,0,0.0,0.6601762349190718,2.4556988472412122,4.062939926326233,10.11091343883961,19.014988409953094,22.18358718653469,27.723076746602253,10.861311563369554,4.789120190411543
cc8a7f0f52562f9c,01_07_05.npy,0,1000,30,9,real_reader_values_nonnegative,float64,0.0,True,0.0,savgol_w7_p3,270000,270000,0,0,0.0,0,0.0,0.0,1.0123113398765699e-05,269730,135562,0.5025840655470285,134158,0.4973788603418233,10,3.7074111148185224e-05,0,0.0,0,0.0,269720,0,0.0,269720,0,0.0,0.6039581492182364,2.454716385965979,4.059014106782465,10.114421077726703,19.03394621337545,22.207942593796744,27.818790965848045,10.861101837597447,4.791352173207117
cc8a7f0f52562f9c,01_07_05.npy,0,1000,30,9,real_reader_values_nonnegative,float64,0.0,True,0.0,bandpass_fs1000,270000,270000,0,140676,0.5210222222222223,140673,0.5210111111111111,0.5628990296572176,1.0123113398765699e-05,269730,134520,0.4987209431653876,135176,0.5011530048567086,34,0.00012605197790382976,5448,0.02019797575353131,137784,0.5108219330441552,269695,140500,0.5209588609355013,269696,140501,0.5209606371618415,-3.769595406410506,-2.5157953002431697,-1.6874163493543781,-0.04843509178517625,1.5129273332291155,2.225978909867251,3.961486157754483,-0.06383985353490822,0.9748040292537251
cc8a7f0f52562f9c,01_07_05.npy,0,1000,30,9,real_reader_values_nonnegative,float64,0.0,True,0.0,bandpass_fs200,270000,270000,0,134726,0.4989851851851852,134725,0.49898148148148147,0.5143697185228645,1.0123113398765699e-05,269730,134278,0.4978237496756015,135440,0.5021317613910207,12,4.448893337782227e-05,39126,0.1450561672783895,114986,0.4263003744485226,269715,134380,0.49822961273937305,269718,134383,0.4982351937950007,-4.994639481432505,-2.0860302033621583,-1.3184245378480965,0.0017532112506149092,1.2903243819691816,1.9627640942927334,5.852784508142776,-0.006627338906087916,0.7977886035404985
cc8a7f0f52562f9c,01_07_05.npy,0,1000,30,9,real_reader_values_nonnegative,float64,0.0,True,0.0,hampel_w5_s3,270000,270000,0,0,0.0,0,0.0,0.0,1.0123113398765699e-05,269730,133943,0.49658176695213735,133989,0.49675230786341895,1798,0.006665925184443703,0,0.0,0,0.0,267932,0,0.0,267932,0,0.0,0.458262306000794,2.486598787967064,4.03066569977567,10.12146445545075,19.1759269876055,22.364555932928187,28.6052622297852,10.862245369990317,4.817295235871609
cc8a7f0f52562f9c,01_07_06.npy,0,1000,30,9,real_reader_values_nonnegative,float64,0.0,True,0.0,raw,270000,270000,0,0,0.0,0,0.0,0.0,9.588736727336044e-06,269730,134813,0.4998072146220294,134906,0.5001520038557076,11,4.0781522263003746e-05,0,0.0,0,0.0,269719,0,0.0,269719,0,0.0,0.0,1.48582689858261,3.287629378311876,9.587927357650234,19.0207512398184,21.674124724468665,29.3218278497948,10.34250972053964,4.86182078742254
cc8a7f0f52562f9c,01_07_06.npy,0,1000,30,9,real_reader_values_nonnegative,float64,0.0,True,0.0,wavelet,270000,270000,0,0,0.0,0,0.0,0.0,9.588736727336044e-06,269730,134749,0.499569940310681,134967,0.5003781559337115,14,5.1903755607459314e-05,0,0.0,0,0.0,269716,0,0.0,269716,0,0.0,0.14532719550411488,1.5324619079874338,3.30446536205385,9.59287232831462,18.85161406959079,21.43538109219467,26.8733288432629,10.342413158403454,4.832619006745655
cc8a7f0f52562f9c,01_07_06.npy,0,1000,30,9,real_reader_values_nonnegative,float64,0.0,True,0.0,butterworth_o5_c0.3,270000,270000,0,0,0.0,0,0.0,0.0,9.588736727336044e-06,269730,135051,0.5006895784673563,134669,0.4992733474214956,10,3.7074111148185224e-05,0,0.0,0,0.0,269720,0,0.0,269720,0,0.0,0.14727420221203982,1.5330309446226982,3.3013464368087737,9.595730857067522,18.869590395741756,21.448181274455326,26.88109109302526,10.342398229092886,4.833840231802746
cc8a7f0f52562f9c,01_07_06.npy,0,1000,30,9,real_reader_values_nonnegative,float64,0.0,True,0.0,savgol_w7_p3,270000,270000,0,0,0.0,0,0.0,0.0,9.588736727336044e-06,269730,134442,0.4984317650984318,135276,0.5015237459681904,12,4.448893337782227e-05,0,0.0,0,0.0,269718,0,0.0,269718,0,0.0,0.10869130393256374,1.5287883832981195,3.3048785364214464,9.596847959931354,18.87213295101607,21.482983206086733,27.14721918923943,10.342574836580166,4.836191525639895
cc8a7f0f52562f9c,01_07_06.npy,0,1000,30,9,real_reader_values_nonnegative,float64,0.0,True,0.0,bandpass_fs1000,270000,270000,0,146100,0.5411111111111111,146099,0.5411074074074074,0.5553468840600304,9.588736727336044e-06,269730,135277,0.5015274533793053,134406,0.4982982982982983,47,0.00017424832239647055,4614,0.017105994883772662,143683,0.5326919512104697,269683,145985,0.5413207358268782,269683,145985,0.5413207358268782,-4.7672182956750815,-3.321264244590938,-1.9982325474941014,-0.10201306621539419,1.8510004926508208,3.012828240100591,5.680506837199456,-0.09258590687429889,1.1938891960535203
cc8a7f0f52562f9c,01_07_06.npy,0,1000,30,9,real_reader_values_nonnegative,float64,0.0,True,0.0,bandpass_fs200,270000,270000,0,138615,0.5133888888888889,138614,0.5133851851851852,0.5050828908981082,9.588736727336044e-06,269730,134744,0.49955140325510694,134975,0.50040781522263,11,4.0781522263003746e-05,36517,0.13538353167982797,120242,0.44578652726800877,269717,138547,0.5136754450034666,269719,138549,0.5136790511606524,-5.109969672360003,-2.0516660785622163,-1.2966217110649827,-0.024096727755970743,1.3498264309589072,2.078039721052693,4.872707055755496,-0.011119402312571766,0.8196896044380803
cc8a7f0f52562f9c,01_07_06.npy,0,1000,30,9,real_reader_values_nonnegative,float64,0.0,True,0.0,hampel_w5_s3,270000,270000,0,0,0.0,0,0.0,0.0,9.588736727336044e-06,269730,133904,0.4964371779186594,134092,0.49713417120824527,1734,0.0064286508730953176,0,0.0,0,0.0,267996,0,0.0,267996,0,0.0,0.0,1.5030139795957131,3.2926401740346516,9.589434709011755,19.01460030791389,21.66733473398541,29.3218278497948,10.345777821185303,4.863310721170908
cc8a7f0f52562f9c,01_07_07.npy,0,1000,30,9,real_reader_values_nonnegative,float64,0.0,True,0.0,raw,270000,270000,0,0,0.0,0,0.0,0.0,9.947686397130458e-06,269730,135296,0.5015978941904868,134429,0.49838356875393913,5,1.8537055574092612e-05,0,0.0,0,0.0,269725,0,0.0,269725,0,0.0,0.0,1.5629171799917214,2.96377389957807,9.947141753372,19.173951562597313,22.675230658605624,29.0280538364804,10.46328315725657,5.0301156007021
cc8a7f0f52562f9c,01_07_07.npy,0,1000,30,9,real_reader_values_nonnegative,float64,0.0,True,0.0,wavelet,270000,270000,0,0,0.0,0,0.0,0.0,9.947686397130458e-06,269730,135446,0.5021540058577095,134265,0.4977755533311089,19,7.044081118155193e-05,0,0.0,0,0.0,269711,0,0.0,269711,0,0.0,0.26054654871392746,1.596067060474242,2.9713449585924354,9.958211354526071,18.99235615774831,22.46474949197624,27.853901104188854,10.463411452414592,4.997573193576423
cc8a7f0f52562f9c,01_07_07.npy,0,1000,30,9,real_reader_values_nonnegative,float64,0.0,True,0.0,butterworth_o5_c0.3,270000,270000,0,0,0.0,0,0.0,0.0,9.947686397130458e-06,269730,135438,0.502124346568791,134277,0.49782004226448673,15,5.5611166722277836e-05,0,0.0,0,0.0,269715,0,0.0,269715,0,0.0,0.25942112044143173,1.5912512945362456,2.9723743615037743,9.957827265782687,18.993040191306132,22.47552057105159,27.61095294517279,10.463577195328053,4.998883855676196
cc8a7f0f52562f9c,01_07_07.npy,0,1000,30,9,real_reader_values_nonnegative,float64,0.0,True,0.0,savgol_w7_p3,270000,270000,0,0,0.0,0,0.0,0.0,9.947686397130458e-06,269730,135181,0.5011715419122826,134531,0.4987617246876506,18,6.67334000667334e-05,0,0.0,0,0.0,269712,0,0.0,269712,0,0.0,0.23037401003239422,1.5899930868524303,2.9718406163696236,9.956899929646,19.006757750637384,22.490496849225693,27.764222320804713,10.463235473572276,5.001070098410897
cc8a7f0f52562f9c,01_07_07.npy,0,1000,30,9,real_reader_values_nonnegative,float64,0.0,True,0.0,bandpass_fs1000,270000,270000,0,133207,0.4933592592592593,133207,0.4933592592592593,0.4590377658765603,9.947686397130458e-06,269730,133995,0.49677455233010787,135674,0.5029992955918882,61,0.00022615207800392987,4146,0.015370926482037594,131012,0.4857153449746042,269668,132974,0.4931026299004702,269669,132975,0.49310450960251273,-7.312478493055086,-2.451328780684612,-1.4016865716532405,0.01547502552250584,1.6488748354519545,2.453504332433612,5.614498691536557,0.042138103651212525,0.9745835454724736
cc8a7f0f52562f9c,01_07_07.npy,0,1000,30,9,real_reader_values_nonnegative,float64,0.0,True,0.0,bandpass_fs200,270000,270000,0,135333,0.5012333333333333,135333,0.5012333333333333,0.4960749562296826,9.947686397130458e-06,269730,134993,0.5004745486226968,134731,0.49950320691061434,6,2.2244466688911134e-05,45401,0.16832017202387572,112499,0.41708004300596896,269722,134792,0.49974418104566926,269724,134794,0.49974789043614953,-6.106358859257586,-1.668891921805233,-1.0816702253413897,-0.0019102179896392582,1.152653784017119,1.8039202101903051,4.892137856024545,0.007358274034440643,0.7071857584965761
cc8a7f0f52562f9c,01_07_07.npy,0,1000,30,9,real_reader_values_nonnegative,float64,0.0,True,0.0,hampel_w5_s3,270000,270000,0,0,0.0,0,0.0,0.0,9.947686397130458e-06,269730,134220,0.49760871983094207,133537,0.495076558039521,1973,0.007314722129536945,0,0.0,0,0.0,267757,0,0.0,267757,0,0.0,0.0,1.56890559776102,2.964874840880774,9.94982574008336,19.163634827304747,22.6907542365964,29.0280538364804,10.466193245776672,5.030548949225108
cc8a7f0f52562f9c,01_07_08.npy,0,1000,30,9,real_reader_values_nonnegative,float64,0.0,True,0.0,raw,270000,270000,0,0,0.0,0,0.0,0.0,1.1056427521666149e-05,269730,134564,0.4988840692544396,135148,0.5010491973454937,18,6.67334000667334e-05,0,0.0,0,0.0,269712,0,0.0,269712,0,0.0,0.0,1.872132022872093,3.972693736940797,11.05570983659495,18.862541579507816,21.676036219967365,28.5596749324283,11.193228202159975,4.594763132765538
cc8a7f0f52562f9c,01_07_08.npy,0,1000,30,9,real_reader_values_nonnegative,float64,0.0,True,0.0,wavelet,270000,270000,0,0,0.0,0,0.0,0.0,1.1056427521666149e-05,269730,134921,0.5002076150224298,134791,0.4997256515775034,18,6.67334000667334e-05,0,0.0,0,0.0,269712,0,0.0,269712,0,0.0,0.09630339149730782,1.8617734757041728,4.017320301255368,11.075485552625857,18.6502503688115,21.502749491807712,26.07396963146254,11.193292398282525,4.560230911972791
cc8a7f0f52562f9c,01_07_08.npy,0,1000,30,9,real_reader_values_nonnegative,float64,0.0,True,0.0,butterworth_o5_c0.3,270000,270000,0,0,0.0,0,0.0,0.0,1.1056427521666149e-05,269730,134699,0.4993845697549401,135006,0.5005227449671894,25,9.268527787046306e-05,0,0.0,0,0.0,269705,0,0.0,269705,0,0.0,0.12159767987927872,1.8636553466177859,4.013879207310246,11.075769405455052,18.660620582674596,21.512882106585238,26.65394796609546,11.193297105453581,4.56151499387088
cc8a7f0f52562f9c,01_07_08.npy,0,1000,30,9,real_reader_values_nonnegative,float64,0.0,True,0.0,savgol_w7_p3,270000,270000,0,0,0.0,0,0.0,0.0,1.1056427521666149e-05,269730,134784,0.4996996996996997,134940,0.5002780558336114,6,2.2244466688911134e-05,0,0.0,0,0.0,269724,0,0.0,269724,0,0.0,0.07135446372395833,1.8576199202207242,4.014660243622666,11.071620630436191,18.681177706007958,21.529379679162307,27.151866622093777,11.193260422430464,4.564072875036544
cc8a7f0f52562f9c,01_07_08.npy,0,1000,30,9,real_reader_values_nonnegative,float64,0.0,True,0.0,bandpass_fs1000,270000,270000,0,126983,0.4703074074074074,126981,0.4703,0.43905728221975,1.1056427521666149e-05,269730,133415,0.49462425388351317,136268,0.5052014977940904,47,0.00017424832239647055,4845,0.01796240685129574,124446,0.46137248359470584,269682,126875,0.47046150651508073,269683,126876,0.4704634700741241,-5.62751043039291,-3.608587043758319,-2.0326929710634793,0.07455649124883257,2.284264371304799,3.7403985745739985,6.238644169859974,0.10183047905612375,1.3243021355110882
cc8a7f0f52562f9c,01_07_08.npy,0,1000,30,9,real_reader_values_nonnegative,float64,0.0,True,0.0,bandpass_fs200,270000,270000,0,134195,0.4970185185185185,134193,0.4970111111111111,0.4983641349090822,1.1056427521666149e-05,269730,134756,0.49959589218848477,134963,0.5003633262892522,11,4.0781522263003746e-05,35338,0.13101249397545695,116434,0.4316687057427798,269717,133900,0.4964462751699003,269719,133902,0.49645000908352765,-4.3202071023691095,-2.49693007529528,-1.5347378127846694,0.005904061103713456,1.5171746312051222,2.3785372560478155,5.5966708868501405,0.006567168494640518,0.9364395423805407
cc8a7f0f52562f9c,01_07_08.npy,0,1000,30,9,real_reader_values_nonnegative,float64,0.0,True,0.0,hampel_w5_s3,270000,270000,0,0,0.0,0,0.0,0.0,1.1056427521666149e-05,269730,133714,0.4957327698068439,134089,0.49712304897490084,1927,0.007144181218255293,0,0.0,0,0.0,267803,0,0.0,267803,0,0.0,0.0,1.8742702680184653,3.97270573852203,11.0579768655444,18.852422651148625,21.663336646075333,27.6655523922474,11.194325619636697,4.592868665988172
cc8a7f0f52562f9c,01_07_09.npy,0,1000,30,9,real_reader_values_nonnegative,float64,0.0,True,0.0,raw,270000,270000,0,0,0.0,0,0.0,0.0,1.0481348391625599e-05,269730,135045,0.5006673340006673,134678,0.49930671412152894,7,2.5951877803729657e-05,0,0.0,0,0.0,269723,0,0.0,269723,0,0.0,0.0,1.88752796218792,3.05237113433826,10.4813113632843,18.84198329922408,21.892161691268605,27.5657177106443,10.641531601641955,4.960477634909179
cc8a7f0f52562f9c,01_07_09.npy,0,1000,30,9,real_reader_values_nonnegative,float64,0.0,True,0.0,wavelet,270000,270000,0,0,0.0,0,0.0,0.0,1.0481348391625599e-05,269730,135057,0.5007118229340451,134654,0.4992177362547733,19,7.044081118155193e-05,0,0.0,0,0.0,269711,0,0.0,269711,0,0.0,0.24875455205968583,1.9232606561237837,3.058548673362862,10.541534230836177,18.628841518235298,21.747571777572883,25.69990580603716,10.641519950328776,4.92992848890092
cc8a7f0f52562f9c,01_07_09.npy,0,1000,30,9,real_reader_values_nonnegative,float64,0.0,True,0.0,butterworth_o5_c0.3,270000,270000,0,0,0.0,0,0.0,0.0,1.0481348391625599e-05,269730,135103,0.5008823638453268,134621,0.4990953916879843,6,2.2244466688911134e-05,0,0.0,0,0.0,269724,0,0.0,269724,0,0.0,0.2588116968316831,1.9245783601972555,3.058568377446945,10.539557178378706,18.637591786578962,21.74681028510333,25.529357034937604,10.641409498233307,4.931093531355631
cc8a7f0f52562f9c,01_07_09.npy,0,1000,30,9,real_reader_values_nonnegative,float64,0.0,True,0.0,savgol_w7_p3,270000,270000,0,0,0.0,0,0.0,0.0,1.0481348391625599e-05,269730,135839,0.5036110184258332,133883,0.4963593222852482,8,2.965928891854818e-05,0,0.0,0,0.0,269722,0,0.0,269722,0,0.0,0.20908003220639565,1.9142195376860835,3.056651476917475,10.53702465974358,18.65242109701154,21.753862202566747,25.817235575345364,10.64159392830301,4.933359505021408
cc8a7f0f52562f9c,01_07_09.npy,0,1000,30,9,real_reader_values_nonnegative,float64,0.0,True,0.0,bandpass_fs1000,270000,270000,0,130326,0.4826888888888889,130326,0.4826888888888889,0.5521674916431103,1.0481348391625599e-05,269730,132296,0.4904756608460312,137373,0.5092981870759649,61,0.00022615207800392987,4276,0.015852889926964,128066,0.47479331183034884,269668,130168,0.4826972425352656,269669,130169,0.4826991608230831,-4.401540256346898,-2.891810498635546,-1.9526686382163094,0.03494854806859222,1.7014735105195418,2.5021516368195216,4.238875108670314,-0.020490646873048288,1.0728967620049807
cc8a7f0f52562f9c,01_07_09.npy,0,1000,30,9,real_reader_values_nonnegative,float64,0.0,True,0.0,bandpass_fs200,270000,270000,0,136802,0.506674074074074,136802,0.506674074074074,0.5036802566473011,1.0481348391625599e-05,269730,135038,0.5006413821228636,134685,0.4993326659993327,7,2.5951877803729657e-05,45011,0.16687428168909652,114198,0.4233789344900456,269722,136568,0.5063287384788783,269723,136569,0.5063305687686998,-4.320155464175085,-2.0826944397150573,-1.1833394281738374,-0.009619446175560563,1.204502297885832,2.019660943326213,4.876220497019807,-0.00282204711622561,0.741017517558359
cc8a7f0f52562f9c,01_07_09.npy,0,1000,30,9,real_reader_values_nonnegative,float64,0.0,True,0.0,hampel_w5_s3,270000,270000,0,0,0.0,0,0.0,0.0,1.0481348391625599e-05,269730,134003,0.49680421161902644,133689,0.4956400845289734,2038,0.007555703852000148,0,0.0,0,0.0,267692,0,0.0,267692,0,0.0,0.0,1.8913555102205317,3.0575880380136646,10.4870364581163,18.82715270969458,21.88426742109047,27.5657177106443,10.643014904601296,4.959124134845571
cc8a7f0f52562f9c,01_07_10.npy,0,1000,30,9,real_reader_values_nonnegative,float64,0.0,True,0.0,raw,270000,270000,0,0,0.0,0,0.0,0.0,1.02910788497452e-05,269730,135124,0.500960219478738,134602,0.4990249508768027,4,1.482964445927409e-05,0,0.0,0,0.0,269726,0,0.0,269726,0,0.0,0.0,1.6281322248719932,2.950352511999432,10.2903973460061,18.889299560201636,23.003996527720517,28.7881853794522,10.563050178819784,5.095206293740319
cc8a7f0f52562f9c,01_07_10.npy,0,1000,30,9,real_reader_values_nonnegative,float64,0.0,True,0.0,wavelet,270000,270000,0,0,0.0,0,0.0,0.0,1.02910788497452e-05,269730,135014,0.5005524042561079,134694,0.499366032699366,22,8.156304452600749e-05,0,0.0,0,0.0,269708,0,0.0,269708,0,0.0,0.22002653491112373,1.6880931703767368,2.990154282408683,10.3475657081107,18.659382785026605,22.951016262357758,27.1517866156198,10.563182060918702,5.065146309024104
cc8a7f0f52562f9c,01_07_10.npy,0,1000,30,9,real_reader_values_nonnegative,float64,0.0,True,0.0,butterworth_o5_c0.3,270000,270000,0,0,0.0,0,0.0,0.0,1.02910788497452e-05,269730,134880,0.5000556111667223,134836,0.49989248507767026,14,5.1903755607459314e-05,0,0.0,0,0.0,269716,0,0.0,269716,0,0.0,0.24746264483484404,1.6847573965755782,2.9885700189261657,10.342509236170693,18.669571448385376,22.966021630775465,27.12602083528092,10.563182515164252,5.066483186737508
cc8a7f0f52562f9c,01_07_10.npy,0,1000,30,9,real_reader_values_nonnegative,float64,0.0,True,0.0,savgol_w7_p3,270000,270000,0,0,0.0,0,0.0,0.0,1.02910788497452e-05,269730,134671,0.4992807622437252,135051,0.5006895784673563,8,2.965928891854818e-05,0,0.0,0,0.0,269722,0,0.0,269722,0,0.0,0.13955337769429185,1.6803290869821061,2.985989041847442,10.339804751331767,18.687931912080813,22.97681982756079,27.289049415554786,10.563059112886394,5.068529913095663
cc8a7f0f52562f9c,01_07_10.npy,0,1000,30,9,real_reader_values_nonnegative,float64,0.0,True,0.0,bandpass_fs1000,270000,270000,0,123497,0.4573962962962963,123496,0.4573925925925926,0.4754590317939821,1.02910788497452e-05,269730,133866,0.4962962962962963,135797,0.5034553071590109,67,0.000248396544692841,4083,0.015137359581804026,121330,0.4498201905609313,269660,123316,0.45730178743603056,269663,123319,0.4573078249518844,-5.353161821542088,-2.5489825214407658,-1.6524269930663866,0.09681209993239004,1.6538722745309986,2.4567169065936225,5.008163727737718,0.06367630747540538,0.9983801217623832
cc8a7f0f52562f9c,01_07_10.npy,0,1000,30,9,real_reader_values_nonnegative,float64,0.0,True,0.0,bandpass_fs200,270000,270000,0,133830,0.49566666666666664,133827,0.49565555555555557,0.4910442679195323,1.02910788497452e-05,269730,134828,0.49986282578875174,134894,0.5001075149223297,8,2.965928891854818e-05,42428,0.15729803877952026,112465,0.41695399102806513,269720,133088,0.49343022393593355,269722,133090,0.49343398017217727,-3.9583138546428076,-1.7091861346685735,-1.132915641367843,0.006674290600385761,1.156400648480406,1.7505735678825152,3.59986829433967,0.007728431440177125,0.6935093115838078
cc8a7f0f52562f9c,01_07_10.npy,0,1000,30,9,real_reader_values_nonnegative,float64,0.0,True,0.0,hampel_w5_s3,270000,270000,0,0,0.0,0,0.0,0.0,1.02910788497452e-05,269730,133965,0.49666332999666335,133595,0.4952915878841805,2170,0.008045082119156194,0,0.0,0,0.0,267560,0,0.0,267560,0,0.0,0.0,1.6316917206068695,2.952180433302464,10.288261383194499,18.84731988837811,22.99012848836653,28.7881853794522,10.556112992709865,5.086491697227908
cc8a7f0f52562f9c,01_07_11.npy,0,1000,30,9,real_reader_values_nonnegative,float64,0.0,True,0.0,raw,270000,270000,0,0,0.0,0,0.0,0.0,9.729520681040389e-06,269730,134942,0.5002854706558411,134773,0.4996589181774367,15,5.5611166722277836e-05,0,0.0,0,0.0,269715,0,0.0,269715,0,0.0,0.0,1.11491996567317,2.544936865189068,9.72779887861719,18.6114225468116,20.64501321059461,26.4777402284639,10.477913776967466,5.063077184304581
cc8a7f0f52562f9c,01_07_11.npy,0,1000,30,9,real_reader_values_nonnegative,float64,0.0,True,0.0,wavelet,270000,270000,0,0,0.0,0,0.0,0.0,9.729520681040389e-06,269730,134814,0.49981092203314426,134902,0.5001371742112483,14,5.1903755607459314e-05,0,0.0,0,0.0,269716,0,0.0,269716,0,0.0,0.17295483170245943,1.2243492259405533,2.5866518811928043,9.730915815452484,18.466810743083695,20.324589151804776,24.26129481076075,10.477896876004216,5.034208914864431
cc8a7f0f52562f9c,01_07_11.npy,0,1000,30,9,real_reader_values_nonnegative,float64,0.0,True,0.0,butterworth_o5_c0.3,270000,270000,0,0,0.0,0,0.0,0.0,9.729520681040389e-06,269730,135095,0.5008527045564083,134618,0.49908426945463985,17,6.302598895191488e-05,0,0.0,0,0.0,269713,0,0.0,269713,0,0.0,0.19100028280206854,1.2172479183610612,2.588890795137016,9.728044014243803,18.47607756376447,20.35139772033899,24.25467957326735,10.477949070636571,5.035257019607379
cc8a7f0f52562f9c,01_07_11.npy,0,1000,30,9,real_reader_values_nonnegative,float64,0.0,True,0.0,savgol_w7_p3,270000,270000,0,0,0.0,0,0.0,0.0,9.729520681040389e-06,269730,134957,0.5003410818225633,134760,0.4996107218329441,13,4.819634449264079e-05,0,0.0,0,0.0,269717,0,0.0,269717,0,0.0,0.10939999884472235,1.2164386604525073,2.5870889337753726,9.727089433403567,18.490240563804967,20.375134787336943,24.663329867211438,10.477865042649952,5.037353674867047
cc8a7f0f52562f9c,01_07_11.npy,0,1000,30,9,real_reader_values_nonnegative,float64,0.0,True,0.0,bandpass_fs1000,270000,270000,0,136426,0.5052814814814814,136426,0.5052814814814814,0.5694489987352148,9.729520681040389e-06,269730,135948,0.5040151262373485,133730,0.495792088384681,52,0.00019278537797056316,4845,0.01796240685129574,133883,0.4963593222852482,269678,136306,0.5054398208233523,269678,136306,0.5054398208233523,-7.423960616510408,-3.1790446299811683,-1.8176237989042643,-0.011101644036021329,1.557126268441239,2.7461875273167164,5.045332774991091,-0.050526179762278196,1.067890122915325
cc8a7f0f52562f9c,01_07_11.npy,0,1000,30,9,real_reader_values_nonnegative,float64,0.0,True,0.0,bandpass_fs200,270000,270000,0,138447,0.5127666666666667,138446,0.512762962962963,0.5124803575489493,9.729520681040389e-06,269730,134833,0.4998813628443258,134890,0.5000926852778704,7,2.5951877803729657e-05,40669,0.15077670262855447,117961,0.4373299225151077,269722,138407,0.5131468697399545,269723,138408,0.5131486747515043,-8.200915342553623,-1.9862614990868661,-1.2298385645096617,-0.020085310366961755,1.2828976251210062,2.0342818219180696,5.85056578102623,-0.005266225311594272,0.7912728006203985
cc8a7f0f52562f9c,01_07_11.npy,0,1000,30,9,real_reader_values_nonnegative,float64,0.0,True,0.0,hampel_w5_s3,270000,270000,0,0,0.0,0,0.0,0.0,9.729520681040389e-06,269730,133733,0.49580321061802546,133808,0.4960812664516368,2189,0.008115522930337744,0,0.0,0,0.0,267541,0,0.0,267541,0,0.0,0.0,1.11488782972528,2.5436541917699813,9.72900407758504,18.589612865346314,20.598981122830573,25.9687870063949,10.477982672159607,5.05988237400185
cc8a7f0f52562f9c,01_07_12.npy,0,1000,30,9,real_reader_values_nonnegative,float64,0.0,True,0.0,raw,270000,270000,0,0,0.0,0,0.0,0.0,9.44619562579242e-06,269730,134588,0.4989730471211953,135132,0.5009898787676565,10,3.7074111148185224e-05,0,0.0,0,0.0,269720,0,0.0,269720,0,0.0,0.0,1.42004617277946,2.841104020946595,9.444174632071764,18.5445238279658,20.36835782692025,26.1744034408977,10.363689368923994,4.973679848252012
cc8a7f0f52562f9c,01_07_12.npy,0,1000,30,9,real_reader_values_nonnegative,float64,0.0,True,0.0,wavelet,270000,270000,0,0,0.0,0,0.0,0.0,9.44619562579242e-06,269730,135425,0.5020761502242984,134290,0.49786823860897933,15,5.5611166722277836e-05,0,0.0,0,0.0,269715,0,0.0,269715,0,0.0,0.07506686955263381,1.44315314313349,2.850731892713441,9.441217149127866,18.344171965097537,20.078208973469255,23.960679096579533,10.36375451374455,4.943544164702003
cc8a7f0f52562f9c,01_07_12.npy,0,1000,30,9,real_reader_values_nonnegative,float64,0.0,True,0.0,butterworth_o5_c0.3,270000,270000,0,0,0.0,0,0.0,0.0,9.44619562579242e-06,269730,135177,0.5011567122678234,134535,0.4987765543321099,18,6.67334000667334e-05,0,0.0,0,0.0,269712,0,0.0,269712,0,0.0,0.12003360508197192,1.4413221434486325,2.8513938439902917,9.442539077973077,18.34704453030825,20.08278918766544,24.49404101196109,10.363767075852284,4.944699058166208
cc8a7f0f52562f9c,01_07_12.npy,0,1000,30,9,real_reader_values_nonnegative,float64,0.0,True,0.0,savgol_w7_p3,270000,270000,0,0,0.0,0,0.0,0.0,9.44619562579242e-06,269730,135523,0.5024394765135506,134198,0.49752715678641607,9,3.33667000333667e-05,0,0.0,0,0.0,269721,0,0.0,269721,0,0.0,0.09830570247422803,1.4379417132407315,2.84980587985559,9.443039544364105,18.367419741528476,20.103303760798493,24.593385381521266,10.363647067661924,4.946929326518526
cc8a7f0f52562f9c,01_07_12.npy,0,1000,30,9,real_reader_values_nonnegative,float64,0.0,True,0.0,bandpass_fs1000,270000,270000,0,126467,0.4683962962962963,126466,0.4683925925925926,0.4763192564694021,9.44619562579242e-06,269730,133817,0.4961146331516702,135860,0.5036888740592445,53,0.0001964927890853817,4551,0.016872427983539096,124022,0.45980054128202275,269677,126267,0.4682156802396942,269677,126267,0.4682156802396942,-5.104878308756612,-2.5064114772559627,-1.622725341222419,0.0767051201483624,1.6590181589712505,2.4535750587833864,4.152729675939567,0.05420294545480058,1.0147834331403978
cc8a7f0f52562f9c,01_07_12.npy,0,1000,30,9,real_reader_values_nonnegative,float64,0.0,True,0.0,bandpass_fs200,270000,270000,0,132958,0.49243703703703706,132956,0.4924296296296296,0.5156810037966265,9.44619562579242e-06,269730,134873,0.5000296592889185,134849,0.4999406814221629,8,2.965928891854818e-05,40969,0.15188892596300005,112339,0.416486857227598,269720,132478,0.4911686193089129,269722,132480,0.49117239231505033,-4.378137417818796,-2.038560304405754,-1.2895454661825467,0.012632229662922961,1.242307301774001,1.8766274390510018,4.303833039807711,0.0008490989654615431,0.7700599534253015
cc8a7f0f52562f9c,01_07_12.npy,0,1000,30,9,real_reader_values_nonnegative,float64,0.0,True,0.0,hampel_w5_s3,270000,270000,0,0,0.0,0,0.0,0.0,9.44619562579242e-06,269730,133528,0.49504319133948765,134041,0.4969450932413895,2161,0.008011715419122826,0,0.0,0,0.0,267569,0,0.0,267569,0,0.0,0.0,1.420153893581342,2.83977553254197,9.44430167175848,18.53675162384874,20.347927139491908,25.2366275728366,10.368966625123276,4.9752118090925155
cc8a7f0f52562f9c,01_07_13.npy,0,1000,30,9,real_reader_values_nonnegative,float64,0.0,True,0.0,raw,270000,270000,0,0,0.0,0,0.0,0.0,9.193483150311261e-06,269730,134608,0.4990471953434916,135109,0.5009046083120157,13,4.819634449264079e-05,0,0.0,0,0.0,269717,0,0.0,269717,0,0.0,0.0,1.1161593344469845,2.838927955356694,9.19102117594969,18.590723017542587,20.454463776533203,25.9416523264168,10.263053899300953,5.061096424366424
cc8a7f0f52562f9c,01_07_13.npy,0,1000,30,9,real_reader_values_nonnegative,float64,0.0,True,0.0,wavelet,270000,270000,0,0,0.0,0,0.0,0.0,9.193483150311261e-06,269730,134051,0.4969821673525377,135670,0.502984465947429,9,3.33667000333667e-05,0,0.0,0,0.0,269721,0,0.0,269721,0,0.0,0.17130792335291273,1.2159967717095792,2.831429992381288,9.158567306285086,18.3771320664161,20.15069959056656,24.29794135212218,10.263020601979473,5.029701272253523
cc8a7f0f52562f9c,01_07_13.npy,0,1000,30,9,real_reader_values_nonnegative,float64,0.0,True,0.0,butterworth_o5_c0.3,270000,270000,0,0,0.0,0,0.0,0.0,9.193483150311261e-06,269730,133423,0.4946539131724317,136295,0.5053015978941905,12,4.448893337782227e-05,0,0.0,0,0.0,269718,0,0.0,269718,0,0.0,0.1546783329928307,1.213382661015325,2.830112983162083,9.162250934890004,18.382919166826753,20.175183212196337,24.225386017938614,10.26333588083508,5.031116888273468
cc8a7f0f52562f9c,01_07_13.npy,0,1000,30,9,real_reader_values_nonnegative,float64,0.0,True,0.0,savgol_w7_p3,270000,270000,0,0,0.0,0,0.0,0.0,9.193483150311261e-06,269730,134607,0.4990434879323768,135118,0.5009379750120491,5,1.8537055574092612e-05,0,0.0,0,0.0,269725,0,0.0,269725,0,0.0,0.14981341752992772,1.214306099848784,2.82659118389291,9.164155966617997,18.40862431042422,20.1946786530884,24.661143923539242,10.263048704677024,5.033274210387777
cc8a7f0f52562f9c,01_07_13.npy,0,1000,30,9,real_reader_values_nonnegative,float64,0.0,True,0.0,bandpass_fs1000,270000,270000,0,141719,0.5248851851851852,141718,0.5248814814814815,0.6056410292719401,9.193483150311261e-06,269730,133955,0.4966262558855151,135736,0.503229155081007,39,0.00014458903347792237,5155,0.019111704296889482,139022,0.5154117080043006,269689,141569,0.5249342761477109,269691,141571,0.5249377991849932,-5.230099484588324,-3.2473428080098135,-2.0349809789858226,-0.057193349958917825,1.6654316502892133,2.529605858791476,4.859956023374105,-0.10195882483052726,1.1200819910258863
cc8a7f0f52562f9c,01_07_13.npy,0,1000,30,9,real_reader_values_nonnegative,float64,0.0,True,0.0,bandpass_fs200,270000,270000,0,137067,0.5076555555555555,137067,0.5076555555555555,0.5234743508492129,9.193483150311261e-06,269730,135168,0.50112334556779,134552,0.4988395803210618,10,3.7074111148185224e-05,37783,0.14007711415118823,117990,0.43743743743743746,269720,136950,0.5077487765089723,269720,136950,0.5077487765089723,-4.807635970353835,-2.492336208703326,-1.4638698197446443,-0.01497365578707803,1.3923258520580852,2.290959370255134,6.743976384345668,-0.01703686509660413,0.8980231110062205
cc8a7f0f52562f9c,01_07_13.npy,0,1000,30,9,real_reader_values_nonnegative,float64,0.0,True,0.0,hampel_w5_s3,270000,270000,0,0,0.0,0,0.0,0.0,9.193483150311261e-06,269730,133689,0.4956400845289734,134098,0.4971564156749342,1943,0.0072034997960923886,0,0.0,0,0.0,267787,0,0.0,267787,0,0.0,0.0,1.11500432594929,2.8393477438653814,9.189290342047606,18.581680128200354,20.423882259414437,25.9416523264168,10.266446000758187,5.0613023097845815
cc8a7f0f52562f9c,01_07_14.npy,0,1000,30,9,real_reader_values_nonnegative,float64,0.0,True,0.0,raw,270000,270000,0,0,0.0,0,0.0,0.0,1.0247029911576398e-05,269730,134924,0.5002187372557743,134801,0.4997627256886516,5,1.8537055574092612e-05,0,0.0,0,0.0,269725,0,0.0,269725,0,0.0,0.0,2.00688583481563,3.4038822603447194,10.246139025307599,18.29023979851848,20.360617672266873,26.3015390298743,10.147957686981878,4.49943852181812
cc8a7f0f52562f9c,01_07_14.npy,0,1000,30,9,real_reader_values_nonnegative,float64,0.0,True,0.0,wavelet,270000,270000,0,1,3.7037037037037037e-06,1,3.7037037037037037e-06,8.142712884205228e-12,1.0247029911576398e-05,269730,134893,0.500103807511215,134812,0.4998035072109146,25,9.268527787046306e-05,2,7.414822229637045e-06,0,0.0,269705,0,0.0,269705,0,0.0,-0.01644013735073213,2.0343069271538994,3.4335133966952487,10.246592381439964,18.28591818771225,20.070370253068464,24.60531705907598,10.147681666900931,4.467689650450378
cc8a7f0f52562f9c,01_07_14.npy,0,1000,30,9,real_reader_values_nonnegative,float64,0.0,True,0.0,butterworth_o5_c0.3,270000,270000,0,0,0.0,0,0.0,0.0,1.0247029911576398e-05,269730,134787,0.49971082193304417,134928,0.5002335669002336,15,5.5611166722277836e-05,0,0.0,0,0.0,269715,0,0.0,269715,0,0.0,0.10338994794502854,2.0308670805695628,3.4353170027787834,10.248106209678964,18.281188195037952,20.07720017420149,24.902009518274735,10.14773540616451,4.469090535333236
cc8a7f0f52562f9c,01_07_14.npy,0,1000,30,9,real_reader_values_nonnegative,float64,0.0,True,0.0,savgol_w7_p3,270000,270000,0,2,7.4074074074074075e-06,2,7.4074074074074075e-06,2.7769671475196333e-09,1.0247029911576398e-05,269730,134623,0.49910280651021394,135101,0.5008749490230971,6,2.2244466688911134e-05,4,1.482964445927409e-05,0,0.0,269724,0,0.0,269724,0,0.0,-0.28822919200815544,2.027947483651701,3.43201816542783,10.249246291093533,18.28549536091502,20.102256897899128,25.06709545558852,10.147995795553758,4.47157981642532
cc8a7f0f52562f9c,01_07_14.npy,0,1000,30,9,real_reader_values_nonnegative,float64,0.0,True,0.0,bandpass_fs1000,270000,270000,0,130892,0.4847851851851852,130891,0.4847814814814815,0.445404337859448,1.0247029911576398e-05,269730,137525,0.5098617135654173,132154,0.489949208467727,51,0.00018907796685574464,4829,0.017903088273458642,128402,0.4760390019649279,269677,130798,0.48501726139047824,269679,130800,0.48502108061806815,-7.689038412420638,-3.104327122469301,-1.786953198353389,0.031188936055895983,1.8299407307258628,3.4366327080101837,8.510967505588095,0.04555041244229794,1.1504085060992435
cc8a7f0f52562f9c,01_07_14.npy,0,1000,30,9,real_reader_values_nonnegative,float64,0.0,True,0.0,bandpass_fs200,270000,270000,0,134969,0.4998851851851852,134967,0.49987777777777775,0.4639844954464181,1.0247029911576398e-05,269730,135302,0.5016201386571757,134415,0.49833166499833165,13,4.819634449264079e-05,43382,0.16083490898305713,113181,0.41960849738627515,269715,134835,0.4999165786107558,269717,134837,0.49992028681914746,-6.785099145718224,-2.543069480560766,-1.4490609730452224,0.0001822641719756296,1.4263389741019583,2.8030803631749426,8.110866843339522,0.010696036622378549,0.9519170893045064
cc8a7f0f52562f9c,01_07_14.npy,0,1000,30,9,real_reader_values_nonnegative,float64,0.0,True,0.0,hampel_w5_s3,270000,270000,0,0,0.0,0,0.0,0.0,1.0247029911576398e-05,269730,134089,0.49712304897490084,133902,0.4964297630964298,1739,0.0064471879286694105,0,0.0,0,0.0,267991,0,0.0,267991,0,0.0,0.0,2.0119205463683527,3.408161096015209,10.24894398471475,18.29795949376334,20.3166698560207,26.3015390298743,10.147063261658278,4.495470606554476
cc8a7f0f52562f9c,01_07_15.npy,0,1000,30,9,real_reader_values_nonnegative,float64,0.0,True,0.0,raw,270000,270000,0,0,0.0,0,0.0,0.0,1.14457115042429e-05,269730,112369,0.4165980795610425,112060,0.4154524895265636,45301,0.16794943091239387,0,0.0,0,0.0,224429,0,0.0,224429,0,0.0,0.0,0.0,0.0,10.2731923469811,17.785283167841094,20.75121845896405,26.1880209684265,9.166004085184975,5.5157319872305575
cc8a7f0f52562f9c,01_07_15.npy,0,1000,30,9,real_reader_values_nonnegative,float64,0.0,True,0.0,wavelet,270000,270000,0,1418,0.005251851851851852,0,0.0,0.0,1.14457115042429e-05,269730,112620,0.41752863975086196,111800,0.4144885626367108,45310,0.16798279761242724,0,0.0,0,0.0,224420,0,0.0,224420,0,0.0,-3.1086244689504383e-15,0.0,0.0,10.309291924676174,17.799447100558236,20.60290740388527,23.534119636057458,9.166122019110489,5.496547842572921
cc8a7f0f52562f9c,01_07_15.npy,0,1000,30,9,real_reader_values_nonnegative,float64,0.0,True,0.0,butterworth_o5_c0.3,270000,270000,0,22781,0.08437407407407407,3301,0.012225925925925927,5.227381445157276e-06,1.14457115042429e-05,269730,116401,0.4315463611759908,114347,0.4239313387461536,38982,0.14452230007785563,1673,0.0062024987950913876,2275,0.008434360286212137,230494,2972,0.01289404496429408,230748,3226,0.013980619550331964,-1.3001203233351228,-7.74798129411924e-05,-1.511074740862758e-22,10.306146492952507,17.789211088678805,20.59899033514911,23.915111582236086,9.166116016652518,5.490794452347219
cc8a7f0f52562f9c,01_07_15.npy,0,1000,30,9,real_reader_values_nonnegative,float64,0.0,True,0.0,savgol_w7_p3,270000,270000,0,150,0.0005555555555555556,150,0.0005555555555555556,4.176164027266728e-06,1.14457115042429e-05,269730,112757,0.4180365550735921,112113,0.415648982315649,44860,0.1663144626107589,150,0.0005561116672227783,0,0.0,224870,299,0.0013296571352336905,224870,299,0.0013296571352336905,-1.4923047764499529,0.0,0.0,10.30765581093083,17.789373835182975,20.614518978652594,23.889041302951394,9.165949267635062,5.492627090932524
cc8a7f0f52562f9c,01_07_15.npy,0,1000,30,9,real_reader_values_nonnegative,float64,0.0,True,0.0,bandpass_fs1000,270000,270000,0,137544,0.5094222222222222,137544,0.5094222222222222,0.33517929260100743,1.14457115042429e-05,269730,146024,0.5413710006302599,123664,0.4584732881029177,42,0.00015571126682237794,3963,0.014692470248025804,135392,0.5019538056575094,269687,137338,0.5092496115867654,269688,137339,0.5092514312835573,-7.79157038905462,-5.5098684159642906,-3.882457492311207,-0.024457711882923783,5.925810326399401,7.801853252779543,15.396641195499798,0.18038945091067304,2.505307897087268
cc8a7f0f52562f9c,01_07_15.npy,0,1000,30,9,real_reader_values_nonnegative,float64,0.0,True,0.0,bandpass_fs200,270000,270000,0,132388,0.49032592592592594,132386,0.49031851851851854,0.5001369705202675,1.14457115042429e-05,269730,134138,0.4973047121195269,135530,0.5024654283913543,62,0.0002298594891187484,33630,0.1246802357913469,115470,0.42809476142809477,269668,131929,0.48922749454885267,269668,131929,0.48922749454885267,-9.131846569801016,-4.604647075506176,-2.2021595653233033,0.016702848048924322,1.9613108755255682,4.785690659297705,11.222099233706706,-0.009263777925986571,1.4136417976631666
cc8a7f0f52562f9c,01_07_15.npy,0,1000,30,9,real_reader_values_nonnegative,float64,0.0,True,0.0,hampel_w5_s3,270000,270000,0,0,0.0,0,0.0,0.0,1.14457115042429e-05,269730,111628,0.413850887924962,111388,0.41296110925740553,46714,0.17318800281763244,0,0.0,0,0.0,223016,0,0.0,223016,0,0.0,0.0,0.0,0.0,10.2777091758615,17.786836830722027,20.721681783825254,25.1007137440619,9.164980045445674,5.511080598773301
cc8a7f0f52562f9c,01_07_16.npy,0,1000,30,9,real_reader_values_nonnegative,float64,0.0,True,0.0,raw,270000,270000,0,0,0.0,0,0.0,0.0,9.977374188510809e-06,269730,134931,0.500244689133578,134792,0.49972935898861826,7,2.5951877803729657e-05,0,0.0,0,0.0,269723,0,0.0,269723,0,0.0,0.0,1.7458406171495333,3.4921134608485147,9.976878444476661,17.16707659922435,19.650800832352363,25.9303039412006,10.05634386965163,4.175924612812135
cc8a7f0f52562f9c,01_07_16.npy,0,1000,30,9,real_reader_values_nonnegative,float64,0.0,True,0.0,wavelet,270000,270000,0,0,0.0,0,0.0,0.0,9.977374188510809e-06,269730,135259,0.5014607199792385,134447,0.4984503021540059,24,8.897786675564454e-05,0,0.0,0,0.0,269706,0,0.0,269706,0,0.0,0.23543104304911802,1.785476312503417,3.528983186041808,9.990674998338251,17.11596936531561,19.418684921245823,24.209722767477995,10.056430437232555,4.14009695238449
cc8a7f0f52562f9c,01_07_16.npy,0,1000,30,9,real_reader_values_nonnegative,float64,0.0,True,0.0,butterworth_o5_c0.3,270000,270000,0,0,0.0,0,0.0,0.0,9.977374188510809e-06,269730,134762,0.4996181366551737,134959,0.500348496644793,9,3.33667000333667e-05,0,0.0,0,0.0,269721,0,0.0,269721,0,0.0,0.2609253914488641,1.7815323099406986,3.5320976474677512,9.993641672794507,17.122414444895018,19.42341118944147,24.563793393116605,10.056438897141762,4.141667294860581
cc8a7f0f52562f9c,01_07_16.npy,0,1000,30,9,real_reader_values_nonnegative,float64,0.0,True,0.0,savgol_w7_p3,270000,270000,0,0,0.0,0,0.0,0.0,9.977374188510809e-06,269730,134967,0.5003781559337115,134755,0.49959218477736994,8,2.965928891854818e-05,0,0.0,0,0.0,269722,0,0.0,269722,0,0.0,0.2638748951947587,1.7774722567476837,3.524731951177812,9.992264361648616,17.124830863517307,19.436099380959618,24.88544677303986,10.056309276618649,4.144074435812599
cc8a7f0f52562f9c,01_07_16.npy,0,1000,30,9,real_reader_values_nonnegative,float64,0.0,True,0.0,bandpass_fs1000,270000,270000,0,130702,0.4840814814814815,130702,0.4840814814814815,0.5458501433731737,9.977374188510809e-06,269730,132880,0.49264078893708524,136812,0.5072183294405517,38,0.00014088162236310385,4096,0.015185555926296668,128493,0.47637637637637636,269692,130524,0.48397431143675007,269692,130524,0.48397431143675007,-11.879320587900347,-8.044593921935341,-4.22898479547039,0.05404946551552877,3.819274120070306,6.463103316684269,11.09861509761021,0.01831647481499815,2.4426883375950603
cc8a7f0f52562f9c,01_07_16.npy,0,1000,30,9,real_reader_values_nonnegative,float64,0.0,True,0.0,bandpass_fs200,270000,270000,0,136479,0.5054777777777778,136479,0.5054777777777778,0.533269574912555,9.977374188510809e-06,269730,134582,0.49895080265450636,135145,0.5010380751121492,3,1.1122233344455567e-05,32321,0.11982723464204946,120199,0.44562710859007154,269727,136651,0.506627071075569,269727,136651,0.506627071075569,-10.713644774077332,-4.009924164382467,-2.1046560837630253,-0.012288473673237144,2.1195885018082614,3.453014331108172,7.27043846184856,-0.0038889374274085355,1.3188022591224402
cc8a7f0f52562f9c,01_07_16.npy,0,1000,30,9,real_reader_values_nonnegative,float64,0.0,True,0.0,hampel_w5_s3,270000,270000,0,0,0.0,0,0.0,0.0,9.977374188510809e-06,269730,134067,0.49704148593037484,134017,0.49685611537463387,1646,0.006102398694991288,0,0.0,0,0.0,268084,0,0.0,268084,0,0.0,0.0,1.7705435306322,3.4966173734958996,9.97802441642538,17.151459192668167,19.591509751215174,25.9303039412006,10.052318798239591,4.168568394645783
cc8a7f0f52562f9c,01_07_17.npy,0,1000,30,9,real_reader_values_nonnegative,float64,0.0,True,0.0,raw,270000,270000,0,0,0.0,0,0.0,0.0,9.257235138472644e-06,269730,134911,0.5001705409112817,134809,0.49979238497757017,10,3.7074111148185224e-05,0,0.0,0,0.0,269720,0,0.0,269720,0,0.0,0.0,1.3210751887198,2.6904573896710517,9.255749998502104,17.110452639914296,19.2681005354356,25.5124258613499,9.547098418159987,4.615151210767973
cc8a7f0f52562f9c,01_07_17.npy,0,1000,30,9,real_reader_values_nonnegative,float64,0.0,True,0.0,wavelet,270000,270000,0,0,0.0,0,0.0,0.0,9.257235138472644e-06,269730,136261,0.5051755459162867,133454,0.4947688429169911,15,5.5611166722277836e-05,0,0.0,0,0.0,269715,0,0.0,269715,0,0.0,0.03212707326146083,1.3739433043490024,2.7051663021489274,9.270643391610083,16.993783988461168,19.032944623115,22.315673304830398,9.54699318198224,4.5831704892036695
cc8a7f0f52562f9c,01_07_17.npy,0,1000,30,9,real_reader_values_nonnegative,float64,0.0,True,0.0,butterworth_o5_c0.3,270000,270000,0,1,3.7037037037037037e-06,1,3.7037037037037037e-06,1.2178401308828602e-11,9.257235138472644e-06,269730,135758,0.503310718125533,133960,0.49664479294108926,12,4.448893337782227e-05,2,7.414822229637045e-06,0,0.0,269718,0,0.0,269718,0,0.0,-0.01920453720698877,1.3641651621720523,2.7060129638688006,9.26522486260708,17.00136187725553,19.036880558983512,21.65748347585546,9.547111312166757,4.5843981491112284
cc8a7f0f52562f9c,01_07_17.npy,0,1000,30,9,real_reader_values_nonnegative,float64,0.0,True,0.0,savgol_w7_p3,270000,270000,0,2,7.4074074074074075e-06,2,7.4074074074074075e-06,1.210876343581158e-10,9.257235138472644e-06,269730,135293,0.5015867719571423,134433,0.4983983983983984,4,1.482964445927409e-05,2,7.414822229637045e-06,1,3.7074111148185224e-06,269726,1,3.707466095222559e-06,269726,1,3.707466095222559e-06,-0.04754221188926781,1.362267356426462,2.705666147277373,9.269473137089248,17.008118485075656,19.051185549701998,22.00235700151437,9.54710157618657,4.5866960245300765
cc8a7f0f52562f9c,01_07_17.npy,0,1000,30,9,real_reader_values_nonnegative,float64,0.0,True,0.0,bandpass_fs1000,270000,270000,0,132505,0.4907592592592593,132505,0.4907592592592593,0.35156050745683465,9.257235138472644e-06,269730,135132,0.5009898787676565,134554,0.49884699514329145,44,0.00016312608905201499,5748,0.021310199087976867,129517,0.48017276535795056,269684,132408,0.4909746221503686,269686,132410,0.4909783970988483,-6.807188830874732,-3.1753584494417897,-1.7009964283540946,0.01710129122165588,2.305992550408052,4.360543906311892,9.240387581496488,0.12525988731771537,1.2779455611771156
cc8a7f0f52562f9c,01_07_17.npy,0,1000,30,9,real_reader_values_nonnegative,float64,0.0,True,0.0,bandpass_fs200,270000,270000,0,133733,0.4953074074074074,133730,0.4952962962962963,0.4911614916738538,9.257235138472644e-06,269730,135025,0.500593185778371,134696,0.4993734475215957,9,3.33667000333667e-05,41320,0.15319022726430134,112970,0.41882623364104843,269719,133750,0.49588645961166994,269721,133752,0.4958901976486814,-6.526343239881361,-3.093891658890915,-1.5768005679353372,0.007679587401588511,1.6885092428564705,2.959312424927979,7.427519073082058,0.026985921583462677,1.0285559104800195
cc8a7f0f52562f9c,01_07_17.npy,0,1000,30,9,real_reader_values_nonnegative,float64,0.0,True,0.0,hampel_w5_s3,270000,270000,0,0,0.0,0,0.0,0.0,9.257235138472644e-06,269730,134029,0.4969006043080117,133990,0.4967560152745338,1711,0.006343380417454491,0,0.0,0,0.0,268019,0,0.0,268019,0,0.0,0.0,1.3240691129626196,2.688914929719699,9.252742694362185,17.07895912574988,19.208491008464694,23.1652789072388,9.540614820050173,4.605815459770769
cc8a7f0f52562f9c,01_07_18.npy,0,1000,30,9,real_reader_values_nonnegative,float64,0.0,True,0.0,raw,270000,270000,0,0,0.0,0,0.0,0.0,8.71913778487979e-06,269730,134566,0.4988914840766693,135152,0.5010640269899529,12,4.448893337782227e-05,0,0.0,0,0.0,269718,0,0.0,269718,0,0.0,0.0,0.8464294477035817,2.060260814380911,8.71623469523895,17.04292804478884,19.697761892831885,27.1085410003753,9.083281039553324,4.5015052565095335
cc8a7f0f52562f9c,01_07_18.npy,0,1000,30,9,real_reader_values_nonnegative,float64,0.0,True,0.0,wavelet,270000,270000,0,0,0.0,0,0.0,0.0,8.71913778487979e-06,269730,134391,0.49824268713157605,135326,0.5017091165239314,13,4.819634449264079e-05,0,0.0,0,0.0,269717,0,0.0,269717,0,0.0,0.029089853751200982,0.8510369930684165,2.0922409376991022,8.719357476588993,17.0178355920754,19.526028029772057,24.334694028886428,9.083068415853857,4.471355466972704
cc8a7f0f52562f9c,01_07_18.npy,0,1000,30,9,real_reader_values_nonnegative,float64,0.0,True,0.0,butterworth_o5_c0.3,270000,270000,0,1,3.7037037037037037e-06,1,3.7037037037037037e-06,7.605117042231996e-16,8.71913778487979e-06,269730,134309,0.4979386794201609,135409,0.5020168316464613,12,4.448893337782227e-05,1,3.7074111148185224e-06,0,0.0,269718,0,0.0,269718,0,0.0,-0.0001450788323323713,0.8525323072582534,2.0933632824837956,8.719792879756511,17.025839229400592,19.53131560270239,22.680886811218546,9.083238943439499,4.471935753903132
cc8a7f0f52562f9c,01_07_18.npy,0,1000,30,9,real_reader_values_nonnegative,float64,0.0,True,0.0,savgol_w7_p3,270000,270000,0,6,2.2222222222222223e-05,6,2.2222222222222223e-05,3.8670756028388045e-09,8.71913778487979e-06,269730,134594,0.4989952915878842,135128,0.5009750491231972,8,2.965928891854818e-05,12,4.448893337782227e-05,0,0.0,269722,0,0.0,269722,0,0.0,-0.23066974296643905,0.8510077778074926,2.086239611433695,8.72204355743646,17.031905197726118,19.537843264826197,22.94487357192956,9.083330548213267,4.474363718937948
cc8a7f0f52562f9c,01_07_18.npy,0,1000,30,9,real_reader_values_nonnegative,float64,0.0,True,0.0,bandpass_fs1000,270000,270000,0,143456,0.5313185185185185,143455,0.5313148148148148,0.5711458836916385,8.71913778487979e-06,269730,135161,0.5010973936899863,134535,0.4987765543321099,34,0.00012605197790382976,5395,0.020001482964445927,140651,0.52145108071034,269695,143345,0.5315078143829141,269696,143346,0.5315095514950167,-7.730139336162874,-4.037087340332197,-2.0490395566513655,-0.05389431033383253,1.8063658272408076,3.428316812629874,7.479624987072137,-0.08583671577655468,1.2388586221094282
cc8a7f0f52562f9c,01_07_18.npy,0,1000,30,9,real_reader_values_nonnegative,float64,0.0,True,0.0,bandpass_fs200,270000,270000,0,138781,0.5140037037037037,138780,0.514,0.4761568195835036,8.71913778487979e-06,269730,134745,0.49955511066622177,134979,0.5004226448670893,6,2.2244466688911134e-05,42315,0.15687910132354577,117465,0.4354910466021577,269722,138717,0.5142962012739043,269724,138719,0.5142998027613412,-5.331561374570017,-2.5458153997314126,-1.5577571984168723,-0.021993960218876417,1.5316386490189724,3.0583641730211983,7.95192451789225,-0.010331508789361205,0.9520026461944713
cc8a7f0f52562f9c,01_07_18.npy,0,1000,30,9,real_reader_values_nonnegative,float64,0.0,True,0.0,hampel_w5_s3,270000,270000,0,0,0.0,0,0.0,0.0,8.71913778487979e-06,269730,133763,0.49591443295147,134273,0.4978052126200274,1694,0.0062803544285025764,0,0.0,0,0.0,268036,0,0.0,268036,0,0.0,0.0,0.8480136404708679,2.0623419729127788,8.712523042381719,17.034980992706764,19.6806235300481,23.9929666624494,9.080622801862305,4.4967992409446635
cc8a7f0f52562f9c,01_07_19.npy,0,1000,30,9,real_reader_values_nonnegative,float64,0.0,True,0.0,raw,270000,270000,0,0,0.0,0,0.0,0.0,8.3252733171444e-06,269730,134889,0.5000889778667557,134833,0.4998813628443258,8,2.965928891854818e-05,0,0.0,0,0.0,269722,0,0.0,269722,0,0.0,0.0,0.8657358626194429,1.83390963199882,8.323170644151345,17.070497811448885,19.372740710903887,26.9189755369864,8.80196108190815,4.725224179376248
cc8a7f0f52562f9c,01_07_19.npy,0,1000,30,9,real_reader_values_nonnegative,float64,0.0,True,0.0,wavelet,270000,270000,0,0,0.0,0,0.0,0.0,8.3252733171444e-06,269730,134560,0.49886923960998036,135157,0.501082564045527,13,4.819634449264079e-05,0,0.0,0,0.0,269717,0,0.0,269717,0,0.0,0.16545292816146073,0.9496301059606287,1.8469493917868827,8.332191162096633,17.0385847607827,19.11383112204631,25.30279333234704,8.802020264304039,4.697283389132103
cc8a7f0f52562f9c,01_07_19.npy,0,1000,30,9,real_reader_values_nonnegative,float64,0.0,True,0.0,butterworth_o5_c0.3,270000,270000,0,0,0.0,0,0.0,0.0,8.3252733171444e-06,269730,134535,0.4987765543321099,135181,0.5011715419122826,14,5.1903755607459314e-05,0,0.0,0,0.0,269716,0,0.0,269716,0,0.0,0.0011558782582999465,0.9468468996029941,1.8451754037454542,8.333574737886472,17.040505579847807,19.129427412865706,25.030165720725144,8.801773868512589,4.698448892185499
cc8a7f0f52562f9c,01_07_19.npy,0,1000,30,9,real_reader_values_nonnegative,float64,0.0,True,0.0,savgol_w7_p3,270000,270000,0,1,3.7037037037037037e-06,1,3.7037037037037037e-06,4.6199279350263404e-11,8.3252733171444e-06,269730,134933,0.5002521039558077,134791,0.4997256515775034,6,2.2244466688911134e-05,1,3.7074111148185224e-06,0,0.0,269724,0,0.0,269724,0,0.0,-0.035242342566651784,0.9384347150926591,1.8430848194567526,8.332425259693595,17.042682619417842,19.1604117732374,25.136331073115194,8.801975950593649,4.70060556032857
cc8a7f0f52562f9c,01_07_19.npy,0,1000,30,9,real_reader_values_nonnegative,float64,0.0,True,0.0,bandpass_fs1000,270000,270000,0,125038,0.4631037037037037,125037,0.4631,0.396405499807918,8.3252733171444e-06,269730,133193,0.49380120861602345,136497,0.5060504949393838,40,0.0001482964445927409,5238,0.01941941941941942,122256,0.4532532532532533,269690,124782,0.4626867885349846,269690,124782,0.4626867885349846,-8.713601979843016,-4.335638450832864,-2.1924399309699636,0.08303419390671447,2.675864140000145,5.300861060876439,8.80851108728234,0.13675169827878508,1.555153729328937
cc8a7f0f52562f9c,01_07_19.npy,0,1000,30,9,real_reader_values_nonnegative,float64,0.0,True,0.0,bandpass_fs200,270000,270000,0,136622,0.5060074074074075,136622,0.5060074074074075,0.46751794124418183,8.3252733171444e-06,269730,135065,0.5007414822229637,134660,0.4992399807214622,5,1.8537055574092612e-05,39613,0.14686167649130613,116693,0.4326289252215178,269721,136497,0.5060673807378736,269725,136501,0.5060747057187877,-5.6243500130456425,-2.862641021400534,-1.6423088422365644,-0.01049521578128463,1.7705991251722695,3.1682250533932232,6.804779590374539,0.010127741698742265,1.053602884341857
cc8a7f0f52562f9c,01_07_19.npy,0,1000,30,9,real_reader_values_nonnegative,float64,0.0,True,0.0,hampel_w5_s3,270000,270000,0,0,0.0,0,0.0,0.0,8.3252733171444e-06,269730,134084,0.49710451191932675,134086,0.49711192674155635,1560,0.005783561339116895,0,0.0,0,0.0,268170,0,0.0,268170,0,0.0,0.0,0.8691196042732626,1.8365863879013975,8.320500108612075,17.05580752308231,19.31644213295619,26.9189755369864,8.796617391687386,4.717732610936539
cc8a7f0f52562f9c,01_07_20.npy,0,1000,30,9,real_reader_values_nonnegative,float64,0.0,True,0.0,raw,270000,270000,0,0,0.0,0,0.0,0.0,8.54926702530593e-06,269730,134881,0.5000593185778371,134847,0.49993326659993326,2,7.414822229637045e-06,0,0.0,0,0.0,269728,0,0.0,269728,0,0.0,0.0,1.5470832707022517,2.662500442375863,8.548561419394165,16.98343384737912,19.361768498519098,25.7772755169055,8.959143944652023,4.364927431422392
cc8a7f0f52562f9c,01_07_20.npy,0,1000,30,9,real_reader_values_nonnegative,float64,0.0,True,0.0,wavelet,270000,270000,0,0,0.0,0,0.0,0.0,8.54926702530593e-06,269730,134425,0.4983687391094799,135297,0.5016016016016016,8,2.965928891854818e-05,0,0.0,0,0.0,269722,0,0.0,269722,0,0.0,0.046689767895024506,1.625461746481454,2.6655891008939103,8.557076390632282,16.97042477705451,19.11743345828428,24.35724178329413,8.95909474949967,4.336242526833963
cc8a7f0f52562f9c,01_07_20.npy,0,1000,30,9,real_reader_values_nonnegative,float64,0.0,True,0.0,butterworth_o5_c0.3,270000,270000,0,0,0.0,0,0.0,0.0,8.54926702530593e-06,269730,134124,0.4972528083639195,135584,0.5026656285915545,22,8.156304452600749e-05,0,0.0,0,0.0,269708,0,0.0,269708,0,0.0,0.11576472755574117,1.621562516806272,2.6648943422960123,8.558602559707115,16.977736329158503,19.144160238227688,24.339936966651333,8.959321886993694,4.337737797029821
cc8a7f0f52562f9c,01_07_20.npy,0,1000,30,9,real_reader_values_nonnegative,float64,0.0,True,0.0,savgol_w7_p3,270000,270000,0,0,0.0,0,0.0,0.0,8.54926702530593e-06,269730,134439,0.4984206428650873,135283,0.5015496978459941,8,2.965928891854818e-05,0,0.0,0,0.0,269722,0,0.0,269722,0,0.0,0.16223389660152937,1.6149611293304251,2.6645249226905365,8.555896499647202,16.96897309749276,19.155237838054244,24.398724986548217,8.959111649711325,4.339568300182075
cc8a7f0f52562f9c,01_07_20.npy,0,1000,30,9,real_reader_values_nonnegative,float64,0.0,True,0.0,bandpass_fs1000,270000,270000,0,133939,0.4960703703703704,133936,0.49605925925925926,0.5118035992425438,8.54926702530593e-06,269730,133370,0.49445742038334634,136319,0.5053905757609461,41,0.00015200385570755942,4950,0.018351685018351684,131303,0.48679420160901643,269688,133771,0.4960213283497968,269689,133772,0.49602319708998144,-8.59937335659222,-4.584638076021778,-2.7588955818585945,0.007695944190102827,2.541390325703194,4.6839152778969595,8.072435975804822,-0.013334400303206961,1.5650271344081976
cc8a7f0f52562f9c,01_07_20.npy,0,1000,30,9,real_reader_values_nonnegative,float64,0.0,True,0.0,bandpass_fs200,270000,270000,0,139525,0.5167592592592593,139524,0.5167555555555555,0.49910532398116275,8.54926702530593e-06,269730,134292,0.497875653431209,135433,0.5021058095132169,5,1.8537055574092612e-05,40082,0.148600452304156,119379,0.4425870314759204,269721,139522,0.5172826735775116,269725,139526,0.5172898322365372,-6.369239753411684,-3.243953779741267,-1.747957601250938,-0.027283448405870048,1.8107006285067773,3.291359240139067,6.6599680550270115,-0.018615351188075543,1.0997828248488248
cc8a7f0f52562f9c,01_07_20.npy,0,1000,30,9,real_reader_values_nonnegative,float64,0.0,True,0.0,hampel_w5_s3,270000,270000,0,0,0.0,0,0.0,0.0,8.54926702530593e-06,269730,134063,0.4970266562859155,134056,0.49700070440811184,1611,0.00597263930597264,0,0.0,0,0.0,268119,0,0.0,268119,0,0.0,0.0,1.56138541074695,2.6657033922224462,8.548140432951255,16.96833854965257,19.28883373928185,25.7772755169055,8.954913240635946,4.356945587828589
cc8a7f0f52562f9c,01_08_01.npy,0,1000,30,9,real_reader_values_nonnegative,float64,0.0,True,0.0,raw,270000,270000,0,0,0.0,0,0.0,0.0,9.56707620108456e-06,269730,135299,0.5016090164238313,134423,0.4983613242872502,8,2.965928891854818e-05,0,0.0,0,0.0,269722,0,0.0,269722,0,0.0,0.0,1.1043053702419037,2.65225039371741,9.56504133605799,18.481396476198,20.306753251182847,28.0185318581209,10.278469991554557,4.859124824992402
cc8a7f0f52562f9c,01_08_01.npy,0,1000,30,9,real_reader_values_nonnegative,float64,0.0,True,0.0,wavelet,270000,270000,0,0,0.0,0,0.0,0.0,9.56707620108456e-06,269730,135766,0.5033403774144515,133951,0.49661142624105586,13,4.819634449264079e-05,0,0.0,0,0.0,269717,0,0.0,269717,0,0.0,0.014250849800695548,1.2027627838536545,2.649256379243188,9.534647221834199,18.348773866620338,19.95871719248788,25.48823260205014,10.278416907312717,4.827793204134751
cc8a7f0f52562f9c,01_08_01.npy,0,1000,30,9,real_reader_values_nonnegative,float64,0.0,True,0.0,butterworth_o5_c0.3,270000,270000,0,1,3.7037037037037037e-06,1,3.7037037037037037e-06,4.601244088708614e-14,9.56707620108456e-06,269730,135473,0.5022541059578096,134241,0.49768657546435324,16,5.931857783709636e-05,2,7.414822229637045e-06,0,0.0,269714,0,0.0,269714,0,0.0,-0.0012657800459845879,1.1956281568184315,2.641909326475852,9.537331913052835,18.355388451623085,19.98525540356583,25.38813372634184,10.278349470320405,4.829305586538036
cc8a7f0f52562f9c,01_08_01.npy,0,1000,30,9,real_reader_values_nonnegative,float64,0.0,True,0.0,savgol_w7_p3,270000,270000,0,0,0.0,0,0.0,0.0,9.56707620108456e-06,269730,135367,0.5018611203796389,134355,0.49810922033144256,8,2.965928891854818e-05,0,0.0,0,0.0,269722,0,0.0,269722,0,0.0,0.01252860146076247,1.1943860539280244,2.646151366707783,9.53977480153895,18.3669253035577,20.019020758585835,26.007054714542235,10.278457292338146,4.831653087923596
cc8a7f0f52562f9c,01_08_01.npy,0,1000,30,9,real_reader_values_nonnegative,float64,0.0,True,0.0,bandpass_fs1000,270000,270000,0,138506,0.5129851851851852,138504,0.5129777777777778,0.4736619925100328,9.56707620108456e-06,269730,134958,0.5003447892336781,134747,0.4995625254884514,25,9.268527787046306e-05,6629,0.024576428280131984,135041,0.500652504356208,269705,138346,0.5129530412858494,269705,138346,0.5129530412858494,-7.990764007901454,-4.402663052160596,-2.3032796058987928,-0.03229428494327691,2.343191635048048,4.840296995126104,11.68453543863271,-0.007104272031639505,1.5176172694820278
cc8a7f0f52562f9c,01_08_01.npy,0,1000,30,9,real_reader_values_nonnegative,float64,0.0,True,0.0,bandpass_fs200,270000,270000,0,136732,0.5064148148148148,136731,0.5064111111111111,0.4835785744098815,9.56707620108456e-06,269730,135201,0.501245690134579,134521,0.49872465057650245,8,2.965928891854818e-05,35265,0.13074185296407517,118962,0.441041041041041,269721,136440,0.5058560512529614,269722,136441,0.5058578833020666,-9.579488463592758,-3.583049839042317,-1.9069085507303385,-0.01370595515012768,1.8837792756002214,3.780563614320815,10.452868093624788,-0.0019881525138309344,1.2516245754473487
cc8a7f0f52562f9c,01_08_01.npy,0,1000,30,9,real_reader_values_nonnegative,float64,0.0,True,0.0,hampel_w5_s3,270000,270000,0,0,0.0,0,0.0,0.0,9.56707620108456e-06,269730,134419,0.49834649464279096,133731,0.4957957957957958,1580,0.005857709561413265,0,0.0,0,0.0,268150,0,0.0,268150,0,0.0,0.0,1.1102904394616,2.653872727370227,9.557226349897185,18.454412310285477,20.24823822730531,28.0185318581209,10.272694570979649,4.850883147450353
