dataset,combo_index,combo_id,combo_name,model,status,best_val_acc,test_acc,denoise,outliers,calibrate,normalize,interpolate,pipeline_steps,output_dir,duration_sec,error,test_acc_pct,interpolate_method
Widar,1,widar_001,wavelet+iqr+linear+z-score+linear15,mlpmodel,ok,0.7236714975845411,0.706060606060606,wavelet,iqr,linear,z-score,linear15,"{""calibrate"": {""method"": ""linear""}, ""denoise"": {""method"": ""wavelet""}, ""interpolate"": {""method"": ""linear"", ""target_K"": 15}, ""normalize"": {""method"": ""z-score""}, ""outliers"": {""factor"": 1.5, ""method"": ""iqr""}}",/home/test/bupt_hjk/SDP/test_wider/result/full_tests_new/widar_001+wavelet+iqr+linear+z-score+linear15+mlpmodel,1571.4,,70.60606060606061,linear
Widar,2,widar_002,wavelet+iqr+linear+z-score+cubic15,mlpmodel,ok,0.7256038647342996,0.7070707070707071,wavelet,iqr,linear,z-score,cubic15,"{""calibrate"": {""method"": ""linear""}, ""denoise"": {""method"": ""wavelet""}, ""interpolate"": {""method"": ""cubic"", ""target_K"": 15}, ""normalize"": {""method"": ""z-score""}, ""outliers"": {""factor"": 1.5, ""method"": ""iqr""}}",/home/test/bupt_hjk/SDP/test_wider/result/full_tests_new/widar_002+wavelet+iqr+linear+z-score+cubic15+mlpmodel,2124.07,,70.70707070707071,cubic
Widar,3,widar_003,wavelet+iqr+linear+z-score+nearest15,mlpmodel,ok,0.7265700483091787,0.705050505050505,wavelet,iqr,linear,z-score,nearest15,"{""calibrate"": {""method"": ""linear""}, ""denoise"": {""method"": ""wavelet""}, ""interpolate"": {""method"": ""nearest"", ""target_K"": 15}, ""normalize"": {""method"": ""z-score""}, ""outliers"": {""factor"": 1.5, ""method"": ""iqr""}}",/home/test/bupt_hjk/SDP/test_wider/result/full_tests_new/widar_003+wavelet+iqr+linear+z-score+nearest15+mlpmodel,1501.98,,70.5050505050505,nearest
Widar,4,widar_004,wavelet+iqr+linear+z-score+decimate15,mlpmodel,ok,0.7217391304347827,0.702020202020202,wavelet,iqr,linear,z-score,decimate15,"{""calibrate"": {""method"": ""linear""}, ""denoise"": {""method"": ""wavelet""}, ""interpolate"": {""method"": ""decimate"", ""target_K"": 15}, ""normalize"": {""method"": ""z-score""}, ""outliers"": {""factor"": 1.5, ""method"": ""iqr""}}",/home/test/bupt_hjk/SDP/test_wider/result/full_tests_new/widar_004+wavelet+iqr+linear+z-score+decimate15+mlpmodel,1211.83,,70.2020202020202,decimate
Widar,5,widar_005,wavelet+iqr+linear+min-max+linear15,mlpmodel,ok,0.7111111111111111,0.694949494949495,wavelet,iqr,linear,min-max,linear15,"{""calibrate"": {""method"": ""linear""}, ""denoise"": {""method"": ""wavelet""}, ""interpolate"": {""method"": ""linear"", ""target_K"": 15}, ""normalize"": {""method"": ""min-max""}, ""outliers"": {""factor"": 1.5, ""method"": ""iqr""}}",/home/test/bupt_hjk/SDP/test_wider/result/full_tests_new/widar_005+wavelet+iqr+linear+min-max+linear15+mlpmodel,1767.4,,69.4949494949495,linear
Widar,6,widar_006,wavelet+iqr+linear+min-max+cubic15,mlpmodel,ok,0.6801932367149759,0.6787878787878788,wavelet,iqr,linear,min-max,cubic15,"{""calibrate"": {""method"": ""linear""}, ""denoise"": {""method"": ""wavelet""}, ""interpolate"": {""method"": ""cubic"", ""target_K"": 15}, ""normalize"": {""method"": ""min-max""}, ""outliers"": {""factor"": 1.5, ""method"": ""iqr""}}",/home/test/bupt_hjk/SDP/test_wider/result/full_tests_new/widar_006+wavelet+iqr+linear+min-max+cubic15+mlpmodel,3195.1,,67.87878787878789,cubic
Widar,7,widar_007,wavelet+iqr+linear+min-max+nearest15,mlpmodel,ok,0.6753623188405797,0.6626262626262627,wavelet,iqr,linear,min-max,nearest15,"{""calibrate"": {""method"": ""linear""}, ""denoise"": {""method"": ""wavelet""}, ""interpolate"": {""method"": ""nearest"", ""target_K"": 15}, ""normalize"": {""method"": ""min-max""}, ""outliers"": {""factor"": 1.5, ""method"": ""iqr""}}",/home/test/bupt_hjk/SDP/test_wider/result/full_tests_new/widar_007+wavelet+iqr+linear+min-max+nearest15+mlpmodel,2517.76,,66.26262626262627,nearest
Widar,8,widar_008,wavelet+iqr+linear+min-max+decimate15,mlpmodel,ok,0.6850241545893719,0.6777777777777778,wavelet,iqr,linear,min-max,decimate15,"{""calibrate"": {""method"": ""linear""}, ""denoise"": {""method"": ""wavelet""}, ""interpolate"": {""method"": ""decimate"", ""target_K"": 15}, ""normalize"": {""method"": ""min-max""}, ""outliers"": {""factor"": 1.5, ""method"": ""iqr""}}",/home/test/bupt_hjk/SDP/test_wider/result/full_tests_new/widar_008+wavelet+iqr+linear+min-max+decimate15+mlpmodel,2285.98,,67.77777777777779,decimate
Widar,9,widar_009,wavelet+iqr+polynomial_d3+z-score+linear15,mlpmodel,ok,0.706280193236715,0.7070707070707071,wavelet,iqr,polynomial_d3,z-score,linear15,"{""calibrate"": {""degree"": 3, ""method"": ""polynomial""}, ""denoise"": {""method"": ""wavelet""}, ""interpolate"": {""method"": ""linear"", ""target_K"": 15}, ""normalize"": {""method"": ""z-score""}, ""outliers"": {""factor"": 1.5, ""method"": ""iqr""}}",/home/test/bupt_hjk/SDP/test_wider/result/full_tests_new/widar_009+wavelet+iqr+polynomial_d3+z-score+linear15+mlpmodel,2629.52,,70.70707070707071,linear
Widar,10,widar_010,wavelet+iqr+polynomial_d3+z-score+cubic15,mlpmodel,ok,0.718840579710145,0.7151515151515152,wavelet,iqr,polynomial_d3,z-score,cubic15,"{""calibrate"": {""degree"": 3, ""method"": ""polynomial""}, ""denoise"": {""method"": ""wavelet""}, ""interpolate"": {""method"": ""cubic"", ""target_K"": 15}, ""normalize"": {""method"": ""z-score""}, ""outliers"": {""factor"": 1.5, ""method"": ""iqr""}}",/home/test/bupt_hjk/SDP/test_wider/result/full_tests_new/widar_010+wavelet+iqr+polynomial_d3+z-score+cubic15+mlpmodel,3183.16,,71.51515151515152,cubic
Widar,11,widar_011,wavelet+iqr+polynomial_d3+z-score+nearest15,mlpmodel,ok,0.7362318840579709,0.694949494949495,wavelet,iqr,polynomial_d3,z-score,nearest15,"{""calibrate"": {""degree"": 3, ""method"": ""polynomial""}, ""denoise"": {""method"": ""wavelet""}, ""interpolate"": {""method"": ""nearest"", ""target_K"": 15}, ""normalize"": {""method"": ""z-score""}, ""outliers"": {""factor"": 1.5, ""method"": ""iqr""}}",/home/test/bupt_hjk/SDP/test_wider/result/full_tests_new/widar_011+wavelet+iqr+polynomial_d3+z-score+nearest15+mlpmodel,1491.0,,69.4949494949495,nearest
Widar,12,widar_012,wavelet+iqr+polynomial_d3+z-score+decimate15,mlpmodel,ok,0.7236714975845411,0.6989898989898989,wavelet,iqr,polynomial_d3,z-score,decimate15,"{""calibrate"": {""degree"": 3, ""method"": ""polynomial""}, ""denoise"": {""method"": ""wavelet""}, ""interpolate"": {""method"": ""decimate"", ""target_K"": 15}, ""normalize"": {""method"": ""z-score""}, ""outliers"": {""factor"": 1.5, ""method"": ""iqr""}}",/home/test/bupt_hjk/SDP/test_wider/result/full_tests_new/widar_012+wavelet+iqr+polynomial_d3+z-score+decimate15+mlpmodel,1202.33,,69.8989898989899,decimate
Widar,13,widar_013,wavelet+iqr+polynomial_d3+min-max+linear15,mlpmodel,ok,0.697584541062802,0.6787878787878788,wavelet,iqr,polynomial_d3,min-max,linear15,"{""calibrate"": {""degree"": 3, ""method"": ""polynomial""}, ""denoise"": {""method"": ""wavelet""}, ""interpolate"": {""method"": ""linear"", ""target_K"": 15}, ""normalize"": {""method"": ""min-max""}, ""outliers"": {""factor"": 1.5, ""method"": ""iqr""}}",/home/test/bupt_hjk/SDP/test_wider/result/full_tests_new/widar_013+wavelet+iqr+polynomial_d3+min-max+linear15+mlpmodel,1585.92,,67.87878787878789,linear
Widar,14,widar_014,wavelet+iqr+polynomial_d3+min-max+cubic15,mlpmodel,ok,0.6782608695652174,0.6595959595959596,wavelet,iqr,polynomial_d3,min-max,cubic15,"{""calibrate"": {""degree"": 3, ""method"": ""polynomial""}, ""denoise"": {""method"": ""wavelet""}, ""interpolate"": {""method"": ""cubic"", ""target_K"": 15}, ""normalize"": {""method"": ""min-max""}, ""outliers"": {""factor"": 1.5, ""method"": ""iqr""}}",/home/test/bupt_hjk/SDP/test_wider/result/full_tests_new/widar_014+wavelet+iqr+polynomial_d3+min-max+cubic15+mlpmodel,2148.54,,65.95959595959596,cubic
Widar,15,widar_015,wavelet+iqr+polynomial_d3+min-max+nearest15,mlpmodel,ok,0.7053140096618357,0.6808080808080809,wavelet,iqr,polynomial_d3,min-max,nearest15,"{""calibrate"": {""degree"": 3, ""method"": ""polynomial""}, ""denoise"": {""method"": ""wavelet""}, ""interpolate"": {""method"": ""nearest"", ""target_K"": 15}, ""normalize"": {""method"": ""min-max""}, ""outliers"": {""factor"": 1.5, ""method"": ""iqr""}}",/home/test/bupt_hjk/SDP/test_wider/result/full_tests_new/widar_015+wavelet+iqr+polynomial_d3+min-max+nearest15+mlpmodel,1509.54,,68.08080808080808,nearest
Widar,16,widar_016,wavelet+iqr+polynomial_d3+min-max+decimate15,mlpmodel,ok,0.6570048309178743,0.6494949494949495,wavelet,iqr,polynomial_d3,min-max,decimate15,"{""calibrate"": {""degree"": 3, ""method"": ""polynomial""}, ""denoise"": {""method"": ""wavelet""}, ""interpolate"": {""method"": ""decimate"", ""target_K"": 15}, ""normalize"": {""method"": ""min-max""}, ""outliers"": {""factor"": 1.5, ""method"": ""iqr""}}",/home/test/bupt_hjk/SDP/test_wider/result/full_tests_new/widar_016+wavelet+iqr+polynomial_d3+min-max+decimate15+mlpmodel,1209.91,,64.94949494949495,decimate
Widar,17,widar_017,wavelet+iqr+stc+z-score+linear15,mlpmodel,ok,0.7342995169082126,0.6898989898989899,wavelet,iqr,stc,z-score,linear15,"{""calibrate"": {""method"": ""stc""}, ""denoise"": {""method"": ""wavelet""}, ""interpolate"": {""method"": ""linear"", ""target_K"": 15}, ""normalize"": {""method"": ""z-score""}, ""outliers"": {""factor"": 1.5, ""method"": ""iqr""}}",/home/test/bupt_hjk/SDP/test_wider/result/full_tests_new/widar_017+wavelet+iqr+stc+z-score+linear15+mlpmodel,1577.13,,68.98989898989899,linear
Widar,18,widar_018,wavelet+iqr+stc+z-score+cubic15,mlpmodel,ok,0.7342995169082126,0.6989898989898989,wavelet,iqr,stc,z-score,cubic15,"{""calibrate"": {""method"": ""stc""}, ""denoise"": {""method"": ""wavelet""}, ""interpolate"": {""method"": ""cubic"", ""target_K"": 15}, ""normalize"": {""method"": ""z-score""}, ""outliers"": {""factor"": 1.5, ""method"": ""iqr""}}",/home/test/bupt_hjk/SDP/test_wider/result/full_tests_new/widar_018+wavelet+iqr+stc+z-score+cubic15+mlpmodel,2263.16,,69.8989898989899,cubic
Widar,19,widar_019,wavelet+iqr+stc+z-score+nearest15,mlpmodel,ok,0.7342995169082126,0.695959595959596,wavelet,iqr,stc,z-score,nearest15,"{""calibrate"": {""method"": ""stc""}, ""denoise"": {""method"": ""wavelet""}, ""interpolate"": {""method"": ""nearest"", ""target_K"": 15}, ""normalize"": {""method"": ""z-score""}, ""outliers"": {""factor"": 1.5, ""method"": ""iqr""}}",/home/test/bupt_hjk/SDP/test_wider/result/full_tests_new/widar_019+wavelet+iqr+stc+z-score+nearest15+mlpmodel,2135.93,,69.5959595959596,nearest
Widar,20,widar_020,wavelet+iqr+stc+z-score+decimate15,mlpmodel,ok,0.7207729468599033,0.6989898989898989,wavelet,iqr,stc,z-score,decimate15,"{""calibrate"": {""method"": ""stc""}, ""denoise"": {""method"": ""wavelet""}, ""interpolate"": {""method"": ""decimate"", ""target_K"": 15}, ""normalize"": {""method"": ""z-score""}, ""outliers"": {""factor"": 1.5, ""method"": ""iqr""}}",/home/test/bupt_hjk/SDP/test_wider/result/full_tests_new/widar_020+wavelet+iqr+stc+z-score+decimate15+mlpmodel,2248.47,,69.8989898989899,decimate
Widar,21,widar_021,wavelet+iqr+stc+min-max+linear15,mlpmodel,ok,0.706280193236715,0.6818181818181818,wavelet,iqr,stc,min-max,linear15,"{""calibrate"": {""method"": ""stc""}, ""denoise"": {""method"": ""wavelet""}, ""interpolate"": {""method"": ""linear"", ""target_K"": 15}, ""normalize"": {""method"": ""min-max""}, ""outliers"": {""factor"": 1.5, ""method"": ""iqr""}}",/home/test/bupt_hjk/SDP/test_wider/result/full_tests_new/widar_021+wavelet+iqr+stc+min-max+linear15+mlpmodel,2643.71,,68.18181818181817,linear
Widar,22,widar_022,wavelet+iqr+stc+min-max+cubic15,mlpmodel,ok,0.6869565217391305,0.6808080808080809,wavelet,iqr,stc,min-max,cubic15,"{""calibrate"": {""method"": ""stc""}, ""denoise"": {""method"": ""wavelet""}, ""interpolate"": {""method"": ""cubic"", ""target_K"": 15}, ""normalize"": {""method"": ""min-max""}, ""outliers"": {""factor"": 1.5, ""method"": ""iqr""}}",/home/test/bupt_hjk/SDP/test_wider/result/full_tests_new/widar_022+wavelet+iqr+stc+min-max+cubic15+mlpmodel,3194.05,,68.08080808080808,cubic
Widar,23,widar_023,wavelet+iqr+stc+min-max+nearest15,mlpmodel,ok,0.6830917874396135,0.6595959595959596,wavelet,iqr,stc,min-max,nearest15,"{""calibrate"": {""method"": ""stc""}, ""denoise"": {""method"": ""wavelet""}, ""interpolate"": {""method"": ""nearest"", ""target_K"": 15}, ""normalize"": {""method"": ""min-max""}, ""outliers"": {""factor"": 1.5, ""method"": ""iqr""}}",/home/test/bupt_hjk/SDP/test_wider/result/full_tests_new/widar_023+wavelet+iqr+stc+min-max+nearest15+mlpmodel,1798.31,,65.95959595959596,nearest
Widar,24,widar_024,wavelet+iqr+stc+min-max+decimate15,mlpmodel,ok,0.6898550724637681,0.6747474747474748,wavelet,iqr,stc,min-max,decimate15,"{""calibrate"": {""method"": ""stc""}, ""denoise"": {""method"": ""wavelet""}, ""interpolate"": {""method"": ""decimate"", ""target_K"": 15}, ""normalize"": {""method"": ""min-max""}, ""outliers"": {""factor"": 1.5, ""method"": ""iqr""}}",/home/test/bupt_hjk/SDP/test_wider/result/full_tests_new/widar_024+wavelet+iqr+stc+min-max+decimate15+mlpmodel,1197.53,,67.47474747474747,decimate
Widar,25,widar_025,wavelet+iqr+robust+z-score+linear15,mlpmodel,ok,0.6792270531400966,0.6373737373737374,wavelet,iqr,robust,z-score,linear15,"{""calibrate"": {""method"": ""robust""}, ""denoise"": {""method"": ""wavelet""}, ""interpolate"": {""method"": ""linear"", ""target_K"": 15}, ""normalize"": {""method"": ""z-score""}, ""outliers"": {""factor"": 1.5, ""method"": ""iqr""}}",/home/test/bupt_hjk/SDP/test_wider/result/full_tests_new/widar_025+wavelet+iqr+robust+z-score+linear15+mlpmodel,1567.9,,63.73737373737374,linear
Widar,26,widar_026,wavelet+iqr+robust+z-score+cubic15,mlpmodel,ok,0.6628019323671498,0.6353535353535353,wavelet,iqr,robust,z-score,cubic15,"{""calibrate"": {""method"": ""robust""}, ""denoise"": {""method"": ""wavelet""}, ""interpolate"": {""method"": ""cubic"", ""target_K"": 15}, ""normalize"": {""method"": ""z-score""}, ""outliers"": {""factor"": 1.5, ""method"": ""iqr""}}",/home/test/bupt_hjk/SDP/test_wider/result/full_tests_new/widar_026+wavelet+iqr+robust+z-score+cubic15+mlpmodel,2128.6,,63.535353535353536,cubic
Widar,27,widar_027,wavelet+iqr+robust+z-score+nearest15,mlpmodel,ok,0.6666666666666667,0.6292929292929293,wavelet,iqr,robust,z-score,nearest15,"{""calibrate"": {""method"": ""robust""}, ""denoise"": {""method"": ""wavelet""}, ""interpolate"": {""method"": ""nearest"", ""target_K"": 15}, ""normalize"": {""method"": ""z-score""}, ""outliers"": {""factor"": 1.5, ""method"": ""iqr""}}",/home/test/bupt_hjk/SDP/test_wider/result/full_tests_new/widar_027+wavelet+iqr+robust+z-score+nearest15+mlpmodel,1493.65,,62.929292929292934,nearest
Widar,28,widar_028,wavelet+iqr+robust+z-score+decimate15,mlpmodel,ok,0.6956521739130435,0.6585858585858586,wavelet,iqr,robust,z-score,decimate15,"{""calibrate"": {""method"": ""robust""}, ""denoise"": {""method"": ""wavelet""}, ""interpolate"": {""method"": ""decimate"", ""target_K"": 15}, ""normalize"": {""method"": ""z-score""}, ""outliers"": {""factor"": 1.5, ""method"": ""iqr""}}",/home/test/bupt_hjk/SDP/test_wider/result/full_tests_new/widar_028+wavelet+iqr+robust+z-score+decimate15+mlpmodel,1211.5,,65.85858585858585,decimate
Widar,29,widar_029,wavelet+iqr+robust+min-max+linear15,mlpmodel,ok,0.5565217391304348,0.5383838383838384,wavelet,iqr,robust,min-max,linear15,"{""calibrate"": {""method"": ""robust""}, ""denoise"": {""method"": ""wavelet""}, ""interpolate"": {""method"": ""linear"", ""target_K"": 15}, ""normalize"": {""method"": ""min-max""}, ""outliers"": {""factor"": 1.5, ""method"": ""iqr""}}",/home/test/bupt_hjk/SDP/test_wider/result/full_tests_new/widar_029+wavelet+iqr+robust+min-max+linear15+mlpmodel,1615.53,,53.83838383838384,linear
Widar,30,widar_030,wavelet+iqr+robust+min-max+cubic15,mlpmodel,ok,0.5642512077294686,0.5454545454545454,wavelet,iqr,robust,min-max,cubic15,"{""calibrate"": {""method"": ""robust""}, ""denoise"": {""method"": ""wavelet""}, ""interpolate"": {""method"": ""cubic"", ""target_K"": 15}, ""normalize"": {""method"": ""min-max""}, ""outliers"": {""factor"": 1.5, ""method"": ""iqr""}}",/home/test/bupt_hjk/SDP/test_wider/result/full_tests_new/widar_030+wavelet+iqr+robust+min-max+cubic15+mlpmodel,2140.11,,54.54545454545454,cubic
Widar,31,widar_031,wavelet+iqr+robust+min-max+nearest15,mlpmodel,ok,0.5642512077294686,0.5565656565656566,wavelet,iqr,robust,min-max,nearest15,"{""calibrate"": {""method"": ""robust""}, ""denoise"": {""method"": ""wavelet""}, ""interpolate"": {""method"": ""nearest"", ""target_K"": 15}, ""normalize"": {""method"": ""min-max""}, ""outliers"": {""factor"": 1.5, ""method"": ""iqr""}}",/home/test/bupt_hjk/SDP/test_wider/result/full_tests_new/widar_031+wavelet+iqr+robust+min-max+nearest15+mlpmodel,1492.71,,55.65656565656566,nearest
Widar,32,widar_032,wavelet+iqr+robust+min-max+decimate15,mlpmodel,ok,0.5516908212560386,0.5191919191919192,wavelet,iqr,robust,min-max,decimate15,"{""calibrate"": {""method"": ""robust""}, ""denoise"": {""method"": ""wavelet""}, ""interpolate"": {""method"": ""decimate"", ""target_K"": 15}, ""normalize"": {""method"": ""min-max""}, ""outliers"": {""factor"": 1.5, ""method"": ""iqr""}}",/home/test/bupt_hjk/SDP/test_wider/result/full_tests_new/widar_032+wavelet+iqr+robust+min-max+decimate15+mlpmodel,1197.09,,51.91919191919192,decimate
Widar,33,widar_033,wavelet+outlier_z-score+linear+z-score+linear15,mlpmodel,ok,0.7362318840579709,0.692929292929293,wavelet,outlier_z-score,linear,z-score,linear15,"{""calibrate"": {""method"": ""linear""}, ""denoise"": {""method"": ""wavelet""}, ""interpolate"": {""method"": ""linear"", ""target_K"": 15}, ""normalize"": {""method"": ""z-score""}, ""outliers"": {""factor"": 3.0, ""method"": ""z-score""}}",/home/test/bupt_hjk/SDP/test_wider/result/full_tests_new/widar_033+wavelet+outlier_z-score+linear+z-score+linear15+mlpmodel,1555.62,,69.2929292929293,linear
Widar,34,widar_034,wavelet+outlier_z-score+linear+z-score+cubic15,mlpmodel,ok,0.7371980676328502,0.702020202020202,wavelet,outlier_z-score,linear,z-score,cubic15,"{""calibrate"": {""method"": ""linear""}, ""denoise"": {""method"": ""wavelet""}, ""interpolate"": {""method"": ""cubic"", ""target_K"": 15}, ""normalize"": {""method"": ""z-score""}, ""outliers"": {""factor"": 3.0, ""method"": ""z-score""}}",/home/test/bupt_hjk/SDP/test_wider/result/full_tests_new/widar_034+wavelet+outlier_z-score+linear+z-score+cubic15+mlpmodel,2145.12,,70.2020202020202,cubic
Widar,35,widar_035,wavelet+outlier_z-score+linear+z-score+nearest15,mlpmodel,ok,0.7371980676328502,0.7151515151515152,wavelet,outlier_z-score,linear,z-score,nearest15,"{""calibrate"": {""method"": ""linear""}, ""denoise"": {""method"": ""wavelet""}, ""interpolate"": {""method"": ""nearest"", ""target_K"": 15}, ""normalize"": {""method"": ""z-score""}, ""outliers"": {""factor"": 3.0, ""method"": ""z-score""}}",/home/test/bupt_hjk/SDP/test_wider/result/full_tests_new/widar_035+wavelet+outlier_z-score+linear+z-score+nearest15+mlpmodel,1513.36,,71.51515151515152,nearest
Widar,36,widar_036,wavelet+outlier_z-score+linear+z-score+decimate15,mlpmodel,ok,0.7275362318840579,0.6868686868686869,wavelet,outlier_z-score,linear,z-score,decimate15,"{""calibrate"": {""method"": ""linear""}, ""denoise"": {""method"": ""wavelet""}, ""interpolate"": {""method"": ""decimate"", ""target_K"": 15}, ""normalize"": {""method"": ""z-score""}, ""outliers"": {""factor"": 3.0, ""method"": ""z-score""}}",/home/test/bupt_hjk/SDP/test_wider/result/full_tests_new/widar_036+wavelet+outlier_z-score+linear+z-score+decimate15+mlpmodel,1213.36,,68.68686868686868,decimate
Widar,37,widar_037,wavelet+outlier_z-score+linear+min-max+linear15,mlpmodel,ok,0.697584541062802,0.6868686868686869,wavelet,outlier_z-score,linear,min-max,linear15,"{""calibrate"": {""method"": ""linear""}, ""denoise"": {""method"": ""wavelet""}, ""interpolate"": {""method"": ""linear"", ""target_K"": 15}, ""normalize"": {""method"": ""min-max""}, ""outliers"": {""factor"": 3.0, ""method"": ""z-score""}}",/home/test/bupt_hjk/SDP/test_wider/result/full_tests_new/widar_037+wavelet+outlier_z-score+linear+min-max+linear15+mlpmodel,1577.59,,68.68686868686868,linear
Widar,38,widar_038,wavelet+outlier_z-score+linear+min-max+cubic15,mlpmodel,ok,0.6830917874396135,0.6595959595959596,wavelet,outlier_z-score,linear,min-max,cubic15,"{""calibrate"": {""method"": ""linear""}, ""denoise"": {""method"": ""wavelet""}, ""interpolate"": {""method"": ""cubic"", ""target_K"": 15}, ""normalize"": {""method"": ""min-max""}, ""outliers"": {""factor"": 3.0, ""method"": ""z-score""}}",/home/test/bupt_hjk/SDP/test_wider/result/full_tests_new/widar_038+wavelet+outlier_z-score+linear+min-max+cubic15+mlpmodel,2164.89,,65.95959595959596,cubic
Widar,39,widar_039,wavelet+outlier_z-score+linear+min-max+nearest15,mlpmodel,ok,0.6782608695652174,0.6646464646464646,wavelet,outlier_z-score,linear,min-max,nearest15,"{""calibrate"": {""method"": ""linear""}, ""denoise"": {""method"": ""wavelet""}, ""interpolate"": {""method"": ""nearest"", ""target_K"": 15}, ""normalize"": {""method"": ""min-max""}, ""outliers"": {""factor"": 3.0, ""method"": ""z-score""}}",/home/test/bupt_hjk/SDP/test_wider/result/full_tests_new/widar_039+wavelet+outlier_z-score+linear+min-max+nearest15+mlpmodel,1507.39,,66.46464646464646,nearest
Widar,40,widar_040,wavelet+outlier_z-score+linear+min-max+decimate15,mlpmodel,ok,0.6753623188405797,0.6585858585858586,wavelet,outlier_z-score,linear,min-max,decimate15,"{""calibrate"": {""method"": ""linear""}, ""denoise"": {""method"": ""wavelet""}, ""interpolate"": {""method"": ""decimate"", ""target_K"": 15}, ""normalize"": {""method"": ""min-max""}, ""outliers"": {""factor"": 3.0, ""method"": ""z-score""}}",/home/test/bupt_hjk/SDP/test_wider/result/full_tests_new/widar_040+wavelet+outlier_z-score+linear+min-max+decimate15+mlpmodel,1208.11,,65.85858585858585,decimate
Widar,41,widar_041,wavelet+outlier_z-score+polynomial_d3+z-score+linear15,mlpmodel,ok,0.7140096618357488,0.702020202020202,wavelet,outlier_z-score,polynomial_d3,z-score,linear15,"{""calibrate"": {""degree"": 3, ""method"": ""polynomial""}, ""denoise"": {""method"": ""wavelet""}, ""interpolate"": {""method"": ""linear"", ""target_K"": 15}, ""normalize"": {""method"": ""z-score""}, ""outliers"": {""factor"": 3.0, ""method"": ""z-score""}}",/home/test/bupt_hjk/SDP/test_wider/result/full_tests_new/widar_041+wavelet+outlier_z-score+polynomial_d3+z-score+linear15+mlpmodel,1567.96,,70.2020202020202,linear
Widar,42,widar_042,wavelet+outlier_z-score+polynomial_d3+z-score+cubic15,mlpmodel,ok,0.7314009661835749,0.703030303030303,wavelet,outlier_z-score,polynomial_d3,z-score,cubic15,"{""calibrate"": {""degree"": 3, ""method"": ""polynomial""}, ""denoise"": {""method"": ""wavelet""}, ""interpolate"": {""method"": ""cubic"", ""target_K"": 15}, ""normalize"": {""method"": ""z-score""}, ""outliers"": {""factor"": 3.0, ""method"": ""z-score""}}",/home/test/bupt_hjk/SDP/test_wider/result/full_tests_new/widar_042+wavelet+outlier_z-score+polynomial_d3+z-score+cubic15+mlpmodel,2129.34,,70.3030303030303,cubic
Widar,43,widar_043,wavelet+outlier_z-score+polynomial_d3+z-score+nearest15,mlpmodel,ok,0.7130434782608696,0.702020202020202,wavelet,outlier_z-score,polynomial_d3,z-score,nearest15,"{""calibrate"": {""degree"": 3, ""method"": ""polynomial""}, ""denoise"": {""method"": ""wavelet""}, ""interpolate"": {""method"": ""nearest"", ""target_K"": 15}, ""normalize"": {""method"": ""z-score""}, ""outliers"": {""factor"": 3.0, ""method"": ""z-score""}}",/home/test/bupt_hjk/SDP/test_wider/result/full_tests_new/widar_043+wavelet+outlier_z-score+polynomial_d3+z-score+nearest15+mlpmodel,1485.55,,70.2020202020202,nearest
Widar,44,widar_044,wavelet+outlier_z-score+polynomial_d3+z-score+decimate15,mlpmodel,ok,0.7207729468599033,0.7070707070707071,wavelet,outlier_z-score,polynomial_d3,z-score,decimate15,"{""calibrate"": {""degree"": 3, ""method"": ""polynomial""}, ""denoise"": {""method"": ""wavelet""}, ""interpolate"": {""method"": ""decimate"", ""target_K"": 15}, ""normalize"": {""method"": ""z-score""}, ""outliers"": {""factor"": 3.0, ""method"": ""z-score""}}",/home/test/bupt_hjk/SDP/test_wider/result/full_tests_new/widar_044+wavelet+outlier_z-score+polynomial_d3+z-score+decimate15+mlpmodel,1196.83,,70.70707070707071,decimate
Widar,45,widar_045,wavelet+outlier_z-score+polynomial_d3+min-max+linear15,mlpmodel,ok,0.6995169082125604,0.6747474747474748,wavelet,outlier_z-score,polynomial_d3,min-max,linear15,"{""calibrate"": {""degree"": 3, ""method"": ""polynomial""}, ""denoise"": {""method"": ""wavelet""}, ""interpolate"": {""method"": ""linear"", ""target_K"": 15}, ""normalize"": {""method"": ""min-max""}, ""outliers"": {""factor"": 3.0, ""method"": ""z-score""}}",/home/test/bupt_hjk/SDP/test_wider/result/full_tests_new/widar_045+wavelet+outlier_z-score+polynomial_d3+min-max+linear15+mlpmodel,1582.44,,67.47474747474747,linear
Widar,46,widar_046,wavelet+outlier_z-score+polynomial_d3+min-max+cubic15,mlpmodel,ok,0.6917874396135265,0.6656565656565656,wavelet,outlier_z-score,polynomial_d3,min-max,cubic15,"{""calibrate"": {""degree"": 3, ""method"": ""polynomial""}, ""denoise"": {""method"": ""wavelet""}, ""interpolate"": {""method"": ""cubic"", ""target_K"": 15}, ""normalize"": {""method"": ""min-max""}, ""outliers"": {""factor"": 3.0, ""method"": ""z-score""}}",/home/test/bupt_hjk/SDP/test_wider/result/full_tests_new/widar_046+wavelet+outlier_z-score+polynomial_d3+min-max+cubic15+mlpmodel,2162.42,,66.56565656565657,cubic
Widar,47,widar_047,wavelet+outlier_z-score+polynomial_d3+min-max+nearest15,mlpmodel,ok,0.7159420289855072,0.6828282828282828,wavelet,outlier_z-score,polynomial_d3,min-max,nearest15,"{""calibrate"": {""degree"": 3, ""method"": ""polynomial""}, ""denoise"": {""method"": ""wavelet""}, ""interpolate"": {""method"": ""nearest"", ""target_K"": 15}, ""normalize"": {""method"": ""min-max""}, ""outliers"": {""factor"": 3.0, ""method"": ""z-score""}}",/home/test/bupt_hjk/SDP/test_wider/result/full_tests_new/widar_047+wavelet+outlier_z-score+polynomial_d3+min-max+nearest15+mlpmodel,1506.23,,68.28282828282828,nearest
Widar,48,widar_048,wavelet+outlier_z-score+polynomial_d3+min-max+decimate15,mlpmodel,ok,0.6763285024154589,0.6595959595959596,wavelet,outlier_z-score,polynomial_d3,min-max,decimate15,"{""calibrate"": {""degree"": 3, ""method"": ""polynomial""}, ""denoise"": {""method"": ""wavelet""}, ""interpolate"": {""method"": ""decimate"", ""target_K"": 15}, ""normalize"": {""method"": ""min-max""}, ""outliers"": {""factor"": 3.0, ""method"": ""z-score""}}",/home/test/bupt_hjk/SDP/test_wider/result/full_tests_new/widar_048+wavelet+outlier_z-score+polynomial_d3+min-max+decimate15+mlpmodel,1235.81,,65.95959595959596,decimate
Widar,49,widar_049,wavelet+outlier_z-score+stc+z-score+linear15,mlpmodel,ok,0.7159420289855072,0.697979797979798,wavelet,outlier_z-score,stc,z-score,linear15,"{""calibrate"": {""method"": ""stc""}, ""denoise"": {""method"": ""wavelet""}, ""interpolate"": {""method"": ""linear"", ""target_K"": 15}, ""normalize"": {""method"": ""z-score""}, ""outliers"": {""factor"": 3.0, ""method"": ""z-score""}}",/home/test/bupt_hjk/SDP/test_wider/result/full_tests_new/widar_049+wavelet+outlier_z-score+stc+z-score+linear15+mlpmodel,1567.9,,69.7979797979798,linear
Widar,50,widar_050,wavelet+outlier_z-score+stc+z-score+cubic15,mlpmodel,ok,0.7169082125603865,0.7,wavelet,outlier_z-score,stc,z-score,cubic15,"{""calibrate"": {""method"": ""stc""}, ""denoise"": {""method"": ""wavelet""}, ""interpolate"": {""method"": ""cubic"", ""target_K"": 15}, ""normalize"": {""method"": ""z-score""}, ""outliers"": {""factor"": 3.0, ""method"": ""z-score""}}",/home/test/bupt_hjk/SDP/test_wider/result/full_tests_new/widar_050+wavelet+outlier_z-score+stc+z-score+cubic15+mlpmodel,2129.17,,70.0,cubic
Widar,51,widar_051,wavelet+outlier_z-score+stc+z-score+nearest15,mlpmodel,ok,0.7314009661835749,0.7080808080808081,wavelet,outlier_z-score,stc,z-score,nearest15,"{""calibrate"": {""method"": ""stc""}, ""denoise"": {""method"": ""wavelet""}, ""interpolate"": {""method"": ""nearest"", ""target_K"": 15}, ""normalize"": {""method"": ""z-score""}, ""outliers"": {""factor"": 3.0, ""method"": ""z-score""}}",/home/test/bupt_hjk/SDP/test_wider/result/full_tests_new/widar_051+wavelet+outlier_z-score+stc+z-score+nearest15+mlpmodel,1487.47,,70.8080808080808,nearest
Widar,52,widar_052,wavelet+outlier_z-score+stc+z-score+decimate15,mlpmodel,ok,0.7169082125603865,0.6898989898989899,wavelet,outlier_z-score,stc,z-score,decimate15,"{""calibrate"": {""method"": ""stc""}, ""denoise"": {""method"": ""wavelet""}, ""interpolate"": {""method"": ""decimate"", ""target_K"": 15}, ""normalize"": {""method"": ""z-score""}, ""outliers"": {""factor"": 3.0, ""method"": ""z-score""}}",/home/test/bupt_hjk/SDP/test_wider/result/full_tests_new/widar_052+wavelet+outlier_z-score+stc+z-score+decimate15+mlpmodel,1197.19,,68.98989898989899,decimate
Widar,53,widar_053,wavelet+outlier_z-score+stc+min-max+linear15,mlpmodel,ok,0.7043478260869566,0.6747474747474748,wavelet,outlier_z-score,stc,min-max,linear15,"{""calibrate"": {""method"": ""stc""}, ""denoise"": {""method"": ""wavelet""}, ""interpolate"": {""method"": ""linear"", ""target_K"": 15}, ""normalize"": {""method"": ""min-max""}, ""outliers"": {""factor"": 3.0, ""method"": ""z-score""}}",/home/test/bupt_hjk/SDP/test_wider/result/full_tests_new/widar_053+wavelet+outlier_z-score+stc+min-max+linear15+mlpmodel,1575.18,,67.47474747474747,linear
Widar,54,widar_054,wavelet+outlier_z-score+stc+min-max+cubic15,mlpmodel,ok,0.693719806763285,0.6737373737373737,wavelet,outlier_z-score,stc,min-max,cubic15,"{""calibrate"": {""method"": ""stc""}, ""denoise"": {""method"": ""wavelet""}, ""interpolate"": {""method"": ""cubic"", ""target_K"": 15}, ""normalize"": {""method"": ""min-max""}, ""outliers"": {""factor"": 3.0, ""method"": ""z-score""}}",/home/test/bupt_hjk/SDP/test_wider/result/full_tests_new/widar_054+wavelet+outlier_z-score+stc+min-max+cubic15+mlpmodel,2129.86,,67.37373737373737,cubic
Widar,55,widar_055,wavelet+outlier_z-score+stc+min-max+nearest15,mlpmodel,ok,0.6946859903381644,0.6727272727272727,wavelet,outlier_z-score,stc,min-max,nearest15,"{""calibrate"": {""method"": ""stc""}, ""denoise"": {""method"": ""wavelet""}, ""interpolate"": {""method"": ""nearest"", ""target_K"": 15}, ""normalize"": {""method"": ""min-max""}, ""outliers"": {""factor"": 3.0, ""method"": ""z-score""}}",/home/test/bupt_hjk/SDP/test_wider/result/full_tests_new/widar_055+wavelet+outlier_z-score+stc+min-max+nearest15+mlpmodel,1497.78,,67.27272727272727,nearest
Widar,56,widar_056,wavelet+outlier_z-score+stc+min-max+decimate15,mlpmodel,ok,0.6782608695652174,0.6555555555555556,wavelet,outlier_z-score,stc,min-max,decimate15,"{""calibrate"": {""method"": ""stc""}, ""denoise"": {""method"": ""wavelet""}, ""interpolate"": {""method"": ""decimate"", ""target_K"": 15}, ""normalize"": {""method"": ""min-max""}, ""outliers"": {""factor"": 3.0, ""method"": ""z-score""}}",/home/test/bupt_hjk/SDP/test_wider/result/full_tests_new/widar_056+wavelet+outlier_z-score+stc+min-max+decimate15+mlpmodel,1201.06,,65.55555555555556,decimate
Widar,57,widar_057,wavelet+outlier_z-score+robust+z-score+linear15,mlpmodel,ok,0.6743961352657004,0.6616161616161617,wavelet,outlier_z-score,robust,z-score,linear15,"{""calibrate"": {""method"": ""robust""}, ""denoise"": {""method"": ""wavelet""}, ""interpolate"": {""method"": ""linear"", ""target_K"": 15}, ""normalize"": {""method"": ""z-score""}, ""outliers"": {""factor"": 3.0, ""method"": ""z-score""}}",/home/test/bupt_hjk/SDP/test_wider/result/full_tests_new/widar_057+wavelet+outlier_z-score+robust+z-score+linear15+mlpmodel,1574.66,,66.16161616161617,linear
Widar,58,widar_058,wavelet+outlier_z-score+robust+z-score+cubic15,mlpmodel,ok,0.663768115942029,0.6565656565656566,wavelet,outlier_z-score,robust,z-score,cubic15,"{""calibrate"": {""method"": ""robust""}, ""denoise"": {""method"": ""wavelet""}, ""interpolate"": {""method"": ""cubic"", ""target_K"": 15}, ""normalize"": {""method"": ""z-score""}, ""outliers"": {""factor"": 3.0, ""method"": ""z-score""}}",/home/test/bupt_hjk/SDP/test_wider/result/full_tests_new/widar_058+wavelet+outlier_z-score+robust+z-score+cubic15+mlpmodel,2142.31,,65.65656565656566,cubic
Widar,59,widar_059,wavelet+outlier_z-score+robust+z-score+nearest15,mlpmodel,ok,0.6666666666666667,0.6343434343434343,wavelet,outlier_z-score,robust,z-score,nearest15,"{""calibrate"": {""method"": ""robust""}, ""denoise"": {""method"": ""wavelet""}, ""interpolate"": {""method"": ""nearest"", ""target_K"": 15}, ""normalize"": {""method"": ""z-score""}, ""outliers"": {""factor"": 3.0, ""method"": ""z-score""}}",/home/test/bupt_hjk/SDP/test_wider/result/full_tests_new/widar_059+wavelet+outlier_z-score+robust+z-score+nearest15+mlpmodel,1495.82,,63.43434343434343,nearest
Widar,60,widar_060,wavelet+outlier_z-score+robust+z-score+decimate15,mlpmodel,ok,0.6898550724637681,0.6515151515151515,wavelet,outlier_z-score,robust,z-score,decimate15,"{""calibrate"": {""method"": ""robust""}, ""denoise"": {""method"": ""wavelet""}, ""interpolate"": {""method"": ""decimate"", ""target_K"": 15}, ""normalize"": {""method"": ""z-score""}, ""outliers"": {""factor"": 3.0, ""method"": ""z-score""}}",/home/test/bupt_hjk/SDP/test_wider/result/full_tests_new/widar_060+wavelet+outlier_z-score+robust+z-score+decimate15+mlpmodel,1196.25,,65.15151515151516,decimate
Widar,61,widar_061,wavelet+outlier_z-score+robust+min-max+linear15,mlpmodel,ok,0.5603864734299517,0.5626262626262626,wavelet,outlier_z-score,robust,min-max,linear15,"{""calibrate"": {""method"": ""robust""}, ""denoise"": {""method"": ""wavelet""}, ""interpolate"": {""method"": ""linear"", ""target_K"": 15}, ""normalize"": {""method"": ""min-max""}, ""outliers"": {""factor"": 3.0, ""method"": ""z-score""}}",/home/test/bupt_hjk/SDP/test_wider/result/full_tests_new/widar_061+wavelet+outlier_z-score+robust+min-max+linear15+mlpmodel,1587.31,,56.262626262626256,linear
Widar,62,widar_062,wavelet+outlier_z-score+robust+min-max+cubic15,mlpmodel,ok,0.5565217391304348,0.5434343434343434,wavelet,outlier_z-score,robust,min-max,cubic15,"{""calibrate"": {""method"": ""robust""}, ""denoise"": {""method"": ""wavelet""}, ""interpolate"": {""method"": ""cubic"", ""target_K"": 15}, ""normalize"": {""method"": ""min-max""}, ""outliers"": {""factor"": 3.0, ""method"": ""z-score""}}",/home/test/bupt_hjk/SDP/test_wider/result/full_tests_new/widar_062+wavelet+outlier_z-score+robust+min-max+cubic15+mlpmodel,2137.48,,54.34343434343434,cubic
Widar,63,widar_063,wavelet+outlier_z-score+robust+min-max+nearest15,mlpmodel,ok,0.5545893719806763,0.5525252525252525,wavelet,outlier_z-score,robust,min-max,nearest15,"{""calibrate"": {""method"": ""robust""}, ""denoise"": {""method"": ""wavelet""}, ""interpolate"": {""method"": ""nearest"", ""target_K"": 15}, ""normalize"": {""method"": ""min-max""}, ""outliers"": {""factor"": 3.0, ""method"": ""z-score""}}",/home/test/bupt_hjk/SDP/test_wider/result/full_tests_new/widar_063+wavelet+outlier_z-score+robust+min-max+nearest15+mlpmodel,1489.05,,55.25252525252525,nearest
Widar,64,widar_064,wavelet+outlier_z-score+robust+min-max+decimate15,mlpmodel,ok,0.5516908212560386,0.5434343434343434,wavelet,outlier_z-score,robust,min-max,decimate15,"{""calibrate"": {""method"": ""robust""}, ""denoise"": {""method"": ""wavelet""}, ""interpolate"": {""method"": ""decimate"", ""target_K"": 15}, ""normalize"": {""method"": ""min-max""}, ""outliers"": {""factor"": 3.0, ""method"": ""z-score""}}",/home/test/bupt_hjk/SDP/test_wider/result/full_tests_new/widar_064+wavelet+outlier_z-score+robust+min-max+decimate15+mlpmodel,1199.46,,54.34343434343434,decimate
Widar,65,widar_065,butterworth_o5_c0.3+iqr+linear+z-score+linear15,mlpmodel,ok,0.7256038647342996,0.7171717171717171,butterworth_o5_c0.3,iqr,linear,z-score,linear15,"{""calibrate"": {""method"": ""linear""}, ""denoise"": {""cutoff"": 0.3, ""method"": ""butterworth"", ""order"": 5}, ""interpolate"": {""method"": ""linear"", ""target_K"": 15}, ""normalize"": {""method"": ""z-score""}, ""outliers"": {""factor"": 1.5, ""method"": ""iqr""}}",/home/test/bupt_hjk/SDP/test_wider/result/full_tests_new/widar_065+butterworth_o5_c0.3+iqr+linear+z-score+linear15+mlpmodel,1565.41,,71.71717171717171,linear
Widar,66,widar_066,butterworth_o5_c0.3+iqr+linear+z-score+cubic15,mlpmodel,ok,0.7352657004830918,0.7272727272727273,butterworth_o5_c0.3,iqr,linear,z-score,cubic15,"{""calibrate"": {""method"": ""linear""}, ""denoise"": {""cutoff"": 0.3, ""method"": ""butterworth"", ""order"": 5}, ""interpolate"": {""method"": ""cubic"", ""target_K"": 15}, ""normalize"": {""method"": ""z-score""}, ""outliers"": {""factor"": 1.5, ""method"": ""iqr""}}",/home/test/bupt_hjk/SDP/test_wider/result/full_tests_new/widar_066+butterworth_o5_c0.3+iqr+linear+z-score+cubic15+mlpmodel,2143.15,,72.72727272727273,cubic
Widar,67,widar_067,butterworth_o5_c0.3+iqr+linear+z-score+nearest15,mlpmodel,ok,0.7323671497584542,0.7343434343434343,butterworth_o5_c0.3,iqr,linear,z-score,nearest15,"{""calibrate"": {""method"": ""linear""}, ""denoise"": {""cutoff"": 0.3, ""method"": ""butterworth"", ""order"": 5}, ""interpolate"": {""method"": ""nearest"", ""target_K"": 15}, ""normalize"": {""method"": ""z-score""}, ""outliers"": {""factor"": 1.5, ""method"": ""iqr""}}",/home/test/bupt_hjk/SDP/test_wider/result/full_tests_new/widar_067+butterworth_o5_c0.3+iqr+linear+z-score+nearest15+mlpmodel,1515.12,,73.43434343434343,nearest
Widar,68,widar_068,butterworth_o5_c0.3+iqr+linear+z-score+decimate15,mlpmodel,ok,0.7661835748792271,0.7535353535353535,butterworth_o5_c0.3,iqr,linear,z-score,decimate15,"{""calibrate"": {""method"": ""linear""}, ""denoise"": {""cutoff"": 0.3, ""method"": ""butterworth"", ""order"": 5}, ""interpolate"": {""method"": ""decimate"", ""target_K"": 15}, ""normalize"": {""method"": ""z-score""}, ""outliers"": {""factor"": 1.5, ""method"": ""iqr""}}",/home/test/bupt_hjk/SDP/test_wider/result/full_tests_new/widar_068+butterworth_o5_c0.3+iqr+linear+z-score+decimate15+mlpmodel,1218.19,,75.35353535353535,decimate
Widar,69,widar_069,butterworth_o5_c0.3+iqr+linear+min-max+linear15,mlpmodel,ok,0.7053140096618357,0.7111111111111111,butterworth_o5_c0.3,iqr,linear,min-max,linear15,"{""calibrate"": {""method"": ""linear""}, ""denoise"": {""cutoff"": 0.3, ""method"": ""butterworth"", ""order"": 5}, ""interpolate"": {""method"": ""linear"", ""target_K"": 15}, ""normalize"": {""method"": ""min-max""}, ""outliers"": {""factor"": 1.5, ""method"": ""iqr""}}",/home/test/bupt_hjk/SDP/test_wider/result/full_tests_new/widar_069+butterworth_o5_c0.3+iqr+linear+min-max+linear15+mlpmodel,1581.44,,71.11111111111111,linear
Widar,70,widar_070,butterworth_o5_c0.3+iqr+linear+min-max+cubic15,mlpmodel,ok,0.6956521739130435,0.7212121212121212,butterworth_o5_c0.3,iqr,linear,min-max,cubic15,"{""calibrate"": {""method"": ""linear""}, ""denoise"": {""cutoff"": 0.3, ""method"": ""butterworth"", ""order"": 5}, ""interpolate"": {""method"": ""cubic"", ""target_K"": 15}, ""normalize"": {""method"": ""min-max""}, ""outliers"": {""factor"": 1.5, ""method"": ""iqr""}}",/home/test/bupt_hjk/SDP/test_wider/result/full_tests_new/widar_070+butterworth_o5_c0.3+iqr+linear+min-max+cubic15+mlpmodel,2158.67,,72.12121212121212,cubic
Widar,71,widar_071,butterworth_o5_c0.3+iqr+linear+min-max+nearest15,mlpmodel,ok,0.6917874396135265,0.7161616161616161,butterworth_o5_c0.3,iqr,linear,min-max,nearest15,"{""calibrate"": {""method"": ""linear""}, ""denoise"": {""cutoff"": 0.3, ""method"": ""butterworth"", ""order"": 5}, ""interpolate"": {""method"": ""nearest"", ""target_K"": 15}, ""normalize"": {""method"": ""min-max""}, ""outliers"": {""factor"": 1.5, ""method"": ""iqr""}}",/home/test/bupt_hjk/SDP/test_wider/result/full_tests_new/widar_071+butterworth_o5_c0.3+iqr+linear+min-max+nearest15+mlpmodel,1496.44,,71.6161616161616,nearest
Widar,72,widar_072,butterworth_o5_c0.3+iqr+linear+min-max+decimate15,mlpmodel,ok,0.6908212560386474,0.705050505050505,butterworth_o5_c0.3,iqr,linear,min-max,decimate15,"{""calibrate"": {""method"": ""linear""}, ""denoise"": {""cutoff"": 0.3, ""method"": ""butterworth"", ""order"": 5}, ""interpolate"": {""method"": ""decimate"", ""target_K"": 15}, ""normalize"": {""method"": ""min-max""}, ""outliers"": {""factor"": 1.5, ""method"": ""iqr""}}",/home/test/bupt_hjk/SDP/test_wider/result/full_tests_new/widar_072+butterworth_o5_c0.3+iqr+linear+min-max+decimate15+mlpmodel,1209.32,,70.5050505050505,decimate
Widar,73,widar_073,butterworth_o5_c0.3+iqr+polynomial_d3+z-score+linear15,mlpmodel,ok,0.7507246376811594,0.7242424242424242,butterworth_o5_c0.3,iqr,polynomial_d3,z-score,linear15,"{""calibrate"": {""degree"": 3, ""method"": ""polynomial""}, ""denoise"": {""cutoff"": 0.3, ""method"": ""butterworth"", ""order"": 5}, ""interpolate"": {""method"": ""linear"", ""target_K"": 15}, ""normalize"": {""method"": ""z-score""}, ""outliers"": {""factor"": 1.5, ""method"": ""iqr""}}",/home/test/bupt_hjk/SDP/test_wider/result/full_tests_new/widar_073+butterworth_o5_c0.3+iqr+polynomial_d3+z-score+linear15+mlpmodel,1577.98,,72.42424242424242,linear
Widar,74,widar_074,butterworth_o5_c0.3+iqr+polynomial_d3+z-score+cubic15,mlpmodel,ok,0.7681159420289855,0.7161616161616161,butterworth_o5_c0.3,iqr,polynomial_d3,z-score,cubic15,"{""calibrate"": {""degree"": 3, ""method"": ""polynomial""}, ""denoise"": {""cutoff"": 0.3, ""method"": ""butterworth"", ""order"": 5}, ""interpolate"": {""method"": ""cubic"", ""target_K"": 15}, ""normalize"": {""method"": ""z-score""}, ""outliers"": {""factor"": 1.5, ""method"": ""iqr""}}",/home/test/bupt_hjk/SDP/test_wider/result/full_tests_new/widar_074+butterworth_o5_c0.3+iqr+polynomial_d3+z-score+cubic15+mlpmodel,2146.39,,71.6161616161616,cubic
Widar,75,widar_075,butterworth_o5_c0.3+iqr+polynomial_d3+z-score+nearest15,mlpmodel,ok,0.7429951690821257,0.7303030303030303,butterworth_o5_c0.3,iqr,polynomial_d3,z-score,nearest15,"{""calibrate"": {""degree"": 3, ""method"": ""polynomial""}, ""denoise"": {""cutoff"": 0.3, ""method"": ""butterworth"", ""order"": 5}, ""interpolate"": {""method"": ""nearest"", ""target_K"": 15}, ""normalize"": {""method"": ""z-score""}, ""outliers"": {""factor"": 1.5, ""method"": ""iqr""}}",/home/test/bupt_hjk/SDP/test_wider/result/full_tests_new/widar_075+butterworth_o5_c0.3+iqr+polynomial_d3+z-score+nearest15+mlpmodel,1494.6,,73.03030303030303,nearest
Widar,76,widar_076,butterworth_o5_c0.3+iqr+polynomial_d3+z-score+decimate15,mlpmodel,ok,0.7391304347826088,0.7252525252525253,butterworth_o5_c0.3,iqr,polynomial_d3,z-score,decimate15,"{""calibrate"": {""degree"": 3, ""method"": ""polynomial""}, ""denoise"": {""cutoff"": 0.3, ""method"": ""butterworth"", ""order"": 5}, ""interpolate"": {""method"": ""decimate"", ""target_K"": 15}, ""normalize"": {""method"": ""z-score""}, ""outliers"": {""factor"": 1.5, ""method"": ""iqr""}}",/home/test/bupt_hjk/SDP/test_wider/result/full_tests_new/widar_076+butterworth_o5_c0.3+iqr+polynomial_d3+z-score+decimate15+mlpmodel,1195.38,,72.52525252525253,decimate
Widar,77,widar_077,butterworth_o5_c0.3+iqr+polynomial_d3+min-max+linear15,mlpmodel,ok,0.7082125603864735,0.7212121212121212,butterworth_o5_c0.3,iqr,polynomial_d3,min-max,linear15,"{""calibrate"": {""degree"": 3, ""method"": ""polynomial""}, ""denoise"": {""cutoff"": 0.3, ""method"": ""butterworth"", ""order"": 5}, ""interpolate"": {""method"": ""linear"", ""target_K"": 15}, ""normalize"": {""method"": ""min-max""}, ""outliers"": {""factor"": 1.5, ""method"": ""iqr""}}",/home/test/bupt_hjk/SDP/test_wider/result/full_tests_new/widar_077+butterworth_o5_c0.3+iqr+polynomial_d3+min-max+linear15+mlpmodel,1586.88,,72.12121212121212,linear
Widar,78,widar_078,butterworth_o5_c0.3+iqr+polynomial_d3+min-max+cubic15,mlpmodel,ok,0.7043478260869566,0.7242424242424242,butterworth_o5_c0.3,iqr,polynomial_d3,min-max,cubic15,"{""calibrate"": {""degree"": 3, ""method"": ""polynomial""}, ""denoise"": {""cutoff"": 0.3, ""method"": ""butterworth"", ""order"": 5}, ""interpolate"": {""method"": ""cubic"", ""target_K"": 15}, ""normalize"": {""method"": ""min-max""}, ""outliers"": {""factor"": 1.5, ""method"": ""iqr""}}",/home/test/bupt_hjk/SDP/test_wider/result/full_tests_new/widar_078+butterworth_o5_c0.3+iqr+polynomial_d3+min-max+cubic15+mlpmodel,2137.48,,72.42424242424242,cubic
Widar,79,widar_079,butterworth_o5_c0.3+iqr+polynomial_d3+min-max+nearest15,mlpmodel,ok,0.7101449275362319,0.7121212121212122,butterworth_o5_c0.3,iqr,polynomial_d3,min-max,nearest15,"{""calibrate"": {""degree"": 3, ""method"": ""polynomial""}, ""denoise"": {""cutoff"": 0.3, ""method"": ""butterworth"", ""order"": 5}, ""interpolate"": {""method"": ""nearest"", ""target_K"": 15}, ""normalize"": {""method"": ""min-max""}, ""outliers"": {""factor"": 1.5, ""method"": ""iqr""}}",/home/test/bupt_hjk/SDP/test_wider/result/full_tests_new/widar_079+butterworth_o5_c0.3+iqr+polynomial_d3+min-max+nearest15+mlpmodel,1497.04,,71.21212121212122,nearest
Widar,80,widar_080,butterworth_o5_c0.3+iqr+polynomial_d3+min-max+decimate15,mlpmodel,ok,0.7178743961352657,0.7212121212121212,butterworth_o5_c0.3,iqr,polynomial_d3,min-max,decimate15,"{""calibrate"": {""degree"": 3, ""method"": ""polynomial""}, ""denoise"": {""cutoff"": 0.3, ""method"": ""butterworth"", ""order"": 5}, ""interpolate"": {""method"": ""decimate"", ""target_K"": 15}, ""normalize"": {""method"": ""min-max""}, ""outliers"": {""factor"": 1.5, ""method"": ""iqr""}}",/home/test/bupt_hjk/SDP/test_wider/result/full_tests_new/widar_080+butterworth_o5_c0.3+iqr+polynomial_d3+min-max+decimate15+mlpmodel,1219.3,,72.12121212121212,decimate
Widar,81,widar_081,butterworth_o5_c0.3+iqr+stc+z-score+linear15,mlpmodel,ok,0.7333333333333333,0.7202020202020202,butterworth_o5_c0.3,iqr,stc,z-score,linear15,"{""calibrate"": {""method"": ""stc""}, ""denoise"": {""cutoff"": 0.3, ""method"": ""butterworth"", ""order"": 5}, ""interpolate"": {""method"": ""linear"", ""target_K"": 15}, ""normalize"": {""method"": ""z-score""}, ""outliers"": {""factor"": 1.5, ""method"": ""iqr""}}",/home/test/bupt_hjk/SDP/test_wider/result/full_tests_new/widar_081+butterworth_o5_c0.3+iqr+stc+z-score+linear15+mlpmodel,1578.37,,72.02020202020202,linear
Widar,82,widar_082,butterworth_o5_c0.3+iqr+stc+z-score+cubic15,mlpmodel,ok,0.7275362318840579,0.7343434343434343,butterworth_o5_c0.3,iqr,stc,z-score,cubic15,"{""calibrate"": {""method"": ""stc""}, ""denoise"": {""cutoff"": 0.3, ""method"": ""butterworth"", ""order"": 5}, ""interpolate"": {""method"": ""cubic"", ""target_K"": 15}, ""normalize"": {""method"": ""z-score""}, ""outliers"": {""factor"": 1.5, ""method"": ""iqr""}}",/home/test/bupt_hjk/SDP/test_wider/result/full_tests_new/widar_082+butterworth_o5_c0.3+iqr+stc+z-score+cubic15+mlpmodel,2148.65,,73.43434343434343,cubic
Widar,83,widar_083,butterworth_o5_c0.3+iqr+stc+z-score+nearest15,mlpmodel,ok,0.7333333333333333,0.7333333333333333,butterworth_o5_c0.3,iqr,stc,z-score,nearest15,"{""calibrate"": {""method"": ""stc""}, ""denoise"": {""cutoff"": 0.3, ""method"": ""butterworth"", ""order"": 5}, ""interpolate"": {""method"": ""nearest"", ""target_K"": 15}, ""normalize"": {""method"": ""z-score""}, ""outliers"": {""factor"": 1.5, ""method"": ""iqr""}}",/home/test/bupt_hjk/SDP/test_wider/result/full_tests_new/widar_083+butterworth_o5_c0.3+iqr+stc+z-score+nearest15+mlpmodel,1485.35,,73.33333333333333,nearest
Widar,84,widar_084,butterworth_o5_c0.3+iqr+stc+z-score+decimate15,mlpmodel,ok,0.7294685990338163,0.7444444444444445,butterworth_o5_c0.3,iqr,stc,z-score,decimate15,"{""calibrate"": {""method"": ""stc""}, ""denoise"": {""cutoff"": 0.3, ""method"": ""butterworth"", ""order"": 5}, ""interpolate"": {""method"": ""decimate"", ""target_K"": 15}, ""normalize"": {""method"": ""z-score""}, ""outliers"": {""factor"": 1.5, ""method"": ""iqr""}}",/home/test/bupt_hjk/SDP/test_wider/result/full_tests_new/widar_084+butterworth_o5_c0.3+iqr+stc+z-score+decimate15+mlpmodel,1192.13,,74.44444444444444,decimate
Widar,85,widar_085,butterworth_o5_c0.3+iqr+stc+min-max+linear15,mlpmodel,ok,0.6908212560386474,0.696969696969697,butterworth_o5_c0.3,iqr,stc,min-max,linear15,"{""calibrate"": {""method"": ""stc""}, ""denoise"": {""cutoff"": 0.3, ""method"": ""butterworth"", ""order"": 5}, ""interpolate"": {""method"": ""linear"", ""target_K"": 15}, ""normalize"": {""method"": ""min-max""}, ""outliers"": {""factor"": 1.5, ""method"": ""iqr""}}",/home/test/bupt_hjk/SDP/test_wider/result/full_tests_new/widar_085+butterworth_o5_c0.3+iqr+stc+min-max+linear15+mlpmodel,1576.34,,69.6969696969697,linear
Widar,86,widar_086,butterworth_o5_c0.3+iqr+stc+min-max+cubic15,mlpmodel,ok,0.6995169082125604,0.702020202020202,butterworth_o5_c0.3,iqr,stc,min-max,cubic15,"{""calibrate"": {""method"": ""stc""}, ""denoise"": {""cutoff"": 0.3, ""method"": ""butterworth"", ""order"": 5}, ""interpolate"": {""method"": ""cubic"", ""target_K"": 15}, ""normalize"": {""method"": ""min-max""}, ""outliers"": {""factor"": 1.5, ""method"": ""iqr""}}",/home/test/bupt_hjk/SDP/test_wider/result/full_tests_new/widar_086+butterworth_o5_c0.3+iqr+stc+min-max+cubic15+mlpmodel,2125.0,,70.2020202020202,cubic
Widar,87,widar_087,butterworth_o5_c0.3+iqr+stc+min-max+nearest15,mlpmodel,ok,0.6869565217391305,0.6686868686868687,butterworth_o5_c0.3,iqr,stc,min-max,nearest15,"{""calibrate"": {""method"": ""stc""}, ""denoise"": {""cutoff"": 0.3, ""method"": ""butterworth"", ""order"": 5}, ""interpolate"": {""method"": ""nearest"", ""target_K"": 15}, ""normalize"": {""method"": ""min-max""}, ""outliers"": {""factor"": 1.5, ""method"": ""iqr""}}",/home/test/bupt_hjk/SDP/test_wider/result/full_tests_new/widar_087+butterworth_o5_c0.3+iqr+stc+min-max+nearest15+mlpmodel,1495.31,,66.86868686868686,nearest
Widar,88,widar_088,butterworth_o5_c0.3+iqr+stc+min-max+decimate15,mlpmodel,ok,0.7130434782608696,0.7121212121212122,butterworth_o5_c0.3,iqr,stc,min-max,decimate15,"{""calibrate"": {""method"": ""stc""}, ""denoise"": {""cutoff"": 0.3, ""method"": ""butterworth"", ""order"": 5}, ""interpolate"": {""method"": ""decimate"", ""target_K"": 15}, ""normalize"": {""method"": ""min-max""}, ""outliers"": {""factor"": 1.5, ""method"": ""iqr""}}",/home/test/bupt_hjk/SDP/test_wider/result/full_tests_new/widar_088+butterworth_o5_c0.3+iqr+stc+min-max+decimate15+mlpmodel,1200.03,,71.21212121212122,decimate
Widar,89,widar_089,butterworth_o5_c0.3+iqr+robust+z-score+linear15,mlpmodel,ok,0.6309178743961352,0.6121212121212121,butterworth_o5_c0.3,iqr,robust,z-score,linear15,"{""calibrate"": {""method"": ""robust""}, ""denoise"": {""cutoff"": 0.3, ""method"": ""butterworth"", ""order"": 5}, ""interpolate"": {""method"": ""linear"", ""target_K"": 15}, ""normalize"": {""method"": ""z-score""}, ""outliers"": {""factor"": 1.5, ""method"": ""iqr""}}",/home/test/bupt_hjk/SDP/test_wider/result/full_tests_new/widar_089+butterworth_o5_c0.3+iqr+robust+z-score+linear15+mlpmodel,1586.24,,61.212121212121204,linear
Widar,90,widar_090,butterworth_o5_c0.3+iqr+robust+z-score+cubic15,mlpmodel,ok,0.629951690821256,0.6161616161616161,butterworth_o5_c0.3,iqr,robust,z-score,cubic15,"{""calibrate"": {""method"": ""robust""}, ""denoise"": {""cutoff"": 0.3, ""method"": ""butterworth"", ""order"": 5}, ""interpolate"": {""method"": ""cubic"", ""target_K"": 15}, ""normalize"": {""method"": ""z-score""}, ""outliers"": {""factor"": 1.5, ""method"": ""iqr""}}",/home/test/bupt_hjk/SDP/test_wider/result/full_tests_new/widar_090+butterworth_o5_c0.3+iqr+robust+z-score+cubic15+mlpmodel,2166.91,,61.61616161616161,cubic
Widar,91,widar_091,butterworth_o5_c0.3+iqr+robust+z-score+nearest15,mlpmodel,ok,0.6318840579710145,0.603030303030303,butterworth_o5_c0.3,iqr,robust,z-score,nearest15,"{""calibrate"": {""method"": ""robust""}, ""denoise"": {""cutoff"": 0.3, ""method"": ""butterworth"", ""order"": 5}, ""interpolate"": {""method"": ""nearest"", ""target_K"": 15}, ""normalize"": {""method"": ""z-score""}, ""outliers"": {""factor"": 1.5, ""method"": ""iqr""}}",/home/test/bupt_hjk/SDP/test_wider/result/full_tests_new/widar_091+butterworth_o5_c0.3+iqr+robust+z-score+nearest15+mlpmodel,1542.13,,60.303030303030305,nearest
Widar,92,widar_092,butterworth_o5_c0.3+iqr+robust+z-score+decimate15,mlpmodel,ok,0.6521739130434783,0.6404040404040404,butterworth_o5_c0.3,iqr,robust,z-score,decimate15,"{""calibrate"": {""method"": ""robust""}, ""denoise"": {""cutoff"": 0.3, ""method"": ""butterworth"", ""order"": 5}, ""interpolate"": {""method"": ""decimate"", ""target_K"": 15}, ""normalize"": {""method"": ""z-score""}, ""outliers"": {""factor"": 1.5, ""method"": ""iqr""}}",/home/test/bupt_hjk/SDP/test_wider/result/full_tests_new/widar_092+butterworth_o5_c0.3+iqr+robust+z-score+decimate15+mlpmodel,1197.94,,64.04040404040404,decimate
Widar,93,widar_093,butterworth_o5_c0.3+iqr+robust+min-max+linear15,mlpmodel,ok,0.5671497584541063,0.5454545454545454,butterworth_o5_c0.3,iqr,robust,min-max,linear15,"{""calibrate"": {""method"": ""robust""}, ""denoise"": {""cutoff"": 0.3, ""method"": ""butterworth"", ""order"": 5}, ""interpolate"": {""method"": ""linear"", ""target_K"": 15}, ""normalize"": {""method"": ""min-max""}, ""outliers"": {""factor"": 1.5, ""method"": ""iqr""}}",/home/test/bupt_hjk/SDP/test_wider/result/full_tests_new/widar_093+butterworth_o5_c0.3+iqr+robust+min-max+linear15+mlpmodel,1567.21,,54.54545454545454,linear
Widar,94,widar_094,butterworth_o5_c0.3+iqr+robust+min-max+cubic15,mlpmodel,ok,0.5681159420289855,0.5383838383838384,butterworth_o5_c0.3,iqr,robust,min-max,cubic15,"{""calibrate"": {""method"": ""robust""}, ""denoise"": {""cutoff"": 0.3, ""method"": ""butterworth"", ""order"": 5}, ""interpolate"": {""method"": ""cubic"", ""target_K"": 15}, ""normalize"": {""method"": ""min-max""}, ""outliers"": {""factor"": 1.5, ""method"": ""iqr""}}",/home/test/bupt_hjk/SDP/test_wider/result/full_tests_new/widar_094+butterworth_o5_c0.3+iqr+robust+min-max+cubic15+mlpmodel,2130.39,,53.83838383838384,cubic
Widar,95,widar_095,butterworth_o5_c0.3+iqr+robust+min-max+nearest15,mlpmodel,ok,0.5826086956521739,0.5505050505050505,butterworth_o5_c0.3,iqr,robust,min-max,nearest15,"{""calibrate"": {""method"": ""robust""}, ""denoise"": {""cutoff"": 0.3, ""method"": ""butterworth"", ""order"": 5}, ""interpolate"": {""method"": ""nearest"", ""target_K"": 15}, ""normalize"": {""method"": ""min-max""}, ""outliers"": {""factor"": 1.5, ""method"": ""iqr""}}",/home/test/bupt_hjk/SDP/test_wider/result/full_tests_new/widar_095+butterworth_o5_c0.3+iqr+robust+min-max+nearest15+mlpmodel,1490.22,,55.05050505050505,nearest
Widar,96,widar_096,butterworth_o5_c0.3+iqr+robust+min-max+decimate15,mlpmodel,ok,0.5642512077294686,0.5323232323232323,butterworth_o5_c0.3,iqr,robust,min-max,decimate15,"{""calibrate"": {""method"": ""robust""}, ""denoise"": {""cutoff"": 0.3, ""method"": ""butterworth"", ""order"": 5}, ""interpolate"": {""method"": ""decimate"", ""target_K"": 15}, ""normalize"": {""method"": ""min-max""}, ""outliers"": {""factor"": 1.5, ""method"": ""iqr""}}",/home/test/bupt_hjk/SDP/test_wider/result/full_tests_new/widar_096+butterworth_o5_c0.3+iqr+robust+min-max+decimate15+mlpmodel,1196.11,,53.23232323232323,decimate
Widar,97,widar_097,butterworth_o5_c0.3+outlier_z-score+linear+z-score+linear15,mlpmodel,ok,0.7256038647342996,0.7343434343434343,butterworth_o5_c0.3,outlier_z-score,linear,z-score,linear15,"{""calibrate"": {""method"": ""linear""}, ""denoise"": {""cutoff"": 0.3, ""method"": ""butterworth"", ""order"": 5}, ""interpolate"": {""method"": ""linear"", ""target_K"": 15}, ""normalize"": {""method"": ""z-score""}, ""outliers"": {""factor"": 3.0, ""method"": ""z-score""}}",/home/test/bupt_hjk/SDP/test_wider/result/full_tests_new/widar_097+butterworth_o5_c0.3+outlier_z-score+linear+z-score+linear15+mlpmodel,1561.48,,73.43434343434343,linear
Widar,98,widar_098,butterworth_o5_c0.3+outlier_z-score+linear+z-score+cubic15,mlpmodel,ok,0.7391304347826088,0.7373737373737373,butterworth_o5_c0.3,outlier_z-score,linear,z-score,cubic15,"{""calibrate"": {""method"": ""linear""}, ""denoise"": {""cutoff"": 0.3, ""method"": ""butterworth"", ""order"": 5}, ""interpolate"": {""method"": ""cubic"", ""target_K"": 15}, ""normalize"": {""method"": ""z-score""}, ""outliers"": {""factor"": 3.0, ""method"": ""z-score""}}",/home/test/bupt_hjk/SDP/test_wider/result/full_tests_new/widar_098+butterworth_o5_c0.3+outlier_z-score+linear+z-score+cubic15+mlpmodel,2131.25,,73.73737373737373,cubic
Widar,99,widar_099,butterworth_o5_c0.3+outlier_z-score+linear+z-score+nearest15,mlpmodel,ok,0.7275362318840579,0.7292929292929293,butterworth_o5_c0.3,outlier_z-score,linear,z-score,nearest15,"{""calibrate"": {""method"": ""linear""}, ""denoise"": {""cutoff"": 0.3, ""method"": ""butterworth"", ""order"": 5}, ""interpolate"": {""method"": ""nearest"", ""target_K"": 15}, ""normalize"": {""method"": ""z-score""}, ""outliers"": {""factor"": 3.0, ""method"": ""z-score""}}",/home/test/bupt_hjk/SDP/test_wider/result/full_tests_new/widar_099+butterworth_o5_c0.3+outlier_z-score+linear+z-score+nearest15+mlpmodel,1509.17,,72.92929292929293,nearest
Widar,100,widar_100,butterworth_o5_c0.3+outlier_z-score+linear+z-score+decimate15,mlpmodel,ok,0.7256038647342996,0.7212121212121212,butterworth_o5_c0.3,outlier_z-score,linear,z-score,decimate15,"{""calibrate"": {""method"": ""linear""}, ""denoise"": {""cutoff"": 0.3, ""method"": ""butterworth"", ""order"": 5}, ""interpolate"": {""method"": ""decimate"", ""target_K"": 15}, ""normalize"": {""method"": ""z-score""}, ""outliers"": {""factor"": 3.0, ""method"": ""z-score""}}",/home/test/bupt_hjk/SDP/test_wider/result/full_tests_new/widar_100+butterworth_o5_c0.3+outlier_z-score+linear+z-score+decimate15+mlpmodel,1210.88,,72.12121212121212,decimate
Widar,101,widar_101,butterworth_o5_c0.3+outlier_z-score+linear+min-max+linear15,mlpmodel,ok,0.7014492753623189,0.7181818181818181,butterworth_o5_c0.3,outlier_z-score,linear,min-max,linear15,"{""calibrate"": {""method"": ""linear""}, ""denoise"": {""cutoff"": 0.3, ""method"": ""butterworth"", ""order"": 5}, ""interpolate"": {""method"": ""linear"", ""target_K"": 15}, ""normalize"": {""method"": ""min-max""}, ""outliers"": {""factor"": 3.0, ""method"": ""z-score""}}",/home/test/bupt_hjk/SDP/test_wider/result/full_tests_new/widar_101+butterworth_o5_c0.3+outlier_z-score+linear+min-max+linear15+mlpmodel,1563.14,,71.81818181818181,linear
Widar,102,widar_102,butterworth_o5_c0.3+outlier_z-score+linear+min-max+cubic15,mlpmodel,ok,0.6956521739130435,0.696969696969697,butterworth_o5_c0.3,outlier_z-score,linear,min-max,cubic15,"{""calibrate"": {""method"": ""linear""}, ""denoise"": {""cutoff"": 0.3, ""method"": ""butterworth"", ""order"": 5}, ""interpolate"": {""method"": ""cubic"", ""target_K"": 15}, ""normalize"": {""method"": ""min-max""}, ""outliers"": {""factor"": 3.0, ""method"": ""z-score""}}",/home/test/bupt_hjk/SDP/test_wider/result/full_tests_new/widar_102+butterworth_o5_c0.3+outlier_z-score+linear+min-max+cubic15+mlpmodel,2125.28,,69.6969696969697,cubic
Widar,103,widar_103,butterworth_o5_c0.3+outlier_z-score+linear+min-max+nearest15,mlpmodel,ok,0.7053140096618357,0.7353535353535353,butterworth_o5_c0.3,outlier_z-score,linear,min-max,nearest15,"{""calibrate"": {""method"": ""linear""}, ""denoise"": {""cutoff"": 0.3, ""method"": ""butterworth"", ""order"": 5}, ""interpolate"": {""method"": ""nearest"", ""target_K"": 15}, ""normalize"": {""method"": ""min-max""}, ""outliers"": {""factor"": 3.0, ""method"": ""z-score""}}",/home/test/bupt_hjk/SDP/test_wider/result/full_tests_new/widar_103+butterworth_o5_c0.3+outlier_z-score+linear+min-max+nearest15+mlpmodel,1501.67,,73.53535353535354,nearest
Widar,104,widar_104,butterworth_o5_c0.3+outlier_z-score+linear+min-max+decimate15,mlpmodel,ok,0.6927536231884058,0.702020202020202,butterworth_o5_c0.3,outlier_z-score,linear,min-max,decimate15,"{""calibrate"": {""method"": ""linear""}, ""denoise"": {""cutoff"": 0.3, ""method"": ""butterworth"", ""order"": 5}, ""interpolate"": {""method"": ""decimate"", ""target_K"": 15}, ""normalize"": {""method"": ""min-max""}, ""outliers"": {""factor"": 3.0, ""method"": ""z-score""}}",/home/test/bupt_hjk/SDP/test_wider/result/full_tests_new/widar_104+butterworth_o5_c0.3+outlier_z-score+linear+min-max+decimate15+mlpmodel,1214.73,,70.2020202020202,decimate
Widar,105,widar_105,butterworth_o5_c0.3+outlier_z-score+polynomial_d3+z-score+linear15,mlpmodel,ok,0.7594202898550725,0.7282828282828283,butterworth_o5_c0.3,outlier_z-score,polynomial_d3,z-score,linear15,"{""calibrate"": {""degree"": 3, ""method"": ""polynomial""}, ""denoise"": {""cutoff"": 0.3, ""method"": ""butterworth"", ""order"": 5}, ""interpolate"": {""method"": ""linear"", ""target_K"": 15}, ""normalize"": {""method"": ""z-score""}, ""outliers"": {""factor"": 3.0, ""method"": ""z-score""}}",/home/test/bupt_hjk/SDP/test_wider/result/full_tests_new/widar_105+butterworth_o5_c0.3+outlier_z-score+polynomial_d3+z-score+linear15+mlpmodel,1572.89,,72.82828282828284,linear
Widar,106,widar_106,butterworth_o5_c0.3+outlier_z-score+polynomial_d3+z-score+cubic15,mlpmodel,ok,0.7594202898550725,0.7242424242424242,butterworth_o5_c0.3,outlier_z-score,polynomial_d3,z-score,cubic15,"{""calibrate"": {""degree"": 3, ""method"": ""polynomial""}, ""denoise"": {""cutoff"": 0.3, ""method"": ""butterworth"", ""order"": 5}, ""interpolate"": {""method"": ""cubic"", ""target_K"": 15}, ""normalize"": {""method"": ""z-score""}, ""outliers"": {""factor"": 3.0, ""method"": ""z-score""}}",/home/test/bupt_hjk/SDP/test_wider/result/full_tests_new/widar_106+butterworth_o5_c0.3+outlier_z-score+polynomial_d3+z-score+cubic15+mlpmodel,2120.74,,72.42424242424242,cubic
Widar,107,widar_107,butterworth_o5_c0.3+outlier_z-score+polynomial_d3+z-score+nearest15,mlpmodel,ok,0.7304347826086957,0.7080808080808081,butterworth_o5_c0.3,outlier_z-score,polynomial_d3,z-score,nearest15,"{""calibrate"": {""degree"": 3, ""method"": ""polynomial""}, ""denoise"": {""cutoff"": 0.3, ""method"": ""butterworth"", ""order"": 5}, ""interpolate"": {""method"": ""nearest"", ""target_K"": 15}, ""normalize"": {""method"": ""z-score""}, ""outliers"": {""factor"": 3.0, ""method"": ""z-score""}}",/home/test/bupt_hjk/SDP/test_wider/result/full_tests_new/widar_107+butterworth_o5_c0.3+outlier_z-score+polynomial_d3+z-score+nearest15+mlpmodel,1495.38,,70.8080808080808,nearest
Widar,108,widar_108,butterworth_o5_c0.3+outlier_z-score+polynomial_d3+z-score+decimate15,mlpmodel,ok,0.7178743961352657,0.7232323232323232,butterworth_o5_c0.3,outlier_z-score,polynomial_d3,z-score,decimate15,"{""calibrate"": {""degree"": 3, ""method"": ""polynomial""}, ""denoise"": {""cutoff"": 0.3, ""method"": ""butterworth"", ""order"": 5}, ""interpolate"": {""method"": ""decimate"", ""target_K"": 15}, ""normalize"": {""method"": ""z-score""}, ""outliers"": {""factor"": 3.0, ""method"": ""z-score""}}",/home/test/bupt_hjk/SDP/test_wider/result/full_tests_new/widar_108+butterworth_o5_c0.3+outlier_z-score+polynomial_d3+z-score+decimate15+mlpmodel,1194.59,,72.32323232323232,decimate
Widar,109,widar_109,butterworth_o5_c0.3+outlier_z-score+polynomial_d3+min-max+linear15,mlpmodel,ok,0.7285024154589372,0.692929292929293,butterworth_o5_c0.3,outlier_z-score,polynomial_d3,min-max,linear15,"{""calibrate"": {""degree"": 3, ""method"": ""polynomial""}, ""denoise"": {""cutoff"": 0.3, ""method"": ""butterworth"", ""order"": 5}, ""interpolate"": {""method"": ""linear"", ""target_K"": 15}, ""normalize"": {""method"": ""min-max""}, ""outliers"": {""factor"": 3.0, ""method"": ""z-score""}}",/home/test/bupt_hjk/SDP/test_wider/result/full_tests_new/widar_109+butterworth_o5_c0.3+outlier_z-score+polynomial_d3+min-max+linear15+mlpmodel,1579.68,,69.2929292929293,linear
Widar,110,widar_110,butterworth_o5_c0.3+outlier_z-score+polynomial_d3+min-max+cubic15,mlpmodel,ok,0.7265700483091787,0.696969696969697,butterworth_o5_c0.3,outlier_z-score,polynomial_d3,min-max,cubic15,"{""calibrate"": {""degree"": 3, ""method"": ""polynomial""}, ""denoise"": {""cutoff"": 0.3, ""method"": ""butterworth"", ""order"": 5}, ""interpolate"": {""method"": ""cubic"", ""target_K"": 15}, ""normalize"": {""method"": ""min-max""}, ""outliers"": {""factor"": 3.0, ""method"": ""z-score""}}",/home/test/bupt_hjk/SDP/test_wider/result/full_tests_new/widar_110+butterworth_o5_c0.3+outlier_z-score+polynomial_d3+min-max+cubic15+mlpmodel,2130.73,,69.6969696969697,cubic
Widar,111,widar_111,butterworth_o5_c0.3+outlier_z-score+polynomial_d3+min-max+nearest15,mlpmodel,ok,0.7169082125603865,0.6797979797979798,butterworth_o5_c0.3,outlier_z-score,polynomial_d3,min-max,nearest15,"{""calibrate"": {""degree"": 3, ""method"": ""polynomial""}, ""denoise"": {""cutoff"": 0.3, ""method"": ""butterworth"", ""order"": 5}, ""interpolate"": {""method"": ""nearest"", ""target_K"": 15}, ""normalize"": {""method"": ""min-max""}, ""outliers"": {""factor"": 3.0, ""method"": ""z-score""}}",/home/test/bupt_hjk/SDP/test_wider/result/full_tests_new/widar_111+butterworth_o5_c0.3+outlier_z-score+polynomial_d3+min-max+nearest15+mlpmodel,1488.27,,67.97979797979798,nearest
Widar,112,widar_112,butterworth_o5_c0.3+outlier_z-score+polynomial_d3+min-max+decimate15,mlpmodel,ok,0.7256038647342996,0.7,butterworth_o5_c0.3,outlier_z-score,polynomial_d3,min-max,decimate15,"{""calibrate"": {""degree"": 3, ""method"": ""polynomial""}, ""denoise"": {""cutoff"": 0.3, ""method"": ""butterworth"", ""order"": 5}, ""interpolate"": {""method"": ""decimate"", ""target_K"": 15}, ""normalize"": {""method"": ""min-max""}, ""outliers"": {""factor"": 3.0, ""method"": ""z-score""}}",/home/test/bupt_hjk/SDP/test_wider/result/full_tests_new/widar_112+butterworth_o5_c0.3+outlier_z-score+polynomial_d3+min-max+decimate15+mlpmodel,1199.54,,70.0,decimate
Widar,113,widar_113,butterworth_o5_c0.3+outlier_z-score+stc+z-score+linear15,mlpmodel,ok,0.7304347826086957,0.7191919191919192,butterworth_o5_c0.3,outlier_z-score,stc,z-score,linear15,"{""calibrate"": {""method"": ""stc""}, ""denoise"": {""cutoff"": 0.3, ""method"": ""butterworth"", ""order"": 5}, ""interpolate"": {""method"": ""linear"", ""target_K"": 15}, ""normalize"": {""method"": ""z-score""}, ""outliers"": {""factor"": 3.0, ""method"": ""z-score""}}",/home/test/bupt_hjk/SDP/test_wider/result/full_tests_new/widar_113+butterworth_o5_c0.3+outlier_z-score+stc+z-score+linear15+mlpmodel,1574.33,,71.91919191919192,linear
Widar,114,widar_114,butterworth_o5_c0.3+outlier_z-score+stc+z-score+cubic15,mlpmodel,ok,0.7275362318840579,0.7393939393939394,butterworth_o5_c0.3,outlier_z-score,stc,z-score,cubic15,"{""calibrate"": {""method"": ""stc""}, ""denoise"": {""cutoff"": 0.3, ""method"": ""butterworth"", ""order"": 5}, ""interpolate"": {""method"": ""cubic"", ""target_K"": 15}, ""normalize"": {""method"": ""z-score""}, ""outliers"": {""factor"": 3.0, ""method"": ""z-score""}}",/home/test/bupt_hjk/SDP/test_wider/result/full_tests_new/widar_114+butterworth_o5_c0.3+outlier_z-score+stc+z-score+cubic15+mlpmodel,2137.37,,73.93939393939394,cubic
Widar,115,widar_115,butterworth_o5_c0.3+outlier_z-score+stc+z-score+nearest15,mlpmodel,ok,0.7381642512077294,0.7474747474747475,butterworth_o5_c0.3,outlier_z-score,stc,z-score,nearest15,"{""calibrate"": {""method"": ""stc""}, ""denoise"": {""cutoff"": 0.3, ""method"": ""butterworth"", ""order"": 5}, ""interpolate"": {""method"": ""nearest"", ""target_K"": 15}, ""normalize"": {""method"": ""z-score""}, ""outliers"": {""factor"": 3.0, ""method"": ""z-score""}}",/home/test/bupt_hjk/SDP/test_wider/result/full_tests_new/widar_115+butterworth_o5_c0.3+outlier_z-score+stc+z-score+nearest15+mlpmodel,1487.71,,74.74747474747475,nearest
Widar,116,widar_116,butterworth_o5_c0.3+outlier_z-score+stc+z-score+decimate15,mlpmodel,ok,0.7410628019323672,0.7494949494949495,butterworth_o5_c0.3,outlier_z-score,stc,z-score,decimate15,"{""calibrate"": {""method"": ""stc""}, ""denoise"": {""cutoff"": 0.3, ""method"": ""butterworth"", ""order"": 5}, ""interpolate"": {""method"": ""decimate"", ""target_K"": 15}, ""normalize"": {""method"": ""z-score""}, ""outliers"": {""factor"": 3.0, ""method"": ""z-score""}}",/home/test/bupt_hjk/SDP/test_wider/result/full_tests_new/widar_116+butterworth_o5_c0.3+outlier_z-score+stc+z-score+decimate15+mlpmodel,1187.64,,74.94949494949495,decimate
Widar,117,widar_117,butterworth_o5_c0.3+outlier_z-score+stc+min-max+linear15,mlpmodel,ok,0.7014492753623189,0.7252525252525253,butterworth_o5_c0.3,outlier_z-score,stc,min-max,linear15,"{""calibrate"": {""method"": ""stc""}, ""denoise"": {""cutoff"": 0.3, ""method"": ""butterworth"", ""order"": 5}, ""interpolate"": {""method"": ""linear"", ""target_K"": 15}, ""normalize"": {""method"": ""min-max""}, ""outliers"": {""factor"": 3.0, ""method"": ""z-score""}}",/home/test/bupt_hjk/SDP/test_wider/result/full_tests_new/widar_117+butterworth_o5_c0.3+outlier_z-score+stc+min-max+linear15+mlpmodel,1585.72,,72.52525252525253,linear
Widar,118,widar_118,butterworth_o5_c0.3+outlier_z-score+stc+min-max+cubic15,mlpmodel,ok,0.6956521739130435,0.7101010101010101,butterworth_o5_c0.3,outlier_z-score,stc,min-max,cubic15,"{""calibrate"": {""method"": ""stc""}, ""denoise"": {""cutoff"": 0.3, ""method"": ""butterworth"", ""order"": 5}, ""interpolate"": {""method"": ""cubic"", ""target_K"": 15}, ""normalize"": {""method"": ""min-max""}, ""outliers"": {""factor"": 3.0, ""method"": ""z-score""}}",/home/test/bupt_hjk/SDP/test_wider/result/full_tests_new/widar_118+butterworth_o5_c0.3+outlier_z-score+stc+min-max+cubic15+mlpmodel,2139.6,,71.01010101010101,cubic
Widar,119,widar_119,butterworth_o5_c0.3+outlier_z-score+stc+min-max+nearest15,mlpmodel,ok,0.702415458937198,0.7252525252525253,butterworth_o5_c0.3,outlier_z-score,stc,min-max,nearest15,"{""calibrate"": {""method"": ""stc""}, ""denoise"": {""cutoff"": 0.3, ""method"": ""butterworth"", ""order"": 5}, ""interpolate"": {""method"": ""nearest"", ""target_K"": 15}, ""normalize"": {""method"": ""min-max""}, ""outliers"": {""factor"": 3.0, ""method"": ""z-score""}}",/home/test/bupt_hjk/SDP/test_wider/result/full_tests_new/widar_119+butterworth_o5_c0.3+outlier_z-score+stc+min-max+nearest15+mlpmodel,1492.31,,72.52525252525253,nearest
Widar,120,widar_120,butterworth_o5_c0.3+outlier_z-score+stc+min-max+decimate15,mlpmodel,ok,0.697584541062802,0.702020202020202,butterworth_o5_c0.3,outlier_z-score,stc,min-max,decimate15,"{""calibrate"": {""method"": ""stc""}, ""denoise"": {""cutoff"": 0.3, ""method"": ""butterworth"", ""order"": 5}, ""interpolate"": {""method"": ""decimate"", ""target_K"": 15}, ""normalize"": {""method"": ""min-max""}, ""outliers"": {""factor"": 3.0, ""method"": ""z-score""}}",/home/test/bupt_hjk/SDP/test_wider/result/full_tests_new/widar_120+butterworth_o5_c0.3+outlier_z-score+stc+min-max+decimate15+mlpmodel,1187.07,,70.2020202020202,decimate
Widar,121,widar_121,butterworth_o5_c0.3+outlier_z-score+robust+z-score+linear15,mlpmodel,ok,0.6280193236714976,0.6141414141414141,butterworth_o5_c0.3,outlier_z-score,robust,z-score,linear15,"{""calibrate"": {""method"": ""robust""}, ""denoise"": {""cutoff"": 0.3, ""method"": ""butterworth"", ""order"": 5}, ""interpolate"": {""method"": ""linear"", ""target_K"": 15}, ""normalize"": {""method"": ""z-score""}, ""outliers"": {""factor"": 3.0, ""method"": ""z-score""}}",/home/test/bupt_hjk/SDP/test_wider/result/full_tests_new/widar_121+butterworth_o5_c0.3+outlier_z-score+robust+z-score+linear15+mlpmodel,1569.58,,61.41414141414141,linear
Widar,122,widar_122,butterworth_o5_c0.3+outlier_z-score+robust+z-score+cubic15,mlpmodel,ok,0.6260869565217392,0.6131313131313131,butterworth_o5_c0.3,outlier_z-score,robust,z-score,cubic15,"{""calibrate"": {""method"": ""robust""}, ""denoise"": {""cutoff"": 0.3, ""method"": ""butterworth"", ""order"": 5}, ""interpolate"": {""method"": ""cubic"", ""target_K"": 15}, ""normalize"": {""method"": ""z-score""}, ""outliers"": {""factor"": 3.0, ""method"": ""z-score""}}",/home/test/bupt_hjk/SDP/test_wider/result/full_tests_new/widar_122+butterworth_o5_c0.3+outlier_z-score+robust+z-score+cubic15+mlpmodel,2119.05,,61.31313131313131,cubic
Widar,123,widar_123,butterworth_o5_c0.3+outlier_z-score+robust+z-score+nearest15,mlpmodel,ok,0.6231884057971014,0.6161616161616161,butterworth_o5_c0.3,outlier_z-score,robust,z-score,nearest15,"{""calibrate"": {""method"": ""robust""}, ""denoise"": {""cutoff"": 0.3, ""method"": ""butterworth"", ""order"": 5}, ""interpolate"": {""method"": ""nearest"", ""target_K"": 15}, ""normalize"": {""method"": ""z-score""}, ""outliers"": {""factor"": 3.0, ""method"": ""z-score""}}",/home/test/bupt_hjk/SDP/test_wider/result/full_tests_new/widar_123+butterworth_o5_c0.3+outlier_z-score+robust+z-score+nearest15+mlpmodel,1484.4,,61.61616161616161,nearest
Widar,124,widar_124,butterworth_o5_c0.3+outlier_z-score+robust+z-score+decimate15,mlpmodel,ok,0.6570048309178743,0.6535353535353535,butterworth_o5_c0.3,outlier_z-score,robust,z-score,decimate15,"{""calibrate"": {""method"": ""robust""}, ""denoise"": {""cutoff"": 0.3, ""method"": ""butterworth"", ""order"": 5}, ""interpolate"": {""method"": ""decimate"", ""target_K"": 15}, ""normalize"": {""method"": ""z-score""}, ""outliers"": {""factor"": 3.0, ""method"": ""z-score""}}",/home/test/bupt_hjk/SDP/test_wider/result/full_tests_new/widar_124+butterworth_o5_c0.3+outlier_z-score+robust+z-score+decimate15+mlpmodel,1189.96,,65.35353535353535,decimate
Widar,125,widar_125,butterworth_o5_c0.3+outlier_z-score+robust+min-max+linear15,mlpmodel,ok,0.5671497584541063,0.5383838383838384,butterworth_o5_c0.3,outlier_z-score,robust,min-max,linear15,"{""calibrate"": {""method"": ""robust""}, ""denoise"": {""cutoff"": 0.3, ""method"": ""butterworth"", ""order"": 5}, ""interpolate"": {""method"": ""linear"", ""target_K"": 15}, ""normalize"": {""method"": ""min-max""}, ""outliers"": {""factor"": 3.0, ""method"": ""z-score""}}",/home/test/bupt_hjk/SDP/test_wider/result/full_tests_new/widar_125+butterworth_o5_c0.3+outlier_z-score+robust+min-max+linear15+mlpmodel,1575.51,,53.83838383838384,linear
Widar,126,widar_126,butterworth_o5_c0.3+outlier_z-score+robust+min-max+cubic15,mlpmodel,ok,0.5700483091787439,0.5535353535353535,butterworth_o5_c0.3,outlier_z-score,robust,min-max,cubic15,"{""calibrate"": {""method"": ""robust""}, ""denoise"": {""cutoff"": 0.3, ""method"": ""butterworth"", ""order"": 5}, ""interpolate"": {""method"": ""cubic"", ""target_K"": 15}, ""normalize"": {""method"": ""min-max""}, ""outliers"": {""factor"": 3.0, ""method"": ""z-score""}}",/home/test/bupt_hjk/SDP/test_wider/result/full_tests_new/widar_126+butterworth_o5_c0.3+outlier_z-score+robust+min-max+cubic15+mlpmodel,2124.69,,55.35353535353536,cubic
Widar,127,widar_127,butterworth_o5_c0.3+outlier_z-score+robust+min-max+nearest15,mlpmodel,ok,0.5893719806763285,0.5505050505050505,butterworth_o5_c0.3,outlier_z-score,robust,min-max,nearest15,"{""calibrate"": {""method"": ""robust""}, ""denoise"": {""cutoff"": 0.3, ""method"": ""butterworth"", ""order"": 5}, ""interpolate"": {""method"": ""nearest"", ""target_K"": 15}, ""normalize"": {""method"": ""min-max""}, ""outliers"": {""factor"": 3.0, ""method"": ""z-score""}}",/home/test/bupt_hjk/SDP/test_wider/result/full_tests_new/widar_127+butterworth_o5_c0.3+outlier_z-score+robust+min-max+nearest15+mlpmodel,1487.17,,55.05050505050505,nearest
Widar,128,widar_128,butterworth_o5_c0.3+outlier_z-score+robust+min-max+decimate15,mlpmodel,ok,0.5681159420289855,0.5565656565656566,butterworth_o5_c0.3,outlier_z-score,robust,min-max,decimate15,"{""calibrate"": {""method"": ""robust""}, ""denoise"": {""cutoff"": 0.3, ""method"": ""butterworth"", ""order"": 5}, ""interpolate"": {""method"": ""decimate"", ""target_K"": 15}, ""normalize"": {""method"": ""min-max""}, ""outliers"": {""factor"": 3.0, ""method"": ""z-score""}}",/home/test/bupt_hjk/SDP/test_wider/result/full_tests_new/widar_128+butterworth_o5_c0.3+outlier_z-score+robust+min-max+decimate15+mlpmodel,1204.27,,55.65656565656566,decimate
Widar,129,widar_129,savgol_w7_p3+iqr+linear+z-score+linear15,mlpmodel,ok,0.7584541062801933,0.7505050505050505,savgol_w7_p3,iqr,linear,z-score,linear15,"{""calibrate"": {""method"": ""linear""}, ""denoise"": {""method"": ""savgol"", ""polyorder"": 3, ""window_length"": 7}, ""interpolate"": {""method"": ""linear"", ""target_K"": 15}, ""normalize"": {""method"": ""z-score""}, ""outliers"": {""factor"": 1.5, ""method"": ""iqr""}}",/home/test/bupt_hjk/SDP/test_wider/result/full_tests_new/widar_129+savgol_w7_p3+iqr+linear+z-score+linear15+mlpmodel,1579.6,,75.05050505050505,linear
Widar,130,widar_130,savgol_w7_p3+iqr+linear+z-score+cubic15,mlpmodel,ok,0.7719806763285024,0.7606060606060606,savgol_w7_p3,iqr,linear,z-score,cubic15,"{""calibrate"": {""method"": ""linear""}, ""denoise"": {""method"": ""savgol"", ""polyorder"": 3, ""window_length"": 7}, ""interpolate"": {""method"": ""cubic"", ""target_K"": 15}, ""normalize"": {""method"": ""z-score""}, ""outliers"": {""factor"": 1.5, ""method"": ""iqr""}}",/home/test/bupt_hjk/SDP/test_wider/result/full_tests_new/widar_130+savgol_w7_p3+iqr+linear+z-score+cubic15+mlpmodel,2123.2,,76.06060606060606,cubic
Widar,131,widar_131,savgol_w7_p3+iqr+linear+z-score+nearest15,mlpmodel,ok,0.7719806763285024,0.7555555555555555,savgol_w7_p3,iqr,linear,z-score,nearest15,"{""calibrate"": {""method"": ""linear""}, ""denoise"": {""method"": ""savgol"", ""polyorder"": 3, ""window_length"": 7}, ""interpolate"": {""method"": ""nearest"", ""target_K"": 15}, ""normalize"": {""method"": ""z-score""}, ""outliers"": {""factor"": 1.5, ""method"": ""iqr""}}",/home/test/bupt_hjk/SDP/test_wider/result/full_tests_new/widar_131+savgol_w7_p3+iqr+linear+z-score+nearest15+mlpmodel,1498.55,,75.55555555555556,nearest
Widar,132,widar_132,savgol_w7_p3+iqr+linear+z-score+decimate15,mlpmodel,ok,0.7806763285024155,0.7646464646464647,savgol_w7_p3,iqr,linear,z-score,decimate15,"{""calibrate"": {""method"": ""linear""}, ""denoise"": {""method"": ""savgol"", ""polyorder"": 3, ""window_length"": 7}, ""interpolate"": {""method"": ""decimate"", ""target_K"": 15}, ""normalize"": {""method"": ""z-score""}, ""outliers"": {""factor"": 1.5, ""method"": ""iqr""}}",/home/test/bupt_hjk/SDP/test_wider/result/full_tests_new/widar_132+savgol_w7_p3+iqr+linear+z-score+decimate15+mlpmodel,1206.71,,76.46464646464646,decimate
Widar,133,widar_133,savgol_w7_p3+iqr+linear+min-max+linear15,mlpmodel,ok,0.7236714975845411,0.7090909090909091,savgol_w7_p3,iqr,linear,min-max,linear15,"{""calibrate"": {""method"": ""linear""}, ""denoise"": {""method"": ""savgol"", ""polyorder"": 3, ""window_length"": 7}, ""interpolate"": {""method"": ""linear"", ""target_K"": 15}, ""normalize"": {""method"": ""min-max""}, ""outliers"": {""factor"": 1.5, ""method"": ""iqr""}}",/home/test/bupt_hjk/SDP/test_wider/result/full_tests_new/widar_133+savgol_w7_p3+iqr+linear+min-max+linear15+mlpmodel,1559.27,,70.9090909090909,linear
Widar,134,widar_134,savgol_w7_p3+iqr+linear+min-max+cubic15,mlpmodel,ok,0.7149758454106281,0.6898989898989899,savgol_w7_p3,iqr,linear,min-max,cubic15,"{""calibrate"": {""method"": ""linear""}, ""denoise"": {""method"": ""savgol"", ""polyorder"": 3, ""window_length"": 7}, ""interpolate"": {""method"": ""cubic"", ""target_K"": 15}, ""normalize"": {""method"": ""min-max""}, ""outliers"": {""factor"": 1.5, ""method"": ""iqr""}}",/home/test/bupt_hjk/SDP/test_wider/result/full_tests_new/widar_134+savgol_w7_p3+iqr+linear+min-max+cubic15+mlpmodel,2123.11,,68.98989898989899,cubic
Widar,135,widar_135,savgol_w7_p3+iqr+linear+min-max+nearest15,mlpmodel,ok,0.7111111111111111,0.695959595959596,savgol_w7_p3,iqr,linear,min-max,nearest15,"{""calibrate"": {""method"": ""linear""}, ""denoise"": {""method"": ""savgol"", ""polyorder"": 3, ""window_length"": 7}, ""interpolate"": {""method"": ""nearest"", ""target_K"": 15}, ""normalize"": {""method"": ""min-max""}, ""outliers"": {""factor"": 1.5, ""method"": ""iqr""}}",/home/test/bupt_hjk/SDP/test_wider/result/full_tests_new/widar_135+savgol_w7_p3+iqr+linear+min-max+nearest15+mlpmodel,1504.53,,69.5959595959596,nearest
Widar,136,widar_136,savgol_w7_p3+iqr+linear+min-max+decimate15,mlpmodel,ok,0.6946859903381644,0.6767676767676768,savgol_w7_p3,iqr,linear,min-max,decimate15,"{""calibrate"": {""method"": ""linear""}, ""denoise"": {""method"": ""savgol"", ""polyorder"": 3, ""window_length"": 7}, ""interpolate"": {""method"": ""decimate"", ""target_K"": 15}, ""normalize"": {""method"": ""min-max""}, ""outliers"": {""factor"": 1.5, ""method"": ""iqr""}}",/home/test/bupt_hjk/SDP/test_wider/result/full_tests_new/widar_136+savgol_w7_p3+iqr+linear+min-max+decimate15+mlpmodel,1213.62,,67.67676767676768,decimate
Widar,137,widar_137,savgol_w7_p3+iqr+polynomial_d3+z-score+linear15,mlpmodel,ok,0.7642512077294685,0.7505050505050505,savgol_w7_p3,iqr,polynomial_d3,z-score,linear15,"{""calibrate"": {""degree"": 3, ""method"": ""polynomial""}, ""denoise"": {""method"": ""savgol"", ""polyorder"": 3, ""window_length"": 7}, ""interpolate"": {""method"": ""linear"", ""target_K"": 15}, ""normalize"": {""method"": ""z-score""}, ""outliers"": {""factor"": 1.5, ""method"": ""iqr""}}",/home/test/bupt_hjk/SDP/test_wider/result/full_tests_new/widar_137+savgol_w7_p3+iqr+polynomial_d3+z-score+linear15+mlpmodel,1599.2,,75.05050505050505,linear
Widar,138,widar_138,savgol_w7_p3+iqr+polynomial_d3+z-score+cubic15,mlpmodel,ok,0.7710144927536231,0.7606060606060606,savgol_w7_p3,iqr,polynomial_d3,z-score,cubic15,"{""calibrate"": {""degree"": 3, ""method"": ""polynomial""}, ""denoise"": {""method"": ""savgol"", ""polyorder"": 3, ""window_length"": 7}, ""interpolate"": {""method"": ""cubic"", ""target_K"": 15}, ""normalize"": {""method"": ""z-score""}, ""outliers"": {""factor"": 1.5, ""method"": ""iqr""}}",/home/test/bupt_hjk/SDP/test_wider/result/full_tests_new/widar_138+savgol_w7_p3+iqr+polynomial_d3+z-score+cubic15+mlpmodel,2149.83,,76.06060606060606,cubic
Widar,139,widar_139,savgol_w7_p3+iqr+polynomial_d3+z-score+nearest15,mlpmodel,ok,0.7681159420289855,0.7424242424242424,savgol_w7_p3,iqr,polynomial_d3,z-score,nearest15,"{""calibrate"": {""degree"": 3, ""method"": ""polynomial""}, ""denoise"": {""method"": ""savgol"", ""polyorder"": 3, ""window_length"": 7}, ""interpolate"": {""method"": ""nearest"", ""target_K"": 15}, ""normalize"": {""method"": ""z-score""}, ""outliers"": {""factor"": 1.5, ""method"": ""iqr""}}",/home/test/bupt_hjk/SDP/test_wider/result/full_tests_new/widar_139+savgol_w7_p3+iqr+polynomial_d3+z-score+nearest15+mlpmodel,1486.65,,74.24242424242425,nearest
Widar,140,widar_140,savgol_w7_p3+iqr+polynomial_d3+z-score+decimate15,mlpmodel,ok,0.782608695652174,0.7545454545454545,savgol_w7_p3,iqr,polynomial_d3,z-score,decimate15,"{""calibrate"": {""degree"": 3, ""method"": ""polynomial""}, ""denoise"": {""method"": ""savgol"", ""polyorder"": 3, ""window_length"": 7}, ""interpolate"": {""method"": ""decimate"", ""target_K"": 15}, ""normalize"": {""method"": ""z-score""}, ""outliers"": {""factor"": 1.5, ""method"": ""iqr""}}",/home/test/bupt_hjk/SDP/test_wider/result/full_tests_new/widar_140+savgol_w7_p3+iqr+polynomial_d3+z-score+decimate15+mlpmodel,1186.88,,75.45454545454545,decimate
Widar,141,widar_141,savgol_w7_p3+iqr+polynomial_d3+min-max+linear15,mlpmodel,ok,0.7333333333333333,0.7080808080808081,savgol_w7_p3,iqr,polynomial_d3,min-max,linear15,"{""calibrate"": {""degree"": 3, ""method"": ""polynomial""}, ""denoise"": {""method"": ""savgol"", ""polyorder"": 3, ""window_length"": 7}, ""interpolate"": {""method"": ""linear"", ""target_K"": 15}, ""normalize"": {""method"": ""min-max""}, ""outliers"": {""factor"": 1.5, ""method"": ""iqr""}}",/home/test/bupt_hjk/SDP/test_wider/result/full_tests_new/widar_141+savgol_w7_p3+iqr+polynomial_d3+min-max+linear15+mlpmodel,1570.61,,70.8080808080808,linear
Widar,142,widar_142,savgol_w7_p3+iqr+polynomial_d3+min-max+cubic15,mlpmodel,ok,0.7246376811594203,0.7272727272727273,savgol_w7_p3,iqr,polynomial_d3,min-max,cubic15,"{""calibrate"": {""degree"": 3, ""method"": ""polynomial""}, ""denoise"": {""method"": ""savgol"", ""polyorder"": 3, ""window_length"": 7}, ""interpolate"": {""method"": ""cubic"", ""target_K"": 15}, ""normalize"": {""method"": ""min-max""}, ""outliers"": {""factor"": 1.5, ""method"": ""iqr""}}",/home/test/bupt_hjk/SDP/test_wider/result/full_tests_new/widar_142+savgol_w7_p3+iqr+polynomial_d3+min-max+cubic15+mlpmodel,2118.41,,72.72727272727273,cubic
Widar,143,widar_143,savgol_w7_p3+iqr+polynomial_d3+min-max+nearest15,mlpmodel,ok,0.7410628019323672,0.7161616161616161,savgol_w7_p3,iqr,polynomial_d3,min-max,nearest15,"{""calibrate"": {""degree"": 3, ""method"": ""polynomial""}, ""denoise"": {""method"": ""savgol"", ""polyorder"": 3, ""window_length"": 7}, ""interpolate"": {""method"": ""nearest"", ""target_K"": 15}, ""normalize"": {""method"": ""min-max""}, ""outliers"": {""factor"": 1.5, ""method"": ""iqr""}}",/home/test/bupt_hjk/SDP/test_wider/result/full_tests_new/widar_143+savgol_w7_p3+iqr+polynomial_d3+min-max+nearest15+mlpmodel,1483.56,,71.6161616161616,nearest
Widar,144,widar_144,savgol_w7_p3+iqr+polynomial_d3+min-max+decimate15,mlpmodel,ok,0.7207729468599033,0.696969696969697,savgol_w7_p3,iqr,polynomial_d3,min-max,decimate15,"{""calibrate"": {""degree"": 3, ""method"": ""polynomial""}, ""denoise"": {""method"": ""savgol"", ""polyorder"": 3, ""window_length"": 7}, ""interpolate"": {""method"": ""decimate"", ""target_K"": 15}, ""normalize"": {""method"": ""min-max""}, ""outliers"": {""factor"": 1.5, ""method"": ""iqr""}}",/home/test/bupt_hjk/SDP/test_wider/result/full_tests_new/widar_144+savgol_w7_p3+iqr+polynomial_d3+min-max+decimate15+mlpmodel,1185.88,,69.6969696969697,decimate
Widar,145,widar_145,savgol_w7_p3+iqr+stc+z-score+linear15,mlpmodel,ok,0.7777777777777777,0.7585858585858586,savgol_w7_p3,iqr,stc,z-score,linear15,"{""calibrate"": {""method"": ""stc""}, ""denoise"": {""method"": ""savgol"", ""polyorder"": 3, ""window_length"": 7}, ""interpolate"": {""method"": ""linear"", ""target_K"": 15}, ""normalize"": {""method"": ""z-score""}, ""outliers"": {""factor"": 1.5, ""method"": ""iqr""}}",/home/test/bupt_hjk/SDP/test_wider/result/full_tests_new/widar_145+savgol_w7_p3+iqr+stc+z-score+linear15+mlpmodel,1569.05,,75.85858585858585,linear
Widar,146,widar_146,savgol_w7_p3+iqr+stc+z-score+cubic15,mlpmodel,ok,0.7671497584541064,0.7535353535353535,savgol_w7_p3,iqr,stc,z-score,cubic15,"{""calibrate"": {""method"": ""stc""}, ""denoise"": {""method"": ""savgol"", ""polyorder"": 3, ""window_length"": 7}, ""interpolate"": {""method"": ""cubic"", ""target_K"": 15}, ""normalize"": {""method"": ""z-score""}, ""outliers"": {""factor"": 1.5, ""method"": ""iqr""}}",/home/test/bupt_hjk/SDP/test_wider/result/full_tests_new/widar_146+savgol_w7_p3+iqr+stc+z-score+cubic15+mlpmodel,2119.1,,75.35353535353535,cubic
Widar,147,widar_147,savgol_w7_p3+iqr+stc+z-score+nearest15,mlpmodel,ok,0.7632850241545894,0.7424242424242424,savgol_w7_p3,iqr,stc,z-score,nearest15,"{""calibrate"": {""method"": ""stc""}, ""denoise"": {""method"": ""savgol"", ""polyorder"": 3, ""window_length"": 7}, ""interpolate"": {""method"": ""nearest"", ""target_K"": 15}, ""normalize"": {""method"": ""z-score""}, ""outliers"": {""factor"": 1.5, ""method"": ""iqr""}}",/home/test/bupt_hjk/SDP/test_wider/result/full_tests_new/widar_147+savgol_w7_p3+iqr+stc+z-score+nearest15+mlpmodel,1483.91,,74.24242424242425,nearest
Widar,148,widar_148,savgol_w7_p3+iqr+stc+z-score+decimate15,mlpmodel,ok,0.7594202898550725,0.7525252525252525,savgol_w7_p3,iqr,stc,z-score,decimate15,"{""calibrate"": {""method"": ""stc""}, ""denoise"": {""method"": ""savgol"", ""polyorder"": 3, ""window_length"": 7}, ""interpolate"": {""method"": ""decimate"", ""target_K"": 15}, ""normalize"": {""method"": ""z-score""}, ""outliers"": {""factor"": 1.5, ""method"": ""iqr""}}",/home/test/bupt_hjk/SDP/test_wider/result/full_tests_new/widar_148+savgol_w7_p3+iqr+stc+z-score+decimate15+mlpmodel,1186.09,,75.25252525252525,decimate
Widar,149,widar_149,savgol_w7_p3+iqr+stc+min-max+linear15,mlpmodel,ok,0.697584541062802,0.6898989898989899,savgol_w7_p3,iqr,stc,min-max,linear15,"{""calibrate"": {""method"": ""stc""}, ""denoise"": {""method"": ""savgol"", ""polyorder"": 3, ""window_length"": 7}, ""interpolate"": {""method"": ""linear"", ""target_K"": 15}, ""normalize"": {""method"": ""min-max""}, ""outliers"": {""factor"": 1.5, ""method"": ""iqr""}}",/home/test/bupt_hjk/SDP/test_wider/result/full_tests_new/widar_149+savgol_w7_p3+iqr+stc+min-max+linear15+mlpmodel,1570.33,,68.98989898989899,linear
Widar,150,widar_150,savgol_w7_p3+iqr+stc+min-max+cubic15,mlpmodel,ok,0.706280193236715,0.6828282828282828,savgol_w7_p3,iqr,stc,min-max,cubic15,"{""calibrate"": {""method"": ""stc""}, ""denoise"": {""method"": ""savgol"", ""polyorder"": 3, ""window_length"": 7}, ""interpolate"": {""method"": ""cubic"", ""target_K"": 15}, ""normalize"": {""method"": ""min-max""}, ""outliers"": {""factor"": 1.5, ""method"": ""iqr""}}",/home/test/bupt_hjk/SDP/test_wider/result/full_tests_new/widar_150+savgol_w7_p3+iqr+stc+min-max+cubic15+mlpmodel,2119.18,,68.28282828282828,cubic
Widar,151,widar_151,savgol_w7_p3+iqr+stc+min-max+nearest15,mlpmodel,ok,0.7101449275362319,0.704040404040404,savgol_w7_p3,iqr,stc,min-max,nearest15,"{""calibrate"": {""method"": ""stc""}, ""denoise"": {""method"": ""savgol"", ""polyorder"": 3, ""window_length"": 7}, ""interpolate"": {""method"": ""nearest"", ""target_K"": 15}, ""normalize"": {""method"": ""min-max""}, ""outliers"": {""factor"": 1.5, ""method"": ""iqr""}}",/home/test/bupt_hjk/SDP/test_wider/result/full_tests_new/widar_151+savgol_w7_p3+iqr+stc+min-max+nearest15+mlpmodel,1484.13,,70.4040404040404,nearest
Widar,152,widar_152,savgol_w7_p3+iqr+stc+min-max+decimate15,mlpmodel,ok,0.7120772946859902,0.695959595959596,savgol_w7_p3,iqr,stc,min-max,decimate15,"{""calibrate"": {""method"": ""stc""}, ""denoise"": {""method"": ""savgol"", ""polyorder"": 3, ""window_length"": 7}, ""interpolate"": {""method"": ""decimate"", ""target_K"": 15}, ""normalize"": {""method"": ""min-max""}, ""outliers"": {""factor"": 1.5, ""method"": ""iqr""}}",/home/test/bupt_hjk/SDP/test_wider/result/full_tests_new/widar_152+savgol_w7_p3+iqr+stc+min-max+decimate15+mlpmodel,1190.97,,69.5959595959596,decimate
Widar,153,widar_153,savgol_w7_p3+iqr+robust+z-score+linear15,mlpmodel,ok,0.6347826086956522,0.6191919191919192,savgol_w7_p3,iqr,robust,z-score,linear15,"{""calibrate"": {""method"": ""robust""}, ""denoise"": {""method"": ""savgol"", ""polyorder"": 3, ""window_length"": 7}, ""interpolate"": {""method"": ""linear"", ""target_K"": 15}, ""normalize"": {""method"": ""z-score""}, ""outliers"": {""factor"": 1.5, ""method"": ""iqr""}}",/home/test/bupt_hjk/SDP/test_wider/result/full_tests_new/widar_153+savgol_w7_p3+iqr+robust+z-score+linear15+mlpmodel,1574.7,,61.91919191919192,linear
Widar,154,widar_154,savgol_w7_p3+iqr+robust+z-score+cubic15,mlpmodel,ok,0.6231884057971014,0.6181818181818182,savgol_w7_p3,iqr,robust,z-score,cubic15,"{""calibrate"": {""method"": ""robust""}, ""denoise"": {""method"": ""savgol"", ""polyorder"": 3, ""window_length"": 7}, ""interpolate"": {""method"": ""cubic"", ""target_K"": 15}, ""normalize"": {""method"": ""z-score""}, ""outliers"": {""factor"": 1.5, ""method"": ""iqr""}}",/home/test/bupt_hjk/SDP/test_wider/result/full_tests_new/widar_154+savgol_w7_p3+iqr+robust+z-score+cubic15+mlpmodel,2123.36,,61.81818181818181,cubic
Widar,155,widar_155,savgol_w7_p3+iqr+robust+z-score+nearest15,mlpmodel,ok,0.6202898550724637,0.6343434343434343,savgol_w7_p3,iqr,robust,z-score,nearest15,"{""calibrate"": {""method"": ""robust""}, ""denoise"": {""method"": ""savgol"", ""polyorder"": 3, ""window_length"": 7}, ""interpolate"": {""method"": ""nearest"", ""target_K"": 15}, ""normalize"": {""method"": ""z-score""}, ""outliers"": {""factor"": 1.5, ""method"": ""iqr""}}",/home/test/bupt_hjk/SDP/test_wider/result/full_tests_new/widar_155+savgol_w7_p3+iqr+robust+z-score+nearest15+mlpmodel,1485.05,,63.43434343434343,nearest
Widar,156,widar_156,savgol_w7_p3+iqr+robust+z-score+decimate15,mlpmodel,ok,0.6512077294685991,0.6444444444444445,savgol_w7_p3,iqr,robust,z-score,decimate15,"{""calibrate"": {""method"": ""robust""}, ""denoise"": {""method"": ""savgol"", ""polyorder"": 3, ""window_length"": 7}, ""interpolate"": {""method"": ""decimate"", ""target_K"": 15}, ""normalize"": {""method"": ""z-score""}, ""outliers"": {""factor"": 1.5, ""method"": ""iqr""}}",/home/test/bupt_hjk/SDP/test_wider/result/full_tests_new/widar_156+savgol_w7_p3+iqr+robust+z-score+decimate15+mlpmodel,1187.27,,64.44444444444444,decimate
Widar,157,widar_157,savgol_w7_p3+iqr+robust+min-max+linear15,mlpmodel,ok,0.5632850241545894,0.5414141414141415,savgol_w7_p3,iqr,robust,min-max,linear15,"{""calibrate"": {""method"": ""robust""}, ""denoise"": {""method"": ""savgol"", ""polyorder"": 3, ""window_length"": 7}, ""interpolate"": {""method"": ""linear"", ""target_K"": 15}, ""normalize"": {""method"": ""min-max""}, ""outliers"": {""factor"": 1.5, ""method"": ""iqr""}}",/home/test/bupt_hjk/SDP/test_wider/result/full_tests_new/widar_157+savgol_w7_p3+iqr+robust+min-max+linear15+mlpmodel,1567.62,,54.141414141414145,linear
Widar,158,widar_158,savgol_w7_p3+iqr+robust+min-max+cubic15,mlpmodel,ok,0.5719806763285024,0.5292929292929293,savgol_w7_p3,iqr,robust,min-max,cubic15,"{""calibrate"": {""method"": ""robust""}, ""denoise"": {""method"": ""savgol"", ""polyorder"": 3, ""window_length"": 7}, ""interpolate"": {""method"": ""cubic"", ""target_K"": 15}, ""normalize"": {""method"": ""min-max""}, ""outliers"": {""factor"": 1.5, ""method"": ""iqr""}}",/home/test/bupt_hjk/SDP/test_wider/result/full_tests_new/widar_158+savgol_w7_p3+iqr+robust+min-max+cubic15+mlpmodel,2122.12,,52.92929292929293,cubic
Widar,159,widar_159,savgol_w7_p3+iqr+robust+min-max+nearest15,mlpmodel,ok,0.5710144927536231,0.5484848484848485,savgol_w7_p3,iqr,robust,min-max,nearest15,"{""calibrate"": {""method"": ""robust""}, ""denoise"": {""method"": ""savgol"", ""polyorder"": 3, ""window_length"": 7}, ""interpolate"": {""method"": ""nearest"", ""target_K"": 15}, ""normalize"": {""method"": ""min-max""}, ""outliers"": {""factor"": 1.5, ""method"": ""iqr""}}",/home/test/bupt_hjk/SDP/test_wider/result/full_tests_new/widar_159+savgol_w7_p3+iqr+robust+min-max+nearest15+mlpmodel,1490.17,,54.848484848484844,nearest
Widar,160,widar_160,savgol_w7_p3+iqr+robust+min-max+decimate15,mlpmodel,ok,0.5652173913043478,0.5444444444444444,savgol_w7_p3,iqr,robust,min-max,decimate15,"{""calibrate"": {""method"": ""robust""}, ""denoise"": {""method"": ""savgol"", ""polyorder"": 3, ""window_length"": 7}, ""interpolate"": {""method"": ""decimate"", ""target_K"": 15}, ""normalize"": {""method"": ""min-max""}, ""outliers"": {""factor"": 1.5, ""method"": ""iqr""}}",/home/test/bupt_hjk/SDP/test_wider/result/full_tests_new/widar_160+savgol_w7_p3+iqr+robust+min-max+decimate15+mlpmodel,1189.99,,54.44444444444444,decimate
Widar,161,widar_161,savgol_w7_p3+outlier_z-score+linear+z-score+linear15,mlpmodel,ok,0.7545893719806763,0.7515151515151515,savgol_w7_p3,outlier_z-score,linear,z-score,linear15,"{""calibrate"": {""method"": ""linear""}, ""denoise"": {""method"": ""savgol"", ""polyorder"": 3, ""window_length"": 7}, ""interpolate"": {""method"": ""linear"", ""target_K"": 15}, ""normalize"": {""method"": ""z-score""}, ""outliers"": {""factor"": 3.0, ""method"": ""z-score""}}",/home/test/bupt_hjk/SDP/test_wider/result/full_tests_new/widar_161+savgol_w7_p3+outlier_z-score+linear+z-score+linear15+mlpmodel,1554.65,,75.15151515151514,linear
Widar,162,widar_162,savgol_w7_p3+outlier_z-score+linear+z-score+cubic15,mlpmodel,ok,0.7642512077294685,0.7585858585858586,savgol_w7_p3,outlier_z-score,linear,z-score,cubic15,"{""calibrate"": {""method"": ""linear""}, ""denoise"": {""method"": ""savgol"", ""polyorder"": 3, ""window_length"": 7}, ""interpolate"": {""method"": ""cubic"", ""target_K"": 15}, ""normalize"": {""method"": ""z-score""}, ""outliers"": {""factor"": 3.0, ""method"": ""z-score""}}",/home/test/bupt_hjk/SDP/test_wider/result/full_tests_new/widar_162+savgol_w7_p3+outlier_z-score+linear+z-score+cubic15+mlpmodel,2114.54,,75.85858585858585,cubic
Widar,163,widar_163,savgol_w7_p3+outlier_z-score+linear+z-score+nearest15,mlpmodel,ok,0.7942028985507247,0.7666666666666667,savgol_w7_p3,outlier_z-score,linear,z-score,nearest15,"{""calibrate"": {""method"": ""linear""}, ""denoise"": {""method"": ""savgol"", ""polyorder"": 3, ""window_length"": 7}, ""interpolate"": {""method"": ""nearest"", ""target_K"": 15}, ""normalize"": {""method"": ""z-score""}, ""outliers"": {""factor"": 3.0, ""method"": ""z-score""}}",/home/test/bupt_hjk/SDP/test_wider/result/full_tests_new/widar_163+savgol_w7_p3+outlier_z-score+linear+z-score+nearest15+mlpmodel,1508.42,,76.66666666666667,nearest
Widar,164,widar_164,savgol_w7_p3+outlier_z-score+linear+z-score+decimate15,mlpmodel,ok,0.7884057971014492,0.7616161616161616,savgol_w7_p3,outlier_z-score,linear,z-score,decimate15,"{""calibrate"": {""method"": ""linear""}, ""denoise"": {""method"": ""savgol"", ""polyorder"": 3, ""window_length"": 7}, ""interpolate"": {""method"": ""decimate"", ""target_K"": 15}, ""normalize"": {""method"": ""z-score""}, ""outliers"": {""factor"": 3.0, ""method"": ""z-score""}}",/home/test/bupt_hjk/SDP/test_wider/result/full_tests_new/widar_164+savgol_w7_p3+outlier_z-score+linear+z-score+decimate15+mlpmodel,1213.26,,76.16161616161617,decimate
Widar,165,widar_165,savgol_w7_p3+outlier_z-score+linear+min-max+linear15,mlpmodel,ok,0.7468599033816424,0.7414141414141414,savgol_w7_p3,outlier_z-score,linear,min-max,linear15,"{""calibrate"": {""method"": ""linear""}, ""denoise"": {""method"": ""savgol"", ""polyorder"": 3, ""window_length"": 7}, ""interpolate"": {""method"": ""linear"", ""target_K"": 15}, ""normalize"": {""method"": ""min-max""}, ""outliers"": {""factor"": 3.0, ""method"": ""z-score""}}",/home/test/bupt_hjk/SDP/test_wider/result/full_tests_new/widar_165+savgol_w7_p3+outlier_z-score+linear+min-max+linear15+mlpmodel,1573.51,,74.14141414141415,linear
Widar,166,widar_166,savgol_w7_p3+outlier_z-score+linear+min-max+cubic15,mlpmodel,ok,0.7294685990338163,0.7191919191919192,savgol_w7_p3,outlier_z-score,linear,min-max,cubic15,"{""calibrate"": {""method"": ""linear""}, ""denoise"": {""method"": ""savgol"", ""polyorder"": 3, ""window_length"": 7}, ""interpolate"": {""method"": ""cubic"", ""target_K"": 15}, ""normalize"": {""method"": ""min-max""}, ""outliers"": {""factor"": 3.0, ""method"": ""z-score""}}",/home/test/bupt_hjk/SDP/test_wider/result/full_tests_new/widar_166+savgol_w7_p3+outlier_z-score+linear+min-max+cubic15+mlpmodel,2157.42,,71.91919191919192,cubic
Widar,167,widar_167,savgol_w7_p3+outlier_z-score+linear+min-max+nearest15,mlpmodel,ok,0.7207729468599033,0.697979797979798,savgol_w7_p3,outlier_z-score,linear,min-max,nearest15,"{""calibrate"": {""method"": ""linear""}, ""denoise"": {""method"": ""savgol"", ""polyorder"": 3, ""window_length"": 7}, ""interpolate"": {""method"": ""nearest"", ""target_K"": 15}, ""normalize"": {""method"": ""min-max""}, ""outliers"": {""factor"": 3.0, ""method"": ""z-score""}}",/home/test/bupt_hjk/SDP/test_wider/result/full_tests_new/widar_167+savgol_w7_p3+outlier_z-score+linear+min-max+nearest15+mlpmodel,1509.52,,69.7979797979798,nearest
Widar,168,widar_168,savgol_w7_p3+outlier_z-score+linear+min-max+decimate15,mlpmodel,ok,0.7362318840579709,0.7232323232323232,savgol_w7_p3,outlier_z-score,linear,min-max,decimate15,"{""calibrate"": {""method"": ""linear""}, ""denoise"": {""method"": ""savgol"", ""polyorder"": 3, ""window_length"": 7}, ""interpolate"": {""method"": ""decimate"", ""target_K"": 15}, ""normalize"": {""method"": ""min-max""}, ""outliers"": {""factor"": 3.0, ""method"": ""z-score""}}",/home/test/bupt_hjk/SDP/test_wider/result/full_tests_new/widar_168+savgol_w7_p3+outlier_z-score+linear+min-max+decimate15+mlpmodel,1216.52,,72.32323232323232,decimate
Widar,169,widar_169,savgol_w7_p3+outlier_z-score+polynomial_d3+z-score+linear15,mlpmodel,ok,0.7681159420289855,0.7494949494949495,savgol_w7_p3,outlier_z-score,polynomial_d3,z-score,linear15,"{""calibrate"": {""degree"": 3, ""method"": ""polynomial""}, ""denoise"": {""method"": ""savgol"", ""polyorder"": 3, ""window_length"": 7}, ""interpolate"": {""method"": ""linear"", ""target_K"": 15}, ""normalize"": {""method"": ""z-score""}, ""outliers"": {""factor"": 3.0, ""method"": ""z-score""}}",/home/test/bupt_hjk/SDP/test_wider/result/full_tests_new/widar_169+savgol_w7_p3+outlier_z-score+polynomial_d3+z-score+linear15+mlpmodel,1560.86,,74.94949494949495,linear
Widar,170,widar_170,savgol_w7_p3+outlier_z-score+polynomial_d3+z-score+cubic15,mlpmodel,ok,0.7719806763285024,0.7444444444444445,savgol_w7_p3,outlier_z-score,polynomial_d3,z-score,cubic15,"{""calibrate"": {""degree"": 3, ""method"": ""polynomial""}, ""denoise"": {""method"": ""savgol"", ""polyorder"": 3, ""window_length"": 7}, ""interpolate"": {""method"": ""cubic"", ""target_K"": 15}, ""normalize"": {""method"": ""z-score""}, ""outliers"": {""factor"": 3.0, ""method"": ""z-score""}}",/home/test/bupt_hjk/SDP/test_wider/result/full_tests_new/widar_170+savgol_w7_p3+outlier_z-score+polynomial_d3+z-score+cubic15+mlpmodel,2136.23,,74.44444444444444,cubic
Widar,171,widar_171,savgol_w7_p3+outlier_z-score+polynomial_d3+z-score+nearest15,mlpmodel,ok,0.7797101449275362,0.7404040404040404,savgol_w7_p3,outlier_z-score,polynomial_d3,z-score,nearest15,"{""calibrate"": {""degree"": 3, ""method"": ""polynomial""}, ""denoise"": {""method"": ""savgol"", ""polyorder"": 3, ""window_length"": 7}, ""interpolate"": {""method"": ""nearest"", ""target_K"": 15}, ""normalize"": {""method"": ""z-score""}, ""outliers"": {""factor"": 3.0, ""method"": ""z-score""}}",/home/test/bupt_hjk/SDP/test_wider/result/full_tests_new/widar_171+savgol_w7_p3+outlier_z-score+polynomial_d3+z-score+nearest15+mlpmodel,1486.33,,74.04040404040404,nearest
Widar,172,widar_172,savgol_w7_p3+outlier_z-score+polynomial_d3+z-score+decimate15,mlpmodel,ok,0.7652173913043478,0.7323232323232324,savgol_w7_p3,outlier_z-score,polynomial_d3,z-score,decimate15,"{""calibrate"": {""degree"": 3, ""method"": ""polynomial""}, ""denoise"": {""method"": ""savgol"", ""polyorder"": 3, ""window_length"": 7}, ""interpolate"": {""method"": ""decimate"", ""target_K"": 15}, ""normalize"": {""method"": ""z-score""}, ""outliers"": {""factor"": 3.0, ""method"": ""z-score""}}",/home/test/bupt_hjk/SDP/test_wider/result/full_tests_new/widar_172+savgol_w7_p3+outlier_z-score+polynomial_d3+z-score+decimate15+mlpmodel,1193.34,,73.23232323232324,decimate
Widar,173,widar_173,savgol_w7_p3+outlier_z-score+polynomial_d3+min-max+linear15,mlpmodel,ok,0.7149758454106281,0.6858585858585858,savgol_w7_p3,outlier_z-score,polynomial_d3,min-max,linear15,"{""calibrate"": {""degree"": 3, ""method"": ""polynomial""}, ""denoise"": {""method"": ""savgol"", ""polyorder"": 3, ""window_length"": 7}, ""interpolate"": {""method"": ""linear"", ""target_K"": 15}, ""normalize"": {""method"": ""min-max""}, ""outliers"": {""factor"": 3.0, ""method"": ""z-score""}}",/home/test/bupt_hjk/SDP/test_wider/result/full_tests_new/widar_173+savgol_w7_p3+outlier_z-score+polynomial_d3+min-max+linear15+mlpmodel,1572.95,,68.58585858585859,linear
Widar,174,widar_174,savgol_w7_p3+outlier_z-score+polynomial_d3+min-max+cubic15,mlpmodel,ok,0.7120772946859902,0.701010101010101,savgol_w7_p3,outlier_z-score,polynomial_d3,min-max,cubic15,"{""calibrate"": {""degree"": 3, ""method"": ""polynomial""}, ""denoise"": {""method"": ""savgol"", ""polyorder"": 3, ""window_length"": 7}, ""interpolate"": {""method"": ""cubic"", ""target_K"": 15}, ""normalize"": {""method"": ""min-max""}, ""outliers"": {""factor"": 3.0, ""method"": ""z-score""}}",/home/test/bupt_hjk/SDP/test_wider/result/full_tests_new/widar_174+savgol_w7_p3+outlier_z-score+polynomial_d3+min-max+cubic15+mlpmodel,2127.98,,70.1010101010101,cubic
Widar,175,widar_175,savgol_w7_p3+outlier_z-score+polynomial_d3+min-max+nearest15,mlpmodel,ok,0.7256038647342996,0.6919191919191919,savgol_w7_p3,outlier_z-score,polynomial_d3,min-max,nearest15,"{""calibrate"": {""degree"": 3, ""method"": ""polynomial""}, ""denoise"": {""method"": ""savgol"", ""polyorder"": 3, ""window_length"": 7}, ""interpolate"": {""method"": ""nearest"", ""target_K"": 15}, ""normalize"": {""method"": ""min-max""}, ""outliers"": {""factor"": 3.0, ""method"": ""z-score""}}",/home/test/bupt_hjk/SDP/test_wider/result/full_tests_new/widar_175+savgol_w7_p3+outlier_z-score+polynomial_d3+min-max+nearest15+mlpmodel,1489.52,,69.1919191919192,nearest
Widar,176,widar_176,savgol_w7_p3+outlier_z-score+polynomial_d3+min-max+decimate15,mlpmodel,ok,0.7227053140096618,0.6878787878787879,savgol_w7_p3,outlier_z-score,polynomial_d3,min-max,decimate15,"{""calibrate"": {""degree"": 3, ""method"": ""polynomial""}, ""denoise"": {""method"": ""savgol"", ""polyorder"": 3, ""window_length"": 7}, ""interpolate"": {""method"": ""decimate"", ""target_K"": 15}, ""normalize"": {""method"": ""min-max""}, ""outliers"": {""factor"": 3.0, ""method"": ""z-score""}}",/home/test/bupt_hjk/SDP/test_wider/result/full_tests_new/widar_176+savgol_w7_p3+outlier_z-score+polynomial_d3+min-max+decimate15+mlpmodel,1187.78,,68.78787878787878,decimate
Widar,177,widar_177,savgol_w7_p3+outlier_z-score+stc+z-score+linear15,mlpmodel,ok,0.7545893719806763,0.7444444444444445,savgol_w7_p3,outlier_z-score,stc,z-score,linear15,"{""calibrate"": {""method"": ""stc""}, ""denoise"": {""method"": ""savgol"", ""polyorder"": 3, ""window_length"": 7}, ""interpolate"": {""method"": ""linear"", ""target_K"": 15}, ""normalize"": {""method"": ""z-score""}, ""outliers"": {""factor"": 3.0, ""method"": ""z-score""}}",/home/test/bupt_hjk/SDP/test_wider/result/full_tests_new/widar_177+savgol_w7_p3+outlier_z-score+stc+z-score+linear15+mlpmodel,1566.73,,74.44444444444444,linear
Widar,178,widar_178,savgol_w7_p3+outlier_z-score+stc+z-score+cubic15,mlpmodel,ok,0.748792270531401,0.7343434343434343,savgol_w7_p3,outlier_z-score,stc,z-score,cubic15,"{""calibrate"": {""method"": ""stc""}, ""denoise"": {""method"": ""savgol"", ""polyorder"": 3, ""window_length"": 7}, ""interpolate"": {""method"": ""cubic"", ""target_K"": 15}, ""normalize"": {""method"": ""z-score""}, ""outliers"": {""factor"": 3.0, ""method"": ""z-score""}}",/home/test/bupt_hjk/SDP/test_wider/result/full_tests_new/widar_178+savgol_w7_p3+outlier_z-score+stc+z-score+cubic15+mlpmodel,2115.19,,73.43434343434343,cubic
Widar,179,widar_179,savgol_w7_p3+outlier_z-score+stc+z-score+nearest15,mlpmodel,ok,0.7661835748792271,0.7505050505050505,savgol_w7_p3,outlier_z-score,stc,z-score,nearest15,"{""calibrate"": {""method"": ""stc""}, ""denoise"": {""method"": ""savgol"", ""polyorder"": 3, ""window_length"": 7}, ""interpolate"": {""method"": ""nearest"", ""target_K"": 15}, ""normalize"": {""method"": ""z-score""}, ""outliers"": {""factor"": 3.0, ""method"": ""z-score""}}",/home/test/bupt_hjk/SDP/test_wider/result/full_tests_new/widar_179+savgol_w7_p3+outlier_z-score+stc+z-score+nearest15+mlpmodel,1484.51,,75.05050505050505,nearest
Widar,180,widar_180,savgol_w7_p3+outlier_z-score+stc+z-score+decimate15,mlpmodel,ok,0.7526570048309179,0.7525252525252525,savgol_w7_p3,outlier_z-score,stc,z-score,decimate15,"{""calibrate"": {""method"": ""stc""}, ""denoise"": {""method"": ""savgol"", ""polyorder"": 3, ""window_length"": 7}, ""interpolate"": {""method"": ""decimate"", ""target_K"": 15}, ""normalize"": {""method"": ""z-score""}, ""outliers"": {""factor"": 3.0, ""method"": ""z-score""}}",/home/test/bupt_hjk/SDP/test_wider/result/full_tests_new/widar_180+savgol_w7_p3+outlier_z-score+stc+z-score+decimate15+mlpmodel,1201.56,,75.25252525252525,decimate
Widar,181,widar_181,savgol_w7_p3+outlier_z-score+stc+min-max+linear15,mlpmodel,ok,0.7314009661835749,0.7101010101010101,savgol_w7_p3,outlier_z-score,stc,min-max,linear15,"{""calibrate"": {""method"": ""stc""}, ""denoise"": {""method"": ""savgol"", ""polyorder"": 3, ""window_length"": 7}, ""interpolate"": {""method"": ""linear"", ""target_K"": 15}, ""normalize"": {""method"": ""min-max""}, ""outliers"": {""factor"": 3.0, ""method"": ""z-score""}}",/home/test/bupt_hjk/SDP/test_wider/result/full_tests_new/widar_181+savgol_w7_p3+outlier_z-score+stc+min-max+linear15+mlpmodel,1580.66,,71.01010101010101,linear
Widar,182,widar_182,savgol_w7_p3+outlier_z-score+stc+min-max+cubic15,mlpmodel,ok,0.7285024154589372,0.7171717171717171,savgol_w7_p3,outlier_z-score,stc,min-max,cubic15,"{""calibrate"": {""method"": ""stc""}, ""denoise"": {""method"": ""savgol"", ""polyorder"": 3, ""window_length"": 7}, ""interpolate"": {""method"": ""cubic"", ""target_K"": 15}, ""normalize"": {""method"": ""min-max""}, ""outliers"": {""factor"": 3.0, ""method"": ""z-score""}}",/home/test/bupt_hjk/SDP/test_wider/result/full_tests_new/widar_182+savgol_w7_p3+outlier_z-score+stc+min-max+cubic15+mlpmodel,2131.53,,71.71717171717171,cubic
Widar,183,widar_183,savgol_w7_p3+outlier_z-score+stc+min-max+nearest15,mlpmodel,ok,0.7429951690821257,0.7282828282828283,savgol_w7_p3,outlier_z-score,stc,min-max,nearest15,"{""calibrate"": {""method"": ""stc""}, ""denoise"": {""method"": ""savgol"", ""polyorder"": 3, ""window_length"": 7}, ""interpolate"": {""method"": ""nearest"", ""target_K"": 15}, ""normalize"": {""method"": ""min-max""}, ""outliers"": {""factor"": 3.0, ""method"": ""z-score""}}",/home/test/bupt_hjk/SDP/test_wider/result/full_tests_new/widar_183+savgol_w7_p3+outlier_z-score+stc+min-max+nearest15+mlpmodel,1486.8,,72.82828282828284,nearest
Widar,184,widar_184,savgol_w7_p3+outlier_z-score+stc+min-max+decimate15,mlpmodel,ok,0.7120772946859902,0.7151515151515152,savgol_w7_p3,outlier_z-score,stc,min-max,decimate15,"{""calibrate"": {""method"": ""stc""}, ""denoise"": {""method"": ""savgol"", ""polyorder"": 3, ""window_length"": 7}, ""interpolate"": {""method"": ""decimate"", ""target_K"": 15}, ""normalize"": {""method"": ""min-max""}, ""outliers"": {""factor"": 3.0, ""method"": ""z-score""}}",/home/test/bupt_hjk/SDP/test_wider/result/full_tests_new/widar_184+savgol_w7_p3+outlier_z-score+stc+min-max+decimate15+mlpmodel,1206.97,,71.51515151515152,decimate
Widar,185,widar_185,savgol_w7_p3+outlier_z-score+robust+z-score+linear15,mlpmodel,ok,0.6183574879227053,0.591919191919192,savgol_w7_p3,outlier_z-score,robust,z-score,linear15,"{""calibrate"": {""method"": ""robust""}, ""denoise"": {""method"": ""savgol"", ""polyorder"": 3, ""window_length"": 7}, ""interpolate"": {""method"": ""linear"", ""target_K"": 15}, ""normalize"": {""method"": ""z-score""}, ""outliers"": {""factor"": 3.0, ""method"": ""z-score""}}",/home/test/bupt_hjk/SDP/test_wider/result/full_tests_new/widar_185+savgol_w7_p3+outlier_z-score+robust+z-score+linear15+mlpmodel,1568.93,,59.1919191919192,linear
Widar,186,widar_186,savgol_w7_p3+outlier_z-score+robust+z-score+cubic15,mlpmodel,ok,0.6193236714975846,0.5878787878787879,savgol_w7_p3,outlier_z-score,robust,z-score,cubic15,"{""calibrate"": {""method"": ""robust""}, ""denoise"": {""method"": ""savgol"", ""polyorder"": 3, ""window_length"": 7}, ""interpolate"": {""method"": ""cubic"", ""target_K"": 15}, ""normalize"": {""method"": ""z-score""}, ""outliers"": {""factor"": 3.0, ""method"": ""z-score""}}",/home/test/bupt_hjk/SDP/test_wider/result/full_tests_new/widar_186+savgol_w7_p3+outlier_z-score+robust+z-score+cubic15+mlpmodel,2129.64,,58.78787878787879,cubic
Widar,187,widar_187,savgol_w7_p3+outlier_z-score+robust+z-score+nearest15,mlpmodel,ok,0.6260869565217392,0.6303030303030303,savgol_w7_p3,outlier_z-score,robust,z-score,nearest15,"{""calibrate"": {""method"": ""robust""}, ""denoise"": {""method"": ""savgol"", ""polyorder"": 3, ""window_length"": 7}, ""interpolate"": {""method"": ""nearest"", ""target_K"": 15}, ""normalize"": {""method"": ""z-score""}, ""outliers"": {""factor"": 3.0, ""method"": ""z-score""}}",/home/test/bupt_hjk/SDP/test_wider/result/full_tests_new/widar_187+savgol_w7_p3+outlier_z-score+robust+z-score+nearest15+mlpmodel,1487.96,,63.030303030303024,nearest
Widar,188,widar_188,savgol_w7_p3+outlier_z-score+robust+z-score+decimate15,mlpmodel,ok,0.6570048309178743,0.6393939393939394,savgol_w7_p3,outlier_z-score,robust,z-score,decimate15,"{""calibrate"": {""method"": ""robust""}, ""denoise"": {""method"": ""savgol"", ""polyorder"": 3, ""window_length"": 7}, ""interpolate"": {""method"": ""decimate"", ""target_K"": 15}, ""normalize"": {""method"": ""z-score""}, ""outliers"": {""factor"": 3.0, ""method"": ""z-score""}}",/home/test/bupt_hjk/SDP/test_wider/result/full_tests_new/widar_188+savgol_w7_p3+outlier_z-score+robust+z-score+decimate15+mlpmodel,1198.67,,63.93939393939394,decimate
Widar,189,widar_189,savgol_w7_p3+outlier_z-score+robust+min-max+linear15,mlpmodel,ok,0.5652173913043478,0.5222222222222223,savgol_w7_p3,outlier_z-score,robust,min-max,linear15,"{""calibrate"": {""method"": ""robust""}, ""denoise"": {""method"": ""savgol"", ""polyorder"": 3, ""window_length"": 7}, ""interpolate"": {""method"": ""linear"", ""target_K"": 15}, ""normalize"": {""method"": ""min-max""}, ""outliers"": {""factor"": 3.0, ""method"": ""z-score""}}",/home/test/bupt_hjk/SDP/test_wider/result/full_tests_new/widar_189+savgol_w7_p3+outlier_z-score+robust+min-max+linear15+mlpmodel,1575.87,,52.22222222222223,linear
Widar,190,widar_190,savgol_w7_p3+outlier_z-score+robust+min-max+cubic15,mlpmodel,ok,0.5690821256038647,0.5494949494949495,savgol_w7_p3,outlier_z-score,robust,min-max,cubic15,"{""calibrate"": {""method"": ""robust""}, ""denoise"": {""method"": ""savgol"", ""polyorder"": 3, ""window_length"": 7}, ""interpolate"": {""method"": ""cubic"", ""target_K"": 15}, ""normalize"": {""method"": ""min-max""}, ""outliers"": {""factor"": 3.0, ""method"": ""z-score""}}",/home/test/bupt_hjk/SDP/test_wider/result/full_tests_new/widar_190+savgol_w7_p3+outlier_z-score+robust+min-max+cubic15+mlpmodel,2121.91,,54.94949494949495,cubic
Widar,191,widar_191,savgol_w7_p3+outlier_z-score+robust+min-max+nearest15,mlpmodel,ok,0.5739130434782609,0.5454545454545454,savgol_w7_p3,outlier_z-score,robust,min-max,nearest15,"{""calibrate"": {""method"": ""robust""}, ""denoise"": {""method"": ""savgol"", ""polyorder"": 3, ""window_length"": 7}, ""interpolate"": {""method"": ""nearest"", ""target_K"": 15}, ""normalize"": {""method"": ""min-max""}, ""outliers"": {""factor"": 3.0, ""method"": ""z-score""}}",/home/test/bupt_hjk/SDP/test_wider/result/full_tests_new/widar_191+savgol_w7_p3+outlier_z-score+robust+min-max+nearest15+mlpmodel,1481.17,,54.54545454545454,nearest
Widar,192,widar_192,savgol_w7_p3+outlier_z-score+robust+min-max+decimate15,mlpmodel,ok,0.5671497584541063,0.5474747474747474,savgol_w7_p3,outlier_z-score,robust,min-max,decimate15,"{""calibrate"": {""method"": ""robust""}, ""denoise"": {""method"": ""savgol"", ""polyorder"": 3, ""window_length"": 7}, ""interpolate"": {""method"": ""decimate"", ""target_K"": 15}, ""normalize"": {""method"": ""min-max""}, ""outliers"": {""factor"": 3.0, ""method"": ""z-score""}}",/home/test/bupt_hjk/SDP/test_wider/result/full_tests_new/widar_192+savgol_w7_p3+outlier_z-score+robust+min-max+decimate15+mlpmodel,1196.55,,54.74747474747475,decimate
Widar,193,widar_193,bandpass_0.5-50+iqr+linear+z-score+linear15,mlpmodel,ok,0.718840579710145,0.7090909090909091,bandpass_0.5-50,iqr,linear,z-score,linear15,"{""calibrate"": {""method"": ""linear""}, ""denoise"": {""fs"": 1000.0, ""high_freq"": 50.0, ""low_freq"": 0.5, ""method"": ""bandpass"", ""order"": 4}, ""interpolate"": {""method"": ""linear"", ""target_K"": 15}, ""normalize"": {""method"": ""z-score""}, ""outliers"": {""factor"": 1.5, ""method"": ""iqr""}}",/home/test/bupt_hjk/SDP/test_wider/result/full_tests_new/widar_193+bandpass_0.5-50+iqr+linear+z-score+linear15+mlpmodel,1561.84,,70.9090909090909,linear
Widar,194,widar_194,bandpass_0.5-50+iqr+linear+z-score+cubic15,mlpmodel,ok,0.7082125603864735,0.704040404040404,bandpass_0.5-50,iqr,linear,z-score,cubic15,"{""calibrate"": {""method"": ""linear""}, ""denoise"": {""fs"": 1000.0, ""high_freq"": 50.0, ""low_freq"": 0.5, ""method"": ""bandpass"", ""order"": 4}, ""interpolate"": {""method"": ""cubic"", ""target_K"": 15}, ""normalize"": {""method"": ""z-score""}, ""outliers"": {""factor"": 1.5, ""method"": ""iqr""}}",/home/test/bupt_hjk/SDP/test_wider/result/full_tests_new/widar_194+bandpass_0.5-50+iqr+linear+z-score+cubic15+mlpmodel,2121.27,,70.4040404040404,cubic
Widar,195,widar_195,bandpass_0.5-50+iqr+linear+z-score+nearest15,mlpmodel,ok,0.7120772946859902,0.6898989898989899,bandpass_0.5-50,iqr,linear,z-score,nearest15,"{""calibrate"": {""method"": ""linear""}, ""denoise"": {""fs"": 1000.0, ""high_freq"": 50.0, ""low_freq"": 0.5, ""method"": ""bandpass"", ""order"": 4}, ""interpolate"": {""method"": ""nearest"", ""target_K"": 15}, ""normalize"": {""method"": ""z-score""}, ""outliers"": {""factor"": 1.5, ""method"": ""iqr""}}",/home/test/bupt_hjk/SDP/test_wider/result/full_tests_new/widar_195+bandpass_0.5-50+iqr+linear+z-score+nearest15+mlpmodel,1498.08,,68.98989898989899,nearest
Widar,196,widar_196,bandpass_0.5-50+iqr+linear+z-score+decimate15,mlpmodel,ok,0.7178743961352657,0.697979797979798,bandpass_0.5-50,iqr,linear,z-score,decimate15,"{""calibrate"": {""method"": ""linear""}, ""denoise"": {""fs"": 1000.0, ""high_freq"": 50.0, ""low_freq"": 0.5, ""method"": ""bandpass"", ""order"": 4}, ""interpolate"": {""method"": ""decimate"", ""target_K"": 15}, ""normalize"": {""method"": ""z-score""}, ""outliers"": {""factor"": 1.5, ""method"": ""iqr""}}",/home/test/bupt_hjk/SDP/test_wider/result/full_tests_new/widar_196+bandpass_0.5-50+iqr+linear+z-score+decimate15+mlpmodel,1216.72,,69.7979797979798,decimate
Widar,197,widar_197,bandpass_0.5-50+iqr+linear+min-max+linear15,mlpmodel,ok,0.6946859903381644,0.6777777777777778,bandpass_0.5-50,iqr,linear,min-max,linear15,"{""calibrate"": {""method"": ""linear""}, ""denoise"": {""fs"": 1000.0, ""high_freq"": 50.0, ""low_freq"": 0.5, ""method"": ""bandpass"", ""order"": 4}, ""interpolate"": {""method"": ""linear"", ""target_K"": 15}, ""normalize"": {""method"": ""min-max""}, ""outliers"": {""factor"": 1.5, ""method"": ""iqr""}}",/home/test/bupt_hjk/SDP/test_wider/result/full_tests_new/widar_197+bandpass_0.5-50+iqr+linear+min-max+linear15+mlpmodel,1569.6,,67.77777777777779,linear
Widar,198,widar_198,bandpass_0.5-50+iqr+linear+min-max+cubic15,mlpmodel,ok,0.6888888888888889,0.6747474747474748,bandpass_0.5-50,iqr,linear,min-max,cubic15,"{""calibrate"": {""method"": ""linear""}, ""denoise"": {""fs"": 1000.0, ""high_freq"": 50.0, ""low_freq"": 0.5, ""method"": ""bandpass"", ""order"": 4}, ""interpolate"": {""method"": ""cubic"", ""target_K"": 15}, ""normalize"": {""method"": ""min-max""}, ""outliers"": {""factor"": 1.5, ""method"": ""iqr""}}",/home/test/bupt_hjk/SDP/test_wider/result/full_tests_new/widar_198+bandpass_0.5-50+iqr+linear+min-max+cubic15+mlpmodel,2127.05,,67.47474747474747,cubic
Widar,199,widar_199,bandpass_0.5-50+iqr+linear+min-max+nearest15,mlpmodel,ok,0.6898550724637681,0.6757575757575758,bandpass_0.5-50,iqr,linear,min-max,nearest15,"{""calibrate"": {""method"": ""linear""}, ""denoise"": {""fs"": 1000.0, ""high_freq"": 50.0, ""low_freq"": 0.5, ""method"": ""bandpass"", ""order"": 4}, ""interpolate"": {""method"": ""nearest"", ""target_K"": 15}, ""normalize"": {""method"": ""min-max""}, ""outliers"": {""factor"": 1.5, ""method"": ""iqr""}}",/home/test/bupt_hjk/SDP/test_wider/result/full_tests_new/widar_199+bandpass_0.5-50+iqr+linear+min-max+nearest15+mlpmodel,1502.07,,67.57575757575758,nearest
Widar,200,widar_200,bandpass_0.5-50+iqr+linear+min-max+decimate15,mlpmodel,ok,0.672463768115942,0.6696969696969697,bandpass_0.5-50,iqr,linear,min-max,decimate15,"{""calibrate"": {""method"": ""linear""}, ""denoise"": {""fs"": 1000.0, ""high_freq"": 50.0, ""low_freq"": 0.5, ""method"": ""bandpass"", ""order"": 4}, ""interpolate"": {""method"": ""decimate"", ""target_K"": 15}, ""normalize"": {""method"": ""min-max""}, ""outliers"": {""factor"": 1.5, ""method"": ""iqr""}}",/home/test/bupt_hjk/SDP/test_wider/result/full_tests_new/widar_200+bandpass_0.5-50+iqr+linear+min-max+decimate15+mlpmodel,1218.23,,66.96969696969697,decimate
Widar,201,widar_201,bandpass_0.5-50+iqr+polynomial_d3+z-score+linear15,mlpmodel,ok,0.7198067632850241,0.704040404040404,bandpass_0.5-50,iqr,polynomial_d3,z-score,linear15,"{""calibrate"": {""degree"": 3, ""method"": ""polynomial""}, ""denoise"": {""fs"": 1000.0, ""high_freq"": 50.0, ""low_freq"": 0.5, ""method"": ""bandpass"", ""order"": 4}, ""interpolate"": {""method"": ""linear"", ""target_K"": 15}, ""normalize"": {""method"": ""z-score""}, ""outliers"": {""factor"": 1.5, ""method"": ""iqr""}}",/home/test/bupt_hjk/SDP/test_wider/result/full_tests_new/widar_201+bandpass_0.5-50+iqr+polynomial_d3+z-score+linear15+mlpmodel,1582.34,,70.4040404040404,linear
Widar,202,widar_202,bandpass_0.5-50+iqr+polynomial_d3+z-score+cubic15,mlpmodel,ok,0.7120772946859902,0.7070707070707071,bandpass_0.5-50,iqr,polynomial_d3,z-score,cubic15,"{""calibrate"": {""degree"": 3, ""method"": ""polynomial""}, ""denoise"": {""fs"": 1000.0, ""high_freq"": 50.0, ""low_freq"": 0.5, ""method"": ""bandpass"", ""order"": 4}, ""interpolate"": {""method"": ""cubic"", ""target_K"": 15}, ""normalize"": {""method"": ""z-score""}, ""outliers"": {""factor"": 1.5, ""method"": ""iqr""}}",/home/test/bupt_hjk/SDP/test_wider/result/full_tests_new/widar_202+bandpass_0.5-50+iqr+polynomial_d3+z-score+cubic15+mlpmodel,2140.1,,70.70707070707071,cubic
Widar,203,widar_203,bandpass_0.5-50+iqr+polynomial_d3+z-score+nearest15,mlpmodel,ok,0.7217391304347827,0.697979797979798,bandpass_0.5-50,iqr,polynomial_d3,z-score,nearest15,"{""calibrate"": {""degree"": 3, ""method"": ""polynomial""}, ""denoise"": {""fs"": 1000.0, ""high_freq"": 50.0, ""low_freq"": 0.5, ""method"": ""bandpass"", ""order"": 4}, ""interpolate"": {""method"": ""nearest"", ""target_K"": 15}, ""normalize"": {""method"": ""z-score""}, ""outliers"": {""factor"": 1.5, ""method"": ""iqr""}}",/home/test/bupt_hjk/SDP/test_wider/result/full_tests_new/widar_203+bandpass_0.5-50+iqr+polynomial_d3+z-score+nearest15+mlpmodel,1503.56,,69.7979797979798,nearest
Widar,204,widar_204,bandpass_0.5-50+iqr+polynomial_d3+z-score+decimate15,mlpmodel,ok,0.7140096618357488,0.7080808080808081,bandpass_0.5-50,iqr,polynomial_d3,z-score,decimate15,"{""calibrate"": {""degree"": 3, ""method"": ""polynomial""}, ""denoise"": {""fs"": 1000.0, ""high_freq"": 50.0, ""low_freq"": 0.5, ""method"": ""bandpass"", ""order"": 4}, ""interpolate"": {""method"": ""decimate"", ""target_K"": 15}, ""normalize"": {""method"": ""z-score""}, ""outliers"": {""factor"": 1.5, ""method"": ""iqr""}}",/home/test/bupt_hjk/SDP/test_wider/result/full_tests_new/widar_204+bandpass_0.5-50+iqr+polynomial_d3+z-score+decimate15+mlpmodel,1196.58,,70.8080808080808,decimate
Widar,205,widar_205,bandpass_0.5-50+iqr+polynomial_d3+min-max+linear15,mlpmodel,ok,0.681159420289855,0.6909090909090909,bandpass_0.5-50,iqr,polynomial_d3,min-max,linear15,"{""calibrate"": {""degree"": 3, ""method"": ""polynomial""}, ""denoise"": {""fs"": 1000.0, ""high_freq"": 50.0, ""low_freq"": 0.5, ""method"": ""bandpass"", ""order"": 4}, ""interpolate"": {""method"": ""linear"", ""target_K"": 15}, ""normalize"": {""method"": ""min-max""}, ""outliers"": {""factor"": 1.5, ""method"": ""iqr""}}",/home/test/bupt_hjk/SDP/test_wider/result/full_tests_new/widar_205+bandpass_0.5-50+iqr+polynomial_d3+min-max+linear15+mlpmodel,1585.6,,69.0909090909091,linear
Widar,206,widar_206,bandpass_0.5-50+iqr+polynomial_d3+min-max+cubic15,mlpmodel,ok,0.681159420289855,0.6989898989898989,bandpass_0.5-50,iqr,polynomial_d3,min-max,cubic15,"{""calibrate"": {""degree"": 3, ""method"": ""polynomial""}, ""denoise"": {""fs"": 1000.0, ""high_freq"": 50.0, ""low_freq"": 0.5, ""method"": ""bandpass"", ""order"": 4}, ""interpolate"": {""method"": ""cubic"", ""target_K"": 15}, ""normalize"": {""method"": ""min-max""}, ""outliers"": {""factor"": 1.5, ""method"": ""iqr""}}",/home/test/bupt_hjk/SDP/test_wider/result/full_tests_new/widar_206+bandpass_0.5-50+iqr+polynomial_d3+min-max+cubic15+mlpmodel,2141.95,,69.8989898989899,cubic
Widar,207,widar_207,bandpass_0.5-50+iqr+polynomial_d3+min-max+nearest15,mlpmodel,ok,0.6840579710144928,0.6757575757575758,bandpass_0.5-50,iqr,polynomial_d3,min-max,nearest15,"{""calibrate"": {""degree"": 3, ""method"": ""polynomial""}, ""denoise"": {""fs"": 1000.0, ""high_freq"": 50.0, ""low_freq"": 0.5, ""method"": ""bandpass"", ""order"": 4}, ""interpolate"": {""method"": ""nearest"", ""target_K"": 15}, ""normalize"": {""method"": ""min-max""}, ""outliers"": {""factor"": 1.5, ""method"": ""iqr""}}",/home/test/bupt_hjk/SDP/test_wider/result/full_tests_new/widar_207+bandpass_0.5-50+iqr+polynomial_d3+min-max+nearest15+mlpmodel,1495.1,,67.57575757575758,nearest
Widar,208,widar_208,bandpass_0.5-50+iqr+polynomial_d3+min-max+decimate15,mlpmodel,ok,0.6859903381642511,0.693939393939394,bandpass_0.5-50,iqr,polynomial_d3,min-max,decimate15,"{""calibrate"": {""degree"": 3, ""method"": ""polynomial""}, ""denoise"": {""fs"": 1000.0, ""high_freq"": 50.0, ""low_freq"": 0.5, ""method"": ""bandpass"", ""order"": 4}, ""interpolate"": {""method"": ""decimate"", ""target_K"": 15}, ""normalize"": {""method"": ""min-max""}, ""outliers"": {""factor"": 1.5, ""method"": ""iqr""}}",/home/test/bupt_hjk/SDP/test_wider/result/full_tests_new/widar_208+bandpass_0.5-50+iqr+polynomial_d3+min-max+decimate15+mlpmodel,1203.06,,69.39393939393939,decimate
Widar,209,widar_209,bandpass_0.5-50+iqr+stc+z-score+linear15,mlpmodel,ok,0.7053140096618357,0.696969696969697,bandpass_0.5-50,iqr,stc,z-score,linear15,"{""calibrate"": {""method"": ""stc""}, ""denoise"": {""fs"": 1000.0, ""high_freq"": 50.0, ""low_freq"": 0.5, ""method"": ""bandpass"", ""order"": 4}, ""interpolate"": {""method"": ""linear"", ""target_K"": 15}, ""normalize"": {""method"": ""z-score""}, ""outliers"": {""factor"": 1.5, ""method"": ""iqr""}}",/home/test/bupt_hjk/SDP/test_wider/result/full_tests_new/widar_209+bandpass_0.5-50+iqr+stc+z-score+linear15+mlpmodel,1583.45,,69.6969696969697,linear
Widar,210,widar_210,bandpass_0.5-50+iqr+stc+z-score+cubic15,mlpmodel,ok,0.7082125603864735,0.704040404040404,bandpass_0.5-50,iqr,stc,z-score,cubic15,"{""calibrate"": {""method"": ""stc""}, ""denoise"": {""fs"": 1000.0, ""high_freq"": 50.0, ""low_freq"": 0.5, ""method"": ""bandpass"", ""order"": 4}, ""interpolate"": {""method"": ""cubic"", ""target_K"": 15}, ""normalize"": {""method"": ""z-score""}, ""outliers"": {""factor"": 1.5, ""method"": ""iqr""}}",/home/test/bupt_hjk/SDP/test_wider/result/full_tests_new/widar_210+bandpass_0.5-50+iqr+stc+z-score+cubic15+mlpmodel,2138.22,,70.4040404040404,cubic
Widar,211,widar_211,bandpass_0.5-50+iqr+stc+z-score+nearest15,mlpmodel,ok,0.7082125603864735,0.695959595959596,bandpass_0.5-50,iqr,stc,z-score,nearest15,"{""calibrate"": {""method"": ""stc""}, ""denoise"": {""fs"": 1000.0, ""high_freq"": 50.0, ""low_freq"": 0.5, ""method"": ""bandpass"", ""order"": 4}, ""interpolate"": {""method"": ""nearest"", ""target_K"": 15}, ""normalize"": {""method"": ""z-score""}, ""outliers"": {""factor"": 1.5, ""method"": ""iqr""}}",/home/test/bupt_hjk/SDP/test_wider/result/full_tests_new/widar_211+bandpass_0.5-50+iqr+stc+z-score+nearest15+mlpmodel,1491.91,,69.5959595959596,nearest
Widar,212,widar_212,bandpass_0.5-50+iqr+stc+z-score+decimate15,mlpmodel,ok,0.7072463768115942,0.693939393939394,bandpass_0.5-50,iqr,stc,z-score,decimate15,"{""calibrate"": {""method"": ""stc""}, ""denoise"": {""fs"": 1000.0, ""high_freq"": 50.0, ""low_freq"": 0.5, ""method"": ""bandpass"", ""order"": 4}, ""interpolate"": {""method"": ""decimate"", ""target_K"": 15}, ""normalize"": {""method"": ""z-score""}, ""outliers"": {""factor"": 1.5, ""method"": ""iqr""}}",/home/test/bupt_hjk/SDP/test_wider/result/full_tests_new/widar_212+bandpass_0.5-50+iqr+stc+z-score+decimate15+mlpmodel,1190.55,,69.39393939393939,decimate
Widar,213,widar_213,bandpass_0.5-50+iqr+stc+min-max+linear15,mlpmodel,ok,0.681159420289855,0.6646464646464646,bandpass_0.5-50,iqr,stc,min-max,linear15,"{""calibrate"": {""method"": ""stc""}, ""denoise"": {""fs"": 1000.0, ""high_freq"": 50.0, ""low_freq"": 0.5, ""method"": ""bandpass"", ""order"": 4}, ""interpolate"": {""method"": ""linear"", ""target_K"": 15}, ""normalize"": {""method"": ""min-max""}, ""outliers"": {""factor"": 1.5, ""method"": ""iqr""}}",/home/test/bupt_hjk/SDP/test_wider/result/full_tests_new/widar_213+bandpass_0.5-50+iqr+stc+min-max+linear15+mlpmodel,1570.39,,66.46464646464646,linear
Widar,214,widar_214,bandpass_0.5-50+iqr+stc+min-max+cubic15,mlpmodel,ok,0.6917874396135265,0.6666666666666666,bandpass_0.5-50,iqr,stc,min-max,cubic15,"{""calibrate"": {""method"": ""stc""}, ""denoise"": {""fs"": 1000.0, ""high_freq"": 50.0, ""low_freq"": 0.5, ""method"": ""bandpass"", ""order"": 4}, ""interpolate"": {""method"": ""cubic"", ""target_K"": 15}, ""normalize"": {""method"": ""min-max""}, ""outliers"": {""factor"": 1.5, ""method"": ""iqr""}}",/home/test/bupt_hjk/SDP/test_wider/result/full_tests_new/widar_214+bandpass_0.5-50+iqr+stc+min-max+cubic15+mlpmodel,2129.28,,66.66666666666666,cubic
Widar,215,widar_215,bandpass_0.5-50+iqr+stc+min-max+nearest15,mlpmodel,ok,0.6859903381642511,0.6646464646464646,bandpass_0.5-50,iqr,stc,min-max,nearest15,"{""calibrate"": {""method"": ""stc""}, ""denoise"": {""fs"": 1000.0, ""high_freq"": 50.0, ""low_freq"": 0.5, ""method"": ""bandpass"", ""order"": 4}, ""interpolate"": {""method"": ""nearest"", ""target_K"": 15}, ""normalize"": {""method"": ""min-max""}, ""outliers"": {""factor"": 1.5, ""method"": ""iqr""}}",/home/test/bupt_hjk/SDP/test_wider/result/full_tests_new/widar_215+bandpass_0.5-50+iqr+stc+min-max+nearest15+mlpmodel,1491.48,,66.46464646464646,nearest
Widar,216,widar_216,bandpass_0.5-50+iqr+stc+min-max+decimate15,mlpmodel,ok,0.6743961352657004,0.6696969696969697,bandpass_0.5-50,iqr,stc,min-max,decimate15,"{""calibrate"": {""method"": ""stc""}, ""denoise"": {""fs"": 1000.0, ""high_freq"": 50.0, ""low_freq"": 0.5, ""method"": ""bandpass"", ""order"": 4}, ""interpolate"": {""method"": ""decimate"", ""target_K"": 15}, ""normalize"": {""method"": ""min-max""}, ""outliers"": {""factor"": 1.5, ""method"": ""iqr""}}",/home/test/bupt_hjk/SDP/test_wider/result/full_tests_new/widar_216+bandpass_0.5-50+iqr+stc+min-max+decimate15+mlpmodel,1189.8,,66.96969696969697,decimate
Widar,217,widar_217,bandpass_0.5-50+iqr+robust+z-score+linear15,mlpmodel,ok,0.6792270531400966,0.6494949494949495,bandpass_0.5-50,iqr,robust,z-score,linear15,"{""calibrate"": {""method"": ""robust""}, ""denoise"": {""fs"": 1000.0, ""high_freq"": 50.0, ""low_freq"": 0.5, ""method"": ""bandpass"", ""order"": 4}, ""interpolate"": {""method"": ""linear"", ""target_K"": 15}, ""normalize"": {""method"": ""z-score""}, ""outliers"": {""factor"": 1.5, ""method"": ""iqr""}}",/home/test/bupt_hjk/SDP/test_wider/result/full_tests_new/widar_217+bandpass_0.5-50+iqr+robust+z-score+linear15+mlpmodel,1569.53,,64.94949494949495,linear
Widar,218,widar_218,bandpass_0.5-50+iqr+robust+z-score+cubic15,mlpmodel,ok,0.6666666666666667,0.6333333333333333,bandpass_0.5-50,iqr,robust,z-score,cubic15,"{""calibrate"": {""method"": ""robust""}, ""denoise"": {""fs"": 1000.0, ""high_freq"": 50.0, ""low_freq"": 0.5, ""method"": ""bandpass"", ""order"": 4}, ""interpolate"": {""method"": ""cubic"", ""target_K"": 15}, ""normalize"": {""method"": ""z-score""}, ""outliers"": {""factor"": 1.5, ""method"": ""iqr""}}",/home/test/bupt_hjk/SDP/test_wider/result/full_tests_new/widar_218+bandpass_0.5-50+iqr+robust+z-score+cubic15+mlpmodel,2134.95,,63.33333333333333,cubic
Widar,219,widar_219,bandpass_0.5-50+iqr+robust+z-score+nearest15,mlpmodel,ok,0.6792270531400966,0.6777777777777778,bandpass_0.5-50,iqr,robust,z-score,nearest15,"{""calibrate"": {""method"": ""robust""}, ""denoise"": {""fs"": 1000.0, ""high_freq"": 50.0, ""low_freq"": 0.5, ""method"": ""bandpass"", ""order"": 4}, ""interpolate"": {""method"": ""nearest"", ""target_K"": 15}, ""normalize"": {""method"": ""z-score""}, ""outliers"": {""factor"": 1.5, ""method"": ""iqr""}}",/home/test/bupt_hjk/SDP/test_wider/result/full_tests_new/widar_219+bandpass_0.5-50+iqr+robust+z-score+nearest15+mlpmodel,1493.02,,67.77777777777779,nearest
Widar,220,widar_220,bandpass_0.5-50+iqr+robust+z-score+decimate15,mlpmodel,ok,0.6560386473429952,0.6262626262626263,bandpass_0.5-50,iqr,robust,z-score,decimate15,"{""calibrate"": {""method"": ""robust""}, ""denoise"": {""fs"": 1000.0, ""high_freq"": 50.0, ""low_freq"": 0.5, ""method"": ""bandpass"", ""order"": 4}, ""interpolate"": {""method"": ""decimate"", ""target_K"": 15}, ""normalize"": {""method"": ""z-score""}, ""outliers"": {""factor"": 1.5, ""method"": ""iqr""}}",/home/test/bupt_hjk/SDP/test_wider/result/full_tests_new/widar_220+bandpass_0.5-50+iqr+robust+z-score+decimate15+mlpmodel,1189.17,,62.62626262626263,decimate
Widar,221,widar_221,bandpass_0.5-50+iqr+robust+min-max+linear15,mlpmodel,ok,0.5951690821256039,0.5747474747474748,bandpass_0.5-50,iqr,robust,min-max,linear15,"{""calibrate"": {""method"": ""robust""}, ""denoise"": {""fs"": 1000.0, ""high_freq"": 50.0, ""low_freq"": 0.5, ""method"": ""bandpass"", ""order"": 4}, ""interpolate"": {""method"": ""linear"", ""target_K"": 15}, ""normalize"": {""method"": ""min-max""}, ""outliers"": {""factor"": 1.5, ""method"": ""iqr""}}",/home/test/bupt_hjk/SDP/test_wider/result/full_tests_new/widar_221+bandpass_0.5-50+iqr+robust+min-max+linear15+mlpmodel,1576.57,,57.47474747474748,linear
Widar,222,widar_222,bandpass_0.5-50+iqr+robust+min-max+cubic15,mlpmodel,ok,0.5855072463768116,0.5777777777777777,bandpass_0.5-50,iqr,robust,min-max,cubic15,"{""calibrate"": {""method"": ""robust""}, ""denoise"": {""fs"": 1000.0, ""high_freq"": 50.0, ""low_freq"": 0.5, ""method"": ""bandpass"", ""order"": 4}, ""interpolate"": {""method"": ""cubic"", ""target_K"": 15}, ""normalize"": {""method"": ""min-max""}, ""outliers"": {""factor"": 1.5, ""method"": ""iqr""}}",/home/test/bupt_hjk/SDP/test_wider/result/full_tests_new/widar_222+bandpass_0.5-50+iqr+robust+min-max+cubic15+mlpmodel,2135.72,,57.77777777777777,cubic
Widar,223,widar_223,bandpass_0.5-50+iqr+robust+min-max+nearest15,mlpmodel,ok,0.596135265700483,0.597979797979798,bandpass_0.5-50,iqr,robust,min-max,nearest15,"{""calibrate"": {""method"": ""robust""}, ""denoise"": {""fs"": 1000.0, ""high_freq"": 50.0, ""low_freq"": 0.5, ""method"": ""bandpass"", ""order"": 4}, ""interpolate"": {""method"": ""nearest"", ""target_K"": 15}, ""normalize"": {""method"": ""min-max""}, ""outliers"": {""factor"": 1.5, ""method"": ""iqr""}}",/home/test/bupt_hjk/SDP/test_wider/result/full_tests_new/widar_223+bandpass_0.5-50+iqr+robust+min-max+nearest15+mlpmodel,1491.68,,59.79797979797979,nearest
Widar,224,widar_224,bandpass_0.5-50+iqr+robust+min-max+decimate15,mlpmodel,ok,0.5980676328502416,0.5616161616161616,bandpass_0.5-50,iqr,robust,min-max,decimate15,"{""calibrate"": {""method"": ""robust""}, ""denoise"": {""fs"": 1000.0, ""high_freq"": 50.0, ""low_freq"": 0.5, ""method"": ""bandpass"", ""order"": 4}, ""interpolate"": {""method"": ""decimate"", ""target_K"": 15}, ""normalize"": {""method"": ""min-max""}, ""outliers"": {""factor"": 1.5, ""method"": ""iqr""}}",/home/test/bupt_hjk/SDP/test_wider/result/full_tests_new/widar_224+bandpass_0.5-50+iqr+robust+min-max+decimate15+mlpmodel,1187.32,,56.16161616161616,decimate
Widar,225,widar_225,bandpass_0.5-50+outlier_z-score+linear+z-score+linear15,mlpmodel,ok,0.7053140096618357,0.692929292929293,bandpass_0.5-50,outlier_z-score,linear,z-score,linear15,"{""calibrate"": {""method"": ""linear""}, ""denoise"": {""fs"": 1000.0, ""high_freq"": 50.0, ""low_freq"": 0.5, ""method"": ""bandpass"", ""order"": 4}, ""interpolate"": {""method"": ""linear"", ""target_K"": 15}, ""normalize"": {""method"": ""z-score""}, ""outliers"": {""factor"": 3.0, ""method"": ""z-score""}}",/home/test/bupt_hjk/SDP/test_wider/result/full_tests_new/widar_225+bandpass_0.5-50+outlier_z-score+linear+z-score+linear15+mlpmodel,1561.34,,69.2929292929293,linear
Widar,226,widar_226,bandpass_0.5-50+outlier_z-score+linear+z-score+cubic15,mlpmodel,ok,0.7072463768115942,0.703030303030303,bandpass_0.5-50,outlier_z-score,linear,z-score,cubic15,"{""calibrate"": {""method"": ""linear""}, ""denoise"": {""fs"": 1000.0, ""high_freq"": 50.0, ""low_freq"": 0.5, ""method"": ""bandpass"", ""order"": 4}, ""interpolate"": {""method"": ""cubic"", ""target_K"": 15}, ""normalize"": {""method"": ""z-score""}, ""outliers"": {""factor"": 3.0, ""method"": ""z-score""}}",/home/test/bupt_hjk/SDP/test_wider/result/full_tests_new/widar_226+bandpass_0.5-50+outlier_z-score+linear+z-score+cubic15+mlpmodel,2126.41,,70.3030303030303,cubic
Widar,227,widar_227,bandpass_0.5-50+outlier_z-score+linear+z-score+nearest15,mlpmodel,ok,0.7091787439613526,0.6909090909090909,bandpass_0.5-50,outlier_z-score,linear,z-score,nearest15,"{""calibrate"": {""method"": ""linear""}, ""denoise"": {""fs"": 1000.0, ""high_freq"": 50.0, ""low_freq"": 0.5, ""method"": ""bandpass"", ""order"": 4}, ""interpolate"": {""method"": ""nearest"", ""target_K"": 15}, ""normalize"": {""method"": ""z-score""}, ""outliers"": {""factor"": 3.0, ""method"": ""z-score""}}",/home/test/bupt_hjk/SDP/test_wider/result/full_tests_new/widar_227+bandpass_0.5-50+outlier_z-score+linear+z-score+nearest15+mlpmodel,1491.59,,69.0909090909091,nearest
Widar,228,widar_228,bandpass_0.5-50+outlier_z-score+linear+z-score+decimate15,mlpmodel,ok,0.7120772946859902,0.695959595959596,bandpass_0.5-50,outlier_z-score,linear,z-score,decimate15,"{""calibrate"": {""method"": ""linear""}, ""denoise"": {""fs"": 1000.0, ""high_freq"": 50.0, ""low_freq"": 0.5, ""method"": ""bandpass"", ""order"": 4}, ""interpolate"": {""method"": ""decimate"", ""target_K"": 15}, ""normalize"": {""method"": ""z-score""}, ""outliers"": {""factor"": 3.0, ""method"": ""z-score""}}",/home/test/bupt_hjk/SDP/test_wider/result/full_tests_new/widar_228+bandpass_0.5-50+outlier_z-score+linear+z-score+decimate15+mlpmodel,1200.6,,69.5959595959596,decimate
Widar,229,widar_229,bandpass_0.5-50+outlier_z-score+linear+min-max+linear15,mlpmodel,ok,0.7014492753623189,0.6838383838383838,bandpass_0.5-50,outlier_z-score,linear,min-max,linear15,"{""calibrate"": {""method"": ""linear""}, ""denoise"": {""fs"": 1000.0, ""high_freq"": 50.0, ""low_freq"": 0.5, ""method"": ""bandpass"", ""order"": 4}, ""interpolate"": {""method"": ""linear"", ""target_K"": 15}, ""normalize"": {""method"": ""min-max""}, ""outliers"": {""factor"": 3.0, ""method"": ""z-score""}}",/home/test/bupt_hjk/SDP/test_wider/result/full_tests_new/widar_229+bandpass_0.5-50+outlier_z-score+linear+min-max+linear15+mlpmodel,1564.05,,68.38383838383838,linear
Widar,230,widar_230,bandpass_0.5-50+outlier_z-score+linear+min-max+cubic15,mlpmodel,ok,0.6985507246376811,0.6808080808080809,bandpass_0.5-50,outlier_z-score,linear,min-max,cubic15,"{""calibrate"": {""method"": ""linear""}, ""denoise"": {""fs"": 1000.0, ""high_freq"": 50.0, ""low_freq"": 0.5, ""method"": ""bandpass"", ""order"": 4}, ""interpolate"": {""method"": ""cubic"", ""target_K"": 15}, ""normalize"": {""method"": ""min-max""}, ""outliers"": {""factor"": 3.0, ""method"": ""z-score""}}",/home/test/bupt_hjk/SDP/test_wider/result/full_tests_new/widar_230+bandpass_0.5-50+outlier_z-score+linear+min-max+cubic15+mlpmodel,2134.05,,68.08080808080808,cubic
Widar,231,widar_231,bandpass_0.5-50+outlier_z-score+linear+min-max+nearest15,mlpmodel,ok,0.6956521739130435,0.6909090909090909,bandpass_0.5-50,outlier_z-score,linear,min-max,nearest15,"{""calibrate"": {""method"": ""linear""}, ""denoise"": {""fs"": 1000.0, ""high_freq"": 50.0, ""low_freq"": 0.5, ""method"": ""bandpass"", ""order"": 4}, ""interpolate"": {""method"": ""nearest"", ""target_K"": 15}, ""normalize"": {""method"": ""min-max""}, ""outliers"": {""factor"": 3.0, ""method"": ""z-score""}}",/home/test/bupt_hjk/SDP/test_wider/result/full_tests_new/widar_231+bandpass_0.5-50+outlier_z-score+linear+min-max+nearest15+mlpmodel,1504.52,,69.0909090909091,nearest
Widar,232,widar_232,bandpass_0.5-50+outlier_z-score+linear+min-max+decimate15,mlpmodel,ok,0.693719806763285,0.6828282828282828,bandpass_0.5-50,outlier_z-score,linear,min-max,decimate15,"{""calibrate"": {""method"": ""linear""}, ""denoise"": {""fs"": 1000.0, ""high_freq"": 50.0, ""low_freq"": 0.5, ""method"": ""bandpass"", ""order"": 4}, ""interpolate"": {""method"": ""decimate"", ""target_K"": 15}, ""normalize"": {""method"": ""min-max""}, ""outliers"": {""factor"": 3.0, ""method"": ""z-score""}}",/home/test/bupt_hjk/SDP/test_wider/result/full_tests_new/widar_232+bandpass_0.5-50+outlier_z-score+linear+min-max+decimate15+mlpmodel,1211.52,,68.28282828282828,decimate
Widar,233,widar_233,bandpass_0.5-50+outlier_z-score+polynomial_d3+z-score+linear15,mlpmodel,ok,0.7120772946859902,0.695959595959596,bandpass_0.5-50,outlier_z-score,polynomial_d3,z-score,linear15,"{""calibrate"": {""degree"": 3, ""method"": ""polynomial""}, ""denoise"": {""fs"": 1000.0, ""high_freq"": 50.0, ""low_freq"": 0.5, ""method"": ""bandpass"", ""order"": 4}, ""interpolate"": {""method"": ""linear"", ""target_K"": 15}, ""normalize"": {""method"": ""z-score""}, ""outliers"": {""factor"": 3.0, ""method"": ""z-score""}}",/home/test/bupt_hjk/SDP/test_wider/result/full_tests_new/widar_233+bandpass_0.5-50+outlier_z-score+polynomial_d3+z-score+linear15+mlpmodel,1578.85,,69.5959595959596,linear
Widar,234,widar_234,bandpass_0.5-50+outlier_z-score+polynomial_d3+z-score+cubic15,mlpmodel,ok,0.7140096618357488,0.706060606060606,bandpass_0.5-50,outlier_z-score,polynomial_d3,z-score,cubic15,"{""calibrate"": {""degree"": 3, ""method"": ""polynomial""}, ""denoise"": {""fs"": 1000.0, ""high_freq"": 50.0, ""low_freq"": 0.5, ""method"": ""bandpass"", ""order"": 4}, ""interpolate"": {""method"": ""cubic"", ""target_K"": 15}, ""normalize"": {""method"": ""z-score""}, ""outliers"": {""factor"": 3.0, ""method"": ""z-score""}}",/home/test/bupt_hjk/SDP/test_wider/result/full_tests_new/widar_234+bandpass_0.5-50+outlier_z-score+polynomial_d3+z-score+cubic15+mlpmodel,2130.16,,70.60606060606061,cubic
Widar,235,widar_235,bandpass_0.5-50+outlier_z-score+polynomial_d3+z-score+nearest15,mlpmodel,ok,0.7149758454106281,0.6989898989898989,bandpass_0.5-50,outlier_z-score,polynomial_d3,z-score,nearest15,"{""calibrate"": {""degree"": 3, ""method"": ""polynomial""}, ""denoise"": {""fs"": 1000.0, ""high_freq"": 50.0, ""low_freq"": 0.5, ""method"": ""bandpass"", ""order"": 4}, ""interpolate"": {""method"": ""nearest"", ""target_K"": 15}, ""normalize"": {""method"": ""z-score""}, ""outliers"": {""factor"": 3.0, ""method"": ""z-score""}}",/home/test/bupt_hjk/SDP/test_wider/result/full_tests_new/widar_235+bandpass_0.5-50+outlier_z-score+polynomial_d3+z-score+nearest15+mlpmodel,1490.92,,69.8989898989899,nearest
Widar,236,widar_236,bandpass_0.5-50+outlier_z-score+polynomial_d3+z-score+decimate15,mlpmodel,ok,0.7130434782608696,0.6909090909090909,bandpass_0.5-50,outlier_z-score,polynomial_d3,z-score,decimate15,"{""calibrate"": {""degree"": 3, ""method"": ""polynomial""}, ""denoise"": {""fs"": 1000.0, ""high_freq"": 50.0, ""low_freq"": 0.5, ""method"": ""bandpass"", ""order"": 4}, ""interpolate"": {""method"": ""decimate"", ""target_K"": 15}, ""normalize"": {""method"": ""z-score""}, ""outliers"": {""factor"": 3.0, ""method"": ""z-score""}}",/home/test/bupt_hjk/SDP/test_wider/result/full_tests_new/widar_236+bandpass_0.5-50+outlier_z-score+polynomial_d3+z-score+decimate15+mlpmodel,1191.45,,69.0909090909091,decimate
Widar,237,widar_237,bandpass_0.5-50+outlier_z-score+polynomial_d3+min-max+linear15,mlpmodel,ok,0.6879227053140098,0.7,bandpass_0.5-50,outlier_z-score,polynomial_d3,min-max,linear15,"{""calibrate"": {""degree"": 3, ""method"": ""polynomial""}, ""denoise"": {""fs"": 1000.0, ""high_freq"": 50.0, ""low_freq"": 0.5, ""method"": ""bandpass"", ""order"": 4}, ""interpolate"": {""method"": ""linear"", ""target_K"": 15}, ""normalize"": {""method"": ""min-max""}, ""outliers"": {""factor"": 3.0, ""method"": ""z-score""}}",/home/test/bupt_hjk/SDP/test_wider/result/full_tests_new/widar_237+bandpass_0.5-50+outlier_z-score+polynomial_d3+min-max+linear15+mlpmodel,1570.48,,70.0,linear
Widar,238,widar_238,bandpass_0.5-50+outlier_z-score+polynomial_d3+min-max+cubic15,mlpmodel,ok,0.6830917874396135,0.6646464646464646,bandpass_0.5-50,outlier_z-score,polynomial_d3,min-max,cubic15,"{""calibrate"": {""degree"": 3, ""method"": ""polynomial""}, ""denoise"": {""fs"": 1000.0, ""high_freq"": 50.0, ""low_freq"": 0.5, ""method"": ""bandpass"", ""order"": 4}, ""interpolate"": {""method"": ""cubic"", ""target_K"": 15}, ""normalize"": {""method"": ""min-max""}, ""outliers"": {""factor"": 3.0, ""method"": ""z-score""}}",/home/test/bupt_hjk/SDP/test_wider/result/full_tests_new/widar_238+bandpass_0.5-50+outlier_z-score+polynomial_d3+min-max+cubic15+mlpmodel,2132.77,,66.46464646464646,cubic
Widar,239,widar_239,bandpass_0.5-50+outlier_z-score+polynomial_d3+min-max+nearest15,mlpmodel,ok,0.6859903381642511,0.6717171717171717,bandpass_0.5-50,outlier_z-score,polynomial_d3,min-max,nearest15,"{""calibrate"": {""degree"": 3, ""method"": ""polynomial""}, ""denoise"": {""fs"": 1000.0, ""high_freq"": 50.0, ""low_freq"": 0.5, ""method"": ""bandpass"", ""order"": 4}, ""interpolate"": {""method"": ""nearest"", ""target_K"": 15}, ""normalize"": {""method"": ""min-max""}, ""outliers"": {""factor"": 3.0, ""method"": ""z-score""}}",/home/test/bupt_hjk/SDP/test_wider/result/full_tests_new/widar_239+bandpass_0.5-50+outlier_z-score+polynomial_d3+min-max+nearest15+mlpmodel,1493.88,,67.17171717171718,nearest
Widar,240,widar_240,bandpass_0.5-50+outlier_z-score+polynomial_d3+min-max+decimate15,mlpmodel,ok,0.6792270531400966,0.6777777777777778,bandpass_0.5-50,outlier_z-score,polynomial_d3,min-max,decimate15,"{""calibrate"": {""degree"": 3, ""method"": ""polynomial""}, ""denoise"": {""fs"": 1000.0, ""high_freq"": 50.0, ""low_freq"": 0.5, ""method"": ""bandpass"", ""order"": 4}, ""interpolate"": {""method"": ""decimate"", ""target_K"": 15}, ""normalize"": {""method"": ""min-max""}, ""outliers"": {""factor"": 3.0, ""method"": ""z-score""}}",/home/test/bupt_hjk/SDP/test_wider/result/full_tests_new/widar_240+bandpass_0.5-50+outlier_z-score+polynomial_d3+min-max+decimate15+mlpmodel,1196.49,,67.77777777777779,decimate
Widar,241,widar_241,bandpass_0.5-50+outlier_z-score+stc+z-score+linear15,mlpmodel,ok,0.7053140096618357,0.692929292929293,bandpass_0.5-50,outlier_z-score,stc,z-score,linear15,"{""calibrate"": {""method"": ""stc""}, ""denoise"": {""fs"": 1000.0, ""high_freq"": 50.0, ""low_freq"": 0.5, ""method"": ""bandpass"", ""order"": 4}, ""interpolate"": {""method"": ""linear"", ""target_K"": 15}, ""normalize"": {""method"": ""z-score""}, ""outliers"": {""factor"": 3.0, ""method"": ""z-score""}}",/home/test/bupt_hjk/SDP/test_wider/result/full_tests_new/widar_241+bandpass_0.5-50+outlier_z-score+stc+z-score+linear15+mlpmodel,1578.13,,69.2929292929293,linear
Widar,242,widar_242,bandpass_0.5-50+outlier_z-score+stc+z-score+cubic15,mlpmodel,ok,0.706280193236715,0.703030303030303,bandpass_0.5-50,outlier_z-score,stc,z-score,cubic15,"{""calibrate"": {""method"": ""stc""}, ""denoise"": {""fs"": 1000.0, ""high_freq"": 50.0, ""low_freq"": 0.5, ""method"": ""bandpass"", ""order"": 4}, ""interpolate"": {""method"": ""cubic"", ""target_K"": 15}, ""normalize"": {""method"": ""z-score""}, ""outliers"": {""factor"": 3.0, ""method"": ""z-score""}}",/home/test/bupt_hjk/SDP/test_wider/result/full_tests_new/widar_242+bandpass_0.5-50+outlier_z-score+stc+z-score+cubic15+mlpmodel,2146.34,,70.3030303030303,cubic
Widar,243,widar_243,bandpass_0.5-50+outlier_z-score+stc+z-score+nearest15,mlpmodel,ok,0.7227053140096618,0.693939393939394,bandpass_0.5-50,outlier_z-score,stc,z-score,nearest15,"{""calibrate"": {""method"": ""stc""}, ""denoise"": {""fs"": 1000.0, ""high_freq"": 50.0, ""low_freq"": 0.5, ""method"": ""bandpass"", ""order"": 4}, ""interpolate"": {""method"": ""nearest"", ""target_K"": 15}, ""normalize"": {""method"": ""z-score""}, ""outliers"": {""factor"": 3.0, ""method"": ""z-score""}}",/home/test/bupt_hjk/SDP/test_wider/result/full_tests_new/widar_243+bandpass_0.5-50+outlier_z-score+stc+z-score+nearest15+mlpmodel,1851.45,,69.39393939393939,nearest
Widar,244,widar_244,bandpass_0.5-50+outlier_z-score+stc+z-score+decimate15,mlpmodel,ok,0.7101449275362319,0.695959595959596,bandpass_0.5-50,outlier_z-score,stc,z-score,decimate15,"{""calibrate"": {""method"": ""stc""}, ""denoise"": {""fs"": 1000.0, ""high_freq"": 50.0, ""low_freq"": 0.5, ""method"": ""bandpass"", ""order"": 4}, ""interpolate"": {""method"": ""decimate"", ""target_K"": 15}, ""normalize"": {""method"": ""z-score""}, ""outliers"": {""factor"": 3.0, ""method"": ""z-score""}}",/home/test/bupt_hjk/SDP/test_wider/result/full_tests_new/widar_244+bandpass_0.5-50+outlier_z-score+stc+z-score+decimate15+mlpmodel,1722.63,,69.5959595959596,decimate
Widar,245,widar_245,bandpass_0.5-50+outlier_z-score+stc+min-max+linear15,mlpmodel,ok,0.7004830917874396,0.6858585858585858,bandpass_0.5-50,outlier_z-score,stc,min-max,linear15,"{""calibrate"": {""method"": ""stc""}, ""denoise"": {""fs"": 1000.0, ""high_freq"": 50.0, ""low_freq"": 0.5, ""method"": ""bandpass"", ""order"": 4}, ""interpolate"": {""method"": ""linear"", ""target_K"": 15}, ""normalize"": {""method"": ""min-max""}, ""outliers"": {""factor"": 3.0, ""method"": ""z-score""}}",/home/test/bupt_hjk/SDP/test_wider/result/full_tests_new/widar_245+bandpass_0.5-50+outlier_z-score+stc+min-max+linear15+mlpmodel,1576.86,,68.58585858585859,linear
Widar,246,widar_246,bandpass_0.5-50+outlier_z-score+stc+min-max+cubic15,mlpmodel,ok,0.6956521739130435,0.6818181818181818,bandpass_0.5-50,outlier_z-score,stc,min-max,cubic15,"{""calibrate"": {""method"": ""stc""}, ""denoise"": {""fs"": 1000.0, ""high_freq"": 50.0, ""low_freq"": 0.5, ""method"": ""bandpass"", ""order"": 4}, ""interpolate"": {""method"": ""cubic"", ""target_K"": 15}, ""normalize"": {""method"": ""min-max""}, ""outliers"": {""factor"": 3.0, ""method"": ""z-score""}}",/home/test/bupt_hjk/SDP/test_wider/result/full_tests_new/widar_246+bandpass_0.5-50+outlier_z-score+stc+min-max+cubic15+mlpmodel,2139.0,,68.18181818181817,cubic
Widar,247,widar_247,bandpass_0.5-50+outlier_z-score+stc+min-max+nearest15,mlpmodel,ok,0.6966183574879227,0.6747474747474748,bandpass_0.5-50,outlier_z-score,stc,min-max,nearest15,"{""calibrate"": {""method"": ""stc""}, ""denoise"": {""fs"": 1000.0, ""high_freq"": 50.0, ""low_freq"": 0.5, ""method"": ""bandpass"", ""order"": 4}, ""interpolate"": {""method"": ""nearest"", ""target_K"": 15}, ""normalize"": {""method"": ""min-max""}, ""outliers"": {""factor"": 3.0, ""method"": ""z-score""}}",/home/test/bupt_hjk/SDP/test_wider/result/full_tests_new/widar_247+bandpass_0.5-50+outlier_z-score+stc+min-max+nearest15+mlpmodel,1485.04,,67.47474747474747,nearest
Widar,248,widar_248,bandpass_0.5-50+outlier_z-score+stc+min-max+decimate15,mlpmodel,ok,0.6956521739130435,0.6868686868686869,bandpass_0.5-50,outlier_z-score,stc,min-max,decimate15,"{""calibrate"": {""method"": ""stc""}, ""denoise"": {""fs"": 1000.0, ""high_freq"": 50.0, ""low_freq"": 0.5, ""method"": ""bandpass"", ""order"": 4}, ""interpolate"": {""method"": ""decimate"", ""target_K"": 15}, ""normalize"": {""method"": ""min-max""}, ""outliers"": {""factor"": 3.0, ""method"": ""z-score""}}",/home/test/bupt_hjk/SDP/test_wider/result/full_tests_new/widar_248+bandpass_0.5-50+outlier_z-score+stc+min-max+decimate15+mlpmodel,1189.66,,68.68686868686868,decimate
Widar,249,widar_249,bandpass_0.5-50+outlier_z-score+robust+z-score+linear15,mlpmodel,ok,0.6743961352657004,0.6444444444444445,bandpass_0.5-50,outlier_z-score,robust,z-score,linear15,"{""calibrate"": {""method"": ""robust""}, ""denoise"": {""fs"": 1000.0, ""high_freq"": 50.0, ""low_freq"": 0.5, ""method"": ""bandpass"", ""order"": 4}, ""interpolate"": {""method"": ""linear"", ""target_K"": 15}, ""normalize"": {""method"": ""z-score""}, ""outliers"": {""factor"": 3.0, ""method"": ""z-score""}}",/home/test/bupt_hjk/SDP/test_wider/result/full_tests_new/widar_249+bandpass_0.5-50+outlier_z-score+robust+z-score+linear15+mlpmodel,1576.51,,64.44444444444444,linear
Widar,250,widar_250,bandpass_0.5-50+outlier_z-score+robust+z-score+cubic15,mlpmodel,ok,0.6714975845410628,0.6383838383838384,bandpass_0.5-50,outlier_z-score,robust,z-score,cubic15,"{""calibrate"": {""method"": ""robust""}, ""denoise"": {""fs"": 1000.0, ""high_freq"": 50.0, ""low_freq"": 0.5, ""method"": ""bandpass"", ""order"": 4}, ""interpolate"": {""method"": ""cubic"", ""target_K"": 15}, ""normalize"": {""method"": ""z-score""}, ""outliers"": {""factor"": 3.0, ""method"": ""z-score""}}",/home/test/bupt_hjk/SDP/test_wider/result/full_tests_new/widar_250+bandpass_0.5-50+outlier_z-score+robust+z-score+cubic15+mlpmodel,2144.24,,63.83838383838384,cubic
Widar,251,widar_251,bandpass_0.5-50+outlier_z-score+robust+z-score+nearest15,mlpmodel,ok,0.6695652173913044,0.6575757575757576,bandpass_0.5-50,outlier_z-score,robust,z-score,nearest15,"{""calibrate"": {""method"": ""robust""}, ""denoise"": {""fs"": 1000.0, ""high_freq"": 50.0, ""low_freq"": 0.5, ""method"": ""bandpass"", ""order"": 4}, ""interpolate"": {""method"": ""nearest"", ""target_K"": 15}, ""normalize"": {""method"": ""z-score""}, ""outliers"": {""factor"": 3.0, ""method"": ""z-score""}}",/home/test/bupt_hjk/SDP/test_wider/result/full_tests_new/widar_251+bandpass_0.5-50+outlier_z-score+robust+z-score+nearest15+mlpmodel,1484.15,,65.75757575757576,nearest
Widar,252,widar_252,bandpass_0.5-50+outlier_z-score+robust+z-score+decimate15,mlpmodel,ok,0.6579710144927536,0.6323232323232323,bandpass_0.5-50,outlier_z-score,robust,z-score,decimate15,"{""calibrate"": {""method"": ""robust""}, ""denoise"": {""fs"": 1000.0, ""high_freq"": 50.0, ""low_freq"": 0.5, ""method"": ""bandpass"", ""order"": 4}, ""interpolate"": {""method"": ""decimate"", ""target_K"": 15}, ""normalize"": {""method"": ""z-score""}, ""outliers"": {""factor"": 3.0, ""method"": ""z-score""}}",/home/test/bupt_hjk/SDP/test_wider/result/full_tests_new/widar_252+bandpass_0.5-50+outlier_z-score+robust+z-score+decimate15+mlpmodel,1187.61,,63.23232323232323,decimate
Widar,253,widar_253,bandpass_0.5-50+outlier_z-score+robust+min-max+linear15,mlpmodel,ok,0.6202898550724637,0.5959595959595959,bandpass_0.5-50,outlier_z-score,robust,min-max,linear15,"{""calibrate"": {""method"": ""robust""}, ""denoise"": {""fs"": 1000.0, ""high_freq"": 50.0, ""low_freq"": 0.5, ""method"": ""bandpass"", ""order"": 4}, ""interpolate"": {""method"": ""linear"", ""target_K"": 15}, ""normalize"": {""method"": ""min-max""}, ""outliers"": {""factor"": 3.0, ""method"": ""z-score""}}",/home/test/bupt_hjk/SDP/test_wider/result/full_tests_new/widar_253+bandpass_0.5-50+outlier_z-score+robust+min-max+linear15+mlpmodel,1589.58,,59.59595959595959,linear
Widar,254,widar_254,bandpass_0.5-50+outlier_z-score+robust+min-max+cubic15,mlpmodel,ok,0.6260869565217392,0.597979797979798,bandpass_0.5-50,outlier_z-score,robust,min-max,cubic15,"{""calibrate"": {""method"": ""robust""}, ""denoise"": {""fs"": 1000.0, ""high_freq"": 50.0, ""low_freq"": 0.5, ""method"": ""bandpass"", ""order"": 4}, ""interpolate"": {""method"": ""cubic"", ""target_K"": 15}, ""normalize"": {""method"": ""min-max""}, ""outliers"": {""factor"": 3.0, ""method"": ""z-score""}}",/home/test/bupt_hjk/SDP/test_wider/result/full_tests_new/widar_254+bandpass_0.5-50+outlier_z-score+robust+min-max+cubic15+mlpmodel,2142.29,,59.79797979797979,cubic
Widar,255,widar_255,bandpass_0.5-50+outlier_z-score+robust+min-max+nearest15,mlpmodel,ok,0.6270531400966184,0.6161616161616161,bandpass_0.5-50,outlier_z-score,robust,min-max,nearest15,"{""calibrate"": {""method"": ""robust""}, ""denoise"": {""fs"": 1000.0, ""high_freq"": 50.0, ""low_freq"": 0.5, ""method"": ""bandpass"", ""order"": 4}, ""interpolate"": {""method"": ""nearest"", ""target_K"": 15}, ""normalize"": {""method"": ""min-max""}, ""outliers"": {""factor"": 3.0, ""method"": ""z-score""}}",/home/test/bupt_hjk/SDP/test_wider/result/full_tests_new/widar_255+bandpass_0.5-50+outlier_z-score+robust+min-max+nearest15+mlpmodel,1497.88,,61.61616161616161,nearest
Widar,256,widar_256,bandpass_0.5-50+outlier_z-score+robust+min-max+decimate15,mlpmodel,ok,0.6067632850241546,0.5858585858585859,bandpass_0.5-50,outlier_z-score,robust,min-max,decimate15,"{""calibrate"": {""method"": ""robust""}, ""denoise"": {""fs"": 1000.0, ""high_freq"": 50.0, ""low_freq"": 0.5, ""method"": ""bandpass"", ""order"": 4}, ""interpolate"": {""method"": ""decimate"", ""target_K"": 15}, ""normalize"": {""method"": ""min-max""}, ""outliers"": {""factor"": 3.0, ""method"": ""z-score""}}",/home/test/bupt_hjk/SDP/test_wider/result/full_tests_new/widar_256+bandpass_0.5-50+outlier_z-score+robust+min-max+decimate15+mlpmodel,1200.93,,58.58585858585859,decimate
Widar,257,widar_257,hampel_w5_s3+iqr+linear+z-score+linear15,mlpmodel,ok,0.7159420289855072,0.696969696969697,hampel_w5_s3,iqr,linear,z-score,linear15,"{""calibrate"": {""method"": ""linear""}, ""denoise"": {""method"": ""hampel"", ""n_sigma"": 3.0, ""window_size"": 5}, ""interpolate"": {""method"": ""linear"", ""target_K"": 15}, ""normalize"": {""method"": ""z-score""}, ""outliers"": {""factor"": 1.5, ""method"": ""iqr""}}",/home/test/bupt_hjk/SDP/test_wider/result/full_tests_new/widar_257+hampel_w5_s3+iqr+linear+z-score+linear15+mlpmodel,1586.78,,69.6969696969697,linear
Widar,258,widar_258,hampel_w5_s3+iqr+linear+z-score+cubic15,mlpmodel,ok,0.7207729468599033,0.6989898989898989,hampel_w5_s3,iqr,linear,z-score,cubic15,"{""calibrate"": {""method"": ""linear""}, ""denoise"": {""method"": ""hampel"", ""n_sigma"": 3.0, ""window_size"": 5}, ""interpolate"": {""method"": ""cubic"", ""target_K"": 15}, ""normalize"": {""method"": ""z-score""}, ""outliers"": {""factor"": 1.5, ""method"": ""iqr""}}",/home/test/bupt_hjk/SDP/test_wider/result/full_tests_new/widar_258+hampel_w5_s3+iqr+linear+z-score+cubic15+mlpmodel,2113.98,,69.8989898989899,cubic
Widar,259,widar_259,hampel_w5_s3+iqr+linear+z-score+nearest15,mlpmodel,ok,0.7227053140096618,0.7191919191919192,hampel_w5_s3,iqr,linear,z-score,nearest15,"{""calibrate"": {""method"": ""linear""}, ""denoise"": {""method"": ""hampel"", ""n_sigma"": 3.0, ""window_size"": 5}, ""interpolate"": {""method"": ""nearest"", ""target_K"": 15}, ""normalize"": {""method"": ""z-score""}, ""outliers"": {""factor"": 1.5, ""method"": ""iqr""}}",/home/test/bupt_hjk/SDP/test_wider/result/full_tests_new/widar_259+hampel_w5_s3+iqr+linear+z-score+nearest15+mlpmodel,1498.59,,71.91919191919192,nearest
Widar,260,widar_260,hampel_w5_s3+iqr+linear+z-score+decimate15,mlpmodel,ok,0.7053140096618357,0.6737373737373737,hampel_w5_s3,iqr,linear,z-score,decimate15,"{""calibrate"": {""method"": ""linear""}, ""denoise"": {""method"": ""hampel"", ""n_sigma"": 3.0, ""window_size"": 5}, ""interpolate"": {""method"": ""decimate"", ""target_K"": 15}, ""normalize"": {""method"": ""z-score""}, ""outliers"": {""factor"": 1.5, ""method"": ""iqr""}}",/home/test/bupt_hjk/SDP/test_wider/result/full_tests_new/widar_260+hampel_w5_s3+iqr+linear+z-score+decimate15+mlpmodel,1209.02,,67.37373737373737,decimate
Widar,261,widar_261,hampel_w5_s3+iqr+linear+min-max+linear15,mlpmodel,ok,0.6695652173913044,0.6383838383838384,hampel_w5_s3,iqr,linear,min-max,linear15,"{""calibrate"": {""method"": ""linear""}, ""denoise"": {""method"": ""hampel"", ""n_sigma"": 3.0, ""window_size"": 5}, ""interpolate"": {""method"": ""linear"", ""target_K"": 15}, ""normalize"": {""method"": ""min-max""}, ""outliers"": {""factor"": 1.5, ""method"": ""iqr""}}",/home/test/bupt_hjk/SDP/test_wider/result/full_tests_new/widar_261+hampel_w5_s3+iqr+linear+min-max+linear15+mlpmodel,1568.83,,63.83838383838384,linear
Widar,262,widar_262,hampel_w5_s3+iqr+linear+min-max+cubic15,mlpmodel,ok,0.6473429951690821,0.6181818181818182,hampel_w5_s3,iqr,linear,min-max,cubic15,"{""calibrate"": {""method"": ""linear""}, ""denoise"": {""method"": ""hampel"", ""n_sigma"": 3.0, ""window_size"": 5}, ""interpolate"": {""method"": ""cubic"", ""target_K"": 15}, ""normalize"": {""method"": ""min-max""}, ""outliers"": {""factor"": 1.5, ""method"": ""iqr""}}",/home/test/bupt_hjk/SDP/test_wider/result/full_tests_new/widar_262+hampel_w5_s3+iqr+linear+min-max+cubic15+mlpmodel,2112.63,,61.81818181818181,cubic
Widar,263,widar_263,hampel_w5_s3+iqr+linear+min-max+nearest15,mlpmodel,ok,0.6714975845410628,0.6484848484848484,hampel_w5_s3,iqr,linear,min-max,nearest15,"{""calibrate"": {""method"": ""linear""}, ""denoise"": {""method"": ""hampel"", ""n_sigma"": 3.0, ""window_size"": 5}, ""interpolate"": {""method"": ""nearest"", ""target_K"": 15}, ""normalize"": {""method"": ""min-max""}, ""outliers"": {""factor"": 1.5, ""method"": ""iqr""}}",/home/test/bupt_hjk/SDP/test_wider/result/full_tests_new/widar_263+hampel_w5_s3+iqr+linear+min-max+nearest15+mlpmodel,1504.83,,64.84848484848484,nearest
Widar,264,widar_264,hampel_w5_s3+iqr+linear+min-max+decimate15,mlpmodel,ok,0.646376811594203,0.6303030303030303,hampel_w5_s3,iqr,linear,min-max,decimate15,"{""calibrate"": {""method"": ""linear""}, ""denoise"": {""method"": ""hampel"", ""n_sigma"": 3.0, ""window_size"": 5}, ""interpolate"": {""method"": ""decimate"", ""target_K"": 15}, ""normalize"": {""method"": ""min-max""}, ""outliers"": {""factor"": 1.5, ""method"": ""iqr""}}",/home/test/bupt_hjk/SDP/test_wider/result/full_tests_new/widar_264+hampel_w5_s3+iqr+linear+min-max+decimate15+mlpmodel,1210.06,,63.030303030303024,decimate
Widar,265,widar_265,hampel_w5_s3+iqr+polynomial_d3+z-score+linear15,mlpmodel,ok,0.7014492753623189,0.693939393939394,hampel_w5_s3,iqr,polynomial_d3,z-score,linear15,"{""calibrate"": {""degree"": 3, ""method"": ""polynomial""}, ""denoise"": {""method"": ""hampel"", ""n_sigma"": 3.0, ""window_size"": 5}, ""interpolate"": {""method"": ""linear"", ""target_K"": 15}, ""normalize"": {""method"": ""z-score""}, ""outliers"": {""factor"": 1.5, ""method"": ""iqr""}}",/home/test/bupt_hjk/SDP/test_wider/result/full_tests_new/widar_265+hampel_w5_s3+iqr+polynomial_d3+z-score+linear15+mlpmodel,1569.43,,69.39393939393939,linear
Widar,266,widar_266,hampel_w5_s3+iqr+polynomial_d3+z-score+cubic15,mlpmodel,ok,0.7111111111111111,0.6888888888888889,hampel_w5_s3,iqr,polynomial_d3,z-score,cubic15,"{""calibrate"": {""degree"": 3, ""method"": ""polynomial""}, ""denoise"": {""method"": ""hampel"", ""n_sigma"": 3.0, ""window_size"": 5}, ""interpolate"": {""method"": ""cubic"", ""target_K"": 15}, ""normalize"": {""method"": ""z-score""}, ""outliers"": {""factor"": 1.5, ""method"": ""iqr""}}",/home/test/bupt_hjk/SDP/test_wider/result/full_tests_new/widar_266+hampel_w5_s3+iqr+polynomial_d3+z-score+cubic15+mlpmodel,2113.36,,68.88888888888889,cubic
Widar,267,widar_267,hampel_w5_s3+iqr+polynomial_d3+z-score+nearest15,mlpmodel,ok,0.7217391304347827,0.6777777777777778,hampel_w5_s3,iqr,polynomial_d3,z-score,nearest15,"{""calibrate"": {""degree"": 3, ""method"": ""polynomial""}, ""denoise"": {""method"": ""hampel"", ""n_sigma"": 3.0, ""window_size"": 5}, ""interpolate"": {""method"": ""nearest"", ""target_K"": 15}, ""normalize"": {""method"": ""z-score""}, ""outliers"": {""factor"": 1.5, ""method"": ""iqr""}}",/home/test/bupt_hjk/SDP/test_wider/result/full_tests_new/widar_267+hampel_w5_s3+iqr+polynomial_d3+z-score+nearest15+mlpmodel,1487.57,,67.77777777777779,nearest
Widar,268,widar_268,hampel_w5_s3+iqr+polynomial_d3+z-score+decimate15,mlpmodel,ok,0.693719806763285,0.6626262626262627,hampel_w5_s3,iqr,polynomial_d3,z-score,decimate15,"{""calibrate"": {""degree"": 3, ""method"": ""polynomial""}, ""denoise"": {""method"": ""hampel"", ""n_sigma"": 3.0, ""window_size"": 5}, ""interpolate"": {""method"": ""decimate"", ""target_K"": 15}, ""normalize"": {""method"": ""z-score""}, ""outliers"": {""factor"": 1.5, ""method"": ""iqr""}}",/home/test/bupt_hjk/SDP/test_wider/result/full_tests_new/widar_268+hampel_w5_s3+iqr+polynomial_d3+z-score+decimate15+mlpmodel,1193.56,,66.26262626262627,decimate
Widar,269,widar_269,hampel_w5_s3+iqr+polynomial_d3+min-max+linear15,mlpmodel,ok,0.6695652173913044,0.6292929292929293,hampel_w5_s3,iqr,polynomial_d3,min-max,linear15,"{""calibrate"": {""degree"": 3, ""method"": ""polynomial""}, ""denoise"": {""method"": ""hampel"", ""n_sigma"": 3.0, ""window_size"": 5}, ""interpolate"": {""method"": ""linear"", ""target_K"": 15}, ""normalize"": {""method"": ""min-max""}, ""outliers"": {""factor"": 1.5, ""method"": ""iqr""}}",/home/test/bupt_hjk/SDP/test_wider/result/full_tests_new/widar_269+hampel_w5_s3+iqr+polynomial_d3+min-max+linear15+mlpmodel,1566.42,,62.929292929292934,linear
Widar,270,widar_270,hampel_w5_s3+iqr+polynomial_d3+min-max+cubic15,mlpmodel,ok,0.6589371980676328,0.6353535353535353,hampel_w5_s3,iqr,polynomial_d3,min-max,cubic15,"{""calibrate"": {""degree"": 3, ""method"": ""polynomial""}, ""denoise"": {""method"": ""hampel"", ""n_sigma"": 3.0, ""window_size"": 5}, ""interpolate"": {""method"": ""cubic"", ""target_K"": 15}, ""normalize"": {""method"": ""min-max""}, ""outliers"": {""factor"": 1.5, ""method"": ""iqr""}}",/home/test/bupt_hjk/SDP/test_wider/result/full_tests_new/widar_270+hampel_w5_s3+iqr+polynomial_d3+min-max+cubic15+mlpmodel,2111.32,,63.535353535353536,cubic
Widar,271,widar_271,hampel_w5_s3+iqr+polynomial_d3+min-max+nearest15,mlpmodel,ok,0.6743961352657004,0.6262626262626263,hampel_w5_s3,iqr,polynomial_d3,min-max,nearest15,"{""calibrate"": {""degree"": 3, ""method"": ""polynomial""}, ""denoise"": {""method"": ""hampel"", ""n_sigma"": 3.0, ""window_size"": 5}, ""interpolate"": {""method"": ""nearest"", ""target_K"": 15}, ""normalize"": {""method"": ""min-max""}, ""outliers"": {""factor"": 1.5, ""method"": ""iqr""}}",/home/test/bupt_hjk/SDP/test_wider/result/full_tests_new/widar_271+hampel_w5_s3+iqr+polynomial_d3+min-max+nearest15+mlpmodel,1485.86,,62.62626262626263,nearest
Widar,272,widar_272,hampel_w5_s3+iqr+polynomial_d3+min-max+decimate15,mlpmodel,ok,0.663768115942029,0.6181818181818182,hampel_w5_s3,iqr,polynomial_d3,min-max,decimate15,"{""calibrate"": {""degree"": 3, ""method"": ""polynomial""}, ""denoise"": {""method"": ""hampel"", ""n_sigma"": 3.0, ""window_size"": 5}, ""interpolate"": {""method"": ""decimate"", ""target_K"": 15}, ""normalize"": {""method"": ""min-max""}, ""outliers"": {""factor"": 1.5, ""method"": ""iqr""}}",/home/test/bupt_hjk/SDP/test_wider/result/full_tests_new/widar_272+hampel_w5_s3+iqr+polynomial_d3+min-max+decimate15+mlpmodel,1191.6,,61.81818181818181,decimate
Widar,273,widar_273,hampel_w5_s3+iqr+stc+z-score+linear15,mlpmodel,ok,0.7198067632850241,0.704040404040404,hampel_w5_s3,iqr,stc,z-score,linear15,"{""calibrate"": {""method"": ""stc""}, ""denoise"": {""method"": ""hampel"", ""n_sigma"": 3.0, ""window_size"": 5}, ""interpolate"": {""method"": ""linear"", ""target_K"": 15}, ""normalize"": {""method"": ""z-score""}, ""outliers"": {""factor"": 1.5, ""method"": ""iqr""}}",/home/test/bupt_hjk/SDP/test_wider/result/full_tests_new/widar_273+hampel_w5_s3+iqr+stc+z-score+linear15+mlpmodel,1565.13,,70.4040404040404,linear
Widar,274,widar_274,hampel_w5_s3+iqr+stc+z-score+cubic15,mlpmodel,ok,0.7159420289855072,0.696969696969697,hampel_w5_s3,iqr,stc,z-score,cubic15,"{""calibrate"": {""method"": ""stc""}, ""denoise"": {""method"": ""hampel"", ""n_sigma"": 3.0, ""window_size"": 5}, ""interpolate"": {""method"": ""cubic"", ""target_K"": 15}, ""normalize"": {""method"": ""z-score""}, ""outliers"": {""factor"": 1.5, ""method"": ""iqr""}}",/home/test/bupt_hjk/SDP/test_wider/result/full_tests_new/widar_274+hampel_w5_s3+iqr+stc+z-score+cubic15+mlpmodel,2118.74,,69.6969696969697,cubic
Widar,275,widar_275,hampel_w5_s3+iqr+stc+z-score+nearest15,mlpmodel,ok,0.7207729468599033,0.7191919191919192,hampel_w5_s3,iqr,stc,z-score,nearest15,"{""calibrate"": {""method"": ""stc""}, ""denoise"": {""method"": ""hampel"", ""n_sigma"": 3.0, ""window_size"": 5}, ""interpolate"": {""method"": ""nearest"", ""target_K"": 15}, ""normalize"": {""method"": ""z-score""}, ""outliers"": {""factor"": 1.5, ""method"": ""iqr""}}",/home/test/bupt_hjk/SDP/test_wider/result/full_tests_new/widar_275+hampel_w5_s3+iqr+stc+z-score+nearest15+mlpmodel,1486.59,,71.91919191919192,nearest
Widar,276,widar_276,hampel_w5_s3+iqr+stc+z-score+decimate15,mlpmodel,ok,0.7091787439613526,0.6696969696969697,hampel_w5_s3,iqr,stc,z-score,decimate15,"{""calibrate"": {""method"": ""stc""}, ""denoise"": {""method"": ""hampel"", ""n_sigma"": 3.0, ""window_size"": 5}, ""interpolate"": {""method"": ""decimate"", ""target_K"": 15}, ""normalize"": {""method"": ""z-score""}, ""outliers"": {""factor"": 1.5, ""method"": ""iqr""}}",/home/test/bupt_hjk/SDP/test_wider/result/full_tests_new/widar_276+hampel_w5_s3+iqr+stc+z-score+decimate15+mlpmodel,1188.85,,66.96969696969697,decimate
Widar,277,widar_277,hampel_w5_s3+iqr+stc+min-max+linear15,mlpmodel,ok,0.6676328502415458,0.6343434343434343,hampel_w5_s3,iqr,stc,min-max,linear15,"{""calibrate"": {""method"": ""stc""}, ""denoise"": {""method"": ""hampel"", ""n_sigma"": 3.0, ""window_size"": 5}, ""interpolate"": {""method"": ""linear"", ""target_K"": 15}, ""normalize"": {""method"": ""min-max""}, ""outliers"": {""factor"": 1.5, ""method"": ""iqr""}}",/home/test/bupt_hjk/SDP/test_wider/result/full_tests_new/widar_277+hampel_w5_s3+iqr+stc+min-max+linear15+mlpmodel,1576.23,,63.43434343434343,linear
Widar,278,widar_278,hampel_w5_s3+iqr+stc+min-max+cubic15,mlpmodel,ok,0.6695652173913044,0.6414141414141414,hampel_w5_s3,iqr,stc,min-max,cubic15,"{""calibrate"": {""method"": ""stc""}, ""denoise"": {""method"": ""hampel"", ""n_sigma"": 3.0, ""window_size"": 5}, ""interpolate"": {""method"": ""cubic"", ""target_K"": 15}, ""normalize"": {""method"": ""min-max""}, ""outliers"": {""factor"": 1.5, ""method"": ""iqr""}}",/home/test/bupt_hjk/SDP/test_wider/result/full_tests_new/widar_278+hampel_w5_s3+iqr+stc+min-max+cubic15+mlpmodel,2120.71,,64.14141414141415,cubic
Widar,279,widar_279,hampel_w5_s3+iqr+stc+min-max+nearest15,mlpmodel,ok,0.6492753623188406,0.6414141414141414,hampel_w5_s3,iqr,stc,min-max,nearest15,"{""calibrate"": {""method"": ""stc""}, ""denoise"": {""method"": ""hampel"", ""n_sigma"": 3.0, ""window_size"": 5}, ""interpolate"": {""method"": ""nearest"", ""target_K"": 15}, ""normalize"": {""method"": ""min-max""}, ""outliers"": {""factor"": 1.5, ""method"": ""iqr""}}",/home/test/bupt_hjk/SDP/test_wider/result/full_tests_new/widar_279+hampel_w5_s3+iqr+stc+min-max+nearest15+mlpmodel,1486.88,,64.14141414141415,nearest
Widar,280,widar_280,hampel_w5_s3+iqr+stc+min-max+decimate15,mlpmodel,ok,0.6473429951690821,0.6282828282828283,hampel_w5_s3,iqr,stc,min-max,decimate15,"{""calibrate"": {""method"": ""stc""}, ""denoise"": {""method"": ""hampel"", ""n_sigma"": 3.0, ""window_size"": 5}, ""interpolate"": {""method"": ""decimate"", ""target_K"": 15}, ""normalize"": {""method"": ""min-max""}, ""outliers"": {""factor"": 1.5, ""method"": ""iqr""}}",/home/test/bupt_hjk/SDP/test_wider/result/full_tests_new/widar_280+hampel_w5_s3+iqr+stc+min-max+decimate15+mlpmodel,1184.04,,62.82828282828283,decimate
Widar,281,widar_281,hampel_w5_s3+iqr+robust+z-score+linear15,mlpmodel,ok,0.6541062801932367,0.6484848484848484,hampel_w5_s3,iqr,robust,z-score,linear15,"{""calibrate"": {""method"": ""robust""}, ""denoise"": {""method"": ""hampel"", ""n_sigma"": 3.0, ""window_size"": 5}, ""interpolate"": {""method"": ""linear"", ""target_K"": 15}, ""normalize"": {""method"": ""z-score""}, ""outliers"": {""factor"": 1.5, ""method"": ""iqr""}}",/home/test/bupt_hjk/SDP/test_wider/result/full_tests_new/widar_281+hampel_w5_s3+iqr+robust+z-score+linear15+mlpmodel,1575.66,,64.84848484848484,linear
Widar,282,widar_282,hampel_w5_s3+iqr+robust+z-score+cubic15,mlpmodel,ok,0.6502415458937197,0.6383838383838384,hampel_w5_s3,iqr,robust,z-score,cubic15,"{""calibrate"": {""method"": ""robust""}, ""denoise"": {""method"": ""hampel"", ""n_sigma"": 3.0, ""window_size"": 5}, ""interpolate"": {""method"": ""cubic"", ""target_K"": 15}, ""normalize"": {""method"": ""z-score""}, ""outliers"": {""factor"": 1.5, ""method"": ""iqr""}}",/home/test/bupt_hjk/SDP/test_wider/result/full_tests_new/widar_282+hampel_w5_s3+iqr+robust+z-score+cubic15+mlpmodel,2121.07,,63.83838383838384,cubic
Widar,283,widar_283,hampel_w5_s3+iqr+robust+z-score+nearest15,mlpmodel,ok,0.6647342995169082,0.6262626262626263,hampel_w5_s3,iqr,robust,z-score,nearest15,"{""calibrate"": {""method"": ""robust""}, ""denoise"": {""method"": ""hampel"", ""n_sigma"": 3.0, ""window_size"": 5}, ""interpolate"": {""method"": ""nearest"", ""target_K"": 15}, ""normalize"": {""method"": ""z-score""}, ""outliers"": {""factor"": 1.5, ""method"": ""iqr""}}",/home/test/bupt_hjk/SDP/test_wider/result/full_tests_new/widar_283+hampel_w5_s3+iqr+robust+z-score+nearest15+mlpmodel,1482.71,,62.62626262626263,nearest
Widar,284,widar_284,hampel_w5_s3+iqr+robust+z-score+decimate15,mlpmodel,ok,0.6434782608695652,0.6161616161616161,hampel_w5_s3,iqr,robust,z-score,decimate15,"{""calibrate"": {""method"": ""robust""}, ""denoise"": {""method"": ""hampel"", ""n_sigma"": 3.0, ""window_size"": 5}, ""interpolate"": {""method"": ""decimate"", ""target_K"": 15}, ""normalize"": {""method"": ""z-score""}, ""outliers"": {""factor"": 1.5, ""method"": ""iqr""}}",/home/test/bupt_hjk/SDP/test_wider/result/full_tests_new/widar_284+hampel_w5_s3+iqr+robust+z-score+decimate15+mlpmodel,1187.81,,61.61616161616161,decimate
Widar,285,widar_285,hampel_w5_s3+iqr+robust+min-max+linear15,mlpmodel,ok,0.5816425120772947,0.5555555555555556,hampel_w5_s3,iqr,robust,min-max,linear15,"{""calibrate"": {""method"": ""robust""}, ""denoise"": {""method"": ""hampel"", ""n_sigma"": 3.0, ""window_size"": 5}, ""interpolate"": {""method"": ""linear"", ""target_K"": 15}, ""normalize"": {""method"": ""min-max""}, ""outliers"": {""factor"": 1.5, ""method"": ""iqr""}}",/home/test/bupt_hjk/SDP/test_wider/result/full_tests_new/widar_285+hampel_w5_s3+iqr+robust+min-max+linear15+mlpmodel,1574.11,,55.55555555555556,linear
Widar,286,widar_286,hampel_w5_s3+iqr+robust+min-max+cubic15,mlpmodel,ok,0.5806763285024155,0.5636363636363636,hampel_w5_s3,iqr,robust,min-max,cubic15,"{""calibrate"": {""method"": ""robust""}, ""denoise"": {""method"": ""hampel"", ""n_sigma"": 3.0, ""window_size"": 5}, ""interpolate"": {""method"": ""cubic"", ""target_K"": 15}, ""normalize"": {""method"": ""min-max""}, ""outliers"": {""factor"": 1.5, ""method"": ""iqr""}}",/home/test/bupt_hjk/SDP/test_wider/result/full_tests_new/widar_286+hampel_w5_s3+iqr+robust+min-max+cubic15+mlpmodel,2114.0,,56.36363636363636,cubic
Widar,287,widar_287,hampel_w5_s3+iqr+robust+min-max+nearest15,mlpmodel,ok,0.5806763285024155,0.5787878787878787,hampel_w5_s3,iqr,robust,min-max,nearest15,"{""calibrate"": {""method"": ""robust""}, ""denoise"": {""method"": ""hampel"", ""n_sigma"": 3.0, ""window_size"": 5}, ""interpolate"": {""method"": ""nearest"", ""target_K"": 15}, ""normalize"": {""method"": ""min-max""}, ""outliers"": {""factor"": 1.5, ""method"": ""iqr""}}",/home/test/bupt_hjk/SDP/test_wider/result/full_tests_new/widar_287+hampel_w5_s3+iqr+robust+min-max+nearest15+mlpmodel,1479.55,,57.878787878787875,nearest
Widar,288,widar_288,hampel_w5_s3+iqr+robust+min-max+decimate15,mlpmodel,ok,0.5661835748792271,0.5515151515151515,hampel_w5_s3,iqr,robust,min-max,decimate15,"{""calibrate"": {""method"": ""robust""}, ""denoise"": {""method"": ""hampel"", ""n_sigma"": 3.0, ""window_size"": 5}, ""interpolate"": {""method"": ""decimate"", ""target_K"": 15}, ""normalize"": {""method"": ""min-max""}, ""outliers"": {""factor"": 1.5, ""method"": ""iqr""}}",/home/test/bupt_hjk/SDP/test_wider/result/full_tests_new/widar_288+hampel_w5_s3+iqr+robust+min-max+decimate15+mlpmodel,1189.73,,55.15151515151515,decimate
Widar,289,widar_289,hampel_w5_s3+outlier_z-score+linear+z-score+linear15,mlpmodel,ok,0.706280193236715,0.701010101010101,hampel_w5_s3,outlier_z-score,linear,z-score,linear15,"{""calibrate"": {""method"": ""linear""}, ""denoise"": {""method"": ""hampel"", ""n_sigma"": 3.0, ""window_size"": 5}, ""interpolate"": {""method"": ""linear"", ""target_K"": 15}, ""normalize"": {""method"": ""z-score""}, ""outliers"": {""factor"": 3.0, ""method"": ""z-score""}}",/home/test/bupt_hjk/SDP/test_wider/result/full_tests_new/widar_289+hampel_w5_s3+outlier_z-score+linear+z-score+linear15+mlpmodel,1550.32,,70.1010101010101,linear
Widar,290,widar_290,hampel_w5_s3+outlier_z-score+linear+z-score+cubic15,mlpmodel,ok,0.7178743961352657,0.7181818181818181,hampel_w5_s3,outlier_z-score,linear,z-score,cubic15,"{""calibrate"": {""method"": ""linear""}, ""denoise"": {""method"": ""hampel"", ""n_sigma"": 3.0, ""window_size"": 5}, ""interpolate"": {""method"": ""cubic"", ""target_K"": 15}, ""normalize"": {""method"": ""z-score""}, ""outliers"": {""factor"": 3.0, ""method"": ""z-score""}}",/home/test/bupt_hjk/SDP/test_wider/result/full_tests_new/widar_290+hampel_w5_s3+outlier_z-score+linear+z-score+cubic15+mlpmodel,2107.93,,71.81818181818181,cubic
Widar,291,widar_291,hampel_w5_s3+outlier_z-score+linear+z-score+nearest15,mlpmodel,ok,0.7149758454106281,0.7313131313131314,hampel_w5_s3,outlier_z-score,linear,z-score,nearest15,"{""calibrate"": {""method"": ""linear""}, ""denoise"": {""method"": ""hampel"", ""n_sigma"": 3.0, ""window_size"": 5}, ""interpolate"": {""method"": ""nearest"", ""target_K"": 15}, ""normalize"": {""method"": ""z-score""}, ""outliers"": {""factor"": 3.0, ""method"": ""z-score""}}",/home/test/bupt_hjk/SDP/test_wider/result/full_tests_new/widar_291+hampel_w5_s3+outlier_z-score+linear+z-score+nearest15+mlpmodel,1486.88,,73.13131313131314,nearest
Widar,292,widar_292,hampel_w5_s3+outlier_z-score+linear+z-score+decimate15,mlpmodel,ok,0.7053140096618357,0.6767676767676768,hampel_w5_s3,outlier_z-score,linear,z-score,decimate15,"{""calibrate"": {""method"": ""linear""}, ""denoise"": {""method"": ""hampel"", ""n_sigma"": 3.0, ""window_size"": 5}, ""interpolate"": {""method"": ""decimate"", ""target_K"": 15}, ""normalize"": {""method"": ""z-score""}, ""outliers"": {""factor"": 3.0, ""method"": ""z-score""}}",/home/test/bupt_hjk/SDP/test_wider/result/full_tests_new/widar_292+hampel_w5_s3+outlier_z-score+linear+z-score+decimate15+mlpmodel,1202.73,,67.67676767676768,decimate
Widar,293,widar_293,hampel_w5_s3+outlier_z-score+linear+min-max+linear15,mlpmodel,ok,0.6357487922705314,0.6373737373737374,hampel_w5_s3,outlier_z-score,linear,min-max,linear15,"{""calibrate"": {""method"": ""linear""}, ""denoise"": {""method"": ""hampel"", ""n_sigma"": 3.0, ""window_size"": 5}, ""interpolate"": {""method"": ""linear"", ""target_K"": 15}, ""normalize"": {""method"": ""min-max""}, ""outliers"": {""factor"": 3.0, ""method"": ""z-score""}}",/home/test/bupt_hjk/SDP/test_wider/result/full_tests_new/widar_293+hampel_w5_s3+outlier_z-score+linear+min-max+linear15+mlpmodel,1560.64,,63.73737373737374,linear
Widar,294,widar_294,hampel_w5_s3+outlier_z-score+linear+min-max+cubic15,mlpmodel,ok,0.6521739130434783,0.6393939393939394,hampel_w5_s3,outlier_z-score,linear,min-max,cubic15,"{""calibrate"": {""method"": ""linear""}, ""denoise"": {""method"": ""hampel"", ""n_sigma"": 3.0, ""window_size"": 5}, ""interpolate"": {""method"": ""cubic"", ""target_K"": 15}, ""normalize"": {""method"": ""min-max""}, ""outliers"": {""factor"": 3.0, ""method"": ""z-score""}}",/home/test/bupt_hjk/SDP/test_wider/result/full_tests_new/widar_294+hampel_w5_s3+outlier_z-score+linear+min-max+cubic15+mlpmodel,2117.48,,63.93939393939394,cubic
Widar,295,widar_295,hampel_w5_s3+outlier_z-score+linear+min-max+nearest15,mlpmodel,ok,0.6357487922705314,0.6272727272727273,hampel_w5_s3,outlier_z-score,linear,min-max,nearest15,"{""calibrate"": {""method"": ""linear""}, ""denoise"": {""method"": ""hampel"", ""n_sigma"": 3.0, ""window_size"": 5}, ""interpolate"": {""method"": ""nearest"", ""target_K"": 15}, ""normalize"": {""method"": ""min-max""}, ""outliers"": {""factor"": 3.0, ""method"": ""z-score""}}",/home/test/bupt_hjk/SDP/test_wider/result/full_tests_new/widar_295+hampel_w5_s3+outlier_z-score+linear+min-max+nearest15+mlpmodel,1502.03,,62.727272727272734,nearest
Widar,296,widar_296,hampel_w5_s3+outlier_z-score+linear+min-max+decimate15,mlpmodel,ok,0.6347826086956522,0.6181818181818182,hampel_w5_s3,outlier_z-score,linear,min-max,decimate15,"{""calibrate"": {""method"": ""linear""}, ""denoise"": {""method"": ""hampel"", ""n_sigma"": 3.0, ""window_size"": 5}, ""interpolate"": {""method"": ""decimate"", ""target_K"": 15}, ""normalize"": {""method"": ""min-max""}, ""outliers"": {""factor"": 3.0, ""method"": ""z-score""}}",/home/test/bupt_hjk/SDP/test_wider/result/full_tests_new/widar_296+hampel_w5_s3+outlier_z-score+linear+min-max+decimate15+mlpmodel,1206.8,,61.81818181818181,decimate
Widar,297,widar_297,hampel_w5_s3+outlier_z-score+polynomial_d3+z-score+linear15,mlpmodel,ok,0.6956521739130435,0.6747474747474748,hampel_w5_s3,outlier_z-score,polynomial_d3,z-score,linear15,"{""calibrate"": {""degree"": 3, ""method"": ""polynomial""}, ""denoise"": {""method"": ""hampel"", ""n_sigma"": 3.0, ""window_size"": 5}, ""interpolate"": {""method"": ""linear"", ""target_K"": 15}, ""normalize"": {""method"": ""z-score""}, ""outliers"": {""factor"": 3.0, ""method"": ""z-score""}}",/home/test/bupt_hjk/SDP/test_wider/result/full_tests_new/widar_297+hampel_w5_s3+outlier_z-score+polynomial_d3+z-score+linear15+mlpmodel,1577.24,,67.47474747474747,linear
Widar,298,widar_298,hampel_w5_s3+outlier_z-score+polynomial_d3+z-score+cubic15,mlpmodel,ok,0.702415458937198,0.6909090909090909,hampel_w5_s3,outlier_z-score,polynomial_d3,z-score,cubic15,"{""calibrate"": {""degree"": 3, ""method"": ""polynomial""}, ""denoise"": {""method"": ""hampel"", ""n_sigma"": 3.0, ""window_size"": 5}, ""interpolate"": {""method"": ""cubic"", ""target_K"": 15}, ""normalize"": {""method"": ""z-score""}, ""outliers"": {""factor"": 3.0, ""method"": ""z-score""}}",/home/test/bupt_hjk/SDP/test_wider/result/full_tests_new/widar_298+hampel_w5_s3+outlier_z-score+polynomial_d3+z-score+cubic15+mlpmodel,2124.86,,69.0909090909091,cubic
Widar,299,widar_299,hampel_w5_s3+outlier_z-score+polynomial_d3+z-score+nearest15,mlpmodel,ok,0.7091787439613526,0.6757575757575758,hampel_w5_s3,outlier_z-score,polynomial_d3,z-score,nearest15,"{""calibrate"": {""degree"": 3, ""method"": ""polynomial""}, ""denoise"": {""method"": ""hampel"", ""n_sigma"": 3.0, ""window_size"": 5}, ""interpolate"": {""method"": ""nearest"", ""target_K"": 15}, ""normalize"": {""method"": ""z-score""}, ""outliers"": {""factor"": 3.0, ""method"": ""z-score""}}",/home/test/bupt_hjk/SDP/test_wider/result/full_tests_new/widar_299+hampel_w5_s3+outlier_z-score+polynomial_d3+z-score+nearest15+mlpmodel,1488.05,,67.57575757575758,nearest
Widar,300,widar_300,hampel_w5_s3+outlier_z-score+polynomial_d3+z-score+decimate15,mlpmodel,ok,0.693719806763285,0.6717171717171717,hampel_w5_s3,outlier_z-score,polynomial_d3,z-score,decimate15,"{""calibrate"": {""degree"": 3, ""method"": ""polynomial""}, ""denoise"": {""method"": ""hampel"", ""n_sigma"": 3.0, ""window_size"": 5}, ""interpolate"": {""method"": ""decimate"", ""target_K"": 15}, ""normalize"": {""method"": ""z-score""}, ""outliers"": {""factor"": 3.0, ""method"": ""z-score""}}",/home/test/bupt_hjk/SDP/test_wider/result/full_tests_new/widar_300+hampel_w5_s3+outlier_z-score+polynomial_d3+z-score+decimate15+mlpmodel,1188.71,,67.17171717171718,decimate
Widar,301,widar_301,hampel_w5_s3+outlier_z-score+polynomial_d3+min-max+linear15,mlpmodel,ok,0.646376811594203,0.6272727272727273,hampel_w5_s3,outlier_z-score,polynomial_d3,min-max,linear15,"{""calibrate"": {""degree"": 3, ""method"": ""polynomial""}, ""denoise"": {""method"": ""hampel"", ""n_sigma"": 3.0, ""window_size"": 5}, ""interpolate"": {""method"": ""linear"", ""target_K"": 15}, ""normalize"": {""method"": ""min-max""}, ""outliers"": {""factor"": 3.0, ""method"": ""z-score""}}",/home/test/bupt_hjk/SDP/test_wider/result/full_tests_new/widar_301+hampel_w5_s3+outlier_z-score+polynomial_d3+min-max+linear15+mlpmodel,1566.81,,62.727272727272734,linear
Widar,302,widar_302,hampel_w5_s3+outlier_z-score+polynomial_d3+min-max+cubic15,mlpmodel,ok,0.6270531400966184,0.6202020202020202,hampel_w5_s3,outlier_z-score,polynomial_d3,min-max,cubic15,"{""calibrate"": {""degree"": 3, ""method"": ""polynomial""}, ""denoise"": {""method"": ""hampel"", ""n_sigma"": 3.0, ""window_size"": 5}, ""interpolate"": {""method"": ""cubic"", ""target_K"": 15}, ""normalize"": {""method"": ""min-max""}, ""outliers"": {""factor"": 3.0, ""method"": ""z-score""}}",/home/test/bupt_hjk/SDP/test_wider/result/full_tests_new/widar_302+hampel_w5_s3+outlier_z-score+polynomial_d3+min-max+cubic15+mlpmodel,2119.56,,62.02020202020202,cubic
Widar,303,widar_303,hampel_w5_s3+outlier_z-score+polynomial_d3+min-max+nearest15,mlpmodel,ok,0.629951690821256,0.6070707070707071,hampel_w5_s3,outlier_z-score,polynomial_d3,min-max,nearest15,"{""calibrate"": {""degree"": 3, ""method"": ""polynomial""}, ""denoise"": {""method"": ""hampel"", ""n_sigma"": 3.0, ""window_size"": 5}, ""interpolate"": {""method"": ""nearest"", ""target_K"": 15}, ""normalize"": {""method"": ""min-max""}, ""outliers"": {""factor"": 3.0, ""method"": ""z-score""}}",/home/test/bupt_hjk/SDP/test_wider/result/full_tests_new/widar_303+hampel_w5_s3+outlier_z-score+polynomial_d3+min-max+nearest15+mlpmodel,1488.36,,60.70707070707071,nearest
Widar,304,widar_304,hampel_w5_s3+outlier_z-score+polynomial_d3+min-max+decimate15,mlpmodel,ok,0.6173913043478261,0.6101010101010101,hampel_w5_s3,outlier_z-score,polynomial_d3,min-max,decimate15,"{""calibrate"": {""degree"": 3, ""method"": ""polynomial""}, ""denoise"": {""method"": ""hampel"", ""n_sigma"": 3.0, ""window_size"": 5}, ""interpolate"": {""method"": ""decimate"", ""target_K"": 15}, ""normalize"": {""method"": ""min-max""}, ""outliers"": {""factor"": 3.0, ""method"": ""z-score""}}",/home/test/bupt_hjk/SDP/test_wider/result/full_tests_new/widar_304+hampel_w5_s3+outlier_z-score+polynomial_d3+min-max+decimate15+mlpmodel,1184.27,,61.01010101010102,decimate
Widar,305,widar_305,hampel_w5_s3+outlier_z-score+stc+z-score+linear15,mlpmodel,ok,0.7169082125603865,0.7171717171717171,hampel_w5_s3,outlier_z-score,stc,z-score,linear15,"{""calibrate"": {""method"": ""stc""}, ""denoise"": {""method"": ""hampel"", ""n_sigma"": 3.0, ""window_size"": 5}, ""interpolate"": {""method"": ""linear"", ""target_K"": 15}, ""normalize"": {""method"": ""z-score""}, ""outliers"": {""factor"": 3.0, ""method"": ""z-score""}}",/home/test/bupt_hjk/SDP/test_wider/result/full_tests_new/widar_305+hampel_w5_s3+outlier_z-score+stc+z-score+linear15+mlpmodel,1570.31,,71.71717171717171,linear
Widar,306,widar_306,hampel_w5_s3+outlier_z-score+stc+z-score+cubic15,mlpmodel,ok,0.7149758454106281,0.703030303030303,hampel_w5_s3,outlier_z-score,stc,z-score,cubic15,"{""calibrate"": {""method"": ""stc""}, ""denoise"": {""method"": ""hampel"", ""n_sigma"": 3.0, ""window_size"": 5}, ""interpolate"": {""method"": ""cubic"", ""target_K"": 15}, ""normalize"": {""method"": ""z-score""}, ""outliers"": {""factor"": 3.0, ""method"": ""z-score""}}",/home/test/bupt_hjk/SDP/test_wider/result/full_tests_new/widar_306+hampel_w5_s3+outlier_z-score+stc+z-score+cubic15+mlpmodel,2130.69,,70.3030303030303,cubic
Widar,307,widar_307,hampel_w5_s3+outlier_z-score+stc+z-score+nearest15,mlpmodel,ok,0.7053140096618357,0.693939393939394,hampel_w5_s3,outlier_z-score,stc,z-score,nearest15,"{""calibrate"": {""method"": ""stc""}, ""denoise"": {""method"": ""hampel"", ""n_sigma"": 3.0, ""window_size"": 5}, ""interpolate"": {""method"": ""nearest"", ""target_K"": 15}, ""normalize"": {""method"": ""z-score""}, ""outliers"": {""factor"": 3.0, ""method"": ""z-score""}}",/home/test/bupt_hjk/SDP/test_wider/result/full_tests_new/widar_307+hampel_w5_s3+outlier_z-score+stc+z-score+nearest15+mlpmodel,1481.15,,69.39393939393939,nearest
Widar,308,widar_308,hampel_w5_s3+outlier_z-score+stc+z-score+decimate15,mlpmodel,ok,0.7120772946859902,0.6818181818181818,hampel_w5_s3,outlier_z-score,stc,z-score,decimate15,"{""calibrate"": {""method"": ""stc""}, ""denoise"": {""method"": ""hampel"", ""n_sigma"": 3.0, ""window_size"": 5}, ""interpolate"": {""method"": ""decimate"", ""target_K"": 15}, ""normalize"": {""method"": ""z-score""}, ""outliers"": {""factor"": 3.0, ""method"": ""z-score""}}",/home/test/bupt_hjk/SDP/test_wider/result/full_tests_new/widar_308+hampel_w5_s3+outlier_z-score+stc+z-score+decimate15+mlpmodel,1186.5,,68.18181818181817,decimate
Widar,309,widar_309,hampel_w5_s3+outlier_z-score+stc+min-max+linear15,mlpmodel,ok,0.6367149758454107,0.6252525252525253,hampel_w5_s3,outlier_z-score,stc,min-max,linear15,"{""calibrate"": {""method"": ""stc""}, ""denoise"": {""method"": ""hampel"", ""n_sigma"": 3.0, ""window_size"": 5}, ""interpolate"": {""method"": ""linear"", ""target_K"": 15}, ""normalize"": {""method"": ""min-max""}, ""outliers"": {""factor"": 3.0, ""method"": ""z-score""}}",/home/test/bupt_hjk/SDP/test_wider/result/full_tests_new/widar_309+hampel_w5_s3+outlier_z-score+stc+min-max+linear15+mlpmodel,1568.21,,62.525252525252526,linear
Widar,310,widar_310,hampel_w5_s3+outlier_z-score+stc+min-max+cubic15,mlpmodel,ok,0.6328502415458938,0.6080808080808081,hampel_w5_s3,outlier_z-score,stc,min-max,cubic15,"{""calibrate"": {""method"": ""stc""}, ""denoise"": {""method"": ""hampel"", ""n_sigma"": 3.0, ""window_size"": 5}, ""interpolate"": {""method"": ""cubic"", ""target_K"": 15}, ""normalize"": {""method"": ""min-max""}, ""outliers"": {""factor"": 3.0, ""method"": ""z-score""}}",/home/test/bupt_hjk/SDP/test_wider/result/full_tests_new/widar_310+hampel_w5_s3+outlier_z-score+stc+min-max+cubic15+mlpmodel,2115.57,,60.80808080808081,cubic
Widar,311,widar_311,hampel_w5_s3+outlier_z-score+stc+min-max+nearest15,mlpmodel,ok,0.6367149758454107,0.6101010101010101,hampel_w5_s3,outlier_z-score,stc,min-max,nearest15,"{""calibrate"": {""method"": ""stc""}, ""denoise"": {""method"": ""hampel"", ""n_sigma"": 3.0, ""window_size"": 5}, ""interpolate"": {""method"": ""nearest"", ""target_K"": 15}, ""normalize"": {""method"": ""min-max""}, ""outliers"": {""factor"": 3.0, ""method"": ""z-score""}}",/home/test/bupt_hjk/SDP/test_wider/result/full_tests_new/widar_311+hampel_w5_s3+outlier_z-score+stc+min-max+nearest15+mlpmodel,1485.07,,61.01010101010102,nearest
Widar,312,widar_312,hampel_w5_s3+outlier_z-score+stc+min-max+decimate15,mlpmodel,ok,0.6270531400966184,0.6101010101010101,hampel_w5_s3,outlier_z-score,stc,min-max,decimate15,"{""calibrate"": {""method"": ""stc""}, ""denoise"": {""method"": ""hampel"", ""n_sigma"": 3.0, ""window_size"": 5}, ""interpolate"": {""method"": ""decimate"", ""target_K"": 15}, ""normalize"": {""method"": ""min-max""}, ""outliers"": {""factor"": 3.0, ""method"": ""z-score""}}",/home/test/bupt_hjk/SDP/test_wider/result/full_tests_new/widar_312+hampel_w5_s3+outlier_z-score+stc+min-max+decimate15+mlpmodel,1192.68,,61.01010101010102,decimate
Widar,313,widar_313,hampel_w5_s3+outlier_z-score+robust+z-score+linear15,mlpmodel,ok,0.6560386473429952,0.6363636363636364,hampel_w5_s3,outlier_z-score,robust,z-score,linear15,"{""calibrate"": {""method"": ""robust""}, ""denoise"": {""method"": ""hampel"", ""n_sigma"": 3.0, ""window_size"": 5}, ""interpolate"": {""method"": ""linear"", ""target_K"": 15}, ""normalize"": {""method"": ""z-score""}, ""outliers"": {""factor"": 3.0, ""method"": ""z-score""}}",/home/test/bupt_hjk/SDP/test_wider/result/full_tests_new/widar_313+hampel_w5_s3+outlier_z-score+robust+z-score+linear15+mlpmodel,1566.97,,63.63636363636363,linear
Widar,314,widar_314,hampel_w5_s3+outlier_z-score+robust+z-score+cubic15,mlpmodel,ok,0.6492753623188406,0.6262626262626263,hampel_w5_s3,outlier_z-score,robust,z-score,cubic15,"{""calibrate"": {""method"": ""robust""}, ""denoise"": {""method"": ""hampel"", ""n_sigma"": 3.0, ""window_size"": 5}, ""interpolate"": {""method"": ""cubic"", ""target_K"": 15}, ""normalize"": {""method"": ""z-score""}, ""outliers"": {""factor"": 3.0, ""method"": ""z-score""}}",/home/test/bupt_hjk/SDP/test_wider/result/full_tests_new/widar_314+hampel_w5_s3+outlier_z-score+robust+z-score+cubic15+mlpmodel,2119.05,,62.62626262626263,cubic
Widar,315,widar_315,hampel_w5_s3+outlier_z-score+robust+z-score+nearest15,mlpmodel,ok,0.6628019323671498,0.6383838383838384,hampel_w5_s3,outlier_z-score,robust,z-score,nearest15,"{""calibrate"": {""method"": ""robust""}, ""denoise"": {""method"": ""hampel"", ""n_sigma"": 3.0, ""window_size"": 5}, ""interpolate"": {""method"": ""nearest"", ""target_K"": 15}, ""normalize"": {""method"": ""z-score""}, ""outliers"": {""factor"": 3.0, ""method"": ""z-score""}}",/home/test/bupt_hjk/SDP/test_wider/result/full_tests_new/widar_315+hampel_w5_s3+outlier_z-score+robust+z-score+nearest15+mlpmodel,1486.08,,63.83838383838384,nearest
Widar,316,widar_316,hampel_w5_s3+outlier_z-score+robust+z-score+decimate15,mlpmodel,ok,0.6473429951690821,0.6343434343434343,hampel_w5_s3,outlier_z-score,robust,z-score,decimate15,"{""calibrate"": {""method"": ""robust""}, ""denoise"": {""method"": ""hampel"", ""n_sigma"": 3.0, ""window_size"": 5}, ""interpolate"": {""method"": ""decimate"", ""target_K"": 15}, ""normalize"": {""method"": ""z-score""}, ""outliers"": {""factor"": 3.0, ""method"": ""z-score""}}",/home/test/bupt_hjk/SDP/test_wider/result/full_tests_new/widar_316+hampel_w5_s3+outlier_z-score+robust+z-score+decimate15+mlpmodel,1192.35,,63.43434343434343,decimate
Widar,317,widar_317,hampel_w5_s3+outlier_z-score+robust+min-max+linear15,mlpmodel,ok,0.5777777777777778,0.5676767676767677,hampel_w5_s3,outlier_z-score,robust,min-max,linear15,"{""calibrate"": {""method"": ""robust""}, ""denoise"": {""method"": ""hampel"", ""n_sigma"": 3.0, ""window_size"": 5}, ""interpolate"": {""method"": ""linear"", ""target_K"": 15}, ""normalize"": {""method"": ""min-max""}, ""outliers"": {""factor"": 3.0, ""method"": ""z-score""}}",/home/test/bupt_hjk/SDP/test_wider/result/full_tests_new/widar_317+hampel_w5_s3+outlier_z-score+robust+min-max+linear15+mlpmodel,1577.01,,56.76767676767677,linear
Widar,318,widar_318,hampel_w5_s3+outlier_z-score+robust+min-max+cubic15,mlpmodel,ok,0.5806763285024155,0.5565656565656566,hampel_w5_s3,outlier_z-score,robust,min-max,cubic15,"{""calibrate"": {""method"": ""robust""}, ""denoise"": {""method"": ""hampel"", ""n_sigma"": 3.0, ""window_size"": 5}, ""interpolate"": {""method"": ""cubic"", ""target_K"": 15}, ""normalize"": {""method"": ""min-max""}, ""outliers"": {""factor"": 3.0, ""method"": ""z-score""}}",/home/test/bupt_hjk/SDP/test_wider/result/full_tests_new/widar_318+hampel_w5_s3+outlier_z-score+robust+min-max+cubic15+mlpmodel,2127.31,,55.65656565656566,cubic
Widar,319,widar_319,hampel_w5_s3+outlier_z-score+robust+min-max+nearest15,mlpmodel,ok,0.5748792270531401,0.5757575757575758,hampel_w5_s3,outlier_z-score,robust,min-max,nearest15,"{""calibrate"": {""method"": ""robust""}, ""denoise"": {""method"": ""hampel"", ""n_sigma"": 3.0, ""window_size"": 5}, ""interpolate"": {""method"": ""nearest"", ""target_K"": 15}, ""normalize"": {""method"": ""min-max""}, ""outliers"": {""factor"": 3.0, ""method"": ""z-score""}}",/home/test/bupt_hjk/SDP/test_wider/result/full_tests_new/widar_319+hampel_w5_s3+outlier_z-score+robust+min-max+nearest15+mlpmodel,1488.86,,57.57575757575758,nearest
Widar,320,widar_320,hampel_w5_s3+outlier_z-score+robust+min-max+decimate15,mlpmodel,ok,0.5594202898550725,0.5505050505050505,hampel_w5_s3,outlier_z-score,robust,min-max,decimate15,"{""calibrate"": {""method"": ""robust""}, ""denoise"": {""method"": ""hampel"", ""n_sigma"": 3.0, ""window_size"": 5}, ""interpolate"": {""method"": ""decimate"", ""target_K"": 15}, ""normalize"": {""method"": ""min-max""}, ""outliers"": {""factor"": 3.0, ""method"": ""z-score""}}",/home/test/bupt_hjk/SDP/test_wider/result/full_tests_new/widar_320+hampel_w5_s3+outlier_z-score+robust+min-max+decimate15+mlpmodel,1188.7,,55.05050505050505,decimate
XRF55,1,xrf55_001,wavelet+iqr+z-score+linear15,resnet1d,ok,0.9166666666666669,0.8378787878787879,wavelet,iqr,,z-score,linear15,"{""denoise"": {""method"": ""wavelet""}, ""interpolate"": {""method"": ""linear"", ""target_K"": 15}, ""normalize"": {""method"": ""z-score""}, ""outliers"": {""factor"": 1.5, ""method"": ""iqr""}}",/home/test/bupt_hjk/SDP/test_xrf55/result/full_tests/xrf55_001+wavelet+iqr+z-score+linear15+resnet1d,305.29,,83.78787878787878,linear
XRF55,2,xrf55_002,wavelet+iqr+z-score+cubic15,resnet1d,ok,0.903030303030303,0.8348484848484848,wavelet,iqr,,z-score,cubic15,"{""denoise"": {""method"": ""wavelet""}, ""interpolate"": {""method"": ""cubic"", ""target_K"": 15}, ""normalize"": {""method"": ""z-score""}, ""outliers"": {""factor"": 1.5, ""method"": ""iqr""}}",/home/test/bupt_hjk/SDP/test_xrf55/result/full_tests/xrf55_002+wavelet+iqr+z-score+cubic15+resnet1d,483.45,,83.48484848484848,cubic
XRF55,3,xrf55_003,wavelet+iqr+z-score+nearest15,resnet1d,ok,0.9106060606060606,0.8409090909090909,wavelet,iqr,,z-score,nearest15,"{""denoise"": {""method"": ""wavelet""}, ""interpolate"": {""method"": ""nearest"", ""target_K"": 15}, ""normalize"": {""method"": ""z-score""}, ""outliers"": {""factor"": 1.5, ""method"": ""iqr""}}",/home/test/bupt_hjk/SDP/test_xrf55/result/full_tests/xrf55_003+wavelet+iqr+z-score+nearest15+resnet1d,222.27,,84.0909090909091,nearest
XRF55,4,xrf55_004,wavelet+iqr+z-score+decimate15,resnet1d,ok,0.906060606060606,0.8424242424242424,wavelet,iqr,,z-score,decimate15,"{""denoise"": {""method"": ""wavelet""}, ""interpolate"": {""method"": ""decimate"", ""target_K"": 15}, ""normalize"": {""method"": ""z-score""}, ""outliers"": {""factor"": 1.5, ""method"": ""iqr""}}",/home/test/bupt_hjk/SDP/test_xrf55/result/full_tests/xrf55_004+wavelet+iqr+z-score+decimate15+resnet1d,88.55,,84.24242424242424,decimate
XRF55,5,xrf55_005,wavelet+iqr+min-max+linear15,resnet1d,ok,0.9121212121212122,0.8318181818181818,wavelet,iqr,,min-max,linear15,"{""denoise"": {""method"": ""wavelet""}, ""interpolate"": {""method"": ""linear"", ""target_K"": 15}, ""normalize"": {""method"": ""min-max""}, ""outliers"": {""factor"": 1.5, ""method"": ""iqr""}}",/home/test/bupt_hjk/SDP/test_xrf55/result/full_tests/xrf55_005+wavelet+iqr+min-max+linear15+resnet1d,226.76,,83.18181818181817,linear
XRF55,6,xrf55_006,wavelet+iqr+min-max+cubic15,resnet1d,ok,0.9075757575757576,0.8393939393939394,wavelet,iqr,,min-max,cubic15,"{""denoise"": {""method"": ""wavelet""}, ""interpolate"": {""method"": ""cubic"", ""target_K"": 15}, ""normalize"": {""method"": ""min-max""}, ""outliers"": {""factor"": 1.5, ""method"": ""iqr""}}",/home/test/bupt_hjk/SDP/test_xrf55/result/full_tests/xrf55_006+wavelet+iqr+min-max+cubic15+resnet1d,463.59,,83.93939393939394,cubic
XRF55,7,xrf55_007,wavelet+iqr+min-max+nearest15,resnet1d,ok,0.9045454545454544,0.85,wavelet,iqr,,min-max,nearest15,"{""denoise"": {""method"": ""wavelet""}, ""interpolate"": {""method"": ""nearest"", ""target_K"": 15}, ""normalize"": {""method"": ""min-max""}, ""outliers"": {""factor"": 1.5, ""method"": ""iqr""}}",/home/test/bupt_hjk/SDP/test_xrf55/result/full_tests/xrf55_007+wavelet+iqr+min-max+nearest15+resnet1d,199.32,,85.0,nearest
XRF55,8,xrf55_008,wavelet+iqr+min-max+decimate15,resnet1d,ok,0.896969696969697,0.8318181818181818,wavelet,iqr,,min-max,decimate15,"{""denoise"": {""method"": ""wavelet""}, ""interpolate"": {""method"": ""decimate"", ""target_K"": 15}, ""normalize"": {""method"": ""min-max""}, ""outliers"": {""factor"": 1.5, ""method"": ""iqr""}}",/home/test/bupt_hjk/SDP/test_xrf55/result/full_tests/xrf55_008+wavelet+iqr+min-max+decimate15+resnet1d,78.98,,83.18181818181817,decimate
XRF55,9,xrf55_009,wavelet+outlier_z-score+z-score+linear15,resnet1d,ok,0.9075757575757576,0.8363636363636363,wavelet,outlier_z-score,,z-score,linear15,"{""denoise"": {""method"": ""wavelet""}, ""interpolate"": {""method"": ""linear"", ""target_K"": 15}, ""normalize"": {""method"": ""z-score""}, ""outliers"": {""factor"": 3.0, ""method"": ""z-score""}}",/home/test/bupt_hjk/SDP/test_xrf55/result/full_tests/xrf55_009+wavelet+outlier_z-score+z-score+linear15+resnet1d,223.24,,83.63636363636363,linear
XRF55,10,xrf55_010,wavelet+outlier_z-score+z-score+cubic15,resnet1d,ok,0.896969696969697,0.843939393939394,wavelet,outlier_z-score,,z-score,cubic15,"{""denoise"": {""method"": ""wavelet""}, ""interpolate"": {""method"": ""cubic"", ""target_K"": 15}, ""normalize"": {""method"": ""z-score""}, ""outliers"": {""factor"": 3.0, ""method"": ""z-score""}}",/home/test/bupt_hjk/SDP/test_xrf55/result/full_tests/xrf55_010+wavelet+outlier_z-score+z-score+cubic15+resnet1d,459.99,,84.3939393939394,cubic
XRF55,11,xrf55_011,wavelet+outlier_z-score+z-score+nearest15,resnet1d,ok,0.9136363636363636,0.8378787878787879,wavelet,outlier_z-score,,z-score,nearest15,"{""denoise"": {""method"": ""wavelet""}, ""interpolate"": {""method"": ""nearest"", ""target_K"": 15}, ""normalize"": {""method"": ""z-score""}, ""outliers"": {""factor"": 3.0, ""method"": ""z-score""}}",/home/test/bupt_hjk/SDP/test_xrf55/result/full_tests/xrf55_011+wavelet+outlier_z-score+z-score+nearest15+resnet1d,196.44,,83.78787878787878,nearest
XRF55,12,xrf55_012,wavelet+outlier_z-score+z-score+decimate15,resnet1d,ok,0.9106060606060606,0.8318181818181818,wavelet,outlier_z-score,,z-score,decimate15,"{""denoise"": {""method"": ""wavelet""}, ""interpolate"": {""method"": ""decimate"", ""target_K"": 15}, ""normalize"": {""method"": ""z-score""}, ""outliers"": {""factor"": 3.0, ""method"": ""z-score""}}",/home/test/bupt_hjk/SDP/test_xrf55/result/full_tests/xrf55_012+wavelet+outlier_z-score+z-score+decimate15+resnet1d,70.34,,83.18181818181817,decimate
XRF55,13,xrf55_013,wavelet+outlier_z-score+min-max+linear15,resnet1d,ok,0.9090909090909092,0.843939393939394,wavelet,outlier_z-score,,min-max,linear15,"{""denoise"": {""method"": ""wavelet""}, ""interpolate"": {""method"": ""linear"", ""target_K"": 15}, ""normalize"": {""method"": ""min-max""}, ""outliers"": {""factor"": 3.0, ""method"": ""z-score""}}",/home/test/bupt_hjk/SDP/test_xrf55/result/full_tests/xrf55_013+wavelet+outlier_z-score+min-max+linear15+resnet1d,214.71,,84.3939393939394,linear
XRF55,14,xrf55_014,wavelet+outlier_z-score+min-max+cubic15,resnet1d,ok,0.8954545454545455,0.8393939393939394,wavelet,outlier_z-score,,min-max,cubic15,"{""denoise"": {""method"": ""wavelet""}, ""interpolate"": {""method"": ""cubic"", ""target_K"": 15}, ""normalize"": {""method"": ""min-max""}, ""outliers"": {""factor"": 3.0, ""method"": ""z-score""}}",/home/test/bupt_hjk/SDP/test_xrf55/result/full_tests/xrf55_014+wavelet+outlier_z-score+min-max+cubic15+resnet1d,459.84,,83.93939393939394,cubic
XRF55,15,xrf55_015,wavelet+outlier_z-score+min-max+nearest15,resnet1d,ok,0.8984848484848484,0.8318181818181818,wavelet,outlier_z-score,,min-max,nearest15,"{""denoise"": {""method"": ""wavelet""}, ""interpolate"": {""method"": ""nearest"", ""target_K"": 15}, ""normalize"": {""method"": ""min-max""}, ""outliers"": {""factor"": 3.0, ""method"": ""z-score""}}",/home/test/bupt_hjk/SDP/test_xrf55/result/full_tests/xrf55_015+wavelet+outlier_z-score+min-max+nearest15+resnet1d,202.16,,83.18181818181817,nearest
XRF55,16,xrf55_016,wavelet+outlier_z-score+min-max+decimate15,resnet1d,ok,0.8893939393939394,0.8303030303030303,wavelet,outlier_z-score,,min-max,decimate15,"{""denoise"": {""method"": ""wavelet""}, ""interpolate"": {""method"": ""decimate"", ""target_K"": 15}, ""normalize"": {""method"": ""min-max""}, ""outliers"": {""factor"": 3.0, ""method"": ""z-score""}}",/home/test/bupt_hjk/SDP/test_xrf55/result/full_tests/xrf55_016+wavelet+outlier_z-score+min-max+decimate15+resnet1d,81.29,,83.03030303030303,decimate
XRF55,17,xrf55_017,butterworth_o5_c0.3+iqr+z-score+linear15,resnet1d,ok,0.903030303030303,0.8318181818181818,butterworth_o5_c0.3,iqr,,z-score,linear15,"{""denoise"": {""cutoff"": 0.3, ""method"": ""butterworth"", ""order"": 5}, ""interpolate"": {""method"": ""linear"", ""target_K"": 15}, ""normalize"": {""method"": ""z-score""}, ""outliers"": {""factor"": 1.5, ""method"": ""iqr""}}",/home/test/bupt_hjk/SDP/test_xrf55/result/full_tests/xrf55_017+butterworth_o5_c0.3+iqr+z-score+linear15+resnet1d,217.18,,83.18181818181817,linear
XRF55,18,xrf55_018,butterworth_o5_c0.3+iqr+z-score+cubic15,resnet1d,ok,0.9,0.8393939393939394,butterworth_o5_c0.3,iqr,,z-score,cubic15,"{""denoise"": {""cutoff"": 0.3, ""method"": ""butterworth"", ""order"": 5}, ""interpolate"": {""method"": ""cubic"", ""target_K"": 15}, ""normalize"": {""method"": ""z-score""}, ""outliers"": {""factor"": 1.5, ""method"": ""iqr""}}",/home/test/bupt_hjk/SDP/test_xrf55/result/full_tests/xrf55_018+butterworth_o5_c0.3+iqr+z-score+cubic15+resnet1d,448.93,,83.93939393939394,cubic
XRF55,19,xrf55_019,butterworth_o5_c0.3+iqr+z-score+nearest15,resnet1d,ok,0.9151515151515152,0.8393939393939394,butterworth_o5_c0.3,iqr,,z-score,nearest15,"{""denoise"": {""cutoff"": 0.3, ""method"": ""butterworth"", ""order"": 5}, ""interpolate"": {""method"": ""nearest"", ""target_K"": 15}, ""normalize"": {""method"": ""z-score""}, ""outliers"": {""factor"": 1.5, ""method"": ""iqr""}}",/home/test/bupt_hjk/SDP/test_xrf55/result/full_tests/xrf55_019+butterworth_o5_c0.3+iqr+z-score+nearest15+resnet1d,189.21,,83.93939393939394,nearest
XRF55,20,xrf55_020,butterworth_o5_c0.3+iqr+z-score+decimate15,resnet1d,ok,0.9106060606060606,0.8227272727272728,butterworth_o5_c0.3,iqr,,z-score,decimate15,"{""denoise"": {""cutoff"": 0.3, ""method"": ""butterworth"", ""order"": 5}, ""interpolate"": {""method"": ""decimate"", ""target_K"": 15}, ""normalize"": {""method"": ""z-score""}, ""outliers"": {""factor"": 1.5, ""method"": ""iqr""}}",/home/test/bupt_hjk/SDP/test_xrf55/result/full_tests/xrf55_020+butterworth_o5_c0.3+iqr+z-score+decimate15+resnet1d,65.09,,82.27272727272728,decimate
XRF55,21,xrf55_021,butterworth_o5_c0.3+iqr+min-max+linear15,resnet1d,ok,0.9106060606060606,0.8348484848484848,butterworth_o5_c0.3,iqr,,min-max,linear15,"{""denoise"": {""cutoff"": 0.3, ""method"": ""butterworth"", ""order"": 5}, ""interpolate"": {""method"": ""linear"", ""target_K"": 15}, ""normalize"": {""method"": ""min-max""}, ""outliers"": {""factor"": 1.5, ""method"": ""iqr""}}",/home/test/bupt_hjk/SDP/test_xrf55/result/full_tests/xrf55_021+butterworth_o5_c0.3+iqr+min-max+linear15+resnet1d,216.37,,83.48484848484848,linear
XRF55,22,xrf55_022,butterworth_o5_c0.3+iqr+min-max+cubic15,resnet1d,ok,0.9121212121212122,0.8393939393939394,butterworth_o5_c0.3,iqr,,min-max,cubic15,"{""denoise"": {""cutoff"": 0.3, ""method"": ""butterworth"", ""order"": 5}, ""interpolate"": {""method"": ""cubic"", ""target_K"": 15}, ""normalize"": {""method"": ""min-max""}, ""outliers"": {""factor"": 1.5, ""method"": ""iqr""}}",/home/test/bupt_hjk/SDP/test_xrf55/result/full_tests/xrf55_022+butterworth_o5_c0.3+iqr+min-max+cubic15+resnet1d,449.95,,83.93939393939394,cubic
XRF55,23,xrf55_023,butterworth_o5_c0.3+iqr+min-max+nearest15,resnet1d,ok,0.9045454545454544,0.8303030303030303,butterworth_o5_c0.3,iqr,,min-max,nearest15,"{""denoise"": {""cutoff"": 0.3, ""method"": ""butterworth"", ""order"": 5}, ""interpolate"": {""method"": ""nearest"", ""target_K"": 15}, ""normalize"": {""method"": ""min-max""}, ""outliers"": {""factor"": 1.5, ""method"": ""iqr""}}",/home/test/bupt_hjk/SDP/test_xrf55/result/full_tests/xrf55_023+butterworth_o5_c0.3+iqr+min-max+nearest15+resnet1d,189.11,,83.03030303030303,nearest
XRF55,24,xrf55_024,butterworth_o5_c0.3+iqr+min-max+decimate15,resnet1d,ok,0.8939393939393939,0.8469696969696969,butterworth_o5_c0.3,iqr,,min-max,decimate15,"{""denoise"": {""cutoff"": 0.3, ""method"": ""butterworth"", ""order"": 5}, ""interpolate"": {""method"": ""decimate"", ""target_K"": 15}, ""normalize"": {""method"": ""min-max""}, ""outliers"": {""factor"": 1.5, ""method"": ""iqr""}}",/home/test/bupt_hjk/SDP/test_xrf55/result/full_tests/xrf55_024+butterworth_o5_c0.3+iqr+min-max+decimate15+resnet1d,65.56,,84.69696969696969,decimate
XRF55,25,xrf55_025,butterworth_o5_c0.3+outlier_z-score+z-score+linear15,resnet1d,ok,0.9045454545454544,0.8242424242424242,butterworth_o5_c0.3,outlier_z-score,,z-score,linear15,"{""denoise"": {""cutoff"": 0.3, ""method"": ""butterworth"", ""order"": 5}, ""interpolate"": {""method"": ""linear"", ""target_K"": 15}, ""normalize"": {""method"": ""z-score""}, ""outliers"": {""factor"": 3.0, ""method"": ""z-score""}}",/home/test/bupt_hjk/SDP/test_xrf55/result/full_tests/xrf55_025+butterworth_o5_c0.3+outlier_z-score+z-score+linear15+resnet1d,209.14,,82.42424242424242,linear
XRF55,26,xrf55_026,butterworth_o5_c0.3+outlier_z-score+z-score+cubic15,resnet1d,ok,0.9075757575757576,0.85,butterworth_o5_c0.3,outlier_z-score,,z-score,cubic15,"{""denoise"": {""cutoff"": 0.3, ""method"": ""butterworth"", ""order"": 5}, ""interpolate"": {""method"": ""cubic"", ""target_K"": 15}, ""normalize"": {""method"": ""z-score""}, ""outliers"": {""factor"": 3.0, ""method"": ""z-score""}}",/home/test/bupt_hjk/SDP/test_xrf55/result/full_tests/xrf55_026+butterworth_o5_c0.3+outlier_z-score+z-score+cubic15+resnet1d,467.92,,85.0,cubic
XRF55,27,xrf55_027,butterworth_o5_c0.3+outlier_z-score+z-score+nearest15,resnet1d,ok,0.9015151515151516,0.8212121212121212,butterworth_o5_c0.3,outlier_z-score,,z-score,nearest15,"{""denoise"": {""cutoff"": 0.3, ""method"": ""butterworth"", ""order"": 5}, ""interpolate"": {""method"": ""nearest"", ""target_K"": 15}, ""normalize"": {""method"": ""z-score""}, ""outliers"": {""factor"": 3.0, ""method"": ""z-score""}}",/home/test/bupt_hjk/SDP/test_xrf55/result/full_tests/xrf55_027+butterworth_o5_c0.3+outlier_z-score+z-score+nearest15+resnet1d,182.89,,82.12121212121211,nearest
XRF55,28,xrf55_028,butterworth_o5_c0.3+outlier_z-score+z-score+decimate15,resnet1d,ok,0.8939393939393939,0.8227272727272728,butterworth_o5_c0.3,outlier_z-score,,z-score,decimate15,"{""denoise"": {""cutoff"": 0.3, ""method"": ""butterworth"", ""order"": 5}, ""interpolate"": {""method"": ""decimate"", ""target_K"": 15}, ""normalize"": {""method"": ""z-score""}, ""outliers"": {""factor"": 3.0, ""method"": ""z-score""}}",/home/test/bupt_hjk/SDP/test_xrf55/result/full_tests/xrf55_028+butterworth_o5_c0.3+outlier_z-score+z-score+decimate15+resnet1d,61.95,,82.27272727272728,decimate
XRF55,29,xrf55_029,butterworth_o5_c0.3+outlier_z-score+min-max+linear15,resnet1d,ok,0.8939393939393939,0.8393939393939394,butterworth_o5_c0.3,outlier_z-score,,min-max,linear15,"{""denoise"": {""cutoff"": 0.3, ""method"": ""butterworth"", ""order"": 5}, ""interpolate"": {""method"": ""linear"", ""target_K"": 15}, ""normalize"": {""method"": ""min-max""}, ""outliers"": {""factor"": 3.0, ""method"": ""z-score""}}",/home/test/bupt_hjk/SDP/test_xrf55/result/full_tests/xrf55_029+butterworth_o5_c0.3+outlier_z-score+min-max+linear15+resnet1d,207.47,,83.93939393939394,linear
XRF55,30,xrf55_030,butterworth_o5_c0.3+outlier_z-score+min-max+cubic15,resnet1d,ok,0.9045454545454544,0.8409090909090909,butterworth_o5_c0.3,outlier_z-score,,min-max,cubic15,"{""denoise"": {""cutoff"": 0.3, ""method"": ""butterworth"", ""order"": 5}, ""interpolate"": {""method"": ""cubic"", ""target_K"": 15}, ""normalize"": {""method"": ""min-max""}, ""outliers"": {""factor"": 3.0, ""method"": ""z-score""}}",/home/test/bupt_hjk/SDP/test_xrf55/result/full_tests/xrf55_030+butterworth_o5_c0.3+outlier_z-score+min-max+cubic15+resnet1d,443.55,,84.0909090909091,cubic
XRF55,31,xrf55_031,butterworth_o5_c0.3+outlier_z-score+min-max+nearest15,resnet1d,ok,0.8924242424242425,0.8196969696969697,butterworth_o5_c0.3,outlier_z-score,,min-max,nearest15,"{""denoise"": {""cutoff"": 0.3, ""method"": ""butterworth"", ""order"": 5}, ""interpolate"": {""method"": ""nearest"", ""target_K"": 15}, ""normalize"": {""method"": ""min-max""}, ""outliers"": {""factor"": 3.0, ""method"": ""z-score""}}",/home/test/bupt_hjk/SDP/test_xrf55/result/full_tests/xrf55_031+butterworth_o5_c0.3+outlier_z-score+min-max+nearest15+resnet1d,185.46,,81.96969696969697,nearest
XRF55,32,xrf55_032,butterworth_o5_c0.3+outlier_z-score+min-max+decimate15,resnet1d,ok,0.9,0.85,butterworth_o5_c0.3,outlier_z-score,,min-max,decimate15,"{""denoise"": {""cutoff"": 0.3, ""method"": ""butterworth"", ""order"": 5}, ""interpolate"": {""method"": ""decimate"", ""target_K"": 15}, ""normalize"": {""method"": ""min-max""}, ""outliers"": {""factor"": 3.0, ""method"": ""z-score""}}",/home/test/bupt_hjk/SDP/test_xrf55/result/full_tests/xrf55_032+butterworth_o5_c0.3+outlier_z-score+min-max+decimate15+resnet1d,62.29,,85.0,decimate
XRF55,33,xrf55_033,savgol_w7_p3+iqr+z-score+linear15,resnet1d,ok,0.9015151515151516,0.8424242424242424,savgol_w7_p3,iqr,,z-score,linear15,"{""denoise"": {""method"": ""savgol"", ""polyorder"": 3, ""window_length"": 7}, ""interpolate"": {""method"": ""linear"", ""target_K"": 15}, ""normalize"": {""method"": ""z-score""}, ""outliers"": {""factor"": 1.5, ""method"": ""iqr""}}",/home/test/bupt_hjk/SDP/test_xrf55/result/full_tests/xrf55_033+savgol_w7_p3+iqr+z-score+linear15+resnet1d,244.35,,84.24242424242424,linear
XRF55,34,xrf55_034,savgol_w7_p3+iqr+z-score+cubic15,resnet1d,ok,0.9045454545454544,0.8515151515151516,savgol_w7_p3,iqr,,z-score,cubic15,"{""denoise"": {""method"": ""savgol"", ""polyorder"": 3, ""window_length"": 7}, ""interpolate"": {""method"": ""cubic"", ""target_K"": 15}, ""normalize"": {""method"": ""z-score""}, ""outliers"": {""factor"": 1.5, ""method"": ""iqr""}}",/home/test/bupt_hjk/SDP/test_xrf55/result/full_tests/xrf55_034+savgol_w7_p3+iqr+z-score+cubic15+resnet1d,482.14,,85.15151515151516,cubic
XRF55,35,xrf55_035,savgol_w7_p3+iqr+z-score+nearest15,resnet1d,ok,0.903030303030303,0.8287878787878787,savgol_w7_p3,iqr,,z-score,nearest15,"{""denoise"": {""method"": ""savgol"", ""polyorder"": 3, ""window_length"": 7}, ""interpolate"": {""method"": ""nearest"", ""target_K"": 15}, ""normalize"": {""method"": ""z-score""}, ""outliers"": {""factor"": 1.5, ""method"": ""iqr""}}",/home/test/bupt_hjk/SDP/test_xrf55/result/full_tests/xrf55_035+savgol_w7_p3+iqr+z-score+nearest15+resnet1d,221.08,,82.87878787878788,nearest
XRF55,36,xrf55_036,savgol_w7_p3+iqr+z-score+decimate15,resnet1d,ok,0.9090909090909092,0.8363636363636363,savgol_w7_p3,iqr,,z-score,decimate15,"{""denoise"": {""method"": ""savgol"", ""polyorder"": 3, ""window_length"": 7}, ""interpolate"": {""method"": ""decimate"", ""target_K"": 15}, ""normalize"": {""method"": ""z-score""}, ""outliers"": {""factor"": 1.5, ""method"": ""iqr""}}",/home/test/bupt_hjk/SDP/test_xrf55/result/full_tests/xrf55_036+savgol_w7_p3+iqr+z-score+decimate15+resnet1d,99.28,,83.63636363636363,decimate
XRF55,37,xrf55_037,savgol_w7_p3+iqr+min-max+linear15,resnet1d,ok,0.9121212121212122,0.8348484848484848,savgol_w7_p3,iqr,,min-max,linear15,"{""denoise"": {""method"": ""savgol"", ""polyorder"": 3, ""window_length"": 7}, ""interpolate"": {""method"": ""linear"", ""target_K"": 15}, ""normalize"": {""method"": ""min-max""}, ""outliers"": {""factor"": 1.5, ""method"": ""iqr""}}",/home/test/bupt_hjk/SDP/test_xrf55/result/full_tests/xrf55_037+savgol_w7_p3+iqr+min-max+linear15+resnet1d,244.66,,83.48484848484848,linear
XRF55,38,xrf55_038,savgol_w7_p3+iqr+min-max+cubic15,resnet1d,ok,0.903030303030303,0.8318181818181818,savgol_w7_p3,iqr,,min-max,cubic15,"{""denoise"": {""method"": ""savgol"", ""polyorder"": 3, ""window_length"": 7}, ""interpolate"": {""method"": ""cubic"", ""target_K"": 15}, ""normalize"": {""method"": ""min-max""}, ""outliers"": {""factor"": 1.5, ""method"": ""iqr""}}",/home/test/bupt_hjk/SDP/test_xrf55/result/full_tests/xrf55_038+savgol_w7_p3+iqr+min-max+cubic15+resnet1d,484.92,,83.18181818181817,cubic
XRF55,39,xrf55_039,savgol_w7_p3+iqr+min-max+nearest15,resnet1d,ok,0.903030303030303,0.8318181818181818,savgol_w7_p3,iqr,,min-max,nearest15,"{""denoise"": {""method"": ""savgol"", ""polyorder"": 3, ""window_length"": 7}, ""interpolate"": {""method"": ""nearest"", ""target_K"": 15}, ""normalize"": {""method"": ""min-max""}, ""outliers"": {""factor"": 1.5, ""method"": ""iqr""}}",/home/test/bupt_hjk/SDP/test_xrf55/result/full_tests/xrf55_039+savgol_w7_p3+iqr+min-max+nearest15+resnet1d,226.77,,83.18181818181817,nearest
XRF55,40,xrf55_040,savgol_w7_p3+iqr+min-max+decimate15,resnet1d,ok,0.9045454545454544,0.85,savgol_w7_p3,iqr,,min-max,decimate15,"{""denoise"": {""method"": ""savgol"", ""polyorder"": 3, ""window_length"": 7}, ""interpolate"": {""method"": ""decimate"", ""target_K"": 15}, ""normalize"": {""method"": ""min-max""}, ""outliers"": {""factor"": 1.5, ""method"": ""iqr""}}",/home/test/bupt_hjk/SDP/test_xrf55/result/full_tests/xrf55_040+savgol_w7_p3+iqr+min-max+decimate15+resnet1d,99.52,,85.0,decimate
XRF55,41,xrf55_041,savgol_w7_p3+outlier_z-score+z-score+linear15,resnet1d,ok,0.8954545454545455,0.8409090909090909,savgol_w7_p3,outlier_z-score,,z-score,linear15,"{""denoise"": {""method"": ""savgol"", ""polyorder"": 3, ""window_length"": 7}, ""interpolate"": {""method"": ""linear"", ""target_K"": 15}, ""normalize"": {""method"": ""z-score""}, ""outliers"": {""factor"": 3.0, ""method"": ""z-score""}}",/home/test/bupt_hjk/SDP/test_xrf55/result/full_tests/xrf55_041+savgol_w7_p3+outlier_z-score+z-score+linear15+resnet1d,241.23,,84.0909090909091,linear
XRF55,42,xrf55_042,savgol_w7_p3+outlier_z-score+z-score+cubic15,resnet1d,ok,0.8893939393939394,0.8196969696969697,savgol_w7_p3,outlier_z-score,,z-score,cubic15,"{""denoise"": {""method"": ""savgol"", ""polyorder"": 3, ""window_length"": 7}, ""interpolate"": {""method"": ""cubic"", ""target_K"": 15}, ""normalize"": {""method"": ""z-score""}, ""outliers"": {""factor"": 3.0, ""method"": ""z-score""}}",/home/test/bupt_hjk/SDP/test_xrf55/result/full_tests/xrf55_042+savgol_w7_p3+outlier_z-score+z-score+cubic15+resnet1d,476.56,,81.96969696969697,cubic
XRF55,43,xrf55_043,savgol_w7_p3+outlier_z-score+z-score+nearest15,resnet1d,ok,0.9045454545454544,0.8348484848484848,savgol_w7_p3,outlier_z-score,,z-score,nearest15,"{""denoise"": {""method"": ""savgol"", ""polyorder"": 3, ""window_length"": 7}, ""interpolate"": {""method"": ""nearest"", ""target_K"": 15}, ""normalize"": {""method"": ""z-score""}, ""outliers"": {""factor"": 3.0, ""method"": ""z-score""}}",/home/test/bupt_hjk/SDP/test_xrf55/result/full_tests/xrf55_043+savgol_w7_p3+outlier_z-score+z-score+nearest15+resnet1d,214.22,,83.48484848484848,nearest
XRF55,44,xrf55_044,savgol_w7_p3+outlier_z-score+z-score+decimate15,resnet1d,ok,0.9090909090909092,0.8424242424242424,savgol_w7_p3,outlier_z-score,,z-score,decimate15,"{""denoise"": {""method"": ""savgol"", ""polyorder"": 3, ""window_length"": 7}, ""interpolate"": {""method"": ""decimate"", ""target_K"": 15}, ""normalize"": {""method"": ""z-score""}, ""outliers"": {""factor"": 3.0, ""method"": ""z-score""}}",/home/test/bupt_hjk/SDP/test_xrf55/result/full_tests/xrf55_044+savgol_w7_p3+outlier_z-score+z-score+decimate15+resnet1d,95.49,,84.24242424242424,decimate
XRF55,45,xrf55_045,savgol_w7_p3+outlier_z-score+min-max+linear15,resnet1d,ok,0.9045454545454544,0.8484848484848485,savgol_w7_p3,outlier_z-score,,min-max,linear15,"{""denoise"": {""method"": ""savgol"", ""polyorder"": 3, ""window_length"": 7}, ""interpolate"": {""method"": ""linear"", ""target_K"": 15}, ""normalize"": {""method"": ""min-max""}, ""outliers"": {""factor"": 3.0, ""method"": ""z-score""}}",/home/test/bupt_hjk/SDP/test_xrf55/result/full_tests/xrf55_045+savgol_w7_p3+outlier_z-score+min-max+linear15+resnet1d,238.07,,84.84848484848484,linear
XRF55,46,xrf55_046,savgol_w7_p3+outlier_z-score+min-max+cubic15,resnet1d,ok,0.890909090909091,0.8227272727272728,savgol_w7_p3,outlier_z-score,,min-max,cubic15,"{""denoise"": {""method"": ""savgol"", ""polyorder"": 3, ""window_length"": 7}, ""interpolate"": {""method"": ""cubic"", ""target_K"": 15}, ""normalize"": {""method"": ""min-max""}, ""outliers"": {""factor"": 3.0, ""method"": ""z-score""}}",/home/test/bupt_hjk/SDP/test_xrf55/result/full_tests/xrf55_046+savgol_w7_p3+outlier_z-score+min-max+cubic15+resnet1d,477.24,,82.27272727272728,cubic
XRF55,47,xrf55_047,savgol_w7_p3+outlier_z-score+min-max+nearest15,resnet1d,ok,0.9075757575757576,0.8409090909090909,savgol_w7_p3,outlier_z-score,,min-max,nearest15,"{""denoise"": {""method"": ""savgol"", ""polyorder"": 3, ""window_length"": 7}, ""interpolate"": {""method"": ""nearest"", ""target_K"": 15}, ""normalize"": {""method"": ""min-max""}, ""outliers"": {""factor"": 3.0, ""method"": ""z-score""}}",/home/test/bupt_hjk/SDP/test_xrf55/result/full_tests/xrf55_047+savgol_w7_p3+outlier_z-score+min-max+nearest15+resnet1d,222.33,,84.0909090909091,nearest
XRF55,48,xrf55_048,savgol_w7_p3+outlier_z-score+min-max+decimate15,resnet1d,ok,0.896969696969697,0.8363636363636363,savgol_w7_p3,outlier_z-score,,min-max,decimate15,"{""denoise"": {""method"": ""savgol"", ""polyorder"": 3, ""window_length"": 7}, ""interpolate"": {""method"": ""decimate"", ""target_K"": 15}, ""normalize"": {""method"": ""min-max""}, ""outliers"": {""factor"": 3.0, ""method"": ""z-score""}}",/home/test/bupt_hjk/SDP/test_xrf55/result/full_tests/xrf55_048+savgol_w7_p3+outlier_z-score+min-max+decimate15+resnet1d,97.24,,83.63636363636363,decimate
XRF55,49,xrf55_049,bandpass_0.5-50+iqr+z-score+linear15,resnet1d,ok,0.396969696969697,0.3939393939393939,bandpass_0.5-50,iqr,,z-score,linear15,"{""denoise"": {""fs"": 1000.0, ""high_freq"": 50.0, ""low_freq"": 0.5, ""method"": ""bandpass"", ""order"": 4}, ""interpolate"": {""method"": ""linear"", ""target_K"": 15}, ""normalize"": {""method"": ""z-score""}, ""outliers"": {""factor"": 1.5, ""method"": ""iqr""}}",/home/test/bupt_hjk/SDP/test_xrf55/result/full_tests/xrf55_049+bandpass_0.5-50+iqr+z-score+linear15+resnet1d,216.42,,39.39393939393939,linear
XRF55,50,xrf55_050,bandpass_0.5-50+iqr+z-score+cubic15,resnet1d,ok,0.4166666666666666,0.3818181818181818,bandpass_0.5-50,iqr,,z-score,cubic15,"{""denoise"": {""fs"": 1000.0, ""high_freq"": 50.0, ""low_freq"": 0.5, ""method"": ""bandpass"", ""order"": 4}, ""interpolate"": {""method"": ""cubic"", ""target_K"": 15}, ""normalize"": {""method"": ""z-score""}, ""outliers"": {""factor"": 1.5, ""method"": ""iqr""}}",/home/test/bupt_hjk/SDP/test_xrf55/result/full_tests/xrf55_050+bandpass_0.5-50+iqr+z-score+cubic15+resnet1d,460.12,,38.18181818181818,cubic
XRF55,51,xrf55_051,bandpass_0.5-50+iqr+z-score+nearest15,resnet1d,ok,0.4196969696969697,0.3666666666666666,bandpass_0.5-50,iqr,,z-score,nearest15,"{""denoise"": {""fs"": 1000.0, ""high_freq"": 50.0, ""low_freq"": 0.5, ""method"": ""bandpass"", ""order"": 4}, ""interpolate"": {""method"": ""nearest"", ""target_K"": 15}, ""normalize"": {""method"": ""z-score""}, ""outliers"": {""factor"": 1.5, ""method"": ""iqr""}}",/home/test/bupt_hjk/SDP/test_xrf55/result/full_tests/xrf55_051+bandpass_0.5-50+iqr+z-score+nearest15+resnet1d,191.69,,36.66666666666666,nearest
XRF55,52,xrf55_052,bandpass_0.5-50+iqr+z-score+decimate15,resnet1d,ok,0.4454545454545455,0.4090909090909091,bandpass_0.5-50,iqr,,z-score,decimate15,"{""denoise"": {""fs"": 1000.0, ""high_freq"": 50.0, ""low_freq"": 0.5, ""method"": ""bandpass"", ""order"": 4}, ""interpolate"": {""method"": ""decimate"", ""target_K"": 15}, ""normalize"": {""method"": ""z-score""}, ""outliers"": {""factor"": 1.5, ""method"": ""iqr""}}",/home/test/bupt_hjk/SDP/test_xrf55/result/full_tests/xrf55_052+bandpass_0.5-50+iqr+z-score+decimate15+resnet1d,69.96,,40.909090909090914,decimate
XRF55,53,xrf55_053,bandpass_0.5-50+iqr+min-max+linear15,resnet1d,ok,0.4333333333333333,0.4136363636363636,bandpass_0.5-50,iqr,,min-max,linear15,"{""denoise"": {""fs"": 1000.0, ""high_freq"": 50.0, ""low_freq"": 0.5, ""method"": ""bandpass"", ""order"": 4}, ""interpolate"": {""method"": ""linear"", ""target_K"": 15}, ""normalize"": {""method"": ""min-max""}, ""outliers"": {""factor"": 1.5, ""method"": ""iqr""}}",/home/test/bupt_hjk/SDP/test_xrf55/result/full_tests/xrf55_053+bandpass_0.5-50+iqr+min-max+linear15+resnet1d,217.34,,41.36363636363636,linear
XRF55,54,xrf55_054,bandpass_0.5-50+iqr+min-max+cubic15,resnet1d,ok,0.4151515151515151,0.4075757575757576,bandpass_0.5-50,iqr,,min-max,cubic15,"{""denoise"": {""fs"": 1000.0, ""high_freq"": 50.0, ""low_freq"": 0.5, ""method"": ""bandpass"", ""order"": 4}, ""interpolate"": {""method"": ""cubic"", ""target_K"": 15}, ""normalize"": {""method"": ""min-max""}, ""outliers"": {""factor"": 1.5, ""method"": ""iqr""}}",/home/test/bupt_hjk/SDP/test_xrf55/result/full_tests/xrf55_054+bandpass_0.5-50+iqr+min-max+cubic15+resnet1d,455.07,,40.75757575757576,cubic
XRF55,55,xrf55_055,bandpass_0.5-50+iqr+min-max+nearest15,resnet1d,ok,0.4242424242424242,0.3803030303030303,bandpass_0.5-50,iqr,,min-max,nearest15,"{""denoise"": {""fs"": 1000.0, ""high_freq"": 50.0, ""low_freq"": 0.5, ""method"": ""bandpass"", ""order"": 4}, ""interpolate"": {""method"": ""nearest"", ""target_K"": 15}, ""normalize"": {""method"": ""min-max""}, ""outliers"": {""factor"": 1.5, ""method"": ""iqr""}}",/home/test/bupt_hjk/SDP/test_xrf55/result/full_tests/xrf55_055+bandpass_0.5-50+iqr+min-max+nearest15+resnet1d,192.4,,38.03030303030303,nearest
XRF55,56,xrf55_056,bandpass_0.5-50+iqr+min-max+decimate15,resnet1d,ok,0.4424242424242424,0.4287878787878788,bandpass_0.5-50,iqr,,min-max,decimate15,"{""denoise"": {""fs"": 1000.0, ""high_freq"": 50.0, ""low_freq"": 0.5, ""method"": ""bandpass"", ""order"": 4}, ""interpolate"": {""method"": ""decimate"", ""target_K"": 15}, ""normalize"": {""method"": ""min-max""}, ""outliers"": {""factor"": 1.5, ""method"": ""iqr""}}",/home/test/bupt_hjk/SDP/test_xrf55/result/full_tests/xrf55_056+bandpass_0.5-50+iqr+min-max+decimate15+resnet1d,67.97,,42.878787878787875,decimate
XRF55,57,xrf55_057,bandpass_0.5-50+outlier_z-score+z-score+linear15,resnet1d,ok,0.4257575757575758,0.4181818181818181,bandpass_0.5-50,outlier_z-score,,z-score,linear15,"{""denoise"": {""fs"": 1000.0, ""high_freq"": 50.0, ""low_freq"": 0.5, ""method"": ""bandpass"", ""order"": 4}, ""interpolate"": {""method"": ""linear"", ""target_K"": 15}, ""normalize"": {""method"": ""z-score""}, ""outliers"": {""factor"": 3.0, ""method"": ""z-score""}}",/home/test/bupt_hjk/SDP/test_xrf55/result/full_tests/xrf55_057+bandpass_0.5-50+outlier_z-score+z-score+linear15+resnet1d,214.49,,41.81818181818181,linear
XRF55,58,xrf55_058,bandpass_0.5-50+outlier_z-score+z-score+cubic15,resnet1d,ok,0.4196969696969697,0.3924242424242424,bandpass_0.5-50,outlier_z-score,,z-score,cubic15,"{""denoise"": {""fs"": 1000.0, ""high_freq"": 50.0, ""low_freq"": 0.5, ""method"": ""bandpass"", ""order"": 4}, ""interpolate"": {""method"": ""cubic"", ""target_K"": 15}, ""normalize"": {""method"": ""z-score""}, ""outliers"": {""factor"": 3.0, ""method"": ""z-score""}}",/home/test/bupt_hjk/SDP/test_xrf55/result/full_tests/xrf55_058+bandpass_0.5-50+outlier_z-score+z-score+cubic15+resnet1d,454.87,,39.24242424242424,cubic
XRF55,59,xrf55_059,bandpass_0.5-50+outlier_z-score+z-score+nearest15,resnet1d,ok,0.409090909090909,0.3909090909090909,bandpass_0.5-50,outlier_z-score,,z-score,nearest15,"{""denoise"": {""fs"": 1000.0, ""high_freq"": 50.0, ""low_freq"": 0.5, ""method"": ""bandpass"", ""order"": 4}, ""interpolate"": {""method"": ""nearest"", ""target_K"": 15}, ""normalize"": {""method"": ""z-score""}, ""outliers"": {""factor"": 3.0, ""method"": ""z-score""}}",/home/test/bupt_hjk/SDP/test_xrf55/result/full_tests/xrf55_059+bandpass_0.5-50+outlier_z-score+z-score+nearest15+resnet1d,191.57,,39.090909090909086,nearest
XRF55,60,xrf55_060,bandpass_0.5-50+outlier_z-score+z-score+decimate15,resnet1d,ok,0.4560606060606061,0.4181818181818181,bandpass_0.5-50,outlier_z-score,,z-score,decimate15,"{""denoise"": {""fs"": 1000.0, ""high_freq"": 50.0, ""low_freq"": 0.5, ""method"": ""bandpass"", ""order"": 4}, ""interpolate"": {""method"": ""decimate"", ""target_K"": 15}, ""normalize"": {""method"": ""z-score""}, ""outliers"": {""factor"": 3.0, ""method"": ""z-score""}}",/home/test/bupt_hjk/SDP/test_xrf55/result/full_tests/xrf55_060+bandpass_0.5-50+outlier_z-score+z-score+decimate15+resnet1d,70.95,,41.81818181818181,decimate
XRF55,61,xrf55_061,bandpass_0.5-50+outlier_z-score+min-max+linear15,resnet1d,ok,0.4257575757575758,0.3772727272727272,bandpass_0.5-50,outlier_z-score,,min-max,linear15,"{""denoise"": {""fs"": 1000.0, ""high_freq"": 50.0, ""low_freq"": 0.5, ""method"": ""bandpass"", ""order"": 4}, ""interpolate"": {""method"": ""linear"", ""target_K"": 15}, ""normalize"": {""method"": ""min-max""}, ""outliers"": {""factor"": 3.0, ""method"": ""z-score""}}",/home/test/bupt_hjk/SDP/test_xrf55/result/full_tests/xrf55_061+bandpass_0.5-50+outlier_z-score+min-max+linear15+resnet1d,216.46,,37.72727272727272,linear
XRF55,62,xrf55_062,bandpass_0.5-50+outlier_z-score+min-max+cubic15,resnet1d,ok,0.4227272727272727,0.4045454545454545,bandpass_0.5-50,outlier_z-score,,min-max,cubic15,"{""denoise"": {""fs"": 1000.0, ""high_freq"": 50.0, ""low_freq"": 0.5, ""method"": ""bandpass"", ""order"": 4}, ""interpolate"": {""method"": ""cubic"", ""target_K"": 15}, ""normalize"": {""method"": ""min-max""}, ""outliers"": {""factor"": 3.0, ""method"": ""z-score""}}",/home/test/bupt_hjk/SDP/test_xrf55/result/full_tests/xrf55_062+bandpass_0.5-50+outlier_z-score+min-max+cubic15+resnet1d,459.76,,40.454545454545446,cubic
XRF55,63,xrf55_063,bandpass_0.5-50+outlier_z-score+min-max+nearest15,resnet1d,ok,0.4363636363636363,0.4,bandpass_0.5-50,outlier_z-score,,min-max,nearest15,"{""denoise"": {""fs"": 1000.0, ""high_freq"": 50.0, ""low_freq"": 0.5, ""method"": ""bandpass"", ""order"": 4}, ""interpolate"": {""method"": ""nearest"", ""target_K"": 15}, ""normalize"": {""method"": ""min-max""}, ""outliers"": {""factor"": 3.0, ""method"": ""z-score""}}",/home/test/bupt_hjk/SDP/test_xrf55/result/full_tests/xrf55_063+bandpass_0.5-50+outlier_z-score+min-max+nearest15+resnet1d,194.96,,40.0,nearest
XRF55,64,xrf55_064,bandpass_0.5-50+outlier_z-score+min-max+decimate15,resnet1d,ok,0.4636363636363637,0.4318181818181818,bandpass_0.5-50,outlier_z-score,,min-max,decimate15,"{""denoise"": {""fs"": 1000.0, ""high_freq"": 50.0, ""low_freq"": 0.5, ""method"": ""bandpass"", ""order"": 4}, ""interpolate"": {""method"": ""decimate"", ""target_K"": 15}, ""normalize"": {""method"": ""min-max""}, ""outliers"": {""factor"": 3.0, ""method"": ""z-score""}}",/home/test/bupt_hjk/SDP/test_xrf55/result/full_tests/xrf55_064+bandpass_0.5-50+outlier_z-score+min-max+decimate15+resnet1d,71.26,,43.18181818181818,decimate
XRF55,65,xrf55_065,hampel_w5_s3+iqr+z-score+linear15,resnet1d,ok,0.9090909090909092,0.8166666666666667,hampel_w5_s3,iqr,,z-score,linear15,"{""denoise"": {""method"": ""hampel"", ""n_sigma"": 3.0, ""window_size"": 5}, ""interpolate"": {""method"": ""linear"", ""target_K"": 15}, ""normalize"": {""method"": ""z-score""}, ""outliers"": {""factor"": 1.5, ""method"": ""iqr""}}",/home/test/bupt_hjk/SDP/test_xrf55/result/full_tests/xrf55_065+hampel_w5_s3+iqr+z-score+linear15+resnet1d,4795.44,,81.66666666666667,linear
XRF55,66,xrf55_066,hampel_w5_s3+iqr+z-score+cubic15,resnet1d,ok,0.9045454545454544,0.8212121212121212,hampel_w5_s3,iqr,,z-score,cubic15,"{""denoise"": {""method"": ""hampel"", ""n_sigma"": 3.0, ""window_size"": 5}, ""interpolate"": {""method"": ""cubic"", ""target_K"": 15}, ""normalize"": {""method"": ""z-score""}, ""outliers"": {""factor"": 1.5, ""method"": ""iqr""}}",/home/test/bupt_hjk/SDP/test_xrf55/result/full_tests/xrf55_066+hampel_w5_s3+iqr+z-score+cubic15+resnet1d,4771.28,,82.12121212121211,cubic
XRF55,67,xrf55_067,hampel_w5_s3+iqr+z-score+nearest15,resnet1d,ok,0.906060606060606,0.8409090909090909,hampel_w5_s3,iqr,,z-score,nearest15,"{""denoise"": {""method"": ""hampel"", ""n_sigma"": 3.0, ""window_size"": 5}, ""interpolate"": {""method"": ""nearest"", ""target_K"": 15}, ""normalize"": {""method"": ""z-score""}, ""outliers"": {""factor"": 1.5, ""method"": ""iqr""}}",/home/test/bupt_hjk/SDP/test_xrf55/result/full_tests/xrf55_067+hampel_w5_s3+iqr+z-score+nearest15+resnet1d,4528.59,,84.0909090909091,nearest
XRF55,68,xrf55_068,hampel_w5_s3+iqr+z-score+decimate15,resnet1d,ok,0.896969696969697,0.8106060606060606,hampel_w5_s3,iqr,,z-score,decimate15,"{""denoise"": {""method"": ""hampel"", ""n_sigma"": 3.0, ""window_size"": 5}, ""interpolate"": {""method"": ""decimate"", ""target_K"": 15}, ""normalize"": {""method"": ""z-score""}, ""outliers"": {""factor"": 1.5, ""method"": ""iqr""}}",/home/test/bupt_hjk/SDP/test_xrf55/result/full_tests/xrf55_068+hampel_w5_s3+iqr+z-score+decimate15+resnet1d,4644.18,,81.06060606060606,decimate
XRF55,69,xrf55_069,hampel_w5_s3+iqr+min-max+linear15,resnet1d,ok,0.906060606060606,0.8333333333333334,hampel_w5_s3,iqr,,min-max,linear15,"{""denoise"": {""method"": ""hampel"", ""n_sigma"": 3.0, ""window_size"": 5}, ""interpolate"": {""method"": ""linear"", ""target_K"": 15}, ""normalize"": {""method"": ""min-max""}, ""outliers"": {""factor"": 1.5, ""method"": ""iqr""}}",/home/test/bupt_hjk/SDP/test_xrf55/result/full_tests/xrf55_069+hampel_w5_s3+iqr+min-max+linear15+resnet1d,4770.81,,83.33333333333334,linear
XRF55,70,xrf55_070,hampel_w5_s3+iqr+min-max+cubic15,resnet1d,ok,0.9045454545454544,0.8166666666666667,hampel_w5_s3,iqr,,min-max,cubic15,"{""denoise"": {""method"": ""hampel"", ""n_sigma"": 3.0, ""window_size"": 5}, ""interpolate"": {""method"": ""cubic"", ""target_K"": 15}, ""normalize"": {""method"": ""min-max""}, ""outliers"": {""factor"": 1.5, ""method"": ""iqr""}}",/home/test/bupt_hjk/SDP/test_xrf55/result/full_tests/xrf55_070+hampel_w5_s3+iqr+min-max+cubic15+resnet1d,4973.91,,81.66666666666667,cubic
XRF55,71,xrf55_071,hampel_w5_s3+iqr+min-max+nearest15,resnet1d,ok,0.9,0.8272727272727273,hampel_w5_s3,iqr,,min-max,nearest15,"{""denoise"": {""method"": ""hampel"", ""n_sigma"": 3.0, ""window_size"": 5}, ""interpolate"": {""method"": ""nearest"", ""target_K"": 15}, ""normalize"": {""method"": ""min-max""}, ""outliers"": {""factor"": 1.5, ""method"": ""iqr""}}",/home/test/bupt_hjk/SDP/test_xrf55/result/full_tests/xrf55_071+hampel_w5_s3+iqr+min-max+nearest15+resnet1d,4625.06,,82.72727272727273,nearest
XRF55,72,xrf55_072,hampel_w5_s3+iqr+min-max+decimate15,resnet1d,ok,0.8954545454545455,0.8151515151515152,hampel_w5_s3,iqr,,min-max,decimate15,"{""denoise"": {""method"": ""hampel"", ""n_sigma"": 3.0, ""window_size"": 5}, ""interpolate"": {""method"": ""decimate"", ""target_K"": 15}, ""normalize"": {""method"": ""min-max""}, ""outliers"": {""factor"": 1.5, ""method"": ""iqr""}}",/home/test/bupt_hjk/SDP/test_xrf55/result/full_tests/xrf55_072+hampel_w5_s3+iqr+min-max+decimate15+resnet1d,4560.04,,81.51515151515152,decimate
XRF55,73,xrf55_073,hampel_w5_s3+outlier_z-score+z-score+linear15,resnet1d,ok,0.9106060606060606,0.8196969696969697,hampel_w5_s3,outlier_z-score,,z-score,linear15,"{""denoise"": {""method"": ""hampel"", ""n_sigma"": 3.0, ""window_size"": 5}, ""interpolate"": {""method"": ""linear"", ""target_K"": 15}, ""normalize"": {""method"": ""z-score""}, ""outliers"": {""factor"": 3.0, ""method"": ""z-score""}}",/home/test/bupt_hjk/SDP/test_xrf55/result/full_tests/xrf55_073+hampel_w5_s3+outlier_z-score+z-score+linear15+resnet1d,4767.59,,81.96969696969697,linear
XRF55,74,xrf55_074,hampel_w5_s3+outlier_z-score+z-score+cubic15,resnet1d,ok,0.9015151515151516,0.8393939393939394,hampel_w5_s3,outlier_z-score,,z-score,cubic15,"{""denoise"": {""method"": ""hampel"", ""n_sigma"": 3.0, ""window_size"": 5}, ""interpolate"": {""method"": ""cubic"", ""target_K"": 15}, ""normalize"": {""method"": ""z-score""}, ""outliers"": {""factor"": 3.0, ""method"": ""z-score""}}",/home/test/bupt_hjk/SDP/test_xrf55/result/full_tests/xrf55_074+hampel_w5_s3+outlier_z-score+z-score+cubic15+resnet1d,4970.98,,83.93939393939394,cubic
XRF55,75,xrf55_075,hampel_w5_s3+outlier_z-score+z-score+nearest15,resnet1d,ok,0.9151515151515152,0.8333333333333334,hampel_w5_s3,outlier_z-score,,z-score,nearest15,"{""denoise"": {""method"": ""hampel"", ""n_sigma"": 3.0, ""window_size"": 5}, ""interpolate"": {""method"": ""nearest"", ""target_K"": 15}, ""normalize"": {""method"": ""z-score""}, ""outliers"": {""factor"": 3.0, ""method"": ""z-score""}}",/home/test/bupt_hjk/SDP/test_xrf55/result/full_tests/xrf55_075+hampel_w5_s3+outlier_z-score+z-score+nearest15+resnet1d,4685.49,,83.33333333333334,nearest
XRF55,76,xrf55_076,hampel_w5_s3+outlier_z-score+z-score+decimate15,resnet1d,ok,0.9151515151515152,0.8363636363636363,hampel_w5_s3,outlier_z-score,,z-score,decimate15,"{""denoise"": {""method"": ""hampel"", ""n_sigma"": 3.0, ""window_size"": 5}, ""interpolate"": {""method"": ""decimate"", ""target_K"": 15}, ""normalize"": {""method"": ""z-score""}, ""outliers"": {""factor"": 3.0, ""method"": ""z-score""}}",/home/test/bupt_hjk/SDP/test_xrf55/result/full_tests/xrf55_076+hampel_w5_s3+outlier_z-score+z-score+decimate15+resnet1d,4558.66,,83.63636363636363,decimate
XRF55,77,xrf55_077,hampel_w5_s3+outlier_z-score+min-max+linear15,resnet1d,ok,0.8863636363636364,0.8287878787878787,hampel_w5_s3,outlier_z-score,,min-max,linear15,"{""denoise"": {""method"": ""hampel"", ""n_sigma"": 3.0, ""window_size"": 5}, ""interpolate"": {""method"": ""linear"", ""target_K"": 15}, ""normalize"": {""method"": ""min-max""}, ""outliers"": {""factor"": 3.0, ""method"": ""z-score""}}",/home/test/bupt_hjk/SDP/test_xrf55/result/full_tests/xrf55_077+hampel_w5_s3+outlier_z-score+min-max+linear15+resnet1d,4704.14,,82.87878787878788,linear
XRF55,78,xrf55_078,hampel_w5_s3+outlier_z-score+min-max+cubic15,resnet1d,ok,0.9045454545454544,0.8363636363636363,hampel_w5_s3,outlier_z-score,,min-max,cubic15,"{""denoise"": {""method"": ""hampel"", ""n_sigma"": 3.0, ""window_size"": 5}, ""interpolate"": {""method"": ""cubic"", ""target_K"": 15}, ""normalize"": {""method"": ""min-max""}, ""outliers"": {""factor"": 3.0, ""method"": ""z-score""}}",/home/test/bupt_hjk/SDP/test_xrf55/result/full_tests/xrf55_078+hampel_w5_s3+outlier_z-score+min-max+cubic15+resnet1d,4962.48,,83.63636363636363,cubic
XRF55,79,xrf55_079,hampel_w5_s3+outlier_z-score+min-max+nearest15,resnet1d,ok,0.9045454545454544,0.8363636363636363,hampel_w5_s3,outlier_z-score,,min-max,nearest15,"{""denoise"": {""method"": ""hampel"", ""n_sigma"": 3.0, ""window_size"": 5}, ""interpolate"": {""method"": ""nearest"", ""target_K"": 15}, ""normalize"": {""method"": ""min-max""}, ""outliers"": {""factor"": 3.0, ""method"": ""z-score""}}",/home/test/bupt_hjk/SDP/test_xrf55/result/full_tests/xrf55_079+hampel_w5_s3+outlier_z-score+min-max+nearest15+resnet1d,4671.99,,83.63636363636363,nearest
XRF55,80,xrf55_080,hampel_w5_s3+outlier_z-score+min-max+decimate15,resnet1d,ok,0.8893939393939394,0.8227272727272728,hampel_w5_s3,outlier_z-score,,min-max,decimate15,"{""denoise"": {""method"": ""hampel"", ""n_sigma"": 3.0, ""window_size"": 5}, ""interpolate"": {""method"": ""decimate"", ""target_K"": 15}, ""normalize"": {""method"": ""min-max""}, ""outliers"": {""factor"": 3.0, ""method"": ""z-score""}}",/home/test/bupt_hjk/SDP/test_xrf55/result/full_tests/xrf55_080+hampel_w5_s3+outlier_z-score+min-max+decimate15+resnet1d,4540.16,,82.27272727272728,decimate
ElderAL,1,elderAL_001,wavelet+iqr+z-score+linear64,csitime,ok,0.8164794007490638,0.7925925925925926,wavelet,iqr,,z-score,linear64,"{""denoise"": {""method"": ""wavelet""}, ""interpolate"": {""method"": ""linear"", ""target_K"": 64}, ""normalize"": {""method"": ""z-score""}, ""outliers"": {""factor"": 1.5, ""method"": ""iqr""}}",/home/test/bupt_hjk/SDP/test_elderAL/result/full_tests/elderAL_001+wavelet+iqr+z-score+linear64+csitime,51.88,,79.25925925925927,linear
ElderAL,2,elderAL_002,wavelet+iqr+z-score+cubic64,csitime,ok,0.8108614232209738,0.7222222222222222,wavelet,iqr,,z-score,cubic64,"{""denoise"": {""method"": ""wavelet""}, ""interpolate"": {""method"": ""cubic"", ""target_K"": 64}, ""normalize"": {""method"": ""z-score""}, ""outliers"": {""factor"": 1.5, ""method"": ""iqr""}}",/home/test/bupt_hjk/SDP/test_elderAL/result/full_tests/elderAL_002+wavelet+iqr+z-score+cubic64+csitime,53.03,,72.22222222222221,cubic
ElderAL,3,elderAL_003,wavelet+iqr+z-score+nearest64,csitime,ok,0.8220973782771536,0.7592592592592593,wavelet,iqr,,z-score,nearest64,"{""denoise"": {""method"": ""wavelet""}, ""interpolate"": {""method"": ""nearest"", ""target_K"": 64}, ""normalize"": {""method"": ""z-score""}, ""outliers"": {""factor"": 1.5, ""method"": ""iqr""}}",/home/test/bupt_hjk/SDP/test_elderAL/result/full_tests/elderAL_003+wavelet+iqr+z-score+nearest64+csitime,49.72,,75.92592592592592,nearest
ElderAL,4,elderAL_004,wavelet+iqr+z-score+decimate64,csitime,ok,0.8632958801498127,0.762962962962963,wavelet,iqr,,z-score,decimate64,"{""denoise"": {""method"": ""wavelet""}, ""interpolate"": {""method"": ""decimate"", ""target_K"": 64}, ""normalize"": {""method"": ""z-score""}, ""outliers"": {""factor"": 1.5, ""method"": ""iqr""}}",/home/test/bupt_hjk/SDP/test_elderAL/result/full_tests/elderAL_004+wavelet+iqr+z-score+decimate64+csitime,49.29,,76.29629629629629,decimate
ElderAL,5,elderAL_005,wavelet+iqr+min-max+linear64,csitime,ok,0.8670411985018727,0.8518518518518519,wavelet,iqr,,min-max,linear64,"{""denoise"": {""method"": ""wavelet""}, ""interpolate"": {""method"": ""linear"", ""target_K"": 64}, ""normalize"": {""method"": ""min-max""}, ""outliers"": {""factor"": 1.5, ""method"": ""iqr""}}",/home/test/bupt_hjk/SDP/test_elderAL/result/full_tests/elderAL_005+wavelet+iqr+min-max+linear64+csitime,47.2,,85.18518518518519,linear
ElderAL,6,elderAL_006,wavelet+iqr+min-max+cubic64,csitime,ok,0.8820224719101124,0.8740740740740741,wavelet,iqr,,min-max,cubic64,"{""denoise"": {""method"": ""wavelet""}, ""interpolate"": {""method"": ""cubic"", ""target_K"": 64}, ""normalize"": {""method"": ""min-max""}, ""outliers"": {""factor"": 1.5, ""method"": ""iqr""}}",/home/test/bupt_hjk/SDP/test_elderAL/result/full_tests/elderAL_006+wavelet+iqr+min-max+cubic64+csitime,55.86,,87.4074074074074,cubic
ElderAL,7,elderAL_007,wavelet+iqr+min-max+nearest64,csitime,ok,0.850187265917603,0.7444444444444445,wavelet,iqr,,min-max,nearest64,"{""denoise"": {""method"": ""wavelet""}, ""interpolate"": {""method"": ""nearest"", ""target_K"": 64}, ""normalize"": {""method"": ""min-max""}, ""outliers"": {""factor"": 1.5, ""method"": ""iqr""}}",/home/test/bupt_hjk/SDP/test_elderAL/result/full_tests/elderAL_007+wavelet+iqr+min-max+nearest64+csitime,48.62,,74.44444444444444,nearest
ElderAL,8,elderAL_008,wavelet+iqr+min-max+decimate64,csitime,ok,0.8689138576779026,0.8148148148148148,wavelet,iqr,,min-max,decimate64,"{""denoise"": {""method"": ""wavelet""}, ""interpolate"": {""method"": ""decimate"", ""target_K"": 64}, ""normalize"": {""method"": ""min-max""}, ""outliers"": {""factor"": 1.5, ""method"": ""iqr""}}",/home/test/bupt_hjk/SDP/test_elderAL/result/full_tests/elderAL_008+wavelet+iqr+min-max+decimate64+csitime,49.4,,81.48148148148148,decimate
ElderAL,9,elderAL_009,wavelet+outlier_z-score+z-score+linear64,csitime,ok,0.8951310861423221,0.8481481481481481,wavelet,outlier_z-score,,z-score,linear64,"{""denoise"": {""method"": ""wavelet""}, ""interpolate"": {""method"": ""linear"", ""target_K"": 64}, ""normalize"": {""method"": ""z-score""}, ""outliers"": {""factor"": 3.0, ""method"": ""z-score""}}",/home/test/bupt_hjk/SDP/test_elderAL/result/full_tests/elderAL_009+wavelet+outlier_z-score+z-score+linear64+csitime,49.78,,84.81481481481481,linear
ElderAL,10,elderAL_010,wavelet+outlier_z-score+z-score+cubic64,csitime,ok,0.8895131086142323,0.837037037037037,wavelet,outlier_z-score,,z-score,cubic64,"{""denoise"": {""method"": ""wavelet""}, ""interpolate"": {""method"": ""cubic"", ""target_K"": 64}, ""normalize"": {""method"": ""z-score""}, ""outliers"": {""factor"": 3.0, ""method"": ""z-score""}}",/home/test/bupt_hjk/SDP/test_elderAL/result/full_tests/elderAL_010+wavelet+outlier_z-score+z-score+cubic64+csitime,55.4,,83.7037037037037,cubic
ElderAL,11,elderAL_011,wavelet+outlier_z-score+z-score+nearest64,csitime,ok,0.8988764044943821,0.8592592592592593,wavelet,outlier_z-score,,z-score,nearest64,"{""denoise"": {""method"": ""wavelet""}, ""interpolate"": {""method"": ""nearest"", ""target_K"": 64}, ""normalize"": {""method"": ""z-score""}, ""outliers"": {""factor"": 3.0, ""method"": ""z-score""}}",/home/test/bupt_hjk/SDP/test_elderAL/result/full_tests/elderAL_011+wavelet+outlier_z-score+z-score+nearest64+csitime,49.13,,85.92592592592592,nearest
ElderAL,12,elderAL_012,wavelet+outlier_z-score+z-score+decimate64,csitime,ok,0.900749063670412,0.8296296296296296,wavelet,outlier_z-score,,z-score,decimate64,"{""denoise"": {""method"": ""wavelet""}, ""interpolate"": {""method"": ""decimate"", ""target_K"": 64}, ""normalize"": {""method"": ""z-score""}, ""outliers"": {""factor"": 3.0, ""method"": ""z-score""}}",/home/test/bupt_hjk/SDP/test_elderAL/result/full_tests/elderAL_012+wavelet+outlier_z-score+z-score+decimate64+csitime,48.51,,82.96296296296296,decimate
ElderAL,13,elderAL_013,wavelet+outlier_z-score+min-max+linear64,csitime,ok,0.906367041198502,0.8407407407407408,wavelet,outlier_z-score,,min-max,linear64,"{""denoise"": {""method"": ""wavelet""}, ""interpolate"": {""method"": ""linear"", ""target_K"": 64}, ""normalize"": {""method"": ""min-max""}, ""outliers"": {""factor"": 3.0, ""method"": ""z-score""}}",/home/test/bupt_hjk/SDP/test_elderAL/result/full_tests/elderAL_013+wavelet+outlier_z-score+min-max+linear64+csitime,49.24,,84.07407407407408,linear
ElderAL,14,elderAL_014,wavelet+outlier_z-score+min-max+cubic64,csitime,ok,0.906367041198502,0.9,wavelet,outlier_z-score,,min-max,cubic64,"{""denoise"": {""method"": ""wavelet""}, ""interpolate"": {""method"": ""cubic"", ""target_K"": 64}, ""normalize"": {""method"": ""min-max""}, ""outliers"": {""factor"": 3.0, ""method"": ""z-score""}}",/home/test/bupt_hjk/SDP/test_elderAL/result/full_tests/elderAL_014+wavelet+outlier_z-score+min-max+cubic64+csitime,54.62,,90.0,cubic
ElderAL,15,elderAL_015,wavelet+outlier_z-score+min-max+nearest64,csitime,ok,0.9176029962546816,0.7962962962962963,wavelet,outlier_z-score,,min-max,nearest64,"{""denoise"": {""method"": ""wavelet""}, ""interpolate"": {""method"": ""nearest"", ""target_K"": 64}, ""normalize"": {""method"": ""min-max""}, ""outliers"": {""factor"": 3.0, ""method"": ""z-score""}}",/home/test/bupt_hjk/SDP/test_elderAL/result/full_tests/elderAL_015+wavelet+outlier_z-score+min-max+nearest64+csitime,46.15,,79.62962962962963,nearest
ElderAL,16,elderAL_016,wavelet+outlier_z-score+min-max+decimate64,csitime,ok,0.8970037453183521,0.8296296296296296,wavelet,outlier_z-score,,min-max,decimate64,"{""denoise"": {""method"": ""wavelet""}, ""interpolate"": {""method"": ""decimate"", ""target_K"": 64}, ""normalize"": {""method"": ""min-max""}, ""outliers"": {""factor"": 3.0, ""method"": ""z-score""}}",/home/test/bupt_hjk/SDP/test_elderAL/result/full_tests/elderAL_016+wavelet+outlier_z-score+min-max+decimate64+csitime,48.62,,82.96296296296296,decimate
ElderAL,17,elderAL_017,butterworth_o5_c0.3+iqr+z-score+linear64,csitime,ok,0.8220973782771536,0.762962962962963,butterworth_o5_c0.3,iqr,,z-score,linear64,"{""denoise"": {""cutoff"": 0.3, ""method"": ""butterworth"", ""order"": 5}, ""interpolate"": {""method"": ""linear"", ""target_K"": 64}, ""normalize"": {""method"": ""z-score""}, ""outliers"": {""factor"": 1.5, ""method"": ""iqr""}}",/home/test/bupt_hjk/SDP/test_elderAL/result/full_tests/elderAL_017+butterworth_o5_c0.3+iqr+z-score+linear64+csitime,24.1,,76.29629629629629,linear
ElderAL,18,elderAL_018,butterworth_o5_c0.3+iqr+z-score+cubic64,csitime,ok,0.8052434456928839,0.7444444444444445,butterworth_o5_c0.3,iqr,,z-score,cubic64,"{""denoise"": {""cutoff"": 0.3, ""method"": ""butterworth"", ""order"": 5}, ""interpolate"": {""method"": ""cubic"", ""target_K"": 64}, ""normalize"": {""method"": ""z-score""}, ""outliers"": {""factor"": 1.5, ""method"": ""iqr""}}",/home/test/bupt_hjk/SDP/test_elderAL/result/full_tests/elderAL_018+butterworth_o5_c0.3+iqr+z-score+cubic64+csitime,27.33,,74.44444444444444,cubic
ElderAL,19,elderAL_019,butterworth_o5_c0.3+iqr+z-score+nearest64,csitime,ok,0.801498127340824,0.8,butterworth_o5_c0.3,iqr,,z-score,nearest64,"{""denoise"": {""cutoff"": 0.3, ""method"": ""butterworth"", ""order"": 5}, ""interpolate"": {""method"": ""nearest"", ""target_K"": 64}, ""normalize"": {""method"": ""z-score""}, ""outliers"": {""factor"": 1.5, ""method"": ""iqr""}}",/home/test/bupt_hjk/SDP/test_elderAL/result/full_tests/elderAL_019+butterworth_o5_c0.3+iqr+z-score+nearest64+csitime,24.19,,80.0,nearest
ElderAL,20,elderAL_020,butterworth_o5_c0.3+iqr+z-score+decimate64,csitime,ok,0.8670411985018727,0.837037037037037,butterworth_o5_c0.3,iqr,,z-score,decimate64,"{""denoise"": {""cutoff"": 0.3, ""method"": ""butterworth"", ""order"": 5}, ""interpolate"": {""method"": ""decimate"", ""target_K"": 64}, ""normalize"": {""method"": ""z-score""}, ""outliers"": {""factor"": 1.5, ""method"": ""iqr""}}",/home/test/bupt_hjk/SDP/test_elderAL/result/full_tests/elderAL_020+butterworth_o5_c0.3+iqr+z-score+decimate64+csitime,24.17,,83.7037037037037,decimate
ElderAL,21,elderAL_021,butterworth_o5_c0.3+iqr+min-max+linear64,csitime,ok,0.9288389513108616,0.9,butterworth_o5_c0.3,iqr,,min-max,linear64,"{""denoise"": {""cutoff"": 0.3, ""method"": ""butterworth"", ""order"": 5}, ""interpolate"": {""method"": ""linear"", ""target_K"": 64}, ""normalize"": {""method"": ""min-max""}, ""outliers"": {""factor"": 1.5, ""method"": ""iqr""}}",/home/test/bupt_hjk/SDP/test_elderAL/result/full_tests/elderAL_021+butterworth_o5_c0.3+iqr+min-max+linear64+csitime,24.16,,90.0,linear
ElderAL,22,elderAL_022,butterworth_o5_c0.3+iqr+min-max+cubic64,csitime,ok,0.9382022471910112,0.8851851851851852,butterworth_o5_c0.3,iqr,,min-max,cubic64,"{""denoise"": {""cutoff"": 0.3, ""method"": ""butterworth"", ""order"": 5}, ""interpolate"": {""method"": ""cubic"", ""target_K"": 64}, ""normalize"": {""method"": ""min-max""}, ""outliers"": {""factor"": 1.5, ""method"": ""iqr""}}",/home/test/bupt_hjk/SDP/test_elderAL/result/full_tests/elderAL_022+butterworth_o5_c0.3+iqr+min-max+cubic64+csitime,24.3,,88.51851851851852,cubic
ElderAL,23,elderAL_023,butterworth_o5_c0.3+iqr+min-max+nearest64,csitime,ok,0.9269662921348316,0.9111111111111112,butterworth_o5_c0.3,iqr,,min-max,nearest64,"{""denoise"": {""cutoff"": 0.3, ""method"": ""butterworth"", ""order"": 5}, ""interpolate"": {""method"": ""nearest"", ""target_K"": 64}, ""normalize"": {""method"": ""min-max""}, ""outliers"": {""factor"": 1.5, ""method"": ""iqr""}}",/home/test/bupt_hjk/SDP/test_elderAL/result/full_tests/elderAL_023+butterworth_o5_c0.3+iqr+min-max+nearest64+csitime,24.13,,91.11111111111111,nearest
ElderAL,24,elderAL_024,butterworth_o5_c0.3+iqr+min-max+decimate64,csitime,ok,0.9288389513108616,0.9185185185185184,butterworth_o5_c0.3,iqr,,min-max,decimate64,"{""denoise"": {""cutoff"": 0.3, ""method"": ""butterworth"", ""order"": 5}, ""interpolate"": {""method"": ""decimate"", ""target_K"": 64}, ""normalize"": {""method"": ""min-max""}, ""outliers"": {""factor"": 1.5, ""method"": ""iqr""}}",/home/test/bupt_hjk/SDP/test_elderAL/result/full_tests/elderAL_024+butterworth_o5_c0.3+iqr+min-max+decimate64+csitime,23.95,,91.85185185185183,decimate
ElderAL,25,elderAL_025,butterworth_o5_c0.3+outlier_z-score+z-score+linear64,csitime,ok,0.9176029962546816,0.825925925925926,butterworth_o5_c0.3,outlier_z-score,,z-score,linear64,"{""denoise"": {""cutoff"": 0.3, ""method"": ""butterworth"", ""order"": 5}, ""interpolate"": {""method"": ""linear"", ""target_K"": 64}, ""normalize"": {""method"": ""z-score""}, ""outliers"": {""factor"": 3.0, ""method"": ""z-score""}}",/home/test/bupt_hjk/SDP/test_elderAL/result/full_tests/elderAL_025+butterworth_o5_c0.3+outlier_z-score+z-score+linear64+csitime,23.77,,82.5925925925926,linear
ElderAL,26,elderAL_026,butterworth_o5_c0.3+outlier_z-score+z-score+cubic64,csitime,ok,0.9138576779026216,0.825925925925926,butterworth_o5_c0.3,outlier_z-score,,z-score,cubic64,"{""denoise"": {""cutoff"": 0.3, ""method"": ""butterworth"", ""order"": 5}, ""interpolate"": {""method"": ""cubic"", ""target_K"": 64}, ""normalize"": {""method"": ""z-score""}, ""outliers"": {""factor"": 3.0, ""method"": ""z-score""}}",/home/test/bupt_hjk/SDP/test_elderAL/result/full_tests/elderAL_026+butterworth_o5_c0.3+outlier_z-score+z-score+cubic64+csitime,26.65,,82.5925925925926,cubic
ElderAL,27,elderAL_027,butterworth_o5_c0.3+outlier_z-score+z-score+nearest64,csitime,ok,0.9325842696629212,0.8407407407407408,butterworth_o5_c0.3,outlier_z-score,,z-score,nearest64,"{""denoise"": {""cutoff"": 0.3, ""method"": ""butterworth"", ""order"": 5}, ""interpolate"": {""method"": ""nearest"", ""target_K"": 64}, ""normalize"": {""method"": ""z-score""}, ""outliers"": {""factor"": 3.0, ""method"": ""z-score""}}",/home/test/bupt_hjk/SDP/test_elderAL/result/full_tests/elderAL_027+butterworth_o5_c0.3+outlier_z-score+z-score+nearest64+csitime,23.94,,84.07407407407408,nearest
ElderAL,28,elderAL_028,butterworth_o5_c0.3+outlier_z-score+z-score+decimate64,csitime,ok,0.9213483146067416,0.8777777777777778,butterworth_o5_c0.3,outlier_z-score,,z-score,decimate64,"{""denoise"": {""cutoff"": 0.3, ""method"": ""butterworth"", ""order"": 5}, ""interpolate"": {""method"": ""decimate"", ""target_K"": 64}, ""normalize"": {""method"": ""z-score""}, ""outliers"": {""factor"": 3.0, ""method"": ""z-score""}}",/home/test/bupt_hjk/SDP/test_elderAL/result/full_tests/elderAL_028+butterworth_o5_c0.3+outlier_z-score+z-score+decimate64+csitime,22.83,,87.77777777777777,decimate
ElderAL,29,elderAL_029,butterworth_o5_c0.3+outlier_z-score+min-max+linear64,csitime,ok,0.9456928838951312,0.8481481481481481,butterworth_o5_c0.3,outlier_z-score,,min-max,linear64,"{""denoise"": {""cutoff"": 0.3, ""method"": ""butterworth"", ""order"": 5}, ""interpolate"": {""method"": ""linear"", ""target_K"": 64}, ""normalize"": {""method"": ""min-max""}, ""outliers"": {""factor"": 3.0, ""method"": ""z-score""}}",/home/test/bupt_hjk/SDP/test_elderAL/result/full_tests/elderAL_029+butterworth_o5_c0.3+outlier_z-score+min-max+linear64+csitime,23.55,,84.81481481481481,linear
ElderAL,30,elderAL_030,butterworth_o5_c0.3+outlier_z-score+min-max+cubic64,csitime,ok,0.9456928838951312,0.8185185185185185,butterworth_o5_c0.3,outlier_z-score,,min-max,cubic64,"{""denoise"": {""cutoff"": 0.3, ""method"": ""butterworth"", ""order"": 5}, ""interpolate"": {""method"": ""cubic"", ""target_K"": 64}, ""normalize"": {""method"": ""min-max""}, ""outliers"": {""factor"": 3.0, ""method"": ""z-score""}}",/home/test/bupt_hjk/SDP/test_elderAL/result/full_tests/elderAL_030+butterworth_o5_c0.3+outlier_z-score+min-max+cubic64+csitime,26.54,,81.85185185185185,cubic
ElderAL,31,elderAL_031,butterworth_o5_c0.3+outlier_z-score+min-max+nearest64,csitime,ok,0.9419475655430712,0.8296296296296296,butterworth_o5_c0.3,outlier_z-score,,min-max,nearest64,"{""denoise"": {""cutoff"": 0.3, ""method"": ""butterworth"", ""order"": 5}, ""interpolate"": {""method"": ""nearest"", ""target_K"": 64}, ""normalize"": {""method"": ""min-max""}, ""outliers"": {""factor"": 3.0, ""method"": ""z-score""}}",/home/test/bupt_hjk/SDP/test_elderAL/result/full_tests/elderAL_031+butterworth_o5_c0.3+outlier_z-score+min-max+nearest64+csitime,22.55,,82.96296296296296,nearest
ElderAL,32,elderAL_032,butterworth_o5_c0.3+outlier_z-score+min-max+decimate64,csitime,ok,0.9213483146067416,0.8037037037037037,butterworth_o5_c0.3,outlier_z-score,,min-max,decimate64,"{""denoise"": {""cutoff"": 0.3, ""method"": ""butterworth"", ""order"": 5}, ""interpolate"": {""method"": ""decimate"", ""target_K"": 64}, ""normalize"": {""method"": ""min-max""}, ""outliers"": {""factor"": 3.0, ""method"": ""z-score""}}",/home/test/bupt_hjk/SDP/test_elderAL/result/full_tests/elderAL_032+butterworth_o5_c0.3+outlier_z-score+min-max+decimate64+csitime,21.64,,80.37037037037037,decimate
ElderAL,33,elderAL_033,savgol_w7_p3+iqr+z-score+linear64,csitime,ok,0.8820224719101124,0.8148148148148148,savgol_w7_p3,iqr,,z-score,linear64,"{""denoise"": {""method"": ""savgol"", ""polyorder"": 3, ""window_length"": 7}, ""interpolate"": {""method"": ""linear"", ""target_K"": 64}, ""normalize"": {""method"": ""z-score""}, ""outliers"": {""factor"": 1.5, ""method"": ""iqr""}}",/home/test/bupt_hjk/SDP/test_elderAL/result/full_tests/elderAL_033+savgol_w7_p3+iqr+z-score+linear64+csitime,181.11,,81.48148148148148,linear
ElderAL,34,elderAL_034,savgol_w7_p3+iqr+z-score+cubic64,csitime,ok,0.8895131086142323,0.7814814814814814,savgol_w7_p3,iqr,,z-score,cubic64,"{""denoise"": {""method"": ""savgol"", ""polyorder"": 3, ""window_length"": 7}, ""interpolate"": {""method"": ""cubic"", ""target_K"": 64}, ""normalize"": {""method"": ""z-score""}, ""outliers"": {""factor"": 1.5, ""method"": ""iqr""}}",/home/test/bupt_hjk/SDP/test_elderAL/result/full_tests/elderAL_034+savgol_w7_p3+iqr+z-score+cubic64+csitime,181.12,,78.14814814814814,cubic
ElderAL,35,elderAL_035,savgol_w7_p3+iqr+z-score+nearest64,csitime,ok,0.8782771535580524,0.8,savgol_w7_p3,iqr,,z-score,nearest64,"{""denoise"": {""method"": ""savgol"", ""polyorder"": 3, ""window_length"": 7}, ""interpolate"": {""method"": ""nearest"", ""target_K"": 64}, ""normalize"": {""method"": ""z-score""}, ""outliers"": {""factor"": 1.5, ""method"": ""iqr""}}",/home/test/bupt_hjk/SDP/test_elderAL/result/full_tests/elderAL_035+savgol_w7_p3+iqr+z-score+nearest64+csitime,176.61,,80.0,nearest
ElderAL,36,elderAL_036,savgol_w7_p3+iqr+z-score+decimate64,csitime,ok,0.8988764044943821,0.8,savgol_w7_p3,iqr,,z-score,decimate64,"{""denoise"": {""method"": ""savgol"", ""polyorder"": 3, ""window_length"": 7}, ""interpolate"": {""method"": ""decimate"", ""target_K"": 64}, ""normalize"": {""method"": ""z-score""}, ""outliers"": {""factor"": 1.5, ""method"": ""iqr""}}",/home/test/bupt_hjk/SDP/test_elderAL/result/full_tests/elderAL_036+savgol_w7_p3+iqr+z-score+decimate64+csitime,177.89,,80.0,decimate
ElderAL,37,elderAL_037,savgol_w7_p3+iqr+min-max+linear64,csitime,ok,0.9456928838951312,0.925925925925926,savgol_w7_p3,iqr,,min-max,linear64,"{""denoise"": {""method"": ""savgol"", ""polyorder"": 3, ""window_length"": 7}, ""interpolate"": {""method"": ""linear"", ""target_K"": 64}, ""normalize"": {""method"": ""min-max""}, ""outliers"": {""factor"": 1.5, ""method"": ""iqr""}}",/home/test/bupt_hjk/SDP/test_elderAL/result/full_tests/elderAL_037+savgol_w7_p3+iqr+min-max+linear64+csitime,177.98,,92.59259259259261,linear
ElderAL,38,elderAL_038,savgol_w7_p3+iqr+min-max+cubic64,csitime,ok,0.9419475655430712,0.9222222222222224,savgol_w7_p3,iqr,,min-max,cubic64,"{""denoise"": {""method"": ""savgol"", ""polyorder"": 3, ""window_length"": 7}, ""interpolate"": {""method"": ""cubic"", ""target_K"": 64}, ""normalize"": {""method"": ""min-max""}, ""outliers"": {""factor"": 1.5, ""method"": ""iqr""}}",/home/test/bupt_hjk/SDP/test_elderAL/result/full_tests/elderAL_038+savgol_w7_p3+iqr+min-max+cubic64+csitime,181.77,,92.22222222222224,cubic
ElderAL,39,elderAL_039,savgol_w7_p3+iqr+min-max+nearest64,csitime,ok,0.958801498127341,0.9148148148148147,savgol_w7_p3,iqr,,min-max,nearest64,"{""denoise"": {""method"": ""savgol"", ""polyorder"": 3, ""window_length"": 7}, ""interpolate"": {""method"": ""nearest"", ""target_K"": 64}, ""normalize"": {""method"": ""min-max""}, ""outliers"": {""factor"": 1.5, ""method"": ""iqr""}}",/home/test/bupt_hjk/SDP/test_elderAL/result/full_tests/elderAL_039+savgol_w7_p3+iqr+min-max+nearest64+csitime,181.62,,91.48148148148148,nearest
ElderAL,40,elderAL_040,savgol_w7_p3+iqr+min-max+decimate64,csitime,ok,0.9382022471910112,0.925925925925926,savgol_w7_p3,iqr,,min-max,decimate64,"{""denoise"": {""method"": ""savgol"", ""polyorder"": 3, ""window_length"": 7}, ""interpolate"": {""method"": ""decimate"", ""target_K"": 64}, ""normalize"": {""method"": ""min-max""}, ""outliers"": {""factor"": 1.5, ""method"": ""iqr""}}",/home/test/bupt_hjk/SDP/test_elderAL/result/full_tests/elderAL_040+savgol_w7_p3+iqr+min-max+decimate64+csitime,177.56,,92.59259259259261,decimate
ElderAL,41,elderAL_041,savgol_w7_p3+outlier_z-score+z-score+linear64,csitime,ok,0.8951310861423221,0.8407407407407408,savgol_w7_p3,outlier_z-score,,z-score,linear64,"{""denoise"": {""method"": ""savgol"", ""polyorder"": 3, ""window_length"": 7}, ""interpolate"": {""method"": ""linear"", ""target_K"": 64}, ""normalize"": {""method"": ""z-score""}, ""outliers"": {""factor"": 3.0, ""method"": ""z-score""}}",/home/test/bupt_hjk/SDP/test_elderAL/result/full_tests/elderAL_041+savgol_w7_p3+outlier_z-score+z-score+linear64+csitime,178.27,,84.07407407407408,linear
ElderAL,42,elderAL_042,savgol_w7_p3+outlier_z-score+z-score+cubic64,csitime,ok,0.8820224719101124,0.8555555555555555,savgol_w7_p3,outlier_z-score,,z-score,cubic64,"{""denoise"": {""method"": ""savgol"", ""polyorder"": 3, ""window_length"": 7}, ""interpolate"": {""method"": ""cubic"", ""target_K"": 64}, ""normalize"": {""method"": ""z-score""}, ""outliers"": {""factor"": 3.0, ""method"": ""z-score""}}",/home/test/bupt_hjk/SDP/test_elderAL/result/full_tests/elderAL_042+savgol_w7_p3+outlier_z-score+z-score+cubic64+csitime,181.19,,85.55555555555556,cubic
ElderAL,43,elderAL_043,savgol_w7_p3+outlier_z-score+z-score+nearest64,csitime,ok,0.8782771535580524,0.7962962962962963,savgol_w7_p3,outlier_z-score,,z-score,nearest64,"{""denoise"": {""method"": ""savgol"", ""polyorder"": 3, ""window_length"": 7}, ""interpolate"": {""method"": ""nearest"", ""target_K"": 64}, ""normalize"": {""method"": ""z-score""}, ""outliers"": {""factor"": 3.0, ""method"": ""z-score""}}",/home/test/bupt_hjk/SDP/test_elderAL/result/full_tests/elderAL_043+savgol_w7_p3+outlier_z-score+z-score+nearest64+csitime,177.63,,79.62962962962963,nearest
ElderAL,44,elderAL_044,savgol_w7_p3+outlier_z-score+z-score+decimate64,csitime,ok,0.8951310861423221,0.837037037037037,savgol_w7_p3,outlier_z-score,,z-score,decimate64,"{""denoise"": {""method"": ""savgol"", ""polyorder"": 3, ""window_length"": 7}, ""interpolate"": {""method"": ""decimate"", ""target_K"": 64}, ""normalize"": {""method"": ""z-score""}, ""outliers"": {""factor"": 3.0, ""method"": ""z-score""}}",/home/test/bupt_hjk/SDP/test_elderAL/result/full_tests/elderAL_044+savgol_w7_p3+outlier_z-score+z-score+decimate64+csitime,176.43,,83.7037037037037,decimate
ElderAL,45,elderAL_045,savgol_w7_p3+outlier_z-score+min-max+linear64,csitime,ok,0.9513108614232212,0.9037037037037036,savgol_w7_p3,outlier_z-score,,min-max,linear64,"{""denoise"": {""method"": ""savgol"", ""polyorder"": 3, ""window_length"": 7}, ""interpolate"": {""method"": ""linear"", ""target_K"": 64}, ""normalize"": {""method"": ""min-max""}, ""outliers"": {""factor"": 3.0, ""method"": ""z-score""}}",/home/test/bupt_hjk/SDP/test_elderAL/result/full_tests/elderAL_045+savgol_w7_p3+outlier_z-score+min-max+linear64+csitime,176.96,,90.37037037037035,linear
ElderAL,46,elderAL_046,savgol_w7_p3+outlier_z-score+min-max+cubic64,csitime,ok,0.9438202247191012,0.8592592592592593,savgol_w7_p3,outlier_z-score,,min-max,cubic64,"{""denoise"": {""method"": ""savgol"", ""polyorder"": 3, ""window_length"": 7}, ""interpolate"": {""method"": ""cubic"", ""target_K"": 64}, ""normalize"": {""method"": ""min-max""}, ""outliers"": {""factor"": 3.0, ""method"": ""z-score""}}",/home/test/bupt_hjk/SDP/test_elderAL/result/full_tests/elderAL_046+savgol_w7_p3+outlier_z-score+min-max+cubic64+csitime,180.36,,85.92592592592592,cubic
ElderAL,47,elderAL_047,savgol_w7_p3+outlier_z-score+min-max+nearest64,csitime,ok,0.9419475655430712,0.8888888888888888,savgol_w7_p3,outlier_z-score,,min-max,nearest64,"{""denoise"": {""method"": ""savgol"", ""polyorder"": 3, ""window_length"": 7}, ""interpolate"": {""method"": ""nearest"", ""target_K"": 64}, ""normalize"": {""method"": ""min-max""}, ""outliers"": {""factor"": 3.0, ""method"": ""z-score""}}",/home/test/bupt_hjk/SDP/test_elderAL/result/full_tests/elderAL_047+savgol_w7_p3+outlier_z-score+min-max+nearest64+csitime,177.78,,88.88888888888889,nearest
ElderAL,48,elderAL_048,savgol_w7_p3+outlier_z-score+min-max+decimate64,csitime,ok,0.9325842696629212,0.8407407407407408,savgol_w7_p3,outlier_z-score,,min-max,decimate64,"{""denoise"": {""method"": ""savgol"", ""polyorder"": 3, ""window_length"": 7}, ""interpolate"": {""method"": ""decimate"", ""target_K"": 64}, ""normalize"": {""method"": ""min-max""}, ""outliers"": {""factor"": 3.0, ""method"": ""z-score""}}",/home/test/bupt_hjk/SDP/test_elderAL/result/full_tests/elderAL_048+savgol_w7_p3+outlier_z-score+min-max+decimate64+csitime,176.29,,84.07407407407408,decimate
ElderAL,49,elderAL_049,bandpass_0.5-50+iqr+z-score+linear64,csitime,ok,0.7303370786516854,0.7074074074074074,bandpass_0.5-50,iqr,,z-score,linear64,"{""denoise"": {""fs"": 1000.0, ""high_freq"": 50.0, ""low_freq"": 0.5, ""method"": ""bandpass"", ""order"": 4}, ""interpolate"": {""method"": ""linear"", ""target_K"": 64}, ""normalize"": {""method"": ""z-score""}, ""outliers"": {""factor"": 1.5, ""method"": ""iqr""}}",/home/test/bupt_hjk/SDP/test_elderAL/result/full_tests/elderAL_049+bandpass_0.5-50+iqr+z-score+linear64+csitime,16.84,,70.74074074074073,linear
ElderAL,50,elderAL_050,bandpass_0.5-50+iqr+z-score+cubic64,csitime,ok,0.7752808988764045,0.7333333333333333,bandpass_0.5-50,iqr,,z-score,cubic64,"{""denoise"": {""fs"": 1000.0, ""high_freq"": 50.0, ""low_freq"": 0.5, ""method"": ""bandpass"", ""order"": 4}, ""interpolate"": {""method"": ""cubic"", ""target_K"": 64}, ""normalize"": {""method"": ""z-score""}, ""outliers"": {""factor"": 1.5, ""method"": ""iqr""}}",/home/test/bupt_hjk/SDP/test_elderAL/result/full_tests/elderAL_050+bandpass_0.5-50+iqr+z-score+cubic64+csitime,20.65,,73.33333333333333,cubic
ElderAL,51,elderAL_051,bandpass_0.5-50+iqr+z-score+nearest64,csitime,ok,0.7790262172284644,0.7185185185185186,bandpass_0.5-50,iqr,,z-score,nearest64,"{""denoise"": {""fs"": 1000.0, ""high_freq"": 50.0, ""low_freq"": 0.5, ""method"": ""bandpass"", ""order"": 4}, ""interpolate"": {""method"": ""nearest"", ""target_K"": 64}, ""normalize"": {""method"": ""z-score""}, ""outliers"": {""factor"": 1.5, ""method"": ""iqr""}}",/home/test/bupt_hjk/SDP/test_elderAL/result/full_tests/elderAL_051+bandpass_0.5-50+iqr+z-score+nearest64+csitime,18.11,,71.85185185185186,nearest
ElderAL,52,elderAL_052,bandpass_0.5-50+iqr+z-score+decimate64,csitime,ok,0.8352059925093633,0.8444444444444444,bandpass_0.5-50,iqr,,z-score,decimate64,"{""denoise"": {""fs"": 1000.0, ""high_freq"": 50.0, ""low_freq"": 0.5, ""method"": ""bandpass"", ""order"": 4}, ""interpolate"": {""method"": ""decimate"", ""target_K"": 64}, ""normalize"": {""method"": ""z-score""}, ""outliers"": {""factor"": 1.5, ""method"": ""iqr""}}",/home/test/bupt_hjk/SDP/test_elderAL/result/full_tests/elderAL_052+bandpass_0.5-50+iqr+z-score+decimate64+csitime,15.35,,84.44444444444444,decimate
ElderAL,53,elderAL_053,bandpass_0.5-50+iqr+min-max+linear64,csitime,ok,0.853932584269663,0.8444444444444444,bandpass_0.5-50,iqr,,min-max,linear64,"{""denoise"": {""fs"": 1000.0, ""high_freq"": 50.0, ""low_freq"": 0.5, ""method"": ""bandpass"", ""order"": 4}, ""interpolate"": {""method"": ""linear"", ""target_K"": 64}, ""normalize"": {""method"": ""min-max""}, ""outliers"": {""factor"": 1.5, ""method"": ""iqr""}}",/home/test/bupt_hjk/SDP/test_elderAL/result/full_tests/elderAL_053+bandpass_0.5-50+iqr+min-max+linear64+csitime,15.81,,84.44444444444444,linear
ElderAL,54,elderAL_054,bandpass_0.5-50+iqr+min-max+cubic64,csitime,ok,0.848314606741573,0.7925925925925926,bandpass_0.5-50,iqr,,min-max,cubic64,"{""denoise"": {""fs"": 1000.0, ""high_freq"": 50.0, ""low_freq"": 0.5, ""method"": ""bandpass"", ""order"": 4}, ""interpolate"": {""method"": ""cubic"", ""target_K"": 64}, ""normalize"": {""method"": ""min-max""}, ""outliers"": {""factor"": 1.5, ""method"": ""iqr""}}",/home/test/bupt_hjk/SDP/test_elderAL/result/full_tests/elderAL_054+bandpass_0.5-50+iqr+min-max+cubic64+csitime,19.98,,79.25925925925927,cubic
ElderAL,55,elderAL_055,bandpass_0.5-50+iqr+min-max+nearest64,csitime,ok,0.853932584269663,0.8074074074074075,bandpass_0.5-50,iqr,,min-max,nearest64,"{""denoise"": {""fs"": 1000.0, ""high_freq"": 50.0, ""low_freq"": 0.5, ""method"": ""bandpass"", ""order"": 4}, ""interpolate"": {""method"": ""nearest"", ""target_K"": 64}, ""normalize"": {""method"": ""min-max""}, ""outliers"": {""factor"": 1.5, ""method"": ""iqr""}}",/home/test/bupt_hjk/SDP/test_elderAL/result/full_tests/elderAL_055+bandpass_0.5-50+iqr+min-max+nearest64+csitime,17.31,,80.74074074074075,nearest
ElderAL,56,elderAL_056,bandpass_0.5-50+iqr+min-max+decimate64,csitime,ok,0.8426966292134831,0.8296296296296296,bandpass_0.5-50,iqr,,min-max,decimate64,"{""denoise"": {""fs"": 1000.0, ""high_freq"": 50.0, ""low_freq"": 0.5, ""method"": ""bandpass"", ""order"": 4}, ""interpolate"": {""method"": ""decimate"", ""target_K"": 64}, ""normalize"": {""method"": ""min-max""}, ""outliers"": {""factor"": 1.5, ""method"": ""iqr""}}",/home/test/bupt_hjk/SDP/test_elderAL/result/full_tests/elderAL_056+bandpass_0.5-50+iqr+min-max+decimate64+csitime,16.83,,82.96296296296296,decimate
ElderAL,57,elderAL_057,bandpass_0.5-50+outlier_z-score+z-score+linear64,csitime,ok,0.8951310861423221,0.8407407407407408,bandpass_0.5-50,outlier_z-score,,z-score,linear64,"{""denoise"": {""fs"": 1000.0, ""high_freq"": 50.0, ""low_freq"": 0.5, ""method"": ""bandpass"", ""order"": 4}, ""interpolate"": {""method"": ""linear"", ""target_K"": 64}, ""normalize"": {""method"": ""z-score""}, ""outliers"": {""factor"": 3.0, ""method"": ""z-score""}}",/home/test/bupt_hjk/SDP/test_elderAL/result/full_tests/elderAL_057+bandpass_0.5-50+outlier_z-score+z-score+linear64+csitime,16.6,,84.07407407407408,linear
ElderAL,58,elderAL_058,bandpass_0.5-50+outlier_z-score+z-score+cubic64,csitime,ok,0.8932584269662921,0.8518518518518519,bandpass_0.5-50,outlier_z-score,,z-score,cubic64,"{""denoise"": {""fs"": 1000.0, ""high_freq"": 50.0, ""low_freq"": 0.5, ""method"": ""bandpass"", ""order"": 4}, ""interpolate"": {""method"": ""cubic"", ""target_K"": 64}, ""normalize"": {""method"": ""z-score""}, ""outliers"": {""factor"": 3.0, ""method"": ""z-score""}}",/home/test/bupt_hjk/SDP/test_elderAL/result/full_tests/elderAL_058+bandpass_0.5-50+outlier_z-score+z-score+cubic64+csitime,19.85,,85.18518518518519,cubic
ElderAL,59,elderAL_059,bandpass_0.5-50+outlier_z-score+z-score+nearest64,csitime,ok,0.8988764044943821,0.8592592592592593,bandpass_0.5-50,outlier_z-score,,z-score,nearest64,"{""denoise"": {""fs"": 1000.0, ""high_freq"": 50.0, ""low_freq"": 0.5, ""method"": ""bandpass"", ""order"": 4}, ""interpolate"": {""method"": ""nearest"", ""target_K"": 64}, ""normalize"": {""method"": ""z-score""}, ""outliers"": {""factor"": 3.0, ""method"": ""z-score""}}",/home/test/bupt_hjk/SDP/test_elderAL/result/full_tests/elderAL_059+bandpass_0.5-50+outlier_z-score+z-score+nearest64+csitime,16.62,,85.92592592592592,nearest
ElderAL,60,elderAL_060,bandpass_0.5-50+outlier_z-score+z-score+decimate64,csitime,ok,0.8913857677902622,0.8185185185185185,bandpass_0.5-50,outlier_z-score,,z-score,decimate64,"{""denoise"": {""fs"": 1000.0, ""high_freq"": 50.0, ""low_freq"": 0.5, ""method"": ""bandpass"", ""order"": 4}, ""interpolate"": {""method"": ""decimate"", ""target_K"": 64}, ""normalize"": {""method"": ""z-score""}, ""outliers"": {""factor"": 3.0, ""method"": ""z-score""}}",/home/test/bupt_hjk/SDP/test_elderAL/result/full_tests/elderAL_060+bandpass_0.5-50+outlier_z-score+z-score+decimate64+csitime,16.47,,81.85185185185185,decimate
ElderAL,61,elderAL_061,bandpass_0.5-50+outlier_z-score+min-max+linear64,csitime,ok,0.8651685393258427,0.8851851851851852,bandpass_0.5-50,outlier_z-score,,min-max,linear64,"{""denoise"": {""fs"": 1000.0, ""high_freq"": 50.0, ""low_freq"": 0.5, ""method"": ""bandpass"", ""order"": 4}, ""interpolate"": {""method"": ""linear"", ""target_K"": 64}, ""normalize"": {""method"": ""min-max""}, ""outliers"": {""factor"": 3.0, ""method"": ""z-score""}}",/home/test/bupt_hjk/SDP/test_elderAL/result/full_tests/elderAL_061+bandpass_0.5-50+outlier_z-score+min-max+linear64+csitime,16.75,,88.51851851851852,linear
ElderAL,62,elderAL_062,bandpass_0.5-50+outlier_z-score+min-max+cubic64,csitime,ok,0.8764044943820225,0.8666666666666667,bandpass_0.5-50,outlier_z-score,,min-max,cubic64,"{""denoise"": {""fs"": 1000.0, ""high_freq"": 50.0, ""low_freq"": 0.5, ""method"": ""bandpass"", ""order"": 4}, ""interpolate"": {""method"": ""cubic"", ""target_K"": 64}, ""normalize"": {""method"": ""min-max""}, ""outliers"": {""factor"": 3.0, ""method"": ""z-score""}}",/home/test/bupt_hjk/SDP/test_elderAL/result/full_tests/elderAL_062+bandpass_0.5-50+outlier_z-score+min-max+cubic64+csitime,19.54,,86.66666666666667,cubic
ElderAL,63,elderAL_063,bandpass_0.5-50+outlier_z-score+min-max+nearest64,csitime,ok,0.8632958801498127,0.8629629629629629,bandpass_0.5-50,outlier_z-score,,min-max,nearest64,"{""denoise"": {""fs"": 1000.0, ""high_freq"": 50.0, ""low_freq"": 0.5, ""method"": ""bandpass"", ""order"": 4}, ""interpolate"": {""method"": ""nearest"", ""target_K"": 64}, ""normalize"": {""method"": ""min-max""}, ""outliers"": {""factor"": 3.0, ""method"": ""z-score""}}",/home/test/bupt_hjk/SDP/test_elderAL/result/full_tests/elderAL_063+bandpass_0.5-50+outlier_z-score+min-max+nearest64+csitime,16.61,,86.29629629629629,nearest
ElderAL,64,elderAL_064,bandpass_0.5-50+outlier_z-score+min-max+decimate64,csitime,ok,0.8801498127340824,0.8888888888888888,bandpass_0.5-50,outlier_z-score,,min-max,decimate64,"{""denoise"": {""fs"": 1000.0, ""high_freq"": 50.0, ""low_freq"": 0.5, ""method"": ""bandpass"", ""order"": 4}, ""interpolate"": {""method"": ""decimate"", ""target_K"": 64}, ""normalize"": {""method"": ""min-max""}, ""outliers"": {""factor"": 3.0, ""method"": ""z-score""}}",/home/test/bupt_hjk/SDP/test_elderAL/result/full_tests/elderAL_064+bandpass_0.5-50+outlier_z-score+min-max+decimate64+csitime,16.64,,88.88888888888889,decimate
ElderAL,65,elderAL_065,hampel_w5_s3+iqr+z-score+linear64,csitime,ok,0.5805243445692884,0.6222222222222222,hampel_w5_s3,iqr,,z-score,linear64,"{""denoise"": {""method"": ""hampel"", ""n_sigma"": 3.0, ""window_size"": 5}, ""interpolate"": {""method"": ""linear"", ""target_K"": 64}, ""normalize"": {""method"": ""z-score""}, ""outliers"": {""factor"": 1.5, ""method"": ""iqr""}}",/home/test/bupt_hjk/SDP/test_elderAL/result/full_tests/elderAL_065+hampel_w5_s3+iqr+z-score+linear64+csitime,337.46,,62.22222222222222,linear
ElderAL,66,elderAL_066,hampel_w5_s3+iqr+z-score+cubic64,csitime,ok,0.5468164794007491,0.5851851851851851,hampel_w5_s3,iqr,,z-score,cubic64,"{""denoise"": {""method"": ""hampel"", ""n_sigma"": 3.0, ""window_size"": 5}, ""interpolate"": {""method"": ""cubic"", ""target_K"": 64}, ""normalize"": {""method"": ""z-score""}, ""outliers"": {""factor"": 1.5, ""method"": ""iqr""}}",/home/test/bupt_hjk/SDP/test_elderAL/result/full_tests/elderAL_066+hampel_w5_s3+iqr+z-score+cubic64+csitime,337.51,,58.51851851851851,cubic
ElderAL,67,elderAL_067,hampel_w5_s3+iqr+z-score+nearest64,csitime,ok,0.5842696629213483,0.6370370370370371,hampel_w5_s3,iqr,,z-score,nearest64,"{""denoise"": {""method"": ""hampel"", ""n_sigma"": 3.0, ""window_size"": 5}, ""interpolate"": {""method"": ""nearest"", ""target_K"": 64}, ""normalize"": {""method"": ""z-score""}, ""outliers"": {""factor"": 1.5, ""method"": ""iqr""}}",/home/test/bupt_hjk/SDP/test_elderAL/result/full_tests/elderAL_067+hampel_w5_s3+iqr+z-score+nearest64+csitime,335.03,,63.70370370370371,nearest
ElderAL,68,elderAL_068,hampel_w5_s3+iqr+z-score+decimate64,csitime,ok,0.7790262172284644,0.7333333333333333,hampel_w5_s3,iqr,,z-score,decimate64,"{""denoise"": {""method"": ""hampel"", ""n_sigma"": 3.0, ""window_size"": 5}, ""interpolate"": {""method"": ""decimate"", ""target_K"": 64}, ""normalize"": {""method"": ""z-score""}, ""outliers"": {""factor"": 1.5, ""method"": ""iqr""}}",/home/test/bupt_hjk/SDP/test_elderAL/result/full_tests/elderAL_068+hampel_w5_s3+iqr+z-score+decimate64+csitime,334.8,,73.33333333333333,decimate
ElderAL,69,elderAL_069,hampel_w5_s3+iqr+min-max+linear64,csitime,ok,0.6853932584269663,0.6407407407407407,hampel_w5_s3,iqr,,min-max,linear64,"{""denoise"": {""method"": ""hampel"", ""n_sigma"": 3.0, ""window_size"": 5}, ""interpolate"": {""method"": ""linear"", ""target_K"": 64}, ""normalize"": {""method"": ""min-max""}, ""outliers"": {""factor"": 1.5, ""method"": ""iqr""}}",/home/test/bupt_hjk/SDP/test_elderAL/result/full_tests/elderAL_069+hampel_w5_s3+iqr+min-max+linear64+csitime,335.39,,64.07407407407408,linear
ElderAL,70,elderAL_070,hampel_w5_s3+iqr+min-max+cubic64,csitime,ok,0.646067415730337,0.6074074074074074,hampel_w5_s3,iqr,,min-max,cubic64,"{""denoise"": {""method"": ""hampel"", ""n_sigma"": 3.0, ""window_size"": 5}, ""interpolate"": {""method"": ""cubic"", ""target_K"": 64}, ""normalize"": {""method"": ""min-max""}, ""outliers"": {""factor"": 1.5, ""method"": ""iqr""}}",/home/test/bupt_hjk/SDP/test_elderAL/result/full_tests/elderAL_070+hampel_w5_s3+iqr+min-max+cubic64+csitime,338.0,,60.74074074074074,cubic
ElderAL,71,elderAL_071,hampel_w5_s3+iqr+min-max+nearest64,csitime,ok,0.6685393258426966,0.6666666666666666,hampel_w5_s3,iqr,,min-max,nearest64,"{""denoise"": {""method"": ""hampel"", ""n_sigma"": 3.0, ""window_size"": 5}, ""interpolate"": {""method"": ""nearest"", ""target_K"": 64}, ""normalize"": {""method"": ""min-max""}, ""outliers"": {""factor"": 1.5, ""method"": ""iqr""}}",/home/test/bupt_hjk/SDP/test_elderAL/result/full_tests/elderAL_071+hampel_w5_s3+iqr+min-max+nearest64+csitime,341.26,,66.66666666666666,nearest
ElderAL,72,elderAL_072,hampel_w5_s3+iqr+min-max+decimate64,csitime,ok,0.7003745318352059,0.6851851851851852,hampel_w5_s3,iqr,,min-max,decimate64,"{""denoise"": {""method"": ""hampel"", ""n_sigma"": 3.0, ""window_size"": 5}, ""interpolate"": {""method"": ""decimate"", ""target_K"": 64}, ""normalize"": {""method"": ""min-max""}, ""outliers"": {""factor"": 1.5, ""method"": ""iqr""}}",/home/test/bupt_hjk/SDP/test_elderAL/result/full_tests/elderAL_072+hampel_w5_s3+iqr+min-max+decimate64+csitime,342.14,,68.51851851851852,decimate
ElderAL,73,elderAL_073,hampel_w5_s3+outlier_z-score+z-score+linear64,csitime,ok,0.5917602996254682,0.5925925925925926,hampel_w5_s3,outlier_z-score,,z-score,linear64,"{""denoise"": {""method"": ""hampel"", ""n_sigma"": 3.0, ""window_size"": 5}, ""interpolate"": {""method"": ""linear"", ""target_K"": 64}, ""normalize"": {""method"": ""z-score""}, ""outliers"": {""factor"": 3.0, ""method"": ""z-score""}}",/home/test/bupt_hjk/SDP/test_elderAL/result/full_tests/elderAL_073+hampel_w5_s3+outlier_z-score+z-score+linear64+csitime,339.96,,59.25925925925925,linear
ElderAL,74,elderAL_074,hampel_w5_s3+outlier_z-score+z-score+cubic64,csitime,ok,0.6029962546816479,0.6111111111111112,hampel_w5_s3,outlier_z-score,,z-score,cubic64,"{""denoise"": {""method"": ""hampel"", ""n_sigma"": 3.0, ""window_size"": 5}, ""interpolate"": {""method"": ""cubic"", ""target_K"": 64}, ""normalize"": {""method"": ""z-score""}, ""outliers"": {""factor"": 3.0, ""method"": ""z-score""}}",/home/test/bupt_hjk/SDP/test_elderAL/result/full_tests/elderAL_074+hampel_w5_s3+outlier_z-score+z-score+cubic64+csitime,344.06,,61.111111111111114,cubic
ElderAL,75,elderAL_075,hampel_w5_s3+outlier_z-score+z-score+nearest64,csitime,ok,0.5917602996254682,0.6185185185185185,hampel_w5_s3,outlier_z-score,,z-score,nearest64,"{""denoise"": {""method"": ""hampel"", ""n_sigma"": 3.0, ""window_size"": 5}, ""interpolate"": {""method"": ""nearest"", ""target_K"": 64}, ""normalize"": {""method"": ""z-score""}, ""outliers"": {""factor"": 3.0, ""method"": ""z-score""}}",/home/test/bupt_hjk/SDP/test_elderAL/result/full_tests/elderAL_075+hampel_w5_s3+outlier_z-score+z-score+nearest64+csitime,343.25,,61.85185185185185,nearest
ElderAL,76,elderAL_076,hampel_w5_s3+outlier_z-score+z-score+decimate64,csitime,ok,0.7434456928838951,0.7185185185185186,hampel_w5_s3,outlier_z-score,,z-score,decimate64,"{""denoise"": {""method"": ""hampel"", ""n_sigma"": 3.0, ""window_size"": 5}, ""interpolate"": {""method"": ""decimate"", ""target_K"": 64}, ""normalize"": {""method"": ""z-score""}, ""outliers"": {""factor"": 3.0, ""method"": ""z-score""}}",/home/test/bupt_hjk/SDP/test_elderAL/result/full_tests/elderAL_076+hampel_w5_s3+outlier_z-score+z-score+decimate64+csitime,338.96,,71.85185185185186,decimate
ElderAL,77,elderAL_077,hampel_w5_s3+outlier_z-score+min-max+linear64,csitime,ok,0.6348314606741573,0.6481481481481481,hampel_w5_s3,outlier_z-score,,min-max,linear64,"{""denoise"": {""method"": ""hampel"", ""n_sigma"": 3.0, ""window_size"": 5}, ""interpolate"": {""method"": ""linear"", ""target_K"": 64}, ""normalize"": {""method"": ""min-max""}, ""outliers"": {""factor"": 3.0, ""method"": ""z-score""}}",/home/test/bupt_hjk/SDP/test_elderAL/result/full_tests/elderAL_077+hampel_w5_s3+outlier_z-score+min-max+linear64+csitime,343.04,,64.81481481481481,linear
ElderAL,78,elderAL_078,hampel_w5_s3+outlier_z-score+min-max+cubic64,csitime,ok,0.6367041198501873,0.6444444444444445,hampel_w5_s3,outlier_z-score,,min-max,cubic64,"{""denoise"": {""method"": ""hampel"", ""n_sigma"": 3.0, ""window_size"": 5}, ""interpolate"": {""method"": ""cubic"", ""target_K"": 64}, ""normalize"": {""method"": ""min-max""}, ""outliers"": {""factor"": 3.0, ""method"": ""z-score""}}",/home/test/bupt_hjk/SDP/test_elderAL/result/full_tests/elderAL_078+hampel_w5_s3+outlier_z-score+min-max+cubic64+csitime,345.82,,64.44444444444444,cubic
ElderAL,79,elderAL_079,hampel_w5_s3+outlier_z-score+min-max+nearest64,csitime,ok,0.646067415730337,0.6185185185185185,hampel_w5_s3,outlier_z-score,,min-max,nearest64,"{""denoise"": {""method"": ""hampel"", ""n_sigma"": 3.0, ""window_size"": 5}, ""interpolate"": {""method"": ""nearest"", ""target_K"": 64}, ""normalize"": {""method"": ""min-max""}, ""outliers"": {""factor"": 3.0, ""method"": ""z-score""}}",/home/test/bupt_hjk/SDP/test_elderAL/result/full_tests/elderAL_079+hampel_w5_s3+outlier_z-score+min-max+nearest64+csitime,333.02,,61.85185185185185,nearest
ElderAL,80,elderAL_080,hampel_w5_s3+outlier_z-score+min-max+decimate64,csitime,ok,0.6685393258426966,0.6407407407407407,hampel_w5_s3,outlier_z-score,,min-max,decimate64,"{""denoise"": {""method"": ""hampel"", ""n_sigma"": 3.0, ""window_size"": 5}, ""interpolate"": {""method"": ""decimate"", ""target_K"": 64}, ""normalize"": {""method"": ""min-max""}, ""outliers"": {""factor"": 3.0, ""method"": ""z-score""}}",/home/test/bupt_hjk/SDP/test_elderAL/result/full_tests/elderAL_080+hampel_w5_s3+outlier_z-score+min-max+decimate64+csitime,333.16,,64.07407407407408,decimate
