case,file_name,frames,input_dtype,raw_negative_rate,denoised_negative_rate,after_iqr_negative_rate,after_cubic_negative_rate,denoise_to_iqr_sign_agreement,denoise_to_iqr_slope_agreement,denoised_zero_crossing_rate,iqr_zero_crossing_rate,signed_iqr_magnitude_gate
bp_fs200_legacy_abs,/home/test/bupt_hjk/sdp_dataset/xrf55/wifi/01_01_01.npy,1000,float64,0.0,0.500362962962963,0.0,0.0062370370370370375,0.49963703703703705,0.4989227385041885,0.10977273569866162,0.0,
bp_fs200_legacy_abs,/home/test/bupt_hjk/sdp_dataset/xrf55/wifi/01_01_02.npy,1000,float64,0.0,0.5117111111111111,0.0,0.006925925925925926,0.4882888888888889,0.4852975806145315,0.12306751195640085,0.0,
bp_fs200_legacy_abs,/home/test/bupt_hjk/sdp_dataset/xrf55/wifi/01_01_03.npy,1000,float64,0.0,0.5153777777777778,0.0,0.006548148148148148,0.48462222222222223,0.4854527512165243,0.11180439698958218,0.0,
bp_fs200_legacy_abs,/home/test/bupt_hjk/sdp_dataset/xrf55/wifi/01_01_04.npy,1000,float64,0.0,0.4993925925925926,0.0,0.006392592592592593,0.5006074074074074,0.49973294746451613,0.11098505913320728,0.0,
bp_fs200_legacy_abs,/home/test/bupt_hjk/sdp_dataset/xrf55/wifi/01_01_05.npy,1000,float64,0.0,0.5009259259259259,0.0,0.007325925925925926,0.49907407407407406,0.5002290635880521,0.12055017980943906,0.0,
bp_fs200_legacy_abs,/home/test/bupt_hjk/sdp_dataset/xrf55/wifi/01_01_06.npy,1000,float64,0.0,0.508225925925926,0.0,0.007474074074074074,0.4917740740740741,0.49233281057041767,0.12654506358210063,0.0,
bp_fs200_legacy_abs,/home/test/bupt_hjk/sdp_dataset/xrf55/wifi/01_01_07.npy,1000,float64,0.0,0.4944703703703704,0.0,0.007474074074074074,0.5055296296296297,0.5073499418349927,0.11552663774885998,0.0,
bp_fs200_legacy_abs,/home/test/bupt_hjk/sdp_dataset/xrf55/wifi/01_01_08.npy,1000,float64,0.0,0.5116851851851851,0.0,0.006644444444444444,0.4883148148148148,0.48655312456073035,0.11504838171504839,0.0,
bp_fs200_legacy_abs,/home/test/bupt_hjk/sdp_dataset/xrf55/wifi/01_01_09.npy,1000,float64,0.0,0.5081740740740741,0.0,0.006362962962962963,0.49182592592592594,0.4914267129556095,0.10921291662032402,0.0,
bp_fs200_legacy_abs,/home/test/bupt_hjk/sdp_dataset/xrf55/wifi/01_01_10.npy,1000,float64,0.0,0.5032296296296296,0.0,0.006392592592592593,0.49677037037037036,0.496057495637162,0.11086271456641827,0.0,
bp_fs200_legacy_abs,/home/test/bupt_hjk/sdp_dataset/xrf55/wifi/01_01_11.npy,1000,float64,0.0,0.4976962962962963,0.0,0.006540740740740741,0.5023037037037037,0.50639743648016,0.12118043969895821,0.0,
bp_fs200_legacy_abs,/home/test/bupt_hjk/sdp_dataset/xrf55/wifi/01_01_12.npy,1000,float64,0.0,0.5111259259259259,0.0,0.006666666666666667,0.48887407407407407,0.4858024691358025,0.1106291476661847,0.0,
bp_fs200_legacy_abs,/home/test/bupt_hjk/sdp_dataset/xrf55/wifi/01_01_13.npy,1000,float64,0.0,0.5068296296296296,0.0,0.006629629629629629,0.49317037037037037,0.49566669196326935,0.11550439328217106,0.0,
bp_fs200_legacy_abs,/home/test/bupt_hjk/sdp_dataset/xrf55/wifi/01_01_14.npy,1000,float64,0.0,0.49876296296296296,0.0,0.006814814814814815,0.501237037037037,0.5058520112388869,0.11899306714121528,0.0,
bp_fs200_legacy_abs,/home/test/bupt_hjk/sdp_dataset/xrf55/wifi/01_01_15.npy,1000,float64,0.0,0.5021962962962963,0.0,0.006185185185185185,0.4978037037037037,0.49812131575394863,0.11125199273347422,0.0,
bp_fs200_legacy_abs,/home/test/bupt_hjk/sdp_dataset/xrf55/wifi/01_01_16.npy,1000,float64,0.0,0.5015703703703703,0.0,0.005703703703703704,0.4984296296296296,0.4977300741471185,0.10570199829459088,0.0,
bp_fs200_legacy_abs,/home/test/bupt_hjk/sdp_dataset/xrf55/wifi/01_01_17.npy,1000,float64,0.0,0.49023333333333335,0.0,0.006066666666666666,0.5097666666666667,0.5092004410412542,0.10889778667556445,0.0,
bp_fs200_legacy_abs,/home/test/bupt_hjk/sdp_dataset/xrf55/wifi/01_01_18.npy,1000,float64,0.0,0.4900037037037037,0.0,0.006577777777777778,0.5099962962962963,0.5132099625369454,0.12231120008897786,0.0,
bp_fs200_legacy_abs,/home/test/bupt_hjk/sdp_dataset/xrf55/wifi/01_01_19.npy,1000,float64,0.0,0.49284814814814815,0.0,0.006274074074074074,0.5071518518518519,0.5090300497361901,0.11172654135617098,0.0,
bp_fs200_legacy_abs,/home/test/bupt_hjk/sdp_dataset/xrf55/wifi/01_01_20.npy,1000,float64,0.0,0.5135555555555555,0.0,0.006051851851851852,0.48644444444444446,0.4867566311318366,0.12052422793163534,0.0,
bp_fs200_legacy_abs,/home/test/bupt_hjk/sdp_dataset/xrf55/wifi/01_02_01.npy,1000,float64,0.0,0.5048592592592592,0.0,0.008451851851851851,0.4951407407407407,0.49382316163731416,0.1301672042412783,0.0,
bp_fs200_legacy_abs,/home/test/bupt_hjk/sdp_dataset/xrf55/wifi/01_02_02.npy,1000,float64,0.0,0.5000074074074075,0.0,0.008918518518518518,0.4999925925925926,0.4999621725084923,0.12740889037185332,0.0,
bp_fs200_legacy_abs,/home/test/bupt_hjk/sdp_dataset/xrf55/wifi/01_02_03.npy,1000,float64,0.0,0.49298888888888887,0.0,0.009681481481481482,0.5070111111111111,0.507120565880763,0.13840877914951988,0.0,
bp_fs200_legacy_abs,/home/test/bupt_hjk/sdp_dataset/xrf55/wifi/01_02_04.npy,1000,float64,0.0,0.5010666666666667,0.0,0.00894074074074074,0.49893333333333334,0.49832129604216874,0.1313461609757906,0.0,
bp_fs200_legacy_abs,/home/test/bupt_hjk/sdp_dataset/xrf55/wifi/01_02_05.npy,1000,float64,0.0,0.5097074074074074,0.0,0.010377777777777777,0.4902925925925926,0.4883184276520531,0.1370296222148074,0.0,
bp_fs200_legacy_abs,/home/test/bupt_hjk/sdp_dataset/xrf55/wifi/01_02_06.npy,1000,float64,0.0,0.5071555555555556,0.0,0.009555555555555555,0.4928444444444444,0.4925036802174159,0.1486189893597301,0.0,
bp_fs200_legacy_abs,/home/test/bupt_hjk/sdp_dataset/xrf55/wifi/01_02_07.npy,1000,float64,0.0,0.5052962962962962,0.0,0.009674074074074075,0.4947037037037037,0.49128740783849867,0.13672190709227747,0.0,
bp_fs200_legacy_abs,/home/test/bupt_hjk/sdp_dataset/xrf55/wifi/01_02_08.npy,1000,float64,0.0,0.4976703703703704,0.0,0.009525925925925926,0.5023296296296297,0.5008742017952291,0.13863493122752382,0.0,
bp_fs200_legacy_abs,/home/test/bupt_hjk/sdp_dataset/xrf55/wifi/01_02_09.npy,1000,float64,0.0,0.5098703703703704,0.0,0.00917037037037037,0.49012962962962964,0.48714836579380844,0.13487190894598303,0.0,
bp_fs200_legacy_abs,/home/test/bupt_hjk/sdp_dataset/xrf55/wifi/01_02_10.npy,1000,float64,0.0,0.5034333333333333,0.0,0.009525925925925926,0.49656666666666666,0.4954309984838966,0.1343714084454825,0.0,
bp_fs200_legacy_abs,/home/test/bupt_hjk/sdp_dataset/xrf55/wifi/01_02_11.npy,1000,float64,0.0,0.5133222222222222,0.0,0.008844444444444445,0.48667777777777776,0.4826194628794914,0.12623364104845586,0.0,
bp_fs200_legacy_abs,/home/test/bupt_hjk/sdp_dataset/xrf55/wifi/01_02_12.npy,1000,float64,0.0,0.5033074074074074,0.0,0.009074074074074075,0.4966925925925926,0.49706845063935334,0.13229155081006932,0.0,
bp_fs200_legacy_abs,/home/test/bupt_hjk/sdp_dataset/xrf55/wifi/01_02_13.npy,1000,float64,0.0,0.4952185185185185,0.0,0.009548148148148148,0.5047814814814815,0.504224960344011,0.1427353279205131,0.0,
bp_fs200_legacy_abs,/home/test/bupt_hjk/sdp_dataset/xrf55/wifi/01_02_14.npy,1000,float64,0.0,0.5047592592592592,0.0,0.0102,0.49524074074074076,0.49321614279586723,0.14566789011233455,0.0,
bp_fs200_legacy_abs,/home/test/bupt_hjk/sdp_dataset/xrf55/wifi/01_02_15.npy,1000,float64,0.0,0.5041222222222222,0.0,0.009451851851851852,0.49587777777777775,0.4953674525328996,0.14131168205242278,0.0,
bp_fs200_legacy_abs,/home/test/bupt_hjk/sdp_dataset/xrf55/wifi/01_02_16.npy,1000,float64,0.0,0.5043111111111112,0.0,0.00962962962962963,0.4956888888888889,0.4949016137077025,0.13489415341267194,0.0,
bp_fs200_legacy_abs,/home/test/bupt_hjk/sdp_dataset/xrf55/wifi/01_02_17.npy,1000,float64,0.0,0.4962740740740741,0.0,0.009066666666666667,0.5037259259259259,0.5033979964184293,0.1326845363882401,0.0,
bp_fs200_legacy_abs,/home/test/bupt_hjk/sdp_dataset/xrf55/wifi/01_02_18.npy,1000,float64,0.0,0.49674444444444443,0.0,0.010103703703703703,0.5032555555555556,0.502128988091208,0.13611389166944723,0.0,
bp_fs200_legacy_abs,/home/test/bupt_hjk/sdp_dataset/xrf55/wifi/01_02_19.npy,1000,float64,0.0,0.5073185185185185,0.0,0.009814814814814814,0.4926814814814815,0.49215919171264905,0.14201979757535313,0.0,
bp_fs200_legacy_abs,/home/test/bupt_hjk/sdp_dataset/xrf55/wifi/01_02_20.npy,1000,float64,0.0,0.5082592592592593,0.0,0.009125925925925926,0.49174074074074076,0.4900773287920995,0.13449375301227154,0.0,
bp_fs200_legacy_abs,/home/test/bupt_hjk/sdp_dataset/xrf55/wifi/01_03_01.npy,1000,float64,0.0,0.49664444444444444,0.0,0.009496296296296296,0.5033555555555556,0.5031476288613355,0.13781930078226373,0.0,
bp_fs200_legacy_abs,/home/test/bupt_hjk/sdp_dataset/xrf55/wifi/01_03_02.npy,1000,float64,0.0,0.49615185185185184,0.0,0.009962962962962963,0.5038481481481482,0.5040720734333094,0.1442331220108998,0.0,
bp_fs200_legacy_abs,/home/test/bupt_hjk/sdp_dataset/xrf55/wifi/01_03_03.npy,1000,float64,0.0,0.4989148148148148,0.0,0.008437037037037036,0.5010851851851852,0.500274897007765,0.12187001816631446,0.0,
bp_fs200_legacy_abs,/home/test/bupt_hjk/sdp_dataset/xrf55/wifi/01_03_04.npy,1000,float64,0.0,0.5108592592592592,0.0,0.009014814814814814,0.48914074074074076,0.4897817921862766,0.13441589737886034,0.0,
bp_fs200_legacy_abs,/home/test/bupt_hjk/sdp_dataset/xrf55/wifi/01_03_05.npy,1000,float64,0.0,0.5047037037037037,0.0,0.008762962962962964,0.4952962962962963,0.4951971841647112,0.13147221295369443,0.0,
bp_fs200_legacy_abs,/home/test/bupt_hjk/sdp_dataset/xrf55/wifi/01_03_06.npy,1000,float64,0.0,0.49105185185185185,0.0,0.00931111111111111,0.5089481481481481,0.5109263657957245,0.14093723352982612,0.0,
bp_fs200_legacy_abs,/home/test/bupt_hjk/sdp_dataset/xrf55/wifi/01_03_07.npy,1000,float64,0.0,0.5168111111111111,0.0,0.009888888888888888,0.4831888888888889,0.48198850257577075,0.13337782226671116,0.0,
bp_fs200_legacy_abs,/home/test/bupt_hjk/sdp_dataset/xrf55/wifi/01_03_08.npy,1000,float64,0.0,0.49603703703703705,0.0,0.007392592592592593,0.503962962962963,0.5042419743644536,0.11966410855299744,0.0,
bp_fs200_legacy_abs,/home/test/bupt_hjk/sdp_dataset/xrf55/wifi/01_03_09.npy,1000,float64,0.0,0.5041407407407408,0.0,0.008074074074074074,0.4958592592592593,0.49619625158567937,0.13113113113113112,0.0,
bp_fs200_legacy_abs,/home/test/bupt_hjk/sdp_dataset/xrf55/wifi/01_03_10.npy,1000,float64,0.0,0.4996074074074074,0.0,0.008866666666666667,0.5003925925925926,0.5039095346987851,0.12737923108293478,0.0,
bp_fs200_legacy_abs,/home/test/bupt_hjk/sdp_dataset/xrf55/wifi/01_03_11.npy,1000,float64,0.0,0.4935703703703704,0.0,0.008748148148148149,0.5064296296296297,0.5078088363839629,0.12601490379268157,0.0,
bp_fs200_legacy_abs,/home/test/bupt_hjk/sdp_dataset/xrf55/wifi/01_03_12.npy,1000,float64,0.0,0.49641111111111114,0.0,0.009577777777777777,0.5035888888888889,0.5036365903329039,0.14105957809661512,0.0,
bp_fs200_legacy_abs,/home/test/bupt_hjk/sdp_dataset/xrf55/wifi/01_03_13.npy,1000,float64,0.0,0.48848148148148146,0.0,0.009237037037037037,0.5115185185185185,0.5136053394539744,0.14492270047825603,0.0,
bp_fs200_legacy_abs,/home/test/bupt_hjk/sdp_dataset/xrf55/wifi/01_03_14.npy,1000,float64,0.0,0.5051814814814815,0.0,0.007533333333333334,0.4948185185185185,0.494701577467761,0.11299447595743892,0.0,
bp_fs200_legacy_abs,/home/test/bupt_hjk/sdp_dataset/xrf55/wifi/01_03_15.npy,1000,float64,0.0,0.5171629629629629,0.0,0.01011111111111111,0.48283703703703706,0.4826200415554028,0.14587550513476438,0.0,
bp_fs200_legacy_abs,/home/test/bupt_hjk/sdp_dataset/xrf55/wifi/01_03_16.npy,1000,float64,0.0,0.5018777777777778,0.0,0.008348148148148148,0.49812222222222224,0.4971577353556682,0.12140659177696214,0.0,
bp_fs200_legacy_abs,/home/test/bupt_hjk/sdp_dataset/xrf55/wifi/01_03_17.npy,1000,float64,0.0,0.5083814814814814,0.0,0.01117037037037037,0.4916185185185185,0.49004093488043104,0.14652800949097244,0.0,
bp_fs200_legacy_abs,/home/test/bupt_hjk/sdp_dataset/xrf55/wifi/01_03_18.npy,1000,float64,0.0,0.4918222222222222,0.0,0.011103703703703704,0.5081777777777777,0.5116096922965785,0.15644904163422682,0.0,
bp_fs200_legacy_abs,/home/test/bupt_hjk/sdp_dataset/xrf55/wifi/01_03_19.npy,1000,float64,0.0,0.49954444444444446,0.0,0.010066666666666666,0.5004555555555555,0.5046871959618004,0.14991658324991658,0.0,
bp_fs200_legacy_abs,/home/test/bupt_hjk/sdp_dataset/xrf55/wifi/01_03_20.npy,1000,float64,0.0,0.49454444444444445,0.0,0.007948148148148149,0.5054555555555555,0.5062972669412206,0.1262633003373744,0.0,
bp_fs200_legacy_abs,/home/test/bupt_hjk/sdp_dataset/xrf55/wifi/01_04_01.npy,1000,float64,0.0,0.5044222222222222,0.0,0.009814814814814814,0.4955777777777778,0.4928005122314081,0.14724353983613242,0.0,
bp_fs200_legacy_abs,/home/test/bupt_hjk/sdp_dataset/xrf55/wifi/01_04_02.npy,1000,float64,0.0,0.5008518518518519,0.0,0.0108,0.4991481481481482,0.5012785992569082,0.15023912801690578,0.0,
bp_fs200_legacy_abs,/home/test/bupt_hjk/sdp_dataset/xrf55/wifi/01_04_03.npy,1000,float64,0.0,0.4978888888888889,0.0,0.009029629629629629,0.5021111111111111,0.5014398468183908,0.1422570718867015,0.0,
bp_fs200_legacy_abs,/home/test/bupt_hjk/sdp_dataset/xrf55/wifi/01_04_04.npy,1000,float64,0.0,0.49954814814814813,0.0,0.011703703703703704,0.5004518518518518,0.5010194255104651,0.16228079931783634,0.0,
bp_fs200_legacy_abs,/home/test/bupt_hjk/sdp_dataset/xrf55/wifi/01_04_05.npy,1000,float64,0.0,0.5028518518518519,0.0,0.010703703703703703,0.4971481481481482,0.4972370913902505,0.1511585659733808,0.0,
bp_fs200_legacy_abs,/home/test/bupt_hjk/sdp_dataset/xrf55/wifi/01_04_06.npy,1000,float64,0.0,0.49366666666666664,0.0,0.011096296296296297,0.5063333333333333,0.5063657516172806,0.14900456011567123,0.0,
bp_fs200_legacy_abs,/home/test/bupt_hjk/sdp_dataset/xrf55/wifi/01_04_07.npy,1000,float64,0.0,0.4972814814814815,0.0,0.010703703703703703,0.5027185185185186,0.5049748626652338,0.15785415044674303,0.0,
bp_fs200_legacy_abs,/home/test/bupt_hjk/sdp_dataset/xrf55/wifi/01_04_08.npy,1000,float64,0.0,0.5124518518518518,0.0,0.010503703703703704,0.4875481481481482,0.48811438985701266,0.14613131650168687,0.0,
bp_fs200_legacy_abs,/home/test/bupt_hjk/sdp_dataset/xrf55/wifi/01_04_09.npy,1000,float64,0.0,0.5045259259259259,0.0,0.010474074074074075,0.49547407407407407,0.4945702995384755,0.15801356912468023,0.0,
bp_fs200_legacy_abs,/home/test/bupt_hjk/sdp_dataset/xrf55/wifi/01_04_10.npy,1000,float64,0.0,0.49372222222222223,0.0,0.012007407407407408,0.5062777777777778,0.5082655411461702,0.17120453787120454,0.0,
bp_fs200_legacy_abs,/home/test/bupt_hjk/sdp_dataset/xrf55/wifi/01_04_11.npy,1000,float64,0.0,0.5133222222222222,0.0,0.011607407407407407,0.48667777777777776,0.4847024276828311,0.1570867163459756,0.0,
bp_fs200_legacy_abs,/home/test/bupt_hjk/sdp_dataset/xrf55/wifi/01_04_12.npy,1000,float64,0.0,0.5057888888888888,0.0,0.011488888888888889,0.4942111111111111,0.4918690156595341,0.16590293997701405,0.0,
bp_fs200_legacy_abs,/home/test/bupt_hjk/sdp_dataset/xrf55/wifi/01_04_13.npy,1000,float64,0.0,0.48248148148148146,0.0,0.011437037037037037,0.5175185185185185,0.5190010529931046,0.15930374819263707,0.0,
bp_fs200_legacy_abs,/home/test/bupt_hjk/sdp_dataset/xrf55/wifi/01_04_14.npy,1000,float64,0.0,0.4883037037037037,0.0,0.012,0.5116962962962963,0.5143099323777054,0.1619545471397323,0.0,
bp_fs200_legacy_abs,/home/test/bupt_hjk/sdp_dataset/xrf55/wifi/01_04_15.npy,1000,float64,0.0,0.49197407407407406,0.0,0.011140740740740741,0.5080259259259259,0.5103632438165221,0.165331998665332,0.0,
bp_fs200_legacy_abs,/home/test/bupt_hjk/sdp_dataset/xrf55/wifi/01_04_16.npy,1000,float64,0.0,0.5025851851851851,0.0,0.009844444444444444,0.4974148148148148,0.49682914253239546,0.1370518666814963,0.0,
bp_fs200_legacy_abs,/home/test/bupt_hjk/sdp_dataset/xrf55/wifi/01_04_17.npy,1000,float64,0.0,0.4966259259259259,0.0,0.010948148148148148,0.5033740740740741,0.505448680418368,0.1474177881585289,0.0,
bp_fs200_legacy_abs,/home/test/bupt_hjk/sdp_dataset/xrf55/wifi/01_04_18.npy,1000,float64,0.0,0.5095,0.0,0.011340740740740742,0.4905,0.4914627055029867,0.16131687242798354,0.0,
bp_fs200_legacy_abs,/home/test/bupt_hjk/sdp_dataset/xrf55/wifi/01_04_19.npy,1000,float64,0.0,0.4837740740740741,0.0,0.0122,0.516225925925926,0.5190993377483444,0.16739702665628592,0.0,
bp_fs200_legacy_abs,/home/test/bupt_hjk/sdp_dataset/xrf55/wifi/01_04_20.npy,1000,float64,0.0,0.5062888888888889,0.0,0.010866666666666667,0.4937111111111111,0.4932592402696304,0.15131056982908836,0.0,
bp_fs200_legacy_abs,/home/test/bupt_hjk/sdp_dataset/xrf55/wifi/01_05_01.npy,1000,float64,0.0,0.4913111111111111,0.0,0.007614814814814815,0.5086888888888889,0.5114600171061903,0.1123493864234605,0.0,
bp_fs200_legacy_abs,/home/test/bupt_hjk/sdp_dataset/xrf55/wifi/01_05_02.npy,1000,float64,0.0,0.48535185185185187,0.0,0.007422222222222222,0.5146481481481482,0.517894918458284,0.11507062618173729,0.0,
bp_fs200_legacy_abs,/home/test/bupt_hjk/sdp_dataset/xrf55/wifi/01_05_03.npy,1000,float64,0.0,0.5074111111111111,0.0,0.007044444444444444,0.4925888888888889,0.4943866943866944,0.10501241982723464,0.0,
bp_fs200_legacy_abs,/home/test/bupt_hjk/sdp_dataset/xrf55/wifi/01_05_04.npy,1000,float64,0.0,0.4991851851851852,0.0,0.007518518518518518,0.5008148148148148,0.5014912030289826,0.11320579839098358,0.0,
bp_fs200_legacy_abs,/home/test/bupt_hjk/sdp_dataset/xrf55/wifi/01_05_05.npy,1000,float64,0.0,0.4918962962962963,0.0,0.007303703703703704,0.5081037037037037,0.506175848569843,0.11668705742779817,0.0,
bp_fs200_legacy_abs,/home/test/bupt_hjk/sdp_dataset/xrf55/wifi/01_05_06.npy,1000,float64,0.0,0.5036111111111111,0.0,0.008081481481481481,0.4963888888888889,0.49334080607109454,0.12013494976457939,0.0,
bp_fs200_legacy_abs,/home/test/bupt_hjk/sdp_dataset/xrf55/wifi/01_05_07.npy,1000,float64,0.0,0.49522962962962963,0.0,0.007607407407407407,0.5047703703703704,0.5056364631193926,0.110888666444222,0.0,
bp_fs200_legacy_abs,/home/test/bupt_hjk/sdp_dataset/xrf55/wifi/01_05_08.npy,1000,float64,0.0,0.49642592592592594,0.0,0.006918518518518518,0.5035740740740741,0.5055139693464495,0.1050235420605791,0.0,
bp_fs200_legacy_abs,/home/test/bupt_hjk/sdp_dataset/xrf55/wifi/01_05_09.npy,1000,float64,0.0,0.5073740740740741,0.0,0.0072148148148148145,0.4926259259259259,0.4950527741611103,0.11434397360323287,0.0,
bp_fs200_legacy_abs,/home/test/bupt_hjk/sdp_dataset/xrf55/wifi/01_05_10.npy,1000,float64,0.0,0.48315555555555556,0.0,0.007118518518518519,0.5168444444444444,0.5177030490037132,0.11230119007896786,0.0,
bp_fs200_legacy_abs,/home/test/bupt_hjk/sdp_dataset/xrf55/wifi/01_05_11.npy,1000,float64,0.0,0.5017814814814815,0.0,0.007711111111111111,0.4982185185185185,0.49856972005503675,0.1211359507655804,0.0,
bp_fs200_legacy_abs,/home/test/bupt_hjk/sdp_dataset/xrf55/wifi/01_05_12.npy,1000,float64,0.0,0.5040555555555556,0.0,0.007614814814814815,0.49594444444444447,0.4959489691033315,0.12369777184592,0.0,
bp_fs200_legacy_abs,/home/test/bupt_hjk/sdp_dataset/xrf55/wifi/01_05_13.npy,1000,float64,0.0,0.5185777777777778,0.0,0.008592592592592593,0.4814222222222222,0.4789298742802014,0.13069365661958254,0.0,
bp_fs200_legacy_abs,/home/test/bupt_hjk/sdp_dataset/xrf55/wifi/01_05_14.npy,1000,float64,0.0,0.5058185185185186,0.0,0.010303703703703704,0.4941814814814815,0.49211455680853644,0.15003522040559078,0.0,
bp_fs200_legacy_abs,/home/test/bupt_hjk/sdp_dataset/xrf55/wifi/01_05_15.npy,1000,float64,0.0,0.5132481481481481,0.0,0.008177777777777779,0.4867518518518518,0.48698277605879664,0.12145478812145478,0.0,
bp_fs200_legacy_abs,/home/test/bupt_hjk/sdp_dataset/xrf55/wifi/01_05_16.npy,1000,float64,0.0,0.49275555555555556,0.0,0.008548148148148148,0.5072444444444445,0.5094210680464708,0.12256330404478552,0.0,
bp_fs200_legacy_abs,/home/test/bupt_hjk/sdp_dataset/xrf55/wifi/01_05_17.npy,1000,float64,0.0,0.5045111111111111,0.0,0.007703703703703704,0.49548888888888887,0.49737772117942264,0.12106921736551367,0.0,
bp_fs200_legacy_abs,/home/test/bupt_hjk/sdp_dataset/xrf55/wifi/01_05_18.npy,1000,float64,0.0,0.5115222222222222,0.0,0.008755555555555556,0.4884777777777778,0.49025156278448745,0.1326474622770919,0.0,
bp_fs200_legacy_abs,/home/test/bupt_hjk/sdp_dataset/xrf55/wifi/01_05_19.npy,1000,float64,0.0,0.5008851851851852,0.0,0.010985185185185185,0.4991148148148148,0.5000322430136976,0.16246246246246246,0.0,
bp_fs200_legacy_abs,/home/test/bupt_hjk/sdp_dataset/xrf55/wifi/01_05_20.npy,1000,float64,0.0,0.5191666666666667,0.0,0.009362962962962964,0.48083333333333333,0.47951008102506126,0.1382901419938457,0.0,
bp_fs200_legacy_abs,/home/test/bupt_hjk/sdp_dataset/xrf55/wifi/01_06_01.npy,1000,float64,0.0,0.5163740740740741,0.0,0.012274074074074074,0.4836259259259259,0.48025736076083986,0.1731991250509769,0.0,
bp_fs200_legacy_abs,/home/test/bupt_hjk/sdp_dataset/xrf55/wifi/01_06_02.npy,1000,float64,0.0,0.5089555555555556,0.0,0.013177777777777778,0.49104444444444445,0.49047299666173805,0.18062136210284357,0.0,
bp_fs200_legacy_abs,/home/test/bupt_hjk/sdp_dataset/xrf55/wifi/01_06_03.npy,1000,float64,0.0,0.5091222222222223,0.0,0.011029629629629629,0.4908777777777778,0.490515865981209,0.17000704408111816,0.0,
bp_fs200_legacy_abs,/home/test/bupt_hjk/sdp_dataset/xrf55/wifi/01_06_04.npy,1000,float64,0.0,0.49561481481481484,0.0,0.011266666666666666,0.5043851851851852,0.5067163064336355,0.15842138434731026,0.0,
bp_fs200_legacy_abs,/home/test/bupt_hjk/sdp_dataset/xrf55/wifi/01_06_05.npy,1000,float64,0.0,0.4996888888888889,0.0,0.0112,0.5003111111111112,0.5002749434838394,0.1642939235531828,0.0,
bp_fs200_legacy_abs,/home/test/bupt_hjk/sdp_dataset/xrf55/wifi/01_06_06.npy,1000,float64,0.0,0.5065074074074074,0.0,0.012274074074074074,0.4934925925925926,0.49322271068695595,0.18433618803989174,0.0,
bp_fs200_legacy_abs,/home/test/bupt_hjk/sdp_dataset/xrf55/wifi/01_06_07.npy,1000,float64,0.0,0.49682592592592595,0.0,0.012214814814814815,0.5031740740740741,0.5051158937857614,0.17260593927260595,0.0,
bp_fs200_legacy_abs,/home/test/bupt_hjk/sdp_dataset/xrf55/wifi/01_06_08.npy,1000,float64,0.0,0.511974074074074,0.0,0.011185185185185185,0.4880259259259259,0.4861093040876147,0.17607236866496126,0.0,
bp_fs200_legacy_abs,/home/test/bupt_hjk/sdp_dataset/xrf55/wifi/01_06_09.npy,1000,float64,0.0,0.5048925925925926,0.0,0.012466666666666666,0.4951074074074074,0.4922397035597133,0.17600192785377972,0.0,
bp_fs200_legacy_abs,/home/test/bupt_hjk/sdp_dataset/xrf55/wifi/01_06_10.npy,1000,float64,0.0,0.49842592592592594,0.0,0.011585185185185184,0.5015740740740741,0.5017520046059228,0.16558781003225448,0.0,
bp_fs200_legacy_abs,/home/test/bupt_hjk/sdp_dataset/xrf55/wifi/01_06_11.npy,1000,float64,0.0,0.49608148148148146,0.0,0.010696296296296296,0.5039185185185185,0.5038509944006089,0.16431616801987173,0.0,
bp_fs200_legacy_abs,/home/test/bupt_hjk/sdp_dataset/xrf55/wifi/01_06_12.npy,1000,float64,0.0,0.49791851851851854,0.0,0.010881481481481482,0.5020814814814815,0.5045510893423761,0.1565046528009491,0.0,
bp_fs200_legacy_abs,/home/test/bupt_hjk/sdp_dataset/xrf55/wifi/01_06_13.npy,1000,float64,0.0,0.4969037037037037,0.0,0.0118,0.5030962962962963,0.5040636289168815,0.17961665369072777,0.0,
bp_fs200_legacy_abs,/home/test/bupt_hjk/sdp_dataset/xrf55/wifi/01_06_14.npy,1000,float64,0.0,0.5147185185185185,0.0,0.011911111111111112,0.4852814814814815,0.48437944682029815,0.17672858043228415,0.0,
bp_fs200_legacy_abs,/home/test/bupt_hjk/sdp_dataset/xrf55/wifi/01_06_15.npy,1000,float64,0.0,0.5055740740740741,0.0,0.012222222222222223,0.49442592592592594,0.4954927390454627,0.16748600452304155,0.0,
bp_fs200_legacy_abs,/home/test/bupt_hjk/sdp_dataset/xrf55/wifi/01_06_16.npy,1000,float64,0.0,0.5027296296296296,0.0,0.010962962962962963,0.49727037037037036,0.49618034524530585,0.1558224891558225,0.0,
bp_fs200_legacy_abs,/home/test/bupt_hjk/sdp_dataset/xrf55/wifi/01_06_17.npy,1000,float64,0.0,0.49443703703703706,0.0,0.013481481481481481,0.505562962962963,0.5064636116954785,0.18468839209579951,0.0,
bp_fs200_legacy_abs,/home/test/bupt_hjk/sdp_dataset/xrf55/wifi/01_06_18.npy,1000,float64,0.0,0.5007851851851852,0.0,0.010088888888888889,0.49921481481481483,0.4980647751200521,0.15587810032254476,0.0,
bp_fs200_legacy_abs,/home/test/bupt_hjk/sdp_dataset/xrf55/wifi/01_06_19.npy,1000,float64,0.0,0.5076074074074074,0.0,0.011962962962962963,0.4923925925925926,0.4942790531535303,0.17752567382197013,0.0,
bp_fs200_legacy_abs,/home/test/bupt_hjk/sdp_dataset/xrf55/wifi/01_06_20.npy,1000,float64,0.0,0.5068518518518519,0.0,0.01117037037037037,0.49314814814814817,0.48969363558759366,0.15290846401957514,0.0,
bp_fs200_legacy_abs,/home/test/bupt_hjk/sdp_dataset/xrf55/wifi/01_07_01.npy,1000,float64,0.0,0.4912740740740741,0.0,0.010274074074074074,0.5087259259259259,0.5110760383434491,0.15474733993252512,0.0,
bp_fs200_legacy_abs,/home/test/bupt_hjk/sdp_dataset/xrf55/wifi/01_07_02.npy,1000,float64,0.0,0.5019,0.0,0.008325925925925926,0.4981,0.49996066605480527,0.14089645200756312,0.0,
bp_fs200_legacy_abs,/home/test/bupt_hjk/sdp_dataset/xrf55/wifi/01_07_03.npy,1000,float64,0.0,0.5102148148148148,0.0,0.009177777777777778,0.4897851851851852,0.48910008309689396,0.13559485411337263,0.0,
bp_fs200_legacy_abs,/home/test/bupt_hjk/sdp_dataset/xrf55/wifi/01_07_04.npy,1000,float64,0.0,0.4947962962962963,0.0,0.009340740740740741,0.5052037037037037,0.5038495756269872,0.15064694323953584,0.0,
bp_fs200_legacy_abs,/home/test/bupt_hjk/sdp_dataset/xrf55/wifi/01_07_05.npy,1000,float64,0.0,0.4989851851851852,0.0,0.009962962962962963,0.5010148148148148,0.5018349692168419,0.14505987468950432,0.0,
bp_fs200_legacy_abs,/home/test/bupt_hjk/sdp_dataset/xrf55/wifi/01_07_06.npy,1000,float64,0.0,0.5133888888888889,0.0,0.009666666666666667,0.4866111111111111,0.4857780361127257,0.13539465391317243,0.0,
bp_fs200_legacy_abs,/home/test/bupt_hjk/sdp_dataset/xrf55/wifi/01_07_07.npy,1000,float64,0.0,0.5012333333333333,0.0,0.011674074074074075,0.4987666666666667,0.49896841353651894,0.16832017202387572,0.0,
bp_fs200_legacy_abs,/home/test/bupt_hjk/sdp_dataset/xrf55/wifi/01_07_08.npy,1000,float64,0.0,0.4970185185185185,0.0,0.009037037037037038,0.5029814814814815,0.504936843810392,0.1310236162088014,0.0,
bp_fs200_legacy_abs,/home/test/bupt_hjk/sdp_dataset/xrf55/wifi/01_07_09.npy,1000,float64,0.0,0.506674074074074,0.0,0.012303703703703704,0.49332592592592595,0.49326040095253504,0.16687798910021132,0.0,
bp_fs200_legacy_abs,/home/test/bupt_hjk/sdp_dataset/xrf55/wifi/01_07_10.npy,1000,float64,0.0,0.49566666666666664,0.0,0.010844444444444445,0.5043333333333333,0.5059559764237128,0.15732028324620917,0.0,
bp_fs200_legacy_abs,/home/test/bupt_hjk/sdp_dataset/xrf55/wifi/01_07_11.npy,1000,float64,0.0,0.5127666666666667,0.0,0.010451851851851851,0.48723333333333335,0.4862167479515457,0.1507804100396693,0.0,
bp_fs200_legacy_abs,/home/test/bupt_hjk/sdp_dataset/xrf55/wifi/01_07_12.npy,1000,float64,0.0,0.49243703703703706,0.0,0.009703703703703704,0.507562962962963,0.5110535802311186,0.1519000481963445,0.0,
bp_fs200_legacy_abs,/home/test/bupt_hjk/sdp_dataset/xrf55/wifi/01_07_13.npy,1000,float64,0.0,0.5076555555555555,0.0,0.009066666666666667,0.4923444444444444,0.49262593662118037,0.14008082156230303,0.0,
bp_fs200_legacy_abs,/home/test/bupt_hjk/sdp_dataset/xrf55/wifi/01_07_14.npy,1000,float64,0.0,0.4998851851851852,0.0,0.010881481481481482,0.5001148148148148,0.4996449470458455,0.1608497386275164,0.0,
bp_fs200_legacy_abs,/home/test/bupt_hjk/sdp_dataset/xrf55/wifi/01_07_15.npy,1000,float64,0.0,0.49032592592592594,0.0,0.008192592592592593,0.5096740740740741,0.5115219924044121,0.12469135802469136,0.0,
bp_fs200_legacy_abs,/home/test/bupt_hjk/sdp_dataset/xrf55/wifi/01_07_16.npy,1000,float64,0.0,0.5054777777777778,0.0,0.007333333333333333,0.4945222222222222,0.4950219709307685,0.11983464946427909,0.0,
bp_fs200_legacy_abs,/home/test/bupt_hjk/sdp_dataset/xrf55/wifi/01_07_17.npy,1000,float64,0.0,0.4953074074074074,0.0,0.010148148148148147,0.5046925925925926,0.5040644587753134,0.1532050569087606,0.0,
bp_fs200_legacy_abs,/home/test/bupt_hjk/sdp_dataset/xrf55/wifi/01_07_18.npy,1000,float64,0.0,0.5140037037037037,0.0,0.010651851851851852,0.4859962962962963,0.4837811986925545,0.1568865161457754,0.0,
bp_fs200_legacy_abs,/home/test/bupt_hjk/sdp_dataset/xrf55/wifi/01_07_19.npy,1000,float64,0.0,0.5060074074074075,0.0,0.010237037037037038,0.4939925925925926,0.4923760522098753,0.14686909131353576,0.0,
bp_fs200_legacy_abs,/home/test/bupt_hjk/sdp_dataset/xrf55/wifi/01_07_20.npy,1000,float64,0.0,0.5167592592592593,0.0,0.01017037037037037,0.48324074074074075,0.4824322391744507,0.14860415971527083,0.0,
bp_fs200_legacy_abs,/home/test/bupt_hjk/sdp_dataset/xrf55/wifi/01_08_01.npy,1000,float64,0.0,0.5064148148148148,0.0,0.008222222222222223,0.4935851851851852,0.49354870669288337,0.13075668260853446,0.0,
bp_fs200_legacy_abs,/home/test/bupt_hjk/sdp_dataset/xrf55/wifi/01_08_02.npy,1000,float64,0.0,0.4907962962962963,0.0,0.0077777777777777776,0.5092037037037037,0.5098493714372003,0.11905980054128203,0.0,
bp_fs200_legacy_abs,/home/test/bupt_hjk/sdp_dataset/xrf55/wifi/01_08_03.npy,1000,float64,0.0,0.5065185185185185,0.0,0.007362962962962963,0.49348148148148147,0.49340906009430696,0.11238275312349387,0.0,
bp_fs200_legacy_abs,/home/test/bupt_hjk/sdp_dataset/xrf55/wifi/01_08_04.npy,1000,float64,0.0,0.5021333333333333,0.0,0.00871111111111111,0.4978666666666667,0.4977261090865283,0.12003855707559412,0.0,
bp_fs200_legacy_abs,/home/test/bupt_hjk/sdp_dataset/xrf55/wifi/01_08_05.npy,1000,float64,0.0,0.5010666666666667,0.0,0.008214814814814815,0.49893333333333334,0.4998169790601403,0.11339858376895413,0.0,
bp_fs200_legacy_abs,/home/test/bupt_hjk/sdp_dataset/xrf55/wifi/01_08_06.npy,1000,float64,0.0,0.5061481481481481,0.0,0.007303703703703704,0.4938518518518519,0.49358400926127777,0.11221962703444185,0.0,
bp_fs200_legacy_abs,/home/test/bupt_hjk/sdp_dataset/xrf55/wifi/01_08_07.npy,1000,float64,0.0,0.5135222222222222,0.0,0.006948148148148148,0.4864777777777778,0.4838495482882001,0.1132502873243614,0.0,
bp_fs200_legacy_abs,/home/test/bupt_hjk/sdp_dataset/xrf55/wifi/01_08_08.npy,1000,float64,0.0,0.5014777777777778,0.0,0.007511111111111111,0.4985222222222222,0.49773702662677183,0.12351981611240871,0.0,
bp_fs200_legacy_abs,/home/test/bupt_hjk/sdp_dataset/xrf55/wifi/01_08_09.npy,1000,float64,0.0,0.48662222222222223,0.0,0.00822962962962963,0.5133777777777778,0.514044691398703,0.1084084084084084,0.0,
bp_fs200_legacy_abs,/home/test/bupt_hjk/sdp_dataset/xrf55/wifi/01_08_10.npy,1000,float64,0.0,0.5041444444444444,0.0,0.009266666666666666,0.49585555555555555,0.4949719821445531,0.1231564898231565,0.0,
bp_fs200_legacy_abs,/home/test/bupt_hjk/sdp_dataset/xrf55/wifi/01_08_11.npy,1000,float64,0.0,0.5023518518518518,0.0,0.009385185185185186,0.4976481481481482,0.49841161400512385,0.14058502947391835,0.0,
bp_fs200_legacy_abs,/home/test/bupt_hjk/sdp_dataset/xrf55/wifi/01_08_12.npy,1000,float64,0.0,0.5112148148148148,0.0,0.00922962962962963,0.4887851851851852,0.4883579473113527,0.13129054980906832,0.0,
bp_fs200_legacy_abs,/home/test/bupt_hjk/sdp_dataset/xrf55/wifi/01_08_13.npy,1000,float64,0.0,0.4924148148148148,0.0,0.007903703703703704,0.5075851851851851,0.5087852519040351,0.12284877470062655,0.0,
bp_fs200_legacy_abs,/home/test/bupt_hjk/sdp_dataset/xrf55/wifi/01_08_14.npy,1000,float64,0.0,0.4870925925925926,0.0,0.0068,0.5129074074074074,0.514844367495954,0.1117895673451229,0.0,
bp_fs200_legacy_abs,/home/test/bupt_hjk/sdp_dataset/xrf55/wifi/01_08_15.npy,1000,float64,0.0,0.5070296296296296,0.0,0.008022222222222222,0.4929703703703704,0.49205014954049603,0.11164127090053017,0.0,
bp_fs200_legacy_abs,/home/test/bupt_hjk/sdp_dataset/xrf55/wifi/01_08_16.npy,1000,float64,0.0,0.5045592592592593,0.0,0.007422222222222222,0.49544074074074074,0.49664696799498076,0.10992103214325437,0.0,
bp_fs200_legacy_abs,/home/test/bupt_hjk/sdp_dataset/xrf55/wifi/01_08_17.npy,1000,float64,0.0,0.5035666666666667,0.0,0.00931111111111111,0.49643333333333334,0.4972039535495509,0.12761279798316835,0.0,
bp_fs200_legacy_abs,/home/test/bupt_hjk/sdp_dataset/xrf55/wifi/01_08_18.npy,1000,float64,0.0,0.49445925925925927,0.0,0.00802962962962963,0.5055407407407407,0.5057313930744576,0.11639417194972751,0.0,
bp_fs200_legacy_abs,/home/test/bupt_hjk/sdp_dataset/xrf55/wifi/01_08_19.npy,1000,float64,0.0,0.4922259259259259,0.0,0.008051851851851852,0.507774074074074,0.509277908881841,0.11183776368961554,0.0,
bp_fs200_legacy_abs,/home/test/bupt_hjk/sdp_dataset/xrf55/wifi/01_08_20.npy,1000,float64,0.0,0.4947259259259259,0.0,0.007659259259259259,0.5052740740740741,0.5054400018076849,0.1186742297853409,0.0,
bp_fs200_legacy_abs,/home/test/bupt_hjk/sdp_dataset/xrf55/wifi/01_09_01.npy,1000,float64,0.0,0.5067814814814815,0.0,0.009237037037037037,0.4932185185185185,0.4944598972979582,0.13394134875616356,0.0,
bp_fs200_legacy_abs,/home/test/bupt_hjk/sdp_dataset/xrf55/wifi/01_09_02.npy,1000,float64,0.0,0.49764444444444444,0.0,0.008244444444444445,0.5023555555555556,0.50384184438916,0.12065027990953917,0.0,
bp_fs200_legacy_abs,/home/test/bupt_hjk/sdp_dataset/xrf55/wifi/01_09_03.npy,1000,float64,0.0,0.5049555555555556,0.0,0.008037037037037037,0.49504444444444445,0.49501143370338785,0.1263040818596374,0.0,
bp_fs200_legacy_abs,/home/test/bupt_hjk/sdp_dataset/xrf55/wifi/01_09_04.npy,1000,float64,0.0,0.48008518518518517,0.0,0.0077555555555555555,0.5199148148148148,0.5251843727544344,0.12709746783820858,0.0,
bp_fs200_legacy_abs,/home/test/bupt_hjk/sdp_dataset/xrf55/wifi/01_09_05.npy,1000,float64,0.0,0.5186481481481482,0.0,0.00931111111111111,0.48135185185185186,0.47912760025408224,0.14472620768917066,0.0,
bp_fs200_legacy_abs,/home/test/bupt_hjk/sdp_dataset/xrf55/wifi/01_09_06.npy,1000,float64,0.0,0.5124222222222222,0.0,0.009733333333333333,0.4875777777777778,0.4857985086249796,0.14214214214214213,0.0,
bp_fs200_legacy_abs,/home/test/bupt_hjk/sdp_dataset/xrf55/wifi/01_09_07.npy,1000,float64,0.0,0.49214814814814817,0.0,0.008022222222222222,0.5078518518518519,0.5116835081029552,0.11996440885329775,0.0,
bp_fs200_legacy_abs,/home/test/bupt_hjk/sdp_dataset/xrf55/wifi/01_09_08.npy,1000,float64,0.0,0.5045592592592593,0.0,0.007496296296296296,0.49544074074074074,0.4958888166744759,0.11323916509101695,0.0,
bp_fs200_legacy_abs,/home/test/bupt_hjk/sdp_dataset/xrf55/wifi/01_09_09.npy,1000,float64,0.0,0.5050333333333333,0.0,0.008355555555555555,0.49496666666666667,0.49567351645808755,0.12558855151447745,0.0,
bp_fs200_legacy_abs,/home/test/bupt_hjk/sdp_dataset/xrf55/wifi/01_09_10.npy,1000,float64,0.0,0.499337037037037,0.0,0.00931851851851852,0.500662962962963,0.5014122559253347,0.13702591480369258,0.0,
bp_fs200_legacy_abs,/home/test/bupt_hjk/sdp_dataset/xrf55/wifi/01_09_11.npy,1000,float64,0.0,0.5212407407407408,0.0,0.009362962962962964,0.4787592592592593,0.4748124940662679,0.139713787861936,0.0,
bp_fs200_legacy_abs,/home/test/bupt_hjk/sdp_dataset/xrf55/wifi/01_09_12.npy,1000,float64,0.0,0.5081185185185185,0.0,0.009125925925925926,0.4918814814814815,0.4938459027717158,0.12942942942942942,0.0,
bp_fs200_legacy_abs,/home/test/bupt_hjk/sdp_dataset/xrf55/wifi/01_09_13.npy,1000,float64,0.0,0.4861666666666667,0.0,0.009148148148148148,0.5138333333333334,0.5146726002240324,0.13315908501093687,0.0,
bp_fs200_legacy_abs,/home/test/bupt_hjk/sdp_dataset/xrf55/wifi/01_09_14.npy,1000,float64,0.0,0.520962962962963,0.0,0.009333333333333334,0.47903703703703704,0.47713172264363585,0.13905016127238348,0.0,
bp_fs200_legacy_abs,/home/test/bupt_hjk/sdp_dataset/xrf55/wifi/01_09_15.npy,1000,float64,0.0,0.4907222222222222,0.0,0.009051851851851853,0.5092777777777778,0.5124201293054558,0.1289029770511252,0.0,
bp_fs200_legacy_abs,/home/test/bupt_hjk/sdp_dataset/xrf55/wifi/01_09_16.npy,1000,float64,0.0,0.5007037037037037,0.0,0.008933333333333333,0.4992962962962963,0.500300051654462,0.1290586883179476,0.0,
bp_fs200_legacy_abs,/home/test/bupt_hjk/sdp_dataset/xrf55/wifi/01_09_17.npy,1000,float64,0.0,0.49445925925925927,0.0,0.008303703703703704,0.5055407407407407,0.5093074357018432,0.12636340043747452,0.0,
bp_fs200_legacy_abs,/home/test/bupt_hjk/sdp_dataset/xrf55/wifi/01_09_18.npy,1000,float64,0.0,0.49820740740740743,0.0,0.007896296296296297,0.5017925925925926,0.5042053651766787,0.13169465762058355,0.0,
bp_fs200_legacy_abs,/home/test/bupt_hjk/sdp_dataset/xrf55/wifi/01_09_19.npy,1000,float64,0.0,0.5002777777777778,0.0,0.008007407407407408,0.49972222222222223,0.4985682108861247,0.12514736959181402,0.0,
bp_fs200_legacy_abs,/home/test/bupt_hjk/sdp_dataset/xrf55/wifi/01_09_20.npy,1000,float64,0.0,0.49583333333333335,0.0,0.007837037037037036,0.5041666666666667,0.5049992308875557,0.12118043969895821,0.0,
bp_fs200_legacy_abs,/home/test/bupt_hjk/sdp_dataset/xrf55/wifi/01_10_01.npy,1000,float64,0.0,0.5033851851851852,0.0,0.009207407407407407,0.49661481481481484,0.495334391050636,0.13962110258406554,0.0,
bp_fs200_legacy_abs,/home/test/bupt_hjk/sdp_dataset/xrf55/wifi/01_10_02.npy,1000,float64,0.0,0.5111888888888889,0.0,0.009681481481481482,0.4888111111111111,0.48971844234495215,0.1552218885552219,0.0,
bp_fs200_legacy_abs,/home/test/bupt_hjk/sdp_dataset/xrf55/wifi/01_10_03.npy,1000,float64,0.0,0.49899629629629627,0.0,0.010903703703703704,0.5010037037037037,0.5024975438622906,0.1528417306195084,0.0,
bp_fs200_legacy_abs,/home/test/bupt_hjk/sdp_dataset/xrf55/wifi/01_10_04.npy,1000,float64,0.0,0.5117925925925926,0.0,0.008414814814814814,0.4882074074074074,0.48900653604580485,0.13179105030956884,0.0,
bp_fs200_legacy_abs,/home/test/bupt_hjk/sdp_dataset/xrf55/wifi/01_10_05.npy,1000,float64,0.0,0.4998740740740741,0.0,0.008155555555555555,0.500125925925926,0.5009242767955905,0.13381900418937456,0.0,
bp_fs200_legacy_abs,/home/test/bupt_hjk/sdp_dataset/xrf55/wifi/01_10_06.npy,1000,float64,0.0,0.4963740740740741,0.0,0.010296296296296296,0.5036259259259259,0.5042577832277403,0.15273792310829348,0.0,
bp_fs200_legacy_abs,/home/test/bupt_hjk/sdp_dataset/xrf55/wifi/01_10_07.npy,1000,float64,0.0,0.5153666666666666,0.0,0.010755555555555556,0.48463333333333336,0.48343534769425,0.167334000667334,0.0,
bp_fs200_legacy_abs,/home/test/bupt_hjk/sdp_dataset/xrf55/wifi/01_10_08.npy,1000,float64,0.0,0.49035185185185187,0.0,0.010866666666666667,0.5096481481481482,0.5124857084447002,0.1573907240573907,0.0,
bp_fs200_legacy_abs,/home/test/bupt_hjk/sdp_dataset/xrf55/wifi/01_10_09.npy,1000,float64,0.0,0.4959851851851852,0.0,0.01034074074074074,0.5040148148148148,0.5032938330944258,0.16581766952137322,0.0,
bp_fs200_legacy_abs,/home/test/bupt_hjk/sdp_dataset/xrf55/wifi/01_10_10.npy,1000,float64,0.0,0.49855925925925926,0.0,0.009340740740740741,0.5014407407407407,0.5048335083104735,0.14260556853149445,0.0,
bp_fs200_legacy_abs,/home/test/bupt_hjk/sdp_dataset/xrf55/wifi/01_10_11.npy,1000,float64,0.0,0.5050851851851852,0.0,0.008955555555555555,0.4949148148148148,0.4933317695308214,0.1350127905683461,0.0,
bp_fs200_legacy_abs,/home/test/bupt_hjk/sdp_dataset/xrf55/wifi/01_10_12.npy,1000,float64,0.0,0.5019148148148148,0.0,0.00791851851851852,0.4980851851851852,0.49755356328825406,0.12307492677863048,0.0,
bp_fs200_legacy_abs,/home/test/bupt_hjk/sdp_dataset/xrf55/wifi/01_10_13.npy,1000,float64,0.0,0.5027962962962963,0.0,0.0104,0.4972037037037037,0.4965864188911239,0.1497200904608312,0.0,
bp_fs200_legacy_abs,/home/test/bupt_hjk/sdp_dataset/xrf55/wifi/01_10_14.npy,1000,float64,0.0,0.5064148148148148,0.0,0.009340740740740741,0.4935851851851852,0.4941610068070769,0.1302858413969525,0.0,
bp_fs200_legacy_abs,/home/test/bupt_hjk/sdp_dataset/xrf55/wifi/01_10_15.npy,1000,float64,0.0,0.5009962962962963,0.0,0.01322962962962963,0.4990037037037037,0.501247759831487,0.18381715048381714,0.0,
bp_fs200_legacy_abs,/home/test/bupt_hjk/sdp_dataset/xrf55/wifi/01_10_16.npy,1000,float64,0.0,0.4994777777777778,0.0,0.00962962962962963,0.5005222222222222,0.5014134527666507,0.14424053683312943,0.0,
bp_fs200_legacy_abs,/home/test/bupt_hjk/sdp_dataset/xrf55/wifi/01_10_17.npy,1000,float64,0.0,0.4981148148148148,0.0,0.00922962962962963,0.5018851851851852,0.5027290425975437,0.13472361250139028,0.0,
bp_fs200_legacy_abs,/home/test/bupt_hjk/sdp_dataset/xrf55/wifi/01_10_18.npy,1000,float64,0.0,0.5091,0.0,0.009518518518518518,0.4909,0.4879308499250696,0.13882400919437957,0.0,
bp_fs200_legacy_abs,/home/test/bupt_hjk/sdp_dataset/xrf55/wifi/01_10_19.npy,1000,float64,0.0,0.5158851851851852,0.0,0.009703703703703704,0.48411481481481483,0.4824736209630938,0.1480628776925073,0.0,
bp_fs200_legacy_abs,/home/test/bupt_hjk/sdp_dataset/xrf55/wifi/01_10_20.npy,1000,float64,0.0,0.5094444444444445,0.0,0.008718518518518518,0.4905555555555556,0.4898220742221855,0.12571460349238128,0.0,
bp_fs200_legacy_abs,/home/test/bupt_hjk/sdp_dataset/xrf55/wifi/01_11_01.npy,1000,float64,0.0,0.49732592592592595,0.0,0.009007407407407407,0.502674074074074,0.5030556931993934,0.13670707744781818,0.0,
bp_fs200_legacy_abs,/home/test/bupt_hjk/sdp_dataset/xrf55/wifi/01_11_02.npy,1000,float64,0.0,0.4869777777777778,0.0,0.009044444444444445,0.5130222222222223,0.5140590005929518,0.1390538686834983,0.0,
bp_fs200_legacy_abs,/home/test/bupt_hjk/sdp_dataset/xrf55/wifi/01_11_03.npy,1000,float64,0.0,0.4937259259259259,0.0,0.009844444444444444,0.5062740740740741,0.508343837600888,0.14433692952211472,0.0,
bp_fs200_legacy_abs,/home/test/bupt_hjk/sdp_dataset/xrf55/wifi/01_11_04.npy,1000,float64,0.0,0.5003925925925926,0.0,0.008748148148148149,0.4996074074074074,0.49982994404972364,0.13075297519741963,0.0,
bp_fs200_legacy_abs,/home/test/bupt_hjk/sdp_dataset/xrf55/wifi/01_11_05.npy,1000,float64,0.0,0.49778518518518516,0.0,0.00988148148148148,0.5022148148148148,0.5063805517929707,0.1404923441960479,0.0,
bp_fs200_legacy_abs,/home/test/bupt_hjk/sdp_dataset/xrf55/wifi/01_11_06.npy,1000,float64,0.0,0.5156555555555555,0.0,0.010103703703703703,0.48434444444444447,0.48588579332741955,0.15398732065398732,0.0,
bp_fs200_legacy_abs,/home/test/bupt_hjk/sdp_dataset/xrf55/wifi/01_11_07.npy,1000,float64,0.0,0.5055333333333333,0.0,0.012881481481481482,0.49446666666666667,0.4945083721706921,0.17264672079486895,0.0,
bp_fs200_legacy_abs,/home/test/bupt_hjk/sdp_dataset/xrf55/wifi/01_11_08.npy,1000,float64,0.0,0.502537037037037,0.0,0.011866666666666666,0.49746296296296294,0.49768964627687823,0.17599451303155006,0.0,
bp_fs200_legacy_abs,/home/test/bupt_hjk/sdp_dataset/xrf55/wifi/01_11_09.npy,1000,float64,0.0,0.4797037037037037,0.0,0.00988148148148148,0.5202962962962963,0.5232278259297346,0.15035776517257998,0.0,
bp_fs200_legacy_abs,/home/test/bupt_hjk/sdp_dataset/xrf55/wifi/01_11_10.npy,1000,float64,0.0,0.49901851851851853,0.0,0.010451851851851851,0.5009814814814815,0.5034585129147955,0.14353983613242874,0.0,
bp_fs200_legacy_abs,/home/test/bupt_hjk/sdp_dataset/xrf55/wifi/01_11_11.npy,1000,float64,0.0,0.514225925925926,0.0,0.00788148148148148,0.4857740740740741,0.48608666483241053,0.11284617951284617,0.0,
bp_fs200_legacy_abs,/home/test/bupt_hjk/sdp_dataset/xrf55/wifi/01_11_12.npy,1000,float64,0.0,0.5091222222222223,0.0,0.007866666666666666,0.4908777777777778,0.4918340697948509,0.12073925777629481,0.0,
bp_fs200_legacy_abs,/home/test/bupt_hjk/sdp_dataset/xrf55/wifi/01_11_13.npy,1000,float64,0.0,0.48301481481481484,0.0,0.007414814814814815,0.5169851851851852,0.5198688598722514,0.10963185407629852,0.0,
bp_fs200_legacy_abs,/home/test/bupt_hjk/sdp_dataset/xrf55/wifi/01_11_14.npy,1000,float64,0.0,0.5156407407407407,0.0,0.007851851851851851,0.48435925925925927,0.48269476156599705,0.11280169057946836,0.0,
bp_fs200_legacy_abs,/home/test/bupt_hjk/sdp_dataset/xrf55/wifi/01_11_15.npy,1000,float64,0.0,0.4898925925925926,0.0,0.007422222222222222,0.5101074074074075,0.5111880730671134,0.11276832387943499,0.0,
bp_fs200_legacy_abs,/home/test/bupt_hjk/sdp_dataset/xrf55/wifi/01_11_16.npy,1000,float64,0.0,0.4986481481481482,0.0,0.008540740740740741,0.5013518518518518,0.5001423230923961,0.13658102546991435,0.0,
bp_fs200_legacy_abs,/home/test/bupt_hjk/sdp_dataset/xrf55/wifi/01_11_17.npy,1000,float64,0.0,0.5012296296296296,0.0,0.01205925925925926,0.49877037037037036,0.4990041753103246,0.16552107663218774,0.0,
bp_fs200_legacy_abs,/home/test/bupt_hjk/sdp_dataset/xrf55/wifi/01_11_18.npy,1000,float64,0.0,0.49904074074074073,0.0,0.008614814814814815,0.5009592592592592,0.5022445088354077,0.12698995291587883,0.0,
bp_fs200_legacy_abs,/home/test/bupt_hjk/sdp_dataset/xrf55/wifi/01_11_19.npy,1000,float64,0.0,0.5032740740740741,0.0,0.010577777777777778,0.4967259259259259,0.4979866630539499,0.14780335891447002,0.0,
bp_fs200_legacy_abs,/home/test/bupt_hjk/sdp_dataset/xrf55/wifi/01_11_20.npy,1000,float64,0.0,0.4914296296296296,0.0,0.008688888888888888,0.5085703703703703,0.5084297694946657,0.12314907500092685,0.0,
bp_fs200_legacy_abs,/home/test/bupt_hjk/sdp_dataset/xrf55/wifi/01_12_01.npy,1000,float64,0.0,0.5037222222222222,0.0,0.011044444444444445,0.49627777777777776,0.5010279133921893,0.15304934564193823,0.0,
bp_fs200_legacy_abs,/home/test/bupt_hjk/sdp_dataset/xrf55/wifi/01_12_02.npy,1000,float64,0.0,0.5138,0.0,0.012422222222222222,0.4862,0.48338059527480876,0.17470804137470805,0.0,
bp_fs200_legacy_abs,/home/test/bupt_hjk/sdp_dataset/xrf55/wifi/01_12_03.npy,1000,float64,0.0,0.5098518518518519,0.0,0.011785185185185185,0.49014814814814817,0.4891767270602425,0.1608274941608275,0.0,
bp_fs200_legacy_abs,/home/test/bupt_hjk/sdp_dataset/xrf55/wifi/01_12_04.npy,1000,float64,0.0,0.5075518518518518,0.0,0.011066666666666667,0.49244814814814813,0.49247898512330857,0.15054684313943573,0.0,
bp_fs200_legacy_abs,/home/test/bupt_hjk/sdp_dataset/xrf55/wifi/01_12_05.npy,1000,float64,0.0,0.5083407407407408,0.0,0.01157037037037037,0.49165925925925924,0.49151178243210364,0.16830534237941647,0.0,
bp_fs200_legacy_abs,/home/test/bupt_hjk/sdp_dataset/xrf55/wifi/01_12_06.npy,1000,float64,0.0,0.5029333333333333,0.0,0.011177777777777778,0.49706666666666666,0.4978896006705382,0.16073851629407185,0.0,
bp_fs200_legacy_abs,/home/test/bupt_hjk/sdp_dataset/xrf55/wifi/01_12_07.npy,1000,float64,0.0,0.5141111111111111,0.0,0.011288888888888888,0.48588888888888887,0.4837976636129348,0.16100174248322396,0.0,
bp_fs200_legacy_abs,/home/test/bupt_hjk/sdp_dataset/xrf55/wifi/01_12_08.npy,1000,float64,0.0,0.5077111111111111,0.0,0.010237037037037038,0.4922888888888889,0.4910602863856275,0.1588477366255144,0.0,
bp_fs200_legacy_abs,/home/test/bupt_hjk/sdp_dataset/xrf55/wifi/01_12_09.npy,1000,float64,0.0,0.5129222222222222,0.0,0.010911111111111111,0.4870777777777778,0.4857335016607301,0.1587290994698402,0.0,
bp_fs200_legacy_abs,/home/test/bupt_hjk/sdp_dataset/xrf55/wifi/01_12_10.npy,1000,float64,0.0,0.5028296296296296,0.0,0.012266666666666667,0.4971703703703704,0.4980182218692401,0.171215660104549,0.0,
bp_fs200_legacy_abs,/home/test/bupt_hjk/sdp_dataset/xrf55/wifi/01_12_11.npy,1000,float64,0.0,0.5105925925925926,0.0,0.010155555555555555,0.4894074074074074,0.49094295095810575,0.14400696993289586,0.0,
bp_fs200_legacy_abs,/home/test/bupt_hjk/sdp_dataset/xrf55/wifi/01_12_12.npy,1000,float64,0.0,0.5115851851851851,0.0,0.011392592592592593,0.4884148148148148,0.4895082384470845,0.15259333407481557,0.0,
bp_fs200_legacy_abs,/home/test/bupt_hjk/sdp_dataset/xrf55/wifi/01_12_13.npy,1000,float64,0.0,0.4971185185185185,0.0,0.011037037037037036,0.5028814814814815,0.5036245050256056,0.1571237904571238,0.0,
bp_fs200_legacy_abs,/home/test/bupt_hjk/sdp_dataset/xrf55/wifi/01_12_14.npy,1000,float64,0.0,0.49713703703703704,0.0,0.010911111111111111,0.502862962962963,0.503447552237911,0.15393541689837986,0.0,
bp_fs200_legacy_abs,/home/test/bupt_hjk/sdp_dataset/xrf55/wifi/01_12_15.npy,1000,float64,0.0,0.5024111111111111,0.0,0.0104,0.4975888888888889,0.4973577075913005,0.15195565936306676,0.0,
bp_fs200_legacy_abs,/home/test/bupt_hjk/sdp_dataset/xrf55/wifi/01_12_16.npy,1000,float64,0.0,0.4971037037037037,0.0,0.01034074074074074,0.5028962962962963,0.4999454208055889,0.14025877729581435,0.0,
bp_fs200_legacy_abs,/home/test/bupt_hjk/sdp_dataset/xrf55/wifi/01_12_17.npy,1000,float64,0.0,0.5026,0.0,0.01105925925925926,0.4974,0.4980967712815575,0.1622919215511808,0.0,
bp_fs200_legacy_abs,/home/test/bupt_hjk/sdp_dataset/xrf55/wifi/01_12_18.npy,1000,float64,0.0,0.5099074074074074,0.0,0.009718518518518519,0.4900925925925926,0.4913242215105177,0.14198643087531976,0.0,
bp_fs200_legacy_abs,/home/test/bupt_hjk/sdp_dataset/xrf55/wifi/01_12_19.npy,1000,float64,0.0,0.4918518518518519,0.0,0.01017037037037037,0.5081481481481481,0.5094267286094448,0.14828902977051125,0.0,
bp_fs200_legacy_abs,/home/test/bupt_hjk/sdp_dataset/xrf55/wifi/01_12_20.npy,1000,float64,0.0,0.4991037037037037,0.0,0.011022222222222221,0.5008962962962963,0.4986109546870894,0.16494642790939087,0.0,
bp_fs200_legacy_abs,/home/test/bupt_hjk/sdp_dataset/xrf55/wifi/01_13_01.npy,1000,float64,0.0,0.5037074074074074,0.0,0.008237037037037038,0.4962925925925926,0.4967040260661005,0.1186334482630779,0.0,
bp_fs200_legacy_abs,/home/test/bupt_hjk/sdp_dataset/xrf55/wifi/01_13_02.npy,1000,float64,0.0,0.5066259259259259,0.0,0.008822222222222223,0.4933740740740741,0.49383087798011127,0.1390316242168094,0.0,
bp_fs200_legacy_abs,/home/test/bupt_hjk/sdp_dataset/xrf55/wifi/01_13_03.npy,1000,float64,0.0,0.5213037037037037,0.0,0.010807407407407408,0.4786962962962963,0.4722388240367375,0.15795425054684314,0.0,
bp_fs200_legacy_abs,/home/test/bupt_hjk/sdp_dataset/xrf55/wifi/01_13_04.npy,1000,float64,0.0,0.5259777777777778,0.0,0.009370370370370371,0.47402222222222223,0.4666965678921144,0.13262151039928818,0.0,
bp_fs200_legacy_abs,/home/test/bupt_hjk/sdp_dataset/xrf55/wifi/01_13_05.npy,1000,float64,0.0,0.5243814814814814,0.0,0.008725925925925925,0.4756185185185185,0.47446754106251127,0.1197567938308679,0.0,
bp_fs200_legacy_abs,/home/test/bupt_hjk/sdp_dataset/xrf55/wifi/01_13_06.npy,1000,float64,0.0,0.5293037037037037,0.0,0.01014074074074074,0.4706962962962963,0.47016249760812223,0.14252771289808328,0.0,
bp_fs200_legacy_abs,/home/test/bupt_hjk/sdp_dataset/xrf55/wifi/01_13_07.npy,1000,float64,0.0,0.49903703703703706,0.0,0.008162962962962962,0.5009629629629629,0.5025952789924917,0.1221591962332703,0.0,
bp_fs200_legacy_abs,/home/test/bupt_hjk/sdp_dataset/xrf55/wifi/01_13_08.npy,1000,float64,0.0,0.5213703703703704,0.0,0.009259259259259259,0.4786296296296296,0.4744836080748697,0.12970748526304082,0.0,
bp_fs200_legacy_abs,/home/test/bupt_hjk/sdp_dataset/xrf55/wifi/01_13_09.npy,1000,float64,0.0,0.5045074074074074,0.0,0.007466666666666667,0.4954925925925926,0.49294397512503046,0.11601972342713084,0.0,
bp_fs200_legacy_abs,/home/test/bupt_hjk/sdp_dataset/xrf55/wifi/01_13_10.npy,1000,float64,0.0,0.5211481481481481,0.0,0.007385185185185186,0.47885185185185186,0.4769097013127785,0.11307603900196493,0.0,
bp_fs200_legacy_abs,/home/test/bupt_hjk/sdp_dataset/xrf55/wifi/01_13_11.npy,1000,float64,0.0,0.5048851851851852,0.0,0.007222222222222222,0.49511481481481484,0.4923304790906624,0.11262002743484224,0.0,
bp_fs200_legacy_abs,/home/test/bupt_hjk/sdp_dataset/xrf55/wifi/01_13_12.npy,1000,float64,0.0,0.5034148148148148,0.0,0.007681481481481482,0.4965851851851852,0.4983080289665441,0.10669929188447708,0.0,
bp_fs200_legacy_abs,/home/test/bupt_hjk/sdp_dataset/xrf55/wifi/01_13_13.npy,1000,float64,0.0,0.5080481481481481,0.0,0.007844444444444444,0.49195185185185186,0.48810766604230815,0.11853705557409261,0.0,
bp_fs200_legacy_abs,/home/test/bupt_hjk/sdp_dataset/xrf55/wifi/01_13_14.npy,1000,float64,0.0,0.5126592592592593,0.0,0.008585185185185185,0.48734074074074074,0.48050392650313817,0.12674897119341563,0.0,
bp_fs200_legacy_abs,/home/test/bupt_hjk/sdp_dataset/xrf55/wifi/01_13_15.npy,1000,float64,0.0,0.5089925925925926,0.0,0.008407407407407407,0.4910074074074074,0.48974003062003696,0.1257776294813332,0.0,
bp_fs200_legacy_abs,/home/test/bupt_hjk/sdp_dataset/xrf55/wifi/01_13_16.npy,1000,float64,0.0,0.5173185185185185,0.0,0.007362962962962963,0.4826814814814815,0.4816337440658377,0.1106476847217588,0.0,
bp_fs200_legacy_abs,/home/test/bupt_hjk/sdp_dataset/xrf55/wifi/01_13_17.npy,1000,float64,0.0,0.5039925925925925,0.0,0.00814074074074074,0.4960074074074074,0.49490950648729803,0.1139287435583732,0.0,
bp_fs200_legacy_abs,/home/test/bupt_hjk/sdp_dataset/xrf55/wifi/01_13_18.npy,1000,float64,0.0,0.5059185185185185,0.0,0.007940740740740741,0.49408148148148145,0.4924411800012004,0.10723686649612575,0.0,
bp_fs200_legacy_abs,/home/test/bupt_hjk/sdp_dataset/xrf55/wifi/01_13_19.npy,1000,float64,0.0,0.49135555555555555,0.0,0.007266666666666667,0.5086444444444445,0.5092058154633682,0.1070848626404182,0.0,
bp_fs200_legacy_abs,/home/test/bupt_hjk/sdp_dataset/xrf55/wifi/01_13_20.npy,1000,float64,0.0,0.5155481481481482,0.0,0.008214814814814815,0.48445185185185186,0.48517115996910265,0.11785118451785119,0.0,
bp_fs200_legacy_abs,/home/test/bupt_hjk/sdp_dataset/xrf55/wifi/01_14_01.npy,1000,float64,0.0,0.5020888888888889,0.0,0.008481481481481482,0.49791111111111114,0.4992772139333527,0.12353093834575316,0.0,
bp_fs200_legacy_abs,/home/test/bupt_hjk/sdp_dataset/xrf55/wifi/01_14_02.npy,1000,float64,0.0,0.49,0.0,0.00811111111111111,0.51,0.5105682449580273,0.12346420494568643,0.0,
bp_fs200_legacy_abs,/home/test/bupt_hjk/sdp_dataset/xrf55/wifi/01_14_03.npy,1000,float64,0.0,0.5134962962962963,0.0,0.00742962962962963,0.4865037037037037,0.4848399458972047,0.11319467615763912,0.0,
bp_fs200_legacy_abs,/home/test/bupt_hjk/sdp_dataset/xrf55/wifi/01_14_04.npy,1000,float64,0.0,0.498162962962963,0.0,0.009162962962962963,0.5018370370370371,0.5011833050519037,0.13385237088940793,0.0,
bp_fs200_legacy_abs,/home/test/bupt_hjk/sdp_dataset/xrf55/wifi/01_14_05.npy,1000,float64,0.0,0.4996074074074074,0.0,0.011007407407407407,0.5003925925925926,0.5000149902563333,0.15578912245578913,0.0,
bp_fs200_legacy_abs,/home/test/bupt_hjk/sdp_dataset/xrf55/wifi/01_14_06.npy,1000,float64,0.0,0.5005,0.0,0.010162962962962962,0.4995,0.4988906783192369,0.15395766136506878,0.0,
bp_fs200_legacy_abs,/home/test/bupt_hjk/sdp_dataset/xrf55/wifi/01_14_07.npy,1000,float64,0.0,0.49820740740740743,0.0,0.0112,0.5017925925925926,0.503613644039176,0.1626515404293182,0.0,
bp_fs200_legacy_abs,/home/test/bupt_hjk/sdp_dataset/xrf55/wifi/01_14_08.npy,1000,float64,0.0,0.5094111111111111,0.0,0.010807407407407408,0.4905888888888889,0.4910736443144303,0.1666110554999444,0.0,
bp_fs200_legacy_abs,/home/test/bupt_hjk/sdp_dataset/xrf55/wifi/01_14_09.npy,1000,float64,0.0,0.4894222222222222,0.0,0.010807407407407408,0.5105777777777778,0.5119099925269163,0.1598079561042524,0.0,
bp_fs200_legacy_abs,/home/test/bupt_hjk/sdp_dataset/xrf55/wifi/01_14_10.npy,1000,float64,0.0,0.5027074074074074,0.0,0.010777777777777778,0.4972925925925926,0.4956509312986285,0.1493196900604308,0.0,
bp_fs200_legacy_abs,/home/test/bupt_hjk/sdp_dataset/xrf55/wifi/01_14_11.npy,1000,float64,0.0,0.507637037037037,0.0,0.009437037037037037,0.49236296296296295,0.49261783291131633,0.13957661365068771,0.0,
bp_fs200_legacy_abs,/home/test/bupt_hjk/sdp_dataset/xrf55/wifi/01_14_12.npy,1000,float64,0.0,0.5160037037037037,0.0,0.009651851851851852,0.4839962962962963,0.4866584773045729,0.1601082564045527,0.0,
bp_fs200_legacy_abs,/home/test/bupt_hjk/sdp_dataset/xrf55/wifi/01_14_13.npy,1000,float64,0.0,0.5084740740740741,0.0,0.008437037037037036,0.4915259259259259,0.4942469231902842,0.1403514625736848,0.0,
bp_fs200_legacy_abs,/home/test/bupt_hjk/sdp_dataset/xrf55/wifi/01_14_14.npy,1000,float64,0.0,0.5088888888888888,0.0,0.010207407407407408,0.4911111111111111,0.4919950415085835,0.1465354243132021,0.0,
bp_fs200_legacy_abs,/home/test/bupt_hjk/sdp_dataset/xrf55/wifi/01_14_15.npy,1000,float64,0.0,0.5066296296296297,0.0,0.00988148148148148,0.49337037037037035,0.49327815663772645,0.14164164164164164,0.0,
bp_fs200_legacy_abs,/home/test/bupt_hjk/sdp_dataset/xrf55/wifi/01_14_16.npy,1000,float64,0.0,0.5131962962962963,0.0,0.010362962962962963,0.4868037037037037,0.4869818083451681,0.15346457568679792,0.0,
bp_fs200_legacy_abs,/home/test/bupt_hjk/sdp_dataset/xrf55/wifi/01_14_17.npy,1000,float64,0.0,0.48915185185185184,0.0,0.011340740740740742,0.5108481481481482,0.5136332085948817,0.1485967448930412,0.0,
bp_fs200_legacy_abs,/home/test/bupt_hjk/sdp_dataset/xrf55/wifi/01_14_18.npy,1000,float64,0.0,0.49791111111111114,0.0,0.010355555555555555,0.5020888888888889,0.4994602929838088,0.15415786156526898,0.0,
bp_fs200_legacy_abs,/home/test/bupt_hjk/sdp_dataset/xrf55/wifi/01_14_19.npy,1000,float64,0.0,0.4927037037037037,0.0,0.010133333333333333,0.5072962962962962,0.5072498601101844,0.1532050569087606,0.0,
bp_fs200_legacy_abs,/home/test/bupt_hjk/sdp_dataset/xrf55/wifi/01_14_20.npy,1000,float64,0.0,0.5056037037037037,0.0,0.010962962962962963,0.4943962962962963,0.4961652934693786,0.15120305490675862,0.0,
bp_fs200_legacy_abs,/home/test/bupt_hjk/sdp_dataset/xrf55/wifi/01_15_01.npy,1000,float64,0.0,0.5043592592592593,0.0,0.009681481481481482,0.4956407407407407,0.4957651193329546,0.13982130278426574,0.0,
bp_fs200_legacy_abs,/home/test/bupt_hjk/sdp_dataset/xrf55/wifi/01_15_02.npy,1000,float64,0.0,0.5113888888888889,0.0,0.01,0.4886111111111111,0.4881643456552471,0.14310606903199496,0.0,
bp_fs200_legacy_abs,/home/test/bupt_hjk/sdp_dataset/xrf55/wifi/01_15_03.npy,1000,float64,0.0,0.5031777777777777,0.0,0.009681481481481482,0.4968222222222222,0.4964505602990271,0.15009083157231307,0.0,
bp_fs200_legacy_abs,/home/test/bupt_hjk/sdp_dataset/xrf55/wifi/01_15_04.npy,1000,float64,0.0,0.4905925925925926,0.0,0.010385185185185185,0.5094074074074074,0.5099668590128748,0.1412894375857339,0.0,
bp_fs200_legacy_abs,/home/test/bupt_hjk/sdp_dataset/xrf55/wifi/01_15_05.npy,1000,float64,0.0,0.5085703703703703,0.0,0.010525925925925926,0.4914296296296296,0.4893902301231592,0.14890446001557112,0.0,
bp_fs200_legacy_abs,/home/test/bupt_hjk/sdp_dataset/xrf55/wifi/01_15_06.npy,1000,float64,0.0,0.49744444444444447,0.0,0.009637037037037038,0.5025555555555555,0.5013600739399313,0.13689986282578875,0.0,
bp_fs200_legacy_abs,/home/test/bupt_hjk/sdp_dataset/xrf55/wifi/01_15_07.npy,1000,float64,0.0,0.5038592592592592,0.0,0.009162962962962963,0.4961407407407407,0.4947138238493299,0.13536870203536872,0.0,
bp_fs200_legacy_abs,/home/test/bupt_hjk/sdp_dataset/xrf55/wifi/01_15_08.npy,1000,float64,0.0,0.5085296296296297,0.0,0.009518518518518518,0.4914703703703704,0.4921286557644025,0.1309457605753902,0.0,
bp_fs200_legacy_abs,/home/test/bupt_hjk/sdp_dataset/xrf55/wifi/01_15_09.npy,1000,float64,0.0,0.49812222222222224,0.0,0.008918518518518518,0.5018777777777778,0.5037036476292491,0.13163904645386126,0.0,
bp_fs200_legacy_abs,/home/test/bupt_hjk/sdp_dataset/xrf55/wifi/01_15_10.npy,1000,float64,0.0,0.4966074074074074,0.0,0.00857037037037037,0.5033925925925926,0.5043910478311912,0.1296222148074,0.0,
bp_fs200_legacy_abs,/home/test/bupt_hjk/sdp_dataset/xrf55/wifi/01_15_11.npy,1000,float64,0.0,0.5079962962962963,0.0,0.007725925925925926,0.4920037037037037,0.4943441473236505,0.11946020094168243,0.0,
bp_fs200_legacy_abs,/home/test/bupt_hjk/sdp_dataset/xrf55/wifi/01_15_12.npy,1000,float64,0.0,0.5080185185185185,0.0,0.008688888888888888,0.49198148148148146,0.49212264186381977,0.12793905016127238,0.0,
bp_fs200_legacy_abs,/home/test/bupt_hjk/sdp_dataset/xrf55/wifi/01_15_13.npy,1000,float64,0.0,0.5078,0.0,0.01022962962962963,0.4922,0.49221625853463913,0.14346568791013237,0.0,
bp_fs200_legacy_abs,/home/test/bupt_hjk/sdp_dataset/xrf55/wifi/01_15_14.npy,1000,float64,0.0,0.5113407407407408,0.0,0.010118518518518518,0.48865925925925924,0.4861100652137898,0.13649946242538835,0.0,
bp_fs200_legacy_abs,/home/test/bupt_hjk/sdp_dataset/xrf55/wifi/01_15_15.npy,1000,float64,0.0,0.5023518518518518,0.0,0.0102,0.4976481481481482,0.4970422207022001,0.14184184184184184,0.0,
bp_fs200_legacy_abs,/home/test/bupt_hjk/sdp_dataset/xrf55/wifi/01_15_16.npy,1000,float64,0.0,0.5051407407407408,0.0,0.00928148148148148,0.4948592592592593,0.4949798516175197,0.13330738145552962,0.0,
bp_fs200_legacy_abs,/home/test/bupt_hjk/sdp_dataset/xrf55/wifi/01_15_17.npy,1000,float64,0.0,0.5112592592592593,0.0,0.009355555555555556,0.48874074074074075,0.48756535148756913,0.1360323286249212,0.0,
bp_fs200_legacy_abs,/home/test/bupt_hjk/sdp_dataset/xrf55/wifi/01_15_18.npy,1000,float64,0.0,0.5179148148148148,0.0,0.010185185185185186,0.48208518518518517,0.479851882483412,0.1397508619730842,0.0,
bp_fs200_legacy_abs,/home/test/bupt_hjk/sdp_dataset/xrf55/wifi/01_15_19.npy,1000,float64,0.0,0.5143592592592593,0.0,0.010266666666666667,0.48564074074074076,0.4832898604105748,0.14068142216290364,0.0,
bp_fs200_legacy_abs,/home/test/bupt_hjk/sdp_dataset/xrf55/wifi/01_15_20.npy,1000,float64,0.0,0.5138111111111111,0.0,0.010681481481481481,0.4861888888888889,0.4865196262807107,0.14256107959811665,0.0,
bp_fs200_legacy_abs,/home/test/bupt_hjk/sdp_dataset/xrf55/wifi/01_16_01.npy,1000,float64,0.0,0.5001,0.0,0.011451851851851852,0.4999,0.5004066366092879,0.16962888814740668,0.0,
bp_fs200_legacy_abs,/home/test/bupt_hjk/sdp_dataset/xrf55/wifi/01_16_02.npy,1000,float64,0.0,0.5018,0.0,0.011748148148148148,0.4982,0.4988462691039856,0.18910021132243354,0.0,
bp_fs200_legacy_abs,/home/test/bupt_hjk/sdp_dataset/xrf55/wifi/01_16_03.npy,1000,float64,0.0,0.4919777777777778,0.0,0.01237037037037037,0.5080222222222223,0.5103270773450562,0.18720201683164647,0.0,
bp_fs200_legacy_abs,/home/test/bupt_hjk/sdp_dataset/xrf55/wifi/01_16_04.npy,1000,float64,0.0,0.5010851851851852,0.0,0.012251851851851852,0.4989148148148148,0.4995566076729418,0.17853408964520076,0.0,
bp_fs200_legacy_abs,/home/test/bupt_hjk/sdp_dataset/xrf55/wifi/01_16_05.npy,1000,float64,0.0,0.5037777777777778,0.0,0.012288888888888889,0.49622222222222223,0.4939121962187787,0.17716976235494755,0.0,
bp_fs200_legacy_abs,/home/test/bupt_hjk/sdp_dataset/xrf55/wifi/01_16_06.npy,1000,float64,0.0,0.488337037037037,0.0,0.012496296296296297,0.511662962962963,0.5107050551335733,0.1900752604456308,0.0,
bp_fs200_legacy_abs,/home/test/bupt_hjk/sdp_dataset/xrf55/wifi/01_16_07.npy,1000,float64,0.0,0.503962962962963,0.0,0.012244444444444445,0.49603703703703705,0.49557809269404324,0.18121084047009972,0.0,
bp_fs200_legacy_abs,/home/test/bupt_hjk/sdp_dataset/xrf55/wifi/01_16_08.npy,1000,float64,0.0,0.4844259259259259,0.0,0.012770370370370371,0.5155740740740741,0.5174700859851381,0.19670411151892633,0.0,
bp_fs200_legacy_abs,/home/test/bupt_hjk/sdp_dataset/xrf55/wifi/01_16_09.npy,1000,float64,0.0,0.5067296296296296,0.0,0.012385185185185185,0.49327037037037036,0.4926239118714868,0.18108849590331072,0.0,
bp_fs200_legacy_abs,/home/test/bupt_hjk/sdp_dataset/xrf55/wifi/01_16_10.npy,1000,float64,0.0,0.482962962962963,0.0,0.011792592592592592,0.5170370370370371,0.5190494620908377,0.1785415044674304,0.0,
bp_fs200_legacy_abs,/home/test/bupt_hjk/sdp_dataset/xrf55/wifi/01_16_11.npy,1000,float64,0.0,0.5019074074074074,0.0,0.011074074074074075,0.4980925925925926,0.49680186536021587,0.1673117562006451,0.0,
bp_fs200_legacy_abs,/home/test/bupt_hjk/sdp_dataset/xrf55/wifi/01_16_12.npy,1000,float64,0.0,0.49383333333333335,0.0,0.011281481481481481,0.5061666666666667,0.506601853691079,0.17854521187854522,0.0,
bp_fs200_legacy_abs,/home/test/bupt_hjk/sdp_dataset/xrf55/wifi/01_16_13.npy,1000,float64,0.0,0.49774814814814816,0.0,0.011148148148148148,0.5022518518518518,0.5019053542149602,0.17315092870648427,0.0,
bp_fs200_legacy_abs,/home/test/bupt_hjk/sdp_dataset/xrf55/wifi/01_16_14.npy,1000,float64,0.0,0.4862592592592593,0.0,0.010925925925925926,0.5137407407407407,0.5144499992493506,0.17176435694954215,0.0,
bp_fs200_legacy_abs,/home/test/bupt_hjk/sdp_dataset/xrf55/wifi/01_16_15.npy,1000,float64,0.0,0.5051296296296296,0.0,0.011948148148148149,0.49487037037037035,0.4947970824479708,0.18127386645905164,0.0,
bp_fs200_legacy_abs,/home/test/bupt_hjk/sdp_dataset/xrf55/wifi/01_16_16.npy,1000,float64,0.0,0.5023555555555556,0.0,0.011903703703703705,0.49764444444444444,0.497976530765759,0.1789011233455678,0.0,
bp_fs200_legacy_abs,/home/test/bupt_hjk/sdp_dataset/xrf55/wifi/01_16_17.npy,1000,float64,0.0,0.5021444444444444,0.0,0.011822222222222222,0.49785555555555555,0.4965987671469438,0.1795276758239721,0.0,
bp_fs200_legacy_abs,/home/test/bupt_hjk/sdp_dataset/xrf55/wifi/01_16_18.npy,1000,float64,0.0,0.4891740740740741,0.0,0.010785185185185186,0.5108259259259259,0.5109015377778112,0.17092648203759314,0.0,
bp_fs200_legacy_abs,/home/test/bupt_hjk/sdp_dataset/xrf55/wifi/01_16_19.npy,1000,float64,0.0,0.4878,0.0,0.011496296296296296,0.5122,0.5107648532271857,0.16946576205835465,0.0,
bp_fs200_legacy_abs,/home/test/bupt_hjk/sdp_dataset/xrf55/wifi/01_16_20.npy,1000,float64,0.0,0.5035814814814815,0.0,0.012437037037037036,0.49641851851851854,0.49503745388701476,0.19030141252363475,0.0,
bp_fs200_legacy_abs,/home/test/bupt_hjk/sdp_dataset/xrf55/wifi/01_17_01.npy,1000,float64,0.0,0.49145185185185186,0.0,0.008762962962962964,0.5085481481481482,0.5096971567048482,0.12751640529418307,0.0,
bp_fs200_legacy_abs,/home/test/bupt_hjk/sdp_dataset/xrf55/wifi/01_17_02.npy,1000,float64,0.0,0.5011074074074074,0.0,0.008192592592592593,0.4988925925925926,0.4982672124821235,0.13169095020946872,0.0,
bp_fs200_legacy_abs,/home/test/bupt_hjk/sdp_dataset/xrf55/wifi/01_17_03.npy,1000,float64,0.0,0.5029333333333333,0.0,0.008081481481481481,0.49706666666666666,0.4973461683654209,0.12729025321617915,0.0,
bp_fs200_legacy_abs,/home/test/bupt_hjk/sdp_dataset/xrf55/wifi/01_17_04.npy,1000,float64,0.0,0.5059962962962963,0.0,0.007940740740740741,0.4940037037037037,0.4966268948913992,0.12965928891854817,0.0,
bp_fs200_legacy_abs,/home/test/bupt_hjk/sdp_dataset/xrf55/wifi/01_17_05.npy,1000,float64,0.0,0.4890888888888889,0.0,0.008777777777777778,0.5109111111111111,0.5132891244678679,0.12886590293997702,0.0,
bp_fs200_legacy_abs,/home/test/bupt_hjk/sdp_dataset/xrf55/wifi/01_17_06.npy,1000,float64,0.0,0.4787222222222222,0.0,0.008911111111111111,0.5212777777777777,0.5255957234755821,0.1405553701849998,0.0,
bp_fs200_legacy_abs,/home/test/bupt_hjk/sdp_dataset/xrf55/wifi/01_17_07.npy,1000,float64,0.0,0.49374814814814816,0.0,0.009266666666666666,0.5062518518518518,0.5090871117186907,0.14590887183479775,0.0,
bp_fs200_legacy_abs,/home/test/bupt_hjk/sdp_dataset/xrf55/wifi/01_17_08.npy,1000,float64,0.0,0.5018370370370371,0.0,0.009348148148148149,0.498162962962963,0.5016748231500301,0.15097690282875467,0.0,
bp_fs200_legacy_abs,/home/test/bupt_hjk/sdp_dataset/xrf55/wifi/01_17_09.npy,1000,float64,0.0,0.4776185185185185,0.0,0.009333333333333334,0.5223814814814814,0.5232379380069218,0.14674303933563193,0.0,
bp_fs200_legacy_abs,/home/test/bupt_hjk/sdp_dataset/xrf55/wifi/01_17_10.npy,1000,float64,0.0,0.4874703703703704,0.0,0.008696296296296296,0.5125296296296297,0.5154050941223118,0.1465391317243169,0.0,
bp_fs200_legacy_abs,/home/test/bupt_hjk/sdp_dataset/xrf55/wifi/01_17_11.npy,1000,float64,0.0,0.5094074074074074,0.0,0.009274074074074073,0.4905925925925926,0.4907400104411969,0.135628220813406,0.0,
bp_fs200_legacy_abs,/home/test/bupt_hjk/sdp_dataset/xrf55/wifi/01_17_12.npy,1000,float64,0.0,0.5032037037037037,0.0,0.009066666666666667,0.4967962962962963,0.4965845346522709,0.15076928780632484,0.0,
bp_fs200_legacy_abs,/home/test/bupt_hjk/sdp_dataset/xrf55/wifi/01_17_13.npy,1000,float64,0.0,0.48265555555555556,0.0,0.008851851851851852,0.5173444444444445,0.521129911794374,0.15059133207281356,0.0,
bp_fs200_legacy_abs,/home/test/bupt_hjk/sdp_dataset/xrf55/wifi/01_17_14.npy,1000,float64,0.0,0.4861888888888889,0.0,0.0084,0.5138111111111111,0.5147840562985945,0.13646609572535498,0.0,
bp_fs200_legacy_abs,/home/test/bupt_hjk/sdp_dataset/xrf55/wifi/01_17_15.npy,1000,float64,0.0,0.4912962962962963,0.0,0.00871111111111111,0.5087037037037037,0.5083603123214626,0.14892299707114523,0.0,
bp_fs200_legacy_abs,/home/test/bupt_hjk/sdp_dataset/xrf55/wifi/01_17_16.npy,1000,float64,0.0,0.4793962962962963,0.0,0.008274074074074074,0.5206037037037037,0.5220851212660256,0.1363882400919438,0.0,
bp_fs200_legacy_abs,/home/test/bupt_hjk/sdp_dataset/xrf55/wifi/01_17_17.npy,1000,float64,0.0,0.4968518518518519,0.0,0.008192592592592593,0.5031481481481481,0.5057251261260922,0.13271790308827347,0.0,
bp_fs200_legacy_abs,/home/test/bupt_hjk/sdp_dataset/xrf55/wifi/01_17_18.npy,1000,float64,0.0,0.5001666666666666,0.0,0.008659259259259259,0.49983333333333335,0.502852119849396,0.13508323137952769,0.0,
bp_fs200_legacy_abs,/home/test/bupt_hjk/sdp_dataset/xrf55/wifi/01_17_19.npy,1000,float64,0.0,0.4795185185185185,0.0,0.008955555555555555,0.5204814814814814,0.5233398282018817,0.13541319096874652,0.0,
bp_fs200_legacy_abs,/home/test/bupt_hjk/sdp_dataset/xrf55/wifi/01_17_20.npy,1000,float64,0.0,0.4908851851851852,0.0,0.007977777777777778,0.5091148148148148,0.5108494869301003,0.13903533162792422,0.0,
bp_fs200_legacy_abs,/home/test/bupt_hjk/sdp_dataset/xrf55/wifi/01_18_01.npy,1000,float64,0.0,0.49974074074074076,0.0,0.008362962962962963,0.5002592592592593,0.502601326790258,0.11717643569495421,0.0,
bp_fs200_legacy_abs,/home/test/bupt_hjk/sdp_dataset/xrf55/wifi/01_18_02.npy,1000,float64,0.0,0.49836296296296295,0.0,0.010318518518518519,0.501637037037037,0.5024988316171926,0.14247951655359062,0.0,
bp_fs200_legacy_abs,/home/test/bupt_hjk/sdp_dataset/xrf55/wifi/01_18_03.npy,1000,float64,0.0,0.4945185185185185,0.0,0.009407407407407408,0.5054814814814815,0.508965147493572,0.12557372187001817,0.0,
bp_fs200_legacy_abs,/home/test/bupt_hjk/sdp_dataset/xrf55/wifi/01_18_04.npy,1000,float64,0.0,0.4885888888888889,0.0,0.008429629629629629,0.5114111111111111,0.5117287778842721,0.11676862047232417,0.0,
bp_fs200_legacy_abs,/home/test/bupt_hjk/sdp_dataset/xrf55/wifi/01_18_05.npy,1000,float64,0.0,0.48734814814814814,0.0,0.008696296296296296,0.5126518518518518,0.5174988984337046,0.11401401401401401,0.0,
bp_fs200_legacy_abs,/home/test/bupt_hjk/sdp_dataset/xrf55/wifi/01_18_06.npy,1000,float64,0.0,0.5147592592592592,0.0,0.008748148148148149,0.48524074074074075,0.48228265735686365,0.12330107885663441,0.0,
bp_fs200_legacy_abs,/home/test/bupt_hjk/sdp_dataset/xrf55/wifi/01_18_07.npy,1000,float64,0.0,0.5062555555555556,0.0,0.009925925925925927,0.49374444444444443,0.49515876594954505,0.13965076187298409,0.0,
bp_fs200_legacy_abs,/home/test/bupt_hjk/sdp_dataset/xrf55/wifi/01_18_08.npy,1000,float64,0.0,0.5022851851851852,0.0,0.009111111111111111,0.49771481481481483,0.49873843884170904,0.12843213583954324,0.0,
bp_fs200_legacy_abs,/home/test/bupt_hjk/sdp_dataset/xrf55/wifi/01_18_09.npy,1000,float64,0.0,0.4844111111111111,0.0,0.009192592592592592,0.5155888888888889,0.5193929874111721,0.1273421569717866,0.0,
bp_fs200_legacy_abs,/home/test/bupt_hjk/sdp_dataset/xrf55/wifi/01_18_10.npy,1000,float64,0.0,0.49743333333333334,0.0,0.008696296296296296,0.5025666666666667,0.504376082698339,0.12123234345456568,0.0,
bp_fs200_legacy_abs,/home/test/bupt_hjk/sdp_dataset/xrf55/wifi/01_18_11.npy,1000,float64,0.0,0.4906,0.0,0.009674074074074075,0.5094,0.5135234625528927,0.13351128906684462,0.0,
bp_fs200_legacy_abs,/home/test/bupt_hjk/sdp_dataset/xrf55/wifi/01_18_12.npy,1000,float64,0.0,0.47923333333333334,0.0,0.008592592592592593,0.5207666666666667,0.5296026355919572,0.11685018351685018,0.0,
bp_fs200_legacy_abs,/home/test/bupt_hjk/sdp_dataset/xrf55/wifi/01_18_13.npy,1000,float64,0.0,0.49391851851851853,0.0,0.01037037037037037,0.5060814814814815,0.508016671314566,0.14083713342972604,0.0,
bp_fs200_legacy_abs,/home/test/bupt_hjk/sdp_dataset/xrf55/wifi/01_18_14.npy,1000,float64,0.0,0.48573333333333335,0.0,0.009755555555555556,0.5142666666666666,0.5167717852033864,0.12655247840433026,0.0,
bp_fs200_legacy_abs,/home/test/bupt_hjk/sdp_dataset/xrf55/wifi/01_18_15.npy,1000,float64,0.0,0.49175185185185183,0.0,0.010481481481481482,0.5082481481481481,0.5108121933198189,0.13295888481073667,0.0,
bp_fs200_legacy_abs,/home/test/bupt_hjk/sdp_dataset/xrf55/wifi/01_18_16.npy,1000,float64,0.0,0.5072629629629629,0.0,0.00965925925925926,0.49273703703703703,0.4953593775525323,0.13141660178697215,0.0,
bp_fs200_legacy_abs,/home/test/bupt_hjk/sdp_dataset/xrf55/wifi/01_18_17.npy,1000,float64,0.0,0.5052518518518518,0.0,0.008474074074074075,0.49474814814814816,0.49498175873083156,0.12265228191154116,0.0,
bp_fs200_legacy_abs,/home/test/bupt_hjk/sdp_dataset/xrf55/wifi/01_18_18.npy,1000,float64,0.0,0.5117962962962963,0.0,0.009044444444444445,0.4882037037037037,0.48757600583243765,0.1331850368887406,0.0,
bp_fs200_legacy_abs,/home/test/bupt_hjk/sdp_dataset/xrf55/wifi/01_18_19.npy,1000,float64,0.0,0.5071481481481481,0.0,0.009637037037037038,0.4928518518518519,0.49365439458265953,0.1351907463018574,0.0,
bp_fs200_legacy_abs,/home/test/bupt_hjk/sdp_dataset/xrf55/wifi/01_18_20.npy,1000,float64,0.0,0.49554444444444445,0.0,0.008318518518518518,0.5044555555555555,0.5070974002099845,0.1222778333889445,0.0,
bp_fs200_legacy_abs,/home/test/bupt_hjk/sdp_dataset/xrf55/wifi/01_19_01.npy,1000,float64,0.0,0.49002222222222225,0.0,0.006066666666666666,0.5099777777777778,0.5123853419307964,0.10195380565750936,0.0,
bp_fs200_legacy_abs,/home/test/bupt_hjk/sdp_dataset/xrf55/wifi/01_19_02.npy,1000,float64,0.0,0.4784925925925926,0.0,0.008022222222222222,0.5215074074074074,0.5259691078928646,0.11584176769361955,0.0,
bp_fs200_legacy_abs,/home/test/bupt_hjk/sdp_dataset/xrf55/wifi/01_19_03.npy,1000,float64,0.0,0.4930148148148148,0.0,0.007459259259259259,0.5069851851851852,0.5122152557275209,0.11171171171171171,0.0,
bp_fs200_legacy_abs,/home/test/bupt_hjk/sdp_dataset/xrf55/wifi/01_19_04.npy,1000,float64,0.0,0.47004444444444443,0.0,0.007414814814814815,0.5299555555555555,0.5371320993441336,0.11915248581915248,0.0,
bp_fs200_legacy_abs,/home/test/bupt_hjk/sdp_dataset/xrf55/wifi/01_19_05.npy,1000,float64,0.0,0.4880481481481482,0.0,0.007125925925925926,0.5119518518518519,0.5171212624141075,0.10995810625440255,0.0,
bp_fs200_legacy_abs,/home/test/bupt_hjk/sdp_dataset/xrf55/wifi/01_19_06.npy,1000,float64,0.0,0.5027481481481482,0.0,0.007474074074074074,0.49725185185185183,0.4990818587428294,0.11099618136655173,0.0,
bp_fs200_legacy_abs,/home/test/bupt_hjk/sdp_dataset/xrf55/wifi/01_19_07.npy,1000,float64,0.0,0.4942666666666667,0.0,0.0075481481481481484,0.5057333333333334,0.508461288410425,0.10901271642012383,0.0,
bp_fs200_legacy_abs,/home/test/bupt_hjk/sdp_dataset/xrf55/wifi/01_19_08.npy,1000,float64,0.0,0.4943,0.0,0.007792592592592592,0.5057,0.5078329181249904,0.11003596188781374,0.0,
bp_fs200_legacy_abs,/home/test/bupt_hjk/sdp_dataset/xrf55/wifi/01_19_09.npy,1000,float64,0.0,0.5104,0.0,0.007207407407407407,0.4896,0.490213152614243,0.1096059021984948,0.0,
bp_fs200_legacy_abs,/home/test/bupt_hjk/sdp_dataset/xrf55/wifi/01_19_10.npy,1000,float64,0.0,0.5020407407407408,0.0,0.007733333333333333,0.49795925925925927,0.49842184607751466,0.11292774255737219,0.0,
bp_fs200_legacy_abs,/home/test/bupt_hjk/sdp_dataset/xrf55/wifi/01_19_11.npy,1000,float64,0.0,0.4980259259259259,0.0,0.0070074074074074075,0.5019740740740741,0.5009854648643148,0.10454899343788232,0.0,
bp_fs200_legacy_abs,/home/test/bupt_hjk/sdp_dataset/xrf55/wifi/01_19_12.npy,1000,float64,0.0,0.5104666666666666,0.0,0.008925925925925926,0.4895333333333333,0.48961355238647813,0.1234790345901457,0.0,
bp_fs200_legacy_abs,/home/test/bupt_hjk/sdp_dataset/xrf55/wifi/01_19_13.npy,1000,float64,0.0,0.49965185185185185,0.0,0.0078,0.5003481481481481,0.5047410092530764,0.11462944425907388,0.0,
bp_fs200_legacy_abs,/home/test/bupt_hjk/sdp_dataset/xrf55/wifi/01_19_14.npy,1000,float64,0.0,0.4947,0.0,0.006933333333333333,0.5053,0.5080752958022171,0.10477143810477144,0.0,
bp_fs200_legacy_abs,/home/test/bupt_hjk/sdp_dataset/xrf55/wifi/01_19_15.npy,1000,float64,0.0,0.4837666666666667,0.0,0.0072148148148148145,0.5162333333333333,0.5214019910066405,0.10599117636154673,0.0,
bp_fs200_legacy_abs,/home/test/bupt_hjk/sdp_dataset/xrf55/wifi/01_19_16.npy,1000,float64,0.0,0.4957962962962963,0.0,0.007422222222222222,0.5042037037037037,0.5065035826753685,0.1131501872242613,0.0,
bp_fs200_legacy_abs,/home/test/bupt_hjk/sdp_dataset/xrf55/wifi/01_19_17.npy,1000,float64,0.0,0.5005296296296297,0.0,0.00742962962962963,0.4994703703703704,0.5006383075730634,0.11738034330626923,0.0,
bp_fs200_legacy_abs,/home/test/bupt_hjk/sdp_dataset/xrf55/wifi/01_19_18.npy,1000,float64,0.0,0.5038037037037038,0.0,0.008051851851851852,0.4961962962962963,0.497199144962251,0.11363585808030252,0.0,
bp_fs200_legacy_abs,/home/test/bupt_hjk/sdp_dataset/xrf55/wifi/01_19_19.npy,1000,float64,0.0,0.4994703703703704,0.0,0.008451851851851851,0.5005296296296297,0.5023579497684089,0.1252400548696845,0.0,
bp_fs200_legacy_abs,/home/test/bupt_hjk/sdp_dataset/xrf55/wifi/01_19_20.npy,1000,float64,0.0,0.49727777777777776,0.0,0.008044444444444444,0.5027222222222222,0.5039328291730635,0.1119897675453231,0.0,
bp_fs200_legacy_abs,/home/test/bupt_hjk/sdp_dataset/xrf55/wifi/01_20_01.npy,1000,float64,0.0,0.48925555555555555,0.0,0.00908888888888889,0.5107444444444444,0.5123058931281531,0.12772772772772772,0.0,
bp_fs200_legacy_abs,/home/test/bupt_hjk/sdp_dataset/xrf55/wifi/01_20_02.npy,1000,float64,0.0,0.5121370370370371,0.0,0.008444444444444444,0.48786296296296294,0.48770580240697486,0.12079116153190227,0.0,
bp_fs200_legacy_abs,/home/test/bupt_hjk/sdp_dataset/xrf55/wifi/01_20_03.npy,1000,float64,0.0,0.5027222222222222,0.0,0.00882962962962963,0.49727777777777776,0.49546713340228293,0.1296481666852037,0.0,
bp_fs200_legacy_abs,/home/test/bupt_hjk/sdp_dataset/xrf55/wifi/01_20_04.npy,1000,float64,0.0,0.4852444444444444,0.0,0.009725925925925926,0.5147555555555555,0.5181382926255568,0.12767211656100544,0.0,
bp_fs200_legacy_abs,/home/test/bupt_hjk/sdp_dataset/xrf55/wifi/01_20_05.npy,1000,float64,0.0,0.5051666666666667,0.0,0.009096296296296297,0.49483333333333335,0.4952555641699601,0.12958884810736662,0.0,
bp_fs200_legacy_abs,/home/test/bupt_hjk/sdp_dataset/xrf55/wifi/01_20_06.npy,1000,float64,0.0,0.5133703703703704,0.0,0.009866666666666666,0.48662962962962963,0.48602776652494406,0.13549475401327254,0.0,
bp_fs200_legacy_abs,/home/test/bupt_hjk/sdp_dataset/xrf55/wifi/01_20_07.npy,1000,float64,0.0,0.4994,0.0,0.00894074074074074,0.5006,0.4993293181084111,0.12589626663700737,0.0,
bp_fs200_legacy_abs,/home/test/bupt_hjk/sdp_dataset/xrf55/wifi/01_20_08.npy,1000,float64,0.0,0.5031074074074074,0.0,0.00922962962962963,0.4968925925925926,0.4968930129006679,0.1293219145070997,0.0,
bp_fs200_legacy_abs,/home/test/bupt_hjk/sdp_dataset/xrf55/wifi/01_20_09.npy,1000,float64,0.0,0.5027703703703704,0.0,0.008518518518518519,0.49722962962962963,0.49912831241283123,0.12367181996811627,0.0,
bp_fs200_legacy_abs,/home/test/bupt_hjk/sdp_dataset/xrf55/wifi/01_20_10.npy,1000,float64,0.0,0.5036666666666667,0.0,0.0082,0.49633333333333335,0.4961555874141704,0.1143699254810366,0.0,
bp_fs200_legacy_abs,/home/test/bupt_hjk/sdp_dataset/xrf55/wifi/01_20_11.npy,1000,float64,0.0,0.5039777777777777,0.0,0.009711111111111111,0.4960222222222222,0.4992244651843649,0.13678122567011455,0.0,
bp_fs200_legacy_abs,/home/test/bupt_hjk/sdp_dataset/xrf55/wifi/01_20_12.npy,1000,float64,0.0,0.512662962962963,0.0,0.009785185185185185,0.487337037037037,0.4866676080311108,0.13405627850072294,0.0,
bp_fs200_legacy_abs,/home/test/bupt_hjk/sdp_dataset/xrf55/wifi/01_20_13.npy,1000,float64,0.0,0.4985037037037037,0.0,0.009103703703703704,0.5014962962962963,0.5028138683783262,0.12804656508360213,0.0,
bp_fs200_legacy_abs,/home/test/bupt_hjk/sdp_dataset/xrf55/wifi/01_20_14.npy,1000,float64,0.0,0.5061148148148148,0.0,0.00942962962962963,0.4938851851851852,0.49261686459536136,0.1377080784488192,0.0,
bp_fs200_legacy_abs,/home/test/bupt_hjk/sdp_dataset/xrf55/wifi/01_20_15.npy,1000,float64,0.0,0.4968111111111111,0.0,0.008918518518518518,0.5031888888888889,0.5025128858669551,0.12827271716160604,0.0,
bp_fs200_legacy_abs,/home/test/bupt_hjk/sdp_dataset/xrf55/wifi/01_20_16.npy,1000,float64,0.0,0.4960851851851852,0.0,0.008681481481481481,0.5039148148148148,0.5034951522522421,0.13440106773440108,0.0,
bp_fs200_legacy_abs,/home/test/bupt_hjk/sdp_dataset/xrf55/wifi/01_20_17.npy,1000,float64,0.0,0.5109037037037037,0.0,0.008614814814814815,0.4890962962962963,0.4895184952122457,0.12438364290216142,0.0,
bp_fs200_legacy_abs,/home/test/bupt_hjk/sdp_dataset/xrf55/wifi/01_20_18.npy,1000,float64,0.0,0.501337037037037,0.0,0.008444444444444444,0.498662962962963,0.49986951539151053,0.12426500574648723,0.0,
bp_fs200_legacy_abs,/home/test/bupt_hjk/sdp_dataset/xrf55/wifi/01_20_19.npy,1000,float64,0.0,0.4915481481481481,0.0,0.0092,0.5084518518518518,0.5105432866730877,0.13101620138657175,0.0,
bp_fs200_legacy_abs,/home/test/bupt_hjk/sdp_dataset/xrf55/wifi/01_20_20.npy,1000,float64,0.0,0.4976851851851852,0.0,0.009192592592592592,0.5023148148148148,0.5021173715702002,0.1301449597745894,0.0,
bp_fs200_legacy_abs,/home/test/bupt_hjk/sdp_dataset/xrf55/wifi/01_21_01.npy,1000,float64,0.0,0.5081148148148148,0.0,0.009859259259259259,0.4918851851851852,0.4935195180021895,0.13319245171097022,0.0,
bp_fs200_legacy_abs,/home/test/bupt_hjk/sdp_dataset/xrf55/wifi/01_21_02.npy,1000,float64,0.0,0.4937962962962963,0.0,0.008651851851851852,0.5062037037037037,0.5087283309367258,0.1140103066028992,0.0,
bp_fs200_legacy_abs,/home/test/bupt_hjk/sdp_dataset/xrf55/wifi/01_21_03.npy,1000,float64,0.0,0.5004851851851851,0.0,0.008637037037037037,0.4995148148148148,0.5025344448919726,0.12206651095539985,0.0,
bp_fs200_legacy_abs,/home/test/bupt_hjk/sdp_dataset/xrf55/wifi/01_21_04.npy,1000,float64,0.0,0.4932,0.0,0.010562962962962963,0.5068,0.509949181939284,0.14682460238015793,0.0,
bp_fs200_legacy_abs,/home/test/bupt_hjk/sdp_dataset/xrf55/wifi/01_21_05.npy,1000,float64,0.0,0.4789962962962963,0.0,0.010066666666666666,0.5210037037037037,0.5271986353297953,0.1415304193081971,0.0,
bp_fs200_legacy_abs,/home/test/bupt_hjk/sdp_dataset/xrf55/wifi/01_21_06.npy,1000,float64,0.0,0.47487407407407406,0.0,0.009622222222222223,0.5251259259259259,0.5321439405430002,0.1384124865606347,0.0,
bp_fs200_legacy_abs,/home/test/bupt_hjk/sdp_dataset/xrf55/wifi/01_21_07.npy,1000,float64,0.0,0.48196666666666665,0.0,0.010281481481481482,0.5180333333333333,0.5240410261842697,0.1451191932673414,0.0,
bp_fs200_legacy_abs,/home/test/bupt_hjk/sdp_dataset/xrf55/wifi/01_21_08.npy,1000,float64,0.0,0.5109777777777778,0.0,0.009207407407407407,0.48902222222222225,0.48679093520102895,0.12803544285025767,0.0,
bp_fs200_legacy_abs,/home/test/bupt_hjk/sdp_dataset/xrf55/wifi/01_21_09.npy,1000,float64,0.0,0.49426296296296296,0.0,0.011355555555555556,0.505737037037037,0.5089883989832388,0.14772550328105882,0.0,
bp_fs200_legacy_abs,/home/test/bupt_hjk/sdp_dataset/xrf55/wifi/01_21_10.npy,1000,float64,0.0,0.5039111111111111,0.0,0.00845925925925926,0.4960888888888889,0.49731803959300874,0.11553775998220443,0.0,
bp_fs200_legacy_abs,/home/test/bupt_hjk/sdp_dataset/xrf55/wifi/01_21_11.npy,1000,float64,0.0,0.5069925925925926,0.0,0.009029629629629629,0.4930074074074074,0.49284218864935214,0.13287732176621064,0.0,
bp_fs200_legacy_abs,/home/test/bupt_hjk/sdp_dataset/xrf55/wifi/01_21_12.npy,1000,float64,0.0,0.4982740740740741,0.0,0.010244444444444445,0.5017259259259259,0.5051619348930148,0.13437882326771217,0.0,
bp_fs200_legacy_abs,/home/test/bupt_hjk/sdp_dataset/xrf55/wifi/01_21_13.npy,1000,float64,0.0,0.49066296296296297,0.0,0.01017037037037037,0.509337037037037,0.5111467083711343,0.1389315241167093,0.0,
bp_fs200_legacy_abs,/home/test/bupt_hjk/sdp_dataset/xrf55/wifi/01_21_14.npy,1000,float64,0.0,0.493062962962963,0.0,0.009911111111111112,0.5069370370370371,0.5099319799591202,0.1308641975308642,0.0,
bp_fs200_legacy_abs,/home/test/bupt_hjk/sdp_dataset/xrf55/wifi/01_21_15.npy,1000,float64,0.0,0.5086703703703703,0.0,0.00942962962962963,0.4913296296296296,0.4894809970776352,0.12487672858043228,0.0,
bp_fs200_legacy_abs,/home/test/bupt_hjk/sdp_dataset/xrf55/wifi/01_21_16.npy,1000,float64,0.0,0.49665185185185184,0.0,0.009911111111111112,0.5033481481481481,0.5039038035990147,0.13926519111704297,0.0,
bp_fs200_legacy_abs,/home/test/bupt_hjk/sdp_dataset/xrf55/wifi/01_21_17.npy,1000,float64,0.0,0.5125444444444445,0.0,0.009266666666666666,0.48745555555555553,0.48649640421129087,0.13455307159010862,0.0,
bp_fs200_legacy_abs,/home/test/bupt_hjk/sdp_dataset/xrf55/wifi/01_21_18.npy,1000,float64,0.0,0.48624814814814815,0.0,0.009266666666666666,0.5137518518518519,0.5145251501854956,0.128661995328662,0.0,
bp_fs200_legacy_abs,/home/test/bupt_hjk/sdp_dataset/xrf55/wifi/01_21_19.npy,1000,float64,0.0,0.49993333333333334,0.0,0.010948148148148148,0.5000666666666667,0.5027275781748444,0.14432580728877026,0.0,
bp_fs200_legacy_abs,/home/test/bupt_hjk/sdp_dataset/xrf55/wifi/01_21_20.npy,1000,float64,0.0,0.5012185185185185,0.0,0.010014814814814815,0.4987814814814815,0.5015965013165461,0.13160938716494272,0.0,
bp_fs200_legacy_abs,/home/test/bupt_hjk/sdp_dataset/xrf55/wifi/01_22_01.npy,1000,float64,0.0,0.5113222222222222,0.0,0.007740740740740741,0.48867777777777777,0.4886498493746767,0.1231379527675824,0.0,
bp_fs200_legacy_abs,/home/test/bupt_hjk/sdp_dataset/xrf55/wifi/01_22_02.npy,1000,float64,0.0,0.49515555555555557,0.0,0.007251851851851852,0.5048444444444444,0.5075616592354026,0.1131909687465243,0.0,
bp_fs200_legacy_abs,/home/test/bupt_hjk/sdp_dataset/xrf55/wifi/01_22_03.npy,1000,float64,0.0,0.4943925925925926,0.0,0.007896296296296297,0.5056074074074074,0.5060334464446034,0.12085418752085418,0.0,
bp_fs200_legacy_abs,/home/test/bupt_hjk/sdp_dataset/xrf55/wifi/01_22_04.npy,1000,float64,0.0,0.49973703703703704,0.0,0.007637037037037037,0.5002629629629629,0.5035323557684972,0.12188114039965892,0.0,
bp_fs200_legacy_abs,/home/test/bupt_hjk/sdp_dataset/xrf55/wifi/01_22_05.npy,1000,float64,0.0,0.4959,0.0,0.006348148148148148,0.5041,0.5084750930983355,0.10716642568494421,0.0,
bp_fs200_legacy_abs,/home/test/bupt_hjk/sdp_dataset/xrf55/wifi/01_22_06.npy,1000,float64,0.0,0.5054185185185185,0.0,0.006733333333333333,0.49458148148148146,0.4969523795029449,0.09946984021058095,0.0,
bp_fs200_legacy_abs,/home/test/bupt_hjk/sdp_dataset/xrf55/wifi/01_22_07.npy,1000,float64,0.0,0.5023481481481481,0.0,0.00677037037037037,0.49765185185185185,0.5002213218018999,0.10559819078337597,0.0,
bp_fs200_legacy_abs,/home/test/bupt_hjk/sdp_dataset/xrf55/wifi/01_22_08.npy,1000,float64,0.0,0.49854444444444446,0.0,0.007074074074074074,0.5014555555555555,0.5050687314657256,0.10334779223668113,0.0,
bp_fs200_legacy_abs,/home/test/bupt_hjk/sdp_dataset/xrf55/wifi/01_22_09.npy,1000,float64,0.0,0.4904222222222222,0.0,0.006985185185185185,0.5095777777777778,0.514658128909499,0.10626923219515812,0.0,
bp_fs200_legacy_abs,/home/test/bupt_hjk/sdp_dataset/xrf55/wifi/01_22_10.npy,1000,float64,0.0,0.4935703703703704,0.0,0.006866666666666667,0.5064296296296297,0.5109426334993716,0.10593556519482446,0.0,
bp_fs200_legacy_abs,/home/test/bupt_hjk/sdp_dataset/xrf55/wifi/01_22_11.npy,1000,float64,0.0,0.5020518518518519,0.0,0.006155555555555556,0.49794814814814814,0.5009932083467338,0.09823156489823157,0.0,
bp_fs200_legacy_abs,/home/test/bupt_hjk/sdp_dataset/xrf55/wifi/01_22_12.npy,1000,float64,0.0,0.4938037037037037,0.0,0.007518518518518518,0.5061962962962963,0.5090565707257821,0.11199347495643792,0.0,
bp_fs200_legacy_abs,/home/test/bupt_hjk/sdp_dataset/xrf55/wifi/01_22_13.npy,1000,float64,0.0,0.497,0.0,0.006837037037037037,0.503,0.5030492339729288,0.1140510881251622,0.0,
bp_fs200_legacy_abs,/home/test/bupt_hjk/sdp_dataset/xrf55/wifi/01_22_14.npy,1000,float64,0.0,0.4911,0.0,0.0071111111111111115,0.5089,0.5108099521154675,0.09989619248878508,0.0,
bp_fs200_legacy_abs,/home/test/bupt_hjk/sdp_dataset/xrf55/wifi/01_22_15.npy,1000,float64,0.0,0.49244074074074073,0.0,0.007807407407407407,0.5075592592592593,0.5106005716818759,0.11524116709301895,0.0,
bp_fs200_legacy_abs,/home/test/bupt_hjk/sdp_dataset/xrf55/wifi/01_22_16.npy,1000,float64,0.0,0.49145925925925926,0.0,0.007148148148148148,0.5085407407407407,0.5133250862885244,0.11276832387943499,0.0,
bp_fs200_legacy_abs,/home/test/bupt_hjk/sdp_dataset/xrf55/wifi/01_22_17.npy,1000,float64,0.0,0.4966851851851852,0.0,0.006296296296296296,0.5033148148148148,0.5070595201044505,0.10057094131168205,0.0,
bp_fs200_legacy_abs,/home/test/bupt_hjk/sdp_dataset/xrf55/wifi/01_22_18.npy,1000,float64,0.0,0.4969074074074074,0.0,0.0070888888888888885,0.5030925925925926,0.5049995843127177,0.1091091091091091,0.0,
bp_fs200_legacy_abs,/home/test/bupt_hjk/sdp_dataset/xrf55/wifi/01_22_19.npy,1000,float64,0.0,0.4728777777777778,0.0,0.007281481481481482,0.5271222222222223,0.531816381857504,0.10295109924739554,0.0,
bp_fs200_legacy_abs,/home/test/bupt_hjk/sdp_dataset/xrf55/wifi/01_22_20.npy,1000,float64,0.0,0.4966037037037037,0.0,0.0071111111111111115,0.5033962962962963,0.5053000584258409,0.10796351907463018,0.0,
bp_fs200_legacy_abs,/home/test/bupt_hjk/sdp_dataset/xrf55/wifi/01_23_01.npy,1000,float64,0.0,0.5092629629629629,0.0,0.010659259259259259,0.490737037037037,0.4901424191739611,0.14535276016757498,0.0,
bp_fs200_legacy_abs,/home/test/bupt_hjk/sdp_dataset/xrf55/wifi/01_23_02.npy,1000,float64,0.0,0.4967111111111111,0.0,0.008755555555555556,0.5032888888888889,0.5036052599721567,0.1261594928261595,0.0,
bp_fs200_legacy_abs,/home/test/bupt_hjk/sdp_dataset/xrf55/wifi/01_23_03.npy,1000,float64,0.0,0.49674814814814816,0.0,0.008866666666666667,0.5032518518518518,0.5050626780518128,0.1386534682830979,0.0,
bp_fs200_legacy_abs,/home/test/bupt_hjk/sdp_dataset/xrf55/wifi/01_23_04.npy,1000,float64,0.0,0.510425925925926,0.0,0.009748148148148148,0.48957407407407405,0.48840237368208794,0.14368813257702145,0.0,
bp_fs200_legacy_abs,/home/test/bupt_hjk/sdp_dataset/xrf55/wifi/01_23_05.npy,1000,float64,0.0,0.4933037037037037,0.0,0.009644444444444445,0.5066962962962963,0.5080323292601336,0.14526007488970452,0.0,
bp_fs200_legacy_abs,/home/test/bupt_hjk/sdp_dataset/xrf55/wifi/01_23_06.npy,1000,float64,0.0,0.508237037037037,0.0,0.010548148148148149,0.49176296296296296,0.4898426345224105,0.14156378600823044,0.0,
bp_fs200_legacy_abs,/home/test/bupt_hjk/sdp_dataset/xrf55/wifi/01_23_07.npy,1000,float64,0.0,0.501762962962963,0.0,0.010081481481481481,0.49823703703703703,0.49830367148982396,0.1420939457976495,0.0,
bp_fs200_legacy_abs,/home/test/bupt_hjk/sdp_dataset/xrf55/wifi/01_23_08.npy,1000,float64,0.0,0.5029740740740741,0.0,0.011133333333333334,0.4970259259259259,0.4972078847949823,0.1454380306232158,0.0,
bp_fs200_legacy_abs,/home/test/bupt_hjk/sdp_dataset/xrf55/wifi/01_23_09.npy,1000,float64,0.0,0.5052222222222222,0.0,0.009585185185185184,0.49477777777777776,0.4949675849350748,0.1321469617765914,0.0,
bp_fs200_legacy_abs,/home/test/bupt_hjk/sdp_dataset/xrf55/wifi/01_23_10.npy,1000,float64,0.0,0.49622222222222223,0.0,0.010562962962962963,0.5037777777777778,0.5044341789031664,0.14208282356430504,0.0,
bp_fs200_legacy_abs,/home/test/bupt_hjk/sdp_dataset/xrf55/wifi/01_23_11.npy,1000,float64,0.0,0.5001407407407408,0.0,0.010288888888888889,0.4998592592592593,0.5033757093951202,0.1389500611722834,0.0,
bp_fs200_legacy_abs,/home/test/bupt_hjk/sdp_dataset/xrf55/wifi/01_23_12.npy,1000,float64,0.0,0.4971888888888889,0.0,0.0086,0.5028111111111111,0.5028004450334345,0.13091610128647166,0.0,
bp_fs200_legacy_abs,/home/test/bupt_hjk/sdp_dataset/xrf55/wifi/01_23_13.npy,1000,float64,0.0,0.5071037037037037,0.0,0.008851851851851852,0.4928962962962963,0.49380479785679493,0.13708152597041487,0.0,
bp_fs200_legacy_abs,/home/test/bupt_hjk/sdp_dataset/xrf55/wifi/01_23_14.npy,1000,float64,0.0,0.5086,0.0,0.010525925925925926,0.4914,0.4915397663237543,0.1526007488970452,0.0,
bp_fs200_legacy_abs,/home/test/bupt_hjk/sdp_dataset/xrf55/wifi/01_23_15.npy,1000,float64,0.0,0.5004074074074074,0.0,0.008214814814814815,0.4995925925925926,0.5032849364101668,0.1304081859637415,0.0,
bp_fs200_legacy_abs,/home/test/bupt_hjk/sdp_dataset/xrf55/wifi/01_23_16.npy,1000,float64,0.0,0.4961814814814815,0.0,0.009614814814814816,0.5038185185185186,0.5062272744670264,0.13860897934972008,0.0,
bp_fs200_legacy_abs,/home/test/bupt_hjk/sdp_dataset/xrf55/wifi/01_23_17.npy,1000,float64,0.0,0.5061148148148148,0.0,0.00942962962962963,0.4938851851851852,0.49623674634484183,0.13646238831424018,0.0,
bp_fs200_legacy_abs,/home/test/bupt_hjk/sdp_dataset/xrf55/wifi/01_23_18.npy,1000,float64,0.0,0.5038333333333334,0.0,0.008911111111111111,0.49616666666666664,0.49886775276423845,0.1350127905683461,0.0,
bp_fs200_legacy_abs,/home/test/bupt_hjk/sdp_dataset/xrf55/wifi/01_23_19.npy,1000,float64,0.0,0.4959703703703704,0.0,0.008614814814814815,0.5040296296296296,0.5075636761288559,0.12859155451748044,0.0,
bp_fs200_legacy_abs,/home/test/bupt_hjk/sdp_dataset/xrf55/wifi/01_23_20.npy,1000,float64,0.0,0.510425925925926,0.0,0.008118518518518518,0.48957407407407405,0.48977061611374406,0.12788714640566493,0.0,
bp_fs200_legacy_abs,/home/test/bupt_hjk/sdp_dataset/xrf55/wifi/01_24_01.npy,1000,float64,0.0,0.5207962962962963,0.0,0.00702962962962963,0.4792037037037037,0.4802679806231721,0.1080858636414192,0.0,
bp_fs200_legacy_abs,/home/test/bupt_hjk/sdp_dataset/xrf55/wifi/01_24_02.npy,1000,float64,0.0,0.5017111111111111,0.0,0.006037037037037037,0.4982888888888889,0.4987804464282348,0.11516701887072257,0.0,
bp_fs200_legacy_abs,/home/test/bupt_hjk/sdp_dataset/xrf55/wifi/01_24_03.npy,1000,float64,0.0,0.5130888888888889,0.0,0.007459259259259259,0.48691111111111113,0.48423440368352944,0.1202572943313684,0.0,
bp_fs200_legacy_abs,/home/test/bupt_hjk/sdp_dataset/xrf55/wifi/01_24_04.npy,1000,float64,0.0,0.495,0.0,0.00637037037037037,0.505,0.5059154057330156,0.1130908686464242,0.0,
bp_fs200_legacy_abs,/home/test/bupt_hjk/sdp_dataset/xrf55/wifi/01_24_05.npy,1000,float64,0.0,0.5117481481481482,0.0,0.007074074074074074,0.4882518518518518,0.4885153746697397,0.10900159418677938,0.0,
bp_fs200_legacy_abs,/home/test/bupt_hjk/sdp_dataset/xrf55/wifi/01_24_06.npy,1000,float64,0.0,0.4936407407407407,0.0,0.0066518518518518515,0.5063592592592593,0.5061659277072218,0.11515960404849293,0.0,
bp_fs200_legacy_abs,/home/test/bupt_hjk/sdp_dataset/xrf55/wifi/01_24_07.npy,1000,float64,0.0,0.49343333333333333,0.0,0.006666666666666667,0.5065666666666667,0.5065652503964705,0.11051051051051052,0.0,
bp_fs200_legacy_abs,/home/test/bupt_hjk/sdp_dataset/xrf55/wifi/01_24_08.npy,1000,float64,0.0,0.5031814814814815,0.0,0.007081481481481481,0.4968185185185185,0.49599855993159675,0.11475549623697771,0.0,
bp_fs200_legacy_abs,/home/test/bupt_hjk/sdp_dataset/xrf55/wifi/01_24_09.npy,1000,float64,0.0,0.5024666666666666,0.0,0.006703703703703704,0.4975333333333333,0.49648232121604724,0.1195751306862418,0.0,
bp_fs200_legacy_abs,/home/test/bupt_hjk/sdp_dataset/xrf55/wifi/01_24_10.npy,1000,float64,0.0,0.5085703703703703,0.0,0.006266666666666667,0.4914296296296296,0.49216147732655624,0.11621621621621622,0.0,
bp_fs200_legacy_abs,/home/test/bupt_hjk/sdp_dataset/xrf55/wifi/01_24_11.npy,1000,float64,0.0,0.49398148148148147,0.0,0.006407407407407408,0.5060185185185185,0.5085622311934351,0.118815111407704,0.0,
bp_fs200_legacy_abs,/home/test/bupt_hjk/sdp_dataset/xrf55/wifi/01_24_12.npy,1000,float64,0.0,0.5027185185185186,0.0,0.006548148148148148,0.4972814814814815,0.4974450969654625,0.1200163126089052,0.0,
bp_fs200_legacy_abs,/home/test/bupt_hjk/sdp_dataset/xrf55/wifi/01_24_13.npy,1000,float64,0.0,0.49582592592592595,0.0,0.006933333333333333,0.5041740740740741,0.505145959496806,0.12105438772105438,0.0,
bp_fs200_legacy_abs,/home/test/bupt_hjk/sdp_dataset/xrf55/wifi/01_24_14.npy,1000,float64,0.0,0.5029703703703704,0.0,0.006629629629629629,0.49702962962962965,0.4971156776934453,0.12318985652318985,0.0,
bp_fs200_legacy_abs,/home/test/bupt_hjk/sdp_dataset/xrf55/wifi/01_24_15.npy,1000,float64,0.0,0.49293703703703706,0.0,0.006303703703703704,0.5070629629629629,0.5102796640121521,0.11648314981648315,0.0,
bp_fs200_legacy_abs,/home/test/bupt_hjk/sdp_dataset/xrf55/wifi/01_24_16.npy,1000,float64,0.0,0.4876037037037037,0.0,0.006807407407407407,0.5123962962962963,0.515301452493848,0.1170133096059022,0.0,
bp_fs200_legacy_abs,/home/test/bupt_hjk/sdp_dataset/xrf55/wifi/01_24_17.npy,1000,float64,0.0,0.48454444444444444,0.0,0.005844444444444445,0.5154555555555556,0.5194018742176664,0.1113298483668854,0.0,
bp_fs200_legacy_abs,/home/test/bupt_hjk/sdp_dataset/xrf55/wifi/01_24_18.npy,1000,float64,0.0,0.4898037037037037,0.0,0.006585185185185185,0.5101962962962963,0.5106599289463121,0.11485559633707781,0.0,
bp_fs200_legacy_abs,/home/test/bupt_hjk/sdp_dataset/xrf55/wifi/01_24_19.npy,1000,float64,0.0,0.5015851851851851,0.0,0.006607407407407407,0.4984148148148148,0.49948282452760895,0.11371000630259889,0.0,
bp_fs200_legacy_abs,/home/test/bupt_hjk/sdp_dataset/xrf55/wifi/01_24_20.npy,1000,float64,0.0,0.48338148148148147,0.0,0.006607407407407407,0.5166185185185185,0.518307968952037,0.11764727690653616,0.0,
bp_fs200_legacy_abs,/home/test/bupt_hjk/sdp_dataset/xrf55/wifi/01_25_01.npy,1000,float64,0.0,0.5047925925925926,0.0,0.008785185185185186,0.49520740740740743,0.4956302764316845,0.1298075853631409,0.0,
bp_fs200_legacy_abs,/home/test/bupt_hjk/sdp_dataset/xrf55/wifi/01_25_02.npy,1000,float64,0.0,0.5222814814814815,0.0,0.008881481481481482,0.47771851851851854,0.47487322918798464,0.13407110814518222,0.0,
bp_fs200_legacy_abs,/home/test/bupt_hjk/sdp_dataset/xrf55/wifi/01_25_03.npy,1000,float64,0.0,0.4972962962962963,0.0,0.009192592592592592,0.5027037037037037,0.5050719733550305,0.13411930448967485,0.0,
bp_fs200_legacy_abs,/home/test/bupt_hjk/sdp_dataset/xrf55/wifi/01_25_04.npy,1000,float64,0.0,0.5004407407407407,0.0,0.009177777777777778,0.49955925925925926,0.4996512773860966,0.13355948541133728,0.0,
bp_fs200_legacy_abs,/home/test/bupt_hjk/sdp_dataset/xrf55/wifi/01_25_05.npy,1000,float64,0.0,0.5041481481481481,0.0,0.009681481481481482,0.4958518518518519,0.49388479523070916,0.13839394950506062,0.0,
bp_fs200_legacy_abs,/home/test/bupt_hjk/sdp_dataset/xrf55/wifi/01_25_06.npy,1000,float64,0.0,0.5104777777777778,0.0,0.008266666666666667,0.48952222222222225,0.48881969135191516,0.1303674044414785,0.0,
bp_fs200_legacy_abs,/home/test/bupt_hjk/sdp_dataset/xrf55/wifi/01_25_07.npy,1000,float64,0.0,0.5027111111111111,0.0,0.010325925925925926,0.4972888888888889,0.4963991066137928,0.1418529640751863,0.0,
bp_fs200_legacy_abs,/home/test/bupt_hjk/sdp_dataset/xrf55/wifi/01_25_08.npy,1000,float64,0.0,0.4928296296296296,0.0,0.009118518518518519,0.5071703703703704,0.5088090391033548,0.13687761835909984,0.0,
bp_fs200_legacy_abs,/home/test/bupt_hjk/sdp_dataset/xrf55/wifi/01_25_09.npy,1000,float64,0.0,0.5114296296296297,0.0,0.009437037037037037,0.4885703703703704,0.48773215845645485,0.14185667148630113,0.0,
bp_fs200_legacy_abs,/home/test/bupt_hjk/sdp_dataset/xrf55/wifi/01_25_10.npy,1000,float64,0.0,0.4993148148148148,0.0,0.009222222222222222,0.5006851851851852,0.5002931202942698,0.14586438290141993,0.0,
bp_fs200_legacy_abs,/home/test/bupt_hjk/sdp_dataset/xrf55/wifi/01_25_11.npy,1000,float64,0.0,0.4978666666666667,0.0,0.00874074074074074,0.5021333333333333,0.5028914162847281,0.13117191265339415,0.0,
bp_fs200_legacy_abs,/home/test/bupt_hjk/sdp_dataset/xrf55/wifi/01_25_12.npy,1000,float64,0.0,0.5039518518518519,0.0,0.008066666666666666,0.4960481481481481,0.497310351572786,0.1252178104029956,0.0,
bp_fs200_legacy_abs,/home/test/bupt_hjk/sdp_dataset/xrf55/wifi/01_25_13.npy,1000,float64,0.0,0.4959777777777778,0.0,0.008785185185185186,0.5040222222222223,0.5064235250489096,0.1340636933229526,0.0,
bp_fs200_legacy_abs,/home/test/bupt_hjk/sdp_dataset/xrf55/wifi/01_25_14.npy,1000,float64,0.0,0.49295555555555554,0.0,0.00825925925925926,0.5070444444444444,0.5089497211332422,0.12686760834908983,0.0,
bp_fs200_legacy_abs,/home/test/bupt_hjk/sdp_dataset/xrf55/wifi/01_25_15.npy,1000,float64,0.0,0.5038925925925926,0.0,0.007451851851851852,0.4961074074074074,0.4962460991090139,0.1283654024394765,0.0,
bp_fs200_legacy_abs,/home/test/bupt_hjk/sdp_dataset/xrf55/wifi/01_25_16.npy,1000,float64,0.0,0.4992037037037037,0.0,0.008251851851851852,0.5007962962962963,0.499814545674751,0.13487190894598303,0.0,
bp_fs200_legacy_abs,/home/test/bupt_hjk/sdp_dataset/xrf55/wifi/01_25_17.npy,1000,float64,0.0,0.49496296296296294,0.0,0.009133333333333334,0.5050370370370371,0.5072249260894025,0.13610276943610278,0.0,
bp_fs200_legacy_abs,/home/test/bupt_hjk/sdp_dataset/xrf55/wifi/01_25_18.npy,1000,float64,0.0,0.5073592592592593,0.0,0.008118518518518518,0.49264074074074077,0.492455537514632,0.1378267156044934,0.0,
bp_fs200_legacy_abs,/home/test/bupt_hjk/sdp_dataset/xrf55/wifi/01_25_19.npy,1000,float64,0.0,0.5071444444444444,0.0,0.007585185185185185,0.49285555555555555,0.49181867559860587,0.13081970859748637,0.0,
bp_fs200_legacy_abs,/home/test/bupt_hjk/sdp_dataset/xrf55/wifi/01_25_20.npy,1000,float64,0.0,0.509425925925926,0.0,0.007466666666666667,0.49057407407407405,0.4888806886216271,0.1286582879175472,0.0,
bp_fs200_legacy_abs,/home/test/bupt_hjk/sdp_dataset/xrf55/wifi/01_26_01.npy,1000,float64,0.0,0.5046296296296297,0.0,0.008770370370370371,0.49537037037037035,0.49568713091248445,0.13309235161087013,0.0,
bp_fs200_legacy_abs,/home/test/bupt_hjk/sdp_dataset/xrf55/wifi/01_26_02.npy,1000,float64,0.0,0.5002592592592593,0.0,0.008903703703703704,0.49974074074074076,0.5030341587550161,0.13672561450339227,0.0,
bp_fs200_legacy_abs,/home/test/bupt_hjk/sdp_dataset/xrf55/wifi/01_26_03.npy,1000,float64,0.0,0.4991333333333333,0.0,0.010185185185185186,0.5008666666666667,0.5014180310271968,0.14829273718162608,0.0,
bp_fs200_legacy_abs,/home/test/bupt_hjk/sdp_dataset/xrf55/wifi/01_26_04.npy,1000,float64,0.0,0.4978592592592593,0.0,0.011051851851851853,0.5021407407407408,0.5048385518959146,0.14821117413710005,0.0,
bp_fs200_legacy_abs,/home/test/bupt_hjk/sdp_dataset/xrf55/wifi/01_26_05.npy,1000,float64,0.0,0.5158333333333334,0.0,0.009948148148148149,0.4841666666666667,0.48391897353382207,0.1443146850554258,0.0,
bp_fs200_legacy_abs,/home/test/bupt_hjk/sdp_dataset/xrf55/wifi/01_26_06.npy,1000,float64,0.0,0.509862962962963,0.0,0.010222222222222223,0.49013703703703704,0.4920984196839368,0.14272420568716865,0.0,
bp_fs200_legacy_abs,/home/test/bupt_hjk/sdp_dataset/xrf55/wifi/01_26_07.npy,1000,float64,0.0,0.5086333333333334,0.0,0.010066666666666666,0.4913666666666667,0.4913298707936532,0.13665888110332555,0.0,
bp_fs200_legacy_abs,/home/test/bupt_hjk/sdp_dataset/xrf55/wifi/01_26_08.npy,1000,float64,0.0,0.5026925925925926,0.0,0.010637037037037037,0.4973074074074074,0.4968784943994845,0.14774774774774774,0.0,
bp_fs200_legacy_abs,/home/test/bupt_hjk/sdp_dataset/xrf55/wifi/01_26_09.npy,1000,float64,0.0,0.4879925925925926,0.0,0.009237037037037037,0.5120074074074074,0.512808948222984,0.13635858080302524,0.0,
bp_fs200_legacy_abs,/home/test/bupt_hjk/sdp_dataset/xrf55/wifi/01_26_10.npy,1000,float64,0.0,0.5035703703703703,0.0,0.009718518518518519,0.4964296296296296,0.4980922571629811,0.1428539650761873,0.0,
bp_fs200_legacy_abs,/home/test/bupt_hjk/sdp_dataset/xrf55/wifi/01_26_11.npy,1000,float64,0.0,0.5080148148148148,0.0,0.009851851851851851,0.4919851851851852,0.4919601721629486,0.13474214955696437,0.0,
bp_fs200_legacy_abs,/home/test/bupt_hjk/sdp_dataset/xrf55/wifi/01_26_12.npy,1000,float64,0.0,0.5048777777777778,0.0,0.00917037037037037,0.49512222222222224,0.4947234976966002,0.12576650724798874,0.0,
bp_fs200_legacy_abs,/home/test/bupt_hjk/sdp_dataset/xrf55/wifi/01_26_13.npy,1000,float64,0.0,0.493,0.0,0.009014814814814814,0.507,0.5094557823129252,0.13333704074444816,0.0,
bp_fs200_legacy_abs,/home/test/bupt_hjk/sdp_dataset/xrf55/wifi/01_26_14.npy,1000,float64,0.0,0.49043333333333333,0.0,0.008681481481481481,0.5095666666666666,0.513347680409457,0.14232009787565342,0.0,
bp_fs200_legacy_abs,/home/test/bupt_hjk/sdp_dataset/xrf55/wifi/01_26_15.npy,1000,float64,0.0,0.496662962962963,0.0,0.009414814814814815,0.503337037037037,0.504491543663695,0.1481184888592296,0.0,
bp_fs200_legacy_abs,/home/test/bupt_hjk/sdp_dataset/xrf55/wifi/01_26_16.npy,1000,float64,0.0,0.505425925925926,0.0,0.010725925925925925,0.49457407407407405,0.49593988148843265,0.14739554369184,0.0,
bp_fs200_legacy_abs,/home/test/bupt_hjk/sdp_dataset/xrf55/wifi/01_26_17.npy,1000,float64,0.0,0.48915185185185184,0.0,0.011103703703703704,0.5108481481481482,0.5125168430455255,0.1478218959700441,0.0,
bp_fs200_legacy_abs,/home/test/bupt_hjk/sdp_dataset/xrf55/wifi/01_26_18.npy,1000,float64,0.0,0.49255925925925925,0.0,0.009377777777777778,0.5074407407407407,0.5119151261612679,0.1342898454009565,0.0,
bp_fs200_legacy_abs,/home/test/bupt_hjk/sdp_dataset/xrf55/wifi/01_26_19.npy,1000,float64,0.0,0.504562962962963,0.0,0.009392592592592593,0.49543703703703706,0.49664381685633135,0.14049605160716272,0.0,
bp_fs200_legacy_abs,/home/test/bupt_hjk/sdp_dataset/xrf55/wifi/01_26_20.npy,1000,float64,0.0,0.49794814814814814,0.0,0.010407407407407407,0.5020518518518519,0.5060414487348585,0.14872650428205983,0.0,
bp_fs200_legacy_abs,/home/test/bupt_hjk/sdp_dataset/xrf55/wifi/01_27_01.npy,1000,float64,0.0,0.503337037037037,0.0,0.007792592592592592,0.496662962962963,0.49587463999071185,0.14949023097171246,0.0,
bp_fs200_legacy_abs,/home/test/bupt_hjk/sdp_dataset/xrf55/wifi/01_27_02.npy,1000,float64,0.0,0.5006592592592592,0.0,0.008622222222222222,0.49934074074074075,0.4992110756730218,0.16049011974937902,0.0,
bp_fs200_legacy_abs,/home/test/bupt_hjk/sdp_dataset/xrf55/wifi/01_27_03.npy,1000,float64,0.0,0.49977777777777777,0.0,0.007933333333333334,0.5002222222222222,0.5007776573073616,0.1431950468987506,0.0,
bp_fs200_legacy_abs,/home/test/bupt_hjk/sdp_dataset/xrf55/wifi/01_27_04.npy,1000,float64,0.0,0.5053481481481481,0.0,0.008844444444444445,0.49465185185185184,0.4939517786029692,0.16061617172728285,0.0,
bp_fs200_legacy_abs,/home/test/bupt_hjk/sdp_dataset/xrf55/wifi/01_27_05.npy,1000,float64,0.0,0.5186444444444445,0.0,0.007829629629629629,0.48135555555555554,0.4809230861342494,0.15548511474437401,0.0,
bp_fs200_legacy_abs,/home/test/bupt_hjk/sdp_dataset/xrf55/wifi/01_27_06.npy,1000,float64,0.0,0.5027592592592592,0.0,0.008659259259259259,0.49724074074074076,0.4969462137164186,0.16480554628702776,0.0,
bp_fs200_legacy_abs,/home/test/bupt_hjk/sdp_dataset/xrf55/wifi/01_27_07.npy,1000,float64,0.0,0.5134592592592593,0.0,0.009385185185185186,0.4865407407407407,0.4845498274600021,0.16476476476476476,0.0,
bp_fs200_legacy_abs,/home/test/bupt_hjk/sdp_dataset/xrf55/wifi/01_27_08.npy,1000,float64,0.0,0.5102703703703704,0.0,0.008311111111111111,0.4897296296296296,0.4882968537275026,0.15050606161717273,0.0,
bp_fs200_legacy_abs,/home/test/bupt_hjk/sdp_dataset/xrf55/wifi/01_27_09.npy,1000,float64,0.0,0.5000777777777777,0.0,0.008955555555555555,0.4999222222222222,0.4998035010498658,0.16244392540688837,0.0,
bp_fs200_legacy_abs,/home/test/bupt_hjk/sdp_dataset/xrf55/wifi/01_27_10.npy,1000,float64,0.0,0.5151851851851852,0.0,0.007614814814814815,0.4848148148148148,0.4851272903073481,0.14513773032291552,0.0,
bp_fs200_legacy_abs,/home/test/bupt_hjk/sdp_dataset/xrf55/wifi/01_27_11.npy,1000,float64,0.0,0.5178814814814815,0.0,0.008311111111111111,0.4821185185185185,0.4801237738328083,0.1566863159455752,0.0,
bp_fs200_legacy_abs,/home/test/bupt_hjk/sdp_dataset/xrf55/wifi/01_27_12.npy,1000,float64,0.0,0.5013,0.0,0.008688888888888888,0.4987,0.49796812793852224,0.1553442331220109,0.0,
bp_fs200_legacy_abs,/home/test/bupt_hjk/sdp_dataset/xrf55/wifi/01_27_13.npy,1000,float64,0.0,0.4949,0.0,0.009355555555555556,0.5051,0.5050408785799243,0.16162088013939865,0.0,
bp_fs200_legacy_abs,/home/test/bupt_hjk/sdp_dataset/xrf55/wifi/01_27_14.npy,1000,float64,0.0,0.5091740740740741,0.0,0.009755555555555556,0.49082592592592594,0.48960745943073947,0.1738367997627257,0.0,
bp_fs200_legacy_abs,/home/test/bupt_hjk/sdp_dataset/xrf55/wifi/01_27_15.npy,1000,float64,0.0,0.4918148148148148,0.0,0.008755555555555556,0.5081851851851852,0.5084728647670196,0.16149853557260965,0.0,
bp_fs200_legacy_abs,/home/test/bupt_hjk/sdp_dataset/xrf55/wifi/01_27_16.npy,1000,float64,0.0,0.5160407407407407,0.0,0.008785185185185186,0.48395925925925926,0.48436327525638107,0.1590071553034516,0.0,
bp_fs200_legacy_abs,/home/test/bupt_hjk/sdp_dataset/xrf55/wifi/01_27_17.npy,1000,float64,0.0,0.5111148148148148,0.0,0.008088888888888889,0.4888851851851852,0.48944225571745054,0.15422830237645052,0.0,
bp_fs200_legacy_abs,/home/test/bupt_hjk/sdp_dataset/xrf55/wifi/01_27_18.npy,1000,float64,0.0,0.49812222222222224,0.0,0.008674074074074074,0.5018777777777778,0.5010203737750835,0.1569458347236125,0.0,
bp_fs200_legacy_abs,/home/test/bupt_hjk/sdp_dataset/xrf55/wifi/01_27_19.npy,1000,float64,0.0,0.5038111111111111,0.0,0.008311111111111111,0.4961888888888889,0.4959479426294345,0.1569495421347273,0.0,
bp_fs200_legacy_abs,/home/test/bupt_hjk/sdp_dataset/xrf55/wifi/01_27_20.npy,1000,float64,0.0,0.5081592592592593,0.0,0.008814814814814815,0.49184074074074075,0.48946299613674354,0.1618507396285174,0.0,
bp_fs200_legacy_abs,/home/test/bupt_hjk/sdp_dataset/xrf55/wifi/01_28_01.npy,1000,float64,0.0,0.48935185185185187,0.0,0.006703703703703704,0.5106481481481482,0.5151527712877406,0.11057353649946243,0.0,
bp_fs200_legacy_abs,/home/test/bupt_hjk/sdp_dataset/xrf55/wifi/01_28_02.npy,1000,float64,0.0,0.49245555555555554,0.0,0.006185185185185185,0.5075444444444445,0.5096496102608774,0.10301783264746228,0.0,
bp_fs200_legacy_abs,/home/test/bupt_hjk/sdp_dataset/xrf55/wifi/01_28_03.npy,1000,float64,0.0,0.48235925925925927,0.0,0.0052370370370370374,0.5176407407407407,0.5174853446533253,0.09288177065954843,0.0,
bp_fs200_legacy_abs,/home/test/bupt_hjk/sdp_dataset/xrf55/wifi/01_28_04.npy,1000,float64,0.0,0.4926888888888889,0.0,0.005622222222222222,0.5073111111111112,0.5107827535992554,0.09845400956512068,0.0,
bp_fs200_legacy_abs,/home/test/bupt_hjk/sdp_dataset/xrf55/wifi/01_28_05.npy,1000,float64,0.0,0.488062962962963,0.0,0.006614814814814815,0.5119370370370371,0.5155297456380071,0.10503095688280874,0.0,
bp_fs200_legacy_abs,/home/test/bupt_hjk/sdp_dataset/xrf55/wifi/01_28_06.npy,1000,float64,0.0,0.4764037037037037,0.0,0.005688888888888889,0.5235962962962963,0.5245895474680926,0.09333778222667112,0.0,
bp_fs200_legacy_abs,/home/test/bupt_hjk/sdp_dataset/xrf55/wifi/01_28_07.npy,1000,float64,0.0,0.49044444444444446,0.0,0.006562962962962963,0.5095555555555555,0.5111932881526293,0.1021021021021021,0.0,
bp_fs200_legacy_abs,/home/test/bupt_hjk/sdp_dataset/xrf55/wifi/01_28_08.npy,1000,float64,0.0,0.4854185185185185,0.0,0.006251851851851852,0.5145814814814815,0.5167177821877443,0.11193415637860082,0.0,
bp_fs200_legacy_abs,/home/test/bupt_hjk/sdp_dataset/xrf55/wifi/01_28_09.npy,1000,float64,0.0,0.47630370370370373,0.0,0.005148148148148148,0.5236962962962963,0.5276481646531902,0.09340822303785266,0.0,
bp_fs200_legacy_abs,/home/test/bupt_hjk/sdp_dataset/xrf55/wifi/01_28_10.npy,1000,float64,0.0,0.46899259259259257,0.0,0.0056962962962962965,0.5310074074074074,0.5350544070868333,0.0974789604419234,0.0,
bp_fs200_legacy_abs,/home/test/bupt_hjk/sdp_dataset/xrf55/wifi/01_28_11.npy,1000,float64,0.0,0.48815555555555556,0.0,0.0051333333333333335,0.5118444444444444,0.5119832583792638,0.09620361101842584,0.0,
bp_fs200_legacy_abs,/home/test/bupt_hjk/sdp_dataset/xrf55/wifi/01_28_12.npy,1000,float64,0.0,0.48566296296296296,0.0,0.0054666666666666665,0.514337037037037,0.5175697742074739,0.09470952433915397,0.0,
bp_fs200_legacy_abs,/home/test/bupt_hjk/sdp_dataset/xrf55/wifi/01_28_13.npy,1000,float64,0.0,0.4813777777777778,0.0,0.005955555555555556,0.5186222222222222,0.5236933196176632,0.10181292403514626,0.0,
bp_fs200_legacy_abs,/home/test/bupt_hjk/sdp_dataset/xrf55/wifi/01_28_14.npy,1000,float64,0.0,0.4978592592592593,0.0,0.006103703703703704,0.5021407407407408,0.5050206177018236,0.10132354576799021,0.0,
bp_fs200_legacy_abs,/home/test/bupt_hjk/sdp_dataset/xrf55/wifi/01_28_15.npy,1000,float64,0.0,0.49982592592592595,0.0,0.0058222222222222226,0.5001740740740741,0.5009312525346591,0.10316612909205501,0.0,
bp_fs200_legacy_abs,/home/test/bupt_hjk/sdp_dataset/xrf55/wifi/01_28_16.npy,1000,float64,0.0,0.4887185185185185,0.0,0.005985185185185185,0.5112814814814814,0.5148522685314264,0.10402624847069292,0.0,
bp_fs200_legacy_abs,/home/test/bupt_hjk/sdp_dataset/xrf55/wifi/01_28_17.npy,1000,float64,0.0,0.49368518518518517,0.0,0.005118518518518519,0.5063148148148148,0.5093049053340102,0.09485040596151707,0.0,
bp_fs200_legacy_abs,/home/test/bupt_hjk/sdp_dataset/xrf55/wifi/01_28_18.npy,1000,float64,0.0,0.49212222222222224,0.0,0.0061333333333333335,0.5078777777777778,0.5086699968308106,0.10588736885033181,0.0,
bp_fs200_legacy_abs,/home/test/bupt_hjk/sdp_dataset/xrf55/wifi/01_28_19.npy,1000,float64,0.0,0.4855185185185185,0.0,0.005525925925925926,0.5144814814814814,0.5181311960135384,0.10486412338264191,0.0,
bp_fs200_legacy_abs,/home/test/bupt_hjk/sdp_dataset/xrf55/wifi/01_28_20.npy,1000,float64,0.0,0.4939703703703704,0.0,0.006111111111111111,0.5060296296296296,0.5046791947117194,0.11180439698958218,0.0,
bp_fs200_legacy_abs,/home/test/bupt_hjk/sdp_dataset/xrf55/wifi/01_29_01.npy,1000,float64,0.0,0.5083111111111112,0.0,0.010918518518518518,0.4916888888888889,0.49152131036395574,0.15453231008786564,0.0,
bp_fs200_legacy_abs,/home/test/bupt_hjk/sdp_dataset/xrf55/wifi/01_29_02.npy,1000,float64,0.0,0.5003407407407408,0.0,0.007466666666666667,0.49965925925925925,0.49962534406217407,0.11659066473881288,0.0,
bp_fs200_legacy_abs,/home/test/bupt_hjk/sdp_dataset/xrf55/wifi/01_29_03.npy,1000,float64,0.0,0.5029407407407407,0.0,0.007911111111111112,0.49705925925925926,0.4980881814510193,0.12404626849071293,0.0,
bp_fs200_legacy_abs,/home/test/bupt_hjk/sdp_dataset/xrf55/wifi/01_29_04.npy,1000,float64,0.0,0.49855925925925926,0.0,0.008785185185185186,0.5014407407407407,0.5006648407223466,0.13235457679902124,0.0,
bp_fs200_legacy_abs,/home/test/bupt_hjk/sdp_dataset/xrf55/wifi/01_29_05.npy,1000,float64,0.0,0.49777037037037036,0.0,0.007585185185185185,0.5022296296296296,0.5049077479604656,0.11949727505283061,0.0,
bp_fs200_legacy_abs,/home/test/bupt_hjk/sdp_dataset/xrf55/wifi/01_29_06.npy,1000,float64,0.0,0.48711481481481483,0.0,0.0077777777777777776,0.5128851851851852,0.5129268541195738,0.11690950209468728,0.0,
bp_fs200_legacy_abs,/home/test/bupt_hjk/sdp_dataset/xrf55/wifi/01_29_07.npy,1000,float64,0.0,0.49873703703703703,0.0,0.007785185185185185,0.5012629629629629,0.504554160700861,0.12127312497682868,0.0,
bp_fs200_legacy_abs,/home/test/bupt_hjk/sdp_dataset/xrf55/wifi/01_29_08.npy,1000,float64,0.0,0.5038259259259259,0.0,0.00742962962962963,0.4961740740740741,0.4980208341202154,0.12355318281244207,0.0,
bp_fs200_legacy_abs,/home/test/bupt_hjk/sdp_dataset/xrf55/wifi/01_29_09.npy,1000,float64,0.0,0.5045888888888889,0.0,0.007962962962962963,0.49541111111111114,0.4971771321177951,0.12503243984725465,0.0,
bp_fs200_legacy_abs,/home/test/bupt_hjk/sdp_dataset/xrf55/wifi/01_29_10.npy,1000,float64,0.0,0.4907259259259259,0.0,0.00845925925925926,0.5092740740740741,0.5121744397334949,0.13353724094464836,0.0,
bp_fs200_legacy_abs,/home/test/bupt_hjk/sdp_dataset/xrf55/wifi/01_29_11.npy,1000,float64,0.0,0.5007962962962963,0.0,0.007911111111111112,0.4992037037037037,0.5028823886245799,0.1265598932265599,0.0,
bp_fs200_legacy_abs,/home/test/bupt_hjk/sdp_dataset/xrf55/wifi/01_29_12.npy,1000,float64,0.0,0.47852222222222224,0.0,0.00811111111111111,0.5214777777777778,0.5250718183338147,0.12315278241204167,0.0,
bp_fs200_legacy_abs,/home/test/bupt_hjk/sdp_dataset/xrf55/wifi/01_29_13.npy,1000,float64,0.0,0.4907888888888889,0.0,0.008333333333333333,0.5092111111111111,0.51167217258695,0.1309235161087013,0.0,
bp_fs200_legacy_abs,/home/test/bupt_hjk/sdp_dataset/xrf55/wifi/01_29_14.npy,1000,float64,0.0,0.502774074074074,0.0,0.00885925925925926,0.4972259259259259,0.49722662741199947,0.1348904460015571,0.0,
bp_fs200_legacy_abs,/home/test/bupt_hjk/sdp_dataset/xrf55/wifi/01_29_15.npy,1000,float64,0.0,0.5016592592592592,0.0,0.008992592592592592,0.49834074074074075,0.4996335640242981,0.1354280206132058,0.0,
bp_fs200_legacy_abs,/home/test/bupt_hjk/sdp_dataset/xrf55/wifi/01_29_16.npy,1000,float64,0.0,0.5030037037037037,0.0,0.007681481481481482,0.49699629629629627,0.49883627232352007,0.11600489378267156,0.0,
bp_fs200_legacy_abs,/home/test/bupt_hjk/sdp_dataset/xrf55/wifi/01_29_17.npy,1000,float64,0.0,0.49704814814814813,0.0,0.0076740740740740745,0.5029518518518519,0.5054040202292752,0.12817632447262076,0.0,
bp_fs200_legacy_abs,/home/test/bupt_hjk/sdp_dataset/xrf55/wifi/01_29_18.npy,1000,float64,0.0,0.49362222222222224,0.0,0.007948148148148149,0.5063777777777778,0.5088207809502912,0.13065287509731954,0.0,
bp_fs200_legacy_abs,/home/test/bupt_hjk/sdp_dataset/xrf55/wifi/01_29_19.npy,1000,float64,0.0,0.5027962962962963,0.0,0.006985185185185185,0.4972037037037037,0.49924243848337313,0.11317984651317985,0.0,
bp_fs200_legacy_abs,/home/test/bupt_hjk/sdp_dataset/xrf55/wifi/01_29_20.npy,1000,float64,0.0,0.5034814814814815,0.0,0.00742962962962963,0.4965185185185185,0.4974039067898694,0.12424646869091313,0.0,
bp_fs200_legacy_abs,/home/test/bupt_hjk/sdp_dataset/xrf55/wifi/01_30_01.npy,1000,float64,0.0,0.5035592592592593,0.0,0.006925925925925926,0.49644074074074074,0.4963203211900812,0.11126682237793349,0.0,
bp_fs200_legacy_abs,/home/test/bupt_hjk/sdp_dataset/xrf55/wifi/01_30_02.npy,1000,float64,0.0,0.5008037037037038,0.0,0.006948148148148148,0.4991962962962963,0.4979496523651618,0.10962443925406888,0.0,
bp_fs200_legacy_abs,/home/test/bupt_hjk/sdp_dataset/xrf55/wifi/01_30_03.npy,1000,float64,0.0,0.5159925925925926,0.0,0.00642962962962963,0.4840074074074074,0.4816250804588997,0.10785971156341527,0.0,
bp_fs200_legacy_abs,/home/test/bupt_hjk/sdp_dataset/xrf55/wifi/01_30_04.npy,1000,float64,0.0,0.5039333333333333,0.0,0.007392592592592593,0.49606666666666666,0.4958316388775925,0.11332072813554295,0.0,
bp_fs200_legacy_abs,/home/test/bupt_hjk/sdp_dataset/xrf55/wifi/01_30_05.npy,1000,float64,0.0,0.5130740740740741,0.0,0.006896296296296296,0.48692592592592593,0.4845334695189998,0.11492232973714456,0.0,
bp_fs200_legacy_abs,/home/test/bupt_hjk/sdp_dataset/xrf55/wifi/01_30_06.npy,1000,float64,0.0,0.5101777777777777,0.0,0.0068814814814814815,0.4898222222222222,0.4884956418607278,0.111889667445223,0.0,
bp_fs200_legacy_abs,/home/test/bupt_hjk/sdp_dataset/xrf55/wifi/01_30_07.npy,1000,float64,0.0,0.4976703703703704,0.0,0.0071333333333333335,0.5023296296296297,0.502933562441357,0.12116561005449894,0.0,
bp_fs200_legacy_abs,/home/test/bupt_hjk/sdp_dataset/xrf55/wifi/01_30_08.npy,1000,float64,0.0,0.5028111111111111,0.0,0.006955555555555556,0.4971888888888889,0.49796455353618885,0.11607904200496794,0.0,
bp_fs200_legacy_abs,/home/test/bupt_hjk/sdp_dataset/xrf55/wifi/01_30_09.npy,1000,float64,0.0,0.49891111111111114,0.0,0.006792592592592592,0.5010888888888889,0.5034285952815547,0.10978385793200608,0.0,
bp_fs200_legacy_abs,/home/test/bupt_hjk/sdp_dataset/xrf55/wifi/01_30_10.npy,1000,float64,0.0,0.4958925925925926,0.0,0.0063185185185185185,0.5041074074074074,0.5043792284466289,0.1124309494679865,0.0,
bp_fs200_legacy_abs,/home/test/bupt_hjk/sdp_dataset/xrf55/wifi/01_30_11.npy,1000,float64,0.0,0.515425925925926,0.0,0.007377777777777777,0.4845740740740741,0.4861858669923259,0.10971341712082452,0.0,
bp_fs200_legacy_abs,/home/test/bupt_hjk/sdp_dataset/xrf55/wifi/01_30_12.npy,1000,float64,0.0,0.5002888888888889,0.0,0.007829629629629629,0.4997111111111111,0.5007989362626404,0.11857783709635561,0.0,
bp_fs200_legacy_abs,/home/test/bupt_hjk/sdp_dataset/xrf55/wifi/01_30_13.npy,1000,float64,0.0,0.5128222222222222,0.0,0.007066666666666666,0.48717777777777777,0.4883383622228318,0.11687984280576873,0.0,
bp_fs200_legacy_abs,/home/test/bupt_hjk/sdp_dataset/xrf55/wifi/01_30_14.npy,1000,float64,0.0,0.5067037037037037,0.0,0.007496296296296296,0.4932962962962963,0.49288019674082106,0.1133911689467245,0.0,
bp_fs200_legacy_abs,/home/test/bupt_hjk/sdp_dataset/xrf55/wifi/01_30_15.npy,1000,float64,0.0,0.4941740740740741,0.0,0.006540740740740741,0.5058259259259259,0.5078135293962632,0.10569458347236126,0.0,
bp_fs200_legacy_abs,/home/test/bupt_hjk/sdp_dataset/xrf55/wifi/01_30_16.npy,1000,float64,0.0,0.49045555555555553,0.0,0.0068814814814814815,0.5095444444444445,0.5115498571016545,0.10697734771808846,0.0,
bp_fs200_legacy_abs,/home/test/bupt_hjk/sdp_dataset/xrf55/wifi/01_30_17.npy,1000,float64,0.0,0.5115518518518518,0.0,0.008,0.48844814814814813,0.4869719744646172,0.12199236273310347,0.0,
bp_fs200_legacy_abs,/home/test/bupt_hjk/sdp_dataset/xrf55/wifi/01_30_18.npy,1000,float64,0.0,0.5074962962962963,0.0,0.007933333333333334,0.4925037037037037,0.49217489238351153,0.11824046268490714,0.0,
bp_fs200_legacy_abs,/home/test/bupt_hjk/sdp_dataset/xrf55/wifi/01_30_19.npy,1000,float64,0.0,0.49794074074074074,0.0,0.007474074074074074,0.5020592592592592,0.5004875624512908,0.11653505357209061,0.0,
bp_fs200_legacy_abs,/home/test/bupt_hjk/sdp_dataset/xrf55/wifi/01_30_20.npy,1000,float64,0.0,0.5057,0.0,0.007281481481481482,0.4943,0.4954856722443359,0.11258295332369407,0.0,
bp_fs200_legacy_abs,/home/test/bupt_hjk/sdp_dataset/xrf55/wifi/01_31_01.npy,1000,float64,0.0,0.49374814814814816,0.0,0.008644444444444444,0.5062518518518518,0.5109073974214422,0.13302932562191822,0.0,
bp_fs200_legacy_abs,/home/test/bupt_hjk/sdp_dataset/xrf55/wifi/01_31_02.npy,1000,float64,0.0,0.5143851851851852,0.0,0.009955555555555556,0.48561481481481483,0.4853291578732385,0.15701627553479405,0.0,
bp_fs200_legacy_abs,/home/test/bupt_hjk/sdp_dataset/xrf55/wifi/01_31_03.npy,1000,float64,0.0,0.5101851851851852,0.0,0.010377777777777777,0.4898148148148148,0.4909663992278458,0.15007229451673895,0.0,
bp_fs200_legacy_abs,/home/test/bupt_hjk/sdp_dataset/xrf55/wifi/01_31_04.npy,1000,float64,0.0,0.5016555555555555,0.0,0.010607407407407407,0.4983444444444444,0.4981347427224851,0.14205687168650133,0.0,
bp_fs200_legacy_abs,/home/test/bupt_hjk/sdp_dataset/xrf55/wifi/01_31_05.npy,1000,float64,0.0,0.48302222222222224,0.0,0.010333333333333333,0.5169777777777778,0.5212710104015279,0.1501798094390687,0.0,
bp_fs200_legacy_abs,/home/test/bupt_hjk/sdp_dataset/xrf55/wifi/01_31_06.npy,1000,float64,0.0,0.49394444444444446,0.0,0.011051851851851853,0.5060555555555556,0.5089983784647945,0.15925555184814444,0.0,
bp_fs200_legacy_abs,/home/test/bupt_hjk/sdp_dataset/xrf55/wifi/01_31_07.npy,1000,float64,0.0,0.49708148148148146,0.0,0.01034074074074074,0.5029185185185185,0.5029154574252167,0.15545174804434064,0.0,
bp_fs200_legacy_abs,/home/test/bupt_hjk/sdp_dataset/xrf55/wifi/01_31_08.npy,1000,float64,0.0,0.5137962962962963,0.0,0.011251851851851851,0.4862037037037037,0.485815830522686,0.1532198865532199,0.0,
bp_fs200_legacy_abs,/home/test/bupt_hjk/sdp_dataset/xrf55/wifi/01_31_09.npy,1000,float64,0.0,0.504537037037037,0.0,0.01157037037037037,0.49546296296296294,0.4955502660743795,0.15929262595929264,0.0,
bp_fs200_legacy_abs,/home/test/bupt_hjk/sdp_dataset/xrf55/wifi/01_31_10.npy,1000,float64,0.0,0.5058111111111111,0.0,0.009533333333333333,0.4941888888888889,0.4947572170802661,0.1459385311237163,0.0,
bp_fs200_legacy_abs,/home/test/bupt_hjk/sdp_dataset/xrf55/wifi/01_31_11.npy,1000,float64,0.0,0.5066185185185185,0.0,0.010155555555555555,0.4933814814814815,0.4922371515075539,0.1590887183479776,0.0,
bp_fs200_legacy_abs,/home/test/bupt_hjk/sdp_dataset/xrf55/wifi/01_31_12.npy,1000,float64,0.0,0.5149185185185186,0.0,0.010933333333333333,0.4850814814814815,0.48294296387788044,0.16156156156156157,0.0,
bp_fs200_legacy_abs,/home/test/bupt_hjk/sdp_dataset/xrf55/wifi/01_31_13.npy,1000,float64,0.0,0.5110888888888889,0.0,0.010533333333333334,0.48891111111111113,0.4876053376098764,0.14597189782374967,0.0,
bp_fs200_legacy_abs,/home/test/bupt_hjk/sdp_dataset/xrf55/wifi/01_31_14.npy,1000,float64,0.0,0.5010518518518519,0.0,0.00928148148148148,0.49894814814814814,0.4998262643048684,0.13417862306751197,0.0,
bp_fs200_legacy_abs,/home/test/bupt_hjk/sdp_dataset/xrf55/wifi/01_31_15.npy,1000,float64,0.0,0.49462962962962964,0.0,0.008903703703703704,0.5053703703703704,0.5075723446111337,0.13987691395098803,0.0,
bp_fs200_legacy_abs,/home/test/bupt_hjk/sdp_dataset/xrf55/wifi/01_31_16.npy,1000,float64,0.0,0.5030111111111111,0.0,0.009348148148148149,0.49698888888888887,0.4967374246303791,0.14082601119638158,0.0,
bp_fs200_legacy_abs,/home/test/bupt_hjk/sdp_dataset/xrf55/wifi/01_31_17.npy,1000,float64,0.0,0.5087962962962963,0.0,0.0098,0.4912037037037037,0.4911302527652077,0.14388091795499203,0.0,
bp_fs200_legacy_abs,/home/test/bupt_hjk/sdp_dataset/xrf55/wifi/01_31_18.npy,1000,float64,0.0,0.4999222222222222,0.0,0.009896296296296297,0.5000777777777777,0.5009177354735854,0.14706187669150633,0.0,
bp_fs200_legacy_abs,/home/test/bupt_hjk/sdp_dataset/xrf55/wifi/01_31_19.npy,1000,float64,0.0,0.49164444444444444,0.0,0.010014814814814815,0.5083555555555556,0.5108281171307288,0.15045415786156527,0.0,
bp_fs200_legacy_abs,/home/test/bupt_hjk/sdp_dataset/xrf55/wifi/01_31_20.npy,1000,float64,0.0,0.49664814814814817,0.0,0.009548148148148148,0.5033518518518518,0.5035193242897363,0.14723983242501762,0.0,
bp_fs200_legacy_abs,/home/test/bupt_hjk/sdp_dataset/xrf55/wifi/01_32_01.npy,1000,float64,0.0,0.5067592592592592,0.0,0.011503703703703703,0.49324074074074076,0.49273287114872394,0.15716827939050163,0.0,
bp_fs200_legacy_abs,/home/test/bupt_hjk/sdp_dataset/xrf55/wifi/01_32_02.npy,1000,float64,0.0,0.5071851851851852,0.0,0.010622222222222222,0.4928148148148148,0.4928145917890812,0.15496236977718458,0.0,
bp_fs200_legacy_abs,/home/test/bupt_hjk/sdp_dataset/xrf55/wifi/01_32_03.npy,1000,float64,0.0,0.4908148148148148,0.0,0.011503703703703703,0.5091851851851852,0.5093146899987441,0.1629295962629296,0.0,
bp_fs200_legacy_abs,/home/test/bupt_hjk/sdp_dataset/xrf55/wifi/01_32_04.npy,1000,float64,0.0,0.4991185185185185,0.0,0.011407407407407408,0.5008814814814815,0.5015813861325773,0.1734363993623253,0.0,
bp_fs200_legacy_abs,/home/test/bupt_hjk/sdp_dataset/xrf55/wifi/01_32_05.npy,1000,float64,0.0,0.5111111111111111,0.0,0.011585185185185184,0.4888888888888889,0.4894439305959065,0.16289622956289623,0.0,
bp_fs200_legacy_abs,/home/test/bupt_hjk/sdp_dataset/xrf55/wifi/01_32_06.npy,1000,float64,0.0,0.5116666666666667,0.0,0.01222962962962963,0.48833333333333334,0.48636242123353063,0.16572498424350277,0.0,
bp_fs200_legacy_abs,/home/test/bupt_hjk/sdp_dataset/xrf55/wifi/01_32_07.npy,1000,float64,0.0,0.5041074074074074,0.0,0.010874074074074074,0.4958925925925926,0.49373617714570667,0.1614466318170022,0.0,
bp_fs200_legacy_abs,/home/test/bupt_hjk/sdp_dataset/xrf55/wifi/01_32_08.npy,1000,float64,0.0,0.4908962962962963,0.0,0.012237037037037038,0.5091037037037037,0.5102512416457171,0.18188929670411152,0.0,
bp_fs200_legacy_abs,/home/test/bupt_hjk/sdp_dataset/xrf55/wifi/01_32_09.npy,1000,float64,0.0,0.5077333333333334,0.0,0.011044444444444445,0.4922666666666667,0.4913128288876792,0.15157008860712565,0.0,
bp_fs200_legacy_abs,/home/test/bupt_hjk/sdp_dataset/xrf55/wifi/01_32_10.npy,1000,float64,0.0,0.5043962962962963,0.0,0.010148148148148147,0.4956037037037037,0.49521348535334075,0.14282059837615393,0.0,
bp_fs200_legacy_abs,/home/test/bupt_hjk/sdp_dataset/xrf55/wifi/01_32_11.npy,1000,float64,0.0,0.4916740740740741,0.0,0.011992592592592593,0.508325925925926,0.5108899499511016,0.170092314536759,0.0,
bp_fs200_legacy_abs,/home/test/bupt_hjk/sdp_dataset/xrf55/wifi/01_32_12.npy,1000,float64,0.0,0.5020777777777777,0.0,0.010748148148148147,0.4979222222222222,0.4992298195522633,0.16972898824750676,0.0,
bp_fs200_legacy_abs,/home/test/bupt_hjk/sdp_dataset/xrf55/wifi/01_32_13.npy,1000,float64,0.0,0.5124185185185185,0.0,0.01191851851851852,0.4875814814814815,0.48599762420727843,0.1503651799948096,0.0,
bp_fs200_legacy_abs,/home/test/bupt_hjk/sdp_dataset/xrf55/wifi/01_32_14.npy,1000,float64,0.0,0.5076333333333334,0.0,0.010244444444444445,0.4923666666666667,0.4914758201756729,0.15921477032588144,0.0,
bp_fs200_legacy_abs,/home/test/bupt_hjk/sdp_dataset/xrf55/wifi/01_32_15.npy,1000,float64,0.0,0.4966740740740741,0.0,0.011377777777777778,0.503325925925926,0.5051525991323541,0.156363771178586,0.0,
bp_fs200_legacy_abs,/home/test/bupt_hjk/sdp_dataset/xrf55/wifi/01_32_16.npy,1000,float64,0.0,0.513237037037037,0.0,0.010637037037037037,0.48676296296296295,0.4834452130257494,0.16094242390538688,0.0,
bp_fs200_legacy_abs,/home/test/bupt_hjk/sdp_dataset/xrf55/wifi/01_32_17.npy,1000,float64,0.0,0.4975703703703704,0.0,0.010688888888888888,0.5024296296296297,0.5023854635103979,0.15689022355689022,0.0,
bp_fs200_legacy_abs,/home/test/bupt_hjk/sdp_dataset/xrf55/wifi/01_32_18.npy,1000,float64,0.0,0.5059518518518519,0.0,0.010659259259259259,0.4940481481481481,0.49529863038770094,0.15269714158603048,0.0,
bp_fs200_legacy_abs,/home/test/bupt_hjk/sdp_dataset/xrf55/wifi/01_32_19.npy,1000,float64,0.0,0.49966666666666665,0.0,0.011785185185185185,0.5003333333333333,0.4998229697678049,0.1692507322136952,0.0,
bp_fs200_legacy_abs,/home/test/bupt_hjk/sdp_dataset/xrf55/wifi/01_32_20.npy,1000,float64,0.0,0.5070444444444444,0.0,0.010037037037037037,0.49295555555555554,0.49185963128360205,0.15531457383309236,0.0,
bp_fs200_legacy_abs,/home/test/bupt_hjk/sdp_dataset/xrf55/wifi/01_33_01.npy,1000,float64,0.0,0.49866666666666665,0.0,0.010696296296296296,0.5013333333333333,0.5026697959865712,0.18687947206465724,0.0,
bp_fs200_legacy_abs,/home/test/bupt_hjk/sdp_dataset/xrf55/wifi/01_33_02.npy,1000,float64,0.0,0.5100740740740741,0.0,0.010355555555555555,0.48992592592592593,0.4895081992185417,0.16952878804730656,0.0,
bp_fs200_legacy_abs,/home/test/bupt_hjk/sdp_dataset/xrf55/wifi/01_33_03.npy,1000,float64,0.0,0.48736666666666667,0.0,0.010481481481481482,0.5126333333333334,0.5130673417094375,0.1762762762762763,0.0,
bp_fs200_legacy_abs,/home/test/bupt_hjk/sdp_dataset/xrf55/wifi/01_33_04.npy,1000,float64,0.0,0.5003518518518518,0.0,0.010814814814814815,0.4996481481481482,0.4967626624484352,0.17759240722203684,0.0,
bp_fs200_legacy_abs,/home/test/bupt_hjk/sdp_dataset/xrf55/wifi/01_33_05.npy,1000,float64,0.0,0.49906666666666666,0.0,0.010725925925925925,0.5009333333333333,0.4961181827629609,0.17593519445371297,0.0,
bp_fs200_legacy_abs,/home/test/bupt_hjk/sdp_dataset/xrf55/wifi/01_33_06.npy,1000,float64,0.0,0.49482592592592595,0.0,0.008177777777777779,0.5051740740740741,0.5039460108717412,0.14213101990879767,0.0,
bp_fs200_legacy_abs,/home/test/bupt_hjk/sdp_dataset/xrf55/wifi/01_33_07.npy,1000,float64,0.0,0.49955185185185186,0.0,0.010155555555555555,0.5004481481481482,0.49937596971271847,0.1649909168427687,0.0,
bp_fs200_legacy_abs,/home/test/bupt_hjk/sdp_dataset/xrf55/wifi/01_33_08.npy,1000,float64,0.0,0.5002333333333333,0.0,0.009955555555555556,0.4997666666666667,0.5002916274335643,0.16506135765395025,0.0,
bp_fs200_legacy_abs,/home/test/bupt_hjk/sdp_dataset/xrf55/wifi/01_33_09.npy,1000,float64,0.0,0.5069777777777777,0.0,0.009977777777777778,0.4930222222222222,0.4944150432217107,0.16077188299410522,0.0,
bp_fs200_legacy_abs,/home/test/bupt_hjk/sdp_dataset/xrf55/wifi/01_33_10.npy,1000,float64,0.0,0.4869,0.0,0.009933333333333334,0.5131,0.5147384646848737,0.15845475104734363,0.0,
bp_fs200_legacy_abs,/home/test/bupt_hjk/sdp_dataset/xrf55/wifi/01_33_11.npy,1000,float64,0.0,0.4967,0.0,0.010822222222222223,0.5033,0.5041673381990652,0.15515515515515516,0.0,
bp_fs200_legacy_abs,/home/test/bupt_hjk/sdp_dataset/xrf55/wifi/01_33_12.npy,1000,float64,0.0,0.49646296296296294,0.0,0.0112,0.503537037037037,0.5058028293310104,0.165291217143069,0.0,
bp_fs200_legacy_abs,/home/test/bupt_hjk/sdp_dataset/xrf55/wifi/01_33_13.npy,1000,float64,0.0,0.5021814814814815,0.0,0.0112,0.4978185185185185,0.4950080099612029,0.17626886145404663,0.0,
bp_fs200_legacy_abs,/home/test/bupt_hjk/sdp_dataset/xrf55/wifi/01_33_14.npy,1000,float64,0.0,0.5042740740740741,0.0,0.010614814814814815,0.4957259259259259,0.49629476910868286,0.16202498795091388,0.0,
bp_fs200_legacy_abs,/home/test/bupt_hjk/sdp_dataset/xrf55/wifi/01_33_15.npy,1000,float64,0.0,0.503862962962963,0.0,0.008837037037037037,0.49613703703703704,0.4958990826039199,0.14348422496570645,0.0,
bp_fs200_legacy_abs,/home/test/bupt_hjk/sdp_dataset/xrf55/wifi/01_33_16.npy,1000,float64,0.0,0.5048407407407407,0.0,0.009866666666666666,0.49515925925925924,0.4943864106015508,0.15355726096466837,0.0,
bp_fs200_legacy_abs,/home/test/bupt_hjk/sdp_dataset/xrf55/wifi/01_33_17.npy,1000,float64,0.0,0.4964148148148148,0.0,0.011066666666666667,0.5035851851851851,0.5035856297659236,0.1650316983650317,0.0,
bp_fs200_legacy_abs,/home/test/bupt_hjk/sdp_dataset/xrf55/wifi/01_33_18.npy,1000,float64,0.0,0.4971333333333333,0.0,0.01071111111111111,0.5028666666666667,0.5029715661901802,0.16260705149594037,0.0,
bp_fs200_legacy_abs,/home/test/bupt_hjk/sdp_dataset/xrf55/wifi/01_33_19.npy,1000,float64,0.0,0.47855185185185184,0.0,0.011325925925925927,0.5214481481481481,0.5222635723421633,0.1724391057724391,0.0,
bp_fs200_legacy_abs,/home/test/bupt_hjk/sdp_dataset/xrf55/wifi/01_33_20.npy,1000,float64,0.0,0.49548888888888887,0.0,0.009340740740740741,0.5045111111111111,0.5049346048835572,0.14794794794794794,0.0,
bp_fs200_legacy_abs,/home/test/bupt_hjk/sdp_dataset/xrf55/wifi/01_34_01.npy,1000,float64,0.0,0.4984703703703704,0.0,0.008096296296296296,0.5015296296296297,0.5026724424687774,0.11867793719645571,0.0,
bp_fs200_legacy_abs,/home/test/bupt_hjk/sdp_dataset/xrf55/wifi/01_34_02.npy,1000,float64,0.0,0.5002481481481481,0.0,0.008585185185185185,0.49975185185185184,0.5001250795961066,0.12116561005449894,0.0,
bp_fs200_legacy_abs,/home/test/bupt_hjk/sdp_dataset/xrf55/wifi/01_34_03.npy,1000,float64,0.0,0.5082962962962962,0.0,0.009148148148148148,0.4917037037037037,0.4907041909401174,0.1312275238201164,0.0,
bp_fs200_legacy_abs,/home/test/bupt_hjk/sdp_dataset/xrf55/wifi/01_34_04.npy,1000,float64,0.0,0.5035555555555555,0.0,0.009896296296296297,0.49644444444444447,0.4957591649052262,0.13830497163830496,0.0,
bp_fs200_legacy_abs,/home/test/bupt_hjk/sdp_dataset/xrf55/wifi/01_34_05.npy,1000,float64,0.0,0.5055444444444445,0.0,0.007740740740740741,0.49445555555555554,0.492697298076121,0.11428094761428095,0.0,
bp_fs200_legacy_abs,/home/test/bupt_hjk/sdp_dataset/xrf55/wifi/01_34_06.npy,1000,float64,0.0,0.4945703703703704,0.0,0.008288888888888889,0.5054296296296297,0.507799651323111,0.12708634560486412,0.0,
bp_fs200_legacy_abs,/home/test/bupt_hjk/sdp_dataset/xrf55/wifi/01_34_07.npy,1000,float64,0.0,0.5043333333333333,0.0,0.008911111111111111,0.49566666666666664,0.4936520073586748,0.13341489637785933,0.0,
bp_fs200_legacy_abs,/home/test/bupt_hjk/sdp_dataset/xrf55/wifi/01_34_08.npy,1000,float64,0.0,0.5112703703703704,0.0,0.00945925925925926,0.4887296296296296,0.4876139713181728,0.14317280243206168,0.0,
bp_fs200_legacy_abs,/home/test/bupt_hjk/sdp_dataset/xrf55/wifi/01_34_09.npy,1000,float64,0.0,0.4911259259259259,0.0,0.009081481481481482,0.508874074074074,0.5116855497279175,0.131746561376191,0.0,
bp_fs200_legacy_abs,/home/test/bupt_hjk/sdp_dataset/xrf55/wifi/01_34_10.npy,1000,float64,0.0,0.5180518518518519,0.0,0.008792592592592593,0.4819481481481481,0.48081257198394445,0.1314685055425796,0.0,
bp_fs200_legacy_abs,/home/test/bupt_hjk/sdp_dataset/xrf55/wifi/01_34_11.npy,1000,float64,0.0,0.5119888888888889,0.0,0.009674074074074075,0.4880111111111111,0.48658231500146154,0.13768583398213027,0.0,
bp_fs200_legacy_abs,/home/test/bupt_hjk/sdp_dataset/xrf55/wifi/01_34_12.npy,1000,float64,0.0,0.5015259259259259,0.0,0.007148148148148148,0.49847407407407407,0.49776130344394615,0.1169947725503281,0.0,
bp_fs200_legacy_abs,/home/test/bupt_hjk/sdp_dataset/xrf55/wifi/01_34_13.npy,1000,float64,0.0,0.5026666666666667,0.0,0.00797037037037037,0.49733333333333335,0.49842910137027785,0.11344307270233196,0.0,
bp_fs200_legacy_abs,/home/test/bupt_hjk/sdp_dataset/xrf55/wifi/01_34_14.npy,1000,float64,0.0,0.507462962962963,0.0,0.008977777777777777,0.49253703703703705,0.49119970241823147,0.13169836503169838,0.0,
bp_fs200_legacy_abs,/home/test/bupt_hjk/sdp_dataset/xrf55/wifi/01_34_15.npy,1000,float64,0.0,0.4839148148148148,0.0,0.008185185185185186,0.5160851851851852,0.5194431994938177,0.12638935231527823,0.0,
bp_fs200_legacy_abs,/home/test/bupt_hjk/sdp_dataset/xrf55/wifi/01_34_16.npy,1000,float64,0.0,0.5142888888888889,0.0,0.007681481481481482,0.4857111111111111,0.48411726215837847,0.11784747710673636,0.0,
bp_fs200_legacy_abs,/home/test/bupt_hjk/sdp_dataset/xrf55/wifi/01_34_17.npy,1000,float64,0.0,0.5112703703703704,0.0,0.008592592592592593,0.4887296296296296,0.48737097338137153,0.11713194676157639,0.0,
bp_fs200_legacy_abs,/home/test/bupt_hjk/sdp_dataset/xrf55/wifi/01_34_18.npy,1000,float64,0.0,0.48835555555555554,0.0,0.0068814814814814815,0.5116444444444445,0.5123432268316214,0.12356059763467171,0.0,
bp_fs200_legacy_abs,/home/test/bupt_hjk/sdp_dataset/xrf55/wifi/01_34_19.npy,1000,float64,0.0,0.49695185185185187,0.0,0.007911111111111112,0.5030481481481481,0.5038916562889165,0.1296222148074,0.0,
bp_fs200_legacy_abs,/home/test/bupt_hjk/sdp_dataset/xrf55/wifi/01_34_20.npy,1000,float64,0.0,0.49313703703703704,0.0,0.0076962962962962966,0.506862962962963,0.507138552732813,0.11743966188410633,0.0,
bp_fs200_legacy_abs,/home/test/bupt_hjk/sdp_dataset/xrf55/wifi/01_35_01.npy,1000,float64,0.0,0.49636296296296295,0.0,0.008133333333333333,0.503637037037037,0.503177787360093,0.12719015311607904,0.0,
bp_fs200_legacy_abs,/home/test/bupt_hjk/sdp_dataset/xrf55/wifi/01_35_02.npy,1000,float64,0.0,0.49626296296296296,0.0,0.007481481481481481,0.503737037037037,0.5063588427244978,0.11744707670633596,0.0,
bp_fs200_legacy_abs,/home/test/bupt_hjk/sdp_dataset/xrf55/wifi/01_35_03.npy,1000,float64,0.0,0.5131259259259259,0.0,0.0071333333333333335,0.48687407407407407,0.4863215932029767,0.11838505171838505,0.0,
bp_fs200_legacy_abs,/home/test/bupt_hjk/sdp_dataset/xrf55/wifi/01_35_04.npy,1000,float64,0.0,0.49015555555555557,0.0,0.00682962962962963,0.5098444444444444,0.512771416103646,0.11358766173580988,0.0,
bp_fs200_legacy_abs,/home/test/bupt_hjk/sdp_dataset/xrf55/wifi/01_35_05.npy,1000,float64,0.0,0.4986,0.0,0.006711111111111111,0.5014,0.5021780535178865,0.10800430059689319,0.0,
bp_fs200_legacy_abs,/home/test/bupt_hjk/sdp_dataset/xrf55/wifi/01_35_06.npy,1000,float64,0.0,0.4986814814814815,0.0,0.00702962962962963,0.5013185185185185,0.5034318763174279,0.11220108997886775,0.0,
bp_fs200_legacy_abs,/home/test/bupt_hjk/sdp_dataset/xrf55/wifi/01_35_07.npy,1000,float64,0.0,0.5078518518518519,0.0,0.006607407407407407,0.49214814814814817,0.4921352357180603,0.10945019093167241,0.0,
bp_fs200_legacy_abs,/home/test/bupt_hjk/sdp_dataset/xrf55/wifi/01_35_08.npy,1000,float64,0.0,0.508962962962963,0.0,0.006629629629629629,0.49103703703703705,0.48966153776887317,0.11679457235012791,0.0,
bp_fs200_legacy_abs,/home/test/bupt_hjk/sdp_dataset/xrf55/wifi/01_35_09.npy,1000,float64,0.0,0.5024851851851851,0.0,0.00702962962962963,0.4975148148148148,0.4976859732942237,0.11589737886034182,0.0,
bp_fs200_legacy_abs,/home/test/bupt_hjk/sdp_dataset/xrf55/wifi/01_35_10.npy,1000,float64,0.0,0.4900185185185185,0.0,0.007422222222222222,0.5099814814814815,0.5129191573938837,0.12003484966447929,0.0,
bp_fs200_legacy_abs,/home/test/bupt_hjk/sdp_dataset/xrf55/wifi/01_35_11.npy,1000,float64,0.0,0.5036777777777778,0.0,0.007325925925925926,0.4963222222222222,0.497141782625047,0.12850628406183962,0.0,
bp_fs200_legacy_abs,/home/test/bupt_hjk/sdp_dataset/xrf55/wifi/01_35_12.npy,1000,float64,0.0,0.5099444444444444,0.0,0.0074,0.4900555555555556,0.48901622248408433,0.11699106513921328,0.0,
bp_fs200_legacy_abs,/home/test/bupt_hjk/sdp_dataset/xrf55/wifi/01_35_13.npy,1000,float64,0.0,0.5169962962962963,0.0,0.006933333333333333,0.4830037037037037,0.48227675528289027,0.11252734215697179,0.0,
bp_fs200_legacy_abs,/home/test/bupt_hjk/sdp_dataset/xrf55/wifi/01_35_14.npy,1000,float64,0.0,0.4989851851851852,0.0,0.0075703703703703705,0.5010148148148148,0.49950539551433226,0.11903014125236347,0.0,
bp_fs200_legacy_abs,/home/test/bupt_hjk/sdp_dataset/xrf55/wifi/01_35_15.npy,1000,float64,0.0,0.5113592592592593,0.0,0.008103703703703703,0.48864074074074076,0.4857869018623016,0.12324176027879731,0.0,
bp_fs200_legacy_abs,/home/test/bupt_hjk/sdp_dataset/xrf55/wifi/01_35_16.npy,1000,float64,0.0,0.49661481481481484,0.0,0.008162962962962962,0.5033851851851852,0.5008407860406895,0.11877803729655581,0.0,
bp_fs200_legacy_abs,/home/test/bupt_hjk/sdp_dataset/xrf55/wifi/01_35_17.npy,1000,float64,0.0,0.4977111111111111,0.0,0.007837037037037036,0.5022888888888889,0.501872560595008,0.12045007970933896,0.0,
bp_fs200_legacy_abs,/home/test/bupt_hjk/sdp_dataset/xrf55/wifi/01_35_18.npy,1000,float64,0.0,0.49891111111111114,0.0,0.007185185185185185,0.5010888888888889,0.5038224145638691,0.11003966929892856,0.0,
bp_fs200_legacy_abs,/home/test/bupt_hjk/sdp_dataset/xrf55/wifi/01_35_19.npy,1000,float64,0.0,0.5058925925925926,0.0,0.00788148148148148,0.4941074074074074,0.495522624017104,0.12238534831127423,0.0,
bp_fs200_legacy_abs,/home/test/bupt_hjk/sdp_dataset/xrf55/wifi/01_35_20.npy,1000,float64,0.0,0.5063074074074074,0.0,0.007688888888888889,0.49369259259259257,0.4930564455937455,0.12280799317836355,0.0,
bp_fs200_legacy_abs,/home/test/bupt_hjk/sdp_dataset/xrf55/wifi/01_36_01.npy,1000,float64,0.0,0.504662962962963,0.0,0.009666666666666667,0.495337037037037,0.49476632928319464,0.1426129833537241,0.0,
bp_fs200_legacy_abs,/home/test/bupt_hjk/sdp_dataset/xrf55/wifi/01_36_02.npy,1000,float64,0.0,0.49915185185185185,0.0,0.01062962962962963,0.5008481481481482,0.4986194587668182,0.15713491269046825,0.0,
bp_fs200_legacy_abs,/home/test/bupt_hjk/sdp_dataset/xrf55/wifi/01_36_03.npy,1000,float64,0.0,0.5072518518518518,0.0,0.009518518518518518,0.49274814814814816,0.493648984942778,0.14792570348125902,0.0,
bp_fs200_legacy_abs,/home/test/bupt_hjk/sdp_dataset/xrf55/wifi/01_36_04.npy,1000,float64,0.0,0.4893222222222222,0.0,0.009074074074074075,0.5106777777777778,0.5144343758689384,0.13602120639157675,0.0,
bp_fs200_legacy_abs,/home/test/bupt_hjk/sdp_dataset/xrf55/wifi/01_36_05.npy,1000,float64,0.0,0.4890888888888889,0.0,0.009103703703703704,0.5109111111111111,0.5116481892654614,0.14538241945649352,0.0,
bp_fs200_legacy_abs,/home/test/bupt_hjk/sdp_dataset/xrf55/wifi/01_36_06.npy,1000,float64,0.0,0.5024777777777778,0.0,0.009051851851851853,0.4975222222222222,0.49763360359600206,0.14314685055425797,0.0,
bp_fs200_legacy_abs,/home/test/bupt_hjk/sdp_dataset/xrf55/wifi/01_36_07.npy,1000,float64,0.0,0.5081074074074075,0.0,0.009474074074074074,0.4918925925925926,0.49045044633162266,0.1430578726875023,0.0,
bp_fs200_legacy_abs,/home/test/bupt_hjk/sdp_dataset/xrf55/wifi/01_36_08.npy,1000,float64,0.0,0.5003666666666666,0.0,0.010207407407407408,0.4996333333333333,0.4979625008584968,0.13797871946020093,0.0,
bp_fs200_legacy_abs,/home/test/bupt_hjk/sdp_dataset/xrf55/wifi/01_36_09.npy,1000,float64,0.0,0.49442592592592594,0.0,0.01002962962962963,0.5055740740740741,0.5083083980132752,0.14065547028509992,0.0,
bp_fs200_legacy_abs,/home/test/bupt_hjk/sdp_dataset/xrf55/wifi/01_36_10.npy,1000,float64,0.0,0.49107407407407405,0.0,0.010918518518518518,0.5089259259259259,0.5106065040900898,0.15913320728135544,0.0,
bp_fs200_legacy_abs,/home/test/bupt_hjk/sdp_dataset/xrf55/wifi/01_36_11.npy,1000,float64,0.0,0.5062740740740741,0.0,0.009792592592592592,0.4937259259259259,0.4972645365213676,0.1459607755904052,0.0,
bp_fs200_legacy_abs,/home/test/bupt_hjk/sdp_dataset/xrf55/wifi/01_36_12.npy,1000,float64,0.0,0.510337037037037,0.0,0.008133333333333333,0.48966296296296297,0.4941110167587554,0.13352241130018908,0.0,
bp_fs200_legacy_abs,/home/test/bupt_hjk/sdp_dataset/xrf55/wifi/01_36_13.npy,1000,float64,0.0,0.504562962962963,0.0,0.00834074074074074,0.49543703703703706,0.49626687667062946,0.13153153153153152,0.0,
bp_fs200_legacy_abs,/home/test/bupt_hjk/sdp_dataset/xrf55/wifi/01_36_14.npy,1000,float64,0.0,0.49698148148148147,0.0,0.007844444444444444,0.5030185185185185,0.5043011936999381,0.12635227820413006,0.0,
bp_fs200_legacy_abs,/home/test/bupt_hjk/sdp_dataset/xrf55/wifi/01_36_15.npy,1000,float64,0.0,0.4960407407407407,0.0,0.008770370370370371,0.5039592592592592,0.5054226505298425,0.12997812627442257,0.0,
bp_fs200_legacy_abs,/home/test/bupt_hjk/sdp_dataset/xrf55/wifi/01_36_16.npy,1000,float64,0.0,0.5149481481481482,0.0,0.008318518518518518,0.48505185185185185,0.4868528654401333,0.12893263634004376,0.0,
bp_fs200_legacy_abs,/home/test/bupt_hjk/sdp_dataset/xrf55/wifi/01_36_17.npy,1000,float64,0.0,0.49967407407407405,0.0,0.00954074074074074,0.500325925925926,0.5006375355184848,0.13552070589107626,0.0,
bp_fs200_legacy_abs,/home/test/bupt_hjk/sdp_dataset/xrf55/wifi/01_36_18.npy,1000,float64,0.0,0.49893333333333334,0.0,0.008318518518518518,0.5010666666666667,0.5018684348440312,0.13127201275349423,0.0,
bp_fs200_legacy_abs,/home/test/bupt_hjk/sdp_dataset/xrf55/wifi/01_36_19.npy,1000,float64,0.0,0.5000370370370371,0.0,0.010977777777777777,0.49996296296296294,0.5016374582965832,0.15947058169280393,0.0,
bp_fs200_legacy_abs,/home/test/bupt_hjk/sdp_dataset/xrf55/wifi/01_36_20.npy,1000,float64,0.0,0.5036592592592593,0.0,0.008792592592592593,0.49634074074074075,0.49850699950422545,0.12701961220479738,0.0,
bp_fs200_legacy_abs,/home/test/bupt_hjk/sdp_dataset/xrf55/wifi/01_37_01.npy,1000,float64,0.0,0.48113333333333336,0.0,0.010474074074074075,0.5188666666666667,0.5227129132187891,0.14732881029177325,0.0,
bp_fs200_legacy_abs,/home/test/bupt_hjk/sdp_dataset/xrf55/wifi/01_37_02.npy,1000,float64,0.0,0.49202222222222225,0.0,0.009051851851851853,0.5079777777777778,0.5092695191007115,0.13752641530419307,0.0,
bp_fs200_legacy_abs,/home/test/bupt_hjk/sdp_dataset/xrf55/wifi/01_37_03.npy,1000,float64,0.0,0.49276296296296296,0.0,0.00965925925925926,0.507237037037037,0.5108981047272894,0.13710377043710378,0.0,
bp_fs200_legacy_abs,/home/test/bupt_hjk/sdp_dataset/xrf55/wifi/01_37_04.npy,1000,float64,0.0,0.5047333333333334,0.0,0.00837037037037037,0.4952666666666667,0.4924560733384263,0.12265598932265599,0.0,
bp_fs200_legacy_abs,/home/test/bupt_hjk/sdp_dataset/xrf55/wifi/01_37_05.npy,1000,float64,0.0,0.5032814814814814,0.0,0.009096296296296297,0.4967185185185185,0.4981971705912974,0.13654765876988098,0.0,
bp_fs200_legacy_abs,/home/test/bupt_hjk/sdp_dataset/xrf55/wifi/01_37_06.npy,1000,float64,0.0,0.4948,0.0,0.00897037037037037,0.5052,0.5089651600322959,0.1284803321840359,0.0,
bp_fs200_legacy_abs,/home/test/bupt_hjk/sdp_dataset/xrf55/wifi/01_37_07.npy,1000,float64,0.0,0.5084481481481481,0.0,0.009666666666666667,0.49155185185185185,0.4900548225520738,0.1522411300189078,0.0,
bp_fs200_legacy_abs,/home/test/bupt_hjk/sdp_dataset/xrf55/wifi/01_37_08.npy,1000,float64,0.0,0.5066962962962963,0.0,0.009637037037037038,0.4933037037037037,0.48988508910754835,0.14537871204537872,0.0,
bp_fs200_legacy_abs,/home/test/bupt_hjk/sdp_dataset/xrf55/wifi/01_37_09.npy,1000,float64,0.0,0.5002148148148148,0.0,0.009103703703703704,0.49978518518518517,0.4997490354147429,0.14916768620472323,0.0,
bp_fs200_legacy_abs,/home/test/bupt_hjk/sdp_dataset/xrf55/wifi/01_37_10.npy,1000,float64,0.0,0.4855333333333333,0.0,0.009911111111111112,0.5144666666666666,0.5143666115374942,0.14060356652949246,0.0,
bp_fs200_legacy_abs,/home/test/bupt_hjk/sdp_dataset/xrf55/wifi/01_37_11.npy,1000,float64,0.0,0.5062185185185185,0.0,0.01094074074074074,0.4937814814814815,0.49253725619530453,0.1598264931598265,0.0,
bp_fs200_legacy_abs,/home/test/bupt_hjk/sdp_dataset/xrf55/wifi/01_37_12.npy,1000,float64,0.0,0.5046148148148148,0.0,0.009762962962962963,0.4953851851851852,0.499178032148076,0.14340636933229525,0.0,
bp_fs200_legacy_abs,/home/test/bupt_hjk/sdp_dataset/xrf55/wifi/01_37_13.npy,1000,float64,0.0,0.5196962962962963,0.0,0.009414814814814815,0.4803037037037037,0.47880728678891876,0.140551662773885,0.0,
bp_fs200_legacy_abs,/home/test/bupt_hjk/sdp_dataset/xrf55/wifi/01_37_14.npy,1000,float64,0.0,0.512462962962963,0.0,0.010074074074074074,0.48753703703703705,0.4866277623648713,0.1521855188521855,0.0,
bp_fs200_legacy_abs,/home/test/bupt_hjk/sdp_dataset/xrf55/wifi/01_37_15.npy,1000,float64,0.0,0.49891851851851854,0.0,0.009548148148148148,0.5010814814814815,0.4999165136082819,0.1413339265191117,0.0,
bp_fs200_legacy_abs,/home/test/bupt_hjk/sdp_dataset/xrf55/wifi/01_37_16.npy,1000,float64,0.0,0.5031444444444444,0.0,0.008407407407407407,0.49685555555555555,0.4978020897171089,0.1320653987320654,0.0,
bp_fs200_legacy_abs,/home/test/bupt_hjk/sdp_dataset/xrf55/wifi/01_37_17.npy,1000,float64,0.0,0.5029222222222223,0.0,0.007607407407407407,0.4970777777777778,0.5003255098085702,0.11669447225002781,0.0,
bp_fs200_legacy_abs,/home/test/bupt_hjk/sdp_dataset/xrf55/wifi/01_37_18.npy,1000,float64,0.0,0.4984851851851852,0.0,0.008518518518518519,0.5015148148148149,0.5004913611847518,0.12845438030623216,0.0,
bp_fs200_legacy_abs,/home/test/bupt_hjk/sdp_dataset/xrf55/wifi/01_37_19.npy,1000,float64,0.0,0.49594074074074074,0.0,0.009407407407407408,0.5040592592592592,0.5069422723354262,0.13678864049234418,0.0,
bp_fs200_legacy_abs,/home/test/bupt_hjk/sdp_dataset/xrf55/wifi/01_37_20.npy,1000,float64,0.0,0.5146925925925926,0.0,0.00837037037037037,0.4853074074074074,0.4854458133221967,0.14076669261854446,0.0,
bp_fs200_legacy_abs,/home/test/bupt_hjk/sdp_dataset/xrf55/wifi/01_38_01.npy,1000,float64,0.0,0.5091814814814815,0.0,0.009496296296296296,0.49081851851851854,0.4891177096636867,0.150643235828421,0.0,
bp_fs200_legacy_abs,/home/test/bupt_hjk/sdp_dataset/xrf55/wifi/01_38_02.npy,1000,float64,0.0,0.4936037037037037,0.0,0.011155555555555556,0.5063962962962963,0.5059814233915492,0.15755385014644274,0.0,
bp_fs200_legacy_abs,/home/test/bupt_hjk/sdp_dataset/xrf55/wifi/01_38_03.npy,1000,float64,0.0,0.5065481481481482,0.0,0.0104,0.49345185185185186,0.49164952196538786,0.1511177844511178,0.0,
bp_fs200_legacy_abs,/home/test/bupt_hjk/sdp_dataset/xrf55/wifi/01_38_04.npy,1000,float64,0.0,0.5044888888888889,0.0,0.012466666666666666,0.4955111111111111,0.49427682689508284,0.17922737552367182,0.0,
bp_fs200_legacy_abs,/home/test/bupt_hjk/sdp_dataset/xrf55/wifi/01_38_05.npy,1000,float64,0.0,0.49577037037037036,0.0,0.0114,0.5042296296296296,0.5037415083278733,0.17419271122974828,0.0,
bp_fs200_legacy_abs,/home/test/bupt_hjk/sdp_dataset/xrf55/wifi/01_38_06.npy,1000,float64,0.0,0.4962037037037037,0.0,0.011614814814814816,0.5037962962962963,0.5060161453697167,0.17000704408111816,0.0,
bp_fs200_legacy_abs,/home/test/bupt_hjk/sdp_dataset/xrf55/wifi/01_38_07.npy,1000,float64,0.0,0.49744814814814814,0.0,0.012125925925925925,0.5025518518518518,0.503591177053026,0.16708931153375597,0.0,
bp_fs200_legacy_abs,/home/test/bupt_hjk/sdp_dataset/xrf55/wifi/01_38_08.npy,1000,float64,0.0,0.5033851851851852,0.0,0.011874074074074073,0.49661481481481484,0.49523431446272,0.168457346235124,0.0,
bp_fs200_legacy_abs,/home/test/bupt_hjk/sdp_dataset/xrf55/wifi/01_38_09.npy,1000,float64,0.0,0.512,0.0,0.010725925925925925,0.488,0.48393383186041244,0.14582730879027175,0.0,
bp_fs200_legacy_abs,/home/test/bupt_hjk/sdp_dataset/xrf55/wifi/01_38_10.npy,1000,float64,0.0,0.5151666666666667,0.0,0.009888888888888888,0.48483333333333334,0.4849554375293174,0.1542876209542876,0.0,
bp_fs200_legacy_abs,/home/test/bupt_hjk/sdp_dataset/xrf55/wifi/01_38_11.npy,1000,float64,0.0,0.5111592592592593,0.0,0.008696296296296296,0.48884074074074074,0.4895265532011675,0.14544915285656027,0.0,
bp_fs200_legacy_abs,/home/test/bupt_hjk/sdp_dataset/xrf55/wifi/01_38_12.npy,1000,float64,0.0,0.5042888888888889,0.0,0.011125925925925926,0.4957111111111111,0.49647672801259873,0.16542097653208765,0.0,
bp_fs200_legacy_abs,/home/test/bupt_hjk/sdp_dataset/xrf55/wifi/01_38_13.npy,1000,float64,0.0,0.5045888888888889,0.0,0.009777777777777778,0.49541111111111114,0.49420822852074714,0.14869313758202646,0.0,
bp_fs200_legacy_abs,/home/test/bupt_hjk/sdp_dataset/xrf55/wifi/01_38_14.npy,1000,float64,0.0,0.5179666666666667,0.0,0.008844444444444445,0.4820333333333333,0.4783551089029787,0.1342638935231528,0.0,
bp_fs200_legacy_abs,/home/test/bupt_hjk/sdp_dataset/xrf55/wifi/01_38_15.npy,1000,float64,0.0,0.4970148148148148,0.0,0.010844444444444445,0.5029851851851852,0.5042348742364965,0.1557446335224113,0.0,
bp_fs200_legacy_abs,/home/test/bupt_hjk/sdp_dataset/xrf55/wifi/01_38_16.npy,1000,float64,0.0,0.5054111111111111,0.0,0.010792592592592593,0.4945888888888889,0.49570923775870773,0.15958180402624847,0.0,
bp_fs200_legacy_abs,/home/test/bupt_hjk/sdp_dataset/xrf55/wifi/01_38_17.npy,1000,float64,0.0,0.5073666666666666,0.0,0.010770370370370371,0.4926333333333333,0.4902126663166919,0.13195417639862084,0.0,
bp_fs200_legacy_abs,/home/test/bupt_hjk/sdp_dataset/xrf55/wifi/01_38_18.npy,1000,float64,0.0,0.5152185185185185,0.0,0.010325925925925926,0.4847814814814815,0.4844240558417411,0.1529047566084603,0.0,
bp_fs200_legacy_abs,/home/test/bupt_hjk/sdp_dataset/xrf55/wifi/01_38_19.npy,1000,float64,0.0,0.505325925925926,0.0,0.01002962962962963,0.4946740740740741,0.4950987619317645,0.14894894894894894,0.0,
bp_fs200_legacy_abs,/home/test/bupt_hjk/sdp_dataset/xrf55/wifi/01_38_20.npy,1000,float64,0.0,0.49496296296296294,0.0,0.009414814814814815,0.5050370370370371,0.5061690721338773,0.13213583954324695,0.0,
bp_fs200_legacy_abs,/home/test/bupt_hjk/sdp_dataset/xrf55/wifi/01_39_01.npy,1000,float64,0.0,0.4921962962962963,0.0,0.006437037037037037,0.5078037037037038,0.5105951750737352,0.1221777332888444,0.0,
bp_fs200_legacy_abs,/home/test/bupt_hjk/sdp_dataset/xrf55/wifi/01_39_02.npy,1000,float64,0.0,0.4955481481481481,0.0,0.005666666666666667,0.5044518518518518,0.5036942329233659,0.14510807103399695,0.0,
bp_fs200_legacy_abs,/home/test/bupt_hjk/sdp_dataset/xrf55/wifi/01_39_03.npy,1000,float64,0.0,0.5000703703703704,0.0,0.005785185185185185,0.4999296296296296,0.5004005732146283,0.14398472546620694,0.0,
bp_fs200_legacy_abs,/home/test/bupt_hjk/sdp_dataset/xrf55/wifi/01_39_04.npy,1000,float64,0.0,0.4941333333333333,0.0,0.006022222222222222,0.5058666666666667,0.5063083945107749,0.1384124865606347,0.0,
bp_fs200_legacy_abs,/home/test/bupt_hjk/sdp_dataset/xrf55/wifi/01_39_05.npy,1000,float64,0.0,0.4862740740740741,0.0,0.005585185185185185,0.5137259259259259,0.5161140272588379,0.13821970118266413,0.0,
bp_fs200_legacy_abs,/home/test/bupt_hjk/sdp_dataset/xrf55/wifi/01_39_06.npy,1000,float64,0.0,0.4819037037037037,0.0,0.006303703703703704,0.5180962962962963,0.5187392942788627,0.1358692025358692,0.0,
bp_fs200_legacy_abs,/home/test/bupt_hjk/sdp_dataset/xrf55/wifi/01_39_07.npy,1000,float64,0.0,0.5030777777777777,0.0,0.00602962962962963,0.4969222222222222,0.49860251020807905,0.13503132762392023,0.0,
bp_fs200_legacy_abs,/home/test/bupt_hjk/sdp_dataset/xrf55/wifi/01_39_08.npy,1000,float64,0.0,0.4880814814814815,0.0,0.005814814814814815,0.5119185185185186,0.5137487448610348,0.14254624995365736,0.0,
bp_fs200_legacy_abs,/home/test/bupt_hjk/sdp_dataset/xrf55/wifi/01_39_09.npy,1000,float64,0.0,0.49625185185185183,0.0,0.0060888888888888885,0.5037481481481482,0.5046761908370913,0.13993993993993994,0.0,
bp_fs200_legacy_abs,/home/test/bupt_hjk/sdp_dataset/xrf55/wifi/01_39_10.npy,1000,float64,0.0,0.5054814814814815,0.0,0.005711111111111111,0.4945185185185185,0.49501605894577744,0.13958402847291737,0.0,
bp_fs200_legacy_abs,/home/test/bupt_hjk/sdp_dataset/xrf55/wifi/01_39_11.npy,1000,float64,0.0,0.4951259259259259,0.0,0.006377777777777777,0.504874074074074,0.5064741223090284,0.1179142105068031,0.0,
bp_fs200_legacy_abs,/home/test/bupt_hjk/sdp_dataset/xrf55/wifi/01_39_12.npy,1000,float64,0.0,0.4973851851851852,0.0,0.005407407407407408,0.5026148148148148,0.5027995478380535,0.13755236718199682,0.0,
bp_fs200_legacy_abs,/home/test/bupt_hjk/sdp_dataset/xrf55/wifi/01_39_13.npy,1000,float64,0.0,0.499662962962963,0.0,0.005948148148148148,0.500337037037037,0.5023165876777251,0.12504726949171394,0.0,
bp_fs200_legacy_abs,/home/test/bupt_hjk/sdp_dataset/xrf55/wifi/01_39_14.npy,1000,float64,0.0,0.5022629629629629,0.0,0.006044444444444444,0.49773703703703703,0.4981171571917769,0.14330997664330997,0.0,
bp_fs200_legacy_abs,/home/test/bupt_hjk/sdp_dataset/xrf55/wifi/01_39_15.npy,1000,float64,0.0,0.5070777777777777,0.0,0.005392592592592593,0.4929222222222222,0.4928303576850671,0.13887591294998702,0.0,
bp_fs200_legacy_abs,/home/test/bupt_hjk/sdp_dataset/xrf55/wifi/01_39_16.npy,1000,float64,0.0,0.4897444444444444,0.0,0.006074074074074074,0.5102555555555556,0.5121202406321308,0.14664293923553182,0.0,
bp_fs200_legacy_abs,/home/test/bupt_hjk/sdp_dataset/xrf55/wifi/01_39_17.npy,1000,float64,0.0,0.49491851851851854,0.0,0.005844444444444445,0.5050814814814815,0.5080276180210602,0.1362102843584325,0.0,
bp_fs200_legacy_abs,/home/test/bupt_hjk/sdp_dataset/xrf55/wifi/01_39_18.npy,1000,float64,0.0,0.4975148148148148,0.0,0.005977777777777778,0.5024851851851851,0.5019853788465535,0.1412746079412746,0.0,
bp_fs200_legacy_abs,/home/test/bupt_hjk/sdp_dataset/xrf55/wifi/01_39_19.npy,1000,float64,0.0,0.4964,0.0,0.005096296296296297,0.5036,0.5037915355813751,0.14663181700218736,0.0,
bp_fs200_legacy_abs,/home/test/bupt_hjk/sdp_dataset/xrf55/wifi/01_39_20.npy,1000,float64,0.0,0.4969222222222222,0.0,0.0057777777777777775,0.5030777777777777,0.5030538442954642,0.14471137804471138,0.0,
bp_fs200_legacy_abs,/home/test/bupt_hjk/sdp_dataset/xrf55/wifi/01_40_01.npy,1000,float64,0.0,0.5091592592592593,0.0,0.0076518518518518515,0.49084074074074074,0.48794195250659633,0.12983353724094465,0.0,
bp_fs200_legacy_abs,/home/test/bupt_hjk/sdp_dataset/xrf55/wifi/01_40_02.npy,1000,float64,0.0,0.5108333333333334,0.0,0.0094,0.4891666666666667,0.4864278662341474,0.14666147629110593,0.0,
bp_fs200_legacy_abs,/home/test/bupt_hjk/sdp_dataset/xrf55/wifi/01_40_03.npy,1000,float64,0.0,0.5132518518518518,0.0,0.009933333333333334,0.48674814814814815,0.4853668036894034,0.14575316056797538,0.0,
bp_fs200_legacy_abs,/home/test/bupt_hjk/sdp_dataset/xrf55/wifi/01_40_04.npy,1000,float64,0.0,0.49745185185185187,0.0,0.009518518518518518,0.5025481481481482,0.5017568890541638,0.14741408074741408,0.0,
bp_fs200_legacy_abs,/home/test/bupt_hjk/sdp_dataset/xrf55/wifi/01_40_05.npy,1000,float64,0.0,0.5176111111111111,0.0,0.012051851851851852,0.48238888888888887,0.48079819712232985,0.1770622474326178,0.0,
bp_fs200_legacy_abs,/home/test/bupt_hjk/sdp_dataset/xrf55/wifi/01_40_06.npy,1000,float64,0.0,0.5118888888888888,0.0,0.011125925925925926,0.4881111111111111,0.48676325107234664,0.1521447373299225,0.0,
bp_fs200_legacy_abs,/home/test/bupt_hjk/sdp_dataset/xrf55/wifi/01_40_07.npy,1000,float64,0.0,0.49765185185185185,0.0,0.010185185185185186,0.5023481481481481,0.5043272681217545,0.15847699551403255,0.0,
bp_fs200_legacy_abs,/home/test/bupt_hjk/sdp_dataset/xrf55/wifi/01_40_08.npy,1000,float64,0.0,0.5024296296296297,0.0,0.010214814814814815,0.4975703703703704,0.4966224252836672,0.15007229451673895,0.0,
bp_fs200_legacy_abs,/home/test/bupt_hjk/sdp_dataset/xrf55/wifi/01_40_09.npy,1000,float64,0.0,0.5064962962962963,0.0,0.011414814814814815,0.4935037037037037,0.4939063058492546,0.17366996626255884,0.0,
bp_fs200_legacy_abs,/home/test/bupt_hjk/sdp_dataset/xrf55/wifi/01_40_10.npy,1000,float64,0.0,0.49546666666666667,0.0,0.009518518518518518,0.5045333333333333,0.5056300595226747,0.14847069291513737,0.0,
bp_fs200_legacy_abs,/home/test/bupt_hjk/sdp_dataset/xrf55/wifi/01_40_11.npy,1000,float64,0.0,0.5091148148148148,0.0,0.011844444444444444,0.4908851851851852,0.4895974724120214,0.17805212620027436,0.0,
bp_fs200_legacy_abs,/home/test/bupt_hjk/sdp_dataset/xrf55/wifi/01_40_12.npy,1000,float64,0.0,0.4979703703703704,0.0,0.011466666666666667,0.5020296296296296,0.5013056225758177,0.17697326956586215,0.0,
bp_fs200_legacy_abs,/home/test/bupt_hjk/sdp_dataset/xrf55/wifi/01_40_13.npy,1000,float64,0.0,0.5048703703703704,0.0,0.011962962962962963,0.49512962962962964,0.4950194839631995,0.17670633596559523,0.0,
bp_fs200_legacy_abs,/home/test/bupt_hjk/sdp_dataset/xrf55/wifi/01_40_14.npy,1000,float64,0.0,0.5072592592592593,0.0,0.010066666666666666,0.49274074074074076,0.4928950431588336,0.1615689763837912,0.0,
bp_fs200_legacy_abs,/home/test/bupt_hjk/sdp_dataset/xrf55/wifi/01_40_15.npy,1000,float64,0.0,0.49296666666666666,0.0,0.013444444444444445,0.5070333333333333,0.5066792040535859,0.19672635598561525,0.0,
bp_fs200_legacy_abs,/home/test/bupt_hjk/sdp_dataset/xrf55/wifi/01_40_16.npy,1000,float64,0.0,0.5103407407407408,0.0,0.010659259259259259,0.48965925925925924,0.4894074289742254,0.16001186371556742,0.0,
bp_fs200_legacy_abs,/home/test/bupt_hjk/sdp_dataset/xrf55/wifi/01_40_17.npy,1000,float64,0.0,0.5038481481481482,0.0,0.011925925925925927,0.49615185185185184,0.4952785304019841,0.18424350276202128,0.0,
bp_fs200_legacy_abs,/home/test/bupt_hjk/sdp_dataset/xrf55/wifi/01_40_18.npy,1000,float64,0.0,0.5110333333333333,0.0,0.010822222222222223,0.48896666666666666,0.4919890597144555,0.16079412746079413,0.0,
bp_fs200_legacy_abs,/home/test/bupt_hjk/sdp_dataset/xrf55/wifi/01_40_19.npy,1000,float64,0.0,0.4999222222222222,0.0,0.01451851851851852,0.5000777777777777,0.4993086070737178,0.1954176398620843,0.0,
bp_fs200_legacy_abs,/home/test/bupt_hjk/sdp_dataset/xrf55/wifi/01_40_20.npy,1000,float64,0.0,0.5022185185185185,0.0,0.013866666666666666,0.4977814814814815,0.49900477783638314,0.19129870611352093,0.0,
bp_fs200_legacy_abs,/home/test/bupt_hjk/sdp_dataset/xrf55/wifi/01_41_01.npy,1000,float64,0.0,0.49675185185185183,0.0,0.007333333333333333,0.5032481481481481,0.5044834542319525,0.12628925221517814,0.0,
bp_fs200_legacy_abs,/home/test/bupt_hjk/sdp_dataset/xrf55/wifi/01_41_02.npy,1000,float64,0.0,0.4973888888888889,0.0,0.007903703703703704,0.5026111111111111,0.5027271838159508,0.13831980128276425,0.0,
bp_fs200_legacy_abs,/home/test/bupt_hjk/sdp_dataset/xrf55/wifi/01_41_03.npy,1000,float64,0.0,0.4934962962962963,0.0,0.0076962962962962966,0.5065037037037037,0.5072468673375754,0.13534275015756497,0.0,
bp_fs200_legacy_abs,/home/test/bupt_hjk/sdp_dataset/xrf55/wifi/01_41_04.npy,1000,float64,0.0,0.49198888888888886,0.0,0.007303703703703704,0.5080111111111111,0.5079836056975446,0.12868794720646573,0.0,
bp_fs200_legacy_abs,/home/test/bupt_hjk/sdp_dataset/xrf55/wifi/01_41_05.npy,1000,float64,0.0,0.500437037037037,0.0,0.006281481481481482,0.499562962962963,0.5009839531300955,0.12001260519779039,0.0,
bp_fs200_legacy_abs,/home/test/bupt_hjk/sdp_dataset/xrf55/wifi/01_41_06.npy,1000,float64,0.0,0.5001592592592593,0.0,0.00717037037037037,0.49984074074074075,0.5005051434494725,0.1258406554702851,0.0,
bp_fs200_legacy_abs,/home/test/bupt_hjk/sdp_dataset/xrf55/wifi/01_41_07.npy,1000,float64,0.0,0.5079777777777778,0.0,0.007377777777777777,0.49202222222222225,0.49315207504904796,0.11866681496311125,0.0,
bp_fs200_legacy_abs,/home/test/bupt_hjk/sdp_dataset/xrf55/wifi/01_41_08.npy,1000,float64,0.0,0.49633333333333335,0.0,0.006970370370370371,0.5036666666666667,0.5038841145344691,0.12440959477996515,0.0,
bp_fs200_legacy_abs,/home/test/bupt_hjk/sdp_dataset/xrf55/wifi/01_41_09.npy,1000,float64,0.0,0.5009037037037037,0.0,0.0075703703703703705,0.4990962962962963,0.49661988639796967,0.1276239202165128,0.0,
bp_fs200_legacy_abs,/home/test/bupt_hjk/sdp_dataset/xrf55/wifi/01_41_10.npy,1000,float64,0.0,0.5051851851851852,0.0,0.00811111111111111,0.4948148148148148,0.4939206248569724,0.1231787342898454,0.0,
bp_fs200_legacy_abs,/home/test/bupt_hjk/sdp_dataset/xrf55/wifi/01_41_11.npy,1000,float64,0.0,0.4927259259259259,0.0,0.008,0.5072740740740741,0.5070259067357513,0.12877692507322136,0.0,
bp_fs200_legacy_abs,/home/test/bupt_hjk/sdp_dataset/xrf55/wifi/01_41_12.npy,1000,float64,0.0,0.4928592592592593,0.0,0.008792592592592593,0.5071407407407408,0.5078250590126534,0.13356319282245208,0.0,
bp_fs200_legacy_abs,/home/test/bupt_hjk/sdp_dataset/xrf55/wifi/01_41_13.npy,1000,float64,0.0,0.49217037037037037,0.0,0.007585185185185185,0.5078296296296296,0.5089402414449027,0.12457642828013199,0.0,
bp_fs200_legacy_abs,/home/test/bupt_hjk/sdp_dataset/xrf55/wifi/01_41_14.npy,1000,float64,0.0,0.48545555555555553,0.0,0.008207407407407408,0.5145444444444445,0.5146983818745773,0.13309976643309976,0.0,
bp_fs200_legacy_abs,/home/test/bupt_hjk/sdp_dataset/xrf55/wifi/01_41_15.npy,1000,float64,0.0,0.5011444444444444,0.0,0.008511111111111112,0.49885555555555555,0.49893527366852775,0.13037852667482297,0.0,
bp_fs200_legacy_abs,/home/test/bupt_hjk/sdp_dataset/xrf55/wifi/01_41_16.npy,1000,float64,0.0,0.505225925925926,0.0,0.007362962962962963,0.4947740740740741,0.4954645709597043,0.12281540800059318,0.0,
bp_fs200_legacy_abs,/home/test/bupt_hjk/sdp_dataset/xrf55/wifi/01_41_17.npy,1000,float64,0.0,0.49944074074074074,0.0,0.00802962962962963,0.5005592592592593,0.5006408208520474,0.12418715011307604,0.0,
bp_fs200_legacy_abs,/home/test/bupt_hjk/sdp_dataset/xrf55/wifi/01_41_18.npy,1000,float64,0.0,0.5035481481481482,0.0,0.007992592592592593,0.49645185185185187,0.4969265305200039,0.12612983353724094,0.0,
bp_fs200_legacy_abs,/home/test/bupt_hjk/sdp_dataset/xrf55/wifi/01_41_19.npy,1000,float64,0.0,0.5062518518518518,0.0,0.008155555555555555,0.49374814814814816,0.49285225989447407,0.13056389723056389,0.0,
bp_fs200_legacy_abs,/home/test/bupt_hjk/sdp_dataset/xrf55/wifi/01_41_20.npy,1000,float64,0.0,0.49757407407407406,0.0,0.007859259259259259,0.5024259259259259,0.5044365438645385,0.12230749267786305,0.0,
bp_fs200_legacy_abs,/home/test/bupt_hjk/sdp_dataset/xrf55/wifi/01_42_01.npy,1000,float64,0.0,0.5016,0.0,0.010088888888888889,0.4984,0.49890247374177793,0.15091387683980276,0.0,
bp_fs200_legacy_abs,/home/test/bupt_hjk/sdp_dataset/xrf55/wifi/01_42_02.npy,1000,float64,0.0,0.49316296296296297,0.0,0.009696296296296297,0.5068370370370371,0.508633112473145,0.13834575316056796,0.0,
bp_fs200_legacy_abs,/home/test/bupt_hjk/sdp_dataset/xrf55/wifi/01_42_03.npy,1000,float64,0.0,0.4927925925925926,0.0,0.01025925925925926,0.5072074074074074,0.5062663758765353,0.1488785081377674,0.0,
bp_fs200_legacy_abs,/home/test/bupt_hjk/sdp_dataset/xrf55/wifi/01_42_04.npy,1000,float64,0.0,0.5019629629629629,0.0,0.0114,0.49803703703703706,0.49680955558721424,0.1513031550068587,0.0,
bp_fs200_legacy_abs,/home/test/bupt_hjk/sdp_dataset/xrf55/wifi/01_42_05.npy,1000,float64,0.0,0.5216740740740741,0.0,0.01085925925925926,0.47832592592592593,0.4771441417812582,0.14990546101657212,0.0,
bp_fs200_legacy_abs,/home/test/bupt_hjk/sdp_dataset/xrf55/wifi/01_42_06.npy,1000,float64,0.0,0.508962962962963,0.0,0.01074074074074074,0.49103703703703705,0.4880689167644316,0.13984354725095466,0.0,
bp_fs200_legacy_abs,/home/test/bupt_hjk/sdp_dataset/xrf55/wifi/01_42_07.npy,1000,float64,0.0,0.5107407407407407,0.0,0.010637037037037037,0.4892592592592593,0.48832970140688703,0.14514143773403032,0.0,
bp_fs200_legacy_abs,/home/test/bupt_hjk/sdp_dataset/xrf55/wifi/01_42_08.npy,1000,float64,0.0,0.5053,0.0,0.009637037037037038,0.4947,0.4945233265720081,0.1449189930671412,0.0,
bp_fs200_legacy_abs,/home/test/bupt_hjk/sdp_dataset/xrf55/wifi/01_42_09.npy,1000,float64,0.0,0.5018518518518519,0.0,0.009925925925925927,0.4981481481481482,0.49821544815820784,0.14507099692284878,0.0,
bp_fs200_legacy_abs,/home/test/bupt_hjk/sdp_dataset/xrf55/wifi/01_42_10.npy,1000,float64,0.0,0.49466296296296297,0.0,0.012681481481481481,0.505337037037037,0.5060951115215816,0.1769843917992066,0.0,
bp_fs200_legacy_abs,/home/test/bupt_hjk/sdp_dataset/xrf55/wifi/01_42_11.npy,1000,float64,0.0,0.5217111111111111,0.0,0.010051851851851852,0.4782888888888889,0.4754958369999323,0.15569643717791867,0.0,
bp_fs200_legacy_abs,/home/test/bupt_hjk/sdp_dataset/xrf55/wifi/01_42_12.npy,1000,float64,0.0,0.5113888888888889,0.0,0.011444444444444445,0.4886111111111111,0.48692487788823313,0.16705965224483743,0.0,
bp_fs200_legacy_abs,/home/test/bupt_hjk/sdp_dataset/xrf55/wifi/01_42_13.npy,1000,float64,0.0,0.5025888888888889,0.0,0.011444444444444445,0.49741111111111114,0.4967961055134156,0.16186556927297668,0.0,
bp_fs200_legacy_abs,/home/test/bupt_hjk/sdp_dataset/xrf55/wifi/01_42_14.npy,1000,float64,0.0,0.5123777777777778,0.0,0.010866666666666667,0.48762222222222223,0.48467102219514124,0.1619916212508805,0.0,
bp_fs200_legacy_abs,/home/test/bupt_hjk/sdp_dataset/xrf55/wifi/01_42_15.npy,1000,float64,0.0,0.5013222222222222,0.0,0.013237037037037037,0.4986777777777778,0.4993370319313969,0.17989841693545397,0.0,
bp_fs200_legacy_abs,/home/test/bupt_hjk/sdp_dataset/xrf55/wifi/01_42_16.npy,1000,float64,0.0,0.5060407407407408,0.0,0.011407407407407408,0.49395925925925926,0.49353424801595497,0.16781225670114558,0.0,
bp_fs200_legacy_abs,/home/test/bupt_hjk/sdp_dataset/xrf55/wifi/01_42_17.npy,1000,float64,0.0,0.5035777777777778,0.0,0.012274074074074074,0.4964222222222222,0.49676653722800984,0.1974344715085456,0.0,
bp_fs200_legacy_abs,/home/test/bupt_hjk/sdp_dataset/xrf55/wifi/01_42_18.npy,1000,float64,0.0,0.5013925925925926,0.0,0.013422222222222223,0.4986074074074074,0.49968900579273545,0.19633337040744447,0.0,
bp_fs200_legacy_abs,/home/test/bupt_hjk/sdp_dataset/xrf55/wifi/01_42_19.npy,1000,float64,0.0,0.5071592592592593,0.0,0.012148148148148148,0.49284074074074075,0.49081088796156835,0.18518518518518517,0.0,
bp_fs200_legacy_abs,/home/test/bupt_hjk/sdp_dataset/xrf55/wifi/01_42_20.npy,1000,float64,0.0,0.49625925925925923,0.0,0.01262962962962963,0.5037407407407407,0.5035517503175904,0.18449931412894377,0.0,
bp_fs200_legacy_abs,/home/test/bupt_hjk/sdp_dataset/xrf55/wifi/01_43_01.npy,1000,float64,0.0,0.5088296296296296,0.0,0.015488888888888889,0.49117037037037037,0.4908248808413927,0.22904015126237348,0.0,
bp_fs200_legacy_abs,/home/test/bupt_hjk/sdp_dataset/xrf55/wifi/01_43_02.npy,1000,float64,0.0,0.4958592592592593,0.0,0.012548148148148149,0.5041407407407408,0.503593920627085,0.1874281689096504,0.0,
bp_fs200_legacy_abs,/home/test/bupt_hjk/sdp_dataset/xrf55/wifi/01_43_03.npy,1000,float64,0.0,0.48485555555555554,0.0,0.015318518518518518,0.5151444444444444,0.5096458848363755,0.22814666518370222,0.0,
bp_fs200_legacy_abs,/home/test/bupt_hjk/sdp_dataset/xrf55/wifi/01_43_04.npy,1000,float64,0.0,0.4872925925925926,0.0,0.013533333333333333,0.5127074074074074,0.5112326392780031,0.22606680754828903,0.0,
bp_fs200_legacy_abs,/home/test/bupt_hjk/sdp_dataset/xrf55/wifi/01_43_05.npy,1000,float64,0.0,0.49394074074074074,0.0,0.014103703703703703,0.5060592592592592,0.5060751614182359,0.221777332888444,0.0,
bp_fs200_legacy_abs,/home/test/bupt_hjk/sdp_dataset/xrf55/wifi/01_43_06.npy,1000,float64,0.0,0.5053518518518518,0.0,0.013007407407407407,0.49464814814814817,0.4937122924682246,0.20289178066955846,0.0,
bp_fs200_legacy_abs,/home/test/bupt_hjk/sdp_dataset/xrf55/wifi/01_43_07.npy,1000,float64,0.0,0.4913666666666667,0.0,0.013274074074074074,0.5086333333333334,0.5087691112074247,0.20575390205019833,0.0,
bp_fs200_legacy_abs,/home/test/bupt_hjk/sdp_dataset/xrf55/wifi/01_43_08.npy,1000,float64,0.0,0.4951074074074074,0.0,0.013288888888888888,0.5048925925925926,0.5033211985438253,0.19130982834686538,0.0,
bp_fs200_legacy_abs,/home/test/bupt_hjk/sdp_dataset/xrf55/wifi/01_43_09.npy,1000,float64,0.0,0.49744444444444447,0.0,0.015118518518518519,0.5025555555555555,0.5031268957976018,0.2300040781522263,0.0,
bp_fs200_legacy_abs,/home/test/bupt_hjk/sdp_dataset/xrf55/wifi/01_43_10.npy,1000,float64,0.0,0.497337037037037,0.0,0.013681481481481482,0.502662962962963,0.5039347706617517,0.19206614021428836,0.0,
bp_fs200_legacy_abs,/home/test/bupt_hjk/sdp_dataset/xrf55/wifi/01_43_11.npy,1000,float64,0.0,0.49933333333333335,0.0,0.0142,0.5006666666666667,0.49931982476587355,0.2129870611352093,0.0,
bp_fs200_legacy_abs,/home/test/bupt_hjk/sdp_dataset/xrf55/wifi/01_43_12.npy,1000,float64,0.0,0.5135814814814815,0.0,0.014162962962962962,0.48641851851851853,0.48607193361815476,0.21009157305453602,0.0,
bp_fs200_legacy_abs,/home/test/bupt_hjk/sdp_dataset/xrf55/wifi/01_43_13.npy,1000,float64,0.0,0.5131148148148148,0.0,0.01497037037037037,0.4868851851851852,0.48570584517813004,0.22341971601230862,0.0,
bp_fs200_legacy_abs,/home/test/bupt_hjk/sdp_dataset/xrf55/wifi/01_43_14.npy,1000,float64,0.0,0.4917185185185185,0.0,0.01542962962962963,0.5082814814814814,0.5035440895317117,0.2166685203722241,0.0,
bp_fs200_legacy_abs,/home/test/bupt_hjk/sdp_dataset/xrf55/wifi/01_43_15.npy,1000,float64,0.0,0.5083592592592593,0.0,0.014555555555555556,0.49164074074074077,0.4915622339168564,0.1986579171764357,0.0,
bp_fs200_legacy_abs,/home/test/bupt_hjk/sdp_dataset/xrf55/wifi/01_43_16.npy,1000,float64,0.0,0.4981185185185185,0.0,0.013407407407407408,0.5018814814814815,0.5025320817757535,0.20473807140473807,0.0,
bp_fs200_legacy_abs,/home/test/bupt_hjk/sdp_dataset/xrf55/wifi/01_43_17.npy,1000,float64,0.0,0.49565185185185184,0.0,0.012874074074074074,0.5043481481481481,0.5036820174535489,0.20708115522930337,0.0,
bp_fs200_legacy_abs,/home/test/bupt_hjk/sdp_dataset/xrf55/wifi/01_43_18.npy,1000,float64,0.0,0.5002148148148148,0.0,0.01382962962962963,0.49978518518518517,0.49856868798896914,0.2235605976346717,0.0,
bp_fs200_legacy_abs,/home/test/bupt_hjk/sdp_dataset/xrf55/wifi/01_43_19.npy,1000,float64,0.0,0.4994037037037037,0.0,0.015785185185185187,0.5005962962962963,0.5012015642724938,0.23328513698884068,0.0,
bp_fs200_legacy_abs,/home/test/bupt_hjk/sdp_dataset/xrf55/wifi/01_43_20.npy,1000,float64,0.0,0.5070592592592592,0.0,0.01771111111111111,0.49294074074074073,0.4931953115379305,0.2443740036332629,0.0,
bp_fs200_legacy_abs,/home/test/bupt_hjk/sdp_dataset/xrf55/wifi/01_44_01.npy,1000,float64,0.0,0.4986814814814815,0.0,0.013666666666666667,0.5013185185185185,0.5026952662278269,0.20545730916101287,0.0,
bp_fs200_legacy_abs,/home/test/bupt_hjk/sdp_dataset/xrf55/wifi/01_44_02.npy,1000,float64,0.0,0.4810962962962963,0.0,0.01357037037037037,0.5189037037037038,0.5199470478819153,0.19670781893004116,0.0,
bp_fs200_legacy_abs,/home/test/bupt_hjk/sdp_dataset/xrf55/wifi/01_44_03.npy,1000,float64,0.0,0.5011333333333333,0.0,0.013733333333333334,0.4988666666666667,0.4959310406671748,0.23101990879768658,0.0,
bp_fs200_legacy_abs,/home/test/bupt_hjk/sdp_dataset/xrf55/wifi/01_44_04.npy,1000,float64,0.0,0.5104666666666666,0.0,0.01414074074074074,0.4895333333333333,0.48752618692101984,0.2134690245801357,0.0,
bp_fs200_legacy_abs,/home/test/bupt_hjk/sdp_dataset/xrf55/wifi/01_44_05.npy,1000,float64,0.0,0.507137037037037,0.0,0.01422962962962963,0.49286296296296295,0.49213233962947317,0.21031772513253993,0.0,
bp_fs200_legacy_abs,/home/test/bupt_hjk/sdp_dataset/xrf55/wifi/01_44_06.npy,1000,float64,0.0,0.49954814814814813,0.0,0.014274074074074074,0.5004518518518518,0.49958659433011293,0.21276090905720535,0.0,
bp_fs200_legacy_abs,/home/test/bupt_hjk/sdp_dataset/xrf55/wifi/01_44_07.npy,1000,float64,0.0,0.4933518518518519,0.0,0.015792592592592594,0.5066481481481482,0.5048395294117647,0.2389908426945464,0.0,
bp_fs200_legacy_abs,/home/test/bupt_hjk/sdp_dataset/xrf55/wifi/01_44_08.npy,1000,float64,0.0,0.4945,0.0,0.014651851851851852,0.5055,0.505688660827156,0.21494457420383345,0.0,
bp_fs200_legacy_abs,/home/test/bupt_hjk/sdp_dataset/xrf55/wifi/01_44_09.npy,1000,float64,0.0,0.4968296296296296,0.0,0.015207407407407407,0.5031703703703704,0.5027417438465374,0.23412301190078968,0.0,
bp_fs200_legacy_abs,/home/test/bupt_hjk/sdp_dataset/xrf55/wifi/01_44_10.npy,1000,float64,0.0,0.4864962962962963,0.0,0.01457037037037037,0.5135037037037037,0.5118827582845639,0.20809327846364883,0.0,
bp_fs200_legacy_abs,/home/test/bupt_hjk/sdp_dataset/xrf55/wifi/01_44_11.npy,1000,float64,0.0,0.5009185185185185,0.0,0.013288888888888888,0.49908148148148146,0.4982809136570199,0.20375190004819635,0.0,
bp_fs200_legacy_abs,/home/test/bupt_hjk/sdp_dataset/xrf55/wifi/01_44_12.npy,1000,float64,0.0,0.503225925925926,0.0,0.015303703703703703,0.4967740740740741,0.49607731580602177,0.22767953138323507,0.0,
bp_fs200_legacy_abs,/home/test/bupt_hjk/sdp_dataset/xrf55/wifi/01_44_13.npy,1000,float64,0.0,0.4945555555555556,0.0,0.015414814814814815,0.5054444444444445,0.5046658306975351,0.23276239202165128,0.0,
bp_fs200_legacy_abs,/home/test/bupt_hjk/sdp_dataset/xrf55/wifi/01_44_14.npy,1000,float64,0.0,0.4981777777777778,0.0,0.013118518518518519,0.5018222222222222,0.5052590704828543,0.18645682719756793,0.0,
bp_fs200_legacy_abs,/home/test/bupt_hjk/sdp_dataset/xrf55/wifi/01_44_15.npy,1000,float64,0.0,0.503437037037037,0.0,0.014474074074074073,0.496562962962963,0.4969145777172818,0.22020168316464614,0.0,
bp_fs200_legacy_abs,/home/test/bupt_hjk/sdp_dataset/xrf55/wifi/01_44_16.npy,1000,float64,0.0,0.5057962962962963,0.0,0.015081481481481482,0.4942037037037037,0.4941471476605688,0.22538835131427723,0.0,
bp_fs200_legacy_abs,/home/test/bupt_hjk/sdp_dataset/xrf55/wifi/01_44_17.npy,1000,float64,0.0,0.5019962962962963,0.0,0.015607407407407407,0.4980037037037037,0.4960183555490783,0.22762392021651282,0.0,
bp_fs200_legacy_abs,/home/test/bupt_hjk/sdp_dataset/xrf55/wifi/01_44_18.npy,1000,float64,0.0,0.5087037037037037,0.0,0.01634074074074074,0.4912962962962963,0.4911999162074912,0.23285507729952173,0.0,
bp_fs200_legacy_abs,/home/test/bupt_hjk/sdp_dataset/xrf55/wifi/01_44_19.npy,1000,float64,0.0,0.5151370370370371,0.0,0.015607407407407407,0.48486296296296294,0.48496626987834734,0.23136840544247952,0.0,
bp_fs200_legacy_abs,/home/test/bupt_hjk/sdp_dataset/xrf55/wifi/01_44_20.npy,1000,float64,0.0,0.4997111111111111,0.0,0.016437037037037038,0.5002888888888889,0.4989586987840289,0.23696659622585547,0.0,
bp_fs200_legacy_abs,/home/test/bupt_hjk/sdp_dataset/xrf55/wifi/01_45_01.npy,1000,float64,0.0,0.49725185185185183,0.0,0.008525925925925926,0.5027481481481482,0.5006116311544209,0.13023764505245986,0.0,
bp_fs200_legacy_abs,/home/test/bupt_hjk/sdp_dataset/xrf55/wifi/01_45_02.npy,1000,float64,0.0,0.5035851851851851,0.0,0.007577777777777778,0.4964148148148148,0.4963911525029104,0.11222704185667148,0.0,
bp_fs200_legacy_abs,/home/test/bupt_hjk/sdp_dataset/xrf55/wifi/01_45_03.npy,1000,float64,0.0,0.5004925925925926,0.0,0.008244444444444445,0.4995074074074074,0.4986508405432766,0.12042412783153524,0.0,
bp_fs200_legacy_abs,/home/test/bupt_hjk/sdp_dataset/xrf55/wifi/01_45_04.npy,1000,float64,0.0,0.5065037037037037,0.0,0.006844444444444445,0.4934962962962963,0.4931920364494835,0.10841211581952323,0.0,
bp_fs200_legacy_abs,/home/test/bupt_hjk/sdp_dataset/xrf55/wifi/01_45_05.npy,1000,float64,0.0,0.49493333333333334,0.0,0.008103703703703703,0.5050666666666667,0.5065751280005693,0.12214436658881103,0.0,
bp_fs200_legacy_abs,/home/test/bupt_hjk/sdp_dataset/xrf55/wifi/01_45_06.npy,1000,float64,0.0,0.5008111111111111,0.0,0.007851851851851851,0.4991888888888889,0.49766521567075583,0.10725911096281467,0.0,
bp_fs200_legacy_abs,/home/test/bupt_hjk/sdp_dataset/xrf55/wifi/01_45_07.npy,1000,float64,0.0,0.49986296296296295,0.0,0.008785185185185186,0.500137037037037,0.5009729705409266,0.11842954065176288,0.0,
bp_fs200_legacy_abs,/home/test/bupt_hjk/sdp_dataset/xrf55/wifi/01_45_08.npy,1000,float64,0.0,0.49694074074074074,0.0,0.0076296296296296294,0.5030592592592592,0.5051370185339261,0.11113706298891485,0.0,
bp_fs200_legacy_abs,/home/test/bupt_hjk/sdp_dataset/xrf55/wifi/01_45_09.npy,1000,float64,0.0,0.5036037037037037,0.0,0.008674074074074074,0.4963962962962963,0.49590286836699504,0.12415749082415749,0.0,
bp_fs200_legacy_abs,/home/test/bupt_hjk/sdp_dataset/xrf55/wifi/01_45_10.npy,1000,float64,0.0,0.5051,0.0,0.009,0.4949,0.4956974252576443,0.1191154117080043,0.0,
bp_fs200_legacy_abs,/home/test/bupt_hjk/sdp_dataset/xrf55/wifi/01_45_11.npy,1000,float64,0.0,0.5055555555555555,0.0,0.00702962962962963,0.49444444444444446,0.4925194629358005,0.11038445853260669,0.0,
bp_fs200_legacy_abs,/home/test/bupt_hjk/sdp_dataset/xrf55/wifi/01_45_12.npy,1000,float64,0.0,0.49971481481481483,0.0,0.007496296296296296,0.5002851851851852,0.5008734901366844,0.10967634300967634,0.0,
bp_fs200_legacy_abs,/home/test/bupt_hjk/sdp_dataset/xrf55/wifi/01_45_13.npy,1000,float64,0.0,0.5161962962962963,0.0,0.009140740740740741,0.4838037037037037,0.48360198446129365,0.12687131576020466,0.0,
bp_fs200_legacy_abs,/home/test/bupt_hjk/sdp_dataset/xrf55/wifi/01_45_14.npy,1000,float64,0.0,0.5210111111111111,0.0,0.008770370370370371,0.4789888888888889,0.4778838597111346,0.1186149112075038,0.0,
bp_fs200_legacy_abs,/home/test/bupt_hjk/sdp_dataset/xrf55/wifi/01_45_15.npy,1000,float64,0.0,0.5011777777777778,0.0,0.008429629629629629,0.4988222222222222,0.5008291873963516,0.11914877840803767,0.0,
bp_fs200_legacy_abs,/home/test/bupt_hjk/sdp_dataset/xrf55/wifi/01_45_16.npy,1000,float64,0.0,0.5069,0.0,0.007666666666666666,0.4931,0.49322410889436513,0.10602083565046529,0.0,
bp_fs200_legacy_abs,/home/test/bupt_hjk/sdp_dataset/xrf55/wifi/01_45_17.npy,1000,float64,0.0,0.5022111111111112,0.0,0.009807407407407407,0.4977888888888889,0.4999699681662562,0.13409706002298594,0.0,
bp_fs200_legacy_abs,/home/test/bupt_hjk/sdp_dataset/xrf55/wifi/01_45_18.npy,1000,float64,0.0,0.5032703703703704,0.0,0.009348148148148149,0.49672962962962963,0.497454163698399,0.12256701145590035,0.0,
bp_fs200_legacy_abs,/home/test/bupt_hjk/sdp_dataset/xrf55/wifi/01_45_19.npy,1000,float64,0.0,0.5029,0.0,0.009814814814814814,0.4971,0.49744759422178775,0.12290438586734884,0.0,
bp_fs200_legacy_abs,/home/test/bupt_hjk/sdp_dataset/xrf55/wifi/01_45_20.npy,1000,float64,0.0,0.4926814814814815,0.0,0.009192592592592592,0.5073185185185185,0.509998341775205,0.11597523449375301,0.0,
bp_fs200_legacy_abs,/home/test/bupt_hjk/sdp_dataset/xrf55/wifi/01_46_01.npy,1000,float64,0.0,0.5087962962962963,0.0,0.009481481481481481,0.4912037037037037,0.49312141194434256,0.13151670188707226,0.0,
bp_fs200_legacy_abs,/home/test/bupt_hjk/sdp_dataset/xrf55/wifi/01_46_02.npy,1000,float64,0.0,0.5039777777777777,0.0,0.00977037037037037,0.4960222222222222,0.49336376510289554,0.1330626923219516,0.0,
bp_fs200_legacy_abs,/home/test/bupt_hjk/sdp_dataset/xrf55/wifi/01_46_03.npy,1000,float64,0.0,0.5045555555555555,0.0,0.010844444444444445,0.49544444444444447,0.49574557329897834,0.14358803247692137,0.0,
bp_fs200_legacy_abs,/home/test/bupt_hjk/sdp_dataset/xrf55/wifi/01_46_04.npy,1000,float64,0.0,0.5009481481481481,0.0,0.009066666666666667,0.49905185185185186,0.4992227696500017,0.1219775330886442,0.0,
bp_fs200_legacy_abs,/home/test/bupt_hjk/sdp_dataset/xrf55/wifi/01_46_05.npy,1000,float64,0.0,0.4998666666666667,0.0,0.0086,0.5001333333333333,0.5001895268583952,0.12366069773477181,0.0,
bp_fs200_legacy_abs,/home/test/bupt_hjk/sdp_dataset/xrf55/wifi/01_46_06.npy,1000,float64,0.0,0.48688888888888887,0.0,0.01097037037037037,0.5131111111111111,0.5138621139723808,0.15088421755088421,0.0,
bp_fs200_legacy_abs,/home/test/bupt_hjk/sdp_dataset/xrf55/wifi/01_46_07.npy,1000,float64,0.0,0.5058666666666667,0.0,0.009103703703703704,0.4941333333333333,0.49487798940015354,0.1255403551699848,0.0,
bp_fs200_legacy_abs,/home/test/bupt_hjk/sdp_dataset/xrf55/wifi/01_46_08.npy,1000,float64,0.0,0.5041,0.0,0.0098,0.4959,0.49705793374678564,0.14813331850368888,0.0,
bp_fs200_legacy_abs,/home/test/bupt_hjk/sdp_dataset/xrf55/wifi/01_46_09.npy,1000,float64,0.0,0.5083703703703704,0.0,0.009177777777777778,0.49162962962962964,0.49198175390238785,0.13602491380269158,0.0,
bp_fs200_legacy_abs,/home/test/bupt_hjk/sdp_dataset/xrf55/wifi/01_46_10.npy,1000,float64,0.0,0.5042555555555556,0.0,0.00908888888888889,0.49574444444444443,0.4951868608428808,0.12875468060653245,0.0,
bp_fs200_legacy_abs,/home/test/bupt_hjk/sdp_dataset/xrf55/wifi/01_46_11.npy,1000,float64,0.0,0.4883777777777778,0.0,0.009533333333333333,0.5116222222222222,0.5162531321238154,0.13502020539057577,0.0,
bp_fs200_legacy_abs,/home/test/bupt_hjk/sdp_dataset/xrf55/wifi/01_46_12.npy,1000,float64,0.0,0.4990703703703704,0.0,0.008748148148148149,0.5009296296296296,0.5033598595274811,0.1282430578726875,0.0,
bp_fs200_legacy_abs,/home/test/bupt_hjk/sdp_dataset/xrf55/wifi/01_46_13.npy,1000,float64,0.0,0.5012333333333333,0.0,0.009533333333333333,0.4987666666666667,0.500909260991581,0.1314425536647759,0.0,
bp_fs200_legacy_abs,/home/test/bupt_hjk/sdp_dataset/xrf55/wifi/01_46_14.npy,1000,float64,0.0,0.5119555555555556,0.0,0.01105925925925926,0.48804444444444445,0.48681418272547916,0.1688169651132614,0.0,
bp_fs200_legacy_abs,/home/test/bupt_hjk/sdp_dataset/xrf55/wifi/01_46_15.npy,1000,float64,0.0,0.5084851851851852,0.0,0.012133333333333333,0.4915148148148148,0.4895407810496967,0.16720424127831535,0.0,
bp_fs200_legacy_abs,/home/test/bupt_hjk/sdp_dataset/xrf55/wifi/01_46_16.npy,1000,float64,0.0,0.502,0.0,0.01094074074074074,0.498,0.49805042597628957,0.15505876246616987,0.0,
bp_fs200_legacy_abs,/home/test/bupt_hjk/sdp_dataset/xrf55/wifi/01_46_17.npy,1000,float64,0.0,0.5019,0.0,0.011103703703703704,0.4981,0.49729125879873864,0.1529826122418715,0.0,
bp_fs200_legacy_abs,/home/test/bupt_hjk/sdp_dataset/xrf55/wifi/01_46_18.npy,1000,float64,0.0,0.5074333333333333,0.0,0.00977037037037037,0.49256666666666665,0.49367681323374063,0.1402921439958477,0.0,
bp_fs200_legacy_abs,/home/test/bupt_hjk/sdp_dataset/xrf55/wifi/01_46_19.npy,1000,float64,0.0,0.5167925925925926,0.0,0.00957037037037037,0.4832074074074074,0.4820994065003768,0.13595818040262483,0.0,
bp_fs200_legacy_abs,/home/test/bupt_hjk/sdp_dataset/xrf55/wifi/01_46_20.npy,1000,float64,0.0,0.5154481481481481,0.0,0.008977777777777777,0.48455185185185184,0.4839099990663804,0.1273199125050977,0.0,
bp_fs200_legacy_abs,/home/test/bupt_hjk/sdp_dataset/xrf55/wifi/01_47_01.npy,1000,float64,0.0,0.4977925925925926,0.0,0.00954074074074074,0.5022074074074074,0.4999792420714148,0.1391725058391725,0.0,
bp_fs200_legacy_abs,/home/test/bupt_hjk/sdp_dataset/xrf55/wifi/01_47_02.npy,1000,float64,0.0,0.513437037037037,0.0,0.010533333333333334,0.486562962962963,0.48531913767420054,0.14233863493122753,0.0,
bp_fs200_legacy_abs,/home/test/bupt_hjk/sdp_dataset/xrf55/wifi/01_47_03.npy,1000,float64,0.0,0.5106666666666667,0.0,0.00817037037037037,0.48933333333333334,0.4897089894284111,0.11936380825269714,0.0,
bp_fs200_legacy_abs,/home/test/bupt_hjk/sdp_dataset/xrf55/wifi/01_47_04.npy,1000,float64,0.0,0.5029703703703704,0.0,0.009244444444444444,0.49702962962962965,0.4967013843309192,0.12967041115189262,0.0,
bp_fs200_legacy_abs,/home/test/bupt_hjk/sdp_dataset/xrf55/wifi/01_47_05.npy,1000,float64,0.0,0.4857925925925926,0.0,0.009696296296296297,0.5142074074074074,0.5162234142315916,0.13866459051644237,0.0,
bp_fs200_legacy_abs,/home/test/bupt_hjk/sdp_dataset/xrf55/wifi/01_47_06.npy,1000,float64,0.0,0.5061296296296296,0.0,0.01002962962962963,0.49387037037037035,0.49352725965481214,0.1405145886627368,0.0,
bp_fs200_legacy_abs,/home/test/bupt_hjk/sdp_dataset/xrf55/wifi/01_47_07.npy,1000,float64,0.0,0.49193703703703706,0.0,0.00931111111111111,0.5080629629629629,0.5099306170874195,0.1328068809550291,0.0,
bp_fs200_legacy_abs,/home/test/bupt_hjk/sdp_dataset/xrf55/wifi/01_47_08.npy,1000,float64,0.0,0.490562962962963,0.0,0.01037037037037037,0.509437037037037,0.5112302233291574,0.1347681014347681,0.0,
bp_fs200_legacy_abs,/home/test/bupt_hjk/sdp_dataset/xrf55/wifi/01_47_09.npy,1000,float64,0.0,0.5092703703703704,0.0,0.010303703703703704,0.4907296296296296,0.49206892788463347,0.13907982056130205,0.0,
bp_fs200_legacy_abs,/home/test/bupt_hjk/sdp_dataset/xrf55/wifi/01_47_10.npy,1000,float64,0.0,0.5019111111111111,0.0,0.011214814814814815,0.4980888888888889,0.49925420919808655,0.13850887924962,0.0,
bp_fs200_legacy_abs,/home/test/bupt_hjk/sdp_dataset/xrf55/wifi/01_47_11.npy,1000,float64,0.0,0.5017777777777778,0.0,0.010792592592592593,0.49822222222222223,0.4997901693390145,0.1489749008267527,0.0,
bp_fs200_legacy_abs,/home/test/bupt_hjk/sdp_dataset/xrf55/wifi/01_47_12.npy,1000,float64,0.0,0.5133888888888889,0.0,0.011518518518518518,0.4866111111111111,0.4861738244461071,0.15547399251102956,0.0,
bp_fs200_legacy_abs,/home/test/bupt_hjk/sdp_dataset/xrf55/wifi/01_47_13.npy,1000,float64,0.0,0.5065148148148149,0.0,0.010222222222222223,0.4934851851851852,0.49448841419125145,0.1398472546620695,0.0,
bp_fs200_legacy_abs,/home/test/bupt_hjk/sdp_dataset/xrf55/wifi/01_47_14.npy,1000,float64,0.0,0.500537037037037,0.0,0.011133333333333334,0.49946296296296294,0.4987453374025093,0.1528417306195084,0.0,
bp_fs200_legacy_abs,/home/test/bupt_hjk/sdp_dataset/xrf55/wifi/01_47_15.npy,1000,float64,0.0,0.503225925925926,0.0,0.010637037037037037,0.4967740740740741,0.4978423827631822,0.14943091239387535,0.0,
bp_fs200_legacy_abs,/home/test/bupt_hjk/sdp_dataset/xrf55/wifi/01_47_16.npy,1000,float64,0.0,0.4996259259259259,0.0,0.010274074074074074,0.5003740740740741,0.5018294250162532,0.14574574574574575,0.0,
bp_fs200_legacy_abs,/home/test/bupt_hjk/sdp_dataset/xrf55/wifi/01_47_17.npy,1000,float64,0.0,0.5006851851851852,0.0,0.009933333333333334,0.4993148148148148,0.49855785769098465,0.14568271975679384,0.0,
bp_fs200_legacy_abs,/home/test/bupt_hjk/sdp_dataset/xrf55/wifi/01_47_18.npy,1000,float64,0.0,0.5069185185185185,0.0,0.010866666666666667,0.49308148148148145,0.4923788816833157,0.15355355355355355,0.0,
bp_fs200_legacy_abs,/home/test/bupt_hjk/sdp_dataset/xrf55/wifi/01_47_19.npy,1000,float64,0.0,0.4966703703703704,0.0,0.011303703703703703,0.5033296296296297,0.5020456292099276,0.1544470396322248,0.0,
bp_fs200_legacy_abs,/home/test/bupt_hjk/sdp_dataset/xrf55/wifi/01_47_20.npy,1000,float64,0.0,0.49256666666666665,0.0,0.011118518518518519,0.5074333333333333,0.5084252969541047,0.14971638304971638,0.0,
bp_fs200_legacy_abs,/home/test/bupt_hjk/sdp_dataset/xrf55/wifi/01_48_01.npy,1000,float64,0.0,0.4942740740740741,0.0,0.009940740740740741,0.5057259259259259,0.5080503005775505,0.15046898750602455,0.0,
bp_fs200_legacy_abs,/home/test/bupt_hjk/sdp_dataset/xrf55/wifi/01_48_02.npy,1000,float64,0.0,0.49314814814814817,0.0,0.009992592592592593,0.5068518518518519,0.5081673870778988,0.14422199977755534,0.0,
bp_fs200_legacy_abs,/home/test/bupt_hjk/sdp_dataset/xrf55/wifi/01_48_03.npy,1000,float64,0.0,0.4963111111111111,0.0,0.010866666666666667,0.5036888888888889,0.5050793795412614,0.14563452341230118,0.0,
bp_fs200_legacy_abs,/home/test/bupt_hjk/sdp_dataset/xrf55/wifi/01_48_04.npy,1000,float64,0.0,0.49848148148148147,0.0,0.010377777777777777,0.5015185185185185,0.5023805198540654,0.14910836762688615,0.0,
bp_fs200_legacy_abs,/home/test/bupt_hjk/sdp_dataset/xrf55/wifi/01_48_05.npy,1000,float64,0.0,0.5011444444444444,0.0,0.009155555555555556,0.49885555555555555,0.497996890356701,0.13218403588773958,0.0,
bp_fs200_legacy_abs,/home/test/bupt_hjk/sdp_dataset/xrf55/wifi/01_48_06.npy,1000,float64,0.0,0.49794814814814814,0.0,0.008955555555555555,0.5020518518518519,0.5023364045393003,0.1401290179067957,0.0,
bp_fs200_legacy_abs,/home/test/bupt_hjk/sdp_dataset/xrf55/wifi/01_48_07.npy,1000,float64,0.0,0.5030925925925926,0.0,0.008925925925925926,0.4969074074074074,0.4973130074440757,0.13855336818299782,0.0,
bp_fs200_legacy_abs,/home/test/bupt_hjk/sdp_dataset/xrf55/wifi/01_48_08.npy,1000,float64,0.0,0.5202888888888889,0.0,0.00897037037037037,0.4797111111111111,0.4799796996297062,0.13383383383383382,0.0,
bp_fs200_legacy_abs,/home/test/bupt_hjk/sdp_dataset/xrf55/wifi/01_48_09.npy,1000,float64,0.0,0.4896333333333333,0.0,0.00845925925925926,0.5103666666666666,0.5126205684723343,0.127824120416713,0.0,
bp_fs200_legacy_abs,/home/test/bupt_hjk/sdp_dataset/xrf55/wifi/01_48_10.npy,1000,float64,0.0,0.502674074074074,0.0,0.009111111111111111,0.49732592592592595,0.4972582394533863,0.13701479257034813,0.0,
bp_fs200_legacy_abs,/home/test/bupt_hjk/sdp_dataset/xrf55/wifi/01_48_11.npy,1000,float64,0.0,0.5100518518518519,0.0,0.007785185185185185,0.48994814814814813,0.4886241008884895,0.12278945612278945,0.0,
bp_fs200_legacy_abs,/home/test/bupt_hjk/sdp_dataset/xrf55/wifi/01_48_12.npy,1000,float64,0.0,0.49803333333333333,0.0,0.007474074074074074,0.5019666666666667,0.5037387817740031,0.11794757720683646,0.0,
bp_fs200_legacy_abs,/home/test/bupt_hjk/sdp_dataset/xrf55/wifi/01_48_13.npy,1000,float64,0.0,0.4972185185185185,0.0,0.007207407407407407,0.5027814814814815,0.5041014980036624,0.11732102472843213,0.0,
bp_fs200_legacy_abs,/home/test/bupt_hjk/sdp_dataset/xrf55/wifi/01_48_14.npy,1000,float64,0.0,0.5005333333333334,0.0,0.0076740740740740745,0.49946666666666667,0.5008821056424732,0.11924887850813777,0.0,
bp_fs200_legacy_abs,/home/test/bupt_hjk/sdp_dataset/xrf55/wifi/01_48_15.npy,1000,float64,0.0,0.5069814814814815,0.0,0.007355555555555555,0.4930185185185185,0.4931345007745018,0.11144477811144478,0.0,
bp_fs200_legacy_abs,/home/test/bupt_hjk/sdp_dataset/xrf55/wifi/01_48_16.npy,1000,float64,0.0,0.514325925925926,0.0,0.007666666666666666,0.4856740740740741,0.4863265650486529,0.11465910354799244,0.0,
bp_fs200_legacy_abs,/home/test/bupt_hjk/sdp_dataset/xrf55/wifi/01_48_17.npy,1000,float64,0.0,0.4972111111111111,0.0,0.00814074074074074,0.5027888888888888,0.5054182742072081,0.12566640714788863,0.0,
bp_fs200_legacy_abs,/home/test/bupt_hjk/sdp_dataset/xrf55/wifi/01_48_18.npy,1000,float64,0.0,0.49816666666666665,0.0,0.008296296296296296,0.5018333333333334,0.5024720602754742,0.12443554665776888,0.0,
bp_fs200_legacy_abs,/home/test/bupt_hjk/sdp_dataset/xrf55/wifi/01_48_19.npy,1000,float64,0.0,0.4925074074074074,0.0,0.00694074074074074,0.5074925925925926,0.5102545902482809,0.11464798131464798,0.0,
bp_fs200_legacy_abs,/home/test/bupt_hjk/sdp_dataset/xrf55/wifi/01_48_20.npy,1000,float64,0.0,0.5083518518518518,0.0,0.008296296296296296,0.49164814814814817,0.4940452224433967,0.12087272457642828,0.0,
bp_fs200_legacy_abs,/home/test/bupt_hjk/sdp_dataset/xrf55/wifi/01_49_01.npy,1000,float64,0.0,0.4981851851851852,0.0,0.008666666666666666,0.5018148148148148,0.5029200156536922,0.14302079857635414,0.0,
bp_fs200_legacy_abs,/home/test/bupt_hjk/sdp_dataset/xrf55/wifi/01_49_02.npy,1000,float64,0.0,0.5117888888888888,0.0,0.009066666666666667,0.4882111111111111,0.4882632648674739,0.14462610758907055,0.0,
bp_fs200_legacy_abs,/home/test/bupt_hjk/sdp_dataset/xrf55/wifi/01_49_03.npy,1000,float64,0.0,0.4975888888888889,0.0,0.008,0.5024111111111111,0.5030248896628337,0.13716308901494087,0.0,
bp_fs200_legacy_abs,/home/test/bupt_hjk/sdp_dataset/xrf55/wifi/01_49_04.npy,1000,float64,0.0,0.5054333333333333,0.0,0.009555555555555555,0.49456666666666665,0.4933342887205229,0.1481963444926408,0.0,
bp_fs200_legacy_abs,/home/test/bupt_hjk/sdp_dataset/xrf55/wifi/01_49_05.npy,1000,float64,0.0,0.49605925925925926,0.0,0.008770370370370371,0.5039407407407407,0.503591497678964,0.126741556371186,0.0,
bp_fs200_legacy_abs,/home/test/bupt_hjk/sdp_dataset/xrf55/wifi/01_49_06.npy,1000,float64,0.0,0.5012407407407408,0.0,0.008251851851851852,0.49875925925925924,0.49956344367670746,0.1316019723427131,0.0,
bp_fs200_legacy_abs,/home/test/bupt_hjk/sdp_dataset/xrf55/wifi/01_49_07.npy,1000,float64,0.0,0.5128074074074074,0.0,0.008437037037037036,0.48719259259259257,0.4883950691770775,0.12762762762762764,0.0,
bp_fs200_legacy_abs,/home/test/bupt_hjk/sdp_dataset/xrf55/wifi/01_49_08.npy,1000,float64,0.0,0.5072222222222222,0.0,0.008192592592592593,0.49277777777777776,0.49160474893572015,0.13236940644348053,0.0,
bp_fs200_legacy_abs,/home/test/bupt_hjk/sdp_dataset/xrf55/wifi/01_49_09.npy,1000,float64,0.0,0.5109444444444444,0.0,0.007044444444444444,0.4890555555555556,0.48727851490899216,0.12446891335780225,0.0,
bp_fs200_legacy_abs,/home/test/bupt_hjk/sdp_dataset/xrf55/wifi/01_49_10.npy,1000,float64,0.0,0.5082444444444445,0.0,0.008037037037037037,0.49175555555555556,0.4902581890276247,0.13021910799688577,0.0,
bp_fs200_legacy_abs,/home/test/bupt_hjk/sdp_dataset/xrf55/wifi/01_49_11.npy,1000,float64,0.0,0.5076259259259259,0.0,0.0075481481481481484,0.4923740740740741,0.49194082244843146,0.1195973751529307,0.0,
bp_fs200_legacy_abs,/home/test/bupt_hjk/sdp_dataset/xrf55/wifi/01_49_12.npy,1000,float64,0.0,0.49929259259259257,0.0,0.008044444444444444,0.5007074074074074,0.502471497149715,0.1311830348867386,0.0,
bp_fs200_legacy_abs,/home/test/bupt_hjk/sdp_dataset/xrf55/wifi/01_49_13.npy,1000,float64,0.0,0.5009592592592592,0.0,0.00837037037037037,0.49904074074074073,0.4994066209796217,0.13309605902198496,0.0,
bp_fs200_legacy_abs,/home/test/bupt_hjk/sdp_dataset/xrf55/wifi/01_49_14.npy,1000,float64,0.0,0.5081925925925926,0.0,0.0076296296296296294,0.4918074074074074,0.49237037538656014,0.12579245912579246,0.0,
bp_fs200_legacy_abs,/home/test/bupt_hjk/sdp_dataset/xrf55/wifi/01_49_15.npy,1000,float64,0.0,0.4998222222222222,0.0,0.007096296296296297,0.5001777777777778,0.5023362204310364,0.11663515367219071,0.0,
bp_fs200_legacy_abs,/home/test/bupt_hjk/sdp_dataset/xrf55/wifi/01_49_16.npy,1000,float64,0.0,0.5088111111111111,0.0,0.007614814814814815,0.4911888888888889,0.4915386038224447,0.12455047640232825,0.0,
bp_fs200_legacy_abs,/home/test/bupt_hjk/sdp_dataset/xrf55/wifi/01_49_17.npy,1000,float64,0.0,0.5126074074074074,0.0,0.008333333333333333,0.4873925925925926,0.4884731378742983,0.1351499647795944,0.0,
bp_fs200_legacy_abs,/home/test/bupt_hjk/sdp_dataset/xrf55/wifi/01_49_18.npy,1000,float64,0.0,0.505674074074074,0.0,0.008555555555555556,0.49432592592592595,0.4951729185451226,0.13563934304675046,0.0,
bp_fs200_legacy_abs,/home/test/bupt_hjk/sdp_dataset/xrf55/wifi/01_49_19.npy,1000,float64,0.0,0.48783333333333334,0.0,0.007874074074074073,0.5121666666666667,0.5149480770823763,0.12410187965743522,0.0,
bp_fs200_legacy_abs,/home/test/bupt_hjk/sdp_dataset/xrf55/wifi/01_49_20.npy,1000,float64,0.0,0.4895925925925926,0.0,0.008562962962962963,0.5104074074074074,0.5124036318737577,0.13207281355429504,0.0,
bp_fs200_legacy_abs,/home/test/bupt_hjk/sdp_dataset/xrf55/wifi/01_50_01.npy,1000,float64,0.0,0.5041666666666667,0.0,0.011185185185185185,0.49583333333333335,0.4941004568975633,0.17045193341489637,0.0,
bp_fs200_legacy_abs,/home/test/bupt_hjk/sdp_dataset/xrf55/wifi/01_50_02.npy,1000,float64,0.0,0.48322592592592595,0.0,0.011911111111111112,0.516774074074074,0.5197295915468955,0.17211285359433506,0.0,
bp_fs200_legacy_abs,/home/test/bupt_hjk/sdp_dataset/xrf55/wifi/01_50_03.npy,1000,float64,0.0,0.5044666666666666,0.0,0.011911111111111112,0.4955333333333333,0.4944499161498123,0.17103399695992288,0.0,
bp_fs200_legacy_abs,/home/test/bupt_hjk/sdp_dataset/xrf55/wifi/01_50_04.npy,1000,float64,0.0,0.4914222222222222,0.0,0.011022222222222221,0.5085777777777778,0.5095947462362838,0.14753271790308828,0.0,
bp_fs200_legacy_abs,/home/test/bupt_hjk/sdp_dataset/xrf55/wifi/01_50_05.npy,1000,float64,0.0,0.502462962962963,0.0,0.011385185185185186,0.49753703703703706,0.4973265067490095,0.16197679160642123,0.0,
bp_fs200_legacy_abs,/home/test/bupt_hjk/sdp_dataset/xrf55/wifi/01_50_06.npy,1000,float64,0.0,0.5215296296296297,0.0,0.010162962962962962,0.4784703703703704,0.47532716967631383,0.14131909687465244,0.0,
bp_fs200_legacy_abs,/home/test/bupt_hjk/sdp_dataset/xrf55/wifi/01_50_07.npy,1000,float64,0.0,0.5054222222222222,0.0,0.01037037037037037,0.4945777777777778,0.49495880189413105,0.1449189930671412,0.0,
bp_fs200_legacy_abs,/home/test/bupt_hjk/sdp_dataset/xrf55/wifi/01_50_08.npy,1000,float64,0.0,0.4983074074074074,0.0,0.009340740740740741,0.5016925925925926,0.5040572684571841,0.14286137989841693,0.0,
bp_fs200_legacy_abs,/home/test/bupt_hjk/sdp_dataset/xrf55/wifi/01_50_09.npy,1000,float64,0.0,0.5046,0.0,0.00871111111111111,0.4954,0.49567996878622694,0.12919586252919588,0.0,
bp_fs200_legacy_abs,/home/test/bupt_hjk/sdp_dataset/xrf55/wifi/01_50_10.npy,1000,float64,0.0,0.5128888888888888,0.0,0.009348148148148149,0.4871111111111111,0.48581361063875517,0.14375857338820303,0.0,
bp_fs200_legacy_abs,/home/test/bupt_hjk/sdp_dataset/xrf55/wifi/01_50_11.npy,1000,float64,0.0,0.5136888888888889,0.0,0.007614814814814815,0.48631111111111114,0.48451971122982607,0.12378674971267564,0.0,
bp_fs200_legacy_abs,/home/test/bupt_hjk/sdp_dataset/xrf55/wifi/01_50_12.npy,1000,float64,0.0,0.5122074074074074,0.0,0.009237037037037037,0.4877925925925926,0.4852290545008029,0.13965817669521374,0.0,
bp_fs200_legacy_abs,/home/test/bupt_hjk/sdp_dataset/xrf55/wifi/01_50_13.npy,1000,float64,0.0,0.5048259259259259,0.0,0.008162962962962962,0.4951740740740741,0.4942730716343758,0.1240203166129092,0.0,
bp_fs200_legacy_abs,/home/test/bupt_hjk/sdp_dataset/xrf55/wifi/01_50_14.npy,1000,float64,0.0,0.5128037037037037,0.0,0.00834074074074074,0.4871962962962963,0.4853809966117757,0.12252622993363733,0.0,
bp_fs200_legacy_abs,/home/test/bupt_hjk/sdp_dataset/xrf55/wifi/01_50_15.npy,1000,float64,0.0,0.5110777777777777,0.0,0.00788148148148148,0.4889222222222222,0.48853270441904917,0.12197382567752939,0.0,
bp_fs200_legacy_abs,/home/test/bupt_hjk/sdp_dataset/xrf55/wifi/01_50_16.npy,1000,float64,0.0,0.5057592592592592,0.0,0.007074074074074074,0.49424074074074076,0.49317481120419987,0.12684907129351575,0.0,
bp_fs200_legacy_abs,/home/test/bupt_hjk/sdp_dataset/xrf55/wifi/01_50_17.npy,1000,float64,0.0,0.5041074074074074,0.0,0.007814814814814814,0.4958925925925926,0.49654414724905094,0.1271419567715864,0.0,
bp_fs200_legacy_abs,/home/test/bupt_hjk/sdp_dataset/xrf55/wifi/01_50_18.npy,1000,float64,0.0,0.5073,0.0,0.008125925925925925,0.4927,0.4937474166760606,0.1322470618766915,0.0,
bp_fs200_legacy_abs,/home/test/bupt_hjk/sdp_dataset/xrf55/wifi/01_50_19.npy,1000,float64,0.0,0.48555925925925925,0.0,0.008274074074074074,0.5144407407407408,0.5167992826679928,0.1300040781522263,0.0,
bp_fs200_legacy_abs,/home/test/bupt_hjk/sdp_dataset/xrf55/wifi/01_50_20.npy,1000,float64,0.0,0.502562962962963,0.0,0.008348148148148148,0.497437037037037,0.49795578465839935,0.13259926593259927,0.0,
bp_fs200_legacy_abs,/home/test/bupt_hjk/sdp_dataset/xrf55/wifi/01_51_01.npy,1000,float64,0.0,0.4945259259259259,0.0,0.008785185185185186,0.5054740740740741,0.5063483103785655,0.13519445371297223,0.0,
bp_fs200_legacy_abs,/home/test/bupt_hjk/sdp_dataset/xrf55/wifi/01_51_02.npy,1000,float64,0.0,0.49924074074074076,0.0,0.007451851851851852,0.5007592592592592,0.5031017672379823,0.12590738887035183,0.0,
bp_fs200_legacy_abs,/home/test/bupt_hjk/sdp_dataset/xrf55/wifi/01_51_03.npy,1000,float64,0.0,0.5058666666666667,0.0,0.0076,0.4941333333333333,0.495179699886537,0.12079857635413191,0.0,
bp_fs200_legacy_abs,/home/test/bupt_hjk/sdp_dataset/xrf55/wifi/01_51_04.npy,1000,float64,0.0,0.4942925925925926,0.0,0.0075481481481481484,0.5057074074074074,0.5065640237239342,0.12546620694768842,0.0,
bp_fs200_legacy_abs,/home/test/bupt_hjk/sdp_dataset/xrf55/wifi/01_51_05.npy,1000,float64,0.0,0.4960148148148148,0.0,0.008992592592592592,0.5039851851851852,0.502929580653072,0.13199495792088384,0.0,
bp_fs200_legacy_abs,/home/test/bupt_hjk/sdp_dataset/xrf55/wifi/01_51_06.npy,1000,float64,0.0,0.5079148148148148,0.0,0.0084,0.4920851851851852,0.4932979709315029,0.1314685055425796,0.0,
bp_fs200_legacy_abs,/home/test/bupt_hjk/sdp_dataset/xrf55/wifi/01_51_07.npy,1000,float64,0.0,0.4945148148148148,0.0,0.009214814814814815,0.5054851851851851,0.5077580885221191,0.1322470618766915,0.0,
bp_fs200_legacy_abs,/home/test/bupt_hjk/sdp_dataset/xrf55/wifi/01_51_08.npy,1000,float64,0.0,0.4960777777777778,0.0,0.007837037037037036,0.5039222222222223,0.5057397959183674,0.13137952767582398,0.0,
bp_fs200_legacy_abs,/home/test/bupt_hjk/sdp_dataset/xrf55/wifi/01_51_09.npy,1000,float64,0.0,0.4998851851851852,0.0,0.009066666666666667,0.5001148148148148,0.5037383849118255,0.1349052756460164,0.0,
bp_fs200_legacy_abs,/home/test/bupt_hjk/sdp_dataset/xrf55/wifi/01_51_10.npy,1000,float64,0.0,0.48703703703703705,0.0,0.00797037037037037,0.512962962962963,0.5170474543300799,0.12407222036851666,0.0,
bp_fs200_legacy_abs,/home/test/bupt_hjk/sdp_dataset/xrf55/wifi/01_51_11.npy,1000,float64,0.0,0.5053222222222222,0.0,0.008555555555555556,0.49467777777777777,0.4958392830764686,0.12597412227041857,0.0,
bp_fs200_legacy_abs,/home/test/bupt_hjk/sdp_dataset/xrf55/wifi/01_51_12.npy,1000,float64,0.0,0.5093111111111112,0.0,0.007607407407407407,0.4906888888888889,0.49071834562825006,0.12063915767619471,0.0,
bp_fs200_legacy_abs,/home/test/bupt_hjk/sdp_dataset/xrf55/wifi/01_51_13.npy,1000,float64,0.0,0.4829888888888889,0.0,0.007911111111111112,0.5170111111111111,0.52,0.12094687279872465,0.0,
bp_fs200_legacy_abs,/home/test/bupt_hjk/sdp_dataset/xrf55/wifi/01_51_14.npy,1000,float64,0.0,0.4922037037037037,0.0,0.009325925925925927,0.5077962962962963,0.5090512226824361,0.140510881251622,0.0,
bp_fs200_legacy_abs,/home/test/bupt_hjk/sdp_dataset/xrf55/wifi/01_51_15.npy,1000,float64,0.0,0.4951185185185185,0.0,0.008525925925925926,0.5048814814814815,0.5073962772259353,0.12993363734104474,0.0,
bp_fs200_legacy_abs,/home/test/bupt_hjk/sdp_dataset/xrf55/wifi/01_51_16.npy,1000,float64,0.0,0.5088,0.0,0.008251851851851852,0.4912,0.4920219307041209,0.12579987394802208,0.0,
bp_fs200_legacy_abs,/home/test/bupt_hjk/sdp_dataset/xrf55/wifi/01_51_17.npy,1000,float64,0.0,0.4987666666666667,0.0,0.008792592592592593,0.5012333333333333,0.499432458815428,0.1298854409965521,0.0,
bp_fs200_legacy_abs,/home/test/bupt_hjk/sdp_dataset/xrf55/wifi/01_51_18.npy,1000,float64,0.0,0.5052407407407408,0.0,0.0076962962962962966,0.49475925925925923,0.4953456923774241,0.1276016757498239,0.0,
bp_fs200_legacy_abs,/home/test/bupt_hjk/sdp_dataset/xrf55/wifi/01_51_19.npy,1000,float64,0.0,0.5169481481481482,0.0,0.00811111111111111,0.48305185185185184,0.47962001170938073,0.12201089978867756,0.0,
bp_fs200_legacy_abs,/home/test/bupt_hjk/sdp_dataset/xrf55/wifi/01_51_20.npy,1000,float64,0.0,0.4933111111111111,0.0,0.010118518518518518,0.5066888888888889,0.5065664835185613,0.15175545916286656,0.0,
bp_fs200_legacy_abs,/home/test/bupt_hjk/sdp_dataset/xrf55/wifi/01_52_01.npy,1000,float64,0.0,0.4963518518518519,0.0,0.00897037037037037,0.5036481481481482,0.5057703491665471,0.1294071849627405,0.0,
bp_fs200_legacy_abs,/home/test/bupt_hjk/sdp_dataset/xrf55/wifi/01_52_02.npy,1000,float64,0.0,0.4828037037037037,0.0,0.009807407407407407,0.5171962962962963,0.5220108160513838,0.1479145812479146,0.0,
bp_fs200_legacy_abs,/home/test/bupt_hjk/sdp_dataset/xrf55/wifi/01_52_03.npy,1000,float64,0.0,0.48684444444444447,0.0,0.00894074074074074,0.5131555555555556,0.515079326189139,0.13167982797612426,0.0,
bp_fs200_legacy_abs,/home/test/bupt_hjk/sdp_dataset/xrf55/wifi/01_52_04.npy,1000,float64,0.0,0.5006259259259259,0.0,0.008518518518518519,0.4993740740740741,0.5016600002266212,0.12937011085159233,0.0,
bp_fs200_legacy_abs,/home/test/bupt_hjk/sdp_dataset/xrf55/wifi/01_52_05.npy,1000,float64,0.0,0.49376296296296296,0.0,0.008348148148148148,0.506237037037037,0.5105043526950389,0.12439847254662069,0.0,
bp_fs200_legacy_abs,/home/test/bupt_hjk/sdp_dataset/xrf55/wifi/01_52_06.npy,1000,float64,0.0,0.4926037037037037,0.0,0.008296296296296296,0.5073962962962963,0.5089051810248968,0.13344455566677788,0.0,
bp_fs200_legacy_abs,/home/test/bupt_hjk/sdp_dataset/xrf55/wifi/01_52_07.npy,1000,float64,0.0,0.4949962962962963,0.0,0.00928148148148148,0.5050037037037037,0.5089273230878524,0.13427872316761205,0.0,
bp_fs200_legacy_abs,/home/test/bupt_hjk/sdp_dataset/xrf55/wifi/01_52_08.npy,1000,float64,0.0,0.4973185185185185,0.0,0.008362962962962963,0.5026814814814815,0.5034534331409332,0.13141660178697215,0.0,
bp_fs200_legacy_abs,/home/test/bupt_hjk/sdp_dataset/xrf55/wifi/01_52_09.npy,1000,float64,0.0,0.5138148148148148,0.0,0.007711111111111111,0.48618518518518516,0.4875561148781908,0.12251140028917806,0.0,
bp_fs200_legacy_abs,/home/test/bupt_hjk/sdp_dataset/xrf55/wifi/01_52_10.npy,1000,float64,0.0,0.49265185185185184,0.0,0.0076962962962962966,0.5073481481481481,0.5117856026159253,0.11682793905016127,0.0,
bp_fs200_legacy_abs,/home/test/bupt_hjk/sdp_dataset/xrf55/wifi/01_52_11.npy,1000,float64,0.0,0.4910148148148148,0.0,0.01,0.5089851851851852,0.5118295697790105,0.153360768175583,0.0,
bp_fs200_legacy_abs,/home/test/bupt_hjk/sdp_dataset/xrf55/wifi/01_52_12.npy,1000,float64,0.0,0.49173703703703703,0.0,0.008533333333333334,0.5082629629629629,0.5116311527043798,0.13227301375449524,0.0,
bp_fs200_legacy_abs,/home/test/bupt_hjk/sdp_dataset/xrf55/wifi/01_52_13.npy,1000,float64,0.0,0.49493703703703706,0.0,0.009037037037037038,0.5050629629629629,0.5043171573527471,0.1335075816557298,0.0,
bp_fs200_legacy_abs,/home/test/bupt_hjk/sdp_dataset/xrf55/wifi/01_52_14.npy,1000,float64,0.0,0.511637037037037,0.0,0.00928148148148148,0.48836296296296294,0.4861948201581103,0.13956178400622846,0.0,
bp_fs200_legacy_abs,/home/test/bupt_hjk/sdp_dataset/xrf55/wifi/01_52_15.npy,1000,float64,0.0,0.49956666666666666,0.0,0.008918518518518518,0.5004333333333333,0.5002036690604067,0.12838393949505061,0.0,
bp_fs200_legacy_abs,/home/test/bupt_hjk/sdp_dataset/xrf55/wifi/01_52_16.npy,1000,float64,0.0,0.49726296296296296,0.0,0.007866666666666666,0.502737037037037,0.5059252575381608,0.11903014125236347,0.0,
bp_fs200_legacy_abs,/home/test/bupt_hjk/sdp_dataset/xrf55/wifi/01_52_17.npy,1000,float64,0.0,0.4977,0.0,0.008718518518518518,0.5023,0.5029787713272144,0.13703703703703704,0.0,
bp_fs200_legacy_abs,/home/test/bupt_hjk/sdp_dataset/xrf55/wifi/01_52_18.npy,1000,float64,0.0,0.5095925925925926,0.0,0.007711111111111111,0.4904074074074074,0.491243955680627,0.12915508100693285,0.0,
bp_fs200_legacy_abs,/home/test/bupt_hjk/sdp_dataset/xrf55/wifi/01_52_19.npy,1000,float64,0.0,0.5064185185185185,0.0,0.007325925925925926,0.49358148148148145,0.49597895527996994,0.1217180143106069,0.0,
bp_fs200_legacy_abs,/home/test/bupt_hjk/sdp_dataset/xrf55/wifi/01_52_20.npy,1000,float64,0.0,0.49345925925925926,0.0,0.006948148148148148,0.5065407407407407,0.5090385168804811,0.11447373299225151,0.0,
bp_fs200_legacy_abs,/home/test/bupt_hjk/sdp_dataset/xrf55/wifi/01_53_01.npy,1000,float64,0.0,0.4985925925925926,0.0,0.008022222222222222,0.5014074074074074,0.5019202540817131,0.12189226263300337,0.0,
bp_fs200_legacy_abs,/home/test/bupt_hjk/sdp_dataset/xrf55/wifi/01_53_02.npy,1000,float64,0.0,0.5043925925925926,0.0,0.009296296296296296,0.4956074074074074,0.4954391726485941,0.13072702331961591,0.0,
bp_fs200_legacy_abs,/home/test/bupt_hjk/sdp_dataset/xrf55/wifi/01_53_03.npy,1000,float64,0.0,0.5098962962962963,0.0,0.008948148148148148,0.4901037037037037,0.48932019126669074,0.12881770659548436,0.0,
bp_fs200_legacy_abs,/home/test/bupt_hjk/sdp_dataset/xrf55/wifi/01_53_04.npy,1000,float64,0.0,0.49683333333333335,0.0,0.010718518518518518,0.5031666666666667,0.5036737233005474,0.1455195936677418,0.0,
bp_fs200_legacy_abs,/home/test/bupt_hjk/sdp_dataset/xrf55/wifi/01_53_05.npy,1000,float64,0.0,0.5079481481481481,0.0,0.009125925925925926,0.49205185185185185,0.49217482096852905,0.13894264635005377,0.0,
bp_fs200_legacy_abs,/home/test/bupt_hjk/sdp_dataset/xrf55/wifi/01_53_06.npy,1000,float64,0.0,0.4955481481481481,0.0,0.008525925925925926,0.5044518518518518,0.505357203468134,0.13170207244281318,0.0,
bp_fs200_legacy_abs,/home/test/bupt_hjk/sdp_dataset/xrf55/wifi/01_53_07.npy,1000,float64,0.0,0.4974074074074074,0.0,0.009348148148148149,0.5025925925925926,0.5027270796352769,0.13157602046490935,0.0,
bp_fs200_legacy_abs,/home/test/bupt_hjk/sdp_dataset/xrf55/wifi/01_53_08.npy,1000,float64,0.0,0.49836296296296295,0.0,0.008948148148148148,0.501637037037037,0.5038015807958126,0.1333259185111037,0.0,
bp_fs200_legacy_abs,/home/test/bupt_hjk/sdp_dataset/xrf55/wifi/01_53_09.npy,1000,float64,0.0,0.49695925925925927,0.0,0.009414814814814815,0.5030407407407408,0.5050610317607691,0.13781930078226373,0.0,
bp_fs200_legacy_abs,/home/test/bupt_hjk/sdp_dataset/xrf55/wifi/01_53_10.npy,1000,float64,0.0,0.49232592592592594,0.0,0.010548148148148149,0.507674074074074,0.5099709686735268,0.15699403106810514,0.0,
bp_fs200_legacy_abs,/home/test/bupt_hjk/sdp_dataset/xrf55/wifi/01_53_11.npy,1000,float64,0.0,0.5055666666666667,0.0,0.008933333333333333,0.49443333333333334,0.4934914502180836,0.13715567419271124,0.0,
bp_fs200_legacy_abs,/home/test/bupt_hjk/sdp_dataset/xrf55/wifi/01_53_12.npy,1000,float64,0.0,0.5098407407407407,0.0,0.008985185185185185,0.49015925925925924,0.49093258393104694,0.13094946798650503,0.0,
bp_fs200_legacy_abs,/home/test/bupt_hjk/sdp_dataset/xrf55/wifi/01_53_13.npy,1000,float64,0.0,0.4896888888888889,0.0,0.008214814814814815,0.5103111111111112,0.5108525641750431,0.12262262262262262,0.0,
bp_fs200_legacy_abs,/home/test/bupt_hjk/sdp_dataset/xrf55/wifi/01_53_14.npy,1000,float64,0.0,0.5009851851851852,0.0,0.008407407407407407,0.4990148148148148,0.49963655537351936,0.12602973343714086,0.0,
bp_fs200_legacy_abs,/home/test/bupt_hjk/sdp_dataset/xrf55/wifi/01_53_15.npy,1000,float64,0.0,0.5087444444444444,0.0,0.0088,0.49125555555555556,0.49214858908186715,0.13442331220108997,0.0,
bp_fs200_legacy_abs,/home/test/bupt_hjk/sdp_dataset/xrf55/wifi/01_53_16.npy,1000,float64,0.0,0.5260444444444444,0.0,0.00968888888888889,0.4739555555555556,0.47145191312556156,0.14455937418900383,0.0,
bp_fs200_legacy_abs,/home/test/bupt_hjk/sdp_dataset/xrf55/wifi/01_53_17.npy,1000,float64,0.0,0.5043518518518518,0.0,0.010044444444444444,0.49564814814814817,0.4967785625919803,0.14256107959811665,0.0,
bp_fs200_legacy_abs,/home/test/bupt_hjk/sdp_dataset/xrf55/wifi/01_53_18.npy,1000,float64,0.0,0.49347407407407406,0.0,0.009762962962962963,0.5065259259259259,0.5075599592765148,0.14193823453082713,0.0,
bp_fs200_legacy_abs,/home/test/bupt_hjk/sdp_dataset/xrf55/wifi/01_53_19.npy,1000,float64,0.0,0.4801666666666667,0.0,0.010837037037037037,0.5198333333333334,0.523681644344898,0.15352760167574983,0.0,
bp_fs200_legacy_abs,/home/test/bupt_hjk/sdp_dataset/xrf55/wifi/01_53_20.npy,1000,float64,0.0,0.5052629629629629,0.0,0.00945925925925926,0.49473703703703703,0.49376458617807145,0.14191228265302339,0.0,
bp_fs200_legacy_abs,/home/test/bupt_hjk/sdp_dataset/xrf55/wifi/01_54_01.npy,1000,float64,0.0,0.4779851851851852,0.0,0.009251851851851851,0.5220148148148148,0.524622520105215,0.13017091165239314,0.0,
bp_fs200_legacy_abs,/home/test/bupt_hjk/sdp_dataset/xrf55/wifi/01_54_02.npy,1000,float64,0.0,0.516325925925926,0.0,0.009029629629629629,0.4836740740740741,0.48405089899027814,0.1313832350869388,0.0,
bp_fs200_legacy_abs,/home/test/bupt_hjk/sdp_dataset/xrf55/wifi/01_54_03.npy,1000,float64,0.0,0.5096666666666667,0.0,0.010429629629629629,0.49033333333333334,0.4896824169065739,0.14776257739220702,0.0,
bp_fs200_legacy_abs,/home/test/bupt_hjk/sdp_dataset/xrf55/wifi/01_54_04.npy,1000,float64,0.0,0.4970888888888889,0.0,0.00982962962962963,0.5029111111111111,0.5043393536300471,0.13629184740295852,0.0,
bp_fs200_legacy_abs,/home/test/bupt_hjk/sdp_dataset/xrf55/wifi/01_54_05.npy,1000,float64,0.0,0.5031407407407408,0.0,0.009259259259259259,0.4968592592592593,0.4954699223253265,0.13483112742372003,0.0,
bp_fs200_legacy_abs,/home/test/bupt_hjk/sdp_dataset/xrf55/wifi/01_54_06.npy,1000,float64,0.0,0.4993740740740741,0.0,0.01048888888888889,0.5006259259259259,0.5014080678892572,0.14171949727505284,0.0,
bp_fs200_legacy_abs,/home/test/bupt_hjk/sdp_dataset/xrf55/wifi/01_54_07.npy,1000,float64,0.0,0.5060518518518519,0.0,0.008511111111111112,0.49394814814814814,0.49288802934512566,0.13319245171097022,0.0,
bp_fs200_legacy_abs,/home/test/bupt_hjk/sdp_dataset/xrf55/wifi/01_54_08.npy,1000,float64,0.0,0.49787777777777775,0.0,0.007851851851851851,0.5021222222222222,0.5027830636595316,0.12175138101064027,0.0,
bp_fs200_legacy_abs,/home/test/bupt_hjk/sdp_dataset/xrf55/wifi/01_54_09.npy,1000,float64,0.0,0.5008888888888889,0.0,0.0071925925925925924,0.4991111111111111,0.5026292231191087,0.11975308641975309,0.0,
bp_fs200_legacy_abs,/home/test/bupt_hjk/sdp_dataset/xrf55/wifi/01_54_10.npy,1000,float64,0.0,0.5097111111111111,0.0,0.008059259259259259,0.4902888888888889,0.49101789688253883,0.11970489007526045,0.0,
bp_fs200_legacy_abs,/home/test/bupt_hjk/sdp_dataset/xrf55/wifi/01_54_11.npy,1000,float64,0.0,0.503362962962963,0.0,0.008177777777777779,0.49663703703703704,0.49787893958271384,0.12806139472806138,0.0,
bp_fs200_legacy_abs,/home/test/bupt_hjk/sdp_dataset/xrf55/wifi/01_54_12.npy,1000,float64,0.0,0.4917740740740741,0.0,0.007503703703703703,0.508225925925926,0.5095983156504149,0.1142512883253624,0.0,
bp_fs200_legacy_abs,/home/test/bupt_hjk/sdp_dataset/xrf55/wifi/01_54_13.npy,1000,float64,0.0,0.4882851851851852,0.0,0.008762962962962964,0.5117148148148148,0.5133597858485373,0.1466577688799911,0.0,
bp_fs200_legacy_abs,/home/test/bupt_hjk/sdp_dataset/xrf55/wifi/01_54_14.npy,1000,float64,0.0,0.5050296296296296,0.0,0.008296296296296296,0.4949703703703704,0.49763095799905616,0.125618210803396,0.0,
bp_fs200_legacy_abs,/home/test/bupt_hjk/sdp_dataset/xrf55/wifi/01_54_15.npy,1000,float64,0.0,0.49378518518518516,0.0,0.0084,0.5062148148148148,0.5078803183693716,0.11941941941941941,0.0,
bp_fs200_legacy_abs,/home/test/bupt_hjk/sdp_dataset/xrf55/wifi/01_54_16.npy,1000,float64,0.0,0.4922,0.0,0.007251851851851852,0.5078,0.509201252199071,0.11336150965780595,0.0,
bp_fs200_legacy_abs,/home/test/bupt_hjk/sdp_dataset/xrf55/wifi/01_54_17.npy,1000,float64,0.0,0.5155740740740741,0.0,0.008444444444444444,0.4844259259259259,0.4859311268644361,0.13077151225299374,0.0,
bp_fs200_legacy_abs,/home/test/bupt_hjk/sdp_dataset/xrf55/wifi/01_54_18.npy,1000,float64,0.0,0.5070962962962963,0.0,0.0076518518518518515,0.4929037037037037,0.4932751822561311,0.11923775627479331,0.0,
bp_fs200_legacy_abs,/home/test/bupt_hjk/sdp_dataset/xrf55/wifi/01_54_19.npy,1000,float64,0.0,0.5119370370370371,0.0,0.007503703703703703,0.488062962962963,0.48814352045369813,0.11682423163904646,0.0,
bp_fs200_legacy_abs,/home/test/bupt_hjk/sdp_dataset/xrf55/wifi/01_54_20.npy,1000,float64,0.0,0.5033,0.0,0.007785185185185185,0.4967,0.49973803340356804,0.12393133874615356,0.0,
bp_fs200_legacy_abs,/home/test/bupt_hjk/sdp_dataset/xrf55/wifi/01_55_01.npy,1000,float64,0.0,0.4980074074074074,0.0,0.0076,0.5019925925925925,0.5014071542286305,0.11386571756942128,0.0,
bp_fs200_legacy_abs,/home/test/bupt_hjk/sdp_dataset/xrf55/wifi/01_55_02.npy,1000,float64,0.0,0.4997185185185185,0.0,0.009592592592592592,0.5002814814814814,0.5033231385663085,0.132747562377192,0.0,
bp_fs200_legacy_abs,/home/test/bupt_hjk/sdp_dataset/xrf55/wifi/01_55_03.npy,1000,float64,0.0,0.4954851851851852,0.0,0.0077777777777777776,0.5045148148148149,0.5050046795539201,0.11990509027546065,0.0,
bp_fs200_legacy_abs,/home/test/bupt_hjk/sdp_dataset/xrf55/wifi/01_55_04.npy,1000,float64,0.0,0.5010703703703704,0.0,0.010185185185185186,0.4989296296296296,0.4981144150115421,0.15048752456159864,0.0,
bp_fs200_legacy_abs,/home/test/bupt_hjk/sdp_dataset/xrf55/wifi/01_55_05.npy,1000,float64,0.0,0.49152222222222225,0.0,0.009703703703703704,0.5084777777777778,0.51045661962009,0.13997701405108812,0.0,
bp_fs200_legacy_abs,/home/test/bupt_hjk/sdp_dataset/xrf55/wifi/01_55_06.npy,1000,float64,0.0,0.5082814814814814,0.0,0.009577777777777777,0.4917185185185185,0.49271354231337977,0.13763393022652282,0.0,
bp_fs200_legacy_abs,/home/test/bupt_hjk/sdp_dataset/xrf55/wifi/01_55_07.npy,1000,float64,0.0,0.4976925925925926,0.0,0.011185185185185185,0.5023074074074074,0.5037420601522489,0.15307900493085677,0.0,
bp_fs200_legacy_abs,/home/test/bupt_hjk/sdp_dataset/xrf55/wifi/01_55_08.npy,1000,float64,0.0,0.48502962962962964,0.0,0.009303703703703703,0.5149703703703704,0.517418245314969,0.14526007488970452,0.0,
bp_fs200_legacy_abs,/home/test/bupt_hjk/sdp_dataset/xrf55/wifi/01_55_09.npy,1000,float64,0.0,0.49643333333333334,0.0,0.008918518518518518,0.5035666666666667,0.5036514532217706,0.12937011085159233,0.0,
bp_fs200_legacy_abs,/home/test/bupt_hjk/sdp_dataset/xrf55/wifi/01_55_10.npy,1000,float64,0.0,0.5007592592592592,0.0,0.008044444444444444,0.49924074074074076,0.500361171097283,0.12197011826641456,0.0,
bp_fs200_legacy_abs,/home/test/bupt_hjk/sdp_dataset/xrf55/wifi/01_55_11.npy,1000,float64,0.0,0.5091222222222223,0.0,0.008303703703703704,0.4908777777777778,0.4908561881699236,0.12576650724798874,0.0,
bp_fs200_legacy_abs,/home/test/bupt_hjk/sdp_dataset/xrf55/wifi/01_55_12.npy,1000,float64,0.0,0.5081148148148148,0.0,0.008540740740740741,0.4918851851851852,0.49209853590518243,0.1305045786527268,0.0,
bp_fs200_legacy_abs,/home/test/bupt_hjk/sdp_dataset/xrf55/wifi/01_55_13.npy,1000,float64,0.0,0.49777037037037036,0.0,0.009214814814814815,0.5022296296296296,0.503977238422991,0.13731509287064841,0.0,
bp_fs200_legacy_abs,/home/test/bupt_hjk/sdp_dataset/xrf55/wifi/01_55_14.npy,1000,float64,0.0,0.5024740740740741,0.0,0.008696296296296296,0.4975259259259259,0.4990280728719316,0.12468765061357653,0.0,
bp_fs200_legacy_abs,/home/test/bupt_hjk/sdp_dataset/xrf55/wifi/01_55_15.npy,1000,float64,0.0,0.5016592592592592,0.0,0.008577777777777778,0.49834074074074075,0.5005433045701502,0.12805397990583176,0.0,
bp_fs200_legacy_abs,/home/test/bupt_hjk/sdp_dataset/xrf55/wifi/01_55_16.npy,1000,float64,0.0,0.49627777777777776,0.0,0.008666666666666666,0.5037222222222222,0.5056640661716326,0.12098394690987284,0.0,
bp_fs200_legacy_abs,/home/test/bupt_hjk/sdp_dataset/xrf55/wifi/01_55_17.npy,1000,float64,0.0,0.5048074074074074,0.0,0.008014814814814815,0.4951925925925926,0.49563251041880807,0.12398694991287584,0.0,
bp_fs200_legacy_abs,/home/test/bupt_hjk/sdp_dataset/xrf55/wifi/01_55_18.npy,1000,float64,0.0,0.5116666666666667,0.0,0.008244444444444445,0.48833333333333334,0.4856459961471328,0.12835798761724687,0.0,
bp_fs200_legacy_abs,/home/test/bupt_hjk/sdp_dataset/xrf55/wifi/01_55_19.npy,1000,float64,0.0,0.5131074074074075,0.0,0.0084,0.4868925925925926,0.48564968277061993,0.12039076113150188,0.0,
bp_fs200_legacy_abs,/home/test/bupt_hjk/sdp_dataset/xrf55/wifi/01_55_20.npy,1000,float64,0.0,0.5007555555555555,0.0,0.008525925925925926,0.49924444444444444,0.4999116152593434,0.13293293293293293,0.0,
bp_fs200_legacy_abs,/home/test/bupt_hjk/sdp_dataset/xrf55/wifi/02_01_01.npy,1000,float64,0.0,0.48638888888888887,0.0,0.007577777777777778,0.5136111111111111,0.5176943901338548,0.12476550624698773,0.0,
bp_fs200_legacy_abs,/home/test/bupt_hjk/sdp_dataset/xrf55/wifi/02_01_02.npy,1000,float64,0.0,0.501662962962963,0.0,0.006414814814814815,0.498337037037037,0.49785543603621263,0.11468134801468134,0.0,
bp_fs200_legacy_abs,/home/test/bupt_hjk/sdp_dataset/xrf55/wifi/02_01_03.npy,1000,float64,0.0,0.4945777777777778,0.0,0.005540740740740741,0.5054222222222222,0.5064563595141214,0.09779779779779779,0.0,
bp_fs200_legacy_abs,/home/test/bupt_hjk/sdp_dataset/xrf55/wifi/02_01_04.npy,1000,float64,0.0,0.49946296296296294,0.0,0.006533333333333334,0.500537037037037,0.5009939309970936,0.11262373484595707,0.0,
bp_fs200_legacy_abs,/home/test/bupt_hjk/sdp_dataset/xrf55/wifi/02_01_05.npy,1000,float64,0.0,0.4921888888888889,0.0,0.006066666666666666,0.5078111111111111,0.5081800511816046,0.11167834501167835,0.0,
bp_fs200_legacy_abs,/home/test/bupt_hjk/sdp_dataset/xrf55/wifi/02_01_06.npy,1000,float64,0.0,0.4956259259259259,0.0,0.006474074074074074,0.5043740740740741,0.5054726218044943,0.11269417565713861,0.0,
bp_fs200_legacy_abs,/home/test/bupt_hjk/sdp_dataset/xrf55/wifi/02_01_07.npy,1000,float64,0.0,0.49983333333333335,0.0,0.007096296296296297,0.5001666666666666,0.5027234715787094,0.1199162125088051,0.0,
bp_fs200_legacy_abs,/home/test/bupt_hjk/sdp_dataset/xrf55/wifi/02_01_08.npy,1000,float64,0.0,0.5031592592592593,0.0,0.006266666666666667,0.49684074074074075,0.49762342234696905,0.10956512067623178,0.0,
bp_fs200_legacy_abs,/home/test/bupt_hjk/sdp_dataset/xrf55/wifi/02_01_09.npy,1000,float64,0.0,0.480737037037037,0.0,0.006688888888888889,0.5192629629629629,0.5212771168781253,0.11716160605049494,0.0,
bp_fs200_legacy_abs,/home/test/bupt_hjk/sdp_dataset/xrf55/wifi/02_01_10.npy,1000,float64,0.0,0.4890111111111111,0.0,0.0070888888888888885,0.5109888888888889,0.5134606342802542,0.1207948689430171,0.0,
bp_fs200_legacy_abs,/home/test/bupt_hjk/sdp_dataset/xrf55/wifi/02_01_11.npy,1000,float64,0.0,0.49056666666666665,0.0,0.007437037037037037,0.5094333333333333,0.5099549835342457,0.12224817410002595,0.0,
bp_fs200_legacy_abs,/home/test/bupt_hjk/sdp_dataset/xrf55/wifi/02_01_12.npy,1000,float64,0.0,0.49752962962962965,0.0,0.007533333333333334,0.5024703703703703,0.5035013765607685,0.12836910985059133,0.0,
bp_fs200_legacy_abs,/home/test/bupt_hjk/sdp_dataset/xrf55/wifi/02_01_13.npy,1000,float64,0.0,0.4870962962962963,0.0,0.007022222222222222,0.5129037037037038,0.5131508441445725,0.12218514811107403,0.0,
bp_fs200_legacy_abs,/home/test/bupt_hjk/sdp_dataset/xrf55/wifi/02_01_14.npy,1000,float64,0.0,0.4926333333333333,0.0,0.006103703703703704,0.5073666666666666,0.508436369119421,0.10993956919882845,0.0,
bp_fs200_legacy_abs,/home/test/bupt_hjk/sdp_dataset/xrf55/wifi/02_01_15.npy,1000,float64,0.0,0.5003666666666666,0.0,0.0067777777777777775,0.4996333333333333,0.5015841919867388,0.11556000444889333,0.0,
bp_fs200_legacy_abs,/home/test/bupt_hjk/sdp_dataset/xrf55/wifi/02_01_16.npy,1000,float64,0.0,0.49672222222222223,0.0,0.00682962962962963,0.5032777777777778,0.5042902626092324,0.11570088607125645,0.0,
bp_fs200_legacy_abs,/home/test/bupt_hjk/sdp_dataset/xrf55/wifi/02_01_17.npy,1000,float64,0.0,0.48966666666666664,0.0,0.0066962962962962965,0.5103333333333333,0.5104094221523389,0.11089608126645163,0.0,
bp_fs200_legacy_abs,/home/test/bupt_hjk/sdp_dataset/xrf55/wifi/02_01_18.npy,1000,float64,0.0,0.5127592592592592,0.0,0.007066666666666666,0.48724074074074075,0.4869597629526997,0.12073555036518,0.0,
bp_fs200_legacy_abs,/home/test/bupt_hjk/sdp_dataset/xrf55/wifi/02_01_19.npy,1000,float64,0.0,0.4899962962962963,0.0,0.006644444444444444,0.5100037037037037,0.5121358582257085,0.11997923849775702,0.0,
bp_fs200_legacy_abs,/home/test/bupt_hjk/sdp_dataset/xrf55/wifi/02_01_20.npy,1000,float64,0.0,0.48643703703703706,0.0,0.006125925925925926,0.513562962962963,0.5182302195788289,0.10404107811515219,0.0,
bp_fs200_legacy_abs,/home/test/bupt_hjk/sdp_dataset/xrf55/wifi/02_02_01.npy,1000,float64,0.0,0.49069259259259257,0.0,0.011622222222222223,0.5093074074074074,0.5097410520861884,0.165250435620806,0.0,
bp_fs200_legacy_abs,/home/test/bupt_hjk/sdp_dataset/xrf55/wifi/02_02_02.npy,1000,float64,0.0,0.4905962962962963,0.0,0.011903703703703705,0.5094037037037037,0.510157988052083,0.1648871093315538,0.0,
bp_fs200_legacy_abs,/home/test/bupt_hjk/sdp_dataset/xrf55/wifi/02_02_03.npy,1000,float64,0.0,0.4976962962962963,0.0,0.010303703703703704,0.5023037037037037,0.5022461139409432,0.14939383828272718,0.0,
bp_fs200_legacy_abs,/home/test/bupt_hjk/sdp_dataset/xrf55/wifi/02_02_04.npy,1000,float64,0.0,0.4919037037037037,0.0,0.011096296296296297,0.5080962962962963,0.5088677647058824,0.1522819115411708,0.0,
bp_fs200_legacy_abs,/home/test/bupt_hjk/sdp_dataset/xrf55/wifi/02_02_05.npy,1000,float64,0.0,0.4987888888888889,0.0,0.011244444444444444,0.5012111111111112,0.5009024695017843,0.1521855188521855,0.0,
bp_fs200_legacy_abs,/home/test/bupt_hjk/sdp_dataset/xrf55/wifi/02_02_06.npy,1000,float64,0.0,0.4892185185185185,0.0,0.01131111111111111,0.5107814814814815,0.5110635153433835,0.15241167093018945,0.0,
bp_fs200_legacy_abs,/home/test/bupt_hjk/sdp_dataset/xrf55/wifi/02_02_07.npy,1000,float64,0.0,0.5128296296296296,0.0,0.01011111111111111,0.48717037037037036,0.4860878523929943,0.1477180884588292,0.0,
bp_fs200_legacy_abs,/home/test/bupt_hjk/sdp_dataset/xrf55/wifi/02_02_08.npy,1000,float64,0.0,0.5008296296296296,0.0,0.01108888888888889,0.4991703703703704,0.4986039434381594,0.1516813109405702,0.0,
bp_fs200_legacy_abs,/home/test/bupt_hjk/sdp_dataset/xrf55/wifi/02_02_09.npy,1000,float64,0.0,0.5013518518518518,0.0,0.011637037037037038,0.4986481481481482,0.4966758109971817,0.16450153857561264,0.0,
bp_fs200_legacy_abs,/home/test/bupt_hjk/sdp_dataset/xrf55/wifi/02_02_10.npy,1000,float64,0.0,0.5079851851851852,0.0,0.011377777777777778,0.4920148148148148,0.4904370918556805,0.1543654765876988,0.0,
bp_fs200_legacy_abs,/home/test/bupt_hjk/sdp_dataset/xrf55/wifi/02_02_11.npy,1000,float64,0.0,0.5086888888888889,0.0,0.010533333333333334,0.4913111111111111,0.4896130651384051,0.15121788455121787,0.0,
bp_fs200_legacy_abs,/home/test/bupt_hjk/sdp_dataset/xrf55/wifi/02_02_12.npy,1000,float64,0.0,0.4983,0.0,0.012237037037037038,0.5017,0.5007748322450576,0.1704556408260112,0.0,
bp_fs200_legacy_abs,/home/test/bupt_hjk/sdp_dataset/xrf55/wifi/02_02_13.npy,1000,float64,0.0,0.5076074074074074,0.0,0.011807407407407407,0.4923925925925926,0.49178605467958486,0.16167649130612094,0.0,
bp_fs200_legacy_abs,/home/test/bupt_hjk/sdp_dataset/xrf55/wifi/02_02_14.npy,1000,float64,0.0,0.5096407407407407,0.0,0.011288888888888888,0.4903592592592593,0.4893729074972727,0.16056056056056056,0.0,
bp_fs200_legacy_abs,/home/test/bupt_hjk/sdp_dataset/xrf55/wifi/02_02_15.npy,1000,float64,0.0,0.4963666666666667,0.0,0.010622222222222222,0.5036333333333334,0.5038471455637311,0.14944944944944946,0.0,
bp_fs200_legacy_abs,/home/test/bupt_hjk/sdp_dataset/xrf55/wifi/02_02_16.npy,1000,float64,0.0,0.4971074074074074,0.0,0.010533333333333334,0.5028925925925926,0.5013018397839245,0.14441849256664072,0.0,
bp_fs200_legacy_abs,/home/test/bupt_hjk/sdp_dataset/xrf55/wifi/02_02_17.npy,1000,float64,0.0,0.4915259259259259,0.0,0.010288888888888889,0.5084740740740741,0.5112659654395192,0.14634634634634636,0.0,
bp_fs200_legacy_abs,/home/test/bupt_hjk/sdp_dataset/xrf55/wifi/02_02_18.npy,1000,float64,0.0,0.508425925925926,0.0,0.010481481481481482,0.49157407407407405,0.48928441699963676,0.14491157824491158,0.0,
bp_fs200_legacy_abs,/home/test/bupt_hjk/sdp_dataset/xrf55/wifi/02_02_19.npy,1000,float64,0.0,0.4980888888888889,0.0,0.010377777777777777,0.5019111111111111,0.5020311188391894,0.14381418455492528,0.0,
bp_fs200_legacy_abs,/home/test/bupt_hjk/sdp_dataset/xrf55/wifi/02_02_20.npy,1000,float64,0.0,0.48735185185185187,0.0,0.01108888888888889,0.5126481481481482,0.5132389669044521,0.15180736291847402,0.0,
bp_fs200_legacy_abs,/home/test/bupt_hjk/sdp_dataset/xrf55/wifi/02_03_01.npy,1000,float64,0.0,0.5054814814814815,0.0,0.010311111111111111,0.4945185185185185,0.49387351334337554,0.15451006562117672,0.0,
bp_fs200_legacy_abs,/home/test/bupt_hjk/sdp_dataset/xrf55/wifi/02_03_02.npy,1000,float64,0.0,0.5073407407407408,0.0,0.011177777777777778,0.49265925925925924,0.4920887086173549,0.1569087606124643,0.0,
bp_fs200_legacy_abs,/home/test/bupt_hjk/sdp_dataset/xrf55/wifi/02_03_03.npy,1000,float64,0.0,0.5013185185185185,0.0,0.010207407407407408,0.4986814814814815,0.49929843780482314,0.14676899121343565,0.0,
bp_fs200_legacy_abs,/home/test/bupt_hjk/sdp_dataset/xrf55/wifi/02_03_04.npy,1000,float64,0.0,0.48632592592592594,0.0,0.0098,0.5136740740740741,0.5156706656202116,0.13613984354725095,0.0,
bp_fs200_legacy_abs,/home/test/bupt_hjk/sdp_dataset/xrf55/wifi/02_03_05.npy,1000,float64,0.0,0.5030814814814815,0.0,0.00894074074074074,0.49691851851851854,0.49806163840201173,0.13521669817966114,0.0,
bp_fs200_legacy_abs,/home/test/bupt_hjk/sdp_dataset/xrf55/wifi/02_03_06.npy,1000,float64,0.0,0.5011444444444444,0.0,0.011237037037037037,0.49885555555555555,0.4988393590411868,0.14341378415452488,0.0,
bp_fs200_legacy_abs,/home/test/bupt_hjk/sdp_dataset/xrf55/wifi/02_03_07.npy,1000,float64,0.0,0.5128407407407407,0.0,0.010162962962962962,0.48715925925925924,0.4862909182254116,0.14914544173803432,0.0,
bp_fs200_legacy_abs,/home/test/bupt_hjk/sdp_dataset/xrf55/wifi/02_03_08.npy,1000,float64,0.0,0.48562962962962963,0.0,0.010066666666666666,0.5143703703703704,0.5151642844512,0.13956549141734326,0.0,
bp_fs200_legacy_abs,/home/test/bupt_hjk/sdp_dataset/xrf55/wifi/02_03_09.npy,1000,float64,0.0,0.4893222222222222,0.0,0.01025925925925926,0.5106777777777778,0.5100055461454289,0.13668483298112927,0.0,
bp_fs200_legacy_abs,/home/test/bupt_hjk/sdp_dataset/xrf55/wifi/02_03_10.npy,1000,float64,0.0,0.4999851851851852,0.0,0.0092,0.5000148148148148,0.5007511529542228,0.13691839988136284,0.0,
bp_fs200_legacy_abs,/home/test/bupt_hjk/sdp_dataset/xrf55/wifi/02_03_11.npy,1000,float64,0.0,0.5174777777777778,0.0,0.010585185185185185,0.48252222222222224,0.48157907559906893,0.14761428094761428,0.0,
bp_fs200_legacy_abs,/home/test/bupt_hjk/sdp_dataset/xrf55/wifi/02_03_12.npy,1000,float64,0.0,0.5018888888888889,0.0,0.008533333333333334,0.4981111111111111,0.4987200005997069,0.12777963148333518,0.0,
bp_fs200_legacy_abs,/home/test/bupt_hjk/sdp_dataset/xrf55/wifi/02_03_13.npy,1000,float64,0.0,0.4945925925925926,0.0,0.008748148148148149,0.5054074074074074,0.5046613547307791,0.1350127905683461,0.0,
bp_fs200_legacy_abs,/home/test/bupt_hjk/sdp_dataset/xrf55/wifi/02_03_14.npy,1000,float64,0.0,0.4998740740740741,0.0,0.009807407407407407,0.500125925925926,0.4997424337565943,0.13701479257034813,0.0,
bp_fs200_legacy_abs,/home/test/bupt_hjk/sdp_dataset/xrf55/wifi/02_03_15.npy,1000,float64,0.0,0.4848,0.0,0.00874074074074074,0.5152,0.5176379619689656,0.11951210469728989,0.0,
bp_fs200_legacy_abs,/home/test/bupt_hjk/sdp_dataset/xrf55/wifi/02_03_16.npy,1000,float64,0.0,0.4991481481481482,0.0,0.01011111111111111,0.5008518518518519,0.5028794596051883,0.13081229377525674,0.0,
bp_fs200_legacy_abs,/home/test/bupt_hjk/sdp_dataset/xrf55/wifi/02_03_17.npy,1000,float64,0.0,0.5190333333333333,0.0,0.009118518518518519,0.48096666666666665,0.48052474827331076,0.13767100433767102,0.0,
bp_fs200_legacy_abs,/home/test/bupt_hjk/sdp_dataset/xrf55/wifi/02_03_18.npy,1000,float64,0.0,0.5067185185185186,0.0,0.010962962962962963,0.4932814814814815,0.4923295957454021,0.14540095651206764,0.0,
bp_fs200_legacy_abs,/home/test/bupt_hjk/sdp_dataset/xrf55/wifi/02_03_19.npy,1000,float64,0.0,0.5049703703703704,0.0,0.009866666666666666,0.49502962962962965,0.49494398712399545,0.1408890371853335,0.0,
bp_fs200_legacy_abs,/home/test/bupt_hjk/sdp_dataset/xrf55/wifi/02_03_20.npy,1000,float64,0.0,0.5072703703703704,0.0,0.011162962962962963,0.49272962962962963,0.4909648055518003,0.15101397693990287,0.0,
bp_fs200_legacy_abs,/home/test/bupt_hjk/sdp_dataset/xrf55/wifi/02_04_01.npy,1000,float64,0.0,0.4996851851851852,0.0,0.011051851851851853,0.5003148148148148,0.49697036802296946,0.17094872650428206,0.0,
bp_fs200_legacy_abs,/home/test/bupt_hjk/sdp_dataset/xrf55/wifi/02_04_02.npy,1000,float64,0.0,0.4996074074074074,0.0,0.010185185185185186,0.5003925925925926,0.4982200880109673,0.14176769361954547,0.0,
bp_fs200_legacy_abs,/home/test/bupt_hjk/sdp_dataset/xrf55/wifi/02_04_03.npy,1000,float64,0.0,0.4978925925925926,0.0,0.011192592592592593,0.5021074074074074,0.505017114988489,0.1525859192525859,0.0,
bp_fs200_legacy_abs,/home/test/bupt_hjk/sdp_dataset/xrf55/wifi/02_04_04.npy,1000,float64,0.0,0.4981925925925926,0.0,0.009925925925925927,0.5018074074074074,0.5051486870942868,0.1502613724835947,0.0,
bp_fs200_legacy_abs,/home/test/bupt_hjk/sdp_dataset/xrf55/wifi/02_04_05.npy,1000,float64,0.0,0.5004333333333333,0.0,0.010185185185185186,0.49956666666666666,0.49840286917858073,0.1479590701812924,0.0,
bp_fs200_legacy_abs,/home/test/bupt_hjk/sdp_dataset/xrf55/wifi/02_04_06.npy,1000,float64,0.0,0.498,0.0,0.010103703703703703,0.502,0.5024499240069868,0.16289993697401106,0.0,
bp_fs200_legacy_abs,/home/test/bupt_hjk/sdp_dataset/xrf55/wifi/02_04_07.npy,1000,float64,0.0,0.5031592592592593,0.0,0.010288888888888889,0.49684074074074075,0.4939681074085567,0.15493641789938087,0.0,
bp_fs200_legacy_abs,/home/test/bupt_hjk/sdp_dataset/xrf55/wifi/02_04_08.npy,1000,float64,0.0,0.5025111111111111,0.0,0.01105925925925926,0.49748888888888887,0.49685503554929644,0.1560004448893338,0.0,
bp_fs200_legacy_abs,/home/test/bupt_hjk/sdp_dataset/xrf55/wifi/02_04_09.npy,1000,float64,0.0,0.5038888888888889,0.0,0.01002962962962963,0.4961111111111111,0.4968659468001054,0.1522225929633337,0.0,
bp_fs200_legacy_abs,/home/test/bupt_hjk/sdp_dataset/xrf55/wifi/02_04_10.npy,1000,float64,0.0,0.5110851851851852,0.0,0.010792592592592593,0.4889148148148148,0.48723038544613795,0.15861416972528083,0.0,
bp_fs200_legacy_abs,/home/test/bupt_hjk/sdp_dataset/xrf55/wifi/02_04_11.npy,1000,float64,0.0,0.4991148148148148,0.0,0.013133333333333334,0.5008851851851852,0.5025592682612876,0.16348941534126718,0.0,
bp_fs200_legacy_abs,/home/test/bupt_hjk/sdp_dataset/xrf55/wifi/02_04_12.npy,1000,float64,0.0,0.5135222222222222,0.0,0.011185185185185185,0.4864777777777778,0.4858493243473358,0.1551848144440737,0.0,
bp_fs200_legacy_abs,/home/test/bupt_hjk/sdp_dataset/xrf55/wifi/02_04_13.npy,1000,float64,0.0,0.5047777777777778,0.0,0.01037037037037037,0.49522222222222223,0.4931602867026929,0.15181848515181848,0.0,
bp_fs200_legacy_abs,/home/test/bupt_hjk/sdp_dataset/xrf55/wifi/02_04_14.npy,1000,float64,0.0,0.48565185185185183,0.0,0.010103703703703703,0.5143481481481481,0.5176740002871978,0.14537129722314907,0.0,
bp_fs200_legacy_abs,/home/test/bupt_hjk/sdp_dataset/xrf55/wifi/02_04_15.npy,1000,float64,0.0,0.49175185185185183,0.0,0.01162962962962963,0.5082481481481481,0.5090751911913581,0.1670559448337226,0.0,
bp_fs200_legacy_abs,/home/test/bupt_hjk/sdp_dataset/xrf55/wifi/02_04_16.npy,1000,float64,0.0,0.48655925925925925,0.0,0.010925925925925926,0.5134407407407408,0.5137250761666314,0.1536981425870315,0.0,
bp_fs200_legacy_abs,/home/test/bupt_hjk/sdp_dataset/xrf55/wifi/02_04_17.npy,1000,float64,0.0,0.493062962962963,0.0,0.011896296296296295,0.5069370370370371,0.5076984262257827,0.1715938160382605,0.0,
bp_fs200_legacy_abs,/home/test/bupt_hjk/sdp_dataset/xrf55/wifi/02_04_18.npy,1000,float64,0.0,0.4979074074074074,0.0,0.011096296296296297,0.5020925925925926,0.5020240155408041,0.17222407592777964,0.0,
bp_fs200_legacy_abs,/home/test/bupt_hjk/sdp_dataset/xrf55/wifi/02_04_19.npy,1000,float64,0.0,0.4854703703703704,0.0,0.011725925925925926,0.5145296296296297,0.5207057594634896,0.17785192600007416,0.0,
bp_fs200_legacy_abs,/home/test/bupt_hjk/sdp_dataset/xrf55/wifi/02_04_20.npy,1000,float64,0.0,0.49293333333333333,0.0,0.011148148148148148,0.5070666666666667,0.5090748918580092,0.15497349201052904,0.0,
bp_fs200_legacy_abs,/home/test/bupt_hjk/sdp_dataset/xrf55/wifi/02_05_01.npy,1000,float64,0.0,0.5136740740740741,0.0,0.013718518518518519,0.48632592592592594,0.4824042553993584,0.19413858302747192,0.0,
bp_fs200_legacy_abs,/home/test/bupt_hjk/sdp_dataset/xrf55/wifi/02_05_02.npy,1000,float64,0.0,0.4994148148148148,0.0,0.01494074074074074,0.5005851851851851,0.499854485213459,0.23239535832128425,0.0,
bp_fs200_legacy_abs,/home/test/bupt_hjk/sdp_dataset/xrf55/wifi/02_05_03.npy,1000,float64,0.0,0.49422962962962963,0.0,0.01457037037037037,0.5057703703703704,0.5064776283467747,0.2138286434582731,0.0,
bp_fs200_legacy_abs,/home/test/bupt_hjk/sdp_dataset/xrf55/wifi/02_05_04.npy,1000,float64,0.0,0.5021629629629629,0.0,0.012192592592592593,0.497837037037037,0.4932575436899075,0.1867274682089497,0.0,
bp_fs200_legacy_abs,/home/test/bupt_hjk/sdp_dataset/xrf55/wifi/02_05_05.npy,1000,float64,0.0,0.49362222222222224,0.0,0.012725925925925925,0.5063777777777778,0.5077299416615311,0.19515441367293218,0.0,
bp_fs200_legacy_abs,/home/test/bupt_hjk/sdp_dataset/xrf55/wifi/02_05_06.npy,1000,float64,0.0,0.5080259259259259,0.0,0.01594074074074074,0.49197407407407406,0.4906269281827871,0.2263411559707856,0.0,
bp_fs200_legacy_abs,/home/test/bupt_hjk/sdp_dataset/xrf55/wifi/02_05_07.npy,1000,float64,0.0,0.5050407407407408,0.0,0.013333333333333334,0.49495925925925927,0.49199369451588815,0.19737144551959368,0.0,
bp_fs200_legacy_abs,/home/test/bupt_hjk/sdp_dataset/xrf55/wifi/02_05_08.npy,1000,float64,0.0,0.4828148148148148,0.0,0.011733333333333333,0.5171851851851852,0.5189837648025138,0.1851110369628888,0.0,
bp_fs200_legacy_abs,/home/test/bupt_hjk/sdp_dataset/xrf55/wifi/02_05_09.npy,1000,float64,0.0,0.49925555555555556,0.0,0.0154,0.5007444444444444,0.5018240978110826,0.2101879657435213,0.0,
bp_fs200_legacy_abs,/home/test/bupt_hjk/sdp_dataset/xrf55/wifi/02_05_10.npy,1000,float64,0.0,0.5015407407407407,0.0,0.014866666666666667,0.49845925925925927,0.4994139604329974,0.2301190078967857,0.0,
bp_fs200_legacy_abs,/home/test/bupt_hjk/sdp_dataset/xrf55/wifi/02_05_11.npy,1000,float64,0.0,0.5078074074074074,0.0,0.012696296296296296,0.49219259259259257,0.49170254079113734,0.19717124531939348,0.0,
bp_fs200_legacy_abs,/home/test/bupt_hjk/sdp_dataset/xrf55/wifi/02_05_12.npy,1000,float64,0.0,0.5077851851851852,0.0,0.01382962962962963,0.4922148148148148,0.48910529149886617,0.2013828643458273,0.0,
bp_fs200_legacy_abs,/home/test/bupt_hjk/sdp_dataset/xrf55/wifi/02_05_13.npy,1000,float64,0.0,0.5194037037037037,0.0,0.014214814814814816,0.4805962962962963,0.47898835042644405,0.21069217365513662,0.0,
bp_fs200_legacy_abs,/home/test/bupt_hjk/sdp_dataset/xrf55/wifi/02_05_14.npy,1000,float64,0.0,0.49994814814814814,0.0,0.01391851851851852,0.5000518518518519,0.499330235514924,0.19894338783227672,0.0,
bp_fs200_legacy_abs,/home/test/bupt_hjk/sdp_dataset/xrf55/wifi/02_05_15.npy,1000,float64,0.0,0.5175888888888889,0.0,0.01414074074074074,0.4824111111111111,0.48033070824544255,0.18870351833314797,0.0,
bp_fs200_legacy_abs,/home/test/bupt_hjk/sdp_dataset/xrf55/wifi/02_05_16.npy,1000,float64,0.0,0.5062814814814814,0.0,0.01471111111111111,0.4937185185185185,0.4934810561885111,0.22368294220146073,0.0,
bp_fs200_legacy_abs,/home/test/bupt_hjk/sdp_dataset/xrf55/wifi/02_05_17.npy,1000,float64,0.0,0.5007925925925926,0.0,0.014281481481481482,0.49920740740740743,0.498382268910425,0.2024839654469284,0.0,
bp_fs200_legacy_abs,/home/test/bupt_hjk/sdp_dataset/xrf55/wifi/02_05_18.npy,1000,float64,0.0,0.5138481481481482,0.0,0.013866666666666666,0.48615185185185184,0.48578318552194044,0.21309828346865384,0.0,
bp_fs200_legacy_abs,/home/test/bupt_hjk/sdp_dataset/xrf55/wifi/02_05_19.npy,1000,float64,0.0,0.5073296296296296,0.0,0.014407407407407407,0.49267037037037037,0.4911938476745318,0.22636340043747452,0.0,
bp_fs200_legacy_abs,/home/test/bupt_hjk/sdp_dataset/xrf55/wifi/02_05_20.npy,1000,float64,0.0,0.5142888888888889,0.0,0.013651851851851853,0.4857111111111111,0.48319227401767,0.1844511177844511,0.0,
bp_fs200_legacy_abs,/home/test/bupt_hjk/sdp_dataset/xrf55/wifi/02_06_01.npy,1000,float64,0.0,0.4990888888888889,0.0,0.015066666666666667,0.5009111111111111,0.5001951776116266,0.2244207170133096,0.0,
bp_fs200_legacy_abs,/home/test/bupt_hjk/sdp_dataset/xrf55/wifi/02_06_02.npy,1000,float64,0.0,0.5079555555555556,0.0,0.014348148148148148,0.49204444444444445,0.4926638299145235,0.22496570644718794,0.0,
bp_fs200_legacy_abs,/home/test/bupt_hjk/sdp_dataset/xrf55/wifi/02_06_03.npy,1000,float64,0.0,0.5041481481481481,0.0,0.015325925925925925,0.4958518518518519,0.4950296278295979,0.2388684981277574,0.0,
bp_fs200_legacy_abs,/home/test/bupt_hjk/sdp_dataset/xrf55/wifi/02_06_04.npy,1000,float64,0.0,0.5022555555555556,0.0,0.013948148148148149,0.49774444444444443,0.49822211041313874,0.1937937937937938,0.0,
bp_fs200_legacy_abs,/home/test/bupt_hjk/sdp_dataset/xrf55/wifi/02_06_05.npy,1000,float64,0.0,0.5071851851851852,0.0,0.013992592592592593,0.4928148148148148,0.49136344170041396,0.2136729321914507,0.0,
bp_fs200_legacy_abs,/home/test/bupt_hjk/sdp_dataset/xrf55/wifi/02_06_06.npy,1000,float64,0.0,0.5015518518518518,0.0,0.014577777777777778,0.49844814814814814,0.49661359805206967,0.22471360249138028,0.0,
bp_fs200_legacy_abs,/home/test/bupt_hjk/sdp_dataset/xrf55/wifi/02_06_07.npy,1000,float64,0.0,0.4932592592592593,0.0,0.014703703703703703,0.5067407407407407,0.5067864989913987,0.2223000778556334,0.0,
bp_fs200_legacy_abs,/home/test/bupt_hjk/sdp_dataset/xrf55/wifi/02_06_08.npy,1000,float64,0.0,0.501774074074074,0.0,0.0148,0.4982259259259259,0.4968839291740725,0.21733214696177658,0.0,
bp_fs200_legacy_abs,/home/test/bupt_hjk/sdp_dataset/xrf55/wifi/02_06_09.npy,1000,float64,0.0,0.5068259259259259,0.0,0.014762962962962962,0.4931740740740741,0.49103676166873195,0.22326400474548622,0.0,
bp_fs200_legacy_abs,/home/test/bupt_hjk/sdp_dataset/xrf55/wifi/02_06_10.npy,1000,float64,0.0,0.5141777777777777,0.0,0.01417037037037037,0.4858222222222222,0.48377513539499284,0.22401290179067956,0.0,
bp_fs200_legacy_abs,/home/test/bupt_hjk/sdp_dataset/xrf55/wifi/02_06_11.npy,1000,float64,0.0,0.49836296296296295,0.0,0.01494074074074074,0.501637037037037,0.502216333684894,0.21229748266785303,0.0,
bp_fs200_legacy_abs,/home/test/bupt_hjk/sdp_dataset/xrf55/wifi/02_06_12.npy,1000,float64,0.0,0.4956259259259259,0.0,0.014807407407407408,0.5043740740740741,0.5024990605035701,0.220857894931969,0.0,
bp_fs200_legacy_abs,/home/test/bupt_hjk/sdp_dataset/xrf55/wifi/02_06_13.npy,1000,float64,0.0,0.5048777777777778,0.0,0.014881481481481482,0.49512222222222224,0.49486539516911116,0.21989026063100137,0.0,
bp_fs200_legacy_abs,/home/test/bupt_hjk/sdp_dataset/xrf55/wifi/02_06_14.npy,1000,float64,0.0,0.5051962962962963,0.0,0.014377777777777778,0.4948037037037037,0.4939740970517122,0.20797093389685983,0.0,
bp_fs200_legacy_abs,/home/test/bupt_hjk/sdp_dataset/xrf55/wifi/02_06_15.npy,1000,float64,0.0,0.5089185185185185,0.0,0.014355555555555555,0.4910814814814815,0.4875261213240861,0.209887665443221,0.0,
bp_fs200_legacy_abs,/home/test/bupt_hjk/sdp_dataset/xrf55/wifi/02_06_16.npy,1000,float64,0.0,0.49849629629629627,0.0,0.01425925925925926,0.5015037037037037,0.5021722078078803,0.2121899677455233,0.0,
bp_fs200_legacy_abs,/home/test/bupt_hjk/sdp_dataset/xrf55/wifi/02_06_17.npy,1000,float64,0.0,0.49524074074074076,0.0,0.013192592592592593,0.5047592592592592,0.5052809098489345,0.20288807325844363,0.0,
bp_fs200_legacy_abs,/home/test/bupt_hjk/sdp_dataset/xrf55/wifi/02_06_18.npy,1000,float64,0.0,0.5021111111111111,0.0,0.013503703703703704,0.4978888888888889,0.49779591529694966,0.2074852630408186,0.0,
bp_fs200_legacy_abs,/home/test/bupt_hjk/sdp_dataset/xrf55/wifi/02_06_19.npy,1000,float64,0.0,0.5000888888888889,0.0,0.014296296296296297,0.4999111111111111,0.499070163154368,0.20388165943721498,0.0,
bp_fs200_legacy_abs,/home/test/bupt_hjk/sdp_dataset/xrf55/wifi/02_06_20.npy,1000,float64,0.0,0.5003740740740741,0.0,0.013362962962962964,0.4996259259259259,0.4979826089579704,0.20585029473918362,0.0,
bp_fs200_legacy_abs,/home/test/bupt_hjk/sdp_dataset/xrf55/wifi/02_07_01.npy,1000,float64,0.0,0.4824148148148148,0.0,0.011555555555555555,0.5175851851851851,0.5198458915996267,0.15690134579023468,0.0,
bp_fs200_legacy_abs,/home/test/bupt_hjk/sdp_dataset/xrf55/wifi/02_07_02.npy,1000,float64,0.0,0.5087703703703703,0.0,0.010814814814814815,0.4912296296296296,0.4898419265860386,0.151440329218107,0.0,
bp_fs200_legacy_abs,/home/test/bupt_hjk/sdp_dataset/xrf55/wifi/02_07_03.npy,1000,float64,0.0,0.5122444444444444,0.0,0.010933333333333333,0.48775555555555555,0.48447323445034485,0.15853260668075483,0.0,
bp_fs200_legacy_abs,/home/test/bupt_hjk/sdp_dataset/xrf55/wifi/02_07_04.npy,1000,float64,0.0,0.49763703703703704,0.0,0.010496296296296297,0.502362962962963,0.5046462521249266,0.1440774107440774,0.0,
bp_fs200_legacy_abs,/home/test/bupt_hjk/sdp_dataset/xrf55/wifi/02_07_05.npy,1000,float64,0.0,0.48338148148148147,0.0,0.0102,0.5166185185185185,0.5190355713314704,0.1454788121454788,0.0,
bp_fs200_legacy_abs,/home/test/bupt_hjk/sdp_dataset/xrf55/wifi/02_07_06.npy,1000,float64,0.0,0.49343333333333333,0.0,0.011118518518518519,0.5065666666666667,0.5083871505669759,0.16557668779891002,0.0,
bp_fs200_legacy_abs,/home/test/bupt_hjk/sdp_dataset/xrf55/wifi/02_07_07.npy,1000,float64,0.0,0.49573333333333336,0.0,0.010666666666666666,0.5042666666666666,0.507362266013593,0.15238942646350054,0.0,
bp_fs200_legacy_abs,/home/test/bupt_hjk/sdp_dataset/xrf55/wifi/02_07_08.npy,1000,float64,0.0,0.48881851851851854,0.0,0.01034074074074074,0.5111814814814815,0.5137198604785768,0.13841619397174953,0.0,
bp_fs200_legacy_abs,/home/test/bupt_hjk/sdp_dataset/xrf55/wifi/02_07_09.npy,1000,float64,0.0,0.4921740740740741,0.0,0.011518518518518518,0.5078259259259259,0.5108123193991426,0.1588885181477774,0.0,
bp_fs200_legacy_abs,/home/test/bupt_hjk/sdp_dataset/xrf55/wifi/02_07_10.npy,1000,float64,0.0,0.5008814814814815,0.0,0.011748148148148148,0.4991185185185185,0.4991794797939793,0.16550253957661365,0.0,
bp_fs200_legacy_abs,/home/test/bupt_hjk/sdp_dataset/xrf55/wifi/02_07_11.npy,1000,float64,0.0,0.4897740740740741,0.0,0.012511111111111112,0.510225925925926,0.5142977608456685,0.18255663070477884,0.0,
bp_fs200_legacy_abs,/home/test/bupt_hjk/sdp_dataset/xrf55/wifi/02_07_12.npy,1000,float64,0.0,0.47988148148148146,0.0,0.013585185185185185,0.5201185185185185,0.5224188523539041,0.18867385904422942,0.0,
bp_fs200_legacy_abs,/home/test/bupt_hjk/sdp_dataset/xrf55/wifi/02_07_13.npy,1000,float64,0.0,0.4994148148148148,0.0,0.010851851851851852,0.5005851851851851,0.5032562411288303,0.1584658732806881,0.0,
bp_fs200_legacy_abs,/home/test/bupt_hjk/sdp_dataset/xrf55/wifi/02_07_14.npy,1000,float64,0.0,0.5008703703703704,0.0,0.013681481481481482,0.49912962962962965,0.5039619292215886,0.1855077299521744,0.0,
bp_fs200_legacy_abs,/home/test/bupt_hjk/sdp_dataset/xrf55/wifi/02_07_15.npy,1000,float64,0.0,0.5040851851851852,0.0,0.012192592592592593,0.4959148148148148,0.49749344512252797,0.1590071553034516,0.0,
bp_fs200_legacy_abs,/home/test/bupt_hjk/sdp_dataset/xrf55/wifi/02_07_16.npy,1000,float64,0.0,0.4928925925925926,0.0,0.012385185185185185,0.5071074074074075,0.5086974536688262,0.17831164497831165,0.0,
bp_fs200_legacy_abs,/home/test/bupt_hjk/sdp_dataset/xrf55/wifi/02_07_17.npy,1000,float64,0.0,0.48687407407407407,0.0,0.010325925925925926,0.5131259259259259,0.5125352181735204,0.14974604233863492,0.0,
bp_fs200_legacy_abs,/home/test/bupt_hjk/sdp_dataset/xrf55/wifi/02_07_18.npy,1000,float64,0.0,0.4977962962962963,0.0,0.012348148148148148,0.5022037037037037,0.4981381581185757,0.17473399325251177,0.0,
bp_fs200_legacy_abs,/home/test/bupt_hjk/sdp_dataset/xrf55/wifi/02_07_19.npy,1000,float64,0.0,0.4963185185185185,0.0,0.011451851851851852,0.5036814814814815,0.5049183904543728,0.17772587402217033,0.0,
bp_fs200_legacy_abs,/home/test/bupt_hjk/sdp_dataset/xrf55/wifi/02_07_20.npy,1000,float64,0.0,0.5053925925925926,0.0,0.0136,0.4946074074074074,0.4933866130847616,0.19902865828791755,0.0,
bp_fs200_legacy_abs,/home/test/bupt_hjk/sdp_dataset/xrf55/wifi/02_08_01.npy,1000,float64,0.0,0.49623703703703703,0.0,0.009496296296296296,0.503762962962963,0.5055370480232434,0.13648463278092907,0.0,
bp_fs200_legacy_abs,/home/test/bupt_hjk/sdp_dataset/xrf55/wifi/02_08_02.npy,1000,float64,0.0,0.49052222222222225,0.0,0.00908888888888889,0.5094777777777778,0.5113107810427758,0.12795017239461684,0.0,
bp_fs200_legacy_abs,/home/test/bupt_hjk/sdp_dataset/xrf55/wifi/02_08_03.npy,1000,float64,0.0,0.4909,0.0,0.008962962962962963,0.5091,0.5126141156621989,0.12515849182515848,0.0,
bp_fs200_legacy_abs,/home/test/bupt_hjk/sdp_dataset/xrf55/wifi/02_08_04.npy,1000,float64,0.0,0.4911333333333333,0.0,0.009355555555555556,0.5088666666666667,0.5116479431748923,0.1258035813591369,0.0,
bp_fs200_legacy_abs,/home/test/bupt_hjk/sdp_dataset/xrf55/wifi/02_08_05.npy,1000,float64,0.0,0.48814074074074076,0.0,0.008585185185185185,0.5118592592592592,0.5145368620756517,0.13249545842138435,0.0,
bp_fs200_legacy_abs,/home/test/bupt_hjk/sdp_dataset/xrf55/wifi/02_08_06.npy,1000,float64,0.0,0.4981,0.0,0.009888888888888888,0.5019,0.49998298953289255,0.14168613057501947,0.0,
bp_fs200_legacy_abs,/home/test/bupt_hjk/sdp_dataset/xrf55/wifi/02_08_07.npy,1000,float64,0.0,0.4956037037037037,0.0,0.008288888888888889,0.5043962962962963,0.5044117201925115,0.12896971045119193,0.0,
bp_fs200_legacy_abs,/home/test/bupt_hjk/sdp_dataset/xrf55/wifi/02_08_08.npy,1000,float64,0.0,0.48247407407407406,0.0,0.00885925925925926,0.517525925925926,0.5213819690461221,0.1256812367923479,0.0,
bp_fs200_legacy_abs,/home/test/bupt_hjk/sdp_dataset/xrf55/wifi/02_08_09.npy,1000,float64,0.0,0.4933222222222222,0.0,0.009207407407407407,0.5066777777777778,0.508306781975421,0.13456419382345308,0.0,
bp_fs200_legacy_abs,/home/test/bupt_hjk/sdp_dataset/xrf55/wifi/02_08_10.npy,1000,float64,0.0,0.5052333333333333,0.0,0.009851851851851851,0.4947666666666667,0.49609866218202203,0.14469654840025212,0.0,
bp_fs200_legacy_abs,/home/test/bupt_hjk/sdp_dataset/xrf55/wifi/02_08_11.npy,1000,float64,0.0,0.4968222222222222,0.0,0.011044444444444445,0.5031777777777777,0.5050900518335993,0.15611537463389316,0.0,
bp_fs200_legacy_abs,/home/test/bupt_hjk/sdp_dataset/xrf55/wifi/02_08_12.npy,1000,float64,0.0,0.4967185185185185,0.0,0.010851851851851852,0.5032814814814814,0.5031346470809908,0.14604975345716087,0.0,
bp_fs200_legacy_abs,/home/test/bupt_hjk/sdp_dataset/xrf55/wifi/02_08_13.npy,1000,float64,0.0,0.48815185185185184,0.0,0.010725925925925925,0.5118481481481482,0.5136938521731218,0.15101026952878804,0.0,
bp_fs200_legacy_abs,/home/test/bupt_hjk/sdp_dataset/xrf55/wifi/02_08_14.npy,1000,float64,0.0,0.49674074074074076,0.0,0.009385185185185186,0.5032592592592593,0.5064011109930638,0.14546768991213435,0.0,
bp_fs200_legacy_abs,/home/test/bupt_hjk/sdp_dataset/xrf55/wifi/02_08_15.npy,1000,float64,0.0,0.4830925925925926,0.0,0.0098,0.5169074074074074,0.5186002865922229,0.1372891409928447,0.0,
bp_fs200_legacy_abs,/home/test/bupt_hjk/sdp_dataset/xrf55/wifi/02_08_16.npy,1000,float64,0.0,0.49995925925925927,0.0,0.01017037037037037,0.5000407407407408,0.4978496123271303,0.13694435175916658,0.0,
bp_fs200_legacy_abs,/home/test/bupt_hjk/sdp_dataset/xrf55/wifi/02_08_17.npy,1000,float64,0.0,0.49012962962962964,0.0,0.008355555555555555,0.5098703703703704,0.5118530344219951,0.12835057279501724,0.0,
bp_fs200_legacy_abs,/home/test/bupt_hjk/sdp_dataset/xrf55/wifi/02_08_18.npy,1000,float64,0.0,0.4934148148148148,0.0,0.0086,0.5065851851851851,0.5072682764664994,0.12511029548066585,0.0,
bp_fs200_legacy_abs,/home/test/bupt_hjk/sdp_dataset/xrf55/wifi/02_08_19.npy,1000,float64,0.0,0.5108,0.0,0.009266666666666666,0.4892,0.48732680722891564,0.1304044785526267,0.0,
bp_fs200_legacy_abs,/home/test/bupt_hjk/sdp_dataset/xrf55/wifi/02_08_20.npy,1000,float64,0.0,0.5005888888888889,0.0,0.008237037037037038,0.4994111111111111,0.5023628526349959,0.12672301931561192,0.0,
bp_fs200_legacy_abs,/home/test/bupt_hjk/sdp_dataset/xrf55/wifi/02_09_01.npy,1000,float64,0.0,0.490062962962963,0.0,0.010555555555555556,0.5099370370370371,0.5123789670850893,0.15937789641493344,0.0,
bp_fs200_legacy_abs,/home/test/bupt_hjk/sdp_dataset/xrf55/wifi/02_09_02.npy,1000,float64,0.0,0.4911333333333333,0.0,0.012155555555555555,0.5088666666666667,0.5108397858117274,0.16978089200311422,0.0,
bp_fs200_legacy_abs,/home/test/bupt_hjk/sdp_dataset/xrf55/wifi/02_09_03.npy,1000,float64,0.0,0.49993333333333334,0.0,0.010874074074074074,0.5000666666666667,0.4985201069147249,0.16186186186186186,0.0,
bp_fs200_legacy_abs,/home/test/bupt_hjk/sdp_dataset/xrf55/wifi/02_09_04.npy,1000,float64,0.0,0.500537037037037,0.0,0.011214814814814815,0.49946296296296294,0.49999055695102834,0.169091313535758,0.0,
bp_fs200_legacy_abs,/home/test/bupt_hjk/sdp_dataset/xrf55/wifi/02_09_05.npy,1000,float64,0.0,0.5102444444444444,0.0,0.011414814814814815,0.48975555555555556,0.4872699305150374,0.1738367997627257,0.0,
bp_fs200_legacy_abs,/home/test/bupt_hjk/sdp_dataset/xrf55/wifi/02_09_06.npy,1000,float64,0.0,0.511237037037037,0.0,0.011407407407407408,0.48876296296296295,0.48741490130452975,0.16880213546880213,0.0,
bp_fs200_legacy_abs,/home/test/bupt_hjk/sdp_dataset/xrf55/wifi/02_09_07.npy,1000,float64,0.0,0.5035555555555555,0.0,0.01188148148148148,0.49644444444444447,0.4956986641626026,0.16626997367738108,0.0,
bp_fs200_legacy_abs,/home/test/bupt_hjk/sdp_dataset/xrf55/wifi/02_09_08.npy,1000,float64,0.0,0.5031407407407408,0.0,0.012148148148148148,0.4968592592592593,0.4946548205248822,0.17316575835094353,0.0,
bp_fs200_legacy_abs,/home/test/bupt_hjk/sdp_dataset/xrf55/wifi/02_09_09.npy,1000,float64,0.0,0.5123037037037037,0.0,0.010681481481481481,0.4876962962962963,0.4866674724095994,0.16412338264190116,0.0,
bp_fs200_legacy_abs,/home/test/bupt_hjk/sdp_dataset/xrf55/wifi/02_09_10.npy,1000,float64,0.0,0.5007037037037037,0.0,0.012222222222222223,0.4992962962962963,0.4992772926094656,0.17735513291068847,0.0,
bp_fs200_legacy_abs,/home/test/bupt_hjk/sdp_dataset/xrf55/wifi/02_09_11.npy,1000,float64,0.0,0.5089333333333333,0.0,0.011281481481481481,0.49106666666666665,0.4894397106230987,0.17333259185111036,0.0,
bp_fs200_legacy_abs,/home/test/bupt_hjk/sdp_dataset/xrf55/wifi/02_09_12.npy,1000,float64,0.0,0.5070259259259259,0.0,0.01174074074074074,0.49297407407407406,0.49256727327816385,0.17634671708745783,0.0,
bp_fs200_legacy_abs,/home/test/bupt_hjk/sdp_dataset/xrf55/wifi/02_09_13.npy,1000,float64,0.0,0.5104851851851852,0.0,0.011955555555555556,0.4895148148148148,0.48787926770418627,0.17920883846809774,0.0,
bp_fs200_legacy_abs,/home/test/bupt_hjk/sdp_dataset/xrf55/wifi/02_09_14.npy,1000,float64,0.0,0.5039555555555556,0.0,0.011955555555555556,0.49604444444444445,0.4961175092941029,0.16843880917954993,0.0,
bp_fs200_legacy_abs,/home/test/bupt_hjk/sdp_dataset/xrf55/wifi/02_09_15.npy,1000,float64,0.0,0.5053925925925926,0.0,0.011592592592592592,0.4946074074074074,0.4932521639874441,0.17383309235161087,0.0,
bp_fs200_legacy_abs,/home/test/bupt_hjk/sdp_dataset/xrf55/wifi/02_09_16.npy,1000,float64,0.0,0.5105222222222222,0.0,0.011674074074074075,0.4894777777777778,0.4876355256696007,0.17663589515441366,0.0,
bp_fs200_legacy_abs,/home/test/bupt_hjk/sdp_dataset/xrf55/wifi/02_09_17.npy,1000,float64,0.0,0.5126592592592593,0.0,0.011985185185185186,0.48734074074074074,0.4857585467657508,0.17535683831980128,0.0,
bp_fs200_legacy_abs,/home/test/bupt_hjk/sdp_dataset/xrf55/wifi/02_09_18.npy,1000,float64,0.0,0.5071555555555556,0.0,0.010925925925925926,0.4928444444444444,0.49161401515008973,0.15853260668075483,0.0,
bp_fs200_legacy_abs,/home/test/bupt_hjk/sdp_dataset/xrf55/wifi/02_09_19.npy,1000,float64,0.0,0.49954074074074073,0.0,0.012355555555555555,0.5004592592592593,0.4994971416472581,0.18042116190264337,0.0,
bp_fs200_legacy_abs,/home/test/bupt_hjk/sdp_dataset/xrf55/wifi/02_09_20.npy,1000,float64,0.0,0.4955333333333333,0.0,0.011148148148148148,0.5044666666666666,0.5058957561948163,0.16516516516516516,0.0,
bp_fs200_legacy_abs,/home/test/bupt_hjk/sdp_dataset/xrf55/wifi/02_10_01.npy,1000,float64,0.0,0.508537037037037,0.0,0.00882962962962963,0.491462962962963,0.4899625039334852,0.1281021762503244,0.0,
bp_fs200_legacy_abs,/home/test/bupt_hjk/sdp_dataset/xrf55/wifi/02_10_02.npy,1000,float64,0.0,0.5086814814814815,0.0,0.009666666666666667,0.49131851851851854,0.4892923332955104,0.13940607273940608,0.0,
bp_fs200_legacy_abs,/home/test/bupt_hjk/sdp_dataset/xrf55/wifi/02_10_03.npy,1000,float64,0.0,0.49974444444444444,0.0,0.009592592592592592,0.5002555555555556,0.4998159368049697,0.14417009602194789,0.0,
bp_fs200_legacy_abs,/home/test/bupt_hjk/sdp_dataset/xrf55/wifi/02_10_04.npy,1000,float64,0.0,0.5171074074074075,0.0,0.009251851851851851,0.4828925925925926,0.4805769427800567,0.1432358284210136,0.0,
bp_fs200_legacy_abs,/home/test/bupt_hjk/sdp_dataset/xrf55/wifi/02_10_05.npy,1000,float64,0.0,0.49264444444444444,0.0,0.008540740740740741,0.5073555555555556,0.5066410583432068,0.12838023208393579,0.0,
bp_fs200_legacy_abs,/home/test/bupt_hjk/sdp_dataset/xrf55/wifi/02_10_06.npy,1000,float64,0.0,0.49745555555555554,0.0,0.009488888888888889,0.5025444444444445,0.5041528302029517,0.13534275015756497,0.0,
bp_fs200_legacy_abs,/home/test/bupt_hjk/sdp_dataset/xrf55/wifi/02_10_07.npy,1000,float64,0.0,0.484562962962963,0.0,0.009303703703703703,0.515437037037037,0.5175589465389744,0.12888814740666593,0.0,
bp_fs200_legacy_abs,/home/test/bupt_hjk/sdp_dataset/xrf55/wifi/02_10_08.npy,1000,float64,0.0,0.4953074074074074,0.0,0.010185185185185186,0.5046925925925926,0.5032093204884688,0.13717421124828533,0.0,
bp_fs200_legacy_abs,/home/test/bupt_hjk/sdp_dataset/xrf55/wifi/02_10_09.npy,1000,float64,0.0,0.5017888888888888,0.0,0.010022222222222222,0.4982111111111111,0.49622112594091494,0.14632780929077224,0.0,
bp_fs200_legacy_abs,/home/test/bupt_hjk/sdp_dataset/xrf55/wifi/02_10_10.npy,1000,float64,0.0,0.4982888888888889,0.0,0.010281481481481482,0.5017111111111111,0.5023223391600179,0.14222370518666816,0.0,
bp_fs200_legacy_abs,/home/test/bupt_hjk/sdp_dataset/xrf55/wifi/02_10_11.npy,1000,float64,0.0,0.5028851851851852,0.0,0.011266666666666666,0.4971148148148148,0.49693893351763935,0.15343120898676454,0.0,
bp_fs200_legacy_abs,/home/test/bupt_hjk/sdp_dataset/xrf55/wifi/02_10_12.npy,1000,float64,0.0,0.48885555555555554,0.0,0.010148148148148147,0.5111444444444444,0.5166589454017969,0.15379453527601675,0.0,
bp_fs200_legacy_abs,/home/test/bupt_hjk/sdp_dataset/xrf55/wifi/02_10_13.npy,1000,float64,0.0,0.48952222222222225,0.0,0.011733333333333333,0.5104777777777778,0.5105440074765228,0.16314091869647426,0.0,
bp_fs200_legacy_abs,/home/test/bupt_hjk/sdp_dataset/xrf55/wifi/02_10_14.npy,1000,float64,0.0,0.4792592592592593,0.0,0.010118518518518518,0.5207407407407407,0.5279134537049317,0.14336188039891742,0.0,
bp_fs200_legacy_abs,/home/test/bupt_hjk/sdp_dataset/xrf55/wifi/02_10_15.npy,1000,float64,0.0,0.5011592592592593,0.0,0.011651851851851852,0.49884074074074075,0.5008394654646933,0.16330033737441144,0.0,
bp_fs200_legacy_abs,/home/test/bupt_hjk/sdp_dataset/xrf55/wifi/02_10_16.npy,1000,float64,0.0,0.49632592592592595,0.0,0.009118518518518519,0.503674074074074,0.5057998249109461,0.13123123123123123,0.0,
bp_fs200_legacy_abs,/home/test/bupt_hjk/sdp_dataset/xrf55/wifi/02_10_17.npy,1000,float64,0.0,0.5048037037037038,0.0,0.011325925925925927,0.4951962962962963,0.49675785246232074,0.16497979460942425,0.0,
bp_fs200_legacy_abs,/home/test/bupt_hjk/sdp_dataset/xrf55/wifi/02_10_18.npy,1000,float64,0.0,0.507962962962963,0.0,0.010451851851851851,0.49203703703703705,0.49222690501142213,0.14761057353649945,0.0,
bp_fs200_legacy_abs,/home/test/bupt_hjk/sdp_dataset/xrf55/wifi/02_10_19.npy,1000,float64,0.0,0.5028333333333334,0.0,0.010274074074074074,0.49716666666666665,0.4982932420011213,0.15092129166203241,0.0,
bp_fs200_legacy_abs,/home/test/bupt_hjk/sdp_dataset/xrf55/wifi/02_10_20.npy,1000,float64,0.0,0.5037296296296296,0.0,0.010525925925925926,0.49627037037037036,0.4951292640153872,0.14664664664664664,0.0,
bp_fs200_legacy_abs,/home/test/bupt_hjk/sdp_dataset/xrf55/wifi/02_11_01.npy,1000,float64,0.0,0.4899148148148148,0.0,0.013044444444444444,0.5100851851851852,0.5111622935766006,0.17496756015274534,0.0,
bp_fs200_legacy_abs,/home/test/bupt_hjk/sdp_dataset/xrf55/wifi/02_11_02.npy,1000,float64,0.0,0.5058888888888889,0.0,0.013444444444444445,0.4941111111111111,0.49185341059189086,0.18596003410818226,0.0,
bp_fs200_legacy_abs,/home/test/bupt_hjk/sdp_dataset/xrf55/wifi/02_11_03.npy,1000,float64,0.0,0.49675185185185183,0.0,0.014244444444444445,0.5032481481481481,0.5040724702527661,0.1925110295480666,0.0,
bp_fs200_legacy_abs,/home/test/bupt_hjk/sdp_dataset/xrf55/wifi/02_11_04.npy,1000,float64,0.0,0.5010333333333333,0.0,0.012844444444444445,0.49896666666666667,0.49760821683482315,0.1811885960034108,0.0,
bp_fs200_legacy_abs,/home/test/bupt_hjk/sdp_dataset/xrf55/wifi/02_11_05.npy,1000,float64,0.0,0.49153703703703705,0.0,0.012103703703703703,0.508462962962963,0.5082620675118191,0.16893930968005041,0.0,
bp_fs200_legacy_abs,/home/test/bupt_hjk/sdp_dataset/xrf55/wifi/02_11_06.npy,1000,float64,0.0,0.4883777777777778,0.0,0.01422962962962963,0.5116222222222222,0.5143170224825241,0.1829681533385237,0.0,
bp_fs200_legacy_abs,/home/test/bupt_hjk/sdp_dataset/xrf55/wifi/02_11_07.npy,1000,float64,0.0,0.48863703703703704,0.0,0.011977777777777778,0.5113629629629629,0.5125535101925986,0.1739368998628258,0.0,
bp_fs200_legacy_abs,/home/test/bupt_hjk/sdp_dataset/xrf55/wifi/02_11_08.npy,1000,float64,0.0,0.48154444444444444,0.0,0.013066666666666667,0.5184555555555556,0.5214020756053849,0.18343899455010565,0.0,
bp_fs200_legacy_abs,/home/test/bupt_hjk/sdp_dataset/xrf55/wifi/02_11_09.npy,1000,float64,0.0,0.49956666666666666,0.0,0.012977777777777777,0.5004333333333333,0.5013052558301427,0.18578207837467098,0.0,
bp_fs200_legacy_abs,/home/test/bupt_hjk/sdp_dataset/xrf55/wifi/02_11_10.npy,1000,float64,0.0,0.49005185185185185,0.0,0.012444444444444444,0.5099481481481482,0.5103531451400143,0.1787787787787788,0.0,
bp_fs200_legacy_abs,/home/test/bupt_hjk/sdp_dataset/xrf55/wifi/02_11_11.npy,1000,float64,0.0,0.4973851851851852,0.0,0.013029629629629629,0.5026148148148148,0.503059293005542,0.17907166425684945,0.0,
bp_fs200_legacy_abs,/home/test/bupt_hjk/sdp_dataset/xrf55/wifi/02_11_12.npy,1000,float64,0.0,0.48503703703703704,0.0,0.013222222222222222,0.514962962962963,0.5180253034448358,0.184147110073036,0.0,
bp_fs200_legacy_abs,/home/test/bupt_hjk/sdp_dataset/xrf55/wifi/02_11_13.npy,1000,float64,0.0,0.4864851851851852,0.0,0.013607407407407407,0.5135148148148149,0.5182063818836851,0.19096503911318727,0.0,
bp_fs200_legacy_abs,/home/test/bupt_hjk/sdp_dataset/xrf55/wifi/02_11_14.npy,1000,float64,0.0,0.48277777777777775,0.0,0.01331111111111111,0.5172222222222222,0.5208244481096648,0.1951766581396211,0.0,
bp_fs200_legacy_abs,/home/test/bupt_hjk/sdp_dataset/xrf55/wifi/02_11_15.npy,1000,float64,0.0,0.4895481481481481,0.0,0.013385185185185186,0.5104518518518518,0.512799767105109,0.17832647462277093,0.0,
bp_fs200_legacy_abs,/home/test/bupt_hjk/sdp_dataset/xrf55/wifi/02_11_16.npy,1000,float64,0.0,0.49084444444444447,0.0,0.012992592592592592,0.5091555555555556,0.5123032242409536,0.18397286175063954,0.0,
bp_fs200_legacy_abs,/home/test/bupt_hjk/sdp_dataset/xrf55/wifi/02_11_17.npy,1000,float64,0.0,0.4914851851851852,0.0,0.012592592592592593,0.5085148148148149,0.5095114423366456,0.19251844437029622,0.0,
bp_fs200_legacy_abs,/home/test/bupt_hjk/sdp_dataset/xrf55/wifi/02_11_18.npy,1000,float64,0.0,0.5115925925925926,0.0,0.012585185185185185,0.4884074074074074,0.4881522322812909,0.1793274756237719,0.0,
bp_fs200_legacy_abs,/home/test/bupt_hjk/sdp_dataset/xrf55/wifi/02_11_19.npy,1000,float64,0.0,0.4943851851851852,0.0,0.012533333333333334,0.5056148148148149,0.5082844308660274,0.18798428057687316,0.0,
bp_fs200_legacy_abs,/home/test/bupt_hjk/sdp_dataset/xrf55/wifi/02_11_20.npy,1000,float64,0.0,0.48535555555555554,0.0,0.013407407407407408,0.5146444444444445,0.5148360897034292,0.188988988988989,0.0,
bp_fs200_legacy_abs,/home/test/bupt_hjk/sdp_dataset/xrf55/wifi/02_12_01.npy,1000,float64,0.0,0.4880555555555556,0.0,0.012888888888888889,0.5119444444444444,0.510534040871627,0.1828087346605865,0.0,
bp_fs200_legacy_abs,/home/test/bupt_hjk/sdp_dataset/xrf55/wifi/02_12_02.npy,1000,float64,0.0,0.5185518518518518,0.0,0.013807407407407407,0.4814481481481481,0.47915713353387296,0.18035813591369146,0.0,
bp_fs200_legacy_abs,/home/test/bupt_hjk/sdp_dataset/xrf55/wifi/02_12_03.npy,1000,float64,0.0,0.49655555555555553,0.0,0.01517037037037037,0.5034444444444445,0.5031024984655919,0.22073184295406517,0.0,
bp_fs200_legacy_abs,/home/test/bupt_hjk/sdp_dataset/xrf55/wifi/02_12_04.npy,1000,float64,0.0,0.49973703703703704,0.0,0.01585925925925926,0.5002629629629629,0.500313741109103,0.22404626849071294,0.0,
bp_fs200_legacy_abs,/home/test/bupt_hjk/sdp_dataset/xrf55/wifi/02_12_05.npy,1000,float64,0.0,0.4974851851851852,0.0,0.01611111111111111,0.5025148148148149,0.5036591809280417,0.21011381752122493,0.0,
bp_fs200_legacy_abs,/home/test/bupt_hjk/sdp_dataset/xrf55/wifi/02_12_06.npy,1000,float64,0.0,0.49543703703703706,0.0,0.014014814814814815,0.504562962962963,0.5061305296627646,0.2166722277833389,0.0,
bp_fs200_legacy_abs,/home/test/bupt_hjk/sdp_dataset/xrf55/wifi/02_12_07.npy,1000,float64,0.0,0.49507407407407406,0.0,0.015474074074074074,0.5049259259259259,0.5047948264666915,0.21350609869128387,0.0,
bp_fs200_legacy_abs,/home/test/bupt_hjk/sdp_dataset/xrf55/wifi/02_12_08.npy,1000,float64,0.0,0.5022444444444445,0.0,0.014696296296296296,0.49775555555555556,0.49821551749992504,0.20684017350684017,0.0,
bp_fs200_legacy_abs,/home/test/bupt_hjk/sdp_dataset/xrf55/wifi/02_12_09.npy,1000,float64,0.0,0.4972888888888889,0.0,0.014244444444444445,0.5027111111111111,0.5030749710788521,0.2090238386534683,0.0,
bp_fs200_legacy_abs,/home/test/bupt_hjk/sdp_dataset/xrf55/wifi/02_12_10.npy,1000,float64,0.0,0.48765555555555556,0.0,0.01485925925925926,0.5123444444444445,0.5152256539175196,0.2212768323879435,0.0,
bp_fs200_legacy_abs,/home/test/bupt_hjk/sdp_dataset/xrf55/wifi/02_12_11.npy,1000,float64,0.0,0.5074814814814815,0.0,0.013644444444444445,0.4925185185185185,0.4928603050972094,0.20905720535350164,0.0,
bp_fs200_legacy_abs,/home/test/bupt_hjk/sdp_dataset/xrf55/wifi/02_12_12.npy,1000,float64,0.0,0.4955888888888889,0.0,0.014948148148148148,0.5044111111111111,0.5043617963694239,0.21919326734141548,0.0,
bp_fs200_legacy_abs,/home/test/bupt_hjk/sdp_dataset/xrf55/wifi/02_12_13.npy,1000,float64,0.0,0.5046037037037037,0.0,0.015444444444444445,0.4953962962962963,0.4935790523878546,0.22000889778667557,0.0,
bp_fs200_legacy_abs,/home/test/bupt_hjk/sdp_dataset/xrf55/wifi/02_12_14.npy,1000,float64,0.0,0.49466666666666664,0.0,0.014770370370370371,0.5053333333333333,0.5065075799901758,0.21212323434545657,0.0,
bp_fs200_legacy_abs,/home/test/bupt_hjk/sdp_dataset/xrf55/wifi/02_12_15.npy,1000,float64,0.0,0.5044666666666666,0.0,0.01622962962962963,0.4955333333333333,0.49730178653298357,0.2182997812627442,0.0,
bp_fs200_legacy_abs,/home/test/bupt_hjk/sdp_dataset/xrf55/wifi/02_12_16.npy,1000,float64,0.0,0.4966407407407407,0.0,0.015637037037037036,0.5033592592592593,0.50488478363635,0.2264412560708857,0.0,
bp_fs200_legacy_abs,/home/test/bupt_hjk/sdp_dataset/xrf55/wifi/02_12_17.npy,1000,float64,0.0,0.4960481481481481,0.0,0.015192592592592593,0.5039518518518519,0.5065949987613264,0.21611982352723094,0.0,
bp_fs200_legacy_abs,/home/test/bupt_hjk/sdp_dataset/xrf55/wifi/02_12_18.npy,1000,float64,0.0,0.4959703703703704,0.0,0.015562962962962962,0.5040296296296296,0.5058738008519742,0.21850368887405924,0.0,
bp_fs200_legacy_abs,/home/test/bupt_hjk/sdp_dataset/xrf55/wifi/02_12_19.npy,1000,float64,0.0,0.5107925925925926,0.0,0.014592592592592593,0.4892074074074074,0.4896371794535388,0.20188336484632782,0.0,
bp_fs200_legacy_abs,/home/test/bupt_hjk/sdp_dataset/xrf55/wifi/02_12_20.npy,1000,float64,0.0,0.4926740740740741,0.0,0.014429629629629629,0.507325925925926,0.5086846224832529,0.2140510881251622,0.0,
bp_fs200_legacy_abs,/home/test/bupt_hjk/sdp_dataset/xrf55/wifi/02_13_01.npy,1000,float64,0.0,0.5056407407407407,0.0,0.011762962962962963,0.4943592592592593,0.49515778452994663,0.1671486301115931,0.0,
bp_fs200_legacy_abs,/home/test/bupt_hjk/sdp_dataset/xrf55/wifi/02_13_02.npy,1000,float64,0.0,0.5067814814814815,0.0,0.011437037037037037,0.4932185185185185,0.49503164759527224,0.1728395061728395,0.0,
bp_fs200_legacy_abs,/home/test/bupt_hjk/sdp_dataset/xrf55/wifi/02_13_03.npy,1000,float64,0.0,0.5138481481481482,0.0,0.012192592592592593,0.48615185185185184,0.4854492679515427,0.17305453601749898,0.0,
bp_fs200_legacy_abs,/home/test/bupt_hjk/sdp_dataset/xrf55/wifi/02_13_04.npy,1000,float64,0.0,0.4945,0.0,0.011859259259259259,0.5055,0.5052157705662192,0.16678159641122603,0.0,
bp_fs200_legacy_abs,/home/test/bupt_hjk/sdp_dataset/xrf55/wifi/02_13_05.npy,1000,float64,0.0,0.4971,0.0,0.012318518518518519,0.5029,0.5022139694329382,0.17913098283468654,0.0,
bp_fs200_legacy_abs,/home/test/bupt_hjk/sdp_dataset/xrf55/wifi/02_13_06.npy,1000,float64,0.0,0.4901074074074074,0.0,0.011837037037037037,0.5098925925925926,0.5102782769863394,0.1686723760797835,0.0,
bp_fs200_legacy_abs,/home/test/bupt_hjk/sdp_dataset/xrf55/wifi/02_13_07.npy,1000,float64,0.0,0.49873703703703703,0.0,0.013392592592592593,0.5012629629629629,0.5043397767900643,0.17899751603455308,0.0,
bp_fs200_legacy_abs,/home/test/bupt_hjk/sdp_dataset/xrf55/wifi/02_13_08.npy,1000,float64,0.0,0.5053296296296297,0.0,0.011748148148148148,0.49467037037037037,0.49400167185040705,0.16985133281429576,0.0,
bp_fs200_legacy_abs,/home/test/bupt_hjk/sdp_dataset/xrf55/wifi/02_13_09.npy,1000,float64,0.0,0.5004518518518518,0.0,0.012266666666666667,0.49954814814814813,0.5037328494524274,0.17320283246209173,0.0,
bp_fs200_legacy_abs,/home/test/bupt_hjk/sdp_dataset/xrf55/wifi/02_13_10.npy,1000,float64,0.0,0.5109444444444444,0.0,0.012051851851851852,0.4890555555555556,0.48936771006679064,0.17604641678715752,0.0,
bp_fs200_legacy_abs,/home/test/bupt_hjk/sdp_dataset/xrf55/wifi/02_13_11.npy,1000,float64,0.0,0.4907814814814815,0.0,0.01117037037037037,0.5092185185185185,0.5105993393109958,0.16974011048085122,0.0,
bp_fs200_legacy_abs,/home/test/bupt_hjk/sdp_dataset/xrf55/wifi/02_13_12.npy,1000,float64,0.0,0.5016592592592592,0.0,0.010792592592592593,0.49834074074074075,0.49658772331997986,0.14926037148259372,0.0,
bp_fs200_legacy_abs,/home/test/bupt_hjk/sdp_dataset/xrf55/wifi/02_13_13.npy,1000,float64,0.0,0.5045407407407407,0.0,0.011933333333333334,0.49545925925925927,0.4933632482815217,0.16663700737774811,0.0,
bp_fs200_legacy_abs,/home/test/bupt_hjk/sdp_dataset/xrf55/wifi/02_13_14.npy,1000,float64,0.0,0.49792592592592594,0.0,0.011481481481481481,0.5020740740740741,0.5023211093250004,0.16236236236236237,0.0,
bp_fs200_legacy_abs,/home/test/bupt_hjk/sdp_dataset/xrf55/wifi/02_13_15.npy,1000,float64,0.0,0.5062074074074074,0.0,0.01262962962962963,0.4937925925925926,0.49503766725385107,0.16456085715344976,0.0,
bp_fs200_legacy_abs,/home/test/bupt_hjk/sdp_dataset/xrf55/wifi/02_13_16.npy,1000,float64,0.0,0.506737037037037,0.0,0.011711111111111111,0.49326296296296296,0.4921500658840441,0.1616320023727431,0.0,
bp_fs200_legacy_abs,/home/test/bupt_hjk/sdp_dataset/xrf55/wifi/02_13_17.npy,1000,float64,0.0,0.502874074074074,0.0,0.012911111111111111,0.4971259259259259,0.49658660778658975,0.18052867682497312,0.0,
bp_fs200_legacy_abs,/home/test/bupt_hjk/sdp_dataset/xrf55/wifi/02_13_18.npy,1000,float64,0.0,0.5062777777777778,0.0,0.013,0.49372222222222223,0.4917213347479789,0.18150372594817038,0.0,
bp_fs200_legacy_abs,/home/test/bupt_hjk/sdp_dataset/xrf55/wifi/02_13_19.npy,1000,float64,0.0,0.49885555555555555,0.0,0.012266666666666667,0.5011444444444444,0.500793975546304,0.1721165610054499,0.0,
bp_fs200_legacy_abs,/home/test/bupt_hjk/sdp_dataset/xrf55/wifi/02_13_20.npy,1000,float64,0.0,0.4965259259259259,0.0,0.013081481481481482,0.5034740740740741,0.5018451843498395,0.18816594372149928,0.0,
bp_fs200_legacy_abs,/home/test/bupt_hjk/sdp_dataset/xrf55/wifi/02_14_01.npy,1000,float64,0.0,0.5006407407407407,0.0,0.010770370370370371,0.4993592592592593,0.4993393974238403,0.15701256812367922,0.0,
bp_fs200_legacy_abs,/home/test/bupt_hjk/sdp_dataset/xrf55/wifi/02_14_02.npy,1000,float64,0.0,0.5092481481481481,0.0,0.008755555555555556,0.49075185185185183,0.48986659484965844,0.12917361806250696,0.0,
bp_fs200_legacy_abs,/home/test/bupt_hjk/sdp_dataset/xrf55/wifi/02_14_03.npy,1000,float64,0.0,0.4823296296296296,0.0,0.009303703703703703,0.5176703703703703,0.5202453987730061,0.12522893263634005,0.0,
bp_fs200_legacy_abs,/home/test/bupt_hjk/sdp_dataset/xrf55/wifi/02_14_04.npy,1000,float64,0.0,0.4916259259259259,0.0,0.008888888888888889,0.5083740740740741,0.5115570840818653,0.12577392207021837,0.0,
bp_fs200_legacy_abs,/home/test/bupt_hjk/sdp_dataset/xrf55/wifi/02_14_05.npy,1000,float64,0.0,0.48975555555555556,0.0,0.00817037037037037,0.5102444444444444,0.5095885345126866,0.12227041856671486,0.0,
bp_fs200_legacy_abs,/home/test/bupt_hjk/sdp_dataset/xrf55/wifi/02_14_06.npy,1000,float64,0.0,0.4918111111111111,0.0,0.008659259259259259,0.5081888888888889,0.5075700442264912,0.13291068846624401,0.0,
bp_fs200_legacy_abs,/home/test/bupt_hjk/sdp_dataset/xrf55/wifi/02_14_07.npy,1000,float64,0.0,0.5085555555555555,0.0,0.009807407407407407,0.49144444444444446,0.48913392368257086,0.14615356096837578,0.0,
bp_fs200_legacy_abs,/home/test/bupt_hjk/sdp_dataset/xrf55/wifi/02_14_08.npy,1000,float64,0.0,0.48995185185185186,0.0,0.008659259259259259,0.5100481481481481,0.5087857744107744,0.1355244133021911,0.0,
bp_fs200_legacy_abs,/home/test/bupt_hjk/sdp_dataset/xrf55/wifi/02_14_09.npy,1000,float64,0.0,0.4917296296296296,0.0,0.009333333333333334,0.5082703703703704,0.5075617574957572,0.15011307603900195,0.0,
bp_fs200_legacy_abs,/home/test/bupt_hjk/sdp_dataset/xrf55/wifi/02_14_10.npy,1000,float64,0.0,0.4865925925925926,0.0,0.010022222222222222,0.5134074074074074,0.5152884487697532,0.1432358284210136,0.0,
bp_fs200_legacy_abs,/home/test/bupt_hjk/sdp_dataset/xrf55/wifi/02_14_11.npy,1000,float64,0.0,0.5126333333333334,0.0,0.009207407407407407,0.48736666666666667,0.4858333111810701,0.13818262707151596,0.0,
bp_fs200_legacy_abs,/home/test/bupt_hjk/sdp_dataset/xrf55/wifi/02_14_12.npy,1000,float64,0.0,0.49493333333333334,0.0,0.008985185185185185,0.5050666666666667,0.5059863471930011,0.13744114484855224,0.0,
bp_fs200_legacy_abs,/home/test/bupt_hjk/sdp_dataset/xrf55/wifi/02_14_13.npy,1000,float64,0.0,0.4978814814814815,0.0,0.007414814814814815,0.5021185185185185,0.5049166919911008,0.11586401216030846,0.0,
bp_fs200_legacy_abs,/home/test/bupt_hjk/sdp_dataset/xrf55/wifi/02_14_14.npy,1000,float64,0.0,0.5145185185185185,0.0,0.007681481481481482,0.48548148148148146,0.4842903737394895,0.1200756311867423,0.0,
bp_fs200_legacy_abs,/home/test/bupt_hjk/sdp_dataset/xrf55/wifi/02_14_15.npy,1000,float64,0.0,0.5148074074074074,0.0,0.008444444444444444,0.4851925925925926,0.4827299712229129,0.1286434582730879,0.0,
bp_fs200_legacy_abs,/home/test/bupt_hjk/sdp_dataset/xrf55/wifi/02_14_16.npy,1000,float64,0.0,0.5123851851851852,0.0,0.008125925925925925,0.48761481481481483,0.4874250287919353,0.12380528676824973,0.0,
bp_fs200_legacy_abs,/home/test/bupt_hjk/sdp_dataset/xrf55/wifi/02_14_17.npy,1000,float64,0.0,0.5007814814814815,0.0,0.0076296296296296294,0.4992185185185185,0.5000093811094475,0.11696882067252437,0.0,
bp_fs200_legacy_abs,/home/test/bupt_hjk/sdp_dataset/xrf55/wifi/02_14_18.npy,1000,float64,0.0,0.5134888888888889,0.0,0.008311111111111111,0.4865111111111111,0.4839163363693113,0.125618210803396,0.0,
bp_fs200_legacy_abs,/home/test/bupt_hjk/sdp_dataset/xrf55/wifi/02_14_19.npy,1000,float64,0.0,0.4995851851851852,0.0,0.007688888888888889,0.5004148148148149,0.5028771211476872,0.11774366959552145,0.0,
bp_fs200_legacy_abs,/home/test/bupt_hjk/sdp_dataset/xrf55/wifi/02_14_20.npy,1000,float64,0.0,0.4990703703703704,0.0,0.008214814814814815,0.5009296296296296,0.5019756295082585,0.12543284024765505,0.0,
bp_fs200_legacy_abs,/home/test/bupt_hjk/sdp_dataset/xrf55/wifi/02_15_01.npy,1000,float64,0.0,0.5045888888888889,0.0,0.012414814814814814,0.49541111111111114,0.4940434266774637,0.1799243688132577,0.0,
bp_fs200_legacy_abs,/home/test/bupt_hjk/sdp_dataset/xrf55/wifi/02_15_02.npy,1000,float64,0.0,0.49206666666666665,0.0,0.011755555555555556,0.5079333333333333,0.5086156252455594,0.17570533496459423,0.0,
bp_fs200_legacy_abs,/home/test/bupt_hjk/sdp_dataset/xrf55/wifi/02_15_03.npy,1000,float64,0.0,0.4988851851851852,0.0,0.011422222222222222,0.5011148148148148,0.5002904982701296,0.17466725985244505,0.0,
bp_fs200_legacy_abs,/home/test/bupt_hjk/sdp_dataset/xrf55/wifi/02_15_04.npy,1000,float64,0.0,0.5056074074074074,0.0,0.01297037037037037,0.4943925925925926,0.4933320372523582,0.1775590405220035,0.0,
bp_fs200_legacy_abs,/home/test/bupt_hjk/sdp_dataset/xrf55/wifi/02_15_05.npy,1000,float64,0.0,0.5017666666666667,0.0,0.012385185185185185,0.4982333333333333,0.49802433716980216,0.1797427056686316,0.0,
bp_fs200_legacy_abs,/home/test/bupt_hjk/sdp_dataset/xrf55/wifi/02_15_06.npy,1000,float64,0.0,0.504137037037037,0.0,0.012651851851851852,0.49586296296296295,0.49480103343715065,0.17293219145070998,0.0,
bp_fs200_legacy_abs,/home/test/bupt_hjk/sdp_dataset/xrf55/wifi/02_15_07.npy,1000,float64,0.0,0.5035074074074074,0.0,0.012785185185185186,0.4964925925925926,0.4955520904613935,0.17508619730841954,0.0,
bp_fs200_legacy_abs,/home/test/bupt_hjk/sdp_dataset/xrf55/wifi/02_15_08.npy,1000,float64,0.0,0.5038814814814815,0.0,0.012814814814814815,0.4961185185185185,0.49569835408787166,0.17356986616245876,0.0,
bp_fs200_legacy_abs,/home/test/bupt_hjk/sdp_dataset/xrf55/wifi/02_15_09.npy,1000,float64,0.0,0.49753703703703706,0.0,0.012288888888888889,0.502462962962963,0.501919719463002,0.184106328550773,0.0,
bp_fs200_legacy_abs,/home/test/bupt_hjk/sdp_dataset/xrf55/wifi/02_15_10.npy,1000,float64,0.0,0.5153407407407408,0.0,0.013185185185185185,0.48465925925925923,0.483367537944566,0.17789270752233716,0.0,
bp_fs200_legacy_abs,/home/test/bupt_hjk/sdp_dataset/xrf55/wifi/02_15_11.npy,1000,float64,0.0,0.5037703703703704,0.0,0.014044444444444444,0.49622962962962963,0.4951892070253326,0.1968190412634857,0.0,
bp_fs200_legacy_abs,/home/test/bupt_hjk/sdp_dataset/xrf55/wifi/02_15_12.npy,1000,float64,0.0,0.4998296296296296,0.0,0.013481481481481481,0.5001703703703704,0.4993117003439623,0.1915508100693286,0.0,
bp_fs200_legacy_abs,/home/test/bupt_hjk/sdp_dataset/xrf55/wifi/02_15_13.npy,1000,float64,0.0,0.5031444444444444,0.0,0.01368888888888889,0.49685555555555555,0.49601131350210814,0.19617024431839247,0.0,
bp_fs200_legacy_abs,/home/test/bupt_hjk/sdp_dataset/xrf55/wifi/02_15_14.npy,1000,float64,0.0,0.4952185185185185,0.0,0.014281481481481482,0.5047814814814815,0.5051161426427951,0.19735290846401957,0.0,
bp_fs200_legacy_abs,/home/test/bupt_hjk/sdp_dataset/xrf55/wifi/02_15_15.npy,1000,float64,0.0,0.516062962962963,0.0,0.013140740740740741,0.48393703703703705,0.48119825855496157,0.18281244207170133,0.0,
bp_fs200_legacy_abs,/home/test/bupt_hjk/sdp_dataset/xrf55/wifi/02_15_16.npy,1000,float64,0.0,0.5103222222222222,0.0,0.012688888888888888,0.48967777777777777,0.48967538305852437,0.1954769584399214,0.0,
bp_fs200_legacy_abs,/home/test/bupt_hjk/sdp_dataset/xrf55/wifi/02_15_17.npy,1000,float64,0.0,0.5043962962962963,0.0,0.01342962962962963,0.4956037037037037,0.49570996751966656,0.1975419864308753,0.0,
bp_fs200_legacy_abs,/home/test/bupt_hjk/sdp_dataset/xrf55/wifi/02_15_18.npy,1000,float64,0.0,0.5040814814814815,0.0,0.014333333333333333,0.49591851851851854,0.4954296983375949,0.20293626960293626,0.0,
bp_fs200_legacy_abs,/home/test/bupt_hjk/sdp_dataset/xrf55/wifi/02_15_19.npy,1000,float64,0.0,0.5083888888888889,0.0,0.013014814814814814,0.4916111111111111,0.49217270215840264,0.18530011492974455,0.0,
bp_fs200_legacy_abs,/home/test/bupt_hjk/sdp_dataset/xrf55/wifi/02_15_20.npy,1000,float64,0.0,0.5077518518518519,0.0,0.013585185185185185,0.49224814814814816,0.49088454253942654,0.18585622659696735,0.0,
bp_fs200_legacy_abs,/home/test/bupt_hjk/sdp_dataset/xrf55/wifi/02_16_01.npy,1000,float64,0.0,0.5043407407407408,0.0,0.010244444444444445,0.49565925925925924,0.49499331942171715,0.15036888740592444,0.0,
bp_fs200_legacy_abs,/home/test/bupt_hjk/sdp_dataset/xrf55/wifi/02_16_02.npy,1000,float64,0.0,0.5032629629629629,0.0,0.011118518518518519,0.49673703703703703,0.4970125786163522,0.1561079598116635,0.0,
bp_fs200_legacy_abs,/home/test/bupt_hjk/sdp_dataset/xrf55/wifi/02_16_03.npy,1000,float64,0.0,0.5094777777777778,0.0,0.011474074074074074,0.49052222222222225,0.48874891203217385,0.15976346717087458,0.0,
bp_fs200_legacy_abs,/home/test/bupt_hjk/sdp_dataset/xrf55/wifi/02_16_04.npy,1000,float64,0.0,0.4952185185185185,0.0,0.010777777777777778,0.5047814814814815,0.5039661991279615,0.1518370222073926,0.0,
bp_fs200_legacy_abs,/home/test/bupt_hjk/sdp_dataset/xrf55/wifi/02_16_05.npy,1000,float64,0.0,0.5013962962962963,0.0,0.011066666666666667,0.4986037037037037,0.49799785135267116,0.1539391243094947,0.0,
bp_fs200_legacy_abs,/home/test/bupt_hjk/sdp_dataset/xrf55/wifi/02_16_06.npy,1000,float64,0.0,0.49895185185185187,0.0,0.011933333333333334,0.5010481481481481,0.5020921598275372,0.16942868794720647,0.0,
bp_fs200_legacy_abs,/home/test/bupt_hjk/sdp_dataset/xrf55/wifi/02_16_07.npy,1000,float64,0.0,0.4946925925925926,0.0,0.01071111111111111,0.5053074074074074,0.5058169834170044,0.15638972305638973,0.0,
bp_fs200_legacy_abs,/home/test/bupt_hjk/sdp_dataset/xrf55/wifi/02_16_08.npy,1000,float64,0.0,0.49164444444444444,0.0,0.011755555555555556,0.5083555555555556,0.5101528659070332,0.17386275164052942,0.0,
bp_fs200_legacy_abs,/home/test/bupt_hjk/sdp_dataset/xrf55/wifi/02_16_09.npy,1000,float64,0.0,0.49522962962962963,0.0,0.012133333333333333,0.5047703703703704,0.5073042516949248,0.17260964668372075,0.0,
bp_fs200_legacy_abs,/home/test/bupt_hjk/sdp_dataset/xrf55/wifi/02_16_10.npy,1000,float64,0.0,0.5019740740740741,0.0,0.012096296296296296,0.4980259259259259,0.49721890166413385,0.16764913061209358,0.0,
bp_fs200_legacy_abs,/home/test/bupt_hjk/sdp_dataset/xrf55/wifi/02_16_11.npy,1000,float64,0.0,0.4913740740740741,0.0,0.011614814814814816,0.5086259259259259,0.510709094937826,0.1618692766840915,0.0,
bp_fs200_legacy_abs,/home/test/bupt_hjk/sdp_dataset/xrf55/wifi/02_16_12.npy,1000,float64,0.0,0.5060666666666667,0.0,0.011118518518518519,0.49393333333333334,0.49303511205856143,0.15693471249026805,0.0,
bp_fs200_legacy_abs,/home/test/bupt_hjk/sdp_dataset/xrf55/wifi/02_16_13.npy,1000,float64,0.0,0.5005333333333334,0.0,0.012,0.49946666666666667,0.4995962092500009,0.16560263967671376,0.0,
bp_fs200_legacy_abs,/home/test/bupt_hjk/sdp_dataset/xrf55/wifi/02_16_14.npy,1000,float64,0.0,0.5071111111111111,0.0,0.01225925925925926,0.4928888888888889,0.49250521621886273,0.1650502354206058,0.0,
bp_fs200_legacy_abs,/home/test/bupt_hjk/sdp_dataset/xrf55/wifi/02_16_15.npy,1000,float64,0.0,0.5014074074074074,0.0,0.011377777777777778,0.4985925925925926,0.4991682838924314,0.15197790382975568,0.0,
bp_fs200_legacy_abs,/home/test/bupt_hjk/sdp_dataset/xrf55/wifi/02_16_16.npy,1000,float64,0.0,0.5102518518518518,0.0,0.010577777777777778,0.48974814814814815,0.48883349538436127,0.14953471990509026,0.0,
bp_fs200_legacy_abs,/home/test/bupt_hjk/sdp_dataset/xrf55/wifi/02_16_17.npy,1000,float64,0.0,0.5024814814814815,0.0,0.010288888888888889,0.4975185185185185,0.5004792134134654,0.1558632706780855,0.0,
bp_fs200_legacy_abs,/home/test/bupt_hjk/sdp_dataset/xrf55/wifi/02_16_18.npy,1000,float64,0.0,0.4900888888888889,0.0,0.0104,0.5099111111111111,0.5113242898898299,0.14656508360212064,0.0,
bp_fs200_legacy_abs,/home/test/bupt_hjk/sdp_dataset/xrf55/wifi/02_16_19.npy,1000,float64,0.0,0.5065148148148149,0.0,0.0106,0.4934851851851852,0.49332009761343426,0.1517999480962444,0.0,
bp_fs200_legacy_abs,/home/test/bupt_hjk/sdp_dataset/xrf55/wifi/02_16_20.npy,1000,float64,0.0,0.4924037037037037,0.0,0.011555555555555555,0.5075962962962963,0.5095033721643164,0.16438290141993847,0.0,
bp_fs200_legacy_abs,/home/test/bupt_hjk/sdp_dataset/xrf55/wifi/02_17_01.npy,1000,float64,0.0,0.49414814814814817,0.0,0.009451851851851852,0.5058518518518519,0.5096933969430855,0.13748192637081527,0.0,
bp_fs200_legacy_abs,/home/test/bupt_hjk/sdp_dataset/xrf55/wifi/02_17_02.npy,1000,float64,0.0,0.4980222222222222,0.0,0.009562962962962962,0.5019777777777777,0.5051814357536167,0.1399102806510214,0.0,
bp_fs200_legacy_abs,/home/test/bupt_hjk/sdp_dataset/xrf55/wifi/02_17_03.npy,1000,float64,0.0,0.49645555555555554,0.0,0.008444444444444444,0.5035444444444445,0.5036770553262393,0.12487672858043228,0.0,
bp_fs200_legacy_abs,/home/test/bupt_hjk/sdp_dataset/xrf55/wifi/02_17_04.npy,1000,float64,0.0,0.49184074074074075,0.0,0.008562962962962963,0.5081592592592593,0.5092134780454035,0.12473213954695436,0.0,
bp_fs200_legacy_abs,/home/test/bupt_hjk/sdp_dataset/xrf55/wifi/02_17_05.npy,1000,float64,0.0,0.4885148148148148,0.0,0.008888888888888889,0.5114851851851852,0.5126875780592628,0.13201349497645795,0.0,
bp_fs200_legacy_abs,/home/test/bupt_hjk/sdp_dataset/xrf55/wifi/02_17_06.npy,1000,float64,0.0,0.49522962962962963,0.0,0.008962962962962963,0.5047703703703704,0.5089287397937056,0.13137952767582398,0.0,
bp_fs200_legacy_abs,/home/test/bupt_hjk/sdp_dataset/xrf55/wifi/02_17_07.npy,1000,float64,0.0,0.5003518518518518,0.0,0.008651851851851852,0.4996481481481482,0.501780428976862,0.1325251177103029,0.0,
bp_fs200_legacy_abs,/home/test/bupt_hjk/sdp_dataset/xrf55/wifi/02_17_08.npy,1000,float64,0.0,0.48052222222222224,0.0,0.009340740740740741,0.5194777777777778,0.5255713561151216,0.14236829422014607,0.0,
bp_fs200_legacy_abs,/home/test/bupt_hjk/sdp_dataset/xrf55/wifi/02_17_09.npy,1000,float64,0.0,0.48733333333333334,0.0,0.008881481481481482,0.5126666666666667,0.5164603242451073,0.1413932450969488,0.0,
bp_fs200_legacy_abs,/home/test/bupt_hjk/sdp_dataset/xrf55/wifi/02_17_10.npy,1000,float64,0.0,0.4988222222222222,0.0,0.009792592592592592,0.5011777777777778,0.503571510075538,0.13880917954992028,0.0,
bp_fs200_legacy_abs,/home/test/bupt_hjk/sdp_dataset/xrf55/wifi/02_17_11.npy,1000,float64,0.0,0.48963703703703704,0.0,0.010014814814814815,0.510362962962963,0.5136431944221953,0.14437771104437772,0.0,
bp_fs200_legacy_abs,/home/test/bupt_hjk/sdp_dataset/xrf55/wifi/02_17_12.npy,1000,float64,0.0,0.4894703703703704,0.0,0.009703703703703704,0.5105296296296297,0.5132888917522843,0.1422570718867015,0.0,
bp_fs200_legacy_abs,/home/test/bupt_hjk/sdp_dataset/xrf55/wifi/02_17_13.npy,1000,float64,0.0,0.4943777777777778,0.0,0.00954074074074074,0.5056222222222222,0.507589639696035,0.14399955511066623,0.0,
bp_fs200_legacy_abs,/home/test/bupt_hjk/sdp_dataset/xrf55/wifi/02_17_14.npy,1000,float64,0.0,0.4908148148148148,0.0,0.009592592592592592,0.5091851851851852,0.510808734774498,0.13604345085826566,0.0,
bp_fs200_legacy_abs,/home/test/bupt_hjk/sdp_dataset/xrf55/wifi/02_17_15.npy,1000,float64,0.0,0.49385555555555555,0.0,0.009244444444444444,0.5061444444444444,0.5078914272549767,0.1377303229155081,0.0,
bp_fs200_legacy_abs,/home/test/bupt_hjk/sdp_dataset/xrf55/wifi/02_17_16.npy,1000,float64,0.0,0.49707407407407406,0.0,0.008822222222222223,0.5029259259259259,0.504297831591617,0.13119044970896823,0.0,
bp_fs200_legacy_abs,/home/test/bupt_hjk/sdp_dataset/xrf55/wifi/02_17_17.npy,1000,float64,0.0,0.5046185185185185,0.0,0.009274074074074073,0.4953814814814815,0.4958824931248794,0.1370889407926445,0.0,
bp_fs200_legacy_abs,/home/test/bupt_hjk/sdp_dataset/xrf55/wifi/02_17_18.npy,1000,float64,0.0,0.48224814814814815,0.0,0.009266666666666666,0.5177518518518518,0.5224997061711638,0.1443962480999518,0.0,
bp_fs200_legacy_abs,/home/test/bupt_hjk/sdp_dataset/xrf55/wifi/02_17_19.npy,1000,float64,0.0,0.49223333333333336,0.0,0.009251851851851851,0.5077666666666667,0.5105318479616325,0.13697771845919995,0.0,
bp_fs200_legacy_abs,/home/test/bupt_hjk/sdp_dataset/xrf55/wifi/02_17_20.npy,1000,float64,0.0,0.5020370370370371,0.0,0.009103703703703704,0.49796296296296294,0.5008528260499594,0.1324880435991547,0.0,
bp_fs200_legacy_abs,/home/test/bupt_hjk/sdp_dataset/xrf55/wifi/02_18_01.npy,1000,float64,0.0,0.49996296296296294,0.0,0.011348148148148149,0.5000370370370371,0.5008075546645182,0.16564342119897676,0.0,
bp_fs200_legacy_abs,/home/test/bupt_hjk/sdp_dataset/xrf55/wifi/02_18_02.npy,1000,float64,0.0,0.5065037037037037,0.0,0.013666666666666667,0.4934962962962963,0.49191918435787646,0.19712675638601565,0.0,
bp_fs200_legacy_abs,/home/test/bupt_hjk/sdp_dataset/xrf55/wifi/02_18_03.npy,1000,float64,0.0,0.5027296296296296,0.0,0.012407407407407407,0.49727037037037036,0.49698561563508153,0.1836466095725355,0.0,
bp_fs200_legacy_abs,/home/test/bupt_hjk/sdp_dataset/xrf55/wifi/02_18_04.npy,1000,float64,0.0,0.5009740740740741,0.0,0.013785185185185185,0.49902592592592593,0.4993141289437586,0.20427835242650058,0.0,
bp_fs200_legacy_abs,/home/test/bupt_hjk/sdp_dataset/xrf55/wifi/02_18_05.npy,1000,float64,0.0,0.4940407407407407,0.0,0.01425925925925926,0.5059592592592592,0.5072538218960804,0.2012234456678901,0.0,
bp_fs200_legacy_abs,/home/test/bupt_hjk/sdp_dataset/xrf55/wifi/02_18_06.npy,1000,float64,0.0,0.4955074074074074,0.0,0.013177777777777778,0.5044925925925926,0.5046407970634504,0.19528417306195084,0.0,
bp_fs200_legacy_abs,/home/test/bupt_hjk/sdp_dataset/xrf55/wifi/02_18_07.npy,1000,float64,0.0,0.5076777777777778,0.0,0.012296296296296296,0.4923222222222222,0.4909577854202059,0.17576465354243132,0.0,
bp_fs200_legacy_abs,/home/test/bupt_hjk/sdp_dataset/xrf55/wifi/02_18_08.npy,1000,float64,0.0,0.49684074074074075,0.0,0.01422962962962963,0.5031592592592593,0.5040454435039333,0.20679568457346234,0.0,
bp_fs200_legacy_abs,/home/test/bupt_hjk/sdp_dataset/xrf55/wifi/02_18_09.npy,1000,float64,0.0,0.4979,0.0,0.01417037037037037,0.5021,0.502447506684367,0.20565009453898342,0.0,
bp_fs200_legacy_abs,/home/test/bupt_hjk/sdp_dataset/xrf55/wifi/02_18_10.npy,1000,float64,0.0,0.5046407407407407,0.0,0.013696296296296297,0.4953592592592593,0.4943424315761518,0.18918177436695954,0.0,
bp_fs200_legacy_abs,/home/test/bupt_hjk/sdp_dataset/xrf55/wifi/02_18_11.npy,1000,float64,0.0,0.5006777777777778,0.0,0.013066666666666667,0.4993222222222222,0.49965894230660524,0.18633448263077892,0.0,
bp_fs200_legacy_abs,/home/test/bupt_hjk/sdp_dataset/xrf55/wifi/02_18_12.npy,1000,float64,0.0,0.49561481481481484,0.0,0.013896296296296295,0.5043851851851852,0.5042835501227603,0.19314870425981537,0.0,
bp_fs200_legacy_abs,/home/test/bupt_hjk/sdp_dataset/xrf55/wifi/02_18_13.npy,1000,float64,0.0,0.5060925925925925,0.0,0.013888888888888888,0.4939074074074074,0.4919865556786538,0.20657323990657325,0.0,
bp_fs200_legacy_abs,/home/test/bupt_hjk/sdp_dataset/xrf55/wifi/02_18_14.npy,1000,float64,0.0,0.49187037037037035,0.0,0.0138,0.5081296296296296,0.5072177594279645,0.19700441181922662,0.0,
bp_fs200_legacy_abs,/home/test/bupt_hjk/sdp_dataset/xrf55/wifi/02_18_15.npy,1000,float64,0.0,0.502225925925926,0.0,0.011696296296296297,0.4977740740740741,0.4974170959010924,0.167537908278649,0.0,
bp_fs200_legacy_abs,/home/test/bupt_hjk/sdp_dataset/xrf55/wifi/02_18_16.npy,1000,float64,0.0,0.4848074074074074,0.0,0.012133333333333333,0.5151925925925926,0.5161976862051295,0.1751418084751418,0.0,
bp_fs200_legacy_abs,/home/test/bupt_hjk/sdp_dataset/xrf55/wifi/02_18_17.npy,1000,float64,0.0,0.5036333333333334,0.0,0.014333333333333333,0.4963666666666667,0.49945013840053865,0.20141623104586068,0.0,
bp_fs200_legacy_abs,/home/test/bupt_hjk/sdp_dataset/xrf55/wifi/02_18_18.npy,1000,float64,0.0,0.5022888888888889,0.0,0.0128,0.4977111111111111,0.4966934208607947,0.1934193452711971,0.0,
bp_fs200_legacy_abs,/home/test/bupt_hjk/sdp_dataset/xrf55/wifi/02_18_19.npy,1000,float64,0.0,0.5009444444444444,0.0,0.013696296296296297,0.49905555555555553,0.4993717653393963,0.20338857375894412,0.0,
bp_fs200_legacy_abs,/home/test/bupt_hjk/sdp_dataset/xrf55/wifi/02_18_20.npy,1000,float64,0.0,0.49426296296296296,0.0,0.013192592592592593,0.505737037037037,0.5085619129588744,0.19463166870574278,0.0,
bp_fs200_legacy_abs,/home/test/bupt_hjk/sdp_dataset/xrf55/wifi/02_19_01.npy,1000,float64,0.0,0.5002,0.0,0.01154074074074074,0.4998,0.5021414049288415,0.16440143847551256,0.0,
bp_fs200_legacy_abs,/home/test/bupt_hjk/sdp_dataset/xrf55/wifi/02_19_02.npy,1000,float64,0.0,0.49704444444444446,0.0,0.010725925925925925,0.5029555555555556,0.5033477313616385,0.15412078745412078,0.0,
bp_fs200_legacy_abs,/home/test/bupt_hjk/sdp_dataset/xrf55/wifi/02_19_03.npy,1000,float64,0.0,0.5045851851851851,0.0,0.011851851851851851,0.4954148148148148,0.49659060119818166,0.17533459385311237,0.0,
bp_fs200_legacy_abs,/home/test/bupt_hjk/sdp_dataset/xrf55/wifi/02_19_04.npy,1000,float64,0.0,0.502462962962963,0.0,0.01225925925925926,0.49753703703703706,0.49499606003966606,0.18069551032513995,0.0,
bp_fs200_legacy_abs,/home/test/bupt_hjk/sdp_dataset/xrf55/wifi/02_19_05.npy,1000,float64,0.0,0.48856666666666665,0.0,0.011496296296296296,0.5114333333333333,0.514101415786661,0.1560263967671375,0.0,
bp_fs200_legacy_abs,/home/test/bupt_hjk/sdp_dataset/xrf55/wifi/02_19_06.npy,1000,float64,0.0,0.5116703703703703,0.0,0.013155555555555556,0.4883296296296296,0.4865151076505813,0.17910873836799762,0.0,
bp_fs200_legacy_abs,/home/test/bupt_hjk/sdp_dataset/xrf55/wifi/02_19_07.npy,1000,float64,0.0,0.49984074074074075,0.0,0.012185185185185186,0.5001592592592593,0.49906442331510453,0.17754791828865904,0.0,
bp_fs200_legacy_abs,/home/test/bupt_hjk/sdp_dataset/xrf55/wifi/02_19_08.npy,1000,float64,0.0,0.5061296296296296,0.0,0.01165925925925926,0.49387037037037035,0.4939075773794611,0.16787899010121232,0.0,
bp_fs200_legacy_abs,/home/test/bupt_hjk/sdp_dataset/xrf55/wifi/02_19_09.npy,1000,float64,0.0,0.5064851851851851,0.0,0.01085925925925926,0.4935148148148148,0.49318512536474246,0.16211396581766951,0.0,
bp_fs200_legacy_abs,/home/test/bupt_hjk/sdp_dataset/xrf55/wifi/02_19_10.npy,1000,float64,0.0,0.49845555555555554,0.0,0.012051851851851852,0.5015444444444445,0.5039292317232351,0.1726207689170652,0.0,
bp_fs200_legacy_abs,/home/test/bupt_hjk/sdp_dataset/xrf55/wifi/02_19_11.npy,1000,float64,0.0,0.49578518518518516,0.0,0.011474074074074074,0.5042148148148148,0.5056589484844469,0.17068550031512994,0.0,
bp_fs200_legacy_abs,/home/test/bupt_hjk/sdp_dataset/xrf55/wifi/02_19_12.npy,1000,float64,0.0,0.5064444444444445,0.0,0.011577777777777777,0.4935555555555556,0.49573090475991793,0.17629110592073555,0.0,
bp_fs200_legacy_abs,/home/test/bupt_hjk/sdp_dataset/xrf55/wifi/02_19_13.npy,1000,float64,0.0,0.5065592592592593,0.0,0.011592592592592592,0.49344074074074074,0.48881455631581355,0.15687168650131614,0.0,
bp_fs200_legacy_abs,/home/test/bupt_hjk/sdp_dataset/xrf55/wifi/02_19_14.npy,1000,float64,0.0,0.4997259259259259,0.0,0.011696296296296297,0.5002740740740741,0.5018730722568524,0.16826456085715344,0.0,
bp_fs200_legacy_abs,/home/test/bupt_hjk/sdp_dataset/xrf55/wifi/02_19_15.npy,1000,float64,0.0,0.5082333333333333,0.0,0.012281481481481482,0.4917666666666667,0.4914038603522835,0.17305082860638415,0.0,
bp_fs200_legacy_abs,/home/test/bupt_hjk/sdp_dataset/xrf55/wifi/02_19_16.npy,1000,float64,0.0,0.5040555555555556,0.0,0.011333333333333334,0.49594444444444447,0.4953461646765147,0.16912838764690616,0.0,
bp_fs200_legacy_abs,/home/test/bupt_hjk/sdp_dataset/xrf55/wifi/02_19_17.npy,1000,float64,0.0,0.5053925925925926,0.0,0.012118518518518518,0.4946074074074074,0.4957071796851932,0.17237607978348718,0.0,
bp_fs200_legacy_abs,/home/test/bupt_hjk/sdp_dataset/xrf55/wifi/02_19_18.npy,1000,float64,0.0,0.5063703703703704,0.0,0.011748148148148148,0.49362962962962964,0.4924108825081016,0.1700144589033478,0.0,
bp_fs200_legacy_abs,/home/test/bupt_hjk/sdp_dataset/xrf55/wifi/02_19_19.npy,1000,float64,0.0,0.49554444444444445,0.0,0.012274074074074074,0.5044555555555555,0.5038692188872399,0.16941015089163236,0.0,
bp_fs200_legacy_abs,/home/test/bupt_hjk/sdp_dataset/xrf55/wifi/02_19_20.npy,1000,float64,0.0,0.4982740740740741,0.0,0.011422222222222222,0.5017259259259259,0.5038178063244851,0.17034071108145182,0.0,
bp_fs200_legacy_abs,/home/test/bupt_hjk/sdp_dataset/xrf55/wifi/02_20_01.npy,1000,float64,0.0,0.4923888888888889,0.0,0.01034074074074074,0.5076111111111111,0.510335912443421,0.1550253957661365,0.0,
bp_fs200_legacy_abs,/home/test/bupt_hjk/sdp_dataset/xrf55/wifi/02_20_02.npy,1000,float64,0.0,0.5064037037037037,0.0,0.009148148148148148,0.4935962962962963,0.4933424866283938,0.1304860415971527,0.0,
bp_fs200_legacy_abs,/home/test/bupt_hjk/sdp_dataset/xrf55/wifi/02_20_03.npy,1000,float64,0.0,0.5080074074074074,0.0,0.010429629629629629,0.4919925925925926,0.48992302941752397,0.14026248470692915,0.0,
bp_fs200_legacy_abs,/home/test/bupt_hjk/sdp_dataset/xrf55/wifi/02_20_04.npy,1000,float64,0.0,0.5137407407407407,0.0,0.01034074074074074,0.4862592592592593,0.48474989986926326,0.14678382085789493,0.0,
bp_fs200_legacy_abs,/home/test/bupt_hjk/sdp_dataset/xrf55/wifi/02_20_05.npy,1000,float64,0.0,0.5146407407407407,0.0,0.011007407407407407,0.48535925925925927,0.48225844804354145,0.14842620398175954,0.0,
bp_fs200_legacy_abs,/home/test/bupt_hjk/sdp_dataset/xrf55/wifi/02_20_06.npy,1000,float64,0.0,0.5058333333333334,0.0,0.010037037037037037,0.49416666666666664,0.4925925089913172,0.14342119897675454,0.0,
bp_fs200_legacy_abs,/home/test/bupt_hjk/sdp_dataset/xrf55/wifi/02_20_07.npy,1000,float64,0.0,0.48234814814814814,0.0,0.009940740740740741,0.5176518518518518,0.5207777613820815,0.143636228821414,0.0,
bp_fs200_legacy_abs,/home/test/bupt_hjk/sdp_dataset/xrf55/wifi/02_20_08.npy,1000,float64,0.0,0.5050518518518519,0.0,0.011140740740740741,0.49494814814814814,0.4955006765899865,0.15815815815815815,0.0,
bp_fs200_legacy_abs,/home/test/bupt_hjk/sdp_dataset/xrf55/wifi/02_20_09.npy,1000,float64,0.0,0.4909148148148148,0.0,0.012296296296296296,0.5090851851851852,0.5125252509967997,0.16909872835798762,0.0,
bp_fs200_legacy_abs,/home/test/bupt_hjk/sdp_dataset/xrf55/wifi/02_20_10.npy,1000,float64,0.0,0.4995777777777778,0.0,0.01131111111111111,0.5004222222222222,0.499136683580364,0.1514217921625329,0.0,
bp_fs200_legacy_abs,/home/test/bupt_hjk/sdp_dataset/xrf55/wifi/02_20_11.npy,1000,float64,0.0,0.5009185185185185,0.0,0.01011111111111111,0.49908148148148146,0.4990169686337376,0.14797019241463685,0.0,
bp_fs200_legacy_abs,/home/test/bupt_hjk/sdp_dataset/xrf55/wifi/02_20_12.npy,1000,float64,0.0,0.5139222222222222,0.0,0.010548148148148149,0.4860777777777778,0.48234318935368126,0.15031698365031698,0.0,
bp_fs200_legacy_abs,/home/test/bupt_hjk/sdp_dataset/xrf55/wifi/02_20_13.npy,1000,float64,0.0,0.5082814814814814,0.0,0.00894074074074074,0.4917185185185185,0.4946267943853318,0.12496941385830275,0.0,
bp_fs200_legacy_abs,/home/test/bupt_hjk/sdp_dataset/xrf55/wifi/02_20_14.npy,1000,float64,0.0,0.5092148148148148,0.0,0.00931851851851852,0.49078518518518516,0.49013292644886824,0.1345493641789938,0.0,
bp_fs200_legacy_abs,/home/test/bupt_hjk/sdp_dataset/xrf55/wifi/02_20_15.npy,1000,float64,0.0,0.4897,0.0,0.01108888888888889,0.5103,0.5126284836382716,0.15304934564193823,0.0,
bp_fs200_legacy_abs,/home/test/bupt_hjk/sdp_dataset/xrf55/wifi/02_20_16.npy,1000,float64,0.0,0.5010222222222223,0.0,0.010777777777777778,0.4989777777777778,0.4992857956919804,0.15076558039521,0.0,
bp_fs200_legacy_abs,/home/test/bupt_hjk/sdp_dataset/xrf55/wifi/02_20_17.npy,1000,float64,0.0,0.5108555555555555,0.0,0.009874074074074073,0.48914444444444444,0.4848678658335825,0.14390686983279577,0.0,
bp_fs200_legacy_abs,/home/test/bupt_hjk/sdp_dataset/xrf55/wifi/02_20_18.npy,1000,float64,0.0,0.4812925925925926,0.0,0.010081481481481481,0.5187074074074074,0.5203052221002007,0.13917992066140214,0.0,
bp_fs200_legacy_abs,/home/test/bupt_hjk/sdp_dataset/xrf55/wifi/02_20_19.npy,1000,float64,0.0,0.5115518518518518,0.0,0.010103703703703703,0.48844814814814813,0.4849372258128064,0.14006228450672895,0.0,
bp_fs200_legacy_abs,/home/test/bupt_hjk/sdp_dataset/xrf55/wifi/02_20_20.npy,1000,float64,0.0,0.5074666666666666,0.0,0.01131111111111111,0.4925333333333333,0.4880713633106753,0.14210136061987913,0.0,
bp_fs200_legacy_abs,/home/test/bupt_hjk/sdp_dataset/xrf55/wifi/02_21_01.npy,1000,float64,0.0,0.4891333333333333,0.0,0.008948148148148148,0.5108666666666667,0.5127046570004871,0.12454306158009862,0.0,
bp_fs200_legacy_abs,/home/test/bupt_hjk/sdp_dataset/xrf55/wifi/02_21_02.npy,1000,float64,0.0,0.4948111111111111,0.0,0.007925925925925927,0.5051888888888889,0.5063267829426775,0.11046602157713269,0.0,
bp_fs200_legacy_abs,/home/test/bupt_hjk/sdp_dataset/xrf55/wifi/02_21_03.npy,1000,float64,0.0,0.5032851851851852,0.0,0.00814074074074074,0.49671481481481483,0.49518992102294096,0.12023504986467949,0.0,
bp_fs200_legacy_abs,/home/test/bupt_hjk/sdp_dataset/xrf55/wifi/02_21_04.npy,1000,float64,0.0,0.4959296296296296,0.0,0.009029629629629629,0.5040703703703704,0.5052373121888586,0.13101620138657175,0.0,
bp_fs200_legacy_abs,/home/test/bupt_hjk/sdp_dataset/xrf55/wifi/02_21_05.npy,1000,float64,0.0,0.49325555555555556,0.0,0.009251851851851851,0.5067444444444444,0.5077254516592336,0.11751010269528787,0.0,
bp_fs200_legacy_abs,/home/test/bupt_hjk/sdp_dataset/xrf55/wifi/02_21_06.npy,1000,float64,0.0,0.4973,0.0,0.008274074074074074,0.5027,0.506185419706108,0.11402142883624365,0.0,
bp_fs200_legacy_abs,/home/test/bupt_hjk/sdp_dataset/xrf55/wifi/02_21_07.npy,1000,float64,0.0,0.4987111111111111,0.0,0.008474074074074075,0.5012888888888889,0.5019280399643822,0.11698735772809847,0.0,
bp_fs200_legacy_abs,/home/test/bupt_hjk/sdp_dataset/xrf55/wifi/02_21_08.npy,1000,float64,0.0,0.49205185185185185,0.0,0.008407407407407407,0.5079481481481481,0.5131134602687956,0.11810328847365885,0.0,
bp_fs200_legacy_abs,/home/test/bupt_hjk/sdp_dataset/xrf55/wifi/02_21_09.npy,1000,float64,0.0,0.48805925925925925,0.0,0.00814074074074074,0.5119407407407407,0.5167462653518567,0.12138063989915841,0.0,
bp_fs200_legacy_abs,/home/test/bupt_hjk/sdp_dataset/xrf55/wifi/02_21_10.npy,1000,float64,0.0,0.4775962962962963,0.0,0.00908888888888889,0.5224037037037037,0.5299309999506872,0.13563934304675046,0.0,
bp_fs200_legacy_abs,/home/test/bupt_hjk/sdp_dataset/xrf55/wifi/02_21_11.npy,1000,float64,0.0,0.4867185185185185,0.0,0.010074074074074074,0.5132814814814814,0.5159044967390061,0.14158973788603418,0.0,
bp_fs200_legacy_abs,/home/test/bupt_hjk/sdp_dataset/xrf55/wifi/02_21_12.npy,1000,float64,0.0,0.4854222222222222,0.0,0.009044444444444445,0.5145777777777778,0.5194369437134141,0.13575798020242466,0.0,
bp_fs200_legacy_abs,/home/test/bupt_hjk/sdp_dataset/xrf55/wifi/02_21_13.npy,1000,float64,0.0,0.4910148148148148,0.0,0.009251851851851851,0.5089851851851852,0.511021183279452,0.13331479627775925,0.0,
bp_fs200_legacy_abs,/home/test/bupt_hjk/sdp_dataset/xrf55/wifi/02_21_14.npy,1000,float64,0.0,0.48605185185185185,0.0,0.00931111111111111,0.5139481481481482,0.519369565629203,0.1309865420976532,0.0,
bp_fs200_legacy_abs,/home/test/bupt_hjk/sdp_dataset/xrf55/wifi/02_21_15.npy,1000,float64,0.0,0.49775925925925923,0.0,0.00965925925925926,0.5022407407407408,0.5027824806213321,0.13218403588773958,0.0,
bp_fs200_legacy_abs,/home/test/bupt_hjk/sdp_dataset/xrf55/wifi/02_21_16.npy,1000,float64,0.0,0.5034111111111111,0.0,0.008637037037037037,0.4965888888888889,0.4951938511510207,0.13061580098617134,0.0,
bp_fs200_legacy_abs,/home/test/bupt_hjk/sdp_dataset/xrf55/wifi/02_21_17.npy,1000,float64,0.0,0.5061666666666667,0.0,0.008844444444444445,0.49383333333333335,0.4934399063495321,0.12442813183553925,0.0,
bp_fs200_legacy_abs,/home/test/bupt_hjk/sdp_dataset/xrf55/wifi/02_21_18.npy,1000,float64,0.0,0.5002,0.0,0.008644444444444444,0.4998,0.5016117288351561,0.12550328105883662,0.0,
bp_fs200_legacy_abs,/home/test/bupt_hjk/sdp_dataset/xrf55/wifi/02_21_19.npy,1000,float64,0.0,0.49164074074074077,0.0,0.009681481481481482,0.5083592592592593,0.5098281448358186,0.1404923441960479,0.0,
bp_fs200_legacy_abs,/home/test/bupt_hjk/sdp_dataset/xrf55/wifi/02_21_20.npy,1000,float64,0.0,0.49696666666666667,0.0,0.009125925925925926,0.5030333333333333,0.503562846176916,0.13425277128980834,0.0,
bp_fs200_legacy_abs,/home/test/bupt_hjk/sdp_dataset/xrf55/wifi/02_22_01.npy,1000,float64,0.0,0.49371481481481483,0.0,0.009303703703703703,0.5062851851851852,0.5073208021283118,0.12610758907055203,0.0,
bp_fs200_legacy_abs,/home/test/bupt_hjk/sdp_dataset/xrf55/wifi/02_22_02.npy,1000,float64,0.0,0.4986333333333333,0.0,0.008851851851851852,0.5013666666666666,0.5008689161731499,0.12399065732399066,0.0,
bp_fs200_legacy_abs,/home/test/bupt_hjk/sdp_dataset/xrf55/wifi/02_22_03.npy,1000,float64,0.0,0.4986259259259259,0.0,0.008088888888888889,0.5013740740740741,0.5025599975834831,0.12344196047899751,0.0,
bp_fs200_legacy_abs,/home/test/bupt_hjk/sdp_dataset/xrf55/wifi/02_22_04.npy,1000,float64,0.0,0.5077111111111111,0.0,0.008407407407407407,0.4922888888888889,0.4908017892718866,0.12602973343714086,0.0,
bp_fs200_legacy_abs,/home/test/bupt_hjk/sdp_dataset/xrf55/wifi/02_22_05.npy,1000,float64,0.0,0.4901111111111111,0.0,0.008355555555555555,0.5098888888888888,0.5141140869879409,0.1174137100063026,0.0,
bp_fs200_legacy_abs,/home/test/bupt_hjk/sdp_dataset/xrf55/wifi/02_22_06.npy,1000,float64,0.0,0.49145925925925926,0.0,0.008192592592592593,0.5085407407407407,0.5124754642911068,0.11286471656842027,0.0,
bp_fs200_legacy_abs,/home/test/bupt_hjk/sdp_dataset/xrf55/wifi/02_22_07.npy,1000,float64,0.0,0.5052333333333333,0.0,0.008466666666666667,0.4947666666666667,0.4960602842641896,0.12028324620917213,0.0,
bp_fs200_legacy_abs,/home/test/bupt_hjk/sdp_dataset/xrf55/wifi/02_22_08.npy,1000,float64,0.0,0.48861481481481484,0.0,0.007496296296296296,0.5113851851851852,0.5145196221836695,0.11545619693767842,0.0,
bp_fs200_legacy_abs,/home/test/bupt_hjk/sdp_dataset/xrf55/wifi/02_22_09.npy,1000,float64,0.0,0.49066666666666664,0.0,0.008207407407407408,0.5093333333333333,0.5107249105629825,0.11669447225002781,0.0,
bp_fs200_legacy_abs,/home/test/bupt_hjk/sdp_dataset/xrf55/wifi/02_22_10.npy,1000,float64,0.0,0.4811,0.0,0.007762962962962963,0.5189,0.5228516925716479,0.12056500945389834,0.0,
bp_fs200_legacy_abs,/home/test/bupt_hjk/sdp_dataset/xrf55/wifi/02_22_11.npy,1000,float64,0.0,0.4944703703703704,0.0,0.008162962962962962,0.5055296296296297,0.5086518565679075,0.11730990249508769,0.0,
bp_fs200_legacy_abs,/home/test/bupt_hjk/sdp_dataset/xrf55/wifi/02_22_12.npy,1000,float64,0.0,0.49442592592592594,0.0,0.009859259259259259,0.5055740740740741,0.5089500939113507,0.13245096948800653,0.0,
bp_fs200_legacy_abs,/home/test/bupt_hjk/sdp_dataset/xrf55/wifi/02_22_13.npy,1000,float64,0.0,0.49484074074074075,0.0,0.008748148148148149,0.5051592592592593,0.5062239414783931,0.12656360063767472,0.0,
bp_fs200_legacy_abs,/home/test/bupt_hjk/sdp_dataset/xrf55/wifi/02_22_14.npy,1000,float64,0.0,0.5040333333333333,0.0,0.007659259259259259,0.49596666666666667,0.4977099351839975,0.11632373113854595,0.0,
bp_fs200_legacy_abs,/home/test/bupt_hjk/sdp_dataset/xrf55/wifi/02_22_15.npy,1000,float64,0.0,0.49833333333333335,0.0,0.007459259259259259,0.5016666666666667,0.5037758025692731,0.11237904571237904,0.0,
bp_fs200_legacy_abs,/home/test/bupt_hjk/sdp_dataset/xrf55/wifi/02_22_16.npy,1000,float64,0.0,0.49425555555555556,0.0,0.008274074074074074,0.5057444444444444,0.5082313753122798,0.11713565417269121,0.0,
bp_fs200_legacy_abs,/home/test/bupt_hjk/sdp_dataset/xrf55/wifi/02_22_17.npy,1000,float64,0.0,0.48406666666666665,0.0,0.007288888888888889,0.5159333333333334,0.51716493012205,0.11444407370333297,0.0,
bp_fs200_legacy_abs,/home/test/bupt_hjk/sdp_dataset/xrf55/wifi/02_22_18.npy,1000,float64,0.0,0.49257407407407405,0.0,0.007762962962962963,0.507425925925926,0.5103997461449542,0.11701701701701701,0.0,
bp_fs200_legacy_abs,/home/test/bupt_hjk/sdp_dataset/xrf55/wifi/02_22_19.npy,1000,float64,0.0,0.48794074074074073,0.0,0.008377777777777777,0.5120592592592592,0.5147890543241314,0.12088384680977274,0.0,
bp_fs200_legacy_abs,/home/test/bupt_hjk/sdp_dataset/xrf55/wifi/02_22_20.npy,1000,float64,0.0,0.4897074074074074,0.0,0.007474074074074074,0.5102925925925926,0.5123206839974109,0.11275349423497572,0.0,
bp_fs200_legacy_abs,/home/test/bupt_hjk/sdp_dataset/xrf55/wifi/02_23_01.npy,1000,float64,0.0,0.5033407407407408,0.0,0.012133333333333333,0.49665925925925924,0.49652182109529647,0.17563118674229786,0.0,
bp_fs200_legacy_abs,/home/test/bupt_hjk/sdp_dataset/xrf55/wifi/02_23_02.npy,1000,float64,0.0,0.5010222222222223,0.0,0.011955555555555556,0.4989777777777778,0.4987907849868103,0.18177807437066695,0.0,
bp_fs200_legacy_abs,/home/test/bupt_hjk/sdp_dataset/xrf55/wifi/02_23_03.npy,1000,float64,0.0,0.5157074074074074,0.0,0.011955555555555556,0.4842925925925926,0.4800872060014686,0.17983539094650206,0.0,
bp_fs200_legacy_abs,/home/test/bupt_hjk/sdp_dataset/xrf55/wifi/02_23_04.npy,1000,float64,0.0,0.5077222222222222,0.0,0.01168888888888889,0.49227777777777776,0.491895898409433,0.176179883587291,0.0,
bp_fs200_legacy_abs,/home/test/bupt_hjk/sdp_dataset/xrf55/wifi/02_23_05.npy,1000,float64,0.0,0.5139962962962963,0.0,0.011762962962962963,0.4860037037037037,0.48286903497264866,0.1660734808882957,0.0,
bp_fs200_legacy_abs,/home/test/bupt_hjk/sdp_dataset/xrf55/wifi/02_23_06.npy,1000,float64,0.0,0.5061148148148148,0.0,0.012792592592592593,0.4938851851851852,0.4941310541310541,0.18439921402884366,0.0,
bp_fs200_legacy_abs,/home/test/bupt_hjk/sdp_dataset/xrf55/wifi/02_23_07.npy,1000,float64,0.0,0.5061148148148148,0.0,0.012074074074074074,0.4938851851851852,0.4928400864479272,0.1746413079746413,0.0,
bp_fs200_legacy_abs,/home/test/bupt_hjk/sdp_dataset/xrf55/wifi/02_23_08.npy,1000,float64,0.0,0.5172296296296296,0.0,0.012637037037037037,0.48277037037037035,0.47865414092971725,0.1751640529418307,0.0,
bp_fs200_legacy_abs,/home/test/bupt_hjk/sdp_dataset/xrf55/wifi/02_23_09.npy,1000,float64,0.0,0.5127777777777778,0.0,0.012555555555555556,0.4872222222222222,0.4856284206781175,0.17925703481259037,0.0,
bp_fs200_legacy_abs,/home/test/bupt_hjk/sdp_dataset/xrf55/wifi/02_23_10.npy,1000,float64,0.0,0.510662962962963,0.0,0.012051851851851852,0.489337037037037,0.48749673655175546,0.18018018018018017,0.0,
bp_fs200_legacy_abs,/home/test/bupt_hjk/sdp_dataset/xrf55/wifi/02_23_11.npy,1000,float64,0.0,0.5143,0.0,0.011792592592592592,0.4857,0.48356981692081713,0.17284321358395432,0.0,
bp_fs200_legacy_abs,/home/test/bupt_hjk/sdp_dataset/xrf55/wifi/02_23_12.npy,1000,float64,0.0,0.5062333333333333,0.0,0.012214814814814815,0.4937666666666667,0.4919800644617669,0.17692507322136952,0.0,
bp_fs200_legacy_abs,/home/test/bupt_hjk/sdp_dataset/xrf55/wifi/02_23_13.npy,1000,float64,0.0,0.5040407407407408,0.0,0.012392592592592592,0.49595925925925927,0.49602982729182094,0.17825603381158936,0.0,
bp_fs200_legacy_abs,/home/test/bupt_hjk/sdp_dataset/xrf55/wifi/02_23_14.npy,1000,float64,0.0,0.5020814814814815,0.0,0.011844444444444444,0.49791851851851854,0.49749335028396086,0.17147888629370112,0.0,
bp_fs200_legacy_abs,/home/test/bupt_hjk/sdp_dataset/xrf55/wifi/02_23_15.npy,1000,float64,0.0,0.5077851851851852,0.0,0.010644444444444444,0.4922148148148148,0.49002431620123543,0.16224372520668817,0.0,
bp_fs200_legacy_abs,/home/test/bupt_hjk/sdp_dataset/xrf55/wifi/02_23_16.npy,1000,float64,0.0,0.5038296296296296,0.0,0.013096296296296297,0.4961703703703704,0.49569997575316727,0.1826863900937975,0.0,
bp_fs200_legacy_abs,/home/test/bupt_hjk/sdp_dataset/xrf55/wifi/02_23_17.npy,1000,float64,0.0,0.5072851851851852,0.0,0.012533333333333334,0.4927148148148148,0.4910371464273543,0.17967226485745005,0.0,
bp_fs200_legacy_abs,/home/test/bupt_hjk/sdp_dataset/xrf55/wifi/02_23_18.npy,1000,float64,0.0,0.5096481481481482,0.0,0.01297037037037037,0.49035185185185187,0.48901556759213666,0.17940162384606828,0.0,
bp_fs200_legacy_abs,/home/test/bupt_hjk/sdp_dataset/xrf55/wifi/02_23_19.npy,1000,float64,0.0,0.5114333333333333,0.0,0.011955555555555556,0.48856666666666665,0.48660498671818403,0.16874281689096504,0.0,
bp_fs200_legacy_abs,/home/test/bupt_hjk/sdp_dataset/xrf55/wifi/02_23_20.npy,1000,float64,0.0,0.5082814814814814,0.0,0.011925925925925927,0.4917185185185185,0.4898440511917271,0.17422607792978162,0.0,
bp_fs200_legacy_abs,/home/test/bupt_hjk/sdp_dataset/xrf55/wifi/02_24_01.npy,1000,float64,0.0,0.5157111111111111,0.0,0.010392592592592592,0.4842888888888889,0.4842183914986113,0.14714714714714713,0.0,
bp_fs200_legacy_abs,/home/test/bupt_hjk/sdp_dataset/xrf55/wifi/02_24_02.npy,1000,float64,0.0,0.48757407407407405,0.0,0.006740740740740741,0.512425925925926,0.5141739686360046,0.10557594631668706,0.0,
bp_fs200_legacy_abs,/home/test/bupt_hjk/sdp_dataset/xrf55/wifi/02_24_03.npy,1000,float64,0.0,0.4785111111111111,0.0,0.0076,0.5214888888888889,0.5237399452255979,0.10749638527416305,0.0,
bp_fs200_legacy_abs,/home/test/bupt_hjk/sdp_dataset/xrf55/wifi/02_24_04.npy,1000,float64,0.0,0.5048296296296296,0.0,0.00791851851851852,0.49517037037037037,0.4959460683657447,0.11072554035516999,0.0,
bp_fs200_legacy_abs,/home/test/bupt_hjk/sdp_dataset/xrf55/wifi/02_24_05.npy,1000,float64,0.0,0.49795925925925927,0.0,0.007637037037037037,0.5020407407407408,0.5034710111499905,0.11288696103510919,0.0,
bp_fs200_legacy_abs,/home/test/bupt_hjk/sdp_dataset/xrf55/wifi/02_24_06.npy,1000,float64,0.0,0.4986814814814815,0.0,0.0077555555555555555,0.5013185185185185,0.5014538528034848,0.10679939198457716,0.0,
bp_fs200_legacy_abs,/home/test/bupt_hjk/sdp_dataset/xrf55/wifi/02_24_07.npy,1000,float64,0.0,0.47621851851851854,0.0,0.006585185185185185,0.5237814814814815,0.5301600855401611,0.1021614206799392,0.0,
bp_fs200_legacy_abs,/home/test/bupt_hjk/sdp_dataset/xrf55/wifi/02_24_08.npy,1000,float64,0.0,0.49321481481481483,0.0,0.008429629629629629,0.5067851851851852,0.5086364353845807,0.11917102287472658,0.0,
bp_fs200_legacy_abs,/home/test/bupt_hjk/sdp_dataset/xrf55/wifi/02_24_09.npy,1000,float64,0.0,0.5011481481481481,0.0,0.008051851851851852,0.4988518518518518,0.5005422606829107,0.1116894672450228,0.0,
bp_fs200_legacy_abs,/home/test/bupt_hjk/sdp_dataset/xrf55/wifi/02_24_10.npy,1000,float64,0.0,0.47754074074074077,0.0,0.007348148148148148,0.5224592592592593,0.5273784215972157,0.10847143439736032,0.0,
bp_fs200_legacy_abs,/home/test/bupt_hjk/sdp_dataset/xrf55/wifi/02_24_11.npy,1000,float64,0.0,0.49193703703703706,0.0,0.009266666666666666,0.5080629629629629,0.5093330817847372,0.13463463463463463,0.0,
bp_fs200_legacy_abs,/home/test/bupt_hjk/sdp_dataset/xrf55/wifi/02_24_12.npy,1000,float64,0.0,0.5029,0.0,0.008503703703703704,0.4971,0.49990074571802046,0.10943906869832795,0.0,
bp_fs200_legacy_abs,/home/test/bupt_hjk/sdp_dataset/xrf55/wifi/02_24_13.npy,1000,float64,0.0,0.49348148148148147,0.0,0.008148148148148147,0.5065185185185185,0.5078715909176262,0.11777332888443999,0.0,
bp_fs200_legacy_abs,/home/test/bupt_hjk/sdp_dataset/xrf55/wifi/02_24_14.npy,1000,float64,0.0,0.4967185185185185,0.0,0.007814814814814814,0.5032814814814814,0.5066842295963042,0.10843065287509732,0.0,
bp_fs200_legacy_abs,/home/test/bupt_hjk/sdp_dataset/xrf55/wifi/02_24_15.npy,1000,float64,0.0,0.49186296296296295,0.0,0.006985185185185185,0.508137037037037,0.5079339353827135,0.10309568828087347,0.0,
bp_fs200_legacy_abs,/home/test/bupt_hjk/sdp_dataset/xrf55/wifi/02_24_16.npy,1000,float64,0.0,0.4854148148148148,0.0,0.0074,0.5145851851851851,0.5172732324977094,0.10464167871575279,0.0,
bp_fs200_legacy_abs,/home/test/bupt_hjk/sdp_dataset/xrf55/wifi/02_24_17.npy,1000,float64,0.0,0.4886814814814815,0.0,0.00737037037037037,0.5113185185185185,0.5124474559492427,0.11421792162532904,0.0,
bp_fs200_legacy_abs,/home/test/bupt_hjk/sdp_dataset/xrf55/wifi/02_24_18.npy,1000,float64,0.0,0.4902037037037037,0.0,0.007377777777777777,0.5097962962962963,0.5115622367946095,0.10537945352760168,0.0,
bp_fs200_legacy_abs,/home/test/bupt_hjk/sdp_dataset/xrf55/wifi/02_24_19.npy,1000,float64,0.0,0.4930703703703704,0.0,0.007955555555555556,0.5069296296296296,0.5097674209129771,0.11206391576761947,0.0,
bp_fs200_legacy_abs,/home/test/bupt_hjk/sdp_dataset/xrf55/wifi/02_24_20.npy,1000,float64,0.0,0.4958222222222222,0.0,0.00788148148148148,0.5041777777777777,0.5061979592909325,0.11015089163237311,0.0,
bp_fs200_legacy_abs,/home/test/bupt_hjk/sdp_dataset/xrf55/wifi/02_25_01.npy,1000,float64,0.0,0.4934037037037037,0.0,0.013592592592592592,0.5065962962962963,0.5081633266683705,0.20443406369332295,0.0,
bp_fs200_legacy_abs,/home/test/bupt_hjk/sdp_dataset/xrf55/wifi/02_25_02.npy,1000,float64,0.0,0.48944074074074073,0.0,0.01345925925925926,0.5105592592592593,0.5118657381531443,0.18936343751158566,0.0,
bp_fs200_legacy_abs,/home/test/bupt_hjk/sdp_dataset/xrf55/wifi/02_25_03.npy,1000,float64,0.0,0.48895925925925926,0.0,0.013,0.5110407407407408,0.5148405234142084,0.19594779965150336,0.0,
bp_fs200_legacy_abs,/home/test/bupt_hjk/sdp_dataset/xrf55/wifi/02_25_04.npy,1000,float64,0.0,0.4979925925925926,0.0,0.01342962962962963,0.5020074074074075,0.5035736705567363,0.20250991732473214,0.0,
bp_fs200_legacy_abs,/home/test/bupt_hjk/sdp_dataset/xrf55/wifi/02_25_05.npy,1000,float64,0.0,0.5034481481481482,0.0,0.013066666666666667,0.49655185185185186,0.4962722362805454,0.20315871426982537,0.0,
bp_fs200_legacy_abs,/home/test/bupt_hjk/sdp_dataset/xrf55/wifi/02_25_06.npy,1000,float64,0.0,0.4900185185185185,0.0,0.013555555555555555,0.5099814814814815,0.5115813163126822,0.19315982649315983,0.0,
bp_fs200_legacy_abs,/home/test/bupt_hjk/sdp_dataset/xrf55/wifi/02_25_07.npy,1000,float64,0.0,0.49966666666666665,0.0,0.013355555555555556,0.5003333333333333,0.5031962812424169,0.20628035442850257,0.0,
bp_fs200_legacy_abs,/home/test/bupt_hjk/sdp_dataset/xrf55/wifi/02_25_08.npy,1000,float64,0.0,0.49625185185185183,0.0,0.013377777777777778,0.5037481481481482,0.5073365671444289,0.20547213880547213,0.0,
bp_fs200_legacy_abs,/home/test/bupt_hjk/sdp_dataset/xrf55/wifi/02_25_09.npy,1000,float64,0.0,0.5023,0.0,0.014651851851851852,0.4977,0.49747530931703254,0.2122122122122122,0.0,
bp_fs200_legacy_abs,/home/test/bupt_hjk/sdp_dataset/xrf55/wifi/02_25_10.npy,1000,float64,0.0,0.4986555555555556,0.0,0.014125925925925925,0.5013444444444445,0.5006512388683588,0.20849738627516406,0.0,
bp_fs200_legacy_abs,/home/test/bupt_hjk/sdp_dataset/xrf55/wifi/02_25_11.npy,1000,float64,0.0,0.49453703703703705,0.0,0.01297037037037037,0.505462962962963,0.5063191391492539,0.18529270010751492,0.0,
bp_fs200_legacy_abs,/home/test/bupt_hjk/sdp_dataset/xrf55/wifi/02_25_12.npy,1000,float64,0.0,0.4967185185185185,0.0,0.01342962962962963,0.5032814814814814,0.5040221528380506,0.18303488673859045,0.0,
bp_fs200_legacy_abs,/home/test/bupt_hjk/sdp_dataset/xrf55/wifi/02_25_13.npy,1000,float64,0.0,0.4898148148148148,0.0,0.012014814814814815,0.5101851851851852,0.5136121330430212,0.1695176658139621,0.0,
bp_fs200_legacy_abs,/home/test/bupt_hjk/sdp_dataset/xrf55/wifi/02_25_14.npy,1000,float64,0.0,0.4973037037037037,0.0,0.012362962962962963,0.5026962962962963,0.50491148086772,0.18550031512994475,0.0,
bp_fs200_legacy_abs,/home/test/bupt_hjk/sdp_dataset/xrf55/wifi/02_25_15.npy,1000,float64,0.0,0.4921333333333333,0.0,0.012866666666666667,0.5078666666666667,0.5090481618694784,0.1858302747191636,0.0,
bp_fs200_legacy_abs,/home/test/bupt_hjk/sdp_dataset/xrf55/wifi/02_25_16.npy,1000,float64,0.0,0.4858148148148148,0.0,0.010585185185185185,0.5141851851851852,0.5161464484562173,0.16183961739517294,0.0,
bp_fs200_legacy_abs,/home/test/bupt_hjk/sdp_dataset/xrf55/wifi/02_25_17.npy,1000,float64,0.0,0.506325925925926,0.0,0.010688888888888888,0.4936740740740741,0.49415353711004845,0.15293441589737886,0.0,
bp_fs200_legacy_abs,/home/test/bupt_hjk/sdp_dataset/xrf55/wifi/02_25_18.npy,1000,float64,0.0,0.4971888888888889,0.0,0.011474074074074074,0.5028111111111111,0.5031537834177584,0.15505505505505507,0.0,
bp_fs200_legacy_abs,/home/test/bupt_hjk/sdp_dataset/xrf55/wifi/02_25_19.npy,1000,float64,0.0,0.49722222222222223,0.0,0.01131111111111111,0.5027777777777778,0.503741781410875,0.1559040522003485,0.0,
bp_fs200_legacy_abs,/home/test/bupt_hjk/sdp_dataset/xrf55/wifi/02_25_20.npy,1000,float64,0.0,0.4980222222222222,0.0,0.010681481481481481,0.5019777777777777,0.502897748455099,0.1568049531012494,0.0,
bp_fs200_legacy_abs,/home/test/bupt_hjk/sdp_dataset/xrf55/wifi/02_26_01.npy,1000,float64,0.0,0.5098111111111111,0.0,0.013029629629629629,0.4901888888888889,0.48760069855219423,0.18077336595855115,0.0,
bp_fs200_legacy_abs,/home/test/bupt_hjk/sdp_dataset/xrf55/wifi/02_26_02.npy,1000,float64,0.0,0.5086037037037037,0.0,0.013207407407407407,0.4913962962962963,0.490583913888586,0.18446224001779557,0.0,
bp_fs200_legacy_abs,/home/test/bupt_hjk/sdp_dataset/xrf55/wifi/02_26_03.npy,1000,float64,0.0,0.5027148148148148,0.0,0.012037037037037037,0.49728518518518516,0.49796804354835084,0.17378489600711822,0.0,
bp_fs200_legacy_abs,/home/test/bupt_hjk/sdp_dataset/xrf55/wifi/02_26_04.npy,1000,float64,0.0,0.5106185185185185,0.0,0.012874074074074074,0.4893814814814815,0.4892804115362119,0.1877877877877878,0.0,
bp_fs200_legacy_abs,/home/test/bupt_hjk/sdp_dataset/xrf55/wifi/02_26_05.npy,1000,float64,0.0,0.5028333333333334,0.0,0.013837037037037037,0.49716666666666665,0.49627197738507445,0.19853186519853186,0.0,
bp_fs200_legacy_abs,/home/test/bupt_hjk/sdp_dataset/xrf55/wifi/02_26_06.npy,1000,float64,0.0,0.5054,0.0,0.013681481481481482,0.4946,0.49364660482820494,0.20051533014495979,0.0,
bp_fs200_legacy_abs,/home/test/bupt_hjk/sdp_dataset/xrf55/wifi/02_26_07.npy,1000,float64,0.0,0.5007148148148148,0.0,0.013762962962962963,0.49928518518518517,0.4987084456424079,0.19654840025210396,0.0,
bp_fs200_legacy_abs,/home/test/bupt_hjk/sdp_dataset/xrf55/wifi/02_26_08.npy,1000,float64,0.0,0.49698148148148147,0.0,0.012555555555555556,0.5030185185185185,0.5041629960075725,0.18366885403922442,0.0,
bp_fs200_legacy_abs,/home/test/bupt_hjk/sdp_dataset/xrf55/wifi/02_26_09.npy,1000,float64,0.0,0.5039555555555556,0.0,0.012844444444444445,0.49604444444444445,0.49624497329091893,0.1886516145775405,0.0,
bp_fs200_legacy_abs,/home/test/bupt_hjk/sdp_dataset/xrf55/wifi/02_26_10.npy,1000,float64,0.0,0.503437037037037,0.0,0.012681481481481481,0.496562962962963,0.49619226436349984,0.18530382234085938,0.0,
bp_fs200_legacy_abs,/home/test/bupt_hjk/sdp_dataset/xrf55/wifi/02_26_11.npy,1000,float64,0.0,0.5007333333333334,0.0,0.013637037037037038,0.4992666666666667,0.5004004661349893,0.19120231342453564,0.0,
bp_fs200_legacy_abs,/home/test/bupt_hjk/sdp_dataset/xrf55/wifi/02_26_12.npy,1000,float64,0.0,0.5003777777777778,0.0,0.0124,0.49962222222222225,0.4990025465289375,0.1907574240907574,0.0,
bp_fs200_legacy_abs,/home/test/bupt_hjk/sdp_dataset/xrf55/wifi/02_26_13.npy,1000,float64,0.0,0.5024407407407407,0.0,0.01257037037037037,0.49755925925925926,0.4970693406489452,0.1896081266451637,0.0,
bp_fs200_legacy_abs,/home/test/bupt_hjk/sdp_dataset/xrf55/wifi/02_26_14.npy,1000,float64,0.0,0.49377777777777776,0.0,0.013644444444444445,0.5062222222222222,0.5087769281321345,0.18902235568902234,0.0,
bp_fs200_legacy_abs,/home/test/bupt_hjk/sdp_dataset/xrf55/wifi/02_26_15.npy,1000,float64,0.0,0.4971925925925926,0.0,0.013029629629629629,0.5028074074074074,0.5031457235164087,0.19816853890927966,0.0,
bp_fs200_legacy_abs,/home/test/bupt_hjk/sdp_dataset/xrf55/wifi/02_26_16.npy,1000,float64,0.0,0.4935259259259259,0.0,0.01411111111111111,0.5064740740740741,0.5083809054184762,0.20012605197790384,0.0,
bp_fs200_legacy_abs,/home/test/bupt_hjk/sdp_dataset/xrf55/wifi/02_26_17.npy,1000,float64,0.0,0.4953,0.0,0.013851851851851851,0.5047,0.50645612677899,0.2030178326474623,0.0,
bp_fs200_legacy_abs,/home/test/bupt_hjk/sdp_dataset/xrf55/wifi/02_26_18.npy,1000,float64,0.0,0.5083851851851852,0.0,0.013562962962962962,0.49161481481481484,0.49041784360612983,0.19738998257516777,0.0,
bp_fs200_legacy_abs,/home/test/bupt_hjk/sdp_dataset/xrf55/wifi/02_26_19.npy,1000,float64,0.0,0.5021629629629629,0.0,0.012725925925925925,0.497837037037037,0.497932675061831,0.18510362214065917,0.0,
bp_fs200_legacy_abs,/home/test/bupt_hjk/sdp_dataset/xrf55/wifi/02_26_20.npy,1000,float64,0.0,0.5117851851851852,0.0,0.013607407407407407,0.4882148148148148,0.4867634241540036,0.19248137025914805,0.0,
bp_fs200_legacy_abs,/home/test/bupt_hjk/sdp_dataset/xrf55/wifi/02_27_01.npy,1000,float64,0.0,0.4923592592592593,0.0,0.007925925925925927,0.5076407407407407,0.5080125799381512,0.14837430022615208,0.0,
bp_fs200_legacy_abs,/home/test/bupt_hjk/sdp_dataset/xrf55/wifi/02_27_02.npy,1000,float64,0.0,0.49405925925925925,0.0,0.00885925925925926,0.5059407407407407,0.5072889241263763,0.14504875245615986,0.0,
bp_fs200_legacy_abs,/home/test/bupt_hjk/sdp_dataset/xrf55/wifi/02_27_03.npy,1000,float64,0.0,0.506225925925926,0.0,0.007703703703703704,0.4937740740740741,0.49374767580318607,0.13673673673673672,0.0,
bp_fs200_legacy_abs,/home/test/bupt_hjk/sdp_dataset/xrf55/wifi/02_27_04.npy,1000,float64,0.0,0.4902259259259259,0.0,0.009051851851851853,0.509774074074074,0.5092244695929984,0.15451748044340638,0.0,
bp_fs200_legacy_abs,/home/test/bupt_hjk/sdp_dataset/xrf55/wifi/02_27_05.npy,1000,float64,0.0,0.4943074074074074,0.0,0.008414814814814814,0.5056925925925926,0.5069204735830176,0.15964483001520038,0.0,
bp_fs200_legacy_abs,/home/test/bupt_hjk/sdp_dataset/xrf55/wifi/02_27_06.npy,1000,float64,0.0,0.49363703703703704,0.0,0.00931851851851852,0.506362962962963,0.508009589814749,0.16049011974937902,0.0,
bp_fs200_legacy_abs,/home/test/bupt_hjk/sdp_dataset/xrf55/wifi/02_27_07.npy,1000,float64,0.0,0.49395185185185186,0.0,0.00931851851851852,0.5060481481481481,0.5076850372437384,0.15371297223149075,0.0,
bp_fs200_legacy_abs,/home/test/bupt_hjk/sdp_dataset/xrf55/wifi/02_27_08.npy,1000,float64,0.0,0.5010259259259259,0.0,0.008881481481481482,0.49897407407407407,0.5014745614725379,0.14893041189337486,0.0,
bp_fs200_legacy_abs,/home/test/bupt_hjk/sdp_dataset/xrf55/wifi/02_27_09.npy,1000,float64,0.0,0.4958148148148148,0.0,0.008837037037037037,0.5041851851851852,0.5049939280709949,0.14490416342268195,0.0,
bp_fs200_legacy_abs,/home/test/bupt_hjk/sdp_dataset/xrf55/wifi/02_27_10.npy,1000,float64,0.0,0.4929222222222222,0.0,0.00968888888888889,0.5070777777777777,0.5065992245911105,0.16513921328736145,0.0,
bp_fs200_legacy_abs,/home/test/bupt_hjk/sdp_dataset/xrf55/wifi/02_27_11.npy,1000,float64,0.0,0.500437037037037,0.0,0.010244444444444445,0.499562962962963,0.5011407985589913,0.15753160567975383,0.0,
bp_fs200_legacy_abs,/home/test/bupt_hjk/sdp_dataset/xrf55/wifi/02_27_12.npy,1000,float64,0.0,0.4961740740740741,0.0,0.008496296296296297,0.5038259259259259,0.5060557102855237,0.15284543803062323,0.0,
bp_fs200_legacy_abs,/home/test/bupt_hjk/sdp_dataset/xrf55/wifi/02_27_13.npy,1000,float64,0.0,0.4913592592592593,0.0,0.008266666666666667,0.5086407407407407,0.5087944308873882,0.13529084640195752,0.0,
bp_fs200_legacy_abs,/home/test/bupt_hjk/sdp_dataset/xrf55/wifi/02_27_14.npy,1000,float64,0.0,0.4943925925925926,0.0,0.009237037037037037,0.5056074074074074,0.5050870432988456,0.16228450672895117,0.0,
bp_fs200_legacy_abs,/home/test/bupt_hjk/sdp_dataset/xrf55/wifi/02_27_15.npy,1000,float64,0.0,0.49822222222222223,0.0,0.009288888888888888,0.5017777777777778,0.5017894981169089,0.15740184629073517,0.0,
bp_fs200_legacy_abs,/home/test/bupt_hjk/sdp_dataset/xrf55/wifi/02_27_16.npy,1000,float64,0.0,0.49974444444444444,0.0,0.008874074074074074,0.5002555555555556,0.5021578309955269,0.1439773106439773,0.0,
bp_fs200_legacy_abs,/home/test/bupt_hjk/sdp_dataset/xrf55/wifi/02_27_17.npy,1000,float64,0.0,0.49663703703703704,0.0,0.009614814814814816,0.503362962962963,0.505173317361683,0.15789493196900603,0.0,
bp_fs200_legacy_abs,/home/test/bupt_hjk/sdp_dataset/xrf55/wifi/02_27_18.npy,1000,float64,0.0,0.49677037037037036,0.0,0.008266666666666667,0.5032296296296296,0.5045126218819166,0.14158603047491936,0.0,
bp_fs200_legacy_abs,/home/test/bupt_hjk/sdp_dataset/xrf55/wifi/02_27_19.npy,1000,float64,0.0,0.4834259259259259,0.0,0.00837037037037037,0.5165740740740741,0.5190421764628731,0.13901679457235014,0.0,
bp_fs200_legacy_abs,/home/test/bupt_hjk/sdp_dataset/xrf55/wifi/02_27_20.npy,1000,float64,0.0,0.49115925925925924,0.0,0.008481481481481482,0.5088407407407407,0.5082931028030389,0.1486783079375672,0.0,
bp_fs200_legacy_abs,/home/test/bupt_hjk/sdp_dataset/xrf55/wifi/02_28_01.npy,1000,float64,0.0,0.49235555555555555,0.0,0.007785185185185185,0.5076444444444445,0.5095293131189521,0.12745337930523115,0.0,
bp_fs200_legacy_abs,/home/test/bupt_hjk/sdp_dataset/xrf55/wifi/02_28_02.npy,1000,float64,0.0,0.497337037037037,0.0,0.006592592592592593,0.502662962962963,0.5051311975303995,0.10067474882289697,0.0,
bp_fs200_legacy_abs,/home/test/bupt_hjk/sdp_dataset/xrf55/wifi/02_28_03.npy,1000,float64,0.0,0.494562962962963,0.0,0.0062370370370370375,0.505437037037037,0.5087588001684819,0.1072442813183554,0.0,
bp_fs200_legacy_abs,/home/test/bupt_hjk/sdp_dataset/xrf55/wifi/02_28_04.npy,1000,float64,0.0,0.4948925925925926,0.0,0.006666666666666667,0.5051074074074074,0.5076242191218189,0.11162273384495607,0.0,
bp_fs200_legacy_abs,/home/test/bupt_hjk/sdp_dataset/xrf55/wifi/02_28_05.npy,1000,float64,0.0,0.4855703703703704,0.0,0.0058814814814814815,0.5144296296296297,0.5188323032705277,0.10269528788047307,0.0,
bp_fs200_legacy_abs,/home/test/bupt_hjk/sdp_dataset/xrf55/wifi/02_28_06.npy,1000,float64,0.0,0.4904925925925926,0.0,0.006037037037037037,0.5095074074074074,0.5111725150140031,0.09848366885403922,0.0,
bp_fs200_legacy_abs,/home/test/bupt_hjk/sdp_dataset/xrf55/wifi/02_28_07.npy,1000,float64,0.0,0.4928074074074074,0.0,0.006733333333333333,0.5071925925925926,0.5100390134630274,0.11977162347532717,0.0,
bp_fs200_legacy_abs,/home/test/bupt_hjk/sdp_dataset/xrf55/wifi/02_28_08.npy,1000,float64,0.0,0.4804481481481481,0.0,0.0069037037037037036,0.5195518518518518,0.5216578291581571,0.11789938086234382,0.0,
bp_fs200_legacy_abs,/home/test/bupt_hjk/sdp_dataset/xrf55/wifi/02_28_09.npy,1000,float64,0.0,0.49946666666666667,0.0,0.0067555555555555554,0.5005333333333334,0.5009078913237168,0.11732473213954696,0.0,
bp_fs200_legacy_abs,/home/test/bupt_hjk/sdp_dataset/xrf55/wifi/02_28_10.npy,1000,float64,0.0,0.4960333333333333,0.0,0.007392592592592593,0.5039666666666667,0.5043921121862376,0.12925147369591813,0.0,
bp_fs200_legacy_abs,/home/test/bupt_hjk/sdp_dataset/xrf55/wifi/02_28_11.npy,1000,float64,0.0,0.4961851851851852,0.0,0.00791851851851852,0.5038148148148148,0.5070702665308133,0.12230378526674823,0.0,
bp_fs200_legacy_abs,/home/test/bupt_hjk/sdp_dataset/xrf55/wifi/02_28_12.npy,1000,float64,0.0,0.48944814814814813,0.0,0.007711111111111111,0.5105518518518518,0.5088300512615168,0.11335409483557632,0.0,
bp_fs200_legacy_abs,/home/test/bupt_hjk/sdp_dataset/xrf55/wifi/02_28_13.npy,1000,float64,0.0,0.4961,0.0,0.006540740740740741,0.5039,0.5064148989264097,0.11142624105587069,0.0,
bp_fs200_legacy_abs,/home/test/bupt_hjk/sdp_dataset/xrf55/wifi/02_28_14.npy,1000,float64,0.0,0.5017666666666667,0.0,0.007451851851851852,0.4982333333333333,0.4984776432108163,0.12158454751047344,0.0,
bp_fs200_legacy_abs,/home/test/bupt_hjk/sdp_dataset/xrf55/wifi/02_28_15.npy,1000,float64,0.0,0.48912962962962964,0.0,0.007237037037037037,0.5108703703703704,0.5127449352374627,0.11341712082452823,0.0,
bp_fs200_legacy_abs,/home/test/bupt_hjk/sdp_dataset/xrf55/wifi/02_28_16.npy,1000,float64,0.0,0.48463333333333336,0.0,0.006362962962962963,0.5153666666666666,0.5182912411471293,0.11404738071404738,0.0,
bp_fs200_legacy_abs,/home/test/bupt_hjk/sdp_dataset/xrf55/wifi/02_28_17.npy,1000,float64,0.0,0.49331851851851855,0.0,0.0074444444444444445,0.5066814814814815,0.5096167969117785,0.11534126719311905,0.0,
bp_fs200_legacy_abs,/home/test/bupt_hjk/sdp_dataset/xrf55/wifi/02_28_18.npy,1000,float64,0.0,0.49624074074074076,0.0,0.007911111111111112,0.5037592592592592,0.5050673503808076,0.1219775330886442,0.0,
bp_fs200_legacy_abs,/home/test/bupt_hjk/sdp_dataset/xrf55/wifi/02_28_19.npy,1000,float64,0.0,0.4984222222222222,0.0,0.007637037037037037,0.5015777777777778,0.5032495609977153,0.11868905942980017,0.0,
bp_fs200_legacy_abs,/home/test/bupt_hjk/sdp_dataset/xrf55/wifi/02_28_20.npy,1000,float64,0.0,0.49843333333333334,0.0,0.007222222222222222,0.5015666666666667,0.5054900320016283,0.1189559930300671,0.0,
bp_fs200_legacy_abs,/home/test/bupt_hjk/sdp_dataset/xrf55/wifi/02_29_01.npy,1000,float64,0.0,0.49545925925925927,0.0,0.012681481481481481,0.5045407407407407,0.504286390424135,0.18046935824713603,0.0,
bp_fs200_legacy_abs,/home/test/bupt_hjk/sdp_dataset/xrf55/wifi/02_29_02.npy,1000,float64,0.0,0.49944444444444447,0.0,0.011577777777777777,0.5005555555555555,0.5015585572213151,0.16932117302487673,0.0,
bp_fs200_legacy_abs,/home/test/bupt_hjk/sdp_dataset/xrf55/wifi/02_29_03.npy,1000,float64,0.0,0.503862962962963,0.0,0.010851851851851852,0.49613703703703704,0.49469129007155466,0.1569272976680384,0.0,
bp_fs200_legacy_abs,/home/test/bupt_hjk/sdp_dataset/xrf55/wifi/02_29_04.npy,1000,float64,0.0,0.5039074074074074,0.0,0.011407407407407408,0.4960925925925926,0.4948709375926081,0.1671931190449709,0.0,
bp_fs200_legacy_abs,/home/test/bupt_hjk/sdp_dataset/xrf55/wifi/02_29_05.npy,1000,float64,0.0,0.5088407407407407,0.0,0.012459259259259258,0.49115925925925924,0.49096097497532726,0.17874911948986022,0.0,
bp_fs200_legacy_abs,/home/test/bupt_hjk/sdp_dataset/xrf55/wifi/02_29_06.npy,1000,float64,0.0,0.5077074074074074,0.0,0.012755555555555555,0.4922925925925926,0.4917903776655486,0.1788232677121566,0.0,
bp_fs200_legacy_abs,/home/test/bupt_hjk/sdp_dataset/xrf55/wifi/02_29_07.npy,1000,float64,0.0,0.5015074074074074,0.0,0.011251851851851851,0.4984925925925926,0.49805063397270505,0.17212768323879435,0.0,
bp_fs200_legacy_abs,/home/test/bupt_hjk/sdp_dataset/xrf55/wifi/02_29_08.npy,1000,float64,0.0,0.4963592592592593,0.0,0.011437037037037037,0.5036407407407407,0.5018382422685693,0.16888369851332816,0.0,
bp_fs200_legacy_abs,/home/test/bupt_hjk/sdp_dataset/xrf55/wifi/02_29_09.npy,1000,float64,0.0,0.5046851851851852,0.0,0.011725925925925926,0.4953148148148148,0.49491132799149357,0.17418900381863345,0.0,
bp_fs200_legacy_abs,/home/test/bupt_hjk/sdp_dataset/xrf55/wifi/02_29_10.npy,1000,float64,0.0,0.4965074074074074,0.0,0.012548148148148149,0.5034925925925926,0.5056232732623415,0.1827642457272087,0.0,
bp_fs200_legacy_abs,/home/test/bupt_hjk/sdp_dataset/xrf55/wifi/02_29_11.npy,1000,float64,0.0,0.4925888888888889,0.0,0.011029629629629629,0.5074111111111111,0.5088975686190989,0.16113150187224262,0.0,
bp_fs200_legacy_abs,/home/test/bupt_hjk/sdp_dataset/xrf55/wifi/02_29_12.npy,1000,float64,0.0,0.5038185185185186,0.0,0.011911111111111112,0.4961814814814815,0.4947598651234849,0.1713528343157973,0.0,
bp_fs200_legacy_abs,/home/test/bupt_hjk/sdp_dataset/xrf55/wifi/02_29_13.npy,1000,float64,0.0,0.5019259259259259,0.0,0.012148148148148148,0.49807407407407406,0.49583238355748044,0.1801060319578838,0.0,
bp_fs200_legacy_abs,/home/test/bupt_hjk/sdp_dataset/xrf55/wifi/02_29_14.npy,1000,float64,0.0,0.4985925925925926,0.0,0.012525925925925926,0.5014074074074074,0.5044386502832937,0.1782041300559819,0.0,
bp_fs200_legacy_abs,/home/test/bupt_hjk/sdp_dataset/xrf55/wifi/02_29_15.npy,1000,float64,0.0,0.5100888888888889,0.0,0.012022222222222222,0.48991111111111113,0.4866493211454184,0.17703258814369927,0.0,
bp_fs200_legacy_abs,/home/test/bupt_hjk/sdp_dataset/xrf55/wifi/02_29_16.npy,1000,float64,0.0,0.49696296296296294,0.0,0.012503703703703704,0.5030370370370371,0.5034833113562048,0.18003929855781708,0.0,
bp_fs200_legacy_abs,/home/test/bupt_hjk/sdp_dataset/xrf55/wifi/02_29_17.npy,1000,float64,0.0,0.49912222222222224,0.0,0.012274074074074074,0.5008777777777778,0.5030370234883473,0.17478960441923405,0.0,
bp_fs200_legacy_abs,/home/test/bupt_hjk/sdp_dataset/xrf55/wifi/02_29_18.npy,1000,float64,0.0,0.4974037037037037,0.0,0.011844444444444444,0.5025962962962963,0.5045463015428143,0.18189300411522633,0.0,
bp_fs200_legacy_abs,/home/test/bupt_hjk/sdp_dataset/xrf55/wifi/02_29_19.npy,1000,float64,0.0,0.49823703703703703,0.0,0.012303703703703704,0.501762962962963,0.5013677590910133,0.18471434397360323,0.0,
bp_fs200_legacy_abs,/home/test/bupt_hjk/sdp_dataset/xrf55/wifi/02_29_20.npy,1000,float64,0.0,0.49466296296296297,0.0,0.011081481481481482,0.505337037037037,0.5083132959639555,0.16183961739517294,0.0,
bp_fs200_legacy_abs,/home/test/bupt_hjk/sdp_dataset/xrf55/wifi/02_30_01.npy,1000,float64,0.0,0.4904703703703704,0.0,0.011296296296296296,0.5095296296296297,0.5124968289367567,0.16920624328031736,0.0,
bp_fs200_legacy_abs,/home/test/bupt_hjk/sdp_dataset/xrf55/wifi/02_30_02.npy,1000,float64,0.0,0.49845925925925927,0.0,0.011762962962962963,0.5015407407407407,0.5016217555503832,0.16829051273495718,0.0,
bp_fs200_legacy_abs,/home/test/bupt_hjk/sdp_dataset/xrf55/wifi/02_30_03.npy,1000,float64,0.0,0.4985925925925926,0.0,0.011348148148148149,0.5014074074074074,0.5002761344207229,0.1715938160382605,0.0,
bp_fs200_legacy_abs,/home/test/bupt_hjk/sdp_dataset/xrf55/wifi/02_30_04.npy,1000,float64,0.0,0.5017777777777778,0.0,0.012362962962962963,0.49822222222222223,0.49781325169472995,0.16562859155451748,0.0,
bp_fs200_legacy_abs,/home/test/bupt_hjk/sdp_dataset/xrf55/wifi/02_30_05.npy,1000,float64,0.0,0.5071962962962963,0.0,0.010044444444444444,0.4928037037037037,0.4926550404338991,0.15793571349126906,0.0,
bp_fs200_legacy_abs,/home/test/bupt_hjk/sdp_dataset/xrf55/wifi/02_30_06.npy,1000,float64,0.0,0.4990777777777778,0.0,0.01071111111111111,0.5009222222222223,0.5010954075554938,0.1601490379268157,0.0,
bp_fs200_legacy_abs,/home/test/bupt_hjk/sdp_dataset/xrf55/wifi/02_30_07.npy,1000,float64,0.0,0.49685555555555555,0.0,0.010822222222222223,0.5031444444444444,0.5039557439362857,0.16025284543803062,0.0,
bp_fs200_legacy_abs,/home/test/bupt_hjk/sdp_dataset/xrf55/wifi/02_30_08.npy,1000,float64,0.0,0.5079259259259259,0.0,0.01105925925925926,0.49207407407407405,0.49220840310835984,0.16728951173395618,0.0,
bp_fs200_legacy_abs,/home/test/bupt_hjk/sdp_dataset/xrf55/wifi/02_30_09.npy,1000,float64,0.0,0.4983518518518519,0.0,0.010807407407407408,0.5016481481481482,0.501875841121144,0.1654098542987432,0.0,
bp_fs200_legacy_abs,/home/test/bupt_hjk/sdp_dataset/xrf55/wifi/02_30_10.npy,1000,float64,0.0,0.5049925925925925,0.0,0.010051851851851852,0.4950074074074074,0.4927013322131541,0.15038742446149853,0.0,
bp_fs200_legacy_abs,/home/test/bupt_hjk/sdp_dataset/xrf55/wifi/02_30_11.npy,1000,float64,0.0,0.49355185185185185,0.0,0.012207407407407408,0.5064481481481482,0.5069097736107588,0.17757016275534793,0.0,
bp_fs200_legacy_abs,/home/test/bupt_hjk/sdp_dataset/xrf55/wifi/02_30_12.npy,1000,float64,0.0,0.4995888888888889,0.0,0.01162962962962963,0.5004111111111111,0.5005512221274153,0.17184591999406815,0.0,
bp_fs200_legacy_abs,/home/test/bupt_hjk/sdp_dataset/xrf55/wifi/02_30_13.npy,1000,float64,0.0,0.5053962962962963,0.0,0.011074074074074075,0.4946037037037037,0.49491213584729243,0.16364141919697475,0.0,
bp_fs200_legacy_abs,/home/test/bupt_hjk/sdp_dataset/xrf55/wifi/02_30_14.npy,1000,float64,0.0,0.5068,0.0,0.010911111111111111,0.4932,0.4908044675873519,0.1608312015719423,0.0,
bp_fs200_legacy_abs,/home/test/bupt_hjk/sdp_dataset/xrf55/wifi/02_30_15.npy,1000,float64,0.0,0.4944777777777778,0.0,0.010837037037037037,0.5055222222222222,0.5059359766557209,0.171256441626812,0.0,
bp_fs200_legacy_abs,/home/test/bupt_hjk/sdp_dataset/xrf55/wifi/02_30_16.npy,1000,float64,0.0,0.5032222222222222,0.0,0.010696296296296296,0.49677777777777776,0.4956669569183563,0.1571497423349275,0.0,
bp_fs200_legacy_abs,/home/test/bupt_hjk/sdp_dataset/xrf55/wifi/02_30_17.npy,1000,float64,0.0,0.4936740740740741,0.0,0.011325925925925927,0.506325925925926,0.5077511085080102,0.17209431653876098,0.0,
bp_fs200_legacy_abs,/home/test/bupt_hjk/sdp_dataset/xrf55/wifi/02_30_18.npy,1000,float64,0.0,0.5007481481481482,0.0,0.011562962962962962,0.49925185185185184,0.500094120127401,0.17296185073962853,0.0,
bp_fs200_legacy_abs,/home/test/bupt_hjk/sdp_dataset/xrf55/wifi/02_30_19.npy,1000,float64,0.0,0.493062962962963,0.0,0.010481481481481482,0.5069370370370371,0.5078534426774198,0.15952248544841138,0.0,
bp_fs200_legacy_abs,/home/test/bupt_hjk/sdp_dataset/xrf55/wifi/02_30_20.npy,1000,float64,0.0,0.5052629629629629,0.0,0.010622222222222222,0.49473703703703703,0.49322276667923104,0.1585437289140993,0.0,
bp_fs200_legacy_abs,/home/test/bupt_hjk/sdp_dataset/xrf55/wifi/02_31_01.npy,1000,float64,0.0,0.5008518518518519,0.0,0.013933333333333334,0.4991481481481482,0.4979427418356669,0.20328847365884403,0.0,
bp_fs200_legacy_abs,/home/test/bupt_hjk/sdp_dataset/xrf55/wifi/02_31_02.npy,1000,float64,0.0,0.5025333333333334,0.0,0.013955555555555556,0.49746666666666667,0.49674080113090274,0.19798687576465354,0.0,
bp_fs200_legacy_abs,/home/test/bupt_hjk/sdp_dataset/xrf55/wifi/02_31_03.npy,1000,float64,0.0,0.5007370370370371,0.0,0.013296296296296296,0.49926296296296296,0.49828449399106217,0.18914470025581137,0.0,
bp_fs200_legacy_abs,/home/test/bupt_hjk/sdp_dataset/xrf55/wifi/02_31_04.npy,1000,float64,0.0,0.5047592592592592,0.0,0.01382962962962963,0.49524074074074076,0.49589025755879057,0.19422756089422757,0.0,
bp_fs200_legacy_abs,/home/test/bupt_hjk/sdp_dataset/xrf55/wifi/02_31_05.npy,1000,float64,0.0,0.5052851851851852,0.0,0.01402962962962963,0.49471481481481483,0.49450221218287377,0.2032810588366144,0.0,
bp_fs200_legacy_abs,/home/test/bupt_hjk/sdp_dataset/xrf55/wifi/02_31_06.npy,1000,float64,0.0,0.49872222222222223,0.0,0.014074074074074074,0.5012777777777778,0.5012549207084326,0.20535350164979796,0.0,
bp_fs200_legacy_abs,/home/test/bupt_hjk/sdp_dataset/xrf55/wifi/02_31_07.npy,1000,float64,0.0,0.5003592592592593,0.0,0.014074074074074074,0.4996407407407407,0.5006549793400803,0.21002113224335447,0.0,
bp_fs200_legacy_abs,/home/test/bupt_hjk/sdp_dataset/xrf55/wifi/02_31_08.npy,1000,float64,0.0,0.5012148148148148,0.0,0.014607407407407407,0.49878518518518516,0.49961395460405983,0.2172172172172172,0.0,
bp_fs200_legacy_abs,/home/test/bupt_hjk/sdp_dataset/xrf55/wifi/02_31_09.npy,1000,float64,0.0,0.5023111111111112,0.0,0.013533333333333333,0.4976888888888889,0.4989669731938935,0.21157824491157826,0.0,
bp_fs200_legacy_abs,/home/test/bupt_hjk/sdp_dataset/xrf55/wifi/02_31_10.npy,1000,float64,0.0,0.49334814814814815,0.0,0.012296296296296296,0.5066518518518518,0.5068762793621806,0.19410521632743855,0.0,
bp_fs200_legacy_abs,/home/test/bupt_hjk/sdp_dataset/xrf55/wifi/02_31_11.npy,1000,float64,0.0,0.5055259259259259,0.0,0.012725925925925925,0.49447407407407407,0.4935064935064935,0.19029399770140512,0.0,
bp_fs200_legacy_abs,/home/test/bupt_hjk/sdp_dataset/xrf55/wifi/02_31_12.npy,1000,float64,0.0,0.5033148148148148,0.0,0.013948148148148149,0.4966851851851852,0.49657479030667534,0.19835390946502057,0.0,
bp_fs200_legacy_abs,/home/test/bupt_hjk/sdp_dataset/xrf55/wifi/02_31_13.npy,1000,float64,0.0,0.508337037037037,0.0,0.012096296296296296,0.49166296296296297,0.49071872507561964,0.18410262113965817,0.0,
bp_fs200_legacy_abs,/home/test/bupt_hjk/sdp_dataset/xrf55/wifi/02_31_14.npy,1000,float64,0.0,0.5027666666666667,0.0,0.012666666666666666,0.49723333333333336,0.49829622386038813,0.1837430022615208,0.0,
bp_fs200_legacy_abs,/home/test/bupt_hjk/sdp_dataset/xrf55/wifi/02_31_15.npy,1000,float64,0.0,0.49305925925925925,0.0,0.013222222222222222,0.5069407407407407,0.5088740529592679,0.19189930671412153,0.0,
bp_fs200_legacy_abs,/home/test/bupt_hjk/sdp_dataset/xrf55/wifi/02_31_16.npy,1000,float64,0.0,0.49784814814814815,0.0,0.012762962962962964,0.5021518518518518,0.5032196714437606,0.1813850887924962,0.0,
bp_fs200_legacy_abs,/home/test/bupt_hjk/sdp_dataset/xrf55/wifi/02_31_17.npy,1000,float64,0.0,0.4997814814814815,0.0,0.012429629629629629,0.5002185185185185,0.5023629983574734,0.18670522374226078,0.0,
bp_fs200_legacy_abs,/home/test/bupt_hjk/sdp_dataset/xrf55/wifi/02_31_18.npy,1000,float64,0.0,0.5000962962962963,0.0,0.012133333333333333,0.4999037037037037,0.5010593299365148,0.1791235680124569,0.0,
bp_fs200_legacy_abs,/home/test/bupt_hjk/sdp_dataset/xrf55/wifi/02_31_19.npy,1000,float64,0.0,0.5093037037037037,0.0,0.014888888888888889,0.4906962962962963,0.4885739765872822,0.20288807325844363,0.0,
bp_fs200_legacy_abs,/home/test/bupt_hjk/sdp_dataset/xrf55/wifi/02_31_20.npy,1000,float64,0.0,0.49698148148148147,0.0,0.01405925925925926,0.5030185185185185,0.5018635039910673,0.2098839580321062,0.0,
bp_fs200_legacy_abs,/home/test/bupt_hjk/sdp_dataset/xrf55/wifi/02_32_01.npy,1000,float64,0.0,0.4955925925925926,0.0,0.013614814814814814,0.5044074074074074,0.5054368626038407,0.2062062062062062,0.0,
bp_fs200_legacy_abs,/home/test/bupt_hjk/sdp_dataset/xrf55/wifi/02_32_02.npy,1000,float64,0.0,0.4991185185185185,0.0,0.014348148148148148,0.5008814814814815,0.5022216051096917,0.21207133058984912,0.0,
bp_fs200_legacy_abs,/home/test/bupt_hjk/sdp_dataset/xrf55/wifi/02_32_03.npy,1000,float64,0.0,0.49791851851851854,0.0,0.01405925925925926,0.5020814814814815,0.5025296505132651,0.20193526860193528,0.0,
bp_fs200_legacy_abs,/home/test/bupt_hjk/sdp_dataset/xrf55/wifi/02_32_04.npy,1000,float64,0.0,0.5013296296296297,0.0,0.013933333333333334,0.4986703703703704,0.4984633996062696,0.20270641011381751,0.0,
bp_fs200_legacy_abs,/home/test/bupt_hjk/sdp_dataset/xrf55/wifi/02_32_05.npy,1000,float64,0.0,0.49594444444444447,0.0,0.014525925925925927,0.5040555555555556,0.5035874422607839,0.20679568457346234,0.0,
bp_fs200_legacy_abs,/home/test/bupt_hjk/sdp_dataset/xrf55/wifi/02_32_06.npy,1000,float64,0.0,0.49457407407407405,0.0,0.013674074074074075,0.505425925925926,0.5072928679019905,0.20718125532940349,0.0,
bp_fs200_legacy_abs,/home/test/bupt_hjk/sdp_dataset/xrf55/wifi/02_32_07.npy,1000,float64,0.0,0.5001074074074074,0.0,0.014237037037037038,0.4998925925925926,0.49992685095225053,0.21414748081414747,0.0,
bp_fs200_legacy_abs,/home/test/bupt_hjk/sdp_dataset/xrf55/wifi/02_32_08.npy,1000,float64,0.0,0.49361481481481484,0.0,0.013866666666666666,0.5063851851851852,0.5079794002724674,0.21663515367219072,0.0,
bp_fs200_legacy_abs,/home/test/bupt_hjk/sdp_dataset/xrf55/wifi/02_32_09.npy,1000,float64,0.0,0.5025185185185185,0.0,0.01434074074074074,0.49748148148148147,0.49715357235091345,0.2066066066066066,0.0,
bp_fs200_legacy_abs,/home/test/bupt_hjk/sdp_dataset/xrf55/wifi/02_32_10.npy,1000,float64,0.0,0.4978740740740741,0.0,0.013925925925925927,0.502125925925926,0.5021915226220484,0.20891261632002373,0.0,
bp_fs200_legacy_abs,/home/test/bupt_hjk/sdp_dataset/xrf55/wifi/02_32_11.npy,1000,float64,0.0,0.49736296296296295,0.0,0.014429629629629629,0.502637037037037,0.5027323836116872,0.21670559448337226,0.0,
bp_fs200_legacy_abs,/home/test/bupt_hjk/sdp_dataset/xrf55/wifi/02_32_12.npy,1000,float64,0.0,0.5048703703703704,0.0,0.014333333333333333,0.49512962962962964,0.4962845149988559,0.20695881066251437,0.0,
bp_fs200_legacy_abs,/home/test/bupt_hjk/sdp_dataset/xrf55/wifi/02_32_13.npy,1000,float64,0.0,0.4998148148148148,0.0,0.013940740740740741,0.5001851851851852,0.5008678794436555,0.2045452860267675,0.0,
bp_fs200_legacy_abs,/home/test/bupt_hjk/sdp_dataset/xrf55/wifi/02_32_14.npy,1000,float64,0.0,0.49508148148148146,0.0,0.013888888888888888,0.5049185185185185,0.5058119677367293,0.21240499759018278,0.0,
bp_fs200_legacy_abs,/home/test/bupt_hjk/sdp_dataset/xrf55/wifi/02_32_15.npy,1000,float64,0.0,0.501774074074074,0.0,0.014525925925925927,0.4982259259259259,0.4983970453139354,0.20963185407629853,0.0,
bp_fs200_legacy_abs,/home/test/bupt_hjk/sdp_dataset/xrf55/wifi/02_32_16.npy,1000,float64,0.0,0.5025888888888889,0.0,0.013874074074074073,0.49741111111111114,0.4972658138654533,0.20261372483594706,0.0,
bp_fs200_legacy_abs,/home/test/bupt_hjk/sdp_dataset/xrf55/wifi/02_32_17.npy,1000,float64,0.0,0.5052555555555556,0.0,0.013792592592592592,0.49474444444444443,0.4953517762252448,0.21297964631297964,0.0,
bp_fs200_legacy_abs,/home/test/bupt_hjk/sdp_dataset/xrf55/wifi/02_32_18.npy,1000,float64,0.0,0.5027518518518519,0.0,0.015096296296296297,0.49724814814814816,0.49763324015970484,0.21526341155970785,0.0,
bp_fs200_legacy_abs,/home/test/bupt_hjk/sdp_dataset/xrf55/wifi/02_32_19.npy,1000,float64,0.0,0.49643333333333334,0.0,0.014066666666666667,0.5035666666666667,0.5043593517670206,0.20947614280947613,0.0,
bp_fs200_legacy_abs,/home/test/bupt_hjk/sdp_dataset/xrf55/wifi/02_32_20.npy,1000,float64,0.0,0.4981851851851852,0.0,0.01405925925925926,0.5018148148148148,0.503880299326665,0.20765209654098543,0.0,
bp_fs200_legacy_abs,/home/test/bupt_hjk/sdp_dataset/xrf55/wifi/02_33_01.npy,1000,float64,0.0,0.4985111111111111,0.0,0.013703703703703704,0.5014888888888889,0.5057359926243188,0.17829681533385236,0.0,
bp_fs200_legacy_abs,/home/test/bupt_hjk/sdp_dataset/xrf55/wifi/02_33_02.npy,1000,float64,0.0,0.5062814814814814,0.0,0.013725925925925926,0.4937185185185185,0.4906362092483707,0.19552515478441404,0.0,
bp_fs200_legacy_abs,/home/test/bupt_hjk/sdp_dataset/xrf55/wifi/02_33_03.npy,1000,float64,0.0,0.4884777777777778,0.0,0.01428888888888889,0.5115222222222222,0.5133131068920018,0.19797575353130908,0.0,
bp_fs200_legacy_abs,/home/test/bupt_hjk/sdp_dataset/xrf55/wifi/02_33_04.npy,1000,float64,0.0,0.4859925925925926,0.0,0.012748148148148147,0.5140074074074074,0.5177025933037932,0.19526192859526192,0.0,
bp_fs200_legacy_abs,/home/test/bupt_hjk/sdp_dataset/xrf55/wifi/02_33_05.npy,1000,float64,0.0,0.4980222222222222,0.0,0.013029629629629629,0.5019777777777777,0.5070823762110962,0.1915322730137545,0.0,
bp_fs200_legacy_abs,/home/test/bupt_hjk/sdp_dataset/xrf55/wifi/02_33_06.npy,1000,float64,0.0,0.49877037037037036,0.0,0.013962962962962963,0.5012296296296296,0.5015803624968567,0.19927705483261038,0.0,
bp_fs200_legacy_abs,/home/test/bupt_hjk/sdp_dataset/xrf55/wifi/02_33_07.npy,1000,float64,0.0,0.5025592592592593,0.0,0.013792592592592592,0.49744074074074074,0.4978837373353695,0.1939569198828458,0.0,
bp_fs200_legacy_abs,/home/test/bupt_hjk/sdp_dataset/xrf55/wifi/02_33_08.npy,1000,float64,0.0,0.5100111111111111,0.0,0.013822222222222222,0.48998888888888886,0.4928905344544613,0.19360100841582323,0.0,
bp_fs200_legacy_abs,/home/test/bupt_hjk/sdp_dataset/xrf55/wifi/02_33_09.npy,1000,float64,0.0,0.5004481481481482,0.0,0.013148148148148148,0.49955185185185186,0.5005217524744878,0.18329440551662773,0.0,
bp_fs200_legacy_abs,/home/test/bupt_hjk/sdp_dataset/xrf55/wifi/02_33_10.npy,1000,float64,0.0,0.4923962962962963,0.0,0.013955555555555556,0.5076037037037037,0.513203585246826,0.20030400771141513,0.0,
bp_fs200_legacy_abs,/home/test/bupt_hjk/sdp_dataset/xrf55/wifi/02_33_11.npy,1000,float64,0.0,0.49595185185185187,0.0,0.012666666666666666,0.5040481481481481,0.5065097713800562,0.18129240351462575,0.0,
bp_fs200_legacy_abs,/home/test/bupt_hjk/sdp_dataset/xrf55/wifi/02_33_12.npy,1000,float64,0.0,0.49778518518518516,0.0,0.014037037037037037,0.5022148148148148,0.5011041441052578,0.19642976309642976,0.0,
bp_fs200_legacy_abs,/home/test/bupt_hjk/sdp_dataset/xrf55/wifi/02_33_13.npy,1000,float64,0.0,0.4890185185185185,0.0,0.012851851851851852,0.5109814814814815,0.5084584790243676,0.18695362028695361,0.0,
bp_fs200_legacy_abs,/home/test/bupt_hjk/sdp_dataset/xrf55/wifi/02_33_14.npy,1000,float64,0.0,0.4953518518518519,0.0,0.012785185185185186,0.5046481481481482,0.5030520798431789,0.2038631223816409,0.0,
bp_fs200_legacy_abs,/home/test/bupt_hjk/sdp_dataset/xrf55/wifi/02_33_15.npy,1000,float64,0.0,0.5140814814814815,0.0,0.013125925925925926,0.4859185185185185,0.48385985955001837,0.19736032328624922,0.0,
bp_fs200_legacy_abs,/home/test/bupt_hjk/sdp_dataset/xrf55/wifi/02_33_16.npy,1000,float64,0.0,0.4907888888888889,0.0,0.01322962962962963,0.5092111111111111,0.5114110420073043,0.19308938568197828,0.0,
bp_fs200_legacy_abs,/home/test/bupt_hjk/sdp_dataset/xrf55/wifi/02_33_17.npy,1000,float64,0.0,0.5033814814814814,0.0,0.013792592592592592,0.4966185185185185,0.49636478219434965,0.19520261001742484,0.0,
bp_fs200_legacy_abs,/home/test/bupt_hjk/sdp_dataset/xrf55/wifi/02_33_18.npy,1000,float64,0.0,0.5104185185185185,0.0,0.013985185185185186,0.4895814814814815,0.4931449616241644,0.19647795944092242,0.0,
bp_fs200_legacy_abs,/home/test/bupt_hjk/sdp_dataset/xrf55/wifi/02_33_19.npy,1000,float64,0.0,0.5042814814814814,0.0,0.013562962962962962,0.4957185185185185,0.4949957740392154,0.19638527416305193,0.0,
bp_fs200_legacy_abs,/home/test/bupt_hjk/sdp_dataset/xrf55/wifi/02_33_20.npy,1000,float64,0.0,0.5056333333333334,0.0,0.012681481481481481,0.4943666666666667,0.49576731401864027,0.19100211322433544,0.0,
bp_fs200_legacy_abs,/home/test/bupt_hjk/sdp_dataset/xrf55/wifi/02_34_01.npy,1000,float64,0.0,0.48927037037037036,0.0,0.012429629629629629,0.5107296296296296,0.5129982143331046,0.18022096170244317,0.0,
bp_fs200_legacy_abs,/home/test/bupt_hjk/sdp_dataset/xrf55/wifi/02_34_02.npy,1000,float64,0.0,0.5114888888888889,0.0,0.012562962962962963,0.4885111111111111,0.4883524382026322,0.1781781781781782,0.0,
bp_fs200_legacy_abs,/home/test/bupt_hjk/sdp_dataset/xrf55/wifi/02_34_03.npy,1000,float64,0.0,0.5019259259259259,0.0,0.012585185185185185,0.49807407407407406,0.4994329136894635,0.18848478107737368,0.0,
bp_fs200_legacy_abs,/home/test/bupt_hjk/sdp_dataset/xrf55/wifi/02_34_04.npy,1000,float64,0.0,0.5020296296296296,0.0,0.012444444444444444,0.4979703703703704,0.49921048745299845,0.18101805509212918,0.0,
bp_fs200_legacy_abs,/home/test/bupt_hjk/sdp_dataset/xrf55/wifi/02_34_05.npy,1000,float64,0.0,0.5054703703703703,0.0,0.012985185185185185,0.49452962962962965,0.49485136899468296,0.1827049271493716,0.0,
bp_fs200_legacy_abs,/home/test/bupt_hjk/sdp_dataset/xrf55/wifi/02_34_06.npy,1000,float64,0.0,0.49755925925925926,0.0,0.012696296296296296,0.5024407407407407,0.5046132303966091,0.18607867126385644,0.0,
bp_fs200_legacy_abs,/home/test/bupt_hjk/sdp_dataset/xrf55/wifi/02_34_07.npy,1000,float64,0.0,0.5045962962962963,0.0,0.012392592592592592,0.4954037037037037,0.49557716900868626,0.1804434063693323,0.0,
bp_fs200_legacy_abs,/home/test/bupt_hjk/sdp_dataset/xrf55/wifi/02_34_08.npy,1000,float64,0.0,0.5091666666666667,0.0,0.012037037037037037,0.49083333333333334,0.4916368026239864,0.17182367552737923,0.0,
bp_fs200_legacy_abs,/home/test/bupt_hjk/sdp_dataset/xrf55/wifi/02_34_09.npy,1000,float64,0.0,0.4973185185185185,0.0,0.012918518518518518,0.5026814814814815,0.5025028073314174,0.18625662699736772,0.0,
bp_fs200_legacy_abs,/home/test/bupt_hjk/sdp_dataset/xrf55/wifi/02_34_10.npy,1000,float64,0.0,0.5043814814814814,0.0,0.012948148148148148,0.4956185185185185,0.4964455380602306,0.17830793756719682,0.0,
bp_fs200_legacy_abs,/home/test/bupt_hjk/sdp_dataset/xrf55/wifi/02_34_11.npy,1000,float64,0.0,0.4979777777777778,0.0,0.01294074074074074,0.5020222222222223,0.5040202342917998,0.18545953360768175,0.0,
bp_fs200_legacy_abs,/home/test/bupt_hjk/sdp_dataset/xrf55/wifi/02_34_12.npy,1000,float64,0.0,0.5010259259259259,0.0,0.011866666666666666,0.49897407407407407,0.5001062384750226,0.1761020279538798,0.0,
bp_fs200_legacy_abs,/home/test/bupt_hjk/sdp_dataset/xrf55/wifi/02_34_13.npy,1000,float64,0.0,0.5012555555555556,0.0,0.012659259259259259,0.49874444444444443,0.4987098689318171,0.18593408223037852,0.0,
bp_fs200_legacy_abs,/home/test/bupt_hjk/sdp_dataset/xrf55/wifi/02_34_14.npy,1000,float64,0.0,0.5049296296296296,0.0,0.011681481481481482,0.4950703703703704,0.49555771922351366,0.17801134467801136,0.0,
bp_fs200_legacy_abs,/home/test/bupt_hjk/sdp_dataset/xrf55/wifi/02_34_15.npy,1000,float64,0.0,0.4983740740740741,0.0,0.012333333333333333,0.5016259259259259,0.5027177309692547,0.18330923516108702,0.0,
bp_fs200_legacy_abs,/home/test/bupt_hjk/sdp_dataset/xrf55/wifi/02_34_16.npy,1000,float64,0.0,0.5040518518518519,0.0,0.01271111111111111,0.49594814814814814,0.4931825360280994,0.18650131613094575,0.0,
bp_fs200_legacy_abs,/home/test/bupt_hjk/sdp_dataset/xrf55/wifi/02_34_17.npy,1000,float64,0.0,0.5043407407407408,0.0,0.012866666666666667,0.49565925925925924,0.4945410541069425,0.1831275720164609,0.0,
bp_fs200_legacy_abs,/home/test/bupt_hjk/sdp_dataset/xrf55/wifi/02_34_18.npy,1000,float64,0.0,0.5049148148148148,0.0,0.011725925925925926,0.4950851851851852,0.49526570048309176,0.1669336002669336,0.0,
bp_fs200_legacy_abs,/home/test/bupt_hjk/sdp_dataset/xrf55/wifi/02_34_19.npy,1000,float64,0.0,0.5099555555555556,0.0,0.012274074074074074,0.49004444444444445,0.4886681509390877,0.18370963556148742,0.0,
bp_fs200_legacy_abs,/home/test/bupt_hjk/sdp_dataset/xrf55/wifi/02_34_20.npy,1000,float64,0.0,0.5027518518518519,0.0,0.01197037037037037,0.49724814814814816,0.4981527514880613,0.18057687316946577,0.0,
bp_fs200_legacy_abs,/home/test/bupt_hjk/sdp_dataset/xrf55/wifi/02_35_01.npy,1000,float64,0.0,0.500762962962963,0.0,0.011081481481481482,0.49923703703703703,0.5003479731499427,0.1500166833500167,0.0,
bp_fs200_legacy_abs,/home/test/bupt_hjk/sdp_dataset/xrf55/wifi/02_35_02.npy,1000,float64,0.0,0.4882851851851852,0.0,0.01071111111111111,0.5117148148148148,0.5136436717423649,0.15146998850702553,0.0,
bp_fs200_legacy_abs,/home/test/bupt_hjk/sdp_dataset/xrf55/wifi/02_35_03.npy,1000,float64,0.0,0.4936037037037037,0.0,0.01002962962962963,0.5063962962962963,0.5078381388812057,0.1460015571126682,0.0,
bp_fs200_legacy_abs,/home/test/bupt_hjk/sdp_dataset/xrf55/wifi/02_35_04.npy,1000,float64,0.0,0.4860148148148148,0.0,0.009814814814814814,0.5139851851851852,0.5160100041497033,0.14675045415786156,0.0,
bp_fs200_legacy_abs,/home/test/bupt_hjk/sdp_dataset/xrf55/wifi/02_35_05.npy,1000,float64,0.0,0.4845555555555556,0.0,0.009933333333333334,0.5154444444444445,0.5174207280058156,0.15409112816520223,0.0,
bp_fs200_legacy_abs,/home/test/bupt_hjk/sdp_dataset/xrf55/wifi/02_35_06.npy,1000,float64,0.0,0.5098296296296296,0.0,0.009837037037037036,0.49017037037037037,0.49001535523014117,0.14641307974641307,0.0,
bp_fs200_legacy_abs,/home/test/bupt_hjk/sdp_dataset/xrf55/wifi/02_35_07.npy,1000,float64,0.0,0.508,0.0,0.01014074074074074,0.492,0.49056667466842707,0.1413524635746858,0.0,
bp_fs200_legacy_abs,/home/test/bupt_hjk/sdp_dataset/xrf55/wifi/02_35_08.npy,1000,float64,0.0,0.4963444444444444,0.0,0.009303703703703703,0.5036555555555555,0.5042303088969681,0.1404738071404738,0.0,
bp_fs200_legacy_abs,/home/test/bupt_hjk/sdp_dataset/xrf55/wifi/02_35_09.npy,1000,float64,0.0,0.4972666666666667,0.0,0.009303703703703703,0.5027333333333334,0.5036935099218551,0.14077781485188892,0.0,
bp_fs200_legacy_abs,/home/test/bupt_hjk/sdp_dataset/xrf55/wifi/02_35_10.npy,1000,float64,0.0,0.4988037037037037,0.0,0.009837037037037036,0.5011962962962963,0.4993322619344032,0.14164534905275647,0.0,
bp_fs200_legacy_abs,/home/test/bupt_hjk/sdp_dataset/xrf55/wifi/02_35_11.npy,1000,float64,0.0,0.5011814814814815,0.0,0.010703703703703703,0.4988185185185185,0.49873505275938934,0.15724984243502763,0.0,
bp_fs200_legacy_abs,/home/test/bupt_hjk/sdp_dataset/xrf55/wifi/02_35_12.npy,1000,float64,0.0,0.49552962962962965,0.0,0.009725925925925926,0.5044703703703703,0.5048292469515729,0.1382308234160086,0.0,
bp_fs200_legacy_abs,/home/test/bupt_hjk/sdp_dataset/xrf55/wifi/02_35_13.npy,1000,float64,0.0,0.49925925925925924,0.0,0.010192592592592593,0.5007407407407407,0.501389540007876,0.14865977088199311,0.0,
bp_fs200_legacy_abs,/home/test/bupt_hjk/sdp_dataset/xrf55/wifi/02_35_14.npy,1000,float64,0.0,0.5068111111111111,0.0,0.008985185185185185,0.4931888888888889,0.49421766417569923,0.14028102176250323,0.0,
bp_fs200_legacy_abs,/home/test/bupt_hjk/sdp_dataset/xrf55/wifi/02_35_15.npy,1000,float64,0.0,0.49291851851851853,0.0,0.009488888888888889,0.5070814814814815,0.5098344751637831,0.1418158899640381,0.0,
bp_fs200_legacy_abs,/home/test/bupt_hjk/sdp_dataset/xrf55/wifi/02_35_16.npy,1000,float64,0.0,0.49524814814814816,0.0,0.008837037037037037,0.5047518518518519,0.5059854222382033,0.13254365476587698,0.0,
bp_fs200_legacy_abs,/home/test/bupt_hjk/sdp_dataset/xrf55/wifi/02_35_17.npy,1000,float64,0.0,0.5039370370370371,0.0,0.008948148148148148,0.496062962962963,0.4955341286784087,0.13248062877692507,0.0,
bp_fs200_legacy_abs,/home/test/bupt_hjk/sdp_dataset/xrf55/wifi/02_35_18.npy,1000,float64,0.0,0.5042148148148148,0.0,0.00988148148148148,0.49578518518518516,0.49621377848079967,0.14262410558706856,0.0,
bp_fs200_legacy_abs,/home/test/bupt_hjk/sdp_dataset/xrf55/wifi/02_35_19.npy,1000,float64,0.0,0.482,0.0,0.009444444444444445,0.518,0.5204514723557693,0.1363252141029919,0.0,
bp_fs200_legacy_abs,/home/test/bupt_hjk/sdp_dataset/xrf55/wifi/02_35_20.npy,1000,float64,0.0,0.5080370370370371,0.0,0.009859259259259259,0.49196296296296294,0.4919059014155296,0.14314314314314314,0.0,
bp_fs200_legacy_abs,/home/test/bupt_hjk/sdp_dataset/xrf55/wifi/02_36_01.npy,1000,float64,0.0,0.5077296296296296,0.0,0.010518518518518519,0.49227037037037036,0.4928983021449633,0.1560820079338598,0.0,
bp_fs200_legacy_abs,/home/test/bupt_hjk/sdp_dataset/xrf55/wifi/02_36_02.npy,1000,float64,0.0,0.5229037037037036,0.0,0.010585185185185185,0.4770962962962963,0.4731191950464396,0.1636302969636303,0.0,
bp_fs200_legacy_abs,/home/test/bupt_hjk/sdp_dataset/xrf55/wifi/02_36_03.npy,1000,float64,0.0,0.5046,0.0,0.010451851851851851,0.4954,0.49530825931408834,0.15992659325992659,0.0,
bp_fs200_legacy_abs,/home/test/bupt_hjk/sdp_dataset/xrf55/wifi/02_36_04.npy,1000,float64,0.0,0.5012111111111112,0.0,0.011518518518518518,0.4987888888888889,0.5013879974946452,0.15808400993586177,0.0,
bp_fs200_legacy_abs,/home/test/bupt_hjk/sdp_dataset/xrf55/wifi/02_36_05.npy,1000,float64,0.0,0.5102444444444444,0.0,0.010755555555555556,0.48975555555555556,0.4872507235344804,0.15828421013606198,0.0,
bp_fs200_legacy_abs,/home/test/bupt_hjk/sdp_dataset/xrf55/wifi/02_36_06.npy,1000,float64,0.0,0.49473703703703703,0.0,0.011,0.5052629629629629,0.5077704434142939,0.1571089608126645,0.0,
bp_fs200_legacy_abs,/home/test/bupt_hjk/sdp_dataset/xrf55/wifi/02_36_07.npy,1000,float64,0.0,0.4874962962962963,0.0,0.011488888888888889,0.5125037037037037,0.5160671124639112,0.1664330997664331,0.0,
bp_fs200_legacy_abs,/home/test/bupt_hjk/sdp_dataset/xrf55/wifi/02_36_08.npy,1000,float64,0.0,0.49141851851851853,0.0,0.009577777777777777,0.5085814814814815,0.5104886705309817,0.14470767063359655,0.0,
bp_fs200_legacy_abs,/home/test/bupt_hjk/sdp_dataset/xrf55/wifi/02_36_09.npy,1000,float64,0.0,0.4895703703703704,0.0,0.011325925925925927,0.5104296296296297,0.5138549068730172,0.1655692729766804,0.0,
bp_fs200_legacy_abs,/home/test/bupt_hjk/sdp_dataset/xrf55/wifi/02_36_10.npy,1000,float64,0.0,0.496337037037037,0.0,0.010014814814814815,0.503662962962963,0.5059175001534024,0.15952248544841138,0.0,
bp_fs200_legacy_abs,/home/test/bupt_hjk/sdp_dataset/xrf55/wifi/02_36_11.npy,1000,float64,0.0,0.5052555555555556,0.0,0.01225925925925926,0.49474444444444443,0.49602864810909275,0.17568679790902014,0.0,
bp_fs200_legacy_abs,/home/test/bupt_hjk/sdp_dataset/xrf55/wifi/02_36_12.npy,1000,float64,0.0,0.4905703703703704,0.0,0.011725925925925926,0.5094296296296297,0.512276298559581,0.1780224669113558,0.0,
bp_fs200_legacy_abs,/home/test/bupt_hjk/sdp_dataset/xrf55/wifi/02_36_13.npy,1000,float64,0.0,0.5050518518518519,0.0,0.01234074074074074,0.49494814814814814,0.4948354486017252,0.1906499091684277,0.0,
bp_fs200_legacy_abs,/home/test/bupt_hjk/sdp_dataset/xrf55/wifi/02_36_14.npy,1000,float64,0.0,0.4936,0.0,0.012148148148148148,0.5064,0.5076725994167189,0.17710673636599564,0.0,
bp_fs200_legacy_abs,/home/test/bupt_hjk/sdp_dataset/xrf55/wifi/02_36_15.npy,1000,float64,0.0,0.505137037037037,0.0,0.012007407407407408,0.49486296296296295,0.49727755669970497,0.17305453601749898,0.0,
bp_fs200_legacy_abs,/home/test/bupt_hjk/sdp_dataset/xrf55/wifi/02_36_16.npy,1000,float64,0.0,0.4922074074074074,0.0,0.010281481481481482,0.5077925925925926,0.5132106946280864,0.14464093723352983,0.0,
bp_fs200_legacy_abs,/home/test/bupt_hjk/sdp_dataset/xrf55/wifi/02_36_17.npy,1000,float64,0.0,0.49142592592592593,0.0,0.01177037037037037,0.5085740740740741,0.5115291683714036,0.16545434323212102,0.0,
bp_fs200_legacy_abs,/home/test/bupt_hjk/sdp_dataset/xrf55/wifi/02_36_18.npy,1000,float64,0.0,0.4904925925925926,0.0,0.011518518518518518,0.5095074074074074,0.5108599770961652,0.15105105105105104,0.0,
bp_fs200_legacy_abs,/home/test/bupt_hjk/sdp_dataset/xrf55/wifi/02_36_19.npy,1000,float64,0.0,0.4926037037037037,0.0,0.010659259259259259,0.5073962962962963,0.5111561554644432,0.15604864123382642,0.0,
bp_fs200_legacy_abs,/home/test/bupt_hjk/sdp_dataset/xrf55/wifi/02_36_20.npy,1000,float64,0.0,0.4732777777777778,0.0,0.010874074074074074,0.5267222222222222,0.5322286744480252,0.15655655655655656,0.0,
bp_fs200_legacy_abs,/home/test/bupt_hjk/sdp_dataset/xrf55/wifi/02_37_01.npy,1000,float64,0.0,0.5007851851851852,0.0,0.011288888888888888,0.49921481481481483,0.4991067795624964,0.16249953657361066,0.0,
bp_fs200_legacy_abs,/home/test/bupt_hjk/sdp_dataset/xrf55/wifi/02_37_02.npy,1000,float64,0.0,0.4951185185185185,0.0,0.011622222222222223,0.5048814814814815,0.5078767681946355,0.17242427612797984,0.0,
bp_fs200_legacy_abs,/home/test/bupt_hjk/sdp_dataset/xrf55/wifi/02_37_03.npy,1000,float64,0.0,0.5086111111111111,0.0,0.013066666666666667,0.4913888888888889,0.4936833289426604,0.179142105068031,0.0,
bp_fs200_legacy_abs,/home/test/bupt_hjk/sdp_dataset/xrf55/wifi/02_37_04.npy,1000,float64,0.0,0.4886888888888889,0.0,0.011355555555555556,0.5113111111111112,0.5129350002706067,0.16582879175471768,0.0,
bp_fs200_legacy_abs,/home/test/bupt_hjk/sdp_dataset/xrf55/wifi/02_37_05.npy,1000,float64,0.0,0.4845777777777778,0.0,0.011614814814814816,0.5154222222222222,0.5195473773430879,0.15803210618025432,0.0,
bp_fs200_legacy_abs,/home/test/bupt_hjk/sdp_dataset/xrf55/wifi/02_37_06.npy,1000,float64,0.0,0.5048666666666667,0.0,0.011503703703703703,0.4951333333333333,0.4961205464459515,0.167293219145071,0.0,
bp_fs200_legacy_abs,/home/test/bupt_hjk/sdp_dataset/xrf55/wifi/02_37_07.npy,1000,float64,0.0,0.5018518518518519,0.0,0.011696296296296297,0.4981481481481482,0.4984883993438013,0.16812367923479035,0.0,
bp_fs200_legacy_abs,/home/test/bupt_hjk/sdp_dataset/xrf55/wifi/02_37_08.npy,1000,float64,0.0,0.5015296296296297,0.0,0.011525925925925926,0.4984703703703704,0.4986541390580142,0.1669336002669336,0.0,
bp_fs200_legacy_abs,/home/test/bupt_hjk/sdp_dataset/xrf55/wifi/02_37_09.npy,1000,float64,0.0,0.48898888888888886,0.0,0.010288888888888889,0.5110111111111111,0.5155373631009108,0.16315945575204835,0.0,
bp_fs200_legacy_abs,/home/test/bupt_hjk/sdp_dataset/xrf55/wifi/02_37_10.npy,1000,float64,0.0,0.49591111111111114,0.0,0.012533333333333334,0.5040888888888889,0.5075392641427345,0.17789270752233716,0.0,
bp_fs200_legacy_abs,/home/test/bupt_hjk/sdp_dataset/xrf55/wifi/02_37_11.npy,1000,float64,0.0,0.4990148148148148,0.0,0.011051851851851853,0.5009851851851852,0.5008237803047217,0.1649946242538835,0.0,
bp_fs200_legacy_abs,/home/test/bupt_hjk/sdp_dataset/xrf55/wifi/02_37_12.npy,1000,float64,0.0,0.5081481481481481,0.0,0.011266666666666666,0.4918518518518519,0.4902289439535315,0.16813109405701998,0.0,
bp_fs200_legacy_abs,/home/test/bupt_hjk/sdp_dataset/xrf55/wifi/02_37_13.npy,1000,float64,0.0,0.49253703703703705,0.0,0.012,0.507462962962963,0.5092323208813375,0.16633670707744783,0.0,
bp_fs200_legacy_abs,/home/test/bupt_hjk/sdp_dataset/xrf55/wifi/02_37_14.npy,1000,float64,0.0,0.49965925925925925,0.0,0.012874074074074074,0.5003407407407408,0.4996520368341119,0.17850443035628222,0.0,
bp_fs200_legacy_abs,/home/test/bupt_hjk/sdp_dataset/xrf55/wifi/02_37_15.npy,1000,float64,0.0,0.49043333333333333,0.0,0.011837037037037037,0.5095666666666666,0.5161360969886586,0.16654802951099248,0.0,
bp_fs200_legacy_abs,/home/test/bupt_hjk/sdp_dataset/xrf55/wifi/02_37_16.npy,1000,float64,0.0,0.4970037037037037,0.0,0.011533333333333333,0.5029962962962963,0.5079615483249276,0.17925703481259037,0.0,
bp_fs200_legacy_abs,/home/test/bupt_hjk/sdp_dataset/xrf55/wifi/02_37_17.npy,1000,float64,0.0,0.49675555555555556,0.0,0.012362962962962963,0.5032444444444445,0.5075548517556832,0.16507989470952433,0.0,
bp_fs200_legacy_abs,/home/test/bupt_hjk/sdp_dataset/xrf55/wifi/02_37_18.npy,1000,float64,0.0,0.5160111111111111,0.0,0.011792592592592592,0.4839888888888889,0.48258814329019245,0.15479553627701775,0.0,
bp_fs200_legacy_abs,/home/test/bupt_hjk/sdp_dataset/xrf55/wifi/02_37_19.npy,1000,float64,0.0,0.5000814814814815,0.0,0.011355555555555556,0.49991851851851854,0.504599924788419,0.1460386312238164,0.0,
bp_fs200_legacy_abs,/home/test/bupt_hjk/sdp_dataset/xrf55/wifi/02_37_20.npy,1000,float64,0.0,0.4990925925925926,0.0,0.010718518518518518,0.5009074074074074,0.5054057081496989,0.15393170948726503,0.0,
bp_fs200_legacy_abs,/home/test/bupt_hjk/sdp_dataset/xrf55/wifi/02_38_01.npy,1000,float64,0.0,0.49913703703703705,0.0,0.011911111111111112,0.500862962962963,0.5016482998963926,0.1715975234493753,0.0,
bp_fs200_legacy_abs,/home/test/bupt_hjk/sdp_dataset/xrf55/wifi/02_38_02.npy,1000,float64,0.0,0.4884074074074074,0.0,0.011614814814814816,0.5115925925925926,0.5140428551477887,0.16790864939013087,0.0,
bp_fs200_legacy_abs,/home/test/bupt_hjk/sdp_dataset/xrf55/wifi/02_38_03.npy,1000,float64,0.0,0.4993518518518518,0.0,0.011777777777777778,0.5006481481481482,0.501245576413569,0.1702406109813517,0.0,
bp_fs200_legacy_abs,/home/test/bupt_hjk/sdp_dataset/xrf55/wifi/02_38_04.npy,1000,float64,0.0,0.5050111111111111,0.0,0.012851851851851852,0.49498888888888887,0.4952727742170651,0.18057687316946577,0.0,
bp_fs200_legacy_abs,/home/test/bupt_hjk/sdp_dataset/xrf55/wifi/02_38_05.npy,1000,float64,0.0,0.5030592592592592,0.0,0.01011111111111111,0.49694074074074074,0.49552237684187583,0.1479145812479146,0.0,
bp_fs200_legacy_abs,/home/test/bupt_hjk/sdp_dataset/xrf55/wifi/02_38_06.npy,1000,float64,0.0,0.4911333333333333,0.0,0.010466666666666668,0.5088666666666667,0.5124737498916063,0.14994994994994995,0.0,
bp_fs200_legacy_abs,/home/test/bupt_hjk/sdp_dataset/xrf55/wifi/02_38_07.npy,1000,float64,0.0,0.5139222222222222,0.0,0.011666666666666667,0.4860777777777778,0.4850286093124348,0.15679012345679014,0.0,
bp_fs200_legacy_abs,/home/test/bupt_hjk/sdp_dataset/xrf55/wifi/02_38_08.npy,1000,float64,0.0,0.5101222222222223,0.0,0.012296296296296296,0.4898777777777778,0.4884893205947216,0.19224038853668482,0.0,
bp_fs200_legacy_abs,/home/test/bupt_hjk/sdp_dataset/xrf55/wifi/02_38_09.npy,1000,float64,0.0,0.48991851851851853,0.0,0.01188148148148148,0.5100814814814815,0.510677348430091,0.17428910391873356,0.0,
bp_fs200_legacy_abs,/home/test/bupt_hjk/sdp_dataset/xrf55/wifi/02_38_10.npy,1000,float64,0.0,0.4935111111111111,0.0,0.012192592592592593,0.5064888888888889,0.5068764502801517,0.17321024728432136,0.0,
bp_fs200_legacy_abs,/home/test/bupt_hjk/sdp_dataset/xrf55/wifi/02_38_11.npy,1000,float64,0.0,0.5075925925925926,0.0,0.010696296296296296,0.4924074074074074,0.49239376130198914,0.1569458347236125,0.0,
bp_fs200_legacy_abs,/home/test/bupt_hjk/sdp_dataset/xrf55/wifi/02_38_12.npy,1000,float64,0.0,0.4990925925925926,0.0,0.01117037037037037,0.5009074074074074,0.5037520563071353,0.1528231935639343,0.0,
bp_fs200_legacy_abs,/home/test/bupt_hjk/sdp_dataset/xrf55/wifi/02_38_13.npy,1000,float64,0.0,0.4966333333333333,0.0,0.011392592592592593,0.5033666666666666,0.5038919016766855,0.1731583435287139,0.0,
bp_fs200_legacy_abs,/home/test/bupt_hjk/sdp_dataset/xrf55/wifi/02_38_14.npy,1000,float64,0.0,0.4950851851851852,0.0,0.013103703703703704,0.5049148148148148,0.5057578563175735,0.19106513921328735,0.0,
bp_fs200_legacy_abs,/home/test/bupt_hjk/sdp_dataset/xrf55/wifi/02_38_15.npy,1000,float64,0.0,0.5108777777777778,0.0,0.011533333333333333,0.48912222222222224,0.4872812214873342,0.1714566418270122,0.0,
bp_fs200_legacy_abs,/home/test/bupt_hjk/sdp_dataset/xrf55/wifi/02_38_16.npy,1000,float64,0.0,0.5015296296296297,0.0,0.013888888888888888,0.4984703703703704,0.49843337762261725,0.19535090646201758,0.0,
bp_fs200_legacy_abs,/home/test/bupt_hjk/sdp_dataset/xrf55/wifi/02_38_17.npy,1000,float64,0.0,0.49755185185185186,0.0,0.012355555555555555,0.5024481481481482,0.5053861943135168,0.18263819374930487,0.0,
bp_fs200_legacy_abs,/home/test/bupt_hjk/sdp_dataset/xrf55/wifi/02_38_18.npy,1000,float64,0.0,0.49376296296296296,0.0,0.011562962962962962,0.506237037037037,0.5077899269163221,0.17236495755014272,0.0,
bp_fs200_legacy_abs,/home/test/bupt_hjk/sdp_dataset/xrf55/wifi/02_38_19.npy,1000,float64,0.0,0.4928444444444444,0.0,0.011251851851851851,0.5071555555555556,0.5097622013319149,0.17769992214436658,0.0,
bp_fs200_legacy_abs,/home/test/bupt_hjk/sdp_dataset/xrf55/wifi/02_38_20.npy,1000,float64,0.0,0.49814444444444445,0.0,0.010518518518518519,0.5018555555555556,0.5003146514528607,0.1551292032773514,0.0,
bp_fs200_legacy_abs,/home/test/bupt_hjk/sdp_dataset/xrf55/wifi/02_39_01.npy,1000,float64,0.0,0.5020111111111111,0.0,0.008837037037037037,0.49798888888888887,0.49845815731738385,0.13933933933933934,0.0,
bp_fs200_legacy_abs,/home/test/bupt_hjk/sdp_dataset/xrf55/wifi/02_39_02.npy,1000,float64,0.0,0.4940962962962963,0.0,0.009370370370370371,0.5059037037037037,0.5059160022638443,0.14768472175879582,0.0,
bp_fs200_legacy_abs,/home/test/bupt_hjk/sdp_dataset/xrf55/wifi/02_39_03.npy,1000,float64,0.0,0.5031148148148148,0.0,0.007837037037037036,0.4968851851851852,0.49786091802583554,0.135587439291143,0.0,
bp_fs200_legacy_abs,/home/test/bupt_hjk/sdp_dataset/xrf55/wifi/02_39_04.npy,1000,float64,0.0,0.4930888888888889,0.0,0.006511111111111111,0.5069111111111111,0.5095756453397773,0.11949356764171579,0.0,
bp_fs200_legacy_abs,/home/test/bupt_hjk/sdp_dataset/xrf55/wifi/02_39_05.npy,1000,float64,0.0,0.5054518518518518,0.0,0.007244444444444445,0.4945481481481481,0.4953103862918984,0.13387090794498202,0.0,
bp_fs200_legacy_abs,/home/test/bupt_hjk/sdp_dataset/xrf55/wifi/02_39_06.npy,1000,float64,0.0,0.4925185185185185,0.0,0.009422222222222222,0.5074814814814815,0.511083224046187,0.15765395024654283,0.0,
bp_fs200_legacy_abs,/home/test/bupt_hjk/sdp_dataset/xrf55/wifi/02_39_07.npy,1000,float64,0.0,0.5059851851851852,0.0,0.010081481481481481,0.4940148148148148,0.49480596655659276,0.160163867571275,0.0,
bp_fs200_legacy_abs,/home/test/bupt_hjk/sdp_dataset/xrf55/wifi/02_39_08.npy,1000,float64,0.0,0.49705925925925926,0.0,0.009340740740740741,0.5029407407407407,0.5039851111556634,0.15306046787528269,0.0,
bp_fs200_legacy_abs,/home/test/bupt_hjk/sdp_dataset/xrf55/wifi/02_39_09.npy,1000,float64,0.0,0.4978,0.0,0.00837037037037037,0.5022,0.5011031930152555,0.1490193897601305,0.0,
bp_fs200_legacy_abs,/home/test/bupt_hjk/sdp_dataset/xrf55/wifi/02_39_10.npy,1000,float64,0.0,0.4922,0.0,0.007688888888888889,0.5078,0.5117363788022652,0.13769695621547473,0.0,
bp_fs200_legacy_abs,/home/test/bupt_hjk/sdp_dataset/xrf55/wifi/02_39_11.npy,1000,float64,0.0,0.4945777777777778,0.0,0.011592592592592592,0.5054222222222222,0.5072598120002442,0.1749416082749416,0.0,
bp_fs200_legacy_abs,/home/test/bupt_hjk/sdp_dataset/xrf55/wifi/02_39_12.npy,1000,float64,0.0,0.4839185185185185,0.0,0.009044444444444445,0.5160814814814815,0.5211115381834373,0.15479924368813258,0.0,
bp_fs200_legacy_abs,/home/test/bupt_hjk/sdp_dataset/xrf55/wifi/02_39_13.npy,1000,float64,0.0,0.48966666666666664,0.0,0.008044444444444444,0.5103333333333333,0.5116698566046908,0.147517888258629,0.0,
bp_fs200_legacy_abs,/home/test/bupt_hjk/sdp_dataset/xrf55/wifi/02_39_14.npy,1000,float64,0.0,0.4934925925925926,0.0,0.008770370370370371,0.5065074074074074,0.5095866967544563,0.15062840618396173,0.0,
bp_fs200_legacy_abs,/home/test/bupt_hjk/sdp_dataset/xrf55/wifi/02_39_15.npy,1000,float64,0.0,0.4964148148148148,0.0,0.008592592592592593,0.5035851851851851,0.5052112526700095,0.14346568791013237,0.0,
bp_fs200_legacy_abs,/home/test/bupt_hjk/sdp_dataset/xrf55/wifi/02_39_16.npy,1000,float64,0.0,0.4938518518518519,0.0,0.009222222222222222,0.5061481481481481,0.5087585104852207,0.14659103547992436,0.0,
bp_fs200_legacy_abs,/home/test/bupt_hjk/sdp_dataset/xrf55/wifi/02_39_17.npy,1000,float64,0.0,0.4971555555555556,0.0,0.007985185185185185,0.5028444444444444,0.5029334811782531,0.14778852927001074,0.0,
bp_fs200_legacy_abs,/home/test/bupt_hjk/sdp_dataset/xrf55/wifi/02_39_18.npy,1000,float64,0.0,0.49415185185185184,0.0,0.008096296296296296,0.5058481481481482,0.5081972198253744,0.14416268119971823,0.0,
bp_fs200_legacy_abs,/home/test/bupt_hjk/sdp_dataset/xrf55/wifi/02_39_19.npy,1000,float64,0.0,0.4946,0.0,0.008888888888888889,0.5054,0.5066621798410453,0.14333222110999888,0.0,
bp_fs200_legacy_abs,/home/test/bupt_hjk/sdp_dataset/xrf55/wifi/02_39_20.npy,1000,float64,0.0,0.49284074074074075,0.0,0.00931851851851852,0.5071592592592593,0.5107094842336837,0.15972268564861158,0.0,
bp_fs200_legacy_abs,/home/test/bupt_hjk/sdp_dataset/xrf55/wifi/02_40_01.npy,1000,float64,0.0,0.49474444444444443,0.0,0.012274074074074074,0.5052555555555556,0.5044571255237265,0.18463278092907723,0.0,
bp_fs200_legacy_abs,/home/test/bupt_hjk/sdp_dataset/xrf55/wifi/02_40_02.npy,1000,float64,0.0,0.4954777777777778,0.0,0.0096,0.5045222222222222,0.5091392224648229,0.12663404144885626,0.0,
bp_fs200_legacy_abs,/home/test/bupt_hjk/sdp_dataset/xrf55/wifi/02_40_03.npy,1000,float64,0.0,0.4923296296296296,0.0,0.0102,0.5076703703703703,0.5106217252371887,0.13877952026100174,0.0,
bp_fs200_legacy_abs,/home/test/bupt_hjk/sdp_dataset/xrf55/wifi/02_40_04.npy,1000,float64,0.0,0.4954925925925926,0.0,0.009274074074074073,0.5045074074074074,0.5058897921628468,0.13706669632595558,0.0,
bp_fs200_legacy_abs,/home/test/bupt_hjk/sdp_dataset/xrf55/wifi/02_40_05.npy,1000,float64,0.0,0.5039370370370371,0.0,0.010214814814814815,0.496062962962963,0.49699330066231223,0.14579023467912358,0.0,
bp_fs200_legacy_abs,/home/test/bupt_hjk/sdp_dataset/xrf55/wifi/02_40_06.npy,1000,float64,0.0,0.4860703703703704,0.0,0.011888888888888888,0.5139296296296296,0.5165355819405582,0.15635635635635636,0.0,
bp_fs200_legacy_abs,/home/test/bupt_hjk/sdp_dataset/xrf55/wifi/02_40_07.npy,1000,float64,0.0,0.49557407407407406,0.0,0.010644444444444444,0.5044259259259259,0.5071790061350622,0.13938753568383197,0.0,
bp_fs200_legacy_abs,/home/test/bupt_hjk/sdp_dataset/xrf55/wifi/02_40_08.npy,1000,float64,0.0,0.5060518518518519,0.0,0.010844444444444445,0.49394814814814814,0.49141136143281394,0.1451191932673414,0.0,
bp_fs200_legacy_abs,/home/test/bupt_hjk/sdp_dataset/xrf55/wifi/02_40_09.npy,1000,float64,0.0,0.4938037037037037,0.0,0.011081481481481482,0.5061962962962963,0.5092090516997407,0.1551662773884996,0.0,
bp_fs200_legacy_abs,/home/test/bupt_hjk/sdp_dataset/xrf55/wifi/02_40_10.npy,1000,float64,0.0,0.4846037037037037,0.0,0.010977777777777777,0.5153962962962962,0.515968296740104,0.16259592926259592,0.0,
bp_fs200_legacy_abs,/home/test/bupt_hjk/sdp_dataset/xrf55/wifi/02_40_11.npy,1000,float64,0.0,0.5059518518518519,0.0,0.009911111111111112,0.4940481481481481,0.4958119080093245,0.14350646943239537,0.0,
bp_fs200_legacy_abs,/home/test/bupt_hjk/sdp_dataset/xrf55/wifi/02_40_12.npy,1000,float64,0.0,0.4939777777777778,0.0,0.010355555555555555,0.5060222222222223,0.5081360807153561,0.14166759351944538,0.0,
bp_fs200_legacy_abs,/home/test/bupt_hjk/sdp_dataset/xrf55/wifi/02_40_13.npy,1000,float64,0.0,0.4830185185185185,0.0,0.010451851851851851,0.5169814814814815,0.5217152510529984,0.13846439031624216,0.0,
bp_fs200_legacy_abs,/home/test/bupt_hjk/sdp_dataset/xrf55/wifi/02_40_14.npy,1000,float64,0.0,0.4925222222222222,0.0,0.011622222222222223,0.5074777777777778,0.5109269340164629,0.1527193860527194,0.0,
bp_fs200_legacy_abs,/home/test/bupt_hjk/sdp_dataset/xrf55/wifi/02_40_15.npy,1000,float64,0.0,0.47642962962962965,0.0,0.011437037037037037,0.5235703703703704,0.5255776904349647,0.1533644755866978,0.0,
bp_fs200_legacy_abs,/home/test/bupt_hjk/sdp_dataset/xrf55/wifi/02_40_16.npy,1000,float64,0.0,0.4931259259259259,0.0,0.011577777777777777,0.506874074074074,0.5093057337899509,0.1519408297186075,0.0,
bp_fs200_legacy_abs,/home/test/bupt_hjk/sdp_dataset/xrf55/wifi/02_40_17.npy,1000,float64,0.0,0.4910037037037037,0.0,0.010511111111111112,0.5089962962962963,0.5080987001710001,0.14140065991917844,0.0,
bp_fs200_legacy_abs,/home/test/bupt_hjk/sdp_dataset/xrf55/wifi/02_40_18.npy,1000,float64,0.0,0.49962962962962965,0.0,0.010651851851851852,0.5003703703703704,0.5014148980441115,0.15252660067474882,0.0,
bp_fs200_legacy_abs,/home/test/bupt_hjk/sdp_dataset/xrf55/wifi/02_40_19.npy,1000,float64,0.0,0.48894444444444446,0.0,0.011651851851851852,0.5110555555555556,0.5127250367232603,0.16497979460942425,0.0,
bp_fs200_legacy_abs,/home/test/bupt_hjk/sdp_dataset/xrf55/wifi/02_40_20.npy,1000,float64,0.0,0.4946037037037037,0.0,0.01014074074074074,0.5053962962962963,0.5028008322472963,0.1516776035294554,0.0,
bp_fs200_legacy_abs,/home/test/bupt_hjk/sdp_dataset/xrf55/wifi/02_41_01.npy,1000,float64,0.0,0.49932592592592595,0.0,0.013118518518518519,0.500674074074074,0.5019010122467975,0.19260742223705188,0.0,
bp_fs200_legacy_abs,/home/test/bupt_hjk/sdp_dataset/xrf55/wifi/02_41_02.npy,1000,float64,0.0,0.49891111111111114,0.0,0.014896296296296296,0.5010888888888889,0.5015870752791451,0.2073443814184555,0.0,
bp_fs200_legacy_abs,/home/test/bupt_hjk/sdp_dataset/xrf55/wifi/02_41_03.npy,1000,float64,0.0,0.49994074074074074,0.0,0.01362962962962963,0.5000592592592593,0.5006746066047557,0.20408185963741518,0.0,
bp_fs200_legacy_abs,/home/test/bupt_hjk/sdp_dataset/xrf55/wifi/02_41_04.npy,1000,float64,0.0,0.5074111111111111,0.0,0.0136,0.4925888888888889,0.49255082568255926,0.2039001964927891,0.0,
bp_fs200_legacy_abs,/home/test/bupt_hjk/sdp_dataset/xrf55/wifi/02_41_05.npy,1000,float64,0.0,0.499437037037037,0.0,0.014118518518518518,0.500562962962963,0.4998650219339357,0.2121491862232603,0.0,
bp_fs200_legacy_abs,/home/test/bupt_hjk/sdp_dataset/xrf55/wifi/02_41_06.npy,1000,float64,0.0,0.5083333333333333,0.0,0.014333333333333333,0.49166666666666664,0.4920064848798721,0.20721462202943686,0.0,
bp_fs200_legacy_abs,/home/test/bupt_hjk/sdp_dataset/xrf55/wifi/02_41_07.npy,1000,float64,0.0,0.5042333333333333,0.0,0.01377037037037037,0.4957666666666667,0.4967269507935972,0.2088273458643829,0.0,
bp_fs200_legacy_abs,/home/test/bupt_hjk/sdp_dataset/xrf55/wifi/02_41_08.npy,1000,float64,0.0,0.4952185185185185,0.0,0.013859259259259259,0.5047814814814815,0.5062856071964018,0.19804990175360546,0.0,
bp_fs200_legacy_abs,/home/test/bupt_hjk/sdp_dataset/xrf55/wifi/02_41_09.npy,1000,float64,0.0,0.5026,0.0,0.013162962962962963,0.4974,0.49799306661669634,0.19547325102880658,0.0,
bp_fs200_legacy_abs,/home/test/bupt_hjk/sdp_dataset/xrf55/wifi/02_41_10.npy,1000,float64,0.0,0.4978037037037037,0.0,0.013577777777777777,0.5021962962962963,0.5033960312164989,0.20207615022429837,0.0,
bp_fs200_legacy_abs,/home/test/bupt_hjk/sdp_dataset/xrf55/wifi/02_41_11.npy,1000,float64,0.0,0.4968740740740741,0.0,0.014237037037037038,0.503125925925926,0.5023503568643916,0.20084528973417862,0.0,
bp_fs200_legacy_abs,/home/test/bupt_hjk/sdp_dataset/xrf55/wifi/02_41_12.npy,1000,float64,0.0,0.5048296296296296,0.0,0.0138,0.49517037037037037,0.49536944925164145,0.1942535127720313,0.0,
bp_fs200_legacy_abs,/home/test/bupt_hjk/sdp_dataset/xrf55/wifi/02_41_13.npy,1000,float64,0.0,0.5030148148148148,0.0,0.013496296296296296,0.4969851851851852,0.4973167909343859,0.19804248693137583,0.0,
bp_fs200_legacy_abs,/home/test/bupt_hjk/sdp_dataset/xrf55/wifi/02_41_14.npy,1000,float64,0.0,0.4941037037037037,0.0,0.013844444444444444,0.5058962962962963,0.5083982313185843,0.19930300671041412,0.0,
bp_fs200_legacy_abs,/home/test/bupt_hjk/sdp_dataset/xrf55/wifi/02_41_15.npy,1000,float64,0.0,0.5032518518518518,0.0,0.013518518518518518,0.49674814814814816,0.49686875715472156,0.1979201423645868,0.0,
bp_fs200_legacy_abs,/home/test/bupt_hjk/sdp_dataset/xrf55/wifi/02_41_16.npy,1000,float64,0.0,0.49583333333333335,0.0,0.013711111111111111,0.5041666666666667,0.5047594401188172,0.2002224446668891,0.0,
bp_fs200_legacy_abs,/home/test/bupt_hjk/sdp_dataset/xrf55/wifi/02_41_17.npy,1000,float64,0.0,0.49620740740740743,0.0,0.013903703703703703,0.5037925925925926,0.5035947159742188,0.202839876913951,0.0,
bp_fs200_legacy_abs,/home/test/bupt_hjk/sdp_dataset/xrf55/wifi/02_41_18.npy,1000,float64,0.0,0.5018222222222222,0.0,0.013622222222222223,0.4981777777777778,0.49938669177416756,0.20835650465280095,0.0,
bp_fs200_legacy_abs,/home/test/bupt_hjk/sdp_dataset/xrf55/wifi/02_41_19.npy,1000,float64,0.0,0.5047074074074074,0.0,0.014888888888888889,0.4952925925925926,0.49633119554558675,0.20565009453898342,0.0,
bp_fs200_legacy_abs,/home/test/bupt_hjk/sdp_dataset/xrf55/wifi/02_41_20.npy,1000,float64,0.0,0.4986888888888889,0.0,0.014037037037037037,0.5013111111111112,0.5019063956014322,0.2034182330478627,0.0,
bp_fs200_legacy_abs,/home/test/bupt_hjk/sdp_dataset/xrf55/wifi/02_42_01.npy,1000,float64,0.0,0.49708148148148146,0.0,0.014866666666666667,0.5029185185185185,0.5039666828521271,0.22677492307121938,0.0,
bp_fs200_legacy_abs,/home/test/bupt_hjk/sdp_dataset/xrf55/wifi/02_42_02.npy,1000,float64,0.0,0.5049037037037037,0.0,0.015355555555555556,0.4950962962962963,0.49535748139633823,0.2385125866607348,0.0,
bp_fs200_legacy_abs,/home/test/bupt_hjk/sdp_dataset/xrf55/wifi/02_42_03.npy,1000,float64,0.0,0.5002666666666666,0.0,0.01576296296296296,0.4997333333333333,0.4992960507889086,0.2349905461016572,0.0,
bp_fs200_legacy_abs,/home/test/bupt_hjk/sdp_dataset/xrf55/wifi/02_42_04.npy,1000,float64,0.0,0.5023148148148148,0.0,0.015081481481481482,0.4976851851851852,0.49890395509763574,0.22509546583620657,0.0,
bp_fs200_legacy_abs,/home/test/bupt_hjk/sdp_dataset/xrf55/wifi/02_42_05.npy,1000,float64,0.0,0.4959037037037037,0.0,0.01482962962962963,0.5040962962962963,0.5016787933625969,0.21817002187372558,0.0,
bp_fs200_legacy_abs,/home/test/bupt_hjk/sdp_dataset/xrf55/wifi/02_42_06.npy,1000,float64,0.0,0.49124814814814816,0.0,0.015296296296296296,0.5087518518518519,0.5079680977380161,0.22957031105179254,0.0,
bp_fs200_legacy_abs,/home/test/bupt_hjk/sdp_dataset/xrf55/wifi/02_42_07.npy,1000,float64,0.0,0.5026814814814815,0.0,0.015037037037037036,0.4973185185185185,0.49743494007392747,0.2279427575723872,0.0,
bp_fs200_legacy_abs,/home/test/bupt_hjk/sdp_dataset/xrf55/wifi/02_42_08.npy,1000,float64,0.0,0.508362962962963,0.0,0.015437037037037037,0.49163703703703704,0.49191956506326656,0.23660326993660327,0.0,
bp_fs200_legacy_abs,/home/test/bupt_hjk/sdp_dataset/xrf55/wifi/02_42_09.npy,1000,float64,0.0,0.5029148148148148,0.0,0.015288888888888888,0.4970851851851852,0.4979489670116188,0.23740777814851888,0.0,
bp_fs200_legacy_abs,/home/test/bupt_hjk/sdp_dataset/xrf55/wifi/02_42_10.npy,1000,float64,0.0,0.5050740740740741,0.0,0.014874074074074074,0.49492592592592594,0.4947678477430627,0.23880176472769066,0.0,
bp_fs200_legacy_abs,/home/test/bupt_hjk/sdp_dataset/xrf55/wifi/02_42_11.npy,1000,float64,0.0,0.5030518518518519,0.0,0.01462962962962963,0.49694814814814814,0.4975001213533324,0.22787231676120565,0.0,
bp_fs200_legacy_abs,/home/test/bupt_hjk/sdp_dataset/xrf55/wifi/02_42_12.npy,1000,float64,0.0,0.5028703703703704,0.0,0.0164,0.49712962962962964,0.4974319925945833,0.23209135060986913,0.0,
bp_fs200_legacy_abs,/home/test/bupt_hjk/sdp_dataset/xrf55/wifi/02_42_13.npy,1000,float64,0.0,0.5033074074074074,0.0,0.015340740740740742,0.4966925925925926,0.49605411920104775,0.22636340043747452,0.0,
bp_fs200_legacy_abs,/home/test/bupt_hjk/sdp_dataset/xrf55/wifi/02_42_14.npy,1000,float64,0.0,0.5078888888888888,0.0,0.015096296296296297,0.4921111111111111,0.4911012795521381,0.22577762948133318,0.0,
bp_fs200_legacy_abs,/home/test/bupt_hjk/sdp_dataset/xrf55/wifi/02_42_15.npy,1000,float64,0.0,0.5018703703703704,0.0,0.014948148148148148,0.49812962962962964,0.49936715713544333,0.22980017054091129,0.0,
bp_fs200_legacy_abs,/home/test/bupt_hjk/sdp_dataset/xrf55/wifi/02_42_16.npy,1000,float64,0.0,0.5048555555555555,0.0,0.014333333333333333,0.49514444444444444,0.49515852789396897,0.2152893634375116,0.0,
bp_fs200_legacy_abs,/home/test/bupt_hjk/sdp_dataset/xrf55/wifi/02_42_17.npy,1000,float64,0.0,0.49665925925925924,0.0,0.01497037037037037,0.5033407407407408,0.5036345182211011,0.22452452452452454,0.0,
bp_fs200_legacy_abs,/home/test/bupt_hjk/sdp_dataset/xrf55/wifi/02_42_18.npy,1000,float64,0.0,0.5005851851851851,0.0,0.015014814814814814,0.4994148148148148,0.49853598051957754,0.22843584325065808,0.0,
bp_fs200_legacy_abs,/home/test/bupt_hjk/sdp_dataset/xrf55/wifi/02_42_19.npy,1000,float64,0.0,0.5051962962962963,0.0,0.014807407407407408,0.4948037037037037,0.49427302259834327,0.23355577800022245,0.0,
bp_fs200_legacy_abs,/home/test/bupt_hjk/sdp_dataset/xrf55/wifi/02_42_20.npy,1000,float64,0.0,0.49872962962962963,0.0,0.014,0.5012703703703704,0.5010419000672194,0.2196789381974567,0.0,
bp_fs200_legacy_abs,/home/test/bupt_hjk/sdp_dataset/xrf55/wifi/02_43_01.npy,1000,float64,0.0,0.5002740740740741,0.0,0.01597037037037037,0.4997259259259259,0.5006194168526161,0.24156007859711565,0.0,
bp_fs200_legacy_abs,/home/test/bupt_hjk/sdp_dataset/xrf55/wifi/02_43_02.npy,1000,float64,0.0,0.5007666666666667,0.0,0.01522962962962963,0.4992333333333333,0.49872935908200394,0.24108923738553367,0.0,
bp_fs200_legacy_abs,/home/test/bupt_hjk/sdp_dataset/xrf55/wifi/02_43_03.npy,1000,float64,0.0,0.5032148148148148,0.0,0.015992592592592593,0.49678518518518516,0.4966038186513801,0.24536388240091944,0.0,
bp_fs200_legacy_abs,/home/test/bupt_hjk/sdp_dataset/xrf55/wifi/02_43_04.npy,1000,float64,0.0,0.5021518518518518,0.0,0.015133333333333334,0.49784814814814815,0.49692885013908855,0.24001408816223632,0.0,
bp_fs200_legacy_abs,/home/test/bupt_hjk/sdp_dataset/xrf55/wifi/02_43_05.npy,1000,float64,0.0,0.5061888888888889,0.0,0.015392592592592593,0.4938111111111111,0.4930012826631667,0.24178623067511956,0.0,
bp_fs200_legacy_abs,/home/test/bupt_hjk/sdp_dataset/xrf55/wifi/02_43_06.npy,1000,float64,0.0,0.4981111111111111,0.0,0.01531111111111111,0.5018888888888889,0.5013446124122085,0.2433136840544248,0.0,
bp_fs200_legacy_abs,/home/test/bupt_hjk/sdp_dataset/xrf55/wifi/02_43_07.npy,1000,float64,0.0,0.49784074074074075,0.0,0.015585185185185185,0.5021592592592593,0.5013561155776083,0.24234975716457197,0.0,
bp_fs200_legacy_abs,/home/test/bupt_hjk/sdp_dataset/xrf55/wifi/02_43_08.npy,1000,float64,0.0,0.5014222222222222,0.0,0.015881481481481483,0.4985777777777778,0.49817895498884235,0.2398880361843325,0.0,
bp_fs200_legacy_abs,/home/test/bupt_hjk/sdp_dataset/xrf55/wifi/02_43_09.npy,1000,float64,0.0,0.4882185185185185,0.0,0.014703703703703703,0.5117814814814815,0.51057829507168,0.2382271160048938,0.0,
bp_fs200_legacy_abs,/home/test/bupt_hjk/sdp_dataset/xrf55/wifi/02_43_10.npy,1000,float64,0.0,0.500862962962963,0.0,0.01585925925925926,0.49913703703703705,0.49831282847587194,0.24366588811033255,0.0,
bp_fs200_legacy_abs,/home/test/bupt_hjk/sdp_dataset/xrf55/wifi/02_43_11.npy,1000,float64,0.0,0.5073740740740741,0.0,0.0158,0.4926259259259259,0.49459402875707525,0.2444518592666741,0.0,
bp_fs200_legacy_abs,/home/test/bupt_hjk/sdp_dataset/xrf55/wifi/02_43_12.npy,1000,float64,0.0,0.5044148148148148,0.0,0.0162,0.4955851851851852,0.4951023776714728,0.24815185555926297,0.0,
bp_fs200_legacy_abs,/home/test/bupt_hjk/sdp_dataset/xrf55/wifi/02_43_13.npy,1000,float64,0.0,0.5026,0.0,0.015962962962962964,0.4974,0.4961339003363936,0.24806287769250732,0.0,
bp_fs200_legacy_abs,/home/test/bupt_hjk/sdp_dataset/xrf55/wifi/02_43_14.npy,1000,float64,0.0,0.502225925925926,0.0,0.015644444444444443,0.4977740740740741,0.49789279746986514,0.24674303933563194,0.0,
bp_fs200_legacy_abs,/home/test/bupt_hjk/sdp_dataset/xrf55/wifi/02_43_15.npy,1000,float64,0.0,0.4982111111111111,0.0,0.014666666666666666,0.5017888888888888,0.49996077215345935,0.24752159566974383,0.0,
bp_fs200_legacy_abs,/home/test/bupt_hjk/sdp_dataset/xrf55/wifi/02_43_16.npy,1000,float64,0.0,0.5022740740740741,0.0,0.014770370370370371,0.4977259259259259,0.49829497970391595,0.24149705260816373,0.0,
bp_fs200_legacy_abs,/home/test/bupt_hjk/sdp_dataset/xrf55/wifi/02_43_17.npy,1000,float64,0.0,0.5076148148148149,0.0,0.015266666666666666,0.4923851851851852,0.49317048574149813,0.24448522596670744,0.0,
bp_fs200_legacy_abs,/home/test/bupt_hjk/sdp_dataset/xrf55/wifi/02_43_18.npy,1000,float64,0.0,0.5012185185185185,0.0,0.015637037037037036,0.4987814814814815,0.49854584417572323,0.24348793237682126,0.0,
bp_fs200_legacy_abs,/home/test/bupt_hjk/sdp_dataset/xrf55/wifi/02_43_19.npy,1000,float64,0.0,0.49497407407407407,0.0,0.015274074074074074,0.5050259259259259,0.5019194253334183,0.2417751084417751,0.0,
bp_fs200_legacy_abs,/home/test/bupt_hjk/sdp_dataset/xrf55/wifi/02_43_20.npy,1000,float64,0.0,0.5019185185185185,0.0,0.016192592592592592,0.49808148148148146,0.4981053181758787,0.2440514588662737,0.0,
bp_fs200_legacy_abs,/home/test/bupt_hjk/sdp_dataset/xrf55/wifi/02_44_01.npy,1000,float64,0.0,0.4988592592592593,0.0,0.014866666666666667,0.5011407407407408,0.501122244339295,0.22622993363734104,0.0,
bp_fs200_legacy_abs,/home/test/bupt_hjk/sdp_dataset/xrf55/wifi/02_44_02.npy,1000,float64,0.0,0.5018703703703704,0.0,0.015370370370370371,0.49812962962962964,0.4979387415671544,0.22450598746895042,0.0,
bp_fs200_legacy_abs,/home/test/bupt_hjk/sdp_dataset/xrf55/wifi/02_44_03.npy,1000,float64,0.0,0.4947888888888889,0.0,0.015111111111111112,0.5052111111111112,0.5052443767590125,0.21983094205316428,0.0,
bp_fs200_legacy_abs,/home/test/bupt_hjk/sdp_dataset/xrf55/wifi/02_44_04.npy,1000,float64,0.0,0.5046,0.0,0.01522962962962963,0.4954,0.4957373250359739,0.2232788343899455,0.0,
bp_fs200_legacy_abs,/home/test/bupt_hjk/sdp_dataset/xrf55/wifi/02_44_05.npy,1000,float64,0.0,0.4997962962962963,0.0,0.01583703703703704,0.5002037037037037,0.5009461249930021,0.23157231305379453,0.0,
bp_fs200_legacy_abs,/home/test/bupt_hjk/sdp_dataset/xrf55/wifi/02_44_06.npy,1000,float64,0.0,0.5014814814814815,0.0,0.015125925925925926,0.4985185185185185,0.4983280715846892,0.22618915211507803,0.0,
bp_fs200_legacy_abs,/home/test/bupt_hjk/sdp_dataset/xrf55/wifi/02_44_07.npy,1000,float64,0.0,0.5027481481481482,0.0,0.015814814814814816,0.49725185185185183,0.49672743574417216,0.23162050939828718,0.0,
bp_fs200_legacy_abs,/home/test/bupt_hjk/sdp_dataset/xrf55/wifi/02_44_08.npy,1000,float64,0.0,0.5033185185185185,0.0,0.014666666666666666,0.4966814814814815,0.49682572265661445,0.21461461461461462,0.0,
bp_fs200_legacy_abs,/home/test/bupt_hjk/sdp_dataset/xrf55/wifi/02_44_09.npy,1000,float64,0.0,0.5058555555555555,0.0,0.014044444444444444,0.49414444444444444,0.4941491927793298,0.21368776183590998,0.0,
bp_fs200_legacy_abs,/home/test/bupt_hjk/sdp_dataset/xrf55/wifi/02_44_10.npy,1000,float64,0.0,0.5038592592592592,0.0,0.014614814814814815,0.4961407407407407,0.49727601776185676,0.21809216624031438,0.0,
bp_fs200_legacy_abs,/home/test/bupt_hjk/sdp_dataset/xrf55/wifi/02_44_11.npy,1000,float64,0.0,0.5080333333333333,0.0,0.015133333333333334,0.49196666666666666,0.4943257439142807,0.22076150224298371,0.0,
bp_fs200_legacy_abs,/home/test/bupt_hjk/sdp_dataset/xrf55/wifi/02_44_12.npy,1000,float64,0.0,0.5007962962962963,0.0,0.015074074074074075,0.4992037037037037,0.49911267032059686,0.2182738293849405,0.0,
bp_fs200_legacy_abs,/home/test/bupt_hjk/sdp_dataset/xrf55/wifi/02_44_13.npy,1000,float64,0.0,0.49898888888888887,0.0,0.015659259259259258,0.5010111111111111,0.5007389107410752,0.22070218366514663,0.0,
bp_fs200_legacy_abs,/home/test/bupt_hjk/sdp_dataset/xrf55/wifi/02_44_14.npy,1000,float64,0.0,0.5008666666666667,0.0,0.015644444444444443,0.4991333333333333,0.49896133009527366,0.21812924035146258,0.0,
bp_fs200_legacy_abs,/home/test/bupt_hjk/sdp_dataset/xrf55/wifi/02_44_15.npy,1000,float64,0.0,0.4982333333333333,0.0,0.014770370370370371,0.5017666666666667,0.502679091873795,0.2152337522707893,0.0,
bp_fs200_legacy_abs,/home/test/bupt_hjk/sdp_dataset/xrf55/wifi/02_44_16.npy,1000,float64,0.0,0.49641111111111114,0.0,0.015355555555555556,0.5035888888888889,0.5024094175088083,0.22595187780372966,0.0,
bp_fs200_legacy_abs,/home/test/bupt_hjk/sdp_dataset/xrf55/wifi/02_44_17.npy,1000,float64,0.0,0.5072185185185185,0.0,0.015444444444444445,0.4927814814814815,0.4950976353299827,0.2288844399955511,0.0,
bp_fs200_legacy_abs,/home/test/bupt_hjk/sdp_dataset/xrf55/wifi/02_44_18.npy,1000,float64,0.0,0.4990074074074074,0.0,0.015548148148148148,0.5009925925925925,0.5019262356278931,0.22870648426203982,0.0,
bp_fs200_legacy_abs,/home/test/bupt_hjk/sdp_dataset/xrf55/wifi/02_44_19.npy,1000,float64,0.0,0.49735555555555555,0.0,0.015155555555555556,0.5026444444444444,0.5015618344455488,0.22802432061691322,0.0,
bp_fs200_legacy_abs,/home/test/bupt_hjk/sdp_dataset/xrf55/wifi/02_44_20.npy,1000,float64,0.0,0.49862222222222224,0.0,0.014733333333333333,0.5013777777777778,0.503424772709438,0.21846290735179624,0.0,
bp_fs200_legacy_abs,/home/test/bupt_hjk/sdp_dataset/xrf55/wifi/02_45_01.npy,1000,float64,0.0,0.5128370370370371,0.0,0.014133333333333333,0.48716296296296296,0.48701174690787086,0.19611834056278502,0.0,
bp_fs200_legacy_abs,/home/test/bupt_hjk/sdp_dataset/xrf55/wifi/02_45_02.npy,1000,float64,0.0,0.49522962962962963,0.0,0.014481481481481482,0.5047703703703704,0.5064197930751355,0.21958254550847142,0.0,
bp_fs200_legacy_abs,/home/test/bupt_hjk/sdp_dataset/xrf55/wifi/02_45_03.npy,1000,float64,0.0,0.49754444444444446,0.0,0.013266666666666666,0.5024555555555555,0.5036877919814935,0.20339228117005895,0.0,
bp_fs200_legacy_abs,/home/test/bupt_hjk/sdp_dataset/xrf55/wifi/02_45_04.npy,1000,float64,0.0,0.4956740740740741,0.0,0.014207407407407408,0.504325925925926,0.5054017150445267,0.2182182182182182,0.0,
bp_fs200_legacy_abs,/home/test/bupt_hjk/sdp_dataset/xrf55/wifi/02_45_05.npy,1000,float64,0.0,0.5006444444444444,0.0,0.013585185185185185,0.49935555555555555,0.4997659798330781,0.21197864531197866,0.0,
bp_fs200_legacy_abs,/home/test/bupt_hjk/sdp_dataset/xrf55/wifi/02_45_06.npy,1000,float64,0.0,0.4982037037037037,0.0,0.01508888888888889,0.5017962962962963,0.5013540567238963,0.21988284580877174,0.0,
bp_fs200_legacy_abs,/home/test/bupt_hjk/sdp_dataset/xrf55/wifi/02_45_07.npy,1000,float64,0.0,0.4955703703703704,0.0,0.013903703703703703,0.5044296296296297,0.5054205986503892,0.20974307640974307,0.0,
bp_fs200_legacy_abs,/home/test/bupt_hjk/sdp_dataset/xrf55/wifi/02_45_08.npy,1000,float64,0.0,0.5003111111111112,0.0,0.0142,0.4996888888888889,0.4987191107182718,0.21406591776962147,0.0,
bp_fs200_legacy_abs,/home/test/bupt_hjk/sdp_dataset/xrf55/wifi/02_45_09.npy,1000,float64,0.0,0.49626296296296296,0.0,0.014674074074074074,0.503737037037037,0.5043338852138475,0.2129092055017981,0.0,
bp_fs200_legacy_abs,/home/test/bupt_hjk/sdp_dataset/xrf55/wifi/02_45_10.npy,1000,float64,0.0,0.48657407407407405,0.0,0.013637037037037038,0.513425925925926,0.5167341597951518,0.21188225262299337,0.0,
bp_fs200_legacy_abs,/home/test/bupt_hjk/sdp_dataset/xrf55/wifi/02_45_11.npy,1000,float64,0.0,0.503362962962963,0.0,0.014651851851851852,0.49663703703703704,0.49856380178960824,0.2094650205761317,0.0,
bp_fs200_legacy_abs,/home/test/bupt_hjk/sdp_dataset/xrf55/wifi/02_45_12.npy,1000,float64,0.0,0.498837037037037,0.0,0.01374074074074074,0.5011629629629629,0.5007381751109141,0.20988025062099136,0.0,
bp_fs200_legacy_abs,/home/test/bupt_hjk/sdp_dataset/xrf55/wifi/02_45_13.npy,1000,float64,0.0,0.49777037037037036,0.0,0.014607407407407407,0.5022296296296296,0.5033629341600546,0.2093686278871464,0.0,
bp_fs200_legacy_abs,/home/test/bupt_hjk/sdp_dataset/xrf55/wifi/02_45_14.npy,1000,float64,0.0,0.5066148148148149,0.0,0.014037037037037037,0.4933851851851852,0.4922352480997138,0.20291031772513254,0.0,
bp_fs200_legacy_abs,/home/test/bupt_hjk/sdp_dataset/xrf55/wifi/02_45_15.npy,1000,float64,0.0,0.5067777777777778,0.0,0.013162962962962963,0.49322222222222223,0.4923659830904839,0.1899529158788418,0.0,
bp_fs200_legacy_abs,/home/test/bupt_hjk/sdp_dataset/xrf55/wifi/02_45_16.npy,1000,float64,0.0,0.5039,0.0,0.013940740740740741,0.4961,0.49575484662853875,0.20092314536758982,0.0,
bp_fs200_legacy_abs,/home/test/bupt_hjk/sdp_dataset/xrf55/wifi/02_45_17.npy,1000,float64,0.0,0.500662962962963,0.0,0.013518518518518518,0.499337037037037,0.5001952479649154,0.20607273940607274,0.0,
bp_fs200_legacy_abs,/home/test/bupt_hjk/sdp_dataset/xrf55/wifi/02_45_18.npy,1000,float64,0.0,0.49646666666666667,0.0,0.013985185185185186,0.5035333333333334,0.5027424779360314,0.2041041041041041,0.0,
bp_fs200_legacy_abs,/home/test/bupt_hjk/sdp_dataset/xrf55/wifi/02_45_19.npy,1000,float64,0.0,0.5003148148148148,0.0,0.013851851851851851,0.4996851851851852,0.49955569553333407,0.19532495458421384,0.0,
bp_fs200_legacy_abs,/home/test/bupt_hjk/sdp_dataset/xrf55/wifi/02_45_20.npy,1000,float64,0.0,0.4985962962962963,0.0,0.014081481481481481,0.5014037037037037,0.5027609574324223,0.20314759203648092,0.0,
bp_fs200_legacy_abs,/home/test/bupt_hjk/sdp_dataset/xrf55/wifi/02_46_01.npy,1000,float64,0.0,0.5024296296296297,0.0,0.012874074074074074,0.4975703703703704,0.49616933112233474,0.1802617432247062,0.0,
bp_fs200_legacy_abs,/home/test/bupt_hjk/sdp_dataset/xrf55/wifi/02_46_02.npy,1000,float64,0.0,0.5016259259259259,0.0,0.014748148148148147,0.4983740740740741,0.49872505813060947,0.20433767100433767,0.0,
bp_fs200_legacy_abs,/home/test/bupt_hjk/sdp_dataset/xrf55/wifi/02_46_03.npy,1000,float64,0.0,0.5051888888888889,0.0,0.0124,0.4948111111111111,0.49388216194783285,0.15559262966670373,0.0,
bp_fs200_legacy_abs,/home/test/bupt_hjk/sdp_dataset/xrf55/wifi/02_46_04.npy,1000,float64,0.0,0.49503703703703705,0.0,0.012925925925925926,0.504962962962963,0.5063452918159603,0.18058799540281023,0.0,
bp_fs200_legacy_abs,/home/test/bupt_hjk/sdp_dataset/xrf55/wifi/02_46_05.npy,1000,float64,0.0,0.49845925925925927,0.0,0.010992592592592592,0.5015407407407407,0.5019839862632748,0.1647276906536166,0.0,
bp_fs200_legacy_abs,/home/test/bupt_hjk/sdp_dataset/xrf55/wifi/02_46_06.npy,1000,float64,0.0,0.5080296296296296,0.0,0.011888888888888888,0.4919703703703704,0.4892366798251904,0.16498350202053905,0.0,
bp_fs200_legacy_abs,/home/test/bupt_hjk/sdp_dataset/xrf55/wifi/02_46_07.npy,1000,float64,0.0,0.49128518518518516,0.0,0.01365925925925926,0.5087148148148148,0.5089634519328557,0.18357246135023914,0.0,
bp_fs200_legacy_abs,/home/test/bupt_hjk/sdp_dataset/xrf55/wifi/02_46_08.npy,1000,float64,0.0,0.48924814814814815,0.0,0.011903703703703705,0.5107518518518519,0.511517364728374,0.16400474548622695,0.0,
bp_fs200_legacy_abs,/home/test/bupt_hjk/sdp_dataset/xrf55/wifi/02_46_09.npy,1000,float64,0.0,0.5030888888888889,0.0,0.013866666666666666,0.49691111111111114,0.49768844671841656,0.19983316649983315,0.0,
bp_fs200_legacy_abs,/home/test/bupt_hjk/sdp_dataset/xrf55/wifi/02_46_10.npy,1000,float64,0.0,0.500337037037037,0.0,0.013925925925925927,0.499662962962963,0.49942140935663726,0.20385200014829644,0.0,
bp_fs200_legacy_abs,/home/test/bupt_hjk/sdp_dataset/xrf55/wifi/02_46_11.npy,1000,float64,0.0,0.4855962962962963,0.0,0.01225925925925926,0.5144037037037037,0.5156690259269501,0.17510473436399362,0.0,
bp_fs200_legacy_abs,/home/test/bupt_hjk/sdp_dataset/xrf55/wifi/02_46_12.npy,1000,float64,0.0,0.5210333333333333,0.0,0.01122962962962963,0.47896666666666665,0.4770903724125531,0.15122900678456233,0.0,
bp_fs200_legacy_abs,/home/test/bupt_hjk/sdp_dataset/xrf55/wifi/02_46_13.npy,1000,float64,0.0,0.5079888888888889,0.0,0.01082962962962963,0.4920111111111111,0.490812734082397,0.15393170948726503,0.0,
bp_fs200_legacy_abs,/home/test/bupt_hjk/sdp_dataset/xrf55/wifi/02_46_14.npy,1000,float64,0.0,0.5119259259259259,0.0,0.010933333333333333,0.48807407407407405,0.48718293197195134,0.1527601675749824,0.0,
bp_fs200_legacy_abs,/home/test/bupt_hjk/sdp_dataset/xrf55/wifi/02_46_15.npy,1000,float64,0.0,0.49064074074074077,0.0,0.013651851851851853,0.5093592592592593,0.5114904202788871,0.18627516405294184,0.0,
bp_fs200_legacy_abs,/home/test/bupt_hjk/sdp_dataset/xrf55/wifi/02_46_16.npy,1000,float64,0.0,0.4886037037037037,0.0,0.014274074074074074,0.5113962962962963,0.5130413349068583,0.18483298112927743,0.0,
bp_fs200_legacy_abs,/home/test/bupt_hjk/sdp_dataset/xrf55/wifi/02_46_17.npy,1000,float64,0.0,0.4963888888888889,0.0,0.013162962962962963,0.5036111111111111,0.5048083936486563,0.17809290772253736,0.0,
bp_fs200_legacy_abs,/home/test/bupt_hjk/sdp_dataset/xrf55/wifi/02_46_18.npy,1000,float64,0.0,0.5024777777777778,0.0,0.011725925925925926,0.4975222222222222,0.49594668168591005,0.17372928484039596,0.0,
bp_fs200_legacy_abs,/home/test/bupt_hjk/sdp_dataset/xrf55/wifi/02_46_19.npy,1000,float64,0.0,0.4960555555555556,0.0,0.013162962962962963,0.5039444444444444,0.5042407897109201,0.17817447076706336,0.0,
bp_fs200_legacy_abs,/home/test/bupt_hjk/sdp_dataset/xrf55/wifi/02_46_20.npy,1000,float64,0.0,0.49899629629629627,0.0,0.01248888888888889,0.5010037037037037,0.5016266570050836,0.17058910762614465,0.0,
bp_fs200_legacy_abs,/home/test/bupt_hjk/sdp_dataset/xrf55/wifi/02_47_01.npy,1000,float64,0.0,0.5005481481481482,0.0,0.012125925925925925,0.49945185185185187,0.5002315050084132,0.1809624439254069,0.0,
bp_fs200_legacy_abs,/home/test/bupt_hjk/sdp_dataset/xrf55/wifi/02_47_02.npy,1000,float64,0.0,0.4974148148148148,0.0,0.012755555555555555,0.5025851851851851,0.5031470724386639,0.18403959515070625,0.0,
bp_fs200_legacy_abs,/home/test/bupt_hjk/sdp_dataset/xrf55/wifi/02_47_03.npy,1000,float64,0.0,0.5006407407407407,0.0,0.014037037037037037,0.4993592592592593,0.5008626186100589,0.19647795944092242,0.0,
bp_fs200_legacy_abs,/home/test/bupt_hjk/sdp_dataset/xrf55/wifi/02_47_04.npy,1000,float64,0.0,0.5135740740740741,0.0,0.012422222222222222,0.48642592592592593,0.4859390936908058,0.17706966225484744,0.0,
bp_fs200_legacy_abs,/home/test/bupt_hjk/sdp_dataset/xrf55/wifi/02_47_05.npy,1000,float64,0.0,0.49705925925925926,0.0,0.012674074074074074,0.5029407407407407,0.5021779667058113,0.1734363993623253,0.0,
bp_fs200_legacy_abs,/home/test/bupt_hjk/sdp_dataset/xrf55/wifi/02_47_06.npy,1000,float64,0.0,0.5109370370370371,0.0,0.013896296296296295,0.489062962962963,0.4868211223108169,0.19689318948578208,0.0,
bp_fs200_legacy_abs,/home/test/bupt_hjk/sdp_dataset/xrf55/wifi/02_47_07.npy,1000,float64,0.0,0.5003518518518518,0.0,0.011155555555555556,0.4996481481481482,0.5014220566799192,0.16843880917954993,0.0,
bp_fs200_legacy_abs,/home/test/bupt_hjk/sdp_dataset/xrf55/wifi/02_47_08.npy,1000,float64,0.0,0.49803333333333333,0.0,0.014925925925925926,0.5019666666666667,0.5027084168975225,0.20579839098357616,0.0,
bp_fs200_legacy_abs,/home/test/bupt_hjk/sdp_dataset/xrf55/wifi/02_47_09.npy,1000,float64,0.0,0.5019666666666667,0.0,0.013437037037037037,0.49803333333333333,0.49669388321512825,0.18821784747710674,0.0,
bp_fs200_legacy_abs,/home/test/bupt_hjk/sdp_dataset/xrf55/wifi/02_47_10.npy,1000,float64,0.0,0.5029185185185185,0.0,0.014148148148148148,0.49708148148148146,0.49706162345304217,0.18977866755644535,0.0,
bp_fs200_legacy_abs,/home/test/bupt_hjk/sdp_dataset/xrf55/wifi/02_47_11.npy,1000,float64,0.0,0.4985185185185185,0.0,0.013037037037037036,0.5014814814814815,0.5024690803797894,0.19078708337967598,0.0,
bp_fs200_legacy_abs,/home/test/bupt_hjk/sdp_dataset/xrf55/wifi/02_47_12.npy,1000,float64,0.0,0.4916962962962963,0.0,0.013259259259259259,0.5083037037037037,0.5094270774555166,0.19701182664145628,0.0,
bp_fs200_legacy_abs,/home/test/bupt_hjk/sdp_dataset/xrf55/wifi/02_47_13.npy,1000,float64,0.0,0.5057407407407407,0.0,0.013044444444444444,0.49425925925925923,0.49221389663579107,0.19146183220257296,0.0,
bp_fs200_legacy_abs,/home/test/bupt_hjk/sdp_dataset/xrf55/wifi/02_47_14.npy,1000,float64,0.0,0.48976296296296296,0.0,0.013933333333333334,0.510237037037037,0.5127379954496467,0.20032995958921884,0.0,
bp_fs200_legacy_abs,/home/test/bupt_hjk/sdp_dataset/xrf55/wifi/02_47_15.npy,1000,float64,0.0,0.5010555555555556,0.0,0.013325925925925925,0.49894444444444447,0.49914971413126313,0.19741222704185668,0.0,
bp_fs200_legacy_abs,/home/test/bupt_hjk/sdp_dataset/xrf55/wifi/02_47_16.npy,1000,float64,0.0,0.4942814814814815,0.0,0.013711111111111111,0.5057185185185186,0.5056520684443283,0.1956771586401216,0.0,
bp_fs200_legacy_abs,/home/test/bupt_hjk/sdp_dataset/xrf55/wifi/02_47_17.npy,1000,float64,0.0,0.48884814814814814,0.0,0.013622222222222223,0.5111518518518519,0.5116360369436185,0.1985615244874504,0.0,
bp_fs200_legacy_abs,/home/test/bupt_hjk/sdp_dataset/xrf55/wifi/02_47_18.npy,1000,float64,0.0,0.4965185185185185,0.0,0.01414074074074074,0.5034814814814815,0.5022604927349338,0.21627924220516814,0.0,
bp_fs200_legacy_abs,/home/test/bupt_hjk/sdp_dataset/xrf55/wifi/02_47_19.npy,1000,float64,0.0,0.49426296296296296,0.0,0.014444444444444444,0.505737037037037,0.5054526904474003,0.19958476995514032,0.0,
bp_fs200_legacy_abs,/home/test/bupt_hjk/sdp_dataset/xrf55/wifi/02_47_20.npy,1000,float64,0.0,0.5070407407407408,0.0,0.014896296296296296,0.49295925925925926,0.49286465769895543,0.21178956734512291,0.0,
bp_fs200_legacy_abs,/home/test/bupt_hjk/sdp_dataset/xrf55/wifi/02_48_01.npy,1000,float64,0.0,0.4993962962962963,0.0,0.010637037037037037,0.5006037037037037,0.5017589616061139,0.15885515144774404,0.0,
bp_fs200_legacy_abs,/home/test/bupt_hjk/sdp_dataset/xrf55/wifi/02_48_02.npy,1000,float64,0.0,0.49371481481481483,0.0,0.01097037037037037,0.5062851851851852,0.508275360341927,0.15751306862417974,0.0,
bp_fs200_legacy_abs,/home/test/bupt_hjk/sdp_dataset/xrf55/wifi/02_48_03.npy,1000,float64,0.0,0.5009,0.0,0.01154074074074074,0.4991,0.4992096015406136,0.16777889000111224,0.0,
bp_fs200_legacy_abs,/home/test/bupt_hjk/sdp_dataset/xrf55/wifi/02_48_04.npy,1000,float64,0.0,0.5045703703703703,0.0,0.01237037037037037,0.4954296296296296,0.4952683661355352,0.17833018203388573,0.0,
bp_fs200_legacy_abs,/home/test/bupt_hjk/sdp_dataset/xrf55/wifi/02_48_05.npy,1000,float64,0.0,0.5059555555555556,0.0,0.012540740740740741,0.49404444444444445,0.4919816875754971,0.18253438623808993,0.0,
bp_fs200_legacy_abs,/home/test/bupt_hjk/sdp_dataset/xrf55/wifi/02_48_06.npy,1000,float64,0.0,0.5037851851851852,0.0,0.011748148148148148,0.49621481481481483,0.49689656222868717,0.17605383160938717,0.0,
bp_fs200_legacy_abs,/home/test/bupt_hjk/sdp_dataset/xrf55/wifi/02_48_07.npy,1000,float64,0.0,0.4958962962962963,0.0,0.012725925925925925,0.5041037037037037,0.5062054045847882,0.18779149519890262,0.0,
bp_fs200_legacy_abs,/home/test/bupt_hjk/sdp_dataset/xrf55/wifi/02_48_08.npy,1000,float64,0.0,0.4956037037037037,0.0,0.012051851851851852,0.5043962962962963,0.5047554399064751,0.16434211989767544,0.0,
bp_fs200_legacy_abs,/home/test/bupt_hjk/sdp_dataset/xrf55/wifi/02_48_09.npy,1000,float64,0.0,0.4938222222222222,0.0,0.012614814814814815,0.5061777777777777,0.5082252691802805,0.18059541022503986,0.0,
bp_fs200_legacy_abs,/home/test/bupt_hjk/sdp_dataset/xrf55/wifi/02_48_10.npy,1000,float64,0.0,0.5050481481481481,0.0,0.011362962962962964,0.49495185185185187,0.49463928351303843,0.16161346531716902,0.0,
bp_fs200_legacy_abs,/home/test/bupt_hjk/sdp_dataset/xrf55/wifi/02_48_11.npy,1000,float64,0.0,0.500662962962963,0.0,0.011266666666666666,0.499337037037037,0.49973200539790547,0.17257627998368738,0.0,
bp_fs200_legacy_abs,/home/test/bupt_hjk/sdp_dataset/xrf55/wifi/02_48_12.npy,1000,float64,0.0,0.4872814814814815,0.0,0.013074074074074075,0.5127185185185186,0.5165835112516698,0.1846105364623883,0.0,
bp_fs200_legacy_abs,/home/test/bupt_hjk/sdp_dataset/xrf55/wifi/02_48_13.npy,1000,float64,0.0,0.49885555555555555,0.0,0.01142962962962963,0.5011444444444444,0.5025763130855473,0.17517517517517517,0.0,
bp_fs200_legacy_abs,/home/test/bupt_hjk/sdp_dataset/xrf55/wifi/02_48_14.npy,1000,float64,0.0,0.5052777777777778,0.0,0.013496296296296296,0.49472222222222223,0.4978633128535799,0.18479219960701443,0.0,
bp_fs200_legacy_abs,/home/test/bupt_hjk/sdp_dataset/xrf55/wifi/02_48_15.npy,1000,float64,0.0,0.5012962962962964,0.0,0.011637037037037038,0.4987037037037037,0.5003756174923928,0.17243169095020947,0.0,
bp_fs200_legacy_abs,/home/test/bupt_hjk/sdp_dataset/xrf55/wifi/02_48_16.npy,1000,float64,0.0,0.48024074074074075,0.0,0.01234074074074074,0.5197592592592593,0.520797497450261,0.18435101768435103,0.0,
bp_fs200_legacy_abs,/home/test/bupt_hjk/sdp_dataset/xrf55/wifi/02_48_17.npy,1000,float64,0.0,0.49824814814814816,0.0,0.013859259259259259,0.5017518518518519,0.5041868176365872,0.1875727579431283,0.0,
bp_fs200_legacy_abs,/home/test/bupt_hjk/sdp_dataset/xrf55/wifi/02_48_18.npy,1000,float64,0.0,0.49552962962962965,0.0,0.012577777777777778,0.5044703703703703,0.505753324776133,0.1798465131798465,0.0,
bp_fs200_legacy_abs,/home/test/bupt_hjk/sdp_dataset/xrf55/wifi/02_48_19.npy,1000,float64,0.0,0.510462962962963,0.0,0.011607407407407407,0.48953703703703705,0.48613175971882316,0.17212026841656472,0.0,
bp_fs200_legacy_abs,/home/test/bupt_hjk/sdp_dataset/xrf55/wifi/02_48_20.npy,1000,float64,0.0,0.5049888888888889,0.0,0.012511111111111112,0.4950111111111111,0.49309031659119756,0.17463760056352648,0.0,
bp_fs200_legacy_abs,/home/test/bupt_hjk/sdp_dataset/xrf55/wifi/02_49_01.npy,1000,float64,0.0,0.48987037037037034,0.0,0.011866666666666666,0.5101296296296296,0.5111356574184844,0.1761576391206021,0.0,
bp_fs200_legacy_abs,/home/test/bupt_hjk/sdp_dataset/xrf55/wifi/02_49_02.npy,1000,float64,0.0,0.5043185185185185,0.0,0.011992592592592593,0.4956814814814815,0.4973548783168234,0.17661365068772475,0.0,
bp_fs200_legacy_abs,/home/test/bupt_hjk/sdp_dataset/xrf55/wifi/02_49_03.npy,1000,float64,0.0,0.4908851851851852,0.0,0.012881481481481482,0.5091148148148148,0.5118627320576891,0.18903718533348163,0.0,
bp_fs200_legacy_abs,/home/test/bupt_hjk/sdp_dataset/xrf55/wifi/02_49_04.npy,1000,float64,0.0,0.48710740740740743,0.0,0.012022222222222222,0.5128925925925926,0.5175355846843215,0.18513328142957772,0.0,
bp_fs200_legacy_abs,/home/test/bupt_hjk/sdp_dataset/xrf55/wifi/02_49_05.npy,1000,float64,0.0,0.4981481481481482,0.0,0.012444444444444444,0.5018518518518519,0.5025031691673131,0.18840692544396248,0.0,
bp_fs200_legacy_abs,/home/test/bupt_hjk/sdp_dataset/xrf55/wifi/02_49_06.npy,1000,float64,0.0,0.47705555555555557,0.0,0.0134,0.5229444444444444,0.528426419045018,0.1885922959997034,0.0,
bp_fs200_legacy_abs,/home/test/bupt_hjk/sdp_dataset/xrf55/wifi/02_49_07.npy,1000,float64,0.0,0.5012518518518518,0.0,0.011807407407407407,0.49874814814814816,0.499763059227611,0.17884921958996033,0.0,
bp_fs200_legacy_abs,/home/test/bupt_hjk/sdp_dataset/xrf55/wifi/02_49_08.npy,1000,float64,0.0,0.5211592592592592,0.0,0.0126,0.47884074074074073,0.4762428550296419,0.18719830942053164,0.0,
bp_fs200_legacy_abs,/home/test/bupt_hjk/sdp_dataset/xrf55/wifi/02_49_09.npy,1000,float64,0.0,0.4879777777777778,0.0,0.012214814814814815,0.5120222222222223,0.5144396274523155,0.1840914989063137,0.0,
bp_fs200_legacy_abs,/home/test/bupt_hjk/sdp_dataset/xrf55/wifi/02_49_10.npy,1000,float64,0.0,0.4950259259259259,0.0,0.013777777777777778,0.504974074074074,0.5071398699768087,0.19556593630667704,0.0,
bp_fs200_legacy_abs,/home/test/bupt_hjk/sdp_dataset/xrf55/wifi/02_49_11.npy,1000,float64,0.0,0.4977666666666667,0.0,0.013074074074074075,0.5022333333333333,0.5063976677627573,0.1992585177770363,0.0,
bp_fs200_legacy_abs,/home/test/bupt_hjk/sdp_dataset/xrf55/wifi/02_49_12.npy,1000,float64,0.0,0.4922666666666667,0.0,0.012037037037037037,0.5077333333333334,0.5109855188293277,0.18719460200941682,0.0,
bp_fs200_legacy_abs,/home/test/bupt_hjk/sdp_dataset/xrf55/wifi/02_49_13.npy,1000,float64,0.0,0.48845555555555553,0.0,0.012770370370370371,0.5115444444444445,0.5145781827061015,0.1883476068661254,0.0,
bp_fs200_legacy_abs,/home/test/bupt_hjk/sdp_dataset/xrf55/wifi/02_49_14.npy,1000,float64,0.0,0.4960851851851852,0.0,0.012540740740740741,0.5039148148148148,0.5071285274842852,0.19390501612723834,0.0,
bp_fs200_legacy_abs,/home/test/bupt_hjk/sdp_dataset/xrf55/wifi/02_49_15.npy,1000,float64,0.0,0.504325925925926,0.0,0.013051851851851853,0.4956740740740741,0.49698460561815583,0.18847365884402922,0.0,
bp_fs200_legacy_abs,/home/test/bupt_hjk/sdp_dataset/xrf55/wifi/02_49_16.npy,1000,float64,0.0,0.4819407407407407,0.0,0.013466666666666667,0.5180592592592592,0.5189424422840012,0.18705372038705373,0.0,
bp_fs200_legacy_abs,/home/test/bupt_hjk/sdp_dataset/xrf55/wifi/02_49_17.npy,1000,float64,0.0,0.4975148148148148,0.0,0.012696296296296296,0.5024851851851851,0.5065502018067956,0.19174730285841396,0.0,
bp_fs200_legacy_abs,/home/test/bupt_hjk/sdp_dataset/xrf55/wifi/02_49_18.npy,1000,float64,0.0,0.4893074074074074,0.0,0.012577777777777778,0.5106925925925926,0.5152573417644555,0.19194008823638453,0.0,
bp_fs200_legacy_abs,/home/test/bupt_hjk/sdp_dataset/xrf55/wifi/02_49_19.npy,1000,float64,0.0,0.4995888888888889,0.0,0.012162962962962962,0.5004111111111111,0.5044824713878736,0.18641233826419012,0.0,
bp_fs200_legacy_abs,/home/test/bupt_hjk/sdp_dataset/xrf55/wifi/02_49_20.npy,1000,float64,0.0,0.49264444444444444,0.0,0.012474074074074075,0.5073555555555556,0.5117884343183275,0.1811070329588848,0.0,
bp_fs200_legacy_abs,/home/test/bupt_hjk/sdp_dataset/xrf55/wifi/02_50_01.npy,1000,float64,0.0,0.5307444444444445,0.0,0.012481481481481482,0.46925555555555554,0.4636617976541716,0.18531494457420383,0.0,
bp_fs200_legacy_abs,/home/test/bupt_hjk/sdp_dataset/xrf55/wifi/02_50_02.npy,1000,float64,0.0,0.5029407407407407,0.0,0.012348148148148148,0.49705925925925926,0.49694077383781726,0.191317243169095,0.0,
bp_fs200_legacy_abs,/home/test/bupt_hjk/sdp_dataset/xrf55/wifi/02_50_03.npy,1000,float64,0.0,0.49953703703703706,0.0,0.011718518518518519,0.500462962962963,0.4991168498949356,0.18101434768101435,0.0,
bp_fs200_legacy_abs,/home/test/bupt_hjk/sdp_dataset/xrf55/wifi/02_50_04.npy,1000,float64,0.0,0.5113814814814814,0.0,0.01182962962962963,0.4886185185185185,0.48591431206506247,0.17664701738775812,0.0,
bp_fs200_legacy_abs,/home/test/bupt_hjk/sdp_dataset/xrf55/wifi/02_50_05.npy,1000,float64,0.0,0.4927259259259259,0.0,0.01145925925925926,0.5072740740740741,0.5071158418600036,0.18102917732547363,0.0,
bp_fs200_legacy_abs,/home/test/bupt_hjk/sdp_dataset/xrf55/wifi/02_50_06.npy,1000,float64,0.0,0.4973518518518519,0.0,0.011814814814814814,0.5026481481481482,0.4991236027614201,0.18977866755644535,0.0,
bp_fs200_legacy_abs,/home/test/bupt_hjk/sdp_dataset/xrf55/wifi/02_50_07.npy,1000,float64,0.0,0.5232296296296296,0.0,0.013562962962962962,0.47677037037037034,0.4715152304286885,0.18758388017647276,0.0,
bp_fs200_legacy_abs,/home/test/bupt_hjk/sdp_dataset/xrf55/wifi/02_50_08.npy,1000,float64,0.0,0.5107666666666667,0.0,0.012474074074074075,0.48923333333333335,0.48726056133151635,0.18849961072183294,0.0,
bp_fs200_legacy_abs,/home/test/bupt_hjk/sdp_dataset/xrf55/wifi/02_50_09.npy,1000,float64,0.0,0.5123,0.0,0.013111111111111112,0.4877,0.48494636809149916,0.17650984317650983,0.0,
bp_fs200_legacy_abs,/home/test/bupt_hjk/sdp_dataset/xrf55/wifi/02_50_10.npy,1000,float64,0.0,0.49241851851851853,0.0,0.012525925925925926,0.5075814814814815,0.5073209429694919,0.18026915804693583,0.0,
bp_fs200_legacy_abs,/home/test/bupt_hjk/sdp_dataset/xrf55/wifi/02_50_11.npy,1000,float64,0.0,0.5167444444444445,0.0,0.012207407407407408,0.48325555555555555,0.48146569765229635,0.18977496014533052,0.0,
bp_fs200_legacy_abs,/home/test/bupt_hjk/sdp_dataset/xrf55/wifi/02_50_12.npy,1000,float64,0.0,0.5007074074074074,0.0,0.012881481481481482,0.49929259259259257,0.49595069952856613,0.18643458273087904,0.0,
bp_fs200_legacy_abs,/home/test/bupt_hjk/sdp_dataset/xrf55/wifi/02_50_13.npy,1000,float64,0.0,0.5197074074074074,0.0,0.012992592592592592,0.4802925925925926,0.47773608529188344,0.1723167612056501,0.0,
bp_fs200_legacy_abs,/home/test/bupt_hjk/sdp_dataset/xrf55/wifi/02_50_14.npy,1000,float64,0.0,0.5050407407407408,0.0,0.012933333333333333,0.49495925925925927,0.493580702463272,0.17818930041152264,0.0,
bp_fs200_legacy_abs,/home/test/bupt_hjk/sdp_dataset/xrf55/wifi/02_50_15.npy,1000,float64,0.0,0.5079111111111111,0.0,0.012274074074074074,0.4920888888888889,0.4914873614055655,0.17000333667000334,0.0,
bp_fs200_legacy_abs,/home/test/bupt_hjk/sdp_dataset/xrf55/wifi/02_50_16.npy,1000,float64,0.0,0.5121666666666667,0.0,0.013251851851851851,0.48783333333333334,0.48519761999449357,0.17945723501279057,0.0,
bp_fs200_legacy_abs,/home/test/bupt_hjk/sdp_dataset/xrf55/wifi/02_50_17.npy,1000,float64,0.0,0.5081814814814815,0.0,0.011851851851851851,0.49181851851851854,0.4906369746365793,0.17280613947280615,0.0,
bp_fs200_legacy_abs,/home/test/bupt_hjk/sdp_dataset/xrf55/wifi/02_50_18.npy,1000,float64,0.0,0.4941888888888889,0.0,0.012481481481481482,0.5058111111111111,0.5055836824730582,0.17969080191302414,0.0,
bp_fs200_legacy_abs,/home/test/bupt_hjk/sdp_dataset/xrf55/wifi/02_50_19.npy,1000,float64,0.0,0.5084962962962963,0.0,0.012748148148148147,0.4915037037037037,0.4879868579396764,0.18851444036629222,0.0,
bp_fs200_legacy_abs,/home/test/bupt_hjk/sdp_dataset/xrf55/wifi/02_50_20.npy,1000,float64,0.0,0.5001,0.0,0.01217037037037037,0.4999,0.49853231006421383,0.1755236718199681,0.0,
bp_fs200_legacy_abs,/home/test/bupt_hjk/sdp_dataset/xrf55/wifi/02_51_01.npy,1000,float64,0.0,0.4939037037037037,0.0,0.012207407407407408,0.5060962962962963,0.5088213063509608,0.1743187632076521,0.0,
bp_fs200_legacy_abs,/home/test/bupt_hjk/sdp_dataset/xrf55/wifi/02_51_02.npy,1000,float64,0.0,0.4967037037037037,0.0,0.011888888888888888,0.5032962962962962,0.5017401018688581,0.16986986986986988,0.0,
bp_fs200_legacy_abs,/home/test/bupt_hjk/sdp_dataset/xrf55/wifi/02_51_03.npy,1000,float64,0.0,0.5008777777777778,0.0,0.011118518518518519,0.49912222222222224,0.4987722994376828,0.16631075519964408,0.0,
bp_fs200_legacy_abs,/home/test/bupt_hjk/sdp_dataset/xrf55/wifi/02_51_04.npy,1000,float64,0.0,0.4951740740740741,0.0,0.012637037037037037,0.5048259259259259,0.5064637482900137,0.16443851258666073,0.0,
bp_fs200_legacy_abs,/home/test/bupt_hjk/sdp_dataset/xrf55/wifi/02_51_05.npy,1000,float64,0.0,0.5187888888888889,0.0,0.012192592592592593,0.4812111111111111,0.4809331760081647,0.162410558706855,0.0,
bp_fs200_legacy_abs,/home/test/bupt_hjk/sdp_dataset/xrf55/wifi/02_51_06.npy,1000,float64,0.0,0.5063518518518518,0.0,0.011948148148148149,0.49364814814814817,0.492856953537067,0.17637637637637638,0.0,
bp_fs200_legacy_abs,/home/test/bupt_hjk/sdp_dataset/xrf55/wifi/02_51_07.npy,1000,float64,0.0,0.4975148148148148,0.0,0.012237037037037038,0.5024851851851851,0.5029600357324007,0.1656916175434694,0.0,
bp_fs200_legacy_abs,/home/test/bupt_hjk/sdp_dataset/xrf55/wifi/02_51_08.npy,1000,float64,0.0,0.5076037037037037,0.0,0.011222222222222222,0.4923962962962963,0.4935217409534991,0.16928780632484336,0.0,
bp_fs200_legacy_abs,/home/test/bupt_hjk/sdp_dataset/xrf55/wifi/02_51_09.npy,1000,float64,0.0,0.49195555555555553,0.0,0.012814814814814815,0.5080444444444444,0.5078347034196131,0.17659140622103586,0.0,
bp_fs200_legacy_abs,/home/test/bupt_hjk/sdp_dataset/xrf55/wifi/02_51_10.npy,1000,float64,0.0,0.5174814814814814,0.0,0.01157037037037037,0.4825185185185185,0.4799744586549477,0.1672301931561191,0.0,
bp_fs200_legacy_abs,/home/test/bupt_hjk/sdp_dataset/xrf55/wifi/02_51_11.npy,1000,float64,0.0,0.49381851851851855,0.0,0.012244444444444445,0.5061814814814815,0.5069071868085235,0.1843843843843844,0.0,
bp_fs200_legacy_abs,/home/test/bupt_hjk/sdp_dataset/xrf55/wifi/02_51_12.npy,1000,float64,0.0,0.5049666666666667,0.0,0.013133333333333334,0.4950333333333333,0.4947452843750709,0.1969932895858822,0.0,
bp_fs200_legacy_abs,/home/test/bupt_hjk/sdp_dataset/xrf55/wifi/02_51_13.npy,1000,float64,0.0,0.4965777777777778,0.0,0.012474074074074075,0.5034222222222222,0.5054239497808943,0.16916916916916916,0.0,
bp_fs200_legacy_abs,/home/test/bupt_hjk/sdp_dataset/xrf55/wifi/02_51_14.npy,1000,float64,0.0,0.5066259259259259,0.0,0.011259259259259259,0.4933740740740741,0.4934343510529174,0.17622807993178363,0.0,
bp_fs200_legacy_abs,/home/test/bupt_hjk/sdp_dataset/xrf55/wifi/02_51_15.npy,1000,float64,0.0,0.48865925925925924,0.0,0.011985185185185186,0.5113407407407408,0.513882839515057,0.17545693841990137,0.0,
bp_fs200_legacy_abs,/home/test/bupt_hjk/sdp_dataset/xrf55/wifi/02_51_16.npy,1000,float64,0.0,0.5010370370370371,0.0,0.012844444444444445,0.49896296296296294,0.49924727422028253,0.17320283246209173,0.0,
bp_fs200_legacy_abs,/home/test/bupt_hjk/sdp_dataset/xrf55/wifi/02_51_17.npy,1000,float64,0.0,0.5058111111111111,0.0,0.011051851851851853,0.4941888888888889,0.49144121560748333,0.16787899010121232,0.0,
bp_fs200_legacy_abs,/home/test/bupt_hjk/sdp_dataset/xrf55/wifi/02_51_18.npy,1000,float64,0.0,0.4796074074074074,0.0,0.012266666666666667,0.5203925925925926,0.5232093741758035,0.18438067697326957,0.0,
bp_fs200_legacy_abs,/home/test/bupt_hjk/sdp_dataset/xrf55/wifi/02_51_19.npy,1000,float64,0.0,0.4961407407407407,0.0,0.011592592592592592,0.5038592592592592,0.5070182115524472,0.16462017573128684,0.0,
bp_fs200_legacy_abs,/home/test/bupt_hjk/sdp_dataset/xrf55/wifi/02_51_20.npy,1000,float64,0.0,0.4819111111111111,0.0,0.012444444444444444,0.5180888888888889,0.521621262962331,0.17423349275201128,0.0,
bp_fs200_legacy_abs,/home/test/bupt_hjk/sdp_dataset/xrf55/wifi/02_52_01.npy,1000,float64,0.0,0.4815962962962963,0.0,0.012133333333333333,0.5184037037037037,0.5239094867346668,0.19094279464649835,0.0,
bp_fs200_legacy_abs,/home/test/bupt_hjk/sdp_dataset/xrf55/wifi/02_52_02.npy,1000,float64,0.0,0.49708148148148146,0.0,0.0136,0.5029185185185185,0.5057476057961344,0.19784599414229043,0.0,
bp_fs200_legacy_abs,/home/test/bupt_hjk/sdp_dataset/xrf55/wifi/02_52_03.npy,1000,float64,0.0,0.5072962962962962,0.0,0.013014814814814814,0.4927037037037037,0.49221814213117177,0.1795684573462351,0.0,
bp_fs200_legacy_abs,/home/test/bupt_hjk/sdp_dataset/xrf55/wifi/02_52_04.npy,1000,float64,0.0,0.4911814814814815,0.0,0.013222222222222222,0.5088185185185186,0.5094082811072312,0.19191784376969562,0.0,
bp_fs200_legacy_abs,/home/test/bupt_hjk/sdp_dataset/xrf55/wifi/02_52_05.npy,1000,float64,0.0,0.49347407407407406,0.0,0.013703703703703704,0.5065259259259259,0.5087638376383764,0.19156563971378787,0.0,
bp_fs200_legacy_abs,/home/test/bupt_hjk/sdp_dataset/xrf55/wifi/02_52_06.npy,1000,float64,0.0,0.5026592592592593,0.0,0.012222222222222223,0.49734074074074075,0.49987087659600327,0.19297074852630408,0.0,
bp_fs200_legacy_abs,/home/test/bupt_hjk/sdp_dataset/xrf55/wifi/02_52_07.npy,1000,float64,0.0,0.5043777777777778,0.0,0.013266666666666666,0.49562222222222224,0.49686101371460595,0.1922144366588811,0.0,
bp_fs200_legacy_abs,/home/test/bupt_hjk/sdp_dataset/xrf55/wifi/02_52_08.npy,1000,float64,0.0,0.49854444444444446,0.0,0.012925925925925926,0.5014555555555555,0.5013423174070208,0.19104660215771327,0.0,
bp_fs200_legacy_abs,/home/test/bupt_hjk/sdp_dataset/xrf55/wifi/02_52_09.npy,1000,float64,0.0,0.49574444444444443,0.0,0.012007407407407408,0.5042555555555556,0.5059632940820685,0.1895895895895896,0.0,
bp_fs200_legacy_abs,/home/test/bupt_hjk/sdp_dataset/xrf55/wifi/02_52_10.npy,1000,float64,0.0,0.5096407407407407,0.0,0.013844444444444444,0.4903592592592593,0.49153457125603867,0.19494679865050235,0.0,
bp_fs200_legacy_abs,/home/test/bupt_hjk/sdp_dataset/xrf55/wifi/02_52_11.npy,1000,float64,0.0,0.47483333333333333,0.0,0.011355555555555556,0.5251666666666667,0.5285659647143025,0.16996626255885516,0.0,
bp_fs200_legacy_abs,/home/test/bupt_hjk/sdp_dataset/xrf55/wifi/02_52_12.npy,1000,float64,0.0,0.5009333333333333,0.0,0.011703703703703704,0.49906666666666666,0.5012150875583374,0.18369480591702814,0.0,
bp_fs200_legacy_abs,/home/test/bupt_hjk/sdp_dataset/xrf55/wifi/02_52_13.npy,1000,float64,0.0,0.4882,0.0,0.012703703703703703,0.5118,0.5142304703050063,0.17864901938976013,0.0,
bp_fs200_legacy_abs,/home/test/bupt_hjk/sdp_dataset/xrf55/wifi/02_52_14.npy,1000,float64,0.0,0.5014851851851851,0.0,0.012014814814814815,0.4985148148148148,0.4983452610852361,0.18562636710784858,0.0,
bp_fs200_legacy_abs,/home/test/bupt_hjk/sdp_dataset/xrf55/wifi/02_52_15.npy,1000,float64,0.0,0.5137296296296296,0.0,0.012177777777777777,0.48627037037037035,0.48754256558992015,0.18954510065621177,0.0,
bp_fs200_legacy_abs,/home/test/bupt_hjk/sdp_dataset/xrf55/wifi/02_52_16.npy,1000,float64,0.0,0.5014740740740741,0.0,0.012429629629629629,0.49852592592592593,0.5003975027033951,0.19822785748711674,0.0,
bp_fs200_legacy_abs,/home/test/bupt_hjk/sdp_dataset/xrf55/wifi/02_52_17.npy,1000,float64,0.0,0.4972925925925926,0.0,0.011844444444444444,0.5027074074074074,0.5059206899416238,0.1926704482260038,0.0,
bp_fs200_legacy_abs,/home/test/bupt_hjk/sdp_dataset/xrf55/wifi/02_52_18.npy,1000,float64,0.0,0.4916111111111111,0.0,0.013081481481481482,0.5083888888888889,0.5095290823132825,0.18701293886479073,0.0,
bp_fs200_legacy_abs,/home/test/bupt_hjk/sdp_dataset/xrf55/wifi/02_52_19.npy,1000,float64,0.0,0.4926962962962963,0.0,0.011674074074074075,0.5073037037037037,0.5117769606448014,0.18202276350424498,0.0,
bp_fs200_legacy_abs,/home/test/bupt_hjk/sdp_dataset/xrf55/wifi/02_52_20.npy,1000,float64,0.0,0.4911333333333333,0.0,0.012762962962962964,0.5088666666666667,0.5114839753647462,0.18948207466725986,0.0,
bp_fs200_legacy_abs,/home/test/bupt_hjk/sdp_dataset/xrf55/wifi/02_53_01.npy,1000,float64,0.0,0.4895481481481481,0.0,0.0134,0.5104518518518518,0.5129114787651373,0.19115040966892818,0.0,
bp_fs200_legacy_abs,/home/test/bupt_hjk/sdp_dataset/xrf55/wifi/02_53_02.npy,1000,float64,0.0,0.502325925925926,0.0,0.011303703703703703,0.49767407407407405,0.4968426791041386,0.18396173951729508,0.0,
bp_fs200_legacy_abs,/home/test/bupt_hjk/sdp_dataset/xrf55/wifi/02_53_03.npy,1000,float64,0.0,0.5039703703703704,0.0,0.013111111111111112,0.49602962962962965,0.4955764948266198,0.19270010751492234,0.0,
bp_fs200_legacy_abs,/home/test/bupt_hjk/sdp_dataset/xrf55/wifi/02_53_04.npy,1000,float64,0.0,0.5047222222222222,0.0,0.011155555555555556,0.49527777777777776,0.4947624314397557,0.16714121528936343,0.0,
bp_fs200_legacy_abs,/home/test/bupt_hjk/sdp_dataset/xrf55/wifi/02_53_05.npy,1000,float64,0.0,0.5039592592592592,0.0,0.01485925925925926,0.4960407407407407,0.49477745791068173,0.20105290475660845,0.0,
bp_fs200_legacy_abs,/home/test/bupt_hjk/sdp_dataset/xrf55/wifi/02_53_06.npy,1000,float64,0.0,0.4951333333333333,0.0,0.013096296296296297,0.5048666666666667,0.5046021635068411,0.18258628999369741,0.0,
bp_fs200_legacy_abs,/home/test/bupt_hjk/sdp_dataset/xrf55/wifi/02_53_07.npy,1000,float64,0.0,0.4981074074074074,0.0,0.011925925925925927,0.5018925925925926,0.5023681587565668,0.18326845363882402,0.0,
bp_fs200_legacy_abs,/home/test/bupt_hjk/sdp_dataset/xrf55/wifi/02_53_08.npy,1000,float64,0.0,0.5118703703703704,0.0,0.012696296296296296,0.48812962962962964,0.4866549694748769,0.17867867867867868,0.0,
bp_fs200_legacy_abs,/home/test/bupt_hjk/sdp_dataset/xrf55/wifi/02_53_09.npy,1000,float64,0.0,0.5128925925925926,0.0,0.012777777777777779,0.48710740740740743,0.4856503502879808,0.18692396099803507,0.0,
bp_fs200_legacy_abs,/home/test/bupt_hjk/sdp_dataset/xrf55/wifi/02_53_10.npy,1000,float64,0.0,0.509362962962963,0.0,0.0128,0.49063703703703704,0.489372584678336,0.18459199940681423,0.0,
bp_fs200_legacy_abs,/home/test/bupt_hjk/sdp_dataset/xrf55/wifi/02_53_11.npy,1000,float64,0.0,0.4935888888888889,0.0,0.012007407407407408,0.5064111111111111,0.5079648297363746,0.17458198939680422,0.0,
bp_fs200_legacy_abs,/home/test/bupt_hjk/sdp_dataset/xrf55/wifi/02_53_12.npy,1000,float64,0.0,0.5032703703703704,0.0,0.013674074074074075,0.49672962962962963,0.4962151953459797,0.18085863641419198,0.0,
bp_fs200_legacy_abs,/home/test/bupt_hjk/sdp_dataset/xrf55/wifi/02_53_13.npy,1000,float64,0.0,0.4842851851851852,0.0,0.012585185185185185,0.5157148148148148,0.5178447071932182,0.18061394728061395,0.0,
bp_fs200_legacy_abs,/home/test/bupt_hjk/sdp_dataset/xrf55/wifi/02_53_14.npy,1000,float64,0.0,0.4937740740740741,0.0,0.013348148148148149,0.506225925925926,0.5083809869595474,0.2016646275905535,0.0,
bp_fs200_legacy_abs,/home/test/bupt_hjk/sdp_dataset/xrf55/wifi/02_53_15.npy,1000,float64,0.0,0.49372222222222223,0.0,0.01451851851851852,0.5062777777777778,0.5104116314918073,0.2000037074111148,0.0,
bp_fs200_legacy_abs,/home/test/bupt_hjk/sdp_dataset/xrf55/wifi/02_53_16.npy,1000,float64,0.0,0.5037185185185186,0.0,0.013674074074074075,0.4962814814814815,0.49677380381555747,0.18386163941719497,0.0,
bp_fs200_legacy_abs,/home/test/bupt_hjk/sdp_dataset/xrf55/wifi/02_53_17.npy,1000,float64,0.0,0.49394444444444446,0.0,0.013518518518518518,0.5060555555555556,0.5073955615302412,0.18595632669706744,0.0,
bp_fs200_legacy_abs,/home/test/bupt_hjk/sdp_dataset/xrf55/wifi/02_53_18.npy,1000,float64,0.0,0.49862222222222224,0.0,0.014377777777777778,0.5013777777777778,0.5045309329861006,0.18812516219923628,0.0,
bp_fs200_legacy_abs,/home/test/bupt_hjk/sdp_dataset/xrf55/wifi/02_53_19.npy,1000,float64,0.0,0.49954814814814813,0.0,0.012785185185185186,0.5004518518518518,0.5004278526361428,0.1745004263522782,0.0,
bp_fs200_legacy_abs,/home/test/bupt_hjk/sdp_dataset/xrf55/wifi/02_53_20.npy,1000,float64,0.0,0.5007925925925926,0.0,0.013466666666666667,0.49920740740740743,0.5002739559235359,0.18209691172654136,0.0,
bp_fs200_legacy_abs,/home/test/bupt_hjk/sdp_dataset/xrf55/wifi/02_54_01.npy,1000,float64,0.0,0.5148333333333334,0.0,0.011259259259259259,0.4851666666666667,0.48361257719954487,0.17251325399473547,0.0,
bp_fs200_legacy_abs,/home/test/bupt_hjk/sdp_dataset/xrf55/wifi/02_54_02.npy,1000,float64,0.0,0.5094888888888889,0.0,0.011251851851851851,0.4905111111111111,0.490781150208327,0.17287287287287287,0.0,
bp_fs200_legacy_abs,/home/test/bupt_hjk/sdp_dataset/xrf55/wifi/02_54_03.npy,1000,float64,0.0,0.5020296296296296,0.0,0.013,0.4979703703703704,0.49685532192426074,0.1759574389204019,0.0,
bp_fs200_legacy_abs,/home/test/bupt_hjk/sdp_dataset/xrf55/wifi/02_54_04.npy,1000,float64,0.0,0.5018555555555556,0.0,0.011066666666666667,0.49814444444444445,0.5028103481783228,0.17939420902383865,0.0,
bp_fs200_legacy_abs,/home/test/bupt_hjk/sdp_dataset/xrf55/wifi/02_54_05.npy,1000,float64,0.0,0.4965925925925926,0.0,0.013037037037037036,0.5034074074074074,0.505077220809775,0.18916323731138546,0.0,
bp_fs200_legacy_abs,/home/test/bupt_hjk/sdp_dataset/xrf55/wifi/02_54_06.npy,1000,float64,0.0,0.4961851851851852,0.0,0.01214074074074074,0.5038148148148148,0.5064641204361718,0.1815074333592852,0.0,
bp_fs200_legacy_abs,/home/test/bupt_hjk/sdp_dataset/xrf55/wifi/02_54_07.npy,1000,float64,0.0,0.5027407407407407,0.0,0.012377777777777777,0.49725925925925923,0.4984460632338561,0.17883068253438625,0.0,
bp_fs200_legacy_abs,/home/test/bupt_hjk/sdp_dataset/xrf55/wifi/02_54_08.npy,1000,float64,0.0,0.5020037037037037,0.0,0.01162962962962963,0.49799629629629627,0.4961793385586219,0.18059170281392503,0.0,
bp_fs200_legacy_abs,/home/test/bupt_hjk/sdp_dataset/xrf55/wifi/02_54_09.npy,1000,float64,0.0,0.49791111111111114,0.0,0.01062962962962963,0.5020888888888889,0.503834709992959,0.15707930152374597,0.0,
bp_fs200_legacy_abs,/home/test/bupt_hjk/sdp_dataset/xrf55/wifi/02_54_10.npy,1000,float64,0.0,0.5089037037037037,0.0,0.01122962962962963,0.4910962962962963,0.48783690420297654,0.17192748303859415,0.0,
bp_fs200_legacy_abs,/home/test/bupt_hjk/sdp_dataset/xrf55/wifi/02_54_11.npy,1000,float64,0.0,0.5050851851851852,0.0,0.012288888888888889,0.4949148148148148,0.49528976029902916,0.18520001482964446,0.0,
bp_fs200_legacy_abs,/home/test/bupt_hjk/sdp_dataset/xrf55/wifi/02_54_12.npy,1000,float64,0.0,0.5077333333333334,0.0,0.012066666666666667,0.4922666666666667,0.48988793922127255,0.17546806065324583,0.0,
bp_fs200_legacy_abs,/home/test/bupt_hjk/sdp_dataset/xrf55/wifi/02_54_13.npy,1000,float64,0.0,0.47909259259259257,0.0,0.011022222222222221,0.5209074074074074,0.5236804434562787,0.16396396396396395,0.0,
bp_fs200_legacy_abs,/home/test/bupt_hjk/sdp_dataset/xrf55/wifi/02_54_14.npy,1000,float64,0.0,0.5031851851851852,0.0,0.012429629629629629,0.4968148148148148,0.49764094270751885,0.17379231082934787,0.0,
bp_fs200_legacy_abs,/home/test/bupt_hjk/sdp_dataset/xrf55/wifi/02_54_15.npy,1000,float64,0.0,0.5163962962962962,0.0,0.011777777777777778,0.4836037037037037,0.4811515179168948,0.18213027842657473,0.0,
bp_fs200_legacy_abs,/home/test/bupt_hjk/sdp_dataset/xrf55/wifi/02_54_16.npy,1000,float64,0.0,0.5084962962962963,0.0,0.01154074074074074,0.4915037037037037,0.4909328188833409,0.17322878433989544,0.0,
bp_fs200_legacy_abs,/home/test/bupt_hjk/sdp_dataset/xrf55/wifi/02_54_17.npy,1000,float64,0.0,0.5021333333333333,0.0,0.01162962962962963,0.4978666666666667,0.49524450803804393,0.17234271308345384,0.0,
bp_fs200_legacy_abs,/home/test/bupt_hjk/sdp_dataset/xrf55/wifi/02_54_18.npy,1000,float64,0.0,0.5007814814814815,0.0,0.011125925925925926,0.4992185185185185,0.4994704963620433,0.16200274348422497,0.0,
bp_fs200_legacy_abs,/home/test/bupt_hjk/sdp_dataset/xrf55/wifi/02_54_19.npy,1000,float64,0.0,0.5084962962962963,0.0,0.011214814814814815,0.4915037037037037,0.48849826306497846,0.17213509806102398,0.0,
bp_fs200_legacy_abs,/home/test/bupt_hjk/sdp_dataset/xrf55/wifi/02_54_20.npy,1000,float64,0.0,0.4947185185185185,0.0,0.011251851851851851,0.5052814814814814,0.5085302435909133,0.1681792904015126,0.0,
bp_fs200_legacy_abs,/home/test/bupt_hjk/sdp_dataset/xrf55/wifi/02_55_01.npy,1000,float64,0.0,0.5041703703703704,0.0,0.01182962962962963,0.4958296296296296,0.4973871552629068,0.1870092314536759,0.0,
bp_fs200_legacy_abs,/home/test/bupt_hjk/sdp_dataset/xrf55/wifi/02_55_02.npy,1000,float64,0.0,0.4934962962962963,0.0,0.011103703703703704,0.5065037037037037,0.50751752825946,0.1737774811848886,0.0,
bp_fs200_legacy_abs,/home/test/bupt_hjk/sdp_dataset/xrf55/wifi/02_55_03.npy,1000,float64,0.0,0.49345555555555554,0.0,0.012429629629629629,0.5065444444444445,0.5068643916111613,0.18056945834723612,0.0,
bp_fs200_legacy_abs,/home/test/bupt_hjk/sdp_dataset/xrf55/wifi/02_55_04.npy,1000,float64,0.0,0.488,0.0,0.01377037037037037,0.512,0.513711874000433,0.1856041226411597,0.0,
bp_fs200_legacy_abs,/home/test/bupt_hjk/sdp_dataset/xrf55/wifi/02_55_05.npy,1000,float64,0.0,0.5000259259259259,0.0,0.012785185185185186,0.49997407407407407,0.5019178538194419,0.1916953991028065,0.0,
bp_fs200_legacy_abs,/home/test/bupt_hjk/sdp_dataset/xrf55/wifi/02_55_06.npy,1000,float64,0.0,0.4952111111111111,0.0,0.01157037037037037,0.5047888888888888,0.5060078548324541,0.1883105327549772,0.0,
bp_fs200_legacy_abs,/home/test/bupt_hjk/sdp_dataset/xrf55/wifi/02_55_07.npy,1000,float64,0.0,0.5036777777777778,0.0,0.01308888888888889,0.4963222222222222,0.4965007362875924,0.18615652689726764,0.0,
bp_fs200_legacy_abs,/home/test/bupt_hjk/sdp_dataset/xrf55/wifi/02_55_08.npy,1000,float64,0.0,0.5058222222222222,0.0,0.01211111111111111,0.49417777777777777,0.49476155795287297,0.1827827827827828,0.0,
bp_fs200_legacy_abs,/home/test/bupt_hjk/sdp_dataset/xrf55/wifi/02_55_09.npy,1000,float64,0.0,0.4964703703703704,0.0,0.012355555555555555,0.5035296296296297,0.5057249014255384,0.18355763170577985,0.0,
bp_fs200_legacy_abs,/home/test/bupt_hjk/sdp_dataset/xrf55/wifi/02_55_10.npy,1000,float64,0.0,0.49467037037037037,0.0,0.012377777777777777,0.5053296296296297,0.5087689400394612,0.1836651466281096,0.0,
bp_fs200_legacy_abs,/home/test/bupt_hjk/sdp_dataset/xrf55/wifi/02_55_11.npy,1000,float64,0.0,0.49153703703703705,0.0,0.012948148148148148,0.508462962962963,0.5104717499668315,0.1865495124754384,0.0,
bp_fs200_legacy_abs,/home/test/bupt_hjk/sdp_dataset/xrf55/wifi/02_55_12.npy,1000,float64,0.0,0.5032222222222222,0.0,0.013118518518518519,0.49677777777777776,0.4963894139886578,0.1910947985022059,0.0,
bp_fs200_legacy_abs,/home/test/bupt_hjk/sdp_dataset/xrf55/wifi/02_55_13.npy,1000,float64,0.0,0.5101925925925926,0.0,0.012007407407407408,0.4898074074074074,0.4883986349562689,0.18375783190598005,0.0,
bp_fs200_legacy_abs,/home/test/bupt_hjk/sdp_dataset/xrf55/wifi/02_55_14.npy,1000,float64,0.0,0.5098222222222222,0.0,0.011296296296296296,0.49017777777777777,0.4909811567908577,0.17256886516145775,0.0,
bp_fs200_legacy_abs,/home/test/bupt_hjk/sdp_dataset/xrf55/wifi/02_55_15.npy,1000,float64,0.0,0.5058111111111111,0.0,0.012244444444444445,0.4941888888888889,0.49341261337397946,0.18336113891669448,0.0,
bp_fs200_legacy_abs,/home/test/bupt_hjk/sdp_dataset/xrf55/wifi/02_55_16.npy,1000,float64,0.0,0.4960703703703704,0.0,0.01248888888888889,0.5039296296296296,0.502891705898171,0.17370333296259222,0.0,
bp_fs200_legacy_abs,/home/test/bupt_hjk/sdp_dataset/xrf55/wifi/02_55_17.npy,1000,float64,0.0,0.5001925925925926,0.0,0.013725925925925926,0.4998074074074074,0.5016819147601799,0.1893893893893894,0.0,
bp_fs200_legacy_abs,/home/test/bupt_hjk/sdp_dataset/xrf55/wifi/02_55_18.npy,1000,float64,0.0,0.501462962962963,0.0,0.01217037037037037,0.49853703703703706,0.49928356688672754,0.18325362399436473,0.0,
bp_fs200_legacy_abs,/home/test/bupt_hjk/sdp_dataset/xrf55/wifi/02_55_19.npy,1000,float64,0.0,0.4985185185185185,0.0,0.013155555555555556,0.5014814814814815,0.5039816372675158,0.1799688577466355,0.0,
bp_fs200_legacy_abs,/home/test/bupt_hjk/sdp_dataset/xrf55/wifi/02_55_20.npy,1000,float64,0.0,0.49374814814814816,0.0,0.012659259259259259,0.5062518518518518,0.5077128831745163,0.18432506580654728,0.0,
bp_fs200_legacy_abs,/home/test/bupt_hjk/sdp_dataset/xrf55/wifi/03_01_01.npy,1000,float64,0.0,0.4942740740740741,0.0,0.007051851851851852,0.5057259259259259,0.5075658693540553,0.12303043784525267,0.0,
bp_fs200_legacy_abs,/home/test/bupt_hjk/sdp_dataset/xrf55/wifi/03_01_02.npy,1000,float64,0.0,0.49364814814814817,0.0,0.0071111111111111115,0.5063518518518518,0.5102912328353705,0.11920809698587477,0.0,
bp_fs200_legacy_abs,/home/test/bupt_hjk/sdp_dataset/xrf55/wifi/03_01_03.npy,1000,float64,0.0,0.48741111111111113,0.0,0.006177777777777778,0.5125888888888889,0.5151127319953488,0.11789938086234382,0.0,
bp_fs200_legacy_abs,/home/test/bupt_hjk/sdp_dataset/xrf55/wifi/03_01_04.npy,1000,float64,0.0,0.4947185185185185,0.0,0.006177777777777778,0.5052814814814814,0.5102946606321063,0.11748415081748415,0.0,
bp_fs200_legacy_abs,/home/test/bupt_hjk/sdp_dataset/xrf55/wifi/03_01_05.npy,1000,float64,0.0,0.5044703703703703,0.0,0.006592592592592593,0.49552962962962965,0.4956689636299368,0.12280428576724874,0.0,
bp_fs200_legacy_abs,/home/test/bupt_hjk/sdp_dataset/xrf55/wifi/03_01_06.npy,1000,float64,0.0,0.49624074074074076,0.0,0.005629629629629629,0.5037592592592592,0.5052792631754351,0.11065880695510324,0.0,
bp_fs200_legacy_abs,/home/test/bupt_hjk/sdp_dataset/xrf55/wifi/03_01_07.npy,1000,float64,0.0,0.49142592592592593,0.0,0.0058,0.5085740740740741,0.5094033868736089,0.10893856819782746,0.0,
bp_fs200_legacy_abs,/home/test/bupt_hjk/sdp_dataset/xrf55/wifi/03_01_08.npy,1000,float64,0.0,0.5153666666666666,0.0,0.007,0.48463333333333336,0.4815292721216066,0.12056500945389834,0.0,
bp_fs200_legacy_abs,/home/test/bupt_hjk/sdp_dataset/xrf55/wifi/03_01_09.npy,1000,float64,0.0,0.4915407407407407,0.0,0.006377777777777777,0.5084592592592593,0.511009986867422,0.11100359618878138,0.0,
bp_fs200_legacy_abs,/home/test/bupt_hjk/sdp_dataset/xrf55/wifi/03_01_10.npy,1000,float64,0.0,0.4898222222222222,0.0,0.006548148148148148,0.5101777777777777,0.5108233621250398,0.1272383494605717,0.0,
bp_fs200_legacy_abs,/home/test/bupt_hjk/sdp_dataset/xrf55/wifi/03_01_11.npy,1000,float64,0.0,0.5026296296296296,0.0,0.007592592592592593,0.49737037037037035,0.49974931250854615,0.12661179698216735,0.0,
bp_fs200_legacy_abs,/home/test/bupt_hjk/sdp_dataset/xrf55/wifi/03_01_12.npy,1000,float64,0.0,0.5030259259259259,0.0,0.005992592592592593,0.49697407407407407,0.49500680287577836,0.12003114225336448,0.0,
bp_fs200_legacy_abs,/home/test/bupt_hjk/sdp_dataset/xrf55/wifi/03_01_13.npy,1000,float64,0.0,0.49782592592592595,0.0,0.006592592592592593,0.5021740740740741,0.5045252977767015,0.11852222592963334,0.0,
bp_fs200_legacy_abs,/home/test/bupt_hjk/sdp_dataset/xrf55/wifi/03_01_14.npy,1000,float64,0.0,0.49305925925925925,0.0,0.006303703703703704,0.5069407407407407,0.5090848355871833,0.11109998887776666,0.0,
bp_fs200_legacy_abs,/home/test/bupt_hjk/sdp_dataset/xrf55/wifi/03_01_15.npy,1000,float64,0.0,0.5058111111111111,0.0,0.0066,0.4941888888888889,0.4941555547938162,0.11694286879472064,0.0,
bp_fs200_legacy_abs,/home/test/bupt_hjk/sdp_dataset/xrf55/wifi/03_01_16.npy,1000,float64,0.0,0.4974222222222222,0.0,0.0062148148148148145,0.5025777777777778,0.5057229619247839,0.11286842397953509,0.0,
bp_fs200_legacy_abs,/home/test/bupt_hjk/sdp_dataset/xrf55/wifi/03_01_17.npy,1000,float64,0.0,0.4817,0.0,0.006222222222222222,0.5183,0.520547322828087,0.11444778111444778,0.0,
bp_fs200_legacy_abs,/home/test/bupt_hjk/sdp_dataset/xrf55/wifi/03_01_18.npy,1000,float64,0.0,0.4933074074074074,0.0,0.006311111111111111,0.5066925925925926,0.509325877178027,0.12096170244318392,0.0,
bp_fs200_legacy_abs,/home/test/bupt_hjk/sdp_dataset/xrf55/wifi/03_01_19.npy,1000,float64,0.0,0.4945555555555556,0.0,0.007222222222222222,0.5054444444444445,0.5083237984102568,0.12660808957105255,0.0,
bp_fs200_legacy_abs,/home/test/bupt_hjk/sdp_dataset/xrf55/wifi/03_01_20.npy,1000,float64,0.0,0.49294074074074073,0.0,0.005733333333333333,0.5070592592592592,0.5065253475870681,0.11666481296110925,0.0,
bp_fs200_legacy_abs,/home/test/bupt_hjk/sdp_dataset/xrf55/wifi/03_02_01.npy,1000,float64,0.0,0.5102296296296296,0.0,0.008444444444444444,0.48977037037037036,0.4896228997386508,0.12600007414822229,0.0,
bp_fs200_legacy_abs,/home/test/bupt_hjk/sdp_dataset/xrf55/wifi/03_02_02.npy,1000,float64,0.0,0.4961,0.0,0.008214814814814815,0.5039,0.5070137648418619,0.1258406554702851,0.0,
bp_fs200_legacy_abs,/home/test/bupt_hjk/sdp_dataset/xrf55/wifi/03_02_03.npy,1000,float64,0.0,0.49224444444444443,0.0,0.008659259259259259,0.5077555555555555,0.5096600857332609,0.1326289252215178,0.0,
bp_fs200_legacy_abs,/home/test/bupt_hjk/sdp_dataset/xrf55/wifi/03_02_04.npy,1000,float64,0.0,0.4840740740740741,0.0,0.00917037037037037,0.5159259259259259,0.5220678667791852,0.13841990138286434,0.0,
bp_fs200_legacy_abs,/home/test/bupt_hjk/sdp_dataset/xrf55/wifi/03_02_05.npy,1000,float64,0.0,0.47834814814814813,0.0,0.008311111111111111,0.5216518518518518,0.5245619064143087,0.1288028769510251,0.0,
bp_fs200_legacy_abs,/home/test/bupt_hjk/sdp_dataset/xrf55/wifi/03_02_06.npy,1000,float64,0.0,0.5003555555555556,0.0,0.00857037037037037,0.49964444444444445,0.5011957149175744,0.12611500389278166,0.0,
bp_fs200_legacy_abs,/home/test/bupt_hjk/sdp_dataset/xrf55/wifi/03_02_07.npy,1000,float64,0.0,0.49145555555555553,0.0,0.009370370370370371,0.5085444444444445,0.5081296517157565,0.1428354280206132,0.0,
bp_fs200_legacy_abs,/home/test/bupt_hjk/sdp_dataset/xrf55/wifi/03_02_08.npy,1000,float64,0.0,0.4983851851851852,0.0,0.009133333333333334,0.5016148148148148,0.5023607709469042,0.1436733029325622,0.0,
bp_fs200_legacy_abs,/home/test/bupt_hjk/sdp_dataset/xrf55/wifi/03_02_09.npy,1000,float64,0.0,0.48937037037037034,0.0,0.008303703703703704,0.5106296296296297,0.5131335595066547,0.1317650984317651,0.0,
bp_fs200_legacy_abs,/home/test/bupt_hjk/sdp_dataset/xrf55/wifi/03_02_10.npy,1000,float64,0.0,0.4950555555555556,0.0,0.008888888888888889,0.5049444444444444,0.507823178052814,0.13332221109998887,0.0,
bp_fs200_legacy_abs,/home/test/bupt_hjk/sdp_dataset/xrf55/wifi/03_02_11.npy,1000,float64,0.0,0.5009481481481481,0.0,0.009444444444444445,0.49905185185185186,0.5006293123057093,0.13755607459311164,0.0,
bp_fs200_legacy_abs,/home/test/bupt_hjk/sdp_dataset/xrf55/wifi/03_02_12.npy,1000,float64,0.0,0.49844444444444447,0.0,0.008651851851851852,0.5015555555555555,0.5024635729706552,0.13370036703370036,0.0,
bp_fs200_legacy_abs,/home/test/bupt_hjk/sdp_dataset/xrf55/wifi/03_02_13.npy,1000,float64,0.0,0.48688148148148147,0.0,0.008451851851851851,0.5131185185185185,0.5163721295862371,0.13008934860786714,0.0,
bp_fs200_legacy_abs,/home/test/bupt_hjk/sdp_dataset/xrf55/wifi/03_02_14.npy,1000,float64,0.0,0.49227037037037036,0.0,0.009274074074074073,0.5077296296296296,0.50795817819399,0.13698142587031475,0.0,
bp_fs200_legacy_abs,/home/test/bupt_hjk/sdp_dataset/xrf55/wifi/03_02_15.npy,1000,float64,0.0,0.4998592592592593,0.0,0.009755555555555556,0.5001407407407408,0.5028051628579082,0.14480035591146703,0.0,
bp_fs200_legacy_abs,/home/test/bupt_hjk/sdp_dataset/xrf55/wifi/03_02_16.npy,1000,float64,0.0,0.49994814814814814,0.0,0.00885925925925926,0.5000518518518519,0.5005233544564482,0.13579876172468766,0.0,
bp_fs200_legacy_abs,/home/test/bupt_hjk/sdp_dataset/xrf55/wifi/03_02_17.npy,1000,float64,0.0,0.5027333333333334,0.0,0.009192592592592592,0.4972666666666667,0.4964780234697879,0.1364290216142068,0.0,
bp_fs200_legacy_abs,/home/test/bupt_hjk/sdp_dataset/xrf55/wifi/03_02_18.npy,1000,float64,0.0,0.5171888888888889,0.0,0.008525925925925926,0.48281111111111114,0.4818330097675246,0.12424276127979832,0.0,
bp_fs200_legacy_abs,/home/test/bupt_hjk/sdp_dataset/xrf55/wifi/03_02_19.npy,1000,float64,0.0,0.48354814814814817,0.0,0.008288888888888889,0.5164518518518518,0.519557084578798,0.12052422793163534,0.0,
bp_fs200_legacy_abs,/home/test/bupt_hjk/sdp_dataset/xrf55/wifi/03_02_20.npy,1000,float64,0.0,0.4956074074074074,0.0,0.008637037037037037,0.5043925925925926,0.5056205342920858,0.14081488896303712,0.0,
bp_fs200_legacy_abs,/home/test/bupt_hjk/sdp_dataset/xrf55/wifi/03_03_01.npy,1000,float64,0.0,0.5004259259259259,0.0,0.007955555555555556,0.49957407407407406,0.49989420788151284,0.11777703629555482,0.0,
bp_fs200_legacy_abs,/home/test/bupt_hjk/sdp_dataset/xrf55/wifi/03_03_02.npy,1000,float64,0.0,0.49941851851851854,0.0,0.008311111111111111,0.5005814814814815,0.5023935547686105,0.1222185148111074,0.0,
bp_fs200_legacy_abs,/home/test/bupt_hjk/sdp_dataset/xrf55/wifi/03_03_03.npy,1000,float64,0.0,0.5151333333333333,0.0,0.008585185185185185,0.48486666666666667,0.48250560729756437,0.1311237163089015,0.0,
bp_fs200_legacy_abs,/home/test/bupt_hjk/sdp_dataset/xrf55/wifi/03_03_04.npy,1000,float64,0.0,0.5039222222222223,0.0,0.009074074074074075,0.4960777777777778,0.4965220709641099,0.12943684425165908,0.0,
bp_fs200_legacy_abs,/home/test/bupt_hjk/sdp_dataset/xrf55/wifi/03_03_05.npy,1000,float64,0.0,0.49344074074074074,0.0,0.008585185185185185,0.5065592592592593,0.5075747902567993,0.11683535387239091,0.0,
bp_fs200_legacy_abs,/home/test/bupt_hjk/sdp_dataset/xrf55/wifi/03_03_06.npy,1000,float64,0.0,0.5001,0.0,0.00908888888888889,0.4999,0.5010171461784365,0.12432803173543915,0.0,
bp_fs200_legacy_abs,/home/test/bupt_hjk/sdp_dataset/xrf55/wifi/03_03_07.npy,1000,float64,0.0,0.5039296296296296,0.0,0.00797037037037037,0.4960703703703704,0.49679161431866337,0.11714677640603567,0.0,
bp_fs200_legacy_abs,/home/test/bupt_hjk/sdp_dataset/xrf55/wifi/03_03_08.npy,1000,float64,0.0,0.5009444444444444,0.0,0.008851851851851852,0.49905555555555553,0.5010673160758846,0.12319356393430468,0.0,
bp_fs200_legacy_abs,/home/test/bupt_hjk/sdp_dataset/xrf55/wifi/03_03_09.npy,1000,float64,0.0,0.4878037037037037,0.0,0.00834074074074074,0.5121962962962963,0.5144581030788317,0.12460238015793572,0.0,
bp_fs200_legacy_abs,/home/test/bupt_hjk/sdp_dataset/xrf55/wifi/03_03_10.npy,1000,float64,0.0,0.4958518518518519,0.0,0.008725925925925925,0.5041481481481481,0.5050320528449947,0.1251621992362733,0.0,
bp_fs200_legacy_abs,/home/test/bupt_hjk/sdp_dataset/xrf55/wifi/03_03_11.npy,1000,float64,0.0,0.5098666666666667,0.0,0.008651851851851852,0.4901333333333333,0.49018938939539347,0.12263745226708189,0.0,
bp_fs200_legacy_abs,/home/test/bupt_hjk/sdp_dataset/xrf55/wifi/03_03_12.npy,1000,float64,0.0,0.5069555555555556,0.0,0.008474074074074075,0.49304444444444445,0.4950158126816956,0.12395358321284247,0.0,
bp_fs200_legacy_abs,/home/test/bupt_hjk/sdp_dataset/xrf55/wifi/03_03_13.npy,1000,float64,0.0,0.5111777777777777,0.0,0.00814074074074074,0.4888222222222222,0.48781942589619315,0.11812182552923293,0.0,
bp_fs200_legacy_abs,/home/test/bupt_hjk/sdp_dataset/xrf55/wifi/03_03_14.npy,1000,float64,0.0,0.5166888888888889,0.0,0.0077555555555555555,0.48331111111111114,0.4825533124396939,0.11946390835279724,0.0,
bp_fs200_legacy_abs,/home/test/bupt_hjk/sdp_dataset/xrf55/wifi/03_03_15.npy,1000,float64,0.0,0.5033851851851852,0.0,0.008244444444444445,0.49661481481481484,0.4966921234239714,0.12186260334408483,0.0,
bp_fs200_legacy_abs,/home/test/bupt_hjk/sdp_dataset/xrf55/wifi/03_03_16.npy,1000,float64,0.0,0.504962962962963,0.0,0.008911111111111111,0.49503703703703705,0.4957685347190412,0.12961479998517036,0.0,
bp_fs200_legacy_abs,/home/test/bupt_hjk/sdp_dataset/xrf55/wifi/03_03_17.npy,1000,float64,0.0,0.5053444444444445,0.0,0.007844444444444444,0.49465555555555557,0.49504098529318236,0.11879286694101508,0.0,
bp_fs200_legacy_abs,/home/test/bupt_hjk/sdp_dataset/xrf55/wifi/03_03_18.npy,1000,float64,0.0,0.4860259259259259,0.0,0.008281481481481482,0.513974074074074,0.5175761395137725,0.1253401549697846,0.0,
bp_fs200_legacy_abs,/home/test/bupt_hjk/sdp_dataset/xrf55/wifi/03_03_19.npy,1000,float64,0.0,0.5079851851851852,0.0,0.007962962962962963,0.4920148148148148,0.49225449412047395,0.12411670930189449,0.0,
bp_fs200_legacy_abs,/home/test/bupt_hjk/sdp_dataset/xrf55/wifi/03_03_20.npy,1000,float64,0.0,0.4948814814814815,0.0,0.008911111111111111,0.5051185185185185,0.5069880965791747,0.12590738887035183,0.0,
bp_fs200_legacy_abs,/home/test/bupt_hjk/sdp_dataset/xrf55/wifi/03_04_01.npy,1000,float64,0.0,0.4872037037037037,0.0,0.011933333333333334,0.5127962962962963,0.5166567109313973,0.16675935194453714,0.0,
bp_fs200_legacy_abs,/home/test/bupt_hjk/sdp_dataset/xrf55/wifi/03_04_02.npy,1000,float64,0.0,0.5012592592592593,0.0,0.011148148148148148,0.49874074074074076,0.5008064270716046,0.15921847773699627,0.0,
bp_fs200_legacy_abs,/home/test/bupt_hjk/sdp_dataset/xrf55/wifi/03_04_03.npy,1000,float64,0.0,0.5082814814814814,0.0,0.01062962962962963,0.4917185185185185,0.49326864905845325,0.1716753790827865,0.0,
bp_fs200_legacy_abs,/home/test/bupt_hjk/sdp_dataset/xrf55/wifi/03_04_04.npy,1000,float64,0.0,0.49066296296296297,0.0,0.010748148148148147,0.509337037037037,0.5081204559598075,0.15799503206910614,0.0,
bp_fs200_legacy_abs,/home/test/bupt_hjk/sdp_dataset/xrf55/wifi/03_04_05.npy,1000,float64,0.0,0.4970703703703704,0.0,0.011807407407407407,0.5029296296296296,0.5042425644287669,0.1669743817891966,0.0,
bp_fs200_legacy_abs,/home/test/bupt_hjk/sdp_dataset/xrf55/wifi/03_04_06.npy,1000,float64,0.0,0.49313703703703704,0.0,0.010718518518518518,0.506862962962963,0.5098656888375137,0.15285656026396768,0.0,
bp_fs200_legacy_abs,/home/test/bupt_hjk/sdp_dataset/xrf55/wifi/03_04_07.npy,1000,float64,0.0,0.509662962962963,0.0,0.010792592592592593,0.490337037037037,0.4906604758964037,0.16104252400548696,0.0,
bp_fs200_legacy_abs,/home/test/bupt_hjk/sdp_dataset/xrf55/wifi/03_04_08.npy,1000,float64,0.0,0.4809222222222222,0.0,0.011303703703703703,0.5190777777777777,0.5229952423636489,0.16043450858265673,0.0,
bp_fs200_legacy_abs,/home/test/bupt_hjk/sdp_dataset/xrf55/wifi/03_04_09.npy,1000,float64,0.0,0.49796666666666667,0.0,0.0114,0.5020333333333333,0.5045060150060778,0.16213621028435843,0.0,
bp_fs200_legacy_abs,/home/test/bupt_hjk/sdp_dataset/xrf55/wifi/03_04_10.npy,1000,float64,0.0,0.4927740740740741,0.0,0.011962962962962963,0.507225925925926,0.5080948600227829,0.17576094613131651,0.0,
bp_fs200_legacy_abs,/home/test/bupt_hjk/sdp_dataset/xrf55/wifi/03_04_11.npy,1000,float64,0.0,0.49584814814814815,0.0,0.011607407407407407,0.5041518518518519,0.5052467119713656,0.1623846068290513,0.0,
bp_fs200_legacy_abs,/home/test/bupt_hjk/sdp_dataset/xrf55/wifi/03_04_12.npy,1000,float64,0.0,0.48834814814814814,0.0,0.012162962962962962,0.5116518518518518,0.514739990234375,0.1693545397249101,0.0,
bp_fs200_legacy_abs,/home/test/bupt_hjk/sdp_dataset/xrf55/wifi/03_04_13.npy,1000,float64,0.0,0.49169259259259257,0.0,0.012222222222222223,0.5083074074074074,0.5111684177500937,0.16964371779186593,0.0,
bp_fs200_legacy_abs,/home/test/bupt_hjk/sdp_dataset/xrf55/wifi/03_04_14.npy,1000,float64,0.0,0.5275185185185185,0.0,0.011044444444444445,0.4724814814814815,0.47002071731321154,0.15496978459941424,0.0,
bp_fs200_legacy_abs,/home/test/bupt_hjk/sdp_dataset/xrf55/wifi/03_04_15.npy,1000,float64,0.0,0.4938296296296296,0.0,0.012251851851851852,0.5061703703703704,0.511391066461298,0.1668149631112594,0.0,
bp_fs200_legacy_abs,/home/test/bupt_hjk/sdp_dataset/xrf55/wifi/03_04_16.npy,1000,float64,0.0,0.4990703703703704,0.0,0.011866666666666666,0.5009296296296296,0.5028711028916515,0.18205983761539318,0.0,
bp_fs200_legacy_abs,/home/test/bupt_hjk/sdp_dataset/xrf55/wifi/03_04_17.npy,1000,float64,0.0,0.5003111111111112,0.0,0.01168888888888889,0.4996888888888889,0.4999790221259359,0.1715530345159975,0.0,
bp_fs200_legacy_abs,/home/test/bupt_hjk/sdp_dataset/xrf55/wifi/03_04_18.npy,1000,float64,0.0,0.5024518518518518,0.0,0.011822222222222222,0.49754814814814813,0.49954861217370017,0.1762799836873911,0.0,
bp_fs200_legacy_abs,/home/test/bupt_hjk/sdp_dataset/xrf55/wifi/03_04_19.npy,1000,float64,0.0,0.5068185185185186,0.0,0.012355555555555555,0.4931814814814815,0.49311473161738095,0.17498980461943425,0.0,
bp_fs200_legacy_abs,/home/test/bupt_hjk/sdp_dataset/xrf55/wifi/03_04_20.npy,1000,float64,0.0,0.490337037037037,0.0,0.011874074074074073,0.509662962962963,0.5113408353995804,0.17226856486115746,0.0,
bp_fs200_legacy_abs,/home/test/bupt_hjk/sdp_dataset/xrf55/wifi/03_05_01.npy,1000,float64,0.0,0.49757407407407406,0.0,0.014348148148148148,0.5024259259259259,0.500818877890297,0.2126682237793349,0.0,
bp_fs200_legacy_abs,/home/test/bupt_hjk/sdp_dataset/xrf55/wifi/03_05_02.npy,1000,float64,0.0,0.5131037037037037,0.0,0.01154074074074074,0.48689629629629627,0.4873796896483991,0.17205353501649798,0.0,
bp_fs200_legacy_abs,/home/test/bupt_hjk/sdp_dataset/xrf55/wifi/03_05_03.npy,1000,float64,0.0,0.5200222222222223,0.0,0.011651851851851852,0.4799777777777778,0.47721181663010875,0.17262447632818004,0.0,
bp_fs200_legacy_abs,/home/test/bupt_hjk/sdp_dataset/xrf55/wifi/03_05_04.npy,1000,float64,0.0,0.5117111111111111,0.0,0.011162962962962963,0.4882888888888889,0.4855523651201451,0.16741556371186,0.0,
bp_fs200_legacy_abs,/home/test/bupt_hjk/sdp_dataset/xrf55/wifi/03_05_05.npy,1000,float64,0.0,0.5091925925925926,0.0,0.009422222222222222,0.4908074074074074,0.4888844540504718,0.1563860156452749,0.0,
bp_fs200_legacy_abs,/home/test/bupt_hjk/sdp_dataset/xrf55/wifi/03_05_06.npy,1000,float64,0.0,0.49014444444444444,0.0,0.011814814814814814,0.5098555555555555,0.5098118928119574,0.17370333296259222,0.0,
bp_fs200_legacy_abs,/home/test/bupt_hjk/sdp_dataset/xrf55/wifi/03_05_07.npy,1000,float64,0.0,0.5039851851851852,0.0,0.01308888888888889,0.4960148148148148,0.4942970271372334,0.18594520446372298,0.0,
bp_fs200_legacy_abs,/home/test/bupt_hjk/sdp_dataset/xrf55/wifi/03_05_08.npy,1000,float64,0.0,0.5087222222222222,0.0,0.012414814814814814,0.49127777777777776,0.49147795654350046,0.18231194157120084,0.0,
bp_fs200_legacy_abs,/home/test/bupt_hjk/sdp_dataset/xrf55/wifi/03_05_09.npy,1000,float64,0.0,0.5110185185185185,0.0,0.012696296296296296,0.48898148148148146,0.48866193328670904,0.18289400511622733,0.0,
bp_fs200_legacy_abs,/home/test/bupt_hjk/sdp_dataset/xrf55/wifi/03_05_10.npy,1000,float64,0.0,0.5014444444444445,0.0,0.013814814814814814,0.49855555555555553,0.49843680895517833,0.2070255440625811,0.0,
bp_fs200_legacy_abs,/home/test/bupt_hjk/sdp_dataset/xrf55/wifi/03_05_11.npy,1000,float64,0.0,0.5029962962962963,0.0,0.014051851851851852,0.4970037037037037,0.49387909204625197,0.20313646980313646,0.0,
bp_fs200_legacy_abs,/home/test/bupt_hjk/sdp_dataset/xrf55/wifi/03_05_12.npy,1000,float64,0.0,0.5124666666666666,0.0,0.011177777777777778,0.4875333333333333,0.49025473561617244,0.16083861639417196,0.0,
bp_fs200_legacy_abs,/home/test/bupt_hjk/sdp_dataset/xrf55/wifi/03_05_13.npy,1000,float64,0.0,0.49672962962962963,0.0,0.013103703703703704,0.5032703703703704,0.5032748881955079,0.18060653245838432,0.0,
bp_fs200_legacy_abs,/home/test/bupt_hjk/sdp_dataset/xrf55/wifi/03_05_14.npy,1000,float64,0.0,0.5193037037037037,0.0,0.011437037037037037,0.4806962962962963,0.477540323649598,0.1807474140807474,0.0,
bp_fs200_legacy_abs,/home/test/bupt_hjk/sdp_dataset/xrf55/wifi/03_05_15.npy,1000,float64,0.0,0.5233777777777778,0.0,0.011785185185185185,0.4766222222222222,0.4703387898408645,0.16188410632855077,0.0,
bp_fs200_legacy_abs,/home/test/bupt_hjk/sdp_dataset/xrf55/wifi/03_05_16.npy,1000,float64,0.0,0.5215666666666666,0.0,0.011777777777777778,0.4784333333333333,0.4763189300801303,0.1702925147369592,0.0,
bp_fs200_legacy_abs,/home/test/bupt_hjk/sdp_dataset/xrf55/wifi/03_05_17.npy,1000,float64,0.0,0.5003814814814814,0.0,0.01188148148148148,0.4996185185185185,0.5009236254670283,0.17411485559633708,0.0,
bp_fs200_legacy_abs,/home/test/bupt_hjk/sdp_dataset/xrf55/wifi/03_05_18.npy,1000,float64,0.0,0.5147,0.0,0.011925925925925927,0.4853,0.48151122942292396,0.18022096170244317,0.0,
bp_fs200_legacy_abs,/home/test/bupt_hjk/sdp_dataset/xrf55/wifi/03_05_19.npy,1000,float64,0.0,0.5075740740740741,0.0,0.01142962962962963,0.49242592592592593,0.4903310652410086,0.17220924628332035,0.0,
bp_fs200_legacy_abs,/home/test/bupt_hjk/sdp_dataset/xrf55/wifi/03_05_20.npy,1000,float64,0.0,0.5221333333333333,0.0,0.01182962962962963,0.47786666666666666,0.4771007095016677,0.17794831868905944,0.0,
bp_fs200_legacy_abs,/home/test/bupt_hjk/sdp_dataset/xrf55/wifi/03_06_01.npy,1000,float64,0.0,0.5047925925925926,0.0,0.015985185185185186,0.49520740740740743,0.4941667861481923,0.21060319578838096,0.0,
bp_fs200_legacy_abs,/home/test/bupt_hjk/sdp_dataset/xrf55/wifi/03_06_02.npy,1000,float64,0.0,0.5060148148148148,0.0,0.015244444444444444,0.4939851851851852,0.4925867567060589,0.22066881696511326,0.0,
bp_fs200_legacy_abs,/home/test/bupt_hjk/sdp_dataset/xrf55/wifi/03_06_03.npy,1000,float64,0.0,0.5001629629629629,0.0,0.015340740740740742,0.499837037037037,0.49814649304416364,0.20973566158751344,0.0,
bp_fs200_legacy_abs,/home/test/bupt_hjk/sdp_dataset/xrf55/wifi/03_06_04.npy,1000,float64,0.0,0.4970333333333333,0.0,0.014318518518518519,0.5029666666666667,0.5025665607331306,0.206884662440218,0.0,
bp_fs200_legacy_abs,/home/test/bupt_hjk/sdp_dataset/xrf55/wifi/03_06_05.npy,1000,float64,0.0,0.5052037037037037,0.0,0.014644444444444444,0.4947962962962963,0.49276652234910767,0.20651392132873614,0.0,
bp_fs200_legacy_abs,/home/test/bupt_hjk/sdp_dataset/xrf55/wifi/03_06_06.npy,1000,float64,0.0,0.5011666666666666,0.0,0.015007407407407407,0.49883333333333335,0.4974002746879575,0.21821080339598858,0.0,
bp_fs200_legacy_abs,/home/test/bupt_hjk/sdp_dataset/xrf55/wifi/03_06_07.npy,1000,float64,0.0,0.4877444444444444,0.0,0.014733333333333333,0.5122555555555556,0.5112009496251181,0.2140733325918511,0.0,
bp_fs200_legacy_abs,/home/test/bupt_hjk/sdp_dataset/xrf55/wifi/03_06_08.npy,1000,float64,0.0,0.5079851851851852,0.0,0.015185185185185185,0.4920148148148148,0.4917491499811107,0.2185741296852408,0.0,
bp_fs200_legacy_abs,/home/test/bupt_hjk/sdp_dataset/xrf55/wifi/03_06_09.npy,1000,float64,0.0,0.5119370370370371,0.0,0.015066666666666667,0.488062962962963,0.4859071704467795,0.21827012197382567,0.0,
bp_fs200_legacy_abs,/home/test/bupt_hjk/sdp_dataset/xrf55/wifi/03_06_10.npy,1000,float64,0.0,0.5155592592592593,0.0,0.014925925925925926,0.4844407407407407,0.48173543551929476,0.21426241055870685,0.0,
bp_fs200_legacy_abs,/home/test/bupt_hjk/sdp_dataset/xrf55/wifi/03_06_11.npy,1000,float64,0.0,0.49695925925925927,0.0,0.014525925925925927,0.5030407407407408,0.5033851894201546,0.20775590405220035,0.0,
bp_fs200_legacy_abs,/home/test/bupt_hjk/sdp_dataset/xrf55/wifi/03_06_12.npy,1000,float64,0.0,0.4996148148148148,0.0,0.015274074074074074,0.5003851851851852,0.4989192405311161,0.21340970600229858,0.0,
bp_fs200_legacy_abs,/home/test/bupt_hjk/sdp_dataset/xrf55/wifi/03_06_13.npy,1000,float64,0.0,0.5058407407407407,0.0,0.015192592592592593,0.49415925925925924,0.4923574754676278,0.21311311311311312,0.0,
bp_fs200_legacy_abs,/home/test/bupt_hjk/sdp_dataset/xrf55/wifi/03_06_14.npy,1000,float64,0.0,0.5019888888888889,0.0,0.015703703703703702,0.4980111111111111,0.49807507399935896,0.2178326474622771,0.0,
bp_fs200_legacy_abs,/home/test/bupt_hjk/sdp_dataset/xrf55/wifi/03_06_15.npy,1000,float64,0.0,0.5013740740740741,0.0,0.016014814814814815,0.4986259259259259,0.4977849526955999,0.2186149112075038,0.0,
bp_fs200_legacy_abs,/home/test/bupt_hjk/sdp_dataset/xrf55/wifi/03_06_16.npy,1000,float64,0.0,0.4933814814814815,0.0,0.015325925925925925,0.5066185185185185,0.5060175137155604,0.22201089978867758,0.0,
bp_fs200_legacy_abs,/home/test/bupt_hjk/sdp_dataset/xrf55/wifi/03_06_17.npy,1000,float64,0.0,0.48816296296296297,0.0,0.015066666666666667,0.5118370370370371,0.5133835900797553,0.22061320579839097,0.0,
bp_fs200_legacy_abs,/home/test/bupt_hjk/sdp_dataset/xrf55/wifi/03_06_18.npy,1000,float64,0.0,0.5003703703703704,0.0,0.015155555555555556,0.49962962962962965,0.49979293416059273,0.21200088977866755,0.0,
bp_fs200_legacy_abs,/home/test/bupt_hjk/sdp_dataset/xrf55/wifi/03_06_19.npy,1000,float64,0.0,0.4931333333333333,0.0,0.014637037037037037,0.5068666666666667,0.5050702145612344,0.21060319578838096,0.0,
bp_fs200_legacy_abs,/home/test/bupt_hjk/sdp_dataset/xrf55/wifi/03_06_20.npy,1000,float64,0.0,0.49443703703703706,0.0,0.015007407407407407,0.505562962962963,0.5067152594992239,0.21917843769695622,0.0,
bp_fs200_legacy_abs,/home/test/bupt_hjk/sdp_dataset/xrf55/wifi/03_07_01.npy,1000,float64,0.0,0.5037888888888888,0.0,0.010792592592592593,0.4962111111111111,0.49716303690145025,0.15737218700181663,0.0,
bp_fs200_legacy_abs,/home/test/bupt_hjk/sdp_dataset/xrf55/wifi/03_07_02.npy,1000,float64,0.0,0.490462962962963,0.0,0.011259259259259259,0.509537037037037,0.511762343831683,0.16119823527230934,0.0,
bp_fs200_legacy_abs,/home/test/bupt_hjk/sdp_dataset/xrf55/wifi/03_07_03.npy,1000,float64,0.0,0.4974851851851852,0.0,0.011525925925925926,0.5025148148148149,0.5017656573941175,0.1591072554035517,0.0,
bp_fs200_legacy_abs,/home/test/bupt_hjk/sdp_dataset/xrf55/wifi/03_07_04.npy,1000,float64,0.0,0.49045925925925926,0.0,0.010637037037037037,0.5095407407407407,0.5107906581998394,0.15353130908686463,0.0,
bp_fs200_legacy_abs,/home/test/bupt_hjk/sdp_dataset/xrf55/wifi/03_07_05.npy,1000,float64,0.0,0.4927592592592593,0.0,0.010266666666666667,0.5072407407407408,0.5101163120567376,0.13723723723723724,0.0,
bp_fs200_legacy_abs,/home/test/bupt_hjk/sdp_dataset/xrf55/wifi/03_07_06.npy,1000,float64,0.0,0.49873703703703703,0.0,0.011222222222222222,0.5012629629629629,0.5043721203046978,0.15253401549697845,0.0,
bp_fs200_legacy_abs,/home/test/bupt_hjk/sdp_dataset/xrf55/wifi/03_07_07.npy,1000,float64,0.0,0.527974074074074,0.0,0.009859259259259259,0.4720259259259259,0.4675105836735003,0.1403143884625366,0.0,
bp_fs200_legacy_abs,/home/test/bupt_hjk/sdp_dataset/xrf55/wifi/03_07_08.npy,1000,float64,0.0,0.5083888888888889,0.0,0.010792592592592593,0.4916111111111111,0.491877595844369,0.1584621658695733,0.0,
bp_fs200_legacy_abs,/home/test/bupt_hjk/sdp_dataset/xrf55/wifi/03_07_09.npy,1000,float64,0.0,0.4956703703703704,0.0,0.01037037037037037,0.5043296296296297,0.5064625361864233,0.15190746301857413,0.0,
bp_fs200_legacy_abs,/home/test/bupt_hjk/sdp_dataset/xrf55/wifi/03_07_10.npy,1000,float64,0.0,0.5036259259259259,0.0,0.011451851851851852,0.4963740740740741,0.49732735956782514,0.16080154228302376,0.0,
bp_fs200_legacy_abs,/home/test/bupt_hjk/sdp_dataset/xrf55/wifi/03_07_11.npy,1000,float64,0.0,0.5081851851851852,0.0,0.010896296296296296,0.4918148148148148,0.49125767394593445,0.1558224891558225,0.0,
bp_fs200_legacy_abs,/home/test/bupt_hjk/sdp_dataset/xrf55/wifi/03_07_12.npy,1000,float64,0.0,0.5006111111111111,0.0,0.009822222222222222,0.4993888888888889,0.4994960177768275,0.13978793608423237,0.0,
bp_fs200_legacy_abs,/home/test/bupt_hjk/sdp_dataset/xrf55/wifi/03_07_13.npy,1000,float64,0.0,0.4928962962962963,0.0,0.010392592592592592,0.5071037037037037,0.5079422506407498,0.15599673747821896,0.0,
bp_fs200_legacy_abs,/home/test/bupt_hjk/sdp_dataset/xrf55/wifi/03_07_14.npy,1000,float64,0.0,0.5099888888888889,0.0,0.011859259259259259,0.4900111111111111,0.49083404151997084,0.15835465094724355,0.0,
bp_fs200_legacy_abs,/home/test/bupt_hjk/sdp_dataset/xrf55/wifi/03_07_15.npy,1000,float64,0.0,0.5044074074074074,0.0,0.01025925925925926,0.4955925925925926,0.49517723701135813,0.1569643717791866,0.0,
bp_fs200_legacy_abs,/home/test/bupt_hjk/sdp_dataset/xrf55/wifi/03_07_16.npy,1000,float64,0.0,0.5057333333333334,0.0,0.011259259259259259,0.4942666666666667,0.493997665230568,0.16232158084009937,0.0,
bp_fs200_legacy_abs,/home/test/bupt_hjk/sdp_dataset/xrf55/wifi/03_07_17.npy,1000,float64,0.0,0.5072148148148148,0.0,0.011162962962962963,0.49278518518518516,0.48960831941703353,0.15789493196900603,0.0,
bp_fs200_legacy_abs,/home/test/bupt_hjk/sdp_dataset/xrf55/wifi/03_07_18.npy,1000,float64,0.0,0.5120888888888889,0.0,0.010637037037037037,0.48791111111111113,0.4861844947959702,0.14834834834834834,0.0,
bp_fs200_legacy_abs,/home/test/bupt_hjk/sdp_dataset/xrf55/wifi/03_07_19.npy,1000,float64,0.0,0.5107851851851852,0.0,0.01022962962962963,0.4892148148148148,0.4869311946289355,0.1438994550105661,0.0,
bp_fs200_legacy_abs,/home/test/bupt_hjk/sdp_dataset/xrf55/wifi/03_07_20.npy,1000,float64,0.0,0.5073666666666666,0.0,0.008903703703703704,0.4926333333333333,0.49146833966009745,0.13499796092388686,0.0,
bp_fs200_legacy_abs,/home/test/bupt_hjk/sdp_dataset/xrf55/wifi/03_08_01.npy,1000,float64,0.0,0.4829037037037037,0.0,0.007822222222222222,0.5170962962962963,0.5205041136366206,0.13079375671968266,0.0,
bp_fs200_legacy_abs,/home/test/bupt_hjk/sdp_dataset/xrf55/wifi/03_08_02.npy,1000,float64,0.0,0.48343703703703705,0.0,0.010081481481481481,0.516562962962963,0.5211198503012231,0.15192970748526305,0.0,
bp_fs200_legacy_abs,/home/test/bupt_hjk/sdp_dataset/xrf55/wifi/03_08_03.npy,1000,float64,0.0,0.4977185185185185,0.0,0.008955555555555555,0.5022814814814814,0.5044308343729915,0.15175175175175176,0.0,
bp_fs200_legacy_abs,/home/test/bupt_hjk/sdp_dataset/xrf55/wifi/03_08_04.npy,1000,float64,0.0,0.49670740740740743,0.0,0.008414814814814814,0.5032925925925926,0.50340452927365,0.14901197493790086,0.0,
bp_fs200_legacy_abs,/home/test/bupt_hjk/sdp_dataset/xrf55/wifi/03_08_05.npy,1000,float64,0.0,0.5059444444444444,0.0,0.009748148148148148,0.4940555555555556,0.49605506573624214,0.1412746079412746,0.0,
bp_fs200_legacy_abs,/home/test/bupt_hjk/sdp_dataset/xrf55/wifi/03_08_06.npy,1000,float64,0.0,0.5068074074074074,0.0,0.007725925925925926,0.49319259259259257,0.4927320177991401,0.12670818967115263,0.0,
bp_fs200_legacy_abs,/home/test/bupt_hjk/sdp_dataset/xrf55/wifi/03_08_07.npy,1000,float64,0.0,0.4949925925925926,0.0,0.00871111111111111,0.5050074074074075,0.5042832645523584,0.1371297223149075,0.0,
bp_fs200_legacy_abs,/home/test/bupt_hjk/sdp_dataset/xrf55/wifi/03_08_08.npy,1000,float64,0.0,0.5040074074074075,0.0,0.009237037037037037,0.4959925925925926,0.4986749752031074,0.14434434434434434,0.0,
bp_fs200_legacy_abs,/home/test/bupt_hjk/sdp_dataset/xrf55/wifi/03_08_09.npy,1000,float64,0.0,0.5068259259259259,0.0,0.008881481481481482,0.4931740740740741,0.4920043869401846,0.13475697920142365,0.0,
bp_fs200_legacy_abs,/home/test/bupt_hjk/sdp_dataset/xrf55/wifi/03_08_10.npy,1000,float64,0.0,0.48905185185185185,0.0,0.008355555555555555,0.5109481481481482,0.5124317585053932,0.12809105401697995,0.0,
bp_fs200_legacy_abs,/home/test/bupt_hjk/sdp_dataset/xrf55/wifi/03_08_11.npy,1000,float64,0.0,0.5099518518518519,0.0,0.008392592592592592,0.4900481481481481,0.4898864758330843,0.12744596448300152,0.0,
bp_fs200_legacy_abs,/home/test/bupt_hjk/sdp_dataset/xrf55/wifi/03_08_12.npy,1000,float64,0.0,0.4914148148148148,0.0,0.007985185185185185,0.5085851851851851,0.5124440085875587,0.12843955066177287,0.0,
bp_fs200_legacy_abs,/home/test/bupt_hjk/sdp_dataset/xrf55/wifi/03_08_13.npy,1000,float64,0.0,0.49957407407407406,0.0,0.008688888888888888,0.5004259259259259,0.5025837545017099,0.12336039743447151,0.0,
bp_fs200_legacy_abs,/home/test/bupt_hjk/sdp_dataset/xrf55/wifi/03_08_14.npy,1000,float64,0.0,0.5213185185185185,0.0,0.008281481481481482,0.4786814814814815,0.47804042506323535,0.1273013754495236,0.0,
bp_fs200_legacy_abs,/home/test/bupt_hjk/sdp_dataset/xrf55/wifi/03_08_15.npy,1000,float64,0.0,0.5037518518518519,0.0,0.009,0.49624814814814816,0.49637338981949153,0.1379713046379713,0.0,
bp_fs200_legacy_abs,/home/test/bupt_hjk/sdp_dataset/xrf55/wifi/03_08_16.npy,1000,float64,0.0,0.5079296296296296,0.0,0.00991851851851852,0.4920703703703704,0.49227095686768757,0.14686538390242093,0.0,
bp_fs200_legacy_abs,/home/test/bupt_hjk/sdp_dataset/xrf55/wifi/03_08_17.npy,1000,float64,0.0,0.4905111111111111,0.0,0.009977777777777778,0.5094888888888889,0.5112799219303114,0.1480183887591295,0.0,
bp_fs200_legacy_abs,/home/test/bupt_hjk/sdp_dataset/xrf55/wifi/03_08_18.npy,1000,float64,0.0,0.5150592592592592,0.0,0.010251851851851852,0.48494074074074073,0.4804045415513787,0.15843992140288438,0.0,
bp_fs200_legacy_abs,/home/test/bupt_hjk/sdp_dataset/xrf55/wifi/03_08_19.npy,1000,float64,0.0,0.5052888888888889,0.0,0.010059259259259259,0.4947111111111111,0.49504485392168746,0.14564935305676047,0.0,
bp_fs200_legacy_abs,/home/test/bupt_hjk/sdp_dataset/xrf55/wifi/03_08_20.npy,1000,float64,0.0,0.5010740740740741,0.0,0.009118518518518519,0.49892592592592594,0.498679081034026,0.14464093723352983,0.0,
bp_fs200_legacy_abs,/home/test/bupt_hjk/sdp_dataset/xrf55/wifi/03_09_01.npy,1000,float64,0.0,0.5008703703703704,0.0,0.011355555555555556,0.49912962962962965,0.5008419642553062,0.16444592740889039,0.0,
bp_fs200_legacy_abs,/home/test/bupt_hjk/sdp_dataset/xrf55/wifi/03_09_02.npy,1000,float64,0.0,0.4907592592592593,0.0,0.012725925925925925,0.5092407407407408,0.5119527120474395,0.18078078078078078,0.0,
bp_fs200_legacy_abs,/home/test/bupt_hjk/sdp_dataset/xrf55/wifi/03_09_03.npy,1000,float64,0.0,0.4906185185185185,0.0,0.0116,0.5093814814814814,0.5114781241574164,0.17793719645571499,0.0,
bp_fs200_legacy_abs,/home/test/bupt_hjk/sdp_dataset/xrf55/wifi/03_09_04.npy,1000,float64,0.0,0.4970222222222222,0.0,0.011985185185185186,0.5029777777777777,0.5028140806639786,0.1741185630074519,0.0,
bp_fs200_legacy_abs,/home/test/bupt_hjk/sdp_dataset/xrf55/wifi/03_09_05.npy,1000,float64,0.0,0.4946925925925926,0.0,0.012785185185185186,0.5053074074074074,0.5053551307198222,0.18081785489192898,0.0,
bp_fs200_legacy_abs,/home/test/bupt_hjk/sdp_dataset/xrf55/wifi/03_09_06.npy,1000,float64,0.0,0.4965962962962963,0.0,0.012688888888888888,0.5034037037037037,0.5046443873179092,0.17967597226856485,0.0,
bp_fs200_legacy_abs,/home/test/bupt_hjk/sdp_dataset/xrf55/wifi/03_09_07.npy,1000,float64,0.0,0.4954222222222222,0.0,0.014148148148148148,0.5045777777777778,0.5073394809653026,0.18031735439142846,0.0,
bp_fs200_legacy_abs,/home/test/bupt_hjk/sdp_dataset/xrf55/wifi/03_09_08.npy,1000,float64,0.0,0.4933777777777778,0.0,0.0124,0.5066222222222222,0.5105126459772825,0.1747006265524784,0.0,
bp_fs200_legacy_abs,/home/test/bupt_hjk/sdp_dataset/xrf55/wifi/03_09_09.npy,1000,float64,0.0,0.5005148148148149,0.0,0.012592592592592593,0.4994851851851852,0.5024544338893686,0.1827012197382568,0.0,
bp_fs200_legacy_abs,/home/test/bupt_hjk/sdp_dataset/xrf55/wifi/03_09_10.npy,1000,float64,0.0,0.5006259259259259,0.0,0.012822222222222223,0.4993740740740741,0.5029923335656495,0.17354391428465502,0.0,
bp_fs200_legacy_abs,/home/test/bupt_hjk/sdp_dataset/xrf55/wifi/03_09_11.npy,1000,float64,0.0,0.48764814814814816,0.0,0.012525925925925926,0.5123518518518518,0.5163989443656278,0.17662848033218403,0.0,
bp_fs200_legacy_abs,/home/test/bupt_hjk/sdp_dataset/xrf55/wifi/03_09_12.npy,1000,float64,0.0,0.49543333333333334,0.0,0.012807407407407408,0.5045666666666667,0.5055767738401375,0.18180773365958552,0.0,
bp_fs200_legacy_abs,/home/test/bupt_hjk/sdp_dataset/xrf55/wifi/03_09_13.npy,1000,float64,0.0,0.49903703703703706,0.0,0.013074074074074075,0.5009629629629629,0.5027974607956123,0.18151484818151484,0.0,
bp_fs200_legacy_abs,/home/test/bupt_hjk/sdp_dataset/xrf55/wifi/03_09_14.npy,1000,float64,0.0,0.4958740740740741,0.0,0.013,0.504125925925926,0.5065286164048123,0.18854039224409594,0.0,
bp_fs200_legacy_abs,/home/test/bupt_hjk/sdp_dataset/xrf55/wifi/03_09_15.npy,1000,float64,0.0,0.48689629629629627,0.0,0.012785185185185186,0.5131037037037037,0.512694331202647,0.18666073480888296,0.0,
bp_fs200_legacy_abs,/home/test/bupt_hjk/sdp_dataset/xrf55/wifi/03_09_16.npy,1000,float64,0.0,0.4858148148148148,0.0,0.012511111111111112,0.5141851851851852,0.514710037032795,0.18463648834019206,0.0,
bp_fs200_legacy_abs,/home/test/bupt_hjk/sdp_dataset/xrf55/wifi/03_09_17.npy,1000,float64,0.0,0.4833148148148148,0.0,0.012214814814814815,0.5166851851851851,0.5210485907127224,0.174177881585289,0.0,
bp_fs200_legacy_abs,/home/test/bupt_hjk/sdp_dataset/xrf55/wifi/03_09_18.npy,1000,float64,0.0,0.496162962962963,0.0,0.01331111111111111,0.5038370370370371,0.5053044096349821,0.18073999925851778,0.0,
bp_fs200_legacy_abs,/home/test/bupt_hjk/sdp_dataset/xrf55/wifi/03_09_19.npy,1000,float64,0.0,0.49257407407407405,0.0,0.012437037037037036,0.507425925925926,0.5092392297849003,0.18118118118118118,0.0,
bp_fs200_legacy_abs,/home/test/bupt_hjk/sdp_dataset/xrf55/wifi/03_09_20.npy,1000,float64,0.0,0.48777037037037035,0.0,0.011585185185185184,0.5122296296296296,0.513572833862145,0.17664330997664332,0.0,
bp_fs200_legacy_abs,/home/test/bupt_hjk/sdp_dataset/xrf55/wifi/03_10_01.npy,1000,float64,0.0,0.49661481481481484,0.0,0.009644444444444445,0.5033851851851852,0.5032532730526514,0.1320653987320654,0.0,
bp_fs200_legacy_abs,/home/test/bupt_hjk/sdp_dataset/xrf55/wifi/03_10_02.npy,1000,float64,0.0,0.5048555555555555,0.0,0.008222222222222223,0.49514444444444444,0.4964071381959873,0.10985059133207281,0.0,
bp_fs200_legacy_abs,/home/test/bupt_hjk/sdp_dataset/xrf55/wifi/03_10_03.npy,1000,float64,0.0,0.5194,0.0,0.009422222222222222,0.4806,0.4777810303336742,0.130786341897453,0.0,
bp_fs200_legacy_abs,/home/test/bupt_hjk/sdp_dataset/xrf55/wifi/03_10_04.npy,1000,float64,0.0,0.5157074074074074,0.0,0.009696296296296297,0.4842925925925926,0.48088460580631043,0.1310236162088014,0.0,
bp_fs200_legacy_abs,/home/test/bupt_hjk/sdp_dataset/xrf55/wifi/03_10_05.npy,1000,float64,0.0,0.49315185185185184,0.0,0.00982962962962963,0.5068481481481482,0.509929324352895,0.13379305231157082,0.0,
bp_fs200_legacy_abs,/home/test/bupt_hjk/sdp_dataset/xrf55/wifi/03_10_06.npy,1000,float64,0.0,0.49903703703703706,0.0,0.008251851851851852,0.5009629629629629,0.5026199523507947,0.11874837800763727,0.0,
bp_fs200_legacy_abs,/home/test/bupt_hjk/sdp_dataset/xrf55/wifi/03_10_07.npy,1000,float64,0.0,0.48940370370370373,0.0,0.008348148148148148,0.5105962962962963,0.5129828886692398,0.1174952730508286,0.0,
bp_fs200_legacy_abs,/home/test/bupt_hjk/sdp_dataset/xrf55/wifi/03_10_08.npy,1000,float64,0.0,0.5019814814814815,0.0,0.008429629629629629,0.4980185185185185,0.4960737788979334,0.12505468431394356,0.0,
bp_fs200_legacy_abs,/home/test/bupt_hjk/sdp_dataset/xrf55/wifi/03_10_09.npy,1000,float64,0.0,0.505637037037037,0.0,0.009807407407407407,0.49436296296296295,0.4945124460771611,0.1321469617765914,0.0,
bp_fs200_legacy_abs,/home/test/bupt_hjk/sdp_dataset/xrf55/wifi/03_10_10.npy,1000,float64,0.0,0.4946740740740741,0.0,0.007940740740740741,0.505325925925926,0.5064457484407876,0.12315278241204167,0.0,
bp_fs200_legacy_abs,/home/test/bupt_hjk/sdp_dataset/xrf55/wifi/03_10_11.npy,1000,float64,0.0,0.5021592592592593,0.0,0.008770370370370371,0.49784074074074075,0.49837537505842616,0.12802802802802804,0.0,
bp_fs200_legacy_abs,/home/test/bupt_hjk/sdp_dataset/xrf55/wifi/03_10_12.npy,1000,float64,0.0,0.5012629629629629,0.0,0.009466666666666667,0.49873703703703703,0.5006394175453156,0.14126719311904498,0.0,
bp_fs200_legacy_abs,/home/test/bupt_hjk/sdp_dataset/xrf55/wifi/03_10_13.npy,1000,float64,0.0,0.5058814814814815,0.0,0.009355555555555556,0.4941185185185185,0.4930424067562288,0.12547732918103288,0.0,
bp_fs200_legacy_abs,/home/test/bupt_hjk/sdp_dataset/xrf55/wifi/03_10_14.npy,1000,float64,0.0,0.49355185185185185,0.0,0.008911111111111111,0.5064481481481482,0.5077812394429638,0.12842842842842841,0.0,
bp_fs200_legacy_abs,/home/test/bupt_hjk/sdp_dataset/xrf55/wifi/03_10_15.npy,1000,float64,0.0,0.4930185185185185,0.0,0.009,0.5069814814814815,0.5081428064961417,0.1270010751492233,0.0,
bp_fs200_legacy_abs,/home/test/bupt_hjk/sdp_dataset/xrf55/wifi/03_10_16.npy,1000,float64,0.0,0.4941037037037037,0.0,0.009348148148148149,0.5058962962962963,0.503069361912713,0.12805397990583176,0.0,
bp_fs200_legacy_abs,/home/test/bupt_hjk/sdp_dataset/xrf55/wifi/03_10_17.npy,1000,float64,0.0,0.49436296296296295,0.0,0.008948148148148148,0.505637037037037,0.506784547231467,0.12512883253623994,0.0,
bp_fs200_legacy_abs,/home/test/bupt_hjk/sdp_dataset/xrf55/wifi/03_10_18.npy,1000,float64,0.0,0.5070888888888889,0.0,0.0086,0.49291111111111113,0.4924608165816845,0.12716790864939012,0.0,
bp_fs200_legacy_abs,/home/test/bupt_hjk/sdp_dataset/xrf55/wifi/03_10_19.npy,1000,float64,0.0,0.4885851851851852,0.0,0.009474074074074074,0.5114148148148148,0.5124118725192185,0.12680828977125275,0.0,
bp_fs200_legacy_abs,/home/test/bupt_hjk/sdp_dataset/xrf55/wifi/03_10_20.npy,1000,float64,0.0,0.49486296296296295,0.0,0.008903703703703704,0.505137037037037,0.5060310123188242,0.1190746301857413,0.0,
bp_fs200_legacy_abs,/home/test/bupt_hjk/sdp_dataset/xrf55/wifi/03_11_01.npy,1000,float64,0.0,0.5166814814814815,0.0,0.010125925925925925,0.48331851851851854,0.47944443809719667,0.14880806732658586,0.0,
bp_fs200_legacy_abs,/home/test/bupt_hjk/sdp_dataset/xrf55/wifi/03_11_02.npy,1000,float64,0.0,0.49587777777777775,0.0,0.009022222222222221,0.5041222222222222,0.5065516732227568,0.1330441552663775,0.0,
bp_fs200_legacy_abs,/home/test/bupt_hjk/sdp_dataset/xrf55/wifi/03_11_03.npy,1000,float64,0.0,0.4950148148148148,0.0,0.011066666666666667,0.5049851851851852,0.5056436004062625,0.15627108590071553,0.0,
bp_fs200_legacy_abs,/home/test/bupt_hjk/sdp_dataset/xrf55/wifi/03_11_04.npy,1000,float64,0.0,0.4974777777777778,0.0,0.01022962962962963,0.5025222222222222,0.5046316836227339,0.145801356912468,0.0,
bp_fs200_legacy_abs,/home/test/bupt_hjk/sdp_dataset/xrf55/wifi/03_11_05.npy,1000,float64,0.0,0.49545185185185187,0.0,0.01002962962962963,0.5045481481481482,0.5062151867235802,0.1540058577095614,0.0,
bp_fs200_legacy_abs,/home/test/bupt_hjk/sdp_dataset/xrf55/wifi/03_11_06.npy,1000,float64,0.0,0.5015037037037037,0.0,0.011414814814814815,0.49849629629629627,0.499160233535055,0.15763541319096874,0.0,
bp_fs200_legacy_abs,/home/test/bupt_hjk/sdp_dataset/xrf55/wifi/03_11_07.npy,1000,float64,0.0,0.49324074074074076,0.0,0.011214814814814815,0.5067592592592592,0.5101814284620685,0.15804322841359877,0.0,
bp_fs200_legacy_abs,/home/test/bupt_hjk/sdp_dataset/xrf55/wifi/03_11_08.npy,1000,float64,0.0,0.47865555555555556,0.0,0.010540740740740741,0.5213444444444445,0.5258822270789075,0.15163311459607756,0.0,
bp_fs200_legacy_abs,/home/test/bupt_hjk/sdp_dataset/xrf55/wifi/03_11_09.npy,1000,float64,0.0,0.4830185185185185,0.0,0.010755555555555556,0.5169814814814815,0.5220538140620814,0.15529603677751827,0.0,
bp_fs200_legacy_abs,/home/test/bupt_hjk/sdp_dataset/xrf55/wifi/03_11_10.npy,1000,float64,0.0,0.4822592592592593,0.0,0.010088888888888889,0.5177407407407407,0.5217072994943498,0.14966447929410892,0.0,
bp_fs200_legacy_abs,/home/test/bupt_hjk/sdp_dataset/xrf55/wifi/03_11_11.npy,1000,float64,0.0,0.4999851851851852,0.0,0.010918518518518518,0.5000148148148148,0.5012644001123912,0.1567493419345271,0.0,
bp_fs200_legacy_abs,/home/test/bupt_hjk/sdp_dataset/xrf55/wifi/03_11_12.npy,1000,float64,0.0,0.49225555555555556,0.0,0.013007407407407407,0.5077444444444444,0.5110175107204606,0.1709969228487747,0.0,
bp_fs200_legacy_abs,/home/test/bupt_hjk/sdp_dataset/xrf55/wifi/03_11_13.npy,1000,float64,0.0,0.5010629629629629,0.0,0.011962962962962963,0.498937037037037,0.5006911164949002,0.17126385644904163,0.0,
bp_fs200_legacy_abs,/home/test/bupt_hjk/sdp_dataset/xrf55/wifi/03_11_14.npy,1000,float64,0.0,0.5026037037037037,0.0,0.01145925925925926,0.4973962962962963,0.496247776037469,0.16741185630074518,0.0,
bp_fs200_legacy_abs,/home/test/bupt_hjk/sdp_dataset/xrf55/wifi/03_11_15.npy,1000,float64,0.0,0.48948148148148146,0.0,0.008896296296296296,0.5105185185185185,0.5128082971298071,0.14062951840729618,0.0,
bp_fs200_legacy_abs,/home/test/bupt_hjk/sdp_dataset/xrf55/wifi/03_11_16.npy,1000,float64,0.0,0.4809037037037037,0.0,0.010725925925925925,0.5190962962962963,0.5221619322820354,0.16650354057761466,0.0,
bp_fs200_legacy_abs,/home/test/bupt_hjk/sdp_dataset/xrf55/wifi/03_11_17.npy,1000,float64,0.0,0.4862740740740741,0.0,0.011259259259259259,0.5137259259259259,0.515307077350873,0.16274051829607386,0.0,
bp_fs200_legacy_abs,/home/test/bupt_hjk/sdp_dataset/xrf55/wifi/03_11_18.npy,1000,float64,0.0,0.4931962962962963,0.0,0.011644444444444445,0.5068037037037038,0.510394871736239,0.16350424498572647,0.0,
bp_fs200_legacy_abs,/home/test/bupt_hjk/sdp_dataset/xrf55/wifi/03_11_19.npy,1000,float64,0.0,0.48167777777777776,0.0,0.011333333333333334,0.5183222222222222,0.5230962057047363,0.16512067623178733,0.0,
bp_fs200_legacy_abs,/home/test/bupt_hjk/sdp_dataset/xrf55/wifi/03_11_20.npy,1000,float64,0.0,0.48782592592592594,0.0,0.011748148148148148,0.5121740740740741,0.5147974959255479,0.16102027953879805,0.0,
bp_fs200_legacy_abs,/home/test/bupt_hjk/sdp_dataset/xrf55/wifi/03_12_01.npy,1000,float64,0.0,0.5061777777777777,0.0,0.011496296296296296,0.4938222222222222,0.49086210700702687,0.1683794906017128,0.0,
bp_fs200_legacy_abs,/home/test/bupt_hjk/sdp_dataset/xrf55/wifi/03_12_02.npy,1000,float64,0.0,0.49165185185185184,0.0,0.012444444444444444,0.5083481481481481,0.5111087759329871,0.18985652318985652,0.0,
bp_fs200_legacy_abs,/home/test/bupt_hjk/sdp_dataset/xrf55/wifi/03_12_03.npy,1000,float64,0.0,0.5028111111111111,0.0,0.011622222222222223,0.4971888888888889,0.4969221887324366,0.18306825343862382,0.0,
bp_fs200_legacy_abs,/home/test/bupt_hjk/sdp_dataset/xrf55/wifi/03_12_04.npy,1000,float64,0.0,0.4831740740740741,0.0,0.0122,0.5168259259259259,0.5192877336912912,0.189192896600304,0.0,
bp_fs200_legacy_abs,/home/test/bupt_hjk/sdp_dataset/xrf55/wifi/03_12_05.npy,1000,float64,0.0,0.5029259259259259,0.0,0.012674074074074074,0.49707407407407406,0.4987769107725504,0.18021725429132837,0.0,
bp_fs200_legacy_abs,/home/test/bupt_hjk/sdp_dataset/xrf55/wifi/03_12_06.npy,1000,float64,0.0,0.4931888888888889,0.0,0.011266666666666666,0.5068111111111111,0.5061745935012544,0.1828865902939977,0.0,
bp_fs200_legacy_abs,/home/test/bupt_hjk/sdp_dataset/xrf55/wifi/03_12_07.npy,1000,float64,0.0,0.511325925925926,0.0,0.010207407407407408,0.4886740740740741,0.48853869804403266,0.15366477588699812,0.0,
bp_fs200_legacy_abs,/home/test/bupt_hjk/sdp_dataset/xrf55/wifi/03_12_08.npy,1000,float64,0.0,0.5032740740740741,0.0,0.010348148148148148,0.4967259259259259,0.49517082366371507,0.16649983316649983,0.0,
bp_fs200_legacy_abs,/home/test/bupt_hjk/sdp_dataset/xrf55/wifi/03_12_09.npy,1000,float64,0.0,0.5095481481481482,0.0,0.012918518518518518,0.49045185185185186,0.49161131685083287,0.1866088310532755,0.0,
bp_fs200_legacy_abs,/home/test/bupt_hjk/sdp_dataset/xrf55/wifi/03_12_10.npy,1000,float64,0.0,0.5141407407407408,0.0,0.012466666666666666,0.48585925925925927,0.48347607260417097,0.17513439365291217,0.0,
bp_fs200_legacy_abs,/home/test/bupt_hjk/sdp_dataset/xrf55/wifi/03_12_11.npy,1000,float64,0.0,0.49434074074074075,0.0,0.012555555555555556,0.5056592592592593,0.5046578320931192,0.18261594928261596,0.0,
bp_fs200_legacy_abs,/home/test/bupt_hjk/sdp_dataset/xrf55/wifi/03_12_12.npy,1000,float64,0.0,0.514662962962963,0.0,0.013111111111111112,0.485337037037037,0.4844726547863491,0.18524079635190746,0.0,
bp_fs200_legacy_abs,/home/test/bupt_hjk/sdp_dataset/xrf55/wifi/03_12_13.npy,1000,float64,0.0,0.5067333333333334,0.0,0.012681481481481481,0.4932666666666667,0.4920674798546611,0.19114670225781336,0.0,
bp_fs200_legacy_abs,/home/test/bupt_hjk/sdp_dataset/xrf55/wifi/03_12_14.npy,1000,float64,0.0,0.4884703703703704,0.0,0.013296296296296296,0.5115296296296297,0.5140929282327142,0.18754309865420976,0.0,
bp_fs200_legacy_abs,/home/test/bupt_hjk/sdp_dataset/xrf55/wifi/03_12_15.npy,1000,float64,0.0,0.5095518518518518,0.0,0.012118518518518518,0.49044814814814813,0.4908285752821112,0.19098728357987618,0.0,
bp_fs200_legacy_abs,/home/test/bupt_hjk/sdp_dataset/xrf55/wifi/03_12_16.npy,1000,float64,0.0,0.501537037037037,0.0,0.011451851851851852,0.49846296296296294,0.49871748717487174,0.18878508137767397,0.0,
bp_fs200_legacy_abs,/home/test/bupt_hjk/sdp_dataset/xrf55/wifi/03_12_17.npy,1000,float64,0.0,0.4982962962962963,0.0,0.01257037037037037,0.5017037037037037,0.5013574186204133,0.1924554183813443,0.0,
bp_fs200_legacy_abs,/home/test/bupt_hjk/sdp_dataset/xrf55/wifi/03_12_18.npy,1000,float64,0.0,0.5124481481481481,0.0,0.012881481481481482,0.48755185185185185,0.487507822834808,0.18579320060801544,0.0,
bp_fs200_legacy_abs,/home/test/bupt_hjk/sdp_dataset/xrf55/wifi/03_12_19.npy,1000,float64,0.0,0.5052444444444445,0.0,0.01362962962962963,0.49475555555555556,0.4942191978152244,0.20043005968931896,0.0,
bp_fs200_legacy_abs,/home/test/bupt_hjk/sdp_dataset/xrf55/wifi/03_12_20.npy,1000,float64,0.0,0.5014444444444445,0.0,0.013851851851851851,0.49855555555555553,0.4989021447520271,0.18800281763244725,0.0,
bp_fs200_legacy_abs,/home/test/bupt_hjk/sdp_dataset/xrf55/wifi/03_13_01.npy,1000,float64,0.0,0.4955259259259259,0.0,0.01142962962962963,0.5044740740740741,0.5047984428121247,0.16476105735364996,0.0,
bp_fs200_legacy_abs,/home/test/bupt_hjk/sdp_dataset/xrf55/wifi/03_13_02.npy,1000,float64,0.0,0.5132888888888889,0.0,0.00874074074074074,0.4867111111111111,0.4864800750081899,0.14452600748897046,0.0,
bp_fs200_legacy_abs,/home/test/bupt_hjk/sdp_dataset/xrf55/wifi/03_13_03.npy,1000,float64,0.0,0.49216666666666664,0.0,0.009555555555555555,0.5078333333333334,0.5096076257701561,0.14040707374040706,0.0,
bp_fs200_legacy_abs,/home/test/bupt_hjk/sdp_dataset/xrf55/wifi/03_13_04.npy,1000,float64,0.0,0.4938296296296296,0.0,0.009940740740740741,0.5061703703703704,0.5105001693575703,0.1444778111444778,0.0,
bp_fs200_legacy_abs,/home/test/bupt_hjk/sdp_dataset/xrf55/wifi/03_13_05.npy,1000,float64,0.0,0.48748148148148146,0.0,0.010066666666666666,0.5125185185185185,0.5156976678503778,0.15049493938382827,0.0,
bp_fs200_legacy_abs,/home/test/bupt_hjk/sdp_dataset/xrf55/wifi/03_13_06.npy,1000,float64,0.0,0.5162037037037037,0.0,0.0098,0.4837962962962963,0.48393357040175533,0.1537834130426723,0.0,
bp_fs200_legacy_abs,/home/test/bupt_hjk/sdp_dataset/xrf55/wifi/03_13_07.npy,1000,float64,0.0,0.5089407407407407,0.0,0.009925925925925927,0.49105925925925925,0.492155318290941,0.14597931264597933,0.0,
bp_fs200_legacy_abs,/home/test/bupt_hjk/sdp_dataset/xrf55/wifi/03_13_08.npy,1000,float64,0.0,0.494062962962963,0.0,0.011266666666666666,0.5059370370370371,0.5055210243166015,0.15547028509991473,0.0,
bp_fs200_legacy_abs,/home/test/bupt_hjk/sdp_dataset/xrf55/wifi/03_13_09.npy,1000,float64,0.0,0.5069333333333333,0.0,0.010755555555555556,0.49306666666666665,0.49219106182719735,0.15548882215548882,0.0,
bp_fs200_legacy_abs,/home/test/bupt_hjk/sdp_dataset/xrf55/wifi/03_13_10.npy,1000,float64,0.0,0.49594814814814814,0.0,0.009733333333333333,0.5040518518518519,0.502969856987356,0.15335335335335334,0.0,
bp_fs200_legacy_abs,/home/test/bupt_hjk/sdp_dataset/xrf55/wifi/03_13_11.npy,1000,float64,0.0,0.5257333333333334,0.0,0.0102,0.47426666666666667,0.47183238908709496,0.15354984614243875,0.0,
bp_fs200_legacy_abs,/home/test/bupt_hjk/sdp_dataset/xrf55/wifi/03_13_12.npy,1000,float64,0.0,0.5015407407407407,0.0,0.010192592592592593,0.49845925925925927,0.4976725853072563,0.14563081600118638,0.0,
bp_fs200_legacy_abs,/home/test/bupt_hjk/sdp_dataset/xrf55/wifi/03_13_13.npy,1000,float64,0.0,0.4957111111111111,0.0,0.009903703703703704,0.5042888888888889,0.5039326032519532,0.14589033477922367,0.0,
bp_fs200_legacy_abs,/home/test/bupt_hjk/sdp_dataset/xrf55/wifi/03_13_14.npy,1000,float64,0.0,0.4923814814814815,0.0,0.009577777777777777,0.5076185185185185,0.5077821963212804,0.14725466206947688,0.0,
bp_fs200_legacy_abs,/home/test/bupt_hjk/sdp_dataset/xrf55/wifi/03_13_15.npy,1000,float64,0.0,0.4943222222222222,0.0,0.010318518518518519,0.5056777777777778,0.5070906487830608,0.14307640974307642,0.0,
bp_fs200_legacy_abs,/home/test/bupt_hjk/sdp_dataset/xrf55/wifi/03_13_16.npy,1000,float64,0.0,0.5025740740740741,0.0,0.00982962962962963,0.49742592592592594,0.49434398106734,0.14608312015719424,0.0,
bp_fs200_legacy_abs,/home/test/bupt_hjk/sdp_dataset/xrf55/wifi/03_13_17.npy,1000,float64,0.0,0.4952185185185185,0.0,0.00962962962962963,0.5047814814814815,0.5064192833173538,0.1450969488006525,0.0,
bp_fs200_legacy_abs,/home/test/bupt_hjk/sdp_dataset/xrf55/wifi/03_13_18.npy,1000,float64,0.0,0.4959962962962963,0.0,0.010118518518518518,0.5040037037037037,0.5041814929869152,0.150643235828421,0.0,
bp_fs200_legacy_abs,/home/test/bupt_hjk/sdp_dataset/xrf55/wifi/03_13_19.npy,1000,float64,0.0,0.5160333333333333,0.0,0.010733333333333333,0.48396666666666666,0.48252547662918815,0.16115374633893154,0.0,
bp_fs200_legacy_abs,/home/test/bupt_hjk/sdp_dataset/xrf55/wifi/03_13_20.npy,1000,float64,0.0,0.5135888888888889,0.0,0.010296296296296296,0.4864111111111111,0.4845405413537228,0.15868461053646238,0.0,
bp_fs200_legacy_abs,/home/test/bupt_hjk/sdp_dataset/xrf55/wifi/03_14_01.npy,1000,float64,0.0,0.49707407407407406,0.0,0.00797037037037037,0.5029259259259259,0.5049483673215477,0.12331220108997887,0.0,
bp_fs200_legacy_abs,/home/test/bupt_hjk/sdp_dataset/xrf55/wifi/03_14_02.npy,1000,float64,0.0,0.5178555555555555,0.0,0.008696296296296296,0.48214444444444443,0.47934876335692284,0.1267193119044971,0.0,
bp_fs200_legacy_abs,/home/test/bupt_hjk/sdp_dataset/xrf55/wifi/03_14_03.npy,1000,float64,0.0,0.510462962962963,0.0,0.008037037037037037,0.48953703703703705,0.4869484668607509,0.12180328476624773,0.0,
bp_fs200_legacy_abs,/home/test/bupt_hjk/sdp_dataset/xrf55/wifi/03_14_04.npy,1000,float64,0.0,0.5026925925925926,0.0,0.00825925925925926,0.4973074074074074,0.49661475453192183,0.12009416824231639,0.0,
bp_fs200_legacy_abs,/home/test/bupt_hjk/sdp_dataset/xrf55/wifi/03_14_05.npy,1000,float64,0.0,0.48351481481481484,0.0,0.007740740740740741,0.5164851851851852,0.5198178835609156,0.12276721165610055,0.0,
bp_fs200_legacy_abs,/home/test/bupt_hjk/sdp_dataset/xrf55/wifi/03_14_06.npy,1000,float64,0.0,0.4948444444444444,0.0,0.007844444444444444,0.5051555555555556,0.5060606174854941,0.11875950024098172,0.0,
bp_fs200_legacy_abs,/home/test/bupt_hjk/sdp_dataset/xrf55/wifi/03_14_07.npy,1000,float64,0.0,0.5000925925925926,0.0,0.008422222222222222,0.4999074074074074,0.5001544570270413,0.12198865532198866,0.0,
bp_fs200_legacy_abs,/home/test/bupt_hjk/sdp_dataset/xrf55/wifi/03_14_08.npy,1000,float64,0.0,0.5026407407407407,0.0,0.009355555555555556,0.4973592592592593,0.4976895721178167,0.12919956994031068,0.0,
bp_fs200_legacy_abs,/home/test/bupt_hjk/sdp_dataset/xrf55/wifi/03_14_09.npy,1000,float64,0.0,0.49632592592592595,0.0,0.008133333333333333,0.503674074074074,0.5059609451411783,0.12221109998887776,0.0,
bp_fs200_legacy_abs,/home/test/bupt_hjk/sdp_dataset/xrf55/wifi/03_14_10.npy,1000,float64,0.0,0.5125703703703703,0.0,0.00811111111111111,0.48742962962962966,0.4861677558842317,0.1246802357913469,0.0,
bp_fs200_legacy_abs,/home/test/bupt_hjk/sdp_dataset/xrf55/wifi/03_14_11.npy,1000,float64,0.0,0.4942666666666667,0.0,0.00908888888888889,0.5057333333333334,0.5070222329755744,0.13236940644348053,0.0,
bp_fs200_legacy_abs,/home/test/bupt_hjk/sdp_dataset/xrf55/wifi/03_14_12.npy,1000,float64,0.0,0.49546296296296294,0.0,0.0076296296296296294,0.504537037037037,0.5045269352648257,0.12453564675786898,0.0,
bp_fs200_legacy_abs,/home/test/bupt_hjk/sdp_dataset/xrf55/wifi/03_14_13.npy,1000,float64,0.0,0.5068037037037038,0.0,0.007962962962962963,0.4931962962962963,0.49325219906012774,0.1147517888258629,0.0,
bp_fs200_legacy_abs,/home/test/bupt_hjk/sdp_dataset/xrf55/wifi/03_14_14.npy,1000,float64,0.0,0.48661481481481483,0.0,0.007481481481481481,0.5133851851851852,0.5148951078243584,0.12634857079301523,0.0,
bp_fs200_legacy_abs,/home/test/bupt_hjk/sdp_dataset/xrf55/wifi/03_14_15.npy,1000,float64,0.0,0.5144962962962963,0.0,0.0073185185185185185,0.4855037037037037,0.4847476804706947,0.11211581952322693,0.0,
bp_fs200_legacy_abs,/home/test/bupt_hjk/sdp_dataset/xrf55/wifi/03_14_16.npy,1000,float64,0.0,0.5045296296296297,0.0,0.007555555555555556,0.4954703703703704,0.49570525266108134,0.12251510770029289,0.0,
bp_fs200_legacy_abs,/home/test/bupt_hjk/sdp_dataset/xrf55/wifi/03_14_17.npy,1000,float64,0.0,0.5092962962962962,0.0,0.008074074074074074,0.4907037037037037,0.49056767635575493,0.12959626292959625,0.0,
bp_fs200_legacy_abs,/home/test/bupt_hjk/sdp_dataset/xrf55/wifi/03_14_18.npy,1000,float64,0.0,0.496062962962963,0.0,0.00997037037037037,0.5039370370370371,0.5061935154065365,0.1472212953694435,0.0,
bp_fs200_legacy_abs,/home/test/bupt_hjk/sdp_dataset/xrf55/wifi/03_14_19.npy,1000,float64,0.0,0.4981074074074074,0.0,0.008592592592592593,0.5018925925925926,0.5027720600387637,0.13341118896674453,0.0,
bp_fs200_legacy_abs,/home/test/bupt_hjk/sdp_dataset/xrf55/wifi/03_14_20.npy,1000,float64,0.0,0.490062962962963,0.0,0.009029629629629629,0.5099370370370371,0.5110604151770007,0.13384495606717828,0.0,
bp_fs200_legacy_abs,/home/test/bupt_hjk/sdp_dataset/xrf55/wifi/03_15_01.npy,1000,float64,0.0,0.5129296296296296,0.0,0.011518518518518518,0.4870703703703704,0.48490273571061293,0.17134541949356763,0.0,
bp_fs200_legacy_abs,/home/test/bupt_hjk/sdp_dataset/xrf55/wifi/03_15_02.npy,1000,float64,0.0,0.5030444444444444,0.0,0.012348148148148148,0.49695555555555554,0.4964823175319789,0.1689170652133615,0.0,
bp_fs200_legacy_abs,/home/test/bupt_hjk/sdp_dataset/xrf55/wifi/03_15_03.npy,1000,float64,0.0,0.5090296296296296,0.0,0.01165925925925926,0.4909703703703704,0.48869722968743556,0.15700144589033477,0.0,
bp_fs200_legacy_abs,/home/test/bupt_hjk/sdp_dataset/xrf55/wifi/03_15_04.npy,1000,float64,0.0,0.5092185185185185,0.0,0.013118518518518519,0.4907814814814815,0.49052382698221486,0.1779816853890928,0.0,
bp_fs200_legacy_abs,/home/test/bupt_hjk/sdp_dataset/xrf55/wifi/03_15_05.npy,1000,float64,0.0,0.5044777777777778,0.0,0.013155555555555556,0.4955222222222222,0.4943499853490312,0.1806028250472695,0.0,
bp_fs200_legacy_abs,/home/test/bupt_hjk/sdp_dataset/xrf55/wifi/03_15_06.npy,1000,float64,0.0,0.5017962962962963,0.0,0.012185185185185186,0.4982037037037037,0.49820500054280487,0.17818559300040782,0.0,
bp_fs200_legacy_abs,/home/test/bupt_hjk/sdp_dataset/xrf55/wifi/03_15_07.npy,1000,float64,0.0,0.5150148148148148,0.0,0.0118,0.4849851851851852,0.483026603293312,0.17292477662848033,0.0,
bp_fs200_legacy_abs,/home/test/bupt_hjk/sdp_dataset/xrf55/wifi/03_15_08.npy,1000,float64,0.0,0.5078037037037038,0.0,0.01331111111111111,0.4921962962962963,0.4930173778041116,0.18876654432209988,0.0,
bp_fs200_legacy_abs,/home/test/bupt_hjk/sdp_dataset/xrf55/wifi/03_15_09.npy,1000,float64,0.0,0.5014740740740741,0.0,0.013148148148148148,0.49852592592592593,0.4984024721415863,0.18822155488822156,0.0,
bp_fs200_legacy_abs,/home/test/bupt_hjk/sdp_dataset/xrf55/wifi/03_15_10.npy,1000,float64,0.0,0.5101148148148148,0.0,0.013762962962962963,0.4898851851851852,0.4901003658193415,0.18465873280688094,0.0,
bp_fs200_legacy_abs,/home/test/bupt_hjk/sdp_dataset/xrf55/wifi/03_15_11.npy,1000,float64,0.0,0.5062962962962962,0.0,0.01308888888888889,0.4937037037037037,0.49446587037106376,0.180183887591295,0.0,
bp_fs200_legacy_abs,/home/test/bupt_hjk/sdp_dataset/xrf55/wifi/03_15_12.npy,1000,float64,0.0,0.5182962962962963,0.0,0.012303703703703704,0.4817037037037037,0.47848418744532345,0.16735624513402292,0.0,
bp_fs200_legacy_abs,/home/test/bupt_hjk/sdp_dataset/xrf55/wifi/03_15_13.npy,1000,float64,0.0,0.49415185185185184,0.0,0.012992592592592592,0.5058481481481482,0.5055815817165283,0.17742557372187,0.0,
bp_fs200_legacy_abs,/home/test/bupt_hjk/sdp_dataset/xrf55/wifi/03_15_14.npy,1000,float64,0.0,0.4993740740740741,0.0,0.012244444444444445,0.5006259259259259,0.500629265332724,0.1778815852889927,0.0,
bp_fs200_legacy_abs,/home/test/bupt_hjk/sdp_dataset/xrf55/wifi/03_15_15.npy,1000,float64,0.0,0.4968592592592593,0.0,0.010896296296296296,0.5031407407407408,0.5045250734808949,0.1615689763837912,0.0,
bp_fs200_legacy_abs,/home/test/bupt_hjk/sdp_dataset/xrf55/wifi/03_15_16.npy,1000,float64,0.0,0.5106259259259259,0.0,0.011177777777777778,0.4893740740740741,0.4865321252059308,0.15975234493753013,0.0,
bp_fs200_legacy_abs,/home/test/bupt_hjk/sdp_dataset/xrf55/wifi/03_15_17.npy,1000,float64,0.0,0.5084111111111111,0.0,0.01162962962962963,0.4915888888888889,0.4916956931218513,0.1647276906536166,0.0,
bp_fs200_legacy_abs,/home/test/bupt_hjk/sdp_dataset/xrf55/wifi/03_15_18.npy,1000,float64,0.0,0.5036259259259259,0.0,0.011866666666666666,0.4963740740740741,0.4963974568519546,0.1705594483372261,0.0,
bp_fs200_legacy_abs,/home/test/bupt_hjk/sdp_dataset/xrf55/wifi/03_15_19.npy,1000,float64,0.0,0.5092296296296296,0.0,0.012644444444444444,0.49077037037037036,0.4913524081663346,0.1789233678122567,0.0,
bp_fs200_legacy_abs,/home/test/bupt_hjk/sdp_dataset/xrf55/wifi/03_15_20.npy,1000,float64,0.0,0.5111592592592593,0.0,0.011407407407407408,0.48884074074074074,0.48744130132612046,0.16446817187557927,0.0,
bp_fs200_legacy_abs,/home/test/bupt_hjk/sdp_dataset/xrf55/wifi/03_16_01.npy,1000,float64,0.0,0.4904148148148148,0.0,0.006733333333333333,0.5095851851851851,0.5140941418572834,0.09300040781522263,0.0,
bp_fs200_legacy_abs,/home/test/bupt_hjk/sdp_dataset/xrf55/wifi/03_16_02.npy,1000,float64,0.0,0.4826666666666667,0.0,0.006725925925925926,0.5173333333333333,0.522865051326616,0.09812775738701665,0.0,
bp_fs200_legacy_abs,/home/test/bupt_hjk/sdp_dataset/xrf55/wifi/03_16_03.npy,1000,float64,0.0,0.49893333333333334,0.0,0.0063185185185185185,0.5010666666666667,0.5031585299164639,0.09728617506395285,0.0,
bp_fs200_legacy_abs,/home/test/bupt_hjk/sdp_dataset/xrf55/wifi/03_16_04.npy,1000,float64,0.0,0.4997666666666667,0.0,0.006162962962962963,0.5002333333333333,0.5012386053942298,0.09957364772179587,0.0,
bp_fs200_legacy_abs,/home/test/bupt_hjk/sdp_dataset/xrf55/wifi/03_16_05.npy,1000,float64,0.0,0.5048037037037038,0.0,0.007511111111111111,0.4951962962962963,0.49550543541920933,0.111767322878434,0.0,
bp_fs200_legacy_abs,/home/test/bupt_hjk/sdp_dataset/xrf55/wifi/03_16_06.npy,1000,float64,0.0,0.47282962962962966,0.0,0.007407407407407408,0.5271703703703704,0.5335890842576848,0.09942535127720313,0.0,
bp_fs200_legacy_abs,/home/test/bupt_hjk/sdp_dataset/xrf55/wifi/03_16_07.npy,1000,float64,0.0,0.5001777777777778,0.0,0.006948148148148148,0.4998222222222222,0.5012421660974969,0.0958551143736329,0.0,
bp_fs200_legacy_abs,/home/test/bupt_hjk/sdp_dataset/xrf55/wifi/03_16_08.npy,1000,float64,0.0,0.49073333333333335,0.0,0.005888888888888889,0.5092666666666666,0.5117655236155831,0.08799911022133244,0.0,
bp_fs200_legacy_abs,/home/test/bupt_hjk/sdp_dataset/xrf55/wifi/03_16_09.npy,1000,float64,0.0,0.4986962962962963,0.0,0.0070074074074074075,0.5013037037037037,0.5029525700952223,0.09820932043154265,0.0,
bp_fs200_legacy_abs,/home/test/bupt_hjk/sdp_dataset/xrf55/wifi/03_16_10.npy,1000,float64,0.0,0.4930777777777778,0.0,0.007118518518518519,0.5069222222222223,0.5113608177684242,0.10062284506728951,0.0,
bp_fs200_legacy_abs,/home/test/bupt_hjk/sdp_dataset/xrf55/wifi/03_16_11.npy,1000,float64,0.0,0.496562962962963,0.0,0.005992592592592593,0.503437037037037,0.5025508463655177,0.0954584213843473,0.0,
bp_fs200_legacy_abs,/home/test/bupt_hjk/sdp_dataset/xrf55/wifi/03_16_12.npy,1000,float64,0.0,0.4883222222222222,0.0,0.006377777777777777,0.5116777777777778,0.5163081612482175,0.0895117339561784,0.0,
bp_fs200_legacy_abs,/home/test/bupt_hjk/sdp_dataset/xrf55/wifi/03_16_13.npy,1000,float64,0.0,0.501862962962963,0.0,0.005503703703703703,0.49813703703703704,0.4999717285183859,0.0846661476291106,0.0,
bp_fs200_legacy_abs,/home/test/bupt_hjk/sdp_dataset/xrf55/wifi/03_16_14.npy,1000,float64,0.0,0.4983925925925926,0.0,0.005711111111111111,0.5016074074074074,0.5031441801583205,0.08756534312089867,0.0,
bp_fs200_legacy_abs,/home/test/bupt_hjk/sdp_dataset/xrf55/wifi/03_16_15.npy,1000,float64,0.0,0.4863925925925926,0.0,0.007022222222222222,0.5136074074074074,0.5183881905236043,0.10461572683794906,0.0,
bp_fs200_legacy_abs,/home/test/bupt_hjk/sdp_dataset/xrf55/wifi/03_16_16.npy,1000,float64,0.0,0.5140333333333333,0.0,0.006185185185185185,0.48596666666666666,0.4880787524835932,0.1033033033033033,0.0,
bp_fs200_legacy_abs,/home/test/bupt_hjk/sdp_dataset/xrf55/wifi/03_16_17.npy,1000,float64,0.0,0.49675925925925923,0.0,0.006874074074074074,0.5032407407407408,0.5040256557923145,0.09703036369703036,0.0,
bp_fs200_legacy_abs,/home/test/bupt_hjk/sdp_dataset/xrf55/wifi/03_16_18.npy,1000,float64,0.0,0.48902222222222225,0.0,0.008222222222222223,0.5109777777777778,0.5131959474057256,0.1130908686464242,0.0,
bp_fs200_legacy_abs,/home/test/bupt_hjk/sdp_dataset/xrf55/wifi/03_16_19.npy,1000,float64,0.0,0.5084333333333333,0.0,0.007014814814814815,0.49156666666666665,0.4916807330600434,0.10675861046231416,0.0,
bp_fs200_legacy_abs,/home/test/bupt_hjk/sdp_dataset/xrf55/wifi/03_16_20.npy,1000,float64,0.0,0.4998111111111111,0.0,0.007385185185185186,0.5001888888888889,0.5004133588521081,0.11109257405553702,0.0,
bp_fs200_legacy_abs,/home/test/bupt_hjk/sdp_dataset/xrf55/wifi/03_17_01.npy,1000,float64,0.0,0.49143703703703706,0.0,0.005725925925925926,0.508562962962963,0.511122176076288,0.09239980721462203,0.0,
bp_fs200_legacy_abs,/home/test/bupt_hjk/sdp_dataset/xrf55/wifi/03_17_02.npy,1000,float64,0.0,0.49670740740740743,0.0,0.006481481481481481,0.5032925925925926,0.5051629509065445,0.09953286619953286,0.0,
bp_fs200_legacy_abs,/home/test/bupt_hjk/sdp_dataset/xrf55/wifi/03_17_03.npy,1000,float64,0.0,0.49594444444444447,0.0,0.00637037037037037,0.5040555555555556,0.5052166496973705,0.10097504912319727,0.0,
bp_fs200_legacy_abs,/home/test/bupt_hjk/sdp_dataset/xrf55/wifi/03_17_04.npy,1000,float64,0.0,0.5040592592592592,0.0,0.006822222222222223,0.49594074074074074,0.4965907970481384,0.1057242427612798,0.0,
bp_fs200_legacy_abs,/home/test/bupt_hjk/sdp_dataset/xrf55/wifi/03_17_05.npy,1000,float64,0.0,0.48118518518518516,0.0,0.006037037037037037,0.5188148148148148,0.5238691808140917,0.09942535127720313,0.0,
bp_fs200_legacy_abs,/home/test/bupt_hjk/sdp_dataset/xrf55/wifi/03_17_06.npy,1000,float64,0.0,0.4886037037037037,0.0,0.005933333333333333,0.5113962962962963,0.5166195124340249,0.09379008638267898,0.0,
bp_fs200_legacy_abs,/home/test/bupt_hjk/sdp_dataset/xrf55/wifi/03_17_07.npy,1000,float64,0.0,0.5079148148148148,0.0,0.006503703703703703,0.4920851851851852,0.49467276639930174,0.1014421829236644,0.0,
bp_fs200_legacy_abs,/home/test/bupt_hjk/sdp_dataset/xrf55/wifi/03_17_08.npy,1000,float64,0.0,0.4784037037037037,0.0,0.005911111111111111,0.5215962962962963,0.5256693640568344,0.09028658287917547,0.0,
bp_fs200_legacy_abs,/home/test/bupt_hjk/sdp_dataset/xrf55/wifi/03_17_09.npy,1000,float64,0.0,0.4870555555555556,0.0,0.0065703703703703705,0.5129444444444444,0.5155215608867294,0.09894709524339154,0.0,
bp_fs200_legacy_abs,/home/test/bupt_hjk/sdp_dataset/xrf55/wifi/03_17_10.npy,1000,float64,0.0,0.5171111111111111,0.0,0.006251851851851852,0.48288888888888887,0.48283821151724865,0.10160530901271642,0.0,
bp_fs200_legacy_abs,/home/test/bupt_hjk/sdp_dataset/xrf55/wifi/03_17_11.npy,1000,float64,0.0,0.4895481481481481,0.0,0.006725925925925926,0.5104518518518518,0.5124829452514303,0.09488377266155044,0.0,
bp_fs200_legacy_abs,/home/test/bupt_hjk/sdp_dataset/xrf55/wifi/03_17_12.npy,1000,float64,0.0,0.4997,0.0,0.006014814814814815,0.5003,0.49963816731746297,0.095117339561784,0.0,
bp_fs200_legacy_abs,/home/test/bupt_hjk/sdp_dataset/xrf55/wifi/03_17_13.npy,1000,float64,0.0,0.49647407407407407,0.0,0.006688888888888889,0.5035259259259259,0.5050093426709404,0.10512734957179401,0.0,
bp_fs200_legacy_abs,/home/test/bupt_hjk/sdp_dataset/xrf55/wifi/03_17_14.npy,1000,float64,0.0,0.5076444444444445,0.0,0.006896296296296296,0.49235555555555555,0.4917762719860598,0.11042153264375487,0.0,
bp_fs200_legacy_abs,/home/test/bupt_hjk/sdp_dataset/xrf55/wifi/03_17_15.npy,1000,float64,0.0,0.49323703703703703,0.0,0.007229629629629629,0.506762962962963,0.5118552412645591,0.10225039854669485,0.0,
bp_fs200_legacy_abs,/home/test/bupt_hjk/sdp_dataset/xrf55/wifi/03_17_16.npy,1000,float64,0.0,0.4940074074074074,0.0,0.005933333333333333,0.5059925925925925,0.5070352840743833,0.08542987431876321,0.0,
bp_fs200_legacy_abs,/home/test/bupt_hjk/sdp_dataset/xrf55/wifi/03_17_17.npy,1000,float64,0.0,0.5044666666666666,0.0,0.0061333333333333335,0.4955333333333333,0.49721651073363077,0.08830682534386237,0.0,
bp_fs200_legacy_abs,/home/test/bupt_hjk/sdp_dataset/xrf55/wifi/03_17_18.npy,1000,float64,0.0,0.5012703703703704,0.0,0.00617037037037037,0.49872962962962963,0.4995534890030182,0.09640751862974085,0.0,
bp_fs200_legacy_abs,/home/test/bupt_hjk/sdp_dataset/xrf55/wifi/03_17_19.npy,1000,float64,0.0,0.5107703703703703,0.0,0.006140740740740741,0.4892296296296296,0.4895727153977998,0.09325251177103029,0.0,
bp_fs200_legacy_abs,/home/test/bupt_hjk/sdp_dataset/xrf55/wifi/03_17_20.npy,1000,float64,0.0,0.49391111111111113,0.0,0.0058814814814814815,0.5060888888888889,0.5082769324429446,0.0964964964964965,0.0,
bp_fs200_legacy_abs,/home/test/bupt_hjk/sdp_dataset/xrf55/wifi/03_18_01.npy,1000,float64,0.0,0.4997814814814815,0.0,0.010555555555555556,0.5002185185185185,0.5013781625745648,0.15505876246616987,0.0,
bp_fs200_legacy_abs,/home/test/bupt_hjk/sdp_dataset/xrf55/wifi/03_18_02.npy,1000,float64,0.0,0.5010111111111111,0.0,0.011859259259259259,0.49898888888888887,0.4975978474314581,0.15942980017054093,0.0,
bp_fs200_legacy_abs,/home/test/bupt_hjk/sdp_dataset/xrf55/wifi/03_18_03.npy,1000,float64,0.0,0.5098703703703704,0.0,0.011488888888888889,0.49012962962962964,0.48791049752223925,0.13866088310532754,0.0,
bp_fs200_legacy_abs,/home/test/bupt_hjk/sdp_dataset/xrf55/wifi/03_18_04.npy,1000,float64,0.0,0.5026518518518519,0.0,0.007244444444444445,0.49734814814814815,0.49872427219065024,0.109009009009009,0.0,
bp_fs200_legacy_abs,/home/test/bupt_hjk/sdp_dataset/xrf55/wifi/03_18_05.npy,1000,float64,0.0,0.5012703703703704,0.0,0.008496296296296297,0.49872962962962963,0.5020708209393532,0.11586030474919363,0.0,
bp_fs200_legacy_abs,/home/test/bupt_hjk/sdp_dataset/xrf55/wifi/03_18_06.npy,1000,float64,0.0,0.5034111111111111,0.0,0.008162962962962962,0.4965888888888889,0.497112387761826,0.11665739813887963,0.0,
bp_fs200_legacy_abs,/home/test/bupt_hjk/sdp_dataset/xrf55/wifi/03_18_07.npy,1000,float64,0.0,0.5167037037037037,0.0,0.008977777777777777,0.4832962962962963,0.47885215787364965,0.12294516738961184,0.0,
bp_fs200_legacy_abs,/home/test/bupt_hjk/sdp_dataset/xrf55/wifi/03_18_08.npy,1000,float64,0.0,0.5228,0.0,0.009296296296296296,0.4772,0.47134912274740337,0.12692321951581212,0.0,
bp_fs200_legacy_abs,/home/test/bupt_hjk/sdp_dataset/xrf55/wifi/03_18_09.npy,1000,float64,0.0,0.49998148148148147,0.0,0.008977777777777777,0.5000185185185185,0.5006070524653181,0.12195528862195529,0.0,
bp_fs200_legacy_abs,/home/test/bupt_hjk/sdp_dataset/xrf55/wifi/03_18_10.npy,1000,float64,0.0,0.5224703703703704,0.0,0.009651851851851852,0.47752962962962964,0.4715584617898164,0.12311570830089348,0.0,
bp_fs200_legacy_abs,/home/test/bupt_hjk/sdp_dataset/xrf55/wifi/03_18_11.npy,1000,float64,0.0,0.5180259259259259,0.0,0.010474074074074075,0.48197407407407405,0.4787456766643404,0.14339895451006562,0.0,
bp_fs200_legacy_abs,/home/test/bupt_hjk/sdp_dataset/xrf55/wifi/03_18_12.npy,1000,float64,0.0,0.4926333333333333,0.0,0.011266666666666666,0.5073666666666666,0.5085356608136784,0.14805175545916285,0.0,
bp_fs200_legacy_abs,/home/test/bupt_hjk/sdp_dataset/xrf55/wifi/03_18_13.npy,1000,float64,0.0,0.49645185185185187,0.0,0.010548148148148149,0.5035481481481482,0.5060293393493123,0.14746227709190673,0.0,
bp_fs200_legacy_abs,/home/test/bupt_hjk/sdp_dataset/xrf55/wifi/03_18_14.npy,1000,float64,0.0,0.5261518518518519,0.0,0.011303703703703703,0.47384814814814813,0.46668282595686983,0.15767990212434657,0.0,
bp_fs200_legacy_abs,/home/test/bupt_hjk/sdp_dataset/xrf55/wifi/03_18_15.npy,1000,float64,0.0,0.4981851851851852,0.0,0.008822222222222223,0.5018148148148148,0.5024928449640725,0.11949727505283061,0.0,
bp_fs200_legacy_abs,/home/test/bupt_hjk/sdp_dataset/xrf55/wifi/03_18_16.npy,1000,float64,0.0,0.4956740740740741,0.0,0.008977777777777777,0.504325925925926,0.5049155494963266,0.12647462277091906,0.0,
bp_fs200_legacy_abs,/home/test/bupt_hjk/sdp_dataset/xrf55/wifi/03_18_17.npy,1000,float64,0.0,0.5176074074074074,0.0,0.009266666666666666,0.4823925925925926,0.4794933060264725,0.11861861861861862,0.0,
bp_fs200_legacy_abs,/home/test/bupt_hjk/sdp_dataset/xrf55/wifi/03_18_18.npy,1000,float64,0.0,0.5008333333333334,0.0,0.009192592592592592,0.49916666666666665,0.4961125410827265,0.11545990434879323,0.0,
bp_fs200_legacy_abs,/home/test/bupt_hjk/sdp_dataset/xrf55/wifi/03_18_19.npy,1000,float64,0.0,0.5099555555555556,0.0,0.009,0.49004444444444445,0.489854082023476,0.12036851666481296,0.0,
bp_fs200_legacy_abs,/home/test/bupt_hjk/sdp_dataset/xrf55/wifi/03_18_20.npy,1000,float64,0.0,0.5106259259259259,0.0,0.009407407407407408,0.4893740740740741,0.4845624154409953,0.12278945612278945,0.0,
bp_fs200_legacy_abs,/home/test/bupt_hjk/sdp_dataset/xrf55/wifi/03_19_01.npy,1000,float64,0.0,0.5035888888888889,0.0,0.006888888888888889,0.49641111111111114,0.4969754231960761,0.10899417936454973,0.0,
bp_fs200_legacy_abs,/home/test/bupt_hjk/sdp_dataset/xrf55/wifi/03_19_02.npy,1000,float64,0.0,0.5019333333333333,0.0,0.006325925925925926,0.49806666666666666,0.5005770741775283,0.09431653876098321,0.0,
bp_fs200_legacy_abs,/home/test/bupt_hjk/sdp_dataset/xrf55/wifi/03_19_03.npy,1000,float64,0.0,0.5003296296296297,0.0,0.007103703703703704,0.4996703703703704,0.501965829754224,0.09963667371074779,0.0,
bp_fs200_legacy_abs,/home/test/bupt_hjk/sdp_dataset/xrf55/wifi/03_19_04.npy,1000,float64,0.0,0.5165185185185185,0.0,0.008511111111111112,0.48348148148148146,0.48088845142854963,0.11568605642679716,0.0,
bp_fs200_legacy_abs,/home/test/bupt_hjk/sdp_dataset/xrf55/wifi/03_19_05.npy,1000,float64,0.0,0.505662962962963,0.0,0.008577777777777778,0.494337037037037,0.4952488748341408,0.12052422793163534,0.0,
bp_fs200_legacy_abs,/home/test/bupt_hjk/sdp_dataset/xrf55/wifi/03_19_06.npy,1000,float64,0.0,0.49355925925925925,0.0,0.007659259259259259,0.5064407407407407,0.5083146169377708,0.10761502242983724,0.0,
bp_fs200_legacy_abs,/home/test/bupt_hjk/sdp_dataset/xrf55/wifi/03_19_07.npy,1000,float64,0.0,0.5020740740740741,0.0,0.009333333333333334,0.49792592592592594,0.4974732868580474,0.12204426648871093,0.0,
bp_fs200_legacy_abs,/home/test/bupt_hjk/sdp_dataset/xrf55/wifi/03_19_08.npy,1000,float64,0.0,0.4968185185185185,0.0,0.007044444444444444,0.5031814814814815,0.5033086760421861,0.09787194602009416,0.0,
bp_fs200_legacy_abs,/home/test/bupt_hjk/sdp_dataset/xrf55/wifi/03_19_09.npy,1000,float64,0.0,0.49775555555555556,0.0,0.009651851851851852,0.5022444444444445,0.5019630327146806,0.13475327179030883,0.0,
bp_fs200_legacy_abs,/home/test/bupt_hjk/sdp_dataset/xrf55/wifi/03_19_10.npy,1000,float64,0.0,0.5018074074074074,0.0,0.009037037037037038,0.4981925925925926,0.4998931705455933,0.129581433285137,0.0,
bp_fs200_legacy_abs,/home/test/bupt_hjk/sdp_dataset/xrf55/wifi/03_19_11.npy,1000,float64,0.0,0.5027703703703704,0.0,0.010355555555555555,0.49722962962962963,0.4969685744740363,0.14177881585288993,0.0,
bp_fs200_legacy_abs,/home/test/bupt_hjk/sdp_dataset/xrf55/wifi/03_19_12.npy,1000,float64,0.0,0.5154481481481481,0.0,0.01011111111111111,0.48455185185185184,0.4831725789001174,0.13276239202165127,0.0,
bp_fs200_legacy_abs,/home/test/bupt_hjk/sdp_dataset/xrf55/wifi/03_19_13.npy,1000,float64,0.0,0.489837037037037,0.0,0.007681481481481482,0.5101629629629629,0.5138915704156304,0.1058651243836429,0.0,
bp_fs200_legacy_abs,/home/test/bupt_hjk/sdp_dataset/xrf55/wifi/03_19_14.npy,1000,float64,0.0,0.488462962962963,0.0,0.008385185185185185,0.511537037037037,0.5160242701358476,0.1168724279835391,0.0,
bp_fs200_legacy_abs,/home/test/bupt_hjk/sdp_dataset/xrf55/wifi/03_19_15.npy,1000,float64,0.0,0.4902074074074074,0.0,0.007874074074074073,0.5097925925925926,0.5134411545912144,0.10677714751788826,0.0,
bp_fs200_legacy_abs,/home/test/bupt_hjk/sdp_dataset/xrf55/wifi/03_19_16.npy,1000,float64,0.0,0.4989222222222222,0.0,0.007303703703703704,0.5010777777777777,0.5032405699789984,0.09916212508805101,0.0,
bp_fs200_legacy_abs,/home/test/bupt_hjk/sdp_dataset/xrf55/wifi/03_19_17.npy,1000,float64,0.0,0.49649629629629627,0.0,0.008348148148148148,0.5035037037037037,0.5058404117518943,0.1156341526711897,0.0,
bp_fs200_legacy_abs,/home/test/bupt_hjk/sdp_dataset/xrf55/wifi/03_19_18.npy,1000,float64,0.0,0.4867296296296296,0.0,0.008103703703703703,0.5132703703703704,0.5164892057848314,0.11293515737960183,0.0,
bp_fs200_legacy_abs,/home/test/bupt_hjk/sdp_dataset/xrf55/wifi/03_19_19.npy,1000,float64,0.0,0.49845925925925927,0.0,0.007785185185185185,0.5015407407407407,0.5045983086680761,0.11184147110073037,0.0,
bp_fs200_legacy_abs,/home/test/bupt_hjk/sdp_dataset/xrf55/wifi/03_19_20.npy,1000,float64,0.0,0.49737777777777775,0.0,0.006459259259259259,0.5026222222222222,0.5065347090083465,0.097078560041523,0.0,
bp_fs200_legacy_abs,/home/test/bupt_hjk/sdp_dataset/xrf55/wifi/03_20_01.npy,1000,float64,0.0,0.5019666666666667,0.0,0.00737037037037037,0.49803333333333333,0.49571079367504395,0.10448967486004523,0.0,
bp_fs200_legacy_abs,/home/test/bupt_hjk/sdp_dataset/xrf55/wifi/03_20_02.npy,1000,float64,0.0,0.5137888888888889,0.0,0.007555555555555556,0.4862111111111111,0.4840369654248436,0.11490379268157046,0.0,
bp_fs200_legacy_abs,/home/test/bupt_hjk/sdp_dataset/xrf55/wifi/03_20_03.npy,1000,float64,0.0,0.5090851851851852,0.0,0.00788148148148148,0.4909148148148148,0.4888717429023293,0.12357171986801617,0.0,
bp_fs200_legacy_abs,/home/test/bupt_hjk/sdp_dataset/xrf55/wifi/03_20_04.npy,1000,float64,0.0,0.5161074074074075,0.0,0.007562962962962963,0.4838925925925926,0.4819963806076769,0.12118043969895821,0.0,
bp_fs200_legacy_abs,/home/test/bupt_hjk/sdp_dataset/xrf55/wifi/03_20_05.npy,1000,float64,0.0,0.5012185185185185,0.0,0.008762962962962964,0.4987814814814815,0.49762498200743943,0.12515849182515848,0.0,
bp_fs200_legacy_abs,/home/test/bupt_hjk/sdp_dataset/xrf55/wifi/03_20_06.npy,1000,float64,0.0,0.49845185185185187,0.0,0.007844444444444444,0.5015481481481482,0.4998084719857094,0.11920068216364513,0.0,
bp_fs200_legacy_abs,/home/test/bupt_hjk/sdp_dataset/xrf55/wifi/03_20_07.npy,1000,float64,0.0,0.49934074074074075,0.0,0.0076296296296296294,0.5006592592592592,0.5014974863621777,0.11440699959218478,0.0,
bp_fs200_legacy_abs,/home/test/bupt_hjk/sdp_dataset/xrf55/wifi/03_20_08.npy,1000,float64,0.0,0.5001333333333333,0.0,0.007503703703703703,0.4998666666666667,0.4983919762859421,0.11896711526341155,0.0,
bp_fs200_legacy_abs,/home/test/bupt_hjk/sdp_dataset/xrf55/wifi/03_20_09.npy,1000,float64,0.0,0.4872851851851852,0.0,0.007488888888888889,0.5127148148148148,0.5162237623913027,0.11248656063470878,0.0,
bp_fs200_legacy_abs,/home/test/bupt_hjk/sdp_dataset/xrf55/wifi/03_20_10.npy,1000,float64,0.0,0.5011222222222222,0.0,0.007822222222222222,0.49887777777777775,0.49454050353576495,0.11837763689615541,0.0,
bp_fs200_legacy_abs,/home/test/bupt_hjk/sdp_dataset/xrf55/wifi/03_20_11.npy,1000,float64,0.0,0.5179777777777778,0.0,0.007874074074074073,0.48202222222222224,0.4758759071283344,0.11236421606791977,0.0,
bp_fs200_legacy_abs,/home/test/bupt_hjk/sdp_dataset/xrf55/wifi/03_20_12.npy,1000,float64,0.0,0.5139962962962963,0.0,0.0076296296296296294,0.4860037037037037,0.48109096182320527,0.11714677640603567,0.0,
bp_fs200_legacy_abs,/home/test/bupt_hjk/sdp_dataset/xrf55/wifi/03_20_13.npy,1000,float64,0.0,0.4968518518518519,0.0,0.008511111111111112,0.5031481481481481,0.5051698043273463,0.12002372743113483,0.0,
bp_fs200_legacy_abs,/home/test/bupt_hjk/sdp_dataset/xrf55/wifi/03_20_14.npy,1000,float64,0.0,0.49993333333333334,0.0,0.01071111111111111,0.5000666666666667,0.5013133950777755,0.15363511659807957,0.0,
bp_fs200_legacy_abs,/home/test/bupt_hjk/sdp_dataset/xrf55/wifi/03_20_15.npy,1000,float64,0.0,0.5145481481481482,0.0,0.00931851851851852,0.48545185185185186,0.4866261934731219,0.13679976272568864,0.0,
bp_fs200_legacy_abs,/home/test/bupt_hjk/sdp_dataset/xrf55/wifi/03_20_16.npy,1000,float64,0.0,0.4983,0.0,0.008281481481481482,0.5017,0.5010257579211306,0.11786601416231046,0.0,
bp_fs200_legacy_abs,/home/test/bupt_hjk/sdp_dataset/xrf55/wifi/03_20_17.npy,1000,float64,0.0,0.5001555555555556,0.0,0.008681481481481481,0.4998444444444444,0.49957413327527794,0.12660438215993772,0.0,
bp_fs200_legacy_abs,/home/test/bupt_hjk/sdp_dataset/xrf55/wifi/03_20_18.npy,1000,float64,0.0,0.49806666666666666,0.0,0.00777037037037037,0.5019333333333333,0.5008727795461546,0.12454306158009862,0.0,
bp_fs200_legacy_abs,/home/test/bupt_hjk/sdp_dataset/xrf55/wifi/03_20_19.npy,1000,float64,0.0,0.5120740740740741,0.0,0.007022222222222222,0.48792592592592593,0.4826204676701695,0.10957624290957624,0.0,
bp_fs200_legacy_abs,/home/test/bupt_hjk/sdp_dataset/xrf55/wifi/03_20_20.npy,1000,float64,0.0,0.5144407407407408,0.0,0.009333333333333334,0.48555925925925925,0.4837970879718404,0.1450969488006525,0.0,
bp_fs200_legacy_abs,/home/test/bupt_hjk/sdp_dataset/xrf55/wifi/03_21_01.npy,1000,float64,0.0,0.5012703703703704,0.0,0.006933333333333333,0.49872962962962963,0.4991291666824084,0.10503466429392355,0.0,
bp_fs200_legacy_abs,/home/test/bupt_hjk/sdp_dataset/xrf55/wifi/03_21_02.npy,1000,float64,0.0,0.4928074074074074,0.0,0.006577777777777778,0.5071925925925926,0.509342521033997,0.10438957475994513,0.0,
bp_fs200_legacy_abs,/home/test/bupt_hjk/sdp_dataset/xrf55/wifi/03_21_03.npy,1000,float64,0.0,0.5004814814814815,0.0,0.007829629629629629,0.49951851851851853,0.5005620396514211,0.12122492863233604,0.0,
bp_fs200_legacy_abs,/home/test/bupt_hjk/sdp_dataset/xrf55/wifi/03_21_04.npy,1000,float64,0.0,0.495337037037037,0.0,0.008325925925925926,0.504662962962963,0.505762520974511,0.12070959848737627,0.0,
bp_fs200_legacy_abs,/home/test/bupt_hjk/sdp_dataset/xrf55/wifi/03_21_05.npy,1000,float64,0.0,0.4986333333333333,0.0,0.00797037037037037,0.5013666666666666,0.5029908783938639,0.1099877655433211,0.0,
bp_fs200_legacy_abs,/home/test/bupt_hjk/sdp_dataset/xrf55/wifi/03_21_06.npy,1000,float64,0.0,0.5041481481481481,0.0,0.0082,0.4958518518518519,0.49326033300984967,0.1282801319838357,0.0,
bp_fs200_legacy_abs,/home/test/bupt_hjk/sdp_dataset/xrf55/wifi/03_21_07.npy,1000,float64,0.0,0.5031592592592593,0.0,0.009888888888888888,0.49684074074074075,0.49545132980248946,0.13555778000222446,0.0,
bp_fs200_legacy_abs,/home/test/bupt_hjk/sdp_dataset/xrf55/wifi/03_21_08.npy,1000,float64,0.0,0.49298148148148146,0.0,0.007103703703703704,0.5070185185185185,0.5070647419908095,0.10837504170837504,0.0,
bp_fs200_legacy_abs,/home/test/bupt_hjk/sdp_dataset/xrf55/wifi/03_21_09.npy,1000,float64,0.0,0.4922074074074074,0.0,0.007592592592592593,0.5077925925925926,0.5088439586988849,0.11396211025840655,0.0,
bp_fs200_legacy_abs,/home/test/bupt_hjk/sdp_dataset/xrf55/wifi/03_21_10.npy,1000,float64,0.0,0.49787037037037035,0.0,0.008962962962962963,0.5021296296296296,0.5056847406361075,0.12559596633670708,0.0,
bp_fs200_legacy_abs,/home/test/bupt_hjk/sdp_dataset/xrf55/wifi/03_21_11.npy,1000,float64,0.0,0.5067851851851852,0.0,0.008555555555555556,0.49321481481481483,0.4933532091985913,0.1184147110073036,0.0,
bp_fs200_legacy_abs,/home/test/bupt_hjk/sdp_dataset/xrf55/wifi/03_21_12.npy,1000,float64,0.0,0.49419259259259257,0.0,0.008266666666666667,0.5058074074074074,0.5055590990860238,0.11435880324769214,0.0,
bp_fs200_legacy_abs,/home/test/bupt_hjk/sdp_dataset/xrf55/wifi/03_21_13.npy,1000,float64,0.0,0.4961703703703704,0.0,0.0066,0.5038296296296296,0.5067469815130798,0.10421903384866348,0.0,
bp_fs200_legacy_abs,/home/test/bupt_hjk/sdp_dataset/xrf55/wifi/03_21_14.npy,1000,float64,0.0,0.48891851851851853,0.0,0.007577777777777778,0.5110814814814815,0.5124080618970294,0.11190449708968228,0.0,
bp_fs200_legacy_abs,/home/test/bupt_hjk/sdp_dataset/xrf55/wifi/03_21_15.npy,1000,float64,0.0,0.4962740740740741,0.0,0.008562962962962963,0.5037259259259259,0.506137104473411,0.1290846401957513,0.0,
bp_fs200_legacy_abs,/home/test/bupt_hjk/sdp_dataset/xrf55/wifi/03_21_16.npy,1000,float64,0.0,0.5085,0.0,0.008007407407407408,0.4915,0.4885133250016243,0.12201089978867756,0.0,
bp_fs200_legacy_abs,/home/test/bupt_hjk/sdp_dataset/xrf55/wifi/03_21_17.npy,1000,float64,0.0,0.49720740740740743,0.0,0.008681481481481481,0.5027925925925926,0.5055639742235692,0.126904682460238,0.0,
bp_fs200_legacy_abs,/home/test/bupt_hjk/sdp_dataset/xrf55/wifi/03_21_18.npy,1000,float64,0.0,0.4915333333333333,0.0,0.008674074074074074,0.5084666666666666,0.5114163628163674,0.12781670559448338,0.0,
bp_fs200_legacy_abs,/home/test/bupt_hjk/sdp_dataset/xrf55/wifi/03_21_19.npy,1000,float64,0.0,0.48748148148148146,0.0,0.0071111111111111115,0.5125185185185185,0.5179829639114001,0.12135839543246951,0.0,
bp_fs200_legacy_abs,/home/test/bupt_hjk/sdp_dataset/xrf55/wifi/03_21_20.npy,1000,float64,0.0,0.5003888888888889,0.0,0.008074074074074074,0.4996111111111111,0.4984957274082661,0.11994216438660883,0.0,
bp_fs200_legacy_abs,/home/test/bupt_hjk/sdp_dataset/xrf55/wifi/03_22_01.npy,1000,float64,0.0,0.4953518518518519,0.0,0.007407407407407408,0.5046481481481482,0.5067678603134786,0.1026211396581767,0.0,
bp_fs200_legacy_abs,/home/test/bupt_hjk/sdp_dataset/xrf55/wifi/03_22_02.npy,1000,float64,0.0,0.49391851851851853,0.0,0.007311111111111111,0.5060814814814815,0.509691544851568,0.11457754050346643,0.0,
bp_fs200_legacy_abs,/home/test/bupt_hjk/sdp_dataset/xrf55/wifi/03_22_03.npy,1000,float64,0.0,0.4874851851851852,0.0,0.007533333333333334,0.5125148148148149,0.5169858334627168,0.1101286471656842,0.0,
bp_fs200_legacy_abs,/home/test/bupt_hjk/sdp_dataset/xrf55/wifi/03_22_04.npy,1000,float64,0.0,0.49642592592592594,0.0,0.006666666666666667,0.5035740740740741,0.5074937283433338,0.10656211767322879,0.0,
bp_fs200_legacy_abs,/home/test/bupt_hjk/sdp_dataset/xrf55/wifi/03_22_05.npy,1000,float64,0.0,0.5016185185185185,0.0,0.006614814814814815,0.4983814814814815,0.49940477765138486,0.10179438697957216,0.0,
bp_fs200_legacy_abs,/home/test/bupt_hjk/sdp_dataset/xrf55/wifi/03_22_06.npy,1000,float64,0.0,0.5008296296296296,0.0,0.006274074074074074,0.4991703703703704,0.5003833433553818,0.09405701998294591,0.0,
bp_fs200_legacy_abs,/home/test/bupt_hjk/sdp_dataset/xrf55/wifi/03_22_07.npy,1000,float64,0.0,0.4990777777777778,0.0,0.0076518518518518515,0.5009222222222223,0.5022248389397765,0.10687354020687354,0.0,
bp_fs200_legacy_abs,/home/test/bupt_hjk/sdp_dataset/xrf55/wifi/03_22_08.npy,1000,float64,0.0,0.5097814814814815,0.0,0.006059259259259259,0.4902185185185185,0.4886694704862095,0.10200941682423163,0.0,
bp_fs200_legacy_abs,/home/test/bupt_hjk/sdp_dataset/xrf55/wifi/03_22_09.npy,1000,float64,0.0,0.5064925925925926,0.0,0.006311111111111111,0.4935074074074074,0.4937908422495324,0.09676343009676343,0.0,
bp_fs200_legacy_abs,/home/test/bupt_hjk/sdp_dataset/xrf55/wifi/03_22_10.npy,1000,float64,0.0,0.49204444444444445,0.0,0.006562962962962963,0.5079555555555556,0.5116523389401625,0.10420049679308939,0.0,
bp_fs200_legacy_abs,/home/test/bupt_hjk/sdp_dataset/xrf55/wifi/03_22_11.npy,1000,float64,0.0,0.49278518518518516,0.0,0.006740740740740741,0.5072148148148148,0.5082317959012713,0.10863085307529752,0.0,
bp_fs200_legacy_abs,/home/test/bupt_hjk/sdp_dataset/xrf55/wifi/03_22_12.npy,1000,float64,0.0,0.49632592592592595,0.0,0.0069037037037037036,0.503674074074074,0.5039637299831636,0.10428205983761539,0.0,
bp_fs200_legacy_abs,/home/test/bupt_hjk/sdp_dataset/xrf55/wifi/03_22_13.npy,1000,float64,0.0,0.49745555555555554,0.0,0.005762962962962963,0.5025444444444445,0.5033520940241681,0.10048937826715605,0.0,
bp_fs200_legacy_abs,/home/test/bupt_hjk/sdp_dataset/xrf55/wifi/03_22_14.npy,1000,float64,0.0,0.49362222222222224,0.0,0.006970370370370371,0.5063777777777778,0.5076834443519812,0.09824639454269084,0.0,
bp_fs200_legacy_abs,/home/test/bupt_hjk/sdp_dataset/xrf55/wifi/03_22_15.npy,1000,float64,0.0,0.4936333333333333,0.0,0.006637037037037037,0.5063666666666666,0.5061927108128735,0.10129017906795684,0.0,
bp_fs200_legacy_abs,/home/test/bupt_hjk/sdp_dataset/xrf55/wifi/03_22_16.npy,1000,float64,0.0,0.4973148148148148,0.0,0.005725925925925926,0.5026851851851852,0.5049918089893988,0.10086382678975271,0.0,
bp_fs200_legacy_abs,/home/test/bupt_hjk/sdp_dataset/xrf55/wifi/03_22_17.npy,1000,float64,0.0,0.5072111111111111,0.0,0.006437037037037037,0.4927888888888889,0.491183850580134,0.10177214251288326,0.0,
bp_fs200_legacy_abs,/home/test/bupt_hjk/sdp_dataset/xrf55/wifi/03_22_18.npy,1000,float64,0.0,0.504674074074074,0.0,0.006303703703703704,0.49532592592592595,0.4974023816535653,0.10015571126682238,0.0,
bp_fs200_legacy_abs,/home/test/bupt_hjk/sdp_dataset/xrf55/wifi/03_22_19.npy,1000,float64,0.0,0.49845185185185187,0.0,0.006577777777777778,0.5015481481481482,0.503552036199095,0.10276943610276944,0.0,
bp_fs200_legacy_abs,/home/test/bupt_hjk/sdp_dataset/xrf55/wifi/03_22_20.npy,1000,float64,0.0,0.49143703703703706,0.0,0.00602962962962963,0.508562962962963,0.509613895091605,0.0954176398620843,0.0,
bp_fs200_legacy_abs,/home/test/bupt_hjk/sdp_dataset/xrf55/wifi/03_23_01.npy,1000,float64,0.0,0.49516666666666664,0.0,0.01297037037037037,0.5048333333333334,0.506201526879601,0.18215623030437844,0.0,
bp_fs200_legacy_abs,/home/test/bupt_hjk/sdp_dataset/xrf55/wifi/03_23_02.npy,1000,float64,0.0,0.48766296296296296,0.0,0.013562962962962962,0.512337037037037,0.516087028933941,0.18353167982797614,0.0,
bp_fs200_legacy_abs,/home/test/bupt_hjk/sdp_dataset/xrf55/wifi/03_23_03.npy,1000,float64,0.0,0.4968518518518519,0.0,0.01271111111111111,0.5031481481481481,0.5032717336593082,0.1793645497349201,0.0,
bp_fs200_legacy_abs,/home/test/bupt_hjk/sdp_dataset/xrf55/wifi/03_23_04.npy,1000,float64,0.0,0.4912,0.0,0.012296296296296296,0.5088,0.5107492550021285,0.18650502354206058,0.0,
bp_fs200_legacy_abs,/home/test/bupt_hjk/sdp_dataset/xrf55/wifi/03_23_05.npy,1000,float64,0.0,0.49652962962962965,0.0,0.01391851851851852,0.5034703703703703,0.5072633312510648,0.18366143921699477,0.0,
bp_fs200_legacy_abs,/home/test/bupt_hjk/sdp_dataset/xrf55/wifi/03_23_06.npy,1000,float64,0.0,0.49096666666666666,0.0,0.012896296296296296,0.5090333333333333,0.5123552386060601,0.17828940051162273,0.0,
bp_fs200_legacy_abs,/home/test/bupt_hjk/sdp_dataset/xrf55/wifi/03_23_07.npy,1000,float64,0.0,0.4960777777777778,0.0,0.012577777777777778,0.5039222222222223,0.5062945778851891,0.18573017461906352,0.0,
bp_fs200_legacy_abs,/home/test/bupt_hjk/sdp_dataset/xrf55/wifi/03_23_08.npy,1000,float64,0.0,0.5115740740740741,0.0,0.010948148148148148,0.48842592592592593,0.4899120011164882,0.17210914618322026,0.0,
bp_fs200_legacy_abs,/home/test/bupt_hjk/sdp_dataset/xrf55/wifi/03_23_09.npy,1000,float64,0.0,0.48573333333333335,0.0,0.012777777777777779,0.5142666666666666,0.5178123870918668,0.18757646535424313,0.0,
bp_fs200_legacy_abs,/home/test/bupt_hjk/sdp_dataset/xrf55/wifi/03_23_10.npy,1000,float64,0.0,0.48848148148148146,0.0,0.0122,0.5115185185185185,0.5140753162203793,0.18912616320023729,0.0,
bp_fs200_legacy_abs,/home/test/bupt_hjk/sdp_dataset/xrf55/wifi/03_23_11.npy,1000,float64,0.0,0.49193333333333333,0.0,0.012918518518518518,0.5080666666666667,0.508634821826533,0.1813257702146591,0.0,
bp_fs200_legacy_abs,/home/test/bupt_hjk/sdp_dataset/xrf55/wifi/03_23_12.npy,1000,float64,0.0,0.4935407407407407,0.0,0.012362962962962963,0.5064592592592593,0.5083172279197627,0.17388870351833316,0.0,
bp_fs200_legacy_abs,/home/test/bupt_hjk/sdp_dataset/xrf55/wifi/03_23_13.npy,1000,float64,0.0,0.49226296296296296,0.0,0.013422222222222223,0.507737037037037,0.5102239569661763,0.1922144366588811,0.0,
bp_fs200_legacy_abs,/home/test/bupt_hjk/sdp_dataset/xrf55/wifi/03_23_14.npy,1000,float64,0.0,0.4934074074074074,0.0,0.012155555555555555,0.5065925925925926,0.5075367939463259,0.18141474808141475,0.0,
bp_fs200_legacy_abs,/home/test/bupt_hjk/sdp_dataset/xrf55/wifi/03_23_15.npy,1000,float64,0.0,0.48884444444444447,0.0,0.013148148148148148,0.5111555555555556,0.5135380126981951,0.19100582063545027,0.0,
bp_fs200_legacy_abs,/home/test/bupt_hjk/sdp_dataset/xrf55/wifi/03_23_16.npy,1000,float64,0.0,0.49267777777777777,0.0,0.013525925925925926,0.5073222222222222,0.5107743776443964,0.1913543172802432,0.0,
bp_fs200_legacy_abs,/home/test/bupt_hjk/sdp_dataset/xrf55/wifi/03_23_17.npy,1000,float64,0.0,0.48546666666666666,0.0,0.012659259259259259,0.5145333333333333,0.5187587357324305,0.17188299410521632,0.0,
bp_fs200_legacy_abs,/home/test/bupt_hjk/sdp_dataset/xrf55/wifi/03_23_18.npy,1000,float64,0.0,0.4809555555555556,0.0,0.012429629629629629,0.5190444444444444,0.5198373255840422,0.1820301783264746,0.0,
bp_fs200_legacy_abs,/home/test/bupt_hjk/sdp_dataset/xrf55/wifi/03_23_19.npy,1000,float64,0.0,0.49737037037037035,0.0,0.01305925925925926,0.5026296296296296,0.5054978769823985,0.18545211878545212,0.0,
bp_fs200_legacy_abs,/home/test/bupt_hjk/sdp_dataset/xrf55/wifi/03_23_20.npy,1000,float64,0.0,0.4987666666666667,0.0,0.013696296296296297,0.5012333333333333,0.5019802243873859,0.1916953991028065,0.0,
bp_fs200_legacy_abs,/home/test/bupt_hjk/sdp_dataset/xrf55/wifi/03_24_01.npy,1000,float64,0.0,0.5047888888888888,0.0,0.007725925925925926,0.4952111111111111,0.49618530560882523,0.1308234160086012,0.0,
bp_fs200_legacy_abs,/home/test/bupt_hjk/sdp_dataset/xrf55/wifi/03_24_02.npy,1000,float64,0.0,0.5057592592592592,0.0,0.006925925925925926,0.49424074074074076,0.49336384783901593,0.11875208541875208,0.0,
bp_fs200_legacy_abs,/home/test/bupt_hjk/sdp_dataset/xrf55/wifi/03_24_03.npy,1000,float64,0.0,0.49974814814814816,0.0,0.007925925925925927,0.5002518518518518,0.5000808079289492,0.11981981981981982,0.0,
bp_fs200_legacy_abs,/home/test/bupt_hjk/sdp_dataset/xrf55/wifi/03_24_04.npy,1000,float64,0.0,0.4913037037037037,0.0,0.0072148148148148145,0.5086962962962963,0.508959860724443,0.11580469358247136,0.0,
bp_fs200_legacy_abs,/home/test/bupt_hjk/sdp_dataset/xrf55/wifi/03_24_05.npy,1000,float64,0.0,0.4846666666666667,0.0,0.0075481481481481484,0.5153333333333333,0.5186571370594999,0.12386831275720164,0.0,
bp_fs200_legacy_abs,/home/test/bupt_hjk/sdp_dataset/xrf55/wifi/03_24_06.npy,1000,float64,0.0,0.5187962962962963,0.0,0.006348148148148148,0.4812037037037037,0.4798126700174068,0.11312794275757239,0.0,
bp_fs200_legacy_abs,/home/test/bupt_hjk/sdp_dataset/xrf55/wifi/03_24_07.npy,1000,float64,0.0,0.4774,0.0,0.0073407407407407406,0.5226,0.5294590494305188,0.11847032217402588,0.0,
bp_fs200_legacy_abs,/home/test/bupt_hjk/sdp_dataset/xrf55/wifi/03_24_08.npy,1000,float64,0.0,0.48694074074074073,0.0,0.006377777777777777,0.5130592592592592,0.5140054861414641,0.10864939013087162,0.0,
bp_fs200_legacy_abs,/home/test/bupt_hjk/sdp_dataset/xrf55/wifi/03_24_09.npy,1000,float64,0.0,0.5024703703703703,0.0,0.007022222222222222,0.49752962962962965,0.4997224016225342,0.10515700886071257,0.0,
bp_fs200_legacy_abs,/home/test/bupt_hjk/sdp_dataset/xrf55/wifi/03_24_10.npy,1000,float64,0.0,0.4999037037037037,0.0,0.006733333333333333,0.5000962962962963,0.503026691105089,0.11052163274385497,0.0,
bp_fs200_legacy_abs,/home/test/bupt_hjk/sdp_dataset/xrf55/wifi/03_24_11.npy,1000,float64,0.0,0.5048148148148148,0.0,0.006096296296296297,0.4951851851851852,0.4952527316003523,0.1040633225818411,0.0,
bp_fs200_legacy_abs,/home/test/bupt_hjk/sdp_dataset/xrf55/wifi/03_24_12.npy,1000,float64,0.0,0.48616296296296296,0.0,0.00702962962962963,0.5138370370370371,0.516647475592329,0.11684647610573537,0.0,
bp_fs200_legacy_abs,/home/test/bupt_hjk/sdp_dataset/xrf55/wifi/03_24_13.npy,1000,float64,0.0,0.4934777777777778,0.0,0.006362962962962963,0.5065222222222222,0.5080771059439263,0.09991472954435918,0.0,
bp_fs200_legacy_abs,/home/test/bupt_hjk/sdp_dataset/xrf55/wifi/03_24_14.npy,1000,float64,0.0,0.4972,0.0,0.007177777777777778,0.5028,0.5035439206401534,0.11361732102472843,0.0,
bp_fs200_legacy_abs,/home/test/bupt_hjk/sdp_dataset/xrf55/wifi/03_24_15.npy,1000,float64,0.0,0.5131222222222223,0.0,0.007,0.4868777777777778,0.4868751101395914,0.1133503874244615,0.0,
bp_fs200_legacy_abs,/home/test/bupt_hjk/sdp_dataset/xrf55/wifi/03_24_16.npy,1000,float64,0.0,0.5083925925925926,0.0,0.007081481481481481,0.4916074074074074,0.4912945025484123,0.11047714381047714,0.0,
bp_fs200_legacy_abs,/home/test/bupt_hjk/sdp_dataset/xrf55/wifi/03_24_17.npy,1000,float64,0.0,0.47452962962962963,0.0,0.007044444444444444,0.5254703703703704,0.5260340742582276,0.1029807585363141,0.0,
bp_fs200_legacy_abs,/home/test/bupt_hjk/sdp_dataset/xrf55/wifi/03_24_18.npy,1000,float64,0.0,0.48736296296296294,0.0,0.006555555555555556,0.512637037037037,0.5142233514785047,0.10359618878137397,0.0,
bp_fs200_legacy_abs,/home/test/bupt_hjk/sdp_dataset/xrf55/wifi/03_24_19.npy,1000,float64,0.0,0.4965925925925926,0.0,0.006740740740740741,0.5034074074074074,0.5054188861073989,0.11552663774885998,0.0,
bp_fs200_legacy_abs,/home/test/bupt_hjk/sdp_dataset/xrf55/wifi/03_24_20.npy,1000,float64,0.0,0.4964148148148148,0.0,0.006977777777777778,0.5035851851851851,0.5051693270263649,0.11684276869462054,0.0,
bp_fs200_legacy_abs,/home/test/bupt_hjk/sdp_dataset/xrf55/wifi/03_25_01.npy,1000,float64,0.0,0.49242592592592593,0.0,0.009422222222222222,0.5075740740740741,0.5101077761387242,0.14587179772364958,0.0,
bp_fs200_legacy_abs,/home/test/bupt_hjk/sdp_dataset/xrf55/wifi/03_25_02.npy,1000,float64,0.0,0.49620740740740743,0.0,0.009792592592592592,0.5037925925925926,0.5094126803298104,0.1493196900604308,0.0,
bp_fs200_legacy_abs,/home/test/bupt_hjk/sdp_dataset/xrf55/wifi/03_25_03.npy,1000,float64,0.0,0.4951037037037037,0.0,0.011496296296296296,0.5048962962962963,0.5054074271773493,0.16926926926926927,0.0,
bp_fs200_legacy_abs,/home/test/bupt_hjk/sdp_dataset/xrf55/wifi/03_25_04.npy,1000,float64,0.0,0.5029074074074074,0.0,0.010770370370370371,0.4970925925925926,0.4987461917914861,0.15499944388833278,0.0,
bp_fs200_legacy_abs,/home/test/bupt_hjk/sdp_dataset/xrf55/wifi/03_25_05.npy,1000,float64,0.0,0.499,0.0,0.01117037037037037,0.501,0.5048597475720106,0.16189893597301006,0.0,
bp_fs200_legacy_abs,/home/test/bupt_hjk/sdp_dataset/xrf55/wifi/03_25_06.npy,1000,float64,0.0,0.4868777777777778,0.0,0.006918518518518518,0.5131222222222223,0.514349400947339,0.11459607755904053,0.0,
bp_fs200_legacy_abs,/home/test/bupt_hjk/sdp_dataset/xrf55/wifi/03_25_07.npy,1000,float64,0.0,0.5074037037037037,0.0,0.01097037037037037,0.4925962962962963,0.49358720682624213,0.15821376932488043,0.0,
bp_fs200_legacy_abs,/home/test/bupt_hjk/sdp_dataset/xrf55/wifi/03_25_08.npy,1000,float64,0.0,0.4868296296296296,0.0,0.011266666666666666,0.5131703703703704,0.5133217803652399,0.16132428725021317,0.0,
bp_fs200_legacy_abs,/home/test/bupt_hjk/sdp_dataset/xrf55/wifi/03_25_09.npy,1000,float64,0.0,0.5021629629629629,0.0,0.009029629629629629,0.497837037037037,0.4996148947441586,0.14176769361954547,0.0,
bp_fs200_legacy_abs,/home/test/bupt_hjk/sdp_dataset/xrf55/wifi/03_25_10.npy,1000,float64,0.0,0.5080925925925925,0.0,0.009637037037037038,0.4919074074074074,0.4950481657925189,0.14510065621176732,0.0,
bp_fs200_legacy_abs,/home/test/bupt_hjk/sdp_dataset/xrf55/wifi/03_25_11.npy,1000,float64,0.0,0.4923740740740741,0.0,0.007096296296296297,0.5076259259259259,0.5109157657962641,0.12228524821117413,0.0,
bp_fs200_legacy_abs,/home/test/bupt_hjk/sdp_dataset/xrf55/wifi/03_25_12.npy,1000,float64,0.0,0.5008370370370371,0.0,0.007466666666666667,0.499162962962963,0.5004199947500656,0.11207133058984911,0.0,
bp_fs200_legacy_abs,/home/test/bupt_hjk/sdp_dataset/xrf55/wifi/03_25_13.npy,1000,float64,0.0,0.49272222222222223,0.0,0.009266666666666666,0.5072777777777778,0.5091515331496386,0.1399288177065955,0.0,
bp_fs200_legacy_abs,/home/test/bupt_hjk/sdp_dataset/xrf55/wifi/03_25_14.npy,1000,float64,0.0,0.5202074074074075,0.0,0.008755555555555556,0.4797925925925926,0.47971688741101187,0.12647462277091906,0.0,
bp_fs200_legacy_abs,/home/test/bupt_hjk/sdp_dataset/xrf55/wifi/03_25_15.npy,1000,float64,0.0,0.5024962962962963,0.0,0.00908888888888889,0.4975037037037037,0.5002780449681375,0.13559485411337263,0.0,
bp_fs200_legacy_abs,/home/test/bupt_hjk/sdp_dataset/xrf55/wifi/03_25_16.npy,1000,float64,0.0,0.49164814814814817,0.0,0.009037037037037038,0.5083518518518518,0.5116959832469535,0.13692581470359247,0.0,
bp_fs200_legacy_abs,/home/test/bupt_hjk/sdp_dataset/xrf55/wifi/03_25_17.npy,1000,float64,0.0,0.49205925925925925,0.0,0.009377777777777778,0.5079407407407407,0.5080430273576478,0.14440366292218143,0.0,
bp_fs200_legacy_abs,/home/test/bupt_hjk/sdp_dataset/xrf55/wifi/03_25_18.npy,1000,float64,0.0,0.5036296296296296,0.0,0.009407407407407408,0.49637037037037035,0.49823076546243156,0.1392948504059615,0.0,
bp_fs200_legacy_abs,/home/test/bupt_hjk/sdp_dataset/xrf55/wifi/03_25_19.npy,1000,float64,0.0,0.5134555555555556,0.0,0.01025925925925926,0.48654444444444445,0.48857259904311257,0.1492158825492159,0.0,
bp_fs200_legacy_abs,/home/test/bupt_hjk/sdp_dataset/xrf55/wifi/03_25_20.npy,1000,float64,0.0,0.5045185185185185,0.0,0.011266666666666666,0.49548148148148147,0.49767853027732967,0.16218440662885109,0.0,
bp_fs200_legacy_abs,/home/test/bupt_hjk/sdp_dataset/xrf55/wifi/03_26_01.npy,1000,float64,0.0,0.5005592592592593,0.0,0.014325925925925926,0.49944074074074074,0.5000056542110679,0.20177955733511288,0.0,
bp_fs200_legacy_abs,/home/test/bupt_hjk/sdp_dataset/xrf55/wifi/03_26_02.npy,1000,float64,0.0,0.5003074074074074,0.0,0.01374074074074074,0.4996925925925926,0.500005653997942,0.2020613205798391,0.0,
bp_fs200_legacy_abs,/home/test/bupt_hjk/sdp_dataset/xrf55/wifi/03_26_03.npy,1000,float64,0.0,0.49303703703703705,0.0,0.014888888888888889,0.506962962962963,0.5074888373933194,0.2030215400585771,0.0,
bp_fs200_legacy_abs,/home/test/bupt_hjk/sdp_dataset/xrf55/wifi/03_26_04.npy,1000,float64,0.0,0.4930777777777778,0.0,0.0148,0.5069222222222223,0.5066145338938359,0.20677714751788825,0.0,
bp_fs200_legacy_abs,/home/test/bupt_hjk/sdp_dataset/xrf55/wifi/03_26_05.npy,1000,float64,0.0,0.4988037037037037,0.0,0.014074074074074074,0.5011962962962963,0.5027570584843151,0.20183887591295,0.0,
bp_fs200_legacy_abs,/home/test/bupt_hjk/sdp_dataset/xrf55/wifi/03_26_06.npy,1000,float64,0.0,0.4989,0.0,0.014540740740740741,0.5011,0.5007599875982123,0.2067660252845438,0.0,
bp_fs200_legacy_abs,/home/test/bupt_hjk/sdp_dataset/xrf55/wifi/03_26_07.npy,1000,float64,0.0,0.4990925925925926,0.0,0.01508888888888889,0.5009074074074074,0.5012482255617015,0.20557594631668705,0.0,
bp_fs200_legacy_abs,/home/test/bupt_hjk/sdp_dataset/xrf55/wifi/03_26_08.npy,1000,float64,0.0,0.4936333333333333,0.0,0.014266666666666667,0.5063666666666666,0.5070142773145985,0.20903866829792755,0.0,
bp_fs200_legacy_abs,/home/test/bupt_hjk/sdp_dataset/xrf55/wifi/03_26_09.npy,1000,float64,0.0,0.489462962962963,0.0,0.014251851851851852,0.510537037037037,0.5114923058391303,0.2014236458680903,0.0,
bp_fs200_legacy_abs,/home/test/bupt_hjk/sdp_dataset/xrf55/wifi/03_26_10.npy,1000,float64,0.0,0.4901111111111111,0.0,0.015214814814814815,0.5098888888888888,0.5103602383531961,0.20821562303043784,0.0,
bp_fs200_legacy_abs,/home/test/bupt_hjk/sdp_dataset/xrf55/wifi/03_26_11.npy,1000,float64,0.0,0.4932037037037037,0.0,0.014125925925925925,0.5067962962962963,0.5057489006686344,0.19669298928558188,0.0,
bp_fs200_legacy_abs,/home/test/bupt_hjk/sdp_dataset/xrf55/wifi/03_26_12.npy,1000,float64,0.0,0.4847962962962963,0.0,0.013074074074074075,0.5152037037037037,0.5160266414943908,0.1847662477292107,0.0,
bp_fs200_legacy_abs,/home/test/bupt_hjk/sdp_dataset/xrf55/wifi/03_26_13.npy,1000,float64,0.0,0.48417037037037036,0.0,0.01322962962962963,0.5158296296296296,0.5175634118882652,0.17791495198902607,0.0,
bp_fs200_legacy_abs,/home/test/bupt_hjk/sdp_dataset/xrf55/wifi/03_26_14.npy,1000,float64,0.0,0.5027592592592592,0.0,0.013125925925925926,0.49724074074074076,0.4981117440857867,0.17858970081192305,0.0,
bp_fs200_legacy_abs,/home/test/bupt_hjk/sdp_dataset/xrf55/wifi/03_26_15.npy,1000,float64,0.0,0.4940111111111111,0.0,0.014074074074074074,0.5059888888888889,0.5058933329319143,0.2020650279909539,0.0,
bp_fs200_legacy_abs,/home/test/bupt_hjk/sdp_dataset/xrf55/wifi/03_26_16.npy,1000,float64,0.0,0.5044444444444445,0.0,0.013348148148148149,0.4955555555555556,0.49478972200536303,0.19652986319652987,0.0,
bp_fs200_legacy_abs,/home/test/bupt_hjk/sdp_dataset/xrf55/wifi/03_26_17.npy,1000,float64,0.0,0.5022074074074074,0.0,0.013355555555555556,0.4977925925925926,0.4984147902703517,0.20408185963741518,0.0,
bp_fs200_legacy_abs,/home/test/bupt_hjk/sdp_dataset/xrf55/wifi/03_26_18.npy,1000,float64,0.0,0.49134814814814814,0.0,0.01317037037037037,0.5086518518518518,0.5101926257454688,0.19678938197456716,0.0,
bp_fs200_legacy_abs,/home/test/bupt_hjk/sdp_dataset/xrf55/wifi/03_26_19.npy,1000,float64,0.0,0.4994148148148148,0.0,0.014348148148148148,0.5005851851851851,0.49980603001826707,0.20054869684499313,0.0,
bp_fs200_legacy_abs,/home/test/bupt_hjk/sdp_dataset/xrf55/wifi/03_26_20.npy,1000,float64,0.0,0.5005925925925926,0.0,0.013214814814814815,0.4994074074074074,0.49956651211881337,0.1874504133763393,0.0,
bp_fs200_legacy_abs,/home/test/bupt_hjk/sdp_dataset/xrf55/wifi/03_27_01.npy,1000,float64,0.0,0.5027148148148148,0.0,0.008274074074074074,0.49728518518518516,0.49868695685173237,0.13151670188707226,0.0,
bp_fs200_legacy_abs,/home/test/bupt_hjk/sdp_dataset/xrf55/wifi/03_27_02.npy,1000,float64,0.0,0.4794555555555556,0.0,0.006681481481481482,0.5205444444444445,0.5249903998915753,0.11807733659585512,0.0,
bp_fs200_legacy_abs,/home/test/bupt_hjk/sdp_dataset/xrf55/wifi/03_27_03.npy,1000,float64,0.0,0.48863703703703704,0.0,0.009214814814814815,0.5113629629629629,0.5138427046021568,0.13880176472769065,0.0,
bp_fs200_legacy_abs,/home/test/bupt_hjk/sdp_dataset/xrf55/wifi/03_27_04.npy,1000,float64,0.0,0.4944296296296296,0.0,0.007229629629629629,0.5055703703703703,0.5093180173592826,0.12545508471434397,0.0,
bp_fs200_legacy_abs,/home/test/bupt_hjk/sdp_dataset/xrf55/wifi/03_27_05.npy,1000,float64,0.0,0.4807111111111111,0.0,0.007118518518518519,0.5192888888888889,0.5221306655408462,0.11994587179772365,0.0,
bp_fs200_legacy_abs,/home/test/bupt_hjk/sdp_dataset/xrf55/wifi/03_27_06.npy,1000,float64,0.0,0.4913592592592593,0.0,0.0073407407407407406,0.5086407407407407,0.5092843385096906,0.11927853779705631,0.0,
bp_fs200_legacy_abs,/home/test/bupt_hjk/sdp_dataset/xrf55/wifi/03_27_07.npy,1000,float64,0.0,0.5039555555555556,0.0,0.006422222222222222,0.49604444444444445,0.4959035184642328,0.11843695547399251,0.0,
bp_fs200_legacy_abs,/home/test/bupt_hjk/sdp_dataset/xrf55/wifi/03_27_08.npy,1000,float64,0.0,0.4999111111111111,0.0,0.007555555555555556,0.5000888888888889,0.4998984695220547,0.12292292292292292,0.0,
bp_fs200_legacy_abs,/home/test/bupt_hjk/sdp_dataset/xrf55/wifi/03_27_09.npy,1000,float64,0.0,0.5051296296296296,0.0,0.006859259259259259,0.49487037037037035,0.495628967054911,0.12759055351647944,0.0,
bp_fs200_legacy_abs,/home/test/bupt_hjk/sdp_dataset/xrf55/wifi/03_27_10.npy,1000,float64,0.0,0.49404444444444445,0.0,0.007348148148148148,0.5059555555555556,0.5077496470588235,0.1266006747488229,0.0,
bp_fs200_legacy_abs,/home/test/bupt_hjk/sdp_dataset/xrf55/wifi/03_27_11.npy,1000,float64,0.0,0.4964148148148148,0.0,0.00962962962962963,0.5035851851851851,0.5065968467186521,0.14709153598042488,0.0,
bp_fs200_legacy_abs,/home/test/bupt_hjk/sdp_dataset/xrf55/wifi/03_27_12.npy,1000,float64,0.0,0.49675555555555556,0.0,0.007377777777777777,0.5032444444444445,0.508513591279916,0.12547732918103288,0.0,
bp_fs200_legacy_abs,/home/test/bupt_hjk/sdp_dataset/xrf55/wifi/03_27_13.npy,1000,float64,0.0,0.49267037037037037,0.0,0.008548148148148148,0.5073296296296296,0.5097142640306607,0.13933933933933934,0.0,
bp_fs200_legacy_abs,/home/test/bupt_hjk/sdp_dataset/xrf55/wifi/03_27_14.npy,1000,float64,0.0,0.5051814814814815,0.0,0.0082,0.4948185185185185,0.495471360178954,0.13167982797612426,0.0,
bp_fs200_legacy_abs,/home/test/bupt_hjk/sdp_dataset/xrf55/wifi/03_27_15.npy,1000,float64,0.0,0.5170370370370371,0.0,0.008288888888888889,0.482962962962963,0.48259536255396895,0.13502391280169057,0.0,
bp_fs200_legacy_abs,/home/test/bupt_hjk/sdp_dataset/xrf55/wifi/03_27_16.npy,1000,float64,0.0,0.49575925925925923,0.0,0.007748148148148148,0.5042407407407408,0.504867288419445,0.12169206243280317,0.0,
bp_fs200_legacy_abs,/home/test/bupt_hjk/sdp_dataset/xrf55/wifi/03_27_17.npy,1000,float64,0.0,0.5092592592592593,0.0,0.007666666666666666,0.49074074074074076,0.49285413959901364,0.1256033811589367,0.0,
bp_fs200_legacy_abs,/home/test/bupt_hjk/sdp_dataset/xrf55/wifi/03_27_18.npy,1000,float64,0.0,0.4897962962962963,0.0,0.007985185185185185,0.5102037037037037,0.5113556913777938,0.1289215141066993,0.0,
bp_fs200_legacy_abs,/home/test/bupt_hjk/sdp_dataset/xrf55/wifi/03_27_19.npy,1000,float64,0.0,0.47264814814814815,0.0,0.007703703703703704,0.5273518518518518,0.5312006018968871,0.12405368331294257,0.0,
bp_fs200_legacy_abs,/home/test/bupt_hjk/sdp_dataset/xrf55/wifi/03_27_20.npy,1000,float64,0.0,0.49683333333333335,0.0,0.007874074074074073,0.5031666666666667,0.5064451241562199,0.13209135060986912,0.0,
bp_fs200_legacy_abs,/home/test/bupt_hjk/sdp_dataset/xrf55/wifi/03_28_01.npy,1000,float64,0.0,0.49772222222222223,0.0,0.007437037037037037,0.5022777777777778,0.5047075789378312,0.12119156193230267,0.0,
bp_fs200_legacy_abs,/home/test/bupt_hjk/sdp_dataset/xrf55/wifi/03_28_02.npy,1000,float64,0.0,0.4920888888888889,0.0,0.005977777777777778,0.5079111111111111,0.5106906902377217,0.1001001001001001,0.0,
bp_fs200_legacy_abs,/home/test/bupt_hjk/sdp_dataset/xrf55/wifi/03_28_03.npy,1000,float64,0.0,0.49162222222222224,0.0,0.006392592592592593,0.5083777777777778,0.5092387149003793,0.11129648166685203,0.0,
bp_fs200_legacy_abs,/home/test/bupt_hjk/sdp_dataset/xrf55/wifi/03_28_04.npy,1000,float64,0.0,0.4945037037037037,0.0,0.006125925925925926,0.5054962962962963,0.5082333502318856,0.11153004856708561,0.0,
bp_fs200_legacy_abs,/home/test/bupt_hjk/sdp_dataset/xrf55/wifi/03_28_05.npy,1000,float64,0.0,0.5005444444444445,0.0,0.006725925925925926,0.49945555555555554,0.5010950865738254,0.11121862603344085,0.0,
bp_fs200_legacy_abs,/home/test/bupt_hjk/sdp_dataset/xrf55/wifi/03_28_06.npy,1000,float64,0.0,0.49803703703703706,0.0,0.006414814814814815,0.5019629629629629,0.5018879408482771,0.11831831831831832,0.0,
bp_fs200_legacy_abs,/home/test/bupt_hjk/sdp_dataset/xrf55/wifi/03_28_07.npy,1000,float64,0.0,0.5029814814814815,0.0,0.006051851851851852,0.4970185185185185,0.4980135290709486,0.11609757906054202,0.0,
bp_fs200_legacy_abs,/home/test/bupt_hjk/sdp_dataset/xrf55/wifi/03_28_08.npy,1000,float64,0.0,0.5005074074074074,0.0,0.0060074074074074075,0.4994925925925926,0.5013593547295392,0.10962073184295407,0.0,
bp_fs200_legacy_abs,/home/test/bupt_hjk/sdp_dataset/xrf55/wifi/03_28_09.npy,1000,float64,0.0,0.5029592592592592,0.0,0.006562962962962963,0.4970407407407407,0.49918104369141275,0.11610128647165684,0.0,
bp_fs200_legacy_abs,/home/test/bupt_hjk/sdp_dataset/xrf55/wifi/03_28_10.npy,1000,float64,0.0,0.5173407407407408,0.0,0.006392592592592593,0.48265925925925923,0.48249806324125466,0.11431431431431431,0.0,
bp_fs200_legacy_abs,/home/test/bupt_hjk/sdp_dataset/xrf55/wifi/03_28_11.npy,1000,float64,0.0,0.5029370370370371,0.0,0.00737037037037037,0.497062962962963,0.49830668453740584,0.11961220479738999,0.0,
bp_fs200_legacy_abs,/home/test/bupt_hjk/sdp_dataset/xrf55/wifi/03_28_12.npy,1000,float64,0.0,0.4922185185185185,0.0,0.007392592592592593,0.5077814814814815,0.5072947045569296,0.12349015682349015,0.0,
bp_fs200_legacy_abs,/home/test/bupt_hjk/sdp_dataset/xrf55/wifi/03_28_13.npy,1000,float64,0.0,0.4968740740740741,0.0,0.008651851851851852,0.503125925925926,0.503628847732112,0.12541059578096614,0.0,
bp_fs200_legacy_abs,/home/test/bupt_hjk/sdp_dataset/xrf55/wifi/03_28_14.npy,1000,float64,0.0,0.4931185185185185,0.0,0.007725925925925926,0.5068814814814815,0.5093741248419985,0.12331961591220851,0.0,
bp_fs200_legacy_abs,/home/test/bupt_hjk/sdp_dataset/xrf55/wifi/03_28_15.npy,1000,float64,0.0,0.5080851851851852,0.0,0.007762962962962963,0.4919148148148148,0.49304237464719364,0.11817002187372558,0.0,
bp_fs200_legacy_abs,/home/test/bupt_hjk/sdp_dataset/xrf55/wifi/03_28_16.npy,1000,float64,0.0,0.498662962962963,0.0,0.007592592592592593,0.501337037037037,0.5017122517796928,0.12141400659919178,0.0,
bp_fs200_legacy_abs,/home/test/bupt_hjk/sdp_dataset/xrf55/wifi/03_28_17.npy,1000,float64,0.0,0.5053,0.0,0.008792592592592593,0.4947,0.4936239806946716,0.13789715641567493,0.0,
bp_fs200_legacy_abs,/home/test/bupt_hjk/sdp_dataset/xrf55/wifi/03_28_18.npy,1000,float64,0.0,0.5001481481481481,0.0,0.008814814814814815,0.4998518518518518,0.5007041638670934,0.13105327549771995,0.0,
bp_fs200_legacy_abs,/home/test/bupt_hjk/sdp_dataset/xrf55/wifi/03_28_19.npy,1000,float64,0.0,0.49963703703703705,0.0,0.007251851851851852,0.500362962962963,0.49958601482819615,0.12181440699959219,0.0,
bp_fs200_legacy_abs,/home/test/bupt_hjk/sdp_dataset/xrf55/wifi/03_28_20.npy,1000,float64,0.0,0.5148518518518519,0.0,0.0076962962962962966,0.48514814814814816,0.48508596075572563,0.12024617209802395,0.0,
bp_fs200_legacy_abs,/home/test/bupt_hjk/sdp_dataset/xrf55/wifi/03_29_01.npy,1000,float64,0.0,0.5025814814814815,0.0,0.009444444444444445,0.49741851851851854,0.5018359337608883,0.14196418640863084,0.0,
bp_fs200_legacy_abs,/home/test/bupt_hjk/sdp_dataset/xrf55/wifi/03_29_02.npy,1000,float64,0.0,0.4972814814814815,0.0,0.00974074074074074,0.5027185185185186,0.5052008456659619,0.14006599191784377,0.0,
bp_fs200_legacy_abs,/home/test/bupt_hjk/sdp_dataset/xrf55/wifi/03_29_03.npy,1000,float64,0.0,0.5103518518518518,0.0,0.008888888888888889,0.48964814814814817,0.493063682976574,0.13222481741000258,0.0,
bp_fs200_legacy_abs,/home/test/bupt_hjk/sdp_dataset/xrf55/wifi/03_29_04.npy,1000,float64,0.0,0.5017555555555555,0.0,0.008525925925925926,0.49824444444444443,0.49944789350135904,0.14372149927705483,0.0,
bp_fs200_legacy_abs,/home/test/bupt_hjk/sdp_dataset/xrf55/wifi/03_29_05.npy,1000,float64,0.0,0.4909074074074074,0.0,0.009814814814814814,0.5090925925925925,0.5114552832005942,0.15354984614243875,0.0,
bp_fs200_legacy_abs,/home/test/bupt_hjk/sdp_dataset/xrf55/wifi/03_29_06.npy,1000,float64,0.0,0.49416296296296297,0.0,0.008577777777777778,0.5058370370370371,0.5078211371539401,0.13831238646053462,0.0,
bp_fs200_legacy_abs,/home/test/bupt_hjk/sdp_dataset/xrf55/wifi/03_29_07.npy,1000,float64,0.0,0.49017777777777777,0.0,0.008933333333333333,0.5098222222222222,0.5139351057692675,0.14022911800689578,0.0,
bp_fs200_legacy_abs,/home/test/bupt_hjk/sdp_dataset/xrf55/wifi/03_29_08.npy,1000,float64,0.0,0.5020185185185185,0.0,0.009074074074074075,0.49798148148148147,0.49856137553298435,0.1414377340303266,0.0,
bp_fs200_legacy_abs,/home/test/bupt_hjk/sdp_dataset/xrf55/wifi/03_29_09.npy,1000,float64,0.0,0.47637407407407406,0.0,0.00837037037037037,0.5236259259259259,0.5290427420036419,0.13026730434137843,0.0,
bp_fs200_legacy_abs,/home/test/bupt_hjk/sdp_dataset/xrf55/wifi/03_29_10.npy,1000,float64,0.0,0.489,0.0,0.008837037037037037,0.511,0.5133074742080164,0.1366106847588329,0.0,
bp_fs200_legacy_abs,/home/test/bupt_hjk/sdp_dataset/xrf55/wifi/03_29_11.npy,1000,float64,0.0,0.4951,0.0,0.00811111111111111,0.5049,0.503355068976884,0.11779186594001409,0.0,
bp_fs200_legacy_abs,/home/test/bupt_hjk/sdp_dataset/xrf55/wifi/03_29_12.npy,1000,float64,0.0,0.4981148148148148,0.0,0.008474074074074075,0.5018851851851852,0.5019730050089856,0.13551329106884663,0.0,
bp_fs200_legacy_abs,/home/test/bupt_hjk/sdp_dataset/xrf55/wifi/03_29_13.npy,1000,float64,0.0,0.5009888888888889,0.0,0.00894074074074074,0.4990111111111111,0.5004596560464964,0.14370296222148074,0.0,
bp_fs200_legacy_abs,/home/test/bupt_hjk/sdp_dataset/xrf55/wifi/03_29_14.npy,1000,float64,0.0,0.4944777777777778,0.0,0.007437037037037037,0.5055222222222222,0.5056995055850577,0.12323063804545287,0.0,
bp_fs200_legacy_abs,/home/test/bupt_hjk/sdp_dataset/xrf55/wifi/03_29_15.npy,1000,float64,0.0,0.47507777777777777,0.0,0.007644444444444444,0.5249222222222222,0.5313329884462838,0.11910058206354503,0.0,
bp_fs200_legacy_abs,/home/test/bupt_hjk/sdp_dataset/xrf55/wifi/03_29_16.npy,1000,float64,0.0,0.49723703703703703,0.0,0.008081481481481481,0.502762962962963,0.5055143326680636,0.13219515812108404,0.0,
bp_fs200_legacy_abs,/home/test/bupt_hjk/sdp_dataset/xrf55/wifi/03_29_17.npy,1000,float64,0.0,0.4945111111111111,0.0,0.009466666666666667,0.5054888888888889,0.5111124792218187,0.14866347829310791,0.0,
bp_fs200_legacy_abs,/home/test/bupt_hjk/sdp_dataset/xrf55/wifi/03_29_18.npy,1000,float64,0.0,0.4887888888888889,0.0,0.008807407407407408,0.5112111111111111,0.5175251249055779,0.14756979201423645,0.0,
bp_fs200_legacy_abs,/home/test/bupt_hjk/sdp_dataset/xrf55/wifi/03_29_19.npy,1000,float64,0.0,0.4852740740740741,0.0,0.009414814814814815,0.5147259259259259,0.5202810579007042,0.14100396692989287,0.0,
bp_fs200_legacy_abs,/home/test/bupt_hjk/sdp_dataset/xrf55/wifi/03_29_20.npy,1000,float64,0.0,0.4997259259259259,0.0,0.009007407407407407,0.5002740740740741,0.5028002176874949,0.1340636933229526,0.0,
bp_fs200_legacy_abs,/home/test/bupt_hjk/sdp_dataset/xrf55/wifi/03_30_01.npy,1000,float64,0.0,0.49624444444444443,0.0,0.008081481481481481,0.5037555555555555,0.5056793912750942,0.12854706558410262,0.0,
bp_fs200_legacy_abs,/home/test/bupt_hjk/sdp_dataset/xrf55/wifi/03_30_02.npy,1000,float64,0.0,0.499937037037037,0.0,0.008118518518518518,0.5000629629629629,0.5027695576295622,0.12928854780706633,0.0,
bp_fs200_legacy_abs,/home/test/bupt_hjk/sdp_dataset/xrf55/wifi/03_30_03.npy,1000,float64,0.0,0.4884148148148148,0.0,0.00802962962962963,0.5115851851851851,0.5144936906237878,0.12989285581878174,0.0,
bp_fs200_legacy_abs,/home/test/bupt_hjk/sdp_dataset/xrf55/wifi/03_30_04.npy,1000,float64,0.0,0.5022074074074074,0.0,0.009251851851851851,0.4977925925925926,0.5001138131188588,0.12894746598450302,0.0,
bp_fs200_legacy_abs,/home/test/bupt_hjk/sdp_dataset/xrf55/wifi/03_30_05.npy,1000,float64,0.0,0.5039777777777777,0.0,0.008703703703703703,0.4960222222222222,0.4982488158208605,0.1262225188151114,0.0,
bp_fs200_legacy_abs,/home/test/bupt_hjk/sdp_dataset/xrf55/wifi/03_30_06.npy,1000,float64,0.0,0.4928925925925926,0.0,0.009214814814814815,0.5071074074074075,0.5081318898610905,0.11983464946427909,0.0,
bp_fs200_legacy_abs,/home/test/bupt_hjk/sdp_dataset/xrf55/wifi/03_30_07.npy,1000,float64,0.0,0.4806962962962963,0.0,0.00905925925925926,0.5193037037037037,0.5233423082188655,0.13779334890446002,0.0,
bp_fs200_legacy_abs,/home/test/bupt_hjk/sdp_dataset/xrf55/wifi/03_30_08.npy,1000,float64,0.0,0.5015740740740741,0.0,0.009533333333333333,0.49842592592592594,0.4983631423094366,0.14194935676417159,0.0,
bp_fs200_legacy_abs,/home/test/bupt_hjk/sdp_dataset/xrf55/wifi/03_30_09.npy,1000,float64,0.0,0.49885555555555555,0.0,0.00825925925925926,0.5011444444444444,0.5035693650407493,0.12693434174915658,0.0,
bp_fs200_legacy_abs,/home/test/bupt_hjk/sdp_dataset/xrf55/wifi/03_30_10.npy,1000,float64,0.0,0.5016407407407407,0.0,0.009214814814814815,0.4983592592592593,0.5004113983770523,0.12955918881844808,0.0,
bp_fs200_legacy_abs,/home/test/bupt_hjk/sdp_dataset/xrf55/wifi/03_30_11.npy,1000,float64,0.0,0.5042666666666666,0.0,0.0082,0.49573333333333336,0.49730472984969193,0.13205056908760612,0.0,
bp_fs200_legacy_abs,/home/test/bupt_hjk/sdp_dataset/xrf55/wifi/03_30_12.npy,1000,float64,0.0,0.4891111111111111,0.0,0.007703703703703704,0.5108888888888888,0.513584150626539,0.12306380454528602,0.0,
bp_fs200_legacy_abs,/home/test/bupt_hjk/sdp_dataset/xrf55/wifi/03_30_13.npy,1000,float64,0.0,0.5014814814814815,0.0,0.008311111111111111,0.4985185185185185,0.4982886383019047,0.13018944870796723,0.0,
bp_fs200_legacy_abs,/home/test/bupt_hjk/sdp_dataset/xrf55/wifi/03_30_14.npy,1000,float64,0.0,0.4929074074074074,0.0,0.009370370370370371,0.5070925925925925,0.5096071099467668,0.1377859340822304,0.0,
bp_fs200_legacy_abs,/home/test/bupt_hjk/sdp_dataset/xrf55/wifi/03_30_15.npy,1000,float64,0.0,0.5056555555555555,0.0,0.009622222222222223,0.4943444444444444,0.49393361195764807,0.14710636562488413,0.0,
bp_fs200_legacy_abs,/home/test/bupt_hjk/sdp_dataset/xrf55/wifi/03_30_16.npy,1000,float64,0.0,0.48885185185185187,0.0,0.007703703703703704,0.5111481481481481,0.5115346996164015,0.12146220294368443,0.0,
bp_fs200_legacy_abs,/home/test/bupt_hjk/sdp_dataset/xrf55/wifi/03_30_17.npy,1000,float64,0.0,0.49140370370370373,0.0,0.009444444444444445,0.5085962962962963,0.5119357622316745,0.1291439587735884,0.0,
bp_fs200_legacy_abs,/home/test/bupt_hjk/sdp_dataset/xrf55/wifi/03_30_18.npy,1000,float64,0.0,0.5007185185185186,0.0,0.008437037037037036,0.4992814814814815,0.5005545890343314,0.12933674415155896,0.0,
bp_fs200_legacy_abs,/home/test/bupt_hjk/sdp_dataset/xrf55/wifi/03_30_19.npy,1000,float64,0.0,0.4986814814814815,0.0,0.009340740740740741,0.5013185185185185,0.502371635466233,0.13385237088940793,0.0,
bp_fs200_legacy_abs,/home/test/bupt_hjk/sdp_dataset/xrf55/wifi/03_30_20.npy,1000,float64,0.0,0.48977777777777776,0.0,0.007896296296296297,0.5102222222222222,0.5127431544338654,0.11965298631965299,0.0,
bp_fs200_legacy_abs,/home/test/bupt_hjk/sdp_dataset/xrf55/wifi/03_31_01.npy,1000,float64,0.0,0.5019296296296296,0.0,0.015081481481481482,0.4980703703703704,0.5004167417552712,0.20871612353093835,0.0,
bp_fs200_legacy_abs,/home/test/bupt_hjk/sdp_dataset/xrf55/wifi/03_31_02.npy,1000,float64,0.0,0.5004925925925926,0.0,0.01457037037037037,0.4995074074074074,0.49929239882429344,0.21085900715530345,0.0,
bp_fs200_legacy_abs,/home/test/bupt_hjk/sdp_dataset/xrf55/wifi/03_31_03.npy,1000,float64,0.0,0.49424074074074076,0.0,0.013674074074074075,0.5057592592592592,0.5051400026291574,0.21316130945760575,0.0,
bp_fs200_legacy_abs,/home/test/bupt_hjk/sdp_dataset/xrf55/wifi/03_31_04.npy,1000,float64,0.0,0.49843333333333334,0.0,0.013703703703703704,0.5015666666666667,0.5005994979204916,0.21249768286805323,0.0,
bp_fs200_legacy_abs,/home/test/bupt_hjk/sdp_dataset/xrf55/wifi/03_31_05.npy,1000,float64,0.0,0.49496296296296294,0.0,0.014844444444444445,0.5050370370370371,0.5091570002140451,0.20896452007563118,0.0,
bp_fs200_legacy_abs,/home/test/bupt_hjk/sdp_dataset/xrf55/wifi/03_31_06.npy,1000,float64,0.0,0.5007962962962963,0.0,0.01545925925925926,0.4992037037037037,0.501236435902937,0.21534126719311905,0.0,
bp_fs200_legacy_abs,/home/test/bupt_hjk/sdp_dataset/xrf55/wifi/03_31_07.npy,1000,float64,0.0,0.49245925925925926,0.0,0.013955555555555556,0.5075407407407407,0.5076876254029804,0.2088236384532681,0.0,
bp_fs200_legacy_abs,/home/test/bupt_hjk/sdp_dataset/xrf55/wifi/03_31_08.npy,1000,float64,0.0,0.5032962962962962,0.0,0.01411111111111111,0.4967037037037037,0.4976169030999024,0.21263485707930152,0.0,
bp_fs200_legacy_abs,/home/test/bupt_hjk/sdp_dataset/xrf55/wifi/03_31_09.npy,1000,float64,0.0,0.49904814814814813,0.0,0.015333333333333332,0.5009518518518519,0.5027488919995047,0.2123086049011975,0.0,
bp_fs200_legacy_abs,/home/test/bupt_hjk/sdp_dataset/xrf55/wifi/03_31_10.npy,1000,float64,0.0,0.4928444444444444,0.0,0.01591851851851852,0.5071555555555556,0.5081916049679819,0.22002002002002002,0.0,
bp_fs200_legacy_abs,/home/test/bupt_hjk/sdp_dataset/xrf55/wifi/03_31_11.npy,1000,float64,0.0,0.4973925925925926,0.0,0.015962962962962964,0.5026074074074074,0.5036750323493124,0.21720238757275795,0.0,
bp_fs200_legacy_abs,/home/test/bupt_hjk/sdp_dataset/xrf55/wifi/03_31_12.npy,1000,float64,0.0,0.49346666666666666,0.0,0.01557037037037037,0.5065333333333333,0.5063055155443524,0.20959477996515033,0.0,
bp_fs200_legacy_abs,/home/test/bupt_hjk/sdp_dataset/xrf55/wifi/03_31_13.npy,1000,float64,0.0,0.4984148148148148,0.0,0.01417037037037037,0.5015851851851851,0.5010186050176145,0.21144107070032997,0.0,
bp_fs200_legacy_abs,/home/test/bupt_hjk/sdp_dataset/xrf55/wifi/03_31_14.npy,1000,float64,0.0,0.5008296296296296,0.0,0.014548148148148149,0.4991703703703704,0.5002280720934003,0.20225410595780965,0.0,
bp_fs200_legacy_abs,/home/test/bupt_hjk/sdp_dataset/xrf55/wifi/03_31_15.npy,1000,float64,0.0,0.4910074074074074,0.0,0.015118518518518519,0.5089925925925926,0.5095002010922882,0.20649909168427688,0.0,
bp_fs200_legacy_abs,/home/test/bupt_hjk/sdp_dataset/xrf55/wifi/03_31_16.npy,1000,float64,0.0,0.5014444444444445,0.0,0.014444444444444444,0.49855555555555553,0.49887792246782003,0.20845289734178624,0.0,
bp_fs200_legacy_abs,/home/test/bupt_hjk/sdp_dataset/xrf55/wifi/03_31_17.npy,1000,float64,0.0,0.4989148148148148,0.0,0.015244444444444444,0.5010851851851852,0.5031544257891708,0.21505950394839285,0.0,
bp_fs200_legacy_abs,/home/test/bupt_hjk/sdp_dataset/xrf55/wifi/03_31_18.npy,1000,float64,0.0,0.5015333333333334,0.0,0.014696296296296296,0.49846666666666667,0.5002518721241467,0.2191710228747266,0.0,
bp_fs200_legacy_abs,/home/test/bupt_hjk/sdp_dataset/xrf55/wifi/03_31_19.npy,1000,float64,0.0,0.49595925925925927,0.0,0.014044444444444444,0.5040407407407408,0.5035941009498026,0.20718867015163311,0.0,
bp_fs200_legacy_abs,/home/test/bupt_hjk/sdp_dataset/xrf55/wifi/03_31_20.npy,1000,float64,0.0,0.5059703703703704,0.0,0.01482962962962963,0.49402962962962965,0.49481831201392307,0.20319578838097357,0.0,
bp_fs200_legacy_abs,/home/test/bupt_hjk/sdp_dataset/xrf55/wifi/03_32_01.npy,1000,float64,0.0,0.5039555555555556,0.0,0.012303703703703704,0.49604444444444445,0.4955068370930729,0.17667296926556186,0.0,
bp_fs200_legacy_abs,/home/test/bupt_hjk/sdp_dataset/xrf55/wifi/03_32_02.npy,1000,float64,0.0,0.508425925925926,0.0,0.011525925925925926,0.49157407407407405,0.49142681948250544,0.16376376376376375,0.0,
bp_fs200_legacy_abs,/home/test/bupt_hjk/sdp_dataset/xrf55/wifi/03_32_03.npy,1000,float64,0.0,0.5017037037037037,0.0,0.01154074074074074,0.4982962962962963,0.49916552186105656,0.17305082860638415,0.0,
bp_fs200_legacy_abs,/home/test/bupt_hjk/sdp_dataset/xrf55/wifi/03_32_04.npy,1000,float64,0.0,0.5008481481481482,0.0,0.011866666666666666,0.49915185185185185,0.5021885783921067,0.17118229340451563,0.0,
bp_fs200_legacy_abs,/home/test/bupt_hjk/sdp_dataset/xrf55/wifi/03_32_05.npy,1000,float64,0.0,0.4815888888888889,0.0,0.011762962962962963,0.5184111111111112,0.5255766654903791,0.17321395469543618,0.0,
bp_fs200_legacy_abs,/home/test/bupt_hjk/sdp_dataset/xrf55/wifi/03_32_06.npy,1000,float64,0.0,0.49213703703703704,0.0,0.011414814814814815,0.507862962962963,0.5135671010168666,0.16325955585214844,0.0,
bp_fs200_legacy_abs,/home/test/bupt_hjk/sdp_dataset/xrf55/wifi/03_32_07.npy,1000,float64,0.0,0.48993703703703706,0.0,0.011029629629629629,0.5100629629629629,0.5122948496540362,0.16978830682534385,0.0,
bp_fs200_legacy_abs,/home/test/bupt_hjk/sdp_dataset/xrf55/wifi/03_32_08.npy,1000,float64,0.0,0.5,0.0,0.01025925925925926,0.5,0.4977680422865502,0.1568049531012494,0.0,
bp_fs200_legacy_abs,/home/test/bupt_hjk/sdp_dataset/xrf55/wifi/03_32_09.npy,1000,float64,0.0,0.5097962962962963,0.0,0.012837037037037037,0.4902037037037037,0.48719234084893226,0.17108960812664517,0.0,
bp_fs200_legacy_abs,/home/test/bupt_hjk/sdp_dataset/xrf55/wifi/03_32_10.npy,1000,float64,0.0,0.5120592592592592,0.0,0.01094074074074074,0.48794074074074073,0.48930887488095776,0.16044933822711602,0.0,
bp_fs200_legacy_abs,/home/test/bupt_hjk/sdp_dataset/xrf55/wifi/03_32_11.npy,1000,float64,0.0,0.4870074074074074,0.0,0.010814814814814815,0.5129925925925926,0.5181373268179646,0.15631186742297853,0.0,
bp_fs200_legacy_abs,/home/test/bupt_hjk/sdp_dataset/xrf55/wifi/03_32_12.npy,1000,float64,0.0,0.5247296296296297,0.0,0.0098,0.47527037037037034,0.4740609913160055,0.1482779075371668,0.0,
bp_fs200_legacy_abs,/home/test/bupt_hjk/sdp_dataset/xrf55/wifi/03_32_13.npy,1000,float64,0.0,0.49693333333333334,0.0,0.010911111111111111,0.5030666666666667,0.5055404683632863,0.16189522856189523,0.0,
bp_fs200_legacy_abs,/home/test/bupt_hjk/sdp_dataset/xrf55/wifi/03_32_14.npy,1000,float64,0.0,0.5101888888888889,0.0,0.008918518518518518,0.4898111111111111,0.49031768795849257,0.13757461164868573,0.0,
bp_fs200_legacy_abs,/home/test/bupt_hjk/sdp_dataset/xrf55/wifi/03_32_15.npy,1000,float64,0.0,0.5187592592592593,0.0,0.009614814814814816,0.48124074074074075,0.4789048878735045,0.1450969488006525,0.0,
bp_fs200_legacy_abs,/home/test/bupt_hjk/sdp_dataset/xrf55/wifi/03_32_16.npy,1000,float64,0.0,0.5032333333333333,0.0,0.008918518518518518,0.4967666666666667,0.49628686929181015,0.13448263077892708,0.0,
bp_fs200_legacy_abs,/home/test/bupt_hjk/sdp_dataset/xrf55/wifi/03_32_17.npy,1000,float64,0.0,0.5032962962962962,0.0,0.010792592592592593,0.4967037037037037,0.4986758914155513,0.1528269009750491,0.0,
bp_fs200_legacy_abs,/home/test/bupt_hjk/sdp_dataset/xrf55/wifi/03_32_18.npy,1000,float64,0.0,0.4980777777777778,0.0,0.011733333333333333,0.5019222222222223,0.5043232784357593,0.16658139621102583,0.0,
bp_fs200_legacy_abs,/home/test/bupt_hjk/sdp_dataset/xrf55/wifi/03_32_19.npy,1000,float64,0.0,0.5056888888888889,0.0,0.01037037037037037,0.4943111111111111,0.49494471308287963,0.1481555629703778,0.0,
bp_fs200_legacy_abs,/home/test/bupt_hjk/sdp_dataset/xrf55/wifi/03_32_20.npy,1000,float64,0.0,0.4877925925925926,0.0,0.01094074074074074,0.5122074074074074,0.5170580533839878,0.16777889000111224,0.0,
bp_fs200_legacy_abs,/home/test/bupt_hjk/sdp_dataset/xrf55/wifi/03_33_01.npy,1000,float64,0.0,0.49805555555555553,0.0,0.010074074074074074,0.5019444444444444,0.5036786181987561,0.17154932710488266,0.0,
bp_fs200_legacy_abs,/home/test/bupt_hjk/sdp_dataset/xrf55/wifi/03_33_02.npy,1000,float64,0.0,0.500337037037037,0.0,0.011207407407407407,0.499662962962963,0.5008508289833743,0.16816446075705335,0.0,
bp_fs200_legacy_abs,/home/test/bupt_hjk/sdp_dataset/xrf55/wifi/03_33_03.npy,1000,float64,0.0,0.5089851851851852,0.0,0.009992592592592593,0.4910148148148148,0.4912298220615967,0.1758202647091536,0.0,
bp_fs200_legacy_abs,/home/test/bupt_hjk/sdp_dataset/xrf55/wifi/03_33_04.npy,1000,float64,0.0,0.5004666666666666,0.0,0.008540740740740741,0.49953333333333333,0.5030401712515941,0.15087309531753976,0.0,
bp_fs200_legacy_abs,/home/test/bupt_hjk/sdp_dataset/xrf55/wifi/03_33_05.npy,1000,float64,0.0,0.5223444444444444,0.0,0.009355555555555556,0.47765555555555556,0.47543620459872243,0.1539836132428725,0.0,
bp_fs200_legacy_abs,/home/test/bupt_hjk/sdp_dataset/xrf55/wifi/03_33_06.npy,1000,float64,0.0,0.5037296296296296,0.0,0.008474074074074075,0.49627037037037036,0.4952879461826856,0.1446335224113002,0.0,
bp_fs200_legacy_abs,/home/test/bupt_hjk/sdp_dataset/xrf55/wifi/03_33_07.npy,1000,float64,0.0,0.5187777777777778,0.0,0.009977777777777778,0.4812222222222222,0.48115410146265536,0.14970526081637192,0.0,
bp_fs200_legacy_abs,/home/test/bupt_hjk/sdp_dataset/xrf55/wifi/03_33_08.npy,1000,float64,0.0,0.5212037037037037,0.0,0.010014814814814815,0.4787962962962963,0.4755091967261415,0.15205946687428168,0.0,
bp_fs200_legacy_abs,/home/test/bupt_hjk/sdp_dataset/xrf55/wifi/03_33_09.npy,1000,float64,0.0,0.4887148148148148,0.0,0.00908888888888889,0.5112851851851852,0.5129088108606001,0.1479590701812924,0.0,
bp_fs200_legacy_abs,/home/test/bupt_hjk/sdp_dataset/xrf55/wifi/03_33_10.npy,1000,float64,0.0,0.4960222222222222,0.0,0.008837037037037037,0.5039777777777777,0.5054956284773475,0.15595595595595596,0.0,
bp_fs200_legacy_abs,/home/test/bupt_hjk/sdp_dataset/xrf55/wifi/03_33_11.npy,1000,float64,0.0,0.5079111111111111,0.0,0.01014074074074074,0.4920888888888889,0.49136297739493284,0.1537834130426723,0.0,
bp_fs200_legacy_abs,/home/test/bupt_hjk/sdp_dataset/xrf55/wifi/03_33_12.npy,1000,float64,0.0,0.4871259259259259,0.0,0.008688888888888888,0.512874074074074,0.5139128977969342,0.14972750528306084,0.0,
bp_fs200_legacy_abs,/home/test/bupt_hjk/sdp_dataset/xrf55/wifi/03_33_13.npy,1000,float64,0.0,0.5069407407407407,0.0,0.009607407407407408,0.49305925925925925,0.49171005937415607,0.16038260482704927,0.0,
bp_fs200_legacy_abs,/home/test/bupt_hjk/sdp_dataset/xrf55/wifi/03_33_14.npy,1000,float64,0.0,0.5061555555555556,0.0,0.009585185185185184,0.4938444444444444,0.4933554438198401,0.1592666740814889,0.0,
bp_fs200_legacy_abs,/home/test/bupt_hjk/sdp_dataset/xrf55/wifi/03_33_15.npy,1000,float64,0.0,0.5113740740740741,0.0,0.00908888888888889,0.4886259259259259,0.4885024102920617,0.15138471805138473,0.0,
bp_fs200_legacy_abs,/home/test/bupt_hjk/sdp_dataset/xrf55/wifi/03_33_16.npy,1000,float64,0.0,0.5030851851851852,0.0,0.009474074074074074,0.4969148148148148,0.49711389230804515,0.16656285915545174,0.0,
bp_fs200_legacy_abs,/home/test/bupt_hjk/sdp_dataset/xrf55/wifi/03_33_17.npy,1000,float64,0.0,0.5014925925925926,0.0,0.009651851851851852,0.4985074074074074,0.499940687338086,0.15824342861379898,0.0,
bp_fs200_legacy_abs,/home/test/bupt_hjk/sdp_dataset/xrf55/wifi/03_33_18.npy,1000,float64,0.0,0.5103592592592593,0.0,0.008703703703703703,0.48964074074074077,0.4881214849000636,0.1515441367293219,0.0,
bp_fs200_legacy_abs,/home/test/bupt_hjk/sdp_dataset/xrf55/wifi/03_33_19.npy,1000,float64,0.0,0.5085740740740741,0.0,0.009622222222222223,0.49142592592592593,0.4920506846979942,0.15066548029510993,0.0,
bp_fs200_legacy_abs,/home/test/bupt_hjk/sdp_dataset/xrf55/wifi/03_33_20.npy,1000,float64,0.0,0.5042518518518518,0.0,0.0075703703703703705,0.49574814814814816,0.497830682792115,0.14172691209728247,0.0,
bp_fs200_legacy_abs,/home/test/bupt_hjk/sdp_dataset/xrf55/wifi/03_34_01.npy,1000,float64,0.0,0.5142555555555556,0.0,0.009622222222222223,0.4857444444444444,0.4847524631808262,0.14493753012271532,0.0,
bp_fs200_legacy_abs,/home/test/bupt_hjk/sdp_dataset/xrf55/wifi/03_34_02.npy,1000,float64,0.0,0.49962962962962965,0.0,0.007437037037037037,0.5003703703703704,0.5036656642530761,0.1247617988358729,0.0,
bp_fs200_legacy_abs,/home/test/bupt_hjk/sdp_dataset/xrf55/wifi/03_34_03.npy,1000,float64,0.0,0.49875555555555556,0.0,0.008644444444444444,0.5012444444444445,0.5018824409875752,0.1421940458977496,0.0,
bp_fs200_legacy_abs,/home/test/bupt_hjk/sdp_dataset/xrf55/wifi/03_34_04.npy,1000,float64,0.0,0.4984925925925926,0.0,0.0098,0.5015074074074074,0.5043296790183527,0.156445334223112,0.0,
bp_fs200_legacy_abs,/home/test/bupt_hjk/sdp_dataset/xrf55/wifi/03_34_05.npy,1000,float64,0.0,0.5065185185185185,0.0,0.00945925925925926,0.49348148148148147,0.4912149762821672,0.14267971675379082,0.0,
bp_fs200_legacy_abs,/home/test/bupt_hjk/sdp_dataset/xrf55/wifi/03_34_06.npy,1000,float64,0.0,0.49475185185185183,0.0,0.009962962962962963,0.5052481481481481,0.5067145132505613,0.14613131650168687,0.0,
bp_fs200_legacy_abs,/home/test/bupt_hjk/sdp_dataset/xrf55/wifi/03_34_07.npy,1000,float64,0.0,0.49495185185185187,0.0,0.009903703703703704,0.5050481481481481,0.5077679064628982,0.1483594705816928,0.0,
bp_fs200_legacy_abs,/home/test/bupt_hjk/sdp_dataset/xrf55/wifi/03_34_08.npy,1000,float64,0.0,0.5032851851851852,0.0,0.011696296296296297,0.49671481481481483,0.4984778246730783,0.16962147332517702,0.0,
bp_fs200_legacy_abs,/home/test/bupt_hjk/sdp_dataset/xrf55/wifi/03_34_09.npy,1000,float64,0.0,0.4861740740740741,0.0,0.010422222222222222,0.5138259259259259,0.5181421074373843,0.15255255255255254,0.0,
bp_fs200_legacy_abs,/home/test/bupt_hjk/sdp_dataset/xrf55/wifi/03_34_10.npy,1000,float64,0.0,0.49134814814814814,0.0,0.010525925925925926,0.5086518518518518,0.5135423981233554,0.16477588699810922,0.0,
bp_fs200_legacy_abs,/home/test/bupt_hjk/sdp_dataset/xrf55/wifi/03_34_11.npy,1000,float64,0.0,0.5026111111111111,0.0,0.0068,0.4973888888888889,0.4965667867849681,0.11977162347532717,0.0,
bp_fs200_legacy_abs,/home/test/bupt_hjk/sdp_dataset/xrf55/wifi/03_34_12.npy,1000,float64,0.0,0.5043481481481481,0.0,0.00982962962962963,0.49565185185185184,0.49697904174518875,0.14601267934601267,0.0,
bp_fs200_legacy_abs,/home/test/bupt_hjk/sdp_dataset/xrf55/wifi/03_34_13.npy,1000,float64,0.0,0.5043962962962963,0.0,0.008688888888888888,0.4956037037037037,0.4962434588300569,0.13341489637785933,0.0,
bp_fs200_legacy_abs,/home/test/bupt_hjk/sdp_dataset/xrf55/wifi/03_34_14.npy,1000,float64,0.0,0.4940888888888889,0.0,0.010466666666666668,0.5059111111111111,0.5077443393522499,0.16044933822711602,0.0,
bp_fs200_legacy_abs,/home/test/bupt_hjk/sdp_dataset/xrf55/wifi/03_34_15.npy,1000,float64,0.0,0.4884925925925926,0.0,0.010429629629629629,0.5115074074074074,0.5168807162799653,0.14064805546287026,0.0,
bp_fs200_legacy_abs,/home/test/bupt_hjk/sdp_dataset/xrf55/wifi/03_34_16.npy,1000,float64,0.0,0.4729703703703704,0.0,0.008074074074074074,0.5270296296296296,0.5296626878801207,0.12040559077596115,0.0,
bp_fs200_legacy_abs,/home/test/bupt_hjk/sdp_dataset/xrf55/wifi/03_34_17.npy,1000,float64,0.0,0.5030518518518519,0.0,0.00908888888888889,0.49694814814814814,0.4986173846195035,0.12839876913950987,0.0,
bp_fs200_legacy_abs,/home/test/bupt_hjk/sdp_dataset/xrf55/wifi/03_34_18.npy,1000,float64,0.0,0.5047888888888888,0.0,0.010992592592592592,0.4952111111111111,0.4974998154486928,0.14705446186927668,0.0,
bp_fs200_legacy_abs,/home/test/bupt_hjk/sdp_dataset/xrf55/wifi/03_34_19.npy,1000,float64,0.0,0.49793333333333334,0.0,0.009933333333333334,0.5020666666666667,0.49881914901800894,0.15511437363289216,0.0,
bp_fs200_legacy_abs,/home/test/bupt_hjk/sdp_dataset/xrf55/wifi/03_34_20.npy,1000,float64,0.0,0.506237037037037,0.0,0.009422222222222222,0.49376296296296296,0.49244002778223006,0.14875245615986357,0.0,
bp_fs200_legacy_abs,/home/test/bupt_hjk/sdp_dataset/xrf55/wifi/03_35_01.npy,1000,float64,0.0,0.5059925925925925,0.0,0.008244444444444445,0.4940074074074074,0.49636899217762026,0.13513884254624994,0.0,
bp_fs200_legacy_abs,/home/test/bupt_hjk/sdp_dataset/xrf55/wifi/03_35_02.npy,1000,float64,0.0,0.5055777777777778,0.0,0.008792592592592593,0.4944222222222222,0.49449756586592136,0.1292069847625403,0.0,
bp_fs200_legacy_abs,/home/test/bupt_hjk/sdp_dataset/xrf55/wifi/03_35_03.npy,1000,float64,0.0,0.5034481481481482,0.0,0.009222222222222222,0.49655185185185186,0.4956709294499174,0.1421347273199125,0.0,
bp_fs200_legacy_abs,/home/test/bupt_hjk/sdp_dataset/xrf55/wifi/03_35_04.npy,1000,float64,0.0,0.5047037037037037,0.0,0.009274074074074073,0.4952962962962963,0.4947651537023811,0.1314685055425796,0.0,
bp_fs200_legacy_abs,/home/test/bupt_hjk/sdp_dataset/xrf55/wifi/03_35_05.npy,1000,float64,0.0,0.5117555555555555,0.0,0.009014814814814814,0.4882444444444444,0.48878984843784284,0.13041189337485634,0.0,
bp_fs200_legacy_abs,/home/test/bupt_hjk/sdp_dataset/xrf55/wifi/03_35_06.npy,1000,float64,0.0,0.5054888888888889,0.0,0.0086,0.4945111111111111,0.49766760113341774,0.12640418195973752,0.0,
bp_fs200_legacy_abs,/home/test/bupt_hjk/sdp_dataset/xrf55/wifi/03_35_07.npy,1000,float64,0.0,0.4971259259259259,0.0,0.009414814814814815,0.502874074074074,0.5008465182665736,0.1373113854595336,0.0,
bp_fs200_legacy_abs,/home/test/bupt_hjk/sdp_dataset/xrf55/wifi/03_35_08.npy,1000,float64,0.0,0.4984296296296296,0.0,0.009251851851851851,0.5015703703703703,0.5018115667972709,0.1391502613724836,0.0,
bp_fs200_legacy_abs,/home/test/bupt_hjk/sdp_dataset/xrf55/wifi/03_35_09.npy,1000,float64,0.0,0.49018518518518517,0.0,0.0086,0.5098148148148148,0.5118261199696279,0.13605828050272495,0.0,
bp_fs200_legacy_abs,/home/test/bupt_hjk/sdp_dataset/xrf55/wifi/03_35_10.npy,1000,float64,0.0,0.5055111111111111,0.0,0.007925925925925927,0.49448888888888887,0.49498486960660976,0.12226671115560005,0.0,
bp_fs200_legacy_abs,/home/test/bupt_hjk/sdp_dataset/xrf55/wifi/03_35_11.npy,1000,float64,0.0,0.4941185185185185,0.0,0.0076,0.5058814814814815,0.5079607456805092,0.11662403143884625,0.0,
bp_fs200_legacy_abs,/home/test/bupt_hjk/sdp_dataset/xrf55/wifi/03_35_12.npy,1000,float64,0.0,0.49211481481481484,0.0,0.008148148148148147,0.5078851851851852,0.5109524814569137,0.12154747339932526,0.0,
bp_fs200_legacy_abs,/home/test/bupt_hjk/sdp_dataset/xrf55/wifi/03_35_13.npy,1000,float64,0.0,0.4860111111111111,0.0,0.008807407407407408,0.5139888888888889,0.5158807641608704,0.126741556371186,0.0,
bp_fs200_legacy_abs,/home/test/bupt_hjk/sdp_dataset/xrf55/wifi/03_35_14.npy,1000,float64,0.0,0.5014925925925926,0.0,0.008162962962962962,0.4985074074074074,0.49899842690779866,0.12259667074481889,0.0,
bp_fs200_legacy_abs,/home/test/bupt_hjk/sdp_dataset/xrf55/wifi/03_35_15.npy,1000,float64,0.0,0.49855555555555553,0.0,0.008325925925925926,0.5014444444444445,0.5018608689087684,0.12146220294368443,0.0,
bp_fs200_legacy_abs,/home/test/bupt_hjk/sdp_dataset/xrf55/wifi/03_35_16.npy,1000,float64,0.0,0.5054148148148148,0.0,0.008748148148148149,0.4945851851851852,0.4971463583447744,0.1371705038371705,0.0,
bp_fs200_legacy_abs,/home/test/bupt_hjk/sdp_dataset/xrf55/wifi/03_35_17.npy,1000,float64,0.0,0.5039037037037037,0.0,0.00825925925925926,0.4960962962962963,0.4980020943041731,0.1289660030400771,0.0,
bp_fs200_legacy_abs,/home/test/bupt_hjk/sdp_dataset/xrf55/wifi/03_35_18.npy,1000,float64,0.0,0.4759333333333333,0.0,0.00825925925925926,0.5240666666666667,0.5298277143333788,0.1253364475586698,0.0,
bp_fs200_legacy_abs,/home/test/bupt_hjk/sdp_dataset/xrf55/wifi/03_35_19.npy,1000,float64,0.0,0.5067074074074074,0.0,0.008288888888888889,0.4932925925925926,0.4945136160360782,0.13766358951544136,0.0,
bp_fs200_legacy_abs,/home/test/bupt_hjk/sdp_dataset/xrf55/wifi/03_35_20.npy,1000,float64,0.0,0.49796296296296294,0.0,0.009007407407407407,0.5020370370370371,0.502981407375718,0.12906981055129202,0.0,
bp_fs200_legacy_abs,/home/test/bupt_hjk/sdp_dataset/xrf55/wifi/03_36_01.npy,1000,float64,0.0,0.49496666666666667,0.0,0.011466666666666667,0.5050333333333333,0.5078031675079958,0.16280354428502578,0.0,
bp_fs200_legacy_abs,/home/test/bupt_hjk/sdp_dataset/xrf55/wifi/03_36_02.npy,1000,float64,0.0,0.4820037037037037,0.0,0.010592592592592593,0.5179962962962963,0.522221663073058,0.15477329181032884,0.0,
bp_fs200_legacy_abs,/home/test/bupt_hjk/sdp_dataset/xrf55/wifi/03_36_03.npy,1000,float64,0.0,0.4933148148148148,0.0,0.011103703703703704,0.5066851851851852,0.5109454802781367,0.15537389241092944,0.0,
bp_fs200_legacy_abs,/home/test/bupt_hjk/sdp_dataset/xrf55/wifi/03_36_04.npy,1000,float64,0.0,0.4968962962962963,0.0,0.011525925925925926,0.5031037037037037,0.5073625054519209,0.15395766136506878,0.0,
bp_fs200_legacy_abs,/home/test/bupt_hjk/sdp_dataset/xrf55/wifi/03_36_05.npy,1000,float64,0.0,0.4930481481481481,0.0,0.011237037037037037,0.5069518518518519,0.5109912256224227,0.1585474363252141,0.0,
bp_fs200_legacy_abs,/home/test/bupt_hjk/sdp_dataset/xrf55/wifi/03_36_06.npy,1000,float64,0.0,0.48902962962962965,0.0,0.012074074074074074,0.5109703703703704,0.5159187533184254,0.16642939235531828,0.0,
bp_fs200_legacy_abs,/home/test/bupt_hjk/sdp_dataset/xrf55/wifi/03_36_07.npy,1000,float64,0.0,0.4976814814814815,0.0,0.010911111111111111,0.5023185185185185,0.5060949653651174,0.15585956326697067,0.0,
bp_fs200_legacy_abs,/home/test/bupt_hjk/sdp_dataset/xrf55/wifi/03_36_08.npy,1000,float64,0.0,0.49334074074074075,0.0,0.011822222222222222,0.5066592592592593,0.5085410895660203,0.15967819671523376,0.0,
bp_fs200_legacy_abs,/home/test/bupt_hjk/sdp_dataset/xrf55/wifi/03_36_09.npy,1000,float64,0.0,0.47675925925925927,0.0,0.010837037037037037,0.5232407407407408,0.5307674490426189,0.1572053535016498,0.0,
bp_fs200_legacy_abs,/home/test/bupt_hjk/sdp_dataset/xrf55/wifi/03_36_10.npy,1000,float64,0.0,0.4885888888888889,0.0,0.011437037037037037,0.5114111111111111,0.5151704361500393,0.1610276943610277,0.0,
bp_fs200_legacy_abs,/home/test/bupt_hjk/sdp_dataset/xrf55/wifi/03_36_11.npy,1000,float64,0.0,0.4987740740740741,0.0,0.01211111111111111,0.501225925925926,0.5038666125070117,0.16686686686686686,0.0,
bp_fs200_legacy_abs,/home/test/bupt_hjk/sdp_dataset/xrf55/wifi/03_36_12.npy,1000,float64,0.0,0.49462962962962964,0.0,0.011555555555555555,0.5053703703703704,0.5064600887219154,0.16122418715011308,0.0,
bp_fs200_legacy_abs,/home/test/bupt_hjk/sdp_dataset/xrf55/wifi/03_36_13.npy,1000,float64,0.0,0.4890851851851852,0.0,0.011533333333333333,0.5109148148148148,0.5150716629519564,0.15835465094724355,0.0,
bp_fs200_legacy_abs,/home/test/bupt_hjk/sdp_dataset/xrf55/wifi/03_36_14.npy,1000,float64,0.0,0.49824814814814816,0.0,0.011377777777777778,0.5017518518518519,0.5039069323303017,0.16298150001853706,0.0,
bp_fs200_legacy_abs,/home/test/bupt_hjk/sdp_dataset/xrf55/wifi/03_36_15.npy,1000,float64,0.0,0.5008925925925926,0.0,0.011703703703703704,0.4991074074074074,0.5016223736005814,0.16462759055351647,0.0,
bp_fs200_legacy_abs,/home/test/bupt_hjk/sdp_dataset/xrf55/wifi/03_36_16.npy,1000,float64,0.0,0.5019444444444444,0.0,0.011859259259259259,0.49805555555555553,0.4976637061920554,0.17668779891002112,0.0,
bp_fs200_legacy_abs,/home/test/bupt_hjk/sdp_dataset/xrf55/wifi/03_36_17.npy,1000,float64,0.0,0.49949629629629627,0.0,0.011696296296296297,0.5005037037037037,0.5009513791129744,0.16268119971823675,0.0,
bp_fs200_legacy_abs,/home/test/bupt_hjk/sdp_dataset/xrf55/wifi/03_36_18.npy,1000,float64,0.0,0.5050629629629629,0.0,0.012096296296296296,0.49493703703703706,0.49385335728112406,0.17076706335965594,0.0,
bp_fs200_legacy_abs,/home/test/bupt_hjk/sdp_dataset/xrf55/wifi/03_36_19.npy,1000,float64,0.0,0.49748888888888887,0.0,0.011222222222222222,0.5025111111111111,0.49975998017900836,0.1642568494420346,0.0,
bp_fs200_legacy_abs,/home/test/bupt_hjk/sdp_dataset/xrf55/wifi/03_36_20.npy,1000,float64,0.0,0.49395925925925926,0.0,0.012133333333333333,0.5060407407407408,0.5090205178691419,0.17148630111593074,0.0,
bp_fs200_legacy_abs,/home/test/bupt_hjk/sdp_dataset/xrf55/wifi/03_37_01.npy,1000,float64,0.0,0.4912111111111111,0.0,0.012874074074074074,0.5087888888888888,0.5124290284743411,0.1718978237496756,0.0,
bp_fs200_legacy_abs,/home/test/bupt_hjk/sdp_dataset/xrf55/wifi/03_37_02.npy,1000,float64,0.0,0.5036259259259259,0.0,0.013244444444444444,0.4963740740740741,0.49596895982900024,0.17573128684239794,0.0,
bp_fs200_legacy_abs,/home/test/bupt_hjk/sdp_dataset/xrf55/wifi/03_37_03.npy,1000,float64,0.0,0.5004037037037037,0.0,0.011985185185185186,0.4995962962962963,0.5006630190895056,0.16767878990101212,0.0,
bp_fs200_legacy_abs,/home/test/bupt_hjk/sdp_dataset/xrf55/wifi/03_37_04.npy,1000,float64,0.0,0.49402962962962965,0.0,0.012503703703703704,0.5059703703703704,0.5088555698723205,0.1583694805917028,0.0,
bp_fs200_legacy_abs,/home/test/bupt_hjk/sdp_dataset/xrf55/wifi/03_37_05.npy,1000,float64,0.0,0.5062185185185185,0.0,0.011037037037037036,0.4937814814814815,0.49200804037227386,0.1517814110406703,0.0,
bp_fs200_legacy_abs,/home/test/bupt_hjk/sdp_dataset/xrf55/wifi/03_37_06.npy,1000,float64,0.0,0.4885111111111111,0.0,0.010118518518518518,0.5114888888888889,0.5143400503294465,0.14263522782041302,0.0,
bp_fs200_legacy_abs,/home/test/bupt_hjk/sdp_dataset/xrf55/wifi/03_37_07.npy,1000,float64,0.0,0.4960962962962963,0.0,0.0114,0.5039037037037037,0.5043197676450374,0.16691877062247432,0.0,
bp_fs200_legacy_abs,/home/test/bupt_hjk/sdp_dataset/xrf55/wifi/03_37_08.npy,1000,float64,0.0,0.5034777777777778,0.0,0.012474074074074075,0.4965222222222222,0.4974836290150205,0.16837207577948318,0.0,
bp_fs200_legacy_abs,/home/test/bupt_hjk/sdp_dataset/xrf55/wifi/03_37_09.npy,1000,float64,0.0,0.5039925925925925,0.0,0.012118518518518518,0.4960074074074074,0.49591285974840554,0.1670114559003448,0.0,
bp_fs200_legacy_abs,/home/test/bupt_hjk/sdp_dataset/xrf55/wifi/03_37_10.npy,1000,float64,0.0,0.4831,0.0,0.009555555555555555,0.5169,0.5169074723826742,0.1420160901642383,0.0,
bp_fs200_legacy_abs,/home/test/bupt_hjk/sdp_dataset/xrf55/wifi/03_37_11.npy,1000,float64,0.0,0.48581851851851854,0.0,0.011703703703703704,0.5141814814814815,0.5136213777546417,0.16516887257628,0.0,
bp_fs200_legacy_abs,/home/test/bupt_hjk/sdp_dataset/xrf55/wifi/03_37_12.npy,1000,float64,0.0,0.4982259259259259,0.0,0.011948148148148149,0.501774074074074,0.5031017393763973,0.1576465354243132,0.0,
bp_fs200_legacy_abs,/home/test/bupt_hjk/sdp_dataset/xrf55/wifi/03_37_13.npy,1000,float64,0.0,0.4978592592592593,0.0,0.010459259259259258,0.5021407407407408,0.5031012242691075,0.14428873317762206,0.0,
bp_fs200_legacy_abs,/home/test/bupt_hjk/sdp_dataset/xrf55/wifi/03_37_14.npy,1000,float64,0.0,0.493337037037037,0.0,0.011488888888888889,0.506662962962963,0.5095374733666154,0.15717940162384605,0.0,
bp_fs200_legacy_abs,/home/test/bupt_hjk/sdp_dataset/xrf55/wifi/03_37_15.npy,1000,float64,0.0,0.5008037037037038,0.0,0.010503703703703704,0.4991962962962963,0.5006479283494455,0.14126348570793015,0.0,
bp_fs200_legacy_abs,/home/test/bupt_hjk/sdp_dataset/xrf55/wifi/03_37_16.npy,1000,float64,0.0,0.5148703703703704,0.0,0.011140740740740741,0.48512962962962963,0.4830580767132131,0.1526637748859971,0.0,
bp_fs200_legacy_abs,/home/test/bupt_hjk/sdp_dataset/xrf55/wifi/03_37_17.npy,1000,float64,0.0,0.4992962962962963,0.0,0.011666666666666667,0.5007037037037037,0.504109065674877,0.16976606235865496,0.0,
bp_fs200_legacy_abs,/home/test/bupt_hjk/sdp_dataset/xrf55/wifi/03_37_18.npy,1000,float64,0.0,0.4931962962962963,0.0,0.011340740740740742,0.5068037037037038,0.5076928441632409,0.16533941348756165,0.0,
bp_fs200_legacy_abs,/home/test/bupt_hjk/sdp_dataset/xrf55/wifi/03_37_19.npy,1000,float64,0.0,0.5040037037037037,0.0,0.013837037037037037,0.4959962962962963,0.4941270823843617,0.1897897897897898,0.0,
bp_fs200_legacy_abs,/home/test/bupt_hjk/sdp_dataset/xrf55/wifi/03_37_20.npy,1000,float64,0.0,0.4996481481481482,0.0,0.012414814814814814,0.5003518518518518,0.501275902355039,0.17773699625551478,0.0,
bp_fs200_legacy_abs,/home/test/bupt_hjk/sdp_dataset/xrf55/wifi/03_38_01.npy,1000,float64,0.0,0.5046407407407407,0.0,0.01017037037037037,0.4953592592592593,0.49820202181979034,0.14411077744411077,0.0,
bp_fs200_legacy_abs,/home/test/bupt_hjk/sdp_dataset/xrf55/wifi/03_38_02.npy,1000,float64,0.0,0.4970851851851852,0.0,0.009940740740740741,0.5029148148148148,0.5027994203910084,0.14638342045749453,0.0,
bp_fs200_legacy_abs,/home/test/bupt_hjk/sdp_dataset/xrf55/wifi/03_38_03.npy,1000,float64,0.0,0.5029333333333333,0.0,0.009518518518518518,0.49706666666666666,0.497499686272422,0.13808623438253068,0.0,
bp_fs200_legacy_abs,/home/test/bupt_hjk/sdp_dataset/xrf55/wifi/03_38_04.npy,1000,float64,0.0,0.4854851851851852,0.0,0.0084,0.5145148148148149,0.515405841301872,0.13079746413079746,0.0,
bp_fs200_legacy_abs,/home/test/bupt_hjk/sdp_dataset/xrf55/wifi/03_38_05.npy,1000,float64,0.0,0.4837,0.0,0.008303703703703704,0.5163,0.5214814983094229,0.1328847365884403,0.0,
bp_fs200_legacy_abs,/home/test/bupt_hjk/sdp_dataset/xrf55/wifi/03_38_06.npy,1000,float64,0.0,0.5001851851851852,0.0,0.008948148148148148,0.4998148148148148,0.5017051267477549,0.13195788380973567,0.0,
bp_fs200_legacy_abs,/home/test/bupt_hjk/sdp_dataset/xrf55/wifi/03_38_07.npy,1000,float64,0.0,0.5068592592592592,0.0,0.010437037037037036,0.49314074074074077,0.4901721504608843,0.15084343602862121,0.0,
bp_fs200_legacy_abs,/home/test/bupt_hjk/sdp_dataset/xrf55/wifi/03_38_08.npy,1000,float64,0.0,0.5018037037037038,0.0,0.009051851851851853,0.4981962962962963,0.4976070022678489,0.1383902420939458,0.0,
bp_fs200_legacy_abs,/home/test/bupt_hjk/sdp_dataset/xrf55/wifi/03_38_09.npy,1000,float64,0.0,0.49511481481481484,0.0,0.00962962962962963,0.5048851851851852,0.5055356331320723,0.1492381270159048,0.0,
bp_fs200_legacy_abs,/home/test/bupt_hjk/sdp_dataset/xrf55/wifi/03_38_10.npy,1000,float64,0.0,0.4991777777777778,0.0,0.010651851851851852,0.5008222222222222,0.5022538035326171,0.1479405331257183,0.0,
bp_fs200_legacy_abs,/home/test/bupt_hjk/sdp_dataset/xrf55/wifi/03_38_11.npy,1000,float64,0.0,0.4945777777777778,0.0,0.009644444444444445,0.5054222222222222,0.5084688761159349,0.14924924924924926,0.0,
bp_fs200_legacy_abs,/home/test/bupt_hjk/sdp_dataset/xrf55/wifi/03_38_12.npy,1000,float64,0.0,0.49482592592592595,0.0,0.010059259259259259,0.5051740740740741,0.5078267601197637,0.15399844288733178,0.0,
bp_fs200_legacy_abs,/home/test/bupt_hjk/sdp_dataset/xrf55/wifi/03_38_13.npy,1000,float64,0.0,0.4876333333333333,0.0,0.009733333333333333,0.5123666666666666,0.5159493670886076,0.13860156452749045,0.0,
bp_fs200_legacy_abs,/home/test/bupt_hjk/sdp_dataset/xrf55/wifi/03_38_14.npy,1000,float64,0.0,0.4947259259259259,0.0,0.009481481481481481,0.5052740740740741,0.5083826542659751,0.15321617914210506,0.0,
bp_fs200_legacy_abs,/home/test/bupt_hjk/sdp_dataset/xrf55/wifi/03_38_15.npy,1000,float64,0.0,0.5048888888888889,0.0,0.009866666666666666,0.4951111111111111,0.49580693609008225,0.14351759166573982,0.0,
bp_fs200_legacy_abs,/home/test/bupt_hjk/sdp_dataset/xrf55/wifi/03_38_16.npy,1000,float64,0.0,0.4906111111111111,0.0,0.009518518518518518,0.5093888888888889,0.5133454055740274,0.14001779557335112,0.0,
bp_fs200_legacy_abs,/home/test/bupt_hjk/sdp_dataset/xrf55/wifi/03_38_17.npy,1000,float64,0.0,0.5047925925925926,0.0,0.011118518518518519,0.49520740740740743,0.4942715225437739,0.15472880287695104,0.0,
bp_fs200_legacy_abs,/home/test/bupt_hjk/sdp_dataset/xrf55/wifi/03_38_18.npy,1000,float64,0.0,0.5002481481481481,0.0,0.00951111111111111,0.49975185185185184,0.5023617271314303,0.14348793237682125,0.0,
bp_fs200_legacy_abs,/home/test/bupt_hjk/sdp_dataset/xrf55/wifi/03_38_19.npy,1000,float64,0.0,0.5036037037037037,0.0,0.010007407407407408,0.4963962962962963,0.4961579020973735,0.140592444296148,0.0,
bp_fs200_legacy_abs,/home/test/bupt_hjk/sdp_dataset/xrf55/wifi/03_38_20.npy,1000,float64,0.0,0.506437037037037,0.0,0.008918518518518518,0.493562962962963,0.4961435764418676,0.1375857338820302,0.0,
bp_fs200_legacy_abs,/home/test/bupt_hjk/sdp_dataset/xrf55/wifi/03_39_01.npy,1000,float64,0.0,0.4922814814814815,0.0,0.006229629629629629,0.5077185185185186,0.5107119736228,0.12214436658881103,0.0,
bp_fs200_legacy_abs,/home/test/bupt_hjk/sdp_dataset/xrf55/wifi/03_39_02.npy,1000,float64,0.0,0.48782592592592594,0.0,0.0052592592592592595,0.5121740740740741,0.5154511181431405,0.11796240685129573,0.0,
bp_fs200_legacy_abs,/home/test/bupt_hjk/sdp_dataset/xrf55/wifi/03_39_03.npy,1000,float64,0.0,0.4950703703703704,0.0,0.0071333333333333335,0.5049296296296296,0.5063434620352553,0.12607051495940386,0.0,
bp_fs200_legacy_abs,/home/test/bupt_hjk/sdp_dataset/xrf55/wifi/03_39_04.npy,1000,float64,0.0,0.49798148148148147,0.0,0.0057777777777777775,0.5020185185185185,0.5029770321685388,0.12006821636451266,0.0,
bp_fs200_legacy_abs,/home/test/bupt_hjk/sdp_dataset/xrf55/wifi/03_39_05.npy,1000,float64,0.0,0.5033592592592593,0.0,0.006807407407407407,0.4966407407407407,0.5000622549888885,0.1245801356912468,0.0,
bp_fs200_legacy_abs,/home/test/bupt_hjk/sdp_dataset/xrf55/wifi/03_39_06.npy,1000,float64,0.0,0.4945962962962963,0.0,0.005644444444444444,0.5054037037037037,0.5063049321936633,0.11150780410039669,0.0,
bp_fs200_legacy_abs,/home/test/bupt_hjk/sdp_dataset/xrf55/wifi/03_39_07.npy,1000,float64,0.0,0.4947962962962963,0.0,0.006503703703703703,0.5052037037037037,0.5082388920902869,0.12368294220146071,0.0,
bp_fs200_legacy_abs,/home/test/bupt_hjk/sdp_dataset/xrf55/wifi/03_39_08.npy,1000,float64,0.0,0.4880555555555556,0.0,0.006229629629629629,0.5119444444444444,0.5143067735107348,0.11573054536017499,0.0,
bp_fs200_legacy_abs,/home/test/bupt_hjk/sdp_dataset/xrf55/wifi/03_39_09.npy,1000,float64,0.0,0.49784074074074075,0.0,0.005948148148148148,0.5021592592592593,0.5045953101361573,0.11908945983020057,0.0,
bp_fs200_legacy_abs,/home/test/bupt_hjk/sdp_dataset/xrf55/wifi/03_39_10.npy,1000,float64,0.0,0.48643333333333333,0.0,0.006037037037037037,0.5135666666666666,0.517825254497545,0.11498164831498164,0.0,
bp_fs200_legacy_abs,/home/test/bupt_hjk/sdp_dataset/xrf55/wifi/03_39_11.npy,1000,float64,0.0,0.4985185185185185,0.0,0.006814814814814815,0.5014814814814815,0.50392783627205,0.1167537908278649,0.0,
bp_fs200_legacy_abs,/home/test/bupt_hjk/sdp_dataset/xrf55/wifi/03_39_12.npy,1000,float64,0.0,0.48134074074074074,0.0,0.006355555555555555,0.5186592592592593,0.5223395643907306,0.12505468431394356,0.0,
bp_fs200_legacy_abs,/home/test/bupt_hjk/sdp_dataset/xrf55/wifi/03_39_13.npy,1000,float64,0.0,0.5037111111111111,0.0,0.0058814814814814815,0.4962888888888889,0.4979836360698004,0.1173543914284655,0.0,
bp_fs200_legacy_abs,/home/test/bupt_hjk/sdp_dataset/xrf55/wifi/03_39_14.npy,1000,float64,0.0,0.4963888888888889,0.0,0.006740740740740741,0.5036111111111111,0.508381603687754,0.12717532347161978,0.0,
bp_fs200_legacy_abs,/home/test/bupt_hjk/sdp_dataset/xrf55/wifi/03_39_15.npy,1000,float64,0.0,0.48362222222222223,0.0,0.00594074074074074,0.5163777777777778,0.5201524951159835,0.12316019723427131,0.0,
bp_fs200_legacy_abs,/home/test/bupt_hjk/sdp_dataset/xrf55/wifi/03_39_16.npy,1000,float64,0.0,0.4853777777777778,0.0,0.006548148148148148,0.5146222222222222,0.518615834801479,0.12874726578430282,0.0,
bp_fs200_legacy_abs,/home/test/bupt_hjk/sdp_dataset/xrf55/wifi/03_39_17.npy,1000,float64,0.0,0.49294074074074073,0.0,0.006459259259259259,0.5070592592592592,0.5096997516743171,0.1273199125050977,0.0,
bp_fs200_legacy_abs,/home/test/bupt_hjk/sdp_dataset/xrf55/wifi/03_39_18.npy,1000,float64,0.0,0.4976851851851852,0.0,0.005970370370370371,0.5023148148148148,0.5014696394006739,0.12134727319912506,0.0,
bp_fs200_legacy_abs,/home/test/bupt_hjk/sdp_dataset/xrf55/wifi/03_39_19.npy,1000,float64,0.0,0.4955148148148148,0.0,0.0059037037037037035,0.5044851851851851,0.5044150649760734,0.11542283023764505,0.0,
bp_fs200_legacy_abs,/home/test/bupt_hjk/sdp_dataset/xrf55/wifi/03_39_20.npy,1000,float64,0.0,0.5049444444444444,0.0,0.005874074074074074,0.4950555555555556,0.49411352249980206,0.1318244170096022,0.0,
bp_fs200_legacy_abs,/home/test/bupt_hjk/sdp_dataset/xrf55/wifi/03_40_01.npy,1000,float64,0.0,0.5049222222222223,0.0,0.010725925925925925,0.4950777777777778,0.49409803242370837,0.16600674748822897,0.0,
bp_fs200_legacy_abs,/home/test/bupt_hjk/sdp_dataset/xrf55/wifi/03_40_02.npy,1000,float64,0.0,0.5051111111111111,0.0,0.010651851851851852,0.4948888888888889,0.4953610464961339,0.16153931709487265,0.0,
bp_fs200_legacy_abs,/home/test/bupt_hjk/sdp_dataset/xrf55/wifi/03_40_03.npy,1000,float64,0.0,0.5101888888888889,0.0,0.010414814814814814,0.4898111111111111,0.48928406660235707,0.15574834093352613,0.0,
bp_fs200_legacy_abs,/home/test/bupt_hjk/sdp_dataset/xrf55/wifi/03_40_04.npy,1000,float64,0.0,0.5130814814814815,0.0,0.011333333333333334,0.48691851851851853,0.48702985120229764,0.16788640492344195,0.0,
bp_fs200_legacy_abs,/home/test/bupt_hjk/sdp_dataset/xrf55/wifi/03_40_05.npy,1000,float64,0.0,0.5003074074074074,0.0,0.011037037037037036,0.4996925925925926,0.49831244804217156,0.16241426611796983,0.0,
bp_fs200_legacy_abs,/home/test/bupt_hjk/sdp_dataset/xrf55/wifi/03_40_06.npy,1000,float64,0.0,0.5052,0.0,0.010266666666666667,0.4948,0.4942238404065688,0.1570422274125978,0.0,
bp_fs200_legacy_abs,/home/test/bupt_hjk/sdp_dataset/xrf55/wifi/03_40_07.npy,1000,float64,0.0,0.49324814814814816,0.0,0.010888888888888889,0.5067518518518519,0.5081899628579172,0.16218811403996589,0.0,
bp_fs200_legacy_abs,/home/test/bupt_hjk/sdp_dataset/xrf55/wifi/03_40_08.npy,1000,float64,0.0,0.507462962962963,0.0,0.009,0.49253703703703705,0.4917123693413082,0.14183071960849739,0.0,
bp_fs200_legacy_abs,/home/test/bupt_hjk/sdp_dataset/xrf55/wifi/03_40_09.npy,1000,float64,0.0,0.4872518518518518,0.0,0.009251851851851851,0.5127481481481482,0.5159951372661893,0.14391057724391057,0.0,
bp_fs200_legacy_abs,/home/test/bupt_hjk/sdp_dataset/xrf55/wifi/03_40_10.npy,1000,float64,0.0,0.493062962962963,0.0,0.009251851851851851,0.5069370370370371,0.5090101844393263,0.1332072813554295,0.0,
bp_fs200_legacy_abs,/home/test/bupt_hjk/sdp_dataset/xrf55/wifi/03_40_11.npy,1000,float64,0.0,0.5095888888888889,0.0,0.010451851851851851,0.49041111111111113,0.48898442315127805,0.15396878359841323,0.0,
bp_fs200_legacy_abs,/home/test/bupt_hjk/sdp_dataset/xrf55/wifi/03_40_12.npy,1000,float64,0.0,0.5064111111111111,0.0,0.009614814814814816,0.4935888888888889,0.49420060429398827,0.1471582693804916,0.0,
bp_fs200_legacy_abs,/home/test/bupt_hjk/sdp_dataset/xrf55/wifi/03_40_13.npy,1000,float64,0.0,0.502662962962963,0.0,0.011074074074074075,0.497337037037037,0.49740334900905664,0.16912468023579136,0.0,
bp_fs200_legacy_abs,/home/test/bupt_hjk/sdp_dataset/xrf55/wifi/03_40_14.npy,1000,float64,0.0,0.5017407407407407,0.0,0.010459259259259258,0.49825925925925924,0.5008346156355167,0.15955214473732993,0.0,
bp_fs200_legacy_abs,/home/test/bupt_hjk/sdp_dataset/xrf55/wifi/03_40_15.npy,1000,float64,0.0,0.4844222222222222,0.0,0.0102,0.5155777777777778,0.5181516655711447,0.1479776072368665,0.0,
bp_fs200_legacy_abs,/home/test/bupt_hjk/sdp_dataset/xrf55/wifi/03_40_16.npy,1000,float64,0.0,0.4913925925925926,0.0,0.01017037037037037,0.5086074074074074,0.5120460584588131,0.14939383828272718,0.0,
bp_fs200_legacy_abs,/home/test/bupt_hjk/sdp_dataset/xrf55/wifi/03_40_17.npy,1000,float64,0.0,0.4962740740740741,0.0,0.009962962962962963,0.5037259259259259,0.5047954725210594,0.14617209802394987,0.0,
bp_fs200_legacy_abs,/home/test/bupt_hjk/sdp_dataset/xrf55/wifi/03_40_18.npy,1000,float64,0.0,0.5001333333333333,0.0,0.010496296296296297,0.4998666666666667,0.5017447317427637,0.1550253957661365,0.0,
bp_fs200_legacy_abs,/home/test/bupt_hjk/sdp_dataset/xrf55/wifi/03_40_19.npy,1000,float64,0.0,0.4936888888888889,0.0,0.008985185185185185,0.5063111111111112,0.5085425007699415,0.13714825937048158,0.0,
bp_fs200_legacy_abs,/home/test/bupt_hjk/sdp_dataset/xrf55/wifi/03_40_20.npy,1000,float64,0.0,0.4843851851851852,0.0,0.010385185185185185,0.5156148148148149,0.5226217053491765,0.14418863307752197,0.0,
bp_fs200_legacy_abs,/home/test/bupt_hjk/sdp_dataset/xrf55/wifi/03_41_01.npy,1000,float64,0.0,0.5001111111111111,0.0,0.011118518518518519,0.4998888888888889,0.5010180003537599,0.16035665294924553,0.0,
bp_fs200_legacy_abs,/home/test/bupt_hjk/sdp_dataset/xrf55/wifi/03_41_02.npy,1000,float64,0.0,0.5063185185185185,0.0,0.010192592592592593,0.4936814814814815,0.4942008550896025,0.15390575760946132,0.0,
bp_fs200_legacy_abs,/home/test/bupt_hjk/sdp_dataset/xrf55/wifi/03_41_03.npy,1000,float64,0.0,0.5187703703703703,0.0,0.011807407407407407,0.4812296296296296,0.4783439055998909,0.15948170392614838,0.0,
bp_fs200_legacy_abs,/home/test/bupt_hjk/sdp_dataset/xrf55/wifi/03_41_04.npy,1000,float64,0.0,0.4951185185185185,0.0,0.01017037037037037,0.5048814814814815,0.5066983275922698,0.151236421606792,0.0,
bp_fs200_legacy_abs,/home/test/bupt_hjk/sdp_dataset/xrf55/wifi/03_41_05.npy,1000,float64,0.0,0.4931185185185185,0.0,0.010785185185185186,0.5068814814814815,0.5084787342851859,0.14852630408185963,0.0,
bp_fs200_legacy_abs,/home/test/bupt_hjk/sdp_dataset/xrf55/wifi/03_41_06.npy,1000,float64,0.0,0.49905925925925926,0.0,0.009066666666666667,0.5009407407407407,0.5035191611345806,0.13284024765506247,0.0,
bp_fs200_legacy_abs,/home/test/bupt_hjk/sdp_dataset/xrf55/wifi/03_41_07.npy,1000,float64,0.0,0.49364444444444444,0.0,0.009748148148148148,0.5063555555555556,0.510039842441255,0.1490008527045564,0.0,
bp_fs200_legacy_abs,/home/test/bupt_hjk/sdp_dataset/xrf55/wifi/03_41_08.npy,1000,float64,0.0,0.5030296296296296,0.0,0.010066666666666666,0.4969703703703704,0.4966721189142741,0.14558261965669372,0.0,
bp_fs200_legacy_abs,/home/test/bupt_hjk/sdp_dataset/xrf55/wifi/03_41_09.npy,1000,float64,0.0,0.5094518518518518,0.0,0.00942962962962963,0.4905481481481481,0.4909906335838349,0.15006487969450932,0.0,
bp_fs200_legacy_abs,/home/test/bupt_hjk/sdp_dataset/xrf55/wifi/03_41_10.npy,1000,float64,0.0,0.49791111111111114,0.0,0.0098,0.5020888888888889,0.5038686942921213,0.13860527193860528,0.0,
bp_fs200_legacy_abs,/home/test/bupt_hjk/sdp_dataset/xrf55/wifi/03_41_11.npy,1000,float64,0.0,0.4947888888888889,0.0,0.011385185185185186,0.5052111111111112,0.5086409846861918,0.1587698809921032,0.0,
bp_fs200_legacy_abs,/home/test/bupt_hjk/sdp_dataset/xrf55/wifi/03_41_12.npy,1000,float64,0.0,0.49384074074074075,0.0,0.010992592592592592,0.5061592592592593,0.5088404488779938,0.14894524153783412,0.0,
bp_fs200_legacy_abs,/home/test/bupt_hjk/sdp_dataset/xrf55/wifi/03_41_13.npy,1000,float64,0.0,0.49785555555555555,0.0,0.010622222222222222,0.5021444444444444,0.5024611889435819,0.15712008304600897,0.0,
bp_fs200_legacy_abs,/home/test/bupt_hjk/sdp_dataset/xrf55/wifi/03_41_14.npy,1000,float64,0.0,0.4910814814814815,0.0,0.010866666666666667,0.5089185185185185,0.5142774951550387,0.14790716642568494,0.0,
bp_fs200_legacy_abs,/home/test/bupt_hjk/sdp_dataset/xrf55/wifi/03_41_15.npy,1000,float64,0.0,0.4967037037037037,0.0,0.010377777777777777,0.5032962962962962,0.5004292334574185,0.14240907574240907,0.0,
bp_fs200_legacy_abs,/home/test/bupt_hjk/sdp_dataset/xrf55/wifi/03_41_16.npy,1000,float64,0.0,0.4996,0.0,0.009518518518518518,0.5004,0.5011006378054975,0.14650205761316873,0.0,
bp_fs200_legacy_abs,/home/test/bupt_hjk/sdp_dataset/xrf55/wifi/03_41_17.npy,1000,float64,0.0,0.49595185185185187,0.0,0.010525925925925926,0.5040481481481481,0.50776816589295,0.1540837133429726,0.0,
bp_fs200_legacy_abs,/home/test/bupt_hjk/sdp_dataset/xrf55/wifi/03_41_18.npy,1000,float64,0.0,0.5037,0.0,0.00997037037037037,0.4963,0.49698539642319833,0.1471582693804916,0.0,
bp_fs200_legacy_abs,/home/test/bupt_hjk/sdp_dataset/xrf55/wifi/03_41_19.npy,1000,float64,0.0,0.5065592592592593,0.0,0.009562962962962962,0.49344074074074074,0.49269642226181615,0.13129796463129798,0.0,
bp_fs200_legacy_abs,/home/test/bupt_hjk/sdp_dataset/xrf55/wifi/03_41_20.npy,1000,float64,0.0,0.48413333333333336,0.0,0.009370370370370371,0.5158666666666667,0.5202468357281204,0.1428168909650391,0.0,
bp_fs200_legacy_abs,/home/test/bupt_hjk/sdp_dataset/xrf55/wifi/03_42_01.npy,1000,float64,0.0,0.4955222222222222,0.0,0.011777777777777778,0.5044777777777778,0.5056131115715592,0.18017276535795054,0.0,
bp_fs200_legacy_abs,/home/test/bupt_hjk/sdp_dataset/xrf55/wifi/03_42_02.npy,1000,float64,0.0,0.5026,0.0,0.010562962962962963,0.4974,0.49677863240512576,0.15994513031550067,0.0,
bp_fs200_legacy_abs,/home/test/bupt_hjk/sdp_dataset/xrf55/wifi/03_42_03.npy,1000,float64,0.0,0.5077555555555555,0.0,0.010288888888888889,0.49224444444444443,0.4920553504706138,0.1659733807881956,0.0,
bp_fs200_legacy_abs,/home/test/bupt_hjk/sdp_dataset/xrf55/wifi/03_42_04.npy,1000,float64,0.0,0.514237037037037,0.0,0.011051851851851853,0.48576296296296295,0.4869166898773722,0.16294071849627406,0.0,
bp_fs200_legacy_abs,/home/test/bupt_hjk/sdp_dataset/xrf55/wifi/03_42_05.npy,1000,float64,0.0,0.5074296296296297,0.0,0.011407407407407408,0.4925703703703704,0.49298957712589525,0.1728802876951025,0.0,
bp_fs200_legacy_abs,/home/test/bupt_hjk/sdp_dataset/xrf55/wifi/03_42_06.npy,1000,float64,0.0,0.4962111111111111,0.0,0.01082962962962963,0.5037888888888888,0.5024591482183799,0.162288214140066,0.0,
bp_fs200_legacy_abs,/home/test/bupt_hjk/sdp_dataset/xrf55/wifi/03_42_07.npy,1000,float64,0.0,0.5074296296296297,0.0,0.010592592592592593,0.4925703703703704,0.4929113384961951,0.16945834723612502,0.0,
bp_fs200_legacy_abs,/home/test/bupt_hjk/sdp_dataset/xrf55/wifi/03_42_08.npy,1000,float64,0.0,0.5017074074074074,0.0,0.010718518518518518,0.4982925925925926,0.49804642267494414,0.16882437993549104,0.0,
bp_fs200_legacy_abs,/home/test/bupt_hjk/sdp_dataset/xrf55/wifi/03_42_09.npy,1000,float64,0.0,0.5026037037037037,0.0,0.010666666666666666,0.4973962962962963,0.4956490074180857,0.16404923441960478,0.0,
bp_fs200_legacy_abs,/home/test/bupt_hjk/sdp_dataset/xrf55/wifi/03_42_10.npy,1000,float64,0.0,0.49427777777777776,0.0,0.010637037037037037,0.5057222222222222,0.5052633935734729,0.1602306009713417,0.0,
bp_fs200_legacy_abs,/home/test/bupt_hjk/sdp_dataset/xrf55/wifi/03_42_11.npy,1000,float64,0.0,0.4832518518518519,0.0,0.013681481481481482,0.5167481481481482,0.5188083305824805,0.19047936825714604,0.0,
bp_fs200_legacy_abs,/home/test/bupt_hjk/sdp_dataset/xrf55/wifi/03_42_12.npy,1000,float64,0.0,0.5000888888888889,0.0,0.012451851851851851,0.4999111111111111,0.49805513022578457,0.18576354131909686,0.0,
bp_fs200_legacy_abs,/home/test/bupt_hjk/sdp_dataset/xrf55/wifi/03_42_13.npy,1000,float64,0.0,0.5254925925925926,0.0,0.012444444444444444,0.47450740740740743,0.4721326801540705,0.17450413376339302,0.0,
bp_fs200_legacy_abs,/home/test/bupt_hjk/sdp_dataset/xrf55/wifi/03_42_14.npy,1000,float64,0.0,0.4954703703703704,0.0,0.011725925925925926,0.5045296296296297,0.5051736383686591,0.16728209691172655,0.0,
bp_fs200_legacy_abs,/home/test/bupt_hjk/sdp_dataset/xrf55/wifi/03_42_15.npy,1000,float64,0.0,0.5084851851851852,0.0,0.011385185185185186,0.4915148148148148,0.48976063779920276,0.17275052830608387,0.0,
bp_fs200_legacy_abs,/home/test/bupt_hjk/sdp_dataset/xrf55/wifi/03_42_16.npy,1000,float64,0.0,0.5079444444444444,0.0,0.012703703703703703,0.4920555555555556,0.49180278768864444,0.1838060282504727,0.0,
bp_fs200_legacy_abs,/home/test/bupt_hjk/sdp_dataset/xrf55/wifi/03_42_17.npy,1000,float64,0.0,0.4870703703703704,0.0,0.011651851851851852,0.5129296296296296,0.5138431570864004,0.1608497386275164,0.0,
bp_fs200_legacy_abs,/home/test/bupt_hjk/sdp_dataset/xrf55/wifi/03_42_18.npy,1000,float64,0.0,0.4990962962962963,0.0,0.010874074074074074,0.5009037037037037,0.5005816454394135,0.15621918214510808,0.0,
bp_fs200_legacy_abs,/home/test/bupt_hjk/sdp_dataset/xrf55/wifi/03_42_19.npy,1000,float64,0.0,0.5083185185185185,0.0,0.011674074074074075,0.4916814814814815,0.4912841273464012,0.16620324027731434,0.0,
bp_fs200_legacy_abs,/home/test/bupt_hjk/sdp_dataset/xrf55/wifi/03_42_20.npy,1000,float64,0.0,0.5123666666666666,0.0,0.01225925925925926,0.4876333333333333,0.4863974113135187,0.1771030289548808,0.0,
bp_fs200_legacy_abs,/home/test/bupt_hjk/sdp_dataset/xrf55/wifi/03_43_01.npy,1000,float64,0.0,0.49641111111111114,0.0,0.013377777777777778,0.5035888888888889,0.5063440925886341,0.21614948281614949,0.0,
bp_fs200_legacy_abs,/home/test/bupt_hjk/sdp_dataset/xrf55/wifi/03_43_02.npy,1000,float64,0.0,0.5068814814814815,0.0,0.015392592592592593,0.4931185185185185,0.4912851177201359,0.23578763949134318,0.0,
bp_fs200_legacy_abs,/home/test/bupt_hjk/sdp_dataset/xrf55/wifi/03_43_03.npy,1000,float64,0.0,0.5147407407407407,0.0,0.01414074074074074,0.4852592592592593,0.4844990583452983,0.225822118414711,0.0,
bp_fs200_legacy_abs,/home/test/bupt_hjk/sdp_dataset/xrf55/wifi/03_43_04.npy,1000,float64,0.0,0.5040037037037037,0.0,0.016318518518518517,0.4959962962962963,0.4963037433474855,0.22540318095873652,0.0,
bp_fs200_legacy_abs,/home/test/bupt_hjk/sdp_dataset/xrf55/wifi/03_43_05.npy,1000,float64,0.0,0.49637037037037035,0.0,0.016155555555555555,0.5036296296296296,0.5015568036628911,0.22637823008193378,0.0,
bp_fs200_legacy_abs,/home/test/bupt_hjk/sdp_dataset/xrf55/wifi/03_43_06.npy,1000,float64,0.0,0.49316666666666664,0.0,0.016148148148148148,0.5068333333333334,0.507262795419111,0.23033033033033032,0.0,
bp_fs200_legacy_abs,/home/test/bupt_hjk/sdp_dataset/xrf55/wifi/03_43_07.npy,1000,float64,0.0,0.5003518518518518,0.0,0.015866666666666668,0.4996481481481482,0.4995311058056947,0.23132762392021652,0.0,
bp_fs200_legacy_abs,/home/test/bupt_hjk/sdp_dataset/xrf55/wifi/03_43_08.npy,1000,float64,0.0,0.4956814814814815,0.0,0.01622962962962963,0.5043185185185185,0.5042265411093223,0.23599525451377304,0.0,
bp_fs200_legacy_abs,/home/test/bupt_hjk/sdp_dataset/xrf55/wifi/03_43_09.npy,1000,float64,0.0,0.49472962962962963,0.0,0.01725185185185185,0.5052703703703704,0.505131201212524,0.2476773069365662,0.0,
bp_fs200_legacy_abs,/home/test/bupt_hjk/sdp_dataset/xrf55/wifi/03_43_10.npy,1000,float64,0.0,0.501874074074074,0.0,0.015318518518518518,0.4981259259259259,0.4983688093986406,0.22301560820079339,0.0,
bp_fs200_legacy_abs,/home/test/bupt_hjk/sdp_dataset/xrf55/wifi/03_43_11.npy,1000,float64,0.0,0.5013740740740741,0.0,0.01574074074074074,0.4986259259259259,0.4981123736900847,0.20833426018611204,0.0,
bp_fs200_legacy_abs,/home/test/bupt_hjk/sdp_dataset/xrf55/wifi/03_43_12.npy,1000,float64,0.0,0.5022925925925926,0.0,0.016525925925925927,0.49770740740740743,0.4968810295412397,0.23877952026100174,0.0,
bp_fs200_legacy_abs,/home/test/bupt_hjk/sdp_dataset/xrf55/wifi/03_43_13.npy,1000,float64,0.0,0.499,0.0,0.016044444444444445,0.501,0.5020868926655276,0.23940236532829126,0.0,
bp_fs200_legacy_abs,/home/test/bupt_hjk/sdp_dataset/xrf55/wifi/03_43_14.npy,1000,float64,0.0,0.5032222222222222,0.0,0.015577777777777777,0.49677777777777776,0.4960416534097927,0.24086308530752976,0.0,
bp_fs200_legacy_abs,/home/test/bupt_hjk/sdp_dataset/xrf55/wifi/03_43_15.npy,1000,float64,0.0,0.4983888888888889,0.0,0.014962962962962963,0.5016111111111111,0.5019619263092264,0.23673302932562193,0.0,
bp_fs200_legacy_abs,/home/test/bupt_hjk/sdp_dataset/xrf55/wifi/03_43_16.npy,1000,float64,0.0,0.5097037037037037,0.0,0.015140740740740741,0.4902962962962963,0.49002142672844146,0.22675267860453047,0.0,
bp_fs200_legacy_abs,/home/test/bupt_hjk/sdp_dataset/xrf55/wifi/03_43_17.npy,1000,float64,0.0,0.5141851851851852,0.0,0.013977777777777778,0.4858148148148148,0.48431869095159247,0.22357171986801616,0.0,
bp_fs200_legacy_abs,/home/test/bupt_hjk/sdp_dataset/xrf55/wifi/03_43_18.npy,1000,float64,0.0,0.5037888888888888,0.0,0.013333333333333334,0.4962111111111111,0.49814640229267687,0.20677714751788825,0.0,
bp_fs200_legacy_abs,/home/test/bupt_hjk/sdp_dataset/xrf55/wifi/03_43_19.npy,1000,float64,0.0,0.5021592592592593,0.0,0.014281481481481482,0.49784074074074075,0.4966843949020696,0.23371148926704483,0.0,
bp_fs200_legacy_abs,/home/test/bupt_hjk/sdp_dataset/xrf55/wifi/03_43_20.npy,1000,float64,0.0,0.5004740740740741,0.0,0.014444444444444444,0.49952592592592593,0.5011828928572768,0.2151521892262633,0.0,
bp_fs200_legacy_abs,/home/test/bupt_hjk/sdp_dataset/xrf55/wifi/03_44_01.npy,1000,float64,0.0,0.4944851851851852,0.0,0.01357037037037037,0.5055148148148149,0.5061794392523364,0.18689800912023133,0.0,
bp_fs200_legacy_abs,/home/test/bupt_hjk/sdp_dataset/xrf55/wifi/03_44_02.npy,1000,float64,0.0,0.4967962962962963,0.0,0.014659259259259259,0.5032037037037037,0.5025065603571522,0.20441923404886367,0.0,
bp_fs200_legacy_abs,/home/test/bupt_hjk/sdp_dataset/xrf55/wifi/03_44_03.npy,1000,float64,0.0,0.501637037037037,0.0,0.016592592592592593,0.49836296296296295,0.49593696779143975,0.21372112853594336,0.0,
bp_fs200_legacy_abs,/home/test/bupt_hjk/sdp_dataset/xrf55/wifi/03_44_04.npy,1000,float64,0.0,0.5125111111111111,0.0,0.015237037037037037,0.4874888888888889,0.48597791638759696,0.20441923404886367,0.0,
bp_fs200_legacy_abs,/home/test/bupt_hjk/sdp_dataset/xrf55/wifi/03_44_05.npy,1000,float64,0.0,0.49867407407407405,0.0,0.014177777777777777,0.501325925925926,0.5005709878276627,0.18527787046305566,0.0,
bp_fs200_legacy_abs,/home/test/bupt_hjk/sdp_dataset/xrf55/wifi/03_44_06.npy,1000,float64,0.0,0.502,0.0,0.013496296296296296,0.498,0.4977862515357646,0.18697586475364253,0.0,
bp_fs200_legacy_abs,/home/test/bupt_hjk/sdp_dataset/xrf55/wifi/03_44_07.npy,1000,float64,0.0,0.5041481481481481,0.0,0.015259259259259259,0.4958518518518519,0.4963627446208681,0.21217513810106403,0.0,
bp_fs200_legacy_abs,/home/test/bupt_hjk/sdp_dataset/xrf55/wifi/03_44_08.npy,1000,float64,0.0,0.4944222222222222,0.0,0.01402962962962963,0.5055777777777778,0.508679250982717,0.19385681978274572,0.0,
bp_fs200_legacy_abs,/home/test/bupt_hjk/sdp_dataset/xrf55/wifi/03_44_09.npy,1000,float64,0.0,0.5106925925925926,0.0,0.015162962962962963,0.4893074074074074,0.4876387921804691,0.20643606569532497,0.0,
bp_fs200_legacy_abs,/home/test/bupt_hjk/sdp_dataset/xrf55/wifi/03_44_10.npy,1000,float64,0.0,0.5063925925925926,0.0,0.01576296296296296,0.4936074074074074,0.4925044801023596,0.22052793534275017,0.0,
bp_fs200_legacy_abs,/home/test/bupt_hjk/sdp_dataset/xrf55/wifi/03_44_11.npy,1000,float64,0.0,0.5049481481481481,0.0,0.01448888888888889,0.49505185185185185,0.49441586710475544,0.21181922663404146,0.0,
bp_fs200_legacy_abs,/home/test/bupt_hjk/sdp_dataset/xrf55/wifi/03_44_12.npy,1000,float64,0.0,0.5112592592592593,0.0,0.01517037037037037,0.48874074074074075,0.4871470444004387,0.21624587550513477,0.0,
bp_fs200_legacy_abs,/home/test/bupt_hjk/sdp_dataset/xrf55/wifi/03_44_13.npy,1000,float64,0.0,0.5085185185185185,0.0,0.013940740740740741,0.49148148148148146,0.4904783151548328,0.21283505727950172,0.0,
bp_fs200_legacy_abs,/home/test/bupt_hjk/sdp_dataset/xrf55/wifi/03_44_14.npy,1000,float64,0.0,0.5068555555555555,0.0,0.014244444444444445,0.49314444444444444,0.4918788361418086,0.2127720312905498,0.0,
bp_fs200_legacy_abs,/home/test/bupt_hjk/sdp_dataset/xrf55/wifi/03_44_15.npy,1000,float64,0.0,0.507425925925926,0.0,0.013925925925925927,0.49257407407407405,0.4918053076103752,0.19704148593037482,0.0,
bp_fs200_legacy_abs,/home/test/bupt_hjk/sdp_dataset/xrf55/wifi/03_44_16.npy,1000,float64,0.0,0.5059703703703704,0.0,0.013407407407407408,0.49402962962962965,0.49629576567371825,0.2043673302932562,0.0,
bp_fs200_legacy_abs,/home/test/bupt_hjk/sdp_dataset/xrf55/wifi/03_44_17.npy,1000,float64,0.0,0.4995777777777778,0.0,0.013903703703703703,0.5004222222222222,0.5008373577709424,0.20002595187780373,0.0,
bp_fs200_legacy_abs,/home/test/bupt_hjk/sdp_dataset/xrf55/wifi/03_44_18.npy,1000,float64,0.0,0.5029777777777777,0.0,0.014777777777777779,0.4970222222222222,0.49572225480024656,0.20056723390056724,0.0,
bp_fs200_legacy_abs,/home/test/bupt_hjk/sdp_dataset/xrf55/wifi/03_44_19.npy,1000,float64,0.0,0.4986481481481482,0.0,0.013622222222222223,0.5013518518518518,0.5014801280151276,0.1976791606421236,0.0,
bp_fs200_legacy_abs,/home/test/bupt_hjk/sdp_dataset/xrf55/wifi/03_44_20.npy,1000,float64,0.0,0.5031333333333333,0.0,0.014007407407407408,0.4968666666666667,0.49572908939690247,0.19250361472583694,0.0,
bp_fs200_legacy_abs,/home/test/bupt_hjk/sdp_dataset/xrf55/wifi/03_45_01.npy,1000,float64,0.0,0.5064148148148148,0.0,0.01062962962962963,0.4935851851851852,0.4925491709321197,0.13775627479331182,0.0,
bp_fs200_legacy_abs,/home/test/bupt_hjk/sdp_dataset/xrf55/wifi/03_45_02.npy,1000,float64,0.0,0.5133518518518518,0.0,0.010659259259259259,0.48664814814814816,0.4857263635740454,0.15365365365365366,0.0,
bp_fs200_legacy_abs,/home/test/bupt_hjk/sdp_dataset/xrf55/wifi/03_45_03.npy,1000,float64,0.0,0.501537037037037,0.0,0.010577777777777778,0.49846296296296294,0.49969746901435785,0.15283060838616394,0.0,
bp_fs200_legacy_abs,/home/test/bupt_hjk/sdp_dataset/xrf55/wifi/03_45_04.npy,1000,float64,0.0,0.4955333333333333,0.0,0.009496296296296296,0.5044666666666666,0.5048762502599784,0.13195046898750604,0.0,
bp_fs200_legacy_abs,/home/test/bupt_hjk/sdp_dataset/xrf55/wifi/03_45_05.npy,1000,float64,0.0,0.4898148148148148,0.0,0.010148148148148147,0.5101851851851852,0.5122191266428442,0.14168242316390464,0.0,
bp_fs200_legacy_abs,/home/test/bupt_hjk/sdp_dataset/xrf55/wifi/03_45_06.npy,1000,float64,0.0,0.4938962962962963,0.0,0.010592592592592593,0.5061037037037037,0.5059885357431824,0.1545397249100953,0.0,
bp_fs200_legacy_abs,/home/test/bupt_hjk/sdp_dataset/xrf55/wifi/03_45_07.npy,1000,float64,0.0,0.5045148148148149,0.0,0.008688888888888888,0.4954851851851852,0.49592434494346305,0.13982501019538057,0.0,
bp_fs200_legacy_abs,/home/test/bupt_hjk/sdp_dataset/xrf55/wifi/03_45_08.npy,1000,float64,0.0,0.5066333333333334,0.0,0.009548148148148148,0.4933666666666667,0.49276832906753093,0.14395135876617357,0.0,
bp_fs200_legacy_abs,/home/test/bupt_hjk/sdp_dataset/xrf55/wifi/03_45_09.npy,1000,float64,0.0,0.5094407407407407,0.0,0.009622222222222223,0.49055925925925925,0.49038204296334814,0.13514254995736477,0.0,
bp_fs200_legacy_abs,/home/test/bupt_hjk/sdp_dataset/xrf55/wifi/03_45_10.npy,1000,float64,0.0,0.4973666666666667,0.0,0.008533333333333334,0.5026333333333334,0.5039379290304807,0.12939235531828125,0.0,
bp_fs200_legacy_abs,/home/test/bupt_hjk/sdp_dataset/xrf55/wifi/03_45_11.npy,1000,float64,0.0,0.514774074074074,0.0,0.009051851851851853,0.48522592592592595,0.47986517584198973,0.1296852407963519,0.0,
bp_fs200_legacy_abs,/home/test/bupt_hjk/sdp_dataset/xrf55/wifi/03_45_12.npy,1000,float64,0.0,0.49885555555555555,0.0,0.008348148148148148,0.5011444444444444,0.5058420184420778,0.13114966818670523,0.0,
bp_fs200_legacy_abs,/home/test/bupt_hjk/sdp_dataset/xrf55/wifi/03_45_13.npy,1000,float64,0.0,0.49246296296296294,0.0,0.008933333333333333,0.507537037037037,0.5087106822671327,0.13218403588773958,0.0,
bp_fs200_legacy_abs,/home/test/bupt_hjk/sdp_dataset/xrf55/wifi/03_45_14.npy,1000,float64,0.0,0.5041333333333333,0.0,0.009762962962962963,0.4958666666666667,0.497119752484048,0.15094724353983613,0.0,
bp_fs200_legacy_abs,/home/test/bupt_hjk/sdp_dataset/xrf55/wifi/03_45_15.npy,1000,float64,0.0,0.4980888888888889,0.0,0.009414814814814815,0.5019111111111111,0.5038382939575148,0.13866459051644237,0.0,
bp_fs200_legacy_abs,/home/test/bupt_hjk/sdp_dataset/xrf55/wifi/03_45_16.npy,1000,float64,0.0,0.4887888888888889,0.0,0.008903703703703704,0.5112111111111111,0.5148840081684922,0.13371148926704482,0.0,
bp_fs200_legacy_abs,/home/test/bupt_hjk/sdp_dataset/xrf55/wifi/03_45_17.npy,1000,float64,0.0,0.5054555555555555,0.0,0.008718518518518518,0.49454444444444445,0.49695996372361934,0.1229785340896452,0.0,
bp_fs200_legacy_abs,/home/test/bupt_hjk/sdp_dataset/xrf55/wifi/03_45_18.npy,1000,float64,0.0,0.49732592592592595,0.0,0.007785185185185185,0.502674074074074,0.5016013432332351,0.13035257479701925,0.0,
bp_fs200_legacy_abs,/home/test/bupt_hjk/sdp_dataset/xrf55/wifi/03_45_19.npy,1000,float64,0.0,0.5067888888888888,0.0,0.008555555555555556,0.4932111111111111,0.4920686922865937,0.13125718310903495,0.0,
bp_fs200_legacy_abs,/home/test/bupt_hjk/sdp_dataset/xrf55/wifi/03_45_20.npy,1000,float64,0.0,0.5016962962962963,0.0,0.008511111111111112,0.4983037037037037,0.49948827952400554,0.12331220108997887,0.0,
bp_fs200_legacy_abs,/home/test/bupt_hjk/sdp_dataset/xrf55/wifi/03_46_01.npy,1000,float64,0.0,0.5035925925925926,0.0,0.014903703703703704,0.4964074074074074,0.4968779415790678,0.19814629444259074,0.0,
bp_fs200_legacy_abs,/home/test/bupt_hjk/sdp_dataset/xrf55/wifi/03_46_02.npy,1000,float64,0.0,0.49955185185185186,0.0,0.012044444444444444,0.5004481481481482,0.4995986024581359,0.17738849961072184,0.0,
bp_fs200_legacy_abs,/home/test/bupt_hjk/sdp_dataset/xrf55/wifi/03_46_03.npy,1000,float64,0.0,0.5015148148148149,0.0,0.013111111111111112,0.4984851851851852,0.4999175678004841,0.19601082564045527,0.0,
bp_fs200_legacy_abs,/home/test/bupt_hjk/sdp_dataset/xrf55/wifi/03_46_04.npy,1000,float64,0.0,0.5128666666666667,0.0,0.013355555555555556,0.4871333333333333,0.48671445693222676,0.1945352760167575,0.0,
bp_fs200_legacy_abs,/home/test/bupt_hjk/sdp_dataset/xrf55/wifi/03_46_05.npy,1000,float64,0.0,0.4968,0.0,0.013637037037037038,0.5032,0.5028139921268092,0.22172542913283655,0.0,
bp_fs200_legacy_abs,/home/test/bupt_hjk/sdp_dataset/xrf55/wifi/03_46_06.npy,1000,float64,0.0,0.4979925925925926,0.0,0.013414814814814815,0.5020074074074075,0.5035253017546091,0.19542876209542875,0.0,
bp_fs200_legacy_abs,/home/test/bupt_hjk/sdp_dataset/xrf55/wifi/03_46_07.npy,1000,float64,0.0,0.504362962962963,0.0,0.014081481481481481,0.49563703703703704,0.4985535848957493,0.2093093093093093,0.0,
bp_fs200_legacy_abs,/home/test/bupt_hjk/sdp_dataset/xrf55/wifi/03_46_08.npy,1000,float64,0.0,0.4861111111111111,0.0,0.01365925925925926,0.5138888888888888,0.5155135199952036,0.1975419864308753,0.0,
bp_fs200_legacy_abs,/home/test/bupt_hjk/sdp_dataset/xrf55/wifi/03_46_09.npy,1000,float64,0.0,0.4917740740740741,0.0,0.014674074074074074,0.508225925925926,0.5115386783412563,0.19921402884365846,0.0,
bp_fs200_legacy_abs,/home/test/bupt_hjk/sdp_dataset/xrf55/wifi/03_46_10.npy,1000,float64,0.0,0.4930407407407407,0.0,0.0136,0.5069592592592592,0.5096278286889845,0.19275942609275942,0.0,
bp_fs200_legacy_abs,/home/test/bupt_hjk/sdp_dataset/xrf55/wifi/03_46_11.npy,1000,float64,0.0,0.4966407407407407,0.0,0.0132,0.5033592592592593,0.5053331225677272,0.20212434656879102,0.0,
bp_fs200_legacy_abs,/home/test/bupt_hjk/sdp_dataset/xrf55/wifi/03_46_12.npy,1000,float64,0.0,0.49614814814814817,0.0,0.01211111111111111,0.5038518518518519,0.507756209841277,0.17745894042190338,0.0,
bp_fs200_legacy_abs,/home/test/bupt_hjk/sdp_dataset/xrf55/wifi/03_46_13.npy,1000,float64,0.0,0.5137037037037037,0.0,0.012985185185185185,0.4862962962962963,0.48631296634802673,0.18491454417380343,0.0,
bp_fs200_legacy_abs,/home/test/bupt_hjk/sdp_dataset/xrf55/wifi/03_46_14.npy,1000,float64,0.0,0.5094444444444445,0.0,0.014074074074074074,0.4905555555555556,0.4888772396233127,0.19499128758388018,0.0,
bp_fs200_legacy_abs,/home/test/bupt_hjk/sdp_dataset/xrf55/wifi/03_46_15.npy,1000,float64,0.0,0.5036555555555555,0.0,0.01168888888888889,0.4963444444444444,0.49390163638483436,0.16221777332888443,0.0,
bp_fs200_legacy_abs,/home/test/bupt_hjk/sdp_dataset/xrf55/wifi/03_46_16.npy,1000,float64,0.0,0.5019259259259259,0.0,0.011903703703703705,0.49807407407407406,0.49979496710068433,0.16980313646980313,0.0,
bp_fs200_legacy_abs,/home/test/bupt_hjk/sdp_dataset/xrf55/wifi/03_46_17.npy,1000,float64,0.0,0.5099444444444444,0.0,0.011244444444444444,0.4900555555555556,0.49010698111144213,0.16986986986986988,0.0,
bp_fs200_legacy_abs,/home/test/bupt_hjk/sdp_dataset/xrf55/wifi/03_46_18.npy,1000,float64,0.0,0.5116703703703703,0.0,0.011503703703703703,0.4883296296296296,0.49007553795885833,0.16013791569347124,0.0,
bp_fs200_legacy_abs,/home/test/bupt_hjk/sdp_dataset/xrf55/wifi/03_46_19.npy,1000,float64,0.0,0.5033518518518518,0.0,0.012333333333333333,0.49664814814814817,0.4958018550728993,0.18347606866125385,0.0,
bp_fs200_legacy_abs,/home/test/bupt_hjk/sdp_dataset/xrf55/wifi/03_46_20.npy,1000,float64,0.0,0.49974074074074076,0.0,0.01205925925925926,0.5002592592592593,0.5031848574163834,0.17167167167167166,0.0,
bp_fs200_legacy_abs,/home/test/bupt_hjk/sdp_dataset/xrf55/wifi/03_47_01.npy,1000,float64,0.0,0.5065925925925926,0.0,0.012459259259259258,0.4934074074074074,0.49371923785367033,0.18186334482630778,0.0,
bp_fs200_legacy_abs,/home/test/bupt_hjk/sdp_dataset/xrf55/wifi/03_47_02.npy,1000,float64,0.0,0.5195222222222222,0.0,0.012985185185185185,0.4804777777777778,0.4788211273590049,0.19332295258221185,0.0,
bp_fs200_legacy_abs,/home/test/bupt_hjk/sdp_dataset/xrf55/wifi/03_47_03.npy,1000,float64,0.0,0.5030481481481481,0.0,0.014022222222222222,0.49695185185185187,0.4975802536561685,0.21149297445593743,0.0,
bp_fs200_legacy_abs,/home/test/bupt_hjk/sdp_dataset/xrf55/wifi/03_47_04.npy,1000,float64,0.0,0.49626296296296296,0.0,0.012037037037037037,0.503737037037037,0.5048437435136859,0.18505542579616654,0.0,
bp_fs200_legacy_abs,/home/test/bupt_hjk/sdp_dataset/xrf55/wifi/03_47_05.npy,1000,float64,0.0,0.5006703703703703,0.0,0.015007407407407407,0.4993296296296296,0.4996704815488497,0.21187483780076372,0.0,
bp_fs200_legacy_abs,/home/test/bupt_hjk/sdp_dataset/xrf55/wifi/03_47_06.npy,1000,float64,0.0,0.49883333333333335,0.0,0.012481481481481482,0.5011666666666666,0.5035097690139149,0.18988618247877506,0.0,
bp_fs200_legacy_abs,/home/test/bupt_hjk/sdp_dataset/xrf55/wifi/03_47_07.npy,1000,float64,0.0,0.49684074074074075,0.0,0.013296296296296296,0.5031592592592593,0.504890548438736,0.1889926964001038,0.0,
bp_fs200_legacy_abs,/home/test/bupt_hjk/sdp_dataset/xrf55/wifi/03_47_08.npy,1000,float64,0.0,0.47642222222222225,0.0,0.012703703703703703,0.5235777777777778,0.5254511878731576,0.18073999925851778,0.0,
bp_fs200_legacy_abs,/home/test/bupt_hjk/sdp_dataset/xrf55/wifi/03_47_09.npy,1000,float64,0.0,0.5124,0.0,0.011903703703703705,0.4876,0.48502820281915154,0.1782449115782449,0.0,
bp_fs200_legacy_abs,/home/test/bupt_hjk/sdp_dataset/xrf55/wifi/03_47_10.npy,1000,float64,0.0,0.5074888888888889,0.0,0.011118518518518519,0.4925111111111111,0.49158969737928965,0.165087309531754,0.0,
bp_fs200_legacy_abs,/home/test/bupt_hjk/sdp_dataset/xrf55/wifi/03_47_11.npy,1000,float64,0.0,0.5126888888888889,0.0,0.012125925925925925,0.4873111111111111,0.48824640768368044,0.19059800541282024,0.0,
bp_fs200_legacy_abs,/home/test/bupt_hjk/sdp_dataset/xrf55/wifi/03_47_12.npy,1000,float64,0.0,0.5016148148148148,0.0,0.012874074074074074,0.4983851851851852,0.4968888485906314,0.18396173951729508,0.0,
bp_fs200_legacy_abs,/home/test/bupt_hjk/sdp_dataset/xrf55/wifi/03_47_13.npy,1000,float64,0.0,0.48814444444444444,0.0,0.011318518518518518,0.5118555555555555,0.5134783837242158,0.1678752826900975,0.0,
bp_fs200_legacy_abs,/home/test/bupt_hjk/sdp_dataset/xrf55/wifi/03_47_14.npy,1000,float64,0.0,0.5013,0.0,0.012881481481481482,0.4987,0.4997492638159408,0.1788825862899937,0.0,
bp_fs200_legacy_abs,/home/test/bupt_hjk/sdp_dataset/xrf55/wifi/03_47_15.npy,1000,float64,0.0,0.5034185185185185,0.0,0.011814814814814814,0.49658148148148146,0.4967494784752513,0.16504282059837616,0.0,
bp_fs200_legacy_abs,/home/test/bupt_hjk/sdp_dataset/xrf55/wifi/03_47_16.npy,1000,float64,0.0,0.5130037037037037,0.0,0.011414814814814815,0.4869962962962963,0.48437529311567423,0.17732918103288473,0.0,
bp_fs200_legacy_abs,/home/test/bupt_hjk/sdp_dataset/xrf55/wifi/03_47_17.npy,1000,float64,0.0,0.5135222222222222,0.0,0.012725925925925925,0.4864777777777778,0.48398227025074503,0.1778222667111556,0.0,
bp_fs200_legacy_abs,/home/test/bupt_hjk/sdp_dataset/xrf55/wifi/03_47_18.npy,1000,float64,0.0,0.5096111111111111,0.0,0.009614814814814816,0.4903888888888889,0.4882914525922466,0.14222370518666816,0.0,
bp_fs200_legacy_abs,/home/test/bupt_hjk/sdp_dataset/xrf55/wifi/03_47_19.npy,1000,float64,0.0,0.5011740740740741,0.0,0.011051851851851853,0.49882592592592595,0.5001070732192973,0.1660364067771475,0.0,
bp_fs200_legacy_abs,/home/test/bupt_hjk/sdp_dataset/xrf55/wifi/03_47_20.npy,1000,float64,0.0,0.49607407407407406,0.0,0.012207407407407408,0.5039259259259259,0.5032417041672614,0.16596225855485114,0.0,
bp_fs200_legacy_abs,/home/test/bupt_hjk/sdp_dataset/xrf55/wifi/03_48_01.npy,1000,float64,0.0,0.5076555555555555,0.0,0.010651851851851852,0.4923444444444444,0.4942179196735904,0.1490379268157046,0.0,
bp_fs200_legacy_abs,/home/test/bupt_hjk/sdp_dataset/xrf55/wifi/03_48_02.npy,1000,float64,0.0,0.5000555555555556,0.0,0.010096296296296296,0.49994444444444447,0.5013373990263735,0.1459570681792904,0.0,
bp_fs200_legacy_abs,/home/test/bupt_hjk/sdp_dataset/xrf55/wifi/03_48_03.npy,1000,float64,0.0,0.4954037037037037,0.0,0.008777777777777778,0.5045962962962963,0.5050043341619793,0.13612130649167686,0.0,
bp_fs200_legacy_abs,/home/test/bupt_hjk/sdp_dataset/xrf55/wifi/03_48_04.npy,1000,float64,0.0,0.5068074074074074,0.0,0.009555555555555555,0.49319259259259257,0.49147385416825334,0.14028102176250323,0.0,
bp_fs200_legacy_abs,/home/test/bupt_hjk/sdp_dataset/xrf55/wifi/03_48_05.npy,1000,float64,0.0,0.5048814814814815,0.0,0.00962962962962963,0.4951185185185185,0.49597185241536706,0.13137582026470915,0.0,
bp_fs200_legacy_abs,/home/test/bupt_hjk/sdp_dataset/xrf55/wifi/03_48_06.npy,1000,float64,0.0,0.4986,0.0,0.008777777777777778,0.5014,0.5027966953642885,0.13015237459681905,0.0,
bp_fs200_legacy_abs,/home/test/bupt_hjk/sdp_dataset/xrf55/wifi/03_48_07.npy,1000,float64,0.0,0.4943851851851852,0.0,0.010037037037037037,0.5056148148148149,0.5059020376355177,0.14201979757535313,0.0,
bp_fs200_legacy_abs,/home/test/bupt_hjk/sdp_dataset/xrf55/wifi/03_48_08.npy,1000,float64,0.0,0.4980111111111111,0.0,0.009274074074074073,0.5019888888888889,0.5017828014354526,0.13682200719237755,0.0,
bp_fs200_legacy_abs,/home/test/bupt_hjk/sdp_dataset/xrf55/wifi/03_48_09.npy,1000,float64,0.0,0.5012518518518518,0.0,0.00897037037037037,0.49874814814814816,0.49770219187269454,0.14088532977421866,0.0,
bp_fs200_legacy_abs,/home/test/bupt_hjk/sdp_dataset/xrf55/wifi/03_48_10.npy,1000,float64,0.0,0.48332592592592594,0.0,0.009407407407407408,0.5166740740740741,0.5193369535456785,0.13583954324695066,0.0,
bp_fs200_legacy_abs,/home/test/bupt_hjk/sdp_dataset/xrf55/wifi/03_48_11.npy,1000,float64,0.0,0.49655555555555553,0.0,0.009725925925925926,0.5034444444444445,0.5046572258783264,0.1413153894635376,0.0,
bp_fs200_legacy_abs,/home/test/bupt_hjk/sdp_dataset/xrf55/wifi/03_48_12.npy,1000,float64,0.0,0.4787,0.0,0.008622222222222222,0.5213,0.5267993816257772,0.1400474548622697,0.0,
bp_fs200_legacy_abs,/home/test/bupt_hjk/sdp_dataset/xrf55/wifi/03_48_13.npy,1000,float64,0.0,0.5078333333333334,0.0,0.00982962962962963,0.49216666666666664,0.49106691355114424,0.13672190709227747,0.0,
bp_fs200_legacy_abs,/home/test/bupt_hjk/sdp_dataset/xrf55/wifi/03_48_14.npy,1000,float64,0.0,0.4952259259259259,0.0,0.010088888888888889,0.504774074074074,0.5065051147085112,0.13754124494865236,0.0,
bp_fs200_legacy_abs,/home/test/bupt_hjk/sdp_dataset/xrf55/wifi/03_48_15.npy,1000,float64,0.0,0.495837037037037,0.0,0.009614814814814816,0.5041629629629629,0.5054242482283088,0.14395135876617357,0.0,
bp_fs200_legacy_abs,/home/test/bupt_hjk/sdp_dataset/xrf55/wifi/03_48_16.npy,1000,float64,0.0,0.49714444444444444,0.0,0.009111111111111111,0.5028555555555555,0.5027977127067582,0.13567270974678383,0.0,
bp_fs200_legacy_abs,/home/test/bupt_hjk/sdp_dataset/xrf55/wifi/03_48_17.npy,1000,float64,0.0,0.48935185185185187,0.0,0.008814814814814815,0.5106481481481482,0.5147864100591761,0.13181700218737255,0.0,
bp_fs200_legacy_abs,/home/test/bupt_hjk/sdp_dataset/xrf55/wifi/03_48_18.npy,1000,float64,0.0,0.49916666666666665,0.0,0.008162962962962962,0.5008333333333334,0.5018151522805324,0.1223186149112075,0.0,
bp_fs200_legacy_abs,/home/test/bupt_hjk/sdp_dataset/xrf55/wifi/03_48_19.npy,1000,float64,0.0,0.506737037037037,0.0,0.00717037037037037,0.49326296296296296,0.495132653138287,0.11099247395543692,0.0,
bp_fs200_legacy_abs,/home/test/bupt_hjk/sdp_dataset/xrf55/wifi/03_48_20.npy,1000,float64,0.0,0.4989296296296296,0.0,0.008185185185185186,0.5010703703703704,0.5015016381507099,0.1155525896266637,0.0,
bp_fs200_legacy_abs,/home/test/bupt_hjk/sdp_dataset/xrf55/wifi/03_49_01.npy,1000,float64,0.0,0.5123703703703704,0.0,0.011370370370370371,0.48762962962962964,0.48685727768496284,0.15615615615615616,0.0,
bp_fs200_legacy_abs,/home/test/bupt_hjk/sdp_dataset/xrf55/wifi/03_49_02.npy,1000,float64,0.0,0.5025666666666667,0.0,0.01062962962962963,0.49743333333333334,0.4999311415958318,0.14533793052311572,0.0,
bp_fs200_legacy_abs,/home/test/bupt_hjk/sdp_dataset/xrf55/wifi/03_49_03.npy,1000,float64,0.0,0.4780740740740741,0.0,0.010755555555555556,0.5219259259259259,0.5251209513187596,0.15286768249731214,0.0,
bp_fs200_legacy_abs,/home/test/bupt_hjk/sdp_dataset/xrf55/wifi/03_49_04.npy,1000,float64,0.0,0.49646296296296294,0.0,0.010666666666666666,0.503537037037037,0.5052120400217691,0.1566269973677381,0.0,
bp_fs200_legacy_abs,/home/test/bupt_hjk/sdp_dataset/xrf55/wifi/03_49_05.npy,1000,float64,0.0,0.49485555555555555,0.0,0.009992592592592593,0.5051444444444444,0.5076687000053176,0.14915656397137877,0.0,
bp_fs200_legacy_abs,/home/test/bupt_hjk/sdp_dataset/xrf55/wifi/03_49_06.npy,1000,float64,0.0,0.5116888888888889,0.0,0.01085925925925926,0.4883111111111111,0.48498380643932176,0.1568420272123976,0.0,
bp_fs200_legacy_abs,/home/test/bupt_hjk/sdp_dataset/xrf55/wifi/03_49_07.npy,1000,float64,0.0,0.5013555555555556,0.0,0.010155555555555555,0.49864444444444445,0.5009418341460451,0.14821488154821488,0.0,
bp_fs200_legacy_abs,/home/test/bupt_hjk/sdp_dataset/xrf55/wifi/03_49_08.npy,1000,float64,0.0,0.49415555555555557,0.0,0.010318518518518519,0.5058444444444444,0.5069243866103189,0.15431728024320618,0.0,
bp_fs200_legacy_abs,/home/test/bupt_hjk/sdp_dataset/xrf55/wifi/03_49_09.npy,1000,float64,0.0,0.5059444444444444,0.0,0.00848888888888889,0.4940555555555556,0.49349473454835086,0.12955177399621845,0.0,
bp_fs200_legacy_abs,/home/test/bupt_hjk/sdp_dataset/xrf55/wifi/03_49_10.npy,1000,float64,0.0,0.5133518518518518,0.0,0.009933333333333334,0.48664814814814816,0.4856859689206978,0.14246097949801653,0.0,
bp_fs200_legacy_abs,/home/test/bupt_hjk/sdp_dataset/xrf55/wifi/03_49_11.npy,1000,float64,0.0,0.5159814814814815,0.0,0.009674074074074075,0.4840185185185185,0.47957465089666235,0.1479182886590294,0.0,
bp_fs200_legacy_abs,/home/test/bupt_hjk/sdp_dataset/xrf55/wifi/03_49_12.npy,1000,float64,0.0,0.5049666666666667,0.0,0.010503703703703704,0.4950333333333333,0.49348379801487136,0.1483186890594298,0.0,
bp_fs200_legacy_abs,/home/test/bupt_hjk/sdp_dataset/xrf55/wifi/03_49_13.npy,1000,float64,0.0,0.4985888888888889,0.0,0.00882962962962963,0.5014111111111111,0.502164108049875,0.14278352426500573,0.0,
bp_fs200_legacy_abs,/home/test/bupt_hjk/sdp_dataset/xrf55/wifi/03_49_14.npy,1000,float64,0.0,0.49783333333333335,0.0,0.009533333333333333,0.5021666666666667,0.5031472965044759,0.14557891224557892,0.0,
bp_fs200_legacy_abs,/home/test/bupt_hjk/sdp_dataset/xrf55/wifi/03_49_15.npy,1000,float64,0.0,0.4998074074074074,0.0,0.010422222222222222,0.5001925925925926,0.5006722227034274,0.14557891224557892,0.0,
bp_fs200_legacy_abs,/home/test/bupt_hjk/sdp_dataset/xrf55/wifi/03_49_16.npy,1000,float64,0.0,0.49987777777777775,0.0,0.009422222222222222,0.5001222222222222,0.5023132497170163,0.13577651725799875,0.0,
bp_fs200_legacy_abs,/home/test/bupt_hjk/sdp_dataset/xrf55/wifi/03_49_17.npy,1000,float64,0.0,0.4881037037037037,0.0,0.008644444444444444,0.5118962962962963,0.5141975496306205,0.13439736032328625,0.0,
bp_fs200_legacy_abs,/home/test/bupt_hjk/sdp_dataset/xrf55/wifi/03_49_18.npy,1000,float64,0.0,0.5055962962962963,0.0,0.009733333333333333,0.4944037037037037,0.49357164302191686,0.13923923923923923,0.0,
bp_fs200_legacy_abs,/home/test/bupt_hjk/sdp_dataset/xrf55/wifi/03_49_19.npy,1000,float64,0.0,0.49294444444444446,0.0,0.0096,0.5070555555555556,0.5060881932402421,0.14382901419938457,0.0,
bp_fs200_legacy_abs,/home/test/bupt_hjk/sdp_dataset/xrf55/wifi/03_49_20.npy,1000,float64,0.0,0.5111444444444444,0.0,0.008666666666666666,0.48885555555555554,0.48918774151585875,0.14416268119971823,0.0,
bp_fs200_legacy_abs,/home/test/bupt_hjk/sdp_dataset/xrf55/wifi/03_50_01.npy,1000,float64,0.0,0.5043074074074074,0.0,0.012037037037037037,0.4956925925925926,0.49552509736790706,0.17330663997330664,0.0,
bp_fs200_legacy_abs,/home/test/bupt_hjk/sdp_dataset/xrf55/wifi/03_50_02.npy,1000,float64,0.0,0.4976814814814815,0.0,0.00931111111111111,0.5023185185185185,0.5050348890653074,0.13930597263930597,0.0,
bp_fs200_legacy_abs,/home/test/bupt_hjk/sdp_dataset/xrf55/wifi/03_50_03.npy,1000,float64,0.0,0.5183148148148148,0.0,0.011955555555555556,0.48168518518518516,0.48002756131822283,0.16554702850999148,0.0,
bp_fs200_legacy_abs,/home/test/bupt_hjk/sdp_dataset/xrf55/wifi/03_50_04.npy,1000,float64,0.0,0.5133481481481481,0.0,0.012518518518518519,0.48665185185185184,0.48581728954322384,0.16231787342898454,0.0,
bp_fs200_legacy_abs,/home/test/bupt_hjk/sdp_dataset/xrf55/wifi/03_50_05.npy,1000,float64,0.0,0.5049555555555556,0.0,0.010674074074074074,0.49504444444444445,0.4936438834907391,0.1549660771882994,0.0,
bp_fs200_legacy_abs,/home/test/bupt_hjk/sdp_dataset/xrf55/wifi/03_50_06.npy,1000,float64,0.0,0.4951074074074074,0.0,0.011074074074074075,0.5048925925925926,0.5056595460208454,0.1666332999666333,0.0,
bp_fs200_legacy_abs,/home/test/bupt_hjk/sdp_dataset/xrf55/wifi/03_50_07.npy,1000,float64,0.0,0.5047925925925926,0.0,0.012503703703703704,0.49520740740740743,0.4958644895467725,0.17705854002150298,0.0,
bp_fs200_legacy_abs,/home/test/bupt_hjk/sdp_dataset/xrf55/wifi/03_50_08.npy,1000,float64,0.0,0.49755925925925926,0.0,0.011503703703703703,0.5024407407407407,0.5019995196578134,0.16157268379490602,0.0,
bp_fs200_legacy_abs,/home/test/bupt_hjk/sdp_dataset/xrf55/wifi/03_50_09.npy,1000,float64,0.0,0.5014,0.0,0.011955555555555556,0.4986,0.4977390449544406,0.17521224928632337,0.0,
bp_fs200_legacy_abs,/home/test/bupt_hjk/sdp_dataset/xrf55/wifi/03_50_10.npy,1000,float64,0.0,0.4958592592592593,0.0,0.012066666666666667,0.5041407407407408,0.5046047335981165,0.16312608905201498,0.0,
bp_fs200_legacy_abs,/home/test/bupt_hjk/sdp_dataset/xrf55/wifi/03_50_11.npy,1000,float64,0.0,0.4897851851851852,0.0,0.012955555555555555,0.5102148148148148,0.5108461665838715,0.18847365884402922,0.0,
bp_fs200_legacy_abs,/home/test/bupt_hjk/sdp_dataset/xrf55/wifi/03_50_12.npy,1000,float64,0.0,0.5075592592592593,0.0,0.013251851851851851,0.49244074074074073,0.49303630780554564,0.1796611426241056,0.0,
bp_fs200_legacy_abs,/home/test/bupt_hjk/sdp_dataset/xrf55/wifi/03_50_13.npy,1000,float64,0.0,0.5186703703703703,0.0,0.012281481481481482,0.4813296296296296,0.4790394118910955,0.1687576465354243,0.0,
bp_fs200_legacy_abs,/home/test/bupt_hjk/sdp_dataset/xrf55/wifi/03_50_14.npy,1000,float64,0.0,0.4910777777777778,0.0,0.013096296296296297,0.5089222222222223,0.5099562149114897,0.17741445148852555,0.0,
bp_fs200_legacy_abs,/home/test/bupt_hjk/sdp_dataset/xrf55/wifi/03_50_15.npy,1000,float64,0.0,0.5003888888888889,0.0,0.013281481481481481,0.4996111111111111,0.5015723570108064,0.17387016646275905,0.0,
bp_fs200_legacy_abs,/home/test/bupt_hjk/sdp_dataset/xrf55/wifi/03_50_16.npy,1000,float64,0.0,0.5027777777777778,0.0,0.012585185185185185,0.49722222222222223,0.49622156613788987,0.18089200311422535,0.0,
bp_fs200_legacy_abs,/home/test/bupt_hjk/sdp_dataset/xrf55/wifi/03_50_17.npy,1000,float64,0.0,0.5073518518518518,0.0,0.012251851851851852,0.49264814814814817,0.49192449152090645,0.17764801838875913,0.0,
bp_fs200_legacy_abs,/home/test/bupt_hjk/sdp_dataset/xrf55/wifi/03_50_18.npy,1000,float64,0.0,0.5098481481481482,0.0,0.012377777777777777,0.49015185185185184,0.4892523559732135,0.18926333741148557,0.0,
bp_fs200_legacy_abs,/home/test/bupt_hjk/sdp_dataset/xrf55/wifi/03_50_19.npy,1000,float64,0.0,0.5038074074074074,0.0,0.010748148148148147,0.4961925925925926,0.49681016215481194,0.16566566566566568,0.0,
bp_fs200_legacy_abs,/home/test/bupt_hjk/sdp_dataset/xrf55/wifi/03_50_20.npy,1000,float64,0.0,0.4973111111111111,0.0,0.01151111111111111,0.5026888888888889,0.5022135372287044,0.17108960812664517,0.0,
bp_fs200_legacy_abs,/home/test/bupt_hjk/sdp_dataset/xrf55/wifi/03_51_01.npy,1000,float64,0.0,0.5040259259259259,0.0,0.010481481481481482,0.49597407407407407,0.4947803451144567,0.15274163051940828,0.0,
bp_fs200_legacy_abs,/home/test/bupt_hjk/sdp_dataset/xrf55/wifi/03_51_02.npy,1000,float64,0.0,0.49325555555555556,0.0,0.011533333333333333,0.5067444444444444,0.5075025427505895,0.15644904163422682,0.0,
bp_fs200_legacy_abs,/home/test/bupt_hjk/sdp_dataset/xrf55/wifi/03_51_03.npy,1000,float64,0.0,0.4952814814814815,0.0,0.012348148148148148,0.5047185185185186,0.5062903410609938,0.17199050902754606,0.0,
bp_fs200_legacy_abs,/home/test/bupt_hjk/sdp_dataset/xrf55/wifi/03_51_04.npy,1000,float64,0.0,0.5208962962962963,0.0,0.011029629629629629,0.4791037037037037,0.4780231102698742,0.15244874504133762,0.0,
bp_fs200_legacy_abs,/home/test/bupt_hjk/sdp_dataset/xrf55/wifi/03_51_05.npy,1000,float64,0.0,0.49956666666666666,0.0,0.011096296296296297,0.5004333333333333,0.5019201185117657,0.15317910503095689,0.0,
bp_fs200_legacy_abs,/home/test/bupt_hjk/sdp_dataset/xrf55/wifi/03_51_06.npy,1000,float64,0.0,0.48740370370370373,0.0,0.011562962962962962,0.5125962962962963,0.5133272216156998,0.1610684758832907,0.0,
bp_fs200_legacy_abs,/home/test/bupt_hjk/sdp_dataset/xrf55/wifi/03_51_07.npy,1000,float64,0.0,0.49354444444444445,0.0,0.011533333333333333,0.5064555555555555,0.5082823923327394,0.1621695769843918,0.0,
bp_fs200_legacy_abs,/home/test/bupt_hjk/sdp_dataset/xrf55/wifi/03_51_08.npy,1000,float64,0.0,0.5031814814814815,0.0,0.012444444444444444,0.4968185185185185,0.4990568877677391,0.15936677418158898,0.0,
bp_fs200_legacy_abs,/home/test/bupt_hjk/sdp_dataset/xrf55/wifi/03_51_09.npy,1000,float64,0.0,0.4992666666666667,0.0,0.012896296296296296,0.5007333333333334,0.5038372164128906,0.1688725762799837,0.0,
bp_fs200_legacy_abs,/home/test/bupt_hjk/sdp_dataset/xrf55/wifi/03_51_10.npy,1000,float64,0.0,0.4972037037037037,0.0,0.01188148148148148,0.5027962962962963,0.5052505467338595,0.16327438549660772,0.0,
bp_fs200_legacy_abs,/home/test/bupt_hjk/sdp_dataset/xrf55/wifi/03_51_11.npy,1000,float64,0.0,0.49695925925925927,0.0,0.010688888888888888,0.5030407407407408,0.5033953035137666,0.1563452341230119,0.0,
bp_fs200_legacy_abs,/home/test/bupt_hjk/sdp_dataset/xrf55/wifi/03_51_12.npy,1000,float64,0.0,0.5212185185185185,0.0,0.011992592592592593,0.4787814814814815,0.4747682801235839,0.16988469951432913,0.0,
bp_fs200_legacy_abs,/home/test/bupt_hjk/sdp_dataset/xrf55/wifi/03_51_13.npy,1000,float64,0.0,0.5036481481481482,0.0,0.011318518518518518,0.4963518518518519,0.49567176297041704,0.15845104363622883,0.0,
bp_fs200_legacy_abs,/home/test/bupt_hjk/sdp_dataset/xrf55/wifi/03_51_14.npy,1000,float64,0.0,0.5010555555555556,0.0,0.010962962962962963,0.49894444444444447,0.5031510361033967,0.16031587142698253,0.0,
bp_fs200_legacy_abs,/home/test/bupt_hjk/sdp_dataset/xrf55/wifi/03_51_15.npy,1000,float64,0.0,0.4920925925925926,0.0,0.010555555555555556,0.5079074074074074,0.5116622638916459,0.15378712045378712,0.0,
bp_fs200_legacy_abs,/home/test/bupt_hjk/sdp_dataset/xrf55/wifi/03_51_16.npy,1000,float64,0.0,0.5098333333333334,0.0,0.010725925925925925,0.49016666666666664,0.4909031789143491,0.15852148444741038,0.0,
bp_fs200_legacy_abs,/home/test/bupt_hjk/sdp_dataset/xrf55/wifi/03_51_17.npy,1000,float64,0.0,0.5123925925925926,0.0,0.011807407407407407,0.48760740740740743,0.48571308673625097,0.15558892225558893,0.0,
bp_fs200_legacy_abs,/home/test/bupt_hjk/sdp_dataset/xrf55/wifi/03_51_18.npy,1000,float64,0.0,0.49615185185185184,0.0,0.011777777777777778,0.5038481481481482,0.5035982186055903,0.1582619656693731,0.0,
bp_fs200_legacy_abs,/home/test/bupt_hjk/sdp_dataset/xrf55/wifi/03_51_19.npy,1000,float64,0.0,0.4987,0.0,0.009866666666666666,0.5013,0.49975157305458945,0.16058280502724948,0.0,
bp_fs200_legacy_abs,/home/test/bupt_hjk/sdp_dataset/xrf55/wifi/03_51_20.npy,1000,float64,0.0,0.49404444444444445,0.0,0.011355555555555556,0.5059555555555556,0.5074021921144771,0.167334000667334,0.0,
bp_fs200_legacy_abs,/home/test/bupt_hjk/sdp_dataset/xrf55/wifi/03_52_01.npy,1000,float64,0.0,0.4959962962962963,0.0,0.01165925925925926,0.5040037037037037,0.5032590299906994,0.17276535795054312,0.0,
bp_fs200_legacy_abs,/home/test/bupt_hjk/sdp_dataset/xrf55/wifi/03_52_02.npy,1000,float64,0.0,0.5115111111111111,0.0,0.012459259259259258,0.48848888888888886,0.4874583373012094,0.17428539650761873,0.0,
bp_fs200_legacy_abs,/home/test/bupt_hjk/sdp_dataset/xrf55/wifi/03_52_03.npy,1000,float64,0.0,0.5023666666666666,0.0,0.01305925925925926,0.4976333333333333,0.4956672112873918,0.17612797983168355,0.0,
bp_fs200_legacy_abs,/home/test/bupt_hjk/sdp_dataset/xrf55/wifi/03_52_04.npy,1000,float64,0.0,0.4865259259259259,0.0,0.011637037037037038,0.5134740740740741,0.5163105772316721,0.1694954213472732,0.0,
bp_fs200_legacy_abs,/home/test/bupt_hjk/sdp_dataset/xrf55/wifi/03_52_05.npy,1000,float64,0.0,0.5105777777777778,0.0,0.011933333333333334,0.4894222222222222,0.48865653975143025,0.17573499425351277,0.0,
bp_fs200_legacy_abs,/home/test/bupt_hjk/sdp_dataset/xrf55/wifi/03_52_06.npy,1000,float64,0.0,0.49994074074074074,0.0,0.01317037037037037,0.5000592592592593,0.5007080851845614,0.1785822859896934,0.0,
bp_fs200_legacy_abs,/home/test/bupt_hjk/sdp_dataset/xrf55/wifi/03_52_07.npy,1000,float64,0.0,0.5061629629629629,0.0,0.012807407407407408,0.493837037037037,0.4944893153207306,0.17622807993178363,0.0,
bp_fs200_legacy_abs,/home/test/bupt_hjk/sdp_dataset/xrf55/wifi/03_52_08.npy,1000,float64,0.0,0.4847,0.0,0.012977777777777777,0.5153,0.5202162013077805,0.18235272309346384,0.0,
bp_fs200_legacy_abs,/home/test/bupt_hjk/sdp_dataset/xrf55/wifi/03_52_09.npy,1000,float64,0.0,0.49891111111111114,0.0,0.01202962962962963,0.5010888888888889,0.5029878567976619,0.18616023430838247,0.0,
bp_fs200_legacy_abs,/home/test/bupt_hjk/sdp_dataset/xrf55/wifi/03_52_10.npy,1000,float64,0.0,0.4921333333333333,0.0,0.012318518518518519,0.5078666666666667,0.5107836157568328,0.17119712304897491,0.0,
bp_fs200_legacy_abs,/home/test/bupt_hjk/sdp_dataset/xrf55/wifi/03_52_11.npy,1000,float64,0.0,0.5159444444444444,0.0,0.00968888888888889,0.48405555555555557,0.48273837305590267,0.131624216809402,0.0,
bp_fs200_legacy_abs,/home/test/bupt_hjk/sdp_dataset/xrf55/wifi/03_52_12.npy,1000,float64,0.0,0.504637037037037,0.0,0.011148148148148148,0.49536296296296295,0.49410366613006107,0.1596485374263152,0.0,
bp_fs200_legacy_abs,/home/test/bupt_hjk/sdp_dataset/xrf55/wifi/03_52_13.npy,1000,float64,0.0,0.5059555555555556,0.0,0.011281481481481481,0.49404444444444445,0.4942870201096892,0.15163311459607756,0.0,
bp_fs200_legacy_abs,/home/test/bupt_hjk/sdp_dataset/xrf55/wifi/03_52_14.npy,1000,float64,0.0,0.5083407407407408,0.0,0.010066666666666666,0.49165925925925924,0.491607581026359,0.13855707559411262,0.0,
bp_fs200_legacy_abs,/home/test/bupt_hjk/sdp_dataset/xrf55/wifi/03_52_15.npy,1000,float64,0.0,0.5067481481481482,0.0,0.012422222222222222,0.49325185185185183,0.4954047805567763,0.18574500426352278,0.0,
bp_fs200_legacy_abs,/home/test/bupt_hjk/sdp_dataset/xrf55/wifi/03_52_16.npy,1000,float64,0.0,0.5107925925925926,0.0,0.01082962962962963,0.4892074074074074,0.4891608445062757,0.16162088013939865,0.0,
bp_fs200_legacy_abs,/home/test/bupt_hjk/sdp_dataset/xrf55/wifi/03_52_17.npy,1000,float64,0.0,0.47657037037037037,0.0,0.011896296296296295,0.5234296296296296,0.5260920897284533,0.17189040892744598,0.0,
bp_fs200_legacy_abs,/home/test/bupt_hjk/sdp_dataset/xrf55/wifi/03_52_18.npy,1000,float64,0.0,0.4995037037037037,0.0,0.011814814814814814,0.5004962962962963,0.500713923992796,0.16962888814740668,0.0,
bp_fs200_legacy_abs,/home/test/bupt_hjk/sdp_dataset/xrf55/wifi/03_52_19.npy,1000,float64,0.0,0.5025740740740741,0.0,0.01154074074074074,0.49742592592592594,0.4953749209469602,0.1547807066325585,0.0,
bp_fs200_legacy_abs,/home/test/bupt_hjk/sdp_dataset/xrf55/wifi/03_52_20.npy,1000,float64,0.0,0.4934148148148148,0.0,0.01205925925925926,0.5065851851851851,0.5095562046690411,0.17547918288659028,0.0,
bp_fs200_legacy_abs,/home/test/bupt_hjk/sdp_dataset/xrf55/wifi/03_53_01.npy,1000,float64,0.0,0.49696666666666667,0.0,0.011244444444444444,0.5030333333333333,0.5061256701433813,0.17066325584844103,0.0,
bp_fs200_legacy_abs,/home/test/bupt_hjk/sdp_dataset/xrf55/wifi/03_53_02.npy,1000,float64,0.0,0.4971074074074074,0.0,0.01197037037037037,0.5028925925925926,0.50531599238877,0.19034960886812738,0.0,
bp_fs200_legacy_abs,/home/test/bupt_hjk/sdp_dataset/xrf55/wifi/03_53_03.npy,1000,float64,0.0,0.5056074074074074,0.0,0.010266666666666667,0.4943925925925926,0.4967611412581066,0.15730174619063508,0.0,
bp_fs200_legacy_abs,/home/test/bupt_hjk/sdp_dataset/xrf55/wifi/03_53_04.npy,1000,float64,0.0,0.4862148148148148,0.0,0.01062962962962963,0.5137851851851852,0.5154558119119864,0.163289215141067,0.0,
bp_fs200_legacy_abs,/home/test/bupt_hjk/sdp_dataset/xrf55/wifi/03_53_05.npy,1000,float64,0.0,0.4935555555555556,0.0,0.009814814814814814,0.5064444444444445,0.507190021179322,0.1471582693804916,0.0,
bp_fs200_legacy_abs,/home/test/bupt_hjk/sdp_dataset/xrf55/wifi/03_53_06.npy,1000,float64,0.0,0.4993888888888889,0.0,0.010844444444444445,0.5006111111111111,0.5028899546161678,0.1488562636710785,0.0,
bp_fs200_legacy_abs,/home/test/bupt_hjk/sdp_dataset/xrf55/wifi/03_53_07.npy,1000,float64,0.0,0.49634814814814815,0.0,0.011903703703703705,0.5036518518518519,0.5028827796869034,0.1657546435324213,0.0,
bp_fs200_legacy_abs,/home/test/bupt_hjk/sdp_dataset/xrf55/wifi/03_53_08.npy,1000,float64,0.0,0.49620740740740743,0.0,0.011444444444444445,0.5037925925925926,0.5057853950238738,0.17649872094316538,0.0,
bp_fs200_legacy_abs,/home/test/bupt_hjk/sdp_dataset/xrf55/wifi/03_53_09.npy,1000,float64,0.0,0.4998592592592593,0.0,0.012407407407407407,0.5001407407407408,0.5017513168444838,0.18215623030437844,0.0,
bp_fs200_legacy_abs,/home/test/bupt_hjk/sdp_dataset/xrf55/wifi/03_53_10.npy,1000,float64,0.0,0.4913037037037037,0.0,0.011933333333333334,0.5086962962962963,0.5122080578141872,0.17704741778815852,0.0,
bp_fs200_legacy_abs,/home/test/bupt_hjk/sdp_dataset/xrf55/wifi/03_53_11.npy,1000,float64,0.0,0.48974814814814815,0.0,0.010607407407407407,0.5102518518518518,0.5158719007165995,0.1665554443332221,0.0,
bp_fs200_legacy_abs,/home/test/bupt_hjk/sdp_dataset/xrf55/wifi/03_53_12.npy,1000,float64,0.0,0.49677037037037036,0.0,0.011251851851851851,0.5032296296296296,0.5056948302601446,0.16566195825455085,0.0,
bp_fs200_legacy_abs,/home/test/bupt_hjk/sdp_dataset/xrf55/wifi/03_53_13.npy,1000,float64,0.0,0.5114555555555556,0.0,0.0102,0.48854444444444445,0.48776583234069026,0.16848329811292775,0.0,
bp_fs200_legacy_abs,/home/test/bupt_hjk/sdp_dataset/xrf55/wifi/03_53_14.npy,1000,float64,0.0,0.48734074074074074,0.0,0.0106,0.5126592592592593,0.5164822660603003,0.15034664293923553,0.0,
bp_fs200_legacy_abs,/home/test/bupt_hjk/sdp_dataset/xrf55/wifi/03_53_15.npy,1000,float64,0.0,0.5000592592592593,0.0,0.009807407407407407,0.49994074074074074,0.5011509483966229,0.14650576502428353,0.0,
bp_fs200_legacy_abs,/home/test/bupt_hjk/sdp_dataset/xrf55/wifi/03_53_16.npy,1000,float64,0.0,0.49825555555555556,0.0,0.011192592592592593,0.5017444444444444,0.5003671476999053,0.15549623697771847,0.0,
bp_fs200_legacy_abs,/home/test/bupt_hjk/sdp_dataset/xrf55/wifi/03_53_17.npy,1000,float64,0.0,0.4917,0.0,0.013133333333333334,0.5083,0.5137393220429758,0.17517888258629,0.0,
bp_fs200_legacy_abs,/home/test/bupt_hjk/sdp_dataset/xrf55/wifi/03_53_18.npy,1000,float64,0.0,0.5052777777777778,0.0,0.011755555555555556,0.49472222222222223,0.49467112461075874,0.1650354057761465,0.0,
bp_fs200_legacy_abs,/home/test/bupt_hjk/sdp_dataset/xrf55/wifi/03_53_19.npy,1000,float64,0.0,0.5086222222222222,0.0,0.011266666666666666,0.4913777777777778,0.4933092957918992,0.17707336966596227,0.0,
bp_fs200_legacy_abs,/home/test/bupt_hjk/sdp_dataset/xrf55/wifi/03_53_20.npy,1000,float64,0.0,0.4914222222222222,0.0,0.010725925925925925,0.5085777777777778,0.5113185814804818,0.17138249360471583,0.0,
bp_fs200_legacy_abs,/home/test/bupt_hjk/sdp_dataset/xrf55/wifi/03_54_01.npy,1000,float64,0.0,0.5252259259259259,0.0,0.010311111111111111,0.47477407407407407,0.47212876203968185,0.17256145033922812,0.0,
bp_fs200_legacy_abs,/home/test/bupt_hjk/sdp_dataset/xrf55/wifi/03_54_02.npy,1000,float64,0.0,0.5077037037037037,0.0,0.010985185185185185,0.4922962962962963,0.4916764477994369,0.16774552330107886,0.0,
bp_fs200_legacy_abs,/home/test/bupt_hjk/sdp_dataset/xrf55/wifi/03_54_03.npy,1000,float64,0.0,0.5099370370370371,0.0,0.011155555555555556,0.490062962962963,0.48842540861698275,0.1827271716160605,0.0,
bp_fs200_legacy_abs,/home/test/bupt_hjk/sdp_dataset/xrf55/wifi/03_54_04.npy,1000,float64,0.0,0.5058666666666667,0.0,0.013251851851851851,0.4941333333333333,0.49381183785108723,0.1850702554406258,0.0,
bp_fs200_legacy_abs,/home/test/bupt_hjk/sdp_dataset/xrf55/wifi/03_54_05.npy,1000,float64,0.0,0.5031222222222222,0.0,0.01305925925925926,0.49687777777777775,0.4984938826080223,0.1800467133800467,0.0,
bp_fs200_legacy_abs,/home/test/bupt_hjk/sdp_dataset/xrf55/wifi/03_54_06.npy,1000,float64,0.0,0.5100222222222223,0.0,0.010762962962962964,0.4899777777777778,0.48938572462367913,0.16955103251399548,0.0,
bp_fs200_legacy_abs,/home/test/bupt_hjk/sdp_dataset/xrf55/wifi/03_54_07.npy,1000,float64,0.0,0.49887037037037035,0.0,0.011125925925925926,0.5011296296296296,0.5015015699093742,0.16057168279390502,0.0,
bp_fs200_legacy_abs,/home/test/bupt_hjk/sdp_dataset/xrf55/wifi/03_54_08.npy,1000,float64,0.0,0.5141407407407408,0.0,0.011577777777777777,0.48585925925925927,0.4812458227509691,0.16447929410892373,0.0,
bp_fs200_legacy_abs,/home/test/bupt_hjk/sdp_dataset/xrf55/wifi/03_54_09.npy,1000,float64,0.0,0.49744814814814814,0.0,0.010992592592592592,0.5025518518518518,0.5005529144863595,0.16452007563118673,0.0,
bp_fs200_legacy_abs,/home/test/bupt_hjk/sdp_dataset/xrf55/wifi/03_54_10.npy,1000,float64,0.0,0.506962962962963,0.0,0.01154074074074074,0.49303703703703705,0.4949501871076545,0.17681385088792495,0.0,
bp_fs200_legacy_abs,/home/test/bupt_hjk/sdp_dataset/xrf55/wifi/03_54_11.npy,1000,float64,0.0,0.4935,0.0,0.012237037037037038,0.5065,0.5069895041844551,0.1737737737737738,0.0,
bp_fs200_legacy_abs,/home/test/bupt_hjk/sdp_dataset/xrf55/wifi/03_54_12.npy,1000,float64,0.0,0.5014444444444445,0.0,0.011874074074074073,0.49855555555555553,0.4993216258049722,0.17648759870982092,0.0,
bp_fs200_legacy_abs,/home/test/bupt_hjk/sdp_dataset/xrf55/wifi/03_54_13.npy,1000,float64,0.0,0.4955074074074074,0.0,0.012925925925925926,0.5044925925925926,0.5068429973135327,0.17748489229970713,0.0,
bp_fs200_legacy_abs,/home/test/bupt_hjk/sdp_dataset/xrf55/wifi/03_54_14.npy,1000,float64,0.0,0.4986962962962963,0.0,0.012014814814814815,0.5013037037037037,0.5037273614534241,0.17309531753976198,0.0,
bp_fs200_legacy_abs,/home/test/bupt_hjk/sdp_dataset/xrf55/wifi/03_54_15.npy,1000,float64,0.0,0.5058111111111111,0.0,0.012237037037037038,0.4941888888888889,0.4927888996901391,0.16572127683238794,0.0,
bp_fs200_legacy_abs,/home/test/bupt_hjk/sdp_dataset/xrf55/wifi/03_54_16.npy,1000,float64,0.0,0.49374444444444443,0.0,0.011370370370370371,0.5062555555555556,0.5063142650806812,0.17585733882030177,0.0,
bp_fs200_legacy_abs,/home/test/bupt_hjk/sdp_dataset/xrf55/wifi/03_54_17.npy,1000,float64,0.0,0.5094925925925926,0.0,0.012777777777777779,0.4905074074074074,0.48805313650864507,0.1751603455307159,0.0,
bp_fs200_legacy_abs,/home/test/bupt_hjk/sdp_dataset/xrf55/wifi/03_54_18.npy,1000,float64,0.0,0.49294814814814814,0.0,0.01191851851851852,0.5070518518518519,0.5071510440025914,0.17119712304897491,0.0,
bp_fs200_legacy_abs,/home/test/bupt_hjk/sdp_dataset/xrf55/wifi/03_54_19.npy,1000,float64,0.0,0.5019296296296296,0.0,0.012014814814814815,0.4980703703703704,0.4974639886386691,0.17118600081563046,0.0,
bp_fs200_legacy_abs,/home/test/bupt_hjk/sdp_dataset/xrf55/wifi/03_54_20.npy,1000,float64,0.0,0.5015555555555555,0.0,0.011340740740740742,0.49844444444444447,0.49837963750770475,0.1539836132428725,0.0,
bp_fs200_legacy_abs,/home/test/bupt_hjk/sdp_dataset/xrf55/wifi/03_55_01.npy,1000,float64,0.0,0.48794814814814813,0.0,0.011696296296296297,0.5120518518518519,0.5126946662127164,0.17158640121603086,0.0,
bp_fs200_legacy_abs,/home/test/bupt_hjk/sdp_dataset/xrf55/wifi/03_55_02.npy,1000,float64,0.0,0.4912296296296296,0.0,0.011844444444444444,0.5087703703703703,0.51006962327134,0.1696548400252104,0.0,
bp_fs200_legacy_abs,/home/test/bupt_hjk/sdp_dataset/xrf55/wifi/03_55_03.npy,1000,float64,0.0,0.49184074074074075,0.0,0.011281481481481481,0.5081592592592593,0.5099158596359658,0.16202128053979906,0.0,
bp_fs200_legacy_abs,/home/test/bupt_hjk/sdp_dataset/xrf55/wifi/03_55_04.npy,1000,float64,0.0,0.48940370370370373,0.0,0.010851851851851852,0.5105962962962963,0.5134255211449082,0.15680124569013457,0.0,
bp_fs200_legacy_abs,/home/test/bupt_hjk/sdp_dataset/xrf55/wifi/03_55_05.npy,1000,float64,0.0,0.5010629629629629,0.0,0.010948148148148148,0.498937037037037,0.4963345099103991,0.16958810662514368,0.0,
bp_fs200_legacy_abs,/home/test/bupt_hjk/sdp_dataset/xrf55/wifi/03_55_06.npy,1000,float64,0.0,0.4847148148148148,0.0,0.011577777777777777,0.5152851851851852,0.5192745750832312,0.16225855485114746,0.0,
bp_fs200_legacy_abs,/home/test/bupt_hjk/sdp_dataset/xrf55/wifi/03_55_07.npy,1000,float64,0.0,0.500325925925926,0.0,0.010577777777777778,0.49967407407407405,0.5004683073924036,0.1629295962629296,0.0,
bp_fs200_legacy_abs,/home/test/bupt_hjk/sdp_dataset/xrf55/wifi/03_55_08.npy,1000,float64,0.0,0.5070962962962963,0.0,0.010533333333333334,0.4929037037037037,0.48948342779811527,0.15291587884180477,0.0,
bp_fs200_legacy_abs,/home/test/bupt_hjk/sdp_dataset/xrf55/wifi/03_55_09.npy,1000,float64,0.0,0.5040481481481481,0.0,0.010962962962962963,0.49595185185185187,0.4966992078866108,0.16634412189967746,0.0,
bp_fs200_legacy_abs,/home/test/bupt_hjk/sdp_dataset/xrf55/wifi/03_55_10.npy,1000,float64,0.0,0.5015555555555555,0.0,0.009977777777777778,0.49844444444444447,0.49767181118217074,0.15877729581433286,0.0,
bp_fs200_legacy_abs,/home/test/bupt_hjk/sdp_dataset/xrf55/wifi/03_55_11.npy,1000,float64,0.0,0.4888296296296296,0.0,0.011214814814814815,0.5111703703703704,0.5131048656660542,0.1538056575093612,0.0,
bp_fs200_legacy_abs,/home/test/bupt_hjk/sdp_dataset/xrf55/wifi/03_55_12.npy,1000,float64,0.0,0.4943111111111111,0.0,0.010333333333333333,0.5056888888888889,0.5061743913215712,0.1516813109405702,0.0,
bp_fs200_legacy_abs,/home/test/bupt_hjk/sdp_dataset/xrf55/wifi/03_55_13.npy,1000,float64,0.0,0.4983925925925926,0.0,0.008362962962962963,0.5016074074074074,0.5009245073696444,0.12759055351647944,0.0,
bp_fs200_legacy_abs,/home/test/bupt_hjk/sdp_dataset/xrf55/wifi/03_55_14.npy,1000,float64,0.0,0.4902962962962963,0.0,0.00942962962962963,0.5097037037037037,0.5092090023391547,0.14926037148259372,0.0,
bp_fs200_legacy_abs,/home/test/bupt_hjk/sdp_dataset/xrf55/wifi/03_55_15.npy,1000,float64,0.0,0.5023185185185185,0.0,0.009962962962962963,0.4976814814814815,0.5000188579618314,0.1374893411930449,0.0,
bp_fs200_legacy_abs,/home/test/bupt_hjk/sdp_dataset/xrf55/wifi/03_55_16.npy,1000,float64,0.0,0.4981888888888889,0.0,0.010088888888888889,0.5018111111111111,0.5022478682683927,0.14429614799985171,0.0,
bp_fs200_legacy_abs,/home/test/bupt_hjk/sdp_dataset/xrf55/wifi/03_55_17.npy,1000,float64,0.0,0.5002814814814814,0.0,0.009237037037037037,0.4997185185185185,0.4987736782450142,0.14594223853483113,0.0,
bp_fs200_legacy_abs,/home/test/bupt_hjk/sdp_dataset/xrf55/wifi/03_55_18.npy,1000,float64,0.0,0.5010592592592592,0.0,0.011422222222222222,0.49894074074074074,0.5008868663673572,0.15614132651169688,0.0,
bp_fs200_legacy_abs,/home/test/bupt_hjk/sdp_dataset/xrf55/wifi/03_55_19.npy,1000,float64,0.0,0.5032481481481481,0.0,0.010814814814814815,0.49675185185185183,0.4965149541883567,0.16158380602825048,0.0,
bp_fs200_legacy_abs,/home/test/bupt_hjk/sdp_dataset/xrf55/wifi/03_55_20.npy,1000,float64,0.0,0.5058703703703704,0.0,0.011148148148148148,0.49412962962962964,0.49318318596361277,0.15976717458198939,0.0,
