sample_index,file_name,mapped_label,raw_label,repetition,official_split
0,/home/test/bupt_hjk/sdp_dataset/xrf55/wifi/01_01_01.npy,0,1,1,train
1,/home/test/bupt_hjk/sdp_dataset/xrf55/wifi/01_01_02.npy,0,1,2,train
2,/home/test/bupt_hjk/sdp_dataset/xrf55/wifi/01_01_03.npy,0,1,3,train
3,/home/test/bupt_hjk/sdp_dataset/xrf55/wifi/01_01_04.npy,0,1,4,train
4,/home/test/bupt_hjk/sdp_dataset/xrf55/wifi/01_01_05.npy,0,1,5,train
5,/home/test/bupt_hjk/sdp_dataset/xrf55/wifi/01_01_06.npy,0,1,6,train
6,/home/test/bupt_hjk/sdp_dataset/xrf55/wifi/01_01_07.npy,0,1,7,train
7,/home/test/bupt_hjk/sdp_dataset/xrf55/wifi/01_01_08.npy,0,1,8,train
8,/home/test/bupt_hjk/sdp_dataset/xrf55/wifi/01_01_09.npy,0,1,9,train
9,/home/test/bupt_hjk/sdp_dataset/xrf55/wifi/01_01_10.npy,0,1,10,train
10,/home/test/bupt_hjk/sdp_dataset/xrf55/wifi/01_01_11.npy,0,1,11,train
11,/home/test/bupt_hjk/sdp_dataset/xrf55/wifi/01_01_12.npy,0,1,12,train
12,/home/test/bupt_hjk/sdp_dataset/xrf55/wifi/01_01_13.npy,0,1,13,validation
13,/home/test/bupt_hjk/sdp_dataset/xrf55/wifi/01_01_14.npy,0,1,14,validation
14,/home/test/bupt_hjk/sdp_dataset/xrf55/wifi/01_01_15.npy,0,1,15,validation
15,/home/test/bupt_hjk/sdp_dataset/xrf55/wifi/01_01_16.npy,0,1,16,validation
16,/home/test/bupt_hjk/sdp_dataset/xrf55/wifi/01_01_17.npy,0,1,17,test
17,/home/test/bupt_hjk/sdp_dataset/xrf55/wifi/01_01_18.npy,0,1,18,test
18,/home/test/bupt_hjk/sdp_dataset/xrf55/wifi/01_01_19.npy,0,1,19,test
19,/home/test/bupt_hjk/sdp_dataset/xrf55/wifi/01_01_20.npy,0,1,20,test
20,/home/test/bupt_hjk/sdp_dataset/xrf55/wifi/01_02_01.npy,1,2,1,train
21,/home/test/bupt_hjk/sdp_dataset/xrf55/wifi/01_02_02.npy,1,2,2,train
22,/home/test/bupt_hjk/sdp_dataset/xrf55/wifi/01_02_03.npy,1,2,3,train
23,/home/test/bupt_hjk/sdp_dataset/xrf55/wifi/01_02_04.npy,1,2,4,train
24,/home/test/bupt_hjk/sdp_dataset/xrf55/wifi/01_02_05.npy,1,2,5,train
25,/home/test/bupt_hjk/sdp_dataset/xrf55/wifi/01_02_06.npy,1,2,6,train
26,/home/test/bupt_hjk/sdp_dataset/xrf55/wifi/01_02_07.npy,1,2,7,train
27,/home/test/bupt_hjk/sdp_dataset/xrf55/wifi/01_02_08.npy,1,2,8,train
28,/home/test/bupt_hjk/sdp_dataset/xrf55/wifi/01_02_09.npy,1,2,9,train
29,/home/test/bupt_hjk/sdp_dataset/xrf55/wifi/01_02_10.npy,1,2,10,train
30,/home/test/bupt_hjk/sdp_dataset/xrf55/wifi/01_02_11.npy,1,2,11,train
31,/home/test/bupt_hjk/sdp_dataset/xrf55/wifi/01_02_12.npy,1,2,12,train
32,/home/test/bupt_hjk/sdp_dataset/xrf55/wifi/01_02_13.npy,1,2,13,validation
33,/home/test/bupt_hjk/sdp_dataset/xrf55/wifi/01_02_14.npy,1,2,14,validation
34,/home/test/bupt_hjk/sdp_dataset/xrf55/wifi/01_02_15.npy,1,2,15,validation
35,/home/test/bupt_hjk/sdp_dataset/xrf55/wifi/01_02_16.npy,1,2,16,validation
36,/home/test/bupt_hjk/sdp_dataset/xrf55/wifi/01_02_17.npy,1,2,17,test
37,/home/test/bupt_hjk/sdp_dataset/xrf55/wifi/01_02_18.npy,1,2,18,test
38,/home/test/bupt_hjk/sdp_dataset/xrf55/wifi/01_02_19.npy,1,2,19,test
39,/home/test/bupt_hjk/sdp_dataset/xrf55/wifi/01_02_20.npy,1,2,20,test
40,/home/test/bupt_hjk/sdp_dataset/xrf55/wifi/01_03_01.npy,2,3,1,train
41,/home/test/bupt_hjk/sdp_dataset/xrf55/wifi/01_03_02.npy,2,3,2,train
42,/home/test/bupt_hjk/sdp_dataset/xrf55/wifi/01_03_03.npy,2,3,3,train
43,/home/test/bupt_hjk/sdp_dataset/xrf55/wifi/01_03_04.npy,2,3,4,train
44,/home/test/bupt_hjk/sdp_dataset/xrf55/wifi/01_03_05.npy,2,3,5,train
45,/home/test/bupt_hjk/sdp_dataset/xrf55/wifi/01_03_06.npy,2,3,6,train
46,/home/test/bupt_hjk/sdp_dataset/xrf55/wifi/01_03_07.npy,2,3,7,train
47,/home/test/bupt_hjk/sdp_dataset/xrf55/wifi/01_03_08.npy,2,3,8,train
48,/home/test/bupt_hjk/sdp_dataset/xrf55/wifi/01_03_09.npy,2,3,9,train
49,/home/test/bupt_hjk/sdp_dataset/xrf55/wifi/01_03_10.npy,2,3,10,train
50,/home/test/bupt_hjk/sdp_dataset/xrf55/wifi/01_03_11.npy,2,3,11,train
51,/home/test/bupt_hjk/sdp_dataset/xrf55/wifi/01_03_12.npy,2,3,12,train
52,/home/test/bupt_hjk/sdp_dataset/xrf55/wifi/01_03_13.npy,2,3,13,validation
53,/home/test/bupt_hjk/sdp_dataset/xrf55/wifi/01_03_14.npy,2,3,14,validation
54,/home/test/bupt_hjk/sdp_dataset/xrf55/wifi/01_03_15.npy,2,3,15,validation
55,/home/test/bupt_hjk/sdp_dataset/xrf55/wifi/01_03_16.npy,2,3,16,validation
56,/home/test/bupt_hjk/sdp_dataset/xrf55/wifi/01_03_17.npy,2,3,17,test
57,/home/test/bupt_hjk/sdp_dataset/xrf55/wifi/01_03_18.npy,2,3,18,test
58,/home/test/bupt_hjk/sdp_dataset/xrf55/wifi/01_03_19.npy,2,3,19,test
59,/home/test/bupt_hjk/sdp_dataset/xrf55/wifi/01_03_20.npy,2,3,20,test
60,/home/test/bupt_hjk/sdp_dataset/xrf55/wifi/01_04_01.npy,3,4,1,train
61,/home/test/bupt_hjk/sdp_dataset/xrf55/wifi/01_04_02.npy,3,4,2,train
62,/home/test/bupt_hjk/sdp_dataset/xrf55/wifi/01_04_03.npy,3,4,3,train
63,/home/test/bupt_hjk/sdp_dataset/xrf55/wifi/01_04_04.npy,3,4,4,train
64,/home/test/bupt_hjk/sdp_dataset/xrf55/wifi/01_04_05.npy,3,4,5,train
65,/home/test/bupt_hjk/sdp_dataset/xrf55/wifi/01_04_06.npy,3,4,6,train
66,/home/test/bupt_hjk/sdp_dataset/xrf55/wifi/01_04_07.npy,3,4,7,train
67,/home/test/bupt_hjk/sdp_dataset/xrf55/wifi/01_04_08.npy,3,4,8,train
68,/home/test/bupt_hjk/sdp_dataset/xrf55/wifi/01_04_09.npy,3,4,9,train
69,/home/test/bupt_hjk/sdp_dataset/xrf55/wifi/01_04_10.npy,3,4,10,train
70,/home/test/bupt_hjk/sdp_dataset/xrf55/wifi/01_04_11.npy,3,4,11,train
71,/home/test/bupt_hjk/sdp_dataset/xrf55/wifi/01_04_12.npy,3,4,12,train
72,/home/test/bupt_hjk/sdp_dataset/xrf55/wifi/01_04_13.npy,3,4,13,validation
73,/home/test/bupt_hjk/sdp_dataset/xrf55/wifi/01_04_14.npy,3,4,14,validation
74,/home/test/bupt_hjk/sdp_dataset/xrf55/wifi/01_04_15.npy,3,4,15,validation
75,/home/test/bupt_hjk/sdp_dataset/xrf55/wifi/01_04_16.npy,3,4,16,validation
76,/home/test/bupt_hjk/sdp_dataset/xrf55/wifi/01_04_17.npy,3,4,17,test
77,/home/test/bupt_hjk/sdp_dataset/xrf55/wifi/01_04_18.npy,3,4,18,test
78,/home/test/bupt_hjk/sdp_dataset/xrf55/wifi/01_04_19.npy,3,4,19,test
79,/home/test/bupt_hjk/sdp_dataset/xrf55/wifi/01_04_20.npy,3,4,20,test
80,/home/test/bupt_hjk/sdp_dataset/xrf55/wifi/01_05_01.npy,4,5,1,train
81,/home/test/bupt_hjk/sdp_dataset/xrf55/wifi/01_05_02.npy,4,5,2,train
82,/home/test/bupt_hjk/sdp_dataset/xrf55/wifi/01_05_03.npy,4,5,3,train
83,/home/test/bupt_hjk/sdp_dataset/xrf55/wifi/01_05_04.npy,4,5,4,train
84,/home/test/bupt_hjk/sdp_dataset/xrf55/wifi/01_05_05.npy,4,5,5,train
85,/home/test/bupt_hjk/sdp_dataset/xrf55/wifi/01_05_06.npy,4,5,6,train
86,/home/test/bupt_hjk/sdp_dataset/xrf55/wifi/01_05_07.npy,4,5,7,train
87,/home/test/bupt_hjk/sdp_dataset/xrf55/wifi/01_05_08.npy,4,5,8,train
88,/home/test/bupt_hjk/sdp_dataset/xrf55/wifi/01_05_09.npy,4,5,9,train
89,/home/test/bupt_hjk/sdp_dataset/xrf55/wifi/01_05_10.npy,4,5,10,train
90,/home/test/bupt_hjk/sdp_dataset/xrf55/wifi/01_05_11.npy,4,5,11,train
91,/home/test/bupt_hjk/sdp_dataset/xrf55/wifi/01_05_12.npy,4,5,12,train
92,/home/test/bupt_hjk/sdp_dataset/xrf55/wifi/01_05_13.npy,4,5,13,validation
93,/home/test/bupt_hjk/sdp_dataset/xrf55/wifi/01_05_14.npy,4,5,14,validation
94,/home/test/bupt_hjk/sdp_dataset/xrf55/wifi/01_05_15.npy,4,5,15,validation
95,/home/test/bupt_hjk/sdp_dataset/xrf55/wifi/01_05_16.npy,4,5,16,validation
96,/home/test/bupt_hjk/sdp_dataset/xrf55/wifi/01_05_17.npy,4,5,17,test
97,/home/test/bupt_hjk/sdp_dataset/xrf55/wifi/01_05_18.npy,4,5,18,test
98,/home/test/bupt_hjk/sdp_dataset/xrf55/wifi/01_05_19.npy,4,5,19,test
99,/home/test/bupt_hjk/sdp_dataset/xrf55/wifi/01_05_20.npy,4,5,20,test
100,/home/test/bupt_hjk/sdp_dataset/xrf55/wifi/01_06_01.npy,5,6,1,train
101,/home/test/bupt_hjk/sdp_dataset/xrf55/wifi/01_06_02.npy,5,6,2,train
102,/home/test/bupt_hjk/sdp_dataset/xrf55/wifi/01_06_03.npy,5,6,3,train
103,/home/test/bupt_hjk/sdp_dataset/xrf55/wifi/01_06_04.npy,5,6,4,train
104,/home/test/bupt_hjk/sdp_dataset/xrf55/wifi/01_06_05.npy,5,6,5,train
105,/home/test/bupt_hjk/sdp_dataset/xrf55/wifi/01_06_06.npy,5,6,6,train
106,/home/test/bupt_hjk/sdp_dataset/xrf55/wifi/01_06_07.npy,5,6,7,train
107,/home/test/bupt_hjk/sdp_dataset/xrf55/wifi/01_06_08.npy,5,6,8,train
108,/home/test/bupt_hjk/sdp_dataset/xrf55/wifi/01_06_09.npy,5,6,9,train
109,/home/test/bupt_hjk/sdp_dataset/xrf55/wifi/01_06_10.npy,5,6,10,train
110,/home/test/bupt_hjk/sdp_dataset/xrf55/wifi/01_06_11.npy,5,6,11,train
111,/home/test/bupt_hjk/sdp_dataset/xrf55/wifi/01_06_12.npy,5,6,12,train
112,/home/test/bupt_hjk/sdp_dataset/xrf55/wifi/01_06_13.npy,5,6,13,validation
113,/home/test/bupt_hjk/sdp_dataset/xrf55/wifi/01_06_14.npy,5,6,14,validation
114,/home/test/bupt_hjk/sdp_dataset/xrf55/wifi/01_06_15.npy,5,6,15,validation
115,/home/test/bupt_hjk/sdp_dataset/xrf55/wifi/01_06_16.npy,5,6,16,validation
116,/home/test/bupt_hjk/sdp_dataset/xrf55/wifi/01_06_17.npy,5,6,17,test
117,/home/test/bupt_hjk/sdp_dataset/xrf55/wifi/01_06_18.npy,5,6,18,test
118,/home/test/bupt_hjk/sdp_dataset/xrf55/wifi/01_06_19.npy,5,6,19,test
119,/home/test/bupt_hjk/sdp_dataset/xrf55/wifi/01_06_20.npy,5,6,20,test
120,/home/test/bupt_hjk/sdp_dataset/xrf55/wifi/01_07_01.npy,6,7,1,train
121,/home/test/bupt_hjk/sdp_dataset/xrf55/wifi/01_07_02.npy,6,7,2,train
122,/home/test/bupt_hjk/sdp_dataset/xrf55/wifi/01_07_03.npy,6,7,3,train
123,/home/test/bupt_hjk/sdp_dataset/xrf55/wifi/01_07_04.npy,6,7,4,train
124,/home/test/bupt_hjk/sdp_dataset/xrf55/wifi/01_07_05.npy,6,7,5,train
125,/home/test/bupt_hjk/sdp_dataset/xrf55/wifi/01_07_06.npy,6,7,6,train
126,/home/test/bupt_hjk/sdp_dataset/xrf55/wifi/01_07_07.npy,6,7,7,train
127,/home/test/bupt_hjk/sdp_dataset/xrf55/wifi/01_07_08.npy,6,7,8,train
128,/home/test/bupt_hjk/sdp_dataset/xrf55/wifi/01_07_09.npy,6,7,9,train
129,/home/test/bupt_hjk/sdp_dataset/xrf55/wifi/01_07_10.npy,6,7,10,train
130,/home/test/bupt_hjk/sdp_dataset/xrf55/wifi/01_07_11.npy,6,7,11,train
131,/home/test/bupt_hjk/sdp_dataset/xrf55/wifi/01_07_12.npy,6,7,12,train
132,/home/test/bupt_hjk/sdp_dataset/xrf55/wifi/01_07_13.npy,6,7,13,validation
133,/home/test/bupt_hjk/sdp_dataset/xrf55/wifi/01_07_14.npy,6,7,14,validation
134,/home/test/bupt_hjk/sdp_dataset/xrf55/wifi/01_07_15.npy,6,7,15,validation
135,/home/test/bupt_hjk/sdp_dataset/xrf55/wifi/01_07_16.npy,6,7,16,validation
136,/home/test/bupt_hjk/sdp_dataset/xrf55/wifi/01_07_17.npy,6,7,17,test
137,/home/test/bupt_hjk/sdp_dataset/xrf55/wifi/01_07_18.npy,6,7,18,test
138,/home/test/bupt_hjk/sdp_dataset/xrf55/wifi/01_07_19.npy,6,7,19,test
139,/home/test/bupt_hjk/sdp_dataset/xrf55/wifi/01_07_20.npy,6,7,20,test
140,/home/test/bupt_hjk/sdp_dataset/xrf55/wifi/01_08_01.npy,7,8,1,train
141,/home/test/bupt_hjk/sdp_dataset/xrf55/wifi/01_08_02.npy,7,8,2,train
142,/home/test/bupt_hjk/sdp_dataset/xrf55/wifi/01_08_03.npy,7,8,3,train
143,/home/test/bupt_hjk/sdp_dataset/xrf55/wifi/01_08_04.npy,7,8,4,train
144,/home/test/bupt_hjk/sdp_dataset/xrf55/wifi/01_08_05.npy,7,8,5,train
145,/home/test/bupt_hjk/sdp_dataset/xrf55/wifi/01_08_06.npy,7,8,6,train
146,/home/test/bupt_hjk/sdp_dataset/xrf55/wifi/01_08_07.npy,7,8,7,train
147,/home/test/bupt_hjk/sdp_dataset/xrf55/wifi/01_08_08.npy,7,8,8,train
148,/home/test/bupt_hjk/sdp_dataset/xrf55/wifi/01_08_09.npy,7,8,9,train
149,/home/test/bupt_hjk/sdp_dataset/xrf55/wifi/01_08_10.npy,7,8,10,train
150,/home/test/bupt_hjk/sdp_dataset/xrf55/wifi/01_08_11.npy,7,8,11,train
151,/home/test/bupt_hjk/sdp_dataset/xrf55/wifi/01_08_12.npy,7,8,12,train
152,/home/test/bupt_hjk/sdp_dataset/xrf55/wifi/01_08_13.npy,7,8,13,validation
153,/home/test/bupt_hjk/sdp_dataset/xrf55/wifi/01_08_14.npy,7,8,14,validation
154,/home/test/bupt_hjk/sdp_dataset/xrf55/wifi/01_08_15.npy,7,8,15,validation
155,/home/test/bupt_hjk/sdp_dataset/xrf55/wifi/01_08_16.npy,7,8,16,validation
156,/home/test/bupt_hjk/sdp_dataset/xrf55/wifi/01_08_17.npy,7,8,17,test
157,/home/test/bupt_hjk/sdp_dataset/xrf55/wifi/01_08_18.npy,7,8,18,test
158,/home/test/bupt_hjk/sdp_dataset/xrf55/wifi/01_08_19.npy,7,8,19,test
159,/home/test/bupt_hjk/sdp_dataset/xrf55/wifi/01_08_20.npy,7,8,20,test
160,/home/test/bupt_hjk/sdp_dataset/xrf55/wifi/01_09_01.npy,8,9,1,train
161,/home/test/bupt_hjk/sdp_dataset/xrf55/wifi/01_09_02.npy,8,9,2,train
162,/home/test/bupt_hjk/sdp_dataset/xrf55/wifi/01_09_03.npy,8,9,3,train
163,/home/test/bupt_hjk/sdp_dataset/xrf55/wifi/01_09_04.npy,8,9,4,train
164,/home/test/bupt_hjk/sdp_dataset/xrf55/wifi/01_09_05.npy,8,9,5,train
165,/home/test/bupt_hjk/sdp_dataset/xrf55/wifi/01_09_06.npy,8,9,6,train
166,/home/test/bupt_hjk/sdp_dataset/xrf55/wifi/01_09_07.npy,8,9,7,train
167,/home/test/bupt_hjk/sdp_dataset/xrf55/wifi/01_09_08.npy,8,9,8,train
168,/home/test/bupt_hjk/sdp_dataset/xrf55/wifi/01_09_09.npy,8,9,9,train
169,/home/test/bupt_hjk/sdp_dataset/xrf55/wifi/01_09_10.npy,8,9,10,train
170,/home/test/bupt_hjk/sdp_dataset/xrf55/wifi/01_09_11.npy,8,9,11,train
171,/home/test/bupt_hjk/sdp_dataset/xrf55/wifi/01_09_12.npy,8,9,12,train
172,/home/test/bupt_hjk/sdp_dataset/xrf55/wifi/01_09_13.npy,8,9,13,validation
173,/home/test/bupt_hjk/sdp_dataset/xrf55/wifi/01_09_14.npy,8,9,14,validation
174,/home/test/bupt_hjk/sdp_dataset/xrf55/wifi/01_09_15.npy,8,9,15,validation
175,/home/test/bupt_hjk/sdp_dataset/xrf55/wifi/01_09_16.npy,8,9,16,validation
176,/home/test/bupt_hjk/sdp_dataset/xrf55/wifi/01_09_17.npy,8,9,17,test
177,/home/test/bupt_hjk/sdp_dataset/xrf55/wifi/01_09_18.npy,8,9,18,test
178,/home/test/bupt_hjk/sdp_dataset/xrf55/wifi/01_09_19.npy,8,9,19,test
179,/home/test/bupt_hjk/sdp_dataset/xrf55/wifi/01_09_20.npy,8,9,20,test
180,/home/test/bupt_hjk/sdp_dataset/xrf55/wifi/01_10_01.npy,9,10,1,train
181,/home/test/bupt_hjk/sdp_dataset/xrf55/wifi/01_10_02.npy,9,10,2,train
182,/home/test/bupt_hjk/sdp_dataset/xrf55/wifi/01_10_03.npy,9,10,3,train
183,/home/test/bupt_hjk/sdp_dataset/xrf55/wifi/01_10_04.npy,9,10,4,train
184,/home/test/bupt_hjk/sdp_dataset/xrf55/wifi/01_10_05.npy,9,10,5,train
185,/home/test/bupt_hjk/sdp_dataset/xrf55/wifi/01_10_06.npy,9,10,6,train
186,/home/test/bupt_hjk/sdp_dataset/xrf55/wifi/01_10_07.npy,9,10,7,train
187,/home/test/bupt_hjk/sdp_dataset/xrf55/wifi/01_10_08.npy,9,10,8,train
188,/home/test/bupt_hjk/sdp_dataset/xrf55/wifi/01_10_09.npy,9,10,9,train
189,/home/test/bupt_hjk/sdp_dataset/xrf55/wifi/01_10_10.npy,9,10,10,train
190,/home/test/bupt_hjk/sdp_dataset/xrf55/wifi/01_10_11.npy,9,10,11,train
191,/home/test/bupt_hjk/sdp_dataset/xrf55/wifi/01_10_12.npy,9,10,12,train
192,/home/test/bupt_hjk/sdp_dataset/xrf55/wifi/01_10_13.npy,9,10,13,validation
193,/home/test/bupt_hjk/sdp_dataset/xrf55/wifi/01_10_14.npy,9,10,14,validation
194,/home/test/bupt_hjk/sdp_dataset/xrf55/wifi/01_10_15.npy,9,10,15,validation
195,/home/test/bupt_hjk/sdp_dataset/xrf55/wifi/01_10_16.npy,9,10,16,validation
196,/home/test/bupt_hjk/sdp_dataset/xrf55/wifi/01_10_17.npy,9,10,17,test
197,/home/test/bupt_hjk/sdp_dataset/xrf55/wifi/01_10_18.npy,9,10,18,test
198,/home/test/bupt_hjk/sdp_dataset/xrf55/wifi/01_10_19.npy,9,10,19,test
199,/home/test/bupt_hjk/sdp_dataset/xrf55/wifi/01_10_20.npy,9,10,20,test
200,/home/test/bupt_hjk/sdp_dataset/xrf55/wifi/01_11_01.npy,10,11,1,train
201,/home/test/bupt_hjk/sdp_dataset/xrf55/wifi/01_11_02.npy,10,11,2,train
202,/home/test/bupt_hjk/sdp_dataset/xrf55/wifi/01_11_03.npy,10,11,3,train
203,/home/test/bupt_hjk/sdp_dataset/xrf55/wifi/01_11_04.npy,10,11,4,train
204,/home/test/bupt_hjk/sdp_dataset/xrf55/wifi/01_11_05.npy,10,11,5,train
205,/home/test/bupt_hjk/sdp_dataset/xrf55/wifi/01_11_06.npy,10,11,6,train
206,/home/test/bupt_hjk/sdp_dataset/xrf55/wifi/01_11_07.npy,10,11,7,train
207,/home/test/bupt_hjk/sdp_dataset/xrf55/wifi/01_11_08.npy,10,11,8,train
208,/home/test/bupt_hjk/sdp_dataset/xrf55/wifi/01_11_09.npy,10,11,9,train
209,/home/test/bupt_hjk/sdp_dataset/xrf55/wifi/01_11_10.npy,10,11,10,train
210,/home/test/bupt_hjk/sdp_dataset/xrf55/wifi/01_11_11.npy,10,11,11,train
211,/home/test/bupt_hjk/sdp_dataset/xrf55/wifi/01_11_12.npy,10,11,12,train
212,/home/test/bupt_hjk/sdp_dataset/xrf55/wifi/01_11_13.npy,10,11,13,validation
213,/home/test/bupt_hjk/sdp_dataset/xrf55/wifi/01_11_14.npy,10,11,14,validation
214,/home/test/bupt_hjk/sdp_dataset/xrf55/wifi/01_11_15.npy,10,11,15,validation
215,/home/test/bupt_hjk/sdp_dataset/xrf55/wifi/01_11_16.npy,10,11,16,validation
216,/home/test/bupt_hjk/sdp_dataset/xrf55/wifi/01_11_17.npy,10,11,17,test
217,/home/test/bupt_hjk/sdp_dataset/xrf55/wifi/01_11_18.npy,10,11,18,test
218,/home/test/bupt_hjk/sdp_dataset/xrf55/wifi/01_11_19.npy,10,11,19,test
219,/home/test/bupt_hjk/sdp_dataset/xrf55/wifi/01_11_20.npy,10,11,20,test
220,/home/test/bupt_hjk/sdp_dataset/xrf55/wifi/01_12_01.npy,11,12,1,train
221,/home/test/bupt_hjk/sdp_dataset/xrf55/wifi/01_12_02.npy,11,12,2,train
222,/home/test/bupt_hjk/sdp_dataset/xrf55/wifi/01_12_03.npy,11,12,3,train
223,/home/test/bupt_hjk/sdp_dataset/xrf55/wifi/01_12_04.npy,11,12,4,train
224,/home/test/bupt_hjk/sdp_dataset/xrf55/wifi/01_12_05.npy,11,12,5,train
225,/home/test/bupt_hjk/sdp_dataset/xrf55/wifi/01_12_06.npy,11,12,6,train
226,/home/test/bupt_hjk/sdp_dataset/xrf55/wifi/01_12_07.npy,11,12,7,train
227,/home/test/bupt_hjk/sdp_dataset/xrf55/wifi/01_12_08.npy,11,12,8,train
228,/home/test/bupt_hjk/sdp_dataset/xrf55/wifi/01_12_09.npy,11,12,9,train
229,/home/test/bupt_hjk/sdp_dataset/xrf55/wifi/01_12_10.npy,11,12,10,train
230,/home/test/bupt_hjk/sdp_dataset/xrf55/wifi/01_12_11.npy,11,12,11,train
231,/home/test/bupt_hjk/sdp_dataset/xrf55/wifi/01_12_12.npy,11,12,12,train
232,/home/test/bupt_hjk/sdp_dataset/xrf55/wifi/01_12_13.npy,11,12,13,validation
233,/home/test/bupt_hjk/sdp_dataset/xrf55/wifi/01_12_14.npy,11,12,14,validation
234,/home/test/bupt_hjk/sdp_dataset/xrf55/wifi/01_12_15.npy,11,12,15,validation
235,/home/test/bupt_hjk/sdp_dataset/xrf55/wifi/01_12_16.npy,11,12,16,validation
236,/home/test/bupt_hjk/sdp_dataset/xrf55/wifi/01_12_17.npy,11,12,17,test
237,/home/test/bupt_hjk/sdp_dataset/xrf55/wifi/01_12_18.npy,11,12,18,test
238,/home/test/bupt_hjk/sdp_dataset/xrf55/wifi/01_12_19.npy,11,12,19,test
239,/home/test/bupt_hjk/sdp_dataset/xrf55/wifi/01_12_20.npy,11,12,20,test
240,/home/test/bupt_hjk/sdp_dataset/xrf55/wifi/01_13_01.npy,12,13,1,train
241,/home/test/bupt_hjk/sdp_dataset/xrf55/wifi/01_13_02.npy,12,13,2,train
242,/home/test/bupt_hjk/sdp_dataset/xrf55/wifi/01_13_03.npy,12,13,3,train
243,/home/test/bupt_hjk/sdp_dataset/xrf55/wifi/01_13_04.npy,12,13,4,train
244,/home/test/bupt_hjk/sdp_dataset/xrf55/wifi/01_13_05.npy,12,13,5,train
245,/home/test/bupt_hjk/sdp_dataset/xrf55/wifi/01_13_06.npy,12,13,6,train
246,/home/test/bupt_hjk/sdp_dataset/xrf55/wifi/01_13_07.npy,12,13,7,train
247,/home/test/bupt_hjk/sdp_dataset/xrf55/wifi/01_13_08.npy,12,13,8,train
248,/home/test/bupt_hjk/sdp_dataset/xrf55/wifi/01_13_09.npy,12,13,9,train
249,/home/test/bupt_hjk/sdp_dataset/xrf55/wifi/01_13_10.npy,12,13,10,train
250,/home/test/bupt_hjk/sdp_dataset/xrf55/wifi/01_13_11.npy,12,13,11,train
251,/home/test/bupt_hjk/sdp_dataset/xrf55/wifi/01_13_12.npy,12,13,12,train
252,/home/test/bupt_hjk/sdp_dataset/xrf55/wifi/01_13_13.npy,12,13,13,validation
253,/home/test/bupt_hjk/sdp_dataset/xrf55/wifi/01_13_14.npy,12,13,14,validation
254,/home/test/bupt_hjk/sdp_dataset/xrf55/wifi/01_13_15.npy,12,13,15,validation
255,/home/test/bupt_hjk/sdp_dataset/xrf55/wifi/01_13_16.npy,12,13,16,validation
256,/home/test/bupt_hjk/sdp_dataset/xrf55/wifi/01_13_17.npy,12,13,17,test
257,/home/test/bupt_hjk/sdp_dataset/xrf55/wifi/01_13_18.npy,12,13,18,test
258,/home/test/bupt_hjk/sdp_dataset/xrf55/wifi/01_13_19.npy,12,13,19,test
259,/home/test/bupt_hjk/sdp_dataset/xrf55/wifi/01_13_20.npy,12,13,20,test
260,/home/test/bupt_hjk/sdp_dataset/xrf55/wifi/01_14_01.npy,13,14,1,train
261,/home/test/bupt_hjk/sdp_dataset/xrf55/wifi/01_14_02.npy,13,14,2,train
262,/home/test/bupt_hjk/sdp_dataset/xrf55/wifi/01_14_03.npy,13,14,3,train
263,/home/test/bupt_hjk/sdp_dataset/xrf55/wifi/01_14_04.npy,13,14,4,train
264,/home/test/bupt_hjk/sdp_dataset/xrf55/wifi/01_14_05.npy,13,14,5,train
265,/home/test/bupt_hjk/sdp_dataset/xrf55/wifi/01_14_06.npy,13,14,6,train
266,/home/test/bupt_hjk/sdp_dataset/xrf55/wifi/01_14_07.npy,13,14,7,train
267,/home/test/bupt_hjk/sdp_dataset/xrf55/wifi/01_14_08.npy,13,14,8,train
268,/home/test/bupt_hjk/sdp_dataset/xrf55/wifi/01_14_09.npy,13,14,9,train
269,/home/test/bupt_hjk/sdp_dataset/xrf55/wifi/01_14_10.npy,13,14,10,train
270,/home/test/bupt_hjk/sdp_dataset/xrf55/wifi/01_14_11.npy,13,14,11,train
271,/home/test/bupt_hjk/sdp_dataset/xrf55/wifi/01_14_12.npy,13,14,12,train
272,/home/test/bupt_hjk/sdp_dataset/xrf55/wifi/01_14_13.npy,13,14,13,validation
273,/home/test/bupt_hjk/sdp_dataset/xrf55/wifi/01_14_14.npy,13,14,14,validation
274,/home/test/bupt_hjk/sdp_dataset/xrf55/wifi/01_14_15.npy,13,14,15,validation
275,/home/test/bupt_hjk/sdp_dataset/xrf55/wifi/01_14_16.npy,13,14,16,validation
276,/home/test/bupt_hjk/sdp_dataset/xrf55/wifi/01_14_17.npy,13,14,17,test
277,/home/test/bupt_hjk/sdp_dataset/xrf55/wifi/01_14_18.npy,13,14,18,test
278,/home/test/bupt_hjk/sdp_dataset/xrf55/wifi/01_14_19.npy,13,14,19,test
279,/home/test/bupt_hjk/sdp_dataset/xrf55/wifi/01_14_20.npy,13,14,20,test
280,/home/test/bupt_hjk/sdp_dataset/xrf55/wifi/01_15_01.npy,14,15,1,train
281,/home/test/bupt_hjk/sdp_dataset/xrf55/wifi/01_15_02.npy,14,15,2,train
282,/home/test/bupt_hjk/sdp_dataset/xrf55/wifi/01_15_03.npy,14,15,3,train
283,/home/test/bupt_hjk/sdp_dataset/xrf55/wifi/01_15_04.npy,14,15,4,train
284,/home/test/bupt_hjk/sdp_dataset/xrf55/wifi/01_15_05.npy,14,15,5,train
285,/home/test/bupt_hjk/sdp_dataset/xrf55/wifi/01_15_06.npy,14,15,6,train
286,/home/test/bupt_hjk/sdp_dataset/xrf55/wifi/01_15_07.npy,14,15,7,train
287,/home/test/bupt_hjk/sdp_dataset/xrf55/wifi/01_15_08.npy,14,15,8,train
288,/home/test/bupt_hjk/sdp_dataset/xrf55/wifi/01_15_09.npy,14,15,9,train
289,/home/test/bupt_hjk/sdp_dataset/xrf55/wifi/01_15_10.npy,14,15,10,train
290,/home/test/bupt_hjk/sdp_dataset/xrf55/wifi/01_15_11.npy,14,15,11,train
291,/home/test/bupt_hjk/sdp_dataset/xrf55/wifi/01_15_12.npy,14,15,12,train
292,/home/test/bupt_hjk/sdp_dataset/xrf55/wifi/01_15_13.npy,14,15,13,validation
293,/home/test/bupt_hjk/sdp_dataset/xrf55/wifi/01_15_14.npy,14,15,14,validation
294,/home/test/bupt_hjk/sdp_dataset/xrf55/wifi/01_15_15.npy,14,15,15,validation
295,/home/test/bupt_hjk/sdp_dataset/xrf55/wifi/01_15_16.npy,14,15,16,validation
296,/home/test/bupt_hjk/sdp_dataset/xrf55/wifi/01_15_17.npy,14,15,17,test
297,/home/test/bupt_hjk/sdp_dataset/xrf55/wifi/01_15_18.npy,14,15,18,test
298,/home/test/bupt_hjk/sdp_dataset/xrf55/wifi/01_15_19.npy,14,15,19,test
299,/home/test/bupt_hjk/sdp_dataset/xrf55/wifi/01_15_20.npy,14,15,20,test
300,/home/test/bupt_hjk/sdp_dataset/xrf55/wifi/01_16_01.npy,15,16,1,train
301,/home/test/bupt_hjk/sdp_dataset/xrf55/wifi/01_16_02.npy,15,16,2,train
302,/home/test/bupt_hjk/sdp_dataset/xrf55/wifi/01_16_03.npy,15,16,3,train
303,/home/test/bupt_hjk/sdp_dataset/xrf55/wifi/01_16_04.npy,15,16,4,train
304,/home/test/bupt_hjk/sdp_dataset/xrf55/wifi/01_16_05.npy,15,16,5,train
305,/home/test/bupt_hjk/sdp_dataset/xrf55/wifi/01_16_06.npy,15,16,6,train
306,/home/test/bupt_hjk/sdp_dataset/xrf55/wifi/01_16_07.npy,15,16,7,train
307,/home/test/bupt_hjk/sdp_dataset/xrf55/wifi/01_16_08.npy,15,16,8,train
308,/home/test/bupt_hjk/sdp_dataset/xrf55/wifi/01_16_09.npy,15,16,9,train
309,/home/test/bupt_hjk/sdp_dataset/xrf55/wifi/01_16_10.npy,15,16,10,train
310,/home/test/bupt_hjk/sdp_dataset/xrf55/wifi/01_16_11.npy,15,16,11,train
311,/home/test/bupt_hjk/sdp_dataset/xrf55/wifi/01_16_12.npy,15,16,12,train
312,/home/test/bupt_hjk/sdp_dataset/xrf55/wifi/01_16_13.npy,15,16,13,validation
313,/home/test/bupt_hjk/sdp_dataset/xrf55/wifi/01_16_14.npy,15,16,14,validation
314,/home/test/bupt_hjk/sdp_dataset/xrf55/wifi/01_16_15.npy,15,16,15,validation
315,/home/test/bupt_hjk/sdp_dataset/xrf55/wifi/01_16_16.npy,15,16,16,validation
316,/home/test/bupt_hjk/sdp_dataset/xrf55/wifi/01_16_17.npy,15,16,17,test
317,/home/test/bupt_hjk/sdp_dataset/xrf55/wifi/01_16_18.npy,15,16,18,test
318,/home/test/bupt_hjk/sdp_dataset/xrf55/wifi/01_16_19.npy,15,16,19,test
319,/home/test/bupt_hjk/sdp_dataset/xrf55/wifi/01_16_20.npy,15,16,20,test
320,/home/test/bupt_hjk/sdp_dataset/xrf55/wifi/01_17_01.npy,16,17,1,train
321,/home/test/bupt_hjk/sdp_dataset/xrf55/wifi/01_17_02.npy,16,17,2,train
322,/home/test/bupt_hjk/sdp_dataset/xrf55/wifi/01_17_03.npy,16,17,3,train
323,/home/test/bupt_hjk/sdp_dataset/xrf55/wifi/01_17_04.npy,16,17,4,train
324,/home/test/bupt_hjk/sdp_dataset/xrf55/wifi/01_17_05.npy,16,17,5,train
325,/home/test/bupt_hjk/sdp_dataset/xrf55/wifi/01_17_06.npy,16,17,6,train
326,/home/test/bupt_hjk/sdp_dataset/xrf55/wifi/01_17_07.npy,16,17,7,train
327,/home/test/bupt_hjk/sdp_dataset/xrf55/wifi/01_17_08.npy,16,17,8,train
328,/home/test/bupt_hjk/sdp_dataset/xrf55/wifi/01_17_09.npy,16,17,9,train
329,/home/test/bupt_hjk/sdp_dataset/xrf55/wifi/01_17_10.npy,16,17,10,train
330,/home/test/bupt_hjk/sdp_dataset/xrf55/wifi/01_17_11.npy,16,17,11,train
331,/home/test/bupt_hjk/sdp_dataset/xrf55/wifi/01_17_12.npy,16,17,12,train
332,/home/test/bupt_hjk/sdp_dataset/xrf55/wifi/01_17_13.npy,16,17,13,validation
333,/home/test/bupt_hjk/sdp_dataset/xrf55/wifi/01_17_14.npy,16,17,14,validation
334,/home/test/bupt_hjk/sdp_dataset/xrf55/wifi/01_17_15.npy,16,17,15,validation
335,/home/test/bupt_hjk/sdp_dataset/xrf55/wifi/01_17_16.npy,16,17,16,validation
336,/home/test/bupt_hjk/sdp_dataset/xrf55/wifi/01_17_17.npy,16,17,17,test
337,/home/test/bupt_hjk/sdp_dataset/xrf55/wifi/01_17_18.npy,16,17,18,test
338,/home/test/bupt_hjk/sdp_dataset/xrf55/wifi/01_17_19.npy,16,17,19,test
339,/home/test/bupt_hjk/sdp_dataset/xrf55/wifi/01_17_20.npy,16,17,20,test
340,/home/test/bupt_hjk/sdp_dataset/xrf55/wifi/01_18_01.npy,17,18,1,train
341,/home/test/bupt_hjk/sdp_dataset/xrf55/wifi/01_18_02.npy,17,18,2,train
342,/home/test/bupt_hjk/sdp_dataset/xrf55/wifi/01_18_03.npy,17,18,3,train
343,/home/test/bupt_hjk/sdp_dataset/xrf55/wifi/01_18_04.npy,17,18,4,train
344,/home/test/bupt_hjk/sdp_dataset/xrf55/wifi/01_18_05.npy,17,18,5,train
345,/home/test/bupt_hjk/sdp_dataset/xrf55/wifi/01_18_06.npy,17,18,6,train
346,/home/test/bupt_hjk/sdp_dataset/xrf55/wifi/01_18_07.npy,17,18,7,train
347,/home/test/bupt_hjk/sdp_dataset/xrf55/wifi/01_18_08.npy,17,18,8,train
348,/home/test/bupt_hjk/sdp_dataset/xrf55/wifi/01_18_09.npy,17,18,9,train
349,/home/test/bupt_hjk/sdp_dataset/xrf55/wifi/01_18_10.npy,17,18,10,train
350,/home/test/bupt_hjk/sdp_dataset/xrf55/wifi/01_18_11.npy,17,18,11,train
351,/home/test/bupt_hjk/sdp_dataset/xrf55/wifi/01_18_12.npy,17,18,12,train
352,/home/test/bupt_hjk/sdp_dataset/xrf55/wifi/01_18_13.npy,17,18,13,validation
353,/home/test/bupt_hjk/sdp_dataset/xrf55/wifi/01_18_14.npy,17,18,14,validation
354,/home/test/bupt_hjk/sdp_dataset/xrf55/wifi/01_18_15.npy,17,18,15,validation
355,/home/test/bupt_hjk/sdp_dataset/xrf55/wifi/01_18_16.npy,17,18,16,validation
356,/home/test/bupt_hjk/sdp_dataset/xrf55/wifi/01_18_17.npy,17,18,17,test
357,/home/test/bupt_hjk/sdp_dataset/xrf55/wifi/01_18_18.npy,17,18,18,test
358,/home/test/bupt_hjk/sdp_dataset/xrf55/wifi/01_18_19.npy,17,18,19,test
359,/home/test/bupt_hjk/sdp_dataset/xrf55/wifi/01_18_20.npy,17,18,20,test
360,/home/test/bupt_hjk/sdp_dataset/xrf55/wifi/01_19_01.npy,18,19,1,train
361,/home/test/bupt_hjk/sdp_dataset/xrf55/wifi/01_19_02.npy,18,19,2,train
362,/home/test/bupt_hjk/sdp_dataset/xrf55/wifi/01_19_03.npy,18,19,3,train
363,/home/test/bupt_hjk/sdp_dataset/xrf55/wifi/01_19_04.npy,18,19,4,train
364,/home/test/bupt_hjk/sdp_dataset/xrf55/wifi/01_19_05.npy,18,19,5,train
365,/home/test/bupt_hjk/sdp_dataset/xrf55/wifi/01_19_06.npy,18,19,6,train
366,/home/test/bupt_hjk/sdp_dataset/xrf55/wifi/01_19_07.npy,18,19,7,train
367,/home/test/bupt_hjk/sdp_dataset/xrf55/wifi/01_19_08.npy,18,19,8,train
368,/home/test/bupt_hjk/sdp_dataset/xrf55/wifi/01_19_09.npy,18,19,9,train
369,/home/test/bupt_hjk/sdp_dataset/xrf55/wifi/01_19_10.npy,18,19,10,train
370,/home/test/bupt_hjk/sdp_dataset/xrf55/wifi/01_19_11.npy,18,19,11,train
371,/home/test/bupt_hjk/sdp_dataset/xrf55/wifi/01_19_12.npy,18,19,12,train
372,/home/test/bupt_hjk/sdp_dataset/xrf55/wifi/01_19_13.npy,18,19,13,validation
373,/home/test/bupt_hjk/sdp_dataset/xrf55/wifi/01_19_14.npy,18,19,14,validation
374,/home/test/bupt_hjk/sdp_dataset/xrf55/wifi/01_19_15.npy,18,19,15,validation
375,/home/test/bupt_hjk/sdp_dataset/xrf55/wifi/01_19_16.npy,18,19,16,validation
376,/home/test/bupt_hjk/sdp_dataset/xrf55/wifi/01_19_17.npy,18,19,17,test
377,/home/test/bupt_hjk/sdp_dataset/xrf55/wifi/01_19_18.npy,18,19,18,test
378,/home/test/bupt_hjk/sdp_dataset/xrf55/wifi/01_19_19.npy,18,19,19,test
379,/home/test/bupt_hjk/sdp_dataset/xrf55/wifi/01_19_20.npy,18,19,20,test
380,/home/test/bupt_hjk/sdp_dataset/xrf55/wifi/01_20_01.npy,19,20,1,train
381,/home/test/bupt_hjk/sdp_dataset/xrf55/wifi/01_20_02.npy,19,20,2,train
382,/home/test/bupt_hjk/sdp_dataset/xrf55/wifi/01_20_03.npy,19,20,3,train
383,/home/test/bupt_hjk/sdp_dataset/xrf55/wifi/01_20_04.npy,19,20,4,train
384,/home/test/bupt_hjk/sdp_dataset/xrf55/wifi/01_20_05.npy,19,20,5,train
385,/home/test/bupt_hjk/sdp_dataset/xrf55/wifi/01_20_06.npy,19,20,6,train
386,/home/test/bupt_hjk/sdp_dataset/xrf55/wifi/01_20_07.npy,19,20,7,train
387,/home/test/bupt_hjk/sdp_dataset/xrf55/wifi/01_20_08.npy,19,20,8,train
388,/home/test/bupt_hjk/sdp_dataset/xrf55/wifi/01_20_09.npy,19,20,9,train
389,/home/test/bupt_hjk/sdp_dataset/xrf55/wifi/01_20_10.npy,19,20,10,train
390,/home/test/bupt_hjk/sdp_dataset/xrf55/wifi/01_20_11.npy,19,20,11,train
391,/home/test/bupt_hjk/sdp_dataset/xrf55/wifi/01_20_12.npy,19,20,12,train
392,/home/test/bupt_hjk/sdp_dataset/xrf55/wifi/01_20_13.npy,19,20,13,validation
393,/home/test/bupt_hjk/sdp_dataset/xrf55/wifi/01_20_14.npy,19,20,14,validation
394,/home/test/bupt_hjk/sdp_dataset/xrf55/wifi/01_20_15.npy,19,20,15,validation
395,/home/test/bupt_hjk/sdp_dataset/xrf55/wifi/01_20_16.npy,19,20,16,validation
396,/home/test/bupt_hjk/sdp_dataset/xrf55/wifi/01_20_17.npy,19,20,17,test
397,/home/test/bupt_hjk/sdp_dataset/xrf55/wifi/01_20_18.npy,19,20,18,test
398,/home/test/bupt_hjk/sdp_dataset/xrf55/wifi/01_20_19.npy,19,20,19,test
399,/home/test/bupt_hjk/sdp_dataset/xrf55/wifi/01_20_20.npy,19,20,20,test
400,/home/test/bupt_hjk/sdp_dataset/xrf55/wifi/01_21_01.npy,20,21,1,train
401,/home/test/bupt_hjk/sdp_dataset/xrf55/wifi/01_21_02.npy,20,21,2,train
402,/home/test/bupt_hjk/sdp_dataset/xrf55/wifi/01_21_03.npy,20,21,3,train
403,/home/test/bupt_hjk/sdp_dataset/xrf55/wifi/01_21_04.npy,20,21,4,train
404,/home/test/bupt_hjk/sdp_dataset/xrf55/wifi/01_21_05.npy,20,21,5,train
405,/home/test/bupt_hjk/sdp_dataset/xrf55/wifi/01_21_06.npy,20,21,6,train
406,/home/test/bupt_hjk/sdp_dataset/xrf55/wifi/01_21_07.npy,20,21,7,train
407,/home/test/bupt_hjk/sdp_dataset/xrf55/wifi/01_21_08.npy,20,21,8,train
408,/home/test/bupt_hjk/sdp_dataset/xrf55/wifi/01_21_09.npy,20,21,9,train
409,/home/test/bupt_hjk/sdp_dataset/xrf55/wifi/01_21_10.npy,20,21,10,train
410,/home/test/bupt_hjk/sdp_dataset/xrf55/wifi/01_21_11.npy,20,21,11,train
411,/home/test/bupt_hjk/sdp_dataset/xrf55/wifi/01_21_12.npy,20,21,12,train
412,/home/test/bupt_hjk/sdp_dataset/xrf55/wifi/01_21_13.npy,20,21,13,validation
413,/home/test/bupt_hjk/sdp_dataset/xrf55/wifi/01_21_14.npy,20,21,14,validation
414,/home/test/bupt_hjk/sdp_dataset/xrf55/wifi/01_21_15.npy,20,21,15,validation
415,/home/test/bupt_hjk/sdp_dataset/xrf55/wifi/01_21_16.npy,20,21,16,validation
416,/home/test/bupt_hjk/sdp_dataset/xrf55/wifi/01_21_17.npy,20,21,17,test
417,/home/test/bupt_hjk/sdp_dataset/xrf55/wifi/01_21_18.npy,20,21,18,test
418,/home/test/bupt_hjk/sdp_dataset/xrf55/wifi/01_21_19.npy,20,21,19,test
419,/home/test/bupt_hjk/sdp_dataset/xrf55/wifi/01_21_20.npy,20,21,20,test
420,/home/test/bupt_hjk/sdp_dataset/xrf55/wifi/01_22_01.npy,21,22,1,train
421,/home/test/bupt_hjk/sdp_dataset/xrf55/wifi/01_22_02.npy,21,22,2,train
422,/home/test/bupt_hjk/sdp_dataset/xrf55/wifi/01_22_03.npy,21,22,3,train
423,/home/test/bupt_hjk/sdp_dataset/xrf55/wifi/01_22_04.npy,21,22,4,train
424,/home/test/bupt_hjk/sdp_dataset/xrf55/wifi/01_22_05.npy,21,22,5,train
425,/home/test/bupt_hjk/sdp_dataset/xrf55/wifi/01_22_06.npy,21,22,6,train
426,/home/test/bupt_hjk/sdp_dataset/xrf55/wifi/01_22_07.npy,21,22,7,train
427,/home/test/bupt_hjk/sdp_dataset/xrf55/wifi/01_22_08.npy,21,22,8,train
428,/home/test/bupt_hjk/sdp_dataset/xrf55/wifi/01_22_09.npy,21,22,9,train
429,/home/test/bupt_hjk/sdp_dataset/xrf55/wifi/01_22_10.npy,21,22,10,train
430,/home/test/bupt_hjk/sdp_dataset/xrf55/wifi/01_22_11.npy,21,22,11,train
431,/home/test/bupt_hjk/sdp_dataset/xrf55/wifi/01_22_12.npy,21,22,12,train
432,/home/test/bupt_hjk/sdp_dataset/xrf55/wifi/01_22_13.npy,21,22,13,validation
433,/home/test/bupt_hjk/sdp_dataset/xrf55/wifi/01_22_14.npy,21,22,14,validation
434,/home/test/bupt_hjk/sdp_dataset/xrf55/wifi/01_22_15.npy,21,22,15,validation
435,/home/test/bupt_hjk/sdp_dataset/xrf55/wifi/01_22_16.npy,21,22,16,validation
436,/home/test/bupt_hjk/sdp_dataset/xrf55/wifi/01_22_17.npy,21,22,17,test
437,/home/test/bupt_hjk/sdp_dataset/xrf55/wifi/01_22_18.npy,21,22,18,test
438,/home/test/bupt_hjk/sdp_dataset/xrf55/wifi/01_22_19.npy,21,22,19,test
439,/home/test/bupt_hjk/sdp_dataset/xrf55/wifi/01_22_20.npy,21,22,20,test
440,/home/test/bupt_hjk/sdp_dataset/xrf55/wifi/01_23_01.npy,22,23,1,train
441,/home/test/bupt_hjk/sdp_dataset/xrf55/wifi/01_23_02.npy,22,23,2,train
442,/home/test/bupt_hjk/sdp_dataset/xrf55/wifi/01_23_03.npy,22,23,3,train
443,/home/test/bupt_hjk/sdp_dataset/xrf55/wifi/01_23_04.npy,22,23,4,train
444,/home/test/bupt_hjk/sdp_dataset/xrf55/wifi/01_23_05.npy,22,23,5,train
445,/home/test/bupt_hjk/sdp_dataset/xrf55/wifi/01_23_06.npy,22,23,6,train
446,/home/test/bupt_hjk/sdp_dataset/xrf55/wifi/01_23_07.npy,22,23,7,train
447,/home/test/bupt_hjk/sdp_dataset/xrf55/wifi/01_23_08.npy,22,23,8,train
448,/home/test/bupt_hjk/sdp_dataset/xrf55/wifi/01_23_09.npy,22,23,9,train
449,/home/test/bupt_hjk/sdp_dataset/xrf55/wifi/01_23_10.npy,22,23,10,train
450,/home/test/bupt_hjk/sdp_dataset/xrf55/wifi/01_23_11.npy,22,23,11,train
451,/home/test/bupt_hjk/sdp_dataset/xrf55/wifi/01_23_12.npy,22,23,12,train
452,/home/test/bupt_hjk/sdp_dataset/xrf55/wifi/01_23_13.npy,22,23,13,validation
453,/home/test/bupt_hjk/sdp_dataset/xrf55/wifi/01_23_14.npy,22,23,14,validation
454,/home/test/bupt_hjk/sdp_dataset/xrf55/wifi/01_23_15.npy,22,23,15,validation
455,/home/test/bupt_hjk/sdp_dataset/xrf55/wifi/01_23_16.npy,22,23,16,validation
456,/home/test/bupt_hjk/sdp_dataset/xrf55/wifi/01_23_17.npy,22,23,17,test
457,/home/test/bupt_hjk/sdp_dataset/xrf55/wifi/01_23_18.npy,22,23,18,test
458,/home/test/bupt_hjk/sdp_dataset/xrf55/wifi/01_23_19.npy,22,23,19,test
459,/home/test/bupt_hjk/sdp_dataset/xrf55/wifi/01_23_20.npy,22,23,20,test
460,/home/test/bupt_hjk/sdp_dataset/xrf55/wifi/01_24_01.npy,23,24,1,train
461,/home/test/bupt_hjk/sdp_dataset/xrf55/wifi/01_24_02.npy,23,24,2,train
462,/home/test/bupt_hjk/sdp_dataset/xrf55/wifi/01_24_03.npy,23,24,3,train
463,/home/test/bupt_hjk/sdp_dataset/xrf55/wifi/01_24_04.npy,23,24,4,train
464,/home/test/bupt_hjk/sdp_dataset/xrf55/wifi/01_24_05.npy,23,24,5,train
465,/home/test/bupt_hjk/sdp_dataset/xrf55/wifi/01_24_06.npy,23,24,6,train
466,/home/test/bupt_hjk/sdp_dataset/xrf55/wifi/01_24_07.npy,23,24,7,train
467,/home/test/bupt_hjk/sdp_dataset/xrf55/wifi/01_24_08.npy,23,24,8,train
468,/home/test/bupt_hjk/sdp_dataset/xrf55/wifi/01_24_09.npy,23,24,9,train
469,/home/test/bupt_hjk/sdp_dataset/xrf55/wifi/01_24_10.npy,23,24,10,train
470,/home/test/bupt_hjk/sdp_dataset/xrf55/wifi/01_24_11.npy,23,24,11,train
471,/home/test/bupt_hjk/sdp_dataset/xrf55/wifi/01_24_12.npy,23,24,12,train
472,/home/test/bupt_hjk/sdp_dataset/xrf55/wifi/01_24_13.npy,23,24,13,validation
473,/home/test/bupt_hjk/sdp_dataset/xrf55/wifi/01_24_14.npy,23,24,14,validation
474,/home/test/bupt_hjk/sdp_dataset/xrf55/wifi/01_24_15.npy,23,24,15,validation
475,/home/test/bupt_hjk/sdp_dataset/xrf55/wifi/01_24_16.npy,23,24,16,validation
476,/home/test/bupt_hjk/sdp_dataset/xrf55/wifi/01_24_17.npy,23,24,17,test
477,/home/test/bupt_hjk/sdp_dataset/xrf55/wifi/01_24_18.npy,23,24,18,test
478,/home/test/bupt_hjk/sdp_dataset/xrf55/wifi/01_24_19.npy,23,24,19,test
479,/home/test/bupt_hjk/sdp_dataset/xrf55/wifi/01_24_20.npy,23,24,20,test
480,/home/test/bupt_hjk/sdp_dataset/xrf55/wifi/01_25_01.npy,24,25,1,train
481,/home/test/bupt_hjk/sdp_dataset/xrf55/wifi/01_25_02.npy,24,25,2,train
482,/home/test/bupt_hjk/sdp_dataset/xrf55/wifi/01_25_03.npy,24,25,3,train
483,/home/test/bupt_hjk/sdp_dataset/xrf55/wifi/01_25_04.npy,24,25,4,train
484,/home/test/bupt_hjk/sdp_dataset/xrf55/wifi/01_25_05.npy,24,25,5,train
485,/home/test/bupt_hjk/sdp_dataset/xrf55/wifi/01_25_06.npy,24,25,6,train
486,/home/test/bupt_hjk/sdp_dataset/xrf55/wifi/01_25_07.npy,24,25,7,train
487,/home/test/bupt_hjk/sdp_dataset/xrf55/wifi/01_25_08.npy,24,25,8,train
488,/home/test/bupt_hjk/sdp_dataset/xrf55/wifi/01_25_09.npy,24,25,9,train
489,/home/test/bupt_hjk/sdp_dataset/xrf55/wifi/01_25_10.npy,24,25,10,train
490,/home/test/bupt_hjk/sdp_dataset/xrf55/wifi/01_25_11.npy,24,25,11,train
491,/home/test/bupt_hjk/sdp_dataset/xrf55/wifi/01_25_12.npy,24,25,12,train
492,/home/test/bupt_hjk/sdp_dataset/xrf55/wifi/01_25_13.npy,24,25,13,validation
493,/home/test/bupt_hjk/sdp_dataset/xrf55/wifi/01_25_14.npy,24,25,14,validation
494,/home/test/bupt_hjk/sdp_dataset/xrf55/wifi/01_25_15.npy,24,25,15,validation
495,/home/test/bupt_hjk/sdp_dataset/xrf55/wifi/01_25_16.npy,24,25,16,validation
496,/home/test/bupt_hjk/sdp_dataset/xrf55/wifi/01_25_17.npy,24,25,17,test
497,/home/test/bupt_hjk/sdp_dataset/xrf55/wifi/01_25_18.npy,24,25,18,test
498,/home/test/bupt_hjk/sdp_dataset/xrf55/wifi/01_25_19.npy,24,25,19,test
499,/home/test/bupt_hjk/sdp_dataset/xrf55/wifi/01_25_20.npy,24,25,20,test
500,/home/test/bupt_hjk/sdp_dataset/xrf55/wifi/01_26_01.npy,25,26,1,train
501,/home/test/bupt_hjk/sdp_dataset/xrf55/wifi/01_26_02.npy,25,26,2,train
502,/home/test/bupt_hjk/sdp_dataset/xrf55/wifi/01_26_03.npy,25,26,3,train
503,/home/test/bupt_hjk/sdp_dataset/xrf55/wifi/01_26_04.npy,25,26,4,train
504,/home/test/bupt_hjk/sdp_dataset/xrf55/wifi/01_26_05.npy,25,26,5,train
505,/home/test/bupt_hjk/sdp_dataset/xrf55/wifi/01_26_06.npy,25,26,6,train
506,/home/test/bupt_hjk/sdp_dataset/xrf55/wifi/01_26_07.npy,25,26,7,train
507,/home/test/bupt_hjk/sdp_dataset/xrf55/wifi/01_26_08.npy,25,26,8,train
508,/home/test/bupt_hjk/sdp_dataset/xrf55/wifi/01_26_09.npy,25,26,9,train
509,/home/test/bupt_hjk/sdp_dataset/xrf55/wifi/01_26_10.npy,25,26,10,train
510,/home/test/bupt_hjk/sdp_dataset/xrf55/wifi/01_26_11.npy,25,26,11,train
511,/home/test/bupt_hjk/sdp_dataset/xrf55/wifi/01_26_12.npy,25,26,12,train
512,/home/test/bupt_hjk/sdp_dataset/xrf55/wifi/01_26_13.npy,25,26,13,validation
513,/home/test/bupt_hjk/sdp_dataset/xrf55/wifi/01_26_14.npy,25,26,14,validation
514,/home/test/bupt_hjk/sdp_dataset/xrf55/wifi/01_26_15.npy,25,26,15,validation
515,/home/test/bupt_hjk/sdp_dataset/xrf55/wifi/01_26_16.npy,25,26,16,validation
516,/home/test/bupt_hjk/sdp_dataset/xrf55/wifi/01_26_17.npy,25,26,17,test
517,/home/test/bupt_hjk/sdp_dataset/xrf55/wifi/01_26_18.npy,25,26,18,test
518,/home/test/bupt_hjk/sdp_dataset/xrf55/wifi/01_26_19.npy,25,26,19,test
519,/home/test/bupt_hjk/sdp_dataset/xrf55/wifi/01_26_20.npy,25,26,20,test
520,/home/test/bupt_hjk/sdp_dataset/xrf55/wifi/01_27_01.npy,26,27,1,train
521,/home/test/bupt_hjk/sdp_dataset/xrf55/wifi/01_27_02.npy,26,27,2,train
522,/home/test/bupt_hjk/sdp_dataset/xrf55/wifi/01_27_03.npy,26,27,3,train
523,/home/test/bupt_hjk/sdp_dataset/xrf55/wifi/01_27_04.npy,26,27,4,train
524,/home/test/bupt_hjk/sdp_dataset/xrf55/wifi/01_27_05.npy,26,27,5,train
525,/home/test/bupt_hjk/sdp_dataset/xrf55/wifi/01_27_06.npy,26,27,6,train
526,/home/test/bupt_hjk/sdp_dataset/xrf55/wifi/01_27_07.npy,26,27,7,train
527,/home/test/bupt_hjk/sdp_dataset/xrf55/wifi/01_27_08.npy,26,27,8,train
528,/home/test/bupt_hjk/sdp_dataset/xrf55/wifi/01_27_09.npy,26,27,9,train
529,/home/test/bupt_hjk/sdp_dataset/xrf55/wifi/01_27_10.npy,26,27,10,train
530,/home/test/bupt_hjk/sdp_dataset/xrf55/wifi/01_27_11.npy,26,27,11,train
531,/home/test/bupt_hjk/sdp_dataset/xrf55/wifi/01_27_12.npy,26,27,12,train
532,/home/test/bupt_hjk/sdp_dataset/xrf55/wifi/01_27_13.npy,26,27,13,validation
533,/home/test/bupt_hjk/sdp_dataset/xrf55/wifi/01_27_14.npy,26,27,14,validation
534,/home/test/bupt_hjk/sdp_dataset/xrf55/wifi/01_27_15.npy,26,27,15,validation
535,/home/test/bupt_hjk/sdp_dataset/xrf55/wifi/01_27_16.npy,26,27,16,validation
536,/home/test/bupt_hjk/sdp_dataset/xrf55/wifi/01_27_17.npy,26,27,17,test
537,/home/test/bupt_hjk/sdp_dataset/xrf55/wifi/01_27_18.npy,26,27,18,test
538,/home/test/bupt_hjk/sdp_dataset/xrf55/wifi/01_27_19.npy,26,27,19,test
539,/home/test/bupt_hjk/sdp_dataset/xrf55/wifi/01_27_20.npy,26,27,20,test
540,/home/test/bupt_hjk/sdp_dataset/xrf55/wifi/01_28_01.npy,27,28,1,train
541,/home/test/bupt_hjk/sdp_dataset/xrf55/wifi/01_28_02.npy,27,28,2,train
542,/home/test/bupt_hjk/sdp_dataset/xrf55/wifi/01_28_03.npy,27,28,3,train
543,/home/test/bupt_hjk/sdp_dataset/xrf55/wifi/01_28_04.npy,27,28,4,train
544,/home/test/bupt_hjk/sdp_dataset/xrf55/wifi/01_28_05.npy,27,28,5,train
545,/home/test/bupt_hjk/sdp_dataset/xrf55/wifi/01_28_06.npy,27,28,6,train
546,/home/test/bupt_hjk/sdp_dataset/xrf55/wifi/01_28_07.npy,27,28,7,train
547,/home/test/bupt_hjk/sdp_dataset/xrf55/wifi/01_28_08.npy,27,28,8,train
548,/home/test/bupt_hjk/sdp_dataset/xrf55/wifi/01_28_09.npy,27,28,9,train
549,/home/test/bupt_hjk/sdp_dataset/xrf55/wifi/01_28_10.npy,27,28,10,train
550,/home/test/bupt_hjk/sdp_dataset/xrf55/wifi/01_28_11.npy,27,28,11,train
551,/home/test/bupt_hjk/sdp_dataset/xrf55/wifi/01_28_12.npy,27,28,12,train
552,/home/test/bupt_hjk/sdp_dataset/xrf55/wifi/01_28_13.npy,27,28,13,validation
553,/home/test/bupt_hjk/sdp_dataset/xrf55/wifi/01_28_14.npy,27,28,14,validation
554,/home/test/bupt_hjk/sdp_dataset/xrf55/wifi/01_28_15.npy,27,28,15,validation
555,/home/test/bupt_hjk/sdp_dataset/xrf55/wifi/01_28_16.npy,27,28,16,validation
556,/home/test/bupt_hjk/sdp_dataset/xrf55/wifi/01_28_17.npy,27,28,17,test
557,/home/test/bupt_hjk/sdp_dataset/xrf55/wifi/01_28_18.npy,27,28,18,test
558,/home/test/bupt_hjk/sdp_dataset/xrf55/wifi/01_28_19.npy,27,28,19,test
559,/home/test/bupt_hjk/sdp_dataset/xrf55/wifi/01_28_20.npy,27,28,20,test
560,/home/test/bupt_hjk/sdp_dataset/xrf55/wifi/01_29_01.npy,28,29,1,train
561,/home/test/bupt_hjk/sdp_dataset/xrf55/wifi/01_29_02.npy,28,29,2,train
562,/home/test/bupt_hjk/sdp_dataset/xrf55/wifi/01_29_03.npy,28,29,3,train
563,/home/test/bupt_hjk/sdp_dataset/xrf55/wifi/01_29_04.npy,28,29,4,train
564,/home/test/bupt_hjk/sdp_dataset/xrf55/wifi/01_29_05.npy,28,29,5,train
565,/home/test/bupt_hjk/sdp_dataset/xrf55/wifi/01_29_06.npy,28,29,6,train
566,/home/test/bupt_hjk/sdp_dataset/xrf55/wifi/01_29_07.npy,28,29,7,train
567,/home/test/bupt_hjk/sdp_dataset/xrf55/wifi/01_29_08.npy,28,29,8,train
568,/home/test/bupt_hjk/sdp_dataset/xrf55/wifi/01_29_09.npy,28,29,9,train
569,/home/test/bupt_hjk/sdp_dataset/xrf55/wifi/01_29_10.npy,28,29,10,train
570,/home/test/bupt_hjk/sdp_dataset/xrf55/wifi/01_29_11.npy,28,29,11,train
571,/home/test/bupt_hjk/sdp_dataset/xrf55/wifi/01_29_12.npy,28,29,12,train
572,/home/test/bupt_hjk/sdp_dataset/xrf55/wifi/01_29_13.npy,28,29,13,validation
573,/home/test/bupt_hjk/sdp_dataset/xrf55/wifi/01_29_14.npy,28,29,14,validation
574,/home/test/bupt_hjk/sdp_dataset/xrf55/wifi/01_29_15.npy,28,29,15,validation
575,/home/test/bupt_hjk/sdp_dataset/xrf55/wifi/01_29_16.npy,28,29,16,validation
576,/home/test/bupt_hjk/sdp_dataset/xrf55/wifi/01_29_17.npy,28,29,17,test
577,/home/test/bupt_hjk/sdp_dataset/xrf55/wifi/01_29_18.npy,28,29,18,test
578,/home/test/bupt_hjk/sdp_dataset/xrf55/wifi/01_29_19.npy,28,29,19,test
579,/home/test/bupt_hjk/sdp_dataset/xrf55/wifi/01_29_20.npy,28,29,20,test
580,/home/test/bupt_hjk/sdp_dataset/xrf55/wifi/01_30_01.npy,29,30,1,train
581,/home/test/bupt_hjk/sdp_dataset/xrf55/wifi/01_30_02.npy,29,30,2,train
582,/home/test/bupt_hjk/sdp_dataset/xrf55/wifi/01_30_03.npy,29,30,3,train
583,/home/test/bupt_hjk/sdp_dataset/xrf55/wifi/01_30_04.npy,29,30,4,train
584,/home/test/bupt_hjk/sdp_dataset/xrf55/wifi/01_30_05.npy,29,30,5,train
585,/home/test/bupt_hjk/sdp_dataset/xrf55/wifi/01_30_06.npy,29,30,6,train
586,/home/test/bupt_hjk/sdp_dataset/xrf55/wifi/01_30_07.npy,29,30,7,train
587,/home/test/bupt_hjk/sdp_dataset/xrf55/wifi/01_30_08.npy,29,30,8,train
588,/home/test/bupt_hjk/sdp_dataset/xrf55/wifi/01_30_09.npy,29,30,9,train
589,/home/test/bupt_hjk/sdp_dataset/xrf55/wifi/01_30_10.npy,29,30,10,train
590,/home/test/bupt_hjk/sdp_dataset/xrf55/wifi/01_30_11.npy,29,30,11,train
591,/home/test/bupt_hjk/sdp_dataset/xrf55/wifi/01_30_12.npy,29,30,12,train
592,/home/test/bupt_hjk/sdp_dataset/xrf55/wifi/01_30_13.npy,29,30,13,validation
593,/home/test/bupt_hjk/sdp_dataset/xrf55/wifi/01_30_14.npy,29,30,14,validation
594,/home/test/bupt_hjk/sdp_dataset/xrf55/wifi/01_30_15.npy,29,30,15,validation
595,/home/test/bupt_hjk/sdp_dataset/xrf55/wifi/01_30_16.npy,29,30,16,validation
596,/home/test/bupt_hjk/sdp_dataset/xrf55/wifi/01_30_17.npy,29,30,17,test
597,/home/test/bupt_hjk/sdp_dataset/xrf55/wifi/01_30_18.npy,29,30,18,test
598,/home/test/bupt_hjk/sdp_dataset/xrf55/wifi/01_30_19.npy,29,30,19,test
599,/home/test/bupt_hjk/sdp_dataset/xrf55/wifi/01_30_20.npy,29,30,20,test
600,/home/test/bupt_hjk/sdp_dataset/xrf55/wifi/01_31_01.npy,30,31,1,train
601,/home/test/bupt_hjk/sdp_dataset/xrf55/wifi/01_31_02.npy,30,31,2,train
602,/home/test/bupt_hjk/sdp_dataset/xrf55/wifi/01_31_03.npy,30,31,3,train
603,/home/test/bupt_hjk/sdp_dataset/xrf55/wifi/01_31_04.npy,30,31,4,train
604,/home/test/bupt_hjk/sdp_dataset/xrf55/wifi/01_31_05.npy,30,31,5,train
605,/home/test/bupt_hjk/sdp_dataset/xrf55/wifi/01_31_06.npy,30,31,6,train
606,/home/test/bupt_hjk/sdp_dataset/xrf55/wifi/01_31_07.npy,30,31,7,train
607,/home/test/bupt_hjk/sdp_dataset/xrf55/wifi/01_31_08.npy,30,31,8,train
608,/home/test/bupt_hjk/sdp_dataset/xrf55/wifi/01_31_09.npy,30,31,9,train
609,/home/test/bupt_hjk/sdp_dataset/xrf55/wifi/01_31_10.npy,30,31,10,train
610,/home/test/bupt_hjk/sdp_dataset/xrf55/wifi/01_31_11.npy,30,31,11,train
611,/home/test/bupt_hjk/sdp_dataset/xrf55/wifi/01_31_12.npy,30,31,12,train
612,/home/test/bupt_hjk/sdp_dataset/xrf55/wifi/01_31_13.npy,30,31,13,validation
613,/home/test/bupt_hjk/sdp_dataset/xrf55/wifi/01_31_14.npy,30,31,14,validation
614,/home/test/bupt_hjk/sdp_dataset/xrf55/wifi/01_31_15.npy,30,31,15,validation
615,/home/test/bupt_hjk/sdp_dataset/xrf55/wifi/01_31_16.npy,30,31,16,validation
616,/home/test/bupt_hjk/sdp_dataset/xrf55/wifi/01_31_17.npy,30,31,17,test
617,/home/test/bupt_hjk/sdp_dataset/xrf55/wifi/01_31_18.npy,30,31,18,test
618,/home/test/bupt_hjk/sdp_dataset/xrf55/wifi/01_31_19.npy,30,31,19,test
619,/home/test/bupt_hjk/sdp_dataset/xrf55/wifi/01_31_20.npy,30,31,20,test
620,/home/test/bupt_hjk/sdp_dataset/xrf55/wifi/01_32_01.npy,31,32,1,train
621,/home/test/bupt_hjk/sdp_dataset/xrf55/wifi/01_32_02.npy,31,32,2,train
622,/home/test/bupt_hjk/sdp_dataset/xrf55/wifi/01_32_03.npy,31,32,3,train
623,/home/test/bupt_hjk/sdp_dataset/xrf55/wifi/01_32_04.npy,31,32,4,train
624,/home/test/bupt_hjk/sdp_dataset/xrf55/wifi/01_32_05.npy,31,32,5,train
625,/home/test/bupt_hjk/sdp_dataset/xrf55/wifi/01_32_06.npy,31,32,6,train
626,/home/test/bupt_hjk/sdp_dataset/xrf55/wifi/01_32_07.npy,31,32,7,train
627,/home/test/bupt_hjk/sdp_dataset/xrf55/wifi/01_32_08.npy,31,32,8,train
628,/home/test/bupt_hjk/sdp_dataset/xrf55/wifi/01_32_09.npy,31,32,9,train
629,/home/test/bupt_hjk/sdp_dataset/xrf55/wifi/01_32_10.npy,31,32,10,train
630,/home/test/bupt_hjk/sdp_dataset/xrf55/wifi/01_32_11.npy,31,32,11,train
631,/home/test/bupt_hjk/sdp_dataset/xrf55/wifi/01_32_12.npy,31,32,12,train
632,/home/test/bupt_hjk/sdp_dataset/xrf55/wifi/01_32_13.npy,31,32,13,validation
633,/home/test/bupt_hjk/sdp_dataset/xrf55/wifi/01_32_14.npy,31,32,14,validation
634,/home/test/bupt_hjk/sdp_dataset/xrf55/wifi/01_32_15.npy,31,32,15,validation
635,/home/test/bupt_hjk/sdp_dataset/xrf55/wifi/01_32_16.npy,31,32,16,validation
636,/home/test/bupt_hjk/sdp_dataset/xrf55/wifi/01_32_17.npy,31,32,17,test
637,/home/test/bupt_hjk/sdp_dataset/xrf55/wifi/01_32_18.npy,31,32,18,test
638,/home/test/bupt_hjk/sdp_dataset/xrf55/wifi/01_32_19.npy,31,32,19,test
639,/home/test/bupt_hjk/sdp_dataset/xrf55/wifi/01_32_20.npy,31,32,20,test
640,/home/test/bupt_hjk/sdp_dataset/xrf55/wifi/01_33_01.npy,32,33,1,train
641,/home/test/bupt_hjk/sdp_dataset/xrf55/wifi/01_33_02.npy,32,33,2,train
642,/home/test/bupt_hjk/sdp_dataset/xrf55/wifi/01_33_03.npy,32,33,3,train
643,/home/test/bupt_hjk/sdp_dataset/xrf55/wifi/01_33_04.npy,32,33,4,train
644,/home/test/bupt_hjk/sdp_dataset/xrf55/wifi/01_33_05.npy,32,33,5,train
645,/home/test/bupt_hjk/sdp_dataset/xrf55/wifi/01_33_06.npy,32,33,6,train
646,/home/test/bupt_hjk/sdp_dataset/xrf55/wifi/01_33_07.npy,32,33,7,train
647,/home/test/bupt_hjk/sdp_dataset/xrf55/wifi/01_33_08.npy,32,33,8,train
648,/home/test/bupt_hjk/sdp_dataset/xrf55/wifi/01_33_09.npy,32,33,9,train
649,/home/test/bupt_hjk/sdp_dataset/xrf55/wifi/01_33_10.npy,32,33,10,train
650,/home/test/bupt_hjk/sdp_dataset/xrf55/wifi/01_33_11.npy,32,33,11,train
651,/home/test/bupt_hjk/sdp_dataset/xrf55/wifi/01_33_12.npy,32,33,12,train
652,/home/test/bupt_hjk/sdp_dataset/xrf55/wifi/01_33_13.npy,32,33,13,validation
653,/home/test/bupt_hjk/sdp_dataset/xrf55/wifi/01_33_14.npy,32,33,14,validation
654,/home/test/bupt_hjk/sdp_dataset/xrf55/wifi/01_33_15.npy,32,33,15,validation
655,/home/test/bupt_hjk/sdp_dataset/xrf55/wifi/01_33_16.npy,32,33,16,validation
656,/home/test/bupt_hjk/sdp_dataset/xrf55/wifi/01_33_17.npy,32,33,17,test
657,/home/test/bupt_hjk/sdp_dataset/xrf55/wifi/01_33_18.npy,32,33,18,test
658,/home/test/bupt_hjk/sdp_dataset/xrf55/wifi/01_33_19.npy,32,33,19,test
659,/home/test/bupt_hjk/sdp_dataset/xrf55/wifi/01_33_20.npy,32,33,20,test
660,/home/test/bupt_hjk/sdp_dataset/xrf55/wifi/01_34_01.npy,33,34,1,train
661,/home/test/bupt_hjk/sdp_dataset/xrf55/wifi/01_34_02.npy,33,34,2,train
662,/home/test/bupt_hjk/sdp_dataset/xrf55/wifi/01_34_03.npy,33,34,3,train
663,/home/test/bupt_hjk/sdp_dataset/xrf55/wifi/01_34_04.npy,33,34,4,train
664,/home/test/bupt_hjk/sdp_dataset/xrf55/wifi/01_34_05.npy,33,34,5,train
665,/home/test/bupt_hjk/sdp_dataset/xrf55/wifi/01_34_06.npy,33,34,6,train
666,/home/test/bupt_hjk/sdp_dataset/xrf55/wifi/01_34_07.npy,33,34,7,train
667,/home/test/bupt_hjk/sdp_dataset/xrf55/wifi/01_34_08.npy,33,34,8,train
668,/home/test/bupt_hjk/sdp_dataset/xrf55/wifi/01_34_09.npy,33,34,9,train
669,/home/test/bupt_hjk/sdp_dataset/xrf55/wifi/01_34_10.npy,33,34,10,train
670,/home/test/bupt_hjk/sdp_dataset/xrf55/wifi/01_34_11.npy,33,34,11,train
671,/home/test/bupt_hjk/sdp_dataset/xrf55/wifi/01_34_12.npy,33,34,12,train
672,/home/test/bupt_hjk/sdp_dataset/xrf55/wifi/01_34_13.npy,33,34,13,validation
673,/home/test/bupt_hjk/sdp_dataset/xrf55/wifi/01_34_14.npy,33,34,14,validation
674,/home/test/bupt_hjk/sdp_dataset/xrf55/wifi/01_34_15.npy,33,34,15,validation
675,/home/test/bupt_hjk/sdp_dataset/xrf55/wifi/01_34_16.npy,33,34,16,validation
676,/home/test/bupt_hjk/sdp_dataset/xrf55/wifi/01_34_17.npy,33,34,17,test
677,/home/test/bupt_hjk/sdp_dataset/xrf55/wifi/01_34_18.npy,33,34,18,test
678,/home/test/bupt_hjk/sdp_dataset/xrf55/wifi/01_34_19.npy,33,34,19,test
679,/home/test/bupt_hjk/sdp_dataset/xrf55/wifi/01_34_20.npy,33,34,20,test
680,/home/test/bupt_hjk/sdp_dataset/xrf55/wifi/01_35_01.npy,34,35,1,train
681,/home/test/bupt_hjk/sdp_dataset/xrf55/wifi/01_35_02.npy,34,35,2,train
682,/home/test/bupt_hjk/sdp_dataset/xrf55/wifi/01_35_03.npy,34,35,3,train
683,/home/test/bupt_hjk/sdp_dataset/xrf55/wifi/01_35_04.npy,34,35,4,train
684,/home/test/bupt_hjk/sdp_dataset/xrf55/wifi/01_35_05.npy,34,35,5,train
685,/home/test/bupt_hjk/sdp_dataset/xrf55/wifi/01_35_06.npy,34,35,6,train
686,/home/test/bupt_hjk/sdp_dataset/xrf55/wifi/01_35_07.npy,34,35,7,train
687,/home/test/bupt_hjk/sdp_dataset/xrf55/wifi/01_35_08.npy,34,35,8,train
688,/home/test/bupt_hjk/sdp_dataset/xrf55/wifi/01_35_09.npy,34,35,9,train
689,/home/test/bupt_hjk/sdp_dataset/xrf55/wifi/01_35_10.npy,34,35,10,train
690,/home/test/bupt_hjk/sdp_dataset/xrf55/wifi/01_35_11.npy,34,35,11,train
691,/home/test/bupt_hjk/sdp_dataset/xrf55/wifi/01_35_12.npy,34,35,12,train
692,/home/test/bupt_hjk/sdp_dataset/xrf55/wifi/01_35_13.npy,34,35,13,validation
693,/home/test/bupt_hjk/sdp_dataset/xrf55/wifi/01_35_14.npy,34,35,14,validation
694,/home/test/bupt_hjk/sdp_dataset/xrf55/wifi/01_35_15.npy,34,35,15,validation
695,/home/test/bupt_hjk/sdp_dataset/xrf55/wifi/01_35_16.npy,34,35,16,validation
696,/home/test/bupt_hjk/sdp_dataset/xrf55/wifi/01_35_17.npy,34,35,17,test
697,/home/test/bupt_hjk/sdp_dataset/xrf55/wifi/01_35_18.npy,34,35,18,test
698,/home/test/bupt_hjk/sdp_dataset/xrf55/wifi/01_35_19.npy,34,35,19,test
699,/home/test/bupt_hjk/sdp_dataset/xrf55/wifi/01_35_20.npy,34,35,20,test
700,/home/test/bupt_hjk/sdp_dataset/xrf55/wifi/01_36_01.npy,35,36,1,train
701,/home/test/bupt_hjk/sdp_dataset/xrf55/wifi/01_36_02.npy,35,36,2,train
702,/home/test/bupt_hjk/sdp_dataset/xrf55/wifi/01_36_03.npy,35,36,3,train
703,/home/test/bupt_hjk/sdp_dataset/xrf55/wifi/01_36_04.npy,35,36,4,train
704,/home/test/bupt_hjk/sdp_dataset/xrf55/wifi/01_36_05.npy,35,36,5,train
705,/home/test/bupt_hjk/sdp_dataset/xrf55/wifi/01_36_06.npy,35,36,6,train
706,/home/test/bupt_hjk/sdp_dataset/xrf55/wifi/01_36_07.npy,35,36,7,train
707,/home/test/bupt_hjk/sdp_dataset/xrf55/wifi/01_36_08.npy,35,36,8,train
708,/home/test/bupt_hjk/sdp_dataset/xrf55/wifi/01_36_09.npy,35,36,9,train
709,/home/test/bupt_hjk/sdp_dataset/xrf55/wifi/01_36_10.npy,35,36,10,train
710,/home/test/bupt_hjk/sdp_dataset/xrf55/wifi/01_36_11.npy,35,36,11,train
711,/home/test/bupt_hjk/sdp_dataset/xrf55/wifi/01_36_12.npy,35,36,12,train
712,/home/test/bupt_hjk/sdp_dataset/xrf55/wifi/01_36_13.npy,35,36,13,validation
713,/home/test/bupt_hjk/sdp_dataset/xrf55/wifi/01_36_14.npy,35,36,14,validation
714,/home/test/bupt_hjk/sdp_dataset/xrf55/wifi/01_36_15.npy,35,36,15,validation
715,/home/test/bupt_hjk/sdp_dataset/xrf55/wifi/01_36_16.npy,35,36,16,validation
716,/home/test/bupt_hjk/sdp_dataset/xrf55/wifi/01_36_17.npy,35,36,17,test
717,/home/test/bupt_hjk/sdp_dataset/xrf55/wifi/01_36_18.npy,35,36,18,test
718,/home/test/bupt_hjk/sdp_dataset/xrf55/wifi/01_36_19.npy,35,36,19,test
719,/home/test/bupt_hjk/sdp_dataset/xrf55/wifi/01_36_20.npy,35,36,20,test
720,/home/test/bupt_hjk/sdp_dataset/xrf55/wifi/01_37_01.npy,36,37,1,train
721,/home/test/bupt_hjk/sdp_dataset/xrf55/wifi/01_37_02.npy,36,37,2,train
722,/home/test/bupt_hjk/sdp_dataset/xrf55/wifi/01_37_03.npy,36,37,3,train
723,/home/test/bupt_hjk/sdp_dataset/xrf55/wifi/01_37_04.npy,36,37,4,train
724,/home/test/bupt_hjk/sdp_dataset/xrf55/wifi/01_37_05.npy,36,37,5,train
725,/home/test/bupt_hjk/sdp_dataset/xrf55/wifi/01_37_06.npy,36,37,6,train
726,/home/test/bupt_hjk/sdp_dataset/xrf55/wifi/01_37_07.npy,36,37,7,train
727,/home/test/bupt_hjk/sdp_dataset/xrf55/wifi/01_37_08.npy,36,37,8,train
728,/home/test/bupt_hjk/sdp_dataset/xrf55/wifi/01_37_09.npy,36,37,9,train
729,/home/test/bupt_hjk/sdp_dataset/xrf55/wifi/01_37_10.npy,36,37,10,train
730,/home/test/bupt_hjk/sdp_dataset/xrf55/wifi/01_37_11.npy,36,37,11,train
731,/home/test/bupt_hjk/sdp_dataset/xrf55/wifi/01_37_12.npy,36,37,12,train
732,/home/test/bupt_hjk/sdp_dataset/xrf55/wifi/01_37_13.npy,36,37,13,validation
733,/home/test/bupt_hjk/sdp_dataset/xrf55/wifi/01_37_14.npy,36,37,14,validation
734,/home/test/bupt_hjk/sdp_dataset/xrf55/wifi/01_37_15.npy,36,37,15,validation
735,/home/test/bupt_hjk/sdp_dataset/xrf55/wifi/01_37_16.npy,36,37,16,validation
736,/home/test/bupt_hjk/sdp_dataset/xrf55/wifi/01_37_17.npy,36,37,17,test
737,/home/test/bupt_hjk/sdp_dataset/xrf55/wifi/01_37_18.npy,36,37,18,test
738,/home/test/bupt_hjk/sdp_dataset/xrf55/wifi/01_37_19.npy,36,37,19,test
739,/home/test/bupt_hjk/sdp_dataset/xrf55/wifi/01_37_20.npy,36,37,20,test
740,/home/test/bupt_hjk/sdp_dataset/xrf55/wifi/01_38_01.npy,37,38,1,train
741,/home/test/bupt_hjk/sdp_dataset/xrf55/wifi/01_38_02.npy,37,38,2,train
742,/home/test/bupt_hjk/sdp_dataset/xrf55/wifi/01_38_03.npy,37,38,3,train
743,/home/test/bupt_hjk/sdp_dataset/xrf55/wifi/01_38_04.npy,37,38,4,train
744,/home/test/bupt_hjk/sdp_dataset/xrf55/wifi/01_38_05.npy,37,38,5,train
745,/home/test/bupt_hjk/sdp_dataset/xrf55/wifi/01_38_06.npy,37,38,6,train
746,/home/test/bupt_hjk/sdp_dataset/xrf55/wifi/01_38_07.npy,37,38,7,train
747,/home/test/bupt_hjk/sdp_dataset/xrf55/wifi/01_38_08.npy,37,38,8,train
748,/home/test/bupt_hjk/sdp_dataset/xrf55/wifi/01_38_09.npy,37,38,9,train
749,/home/test/bupt_hjk/sdp_dataset/xrf55/wifi/01_38_10.npy,37,38,10,train
750,/home/test/bupt_hjk/sdp_dataset/xrf55/wifi/01_38_11.npy,37,38,11,train
751,/home/test/bupt_hjk/sdp_dataset/xrf55/wifi/01_38_12.npy,37,38,12,train
752,/home/test/bupt_hjk/sdp_dataset/xrf55/wifi/01_38_13.npy,37,38,13,validation
753,/home/test/bupt_hjk/sdp_dataset/xrf55/wifi/01_38_14.npy,37,38,14,validation
754,/home/test/bupt_hjk/sdp_dataset/xrf55/wifi/01_38_15.npy,37,38,15,validation
755,/home/test/bupt_hjk/sdp_dataset/xrf55/wifi/01_38_16.npy,37,38,16,validation
756,/home/test/bupt_hjk/sdp_dataset/xrf55/wifi/01_38_17.npy,37,38,17,test
757,/home/test/bupt_hjk/sdp_dataset/xrf55/wifi/01_38_18.npy,37,38,18,test
758,/home/test/bupt_hjk/sdp_dataset/xrf55/wifi/01_38_19.npy,37,38,19,test
759,/home/test/bupt_hjk/sdp_dataset/xrf55/wifi/01_38_20.npy,37,38,20,test
760,/home/test/bupt_hjk/sdp_dataset/xrf55/wifi/01_39_01.npy,38,39,1,train
761,/home/test/bupt_hjk/sdp_dataset/xrf55/wifi/01_39_02.npy,38,39,2,train
762,/home/test/bupt_hjk/sdp_dataset/xrf55/wifi/01_39_03.npy,38,39,3,train
763,/home/test/bupt_hjk/sdp_dataset/xrf55/wifi/01_39_04.npy,38,39,4,train
764,/home/test/bupt_hjk/sdp_dataset/xrf55/wifi/01_39_05.npy,38,39,5,train
765,/home/test/bupt_hjk/sdp_dataset/xrf55/wifi/01_39_06.npy,38,39,6,train
766,/home/test/bupt_hjk/sdp_dataset/xrf55/wifi/01_39_07.npy,38,39,7,train
767,/home/test/bupt_hjk/sdp_dataset/xrf55/wifi/01_39_08.npy,38,39,8,train
768,/home/test/bupt_hjk/sdp_dataset/xrf55/wifi/01_39_09.npy,38,39,9,train
769,/home/test/bupt_hjk/sdp_dataset/xrf55/wifi/01_39_10.npy,38,39,10,train
770,/home/test/bupt_hjk/sdp_dataset/xrf55/wifi/01_39_11.npy,38,39,11,train
771,/home/test/bupt_hjk/sdp_dataset/xrf55/wifi/01_39_12.npy,38,39,12,train
772,/home/test/bupt_hjk/sdp_dataset/xrf55/wifi/01_39_13.npy,38,39,13,validation
773,/home/test/bupt_hjk/sdp_dataset/xrf55/wifi/01_39_14.npy,38,39,14,validation
774,/home/test/bupt_hjk/sdp_dataset/xrf55/wifi/01_39_15.npy,38,39,15,validation
775,/home/test/bupt_hjk/sdp_dataset/xrf55/wifi/01_39_16.npy,38,39,16,validation
776,/home/test/bupt_hjk/sdp_dataset/xrf55/wifi/01_39_17.npy,38,39,17,test
777,/home/test/bupt_hjk/sdp_dataset/xrf55/wifi/01_39_18.npy,38,39,18,test
778,/home/test/bupt_hjk/sdp_dataset/xrf55/wifi/01_39_19.npy,38,39,19,test
779,/home/test/bupt_hjk/sdp_dataset/xrf55/wifi/01_39_20.npy,38,39,20,test
780,/home/test/bupt_hjk/sdp_dataset/xrf55/wifi/01_40_01.npy,39,40,1,train
781,/home/test/bupt_hjk/sdp_dataset/xrf55/wifi/01_40_02.npy,39,40,2,train
782,/home/test/bupt_hjk/sdp_dataset/xrf55/wifi/01_40_03.npy,39,40,3,train
783,/home/test/bupt_hjk/sdp_dataset/xrf55/wifi/01_40_04.npy,39,40,4,train
784,/home/test/bupt_hjk/sdp_dataset/xrf55/wifi/01_40_05.npy,39,40,5,train
785,/home/test/bupt_hjk/sdp_dataset/xrf55/wifi/01_40_06.npy,39,40,6,train
786,/home/test/bupt_hjk/sdp_dataset/xrf55/wifi/01_40_07.npy,39,40,7,train
787,/home/test/bupt_hjk/sdp_dataset/xrf55/wifi/01_40_08.npy,39,40,8,train
788,/home/test/bupt_hjk/sdp_dataset/xrf55/wifi/01_40_09.npy,39,40,9,train
789,/home/test/bupt_hjk/sdp_dataset/xrf55/wifi/01_40_10.npy,39,40,10,train
790,/home/test/bupt_hjk/sdp_dataset/xrf55/wifi/01_40_11.npy,39,40,11,train
791,/home/test/bupt_hjk/sdp_dataset/xrf55/wifi/01_40_12.npy,39,40,12,train
792,/home/test/bupt_hjk/sdp_dataset/xrf55/wifi/01_40_13.npy,39,40,13,validation
793,/home/test/bupt_hjk/sdp_dataset/xrf55/wifi/01_40_14.npy,39,40,14,validation
794,/home/test/bupt_hjk/sdp_dataset/xrf55/wifi/01_40_15.npy,39,40,15,validation
795,/home/test/bupt_hjk/sdp_dataset/xrf55/wifi/01_40_16.npy,39,40,16,validation
796,/home/test/bupt_hjk/sdp_dataset/xrf55/wifi/01_40_17.npy,39,40,17,test
797,/home/test/bupt_hjk/sdp_dataset/xrf55/wifi/01_40_18.npy,39,40,18,test
798,/home/test/bupt_hjk/sdp_dataset/xrf55/wifi/01_40_19.npy,39,40,19,test
799,/home/test/bupt_hjk/sdp_dataset/xrf55/wifi/01_40_20.npy,39,40,20,test
800,/home/test/bupt_hjk/sdp_dataset/xrf55/wifi/01_41_01.npy,40,41,1,train
801,/home/test/bupt_hjk/sdp_dataset/xrf55/wifi/01_41_02.npy,40,41,2,train
802,/home/test/bupt_hjk/sdp_dataset/xrf55/wifi/01_41_03.npy,40,41,3,train
803,/home/test/bupt_hjk/sdp_dataset/xrf55/wifi/01_41_04.npy,40,41,4,train
804,/home/test/bupt_hjk/sdp_dataset/xrf55/wifi/01_41_05.npy,40,41,5,train
805,/home/test/bupt_hjk/sdp_dataset/xrf55/wifi/01_41_06.npy,40,41,6,train
806,/home/test/bupt_hjk/sdp_dataset/xrf55/wifi/01_41_07.npy,40,41,7,train
807,/home/test/bupt_hjk/sdp_dataset/xrf55/wifi/01_41_08.npy,40,41,8,train
808,/home/test/bupt_hjk/sdp_dataset/xrf55/wifi/01_41_09.npy,40,41,9,train
809,/home/test/bupt_hjk/sdp_dataset/xrf55/wifi/01_41_10.npy,40,41,10,train
810,/home/test/bupt_hjk/sdp_dataset/xrf55/wifi/01_41_11.npy,40,41,11,train
811,/home/test/bupt_hjk/sdp_dataset/xrf55/wifi/01_41_12.npy,40,41,12,train
812,/home/test/bupt_hjk/sdp_dataset/xrf55/wifi/01_41_13.npy,40,41,13,validation
813,/home/test/bupt_hjk/sdp_dataset/xrf55/wifi/01_41_14.npy,40,41,14,validation
814,/home/test/bupt_hjk/sdp_dataset/xrf55/wifi/01_41_15.npy,40,41,15,validation
815,/home/test/bupt_hjk/sdp_dataset/xrf55/wifi/01_41_16.npy,40,41,16,validation
816,/home/test/bupt_hjk/sdp_dataset/xrf55/wifi/01_41_17.npy,40,41,17,test
817,/home/test/bupt_hjk/sdp_dataset/xrf55/wifi/01_41_18.npy,40,41,18,test
818,/home/test/bupt_hjk/sdp_dataset/xrf55/wifi/01_41_19.npy,40,41,19,test
819,/home/test/bupt_hjk/sdp_dataset/xrf55/wifi/01_41_20.npy,40,41,20,test
820,/home/test/bupt_hjk/sdp_dataset/xrf55/wifi/01_42_01.npy,41,42,1,train
821,/home/test/bupt_hjk/sdp_dataset/xrf55/wifi/01_42_02.npy,41,42,2,train
822,/home/test/bupt_hjk/sdp_dataset/xrf55/wifi/01_42_03.npy,41,42,3,train
823,/home/test/bupt_hjk/sdp_dataset/xrf55/wifi/01_42_04.npy,41,42,4,train
824,/home/test/bupt_hjk/sdp_dataset/xrf55/wifi/01_42_05.npy,41,42,5,train
825,/home/test/bupt_hjk/sdp_dataset/xrf55/wifi/01_42_06.npy,41,42,6,train
826,/home/test/bupt_hjk/sdp_dataset/xrf55/wifi/01_42_07.npy,41,42,7,train
827,/home/test/bupt_hjk/sdp_dataset/xrf55/wifi/01_42_08.npy,41,42,8,train
828,/home/test/bupt_hjk/sdp_dataset/xrf55/wifi/01_42_09.npy,41,42,9,train
829,/home/test/bupt_hjk/sdp_dataset/xrf55/wifi/01_42_10.npy,41,42,10,train
830,/home/test/bupt_hjk/sdp_dataset/xrf55/wifi/01_42_11.npy,41,42,11,train
831,/home/test/bupt_hjk/sdp_dataset/xrf55/wifi/01_42_12.npy,41,42,12,train
832,/home/test/bupt_hjk/sdp_dataset/xrf55/wifi/01_42_13.npy,41,42,13,validation
833,/home/test/bupt_hjk/sdp_dataset/xrf55/wifi/01_42_14.npy,41,42,14,validation
834,/home/test/bupt_hjk/sdp_dataset/xrf55/wifi/01_42_15.npy,41,42,15,validation
835,/home/test/bupt_hjk/sdp_dataset/xrf55/wifi/01_42_16.npy,41,42,16,validation
836,/home/test/bupt_hjk/sdp_dataset/xrf55/wifi/01_42_17.npy,41,42,17,test
837,/home/test/bupt_hjk/sdp_dataset/xrf55/wifi/01_42_18.npy,41,42,18,test
838,/home/test/bupt_hjk/sdp_dataset/xrf55/wifi/01_42_19.npy,41,42,19,test
839,/home/test/bupt_hjk/sdp_dataset/xrf55/wifi/01_42_20.npy,41,42,20,test
840,/home/test/bupt_hjk/sdp_dataset/xrf55/wifi/01_43_01.npy,42,43,1,train
841,/home/test/bupt_hjk/sdp_dataset/xrf55/wifi/01_43_02.npy,42,43,2,train
842,/home/test/bupt_hjk/sdp_dataset/xrf55/wifi/01_43_03.npy,42,43,3,train
843,/home/test/bupt_hjk/sdp_dataset/xrf55/wifi/01_43_04.npy,42,43,4,train
844,/home/test/bupt_hjk/sdp_dataset/xrf55/wifi/01_43_05.npy,42,43,5,train
845,/home/test/bupt_hjk/sdp_dataset/xrf55/wifi/01_43_06.npy,42,43,6,train
846,/home/test/bupt_hjk/sdp_dataset/xrf55/wifi/01_43_07.npy,42,43,7,train
847,/home/test/bupt_hjk/sdp_dataset/xrf55/wifi/01_43_08.npy,42,43,8,train
848,/home/test/bupt_hjk/sdp_dataset/xrf55/wifi/01_43_09.npy,42,43,9,train
849,/home/test/bupt_hjk/sdp_dataset/xrf55/wifi/01_43_10.npy,42,43,10,train
850,/home/test/bupt_hjk/sdp_dataset/xrf55/wifi/01_43_11.npy,42,43,11,train
851,/home/test/bupt_hjk/sdp_dataset/xrf55/wifi/01_43_12.npy,42,43,12,train
852,/home/test/bupt_hjk/sdp_dataset/xrf55/wifi/01_43_13.npy,42,43,13,validation
853,/home/test/bupt_hjk/sdp_dataset/xrf55/wifi/01_43_14.npy,42,43,14,validation
854,/home/test/bupt_hjk/sdp_dataset/xrf55/wifi/01_43_15.npy,42,43,15,validation
855,/home/test/bupt_hjk/sdp_dataset/xrf55/wifi/01_43_16.npy,42,43,16,validation
856,/home/test/bupt_hjk/sdp_dataset/xrf55/wifi/01_43_17.npy,42,43,17,test
857,/home/test/bupt_hjk/sdp_dataset/xrf55/wifi/01_43_18.npy,42,43,18,test
858,/home/test/bupt_hjk/sdp_dataset/xrf55/wifi/01_43_19.npy,42,43,19,test
859,/home/test/bupt_hjk/sdp_dataset/xrf55/wifi/01_43_20.npy,42,43,20,test
860,/home/test/bupt_hjk/sdp_dataset/xrf55/wifi/01_44_01.npy,43,44,1,train
861,/home/test/bupt_hjk/sdp_dataset/xrf55/wifi/01_44_02.npy,43,44,2,train
862,/home/test/bupt_hjk/sdp_dataset/xrf55/wifi/01_44_03.npy,43,44,3,train
863,/home/test/bupt_hjk/sdp_dataset/xrf55/wifi/01_44_04.npy,43,44,4,train
864,/home/test/bupt_hjk/sdp_dataset/xrf55/wifi/01_44_05.npy,43,44,5,train
865,/home/test/bupt_hjk/sdp_dataset/xrf55/wifi/01_44_06.npy,43,44,6,train
866,/home/test/bupt_hjk/sdp_dataset/xrf55/wifi/01_44_07.npy,43,44,7,train
867,/home/test/bupt_hjk/sdp_dataset/xrf55/wifi/01_44_08.npy,43,44,8,train
868,/home/test/bupt_hjk/sdp_dataset/xrf55/wifi/01_44_09.npy,43,44,9,train
869,/home/test/bupt_hjk/sdp_dataset/xrf55/wifi/01_44_10.npy,43,44,10,train
870,/home/test/bupt_hjk/sdp_dataset/xrf55/wifi/01_44_11.npy,43,44,11,train
871,/home/test/bupt_hjk/sdp_dataset/xrf55/wifi/01_44_12.npy,43,44,12,train
872,/home/test/bupt_hjk/sdp_dataset/xrf55/wifi/01_44_13.npy,43,44,13,validation
873,/home/test/bupt_hjk/sdp_dataset/xrf55/wifi/01_44_14.npy,43,44,14,validation
874,/home/test/bupt_hjk/sdp_dataset/xrf55/wifi/01_44_15.npy,43,44,15,validation
875,/home/test/bupt_hjk/sdp_dataset/xrf55/wifi/01_44_16.npy,43,44,16,validation
876,/home/test/bupt_hjk/sdp_dataset/xrf55/wifi/01_44_17.npy,43,44,17,test
877,/home/test/bupt_hjk/sdp_dataset/xrf55/wifi/01_44_18.npy,43,44,18,test
878,/home/test/bupt_hjk/sdp_dataset/xrf55/wifi/01_44_19.npy,43,44,19,test
879,/home/test/bupt_hjk/sdp_dataset/xrf55/wifi/01_44_20.npy,43,44,20,test
880,/home/test/bupt_hjk/sdp_dataset/xrf55/wifi/01_45_01.npy,44,45,1,train
881,/home/test/bupt_hjk/sdp_dataset/xrf55/wifi/01_45_02.npy,44,45,2,train
882,/home/test/bupt_hjk/sdp_dataset/xrf55/wifi/01_45_03.npy,44,45,3,train
883,/home/test/bupt_hjk/sdp_dataset/xrf55/wifi/01_45_04.npy,44,45,4,train
884,/home/test/bupt_hjk/sdp_dataset/xrf55/wifi/01_45_05.npy,44,45,5,train
885,/home/test/bupt_hjk/sdp_dataset/xrf55/wifi/01_45_06.npy,44,45,6,train
886,/home/test/bupt_hjk/sdp_dataset/xrf55/wifi/01_45_07.npy,44,45,7,train
887,/home/test/bupt_hjk/sdp_dataset/xrf55/wifi/01_45_08.npy,44,45,8,train
888,/home/test/bupt_hjk/sdp_dataset/xrf55/wifi/01_45_09.npy,44,45,9,train
889,/home/test/bupt_hjk/sdp_dataset/xrf55/wifi/01_45_10.npy,44,45,10,train
890,/home/test/bupt_hjk/sdp_dataset/xrf55/wifi/01_45_11.npy,44,45,11,train
891,/home/test/bupt_hjk/sdp_dataset/xrf55/wifi/01_45_12.npy,44,45,12,train
892,/home/test/bupt_hjk/sdp_dataset/xrf55/wifi/01_45_13.npy,44,45,13,validation
893,/home/test/bupt_hjk/sdp_dataset/xrf55/wifi/01_45_14.npy,44,45,14,validation
894,/home/test/bupt_hjk/sdp_dataset/xrf55/wifi/01_45_15.npy,44,45,15,validation
895,/home/test/bupt_hjk/sdp_dataset/xrf55/wifi/01_45_16.npy,44,45,16,validation
896,/home/test/bupt_hjk/sdp_dataset/xrf55/wifi/01_45_17.npy,44,45,17,test
897,/home/test/bupt_hjk/sdp_dataset/xrf55/wifi/01_45_18.npy,44,45,18,test
898,/home/test/bupt_hjk/sdp_dataset/xrf55/wifi/01_45_19.npy,44,45,19,test
899,/home/test/bupt_hjk/sdp_dataset/xrf55/wifi/01_45_20.npy,44,45,20,test
900,/home/test/bupt_hjk/sdp_dataset/xrf55/wifi/01_46_01.npy,45,46,1,train
901,/home/test/bupt_hjk/sdp_dataset/xrf55/wifi/01_46_02.npy,45,46,2,train
902,/home/test/bupt_hjk/sdp_dataset/xrf55/wifi/01_46_03.npy,45,46,3,train
903,/home/test/bupt_hjk/sdp_dataset/xrf55/wifi/01_46_04.npy,45,46,4,train
904,/home/test/bupt_hjk/sdp_dataset/xrf55/wifi/01_46_05.npy,45,46,5,train
905,/home/test/bupt_hjk/sdp_dataset/xrf55/wifi/01_46_06.npy,45,46,6,train
906,/home/test/bupt_hjk/sdp_dataset/xrf55/wifi/01_46_07.npy,45,46,7,train
907,/home/test/bupt_hjk/sdp_dataset/xrf55/wifi/01_46_08.npy,45,46,8,train
908,/home/test/bupt_hjk/sdp_dataset/xrf55/wifi/01_46_09.npy,45,46,9,train
909,/home/test/bupt_hjk/sdp_dataset/xrf55/wifi/01_46_10.npy,45,46,10,train
910,/home/test/bupt_hjk/sdp_dataset/xrf55/wifi/01_46_11.npy,45,46,11,train
911,/home/test/bupt_hjk/sdp_dataset/xrf55/wifi/01_46_12.npy,45,46,12,train
912,/home/test/bupt_hjk/sdp_dataset/xrf55/wifi/01_46_13.npy,45,46,13,validation
913,/home/test/bupt_hjk/sdp_dataset/xrf55/wifi/01_46_14.npy,45,46,14,validation
914,/home/test/bupt_hjk/sdp_dataset/xrf55/wifi/01_46_15.npy,45,46,15,validation
915,/home/test/bupt_hjk/sdp_dataset/xrf55/wifi/01_46_16.npy,45,46,16,validation
916,/home/test/bupt_hjk/sdp_dataset/xrf55/wifi/01_46_17.npy,45,46,17,test
917,/home/test/bupt_hjk/sdp_dataset/xrf55/wifi/01_46_18.npy,45,46,18,test
918,/home/test/bupt_hjk/sdp_dataset/xrf55/wifi/01_46_19.npy,45,46,19,test
919,/home/test/bupt_hjk/sdp_dataset/xrf55/wifi/01_46_20.npy,45,46,20,test
920,/home/test/bupt_hjk/sdp_dataset/xrf55/wifi/01_47_01.npy,46,47,1,train
921,/home/test/bupt_hjk/sdp_dataset/xrf55/wifi/01_47_02.npy,46,47,2,train
922,/home/test/bupt_hjk/sdp_dataset/xrf55/wifi/01_47_03.npy,46,47,3,train
923,/home/test/bupt_hjk/sdp_dataset/xrf55/wifi/01_47_04.npy,46,47,4,train
924,/home/test/bupt_hjk/sdp_dataset/xrf55/wifi/01_47_05.npy,46,47,5,train
925,/home/test/bupt_hjk/sdp_dataset/xrf55/wifi/01_47_06.npy,46,47,6,train
926,/home/test/bupt_hjk/sdp_dataset/xrf55/wifi/01_47_07.npy,46,47,7,train
927,/home/test/bupt_hjk/sdp_dataset/xrf55/wifi/01_47_08.npy,46,47,8,train
928,/home/test/bupt_hjk/sdp_dataset/xrf55/wifi/01_47_09.npy,46,47,9,train
929,/home/test/bupt_hjk/sdp_dataset/xrf55/wifi/01_47_10.npy,46,47,10,train
930,/home/test/bupt_hjk/sdp_dataset/xrf55/wifi/01_47_11.npy,46,47,11,train
931,/home/test/bupt_hjk/sdp_dataset/xrf55/wifi/01_47_12.npy,46,47,12,train
932,/home/test/bupt_hjk/sdp_dataset/xrf55/wifi/01_47_13.npy,46,47,13,validation
933,/home/test/bupt_hjk/sdp_dataset/xrf55/wifi/01_47_14.npy,46,47,14,validation
934,/home/test/bupt_hjk/sdp_dataset/xrf55/wifi/01_47_15.npy,46,47,15,validation
935,/home/test/bupt_hjk/sdp_dataset/xrf55/wifi/01_47_16.npy,46,47,16,validation
936,/home/test/bupt_hjk/sdp_dataset/xrf55/wifi/01_47_17.npy,46,47,17,test
937,/home/test/bupt_hjk/sdp_dataset/xrf55/wifi/01_47_18.npy,46,47,18,test
938,/home/test/bupt_hjk/sdp_dataset/xrf55/wifi/01_47_19.npy,46,47,19,test
939,/home/test/bupt_hjk/sdp_dataset/xrf55/wifi/01_47_20.npy,46,47,20,test
940,/home/test/bupt_hjk/sdp_dataset/xrf55/wifi/01_48_01.npy,47,48,1,train
941,/home/test/bupt_hjk/sdp_dataset/xrf55/wifi/01_48_02.npy,47,48,2,train
942,/home/test/bupt_hjk/sdp_dataset/xrf55/wifi/01_48_03.npy,47,48,3,train
943,/home/test/bupt_hjk/sdp_dataset/xrf55/wifi/01_48_04.npy,47,48,4,train
944,/home/test/bupt_hjk/sdp_dataset/xrf55/wifi/01_48_05.npy,47,48,5,train
945,/home/test/bupt_hjk/sdp_dataset/xrf55/wifi/01_48_06.npy,47,48,6,train
946,/home/test/bupt_hjk/sdp_dataset/xrf55/wifi/01_48_07.npy,47,48,7,train
947,/home/test/bupt_hjk/sdp_dataset/xrf55/wifi/01_48_08.npy,47,48,8,train
948,/home/test/bupt_hjk/sdp_dataset/xrf55/wifi/01_48_09.npy,47,48,9,train
949,/home/test/bupt_hjk/sdp_dataset/xrf55/wifi/01_48_10.npy,47,48,10,train
950,/home/test/bupt_hjk/sdp_dataset/xrf55/wifi/01_48_11.npy,47,48,11,train
951,/home/test/bupt_hjk/sdp_dataset/xrf55/wifi/01_48_12.npy,47,48,12,train
952,/home/test/bupt_hjk/sdp_dataset/xrf55/wifi/01_48_13.npy,47,48,13,validation
953,/home/test/bupt_hjk/sdp_dataset/xrf55/wifi/01_48_14.npy,47,48,14,validation
954,/home/test/bupt_hjk/sdp_dataset/xrf55/wifi/01_48_15.npy,47,48,15,validation
955,/home/test/bupt_hjk/sdp_dataset/xrf55/wifi/01_48_16.npy,47,48,16,validation
956,/home/test/bupt_hjk/sdp_dataset/xrf55/wifi/01_48_17.npy,47,48,17,test
957,/home/test/bupt_hjk/sdp_dataset/xrf55/wifi/01_48_18.npy,47,48,18,test
958,/home/test/bupt_hjk/sdp_dataset/xrf55/wifi/01_48_19.npy,47,48,19,test
959,/home/test/bupt_hjk/sdp_dataset/xrf55/wifi/01_48_20.npy,47,48,20,test
960,/home/test/bupt_hjk/sdp_dataset/xrf55/wifi/01_49_01.npy,48,49,1,train
961,/home/test/bupt_hjk/sdp_dataset/xrf55/wifi/01_49_02.npy,48,49,2,train
962,/home/test/bupt_hjk/sdp_dataset/xrf55/wifi/01_49_03.npy,48,49,3,train
963,/home/test/bupt_hjk/sdp_dataset/xrf55/wifi/01_49_04.npy,48,49,4,train
964,/home/test/bupt_hjk/sdp_dataset/xrf55/wifi/01_49_05.npy,48,49,5,train
965,/home/test/bupt_hjk/sdp_dataset/xrf55/wifi/01_49_06.npy,48,49,6,train
966,/home/test/bupt_hjk/sdp_dataset/xrf55/wifi/01_49_07.npy,48,49,7,train
967,/home/test/bupt_hjk/sdp_dataset/xrf55/wifi/01_49_08.npy,48,49,8,train
968,/home/test/bupt_hjk/sdp_dataset/xrf55/wifi/01_49_09.npy,48,49,9,train
969,/home/test/bupt_hjk/sdp_dataset/xrf55/wifi/01_49_10.npy,48,49,10,train
970,/home/test/bupt_hjk/sdp_dataset/xrf55/wifi/01_49_11.npy,48,49,11,train
971,/home/test/bupt_hjk/sdp_dataset/xrf55/wifi/01_49_12.npy,48,49,12,train
972,/home/test/bupt_hjk/sdp_dataset/xrf55/wifi/01_49_13.npy,48,49,13,validation
973,/home/test/bupt_hjk/sdp_dataset/xrf55/wifi/01_49_14.npy,48,49,14,validation
974,/home/test/bupt_hjk/sdp_dataset/xrf55/wifi/01_49_15.npy,48,49,15,validation
975,/home/test/bupt_hjk/sdp_dataset/xrf55/wifi/01_49_16.npy,48,49,16,validation
976,/home/test/bupt_hjk/sdp_dataset/xrf55/wifi/01_49_17.npy,48,49,17,test
977,/home/test/bupt_hjk/sdp_dataset/xrf55/wifi/01_49_18.npy,48,49,18,test
978,/home/test/bupt_hjk/sdp_dataset/xrf55/wifi/01_49_19.npy,48,49,19,test
979,/home/test/bupt_hjk/sdp_dataset/xrf55/wifi/01_49_20.npy,48,49,20,test
980,/home/test/bupt_hjk/sdp_dataset/xrf55/wifi/01_50_01.npy,49,50,1,train
981,/home/test/bupt_hjk/sdp_dataset/xrf55/wifi/01_50_02.npy,49,50,2,train
982,/home/test/bupt_hjk/sdp_dataset/xrf55/wifi/01_50_03.npy,49,50,3,train
983,/home/test/bupt_hjk/sdp_dataset/xrf55/wifi/01_50_04.npy,49,50,4,train
984,/home/test/bupt_hjk/sdp_dataset/xrf55/wifi/01_50_05.npy,49,50,5,train
985,/home/test/bupt_hjk/sdp_dataset/xrf55/wifi/01_50_06.npy,49,50,6,train
986,/home/test/bupt_hjk/sdp_dataset/xrf55/wifi/01_50_07.npy,49,50,7,train
987,/home/test/bupt_hjk/sdp_dataset/xrf55/wifi/01_50_08.npy,49,50,8,train
988,/home/test/bupt_hjk/sdp_dataset/xrf55/wifi/01_50_09.npy,49,50,9,train
989,/home/test/bupt_hjk/sdp_dataset/xrf55/wifi/01_50_10.npy,49,50,10,train
990,/home/test/bupt_hjk/sdp_dataset/xrf55/wifi/01_50_11.npy,49,50,11,train
991,/home/test/bupt_hjk/sdp_dataset/xrf55/wifi/01_50_12.npy,49,50,12,train
992,/home/test/bupt_hjk/sdp_dataset/xrf55/wifi/01_50_13.npy,49,50,13,validation
993,/home/test/bupt_hjk/sdp_dataset/xrf55/wifi/01_50_14.npy,49,50,14,validation
994,/home/test/bupt_hjk/sdp_dataset/xrf55/wifi/01_50_15.npy,49,50,15,validation
995,/home/test/bupt_hjk/sdp_dataset/xrf55/wifi/01_50_16.npy,49,50,16,validation
996,/home/test/bupt_hjk/sdp_dataset/xrf55/wifi/01_50_17.npy,49,50,17,test
997,/home/test/bupt_hjk/sdp_dataset/xrf55/wifi/01_50_18.npy,49,50,18,test
998,/home/test/bupt_hjk/sdp_dataset/xrf55/wifi/01_50_19.npy,49,50,19,test
999,/home/test/bupt_hjk/sdp_dataset/xrf55/wifi/01_50_20.npy,49,50,20,test
1000,/home/test/bupt_hjk/sdp_dataset/xrf55/wifi/01_51_01.npy,50,51,1,train
1001,/home/test/bupt_hjk/sdp_dataset/xrf55/wifi/01_51_02.npy,50,51,2,train
1002,/home/test/bupt_hjk/sdp_dataset/xrf55/wifi/01_51_03.npy,50,51,3,train
1003,/home/test/bupt_hjk/sdp_dataset/xrf55/wifi/01_51_04.npy,50,51,4,train
1004,/home/test/bupt_hjk/sdp_dataset/xrf55/wifi/01_51_05.npy,50,51,5,train
1005,/home/test/bupt_hjk/sdp_dataset/xrf55/wifi/01_51_06.npy,50,51,6,train
1006,/home/test/bupt_hjk/sdp_dataset/xrf55/wifi/01_51_07.npy,50,51,7,train
1007,/home/test/bupt_hjk/sdp_dataset/xrf55/wifi/01_51_08.npy,50,51,8,train
1008,/home/test/bupt_hjk/sdp_dataset/xrf55/wifi/01_51_09.npy,50,51,9,train
1009,/home/test/bupt_hjk/sdp_dataset/xrf55/wifi/01_51_10.npy,50,51,10,train
1010,/home/test/bupt_hjk/sdp_dataset/xrf55/wifi/01_51_11.npy,50,51,11,train
1011,/home/test/bupt_hjk/sdp_dataset/xrf55/wifi/01_51_12.npy,50,51,12,train
1012,/home/test/bupt_hjk/sdp_dataset/xrf55/wifi/01_51_13.npy,50,51,13,validation
1013,/home/test/bupt_hjk/sdp_dataset/xrf55/wifi/01_51_14.npy,50,51,14,validation
1014,/home/test/bupt_hjk/sdp_dataset/xrf55/wifi/01_51_15.npy,50,51,15,validation
1015,/home/test/bupt_hjk/sdp_dataset/xrf55/wifi/01_51_16.npy,50,51,16,validation
1016,/home/test/bupt_hjk/sdp_dataset/xrf55/wifi/01_51_17.npy,50,51,17,test
1017,/home/test/bupt_hjk/sdp_dataset/xrf55/wifi/01_51_18.npy,50,51,18,test
1018,/home/test/bupt_hjk/sdp_dataset/xrf55/wifi/01_51_19.npy,50,51,19,test
1019,/home/test/bupt_hjk/sdp_dataset/xrf55/wifi/01_51_20.npy,50,51,20,test
1020,/home/test/bupt_hjk/sdp_dataset/xrf55/wifi/01_52_01.npy,51,52,1,train
1021,/home/test/bupt_hjk/sdp_dataset/xrf55/wifi/01_52_02.npy,51,52,2,train
1022,/home/test/bupt_hjk/sdp_dataset/xrf55/wifi/01_52_03.npy,51,52,3,train
1023,/home/test/bupt_hjk/sdp_dataset/xrf55/wifi/01_52_04.npy,51,52,4,train
1024,/home/test/bupt_hjk/sdp_dataset/xrf55/wifi/01_52_05.npy,51,52,5,train
1025,/home/test/bupt_hjk/sdp_dataset/xrf55/wifi/01_52_06.npy,51,52,6,train
1026,/home/test/bupt_hjk/sdp_dataset/xrf55/wifi/01_52_07.npy,51,52,7,train
1027,/home/test/bupt_hjk/sdp_dataset/xrf55/wifi/01_52_08.npy,51,52,8,train
1028,/home/test/bupt_hjk/sdp_dataset/xrf55/wifi/01_52_09.npy,51,52,9,train
1029,/home/test/bupt_hjk/sdp_dataset/xrf55/wifi/01_52_10.npy,51,52,10,train
1030,/home/test/bupt_hjk/sdp_dataset/xrf55/wifi/01_52_11.npy,51,52,11,train
1031,/home/test/bupt_hjk/sdp_dataset/xrf55/wifi/01_52_12.npy,51,52,12,train
1032,/home/test/bupt_hjk/sdp_dataset/xrf55/wifi/01_52_13.npy,51,52,13,validation
1033,/home/test/bupt_hjk/sdp_dataset/xrf55/wifi/01_52_14.npy,51,52,14,validation
1034,/home/test/bupt_hjk/sdp_dataset/xrf55/wifi/01_52_15.npy,51,52,15,validation
1035,/home/test/bupt_hjk/sdp_dataset/xrf55/wifi/01_52_16.npy,51,52,16,validation
1036,/home/test/bupt_hjk/sdp_dataset/xrf55/wifi/01_52_17.npy,51,52,17,test
1037,/home/test/bupt_hjk/sdp_dataset/xrf55/wifi/01_52_18.npy,51,52,18,test
1038,/home/test/bupt_hjk/sdp_dataset/xrf55/wifi/01_52_19.npy,51,52,19,test
1039,/home/test/bupt_hjk/sdp_dataset/xrf55/wifi/01_52_20.npy,51,52,20,test
1040,/home/test/bupt_hjk/sdp_dataset/xrf55/wifi/01_53_01.npy,52,53,1,train
1041,/home/test/bupt_hjk/sdp_dataset/xrf55/wifi/01_53_02.npy,52,53,2,train
1042,/home/test/bupt_hjk/sdp_dataset/xrf55/wifi/01_53_03.npy,52,53,3,train
1043,/home/test/bupt_hjk/sdp_dataset/xrf55/wifi/01_53_04.npy,52,53,4,train
1044,/home/test/bupt_hjk/sdp_dataset/xrf55/wifi/01_53_05.npy,52,53,5,train
1045,/home/test/bupt_hjk/sdp_dataset/xrf55/wifi/01_53_06.npy,52,53,6,train
1046,/home/test/bupt_hjk/sdp_dataset/xrf55/wifi/01_53_07.npy,52,53,7,train
1047,/home/test/bupt_hjk/sdp_dataset/xrf55/wifi/01_53_08.npy,52,53,8,train
1048,/home/test/bupt_hjk/sdp_dataset/xrf55/wifi/01_53_09.npy,52,53,9,train
1049,/home/test/bupt_hjk/sdp_dataset/xrf55/wifi/01_53_10.npy,52,53,10,train
1050,/home/test/bupt_hjk/sdp_dataset/xrf55/wifi/01_53_11.npy,52,53,11,train
1051,/home/test/bupt_hjk/sdp_dataset/xrf55/wifi/01_53_12.npy,52,53,12,train
1052,/home/test/bupt_hjk/sdp_dataset/xrf55/wifi/01_53_13.npy,52,53,13,validation
1053,/home/test/bupt_hjk/sdp_dataset/xrf55/wifi/01_53_14.npy,52,53,14,validation
1054,/home/test/bupt_hjk/sdp_dataset/xrf55/wifi/01_53_15.npy,52,53,15,validation
1055,/home/test/bupt_hjk/sdp_dataset/xrf55/wifi/01_53_16.npy,52,53,16,validation
1056,/home/test/bupt_hjk/sdp_dataset/xrf55/wifi/01_53_17.npy,52,53,17,test
1057,/home/test/bupt_hjk/sdp_dataset/xrf55/wifi/01_53_18.npy,52,53,18,test
1058,/home/test/bupt_hjk/sdp_dataset/xrf55/wifi/01_53_19.npy,52,53,19,test
1059,/home/test/bupt_hjk/sdp_dataset/xrf55/wifi/01_53_20.npy,52,53,20,test
1060,/home/test/bupt_hjk/sdp_dataset/xrf55/wifi/01_54_01.npy,53,54,1,train
1061,/home/test/bupt_hjk/sdp_dataset/xrf55/wifi/01_54_02.npy,53,54,2,train
1062,/home/test/bupt_hjk/sdp_dataset/xrf55/wifi/01_54_03.npy,53,54,3,train
1063,/home/test/bupt_hjk/sdp_dataset/xrf55/wifi/01_54_04.npy,53,54,4,train
1064,/home/test/bupt_hjk/sdp_dataset/xrf55/wifi/01_54_05.npy,53,54,5,train
1065,/home/test/bupt_hjk/sdp_dataset/xrf55/wifi/01_54_06.npy,53,54,6,train
1066,/home/test/bupt_hjk/sdp_dataset/xrf55/wifi/01_54_07.npy,53,54,7,train
1067,/home/test/bupt_hjk/sdp_dataset/xrf55/wifi/01_54_08.npy,53,54,8,train
1068,/home/test/bupt_hjk/sdp_dataset/xrf55/wifi/01_54_09.npy,53,54,9,train
1069,/home/test/bupt_hjk/sdp_dataset/xrf55/wifi/01_54_10.npy,53,54,10,train
1070,/home/test/bupt_hjk/sdp_dataset/xrf55/wifi/01_54_11.npy,53,54,11,train
1071,/home/test/bupt_hjk/sdp_dataset/xrf55/wifi/01_54_12.npy,53,54,12,train
1072,/home/test/bupt_hjk/sdp_dataset/xrf55/wifi/01_54_13.npy,53,54,13,validation
1073,/home/test/bupt_hjk/sdp_dataset/xrf55/wifi/01_54_14.npy,53,54,14,validation
1074,/home/test/bupt_hjk/sdp_dataset/xrf55/wifi/01_54_15.npy,53,54,15,validation
1075,/home/test/bupt_hjk/sdp_dataset/xrf55/wifi/01_54_16.npy,53,54,16,validation
1076,/home/test/bupt_hjk/sdp_dataset/xrf55/wifi/01_54_17.npy,53,54,17,test
1077,/home/test/bupt_hjk/sdp_dataset/xrf55/wifi/01_54_18.npy,53,54,18,test
1078,/home/test/bupt_hjk/sdp_dataset/xrf55/wifi/01_54_19.npy,53,54,19,test
1079,/home/test/bupt_hjk/sdp_dataset/xrf55/wifi/01_54_20.npy,53,54,20,test
1080,/home/test/bupt_hjk/sdp_dataset/xrf55/wifi/01_55_01.npy,54,55,1,train
1081,/home/test/bupt_hjk/sdp_dataset/xrf55/wifi/01_55_02.npy,54,55,2,train
1082,/home/test/bupt_hjk/sdp_dataset/xrf55/wifi/01_55_03.npy,54,55,3,train
1083,/home/test/bupt_hjk/sdp_dataset/xrf55/wifi/01_55_04.npy,54,55,4,train
1084,/home/test/bupt_hjk/sdp_dataset/xrf55/wifi/01_55_05.npy,54,55,5,train
1085,/home/test/bupt_hjk/sdp_dataset/xrf55/wifi/01_55_06.npy,54,55,6,train
1086,/home/test/bupt_hjk/sdp_dataset/xrf55/wifi/01_55_07.npy,54,55,7,train
1087,/home/test/bupt_hjk/sdp_dataset/xrf55/wifi/01_55_08.npy,54,55,8,train
1088,/home/test/bupt_hjk/sdp_dataset/xrf55/wifi/01_55_09.npy,54,55,9,train
1089,/home/test/bupt_hjk/sdp_dataset/xrf55/wifi/01_55_10.npy,54,55,10,train
1090,/home/test/bupt_hjk/sdp_dataset/xrf55/wifi/01_55_11.npy,54,55,11,train
1091,/home/test/bupt_hjk/sdp_dataset/xrf55/wifi/01_55_12.npy,54,55,12,train
1092,/home/test/bupt_hjk/sdp_dataset/xrf55/wifi/01_55_13.npy,54,55,13,validation
1093,/home/test/bupt_hjk/sdp_dataset/xrf55/wifi/01_55_14.npy,54,55,14,validation
1094,/home/test/bupt_hjk/sdp_dataset/xrf55/wifi/01_55_15.npy,54,55,15,validation
1095,/home/test/bupt_hjk/sdp_dataset/xrf55/wifi/01_55_16.npy,54,55,16,validation
1096,/home/test/bupt_hjk/sdp_dataset/xrf55/wifi/01_55_17.npy,54,55,17,test
1097,/home/test/bupt_hjk/sdp_dataset/xrf55/wifi/01_55_18.npy,54,55,18,test
1098,/home/test/bupt_hjk/sdp_dataset/xrf55/wifi/01_55_19.npy,54,55,19,test
1099,/home/test/bupt_hjk/sdp_dataset/xrf55/wifi/01_55_20.npy,54,55,20,test
1100,/home/test/bupt_hjk/sdp_dataset/xrf55/wifi/02_01_01.npy,0,1,1,train
1101,/home/test/bupt_hjk/sdp_dataset/xrf55/wifi/02_01_02.npy,0,1,2,train
1102,/home/test/bupt_hjk/sdp_dataset/xrf55/wifi/02_01_03.npy,0,1,3,train
1103,/home/test/bupt_hjk/sdp_dataset/xrf55/wifi/02_01_04.npy,0,1,4,train
1104,/home/test/bupt_hjk/sdp_dataset/xrf55/wifi/02_01_05.npy,0,1,5,train
1105,/home/test/bupt_hjk/sdp_dataset/xrf55/wifi/02_01_06.npy,0,1,6,train
1106,/home/test/bupt_hjk/sdp_dataset/xrf55/wifi/02_01_07.npy,0,1,7,train
1107,/home/test/bupt_hjk/sdp_dataset/xrf55/wifi/02_01_08.npy,0,1,8,train
1108,/home/test/bupt_hjk/sdp_dataset/xrf55/wifi/02_01_09.npy,0,1,9,train
1109,/home/test/bupt_hjk/sdp_dataset/xrf55/wifi/02_01_10.npy,0,1,10,train
1110,/home/test/bupt_hjk/sdp_dataset/xrf55/wifi/02_01_11.npy,0,1,11,train
1111,/home/test/bupt_hjk/sdp_dataset/xrf55/wifi/02_01_12.npy,0,1,12,train
1112,/home/test/bupt_hjk/sdp_dataset/xrf55/wifi/02_01_13.npy,0,1,13,validation
1113,/home/test/bupt_hjk/sdp_dataset/xrf55/wifi/02_01_14.npy,0,1,14,validation
1114,/home/test/bupt_hjk/sdp_dataset/xrf55/wifi/02_01_15.npy,0,1,15,validation
1115,/home/test/bupt_hjk/sdp_dataset/xrf55/wifi/02_01_16.npy,0,1,16,validation
1116,/home/test/bupt_hjk/sdp_dataset/xrf55/wifi/02_01_17.npy,0,1,17,test
1117,/home/test/bupt_hjk/sdp_dataset/xrf55/wifi/02_01_18.npy,0,1,18,test
1118,/home/test/bupt_hjk/sdp_dataset/xrf55/wifi/02_01_19.npy,0,1,19,test
1119,/home/test/bupt_hjk/sdp_dataset/xrf55/wifi/02_01_20.npy,0,1,20,test
1120,/home/test/bupt_hjk/sdp_dataset/xrf55/wifi/02_02_01.npy,1,2,1,train
1121,/home/test/bupt_hjk/sdp_dataset/xrf55/wifi/02_02_02.npy,1,2,2,train
1122,/home/test/bupt_hjk/sdp_dataset/xrf55/wifi/02_02_03.npy,1,2,3,train
1123,/home/test/bupt_hjk/sdp_dataset/xrf55/wifi/02_02_04.npy,1,2,4,train
1124,/home/test/bupt_hjk/sdp_dataset/xrf55/wifi/02_02_05.npy,1,2,5,train
1125,/home/test/bupt_hjk/sdp_dataset/xrf55/wifi/02_02_06.npy,1,2,6,train
1126,/home/test/bupt_hjk/sdp_dataset/xrf55/wifi/02_02_07.npy,1,2,7,train
1127,/home/test/bupt_hjk/sdp_dataset/xrf55/wifi/02_02_08.npy,1,2,8,train
1128,/home/test/bupt_hjk/sdp_dataset/xrf55/wifi/02_02_09.npy,1,2,9,train
1129,/home/test/bupt_hjk/sdp_dataset/xrf55/wifi/02_02_10.npy,1,2,10,train
1130,/home/test/bupt_hjk/sdp_dataset/xrf55/wifi/02_02_11.npy,1,2,11,train
1131,/home/test/bupt_hjk/sdp_dataset/xrf55/wifi/02_02_12.npy,1,2,12,train
1132,/home/test/bupt_hjk/sdp_dataset/xrf55/wifi/02_02_13.npy,1,2,13,validation
1133,/home/test/bupt_hjk/sdp_dataset/xrf55/wifi/02_02_14.npy,1,2,14,validation
1134,/home/test/bupt_hjk/sdp_dataset/xrf55/wifi/02_02_15.npy,1,2,15,validation
1135,/home/test/bupt_hjk/sdp_dataset/xrf55/wifi/02_02_16.npy,1,2,16,validation
1136,/home/test/bupt_hjk/sdp_dataset/xrf55/wifi/02_02_17.npy,1,2,17,test
1137,/home/test/bupt_hjk/sdp_dataset/xrf55/wifi/02_02_18.npy,1,2,18,test
1138,/home/test/bupt_hjk/sdp_dataset/xrf55/wifi/02_02_19.npy,1,2,19,test
1139,/home/test/bupt_hjk/sdp_dataset/xrf55/wifi/02_02_20.npy,1,2,20,test
1140,/home/test/bupt_hjk/sdp_dataset/xrf55/wifi/02_03_01.npy,2,3,1,train
1141,/home/test/bupt_hjk/sdp_dataset/xrf55/wifi/02_03_02.npy,2,3,2,train
1142,/home/test/bupt_hjk/sdp_dataset/xrf55/wifi/02_03_03.npy,2,3,3,train
1143,/home/test/bupt_hjk/sdp_dataset/xrf55/wifi/02_03_04.npy,2,3,4,train
1144,/home/test/bupt_hjk/sdp_dataset/xrf55/wifi/02_03_05.npy,2,3,5,train
1145,/home/test/bupt_hjk/sdp_dataset/xrf55/wifi/02_03_06.npy,2,3,6,train
1146,/home/test/bupt_hjk/sdp_dataset/xrf55/wifi/02_03_07.npy,2,3,7,train
1147,/home/test/bupt_hjk/sdp_dataset/xrf55/wifi/02_03_08.npy,2,3,8,train
1148,/home/test/bupt_hjk/sdp_dataset/xrf55/wifi/02_03_09.npy,2,3,9,train
1149,/home/test/bupt_hjk/sdp_dataset/xrf55/wifi/02_03_10.npy,2,3,10,train
1150,/home/test/bupt_hjk/sdp_dataset/xrf55/wifi/02_03_11.npy,2,3,11,train
1151,/home/test/bupt_hjk/sdp_dataset/xrf55/wifi/02_03_12.npy,2,3,12,train
1152,/home/test/bupt_hjk/sdp_dataset/xrf55/wifi/02_03_13.npy,2,3,13,validation
1153,/home/test/bupt_hjk/sdp_dataset/xrf55/wifi/02_03_14.npy,2,3,14,validation
1154,/home/test/bupt_hjk/sdp_dataset/xrf55/wifi/02_03_15.npy,2,3,15,validation
1155,/home/test/bupt_hjk/sdp_dataset/xrf55/wifi/02_03_16.npy,2,3,16,validation
1156,/home/test/bupt_hjk/sdp_dataset/xrf55/wifi/02_03_17.npy,2,3,17,test
1157,/home/test/bupt_hjk/sdp_dataset/xrf55/wifi/02_03_18.npy,2,3,18,test
1158,/home/test/bupt_hjk/sdp_dataset/xrf55/wifi/02_03_19.npy,2,3,19,test
1159,/home/test/bupt_hjk/sdp_dataset/xrf55/wifi/02_03_20.npy,2,3,20,test
1160,/home/test/bupt_hjk/sdp_dataset/xrf55/wifi/02_04_01.npy,3,4,1,train
1161,/home/test/bupt_hjk/sdp_dataset/xrf55/wifi/02_04_02.npy,3,4,2,train
1162,/home/test/bupt_hjk/sdp_dataset/xrf55/wifi/02_04_03.npy,3,4,3,train
1163,/home/test/bupt_hjk/sdp_dataset/xrf55/wifi/02_04_04.npy,3,4,4,train
1164,/home/test/bupt_hjk/sdp_dataset/xrf55/wifi/02_04_05.npy,3,4,5,train
1165,/home/test/bupt_hjk/sdp_dataset/xrf55/wifi/02_04_06.npy,3,4,6,train
1166,/home/test/bupt_hjk/sdp_dataset/xrf55/wifi/02_04_07.npy,3,4,7,train
1167,/home/test/bupt_hjk/sdp_dataset/xrf55/wifi/02_04_08.npy,3,4,8,train
1168,/home/test/bupt_hjk/sdp_dataset/xrf55/wifi/02_04_09.npy,3,4,9,train
1169,/home/test/bupt_hjk/sdp_dataset/xrf55/wifi/02_04_10.npy,3,4,10,train
1170,/home/test/bupt_hjk/sdp_dataset/xrf55/wifi/02_04_11.npy,3,4,11,train
1171,/home/test/bupt_hjk/sdp_dataset/xrf55/wifi/02_04_12.npy,3,4,12,train
1172,/home/test/bupt_hjk/sdp_dataset/xrf55/wifi/02_04_13.npy,3,4,13,validation
1173,/home/test/bupt_hjk/sdp_dataset/xrf55/wifi/02_04_14.npy,3,4,14,validation
1174,/home/test/bupt_hjk/sdp_dataset/xrf55/wifi/02_04_15.npy,3,4,15,validation
1175,/home/test/bupt_hjk/sdp_dataset/xrf55/wifi/02_04_16.npy,3,4,16,validation
1176,/home/test/bupt_hjk/sdp_dataset/xrf55/wifi/02_04_17.npy,3,4,17,test
1177,/home/test/bupt_hjk/sdp_dataset/xrf55/wifi/02_04_18.npy,3,4,18,test
1178,/home/test/bupt_hjk/sdp_dataset/xrf55/wifi/02_04_19.npy,3,4,19,test
1179,/home/test/bupt_hjk/sdp_dataset/xrf55/wifi/02_04_20.npy,3,4,20,test
1180,/home/test/bupt_hjk/sdp_dataset/xrf55/wifi/02_05_01.npy,4,5,1,train
1181,/home/test/bupt_hjk/sdp_dataset/xrf55/wifi/02_05_02.npy,4,5,2,train
1182,/home/test/bupt_hjk/sdp_dataset/xrf55/wifi/02_05_03.npy,4,5,3,train
1183,/home/test/bupt_hjk/sdp_dataset/xrf55/wifi/02_05_04.npy,4,5,4,train
1184,/home/test/bupt_hjk/sdp_dataset/xrf55/wifi/02_05_05.npy,4,5,5,train
1185,/home/test/bupt_hjk/sdp_dataset/xrf55/wifi/02_05_06.npy,4,5,6,train
1186,/home/test/bupt_hjk/sdp_dataset/xrf55/wifi/02_05_07.npy,4,5,7,train
1187,/home/test/bupt_hjk/sdp_dataset/xrf55/wifi/02_05_08.npy,4,5,8,train
1188,/home/test/bupt_hjk/sdp_dataset/xrf55/wifi/02_05_09.npy,4,5,9,train
1189,/home/test/bupt_hjk/sdp_dataset/xrf55/wifi/02_05_10.npy,4,5,10,train
1190,/home/test/bupt_hjk/sdp_dataset/xrf55/wifi/02_05_11.npy,4,5,11,train
1191,/home/test/bupt_hjk/sdp_dataset/xrf55/wifi/02_05_12.npy,4,5,12,train
1192,/home/test/bupt_hjk/sdp_dataset/xrf55/wifi/02_05_13.npy,4,5,13,validation
1193,/home/test/bupt_hjk/sdp_dataset/xrf55/wifi/02_05_14.npy,4,5,14,validation
1194,/home/test/bupt_hjk/sdp_dataset/xrf55/wifi/02_05_15.npy,4,5,15,validation
1195,/home/test/bupt_hjk/sdp_dataset/xrf55/wifi/02_05_16.npy,4,5,16,validation
1196,/home/test/bupt_hjk/sdp_dataset/xrf55/wifi/02_05_17.npy,4,5,17,test
1197,/home/test/bupt_hjk/sdp_dataset/xrf55/wifi/02_05_18.npy,4,5,18,test
1198,/home/test/bupt_hjk/sdp_dataset/xrf55/wifi/02_05_19.npy,4,5,19,test
1199,/home/test/bupt_hjk/sdp_dataset/xrf55/wifi/02_05_20.npy,4,5,20,test
1200,/home/test/bupt_hjk/sdp_dataset/xrf55/wifi/02_06_01.npy,5,6,1,train
1201,/home/test/bupt_hjk/sdp_dataset/xrf55/wifi/02_06_02.npy,5,6,2,train
1202,/home/test/bupt_hjk/sdp_dataset/xrf55/wifi/02_06_03.npy,5,6,3,train
1203,/home/test/bupt_hjk/sdp_dataset/xrf55/wifi/02_06_04.npy,5,6,4,train
1204,/home/test/bupt_hjk/sdp_dataset/xrf55/wifi/02_06_05.npy,5,6,5,train
1205,/home/test/bupt_hjk/sdp_dataset/xrf55/wifi/02_06_06.npy,5,6,6,train
1206,/home/test/bupt_hjk/sdp_dataset/xrf55/wifi/02_06_07.npy,5,6,7,train
1207,/home/test/bupt_hjk/sdp_dataset/xrf55/wifi/02_06_08.npy,5,6,8,train
1208,/home/test/bupt_hjk/sdp_dataset/xrf55/wifi/02_06_09.npy,5,6,9,train
1209,/home/test/bupt_hjk/sdp_dataset/xrf55/wifi/02_06_10.npy,5,6,10,train
1210,/home/test/bupt_hjk/sdp_dataset/xrf55/wifi/02_06_11.npy,5,6,11,train
1211,/home/test/bupt_hjk/sdp_dataset/xrf55/wifi/02_06_12.npy,5,6,12,train
1212,/home/test/bupt_hjk/sdp_dataset/xrf55/wifi/02_06_13.npy,5,6,13,validation
1213,/home/test/bupt_hjk/sdp_dataset/xrf55/wifi/02_06_14.npy,5,6,14,validation
1214,/home/test/bupt_hjk/sdp_dataset/xrf55/wifi/02_06_15.npy,5,6,15,validation
1215,/home/test/bupt_hjk/sdp_dataset/xrf55/wifi/02_06_16.npy,5,6,16,validation
1216,/home/test/bupt_hjk/sdp_dataset/xrf55/wifi/02_06_17.npy,5,6,17,test
1217,/home/test/bupt_hjk/sdp_dataset/xrf55/wifi/02_06_18.npy,5,6,18,test
1218,/home/test/bupt_hjk/sdp_dataset/xrf55/wifi/02_06_19.npy,5,6,19,test
1219,/home/test/bupt_hjk/sdp_dataset/xrf55/wifi/02_06_20.npy,5,6,20,test
1220,/home/test/bupt_hjk/sdp_dataset/xrf55/wifi/02_07_01.npy,6,7,1,train
1221,/home/test/bupt_hjk/sdp_dataset/xrf55/wifi/02_07_02.npy,6,7,2,train
1222,/home/test/bupt_hjk/sdp_dataset/xrf55/wifi/02_07_03.npy,6,7,3,train
1223,/home/test/bupt_hjk/sdp_dataset/xrf55/wifi/02_07_04.npy,6,7,4,train
1224,/home/test/bupt_hjk/sdp_dataset/xrf55/wifi/02_07_05.npy,6,7,5,train
1225,/home/test/bupt_hjk/sdp_dataset/xrf55/wifi/02_07_06.npy,6,7,6,train
1226,/home/test/bupt_hjk/sdp_dataset/xrf55/wifi/02_07_07.npy,6,7,7,train
1227,/home/test/bupt_hjk/sdp_dataset/xrf55/wifi/02_07_08.npy,6,7,8,train
1228,/home/test/bupt_hjk/sdp_dataset/xrf55/wifi/02_07_09.npy,6,7,9,train
1229,/home/test/bupt_hjk/sdp_dataset/xrf55/wifi/02_07_10.npy,6,7,10,train
1230,/home/test/bupt_hjk/sdp_dataset/xrf55/wifi/02_07_11.npy,6,7,11,train
1231,/home/test/bupt_hjk/sdp_dataset/xrf55/wifi/02_07_12.npy,6,7,12,train
1232,/home/test/bupt_hjk/sdp_dataset/xrf55/wifi/02_07_13.npy,6,7,13,validation
1233,/home/test/bupt_hjk/sdp_dataset/xrf55/wifi/02_07_14.npy,6,7,14,validation
1234,/home/test/bupt_hjk/sdp_dataset/xrf55/wifi/02_07_15.npy,6,7,15,validation
1235,/home/test/bupt_hjk/sdp_dataset/xrf55/wifi/02_07_16.npy,6,7,16,validation
1236,/home/test/bupt_hjk/sdp_dataset/xrf55/wifi/02_07_17.npy,6,7,17,test
1237,/home/test/bupt_hjk/sdp_dataset/xrf55/wifi/02_07_18.npy,6,7,18,test
1238,/home/test/bupt_hjk/sdp_dataset/xrf55/wifi/02_07_19.npy,6,7,19,test
1239,/home/test/bupt_hjk/sdp_dataset/xrf55/wifi/02_07_20.npy,6,7,20,test
1240,/home/test/bupt_hjk/sdp_dataset/xrf55/wifi/02_08_01.npy,7,8,1,train
1241,/home/test/bupt_hjk/sdp_dataset/xrf55/wifi/02_08_02.npy,7,8,2,train
1242,/home/test/bupt_hjk/sdp_dataset/xrf55/wifi/02_08_03.npy,7,8,3,train
1243,/home/test/bupt_hjk/sdp_dataset/xrf55/wifi/02_08_04.npy,7,8,4,train
1244,/home/test/bupt_hjk/sdp_dataset/xrf55/wifi/02_08_05.npy,7,8,5,train
1245,/home/test/bupt_hjk/sdp_dataset/xrf55/wifi/02_08_06.npy,7,8,6,train
1246,/home/test/bupt_hjk/sdp_dataset/xrf55/wifi/02_08_07.npy,7,8,7,train
1247,/home/test/bupt_hjk/sdp_dataset/xrf55/wifi/02_08_08.npy,7,8,8,train
1248,/home/test/bupt_hjk/sdp_dataset/xrf55/wifi/02_08_09.npy,7,8,9,train
1249,/home/test/bupt_hjk/sdp_dataset/xrf55/wifi/02_08_10.npy,7,8,10,train
1250,/home/test/bupt_hjk/sdp_dataset/xrf55/wifi/02_08_11.npy,7,8,11,train
1251,/home/test/bupt_hjk/sdp_dataset/xrf55/wifi/02_08_12.npy,7,8,12,train
1252,/home/test/bupt_hjk/sdp_dataset/xrf55/wifi/02_08_13.npy,7,8,13,validation
1253,/home/test/bupt_hjk/sdp_dataset/xrf55/wifi/02_08_14.npy,7,8,14,validation
1254,/home/test/bupt_hjk/sdp_dataset/xrf55/wifi/02_08_15.npy,7,8,15,validation
1255,/home/test/bupt_hjk/sdp_dataset/xrf55/wifi/02_08_16.npy,7,8,16,validation
1256,/home/test/bupt_hjk/sdp_dataset/xrf55/wifi/02_08_17.npy,7,8,17,test
1257,/home/test/bupt_hjk/sdp_dataset/xrf55/wifi/02_08_18.npy,7,8,18,test
1258,/home/test/bupt_hjk/sdp_dataset/xrf55/wifi/02_08_19.npy,7,8,19,test
1259,/home/test/bupt_hjk/sdp_dataset/xrf55/wifi/02_08_20.npy,7,8,20,test
1260,/home/test/bupt_hjk/sdp_dataset/xrf55/wifi/02_09_01.npy,8,9,1,train
1261,/home/test/bupt_hjk/sdp_dataset/xrf55/wifi/02_09_02.npy,8,9,2,train
1262,/home/test/bupt_hjk/sdp_dataset/xrf55/wifi/02_09_03.npy,8,9,3,train
1263,/home/test/bupt_hjk/sdp_dataset/xrf55/wifi/02_09_04.npy,8,9,4,train
1264,/home/test/bupt_hjk/sdp_dataset/xrf55/wifi/02_09_05.npy,8,9,5,train
1265,/home/test/bupt_hjk/sdp_dataset/xrf55/wifi/02_09_06.npy,8,9,6,train
1266,/home/test/bupt_hjk/sdp_dataset/xrf55/wifi/02_09_07.npy,8,9,7,train
1267,/home/test/bupt_hjk/sdp_dataset/xrf55/wifi/02_09_08.npy,8,9,8,train
1268,/home/test/bupt_hjk/sdp_dataset/xrf55/wifi/02_09_09.npy,8,9,9,train
1269,/home/test/bupt_hjk/sdp_dataset/xrf55/wifi/02_09_10.npy,8,9,10,train
1270,/home/test/bupt_hjk/sdp_dataset/xrf55/wifi/02_09_11.npy,8,9,11,train
1271,/home/test/bupt_hjk/sdp_dataset/xrf55/wifi/02_09_12.npy,8,9,12,train
1272,/home/test/bupt_hjk/sdp_dataset/xrf55/wifi/02_09_13.npy,8,9,13,validation
1273,/home/test/bupt_hjk/sdp_dataset/xrf55/wifi/02_09_14.npy,8,9,14,validation
1274,/home/test/bupt_hjk/sdp_dataset/xrf55/wifi/02_09_15.npy,8,9,15,validation
1275,/home/test/bupt_hjk/sdp_dataset/xrf55/wifi/02_09_16.npy,8,9,16,validation
1276,/home/test/bupt_hjk/sdp_dataset/xrf55/wifi/02_09_17.npy,8,9,17,test
1277,/home/test/bupt_hjk/sdp_dataset/xrf55/wifi/02_09_18.npy,8,9,18,test
1278,/home/test/bupt_hjk/sdp_dataset/xrf55/wifi/02_09_19.npy,8,9,19,test
1279,/home/test/bupt_hjk/sdp_dataset/xrf55/wifi/02_09_20.npy,8,9,20,test
1280,/home/test/bupt_hjk/sdp_dataset/xrf55/wifi/02_10_01.npy,9,10,1,train
1281,/home/test/bupt_hjk/sdp_dataset/xrf55/wifi/02_10_02.npy,9,10,2,train
1282,/home/test/bupt_hjk/sdp_dataset/xrf55/wifi/02_10_03.npy,9,10,3,train
1283,/home/test/bupt_hjk/sdp_dataset/xrf55/wifi/02_10_04.npy,9,10,4,train
1284,/home/test/bupt_hjk/sdp_dataset/xrf55/wifi/02_10_05.npy,9,10,5,train
1285,/home/test/bupt_hjk/sdp_dataset/xrf55/wifi/02_10_06.npy,9,10,6,train
1286,/home/test/bupt_hjk/sdp_dataset/xrf55/wifi/02_10_07.npy,9,10,7,train
1287,/home/test/bupt_hjk/sdp_dataset/xrf55/wifi/02_10_08.npy,9,10,8,train
1288,/home/test/bupt_hjk/sdp_dataset/xrf55/wifi/02_10_09.npy,9,10,9,train
1289,/home/test/bupt_hjk/sdp_dataset/xrf55/wifi/02_10_10.npy,9,10,10,train
1290,/home/test/bupt_hjk/sdp_dataset/xrf55/wifi/02_10_11.npy,9,10,11,train
1291,/home/test/bupt_hjk/sdp_dataset/xrf55/wifi/02_10_12.npy,9,10,12,train
1292,/home/test/bupt_hjk/sdp_dataset/xrf55/wifi/02_10_13.npy,9,10,13,validation
1293,/home/test/bupt_hjk/sdp_dataset/xrf55/wifi/02_10_14.npy,9,10,14,validation
1294,/home/test/bupt_hjk/sdp_dataset/xrf55/wifi/02_10_15.npy,9,10,15,validation
1295,/home/test/bupt_hjk/sdp_dataset/xrf55/wifi/02_10_16.npy,9,10,16,validation
1296,/home/test/bupt_hjk/sdp_dataset/xrf55/wifi/02_10_17.npy,9,10,17,test
1297,/home/test/bupt_hjk/sdp_dataset/xrf55/wifi/02_10_18.npy,9,10,18,test
1298,/home/test/bupt_hjk/sdp_dataset/xrf55/wifi/02_10_19.npy,9,10,19,test
1299,/home/test/bupt_hjk/sdp_dataset/xrf55/wifi/02_10_20.npy,9,10,20,test
1300,/home/test/bupt_hjk/sdp_dataset/xrf55/wifi/02_11_01.npy,10,11,1,train
1301,/home/test/bupt_hjk/sdp_dataset/xrf55/wifi/02_11_02.npy,10,11,2,train
1302,/home/test/bupt_hjk/sdp_dataset/xrf55/wifi/02_11_03.npy,10,11,3,train
1303,/home/test/bupt_hjk/sdp_dataset/xrf55/wifi/02_11_04.npy,10,11,4,train
1304,/home/test/bupt_hjk/sdp_dataset/xrf55/wifi/02_11_05.npy,10,11,5,train
1305,/home/test/bupt_hjk/sdp_dataset/xrf55/wifi/02_11_06.npy,10,11,6,train
1306,/home/test/bupt_hjk/sdp_dataset/xrf55/wifi/02_11_07.npy,10,11,7,train
1307,/home/test/bupt_hjk/sdp_dataset/xrf55/wifi/02_11_08.npy,10,11,8,train
1308,/home/test/bupt_hjk/sdp_dataset/xrf55/wifi/02_11_09.npy,10,11,9,train
1309,/home/test/bupt_hjk/sdp_dataset/xrf55/wifi/02_11_10.npy,10,11,10,train
1310,/home/test/bupt_hjk/sdp_dataset/xrf55/wifi/02_11_11.npy,10,11,11,train
1311,/home/test/bupt_hjk/sdp_dataset/xrf55/wifi/02_11_12.npy,10,11,12,train
1312,/home/test/bupt_hjk/sdp_dataset/xrf55/wifi/02_11_13.npy,10,11,13,validation
1313,/home/test/bupt_hjk/sdp_dataset/xrf55/wifi/02_11_14.npy,10,11,14,validation
1314,/home/test/bupt_hjk/sdp_dataset/xrf55/wifi/02_11_15.npy,10,11,15,validation
1315,/home/test/bupt_hjk/sdp_dataset/xrf55/wifi/02_11_16.npy,10,11,16,validation
1316,/home/test/bupt_hjk/sdp_dataset/xrf55/wifi/02_11_17.npy,10,11,17,test
1317,/home/test/bupt_hjk/sdp_dataset/xrf55/wifi/02_11_18.npy,10,11,18,test
1318,/home/test/bupt_hjk/sdp_dataset/xrf55/wifi/02_11_19.npy,10,11,19,test
1319,/home/test/bupt_hjk/sdp_dataset/xrf55/wifi/02_11_20.npy,10,11,20,test
1320,/home/test/bupt_hjk/sdp_dataset/xrf55/wifi/02_12_01.npy,11,12,1,train
1321,/home/test/bupt_hjk/sdp_dataset/xrf55/wifi/02_12_02.npy,11,12,2,train
1322,/home/test/bupt_hjk/sdp_dataset/xrf55/wifi/02_12_03.npy,11,12,3,train
1323,/home/test/bupt_hjk/sdp_dataset/xrf55/wifi/02_12_04.npy,11,12,4,train
1324,/home/test/bupt_hjk/sdp_dataset/xrf55/wifi/02_12_05.npy,11,12,5,train
1325,/home/test/bupt_hjk/sdp_dataset/xrf55/wifi/02_12_06.npy,11,12,6,train
1326,/home/test/bupt_hjk/sdp_dataset/xrf55/wifi/02_12_07.npy,11,12,7,train
1327,/home/test/bupt_hjk/sdp_dataset/xrf55/wifi/02_12_08.npy,11,12,8,train
1328,/home/test/bupt_hjk/sdp_dataset/xrf55/wifi/02_12_09.npy,11,12,9,train
1329,/home/test/bupt_hjk/sdp_dataset/xrf55/wifi/02_12_10.npy,11,12,10,train
1330,/home/test/bupt_hjk/sdp_dataset/xrf55/wifi/02_12_11.npy,11,12,11,train
1331,/home/test/bupt_hjk/sdp_dataset/xrf55/wifi/02_12_12.npy,11,12,12,train
1332,/home/test/bupt_hjk/sdp_dataset/xrf55/wifi/02_12_13.npy,11,12,13,validation
1333,/home/test/bupt_hjk/sdp_dataset/xrf55/wifi/02_12_14.npy,11,12,14,validation
1334,/home/test/bupt_hjk/sdp_dataset/xrf55/wifi/02_12_15.npy,11,12,15,validation
1335,/home/test/bupt_hjk/sdp_dataset/xrf55/wifi/02_12_16.npy,11,12,16,validation
1336,/home/test/bupt_hjk/sdp_dataset/xrf55/wifi/02_12_17.npy,11,12,17,test
1337,/home/test/bupt_hjk/sdp_dataset/xrf55/wifi/02_12_18.npy,11,12,18,test
1338,/home/test/bupt_hjk/sdp_dataset/xrf55/wifi/02_12_19.npy,11,12,19,test
1339,/home/test/bupt_hjk/sdp_dataset/xrf55/wifi/02_12_20.npy,11,12,20,test
1340,/home/test/bupt_hjk/sdp_dataset/xrf55/wifi/02_13_01.npy,12,13,1,train
1341,/home/test/bupt_hjk/sdp_dataset/xrf55/wifi/02_13_02.npy,12,13,2,train
1342,/home/test/bupt_hjk/sdp_dataset/xrf55/wifi/02_13_03.npy,12,13,3,train
1343,/home/test/bupt_hjk/sdp_dataset/xrf55/wifi/02_13_04.npy,12,13,4,train
1344,/home/test/bupt_hjk/sdp_dataset/xrf55/wifi/02_13_05.npy,12,13,5,train
1345,/home/test/bupt_hjk/sdp_dataset/xrf55/wifi/02_13_06.npy,12,13,6,train
1346,/home/test/bupt_hjk/sdp_dataset/xrf55/wifi/02_13_07.npy,12,13,7,train
1347,/home/test/bupt_hjk/sdp_dataset/xrf55/wifi/02_13_08.npy,12,13,8,train
1348,/home/test/bupt_hjk/sdp_dataset/xrf55/wifi/02_13_09.npy,12,13,9,train
1349,/home/test/bupt_hjk/sdp_dataset/xrf55/wifi/02_13_10.npy,12,13,10,train
1350,/home/test/bupt_hjk/sdp_dataset/xrf55/wifi/02_13_11.npy,12,13,11,train
1351,/home/test/bupt_hjk/sdp_dataset/xrf55/wifi/02_13_12.npy,12,13,12,train
1352,/home/test/bupt_hjk/sdp_dataset/xrf55/wifi/02_13_13.npy,12,13,13,validation
1353,/home/test/bupt_hjk/sdp_dataset/xrf55/wifi/02_13_14.npy,12,13,14,validation
1354,/home/test/bupt_hjk/sdp_dataset/xrf55/wifi/02_13_15.npy,12,13,15,validation
1355,/home/test/bupt_hjk/sdp_dataset/xrf55/wifi/02_13_16.npy,12,13,16,validation
1356,/home/test/bupt_hjk/sdp_dataset/xrf55/wifi/02_13_17.npy,12,13,17,test
1357,/home/test/bupt_hjk/sdp_dataset/xrf55/wifi/02_13_18.npy,12,13,18,test
1358,/home/test/bupt_hjk/sdp_dataset/xrf55/wifi/02_13_19.npy,12,13,19,test
1359,/home/test/bupt_hjk/sdp_dataset/xrf55/wifi/02_13_20.npy,12,13,20,test
1360,/home/test/bupt_hjk/sdp_dataset/xrf55/wifi/02_14_01.npy,13,14,1,train
1361,/home/test/bupt_hjk/sdp_dataset/xrf55/wifi/02_14_02.npy,13,14,2,train
1362,/home/test/bupt_hjk/sdp_dataset/xrf55/wifi/02_14_03.npy,13,14,3,train
1363,/home/test/bupt_hjk/sdp_dataset/xrf55/wifi/02_14_04.npy,13,14,4,train
1364,/home/test/bupt_hjk/sdp_dataset/xrf55/wifi/02_14_05.npy,13,14,5,train
1365,/home/test/bupt_hjk/sdp_dataset/xrf55/wifi/02_14_06.npy,13,14,6,train
1366,/home/test/bupt_hjk/sdp_dataset/xrf55/wifi/02_14_07.npy,13,14,7,train
1367,/home/test/bupt_hjk/sdp_dataset/xrf55/wifi/02_14_08.npy,13,14,8,train
1368,/home/test/bupt_hjk/sdp_dataset/xrf55/wifi/02_14_09.npy,13,14,9,train
1369,/home/test/bupt_hjk/sdp_dataset/xrf55/wifi/02_14_10.npy,13,14,10,train
1370,/home/test/bupt_hjk/sdp_dataset/xrf55/wifi/02_14_11.npy,13,14,11,train
1371,/home/test/bupt_hjk/sdp_dataset/xrf55/wifi/02_14_12.npy,13,14,12,train
1372,/home/test/bupt_hjk/sdp_dataset/xrf55/wifi/02_14_13.npy,13,14,13,validation
1373,/home/test/bupt_hjk/sdp_dataset/xrf55/wifi/02_14_14.npy,13,14,14,validation
1374,/home/test/bupt_hjk/sdp_dataset/xrf55/wifi/02_14_15.npy,13,14,15,validation
1375,/home/test/bupt_hjk/sdp_dataset/xrf55/wifi/02_14_16.npy,13,14,16,validation
1376,/home/test/bupt_hjk/sdp_dataset/xrf55/wifi/02_14_17.npy,13,14,17,test
1377,/home/test/bupt_hjk/sdp_dataset/xrf55/wifi/02_14_18.npy,13,14,18,test
1378,/home/test/bupt_hjk/sdp_dataset/xrf55/wifi/02_14_19.npy,13,14,19,test
1379,/home/test/bupt_hjk/sdp_dataset/xrf55/wifi/02_14_20.npy,13,14,20,test
1380,/home/test/bupt_hjk/sdp_dataset/xrf55/wifi/02_15_01.npy,14,15,1,train
1381,/home/test/bupt_hjk/sdp_dataset/xrf55/wifi/02_15_02.npy,14,15,2,train
1382,/home/test/bupt_hjk/sdp_dataset/xrf55/wifi/02_15_03.npy,14,15,3,train
1383,/home/test/bupt_hjk/sdp_dataset/xrf55/wifi/02_15_04.npy,14,15,4,train
1384,/home/test/bupt_hjk/sdp_dataset/xrf55/wifi/02_15_05.npy,14,15,5,train
1385,/home/test/bupt_hjk/sdp_dataset/xrf55/wifi/02_15_06.npy,14,15,6,train
1386,/home/test/bupt_hjk/sdp_dataset/xrf55/wifi/02_15_07.npy,14,15,7,train
1387,/home/test/bupt_hjk/sdp_dataset/xrf55/wifi/02_15_08.npy,14,15,8,train
1388,/home/test/bupt_hjk/sdp_dataset/xrf55/wifi/02_15_09.npy,14,15,9,train
1389,/home/test/bupt_hjk/sdp_dataset/xrf55/wifi/02_15_10.npy,14,15,10,train
1390,/home/test/bupt_hjk/sdp_dataset/xrf55/wifi/02_15_11.npy,14,15,11,train
1391,/home/test/bupt_hjk/sdp_dataset/xrf55/wifi/02_15_12.npy,14,15,12,train
1392,/home/test/bupt_hjk/sdp_dataset/xrf55/wifi/02_15_13.npy,14,15,13,validation
1393,/home/test/bupt_hjk/sdp_dataset/xrf55/wifi/02_15_14.npy,14,15,14,validation
1394,/home/test/bupt_hjk/sdp_dataset/xrf55/wifi/02_15_15.npy,14,15,15,validation
1395,/home/test/bupt_hjk/sdp_dataset/xrf55/wifi/02_15_16.npy,14,15,16,validation
1396,/home/test/bupt_hjk/sdp_dataset/xrf55/wifi/02_15_17.npy,14,15,17,test
1397,/home/test/bupt_hjk/sdp_dataset/xrf55/wifi/02_15_18.npy,14,15,18,test
1398,/home/test/bupt_hjk/sdp_dataset/xrf55/wifi/02_15_19.npy,14,15,19,test
1399,/home/test/bupt_hjk/sdp_dataset/xrf55/wifi/02_15_20.npy,14,15,20,test
1400,/home/test/bupt_hjk/sdp_dataset/xrf55/wifi/02_16_01.npy,15,16,1,train
1401,/home/test/bupt_hjk/sdp_dataset/xrf55/wifi/02_16_02.npy,15,16,2,train
1402,/home/test/bupt_hjk/sdp_dataset/xrf55/wifi/02_16_03.npy,15,16,3,train
1403,/home/test/bupt_hjk/sdp_dataset/xrf55/wifi/02_16_04.npy,15,16,4,train
1404,/home/test/bupt_hjk/sdp_dataset/xrf55/wifi/02_16_05.npy,15,16,5,train
1405,/home/test/bupt_hjk/sdp_dataset/xrf55/wifi/02_16_06.npy,15,16,6,train
1406,/home/test/bupt_hjk/sdp_dataset/xrf55/wifi/02_16_07.npy,15,16,7,train
1407,/home/test/bupt_hjk/sdp_dataset/xrf55/wifi/02_16_08.npy,15,16,8,train
1408,/home/test/bupt_hjk/sdp_dataset/xrf55/wifi/02_16_09.npy,15,16,9,train
1409,/home/test/bupt_hjk/sdp_dataset/xrf55/wifi/02_16_10.npy,15,16,10,train
1410,/home/test/bupt_hjk/sdp_dataset/xrf55/wifi/02_16_11.npy,15,16,11,train
1411,/home/test/bupt_hjk/sdp_dataset/xrf55/wifi/02_16_12.npy,15,16,12,train
1412,/home/test/bupt_hjk/sdp_dataset/xrf55/wifi/02_16_13.npy,15,16,13,validation
1413,/home/test/bupt_hjk/sdp_dataset/xrf55/wifi/02_16_14.npy,15,16,14,validation
1414,/home/test/bupt_hjk/sdp_dataset/xrf55/wifi/02_16_15.npy,15,16,15,validation
1415,/home/test/bupt_hjk/sdp_dataset/xrf55/wifi/02_16_16.npy,15,16,16,validation
1416,/home/test/bupt_hjk/sdp_dataset/xrf55/wifi/02_16_17.npy,15,16,17,test
1417,/home/test/bupt_hjk/sdp_dataset/xrf55/wifi/02_16_18.npy,15,16,18,test
1418,/home/test/bupt_hjk/sdp_dataset/xrf55/wifi/02_16_19.npy,15,16,19,test
1419,/home/test/bupt_hjk/sdp_dataset/xrf55/wifi/02_16_20.npy,15,16,20,test
1420,/home/test/bupt_hjk/sdp_dataset/xrf55/wifi/02_17_01.npy,16,17,1,train
1421,/home/test/bupt_hjk/sdp_dataset/xrf55/wifi/02_17_02.npy,16,17,2,train
1422,/home/test/bupt_hjk/sdp_dataset/xrf55/wifi/02_17_03.npy,16,17,3,train
1423,/home/test/bupt_hjk/sdp_dataset/xrf55/wifi/02_17_04.npy,16,17,4,train
1424,/home/test/bupt_hjk/sdp_dataset/xrf55/wifi/02_17_05.npy,16,17,5,train
1425,/home/test/bupt_hjk/sdp_dataset/xrf55/wifi/02_17_06.npy,16,17,6,train
1426,/home/test/bupt_hjk/sdp_dataset/xrf55/wifi/02_17_07.npy,16,17,7,train
1427,/home/test/bupt_hjk/sdp_dataset/xrf55/wifi/02_17_08.npy,16,17,8,train
1428,/home/test/bupt_hjk/sdp_dataset/xrf55/wifi/02_17_09.npy,16,17,9,train
1429,/home/test/bupt_hjk/sdp_dataset/xrf55/wifi/02_17_10.npy,16,17,10,train
1430,/home/test/bupt_hjk/sdp_dataset/xrf55/wifi/02_17_11.npy,16,17,11,train
1431,/home/test/bupt_hjk/sdp_dataset/xrf55/wifi/02_17_12.npy,16,17,12,train
1432,/home/test/bupt_hjk/sdp_dataset/xrf55/wifi/02_17_13.npy,16,17,13,validation
1433,/home/test/bupt_hjk/sdp_dataset/xrf55/wifi/02_17_14.npy,16,17,14,validation
1434,/home/test/bupt_hjk/sdp_dataset/xrf55/wifi/02_17_15.npy,16,17,15,validation
1435,/home/test/bupt_hjk/sdp_dataset/xrf55/wifi/02_17_16.npy,16,17,16,validation
1436,/home/test/bupt_hjk/sdp_dataset/xrf55/wifi/02_17_17.npy,16,17,17,test
1437,/home/test/bupt_hjk/sdp_dataset/xrf55/wifi/02_17_18.npy,16,17,18,test
1438,/home/test/bupt_hjk/sdp_dataset/xrf55/wifi/02_17_19.npy,16,17,19,test
1439,/home/test/bupt_hjk/sdp_dataset/xrf55/wifi/02_17_20.npy,16,17,20,test
1440,/home/test/bupt_hjk/sdp_dataset/xrf55/wifi/02_18_01.npy,17,18,1,train
1441,/home/test/bupt_hjk/sdp_dataset/xrf55/wifi/02_18_02.npy,17,18,2,train
1442,/home/test/bupt_hjk/sdp_dataset/xrf55/wifi/02_18_03.npy,17,18,3,train
1443,/home/test/bupt_hjk/sdp_dataset/xrf55/wifi/02_18_04.npy,17,18,4,train
1444,/home/test/bupt_hjk/sdp_dataset/xrf55/wifi/02_18_05.npy,17,18,5,train
1445,/home/test/bupt_hjk/sdp_dataset/xrf55/wifi/02_18_06.npy,17,18,6,train
1446,/home/test/bupt_hjk/sdp_dataset/xrf55/wifi/02_18_07.npy,17,18,7,train
1447,/home/test/bupt_hjk/sdp_dataset/xrf55/wifi/02_18_08.npy,17,18,8,train
1448,/home/test/bupt_hjk/sdp_dataset/xrf55/wifi/02_18_09.npy,17,18,9,train
1449,/home/test/bupt_hjk/sdp_dataset/xrf55/wifi/02_18_10.npy,17,18,10,train
1450,/home/test/bupt_hjk/sdp_dataset/xrf55/wifi/02_18_11.npy,17,18,11,train
1451,/home/test/bupt_hjk/sdp_dataset/xrf55/wifi/02_18_12.npy,17,18,12,train
1452,/home/test/bupt_hjk/sdp_dataset/xrf55/wifi/02_18_13.npy,17,18,13,validation
1453,/home/test/bupt_hjk/sdp_dataset/xrf55/wifi/02_18_14.npy,17,18,14,validation
1454,/home/test/bupt_hjk/sdp_dataset/xrf55/wifi/02_18_15.npy,17,18,15,validation
1455,/home/test/bupt_hjk/sdp_dataset/xrf55/wifi/02_18_16.npy,17,18,16,validation
1456,/home/test/bupt_hjk/sdp_dataset/xrf55/wifi/02_18_17.npy,17,18,17,test
1457,/home/test/bupt_hjk/sdp_dataset/xrf55/wifi/02_18_18.npy,17,18,18,test
1458,/home/test/bupt_hjk/sdp_dataset/xrf55/wifi/02_18_19.npy,17,18,19,test
1459,/home/test/bupt_hjk/sdp_dataset/xrf55/wifi/02_18_20.npy,17,18,20,test
1460,/home/test/bupt_hjk/sdp_dataset/xrf55/wifi/02_19_01.npy,18,19,1,train
1461,/home/test/bupt_hjk/sdp_dataset/xrf55/wifi/02_19_02.npy,18,19,2,train
1462,/home/test/bupt_hjk/sdp_dataset/xrf55/wifi/02_19_03.npy,18,19,3,train
1463,/home/test/bupt_hjk/sdp_dataset/xrf55/wifi/02_19_04.npy,18,19,4,train
1464,/home/test/bupt_hjk/sdp_dataset/xrf55/wifi/02_19_05.npy,18,19,5,train
1465,/home/test/bupt_hjk/sdp_dataset/xrf55/wifi/02_19_06.npy,18,19,6,train
1466,/home/test/bupt_hjk/sdp_dataset/xrf55/wifi/02_19_07.npy,18,19,7,train
1467,/home/test/bupt_hjk/sdp_dataset/xrf55/wifi/02_19_08.npy,18,19,8,train
1468,/home/test/bupt_hjk/sdp_dataset/xrf55/wifi/02_19_09.npy,18,19,9,train
1469,/home/test/bupt_hjk/sdp_dataset/xrf55/wifi/02_19_10.npy,18,19,10,train
1470,/home/test/bupt_hjk/sdp_dataset/xrf55/wifi/02_19_11.npy,18,19,11,train
1471,/home/test/bupt_hjk/sdp_dataset/xrf55/wifi/02_19_12.npy,18,19,12,train
1472,/home/test/bupt_hjk/sdp_dataset/xrf55/wifi/02_19_13.npy,18,19,13,validation
1473,/home/test/bupt_hjk/sdp_dataset/xrf55/wifi/02_19_14.npy,18,19,14,validation
1474,/home/test/bupt_hjk/sdp_dataset/xrf55/wifi/02_19_15.npy,18,19,15,validation
1475,/home/test/bupt_hjk/sdp_dataset/xrf55/wifi/02_19_16.npy,18,19,16,validation
1476,/home/test/bupt_hjk/sdp_dataset/xrf55/wifi/02_19_17.npy,18,19,17,test
1477,/home/test/bupt_hjk/sdp_dataset/xrf55/wifi/02_19_18.npy,18,19,18,test
1478,/home/test/bupt_hjk/sdp_dataset/xrf55/wifi/02_19_19.npy,18,19,19,test
1479,/home/test/bupt_hjk/sdp_dataset/xrf55/wifi/02_19_20.npy,18,19,20,test
1480,/home/test/bupt_hjk/sdp_dataset/xrf55/wifi/02_20_01.npy,19,20,1,train
1481,/home/test/bupt_hjk/sdp_dataset/xrf55/wifi/02_20_02.npy,19,20,2,train
1482,/home/test/bupt_hjk/sdp_dataset/xrf55/wifi/02_20_03.npy,19,20,3,train
1483,/home/test/bupt_hjk/sdp_dataset/xrf55/wifi/02_20_04.npy,19,20,4,train
1484,/home/test/bupt_hjk/sdp_dataset/xrf55/wifi/02_20_05.npy,19,20,5,train
1485,/home/test/bupt_hjk/sdp_dataset/xrf55/wifi/02_20_06.npy,19,20,6,train
1486,/home/test/bupt_hjk/sdp_dataset/xrf55/wifi/02_20_07.npy,19,20,7,train
1487,/home/test/bupt_hjk/sdp_dataset/xrf55/wifi/02_20_08.npy,19,20,8,train
1488,/home/test/bupt_hjk/sdp_dataset/xrf55/wifi/02_20_09.npy,19,20,9,train
1489,/home/test/bupt_hjk/sdp_dataset/xrf55/wifi/02_20_10.npy,19,20,10,train
1490,/home/test/bupt_hjk/sdp_dataset/xrf55/wifi/02_20_11.npy,19,20,11,train
1491,/home/test/bupt_hjk/sdp_dataset/xrf55/wifi/02_20_12.npy,19,20,12,train
1492,/home/test/bupt_hjk/sdp_dataset/xrf55/wifi/02_20_13.npy,19,20,13,validation
1493,/home/test/bupt_hjk/sdp_dataset/xrf55/wifi/02_20_14.npy,19,20,14,validation
1494,/home/test/bupt_hjk/sdp_dataset/xrf55/wifi/02_20_15.npy,19,20,15,validation
1495,/home/test/bupt_hjk/sdp_dataset/xrf55/wifi/02_20_16.npy,19,20,16,validation
1496,/home/test/bupt_hjk/sdp_dataset/xrf55/wifi/02_20_17.npy,19,20,17,test
1497,/home/test/bupt_hjk/sdp_dataset/xrf55/wifi/02_20_18.npy,19,20,18,test
1498,/home/test/bupt_hjk/sdp_dataset/xrf55/wifi/02_20_19.npy,19,20,19,test
1499,/home/test/bupt_hjk/sdp_dataset/xrf55/wifi/02_20_20.npy,19,20,20,test
1500,/home/test/bupt_hjk/sdp_dataset/xrf55/wifi/02_21_01.npy,20,21,1,train
1501,/home/test/bupt_hjk/sdp_dataset/xrf55/wifi/02_21_02.npy,20,21,2,train
1502,/home/test/bupt_hjk/sdp_dataset/xrf55/wifi/02_21_03.npy,20,21,3,train
1503,/home/test/bupt_hjk/sdp_dataset/xrf55/wifi/02_21_04.npy,20,21,4,train
1504,/home/test/bupt_hjk/sdp_dataset/xrf55/wifi/02_21_05.npy,20,21,5,train
1505,/home/test/bupt_hjk/sdp_dataset/xrf55/wifi/02_21_06.npy,20,21,6,train
1506,/home/test/bupt_hjk/sdp_dataset/xrf55/wifi/02_21_07.npy,20,21,7,train
1507,/home/test/bupt_hjk/sdp_dataset/xrf55/wifi/02_21_08.npy,20,21,8,train
1508,/home/test/bupt_hjk/sdp_dataset/xrf55/wifi/02_21_09.npy,20,21,9,train
1509,/home/test/bupt_hjk/sdp_dataset/xrf55/wifi/02_21_10.npy,20,21,10,train
1510,/home/test/bupt_hjk/sdp_dataset/xrf55/wifi/02_21_11.npy,20,21,11,train
1511,/home/test/bupt_hjk/sdp_dataset/xrf55/wifi/02_21_12.npy,20,21,12,train
1512,/home/test/bupt_hjk/sdp_dataset/xrf55/wifi/02_21_13.npy,20,21,13,validation
1513,/home/test/bupt_hjk/sdp_dataset/xrf55/wifi/02_21_14.npy,20,21,14,validation
1514,/home/test/bupt_hjk/sdp_dataset/xrf55/wifi/02_21_15.npy,20,21,15,validation
1515,/home/test/bupt_hjk/sdp_dataset/xrf55/wifi/02_21_16.npy,20,21,16,validation
1516,/home/test/bupt_hjk/sdp_dataset/xrf55/wifi/02_21_17.npy,20,21,17,test
1517,/home/test/bupt_hjk/sdp_dataset/xrf55/wifi/02_21_18.npy,20,21,18,test
1518,/home/test/bupt_hjk/sdp_dataset/xrf55/wifi/02_21_19.npy,20,21,19,test
1519,/home/test/bupt_hjk/sdp_dataset/xrf55/wifi/02_21_20.npy,20,21,20,test
1520,/home/test/bupt_hjk/sdp_dataset/xrf55/wifi/02_22_01.npy,21,22,1,train
1521,/home/test/bupt_hjk/sdp_dataset/xrf55/wifi/02_22_02.npy,21,22,2,train
1522,/home/test/bupt_hjk/sdp_dataset/xrf55/wifi/02_22_03.npy,21,22,3,train
1523,/home/test/bupt_hjk/sdp_dataset/xrf55/wifi/02_22_04.npy,21,22,4,train
1524,/home/test/bupt_hjk/sdp_dataset/xrf55/wifi/02_22_05.npy,21,22,5,train
1525,/home/test/bupt_hjk/sdp_dataset/xrf55/wifi/02_22_06.npy,21,22,6,train
1526,/home/test/bupt_hjk/sdp_dataset/xrf55/wifi/02_22_07.npy,21,22,7,train
1527,/home/test/bupt_hjk/sdp_dataset/xrf55/wifi/02_22_08.npy,21,22,8,train
1528,/home/test/bupt_hjk/sdp_dataset/xrf55/wifi/02_22_09.npy,21,22,9,train
1529,/home/test/bupt_hjk/sdp_dataset/xrf55/wifi/02_22_10.npy,21,22,10,train
1530,/home/test/bupt_hjk/sdp_dataset/xrf55/wifi/02_22_11.npy,21,22,11,train
1531,/home/test/bupt_hjk/sdp_dataset/xrf55/wifi/02_22_12.npy,21,22,12,train
1532,/home/test/bupt_hjk/sdp_dataset/xrf55/wifi/02_22_13.npy,21,22,13,validation
1533,/home/test/bupt_hjk/sdp_dataset/xrf55/wifi/02_22_14.npy,21,22,14,validation
1534,/home/test/bupt_hjk/sdp_dataset/xrf55/wifi/02_22_15.npy,21,22,15,validation
1535,/home/test/bupt_hjk/sdp_dataset/xrf55/wifi/02_22_16.npy,21,22,16,validation
1536,/home/test/bupt_hjk/sdp_dataset/xrf55/wifi/02_22_17.npy,21,22,17,test
1537,/home/test/bupt_hjk/sdp_dataset/xrf55/wifi/02_22_18.npy,21,22,18,test
1538,/home/test/bupt_hjk/sdp_dataset/xrf55/wifi/02_22_19.npy,21,22,19,test
1539,/home/test/bupt_hjk/sdp_dataset/xrf55/wifi/02_22_20.npy,21,22,20,test
1540,/home/test/bupt_hjk/sdp_dataset/xrf55/wifi/02_23_01.npy,22,23,1,train
1541,/home/test/bupt_hjk/sdp_dataset/xrf55/wifi/02_23_02.npy,22,23,2,train
1542,/home/test/bupt_hjk/sdp_dataset/xrf55/wifi/02_23_03.npy,22,23,3,train
1543,/home/test/bupt_hjk/sdp_dataset/xrf55/wifi/02_23_04.npy,22,23,4,train
1544,/home/test/bupt_hjk/sdp_dataset/xrf55/wifi/02_23_05.npy,22,23,5,train
1545,/home/test/bupt_hjk/sdp_dataset/xrf55/wifi/02_23_06.npy,22,23,6,train
1546,/home/test/bupt_hjk/sdp_dataset/xrf55/wifi/02_23_07.npy,22,23,7,train
1547,/home/test/bupt_hjk/sdp_dataset/xrf55/wifi/02_23_08.npy,22,23,8,train
1548,/home/test/bupt_hjk/sdp_dataset/xrf55/wifi/02_23_09.npy,22,23,9,train
1549,/home/test/bupt_hjk/sdp_dataset/xrf55/wifi/02_23_10.npy,22,23,10,train
1550,/home/test/bupt_hjk/sdp_dataset/xrf55/wifi/02_23_11.npy,22,23,11,train
1551,/home/test/bupt_hjk/sdp_dataset/xrf55/wifi/02_23_12.npy,22,23,12,train
1552,/home/test/bupt_hjk/sdp_dataset/xrf55/wifi/02_23_13.npy,22,23,13,validation
1553,/home/test/bupt_hjk/sdp_dataset/xrf55/wifi/02_23_14.npy,22,23,14,validation
1554,/home/test/bupt_hjk/sdp_dataset/xrf55/wifi/02_23_15.npy,22,23,15,validation
1555,/home/test/bupt_hjk/sdp_dataset/xrf55/wifi/02_23_16.npy,22,23,16,validation
1556,/home/test/bupt_hjk/sdp_dataset/xrf55/wifi/02_23_17.npy,22,23,17,test
1557,/home/test/bupt_hjk/sdp_dataset/xrf55/wifi/02_23_18.npy,22,23,18,test
1558,/home/test/bupt_hjk/sdp_dataset/xrf55/wifi/02_23_19.npy,22,23,19,test
1559,/home/test/bupt_hjk/sdp_dataset/xrf55/wifi/02_23_20.npy,22,23,20,test
1560,/home/test/bupt_hjk/sdp_dataset/xrf55/wifi/02_24_01.npy,23,24,1,train
1561,/home/test/bupt_hjk/sdp_dataset/xrf55/wifi/02_24_02.npy,23,24,2,train
1562,/home/test/bupt_hjk/sdp_dataset/xrf55/wifi/02_24_03.npy,23,24,3,train
1563,/home/test/bupt_hjk/sdp_dataset/xrf55/wifi/02_24_04.npy,23,24,4,train
1564,/home/test/bupt_hjk/sdp_dataset/xrf55/wifi/02_24_05.npy,23,24,5,train
1565,/home/test/bupt_hjk/sdp_dataset/xrf55/wifi/02_24_06.npy,23,24,6,train
1566,/home/test/bupt_hjk/sdp_dataset/xrf55/wifi/02_24_07.npy,23,24,7,train
1567,/home/test/bupt_hjk/sdp_dataset/xrf55/wifi/02_24_08.npy,23,24,8,train
1568,/home/test/bupt_hjk/sdp_dataset/xrf55/wifi/02_24_09.npy,23,24,9,train
1569,/home/test/bupt_hjk/sdp_dataset/xrf55/wifi/02_24_10.npy,23,24,10,train
1570,/home/test/bupt_hjk/sdp_dataset/xrf55/wifi/02_24_11.npy,23,24,11,train
1571,/home/test/bupt_hjk/sdp_dataset/xrf55/wifi/02_24_12.npy,23,24,12,train
1572,/home/test/bupt_hjk/sdp_dataset/xrf55/wifi/02_24_13.npy,23,24,13,validation
1573,/home/test/bupt_hjk/sdp_dataset/xrf55/wifi/02_24_14.npy,23,24,14,validation
1574,/home/test/bupt_hjk/sdp_dataset/xrf55/wifi/02_24_15.npy,23,24,15,validation
1575,/home/test/bupt_hjk/sdp_dataset/xrf55/wifi/02_24_16.npy,23,24,16,validation
1576,/home/test/bupt_hjk/sdp_dataset/xrf55/wifi/02_24_17.npy,23,24,17,test
1577,/home/test/bupt_hjk/sdp_dataset/xrf55/wifi/02_24_18.npy,23,24,18,test
1578,/home/test/bupt_hjk/sdp_dataset/xrf55/wifi/02_24_19.npy,23,24,19,test
1579,/home/test/bupt_hjk/sdp_dataset/xrf55/wifi/02_24_20.npy,23,24,20,test
1580,/home/test/bupt_hjk/sdp_dataset/xrf55/wifi/02_25_01.npy,24,25,1,train
1581,/home/test/bupt_hjk/sdp_dataset/xrf55/wifi/02_25_02.npy,24,25,2,train
1582,/home/test/bupt_hjk/sdp_dataset/xrf55/wifi/02_25_03.npy,24,25,3,train
1583,/home/test/bupt_hjk/sdp_dataset/xrf55/wifi/02_25_04.npy,24,25,4,train
1584,/home/test/bupt_hjk/sdp_dataset/xrf55/wifi/02_25_05.npy,24,25,5,train
1585,/home/test/bupt_hjk/sdp_dataset/xrf55/wifi/02_25_06.npy,24,25,6,train
1586,/home/test/bupt_hjk/sdp_dataset/xrf55/wifi/02_25_07.npy,24,25,7,train
1587,/home/test/bupt_hjk/sdp_dataset/xrf55/wifi/02_25_08.npy,24,25,8,train
1588,/home/test/bupt_hjk/sdp_dataset/xrf55/wifi/02_25_09.npy,24,25,9,train
1589,/home/test/bupt_hjk/sdp_dataset/xrf55/wifi/02_25_10.npy,24,25,10,train
1590,/home/test/bupt_hjk/sdp_dataset/xrf55/wifi/02_25_11.npy,24,25,11,train
1591,/home/test/bupt_hjk/sdp_dataset/xrf55/wifi/02_25_12.npy,24,25,12,train
1592,/home/test/bupt_hjk/sdp_dataset/xrf55/wifi/02_25_13.npy,24,25,13,validation
1593,/home/test/bupt_hjk/sdp_dataset/xrf55/wifi/02_25_14.npy,24,25,14,validation
1594,/home/test/bupt_hjk/sdp_dataset/xrf55/wifi/02_25_15.npy,24,25,15,validation
1595,/home/test/bupt_hjk/sdp_dataset/xrf55/wifi/02_25_16.npy,24,25,16,validation
1596,/home/test/bupt_hjk/sdp_dataset/xrf55/wifi/02_25_17.npy,24,25,17,test
1597,/home/test/bupt_hjk/sdp_dataset/xrf55/wifi/02_25_18.npy,24,25,18,test
1598,/home/test/bupt_hjk/sdp_dataset/xrf55/wifi/02_25_19.npy,24,25,19,test
1599,/home/test/bupt_hjk/sdp_dataset/xrf55/wifi/02_25_20.npy,24,25,20,test
1600,/home/test/bupt_hjk/sdp_dataset/xrf55/wifi/02_26_01.npy,25,26,1,train
1601,/home/test/bupt_hjk/sdp_dataset/xrf55/wifi/02_26_02.npy,25,26,2,train
1602,/home/test/bupt_hjk/sdp_dataset/xrf55/wifi/02_26_03.npy,25,26,3,train
1603,/home/test/bupt_hjk/sdp_dataset/xrf55/wifi/02_26_04.npy,25,26,4,train
1604,/home/test/bupt_hjk/sdp_dataset/xrf55/wifi/02_26_05.npy,25,26,5,train
1605,/home/test/bupt_hjk/sdp_dataset/xrf55/wifi/02_26_06.npy,25,26,6,train
1606,/home/test/bupt_hjk/sdp_dataset/xrf55/wifi/02_26_07.npy,25,26,7,train
1607,/home/test/bupt_hjk/sdp_dataset/xrf55/wifi/02_26_08.npy,25,26,8,train
1608,/home/test/bupt_hjk/sdp_dataset/xrf55/wifi/02_26_09.npy,25,26,9,train
1609,/home/test/bupt_hjk/sdp_dataset/xrf55/wifi/02_26_10.npy,25,26,10,train
1610,/home/test/bupt_hjk/sdp_dataset/xrf55/wifi/02_26_11.npy,25,26,11,train
1611,/home/test/bupt_hjk/sdp_dataset/xrf55/wifi/02_26_12.npy,25,26,12,train
1612,/home/test/bupt_hjk/sdp_dataset/xrf55/wifi/02_26_13.npy,25,26,13,validation
1613,/home/test/bupt_hjk/sdp_dataset/xrf55/wifi/02_26_14.npy,25,26,14,validation
1614,/home/test/bupt_hjk/sdp_dataset/xrf55/wifi/02_26_15.npy,25,26,15,validation
1615,/home/test/bupt_hjk/sdp_dataset/xrf55/wifi/02_26_16.npy,25,26,16,validation
1616,/home/test/bupt_hjk/sdp_dataset/xrf55/wifi/02_26_17.npy,25,26,17,test
1617,/home/test/bupt_hjk/sdp_dataset/xrf55/wifi/02_26_18.npy,25,26,18,test
1618,/home/test/bupt_hjk/sdp_dataset/xrf55/wifi/02_26_19.npy,25,26,19,test
1619,/home/test/bupt_hjk/sdp_dataset/xrf55/wifi/02_26_20.npy,25,26,20,test
1620,/home/test/bupt_hjk/sdp_dataset/xrf55/wifi/02_27_01.npy,26,27,1,train
1621,/home/test/bupt_hjk/sdp_dataset/xrf55/wifi/02_27_02.npy,26,27,2,train
1622,/home/test/bupt_hjk/sdp_dataset/xrf55/wifi/02_27_03.npy,26,27,3,train
1623,/home/test/bupt_hjk/sdp_dataset/xrf55/wifi/02_27_04.npy,26,27,4,train
1624,/home/test/bupt_hjk/sdp_dataset/xrf55/wifi/02_27_05.npy,26,27,5,train
1625,/home/test/bupt_hjk/sdp_dataset/xrf55/wifi/02_27_06.npy,26,27,6,train
1626,/home/test/bupt_hjk/sdp_dataset/xrf55/wifi/02_27_07.npy,26,27,7,train
1627,/home/test/bupt_hjk/sdp_dataset/xrf55/wifi/02_27_08.npy,26,27,8,train
1628,/home/test/bupt_hjk/sdp_dataset/xrf55/wifi/02_27_09.npy,26,27,9,train
1629,/home/test/bupt_hjk/sdp_dataset/xrf55/wifi/02_27_10.npy,26,27,10,train
1630,/home/test/bupt_hjk/sdp_dataset/xrf55/wifi/02_27_11.npy,26,27,11,train
1631,/home/test/bupt_hjk/sdp_dataset/xrf55/wifi/02_27_12.npy,26,27,12,train
1632,/home/test/bupt_hjk/sdp_dataset/xrf55/wifi/02_27_13.npy,26,27,13,validation
1633,/home/test/bupt_hjk/sdp_dataset/xrf55/wifi/02_27_14.npy,26,27,14,validation
1634,/home/test/bupt_hjk/sdp_dataset/xrf55/wifi/02_27_15.npy,26,27,15,validation
1635,/home/test/bupt_hjk/sdp_dataset/xrf55/wifi/02_27_16.npy,26,27,16,validation
1636,/home/test/bupt_hjk/sdp_dataset/xrf55/wifi/02_27_17.npy,26,27,17,test
1637,/home/test/bupt_hjk/sdp_dataset/xrf55/wifi/02_27_18.npy,26,27,18,test
1638,/home/test/bupt_hjk/sdp_dataset/xrf55/wifi/02_27_19.npy,26,27,19,test
1639,/home/test/bupt_hjk/sdp_dataset/xrf55/wifi/02_27_20.npy,26,27,20,test
1640,/home/test/bupt_hjk/sdp_dataset/xrf55/wifi/02_28_01.npy,27,28,1,train
1641,/home/test/bupt_hjk/sdp_dataset/xrf55/wifi/02_28_02.npy,27,28,2,train
1642,/home/test/bupt_hjk/sdp_dataset/xrf55/wifi/02_28_03.npy,27,28,3,train
1643,/home/test/bupt_hjk/sdp_dataset/xrf55/wifi/02_28_04.npy,27,28,4,train
1644,/home/test/bupt_hjk/sdp_dataset/xrf55/wifi/02_28_05.npy,27,28,5,train
1645,/home/test/bupt_hjk/sdp_dataset/xrf55/wifi/02_28_06.npy,27,28,6,train
1646,/home/test/bupt_hjk/sdp_dataset/xrf55/wifi/02_28_07.npy,27,28,7,train
1647,/home/test/bupt_hjk/sdp_dataset/xrf55/wifi/02_28_08.npy,27,28,8,train
1648,/home/test/bupt_hjk/sdp_dataset/xrf55/wifi/02_28_09.npy,27,28,9,train
1649,/home/test/bupt_hjk/sdp_dataset/xrf55/wifi/02_28_10.npy,27,28,10,train
1650,/home/test/bupt_hjk/sdp_dataset/xrf55/wifi/02_28_11.npy,27,28,11,train
1651,/home/test/bupt_hjk/sdp_dataset/xrf55/wifi/02_28_12.npy,27,28,12,train
1652,/home/test/bupt_hjk/sdp_dataset/xrf55/wifi/02_28_13.npy,27,28,13,validation
1653,/home/test/bupt_hjk/sdp_dataset/xrf55/wifi/02_28_14.npy,27,28,14,validation
1654,/home/test/bupt_hjk/sdp_dataset/xrf55/wifi/02_28_15.npy,27,28,15,validation
1655,/home/test/bupt_hjk/sdp_dataset/xrf55/wifi/02_28_16.npy,27,28,16,validation
1656,/home/test/bupt_hjk/sdp_dataset/xrf55/wifi/02_28_17.npy,27,28,17,test
1657,/home/test/bupt_hjk/sdp_dataset/xrf55/wifi/02_28_18.npy,27,28,18,test
1658,/home/test/bupt_hjk/sdp_dataset/xrf55/wifi/02_28_19.npy,27,28,19,test
1659,/home/test/bupt_hjk/sdp_dataset/xrf55/wifi/02_28_20.npy,27,28,20,test
1660,/home/test/bupt_hjk/sdp_dataset/xrf55/wifi/02_29_01.npy,28,29,1,train
1661,/home/test/bupt_hjk/sdp_dataset/xrf55/wifi/02_29_02.npy,28,29,2,train
1662,/home/test/bupt_hjk/sdp_dataset/xrf55/wifi/02_29_03.npy,28,29,3,train
1663,/home/test/bupt_hjk/sdp_dataset/xrf55/wifi/02_29_04.npy,28,29,4,train
1664,/home/test/bupt_hjk/sdp_dataset/xrf55/wifi/02_29_05.npy,28,29,5,train
1665,/home/test/bupt_hjk/sdp_dataset/xrf55/wifi/02_29_06.npy,28,29,6,train
1666,/home/test/bupt_hjk/sdp_dataset/xrf55/wifi/02_29_07.npy,28,29,7,train
1667,/home/test/bupt_hjk/sdp_dataset/xrf55/wifi/02_29_08.npy,28,29,8,train
1668,/home/test/bupt_hjk/sdp_dataset/xrf55/wifi/02_29_09.npy,28,29,9,train
1669,/home/test/bupt_hjk/sdp_dataset/xrf55/wifi/02_29_10.npy,28,29,10,train
1670,/home/test/bupt_hjk/sdp_dataset/xrf55/wifi/02_29_11.npy,28,29,11,train
1671,/home/test/bupt_hjk/sdp_dataset/xrf55/wifi/02_29_12.npy,28,29,12,train
1672,/home/test/bupt_hjk/sdp_dataset/xrf55/wifi/02_29_13.npy,28,29,13,validation
1673,/home/test/bupt_hjk/sdp_dataset/xrf55/wifi/02_29_14.npy,28,29,14,validation
1674,/home/test/bupt_hjk/sdp_dataset/xrf55/wifi/02_29_15.npy,28,29,15,validation
1675,/home/test/bupt_hjk/sdp_dataset/xrf55/wifi/02_29_16.npy,28,29,16,validation
1676,/home/test/bupt_hjk/sdp_dataset/xrf55/wifi/02_29_17.npy,28,29,17,test
1677,/home/test/bupt_hjk/sdp_dataset/xrf55/wifi/02_29_18.npy,28,29,18,test
1678,/home/test/bupt_hjk/sdp_dataset/xrf55/wifi/02_29_19.npy,28,29,19,test
1679,/home/test/bupt_hjk/sdp_dataset/xrf55/wifi/02_29_20.npy,28,29,20,test
1680,/home/test/bupt_hjk/sdp_dataset/xrf55/wifi/02_30_01.npy,29,30,1,train
1681,/home/test/bupt_hjk/sdp_dataset/xrf55/wifi/02_30_02.npy,29,30,2,train
1682,/home/test/bupt_hjk/sdp_dataset/xrf55/wifi/02_30_03.npy,29,30,3,train
1683,/home/test/bupt_hjk/sdp_dataset/xrf55/wifi/02_30_04.npy,29,30,4,train
1684,/home/test/bupt_hjk/sdp_dataset/xrf55/wifi/02_30_05.npy,29,30,5,train
1685,/home/test/bupt_hjk/sdp_dataset/xrf55/wifi/02_30_06.npy,29,30,6,train
1686,/home/test/bupt_hjk/sdp_dataset/xrf55/wifi/02_30_07.npy,29,30,7,train
1687,/home/test/bupt_hjk/sdp_dataset/xrf55/wifi/02_30_08.npy,29,30,8,train
1688,/home/test/bupt_hjk/sdp_dataset/xrf55/wifi/02_30_09.npy,29,30,9,train
1689,/home/test/bupt_hjk/sdp_dataset/xrf55/wifi/02_30_10.npy,29,30,10,train
1690,/home/test/bupt_hjk/sdp_dataset/xrf55/wifi/02_30_11.npy,29,30,11,train
1691,/home/test/bupt_hjk/sdp_dataset/xrf55/wifi/02_30_12.npy,29,30,12,train
1692,/home/test/bupt_hjk/sdp_dataset/xrf55/wifi/02_30_13.npy,29,30,13,validation
1693,/home/test/bupt_hjk/sdp_dataset/xrf55/wifi/02_30_14.npy,29,30,14,validation
1694,/home/test/bupt_hjk/sdp_dataset/xrf55/wifi/02_30_15.npy,29,30,15,validation
1695,/home/test/bupt_hjk/sdp_dataset/xrf55/wifi/02_30_16.npy,29,30,16,validation
1696,/home/test/bupt_hjk/sdp_dataset/xrf55/wifi/02_30_17.npy,29,30,17,test
1697,/home/test/bupt_hjk/sdp_dataset/xrf55/wifi/02_30_18.npy,29,30,18,test
1698,/home/test/bupt_hjk/sdp_dataset/xrf55/wifi/02_30_19.npy,29,30,19,test
1699,/home/test/bupt_hjk/sdp_dataset/xrf55/wifi/02_30_20.npy,29,30,20,test
1700,/home/test/bupt_hjk/sdp_dataset/xrf55/wifi/02_31_01.npy,30,31,1,train
1701,/home/test/bupt_hjk/sdp_dataset/xrf55/wifi/02_31_02.npy,30,31,2,train
1702,/home/test/bupt_hjk/sdp_dataset/xrf55/wifi/02_31_03.npy,30,31,3,train
1703,/home/test/bupt_hjk/sdp_dataset/xrf55/wifi/02_31_04.npy,30,31,4,train
1704,/home/test/bupt_hjk/sdp_dataset/xrf55/wifi/02_31_05.npy,30,31,5,train
1705,/home/test/bupt_hjk/sdp_dataset/xrf55/wifi/02_31_06.npy,30,31,6,train
1706,/home/test/bupt_hjk/sdp_dataset/xrf55/wifi/02_31_07.npy,30,31,7,train
1707,/home/test/bupt_hjk/sdp_dataset/xrf55/wifi/02_31_08.npy,30,31,8,train
1708,/home/test/bupt_hjk/sdp_dataset/xrf55/wifi/02_31_09.npy,30,31,9,train
1709,/home/test/bupt_hjk/sdp_dataset/xrf55/wifi/02_31_10.npy,30,31,10,train
1710,/home/test/bupt_hjk/sdp_dataset/xrf55/wifi/02_31_11.npy,30,31,11,train
1711,/home/test/bupt_hjk/sdp_dataset/xrf55/wifi/02_31_12.npy,30,31,12,train
1712,/home/test/bupt_hjk/sdp_dataset/xrf55/wifi/02_31_13.npy,30,31,13,validation
1713,/home/test/bupt_hjk/sdp_dataset/xrf55/wifi/02_31_14.npy,30,31,14,validation
1714,/home/test/bupt_hjk/sdp_dataset/xrf55/wifi/02_31_15.npy,30,31,15,validation
1715,/home/test/bupt_hjk/sdp_dataset/xrf55/wifi/02_31_16.npy,30,31,16,validation
1716,/home/test/bupt_hjk/sdp_dataset/xrf55/wifi/02_31_17.npy,30,31,17,test
1717,/home/test/bupt_hjk/sdp_dataset/xrf55/wifi/02_31_18.npy,30,31,18,test
1718,/home/test/bupt_hjk/sdp_dataset/xrf55/wifi/02_31_19.npy,30,31,19,test
1719,/home/test/bupt_hjk/sdp_dataset/xrf55/wifi/02_31_20.npy,30,31,20,test
1720,/home/test/bupt_hjk/sdp_dataset/xrf55/wifi/02_32_01.npy,31,32,1,train
1721,/home/test/bupt_hjk/sdp_dataset/xrf55/wifi/02_32_02.npy,31,32,2,train
1722,/home/test/bupt_hjk/sdp_dataset/xrf55/wifi/02_32_03.npy,31,32,3,train
1723,/home/test/bupt_hjk/sdp_dataset/xrf55/wifi/02_32_04.npy,31,32,4,train
1724,/home/test/bupt_hjk/sdp_dataset/xrf55/wifi/02_32_05.npy,31,32,5,train
1725,/home/test/bupt_hjk/sdp_dataset/xrf55/wifi/02_32_06.npy,31,32,6,train
1726,/home/test/bupt_hjk/sdp_dataset/xrf55/wifi/02_32_07.npy,31,32,7,train
1727,/home/test/bupt_hjk/sdp_dataset/xrf55/wifi/02_32_08.npy,31,32,8,train
1728,/home/test/bupt_hjk/sdp_dataset/xrf55/wifi/02_32_09.npy,31,32,9,train
1729,/home/test/bupt_hjk/sdp_dataset/xrf55/wifi/02_32_10.npy,31,32,10,train
1730,/home/test/bupt_hjk/sdp_dataset/xrf55/wifi/02_32_11.npy,31,32,11,train
1731,/home/test/bupt_hjk/sdp_dataset/xrf55/wifi/02_32_12.npy,31,32,12,train
1732,/home/test/bupt_hjk/sdp_dataset/xrf55/wifi/02_32_13.npy,31,32,13,validation
1733,/home/test/bupt_hjk/sdp_dataset/xrf55/wifi/02_32_14.npy,31,32,14,validation
1734,/home/test/bupt_hjk/sdp_dataset/xrf55/wifi/02_32_15.npy,31,32,15,validation
1735,/home/test/bupt_hjk/sdp_dataset/xrf55/wifi/02_32_16.npy,31,32,16,validation
1736,/home/test/bupt_hjk/sdp_dataset/xrf55/wifi/02_32_17.npy,31,32,17,test
1737,/home/test/bupt_hjk/sdp_dataset/xrf55/wifi/02_32_18.npy,31,32,18,test
1738,/home/test/bupt_hjk/sdp_dataset/xrf55/wifi/02_32_19.npy,31,32,19,test
1739,/home/test/bupt_hjk/sdp_dataset/xrf55/wifi/02_32_20.npy,31,32,20,test
1740,/home/test/bupt_hjk/sdp_dataset/xrf55/wifi/02_33_01.npy,32,33,1,train
1741,/home/test/bupt_hjk/sdp_dataset/xrf55/wifi/02_33_02.npy,32,33,2,train
1742,/home/test/bupt_hjk/sdp_dataset/xrf55/wifi/02_33_03.npy,32,33,3,train
1743,/home/test/bupt_hjk/sdp_dataset/xrf55/wifi/02_33_04.npy,32,33,4,train
1744,/home/test/bupt_hjk/sdp_dataset/xrf55/wifi/02_33_05.npy,32,33,5,train
1745,/home/test/bupt_hjk/sdp_dataset/xrf55/wifi/02_33_06.npy,32,33,6,train
1746,/home/test/bupt_hjk/sdp_dataset/xrf55/wifi/02_33_07.npy,32,33,7,train
1747,/home/test/bupt_hjk/sdp_dataset/xrf55/wifi/02_33_08.npy,32,33,8,train
1748,/home/test/bupt_hjk/sdp_dataset/xrf55/wifi/02_33_09.npy,32,33,9,train
1749,/home/test/bupt_hjk/sdp_dataset/xrf55/wifi/02_33_10.npy,32,33,10,train
1750,/home/test/bupt_hjk/sdp_dataset/xrf55/wifi/02_33_11.npy,32,33,11,train
1751,/home/test/bupt_hjk/sdp_dataset/xrf55/wifi/02_33_12.npy,32,33,12,train
1752,/home/test/bupt_hjk/sdp_dataset/xrf55/wifi/02_33_13.npy,32,33,13,validation
1753,/home/test/bupt_hjk/sdp_dataset/xrf55/wifi/02_33_14.npy,32,33,14,validation
1754,/home/test/bupt_hjk/sdp_dataset/xrf55/wifi/02_33_15.npy,32,33,15,validation
1755,/home/test/bupt_hjk/sdp_dataset/xrf55/wifi/02_33_16.npy,32,33,16,validation
1756,/home/test/bupt_hjk/sdp_dataset/xrf55/wifi/02_33_17.npy,32,33,17,test
1757,/home/test/bupt_hjk/sdp_dataset/xrf55/wifi/02_33_18.npy,32,33,18,test
1758,/home/test/bupt_hjk/sdp_dataset/xrf55/wifi/02_33_19.npy,32,33,19,test
1759,/home/test/bupt_hjk/sdp_dataset/xrf55/wifi/02_33_20.npy,32,33,20,test
1760,/home/test/bupt_hjk/sdp_dataset/xrf55/wifi/02_34_01.npy,33,34,1,train
1761,/home/test/bupt_hjk/sdp_dataset/xrf55/wifi/02_34_02.npy,33,34,2,train
1762,/home/test/bupt_hjk/sdp_dataset/xrf55/wifi/02_34_03.npy,33,34,3,train
1763,/home/test/bupt_hjk/sdp_dataset/xrf55/wifi/02_34_04.npy,33,34,4,train
1764,/home/test/bupt_hjk/sdp_dataset/xrf55/wifi/02_34_05.npy,33,34,5,train
1765,/home/test/bupt_hjk/sdp_dataset/xrf55/wifi/02_34_06.npy,33,34,6,train
1766,/home/test/bupt_hjk/sdp_dataset/xrf55/wifi/02_34_07.npy,33,34,7,train
1767,/home/test/bupt_hjk/sdp_dataset/xrf55/wifi/02_34_08.npy,33,34,8,train
1768,/home/test/bupt_hjk/sdp_dataset/xrf55/wifi/02_34_09.npy,33,34,9,train
1769,/home/test/bupt_hjk/sdp_dataset/xrf55/wifi/02_34_10.npy,33,34,10,train
1770,/home/test/bupt_hjk/sdp_dataset/xrf55/wifi/02_34_11.npy,33,34,11,train
1771,/home/test/bupt_hjk/sdp_dataset/xrf55/wifi/02_34_12.npy,33,34,12,train
1772,/home/test/bupt_hjk/sdp_dataset/xrf55/wifi/02_34_13.npy,33,34,13,validation
1773,/home/test/bupt_hjk/sdp_dataset/xrf55/wifi/02_34_14.npy,33,34,14,validation
1774,/home/test/bupt_hjk/sdp_dataset/xrf55/wifi/02_34_15.npy,33,34,15,validation
1775,/home/test/bupt_hjk/sdp_dataset/xrf55/wifi/02_34_16.npy,33,34,16,validation
1776,/home/test/bupt_hjk/sdp_dataset/xrf55/wifi/02_34_17.npy,33,34,17,test
1777,/home/test/bupt_hjk/sdp_dataset/xrf55/wifi/02_34_18.npy,33,34,18,test
1778,/home/test/bupt_hjk/sdp_dataset/xrf55/wifi/02_34_19.npy,33,34,19,test
1779,/home/test/bupt_hjk/sdp_dataset/xrf55/wifi/02_34_20.npy,33,34,20,test
1780,/home/test/bupt_hjk/sdp_dataset/xrf55/wifi/02_35_01.npy,34,35,1,train
1781,/home/test/bupt_hjk/sdp_dataset/xrf55/wifi/02_35_02.npy,34,35,2,train
1782,/home/test/bupt_hjk/sdp_dataset/xrf55/wifi/02_35_03.npy,34,35,3,train
1783,/home/test/bupt_hjk/sdp_dataset/xrf55/wifi/02_35_04.npy,34,35,4,train
1784,/home/test/bupt_hjk/sdp_dataset/xrf55/wifi/02_35_05.npy,34,35,5,train
1785,/home/test/bupt_hjk/sdp_dataset/xrf55/wifi/02_35_06.npy,34,35,6,train
1786,/home/test/bupt_hjk/sdp_dataset/xrf55/wifi/02_35_07.npy,34,35,7,train
1787,/home/test/bupt_hjk/sdp_dataset/xrf55/wifi/02_35_08.npy,34,35,8,train
1788,/home/test/bupt_hjk/sdp_dataset/xrf55/wifi/02_35_09.npy,34,35,9,train
1789,/home/test/bupt_hjk/sdp_dataset/xrf55/wifi/02_35_10.npy,34,35,10,train
1790,/home/test/bupt_hjk/sdp_dataset/xrf55/wifi/02_35_11.npy,34,35,11,train
1791,/home/test/bupt_hjk/sdp_dataset/xrf55/wifi/02_35_12.npy,34,35,12,train
1792,/home/test/bupt_hjk/sdp_dataset/xrf55/wifi/02_35_13.npy,34,35,13,validation
1793,/home/test/bupt_hjk/sdp_dataset/xrf55/wifi/02_35_14.npy,34,35,14,validation
1794,/home/test/bupt_hjk/sdp_dataset/xrf55/wifi/02_35_15.npy,34,35,15,validation
1795,/home/test/bupt_hjk/sdp_dataset/xrf55/wifi/02_35_16.npy,34,35,16,validation
1796,/home/test/bupt_hjk/sdp_dataset/xrf55/wifi/02_35_17.npy,34,35,17,test
1797,/home/test/bupt_hjk/sdp_dataset/xrf55/wifi/02_35_18.npy,34,35,18,test
1798,/home/test/bupt_hjk/sdp_dataset/xrf55/wifi/02_35_19.npy,34,35,19,test
1799,/home/test/bupt_hjk/sdp_dataset/xrf55/wifi/02_35_20.npy,34,35,20,test
1800,/home/test/bupt_hjk/sdp_dataset/xrf55/wifi/02_36_01.npy,35,36,1,train
1801,/home/test/bupt_hjk/sdp_dataset/xrf55/wifi/02_36_02.npy,35,36,2,train
1802,/home/test/bupt_hjk/sdp_dataset/xrf55/wifi/02_36_03.npy,35,36,3,train
1803,/home/test/bupt_hjk/sdp_dataset/xrf55/wifi/02_36_04.npy,35,36,4,train
1804,/home/test/bupt_hjk/sdp_dataset/xrf55/wifi/02_36_05.npy,35,36,5,train
1805,/home/test/bupt_hjk/sdp_dataset/xrf55/wifi/02_36_06.npy,35,36,6,train
1806,/home/test/bupt_hjk/sdp_dataset/xrf55/wifi/02_36_07.npy,35,36,7,train
1807,/home/test/bupt_hjk/sdp_dataset/xrf55/wifi/02_36_08.npy,35,36,8,train
1808,/home/test/bupt_hjk/sdp_dataset/xrf55/wifi/02_36_09.npy,35,36,9,train
1809,/home/test/bupt_hjk/sdp_dataset/xrf55/wifi/02_36_10.npy,35,36,10,train
1810,/home/test/bupt_hjk/sdp_dataset/xrf55/wifi/02_36_11.npy,35,36,11,train
1811,/home/test/bupt_hjk/sdp_dataset/xrf55/wifi/02_36_12.npy,35,36,12,train
1812,/home/test/bupt_hjk/sdp_dataset/xrf55/wifi/02_36_13.npy,35,36,13,validation
1813,/home/test/bupt_hjk/sdp_dataset/xrf55/wifi/02_36_14.npy,35,36,14,validation
1814,/home/test/bupt_hjk/sdp_dataset/xrf55/wifi/02_36_15.npy,35,36,15,validation
1815,/home/test/bupt_hjk/sdp_dataset/xrf55/wifi/02_36_16.npy,35,36,16,validation
1816,/home/test/bupt_hjk/sdp_dataset/xrf55/wifi/02_36_17.npy,35,36,17,test
1817,/home/test/bupt_hjk/sdp_dataset/xrf55/wifi/02_36_18.npy,35,36,18,test
1818,/home/test/bupt_hjk/sdp_dataset/xrf55/wifi/02_36_19.npy,35,36,19,test
1819,/home/test/bupt_hjk/sdp_dataset/xrf55/wifi/02_36_20.npy,35,36,20,test
1820,/home/test/bupt_hjk/sdp_dataset/xrf55/wifi/02_37_01.npy,36,37,1,train
1821,/home/test/bupt_hjk/sdp_dataset/xrf55/wifi/02_37_02.npy,36,37,2,train
1822,/home/test/bupt_hjk/sdp_dataset/xrf55/wifi/02_37_03.npy,36,37,3,train
1823,/home/test/bupt_hjk/sdp_dataset/xrf55/wifi/02_37_04.npy,36,37,4,train
1824,/home/test/bupt_hjk/sdp_dataset/xrf55/wifi/02_37_05.npy,36,37,5,train
1825,/home/test/bupt_hjk/sdp_dataset/xrf55/wifi/02_37_06.npy,36,37,6,train
1826,/home/test/bupt_hjk/sdp_dataset/xrf55/wifi/02_37_07.npy,36,37,7,train
1827,/home/test/bupt_hjk/sdp_dataset/xrf55/wifi/02_37_08.npy,36,37,8,train
1828,/home/test/bupt_hjk/sdp_dataset/xrf55/wifi/02_37_09.npy,36,37,9,train
1829,/home/test/bupt_hjk/sdp_dataset/xrf55/wifi/02_37_10.npy,36,37,10,train
1830,/home/test/bupt_hjk/sdp_dataset/xrf55/wifi/02_37_11.npy,36,37,11,train
1831,/home/test/bupt_hjk/sdp_dataset/xrf55/wifi/02_37_12.npy,36,37,12,train
1832,/home/test/bupt_hjk/sdp_dataset/xrf55/wifi/02_37_13.npy,36,37,13,validation
1833,/home/test/bupt_hjk/sdp_dataset/xrf55/wifi/02_37_14.npy,36,37,14,validation
1834,/home/test/bupt_hjk/sdp_dataset/xrf55/wifi/02_37_15.npy,36,37,15,validation
1835,/home/test/bupt_hjk/sdp_dataset/xrf55/wifi/02_37_16.npy,36,37,16,validation
1836,/home/test/bupt_hjk/sdp_dataset/xrf55/wifi/02_37_17.npy,36,37,17,test
1837,/home/test/bupt_hjk/sdp_dataset/xrf55/wifi/02_37_18.npy,36,37,18,test
1838,/home/test/bupt_hjk/sdp_dataset/xrf55/wifi/02_37_19.npy,36,37,19,test
1839,/home/test/bupt_hjk/sdp_dataset/xrf55/wifi/02_37_20.npy,36,37,20,test
1840,/home/test/bupt_hjk/sdp_dataset/xrf55/wifi/02_38_01.npy,37,38,1,train
1841,/home/test/bupt_hjk/sdp_dataset/xrf55/wifi/02_38_02.npy,37,38,2,train
1842,/home/test/bupt_hjk/sdp_dataset/xrf55/wifi/02_38_03.npy,37,38,3,train
1843,/home/test/bupt_hjk/sdp_dataset/xrf55/wifi/02_38_04.npy,37,38,4,train
1844,/home/test/bupt_hjk/sdp_dataset/xrf55/wifi/02_38_05.npy,37,38,5,train
1845,/home/test/bupt_hjk/sdp_dataset/xrf55/wifi/02_38_06.npy,37,38,6,train
1846,/home/test/bupt_hjk/sdp_dataset/xrf55/wifi/02_38_07.npy,37,38,7,train
1847,/home/test/bupt_hjk/sdp_dataset/xrf55/wifi/02_38_08.npy,37,38,8,train
1848,/home/test/bupt_hjk/sdp_dataset/xrf55/wifi/02_38_09.npy,37,38,9,train
1849,/home/test/bupt_hjk/sdp_dataset/xrf55/wifi/02_38_10.npy,37,38,10,train
1850,/home/test/bupt_hjk/sdp_dataset/xrf55/wifi/02_38_11.npy,37,38,11,train
1851,/home/test/bupt_hjk/sdp_dataset/xrf55/wifi/02_38_12.npy,37,38,12,train
1852,/home/test/bupt_hjk/sdp_dataset/xrf55/wifi/02_38_13.npy,37,38,13,validation
1853,/home/test/bupt_hjk/sdp_dataset/xrf55/wifi/02_38_14.npy,37,38,14,validation
1854,/home/test/bupt_hjk/sdp_dataset/xrf55/wifi/02_38_15.npy,37,38,15,validation
1855,/home/test/bupt_hjk/sdp_dataset/xrf55/wifi/02_38_16.npy,37,38,16,validation
1856,/home/test/bupt_hjk/sdp_dataset/xrf55/wifi/02_38_17.npy,37,38,17,test
1857,/home/test/bupt_hjk/sdp_dataset/xrf55/wifi/02_38_18.npy,37,38,18,test
1858,/home/test/bupt_hjk/sdp_dataset/xrf55/wifi/02_38_19.npy,37,38,19,test
1859,/home/test/bupt_hjk/sdp_dataset/xrf55/wifi/02_38_20.npy,37,38,20,test
1860,/home/test/bupt_hjk/sdp_dataset/xrf55/wifi/02_39_01.npy,38,39,1,train
1861,/home/test/bupt_hjk/sdp_dataset/xrf55/wifi/02_39_02.npy,38,39,2,train
1862,/home/test/bupt_hjk/sdp_dataset/xrf55/wifi/02_39_03.npy,38,39,3,train
1863,/home/test/bupt_hjk/sdp_dataset/xrf55/wifi/02_39_04.npy,38,39,4,train
1864,/home/test/bupt_hjk/sdp_dataset/xrf55/wifi/02_39_05.npy,38,39,5,train
1865,/home/test/bupt_hjk/sdp_dataset/xrf55/wifi/02_39_06.npy,38,39,6,train
1866,/home/test/bupt_hjk/sdp_dataset/xrf55/wifi/02_39_07.npy,38,39,7,train
1867,/home/test/bupt_hjk/sdp_dataset/xrf55/wifi/02_39_08.npy,38,39,8,train
1868,/home/test/bupt_hjk/sdp_dataset/xrf55/wifi/02_39_09.npy,38,39,9,train
1869,/home/test/bupt_hjk/sdp_dataset/xrf55/wifi/02_39_10.npy,38,39,10,train
1870,/home/test/bupt_hjk/sdp_dataset/xrf55/wifi/02_39_11.npy,38,39,11,train
1871,/home/test/bupt_hjk/sdp_dataset/xrf55/wifi/02_39_12.npy,38,39,12,train
1872,/home/test/bupt_hjk/sdp_dataset/xrf55/wifi/02_39_13.npy,38,39,13,validation
1873,/home/test/bupt_hjk/sdp_dataset/xrf55/wifi/02_39_14.npy,38,39,14,validation
1874,/home/test/bupt_hjk/sdp_dataset/xrf55/wifi/02_39_15.npy,38,39,15,validation
1875,/home/test/bupt_hjk/sdp_dataset/xrf55/wifi/02_39_16.npy,38,39,16,validation
1876,/home/test/bupt_hjk/sdp_dataset/xrf55/wifi/02_39_17.npy,38,39,17,test
1877,/home/test/bupt_hjk/sdp_dataset/xrf55/wifi/02_39_18.npy,38,39,18,test
1878,/home/test/bupt_hjk/sdp_dataset/xrf55/wifi/02_39_19.npy,38,39,19,test
1879,/home/test/bupt_hjk/sdp_dataset/xrf55/wifi/02_39_20.npy,38,39,20,test
1880,/home/test/bupt_hjk/sdp_dataset/xrf55/wifi/02_40_01.npy,39,40,1,train
1881,/home/test/bupt_hjk/sdp_dataset/xrf55/wifi/02_40_02.npy,39,40,2,train
1882,/home/test/bupt_hjk/sdp_dataset/xrf55/wifi/02_40_03.npy,39,40,3,train
1883,/home/test/bupt_hjk/sdp_dataset/xrf55/wifi/02_40_04.npy,39,40,4,train
1884,/home/test/bupt_hjk/sdp_dataset/xrf55/wifi/02_40_05.npy,39,40,5,train
1885,/home/test/bupt_hjk/sdp_dataset/xrf55/wifi/02_40_06.npy,39,40,6,train
1886,/home/test/bupt_hjk/sdp_dataset/xrf55/wifi/02_40_07.npy,39,40,7,train
1887,/home/test/bupt_hjk/sdp_dataset/xrf55/wifi/02_40_08.npy,39,40,8,train
1888,/home/test/bupt_hjk/sdp_dataset/xrf55/wifi/02_40_09.npy,39,40,9,train
1889,/home/test/bupt_hjk/sdp_dataset/xrf55/wifi/02_40_10.npy,39,40,10,train
1890,/home/test/bupt_hjk/sdp_dataset/xrf55/wifi/02_40_11.npy,39,40,11,train
1891,/home/test/bupt_hjk/sdp_dataset/xrf55/wifi/02_40_12.npy,39,40,12,train
1892,/home/test/bupt_hjk/sdp_dataset/xrf55/wifi/02_40_13.npy,39,40,13,validation
1893,/home/test/bupt_hjk/sdp_dataset/xrf55/wifi/02_40_14.npy,39,40,14,validation
1894,/home/test/bupt_hjk/sdp_dataset/xrf55/wifi/02_40_15.npy,39,40,15,validation
1895,/home/test/bupt_hjk/sdp_dataset/xrf55/wifi/02_40_16.npy,39,40,16,validation
1896,/home/test/bupt_hjk/sdp_dataset/xrf55/wifi/02_40_17.npy,39,40,17,test
1897,/home/test/bupt_hjk/sdp_dataset/xrf55/wifi/02_40_18.npy,39,40,18,test
1898,/home/test/bupt_hjk/sdp_dataset/xrf55/wifi/02_40_19.npy,39,40,19,test
1899,/home/test/bupt_hjk/sdp_dataset/xrf55/wifi/02_40_20.npy,39,40,20,test
1900,/home/test/bupt_hjk/sdp_dataset/xrf55/wifi/02_41_01.npy,40,41,1,train
1901,/home/test/bupt_hjk/sdp_dataset/xrf55/wifi/02_41_02.npy,40,41,2,train
1902,/home/test/bupt_hjk/sdp_dataset/xrf55/wifi/02_41_03.npy,40,41,3,train
1903,/home/test/bupt_hjk/sdp_dataset/xrf55/wifi/02_41_04.npy,40,41,4,train
1904,/home/test/bupt_hjk/sdp_dataset/xrf55/wifi/02_41_05.npy,40,41,5,train
1905,/home/test/bupt_hjk/sdp_dataset/xrf55/wifi/02_41_06.npy,40,41,6,train
1906,/home/test/bupt_hjk/sdp_dataset/xrf55/wifi/02_41_07.npy,40,41,7,train
1907,/home/test/bupt_hjk/sdp_dataset/xrf55/wifi/02_41_08.npy,40,41,8,train
1908,/home/test/bupt_hjk/sdp_dataset/xrf55/wifi/02_41_09.npy,40,41,9,train
1909,/home/test/bupt_hjk/sdp_dataset/xrf55/wifi/02_41_10.npy,40,41,10,train
1910,/home/test/bupt_hjk/sdp_dataset/xrf55/wifi/02_41_11.npy,40,41,11,train
1911,/home/test/bupt_hjk/sdp_dataset/xrf55/wifi/02_41_12.npy,40,41,12,train
1912,/home/test/bupt_hjk/sdp_dataset/xrf55/wifi/02_41_13.npy,40,41,13,validation
1913,/home/test/bupt_hjk/sdp_dataset/xrf55/wifi/02_41_14.npy,40,41,14,validation
1914,/home/test/bupt_hjk/sdp_dataset/xrf55/wifi/02_41_15.npy,40,41,15,validation
1915,/home/test/bupt_hjk/sdp_dataset/xrf55/wifi/02_41_16.npy,40,41,16,validation
1916,/home/test/bupt_hjk/sdp_dataset/xrf55/wifi/02_41_17.npy,40,41,17,test
1917,/home/test/bupt_hjk/sdp_dataset/xrf55/wifi/02_41_18.npy,40,41,18,test
1918,/home/test/bupt_hjk/sdp_dataset/xrf55/wifi/02_41_19.npy,40,41,19,test
1919,/home/test/bupt_hjk/sdp_dataset/xrf55/wifi/02_41_20.npy,40,41,20,test
1920,/home/test/bupt_hjk/sdp_dataset/xrf55/wifi/02_42_01.npy,41,42,1,train
1921,/home/test/bupt_hjk/sdp_dataset/xrf55/wifi/02_42_02.npy,41,42,2,train
1922,/home/test/bupt_hjk/sdp_dataset/xrf55/wifi/02_42_03.npy,41,42,3,train
1923,/home/test/bupt_hjk/sdp_dataset/xrf55/wifi/02_42_04.npy,41,42,4,train
1924,/home/test/bupt_hjk/sdp_dataset/xrf55/wifi/02_42_05.npy,41,42,5,train
1925,/home/test/bupt_hjk/sdp_dataset/xrf55/wifi/02_42_06.npy,41,42,6,train
1926,/home/test/bupt_hjk/sdp_dataset/xrf55/wifi/02_42_07.npy,41,42,7,train
1927,/home/test/bupt_hjk/sdp_dataset/xrf55/wifi/02_42_08.npy,41,42,8,train
1928,/home/test/bupt_hjk/sdp_dataset/xrf55/wifi/02_42_09.npy,41,42,9,train
1929,/home/test/bupt_hjk/sdp_dataset/xrf55/wifi/02_42_10.npy,41,42,10,train
1930,/home/test/bupt_hjk/sdp_dataset/xrf55/wifi/02_42_11.npy,41,42,11,train
1931,/home/test/bupt_hjk/sdp_dataset/xrf55/wifi/02_42_12.npy,41,42,12,train
1932,/home/test/bupt_hjk/sdp_dataset/xrf55/wifi/02_42_13.npy,41,42,13,validation
1933,/home/test/bupt_hjk/sdp_dataset/xrf55/wifi/02_42_14.npy,41,42,14,validation
1934,/home/test/bupt_hjk/sdp_dataset/xrf55/wifi/02_42_15.npy,41,42,15,validation
1935,/home/test/bupt_hjk/sdp_dataset/xrf55/wifi/02_42_16.npy,41,42,16,validation
1936,/home/test/bupt_hjk/sdp_dataset/xrf55/wifi/02_42_17.npy,41,42,17,test
1937,/home/test/bupt_hjk/sdp_dataset/xrf55/wifi/02_42_18.npy,41,42,18,test
1938,/home/test/bupt_hjk/sdp_dataset/xrf55/wifi/02_42_19.npy,41,42,19,test
1939,/home/test/bupt_hjk/sdp_dataset/xrf55/wifi/02_42_20.npy,41,42,20,test
1940,/home/test/bupt_hjk/sdp_dataset/xrf55/wifi/02_43_01.npy,42,43,1,train
1941,/home/test/bupt_hjk/sdp_dataset/xrf55/wifi/02_43_02.npy,42,43,2,train
1942,/home/test/bupt_hjk/sdp_dataset/xrf55/wifi/02_43_03.npy,42,43,3,train
1943,/home/test/bupt_hjk/sdp_dataset/xrf55/wifi/02_43_04.npy,42,43,4,train
1944,/home/test/bupt_hjk/sdp_dataset/xrf55/wifi/02_43_05.npy,42,43,5,train
1945,/home/test/bupt_hjk/sdp_dataset/xrf55/wifi/02_43_06.npy,42,43,6,train
1946,/home/test/bupt_hjk/sdp_dataset/xrf55/wifi/02_43_07.npy,42,43,7,train
1947,/home/test/bupt_hjk/sdp_dataset/xrf55/wifi/02_43_08.npy,42,43,8,train
1948,/home/test/bupt_hjk/sdp_dataset/xrf55/wifi/02_43_09.npy,42,43,9,train
1949,/home/test/bupt_hjk/sdp_dataset/xrf55/wifi/02_43_10.npy,42,43,10,train
1950,/home/test/bupt_hjk/sdp_dataset/xrf55/wifi/02_43_11.npy,42,43,11,train
1951,/home/test/bupt_hjk/sdp_dataset/xrf55/wifi/02_43_12.npy,42,43,12,train
1952,/home/test/bupt_hjk/sdp_dataset/xrf55/wifi/02_43_13.npy,42,43,13,validation
1953,/home/test/bupt_hjk/sdp_dataset/xrf55/wifi/02_43_14.npy,42,43,14,validation
1954,/home/test/bupt_hjk/sdp_dataset/xrf55/wifi/02_43_15.npy,42,43,15,validation
1955,/home/test/bupt_hjk/sdp_dataset/xrf55/wifi/02_43_16.npy,42,43,16,validation
1956,/home/test/bupt_hjk/sdp_dataset/xrf55/wifi/02_43_17.npy,42,43,17,test
1957,/home/test/bupt_hjk/sdp_dataset/xrf55/wifi/02_43_18.npy,42,43,18,test
1958,/home/test/bupt_hjk/sdp_dataset/xrf55/wifi/02_43_19.npy,42,43,19,test
1959,/home/test/bupt_hjk/sdp_dataset/xrf55/wifi/02_43_20.npy,42,43,20,test
1960,/home/test/bupt_hjk/sdp_dataset/xrf55/wifi/02_44_01.npy,43,44,1,train
1961,/home/test/bupt_hjk/sdp_dataset/xrf55/wifi/02_44_02.npy,43,44,2,train
1962,/home/test/bupt_hjk/sdp_dataset/xrf55/wifi/02_44_03.npy,43,44,3,train
1963,/home/test/bupt_hjk/sdp_dataset/xrf55/wifi/02_44_04.npy,43,44,4,train
1964,/home/test/bupt_hjk/sdp_dataset/xrf55/wifi/02_44_05.npy,43,44,5,train
1965,/home/test/bupt_hjk/sdp_dataset/xrf55/wifi/02_44_06.npy,43,44,6,train
1966,/home/test/bupt_hjk/sdp_dataset/xrf55/wifi/02_44_07.npy,43,44,7,train
1967,/home/test/bupt_hjk/sdp_dataset/xrf55/wifi/02_44_08.npy,43,44,8,train
1968,/home/test/bupt_hjk/sdp_dataset/xrf55/wifi/02_44_09.npy,43,44,9,train
1969,/home/test/bupt_hjk/sdp_dataset/xrf55/wifi/02_44_10.npy,43,44,10,train
1970,/home/test/bupt_hjk/sdp_dataset/xrf55/wifi/02_44_11.npy,43,44,11,train
1971,/home/test/bupt_hjk/sdp_dataset/xrf55/wifi/02_44_12.npy,43,44,12,train
1972,/home/test/bupt_hjk/sdp_dataset/xrf55/wifi/02_44_13.npy,43,44,13,validation
1973,/home/test/bupt_hjk/sdp_dataset/xrf55/wifi/02_44_14.npy,43,44,14,validation
1974,/home/test/bupt_hjk/sdp_dataset/xrf55/wifi/02_44_15.npy,43,44,15,validation
1975,/home/test/bupt_hjk/sdp_dataset/xrf55/wifi/02_44_16.npy,43,44,16,validation
1976,/home/test/bupt_hjk/sdp_dataset/xrf55/wifi/02_44_17.npy,43,44,17,test
1977,/home/test/bupt_hjk/sdp_dataset/xrf55/wifi/02_44_18.npy,43,44,18,test
1978,/home/test/bupt_hjk/sdp_dataset/xrf55/wifi/02_44_19.npy,43,44,19,test
1979,/home/test/bupt_hjk/sdp_dataset/xrf55/wifi/02_44_20.npy,43,44,20,test
1980,/home/test/bupt_hjk/sdp_dataset/xrf55/wifi/02_45_01.npy,44,45,1,train
1981,/home/test/bupt_hjk/sdp_dataset/xrf55/wifi/02_45_02.npy,44,45,2,train
1982,/home/test/bupt_hjk/sdp_dataset/xrf55/wifi/02_45_03.npy,44,45,3,train
1983,/home/test/bupt_hjk/sdp_dataset/xrf55/wifi/02_45_04.npy,44,45,4,train
1984,/home/test/bupt_hjk/sdp_dataset/xrf55/wifi/02_45_05.npy,44,45,5,train
1985,/home/test/bupt_hjk/sdp_dataset/xrf55/wifi/02_45_06.npy,44,45,6,train
1986,/home/test/bupt_hjk/sdp_dataset/xrf55/wifi/02_45_07.npy,44,45,7,train
1987,/home/test/bupt_hjk/sdp_dataset/xrf55/wifi/02_45_08.npy,44,45,8,train
1988,/home/test/bupt_hjk/sdp_dataset/xrf55/wifi/02_45_09.npy,44,45,9,train
1989,/home/test/bupt_hjk/sdp_dataset/xrf55/wifi/02_45_10.npy,44,45,10,train
1990,/home/test/bupt_hjk/sdp_dataset/xrf55/wifi/02_45_11.npy,44,45,11,train
1991,/home/test/bupt_hjk/sdp_dataset/xrf55/wifi/02_45_12.npy,44,45,12,train
1992,/home/test/bupt_hjk/sdp_dataset/xrf55/wifi/02_45_13.npy,44,45,13,validation
1993,/home/test/bupt_hjk/sdp_dataset/xrf55/wifi/02_45_14.npy,44,45,14,validation
1994,/home/test/bupt_hjk/sdp_dataset/xrf55/wifi/02_45_15.npy,44,45,15,validation
1995,/home/test/bupt_hjk/sdp_dataset/xrf55/wifi/02_45_16.npy,44,45,16,validation
1996,/home/test/bupt_hjk/sdp_dataset/xrf55/wifi/02_45_17.npy,44,45,17,test
1997,/home/test/bupt_hjk/sdp_dataset/xrf55/wifi/02_45_18.npy,44,45,18,test
1998,/home/test/bupt_hjk/sdp_dataset/xrf55/wifi/02_45_19.npy,44,45,19,test
1999,/home/test/bupt_hjk/sdp_dataset/xrf55/wifi/02_45_20.npy,44,45,20,test
2000,/home/test/bupt_hjk/sdp_dataset/xrf55/wifi/02_46_01.npy,45,46,1,train
2001,/home/test/bupt_hjk/sdp_dataset/xrf55/wifi/02_46_02.npy,45,46,2,train
2002,/home/test/bupt_hjk/sdp_dataset/xrf55/wifi/02_46_03.npy,45,46,3,train
2003,/home/test/bupt_hjk/sdp_dataset/xrf55/wifi/02_46_04.npy,45,46,4,train
2004,/home/test/bupt_hjk/sdp_dataset/xrf55/wifi/02_46_05.npy,45,46,5,train
2005,/home/test/bupt_hjk/sdp_dataset/xrf55/wifi/02_46_06.npy,45,46,6,train
2006,/home/test/bupt_hjk/sdp_dataset/xrf55/wifi/02_46_07.npy,45,46,7,train
2007,/home/test/bupt_hjk/sdp_dataset/xrf55/wifi/02_46_08.npy,45,46,8,train
2008,/home/test/bupt_hjk/sdp_dataset/xrf55/wifi/02_46_09.npy,45,46,9,train
2009,/home/test/bupt_hjk/sdp_dataset/xrf55/wifi/02_46_10.npy,45,46,10,train
2010,/home/test/bupt_hjk/sdp_dataset/xrf55/wifi/02_46_11.npy,45,46,11,train
2011,/home/test/bupt_hjk/sdp_dataset/xrf55/wifi/02_46_12.npy,45,46,12,train
2012,/home/test/bupt_hjk/sdp_dataset/xrf55/wifi/02_46_13.npy,45,46,13,validation
2013,/home/test/bupt_hjk/sdp_dataset/xrf55/wifi/02_46_14.npy,45,46,14,validation
2014,/home/test/bupt_hjk/sdp_dataset/xrf55/wifi/02_46_15.npy,45,46,15,validation
2015,/home/test/bupt_hjk/sdp_dataset/xrf55/wifi/02_46_16.npy,45,46,16,validation
2016,/home/test/bupt_hjk/sdp_dataset/xrf55/wifi/02_46_17.npy,45,46,17,test
2017,/home/test/bupt_hjk/sdp_dataset/xrf55/wifi/02_46_18.npy,45,46,18,test
2018,/home/test/bupt_hjk/sdp_dataset/xrf55/wifi/02_46_19.npy,45,46,19,test
2019,/home/test/bupt_hjk/sdp_dataset/xrf55/wifi/02_46_20.npy,45,46,20,test
2020,/home/test/bupt_hjk/sdp_dataset/xrf55/wifi/02_47_01.npy,46,47,1,train
2021,/home/test/bupt_hjk/sdp_dataset/xrf55/wifi/02_47_02.npy,46,47,2,train
2022,/home/test/bupt_hjk/sdp_dataset/xrf55/wifi/02_47_03.npy,46,47,3,train
2023,/home/test/bupt_hjk/sdp_dataset/xrf55/wifi/02_47_04.npy,46,47,4,train
2024,/home/test/bupt_hjk/sdp_dataset/xrf55/wifi/02_47_05.npy,46,47,5,train
2025,/home/test/bupt_hjk/sdp_dataset/xrf55/wifi/02_47_06.npy,46,47,6,train
2026,/home/test/bupt_hjk/sdp_dataset/xrf55/wifi/02_47_07.npy,46,47,7,train
2027,/home/test/bupt_hjk/sdp_dataset/xrf55/wifi/02_47_08.npy,46,47,8,train
2028,/home/test/bupt_hjk/sdp_dataset/xrf55/wifi/02_47_09.npy,46,47,9,train
2029,/home/test/bupt_hjk/sdp_dataset/xrf55/wifi/02_47_10.npy,46,47,10,train
2030,/home/test/bupt_hjk/sdp_dataset/xrf55/wifi/02_47_11.npy,46,47,11,train
2031,/home/test/bupt_hjk/sdp_dataset/xrf55/wifi/02_47_12.npy,46,47,12,train
2032,/home/test/bupt_hjk/sdp_dataset/xrf55/wifi/02_47_13.npy,46,47,13,validation
2033,/home/test/bupt_hjk/sdp_dataset/xrf55/wifi/02_47_14.npy,46,47,14,validation
2034,/home/test/bupt_hjk/sdp_dataset/xrf55/wifi/02_47_15.npy,46,47,15,validation
2035,/home/test/bupt_hjk/sdp_dataset/xrf55/wifi/02_47_16.npy,46,47,16,validation
2036,/home/test/bupt_hjk/sdp_dataset/xrf55/wifi/02_47_17.npy,46,47,17,test
2037,/home/test/bupt_hjk/sdp_dataset/xrf55/wifi/02_47_18.npy,46,47,18,test
2038,/home/test/bupt_hjk/sdp_dataset/xrf55/wifi/02_47_19.npy,46,47,19,test
2039,/home/test/bupt_hjk/sdp_dataset/xrf55/wifi/02_47_20.npy,46,47,20,test
2040,/home/test/bupt_hjk/sdp_dataset/xrf55/wifi/02_48_01.npy,47,48,1,train
2041,/home/test/bupt_hjk/sdp_dataset/xrf55/wifi/02_48_02.npy,47,48,2,train
2042,/home/test/bupt_hjk/sdp_dataset/xrf55/wifi/02_48_03.npy,47,48,3,train
2043,/home/test/bupt_hjk/sdp_dataset/xrf55/wifi/02_48_04.npy,47,48,4,train
2044,/home/test/bupt_hjk/sdp_dataset/xrf55/wifi/02_48_05.npy,47,48,5,train
2045,/home/test/bupt_hjk/sdp_dataset/xrf55/wifi/02_48_06.npy,47,48,6,train
2046,/home/test/bupt_hjk/sdp_dataset/xrf55/wifi/02_48_07.npy,47,48,7,train
2047,/home/test/bupt_hjk/sdp_dataset/xrf55/wifi/02_48_08.npy,47,48,8,train
2048,/home/test/bupt_hjk/sdp_dataset/xrf55/wifi/02_48_09.npy,47,48,9,train
2049,/home/test/bupt_hjk/sdp_dataset/xrf55/wifi/02_48_10.npy,47,48,10,train
2050,/home/test/bupt_hjk/sdp_dataset/xrf55/wifi/02_48_11.npy,47,48,11,train
2051,/home/test/bupt_hjk/sdp_dataset/xrf55/wifi/02_48_12.npy,47,48,12,train
2052,/home/test/bupt_hjk/sdp_dataset/xrf55/wifi/02_48_13.npy,47,48,13,validation
2053,/home/test/bupt_hjk/sdp_dataset/xrf55/wifi/02_48_14.npy,47,48,14,validation
2054,/home/test/bupt_hjk/sdp_dataset/xrf55/wifi/02_48_15.npy,47,48,15,validation
2055,/home/test/bupt_hjk/sdp_dataset/xrf55/wifi/02_48_16.npy,47,48,16,validation
2056,/home/test/bupt_hjk/sdp_dataset/xrf55/wifi/02_48_17.npy,47,48,17,test
2057,/home/test/bupt_hjk/sdp_dataset/xrf55/wifi/02_48_18.npy,47,48,18,test
2058,/home/test/bupt_hjk/sdp_dataset/xrf55/wifi/02_48_19.npy,47,48,19,test
2059,/home/test/bupt_hjk/sdp_dataset/xrf55/wifi/02_48_20.npy,47,48,20,test
2060,/home/test/bupt_hjk/sdp_dataset/xrf55/wifi/02_49_01.npy,48,49,1,train
2061,/home/test/bupt_hjk/sdp_dataset/xrf55/wifi/02_49_02.npy,48,49,2,train
2062,/home/test/bupt_hjk/sdp_dataset/xrf55/wifi/02_49_03.npy,48,49,3,train
2063,/home/test/bupt_hjk/sdp_dataset/xrf55/wifi/02_49_04.npy,48,49,4,train
2064,/home/test/bupt_hjk/sdp_dataset/xrf55/wifi/02_49_05.npy,48,49,5,train
2065,/home/test/bupt_hjk/sdp_dataset/xrf55/wifi/02_49_06.npy,48,49,6,train
2066,/home/test/bupt_hjk/sdp_dataset/xrf55/wifi/02_49_07.npy,48,49,7,train
2067,/home/test/bupt_hjk/sdp_dataset/xrf55/wifi/02_49_08.npy,48,49,8,train
2068,/home/test/bupt_hjk/sdp_dataset/xrf55/wifi/02_49_09.npy,48,49,9,train
2069,/home/test/bupt_hjk/sdp_dataset/xrf55/wifi/02_49_10.npy,48,49,10,train
2070,/home/test/bupt_hjk/sdp_dataset/xrf55/wifi/02_49_11.npy,48,49,11,train
2071,/home/test/bupt_hjk/sdp_dataset/xrf55/wifi/02_49_12.npy,48,49,12,train
2072,/home/test/bupt_hjk/sdp_dataset/xrf55/wifi/02_49_13.npy,48,49,13,validation
2073,/home/test/bupt_hjk/sdp_dataset/xrf55/wifi/02_49_14.npy,48,49,14,validation
2074,/home/test/bupt_hjk/sdp_dataset/xrf55/wifi/02_49_15.npy,48,49,15,validation
2075,/home/test/bupt_hjk/sdp_dataset/xrf55/wifi/02_49_16.npy,48,49,16,validation
2076,/home/test/bupt_hjk/sdp_dataset/xrf55/wifi/02_49_17.npy,48,49,17,test
2077,/home/test/bupt_hjk/sdp_dataset/xrf55/wifi/02_49_18.npy,48,49,18,test
2078,/home/test/bupt_hjk/sdp_dataset/xrf55/wifi/02_49_19.npy,48,49,19,test
2079,/home/test/bupt_hjk/sdp_dataset/xrf55/wifi/02_49_20.npy,48,49,20,test
2080,/home/test/bupt_hjk/sdp_dataset/xrf55/wifi/02_50_01.npy,49,50,1,train
2081,/home/test/bupt_hjk/sdp_dataset/xrf55/wifi/02_50_02.npy,49,50,2,train
2082,/home/test/bupt_hjk/sdp_dataset/xrf55/wifi/02_50_03.npy,49,50,3,train
2083,/home/test/bupt_hjk/sdp_dataset/xrf55/wifi/02_50_04.npy,49,50,4,train
2084,/home/test/bupt_hjk/sdp_dataset/xrf55/wifi/02_50_05.npy,49,50,5,train
2085,/home/test/bupt_hjk/sdp_dataset/xrf55/wifi/02_50_06.npy,49,50,6,train
2086,/home/test/bupt_hjk/sdp_dataset/xrf55/wifi/02_50_07.npy,49,50,7,train
2087,/home/test/bupt_hjk/sdp_dataset/xrf55/wifi/02_50_08.npy,49,50,8,train
2088,/home/test/bupt_hjk/sdp_dataset/xrf55/wifi/02_50_09.npy,49,50,9,train
2089,/home/test/bupt_hjk/sdp_dataset/xrf55/wifi/02_50_10.npy,49,50,10,train
2090,/home/test/bupt_hjk/sdp_dataset/xrf55/wifi/02_50_11.npy,49,50,11,train
2091,/home/test/bupt_hjk/sdp_dataset/xrf55/wifi/02_50_12.npy,49,50,12,train
2092,/home/test/bupt_hjk/sdp_dataset/xrf55/wifi/02_50_13.npy,49,50,13,validation
2093,/home/test/bupt_hjk/sdp_dataset/xrf55/wifi/02_50_14.npy,49,50,14,validation
2094,/home/test/bupt_hjk/sdp_dataset/xrf55/wifi/02_50_15.npy,49,50,15,validation
2095,/home/test/bupt_hjk/sdp_dataset/xrf55/wifi/02_50_16.npy,49,50,16,validation
2096,/home/test/bupt_hjk/sdp_dataset/xrf55/wifi/02_50_17.npy,49,50,17,test
2097,/home/test/bupt_hjk/sdp_dataset/xrf55/wifi/02_50_18.npy,49,50,18,test
2098,/home/test/bupt_hjk/sdp_dataset/xrf55/wifi/02_50_19.npy,49,50,19,test
2099,/home/test/bupt_hjk/sdp_dataset/xrf55/wifi/02_50_20.npy,49,50,20,test
2100,/home/test/bupt_hjk/sdp_dataset/xrf55/wifi/02_51_01.npy,50,51,1,train
2101,/home/test/bupt_hjk/sdp_dataset/xrf55/wifi/02_51_02.npy,50,51,2,train
2102,/home/test/bupt_hjk/sdp_dataset/xrf55/wifi/02_51_03.npy,50,51,3,train
2103,/home/test/bupt_hjk/sdp_dataset/xrf55/wifi/02_51_04.npy,50,51,4,train
2104,/home/test/bupt_hjk/sdp_dataset/xrf55/wifi/02_51_05.npy,50,51,5,train
2105,/home/test/bupt_hjk/sdp_dataset/xrf55/wifi/02_51_06.npy,50,51,6,train
2106,/home/test/bupt_hjk/sdp_dataset/xrf55/wifi/02_51_07.npy,50,51,7,train
2107,/home/test/bupt_hjk/sdp_dataset/xrf55/wifi/02_51_08.npy,50,51,8,train
2108,/home/test/bupt_hjk/sdp_dataset/xrf55/wifi/02_51_09.npy,50,51,9,train
2109,/home/test/bupt_hjk/sdp_dataset/xrf55/wifi/02_51_10.npy,50,51,10,train
2110,/home/test/bupt_hjk/sdp_dataset/xrf55/wifi/02_51_11.npy,50,51,11,train
2111,/home/test/bupt_hjk/sdp_dataset/xrf55/wifi/02_51_12.npy,50,51,12,train
2112,/home/test/bupt_hjk/sdp_dataset/xrf55/wifi/02_51_13.npy,50,51,13,validation
2113,/home/test/bupt_hjk/sdp_dataset/xrf55/wifi/02_51_14.npy,50,51,14,validation
2114,/home/test/bupt_hjk/sdp_dataset/xrf55/wifi/02_51_15.npy,50,51,15,validation
2115,/home/test/bupt_hjk/sdp_dataset/xrf55/wifi/02_51_16.npy,50,51,16,validation
2116,/home/test/bupt_hjk/sdp_dataset/xrf55/wifi/02_51_17.npy,50,51,17,test
2117,/home/test/bupt_hjk/sdp_dataset/xrf55/wifi/02_51_18.npy,50,51,18,test
2118,/home/test/bupt_hjk/sdp_dataset/xrf55/wifi/02_51_19.npy,50,51,19,test
2119,/home/test/bupt_hjk/sdp_dataset/xrf55/wifi/02_51_20.npy,50,51,20,test
2120,/home/test/bupt_hjk/sdp_dataset/xrf55/wifi/02_52_01.npy,51,52,1,train
2121,/home/test/bupt_hjk/sdp_dataset/xrf55/wifi/02_52_02.npy,51,52,2,train
2122,/home/test/bupt_hjk/sdp_dataset/xrf55/wifi/02_52_03.npy,51,52,3,train
2123,/home/test/bupt_hjk/sdp_dataset/xrf55/wifi/02_52_04.npy,51,52,4,train
2124,/home/test/bupt_hjk/sdp_dataset/xrf55/wifi/02_52_05.npy,51,52,5,train
2125,/home/test/bupt_hjk/sdp_dataset/xrf55/wifi/02_52_06.npy,51,52,6,train
2126,/home/test/bupt_hjk/sdp_dataset/xrf55/wifi/02_52_07.npy,51,52,7,train
2127,/home/test/bupt_hjk/sdp_dataset/xrf55/wifi/02_52_08.npy,51,52,8,train
2128,/home/test/bupt_hjk/sdp_dataset/xrf55/wifi/02_52_09.npy,51,52,9,train
2129,/home/test/bupt_hjk/sdp_dataset/xrf55/wifi/02_52_10.npy,51,52,10,train
2130,/home/test/bupt_hjk/sdp_dataset/xrf55/wifi/02_52_11.npy,51,52,11,train
2131,/home/test/bupt_hjk/sdp_dataset/xrf55/wifi/02_52_12.npy,51,52,12,train
2132,/home/test/bupt_hjk/sdp_dataset/xrf55/wifi/02_52_13.npy,51,52,13,validation
2133,/home/test/bupt_hjk/sdp_dataset/xrf55/wifi/02_52_14.npy,51,52,14,validation
2134,/home/test/bupt_hjk/sdp_dataset/xrf55/wifi/02_52_15.npy,51,52,15,validation
2135,/home/test/bupt_hjk/sdp_dataset/xrf55/wifi/02_52_16.npy,51,52,16,validation
2136,/home/test/bupt_hjk/sdp_dataset/xrf55/wifi/02_52_17.npy,51,52,17,test
2137,/home/test/bupt_hjk/sdp_dataset/xrf55/wifi/02_52_18.npy,51,52,18,test
2138,/home/test/bupt_hjk/sdp_dataset/xrf55/wifi/02_52_19.npy,51,52,19,test
2139,/home/test/bupt_hjk/sdp_dataset/xrf55/wifi/02_52_20.npy,51,52,20,test
2140,/home/test/bupt_hjk/sdp_dataset/xrf55/wifi/02_53_01.npy,52,53,1,train
2141,/home/test/bupt_hjk/sdp_dataset/xrf55/wifi/02_53_02.npy,52,53,2,train
2142,/home/test/bupt_hjk/sdp_dataset/xrf55/wifi/02_53_03.npy,52,53,3,train
2143,/home/test/bupt_hjk/sdp_dataset/xrf55/wifi/02_53_04.npy,52,53,4,train
2144,/home/test/bupt_hjk/sdp_dataset/xrf55/wifi/02_53_05.npy,52,53,5,train
2145,/home/test/bupt_hjk/sdp_dataset/xrf55/wifi/02_53_06.npy,52,53,6,train
2146,/home/test/bupt_hjk/sdp_dataset/xrf55/wifi/02_53_07.npy,52,53,7,train
2147,/home/test/bupt_hjk/sdp_dataset/xrf55/wifi/02_53_08.npy,52,53,8,train
2148,/home/test/bupt_hjk/sdp_dataset/xrf55/wifi/02_53_09.npy,52,53,9,train
2149,/home/test/bupt_hjk/sdp_dataset/xrf55/wifi/02_53_10.npy,52,53,10,train
2150,/home/test/bupt_hjk/sdp_dataset/xrf55/wifi/02_53_11.npy,52,53,11,train
2151,/home/test/bupt_hjk/sdp_dataset/xrf55/wifi/02_53_12.npy,52,53,12,train
2152,/home/test/bupt_hjk/sdp_dataset/xrf55/wifi/02_53_13.npy,52,53,13,validation
2153,/home/test/bupt_hjk/sdp_dataset/xrf55/wifi/02_53_14.npy,52,53,14,validation
2154,/home/test/bupt_hjk/sdp_dataset/xrf55/wifi/02_53_15.npy,52,53,15,validation
2155,/home/test/bupt_hjk/sdp_dataset/xrf55/wifi/02_53_16.npy,52,53,16,validation
2156,/home/test/bupt_hjk/sdp_dataset/xrf55/wifi/02_53_17.npy,52,53,17,test
2157,/home/test/bupt_hjk/sdp_dataset/xrf55/wifi/02_53_18.npy,52,53,18,test
2158,/home/test/bupt_hjk/sdp_dataset/xrf55/wifi/02_53_19.npy,52,53,19,test
2159,/home/test/bupt_hjk/sdp_dataset/xrf55/wifi/02_53_20.npy,52,53,20,test
2160,/home/test/bupt_hjk/sdp_dataset/xrf55/wifi/02_54_01.npy,53,54,1,train
2161,/home/test/bupt_hjk/sdp_dataset/xrf55/wifi/02_54_02.npy,53,54,2,train
2162,/home/test/bupt_hjk/sdp_dataset/xrf55/wifi/02_54_03.npy,53,54,3,train
2163,/home/test/bupt_hjk/sdp_dataset/xrf55/wifi/02_54_04.npy,53,54,4,train
2164,/home/test/bupt_hjk/sdp_dataset/xrf55/wifi/02_54_05.npy,53,54,5,train
2165,/home/test/bupt_hjk/sdp_dataset/xrf55/wifi/02_54_06.npy,53,54,6,train
2166,/home/test/bupt_hjk/sdp_dataset/xrf55/wifi/02_54_07.npy,53,54,7,train
2167,/home/test/bupt_hjk/sdp_dataset/xrf55/wifi/02_54_08.npy,53,54,8,train
2168,/home/test/bupt_hjk/sdp_dataset/xrf55/wifi/02_54_09.npy,53,54,9,train
2169,/home/test/bupt_hjk/sdp_dataset/xrf55/wifi/02_54_10.npy,53,54,10,train
2170,/home/test/bupt_hjk/sdp_dataset/xrf55/wifi/02_54_11.npy,53,54,11,train
2171,/home/test/bupt_hjk/sdp_dataset/xrf55/wifi/02_54_12.npy,53,54,12,train
2172,/home/test/bupt_hjk/sdp_dataset/xrf55/wifi/02_54_13.npy,53,54,13,validation
2173,/home/test/bupt_hjk/sdp_dataset/xrf55/wifi/02_54_14.npy,53,54,14,validation
2174,/home/test/bupt_hjk/sdp_dataset/xrf55/wifi/02_54_15.npy,53,54,15,validation
2175,/home/test/bupt_hjk/sdp_dataset/xrf55/wifi/02_54_16.npy,53,54,16,validation
2176,/home/test/bupt_hjk/sdp_dataset/xrf55/wifi/02_54_17.npy,53,54,17,test
2177,/home/test/bupt_hjk/sdp_dataset/xrf55/wifi/02_54_18.npy,53,54,18,test
2178,/home/test/bupt_hjk/sdp_dataset/xrf55/wifi/02_54_19.npy,53,54,19,test
2179,/home/test/bupt_hjk/sdp_dataset/xrf55/wifi/02_54_20.npy,53,54,20,test
2180,/home/test/bupt_hjk/sdp_dataset/xrf55/wifi/02_55_01.npy,54,55,1,train
2181,/home/test/bupt_hjk/sdp_dataset/xrf55/wifi/02_55_02.npy,54,55,2,train
2182,/home/test/bupt_hjk/sdp_dataset/xrf55/wifi/02_55_03.npy,54,55,3,train
2183,/home/test/bupt_hjk/sdp_dataset/xrf55/wifi/02_55_04.npy,54,55,4,train
2184,/home/test/bupt_hjk/sdp_dataset/xrf55/wifi/02_55_05.npy,54,55,5,train
2185,/home/test/bupt_hjk/sdp_dataset/xrf55/wifi/02_55_06.npy,54,55,6,train
2186,/home/test/bupt_hjk/sdp_dataset/xrf55/wifi/02_55_07.npy,54,55,7,train
2187,/home/test/bupt_hjk/sdp_dataset/xrf55/wifi/02_55_08.npy,54,55,8,train
2188,/home/test/bupt_hjk/sdp_dataset/xrf55/wifi/02_55_09.npy,54,55,9,train
2189,/home/test/bupt_hjk/sdp_dataset/xrf55/wifi/02_55_10.npy,54,55,10,train
2190,/home/test/bupt_hjk/sdp_dataset/xrf55/wifi/02_55_11.npy,54,55,11,train
2191,/home/test/bupt_hjk/sdp_dataset/xrf55/wifi/02_55_12.npy,54,55,12,train
2192,/home/test/bupt_hjk/sdp_dataset/xrf55/wifi/02_55_13.npy,54,55,13,validation
2193,/home/test/bupt_hjk/sdp_dataset/xrf55/wifi/02_55_14.npy,54,55,14,validation
2194,/home/test/bupt_hjk/sdp_dataset/xrf55/wifi/02_55_15.npy,54,55,15,validation
2195,/home/test/bupt_hjk/sdp_dataset/xrf55/wifi/02_55_16.npy,54,55,16,validation
2196,/home/test/bupt_hjk/sdp_dataset/xrf55/wifi/02_55_17.npy,54,55,17,test
2197,/home/test/bupt_hjk/sdp_dataset/xrf55/wifi/02_55_18.npy,54,55,18,test
2198,/home/test/bupt_hjk/sdp_dataset/xrf55/wifi/02_55_19.npy,54,55,19,test
2199,/home/test/bupt_hjk/sdp_dataset/xrf55/wifi/02_55_20.npy,54,55,20,test
2200,/home/test/bupt_hjk/sdp_dataset/xrf55/wifi/03_01_01.npy,0,1,1,train
2201,/home/test/bupt_hjk/sdp_dataset/xrf55/wifi/03_01_02.npy,0,1,2,train
2202,/home/test/bupt_hjk/sdp_dataset/xrf55/wifi/03_01_03.npy,0,1,3,train
2203,/home/test/bupt_hjk/sdp_dataset/xrf55/wifi/03_01_04.npy,0,1,4,train
2204,/home/test/bupt_hjk/sdp_dataset/xrf55/wifi/03_01_05.npy,0,1,5,train
2205,/home/test/bupt_hjk/sdp_dataset/xrf55/wifi/03_01_06.npy,0,1,6,train
2206,/home/test/bupt_hjk/sdp_dataset/xrf55/wifi/03_01_07.npy,0,1,7,train
2207,/home/test/bupt_hjk/sdp_dataset/xrf55/wifi/03_01_08.npy,0,1,8,train
2208,/home/test/bupt_hjk/sdp_dataset/xrf55/wifi/03_01_09.npy,0,1,9,train
2209,/home/test/bupt_hjk/sdp_dataset/xrf55/wifi/03_01_10.npy,0,1,10,train
2210,/home/test/bupt_hjk/sdp_dataset/xrf55/wifi/03_01_11.npy,0,1,11,train
2211,/home/test/bupt_hjk/sdp_dataset/xrf55/wifi/03_01_12.npy,0,1,12,train
2212,/home/test/bupt_hjk/sdp_dataset/xrf55/wifi/03_01_13.npy,0,1,13,validation
2213,/home/test/bupt_hjk/sdp_dataset/xrf55/wifi/03_01_14.npy,0,1,14,validation
2214,/home/test/bupt_hjk/sdp_dataset/xrf55/wifi/03_01_15.npy,0,1,15,validation
2215,/home/test/bupt_hjk/sdp_dataset/xrf55/wifi/03_01_16.npy,0,1,16,validation
2216,/home/test/bupt_hjk/sdp_dataset/xrf55/wifi/03_01_17.npy,0,1,17,test
2217,/home/test/bupt_hjk/sdp_dataset/xrf55/wifi/03_01_18.npy,0,1,18,test
2218,/home/test/bupt_hjk/sdp_dataset/xrf55/wifi/03_01_19.npy,0,1,19,test
2219,/home/test/bupt_hjk/sdp_dataset/xrf55/wifi/03_01_20.npy,0,1,20,test
2220,/home/test/bupt_hjk/sdp_dataset/xrf55/wifi/03_02_01.npy,1,2,1,train
2221,/home/test/bupt_hjk/sdp_dataset/xrf55/wifi/03_02_02.npy,1,2,2,train
2222,/home/test/bupt_hjk/sdp_dataset/xrf55/wifi/03_02_03.npy,1,2,3,train
2223,/home/test/bupt_hjk/sdp_dataset/xrf55/wifi/03_02_04.npy,1,2,4,train
2224,/home/test/bupt_hjk/sdp_dataset/xrf55/wifi/03_02_05.npy,1,2,5,train
2225,/home/test/bupt_hjk/sdp_dataset/xrf55/wifi/03_02_06.npy,1,2,6,train
2226,/home/test/bupt_hjk/sdp_dataset/xrf55/wifi/03_02_07.npy,1,2,7,train
2227,/home/test/bupt_hjk/sdp_dataset/xrf55/wifi/03_02_08.npy,1,2,8,train
2228,/home/test/bupt_hjk/sdp_dataset/xrf55/wifi/03_02_09.npy,1,2,9,train
2229,/home/test/bupt_hjk/sdp_dataset/xrf55/wifi/03_02_10.npy,1,2,10,train
2230,/home/test/bupt_hjk/sdp_dataset/xrf55/wifi/03_02_11.npy,1,2,11,train
2231,/home/test/bupt_hjk/sdp_dataset/xrf55/wifi/03_02_12.npy,1,2,12,train
2232,/home/test/bupt_hjk/sdp_dataset/xrf55/wifi/03_02_13.npy,1,2,13,validation
2233,/home/test/bupt_hjk/sdp_dataset/xrf55/wifi/03_02_14.npy,1,2,14,validation
2234,/home/test/bupt_hjk/sdp_dataset/xrf55/wifi/03_02_15.npy,1,2,15,validation
2235,/home/test/bupt_hjk/sdp_dataset/xrf55/wifi/03_02_16.npy,1,2,16,validation
2236,/home/test/bupt_hjk/sdp_dataset/xrf55/wifi/03_02_17.npy,1,2,17,test
2237,/home/test/bupt_hjk/sdp_dataset/xrf55/wifi/03_02_18.npy,1,2,18,test
2238,/home/test/bupt_hjk/sdp_dataset/xrf55/wifi/03_02_19.npy,1,2,19,test
2239,/home/test/bupt_hjk/sdp_dataset/xrf55/wifi/03_02_20.npy,1,2,20,test
2240,/home/test/bupt_hjk/sdp_dataset/xrf55/wifi/03_03_01.npy,2,3,1,train
2241,/home/test/bupt_hjk/sdp_dataset/xrf55/wifi/03_03_02.npy,2,3,2,train
2242,/home/test/bupt_hjk/sdp_dataset/xrf55/wifi/03_03_03.npy,2,3,3,train
2243,/home/test/bupt_hjk/sdp_dataset/xrf55/wifi/03_03_04.npy,2,3,4,train
2244,/home/test/bupt_hjk/sdp_dataset/xrf55/wifi/03_03_05.npy,2,3,5,train
2245,/home/test/bupt_hjk/sdp_dataset/xrf55/wifi/03_03_06.npy,2,3,6,train
2246,/home/test/bupt_hjk/sdp_dataset/xrf55/wifi/03_03_07.npy,2,3,7,train
2247,/home/test/bupt_hjk/sdp_dataset/xrf55/wifi/03_03_08.npy,2,3,8,train
2248,/home/test/bupt_hjk/sdp_dataset/xrf55/wifi/03_03_09.npy,2,3,9,train
2249,/home/test/bupt_hjk/sdp_dataset/xrf55/wifi/03_03_10.npy,2,3,10,train
2250,/home/test/bupt_hjk/sdp_dataset/xrf55/wifi/03_03_11.npy,2,3,11,train
2251,/home/test/bupt_hjk/sdp_dataset/xrf55/wifi/03_03_12.npy,2,3,12,train
2252,/home/test/bupt_hjk/sdp_dataset/xrf55/wifi/03_03_13.npy,2,3,13,validation
2253,/home/test/bupt_hjk/sdp_dataset/xrf55/wifi/03_03_14.npy,2,3,14,validation
2254,/home/test/bupt_hjk/sdp_dataset/xrf55/wifi/03_03_15.npy,2,3,15,validation
2255,/home/test/bupt_hjk/sdp_dataset/xrf55/wifi/03_03_16.npy,2,3,16,validation
2256,/home/test/bupt_hjk/sdp_dataset/xrf55/wifi/03_03_17.npy,2,3,17,test
2257,/home/test/bupt_hjk/sdp_dataset/xrf55/wifi/03_03_18.npy,2,3,18,test
2258,/home/test/bupt_hjk/sdp_dataset/xrf55/wifi/03_03_19.npy,2,3,19,test
2259,/home/test/bupt_hjk/sdp_dataset/xrf55/wifi/03_03_20.npy,2,3,20,test
2260,/home/test/bupt_hjk/sdp_dataset/xrf55/wifi/03_04_01.npy,3,4,1,train
2261,/home/test/bupt_hjk/sdp_dataset/xrf55/wifi/03_04_02.npy,3,4,2,train
2262,/home/test/bupt_hjk/sdp_dataset/xrf55/wifi/03_04_03.npy,3,4,3,train
2263,/home/test/bupt_hjk/sdp_dataset/xrf55/wifi/03_04_04.npy,3,4,4,train
2264,/home/test/bupt_hjk/sdp_dataset/xrf55/wifi/03_04_05.npy,3,4,5,train
2265,/home/test/bupt_hjk/sdp_dataset/xrf55/wifi/03_04_06.npy,3,4,6,train
2266,/home/test/bupt_hjk/sdp_dataset/xrf55/wifi/03_04_07.npy,3,4,7,train
2267,/home/test/bupt_hjk/sdp_dataset/xrf55/wifi/03_04_08.npy,3,4,8,train
2268,/home/test/bupt_hjk/sdp_dataset/xrf55/wifi/03_04_09.npy,3,4,9,train
2269,/home/test/bupt_hjk/sdp_dataset/xrf55/wifi/03_04_10.npy,3,4,10,train
2270,/home/test/bupt_hjk/sdp_dataset/xrf55/wifi/03_04_11.npy,3,4,11,train
2271,/home/test/bupt_hjk/sdp_dataset/xrf55/wifi/03_04_12.npy,3,4,12,train
2272,/home/test/bupt_hjk/sdp_dataset/xrf55/wifi/03_04_13.npy,3,4,13,validation
2273,/home/test/bupt_hjk/sdp_dataset/xrf55/wifi/03_04_14.npy,3,4,14,validation
2274,/home/test/bupt_hjk/sdp_dataset/xrf55/wifi/03_04_15.npy,3,4,15,validation
2275,/home/test/bupt_hjk/sdp_dataset/xrf55/wifi/03_04_16.npy,3,4,16,validation
2276,/home/test/bupt_hjk/sdp_dataset/xrf55/wifi/03_04_17.npy,3,4,17,test
2277,/home/test/bupt_hjk/sdp_dataset/xrf55/wifi/03_04_18.npy,3,4,18,test
2278,/home/test/bupt_hjk/sdp_dataset/xrf55/wifi/03_04_19.npy,3,4,19,test
2279,/home/test/bupt_hjk/sdp_dataset/xrf55/wifi/03_04_20.npy,3,4,20,test
2280,/home/test/bupt_hjk/sdp_dataset/xrf55/wifi/03_05_01.npy,4,5,1,train
2281,/home/test/bupt_hjk/sdp_dataset/xrf55/wifi/03_05_02.npy,4,5,2,train
2282,/home/test/bupt_hjk/sdp_dataset/xrf55/wifi/03_05_03.npy,4,5,3,train
2283,/home/test/bupt_hjk/sdp_dataset/xrf55/wifi/03_05_04.npy,4,5,4,train
2284,/home/test/bupt_hjk/sdp_dataset/xrf55/wifi/03_05_05.npy,4,5,5,train
2285,/home/test/bupt_hjk/sdp_dataset/xrf55/wifi/03_05_06.npy,4,5,6,train
2286,/home/test/bupt_hjk/sdp_dataset/xrf55/wifi/03_05_07.npy,4,5,7,train
2287,/home/test/bupt_hjk/sdp_dataset/xrf55/wifi/03_05_08.npy,4,5,8,train
2288,/home/test/bupt_hjk/sdp_dataset/xrf55/wifi/03_05_09.npy,4,5,9,train
2289,/home/test/bupt_hjk/sdp_dataset/xrf55/wifi/03_05_10.npy,4,5,10,train
2290,/home/test/bupt_hjk/sdp_dataset/xrf55/wifi/03_05_11.npy,4,5,11,train
2291,/home/test/bupt_hjk/sdp_dataset/xrf55/wifi/03_05_12.npy,4,5,12,train
2292,/home/test/bupt_hjk/sdp_dataset/xrf55/wifi/03_05_13.npy,4,5,13,validation
2293,/home/test/bupt_hjk/sdp_dataset/xrf55/wifi/03_05_14.npy,4,5,14,validation
2294,/home/test/bupt_hjk/sdp_dataset/xrf55/wifi/03_05_15.npy,4,5,15,validation
2295,/home/test/bupt_hjk/sdp_dataset/xrf55/wifi/03_05_16.npy,4,5,16,validation
2296,/home/test/bupt_hjk/sdp_dataset/xrf55/wifi/03_05_17.npy,4,5,17,test
2297,/home/test/bupt_hjk/sdp_dataset/xrf55/wifi/03_05_18.npy,4,5,18,test
2298,/home/test/bupt_hjk/sdp_dataset/xrf55/wifi/03_05_19.npy,4,5,19,test
2299,/home/test/bupt_hjk/sdp_dataset/xrf55/wifi/03_05_20.npy,4,5,20,test
2300,/home/test/bupt_hjk/sdp_dataset/xrf55/wifi/03_06_01.npy,5,6,1,train
2301,/home/test/bupt_hjk/sdp_dataset/xrf55/wifi/03_06_02.npy,5,6,2,train
2302,/home/test/bupt_hjk/sdp_dataset/xrf55/wifi/03_06_03.npy,5,6,3,train
2303,/home/test/bupt_hjk/sdp_dataset/xrf55/wifi/03_06_04.npy,5,6,4,train
2304,/home/test/bupt_hjk/sdp_dataset/xrf55/wifi/03_06_05.npy,5,6,5,train
2305,/home/test/bupt_hjk/sdp_dataset/xrf55/wifi/03_06_06.npy,5,6,6,train
2306,/home/test/bupt_hjk/sdp_dataset/xrf55/wifi/03_06_07.npy,5,6,7,train
2307,/home/test/bupt_hjk/sdp_dataset/xrf55/wifi/03_06_08.npy,5,6,8,train
2308,/home/test/bupt_hjk/sdp_dataset/xrf55/wifi/03_06_09.npy,5,6,9,train
2309,/home/test/bupt_hjk/sdp_dataset/xrf55/wifi/03_06_10.npy,5,6,10,train
2310,/home/test/bupt_hjk/sdp_dataset/xrf55/wifi/03_06_11.npy,5,6,11,train
2311,/home/test/bupt_hjk/sdp_dataset/xrf55/wifi/03_06_12.npy,5,6,12,train
2312,/home/test/bupt_hjk/sdp_dataset/xrf55/wifi/03_06_13.npy,5,6,13,validation
2313,/home/test/bupt_hjk/sdp_dataset/xrf55/wifi/03_06_14.npy,5,6,14,validation
2314,/home/test/bupt_hjk/sdp_dataset/xrf55/wifi/03_06_15.npy,5,6,15,validation
2315,/home/test/bupt_hjk/sdp_dataset/xrf55/wifi/03_06_16.npy,5,6,16,validation
2316,/home/test/bupt_hjk/sdp_dataset/xrf55/wifi/03_06_17.npy,5,6,17,test
2317,/home/test/bupt_hjk/sdp_dataset/xrf55/wifi/03_06_18.npy,5,6,18,test
2318,/home/test/bupt_hjk/sdp_dataset/xrf55/wifi/03_06_19.npy,5,6,19,test
2319,/home/test/bupt_hjk/sdp_dataset/xrf55/wifi/03_06_20.npy,5,6,20,test
2320,/home/test/bupt_hjk/sdp_dataset/xrf55/wifi/03_07_01.npy,6,7,1,train
2321,/home/test/bupt_hjk/sdp_dataset/xrf55/wifi/03_07_02.npy,6,7,2,train
2322,/home/test/bupt_hjk/sdp_dataset/xrf55/wifi/03_07_03.npy,6,7,3,train
2323,/home/test/bupt_hjk/sdp_dataset/xrf55/wifi/03_07_04.npy,6,7,4,train
2324,/home/test/bupt_hjk/sdp_dataset/xrf55/wifi/03_07_05.npy,6,7,5,train
2325,/home/test/bupt_hjk/sdp_dataset/xrf55/wifi/03_07_06.npy,6,7,6,train
2326,/home/test/bupt_hjk/sdp_dataset/xrf55/wifi/03_07_07.npy,6,7,7,train
2327,/home/test/bupt_hjk/sdp_dataset/xrf55/wifi/03_07_08.npy,6,7,8,train
2328,/home/test/bupt_hjk/sdp_dataset/xrf55/wifi/03_07_09.npy,6,7,9,train
2329,/home/test/bupt_hjk/sdp_dataset/xrf55/wifi/03_07_10.npy,6,7,10,train
2330,/home/test/bupt_hjk/sdp_dataset/xrf55/wifi/03_07_11.npy,6,7,11,train
2331,/home/test/bupt_hjk/sdp_dataset/xrf55/wifi/03_07_12.npy,6,7,12,train
2332,/home/test/bupt_hjk/sdp_dataset/xrf55/wifi/03_07_13.npy,6,7,13,validation
2333,/home/test/bupt_hjk/sdp_dataset/xrf55/wifi/03_07_14.npy,6,7,14,validation
2334,/home/test/bupt_hjk/sdp_dataset/xrf55/wifi/03_07_15.npy,6,7,15,validation
2335,/home/test/bupt_hjk/sdp_dataset/xrf55/wifi/03_07_16.npy,6,7,16,validation
2336,/home/test/bupt_hjk/sdp_dataset/xrf55/wifi/03_07_17.npy,6,7,17,test
2337,/home/test/bupt_hjk/sdp_dataset/xrf55/wifi/03_07_18.npy,6,7,18,test
2338,/home/test/bupt_hjk/sdp_dataset/xrf55/wifi/03_07_19.npy,6,7,19,test
2339,/home/test/bupt_hjk/sdp_dataset/xrf55/wifi/03_07_20.npy,6,7,20,test
2340,/home/test/bupt_hjk/sdp_dataset/xrf55/wifi/03_08_01.npy,7,8,1,train
2341,/home/test/bupt_hjk/sdp_dataset/xrf55/wifi/03_08_02.npy,7,8,2,train
2342,/home/test/bupt_hjk/sdp_dataset/xrf55/wifi/03_08_03.npy,7,8,3,train
2343,/home/test/bupt_hjk/sdp_dataset/xrf55/wifi/03_08_04.npy,7,8,4,train
2344,/home/test/bupt_hjk/sdp_dataset/xrf55/wifi/03_08_05.npy,7,8,5,train
2345,/home/test/bupt_hjk/sdp_dataset/xrf55/wifi/03_08_06.npy,7,8,6,train
2346,/home/test/bupt_hjk/sdp_dataset/xrf55/wifi/03_08_07.npy,7,8,7,train
2347,/home/test/bupt_hjk/sdp_dataset/xrf55/wifi/03_08_08.npy,7,8,8,train
2348,/home/test/bupt_hjk/sdp_dataset/xrf55/wifi/03_08_09.npy,7,8,9,train
2349,/home/test/bupt_hjk/sdp_dataset/xrf55/wifi/03_08_10.npy,7,8,10,train
2350,/home/test/bupt_hjk/sdp_dataset/xrf55/wifi/03_08_11.npy,7,8,11,train
2351,/home/test/bupt_hjk/sdp_dataset/xrf55/wifi/03_08_12.npy,7,8,12,train
2352,/home/test/bupt_hjk/sdp_dataset/xrf55/wifi/03_08_13.npy,7,8,13,validation
2353,/home/test/bupt_hjk/sdp_dataset/xrf55/wifi/03_08_14.npy,7,8,14,validation
2354,/home/test/bupt_hjk/sdp_dataset/xrf55/wifi/03_08_15.npy,7,8,15,validation
2355,/home/test/bupt_hjk/sdp_dataset/xrf55/wifi/03_08_16.npy,7,8,16,validation
2356,/home/test/bupt_hjk/sdp_dataset/xrf55/wifi/03_08_17.npy,7,8,17,test
2357,/home/test/bupt_hjk/sdp_dataset/xrf55/wifi/03_08_18.npy,7,8,18,test
2358,/home/test/bupt_hjk/sdp_dataset/xrf55/wifi/03_08_19.npy,7,8,19,test
2359,/home/test/bupt_hjk/sdp_dataset/xrf55/wifi/03_08_20.npy,7,8,20,test
2360,/home/test/bupt_hjk/sdp_dataset/xrf55/wifi/03_09_01.npy,8,9,1,train
2361,/home/test/bupt_hjk/sdp_dataset/xrf55/wifi/03_09_02.npy,8,9,2,train
2362,/home/test/bupt_hjk/sdp_dataset/xrf55/wifi/03_09_03.npy,8,9,3,train
2363,/home/test/bupt_hjk/sdp_dataset/xrf55/wifi/03_09_04.npy,8,9,4,train
2364,/home/test/bupt_hjk/sdp_dataset/xrf55/wifi/03_09_05.npy,8,9,5,train
2365,/home/test/bupt_hjk/sdp_dataset/xrf55/wifi/03_09_06.npy,8,9,6,train
2366,/home/test/bupt_hjk/sdp_dataset/xrf55/wifi/03_09_07.npy,8,9,7,train
2367,/home/test/bupt_hjk/sdp_dataset/xrf55/wifi/03_09_08.npy,8,9,8,train
2368,/home/test/bupt_hjk/sdp_dataset/xrf55/wifi/03_09_09.npy,8,9,9,train
2369,/home/test/bupt_hjk/sdp_dataset/xrf55/wifi/03_09_10.npy,8,9,10,train
2370,/home/test/bupt_hjk/sdp_dataset/xrf55/wifi/03_09_11.npy,8,9,11,train
2371,/home/test/bupt_hjk/sdp_dataset/xrf55/wifi/03_09_12.npy,8,9,12,train
2372,/home/test/bupt_hjk/sdp_dataset/xrf55/wifi/03_09_13.npy,8,9,13,validation
2373,/home/test/bupt_hjk/sdp_dataset/xrf55/wifi/03_09_14.npy,8,9,14,validation
2374,/home/test/bupt_hjk/sdp_dataset/xrf55/wifi/03_09_15.npy,8,9,15,validation
2375,/home/test/bupt_hjk/sdp_dataset/xrf55/wifi/03_09_16.npy,8,9,16,validation
2376,/home/test/bupt_hjk/sdp_dataset/xrf55/wifi/03_09_17.npy,8,9,17,test
2377,/home/test/bupt_hjk/sdp_dataset/xrf55/wifi/03_09_18.npy,8,9,18,test
2378,/home/test/bupt_hjk/sdp_dataset/xrf55/wifi/03_09_19.npy,8,9,19,test
2379,/home/test/bupt_hjk/sdp_dataset/xrf55/wifi/03_09_20.npy,8,9,20,test
2380,/home/test/bupt_hjk/sdp_dataset/xrf55/wifi/03_10_01.npy,9,10,1,train
2381,/home/test/bupt_hjk/sdp_dataset/xrf55/wifi/03_10_02.npy,9,10,2,train
2382,/home/test/bupt_hjk/sdp_dataset/xrf55/wifi/03_10_03.npy,9,10,3,train
2383,/home/test/bupt_hjk/sdp_dataset/xrf55/wifi/03_10_04.npy,9,10,4,train
2384,/home/test/bupt_hjk/sdp_dataset/xrf55/wifi/03_10_05.npy,9,10,5,train
2385,/home/test/bupt_hjk/sdp_dataset/xrf55/wifi/03_10_06.npy,9,10,6,train
2386,/home/test/bupt_hjk/sdp_dataset/xrf55/wifi/03_10_07.npy,9,10,7,train
2387,/home/test/bupt_hjk/sdp_dataset/xrf55/wifi/03_10_08.npy,9,10,8,train
2388,/home/test/bupt_hjk/sdp_dataset/xrf55/wifi/03_10_09.npy,9,10,9,train
2389,/home/test/bupt_hjk/sdp_dataset/xrf55/wifi/03_10_10.npy,9,10,10,train
2390,/home/test/bupt_hjk/sdp_dataset/xrf55/wifi/03_10_11.npy,9,10,11,train
2391,/home/test/bupt_hjk/sdp_dataset/xrf55/wifi/03_10_12.npy,9,10,12,train
2392,/home/test/bupt_hjk/sdp_dataset/xrf55/wifi/03_10_13.npy,9,10,13,validation
2393,/home/test/bupt_hjk/sdp_dataset/xrf55/wifi/03_10_14.npy,9,10,14,validation
2394,/home/test/bupt_hjk/sdp_dataset/xrf55/wifi/03_10_15.npy,9,10,15,validation
2395,/home/test/bupt_hjk/sdp_dataset/xrf55/wifi/03_10_16.npy,9,10,16,validation
2396,/home/test/bupt_hjk/sdp_dataset/xrf55/wifi/03_10_17.npy,9,10,17,test
2397,/home/test/bupt_hjk/sdp_dataset/xrf55/wifi/03_10_18.npy,9,10,18,test
2398,/home/test/bupt_hjk/sdp_dataset/xrf55/wifi/03_10_19.npy,9,10,19,test
2399,/home/test/bupt_hjk/sdp_dataset/xrf55/wifi/03_10_20.npy,9,10,20,test
2400,/home/test/bupt_hjk/sdp_dataset/xrf55/wifi/03_11_01.npy,10,11,1,train
2401,/home/test/bupt_hjk/sdp_dataset/xrf55/wifi/03_11_02.npy,10,11,2,train
2402,/home/test/bupt_hjk/sdp_dataset/xrf55/wifi/03_11_03.npy,10,11,3,train
2403,/home/test/bupt_hjk/sdp_dataset/xrf55/wifi/03_11_04.npy,10,11,4,train
2404,/home/test/bupt_hjk/sdp_dataset/xrf55/wifi/03_11_05.npy,10,11,5,train
2405,/home/test/bupt_hjk/sdp_dataset/xrf55/wifi/03_11_06.npy,10,11,6,train
2406,/home/test/bupt_hjk/sdp_dataset/xrf55/wifi/03_11_07.npy,10,11,7,train
2407,/home/test/bupt_hjk/sdp_dataset/xrf55/wifi/03_11_08.npy,10,11,8,train
2408,/home/test/bupt_hjk/sdp_dataset/xrf55/wifi/03_11_09.npy,10,11,9,train
2409,/home/test/bupt_hjk/sdp_dataset/xrf55/wifi/03_11_10.npy,10,11,10,train
2410,/home/test/bupt_hjk/sdp_dataset/xrf55/wifi/03_11_11.npy,10,11,11,train
2411,/home/test/bupt_hjk/sdp_dataset/xrf55/wifi/03_11_12.npy,10,11,12,train
2412,/home/test/bupt_hjk/sdp_dataset/xrf55/wifi/03_11_13.npy,10,11,13,validation
2413,/home/test/bupt_hjk/sdp_dataset/xrf55/wifi/03_11_14.npy,10,11,14,validation
2414,/home/test/bupt_hjk/sdp_dataset/xrf55/wifi/03_11_15.npy,10,11,15,validation
2415,/home/test/bupt_hjk/sdp_dataset/xrf55/wifi/03_11_16.npy,10,11,16,validation
2416,/home/test/bupt_hjk/sdp_dataset/xrf55/wifi/03_11_17.npy,10,11,17,test
2417,/home/test/bupt_hjk/sdp_dataset/xrf55/wifi/03_11_18.npy,10,11,18,test
2418,/home/test/bupt_hjk/sdp_dataset/xrf55/wifi/03_11_19.npy,10,11,19,test
2419,/home/test/bupt_hjk/sdp_dataset/xrf55/wifi/03_11_20.npy,10,11,20,test
2420,/home/test/bupt_hjk/sdp_dataset/xrf55/wifi/03_12_01.npy,11,12,1,train
2421,/home/test/bupt_hjk/sdp_dataset/xrf55/wifi/03_12_02.npy,11,12,2,train
2422,/home/test/bupt_hjk/sdp_dataset/xrf55/wifi/03_12_03.npy,11,12,3,train
2423,/home/test/bupt_hjk/sdp_dataset/xrf55/wifi/03_12_04.npy,11,12,4,train
2424,/home/test/bupt_hjk/sdp_dataset/xrf55/wifi/03_12_05.npy,11,12,5,train
2425,/home/test/bupt_hjk/sdp_dataset/xrf55/wifi/03_12_06.npy,11,12,6,train
2426,/home/test/bupt_hjk/sdp_dataset/xrf55/wifi/03_12_07.npy,11,12,7,train
2427,/home/test/bupt_hjk/sdp_dataset/xrf55/wifi/03_12_08.npy,11,12,8,train
2428,/home/test/bupt_hjk/sdp_dataset/xrf55/wifi/03_12_09.npy,11,12,9,train
2429,/home/test/bupt_hjk/sdp_dataset/xrf55/wifi/03_12_10.npy,11,12,10,train
2430,/home/test/bupt_hjk/sdp_dataset/xrf55/wifi/03_12_11.npy,11,12,11,train
2431,/home/test/bupt_hjk/sdp_dataset/xrf55/wifi/03_12_12.npy,11,12,12,train
2432,/home/test/bupt_hjk/sdp_dataset/xrf55/wifi/03_12_13.npy,11,12,13,validation
2433,/home/test/bupt_hjk/sdp_dataset/xrf55/wifi/03_12_14.npy,11,12,14,validation
2434,/home/test/bupt_hjk/sdp_dataset/xrf55/wifi/03_12_15.npy,11,12,15,validation
2435,/home/test/bupt_hjk/sdp_dataset/xrf55/wifi/03_12_16.npy,11,12,16,validation
2436,/home/test/bupt_hjk/sdp_dataset/xrf55/wifi/03_12_17.npy,11,12,17,test
2437,/home/test/bupt_hjk/sdp_dataset/xrf55/wifi/03_12_18.npy,11,12,18,test
2438,/home/test/bupt_hjk/sdp_dataset/xrf55/wifi/03_12_19.npy,11,12,19,test
2439,/home/test/bupt_hjk/sdp_dataset/xrf55/wifi/03_12_20.npy,11,12,20,test
2440,/home/test/bupt_hjk/sdp_dataset/xrf55/wifi/03_13_01.npy,12,13,1,train
2441,/home/test/bupt_hjk/sdp_dataset/xrf55/wifi/03_13_02.npy,12,13,2,train
2442,/home/test/bupt_hjk/sdp_dataset/xrf55/wifi/03_13_03.npy,12,13,3,train
2443,/home/test/bupt_hjk/sdp_dataset/xrf55/wifi/03_13_04.npy,12,13,4,train
2444,/home/test/bupt_hjk/sdp_dataset/xrf55/wifi/03_13_05.npy,12,13,5,train
2445,/home/test/bupt_hjk/sdp_dataset/xrf55/wifi/03_13_06.npy,12,13,6,train
2446,/home/test/bupt_hjk/sdp_dataset/xrf55/wifi/03_13_07.npy,12,13,7,train
2447,/home/test/bupt_hjk/sdp_dataset/xrf55/wifi/03_13_08.npy,12,13,8,train
2448,/home/test/bupt_hjk/sdp_dataset/xrf55/wifi/03_13_09.npy,12,13,9,train
2449,/home/test/bupt_hjk/sdp_dataset/xrf55/wifi/03_13_10.npy,12,13,10,train
2450,/home/test/bupt_hjk/sdp_dataset/xrf55/wifi/03_13_11.npy,12,13,11,train
2451,/home/test/bupt_hjk/sdp_dataset/xrf55/wifi/03_13_12.npy,12,13,12,train
2452,/home/test/bupt_hjk/sdp_dataset/xrf55/wifi/03_13_13.npy,12,13,13,validation
2453,/home/test/bupt_hjk/sdp_dataset/xrf55/wifi/03_13_14.npy,12,13,14,validation
2454,/home/test/bupt_hjk/sdp_dataset/xrf55/wifi/03_13_15.npy,12,13,15,validation
2455,/home/test/bupt_hjk/sdp_dataset/xrf55/wifi/03_13_16.npy,12,13,16,validation
2456,/home/test/bupt_hjk/sdp_dataset/xrf55/wifi/03_13_17.npy,12,13,17,test
2457,/home/test/bupt_hjk/sdp_dataset/xrf55/wifi/03_13_18.npy,12,13,18,test
2458,/home/test/bupt_hjk/sdp_dataset/xrf55/wifi/03_13_19.npy,12,13,19,test
2459,/home/test/bupt_hjk/sdp_dataset/xrf55/wifi/03_13_20.npy,12,13,20,test
2460,/home/test/bupt_hjk/sdp_dataset/xrf55/wifi/03_14_01.npy,13,14,1,train
2461,/home/test/bupt_hjk/sdp_dataset/xrf55/wifi/03_14_02.npy,13,14,2,train
2462,/home/test/bupt_hjk/sdp_dataset/xrf55/wifi/03_14_03.npy,13,14,3,train
2463,/home/test/bupt_hjk/sdp_dataset/xrf55/wifi/03_14_04.npy,13,14,4,train
2464,/home/test/bupt_hjk/sdp_dataset/xrf55/wifi/03_14_05.npy,13,14,5,train
2465,/home/test/bupt_hjk/sdp_dataset/xrf55/wifi/03_14_06.npy,13,14,6,train
2466,/home/test/bupt_hjk/sdp_dataset/xrf55/wifi/03_14_07.npy,13,14,7,train
2467,/home/test/bupt_hjk/sdp_dataset/xrf55/wifi/03_14_08.npy,13,14,8,train
2468,/home/test/bupt_hjk/sdp_dataset/xrf55/wifi/03_14_09.npy,13,14,9,train
2469,/home/test/bupt_hjk/sdp_dataset/xrf55/wifi/03_14_10.npy,13,14,10,train
2470,/home/test/bupt_hjk/sdp_dataset/xrf55/wifi/03_14_11.npy,13,14,11,train
2471,/home/test/bupt_hjk/sdp_dataset/xrf55/wifi/03_14_12.npy,13,14,12,train
2472,/home/test/bupt_hjk/sdp_dataset/xrf55/wifi/03_14_13.npy,13,14,13,validation
2473,/home/test/bupt_hjk/sdp_dataset/xrf55/wifi/03_14_14.npy,13,14,14,validation
2474,/home/test/bupt_hjk/sdp_dataset/xrf55/wifi/03_14_15.npy,13,14,15,validation
2475,/home/test/bupt_hjk/sdp_dataset/xrf55/wifi/03_14_16.npy,13,14,16,validation
2476,/home/test/bupt_hjk/sdp_dataset/xrf55/wifi/03_14_17.npy,13,14,17,test
2477,/home/test/bupt_hjk/sdp_dataset/xrf55/wifi/03_14_18.npy,13,14,18,test
2478,/home/test/bupt_hjk/sdp_dataset/xrf55/wifi/03_14_19.npy,13,14,19,test
2479,/home/test/bupt_hjk/sdp_dataset/xrf55/wifi/03_14_20.npy,13,14,20,test
2480,/home/test/bupt_hjk/sdp_dataset/xrf55/wifi/03_15_01.npy,14,15,1,train
2481,/home/test/bupt_hjk/sdp_dataset/xrf55/wifi/03_15_02.npy,14,15,2,train
2482,/home/test/bupt_hjk/sdp_dataset/xrf55/wifi/03_15_03.npy,14,15,3,train
2483,/home/test/bupt_hjk/sdp_dataset/xrf55/wifi/03_15_04.npy,14,15,4,train
2484,/home/test/bupt_hjk/sdp_dataset/xrf55/wifi/03_15_05.npy,14,15,5,train
2485,/home/test/bupt_hjk/sdp_dataset/xrf55/wifi/03_15_06.npy,14,15,6,train
2486,/home/test/bupt_hjk/sdp_dataset/xrf55/wifi/03_15_07.npy,14,15,7,train
2487,/home/test/bupt_hjk/sdp_dataset/xrf55/wifi/03_15_08.npy,14,15,8,train
2488,/home/test/bupt_hjk/sdp_dataset/xrf55/wifi/03_15_09.npy,14,15,9,train
2489,/home/test/bupt_hjk/sdp_dataset/xrf55/wifi/03_15_10.npy,14,15,10,train
2490,/home/test/bupt_hjk/sdp_dataset/xrf55/wifi/03_15_11.npy,14,15,11,train
2491,/home/test/bupt_hjk/sdp_dataset/xrf55/wifi/03_15_12.npy,14,15,12,train
2492,/home/test/bupt_hjk/sdp_dataset/xrf55/wifi/03_15_13.npy,14,15,13,validation
2493,/home/test/bupt_hjk/sdp_dataset/xrf55/wifi/03_15_14.npy,14,15,14,validation
2494,/home/test/bupt_hjk/sdp_dataset/xrf55/wifi/03_15_15.npy,14,15,15,validation
2495,/home/test/bupt_hjk/sdp_dataset/xrf55/wifi/03_15_16.npy,14,15,16,validation
2496,/home/test/bupt_hjk/sdp_dataset/xrf55/wifi/03_15_17.npy,14,15,17,test
2497,/home/test/bupt_hjk/sdp_dataset/xrf55/wifi/03_15_18.npy,14,15,18,test
2498,/home/test/bupt_hjk/sdp_dataset/xrf55/wifi/03_15_19.npy,14,15,19,test
2499,/home/test/bupt_hjk/sdp_dataset/xrf55/wifi/03_15_20.npy,14,15,20,test
2500,/home/test/bupt_hjk/sdp_dataset/xrf55/wifi/03_16_01.npy,15,16,1,train
2501,/home/test/bupt_hjk/sdp_dataset/xrf55/wifi/03_16_02.npy,15,16,2,train
2502,/home/test/bupt_hjk/sdp_dataset/xrf55/wifi/03_16_03.npy,15,16,3,train
2503,/home/test/bupt_hjk/sdp_dataset/xrf55/wifi/03_16_04.npy,15,16,4,train
2504,/home/test/bupt_hjk/sdp_dataset/xrf55/wifi/03_16_05.npy,15,16,5,train
2505,/home/test/bupt_hjk/sdp_dataset/xrf55/wifi/03_16_06.npy,15,16,6,train
2506,/home/test/bupt_hjk/sdp_dataset/xrf55/wifi/03_16_07.npy,15,16,7,train
2507,/home/test/bupt_hjk/sdp_dataset/xrf55/wifi/03_16_08.npy,15,16,8,train
2508,/home/test/bupt_hjk/sdp_dataset/xrf55/wifi/03_16_09.npy,15,16,9,train
2509,/home/test/bupt_hjk/sdp_dataset/xrf55/wifi/03_16_10.npy,15,16,10,train
2510,/home/test/bupt_hjk/sdp_dataset/xrf55/wifi/03_16_11.npy,15,16,11,train
2511,/home/test/bupt_hjk/sdp_dataset/xrf55/wifi/03_16_12.npy,15,16,12,train
2512,/home/test/bupt_hjk/sdp_dataset/xrf55/wifi/03_16_13.npy,15,16,13,validation
2513,/home/test/bupt_hjk/sdp_dataset/xrf55/wifi/03_16_14.npy,15,16,14,validation
2514,/home/test/bupt_hjk/sdp_dataset/xrf55/wifi/03_16_15.npy,15,16,15,validation
2515,/home/test/bupt_hjk/sdp_dataset/xrf55/wifi/03_16_16.npy,15,16,16,validation
2516,/home/test/bupt_hjk/sdp_dataset/xrf55/wifi/03_16_17.npy,15,16,17,test
2517,/home/test/bupt_hjk/sdp_dataset/xrf55/wifi/03_16_18.npy,15,16,18,test
2518,/home/test/bupt_hjk/sdp_dataset/xrf55/wifi/03_16_19.npy,15,16,19,test
2519,/home/test/bupt_hjk/sdp_dataset/xrf55/wifi/03_16_20.npy,15,16,20,test
2520,/home/test/bupt_hjk/sdp_dataset/xrf55/wifi/03_17_01.npy,16,17,1,train
2521,/home/test/bupt_hjk/sdp_dataset/xrf55/wifi/03_17_02.npy,16,17,2,train
2522,/home/test/bupt_hjk/sdp_dataset/xrf55/wifi/03_17_03.npy,16,17,3,train
2523,/home/test/bupt_hjk/sdp_dataset/xrf55/wifi/03_17_04.npy,16,17,4,train
2524,/home/test/bupt_hjk/sdp_dataset/xrf55/wifi/03_17_05.npy,16,17,5,train
2525,/home/test/bupt_hjk/sdp_dataset/xrf55/wifi/03_17_06.npy,16,17,6,train
2526,/home/test/bupt_hjk/sdp_dataset/xrf55/wifi/03_17_07.npy,16,17,7,train
2527,/home/test/bupt_hjk/sdp_dataset/xrf55/wifi/03_17_08.npy,16,17,8,train
2528,/home/test/bupt_hjk/sdp_dataset/xrf55/wifi/03_17_09.npy,16,17,9,train
2529,/home/test/bupt_hjk/sdp_dataset/xrf55/wifi/03_17_10.npy,16,17,10,train
2530,/home/test/bupt_hjk/sdp_dataset/xrf55/wifi/03_17_11.npy,16,17,11,train
2531,/home/test/bupt_hjk/sdp_dataset/xrf55/wifi/03_17_12.npy,16,17,12,train
2532,/home/test/bupt_hjk/sdp_dataset/xrf55/wifi/03_17_13.npy,16,17,13,validation
2533,/home/test/bupt_hjk/sdp_dataset/xrf55/wifi/03_17_14.npy,16,17,14,validation
2534,/home/test/bupt_hjk/sdp_dataset/xrf55/wifi/03_17_15.npy,16,17,15,validation
2535,/home/test/bupt_hjk/sdp_dataset/xrf55/wifi/03_17_16.npy,16,17,16,validation
2536,/home/test/bupt_hjk/sdp_dataset/xrf55/wifi/03_17_17.npy,16,17,17,test
2537,/home/test/bupt_hjk/sdp_dataset/xrf55/wifi/03_17_18.npy,16,17,18,test
2538,/home/test/bupt_hjk/sdp_dataset/xrf55/wifi/03_17_19.npy,16,17,19,test
2539,/home/test/bupt_hjk/sdp_dataset/xrf55/wifi/03_17_20.npy,16,17,20,test
2540,/home/test/bupt_hjk/sdp_dataset/xrf55/wifi/03_18_01.npy,17,18,1,train
2541,/home/test/bupt_hjk/sdp_dataset/xrf55/wifi/03_18_02.npy,17,18,2,train
2542,/home/test/bupt_hjk/sdp_dataset/xrf55/wifi/03_18_03.npy,17,18,3,train
2543,/home/test/bupt_hjk/sdp_dataset/xrf55/wifi/03_18_04.npy,17,18,4,train
2544,/home/test/bupt_hjk/sdp_dataset/xrf55/wifi/03_18_05.npy,17,18,5,train
2545,/home/test/bupt_hjk/sdp_dataset/xrf55/wifi/03_18_06.npy,17,18,6,train
2546,/home/test/bupt_hjk/sdp_dataset/xrf55/wifi/03_18_07.npy,17,18,7,train
2547,/home/test/bupt_hjk/sdp_dataset/xrf55/wifi/03_18_08.npy,17,18,8,train
2548,/home/test/bupt_hjk/sdp_dataset/xrf55/wifi/03_18_09.npy,17,18,9,train
2549,/home/test/bupt_hjk/sdp_dataset/xrf55/wifi/03_18_10.npy,17,18,10,train
2550,/home/test/bupt_hjk/sdp_dataset/xrf55/wifi/03_18_11.npy,17,18,11,train
2551,/home/test/bupt_hjk/sdp_dataset/xrf55/wifi/03_18_12.npy,17,18,12,train
2552,/home/test/bupt_hjk/sdp_dataset/xrf55/wifi/03_18_13.npy,17,18,13,validation
2553,/home/test/bupt_hjk/sdp_dataset/xrf55/wifi/03_18_14.npy,17,18,14,validation
2554,/home/test/bupt_hjk/sdp_dataset/xrf55/wifi/03_18_15.npy,17,18,15,validation
2555,/home/test/bupt_hjk/sdp_dataset/xrf55/wifi/03_18_16.npy,17,18,16,validation
2556,/home/test/bupt_hjk/sdp_dataset/xrf55/wifi/03_18_17.npy,17,18,17,test
2557,/home/test/bupt_hjk/sdp_dataset/xrf55/wifi/03_18_18.npy,17,18,18,test
2558,/home/test/bupt_hjk/sdp_dataset/xrf55/wifi/03_18_19.npy,17,18,19,test
2559,/home/test/bupt_hjk/sdp_dataset/xrf55/wifi/03_18_20.npy,17,18,20,test
2560,/home/test/bupt_hjk/sdp_dataset/xrf55/wifi/03_19_01.npy,18,19,1,train
2561,/home/test/bupt_hjk/sdp_dataset/xrf55/wifi/03_19_02.npy,18,19,2,train
2562,/home/test/bupt_hjk/sdp_dataset/xrf55/wifi/03_19_03.npy,18,19,3,train
2563,/home/test/bupt_hjk/sdp_dataset/xrf55/wifi/03_19_04.npy,18,19,4,train
2564,/home/test/bupt_hjk/sdp_dataset/xrf55/wifi/03_19_05.npy,18,19,5,train
2565,/home/test/bupt_hjk/sdp_dataset/xrf55/wifi/03_19_06.npy,18,19,6,train
2566,/home/test/bupt_hjk/sdp_dataset/xrf55/wifi/03_19_07.npy,18,19,7,train
2567,/home/test/bupt_hjk/sdp_dataset/xrf55/wifi/03_19_08.npy,18,19,8,train
2568,/home/test/bupt_hjk/sdp_dataset/xrf55/wifi/03_19_09.npy,18,19,9,train
2569,/home/test/bupt_hjk/sdp_dataset/xrf55/wifi/03_19_10.npy,18,19,10,train
2570,/home/test/bupt_hjk/sdp_dataset/xrf55/wifi/03_19_11.npy,18,19,11,train
2571,/home/test/bupt_hjk/sdp_dataset/xrf55/wifi/03_19_12.npy,18,19,12,train
2572,/home/test/bupt_hjk/sdp_dataset/xrf55/wifi/03_19_13.npy,18,19,13,validation
2573,/home/test/bupt_hjk/sdp_dataset/xrf55/wifi/03_19_14.npy,18,19,14,validation
2574,/home/test/bupt_hjk/sdp_dataset/xrf55/wifi/03_19_15.npy,18,19,15,validation
2575,/home/test/bupt_hjk/sdp_dataset/xrf55/wifi/03_19_16.npy,18,19,16,validation
2576,/home/test/bupt_hjk/sdp_dataset/xrf55/wifi/03_19_17.npy,18,19,17,test
2577,/home/test/bupt_hjk/sdp_dataset/xrf55/wifi/03_19_18.npy,18,19,18,test
2578,/home/test/bupt_hjk/sdp_dataset/xrf55/wifi/03_19_19.npy,18,19,19,test
2579,/home/test/bupt_hjk/sdp_dataset/xrf55/wifi/03_19_20.npy,18,19,20,test
2580,/home/test/bupt_hjk/sdp_dataset/xrf55/wifi/03_20_01.npy,19,20,1,train
2581,/home/test/bupt_hjk/sdp_dataset/xrf55/wifi/03_20_02.npy,19,20,2,train
2582,/home/test/bupt_hjk/sdp_dataset/xrf55/wifi/03_20_03.npy,19,20,3,train
2583,/home/test/bupt_hjk/sdp_dataset/xrf55/wifi/03_20_04.npy,19,20,4,train
2584,/home/test/bupt_hjk/sdp_dataset/xrf55/wifi/03_20_05.npy,19,20,5,train
2585,/home/test/bupt_hjk/sdp_dataset/xrf55/wifi/03_20_06.npy,19,20,6,train
2586,/home/test/bupt_hjk/sdp_dataset/xrf55/wifi/03_20_07.npy,19,20,7,train
2587,/home/test/bupt_hjk/sdp_dataset/xrf55/wifi/03_20_08.npy,19,20,8,train
2588,/home/test/bupt_hjk/sdp_dataset/xrf55/wifi/03_20_09.npy,19,20,9,train
2589,/home/test/bupt_hjk/sdp_dataset/xrf55/wifi/03_20_10.npy,19,20,10,train
2590,/home/test/bupt_hjk/sdp_dataset/xrf55/wifi/03_20_11.npy,19,20,11,train
2591,/home/test/bupt_hjk/sdp_dataset/xrf55/wifi/03_20_12.npy,19,20,12,train
2592,/home/test/bupt_hjk/sdp_dataset/xrf55/wifi/03_20_13.npy,19,20,13,validation
2593,/home/test/bupt_hjk/sdp_dataset/xrf55/wifi/03_20_14.npy,19,20,14,validation
2594,/home/test/bupt_hjk/sdp_dataset/xrf55/wifi/03_20_15.npy,19,20,15,validation
2595,/home/test/bupt_hjk/sdp_dataset/xrf55/wifi/03_20_16.npy,19,20,16,validation
2596,/home/test/bupt_hjk/sdp_dataset/xrf55/wifi/03_20_17.npy,19,20,17,test
2597,/home/test/bupt_hjk/sdp_dataset/xrf55/wifi/03_20_18.npy,19,20,18,test
2598,/home/test/bupt_hjk/sdp_dataset/xrf55/wifi/03_20_19.npy,19,20,19,test
2599,/home/test/bupt_hjk/sdp_dataset/xrf55/wifi/03_20_20.npy,19,20,20,test
2600,/home/test/bupt_hjk/sdp_dataset/xrf55/wifi/03_21_01.npy,20,21,1,train
2601,/home/test/bupt_hjk/sdp_dataset/xrf55/wifi/03_21_02.npy,20,21,2,train
2602,/home/test/bupt_hjk/sdp_dataset/xrf55/wifi/03_21_03.npy,20,21,3,train
2603,/home/test/bupt_hjk/sdp_dataset/xrf55/wifi/03_21_04.npy,20,21,4,train
2604,/home/test/bupt_hjk/sdp_dataset/xrf55/wifi/03_21_05.npy,20,21,5,train
2605,/home/test/bupt_hjk/sdp_dataset/xrf55/wifi/03_21_06.npy,20,21,6,train
2606,/home/test/bupt_hjk/sdp_dataset/xrf55/wifi/03_21_07.npy,20,21,7,train
2607,/home/test/bupt_hjk/sdp_dataset/xrf55/wifi/03_21_08.npy,20,21,8,train
2608,/home/test/bupt_hjk/sdp_dataset/xrf55/wifi/03_21_09.npy,20,21,9,train
2609,/home/test/bupt_hjk/sdp_dataset/xrf55/wifi/03_21_10.npy,20,21,10,train
2610,/home/test/bupt_hjk/sdp_dataset/xrf55/wifi/03_21_11.npy,20,21,11,train
2611,/home/test/bupt_hjk/sdp_dataset/xrf55/wifi/03_21_12.npy,20,21,12,train
2612,/home/test/bupt_hjk/sdp_dataset/xrf55/wifi/03_21_13.npy,20,21,13,validation
2613,/home/test/bupt_hjk/sdp_dataset/xrf55/wifi/03_21_14.npy,20,21,14,validation
2614,/home/test/bupt_hjk/sdp_dataset/xrf55/wifi/03_21_15.npy,20,21,15,validation
2615,/home/test/bupt_hjk/sdp_dataset/xrf55/wifi/03_21_16.npy,20,21,16,validation
2616,/home/test/bupt_hjk/sdp_dataset/xrf55/wifi/03_21_17.npy,20,21,17,test
2617,/home/test/bupt_hjk/sdp_dataset/xrf55/wifi/03_21_18.npy,20,21,18,test
2618,/home/test/bupt_hjk/sdp_dataset/xrf55/wifi/03_21_19.npy,20,21,19,test
2619,/home/test/bupt_hjk/sdp_dataset/xrf55/wifi/03_21_20.npy,20,21,20,test
2620,/home/test/bupt_hjk/sdp_dataset/xrf55/wifi/03_22_01.npy,21,22,1,train
2621,/home/test/bupt_hjk/sdp_dataset/xrf55/wifi/03_22_02.npy,21,22,2,train
2622,/home/test/bupt_hjk/sdp_dataset/xrf55/wifi/03_22_03.npy,21,22,3,train
2623,/home/test/bupt_hjk/sdp_dataset/xrf55/wifi/03_22_04.npy,21,22,4,train
2624,/home/test/bupt_hjk/sdp_dataset/xrf55/wifi/03_22_05.npy,21,22,5,train
2625,/home/test/bupt_hjk/sdp_dataset/xrf55/wifi/03_22_06.npy,21,22,6,train
2626,/home/test/bupt_hjk/sdp_dataset/xrf55/wifi/03_22_07.npy,21,22,7,train
2627,/home/test/bupt_hjk/sdp_dataset/xrf55/wifi/03_22_08.npy,21,22,8,train
2628,/home/test/bupt_hjk/sdp_dataset/xrf55/wifi/03_22_09.npy,21,22,9,train
2629,/home/test/bupt_hjk/sdp_dataset/xrf55/wifi/03_22_10.npy,21,22,10,train
2630,/home/test/bupt_hjk/sdp_dataset/xrf55/wifi/03_22_11.npy,21,22,11,train
2631,/home/test/bupt_hjk/sdp_dataset/xrf55/wifi/03_22_12.npy,21,22,12,train
2632,/home/test/bupt_hjk/sdp_dataset/xrf55/wifi/03_22_13.npy,21,22,13,validation
2633,/home/test/bupt_hjk/sdp_dataset/xrf55/wifi/03_22_14.npy,21,22,14,validation
2634,/home/test/bupt_hjk/sdp_dataset/xrf55/wifi/03_22_15.npy,21,22,15,validation
2635,/home/test/bupt_hjk/sdp_dataset/xrf55/wifi/03_22_16.npy,21,22,16,validation
2636,/home/test/bupt_hjk/sdp_dataset/xrf55/wifi/03_22_17.npy,21,22,17,test
2637,/home/test/bupt_hjk/sdp_dataset/xrf55/wifi/03_22_18.npy,21,22,18,test
2638,/home/test/bupt_hjk/sdp_dataset/xrf55/wifi/03_22_19.npy,21,22,19,test
2639,/home/test/bupt_hjk/sdp_dataset/xrf55/wifi/03_22_20.npy,21,22,20,test
2640,/home/test/bupt_hjk/sdp_dataset/xrf55/wifi/03_23_01.npy,22,23,1,train
2641,/home/test/bupt_hjk/sdp_dataset/xrf55/wifi/03_23_02.npy,22,23,2,train
2642,/home/test/bupt_hjk/sdp_dataset/xrf55/wifi/03_23_03.npy,22,23,3,train
2643,/home/test/bupt_hjk/sdp_dataset/xrf55/wifi/03_23_04.npy,22,23,4,train
2644,/home/test/bupt_hjk/sdp_dataset/xrf55/wifi/03_23_05.npy,22,23,5,train
2645,/home/test/bupt_hjk/sdp_dataset/xrf55/wifi/03_23_06.npy,22,23,6,train
2646,/home/test/bupt_hjk/sdp_dataset/xrf55/wifi/03_23_07.npy,22,23,7,train
2647,/home/test/bupt_hjk/sdp_dataset/xrf55/wifi/03_23_08.npy,22,23,8,train
2648,/home/test/bupt_hjk/sdp_dataset/xrf55/wifi/03_23_09.npy,22,23,9,train
2649,/home/test/bupt_hjk/sdp_dataset/xrf55/wifi/03_23_10.npy,22,23,10,train
2650,/home/test/bupt_hjk/sdp_dataset/xrf55/wifi/03_23_11.npy,22,23,11,train
2651,/home/test/bupt_hjk/sdp_dataset/xrf55/wifi/03_23_12.npy,22,23,12,train
2652,/home/test/bupt_hjk/sdp_dataset/xrf55/wifi/03_23_13.npy,22,23,13,validation
2653,/home/test/bupt_hjk/sdp_dataset/xrf55/wifi/03_23_14.npy,22,23,14,validation
2654,/home/test/bupt_hjk/sdp_dataset/xrf55/wifi/03_23_15.npy,22,23,15,validation
2655,/home/test/bupt_hjk/sdp_dataset/xrf55/wifi/03_23_16.npy,22,23,16,validation
2656,/home/test/bupt_hjk/sdp_dataset/xrf55/wifi/03_23_17.npy,22,23,17,test
2657,/home/test/bupt_hjk/sdp_dataset/xrf55/wifi/03_23_18.npy,22,23,18,test
2658,/home/test/bupt_hjk/sdp_dataset/xrf55/wifi/03_23_19.npy,22,23,19,test
2659,/home/test/bupt_hjk/sdp_dataset/xrf55/wifi/03_23_20.npy,22,23,20,test
2660,/home/test/bupt_hjk/sdp_dataset/xrf55/wifi/03_24_01.npy,23,24,1,train
2661,/home/test/bupt_hjk/sdp_dataset/xrf55/wifi/03_24_02.npy,23,24,2,train
2662,/home/test/bupt_hjk/sdp_dataset/xrf55/wifi/03_24_03.npy,23,24,3,train
2663,/home/test/bupt_hjk/sdp_dataset/xrf55/wifi/03_24_04.npy,23,24,4,train
2664,/home/test/bupt_hjk/sdp_dataset/xrf55/wifi/03_24_05.npy,23,24,5,train
2665,/home/test/bupt_hjk/sdp_dataset/xrf55/wifi/03_24_06.npy,23,24,6,train
2666,/home/test/bupt_hjk/sdp_dataset/xrf55/wifi/03_24_07.npy,23,24,7,train
2667,/home/test/bupt_hjk/sdp_dataset/xrf55/wifi/03_24_08.npy,23,24,8,train
2668,/home/test/bupt_hjk/sdp_dataset/xrf55/wifi/03_24_09.npy,23,24,9,train
2669,/home/test/bupt_hjk/sdp_dataset/xrf55/wifi/03_24_10.npy,23,24,10,train
2670,/home/test/bupt_hjk/sdp_dataset/xrf55/wifi/03_24_11.npy,23,24,11,train
2671,/home/test/bupt_hjk/sdp_dataset/xrf55/wifi/03_24_12.npy,23,24,12,train
2672,/home/test/bupt_hjk/sdp_dataset/xrf55/wifi/03_24_13.npy,23,24,13,validation
2673,/home/test/bupt_hjk/sdp_dataset/xrf55/wifi/03_24_14.npy,23,24,14,validation
2674,/home/test/bupt_hjk/sdp_dataset/xrf55/wifi/03_24_15.npy,23,24,15,validation
2675,/home/test/bupt_hjk/sdp_dataset/xrf55/wifi/03_24_16.npy,23,24,16,validation
2676,/home/test/bupt_hjk/sdp_dataset/xrf55/wifi/03_24_17.npy,23,24,17,test
2677,/home/test/bupt_hjk/sdp_dataset/xrf55/wifi/03_24_18.npy,23,24,18,test
2678,/home/test/bupt_hjk/sdp_dataset/xrf55/wifi/03_24_19.npy,23,24,19,test
2679,/home/test/bupt_hjk/sdp_dataset/xrf55/wifi/03_24_20.npy,23,24,20,test
2680,/home/test/bupt_hjk/sdp_dataset/xrf55/wifi/03_25_01.npy,24,25,1,train
2681,/home/test/bupt_hjk/sdp_dataset/xrf55/wifi/03_25_02.npy,24,25,2,train
2682,/home/test/bupt_hjk/sdp_dataset/xrf55/wifi/03_25_03.npy,24,25,3,train
2683,/home/test/bupt_hjk/sdp_dataset/xrf55/wifi/03_25_04.npy,24,25,4,train
2684,/home/test/bupt_hjk/sdp_dataset/xrf55/wifi/03_25_05.npy,24,25,5,train
2685,/home/test/bupt_hjk/sdp_dataset/xrf55/wifi/03_25_06.npy,24,25,6,train
2686,/home/test/bupt_hjk/sdp_dataset/xrf55/wifi/03_25_07.npy,24,25,7,train
2687,/home/test/bupt_hjk/sdp_dataset/xrf55/wifi/03_25_08.npy,24,25,8,train
2688,/home/test/bupt_hjk/sdp_dataset/xrf55/wifi/03_25_09.npy,24,25,9,train
2689,/home/test/bupt_hjk/sdp_dataset/xrf55/wifi/03_25_10.npy,24,25,10,train
2690,/home/test/bupt_hjk/sdp_dataset/xrf55/wifi/03_25_11.npy,24,25,11,train
2691,/home/test/bupt_hjk/sdp_dataset/xrf55/wifi/03_25_12.npy,24,25,12,train
2692,/home/test/bupt_hjk/sdp_dataset/xrf55/wifi/03_25_13.npy,24,25,13,validation
2693,/home/test/bupt_hjk/sdp_dataset/xrf55/wifi/03_25_14.npy,24,25,14,validation
2694,/home/test/bupt_hjk/sdp_dataset/xrf55/wifi/03_25_15.npy,24,25,15,validation
2695,/home/test/bupt_hjk/sdp_dataset/xrf55/wifi/03_25_16.npy,24,25,16,validation
2696,/home/test/bupt_hjk/sdp_dataset/xrf55/wifi/03_25_17.npy,24,25,17,test
2697,/home/test/bupt_hjk/sdp_dataset/xrf55/wifi/03_25_18.npy,24,25,18,test
2698,/home/test/bupt_hjk/sdp_dataset/xrf55/wifi/03_25_19.npy,24,25,19,test
2699,/home/test/bupt_hjk/sdp_dataset/xrf55/wifi/03_25_20.npy,24,25,20,test
2700,/home/test/bupt_hjk/sdp_dataset/xrf55/wifi/03_26_01.npy,25,26,1,train
2701,/home/test/bupt_hjk/sdp_dataset/xrf55/wifi/03_26_02.npy,25,26,2,train
2702,/home/test/bupt_hjk/sdp_dataset/xrf55/wifi/03_26_03.npy,25,26,3,train
2703,/home/test/bupt_hjk/sdp_dataset/xrf55/wifi/03_26_04.npy,25,26,4,train
2704,/home/test/bupt_hjk/sdp_dataset/xrf55/wifi/03_26_05.npy,25,26,5,train
2705,/home/test/bupt_hjk/sdp_dataset/xrf55/wifi/03_26_06.npy,25,26,6,train
2706,/home/test/bupt_hjk/sdp_dataset/xrf55/wifi/03_26_07.npy,25,26,7,train
2707,/home/test/bupt_hjk/sdp_dataset/xrf55/wifi/03_26_08.npy,25,26,8,train
2708,/home/test/bupt_hjk/sdp_dataset/xrf55/wifi/03_26_09.npy,25,26,9,train
2709,/home/test/bupt_hjk/sdp_dataset/xrf55/wifi/03_26_10.npy,25,26,10,train
2710,/home/test/bupt_hjk/sdp_dataset/xrf55/wifi/03_26_11.npy,25,26,11,train
2711,/home/test/bupt_hjk/sdp_dataset/xrf55/wifi/03_26_12.npy,25,26,12,train
2712,/home/test/bupt_hjk/sdp_dataset/xrf55/wifi/03_26_13.npy,25,26,13,validation
2713,/home/test/bupt_hjk/sdp_dataset/xrf55/wifi/03_26_14.npy,25,26,14,validation
2714,/home/test/bupt_hjk/sdp_dataset/xrf55/wifi/03_26_15.npy,25,26,15,validation
2715,/home/test/bupt_hjk/sdp_dataset/xrf55/wifi/03_26_16.npy,25,26,16,validation
2716,/home/test/bupt_hjk/sdp_dataset/xrf55/wifi/03_26_17.npy,25,26,17,test
2717,/home/test/bupt_hjk/sdp_dataset/xrf55/wifi/03_26_18.npy,25,26,18,test
2718,/home/test/bupt_hjk/sdp_dataset/xrf55/wifi/03_26_19.npy,25,26,19,test
2719,/home/test/bupt_hjk/sdp_dataset/xrf55/wifi/03_26_20.npy,25,26,20,test
2720,/home/test/bupt_hjk/sdp_dataset/xrf55/wifi/03_27_01.npy,26,27,1,train
2721,/home/test/bupt_hjk/sdp_dataset/xrf55/wifi/03_27_02.npy,26,27,2,train
2722,/home/test/bupt_hjk/sdp_dataset/xrf55/wifi/03_27_03.npy,26,27,3,train
2723,/home/test/bupt_hjk/sdp_dataset/xrf55/wifi/03_27_04.npy,26,27,4,train
2724,/home/test/bupt_hjk/sdp_dataset/xrf55/wifi/03_27_05.npy,26,27,5,train
2725,/home/test/bupt_hjk/sdp_dataset/xrf55/wifi/03_27_06.npy,26,27,6,train
2726,/home/test/bupt_hjk/sdp_dataset/xrf55/wifi/03_27_07.npy,26,27,7,train
2727,/home/test/bupt_hjk/sdp_dataset/xrf55/wifi/03_27_08.npy,26,27,8,train
2728,/home/test/bupt_hjk/sdp_dataset/xrf55/wifi/03_27_09.npy,26,27,9,train
2729,/home/test/bupt_hjk/sdp_dataset/xrf55/wifi/03_27_10.npy,26,27,10,train
2730,/home/test/bupt_hjk/sdp_dataset/xrf55/wifi/03_27_11.npy,26,27,11,train
2731,/home/test/bupt_hjk/sdp_dataset/xrf55/wifi/03_27_12.npy,26,27,12,train
2732,/home/test/bupt_hjk/sdp_dataset/xrf55/wifi/03_27_13.npy,26,27,13,validation
2733,/home/test/bupt_hjk/sdp_dataset/xrf55/wifi/03_27_14.npy,26,27,14,validation
2734,/home/test/bupt_hjk/sdp_dataset/xrf55/wifi/03_27_15.npy,26,27,15,validation
2735,/home/test/bupt_hjk/sdp_dataset/xrf55/wifi/03_27_16.npy,26,27,16,validation
2736,/home/test/bupt_hjk/sdp_dataset/xrf55/wifi/03_27_17.npy,26,27,17,test
2737,/home/test/bupt_hjk/sdp_dataset/xrf55/wifi/03_27_18.npy,26,27,18,test
2738,/home/test/bupt_hjk/sdp_dataset/xrf55/wifi/03_27_19.npy,26,27,19,test
2739,/home/test/bupt_hjk/sdp_dataset/xrf55/wifi/03_27_20.npy,26,27,20,test
2740,/home/test/bupt_hjk/sdp_dataset/xrf55/wifi/03_28_01.npy,27,28,1,train
2741,/home/test/bupt_hjk/sdp_dataset/xrf55/wifi/03_28_02.npy,27,28,2,train
2742,/home/test/bupt_hjk/sdp_dataset/xrf55/wifi/03_28_03.npy,27,28,3,train
2743,/home/test/bupt_hjk/sdp_dataset/xrf55/wifi/03_28_04.npy,27,28,4,train
2744,/home/test/bupt_hjk/sdp_dataset/xrf55/wifi/03_28_05.npy,27,28,5,train
2745,/home/test/bupt_hjk/sdp_dataset/xrf55/wifi/03_28_06.npy,27,28,6,train
2746,/home/test/bupt_hjk/sdp_dataset/xrf55/wifi/03_28_07.npy,27,28,7,train
2747,/home/test/bupt_hjk/sdp_dataset/xrf55/wifi/03_28_08.npy,27,28,8,train
2748,/home/test/bupt_hjk/sdp_dataset/xrf55/wifi/03_28_09.npy,27,28,9,train
2749,/home/test/bupt_hjk/sdp_dataset/xrf55/wifi/03_28_10.npy,27,28,10,train
2750,/home/test/bupt_hjk/sdp_dataset/xrf55/wifi/03_28_11.npy,27,28,11,train
2751,/home/test/bupt_hjk/sdp_dataset/xrf55/wifi/03_28_12.npy,27,28,12,train
2752,/home/test/bupt_hjk/sdp_dataset/xrf55/wifi/03_28_13.npy,27,28,13,validation
2753,/home/test/bupt_hjk/sdp_dataset/xrf55/wifi/03_28_14.npy,27,28,14,validation
2754,/home/test/bupt_hjk/sdp_dataset/xrf55/wifi/03_28_15.npy,27,28,15,validation
2755,/home/test/bupt_hjk/sdp_dataset/xrf55/wifi/03_28_16.npy,27,28,16,validation
2756,/home/test/bupt_hjk/sdp_dataset/xrf55/wifi/03_28_17.npy,27,28,17,test
2757,/home/test/bupt_hjk/sdp_dataset/xrf55/wifi/03_28_18.npy,27,28,18,test
2758,/home/test/bupt_hjk/sdp_dataset/xrf55/wifi/03_28_19.npy,27,28,19,test
2759,/home/test/bupt_hjk/sdp_dataset/xrf55/wifi/03_28_20.npy,27,28,20,test
2760,/home/test/bupt_hjk/sdp_dataset/xrf55/wifi/03_29_01.npy,28,29,1,train
2761,/home/test/bupt_hjk/sdp_dataset/xrf55/wifi/03_29_02.npy,28,29,2,train
2762,/home/test/bupt_hjk/sdp_dataset/xrf55/wifi/03_29_03.npy,28,29,3,train
2763,/home/test/bupt_hjk/sdp_dataset/xrf55/wifi/03_29_04.npy,28,29,4,train
2764,/home/test/bupt_hjk/sdp_dataset/xrf55/wifi/03_29_05.npy,28,29,5,train
2765,/home/test/bupt_hjk/sdp_dataset/xrf55/wifi/03_29_06.npy,28,29,6,train
2766,/home/test/bupt_hjk/sdp_dataset/xrf55/wifi/03_29_07.npy,28,29,7,train
2767,/home/test/bupt_hjk/sdp_dataset/xrf55/wifi/03_29_08.npy,28,29,8,train
2768,/home/test/bupt_hjk/sdp_dataset/xrf55/wifi/03_29_09.npy,28,29,9,train
2769,/home/test/bupt_hjk/sdp_dataset/xrf55/wifi/03_29_10.npy,28,29,10,train
2770,/home/test/bupt_hjk/sdp_dataset/xrf55/wifi/03_29_11.npy,28,29,11,train
2771,/home/test/bupt_hjk/sdp_dataset/xrf55/wifi/03_29_12.npy,28,29,12,train
2772,/home/test/bupt_hjk/sdp_dataset/xrf55/wifi/03_29_13.npy,28,29,13,validation
2773,/home/test/bupt_hjk/sdp_dataset/xrf55/wifi/03_29_14.npy,28,29,14,validation
2774,/home/test/bupt_hjk/sdp_dataset/xrf55/wifi/03_29_15.npy,28,29,15,validation
2775,/home/test/bupt_hjk/sdp_dataset/xrf55/wifi/03_29_16.npy,28,29,16,validation
2776,/home/test/bupt_hjk/sdp_dataset/xrf55/wifi/03_29_17.npy,28,29,17,test
2777,/home/test/bupt_hjk/sdp_dataset/xrf55/wifi/03_29_18.npy,28,29,18,test
2778,/home/test/bupt_hjk/sdp_dataset/xrf55/wifi/03_29_19.npy,28,29,19,test
2779,/home/test/bupt_hjk/sdp_dataset/xrf55/wifi/03_29_20.npy,28,29,20,test
2780,/home/test/bupt_hjk/sdp_dataset/xrf55/wifi/03_30_01.npy,29,30,1,train
2781,/home/test/bupt_hjk/sdp_dataset/xrf55/wifi/03_30_02.npy,29,30,2,train
2782,/home/test/bupt_hjk/sdp_dataset/xrf55/wifi/03_30_03.npy,29,30,3,train
2783,/home/test/bupt_hjk/sdp_dataset/xrf55/wifi/03_30_04.npy,29,30,4,train
2784,/home/test/bupt_hjk/sdp_dataset/xrf55/wifi/03_30_05.npy,29,30,5,train
2785,/home/test/bupt_hjk/sdp_dataset/xrf55/wifi/03_30_06.npy,29,30,6,train
2786,/home/test/bupt_hjk/sdp_dataset/xrf55/wifi/03_30_07.npy,29,30,7,train
2787,/home/test/bupt_hjk/sdp_dataset/xrf55/wifi/03_30_08.npy,29,30,8,train
2788,/home/test/bupt_hjk/sdp_dataset/xrf55/wifi/03_30_09.npy,29,30,9,train
2789,/home/test/bupt_hjk/sdp_dataset/xrf55/wifi/03_30_10.npy,29,30,10,train
2790,/home/test/bupt_hjk/sdp_dataset/xrf55/wifi/03_30_11.npy,29,30,11,train
2791,/home/test/bupt_hjk/sdp_dataset/xrf55/wifi/03_30_12.npy,29,30,12,train
2792,/home/test/bupt_hjk/sdp_dataset/xrf55/wifi/03_30_13.npy,29,30,13,validation
2793,/home/test/bupt_hjk/sdp_dataset/xrf55/wifi/03_30_14.npy,29,30,14,validation
2794,/home/test/bupt_hjk/sdp_dataset/xrf55/wifi/03_30_15.npy,29,30,15,validation
2795,/home/test/bupt_hjk/sdp_dataset/xrf55/wifi/03_30_16.npy,29,30,16,validation
2796,/home/test/bupt_hjk/sdp_dataset/xrf55/wifi/03_30_17.npy,29,30,17,test
2797,/home/test/bupt_hjk/sdp_dataset/xrf55/wifi/03_30_18.npy,29,30,18,test
2798,/home/test/bupt_hjk/sdp_dataset/xrf55/wifi/03_30_19.npy,29,30,19,test
2799,/home/test/bupt_hjk/sdp_dataset/xrf55/wifi/03_30_20.npy,29,30,20,test
2800,/home/test/bupt_hjk/sdp_dataset/xrf55/wifi/03_31_01.npy,30,31,1,train
2801,/home/test/bupt_hjk/sdp_dataset/xrf55/wifi/03_31_02.npy,30,31,2,train
2802,/home/test/bupt_hjk/sdp_dataset/xrf55/wifi/03_31_03.npy,30,31,3,train
2803,/home/test/bupt_hjk/sdp_dataset/xrf55/wifi/03_31_04.npy,30,31,4,train
2804,/home/test/bupt_hjk/sdp_dataset/xrf55/wifi/03_31_05.npy,30,31,5,train
2805,/home/test/bupt_hjk/sdp_dataset/xrf55/wifi/03_31_06.npy,30,31,6,train
2806,/home/test/bupt_hjk/sdp_dataset/xrf55/wifi/03_31_07.npy,30,31,7,train
2807,/home/test/bupt_hjk/sdp_dataset/xrf55/wifi/03_31_08.npy,30,31,8,train
2808,/home/test/bupt_hjk/sdp_dataset/xrf55/wifi/03_31_09.npy,30,31,9,train
2809,/home/test/bupt_hjk/sdp_dataset/xrf55/wifi/03_31_10.npy,30,31,10,train
2810,/home/test/bupt_hjk/sdp_dataset/xrf55/wifi/03_31_11.npy,30,31,11,train
2811,/home/test/bupt_hjk/sdp_dataset/xrf55/wifi/03_31_12.npy,30,31,12,train
2812,/home/test/bupt_hjk/sdp_dataset/xrf55/wifi/03_31_13.npy,30,31,13,validation
2813,/home/test/bupt_hjk/sdp_dataset/xrf55/wifi/03_31_14.npy,30,31,14,validation
2814,/home/test/bupt_hjk/sdp_dataset/xrf55/wifi/03_31_15.npy,30,31,15,validation
2815,/home/test/bupt_hjk/sdp_dataset/xrf55/wifi/03_31_16.npy,30,31,16,validation
2816,/home/test/bupt_hjk/sdp_dataset/xrf55/wifi/03_31_17.npy,30,31,17,test
2817,/home/test/bupt_hjk/sdp_dataset/xrf55/wifi/03_31_18.npy,30,31,18,test
2818,/home/test/bupt_hjk/sdp_dataset/xrf55/wifi/03_31_19.npy,30,31,19,test
2819,/home/test/bupt_hjk/sdp_dataset/xrf55/wifi/03_31_20.npy,30,31,20,test
2820,/home/test/bupt_hjk/sdp_dataset/xrf55/wifi/03_32_01.npy,31,32,1,train
2821,/home/test/bupt_hjk/sdp_dataset/xrf55/wifi/03_32_02.npy,31,32,2,train
2822,/home/test/bupt_hjk/sdp_dataset/xrf55/wifi/03_32_03.npy,31,32,3,train
2823,/home/test/bupt_hjk/sdp_dataset/xrf55/wifi/03_32_04.npy,31,32,4,train
2824,/home/test/bupt_hjk/sdp_dataset/xrf55/wifi/03_32_05.npy,31,32,5,train
2825,/home/test/bupt_hjk/sdp_dataset/xrf55/wifi/03_32_06.npy,31,32,6,train
2826,/home/test/bupt_hjk/sdp_dataset/xrf55/wifi/03_32_07.npy,31,32,7,train
2827,/home/test/bupt_hjk/sdp_dataset/xrf55/wifi/03_32_08.npy,31,32,8,train
2828,/home/test/bupt_hjk/sdp_dataset/xrf55/wifi/03_32_09.npy,31,32,9,train
2829,/home/test/bupt_hjk/sdp_dataset/xrf55/wifi/03_32_10.npy,31,32,10,train
2830,/home/test/bupt_hjk/sdp_dataset/xrf55/wifi/03_32_11.npy,31,32,11,train
2831,/home/test/bupt_hjk/sdp_dataset/xrf55/wifi/03_32_12.npy,31,32,12,train
2832,/home/test/bupt_hjk/sdp_dataset/xrf55/wifi/03_32_13.npy,31,32,13,validation
2833,/home/test/bupt_hjk/sdp_dataset/xrf55/wifi/03_32_14.npy,31,32,14,validation
2834,/home/test/bupt_hjk/sdp_dataset/xrf55/wifi/03_32_15.npy,31,32,15,validation
2835,/home/test/bupt_hjk/sdp_dataset/xrf55/wifi/03_32_16.npy,31,32,16,validation
2836,/home/test/bupt_hjk/sdp_dataset/xrf55/wifi/03_32_17.npy,31,32,17,test
2837,/home/test/bupt_hjk/sdp_dataset/xrf55/wifi/03_32_18.npy,31,32,18,test
2838,/home/test/bupt_hjk/sdp_dataset/xrf55/wifi/03_32_19.npy,31,32,19,test
2839,/home/test/bupt_hjk/sdp_dataset/xrf55/wifi/03_32_20.npy,31,32,20,test
2840,/home/test/bupt_hjk/sdp_dataset/xrf55/wifi/03_33_01.npy,32,33,1,train
2841,/home/test/bupt_hjk/sdp_dataset/xrf55/wifi/03_33_02.npy,32,33,2,train
2842,/home/test/bupt_hjk/sdp_dataset/xrf55/wifi/03_33_03.npy,32,33,3,train
2843,/home/test/bupt_hjk/sdp_dataset/xrf55/wifi/03_33_04.npy,32,33,4,train
2844,/home/test/bupt_hjk/sdp_dataset/xrf55/wifi/03_33_05.npy,32,33,5,train
2845,/home/test/bupt_hjk/sdp_dataset/xrf55/wifi/03_33_06.npy,32,33,6,train
2846,/home/test/bupt_hjk/sdp_dataset/xrf55/wifi/03_33_07.npy,32,33,7,train
2847,/home/test/bupt_hjk/sdp_dataset/xrf55/wifi/03_33_08.npy,32,33,8,train
2848,/home/test/bupt_hjk/sdp_dataset/xrf55/wifi/03_33_09.npy,32,33,9,train
2849,/home/test/bupt_hjk/sdp_dataset/xrf55/wifi/03_33_10.npy,32,33,10,train
2850,/home/test/bupt_hjk/sdp_dataset/xrf55/wifi/03_33_11.npy,32,33,11,train
2851,/home/test/bupt_hjk/sdp_dataset/xrf55/wifi/03_33_12.npy,32,33,12,train
2852,/home/test/bupt_hjk/sdp_dataset/xrf55/wifi/03_33_13.npy,32,33,13,validation
2853,/home/test/bupt_hjk/sdp_dataset/xrf55/wifi/03_33_14.npy,32,33,14,validation
2854,/home/test/bupt_hjk/sdp_dataset/xrf55/wifi/03_33_15.npy,32,33,15,validation
2855,/home/test/bupt_hjk/sdp_dataset/xrf55/wifi/03_33_16.npy,32,33,16,validation
2856,/home/test/bupt_hjk/sdp_dataset/xrf55/wifi/03_33_17.npy,32,33,17,test
2857,/home/test/bupt_hjk/sdp_dataset/xrf55/wifi/03_33_18.npy,32,33,18,test
2858,/home/test/bupt_hjk/sdp_dataset/xrf55/wifi/03_33_19.npy,32,33,19,test
2859,/home/test/bupt_hjk/sdp_dataset/xrf55/wifi/03_33_20.npy,32,33,20,test
2860,/home/test/bupt_hjk/sdp_dataset/xrf55/wifi/03_34_01.npy,33,34,1,train
2861,/home/test/bupt_hjk/sdp_dataset/xrf55/wifi/03_34_02.npy,33,34,2,train
2862,/home/test/bupt_hjk/sdp_dataset/xrf55/wifi/03_34_03.npy,33,34,3,train
2863,/home/test/bupt_hjk/sdp_dataset/xrf55/wifi/03_34_04.npy,33,34,4,train
2864,/home/test/bupt_hjk/sdp_dataset/xrf55/wifi/03_34_05.npy,33,34,5,train
2865,/home/test/bupt_hjk/sdp_dataset/xrf55/wifi/03_34_06.npy,33,34,6,train
2866,/home/test/bupt_hjk/sdp_dataset/xrf55/wifi/03_34_07.npy,33,34,7,train
2867,/home/test/bupt_hjk/sdp_dataset/xrf55/wifi/03_34_08.npy,33,34,8,train
2868,/home/test/bupt_hjk/sdp_dataset/xrf55/wifi/03_34_09.npy,33,34,9,train
2869,/home/test/bupt_hjk/sdp_dataset/xrf55/wifi/03_34_10.npy,33,34,10,train
2870,/home/test/bupt_hjk/sdp_dataset/xrf55/wifi/03_34_11.npy,33,34,11,train
2871,/home/test/bupt_hjk/sdp_dataset/xrf55/wifi/03_34_12.npy,33,34,12,train
2872,/home/test/bupt_hjk/sdp_dataset/xrf55/wifi/03_34_13.npy,33,34,13,validation
2873,/home/test/bupt_hjk/sdp_dataset/xrf55/wifi/03_34_14.npy,33,34,14,validation
2874,/home/test/bupt_hjk/sdp_dataset/xrf55/wifi/03_34_15.npy,33,34,15,validation
2875,/home/test/bupt_hjk/sdp_dataset/xrf55/wifi/03_34_16.npy,33,34,16,validation
2876,/home/test/bupt_hjk/sdp_dataset/xrf55/wifi/03_34_17.npy,33,34,17,test
2877,/home/test/bupt_hjk/sdp_dataset/xrf55/wifi/03_34_18.npy,33,34,18,test
2878,/home/test/bupt_hjk/sdp_dataset/xrf55/wifi/03_34_19.npy,33,34,19,test
2879,/home/test/bupt_hjk/sdp_dataset/xrf55/wifi/03_34_20.npy,33,34,20,test
2880,/home/test/bupt_hjk/sdp_dataset/xrf55/wifi/03_35_01.npy,34,35,1,train
2881,/home/test/bupt_hjk/sdp_dataset/xrf55/wifi/03_35_02.npy,34,35,2,train
2882,/home/test/bupt_hjk/sdp_dataset/xrf55/wifi/03_35_03.npy,34,35,3,train
2883,/home/test/bupt_hjk/sdp_dataset/xrf55/wifi/03_35_04.npy,34,35,4,train
2884,/home/test/bupt_hjk/sdp_dataset/xrf55/wifi/03_35_05.npy,34,35,5,train
2885,/home/test/bupt_hjk/sdp_dataset/xrf55/wifi/03_35_06.npy,34,35,6,train
2886,/home/test/bupt_hjk/sdp_dataset/xrf55/wifi/03_35_07.npy,34,35,7,train
2887,/home/test/bupt_hjk/sdp_dataset/xrf55/wifi/03_35_08.npy,34,35,8,train
2888,/home/test/bupt_hjk/sdp_dataset/xrf55/wifi/03_35_09.npy,34,35,9,train
2889,/home/test/bupt_hjk/sdp_dataset/xrf55/wifi/03_35_10.npy,34,35,10,train
2890,/home/test/bupt_hjk/sdp_dataset/xrf55/wifi/03_35_11.npy,34,35,11,train
2891,/home/test/bupt_hjk/sdp_dataset/xrf55/wifi/03_35_12.npy,34,35,12,train
2892,/home/test/bupt_hjk/sdp_dataset/xrf55/wifi/03_35_13.npy,34,35,13,validation
2893,/home/test/bupt_hjk/sdp_dataset/xrf55/wifi/03_35_14.npy,34,35,14,validation
2894,/home/test/bupt_hjk/sdp_dataset/xrf55/wifi/03_35_15.npy,34,35,15,validation
2895,/home/test/bupt_hjk/sdp_dataset/xrf55/wifi/03_35_16.npy,34,35,16,validation
2896,/home/test/bupt_hjk/sdp_dataset/xrf55/wifi/03_35_17.npy,34,35,17,test
2897,/home/test/bupt_hjk/sdp_dataset/xrf55/wifi/03_35_18.npy,34,35,18,test
2898,/home/test/bupt_hjk/sdp_dataset/xrf55/wifi/03_35_19.npy,34,35,19,test
2899,/home/test/bupt_hjk/sdp_dataset/xrf55/wifi/03_35_20.npy,34,35,20,test
2900,/home/test/bupt_hjk/sdp_dataset/xrf55/wifi/03_36_01.npy,35,36,1,train
2901,/home/test/bupt_hjk/sdp_dataset/xrf55/wifi/03_36_02.npy,35,36,2,train
2902,/home/test/bupt_hjk/sdp_dataset/xrf55/wifi/03_36_03.npy,35,36,3,train
2903,/home/test/bupt_hjk/sdp_dataset/xrf55/wifi/03_36_04.npy,35,36,4,train
2904,/home/test/bupt_hjk/sdp_dataset/xrf55/wifi/03_36_05.npy,35,36,5,train
2905,/home/test/bupt_hjk/sdp_dataset/xrf55/wifi/03_36_06.npy,35,36,6,train
2906,/home/test/bupt_hjk/sdp_dataset/xrf55/wifi/03_36_07.npy,35,36,7,train
2907,/home/test/bupt_hjk/sdp_dataset/xrf55/wifi/03_36_08.npy,35,36,8,train
2908,/home/test/bupt_hjk/sdp_dataset/xrf55/wifi/03_36_09.npy,35,36,9,train
2909,/home/test/bupt_hjk/sdp_dataset/xrf55/wifi/03_36_10.npy,35,36,10,train
2910,/home/test/bupt_hjk/sdp_dataset/xrf55/wifi/03_36_11.npy,35,36,11,train
2911,/home/test/bupt_hjk/sdp_dataset/xrf55/wifi/03_36_12.npy,35,36,12,train
2912,/home/test/bupt_hjk/sdp_dataset/xrf55/wifi/03_36_13.npy,35,36,13,validation
2913,/home/test/bupt_hjk/sdp_dataset/xrf55/wifi/03_36_14.npy,35,36,14,validation
2914,/home/test/bupt_hjk/sdp_dataset/xrf55/wifi/03_36_15.npy,35,36,15,validation
2915,/home/test/bupt_hjk/sdp_dataset/xrf55/wifi/03_36_16.npy,35,36,16,validation
2916,/home/test/bupt_hjk/sdp_dataset/xrf55/wifi/03_36_17.npy,35,36,17,test
2917,/home/test/bupt_hjk/sdp_dataset/xrf55/wifi/03_36_18.npy,35,36,18,test
2918,/home/test/bupt_hjk/sdp_dataset/xrf55/wifi/03_36_19.npy,35,36,19,test
2919,/home/test/bupt_hjk/sdp_dataset/xrf55/wifi/03_36_20.npy,35,36,20,test
2920,/home/test/bupt_hjk/sdp_dataset/xrf55/wifi/03_37_01.npy,36,37,1,train
2921,/home/test/bupt_hjk/sdp_dataset/xrf55/wifi/03_37_02.npy,36,37,2,train
2922,/home/test/bupt_hjk/sdp_dataset/xrf55/wifi/03_37_03.npy,36,37,3,train
2923,/home/test/bupt_hjk/sdp_dataset/xrf55/wifi/03_37_04.npy,36,37,4,train
2924,/home/test/bupt_hjk/sdp_dataset/xrf55/wifi/03_37_05.npy,36,37,5,train
2925,/home/test/bupt_hjk/sdp_dataset/xrf55/wifi/03_37_06.npy,36,37,6,train
2926,/home/test/bupt_hjk/sdp_dataset/xrf55/wifi/03_37_07.npy,36,37,7,train
2927,/home/test/bupt_hjk/sdp_dataset/xrf55/wifi/03_37_08.npy,36,37,8,train
2928,/home/test/bupt_hjk/sdp_dataset/xrf55/wifi/03_37_09.npy,36,37,9,train
2929,/home/test/bupt_hjk/sdp_dataset/xrf55/wifi/03_37_10.npy,36,37,10,train
2930,/home/test/bupt_hjk/sdp_dataset/xrf55/wifi/03_37_11.npy,36,37,11,train
2931,/home/test/bupt_hjk/sdp_dataset/xrf55/wifi/03_37_12.npy,36,37,12,train
2932,/home/test/bupt_hjk/sdp_dataset/xrf55/wifi/03_37_13.npy,36,37,13,validation
2933,/home/test/bupt_hjk/sdp_dataset/xrf55/wifi/03_37_14.npy,36,37,14,validation
2934,/home/test/bupt_hjk/sdp_dataset/xrf55/wifi/03_37_15.npy,36,37,15,validation
2935,/home/test/bupt_hjk/sdp_dataset/xrf55/wifi/03_37_16.npy,36,37,16,validation
2936,/home/test/bupt_hjk/sdp_dataset/xrf55/wifi/03_37_17.npy,36,37,17,test
2937,/home/test/bupt_hjk/sdp_dataset/xrf55/wifi/03_37_18.npy,36,37,18,test
2938,/home/test/bupt_hjk/sdp_dataset/xrf55/wifi/03_37_19.npy,36,37,19,test
2939,/home/test/bupt_hjk/sdp_dataset/xrf55/wifi/03_37_20.npy,36,37,20,test
2940,/home/test/bupt_hjk/sdp_dataset/xrf55/wifi/03_38_01.npy,37,38,1,train
2941,/home/test/bupt_hjk/sdp_dataset/xrf55/wifi/03_38_02.npy,37,38,2,train
2942,/home/test/bupt_hjk/sdp_dataset/xrf55/wifi/03_38_03.npy,37,38,3,train
2943,/home/test/bupt_hjk/sdp_dataset/xrf55/wifi/03_38_04.npy,37,38,4,train
2944,/home/test/bupt_hjk/sdp_dataset/xrf55/wifi/03_38_05.npy,37,38,5,train
2945,/home/test/bupt_hjk/sdp_dataset/xrf55/wifi/03_38_06.npy,37,38,6,train
2946,/home/test/bupt_hjk/sdp_dataset/xrf55/wifi/03_38_07.npy,37,38,7,train
2947,/home/test/bupt_hjk/sdp_dataset/xrf55/wifi/03_38_08.npy,37,38,8,train
2948,/home/test/bupt_hjk/sdp_dataset/xrf55/wifi/03_38_09.npy,37,38,9,train
2949,/home/test/bupt_hjk/sdp_dataset/xrf55/wifi/03_38_10.npy,37,38,10,train
2950,/home/test/bupt_hjk/sdp_dataset/xrf55/wifi/03_38_11.npy,37,38,11,train
2951,/home/test/bupt_hjk/sdp_dataset/xrf55/wifi/03_38_12.npy,37,38,12,train
2952,/home/test/bupt_hjk/sdp_dataset/xrf55/wifi/03_38_13.npy,37,38,13,validation
2953,/home/test/bupt_hjk/sdp_dataset/xrf55/wifi/03_38_14.npy,37,38,14,validation
2954,/home/test/bupt_hjk/sdp_dataset/xrf55/wifi/03_38_15.npy,37,38,15,validation
2955,/home/test/bupt_hjk/sdp_dataset/xrf55/wifi/03_38_16.npy,37,38,16,validation
2956,/home/test/bupt_hjk/sdp_dataset/xrf55/wifi/03_38_17.npy,37,38,17,test
2957,/home/test/bupt_hjk/sdp_dataset/xrf55/wifi/03_38_18.npy,37,38,18,test
2958,/home/test/bupt_hjk/sdp_dataset/xrf55/wifi/03_38_19.npy,37,38,19,test
2959,/home/test/bupt_hjk/sdp_dataset/xrf55/wifi/03_38_20.npy,37,38,20,test
2960,/home/test/bupt_hjk/sdp_dataset/xrf55/wifi/03_39_01.npy,38,39,1,train
2961,/home/test/bupt_hjk/sdp_dataset/xrf55/wifi/03_39_02.npy,38,39,2,train
2962,/home/test/bupt_hjk/sdp_dataset/xrf55/wifi/03_39_03.npy,38,39,3,train
2963,/home/test/bupt_hjk/sdp_dataset/xrf55/wifi/03_39_04.npy,38,39,4,train
2964,/home/test/bupt_hjk/sdp_dataset/xrf55/wifi/03_39_05.npy,38,39,5,train
2965,/home/test/bupt_hjk/sdp_dataset/xrf55/wifi/03_39_06.npy,38,39,6,train
2966,/home/test/bupt_hjk/sdp_dataset/xrf55/wifi/03_39_07.npy,38,39,7,train
2967,/home/test/bupt_hjk/sdp_dataset/xrf55/wifi/03_39_08.npy,38,39,8,train
2968,/home/test/bupt_hjk/sdp_dataset/xrf55/wifi/03_39_09.npy,38,39,9,train
2969,/home/test/bupt_hjk/sdp_dataset/xrf55/wifi/03_39_10.npy,38,39,10,train
2970,/home/test/bupt_hjk/sdp_dataset/xrf55/wifi/03_39_11.npy,38,39,11,train
2971,/home/test/bupt_hjk/sdp_dataset/xrf55/wifi/03_39_12.npy,38,39,12,train
2972,/home/test/bupt_hjk/sdp_dataset/xrf55/wifi/03_39_13.npy,38,39,13,validation
2973,/home/test/bupt_hjk/sdp_dataset/xrf55/wifi/03_39_14.npy,38,39,14,validation
2974,/home/test/bupt_hjk/sdp_dataset/xrf55/wifi/03_39_15.npy,38,39,15,validation
2975,/home/test/bupt_hjk/sdp_dataset/xrf55/wifi/03_39_16.npy,38,39,16,validation
2976,/home/test/bupt_hjk/sdp_dataset/xrf55/wifi/03_39_17.npy,38,39,17,test
2977,/home/test/bupt_hjk/sdp_dataset/xrf55/wifi/03_39_18.npy,38,39,18,test
2978,/home/test/bupt_hjk/sdp_dataset/xrf55/wifi/03_39_19.npy,38,39,19,test
2979,/home/test/bupt_hjk/sdp_dataset/xrf55/wifi/03_39_20.npy,38,39,20,test
2980,/home/test/bupt_hjk/sdp_dataset/xrf55/wifi/03_40_01.npy,39,40,1,train
2981,/home/test/bupt_hjk/sdp_dataset/xrf55/wifi/03_40_02.npy,39,40,2,train
2982,/home/test/bupt_hjk/sdp_dataset/xrf55/wifi/03_40_03.npy,39,40,3,train
2983,/home/test/bupt_hjk/sdp_dataset/xrf55/wifi/03_40_04.npy,39,40,4,train
2984,/home/test/bupt_hjk/sdp_dataset/xrf55/wifi/03_40_05.npy,39,40,5,train
2985,/home/test/bupt_hjk/sdp_dataset/xrf55/wifi/03_40_06.npy,39,40,6,train
2986,/home/test/bupt_hjk/sdp_dataset/xrf55/wifi/03_40_07.npy,39,40,7,train
2987,/home/test/bupt_hjk/sdp_dataset/xrf55/wifi/03_40_08.npy,39,40,8,train
2988,/home/test/bupt_hjk/sdp_dataset/xrf55/wifi/03_40_09.npy,39,40,9,train
2989,/home/test/bupt_hjk/sdp_dataset/xrf55/wifi/03_40_10.npy,39,40,10,train
2990,/home/test/bupt_hjk/sdp_dataset/xrf55/wifi/03_40_11.npy,39,40,11,train
2991,/home/test/bupt_hjk/sdp_dataset/xrf55/wifi/03_40_12.npy,39,40,12,train
2992,/home/test/bupt_hjk/sdp_dataset/xrf55/wifi/03_40_13.npy,39,40,13,validation
2993,/home/test/bupt_hjk/sdp_dataset/xrf55/wifi/03_40_14.npy,39,40,14,validation
2994,/home/test/bupt_hjk/sdp_dataset/xrf55/wifi/03_40_15.npy,39,40,15,validation
2995,/home/test/bupt_hjk/sdp_dataset/xrf55/wifi/03_40_16.npy,39,40,16,validation
2996,/home/test/bupt_hjk/sdp_dataset/xrf55/wifi/03_40_17.npy,39,40,17,test
2997,/home/test/bupt_hjk/sdp_dataset/xrf55/wifi/03_40_18.npy,39,40,18,test
2998,/home/test/bupt_hjk/sdp_dataset/xrf55/wifi/03_40_19.npy,39,40,19,test
2999,/home/test/bupt_hjk/sdp_dataset/xrf55/wifi/03_40_20.npy,39,40,20,test
3000,/home/test/bupt_hjk/sdp_dataset/xrf55/wifi/03_41_01.npy,40,41,1,train
3001,/home/test/bupt_hjk/sdp_dataset/xrf55/wifi/03_41_02.npy,40,41,2,train
3002,/home/test/bupt_hjk/sdp_dataset/xrf55/wifi/03_41_03.npy,40,41,3,train
3003,/home/test/bupt_hjk/sdp_dataset/xrf55/wifi/03_41_04.npy,40,41,4,train
3004,/home/test/bupt_hjk/sdp_dataset/xrf55/wifi/03_41_05.npy,40,41,5,train
3005,/home/test/bupt_hjk/sdp_dataset/xrf55/wifi/03_41_06.npy,40,41,6,train
3006,/home/test/bupt_hjk/sdp_dataset/xrf55/wifi/03_41_07.npy,40,41,7,train
3007,/home/test/bupt_hjk/sdp_dataset/xrf55/wifi/03_41_08.npy,40,41,8,train
3008,/home/test/bupt_hjk/sdp_dataset/xrf55/wifi/03_41_09.npy,40,41,9,train
3009,/home/test/bupt_hjk/sdp_dataset/xrf55/wifi/03_41_10.npy,40,41,10,train
3010,/home/test/bupt_hjk/sdp_dataset/xrf55/wifi/03_41_11.npy,40,41,11,train
3011,/home/test/bupt_hjk/sdp_dataset/xrf55/wifi/03_41_12.npy,40,41,12,train
3012,/home/test/bupt_hjk/sdp_dataset/xrf55/wifi/03_41_13.npy,40,41,13,validation
3013,/home/test/bupt_hjk/sdp_dataset/xrf55/wifi/03_41_14.npy,40,41,14,validation
3014,/home/test/bupt_hjk/sdp_dataset/xrf55/wifi/03_41_15.npy,40,41,15,validation
3015,/home/test/bupt_hjk/sdp_dataset/xrf55/wifi/03_41_16.npy,40,41,16,validation
3016,/home/test/bupt_hjk/sdp_dataset/xrf55/wifi/03_41_17.npy,40,41,17,test
3017,/home/test/bupt_hjk/sdp_dataset/xrf55/wifi/03_41_18.npy,40,41,18,test
3018,/home/test/bupt_hjk/sdp_dataset/xrf55/wifi/03_41_19.npy,40,41,19,test
3019,/home/test/bupt_hjk/sdp_dataset/xrf55/wifi/03_41_20.npy,40,41,20,test
3020,/home/test/bupt_hjk/sdp_dataset/xrf55/wifi/03_42_01.npy,41,42,1,train
3021,/home/test/bupt_hjk/sdp_dataset/xrf55/wifi/03_42_02.npy,41,42,2,train
3022,/home/test/bupt_hjk/sdp_dataset/xrf55/wifi/03_42_03.npy,41,42,3,train
3023,/home/test/bupt_hjk/sdp_dataset/xrf55/wifi/03_42_04.npy,41,42,4,train
3024,/home/test/bupt_hjk/sdp_dataset/xrf55/wifi/03_42_05.npy,41,42,5,train
3025,/home/test/bupt_hjk/sdp_dataset/xrf55/wifi/03_42_06.npy,41,42,6,train
3026,/home/test/bupt_hjk/sdp_dataset/xrf55/wifi/03_42_07.npy,41,42,7,train
3027,/home/test/bupt_hjk/sdp_dataset/xrf55/wifi/03_42_08.npy,41,42,8,train
3028,/home/test/bupt_hjk/sdp_dataset/xrf55/wifi/03_42_09.npy,41,42,9,train
3029,/home/test/bupt_hjk/sdp_dataset/xrf55/wifi/03_42_10.npy,41,42,10,train
3030,/home/test/bupt_hjk/sdp_dataset/xrf55/wifi/03_42_11.npy,41,42,11,train
3031,/home/test/bupt_hjk/sdp_dataset/xrf55/wifi/03_42_12.npy,41,42,12,train
3032,/home/test/bupt_hjk/sdp_dataset/xrf55/wifi/03_42_13.npy,41,42,13,validation
3033,/home/test/bupt_hjk/sdp_dataset/xrf55/wifi/03_42_14.npy,41,42,14,validation
3034,/home/test/bupt_hjk/sdp_dataset/xrf55/wifi/03_42_15.npy,41,42,15,validation
3035,/home/test/bupt_hjk/sdp_dataset/xrf55/wifi/03_42_16.npy,41,42,16,validation
3036,/home/test/bupt_hjk/sdp_dataset/xrf55/wifi/03_42_17.npy,41,42,17,test
3037,/home/test/bupt_hjk/sdp_dataset/xrf55/wifi/03_42_18.npy,41,42,18,test
3038,/home/test/bupt_hjk/sdp_dataset/xrf55/wifi/03_42_19.npy,41,42,19,test
3039,/home/test/bupt_hjk/sdp_dataset/xrf55/wifi/03_42_20.npy,41,42,20,test
3040,/home/test/bupt_hjk/sdp_dataset/xrf55/wifi/03_43_01.npy,42,43,1,train
3041,/home/test/bupt_hjk/sdp_dataset/xrf55/wifi/03_43_02.npy,42,43,2,train
3042,/home/test/bupt_hjk/sdp_dataset/xrf55/wifi/03_43_03.npy,42,43,3,train
3043,/home/test/bupt_hjk/sdp_dataset/xrf55/wifi/03_43_04.npy,42,43,4,train
3044,/home/test/bupt_hjk/sdp_dataset/xrf55/wifi/03_43_05.npy,42,43,5,train
3045,/home/test/bupt_hjk/sdp_dataset/xrf55/wifi/03_43_06.npy,42,43,6,train
3046,/home/test/bupt_hjk/sdp_dataset/xrf55/wifi/03_43_07.npy,42,43,7,train
3047,/home/test/bupt_hjk/sdp_dataset/xrf55/wifi/03_43_08.npy,42,43,8,train
3048,/home/test/bupt_hjk/sdp_dataset/xrf55/wifi/03_43_09.npy,42,43,9,train
3049,/home/test/bupt_hjk/sdp_dataset/xrf55/wifi/03_43_10.npy,42,43,10,train
3050,/home/test/bupt_hjk/sdp_dataset/xrf55/wifi/03_43_11.npy,42,43,11,train
3051,/home/test/bupt_hjk/sdp_dataset/xrf55/wifi/03_43_12.npy,42,43,12,train
3052,/home/test/bupt_hjk/sdp_dataset/xrf55/wifi/03_43_13.npy,42,43,13,validation
3053,/home/test/bupt_hjk/sdp_dataset/xrf55/wifi/03_43_14.npy,42,43,14,validation
3054,/home/test/bupt_hjk/sdp_dataset/xrf55/wifi/03_43_15.npy,42,43,15,validation
3055,/home/test/bupt_hjk/sdp_dataset/xrf55/wifi/03_43_16.npy,42,43,16,validation
3056,/home/test/bupt_hjk/sdp_dataset/xrf55/wifi/03_43_17.npy,42,43,17,test
3057,/home/test/bupt_hjk/sdp_dataset/xrf55/wifi/03_43_18.npy,42,43,18,test
3058,/home/test/bupt_hjk/sdp_dataset/xrf55/wifi/03_43_19.npy,42,43,19,test
3059,/home/test/bupt_hjk/sdp_dataset/xrf55/wifi/03_43_20.npy,42,43,20,test
3060,/home/test/bupt_hjk/sdp_dataset/xrf55/wifi/03_44_01.npy,43,44,1,train
3061,/home/test/bupt_hjk/sdp_dataset/xrf55/wifi/03_44_02.npy,43,44,2,train
3062,/home/test/bupt_hjk/sdp_dataset/xrf55/wifi/03_44_03.npy,43,44,3,train
3063,/home/test/bupt_hjk/sdp_dataset/xrf55/wifi/03_44_04.npy,43,44,4,train
3064,/home/test/bupt_hjk/sdp_dataset/xrf55/wifi/03_44_05.npy,43,44,5,train
3065,/home/test/bupt_hjk/sdp_dataset/xrf55/wifi/03_44_06.npy,43,44,6,train
3066,/home/test/bupt_hjk/sdp_dataset/xrf55/wifi/03_44_07.npy,43,44,7,train
3067,/home/test/bupt_hjk/sdp_dataset/xrf55/wifi/03_44_08.npy,43,44,8,train
3068,/home/test/bupt_hjk/sdp_dataset/xrf55/wifi/03_44_09.npy,43,44,9,train
3069,/home/test/bupt_hjk/sdp_dataset/xrf55/wifi/03_44_10.npy,43,44,10,train
3070,/home/test/bupt_hjk/sdp_dataset/xrf55/wifi/03_44_11.npy,43,44,11,train
3071,/home/test/bupt_hjk/sdp_dataset/xrf55/wifi/03_44_12.npy,43,44,12,train
3072,/home/test/bupt_hjk/sdp_dataset/xrf55/wifi/03_44_13.npy,43,44,13,validation
3073,/home/test/bupt_hjk/sdp_dataset/xrf55/wifi/03_44_14.npy,43,44,14,validation
3074,/home/test/bupt_hjk/sdp_dataset/xrf55/wifi/03_44_15.npy,43,44,15,validation
3075,/home/test/bupt_hjk/sdp_dataset/xrf55/wifi/03_44_16.npy,43,44,16,validation
3076,/home/test/bupt_hjk/sdp_dataset/xrf55/wifi/03_44_17.npy,43,44,17,test
3077,/home/test/bupt_hjk/sdp_dataset/xrf55/wifi/03_44_18.npy,43,44,18,test
3078,/home/test/bupt_hjk/sdp_dataset/xrf55/wifi/03_44_19.npy,43,44,19,test
3079,/home/test/bupt_hjk/sdp_dataset/xrf55/wifi/03_44_20.npy,43,44,20,test
3080,/home/test/bupt_hjk/sdp_dataset/xrf55/wifi/03_45_01.npy,44,45,1,train
3081,/home/test/bupt_hjk/sdp_dataset/xrf55/wifi/03_45_02.npy,44,45,2,train
3082,/home/test/bupt_hjk/sdp_dataset/xrf55/wifi/03_45_03.npy,44,45,3,train
3083,/home/test/bupt_hjk/sdp_dataset/xrf55/wifi/03_45_04.npy,44,45,4,train
3084,/home/test/bupt_hjk/sdp_dataset/xrf55/wifi/03_45_05.npy,44,45,5,train
3085,/home/test/bupt_hjk/sdp_dataset/xrf55/wifi/03_45_06.npy,44,45,6,train
3086,/home/test/bupt_hjk/sdp_dataset/xrf55/wifi/03_45_07.npy,44,45,7,train
3087,/home/test/bupt_hjk/sdp_dataset/xrf55/wifi/03_45_08.npy,44,45,8,train
3088,/home/test/bupt_hjk/sdp_dataset/xrf55/wifi/03_45_09.npy,44,45,9,train
3089,/home/test/bupt_hjk/sdp_dataset/xrf55/wifi/03_45_10.npy,44,45,10,train
3090,/home/test/bupt_hjk/sdp_dataset/xrf55/wifi/03_45_11.npy,44,45,11,train
3091,/home/test/bupt_hjk/sdp_dataset/xrf55/wifi/03_45_12.npy,44,45,12,train
3092,/home/test/bupt_hjk/sdp_dataset/xrf55/wifi/03_45_13.npy,44,45,13,validation
3093,/home/test/bupt_hjk/sdp_dataset/xrf55/wifi/03_45_14.npy,44,45,14,validation
3094,/home/test/bupt_hjk/sdp_dataset/xrf55/wifi/03_45_15.npy,44,45,15,validation
3095,/home/test/bupt_hjk/sdp_dataset/xrf55/wifi/03_45_16.npy,44,45,16,validation
3096,/home/test/bupt_hjk/sdp_dataset/xrf55/wifi/03_45_17.npy,44,45,17,test
3097,/home/test/bupt_hjk/sdp_dataset/xrf55/wifi/03_45_18.npy,44,45,18,test
3098,/home/test/bupt_hjk/sdp_dataset/xrf55/wifi/03_45_19.npy,44,45,19,test
3099,/home/test/bupt_hjk/sdp_dataset/xrf55/wifi/03_45_20.npy,44,45,20,test
3100,/home/test/bupt_hjk/sdp_dataset/xrf55/wifi/03_46_01.npy,45,46,1,train
3101,/home/test/bupt_hjk/sdp_dataset/xrf55/wifi/03_46_02.npy,45,46,2,train
3102,/home/test/bupt_hjk/sdp_dataset/xrf55/wifi/03_46_03.npy,45,46,3,train
3103,/home/test/bupt_hjk/sdp_dataset/xrf55/wifi/03_46_04.npy,45,46,4,train
3104,/home/test/bupt_hjk/sdp_dataset/xrf55/wifi/03_46_05.npy,45,46,5,train
3105,/home/test/bupt_hjk/sdp_dataset/xrf55/wifi/03_46_06.npy,45,46,6,train
3106,/home/test/bupt_hjk/sdp_dataset/xrf55/wifi/03_46_07.npy,45,46,7,train
3107,/home/test/bupt_hjk/sdp_dataset/xrf55/wifi/03_46_08.npy,45,46,8,train
3108,/home/test/bupt_hjk/sdp_dataset/xrf55/wifi/03_46_09.npy,45,46,9,train
3109,/home/test/bupt_hjk/sdp_dataset/xrf55/wifi/03_46_10.npy,45,46,10,train
3110,/home/test/bupt_hjk/sdp_dataset/xrf55/wifi/03_46_11.npy,45,46,11,train
3111,/home/test/bupt_hjk/sdp_dataset/xrf55/wifi/03_46_12.npy,45,46,12,train
3112,/home/test/bupt_hjk/sdp_dataset/xrf55/wifi/03_46_13.npy,45,46,13,validation
3113,/home/test/bupt_hjk/sdp_dataset/xrf55/wifi/03_46_14.npy,45,46,14,validation
3114,/home/test/bupt_hjk/sdp_dataset/xrf55/wifi/03_46_15.npy,45,46,15,validation
3115,/home/test/bupt_hjk/sdp_dataset/xrf55/wifi/03_46_16.npy,45,46,16,validation
3116,/home/test/bupt_hjk/sdp_dataset/xrf55/wifi/03_46_17.npy,45,46,17,test
3117,/home/test/bupt_hjk/sdp_dataset/xrf55/wifi/03_46_18.npy,45,46,18,test
3118,/home/test/bupt_hjk/sdp_dataset/xrf55/wifi/03_46_19.npy,45,46,19,test
3119,/home/test/bupt_hjk/sdp_dataset/xrf55/wifi/03_46_20.npy,45,46,20,test
3120,/home/test/bupt_hjk/sdp_dataset/xrf55/wifi/03_47_01.npy,46,47,1,train
3121,/home/test/bupt_hjk/sdp_dataset/xrf55/wifi/03_47_02.npy,46,47,2,train
3122,/home/test/bupt_hjk/sdp_dataset/xrf55/wifi/03_47_03.npy,46,47,3,train
3123,/home/test/bupt_hjk/sdp_dataset/xrf55/wifi/03_47_04.npy,46,47,4,train
3124,/home/test/bupt_hjk/sdp_dataset/xrf55/wifi/03_47_05.npy,46,47,5,train
3125,/home/test/bupt_hjk/sdp_dataset/xrf55/wifi/03_47_06.npy,46,47,6,train
3126,/home/test/bupt_hjk/sdp_dataset/xrf55/wifi/03_47_07.npy,46,47,7,train
3127,/home/test/bupt_hjk/sdp_dataset/xrf55/wifi/03_47_08.npy,46,47,8,train
3128,/home/test/bupt_hjk/sdp_dataset/xrf55/wifi/03_47_09.npy,46,47,9,train
3129,/home/test/bupt_hjk/sdp_dataset/xrf55/wifi/03_47_10.npy,46,47,10,train
3130,/home/test/bupt_hjk/sdp_dataset/xrf55/wifi/03_47_11.npy,46,47,11,train
3131,/home/test/bupt_hjk/sdp_dataset/xrf55/wifi/03_47_12.npy,46,47,12,train
3132,/home/test/bupt_hjk/sdp_dataset/xrf55/wifi/03_47_13.npy,46,47,13,validation
3133,/home/test/bupt_hjk/sdp_dataset/xrf55/wifi/03_47_14.npy,46,47,14,validation
3134,/home/test/bupt_hjk/sdp_dataset/xrf55/wifi/03_47_15.npy,46,47,15,validation
3135,/home/test/bupt_hjk/sdp_dataset/xrf55/wifi/03_47_16.npy,46,47,16,validation
3136,/home/test/bupt_hjk/sdp_dataset/xrf55/wifi/03_47_17.npy,46,47,17,test
3137,/home/test/bupt_hjk/sdp_dataset/xrf55/wifi/03_47_18.npy,46,47,18,test
3138,/home/test/bupt_hjk/sdp_dataset/xrf55/wifi/03_47_19.npy,46,47,19,test
3139,/home/test/bupt_hjk/sdp_dataset/xrf55/wifi/03_47_20.npy,46,47,20,test
3140,/home/test/bupt_hjk/sdp_dataset/xrf55/wifi/03_48_01.npy,47,48,1,train
3141,/home/test/bupt_hjk/sdp_dataset/xrf55/wifi/03_48_02.npy,47,48,2,train
3142,/home/test/bupt_hjk/sdp_dataset/xrf55/wifi/03_48_03.npy,47,48,3,train
3143,/home/test/bupt_hjk/sdp_dataset/xrf55/wifi/03_48_04.npy,47,48,4,train
3144,/home/test/bupt_hjk/sdp_dataset/xrf55/wifi/03_48_05.npy,47,48,5,train
3145,/home/test/bupt_hjk/sdp_dataset/xrf55/wifi/03_48_06.npy,47,48,6,train
3146,/home/test/bupt_hjk/sdp_dataset/xrf55/wifi/03_48_07.npy,47,48,7,train
3147,/home/test/bupt_hjk/sdp_dataset/xrf55/wifi/03_48_08.npy,47,48,8,train
3148,/home/test/bupt_hjk/sdp_dataset/xrf55/wifi/03_48_09.npy,47,48,9,train
3149,/home/test/bupt_hjk/sdp_dataset/xrf55/wifi/03_48_10.npy,47,48,10,train
3150,/home/test/bupt_hjk/sdp_dataset/xrf55/wifi/03_48_11.npy,47,48,11,train
3151,/home/test/bupt_hjk/sdp_dataset/xrf55/wifi/03_48_12.npy,47,48,12,train
3152,/home/test/bupt_hjk/sdp_dataset/xrf55/wifi/03_48_13.npy,47,48,13,validation
3153,/home/test/bupt_hjk/sdp_dataset/xrf55/wifi/03_48_14.npy,47,48,14,validation
3154,/home/test/bupt_hjk/sdp_dataset/xrf55/wifi/03_48_15.npy,47,48,15,validation
3155,/home/test/bupt_hjk/sdp_dataset/xrf55/wifi/03_48_16.npy,47,48,16,validation
3156,/home/test/bupt_hjk/sdp_dataset/xrf55/wifi/03_48_17.npy,47,48,17,test
3157,/home/test/bupt_hjk/sdp_dataset/xrf55/wifi/03_48_18.npy,47,48,18,test
3158,/home/test/bupt_hjk/sdp_dataset/xrf55/wifi/03_48_19.npy,47,48,19,test
3159,/home/test/bupt_hjk/sdp_dataset/xrf55/wifi/03_48_20.npy,47,48,20,test
3160,/home/test/bupt_hjk/sdp_dataset/xrf55/wifi/03_49_01.npy,48,49,1,train
3161,/home/test/bupt_hjk/sdp_dataset/xrf55/wifi/03_49_02.npy,48,49,2,train
3162,/home/test/bupt_hjk/sdp_dataset/xrf55/wifi/03_49_03.npy,48,49,3,train
3163,/home/test/bupt_hjk/sdp_dataset/xrf55/wifi/03_49_04.npy,48,49,4,train
3164,/home/test/bupt_hjk/sdp_dataset/xrf55/wifi/03_49_05.npy,48,49,5,train
3165,/home/test/bupt_hjk/sdp_dataset/xrf55/wifi/03_49_06.npy,48,49,6,train
3166,/home/test/bupt_hjk/sdp_dataset/xrf55/wifi/03_49_07.npy,48,49,7,train
3167,/home/test/bupt_hjk/sdp_dataset/xrf55/wifi/03_49_08.npy,48,49,8,train
3168,/home/test/bupt_hjk/sdp_dataset/xrf55/wifi/03_49_09.npy,48,49,9,train
3169,/home/test/bupt_hjk/sdp_dataset/xrf55/wifi/03_49_10.npy,48,49,10,train
3170,/home/test/bupt_hjk/sdp_dataset/xrf55/wifi/03_49_11.npy,48,49,11,train
3171,/home/test/bupt_hjk/sdp_dataset/xrf55/wifi/03_49_12.npy,48,49,12,train
3172,/home/test/bupt_hjk/sdp_dataset/xrf55/wifi/03_49_13.npy,48,49,13,validation
3173,/home/test/bupt_hjk/sdp_dataset/xrf55/wifi/03_49_14.npy,48,49,14,validation
3174,/home/test/bupt_hjk/sdp_dataset/xrf55/wifi/03_49_15.npy,48,49,15,validation
3175,/home/test/bupt_hjk/sdp_dataset/xrf55/wifi/03_49_16.npy,48,49,16,validation
3176,/home/test/bupt_hjk/sdp_dataset/xrf55/wifi/03_49_17.npy,48,49,17,test
3177,/home/test/bupt_hjk/sdp_dataset/xrf55/wifi/03_49_18.npy,48,49,18,test
3178,/home/test/bupt_hjk/sdp_dataset/xrf55/wifi/03_49_19.npy,48,49,19,test
3179,/home/test/bupt_hjk/sdp_dataset/xrf55/wifi/03_49_20.npy,48,49,20,test
3180,/home/test/bupt_hjk/sdp_dataset/xrf55/wifi/03_50_01.npy,49,50,1,train
3181,/home/test/bupt_hjk/sdp_dataset/xrf55/wifi/03_50_02.npy,49,50,2,train
3182,/home/test/bupt_hjk/sdp_dataset/xrf55/wifi/03_50_03.npy,49,50,3,train
3183,/home/test/bupt_hjk/sdp_dataset/xrf55/wifi/03_50_04.npy,49,50,4,train
3184,/home/test/bupt_hjk/sdp_dataset/xrf55/wifi/03_50_05.npy,49,50,5,train
3185,/home/test/bupt_hjk/sdp_dataset/xrf55/wifi/03_50_06.npy,49,50,6,train
3186,/home/test/bupt_hjk/sdp_dataset/xrf55/wifi/03_50_07.npy,49,50,7,train
3187,/home/test/bupt_hjk/sdp_dataset/xrf55/wifi/03_50_08.npy,49,50,8,train
3188,/home/test/bupt_hjk/sdp_dataset/xrf55/wifi/03_50_09.npy,49,50,9,train
3189,/home/test/bupt_hjk/sdp_dataset/xrf55/wifi/03_50_10.npy,49,50,10,train
3190,/home/test/bupt_hjk/sdp_dataset/xrf55/wifi/03_50_11.npy,49,50,11,train
3191,/home/test/bupt_hjk/sdp_dataset/xrf55/wifi/03_50_12.npy,49,50,12,train
3192,/home/test/bupt_hjk/sdp_dataset/xrf55/wifi/03_50_13.npy,49,50,13,validation
3193,/home/test/bupt_hjk/sdp_dataset/xrf55/wifi/03_50_14.npy,49,50,14,validation
3194,/home/test/bupt_hjk/sdp_dataset/xrf55/wifi/03_50_15.npy,49,50,15,validation
3195,/home/test/bupt_hjk/sdp_dataset/xrf55/wifi/03_50_16.npy,49,50,16,validation
3196,/home/test/bupt_hjk/sdp_dataset/xrf55/wifi/03_50_17.npy,49,50,17,test
3197,/home/test/bupt_hjk/sdp_dataset/xrf55/wifi/03_50_18.npy,49,50,18,test
3198,/home/test/bupt_hjk/sdp_dataset/xrf55/wifi/03_50_19.npy,49,50,19,test
3199,/home/test/bupt_hjk/sdp_dataset/xrf55/wifi/03_50_20.npy,49,50,20,test
3200,/home/test/bupt_hjk/sdp_dataset/xrf55/wifi/03_51_01.npy,50,51,1,train
3201,/home/test/bupt_hjk/sdp_dataset/xrf55/wifi/03_51_02.npy,50,51,2,train
3202,/home/test/bupt_hjk/sdp_dataset/xrf55/wifi/03_51_03.npy,50,51,3,train
3203,/home/test/bupt_hjk/sdp_dataset/xrf55/wifi/03_51_04.npy,50,51,4,train
3204,/home/test/bupt_hjk/sdp_dataset/xrf55/wifi/03_51_05.npy,50,51,5,train
3205,/home/test/bupt_hjk/sdp_dataset/xrf55/wifi/03_51_06.npy,50,51,6,train
3206,/home/test/bupt_hjk/sdp_dataset/xrf55/wifi/03_51_07.npy,50,51,7,train
3207,/home/test/bupt_hjk/sdp_dataset/xrf55/wifi/03_51_08.npy,50,51,8,train
3208,/home/test/bupt_hjk/sdp_dataset/xrf55/wifi/03_51_09.npy,50,51,9,train
3209,/home/test/bupt_hjk/sdp_dataset/xrf55/wifi/03_51_10.npy,50,51,10,train
3210,/home/test/bupt_hjk/sdp_dataset/xrf55/wifi/03_51_11.npy,50,51,11,train
3211,/home/test/bupt_hjk/sdp_dataset/xrf55/wifi/03_51_12.npy,50,51,12,train
3212,/home/test/bupt_hjk/sdp_dataset/xrf55/wifi/03_51_13.npy,50,51,13,validation
3213,/home/test/bupt_hjk/sdp_dataset/xrf55/wifi/03_51_14.npy,50,51,14,validation
3214,/home/test/bupt_hjk/sdp_dataset/xrf55/wifi/03_51_15.npy,50,51,15,validation
3215,/home/test/bupt_hjk/sdp_dataset/xrf55/wifi/03_51_16.npy,50,51,16,validation
3216,/home/test/bupt_hjk/sdp_dataset/xrf55/wifi/03_51_17.npy,50,51,17,test
3217,/home/test/bupt_hjk/sdp_dataset/xrf55/wifi/03_51_18.npy,50,51,18,test
3218,/home/test/bupt_hjk/sdp_dataset/xrf55/wifi/03_51_19.npy,50,51,19,test
3219,/home/test/bupt_hjk/sdp_dataset/xrf55/wifi/03_51_20.npy,50,51,20,test
3220,/home/test/bupt_hjk/sdp_dataset/xrf55/wifi/03_52_01.npy,51,52,1,train
3221,/home/test/bupt_hjk/sdp_dataset/xrf55/wifi/03_52_02.npy,51,52,2,train
3222,/home/test/bupt_hjk/sdp_dataset/xrf55/wifi/03_52_03.npy,51,52,3,train
3223,/home/test/bupt_hjk/sdp_dataset/xrf55/wifi/03_52_04.npy,51,52,4,train
3224,/home/test/bupt_hjk/sdp_dataset/xrf55/wifi/03_52_05.npy,51,52,5,train
3225,/home/test/bupt_hjk/sdp_dataset/xrf55/wifi/03_52_06.npy,51,52,6,train
3226,/home/test/bupt_hjk/sdp_dataset/xrf55/wifi/03_52_07.npy,51,52,7,train
3227,/home/test/bupt_hjk/sdp_dataset/xrf55/wifi/03_52_08.npy,51,52,8,train
3228,/home/test/bupt_hjk/sdp_dataset/xrf55/wifi/03_52_09.npy,51,52,9,train
3229,/home/test/bupt_hjk/sdp_dataset/xrf55/wifi/03_52_10.npy,51,52,10,train
3230,/home/test/bupt_hjk/sdp_dataset/xrf55/wifi/03_52_11.npy,51,52,11,train
3231,/home/test/bupt_hjk/sdp_dataset/xrf55/wifi/03_52_12.npy,51,52,12,train
3232,/home/test/bupt_hjk/sdp_dataset/xrf55/wifi/03_52_13.npy,51,52,13,validation
3233,/home/test/bupt_hjk/sdp_dataset/xrf55/wifi/03_52_14.npy,51,52,14,validation
3234,/home/test/bupt_hjk/sdp_dataset/xrf55/wifi/03_52_15.npy,51,52,15,validation
3235,/home/test/bupt_hjk/sdp_dataset/xrf55/wifi/03_52_16.npy,51,52,16,validation
3236,/home/test/bupt_hjk/sdp_dataset/xrf55/wifi/03_52_17.npy,51,52,17,test
3237,/home/test/bupt_hjk/sdp_dataset/xrf55/wifi/03_52_18.npy,51,52,18,test
3238,/home/test/bupt_hjk/sdp_dataset/xrf55/wifi/03_52_19.npy,51,52,19,test
3239,/home/test/bupt_hjk/sdp_dataset/xrf55/wifi/03_52_20.npy,51,52,20,test
3240,/home/test/bupt_hjk/sdp_dataset/xrf55/wifi/03_53_01.npy,52,53,1,train
3241,/home/test/bupt_hjk/sdp_dataset/xrf55/wifi/03_53_02.npy,52,53,2,train
3242,/home/test/bupt_hjk/sdp_dataset/xrf55/wifi/03_53_03.npy,52,53,3,train
3243,/home/test/bupt_hjk/sdp_dataset/xrf55/wifi/03_53_04.npy,52,53,4,train
3244,/home/test/bupt_hjk/sdp_dataset/xrf55/wifi/03_53_05.npy,52,53,5,train
3245,/home/test/bupt_hjk/sdp_dataset/xrf55/wifi/03_53_06.npy,52,53,6,train
3246,/home/test/bupt_hjk/sdp_dataset/xrf55/wifi/03_53_07.npy,52,53,7,train
3247,/home/test/bupt_hjk/sdp_dataset/xrf55/wifi/03_53_08.npy,52,53,8,train
3248,/home/test/bupt_hjk/sdp_dataset/xrf55/wifi/03_53_09.npy,52,53,9,train
3249,/home/test/bupt_hjk/sdp_dataset/xrf55/wifi/03_53_10.npy,52,53,10,train
3250,/home/test/bupt_hjk/sdp_dataset/xrf55/wifi/03_53_11.npy,52,53,11,train
3251,/home/test/bupt_hjk/sdp_dataset/xrf55/wifi/03_53_12.npy,52,53,12,train
3252,/home/test/bupt_hjk/sdp_dataset/xrf55/wifi/03_53_13.npy,52,53,13,validation
3253,/home/test/bupt_hjk/sdp_dataset/xrf55/wifi/03_53_14.npy,52,53,14,validation
3254,/home/test/bupt_hjk/sdp_dataset/xrf55/wifi/03_53_15.npy,52,53,15,validation
3255,/home/test/bupt_hjk/sdp_dataset/xrf55/wifi/03_53_16.npy,52,53,16,validation
3256,/home/test/bupt_hjk/sdp_dataset/xrf55/wifi/03_53_17.npy,52,53,17,test
3257,/home/test/bupt_hjk/sdp_dataset/xrf55/wifi/03_53_18.npy,52,53,18,test
3258,/home/test/bupt_hjk/sdp_dataset/xrf55/wifi/03_53_19.npy,52,53,19,test
3259,/home/test/bupt_hjk/sdp_dataset/xrf55/wifi/03_53_20.npy,52,53,20,test
3260,/home/test/bupt_hjk/sdp_dataset/xrf55/wifi/03_54_01.npy,53,54,1,train
3261,/home/test/bupt_hjk/sdp_dataset/xrf55/wifi/03_54_02.npy,53,54,2,train
3262,/home/test/bupt_hjk/sdp_dataset/xrf55/wifi/03_54_03.npy,53,54,3,train
3263,/home/test/bupt_hjk/sdp_dataset/xrf55/wifi/03_54_04.npy,53,54,4,train
3264,/home/test/bupt_hjk/sdp_dataset/xrf55/wifi/03_54_05.npy,53,54,5,train
3265,/home/test/bupt_hjk/sdp_dataset/xrf55/wifi/03_54_06.npy,53,54,6,train
3266,/home/test/bupt_hjk/sdp_dataset/xrf55/wifi/03_54_07.npy,53,54,7,train
3267,/home/test/bupt_hjk/sdp_dataset/xrf55/wifi/03_54_08.npy,53,54,8,train
3268,/home/test/bupt_hjk/sdp_dataset/xrf55/wifi/03_54_09.npy,53,54,9,train
3269,/home/test/bupt_hjk/sdp_dataset/xrf55/wifi/03_54_10.npy,53,54,10,train
3270,/home/test/bupt_hjk/sdp_dataset/xrf55/wifi/03_54_11.npy,53,54,11,train
3271,/home/test/bupt_hjk/sdp_dataset/xrf55/wifi/03_54_12.npy,53,54,12,train
3272,/home/test/bupt_hjk/sdp_dataset/xrf55/wifi/03_54_13.npy,53,54,13,validation
3273,/home/test/bupt_hjk/sdp_dataset/xrf55/wifi/03_54_14.npy,53,54,14,validation
3274,/home/test/bupt_hjk/sdp_dataset/xrf55/wifi/03_54_15.npy,53,54,15,validation
3275,/home/test/bupt_hjk/sdp_dataset/xrf55/wifi/03_54_16.npy,53,54,16,validation
3276,/home/test/bupt_hjk/sdp_dataset/xrf55/wifi/03_54_17.npy,53,54,17,test
3277,/home/test/bupt_hjk/sdp_dataset/xrf55/wifi/03_54_18.npy,53,54,18,test
3278,/home/test/bupt_hjk/sdp_dataset/xrf55/wifi/03_54_19.npy,53,54,19,test
3279,/home/test/bupt_hjk/sdp_dataset/xrf55/wifi/03_54_20.npy,53,54,20,test
3280,/home/test/bupt_hjk/sdp_dataset/xrf55/wifi/03_55_01.npy,54,55,1,train
3281,/home/test/bupt_hjk/sdp_dataset/xrf55/wifi/03_55_02.npy,54,55,2,train
3282,/home/test/bupt_hjk/sdp_dataset/xrf55/wifi/03_55_03.npy,54,55,3,train
3283,/home/test/bupt_hjk/sdp_dataset/xrf55/wifi/03_55_04.npy,54,55,4,train
3284,/home/test/bupt_hjk/sdp_dataset/xrf55/wifi/03_55_05.npy,54,55,5,train
3285,/home/test/bupt_hjk/sdp_dataset/xrf55/wifi/03_55_06.npy,54,55,6,train
3286,/home/test/bupt_hjk/sdp_dataset/xrf55/wifi/03_55_07.npy,54,55,7,train
3287,/home/test/bupt_hjk/sdp_dataset/xrf55/wifi/03_55_08.npy,54,55,8,train
3288,/home/test/bupt_hjk/sdp_dataset/xrf55/wifi/03_55_09.npy,54,55,9,train
3289,/home/test/bupt_hjk/sdp_dataset/xrf55/wifi/03_55_10.npy,54,55,10,train
3290,/home/test/bupt_hjk/sdp_dataset/xrf55/wifi/03_55_11.npy,54,55,11,train
3291,/home/test/bupt_hjk/sdp_dataset/xrf55/wifi/03_55_12.npy,54,55,12,train
3292,/home/test/bupt_hjk/sdp_dataset/xrf55/wifi/03_55_13.npy,54,55,13,validation
3293,/home/test/bupt_hjk/sdp_dataset/xrf55/wifi/03_55_14.npy,54,55,14,validation
3294,/home/test/bupt_hjk/sdp_dataset/xrf55/wifi/03_55_15.npy,54,55,15,validation
3295,/home/test/bupt_hjk/sdp_dataset/xrf55/wifi/03_55_16.npy,54,55,16,validation
3296,/home/test/bupt_hjk/sdp_dataset/xrf55/wifi/03_55_17.npy,54,55,17,test
3297,/home/test/bupt_hjk/sdp_dataset/xrf55/wifi/03_55_18.npy,54,55,18,test
3298,/home/test/bupt_hjk/sdp_dataset/xrf55/wifi/03_55_19.npy,54,55,19,test
3299,/home/test/bupt_hjk/sdp_dataset/xrf55/wifi/03_55_20.npy,54,55,20,test
