half_window,full_window_frames,sample_index,file_name,user_id,position_id,action_id,frames,values,replaced_values,mad_zero_values,zero_mad_replacements,frames_with_any_replacement,frames_with_at_least_1pct_channels_replaced,absolute_change_sum,raw_total_variation,filtered_total_variation,raw_dynamic_peak_sum,filtered_dynamic_peak_sum,waveform_correlation,normalized_mae,high_motion_values,high_motion_replacements,high_motion_replacement_rate,high_motion_replacement_enrichment,median_window_span_seconds,p90_window_span_seconds,median_window_fraction_of_sample,replacement_run_count,replacement_rate,mad_zero_rate,zero_mad_share_of_replacements,total_variation_retention,dynamic_peak_retention
1,3,1,/home/test/bupt_hjk/sdp_dataset/elderAL/action0_static_new/user0_position1_activity0/20250813=205008_mimo5s_part0.csv,0,1,0,14,21504,2159,271,13,12,10,1194246.179672854,5582702.135186073,3212497.5340186814,1313094.2039427662,1302835.8562609819,0.8941669400500949,0.11497359958443255,3072,22,0.007161458333333333,0.07132931912922649,0.31343549999999987,0.8154045000000001,0.11086224362030689,2116,0.1003999255952381,0.012602306547619048,0.006021306160259379,0.5754377461357443,0.9921876529109778
1,3,2,/home/test/bupt_hjk/sdp_dataset/elderAL/action1_walk_new/user0_position1_activity1/20250813=114101_mimo5s_part0.csv,0,1,1,4,6144,88,36,0,2,2,6784.7735067919275,1259412.625835122,1245843.078821538,1025753.3781657147,1025884.6767747425,0.9998226848425043,0.002040231552526617,3072,21,0.0068359375,0.4772727272727273,1.4254544999999998,2.5424276,0.5,88,0.014322916666666666,0.005859375,0.0,0.9892254954927214,1.0001280021219747
1,3,3,/home/test/bupt_hjk/sdp_dataset/elderAL/action2_fall_new/user0_position1_activity2/20250813=230733_mimo5s_part0.csv,0,1,2,4,6144,61,81,0,2,1,1798.4331488705936,950673.5400086202,947076.6737108789,880910.6894660462,879874.4359857725,0.9998256380698931,0.0006722560844366376,3072,11,0.0035807291666666665,0.36065573770491804,0.162127,0.2997612,0.5,61,0.009928385416666666,0.01318359375,0.0,0.996216507406203,0.9988236565946297
1,3,4,/home/test/bupt_hjk/sdp_dataset/elderAL/action3_sleep_new/user0_position1_activity3/20250813=182727_mimo5s_part0.csv,0,1,3,14,21504,2025,364,7,12,10,966049.6383336614,4443723.21748704,2516600.4018206783,1415089.0399728718,1152980.630216238,0.9236723212487986,0.08604946301407153,3072,7,0.0022786458333333335,0.02419753086419753,0.36845150000000004,1.774033400000001,0.07785924196745035,1987,0.09416852678571429,0.016927083333333332,0.0034567901234567903,0.5663269917256087,0.8147760300923125
1,3,5,/home/test/bupt_hjk/sdp_dataset/elderAL/action5_drink_new/user0_position1_activity5/20250813=155105_mimo5s_part0.csv,0,1,5,7,10752,1022,99,0,5,4,623979.8069011358,2919350.0745180226,1672306.6288371296,1229924.1187428813,1042438.0937451269,0.8899700609836433,0.12058638241175536,3072,37,0.012044270833333334,0.1267123287671233,1.5334180000000002,2.256428,0.3069107753559185,1015,0.09505208333333333,0.009207589285714286,0.0,0.5728352496790654,0.8475629332406409
1,3,6,/home/test/bupt_hjk/sdp_dataset/elderAL/action6_sit_TV_new/user0_position1_activity6/20250813=170026_mimo5s_part0.csv,0,1,6,7,10752,388,162,0,5,5,31758.08511149913,1517541.3076346505,1458212.3199765026,1104254.2844479256,1103445.099394766,0.9990504905515718,0.0058388633669241635,3072,16,0.005208333333333333,0.1443298969072165,1.4710699999999999,1.9189662,0.319236802106906,361,0.03608630952380952,0.015066964285714286,0.0,0.960904531982314,0.9992672113076163
1,3,7,/home/test/bupt_hjk/sdp_dataset/elderAL/action0_static_new/user0_position2_activity0/20250813=205231_mimo5s_part0.csv,0,2,0,7,10752,459,121,0,5,4,9130.582288319045,1224834.731319159,1207517.3905385346,1068748.1790432702,1069260.0929042147,0.9998299886258349,0.0018019468110689006,3072,2,0.0006510416666666666,0.015250544662309367,1.487895,2.9582699999999997,0.31110113528564465,433,0.042689732142857144,0.011253720238095238,0.0,0.9858614878090749,1.0004789845456419
1,3,8,/home/test/bupt_hjk/sdp_dataset/elderAL/action1_walk_new/user0_position2_activity1/20250813=114330_mimo5s_part0.csv,0,2,1,3,4608,86,77,0,1,1,8010.212570294218,383383.46769063384,367363.04255004536,262165.25602836773,254900.46430435654,0.9996799081424269,0.0032485943321889253,3072,86,0.027994791666666668,1.5,2.90333,2.9172835999999998,0.9940282911504219,86,0.018663194444444444,0.016710069444444444,0.0,0.9582130517074984,0.9722892658086428
1,3,9,/home/test/bupt_hjk/sdp_dataset/elderAL/action2_fall_new/user0_position2_activity2/20250813=232625_mimo5s_part0.csv,0,2,2,7,10752,1548,74,33,5,4,862386.1668242777,2221761.54612773,499732.513592176,882785.291334573,225822.89717786142,0.8387484686845853,0.17750248206828462,3072,1343,0.4371744791666667,3.0364987080103365,0.6213610000000003,2.9463434000000004,0.1466190553496898,1535,0.14397321428571427,0.006882440476190476,0.02131782945736434,0.22492625928428334,0.2558072720451288
1,3,10,/home/test/bupt_hjk/sdp_dataset/elderAL/action3_sleep_new/user0_position2_activity3/20250813=183755_mimo5s_part0.csv,0,2,3,7,10752,470,126,0,5,5,57434.49895053372,1827573.003295503,1719619.8033053235,1091588.3533388781,1087900.7957841866,0.9983094348117627,0.010576808831541355,3072,32,0.010416666666666666,0.23829787234042554,1.4146779999999999,1.7297539999999998,0.39943394526989384,442,0.043712797619047616,0.01171875,0.0,0.9409308411781543,0.9966218423424799
1,3,11,/home/test/bupt_hjk/sdp_dataset/elderAL/action5_drink_new/user0_position2_activity5/20250813=155959_mimo5s_part0.csv,0,2,5,8,12288,545,243,0,6,5,23853.55336781679,2060257.8171915552,2014887.9119690435,1126976.6422404684,1127445.2987776506,0.9998073589736907,0.003668211839632217,3072,8,0.0026041666666666665,0.05871559633027523,1.1016394999999999,2.227843,0.23045800421654408,513,0.044352213541666664,0.019775390625,0.0,0.977978530238338,1.0004158529286378
1,3,12,/home/test/bupt_hjk/sdp_dataset/elderAL/action6_sit_TV_new/user0_position2_activity6/20250813=171419_mimo5s_part0.csv,0,2,6,7,10752,548,186,0,5,4,51475.2919527318,1699811.2007625867,1602673.2097849129,1040326.8604007519,1037205.4534613392,0.9985828732957003,0.009803114253697155,3072,3,0.0009765625,0.01916058394160584,0.8557490000000003,1.7530386000000002,0.24689509045329222,510,0.050967261904761904,0.017299107142857144,0.0,0.9428536587274547,0.9969995901689875
1,3,13,/home/test/bupt_hjk/sdp_dataset/elderAL/action0_static_new/user0_position3_activity0/20250813=205410_mimo5s_part0.csv,0,3,0,7,10752,323,162,1,5,4,19583.82585084963,1565168.7999842833,1526399.8230439976,1066507.945057728,1066602.097046282,0.9975994441520205,0.0037850930687976275,3072,14,0.004557291666666667,0.15170278637770898,0.516307,1.6721872000000002,0.21199393959301654,313,0.03004092261904762,0.015066964285714286,0.0030959752321981426,0.975230162433167,1.0000882806255595
1,3,14,/home/test/bupt_hjk/sdp_dataset/elderAL/action1_walk_new/user0_position3_activity1/20250813=114605_mimo5s_part0.csv,0,3,1,4,6144,137,30,0,2,2,18875.27008754555,1316181.0765692317,1280211.3860056861,1073170.8769979675,1068940.9535603959,0.9971756921894094,0.005453994638301636,3072,21,0.0068359375,0.30656934306569344,2.5018279999999997,4.414187500000001,0.5,130,0.022298177083333332,0.0048828125,0.0,0.9726711687290746,0.9960584809667924
1,3,15,/home/test/bupt_hjk/sdp_dataset/elderAL/action2_fall_new/user0_position3_activity2/20250813=232948_mimo5s_part0.csv,0,3,2,4,6144,60,12,0,2,2,3682.4717349693187,2197375.596806199,2190010.65333626,1061222.4669822203,1062276.793515862,0.99991222701271,0.001050690009305886,3072,42,0.013671875,1.4,1.7228299999999999,2.8723767999999996,0.5,60,0.009765625,0.001953125,0.0,0.9966483001446619,1.0009935018965814
1,3,16,/home/test/bupt_hjk/sdp_dataset/elderAL/action3_sleep_new/user0_position3_activity3/20250813=184601_mimo5s_part0.csv,0,3,3,15,23040,3115,415,34,13,10,2015579.1841202807,6297599.865577627,2273570.556529969,1398964.1681296146,1205046.3714037216,0.8334148386390982,0.16856365779315508,3072,1428,0.46484375,3.4382022471910108,0.38707800000000003,1.2110118,0.09255888081320623,3072,0.1351996527777778,0.018012152777777776,0.010914927768860353,0.36102175512248635,0.8613847293993548
1,3,17,/home/test/bupt_hjk/sdp_dataset/elderAL/action5_drink_new/user0_position3_activity5/20250813=160218_mimo5s_part0.csv,0,3,5,7,10752,1198,63,0,5,2,809236.429313842,3241189.151286568,1622716.2926588843,1309598.8904006518,1121161.9651129823,0.8644747559900847,0.1479940743062155,3072,15,0.0048828125,0.04382303839732888,1.558011,2.2545226,0.35073243581281555,1198,0.11142113095238096,0.005859375,0.0,0.5006546106742207,0.8561109614028307
1,3,18,/home/test/bupt_hjk/sdp_dataset/elderAL/action6_sit_TV_new/user0_position3_activity6/20250813=171627_mimo5s_part0.csv,0,3,6,10,15360,640,1189,0,8,8,207233.15046491192,4454852.562449911,4051089.8994895685,1485219.3162727007,1416274.618803603,0.9845317102789898,0.025231208098164006,3072,265,0.08626302083333333,2.0703125,0.5073075,2.2377007,0.11551395778713779,605,0.041666666666666664,0.07740885416666667,0.0,0.909365650759428,0.9535794500423541
1,3,19,/home/test/bupt_hjk/sdp_dataset/elderAL/action0_static_new/user0_position4_activity0/20250813=205610_mimo5s_part0.csv,0,4,0,17,26112,5002,395,61,14,8,2516526.465051087,6075162.82905416,1047128.3125279853,1018483.8577817453,738972.9751955019,0.8044760383485489,0.2312659993022612,3072,1381,0.4495442708333333,2.3467612954818073,0.5906069999999994,1.3075222000000002,0.09864275128842834,4983,0.1915594362745098,0.015127144607843137,0.012195121951219513,0.17236218056907823,0.7255617941800107
1,3,20,/home/test/bupt_hjk/sdp_dataset/elderAL/action1_walk_new/user0_position4_activity1/20250813=115259_mimo5s_part0.csv,0,4,1,3,4608,99,63,0,1,1,21213.284145978912,565086.7700490309,522660.2017570731,311363.68578135094,292371.93505946384,0.9970848550960034,0.009435828427277103,3072,99,0.0322265625,1.5,2.850239,2.9761302,0.947677934887018,99,0.021484375,0.013671875,0.0,0.9249202590811381,0.9390046059024889
1,3,21,/home/test/bupt_hjk/sdp_dataset/elderAL/action2_fall_new/user0_position4_activity2/20250813=235318_mimo5s_part0.csv,0,4,2,4,6144,382,30,0,2,1,63403.59209890292,1523364.5045986767,1396557.3204008706,1094274.4830218693,1091227.5215089829,0.9963833918294517,0.019459713990675503,3072,9,0.0029296875,0.04712041884816754,1.004495,1.592845,0.5,382,0.062174479166666664,0.0048828125,0.0,0.916758475194213,0.9972155418405881
1,3,22,/home/test/bupt_hjk/sdp_dataset/elderAL/action3_sleep_new/user0_position4_activity3/20250813=185656_mimo5s_part0.csv,0,4,3,11,16896,1181,1256,0,9,8,474398.31676485087,4626907.051977005,3683346.359261604,1379443.1403661123,1252662.7506421343,0.9607966360408313,0.05540065504516478,3072,404,0.13151041666666666,1.8814563928873833,0.8405149999999999,2.0356099999999997,0.1258994799343327,1153,0.06989820075757576,0.07433712121212122,0.0,0.7960709644443296,0.9080930659524468
1,3,23,/home/test/bupt_hjk/sdp_dataset/elderAL/action5_drink_new/user0_position4_activity5/20250813=161131_mimo5s_part0.csv,0,4,5,10,15360,1255,206,0,8,8,741294.0098447466,2723494.322721951,1247982.6862370656,973879.7445749583,408937.60822328646,0.8897404046002559,0.10431901945892993,3072,919,0.2991536458333333,3.661354581673306,0.7362584999999999,2.0010619,0.16583676039911183,1222,0.08170572916666667,0.013411458333333333,0.0,0.45822848824218954,0.41990565108401945
1,3,24,/home/test/bupt_hjk/sdp_dataset/elderAL/action6_sit_TV_new/user0_position4_activity6/20250813=173514_mimo5s_part0.csv,0,4,6,7,10752,751,50,0,5,5,177406.32209463898,1871820.3387219913,1535508.1592463995,1011895.6227292533,1000408.5490552373,0.9844978871391672,0.03569201953598662,3072,28,0.009114583333333334,0.1304926764314248,1.379475,2.3400362,0.2797922259147668,717,0.06984747023809523,0.004650297619047619,0.0,0.8203288144068287,0.9886479658415427
1,3,25,/home/test/bupt_hjk/sdp_dataset/elderAL/action0_static_new/user0_position5_activity0/20250813=205731_mimo5s_part0.csv,0,5,0,15,23040,3200,1377,58,13,8,1570166.3584357188,5724630.145772705,2586878.8939684536,1481354.9094798462,1028233.8046826461,0.8668972452114371,0.1388094197391957,3072,924,0.30078125,2.165625,0.585682,1.2759615999999998,0.12032305998526167,3169,0.1388888888888889,0.059765625,0.018125,0.4518857687039761,0.6941171208212984
1,3,26,/home/test/bupt_hjk/sdp_dataset/elderAL/action1_walk_new/user0_position5_activity1/20250813=120145_mimo5s_part0.csv,0,5,1,7,10752,809,99,0,5,5,454308.17532647593,3784327.2756234934,2887948.479188051,1240206.9305440348,1174402.2415456187,0.9314395299489392,0.08385358392572802,3072,56,0.018229166666666668,0.242274412855377,1.5987609999999997,2.3256267999999998,0.2817826128413732,784,0.07524181547619048,0.009207589285714286,0.0,0.7631339122783037,0.9469405569524193
1,3,27,/home/test/bupt_hjk/sdp_dataset/elderAL/action2_fall_new/user0_position5_activity2/20250813=235646_mimo5s_part0.csv,0,5,2,3,4608,167,77,0,1,1,11339.463061645218,188077.60685189115,165398.6807286007,107352.22727751195,97223.60883694202,0.9995493082553292,0.005040989263110903,3072,167,0.054361979166666664,1.4999999999999998,2.684272,2.7671599999999996,0.9628355862981289,167,0.03624131944444445,0.016710069444444444,0.0,0.8794171911111681,0.9056505980599094
1,3,28,/home/test/bupt_hjk/sdp_dataset/elderAL/action3_sleep_new/user0_position5_activity3/20250813=190517_mimo5s_part0.csv,0,5,3,21,32256,3551,1625,8,19,17,1532604.1269799778,7813851.295655442,4763314.33326045,1411850.7587037822,1308845.4975186,0.9105878700543495,0.09920510130625713,6144,418,0.06803385416666667,0.6179949310053506,0.24224999999999985,0.8983909999999997,0.052859508481850885,3414,0.11008804563492064,0.05037822420634921,0.002252886510842016,0.6095987948873415,0.9270423870581398
1,3,29,/home/test/bupt_hjk/sdp_dataset/elderAL/action5_drink_new/user0_position5_activity5/20250813=161914_mimo5s_part0.csv,0,5,5,7,10752,712,156,0,5,5,65036.30344793684,1917887.0698128948,1802092.4007525449,1150820.121750392,1152548.1729732328,0.9985988257689357,0.011936136230197805,3072,18,0.005859375,0.08848314606741572,1.4935630000000004,2.8001587999999997,0.2991603832616661,619,0.0662202380952381,0.014508928571428572,0.0,0.9396238334973255,1.001501582384754
1,3,30,/home/test/bupt_hjk/sdp_dataset/elderAL/action6_sit_TV_new/user0_position5_activity6/20250813=173659_mimo5s_part0.csv,0,5,6,4,6144,250,78,0,2,2,22225.684452238085,1176013.4212256032,1132604.8414433834,912231.6294413784,915419.7059826289,0.9989587888282941,0.00834268682454786,3072,19,0.006184895833333333,0.152,1.9838989999999999,2.3753753,0.5,243,0.040690104166666664,0.0126953125,0.0,0.9630883636200505,1.0034948103511854
1,3,31,/home/test/bupt_hjk/sdp_dataset/elderAL/action0_static_new/user0_position6_activity0/20250813=210002_mimo5s_part0.csv,0,6,0,11,16896,1527,255,0,9,6,655556.0038626486,2829051.5192374336,1519357.1834193505,1170853.969545253,1021111.7401822509,0.9184963461982033,0.0907493874604153,3072,6,0.001953125,0.021611001964636542,0.39143399999999984,2.7584220000000004,0.07626660442210462,1505,0.09037642045454546,0.015092329545454546,0.0,0.5370553251108311,0.8721085350881456
1,3,32,/home/test/bupt_hjk/sdp_dataset/elderAL/action1_walk_new/user0_position6_activity1/20250813=120612_mimo5s_part0.csv,0,6,1,11,16896,1253,311,1,9,9,297209.2149915796,3497855.6414889144,2957821.978423736,1060912.0233016296,1068442.0582697645,0.9875855089500946,0.03705335755382178,3072,40,0.013020833333333334,0.17557861133280128,0.586946,2.3964060000000003,0.11421224923288813,1127,0.07415956439393939,0.018406723484848484,0.0007980845969672786,0.8456100770255616,1.0070976997175516
1,3,33,/home/test/bupt_hjk/sdp_dataset/elderAL/action2_fall_new/user0_position6_activity2/20250814=001457_mimo5s_part0.csv,0,6,2,4,6144,64,111,0,2,1,15060.835435376019,1297836.3011803993,1267714.6303096472,815882.9491080027,801914.2579578259,0.9984944509666219,0.005108326218910356,3072,62,0.020182291666666668,1.9375000000000002,0.1223505,0.22445879999999999,0.5,64,0.010416666666666666,0.01806640625,0.0,0.9767908550228129,0.9828790500335267
1,3,34,/home/test/bupt_hjk/sdp_dataset/elderAL/action3_sleep_new/user0_position6_activity3/20250813=191734_mimo5s_part0.csv,0,6,3,7,10752,368,192,0,5,4,35343.00480460447,1704055.6830554788,1635035.9490089735,1074335.3128819887,1077164.5985704558,0.9991072787952316,0.006528422749183505,3072,15,0.0048828125,0.14266304347826086,0.9182649999999999,1.6295518,0.26590287500524845,357,0.03422619047619048,0.017857142857142856,0.0,0.9594967847982828,1.0026335220061577
1,3,35,/home/test/bupt_hjk/sdp_dataset/elderAL/action5_drink_new/user0_position6_activity5/20250813=162031_mimo5s_part0.csv,0,6,5,7,10752,1148,67,1,5,5,692487.1101396827,3285035.5529170814,1901209.006796814,1250048.9232056488,1070977.8941967105,0.871928297062908,0.134997391552213,3072,72,0.0234375,0.21951219512195122,1.789592,2.9658922,0.3525039394894422,1139,0.10677083333333333,0.00623139880952381,0.0008710801393728223,0.5787483807012554,0.8567487834398312
1,3,36,/home/test/bupt_hjk/sdp_dataset/elderAL/action6_sit_TV_new/user0_position6_activity6/20250813=174557_mimo5s_part0.csv,0,6,6,8,12288,563,1144,2,6,6,176349.78171412135,3329263.23826083,2979308.828522577,1197822.2236052589,1131340.499617347,0.9793583769896831,0.03261558906177614,3072,117,0.0380859375,0.8312611012433393,1.0728385,2.5790026,0.21289629377681699,549,0.045817057291666664,0.09309895833333333,0.003552397868561279,0.8948853290672608,0.9444978372601802
1,3,37,/home/test/bupt_hjk/sdp_dataset/elderAL/action0_static_new/user0_position7_activity0/20250813=210033_mimo5s_part0.csv,0,7,0,13,19968,2813,358,10,11,8,1570414.1772063756,4419994.588699722,1279930.2780495058,1109661.918852712,1017241.4514325673,0.8378862006065838,0.16542227380711622,3072,1325,0.4313151041666667,3.061677923924636,0.26035099999999994,0.5981988000000003,0.1405687302051804,2783,0.14087540064102563,0.017928685897435896,0.0035549235691432635,0.2895773405066627,0.9167129502689442
1,3,38,/home/test/bupt_hjk/sdp_dataset/elderAL/action1_walk_new/user0_position7_activity1/20250813=121246_mimo5s_part0.csv,0,7,1,4,6144,258,78,0,2,2,49451.08756420838,1529465.8948280865,1432187.292098822,1028885.3189784144,1033619.920886465,0.9964749261501381,0.015438432837398085,3072,50,0.016276041666666668,0.3875968992248062,1.9268824999999998,3.2937241,0.5,254,0.0419921875,0.0126953125,0.0,0.9363970108400498,1.0046016808877705
1,3,39,/home/test/bupt_hjk/sdp_dataset/elderAL/action2_fall_new/user0_position7_activity2/20250814=002612_mimo5s_part0.csv,0,7,2,7,10752,670,217,27,5,4,465079.58532648796,3652640.2237701127,2723023.184567719,1327473.1298977463,1273293.3725482137,0.9348297335773467,0.07448758490781203,3072,1,0.0003255208333333333,0.005223880597014925,1.112965,1.6223262000000003,0.3120914711944254,665,0.062313988095238096,0.020182291666666668,0.04029850746268657,0.7454944965143928,0.9591857973398633
1,3,40,/home/test/bupt_hjk/sdp_dataset/elderAL/action3_sleep_new/user0_position7_activity3/20250813=192754_mimo5s_part0.csv,0,7,3,7,10752,923,144,0,4,4,649642.5101062143,3479226.4241862595,2194065.3862917586,1304843.13211726,1145440.012362143,0.8872161330332204,0.12019876395992576,3072,26,0.008463541666666666,0.09859154929577466,1.481236,1.7895954,0.39288735213039133,897,0.08584449404761904,0.013392857142857142,0.0,0.6306187407176062,0.8778373309161946
1,3,41,/home/test/bupt_hjk/sdp_dataset/elderAL/action5_drink_new/user0_position7_activity5/20250813=163219_mimo5s_part0.csv,0,7,5,4,6144,70,80,0,2,2,7876.423363516227,2287123.7750407504,2271370.928313718,1027990.6117490318,1029144.9485393756,0.999705379332343,0.0023632337980474074,3072,42,0.013671875,1.2,1.3738255,2.4590767999999996,0.5,70,0.011393229166666666,0.013020833333333334,0.0,0.9931123768206417,1.0011229059654345
1,3,42,/home/test/bupt_hjk/sdp_dataset/elderAL/action6_sit_TV_new/user0_position7_activity6/20250813=175816_mimo5s_part0.csv,0,7,6,8,12288,369,1123,12,6,6,122236.8925139126,4252826.671031602,4010449.759587691,1372377.8111013651,1344592.5766645768,0.9892021720939955,0.02005627108085447,3072,159,0.0517578125,1.7235772357723578,0.5286160000000001,1.5396609999999997,0.18633388428120692,358,0.030029296875,0.09138997395833333,0.032520325203252036,0.9430080437806515,0.9797539466085581
1,3,43,/home/test/bupt_hjk/sdp_dataset/elderAL/action0_static_new/user0_position8_activity0/20250813=210228_mimo5s_part0.csv,0,8,0,14,21504,4176,320,9,12,7,1447702.4821728761,4919373.382443109,2059891.5338245127,1236262.3947480323,1235452.8120678207,0.875465685237153,0.14991375247410235,3072,29,0.009440104166666666,0.048611111111111105,0.32877649999999997,1.7411219999999998,0.07257930816467409,3673,0.19419642857142858,0.01488095238095238,0.0021551724137931034,0.41873047107505973,0.9993451368547236
1,3,44,/home/test/bupt_hjk/sdp_dataset/elderAL/action1_walk_new/user0_position8_activity1/20250813=122031_mimo5s_part0.csv,0,8,1,3,4608,81,27,0,1,1,5331.176987052812,241984.12394385846,231321.76996975284,167046.70092573785,162257.9253069107,0.9998122483035727,0.0023735702376461863,3072,81,0.0263671875,1.5,1.8521759999999998,1.9368463999999999,0.9459462496182356,81,0.017578125,0.005859375,0.0,0.9559377954209123,0.9713327135927333
1,3,45,/home/test/bupt_hjk/sdp_dataset/elderAL/action2_fall_new/user0_position8_activity2/20250814=004004_mimo5s_part0.csv,0,8,2,4,6144,78,105,0,2,2,7213.203496288716,1423872.1348576902,1409553.617368876,1041856.0565809781,1041628.1049791031,0.999732465248515,0.0022918065325944013,3072,22,0.007161458333333333,0.5641025641025641,1.4862069999999998,1.8497524999999997,0.5,77,0.0126953125,0.01708984375,0.0,0.9899439583525207,0.9997812062420378
1,3,46,/home/test/bupt_hjk/sdp_dataset/elderAL/action3_sleep_new/user0_position8_activity3/20250813=193657_mimo5s_part0.csv,0,8,3,11,16896,1548,255,1,9,8,762783.6087333586,3217403.8734988663,1695036.92173671,1194336.9784996624,1035657.4789564502,0.9075399652118695,0.10020703665419244,3072,18,0.005859375,0.06395348837209303,0.749446,1.515086,0.18777055816095364,1521,0.09161931818181818,0.015092329545454546,0.0006459948320413437,0.5268337418557867,0.8671400932904658
1,3,47,/home/test/bupt_hjk/sdp_dataset/elderAL/action5_drink_new/user0_position8_activity5/20250813=163529_mimo5s_part0.csv,0,8,5,7,10752,1248,180,0,5,3,875909.6017316306,3552312.0501449974,1800917.7034473969,1360952.9558444116,1128589.4216780758,0.8574557717625888,0.15225296836665622,3072,48,0.015625,0.1346153846153846,1.1996350000000002,1.8079948000000001,0.31867580729867445,1245,0.11607142857142858,0.016741071428571428,0.0,0.5069705808570188,0.8292640953028648
1,3,48,/home/test/bupt_hjk/sdp_dataset/elderAL/action6_sit_TV_new/user0_position8_activity6/20250813=180037_mimo5s_part0.csv,0,8,6,8,12288,431,1166,2,6,5,246539.25681619754,4239998.502531269,3748915.937328412,1512490.648673986,1409555.04911098,0.970656338084098,0.0359885926347769,3072,104,0.033854166666666664,0.9651972157772621,0.8638024999999999,1.4890733999999999,0.2294620991497601,426,0.035074869791666664,0.09488932291666667,0.004640371229698376,0.8841785993769381,0.9319429844718374
1,3,49,/home/test/bupt_hjk/sdp_dataset/elderAL/action0_static_new/user0_position9_activity0/20250813=210525_mimo5s_part0.csv,0,9,0,11,16896,2241,197,27,9,7,963065.9893389363,3314083.319817865,1392970.911956829,1257081.7693931947,1055554.1146832984,0.891339380100384,0.12204445167157371,3072,10,0.0032552083333333335,0.024542614904060688,0.9195589999999996,2.0948160000000002,0.16655865350270563,2187,0.13263494318181818,0.011659564393939394,0.012048192771084338,0.420318615294616,0.8396861209695408
1,3,50,/home/test/bupt_hjk/sdp_dataset/elderAL/action1_walk_new/user0_position9_activity1/20250813=122658_mimo5s_part0.csv,0,9,1,4,6144,74,78,0,2,2,9185.430391350706,2307443.77984453,2289072.919061829,1052626.801563671,1052382.3846853436,0.9996239887034086,0.002672709049207796,3072,56,0.018229166666666668,1.5135135135135136,1.6036875,2.9918268,0.5,74,0.012044270833333334,0.0126953125,0.0,0.9920384362370298,0.999767802911759
1,3,51,/home/test/bupt_hjk/sdp_dataset/elderAL/action2_fall_new/user0_position9_activity2/20250814=004905_mimo5s_part0.csv,0,9,2,8,12288,296,1237,10,6,4,84108.38134198832,4355611.717558198,4187532.283499348,1346127.8038846424,1326962.362373537,0.9952358053146831,0.01227332149387174,3072,48,0.015625,0.6486486486486486,1.0772645,2.6946097,0.2216139905513172,295,0.024088541666666668,0.10066731770833333,0.033783783783783786,0.9614108315988559,0.9857625394440275
1,3,52,/home/test/bupt_hjk/sdp_dataset/elderAL/action3_sleep_new/user0_position9_activity3/20250813=194425_mimo5s_part0.csv,0,9,3,15,23040,1240,1248,4,13,10,312612.113740672,5295616.062385585,4686393.186146904,1356581.6648616442,1258418.4217713908,0.9809240861286816,0.02728963177247648,3072,358,0.11653645833333333,2.165322580645161,0.6757780000000002,1.6688862,0.11063088011711084,1175,0.05381944444444445,0.05416666666666667,0.0032258064516129032,0.8849571288662802,0.9276392674080076
1,3,53,/home/test/bupt_hjk/sdp_dataset/elderAL/action5_drink_new/user0_position9_activity5/20250813=164600_mimo5s_part0.csv,0,9,5,7,10752,896,41,0,5,4,667301.09220824,3642990.3440052588,2308388.1595887784,1411370.5726097638,1303162.4196484727,0.8968652129558258,0.1103679390708143,3072,20,0.006510416666666667,0.07812500000000001,1.5344640000000003,1.9788659999999998,0.34800633842250217,896,0.08333333333333333,0.0038132440476190475,0.0,0.6336520115644441,0.9233311540843567
1,3,54,/home/test/bupt_hjk/sdp_dataset/elderAL/action6_sit_TV_new/user0_position9_activity6/20250813=181137_mimo5s_part0.csv,0,9,6,15,23040,1877,1417,3,13,10,972428.2316580222,7440528.420581382,5503298.754534054,1422191.1835403405,1339775.5713838763,0.936835864200801,0.08078269096776398,3072,124,0.040364583333333336,0.49547149706979227,0.6932909999999994,1.2137564,0.1318218152059663,1841,0.08146701388888888,0.06150173611111111,0.0015982951518380393,0.7396381605520488,0.942050258003075
1,3,55,/home/test/bupt_hjk/sdp_dataset/elderAL/action0_static_new/user1_position1_activity0/20250813=210706_mimo5s_part0.csv,1,1,0,21,32256,4723,538,11,19,14,2627109.269490243,8069785.393436847,2817356.672586443,1547959.6392557884,1386760.2094732374,0.8540175474413486,0.16122028739565636,6144,45,0.00732421875,0.05002117298327335,0.36939800000000034,1.0706129999999994,0.06863603991316962,4699,0.14642237103174602,0.01667906746031746,0.0023290281600677537,0.3491241136198985,0.8958632862934005
1,3,56,/home/test/bupt_hjk/sdp_dataset/elderAL/action1_walk_new/user1_position1_activity1/20250813=145841_mimo5s_part0.csv,1,1,1,3,4608,49,12,0,1,1,2957.676456437018,278992.16578507423,273076.81287220016,188734.72774750972,186085.52010370942,0.999870887582565,0.0015110268881037949,3072,49,0.015950520833333332,1.4999999999999998,1.130032,1.4063592,0.765894400386054,49,0.010633680555555556,0.0026041666666666665,0.0,0.9787974228730456,0.9859633270706575
1,3,57,/home/test/bupt_hjk/sdp_dataset/elderAL/action2_fall_new/user1_position1_activity2/20250813=225433_mimo5s_part0.csv,1,1,2,4,6144,69,12,0,2,2,5293.683275532238,2014186.7879160228,2003599.4213649582,971139.5490628278,971151.2458312375,0.9998338622949415,0.0016867852705348028,3072,41,0.013346354166666666,1.1884057971014492,1.9187619999999999,3.1881097,0.5,69,0.01123046875,0.001953125,0.0,0.9947436024232793,1.0000120443744887
1,3,58,/home/test/bupt_hjk/sdp_dataset/elderAL/action3_sleep_new/user1_position1_activity3/20250813=182408_mimo5s_part0.csv,1,1,3,15,23040,1877,299,23,13,12,905964.6679172642,6640194.294430764,4831046.253382866,1320615.931213105,1280652.4161149552,0.9358241949270677,0.07556908639710319,3072,368,0.11979166666666667,1.4704315396909964,0.297454,1.5734375999999999,0.06049945908170195,1844,0.08146701388888888,0.012977430555555556,0.012253596164091636,0.7275459179612772,0.9697387301231178
1,3,59,/home/test/bupt_hjk/sdp_dataset/elderAL/action5_drink_new/user1_position1_activity5/20250813=154717_mimo5s_part0.csv,1,1,5,4,6144,89,80,0,2,2,5430.845128141803,1913089.6322513265,1902227.9419950424,985416.2635612013,985899.1017353225,0.9998546688513774,0.0018442158592305146,3072,72,0.0234375,1.6179775280898876,0.578531,0.8815367,0.5,89,0.014485677083333334,0.013020833333333334,0.0,0.994322435251765,1.0004899839712167
1,3,60,/home/test/bupt_hjk/sdp_dataset/elderAL/action6_sit_TV_new/user1_position1_activity6/20250813=165726_mimo5s_part0.csv,1,1,6,15,23040,2340,1324,9,13,12,1346863.3533207364,7880946.453237974,5194916.288557265,1483548.778077808,1396244.6478802548,0.9024765394077782,0.10794699535240014,3072,106,0.034505208333333336,0.33974358974358976,0.6279239999999999,1.1909725999999998,0.12802881894207666,2296,0.1015625,0.057465277777777775,0.0038461538461538464,0.659174163836994,0.9411518303357234
1,3,61,/home/test/bupt_hjk/sdp_dataset/elderAL/action0_static_new/user1_position2_activity0/20250813=210823_mimo5s_part0.csv,1,2,0,14,21504,2462,1339,7,12,8,1436011.2639073902,5388056.111851458,2517373.695525931,1558364.21828335,1082954.5745260958,0.8961896675916927,0.12091211582946555,3072,486,0.158203125,1.3818034118602762,0.27801400000000004,1.6679287000000005,0.06144614395134065,2444,0.11449032738095238,0.062267485119047616,0.002843216896831844,0.46721371182248217,0.6949303390185947
1,3,62,/home/test/bupt_hjk/sdp_dataset/elderAL/action1_walk_new/user1_position2_activity1/20250813=150205_mimo5s_part0.csv,1,2,1,11,16896,2036,243,0,9,7,932968.8783005148,4803587.741296687,2954465.5391805973,1414988.1984716447,1244978.3660046237,0.9051635102573385,0.11146004049997653,3072,19,0.006184895833333333,0.051326129666011786,1.0749180000000003,2.9724969999999997,0.15638628467675766,1943,0.12050189393939394,0.014382102272727272,0.0,0.6150539343293154,0.8798507064223915
1,3,63,/home/test/bupt_hjk/sdp_dataset/elderAL/action2_fall_new/user1_position2_activity2/20250813=231944_mimo5s_part0.csv,1,2,2,4,6144,201,12,0,2,2,22612.31576573876,1375784.028948062,1331523.8350164087,1062307.4146269613,1065676.819909373,0.9988549194365276,0.007389814861188045,3072,23,0.007486979166666667,0.22885572139303484,1.2759675,2.1692569,0.5,195,0.03271484375,0.001953125,0.0,0.967829111982427,1.0031717798784214
1,3,64,/home/test/bupt_hjk/sdp_dataset/elderAL/action3_sleep_new/user1_position2_activity3/20250813=183933_mimo5s_part0.csv,1,2,3,15,23040,2130,1408,37,13,11,1175851.462607962,7692616.0128400605,5352069.233104577,1509503.869344834,1411886.8212176014,0.923555791914656,0.09255058276985736,3072,96,0.03125,0.3380281690140845,0.3683589999999999,1.3813923999999995,0.07975023533701038,2073,0.09244791666666667,0.06111111111111111,0.01737089201877934,0.6957411138384159,0.935331700627173
1,3,65,/home/test/bupt_hjk/sdp_dataset/elderAL/action5_drink_new/user1_position2_activity5/20250813=155810_mimo5s_part0.csv,1,2,5,7,10752,1108,111,3,5,4,779959.059637743,2338513.650940567,779844.2668262762,958327.644216887,274171.5081238963,0.8310550469587418,0.15518531246481324,3072,975,0.3173828125,3.0798736462093865,0.455653,1.7211475999999999,0.17319446952059675,1100,0.10305059523809523,0.010323660714285714,0.002707581227436823,0.33347860360473724,0.286093706863627
1,3,66,/home/test/bupt_hjk/sdp_dataset/elderAL/action6_sit_TV_new/user1_position2_activity6/20250813=171104_mimo5s_part0.csv,1,2,6,7,10752,631,161,0,5,4,94923.09365544358,1983436.1967904537,1798733.7268645684,1141133.8887084136,1109076.408746671,0.9957593326612943,0.01735972020022437,3072,13,0.004231770833333333,0.07210776545166402,1.02765,1.6365454000000001,0.32118247909180664,609,0.05868675595238095,0.014973958333333334,0.0,0.9068775339359209,0.9719073455981342
1,3,67,/home/test/bupt_hjk/sdp_dataset/elderAL/action0_static_new/user1_position3_activity0/20250813=211253_mimo5s_part0.csv,1,3,0,15,23040,4159,1427,21,13,9,1582541.1132448683,6397275.853659583,3594622.488963821,1414646.7529617606,1243859.1544547505,0.9002350168214704,0.13969937472365498,3072,553,0.18001302083333334,0.997234912238519,0.3131750000000002,1.1948179999999995,0.09970306363072291,3232,0.18051215277777777,0.06193576388888889,0.005049290694878576,0.5618989349830061,0.8792719114157351
1,3,68,/home/test/bupt_hjk/sdp_dataset/elderAL/action1_walk_new/user1_position3_activity1/20250813=150317_mimo5s_part0.csv,1,3,1,4,6144,59,9,3,2,2,10134.138093485524,2268108.4326942605,2247840.1565072895,1112914.7910193736,1111292.0870746556,0.9991531688663192,0.0030893632450280915,3072,29,0.009440104166666666,0.983050847457627,2.419759,4.1760697,0.5,59,0.009602864583333334,0.00146484375,0.05084745762711865,0.9910637975262521,0.9985419333467285
1,3,69,/home/test/bupt_hjk/sdp_dataset/elderAL/action2_fall_new/user1_position3_activity2/20250813=233702_mimo5s_part0.csv,1,3,2,4,6144,147,36,0,2,1,3075.8504583535077,1150464.880372336,1144313.1794556289,1095516.4572571018,1096625.8376566945,0.999974828496544,0.0009984906966674144,3072,1,0.0003255208333333333,0.013605442176870748,0.2963465,0.4726717000000001,0.5,147,0.02392578125,0.005859375,0.0,0.9946528564046944,1.0010126551657383
1,3,70,/home/test/bupt_hjk/sdp_dataset/elderAL/action3_sleep_new/user1_position3_activity3/20250813=184322_mimo5s_part0.csv,1,3,3,14,21504,1709,314,9,12,10,815695.6423944862,3814162.6046320256,2187340.4212122764,1348219.4563416825,1154704.3367562925,0.92330547680694,0.07604549829697843,3072,9,0.0029296875,0.03686366296079579,0.27641950000000026,2.3055489000000016,0.05509827391517981,1671,0.07947358630952381,0.014601934523809524,0.0052662375658279695,0.5734785450824538,0.8564661571414476
1,3,71,/home/test/bupt_hjk/sdp_dataset/elderAL/action5_drink_new/user1_position3_activity5/20250813=160324_mimo5s_part0.csv,1,3,5,7,10752,1127,117,0,5,4,824242.2685879866,3310611.676205814,1664456.312292555,1311951.022068079,1115265.4511125511,0.8644288406717877,0.14674769759826348,3072,37,0.012044270833333334,0.11490683229813665,0.908943,1.6352456,0.3200887853083768,1124,0.10481770833333333,0.010881696428571428,0.0,0.5027639829386862,0.8500816206953482
1,3,72,/home/test/bupt_hjk/sdp_dataset/elderAL/action6_sit_TV_new/user1_position3_activity6/20250813=171958_mimo5s_part0.csv,1,3,6,11,16896,1906,234,4,9,6,950468.7727426055,3774575.7014340553,1878383.5824749798,1366196.2631039433,1138311.7135714083,0.9008058129842587,0.10998643024542334,3072,5,0.0016276041666666667,0.014428121720881428,0.573307,1.522715,0.11758964075193279,1870,0.11280776515151515,0.013849431818181818,0.002098635886673662,0.4976409883000452,0.8331977947189004
1,3,73,/home/test/bupt_hjk/sdp_dataset/elderAL/action0_static_new/user1_position4_activity0/20250813=211532_mimo5s_part0.csv,1,4,0,11,16896,1889,211,0,9,6,700332.5224834005,3320392.288871688,1926447.7312655714,1137810.8420941413,1067661.3359974527,0.9208231067495604,0.09535128514156145,3072,49,0.015950520833333332,0.14266807834833245,0.7820809999999999,1.571937,0.1508788554766921,1857,0.11180160984848485,0.012488162878787878,0.0,0.5801867862788596,0.938346952321549
1,3,74,/home/test/bupt_hjk/sdp_dataset/elderAL/action1_walk_new/user1_position4_activity1/20250813=115613_mimo5s_part0.csv,1,4,1,7,10752,836,103,6,5,5,425418.1424113569,3450861.636918922,2611983.0624785605,1205438.715452032,1047458.5242969727,0.9382453492962344,0.08138431922082645,3072,40,0.013020833333333334,0.1674641148325359,0.9981919999999995,1.8892174000000004,0.23788316130237658,820,0.07775297619047619,0.009579613095238096,0.007177033492822967,0.7569075023276365,0.868943821755536
1,3,75,/home/test/bupt_hjk/sdp_dataset/elderAL/action2_fall_new/user1_position4_activity2/20250813=234222_mimo5s_part0.csv,1,4,2,4,6144,80,30,0,2,1,4600.183160332397,1451655.2966878477,1442700.7366580868,1120560.765367779,1121401.330796811,0.9998922062731942,0.001441863272223209,3072,11,0.0035807291666666665,0.27499999999999997,1.3405464999999999,2.0386577,0.5,79,0.013020833333333334,0.0048828125,0.0,0.9938314832383472,1.0007501292701035
1,3,76,/home/test/bupt_hjk/sdp_dataset/elderAL/action3_sleep_new/user1_position4_activity3/20250813=185916_mimo5s_part0.csv,1,4,3,12,18432,917,1300,10,10,9,367442.2110810269,4923646.7565481365,4198788.559666196,1309723.294006902,1190508.004340869,0.9662035218707342,0.040061415714515033,3072,363,0.1181640625,2.375136314067612,0.6479075,1.5812140999999995,0.13035639052785378,891,0.049750434027777776,0.0705295138888889,0.010905125408942203,0.8527802190687369,0.9089767356116025
1,3,77,/home/test/bupt_hjk/sdp_dataset/elderAL/action5_drink_new/user1_position4_activity5/20250813=161217_mimo5s_part0.csv,1,4,5,7,10752,1061,162,0,5,4,714301.163693432,3101113.4284860278,1672511.1010991642,1325430.8280198495,1142129.8494674019,0.8794421477990024,0.13244959728088132,3072,38,0.012369791666666666,0.12535344015080113,1.4639790000000001,2.2543852,0.31018035424206325,1061,0.09867931547619048,0.015066964285714286,0.0,0.5393260000540157,0.8617046060213543
1,3,78,/home/test/bupt_hjk/sdp_dataset/elderAL/action6_sit_TV_new/user1_position4_activity6/20250813=173134_mimo5s_part0.csv,1,4,6,7,10752,373,153,0,5,4,44186.10529816181,1673422.4945662948,1585080.290990028,997846.5635497493,989284.7363040589,0.9978982032401281,0.00882588501224782,3072,37,0.012044270833333334,0.34718498659517427,1.4746419999999998,2.930965,0.29511503074544343,371,0.03469122023809524,0.014229910714285714,0.0,0.9472086673490291,0.9914196956140907
1,3,79,/home/test/bupt_hjk/sdp_dataset/elderAL/action0_static_new/user1_position5_activity0/20250813=211700_mimo5s_part0.csv,1,5,0,18,27648,3900,294,15,16,13,1370848.6868384127,5061436.376843732,2341840.842259111,1332003.1505970513,1229572.5788092865,0.9099420984001266,0.10753548044292384,3072,46,0.014973958333333334,0.10615384615384615,0.3036070000000002,0.8599129000000002,0.08274329674833977,3659,0.1410590277777778,0.010633680555555556,0.0038461538461538464,0.4626830543545156,0.9231003532222489
1,3,80,/home/test/bupt_hjk/sdp_dataset/elderAL/action1_walk_new/user1_position5_activity1/20250813=120417_mimo5s_part0.csv,1,5,1,4,6144,58,78,0,2,2,10294.75022109003,2053424.5120111336,2032835.0115689537,915952.6466172535,919177.5694351143,0.9990691978541919,0.003309695622251714,3072,23,0.007486979166666667,0.7931034482758621,2.705975,4.625318,0.5,58,0.009440104166666666,0.0126953125,0.0,0.9899730911354445,1.0035208401108626
1,3,81,/home/test/bupt_hjk/sdp_dataset/elderAL/action2_fall_new/user1_position5_activity2/20250813=235902_mimo5s_part0.csv,1,5,2,4,6144,126,12,0,2,1,9703.628192327913,1350057.0266469507,1330649.770262295,1095483.9731599751,1098510.9316067449,0.9996896999813594,0.0030537314513240433,3072,5,0.0016276041666666667,0.07936507936507937,1.4062465,2.6389779,0.5,126,0.0205078125,0.001953125,0.0,0.9856248617639091,1.0027631243550175
1,3,82,/home/test/bupt_hjk/sdp_dataset/elderAL/action3_sleep_new/user1_position5_activity3/20250813=190225_mimo5s_part0.csv,1,5,3,11,16896,1775,145,9,9,8,624681.696165656,4630656.802553625,3389161.921263549,1351089.9937980422,1297913.3551770798,0.9397333907970813,0.07668273745212126,3072,109,0.035481770833333336,0.33774647887323944,0.5839190000000001,1.8531419999999998,0.13845837930480934,1733,0.10505445075757576,0.008581912878787878,0.0050704225352112674,0.7318965895711727,0.9606416753398656
1,3,83,/home/test/bupt_hjk/sdp_dataset/elderAL/action5_drink_new/user1_position5_activity5/20250813=161459_mimo5s_part0.csv,1,5,5,4,6144,140,20,0,2,2,29256.13868338297,2310198.245210262,2253221.991952327,1022810.3126869746,1027890.2984180378,0.9979537521963212,0.008983720301669024,3072,95,0.030924479166666668,1.3571428571428572,1.5661475,2.7101563,0.5,135,0.022786458333333332,0.0032552083333333335,0.0,0.9753370718828724,1.0049666938904027
1,3,84,/home/test/bupt_hjk/sdp_dataset/elderAL/action6_sit_TV_new/user1_position5_activity6/20250813=174220_mimo5s_part0.csv,1,5,6,12,18432,998,1284,1,10,9,262787.89388294914,4296797.431297169,3774619.207745288,1260674.0207818183,1182877.7795714233,0.9782126338081256,0.030189433772973246,3072,110,0.035807291666666664,0.6613226452905812,0.4980424999999998,1.9481736,0.09734006759671265,967,0.054144965277777776,0.06966145833333333,0.001002004008016032,0.8784726923013824,0.9382899624106246
1,3,85,/home/test/bupt_hjk/sdp_dataset/elderAL/action0_static_new/user1_position6_activity0/20250813=211901_mimo5s_part0.csv,1,6,0,21,32256,6910,582,46,19,15,2050562.876153874,5649311.0041610375,1701688.6865855563,1163509.4070011135,786685.611703457,0.8683095782939364,0.14656516249618096,4608,1344,0.2916666666666667,1.3615050651230103,0.227622,1.1121479999999997,0.05181755971988441,5763,0.21422371031746032,0.01804315476190476,0.0066570188133140374,0.3012205710275406,0.6761317157985849
1,3,86,/home/test/bupt_hjk/sdp_dataset/elderAL/action1_walk_new/user1_position6_activity1/20250813=150558_mimo5s_part0.csv,1,6,1,12,18432,1410,1324,13,10,10,512347.98990201973,5831540.568274444,4856960.746763463,1219008.576549938,1179533.0860957764,0.9695709777964429,0.056092299988245435,3072,468,0.15234375,1.9914893617021279,0.8172249999999999,1.5004405,0.16311557179121045,1327,0.07649739583333333,0.07183159722222222,0.009219858156028368,0.8328778116004156,0.9676167245960764
1,3,87,/home/test/bupt_hjk/sdp_dataset/elderAL/action2_fall_new/user1_position6_activity2/20250814=001238_mimo5s_part0.csv,1,6,2,10,15360,2119,281,9,8,5,1366487.5336480858,3483802.993303364,750903.3809102975,995008.423861918,254175.8121277905,0.82700356110573,0.19117450053919524,3072,1267,0.4124348958333333,2.989617744218971,0.31453350000000013,0.9034122999999998,0.13374143157398818,2117,0.13795572916666668,0.018294270833333334,0.004247286455875413,0.2155412870227447,0.2554509148186505
1,3,88,/home/test/bupt_hjk/sdp_dataset/elderAL/action3_sleep_new/user1_position6_activity3/20250813=191539_mimo5s_part0.csv,1,6,3,11,16896,626,242,0,9,7,341979.2878309819,4945064.935396319,4261382.647819917,1423922.463932749,1394208.9698725897,0.9628558847481626,0.0390036839426318,3072,16,0.005208333333333333,0.14057507987220447,0.915017,1.508584,0.17616411028091974,623,0.03705018939393939,0.014322916666666666,0.0,0.8617445278255766,0.9791326460444391
1,3,89,/home/test/bupt_hjk/sdp_dataset/elderAL/action5_drink_new/user1_position6_activity5/20250813=162230_mimo5s_part0.csv,1,6,5,3,4608,91,63,0,1,1,10436.987587557907,470972.0244248481,450098.0492497323,316904.99667720706,307421.71420263604,0.9992162769829368,0.004946449831231112,3072,91,0.029622395833333332,1.5,1.4764249999999999,1.7769153999999998,0.7971893665248769,91,0.019748263888888888,0.013671875,0.0,0.9556789488704618,0.9700753141351365
1,3,90,/home/test/bupt_hjk/sdp_dataset/elderAL/action6_sit_TV_new/user1_position6_activity6/20250813=174415_mimo5s_part0.csv,1,6,6,11,16896,1085,1232,3,9,8,273404.9597296581,3957050.9411685364,3427331.960374347,1235616.5938535896,1167763.9247738388,0.9755406316937809,0.036909917507231375,3072,84,0.02734375,0.42580645161290326,0.643173,2.332443,0.12331598170889534,1007,0.06421638257575757,0.07291666666666667,0.0027649769585253456,0.8661328881862307,0.945085984263019
1,3,91,/home/test/bupt_hjk/sdp_dataset/elderAL/action0_static_new/user1_position7_activity0/20250813=212115_mimo5s_part0.csv,1,7,0,18,27648,3654,534,55,16,13,1556085.5564533512,4666621.572491879,1560552.496428463,1114884.0546506876,1074090.296044193,0.8923086756442262,0.1171171886624696,3072,1413,0.4599609375,3.4802955665024626,0.31224300000000016,1.2623081999999997,0.07329868127493037,3534,0.13216145833333334,0.019314236111111112,0.0150519978106185,0.33440733776815773,0.9634098645179063
1,3,92,/home/test/bupt_hjk/sdp_dataset/elderAL/action1_walk_new/user1_position7_activity1/20250813=121435_mimo5s_part0.csv,1,7,1,3,4608,145,9,0,1,1,44504.953086643975,612474.6728947695,523464.7667214816,354733.24754851696,314186.01501966466,0.9914774172428311,0.020095007767032807,3072,145,0.047200520833333336,1.5,1.850036,2.4282255999999998,0.7190824841523136,145,0.03146701388888889,0.001953125,0.0,0.854671694826831,0.8856965542162589
1,3,93,/home/test/bupt_hjk/sdp_dataset/elderAL/action2_fall_new/user1_position7_activity2/20250814=001943_mimo5s_part0.csv,1,7,2,4,6144,153,84,0,2,2,19782.53882744701,1647379.9753485257,1607814.8976936315,1207215.0377601706,1210605.9722760338,0.9990558291982862,0.005796568810721871,3072,22,0.007161458333333333,0.2875816993464052,0.886042,1.4362089,0.5,153,0.02490234375,0.013671875,0.0,0.9759830286594787,1.0028088902223704
1,3,94,/home/test/bupt_hjk/sdp_dataset/elderAL/action3_sleep_new/user1_position7_activity3/20250813=192335_mimo5s_part0.csv,1,7,3,17,26112,2354,431,0,15,13,930032.9147827626,4445685.46753349,2602286.5370743494,1292625.5789991922,1114427.3454778285,0.9365048716483404,0.07285939520594675,3072,6,0.001953125,0.021665250637213255,0.34692499999999993,1.216231,0.0771400770856004,2266,0.0901501225490196,0.016505821078431373,0.0,0.5853510231613672,0.8621424204994206
1,3,95,/home/test/bupt_hjk/sdp_dataset/elderAL/action5_drink_new/user1_position7_activity5/20250813=162920_mimo5s_part0.csv,1,7,5,4,6144,111,20,0,2,2,15116.348818527105,2292415.895857364,2262183.19822031,1018516.8998444942,1015609.3739694292,0.9981793384113997,0.004697961246868499,3072,92,0.029947916666666668,1.6576576576576578,1.494155,2.6674186,0.5,111,0.01806640625,0.0032552083333333335,0.0,0.986811861804096,0.9971453336949943
1,3,96,/home/test/bupt_hjk/sdp_dataset/elderAL/action6_sit_TV_new/user1_position7_activity6/20250813=175338_mimo5s_part0.csv,1,7,6,18,27648,3445,1354,32,16,14,1739567.3429982031,8254493.079722125,4841324.865035044,1382019.653822905,1335193.619432179,0.8889460422691259,0.13343004274357104,3072,144,0.046875,0.37619738751814225,0.5711765,0.9601063999999995,0.10774182924179228,3246,0.1246021412037037,0.04897280092592592,0.009288824383164005,0.5865078349787677,0.966117678383808
1,3,97,/home/test/bupt_hjk/sdp_dataset/elderAL/action0_static_new/user1_position8_activity0/20250813=212306_mimo5s_part0.csv,1,8,0,15,23040,3485,320,46,13,9,1849202.024059258,4827706.643126344,1130330.1227773759,1201422.989090744,862226.5207511217,0.8154743118373826,0.18435319309642031,3072,1475,0.4801432291666667,3.1743185078909613,0.7798309999999997,1.1657724,0.15616815666019293,3462,0.15125868055555555,0.013888888888888888,0.013199426111908177,0.2341339700884129,0.7176710688744756
1,3,98,/home/test/bupt_hjk/sdp_dataset/elderAL/action1_walk_new/user1_position8_activity1/20250813=122213_mimo5s_part0.csv,1,8,1,7,10752,603,159,0,5,4,54383.89023808122,1557839.6007127927,1456420.0425701519,1044074.5631975475,1039114.1574511596,0.9988185873241129,0.009614145002732099,3072,7,0.0022786458333333335,0.0406301824212272,0.5696650000000001,2.7806800000000003,0.15245470636816502,562,0.05608258928571429,0.014787946428571428,0.0,0.9348973038711841,0.9952489928198267
1,3,99,/home/test/bupt_hjk/sdp_dataset/elderAL/action2_fall_new/user1_position8_activity2/20250814=003638_mimo5s_part0.csv,1,8,2,4,6144,59,80,0,2,1,5240.742672020467,2158225.528193304,2147941.439220607,1046234.6364317382,1047855.1246618193,0.9998521565276395,0.0015434773065938026,3072,48,0.015625,1.6271186440677965,0.724842,1.0649656,0.5,58,0.009602864583333334,0.013020833333333334,0.0,0.9952349331252207,1.0015488764887464
1,3,100,/home/test/bupt_hjk/sdp_dataset/elderAL/action3_sleep_new/user1_position8_activity3/20250813=194048_mimo5s_part0.csv,1,8,3,22,33792,3496,633,32,20,19,1739415.2549530696,8042703.586407056,4569770.336454154,1336526.641679104,1252171.3751488004,0.9057932995428302,0.10850291156944103,6144,41,0.006673177083333333,0.06450228832951944,0.23618049999999996,1.2020027,0.0534895287074735,3440,0.10345643939393939,0.01873224431818182,0.009153318077803204,0.5681883321147762,0.9368847100389063
1,3,101,/home/test/bupt_hjk/sdp_dataset/elderAL/action5_drink_new/user1_position8_activity5/20250813=163618_mimo5s_part0.csv,1,8,5,7,10752,532,186,0,5,4,79526.36184349674,2092866.4505259194,1940647.9541380797,1218506.3371458214,1215668.138786287,0.9969636722187534,0.013316207355684355,3072,15,0.0048828125,0.09868421052631579,0.9715499999999999,1.7723360000000001,0.276737710871686,507,0.049479166666666664,0.017299107142857144,0.0,0.9272679361124124,0.9976707561766298
1,3,102,/home/test/bupt_hjk/sdp_dataset/elderAL/action6_sit_TV_new/user1_position8_activity6/20250813=180307_mimo5s_part0.csv,1,8,6,8,12288,1525,178,23,6,6,679854.7051894444,3795218.4863962885,2446862.131729789,1326568.9835453904,1094407.643003932,0.9171334712220606,0.1082208082047738,3072,21,0.0068359375,0.05508196721311476,0.4091045,2.5301395999999996,0.1139103912922297,1501,0.12410481770833333,0.014485677083333334,0.015081967213114755,0.6447223369353848,0.8249911286776933
1,3,103,/home/test/bupt_hjk/sdp_dataset/elderAL/action0_static_new/user1_position9_activity0/20250813=212424_mimo5s_part0.csv,1,9,0,11,16896,2049,213,1,8,6,888567.9491925471,4041040.68539468,2264826.228511415,1391871.3921023258,1271951.5225503284,0.9085367930753688,0.10583078932709966,3072,0,0.0,0.0,0.41524499999999964,1.853389,0.1044299189473236,1999,0.12127130681818182,0.01260653409090909,0.0004880429477794046,0.5604561806806491,0.9138427082901196
1,3,104,/home/test/bupt_hjk/sdp_dataset/elderAL/action1_walk_new/user1_position9_activity1/20250813=122920_mimo5s_part0.csv,1,9,1,6,9216,516,90,0,4,4,91379.30042377466,2491542.2084877207,2318112.6910368875,1060681.4055183018,1073725.2142488891,0.9964407022220427,0.01790930677564804,3072,27,0.0087890625,0.1569767441860465,0.8960385,2.6560515000000002,0.2477777009650748,490,0.055989583333333336,0.009765625,0.0,0.9303927034187798,1.0122975746182836
1,3,105,/home/test/bupt_hjk/sdp_dataset/elderAL/action2_fall_new/user1_position9_activity2/20250814=005641_mimo5s_part0.csv,1,9,2,4,6144,9,88,0,2,0,66.39968849649233,1957062.2989832032,1956929.4996062103,954166.5620091271,954179.1662846478,0.9999998180778817,2.124821364076139e-05,3072,8,0.0026041666666666665,1.7777777777777777,0.787372,1.5689132,0.5,9,0.00146484375,0.014322916666666666,0.0,0.9999321435106783,1.0000132097225185
1,3,106,/home/test/bupt_hjk/sdp_dataset/elderAL/action3_sleep_new/user1_position9_activity3/20250813=194226_mimo5s_part0.csv,1,9,3,11,16896,1983,174,33,9,9,883226.8449831742,4769238.120020561,3026174.5760928006,1376926.7323226694,1266178.9438570696,0.9121432235030541,0.10639273447411375,3072,29,0.009440104166666666,0.08043368633383761,1.1294429999999998,1.855295,0.21824546907656342,1871,0.11736505681818182,0.010298295454545454,0.01664145234493192,0.6345194976508647,0.9195688587737818
1,3,107,/home/test/bupt_hjk/sdp_dataset/elderAL/action5_drink_new/user1_position9_activity5/20250813=164307_mimo5s_part0.csv,1,9,5,9,13824,612,1169,0,7,6,329070.4242161683,4182636.385282971,3524806.724439598,1464417.506418245,1319534.8279245729,0.9605203444117902,0.04496130119402998,3072,303,0.0986328125,2.2279411764705883,0.991131,2.1750266000000003,0.20172791417092747,611,0.044270833333333336,0.0845630787037037,0.0,0.8427236794577666,0.9010646363767978
1,3,108,/home/test/bupt_hjk/sdp_dataset/elderAL/action6_sit_TV_new/user1_position9_activity6/20250813=180912_mimo5s_part0.csv,1,9,6,8,12288,374,1163,12,6,5,174285.07957024343,3985210.1666194303,3636694.825784976,1473950.6243174186,1397643.018438246,0.981330287917543,0.026225933037599822,3072,212,0.06901041666666667,2.267379679144385,0.3729039999999998,1.5082187999999999,0.1461631506620582,373,0.030436197916666668,0.09464518229166667,0.03208556149732621,0.9125478139763724,0.9482291980340181
1,3,109,/home/test/bupt_hjk/sdp_dataset/elderAL/action0_static_new/user2_position1_activity0/20250813=211029_mimo5s_part0.csv,2,1,0,8,12288,648,1160,4,5,4,268271.93516291375,3916158.9154330003,3379893.0061394074,1411438.4935409694,1319791.8458830065,0.9701606254525396,0.04306663785624123,3072,38,0.012369791666666666,0.2345679012345679,0.8114805,1.4014065999999998,0.26030866324199375,645,0.052734375,0.09440104166666667,0.006172839506172839,0.8630632921508244,0.9350686210717953
1,3,110,/home/test/bupt_hjk/sdp_dataset/elderAL/action1_walk_new/user2_position1_activity1/20250813=151001_mimo5s_part0.csv,2,1,1,4,6144,177,75,3,2,1,23415.923906778098,1310964.1539332634,1264305.7353982888,1024968.1137389141,1024821.0604213693,0.998156159965132,0.00802988486322327,3072,9,0.0029296875,0.1016949152542373,1.0216954999999999,1.9345885999999999,0.5,176,0.02880859375,0.01220703125,0.01694915254237288,0.964409081365813,0.9998565288855588
1,3,111,/home/test/bupt_hjk/sdp_dataset/elderAL/action2_fall_new/user2_position1_activity2/20250813=231223_mimo5s_part0.csv,2,1,2,3,4608,99,84,0,1,1,2761.5765433817273,79284.60222163003,73761.44913486658,47905.321296211434,45424.83877338785,0.9999440303685863,0.0013913417249051426,3072,99,0.0322265625,1.5,0.16363799999999998,0.27908839999999996,0.5313767450016399,99,0.021484375,0.018229166666666668,0.0,0.9303376326297988,0.9482211483879609
1,3,112,/home/test/bupt_hjk/sdp_dataset/elderAL/action3_sleep_new/user2_position1_activity3/20250813=183154_mimo5s_part0.csv,2,1,3,8,12288,703,1102,0,6,5,343989.1113029194,4355961.97763917,3668884.041955363,1490217.6544690817,1368163.3697319594,0.9596125742188262,0.051230725709541694,3072,92,0.029947916666666668,0.5234708392603129,1.0954805000000003,1.7270644999999998,0.2362566489476418,697,0.057210286458333336,0.08968098958333333,0.0,0.8422672329990842,0.9180963368867037
1,3,113,/home/test/bupt_hjk/sdp_dataset/elderAL/action5_drink_new/user2_position1_activity5/20250813=155213_mimo5s_part0.csv,2,1,5,11,16896,1539,1229,2,9,9,889541.3727211879,5036927.20346617,3263794.8893340966,1405868.6448220813,1188914.0154098533,0.9139217234396944,0.1036721436575843,3072,86,0.027994791666666668,0.30734243014944773,1.3676719999999998,1.730944,0.21497408375185786,1523,0.09108664772727272,0.07273910984848485,0.001299545159194282,0.6479734086861749,0.8456793028201546
1,3,114,/home/test/bupt_hjk/sdp_dataset/elderAL/action6_sit_TV_new/user2_position1_activity6/20250813=170504_mimo5s_part0.csv,2,1,6,4,6144,363,24,0,2,2,65004.91411642112,1527219.3166390145,1397939.440052801,1086957.3852606146,1098480.496573423,0.99524485467361,0.019948695332393865,3072,31,0.010091145833333334,0.17079889807162535,2.298451,3.0228577999999997,0.5,360,0.05908203125,0.00390625,0.0,0.9153495014254256,1.010601253985726
1,3,115,/home/test/bupt_hjk/sdp_dataset/elderAL/action0_static_new/user2_position2_activity0/20250813=212551_mimo5s_part0.csv,2,2,0,20,30720,4630,651,34,18,14,1833065.504800807,3956760.522396324,296248.4259403762,929142.4566068223,65878.07997848697,0.8646344045665779,0.13872379935512288,3072,1453,0.4729817708333333,3.1382289416846647,0.308555,0.44748250000000017,0.09825512801937368,4475,0.15071614583333334,0.02119140625,0.00734341252699784,0.07487145715883758,0.07090202316130309
1,3,116,/home/test/bupt_hjk/sdp_dataset/elderAL/action1_walk_new/user2_position2_activity1/20250813=151228_mimo5s_part0.csv,2,2,1,7,10752,459,108,0,5,4,39321.389144801076,1590729.6918810531,1515178.229803673,1097877.8576424704,1107966.2662421819,0.9990291956696785,0.00759921905490121,3072,2,0.0006510416666666666,0.015250544662309367,1.050056,3.1919584000000003,0.209754251042473,438,0.042689732142857144,0.010044642857142858,0.0,0.9525051537901201,1.009189008166514
1,3,117,/home/test/bupt_hjk/sdp_dataset/elderAL/action2_fall_new/user2_position2_activity2/20250813=231614_mimo5s_part0.csv,2,2,2,8,12288,514,1181,12,6,5,224672.37726906152,3492866.6680824477,3043766.035795795,1272521.543457536,1184729.8134142612,0.9743461152834738,0.03745747482816928,3072,361,0.11751302083333333,2.809338521400778,0.29531149999999995,1.9457447999999997,0.09606478281193731,513,0.041829427083333336,0.09611002604166667,0.023346303501945526,0.8714234824963402,0.9310096316289168
1,3,118,/home/test/bupt_hjk/sdp_dataset/elderAL/action3_sleep_new/user2_position2_activity3/20250813=183536_mimo5s_part0.csv,2,2,3,18,27648,2774,1564,23,16,13,1152782.1058042075,6389118.639483369,4087241.374056885,1536066.5344587436,1402952.3342979227,0.9404988688386826,0.07947701128873363,3072,362,0.11783854166666667,1.1744772891131938,0.26154349999999993,1.2957667000000002,0.05628395709185799,2738,0.10033275462962964,0.056568287037037035,0.00829127613554434,0.6397191231977786,0.9133408630585615
1,3,119,/home/test/bupt_hjk/sdp_dataset/elderAL/action5_drink_new/user2_position2_activity5/20250813=155604_mimo5s_part0.csv,2,2,5,7,10752,533,138,0,5,5,48635.00475845572,1824449.528545713,1736851.2890740216,1086857.7630812852,1089152.1025539348,0.9989203424873934,0.009096469349168504,3072,21,0.0068359375,0.1378986866791745,1.4877839999999996,2.9587879999999998,0.29432155856395326,482,0.049572172619047616,0.012834821428571428,0.0,0.9519864824424511,1.002110984114559
1,3,120,/home/test/bupt_hjk/sdp_dataset/elderAL/action6_sit_TV_new/user2_position2_activity6/20250813=170911_mimo5s_part0.csv,2,2,6,4,6144,101,87,0,2,1,4180.436649593201,1229216.851695824,1220855.9783966376,1101287.2224852047,1101470.5937703152,0.9999343351263249,0.0012782407835283743,3072,10,0.0032552083333333335,0.19801980198019803,1.0313809999999999,1.7274006,0.5,101,0.016438802083333332,0.01416015625,0.0,0.9931982112939213,1.0001665063222078
1,3,121,/home/test/bupt_hjk/sdp_dataset/elderAL/action0_static_new/user2_position3_activity0/20250813=212825_mimo5s_part0.csv,2,3,0,19,29184,2682,460,6,17,15,1153214.003102394,5869174.203825314,3564558.6297331033,1329613.9761466233,1090745.8337930432,0.9273919064313013,0.08109988991781891,3072,7,0.0022786458333333335,0.024794929157345266,0.4351219999999998,1.4272661999999998,0.07515491389143554,2616,0.09189967105263158,0.015762061403508772,0.0022371364653243847,0.6073356329089455,0.8203477500696497
1,3,122,/home/test/bupt_hjk/sdp_dataset/elderAL/action1_walk_new/user2_position3_activity1/20250813=151416_mimo5s_part0.csv,2,3,1,7,10752,1332,92,7,5,5,836454.2955518172,3373611.676736866,1704622.9617684172,1361601.0025024794,1141447.7640087055,0.8682543083183465,0.15232343951159222,3072,64,0.020833333333333332,0.16816816816816815,1.193512,1.696069,0.3019376180637582,1314,0.12388392857142858,0.00855654761904762,0.005255255255255256,0.5052813201717448,0.8383129579890471
1,3,123,/home/test/bupt_hjk/sdp_dataset/elderAL/action2_fall_new/user2_position3_activity2/20250813=233327_mimo5s_part0.csv,2,3,2,4,6144,30,84,0,2,1,368.6633498427152,937846.2043986323,937108.877698947,826851.6707114526,826962.1047125882,0.9999970283566514,0.0001399940128197784,3072,6,0.001953125,0.4,0.1631905,0.3101473,0.5,30,0.0048828125,0.013671875,0.0,0.9992138085154825,1.0001335596274972
1,3,124,/home/test/bupt_hjk/sdp_dataset/elderAL/action3_sleep_new/user2_position3_activity3/20250813=185029_mimo5s_part0.csv,2,3,3,11,16896,1662,301,0,9,7,976108.5479912087,4613927.564438551,2662369.1606592056,1534005.340273547,1348306.8740710318,0.9047361250704159,0.10716831796858797,3072,69,0.0224609375,0.2283393501805054,0.414,1.484099,0.12845868812030187,1650,0.09836647727272728,0.017814867424242424,0.0,0.577028816225722,0.8789453587108106
1,3,125,/home/test/bupt_hjk/sdp_dataset/elderAL/action5_drink_new/user2_position3_activity5/20250813=160608_mimo5s_part0.csv,2,3,5,4,6144,112,18,0,2,2,15602.074383184374,1446317.3196548552,1415113.1708884863,1097142.1928944292,1098540.6346952047,0.9986368549377127,0.004764011805966878,3072,25,0.008138020833333334,0.44642857142857145,1.5299274999999999,2.5949364,0.5,112,0.018229166666666668,0.0029296875,0.0,0.9784251019175962,1.001274622204699
1,3,126,/home/test/bupt_hjk/sdp_dataset/elderAL/action6_sit_TV_new/user2_position3_activity6/20250813=172559_mimo5s_part0.csv,2,3,6,8,12288,536,176,0,6,5,23636.53278943306,2127575.6173220584,2082410.1811885838,1178183.9566572981,1177981.1302176188,0.9994076424466223,0.003474165505343396,3072,13,0.004231770833333333,0.09701492537313433,0.9290889999999998,1.7552850999999998,0.23723430196854967,504,0.043619791666666664,0.014322916666666666,0.0,0.9787714073400016,0.999827848241751
1,3,127,/home/test/bupt_hjk/sdp_dataset/elderAL/action0_static_new/user2_position4_activity0/20250813=212927_mimo5s_part0.csv,2,4,0,11,16896,2068,1203,9,9,6,856860.3046803696,3720107.1624784493,2007385.0242296837,1141635.7607591122,913635.6372865741,0.9043387322735337,0.11820777915316077,3072,122,0.039713541666666664,0.324468085106383,0.8237299999999999,1.2946959999999998,0.18454150934984476,2066,0.12239583333333333,0.07120028409090909,0.004352030947775629,0.539604085730773,0.8002864562328241
1,3,128,/home/test/bupt_hjk/sdp_dataset/elderAL/action1_walk_new/user2_position4_activity1/20250813=151646_mimo5s_part0.csv,2,4,1,4,6144,153,27,3,2,2,54853.10056673284,1601342.3870009338,1492320.5500051249,872386.8634916993,841694.8466691468,0.9896662261125361,0.019247166240831264,3072,66,0.021484375,0.8627450980392157,2.309012,3.7334854,0.5,152,0.02490234375,0.00439453125,0.0196078431372549,0.931918471726718,0.9648183413724173
1,3,129,/home/test/bupt_hjk/sdp_dataset/elderAL/action2_fall_new/user2_position4_activity2/20250813=234612_mimo5s_part0.csv,2,4,2,4,6144,26,22,0,2,1,507.9761852501023,1926644.92480471,1925628.9724342101,896742.1306023949,896889.0649471311,0.9999954642836232,0.00016214526467642028,3072,18,0.005859375,1.3846153846153848,0.91982,1.6188607,0.5,26,0.004231770833333333,0.0035807291666666665,0.0,0.9994726831304409,1.0001638535089652
1,3,130,/home/test/bupt_hjk/sdp_dataset/elderAL/action3_sleep_new/user2_position4_activity3/20250813=185412_mimo5s_part0.csv,2,4,3,14,21504,1931,355,5,12,9,844280.0677334033,4140552.938510596,2462508.37196341,1131789.5032910448,1056464.7613656074,0.9288273186431885,0.08479476608128131,3072,9,0.0029296875,0.032625582599689285,0.31810249999999973,1.9330203000000004,0.06432194366000099,1879,0.08979724702380952,0.016508556547619048,0.002589331952356292,0.5947293534300766,0.933446332815063
1,3,131,/home/test/bupt_hjk/sdp_dataset/elderAL/action5_drink_new/user2_position4_activity5/20250813=160753_mimo5s_part0.csv,2,4,5,11,16896,1359,173,0,9,7,641451.6878992117,5289497.719671976,4009596.7326110657,1518756.8611292625,1409034.53119337,0.9387005813178076,0.07111606230946592,3072,10,0.0032552083333333335,0.04047093451066961,0.720091,1.774422,0.1497017154480131,1339,0.08043323863636363,0.010239109848484848,0.0,0.7580297686298497,0.9277551708610494
1,3,132,/home/test/bupt_hjk/sdp_dataset/elderAL/action6_sit_TV_new/user2_position4_activity6/20250813=173011_mimo5s_part0.csv,2,4,6,8,12288,1331,144,0,6,5,887590.2916410039,3298041.6534205135,1525042.3864299972,1169948.6111291833,839645.3417400792,0.8486544489969042,0.14840090611200585,3072,1126,0.3665364583333333,3.383921863260706,0.9371455,2.7774105,0.1911041474173236,1321,0.10831705729166667,0.01171875,0.0,0.4624084674152986,0.7176771131252425
1,3,133,/home/test/bupt_hjk/sdp_dataset/elderAL/action0_static_new/user2_position5_activity0/20250813=213138_mimo5s_part0.csv,2,5,0,15,23040,2632,1364,5,13,11,381158.1084515501,4186407.271333957,3513548.999237833,1231236.9058895595,1166696.1496663461,0.978172047360323,0.03497244822928188,3072,271,0.08821614583333333,0.772226443768997,0.44130800000000026,1.4509426,0.08491694242204595,1947,0.11423611111111111,0.05920138888888889,0.001899696048632219,0.8392754864765644,0.9475805542260097
1,3,134,/home/test/bupt_hjk/sdp_dataset/elderAL/action1_walk_new/user2_position5_activity1/20250813=151940_mimo5s_part0.csv,2,5,1,4,6144,26,80,0,2,1,793.2329642176485,1806728.187316936,1805141.7213885009,949396.09046448,949539.4672654662,0.9999895965468503,0.0002645325162410523,3072,16,0.005208333333333333,1.2307692307692308,2.319204,4.4401044999999995,0.5,26,0.004231770833333333,0.013020833333333334,0.0,0.9991219122280972,1.0001510189502847
1,3,135,/home/test/bupt_hjk/sdp_dataset/elderAL/action2_fall_new/user2_position5_activity2/20250814=000255_mimo5s_part0.csv,2,5,2,8,12288,375,217,1,6,3,29583.895172008386,2244564.118336226,2185608.791344613,1155593.9928857516,1162223.0008264738,0.9995799140171394,0.0043378362508483485,3072,8,0.0026041666666666665,0.08533333333333333,0.307785,2.3906555,0.09531780343383792,372,0.030517578125,0.017659505208333332,0.0026666666666666666,0.9737341755978379,1.005736450675179
1,3,136,/home/test/bupt_hjk/sdp_dataset/elderAL/action3_sleep_new/user2_position5_activity3/20250813=190932_mimo5s_part0.csv,2,5,3,11,16896,1981,303,0,9,7,1579072.2236231645,4848284.586649888,1691760.0875122326,1334201.83994723,512267.90713738516,0.8063447357051974,0.18505150636528173,3072,971,0.3160807291666667,2.6958606764260478,0.3637199999999998,2.762355,0.07261084623018306,1975,0.11724668560606061,0.017933238636363636,0.0,0.3489399306655017,0.38395083247497713
1,3,137,/home/test/bupt_hjk/sdp_dataset/elderAL/action5_drink_new/user2_position5_activity5/20250813=161739_mimo5s_part0.csv,2,5,5,17,26112,2371,1481,1,15,11,1147989.5967827272,6985688.822313182,4699061.186168726,1459018.9420087808,1343754.3799679454,0.9338470580407275,0.08321059499635206,3072,9,0.0029296875,0.0322648671446647,0.4746600000000001,0.8165419999999999,0.10098929767907165,2314,0.09080116421568628,0.0567172181372549,0.00042176296921130323,0.6726696973903739,0.9209985842389826
1,3,138,/home/test/bupt_hjk/sdp_dataset/elderAL/action6_sit_TV_new/user2_position5_activity6/20250813=173914_mimo5s_part0.csv,2,5,6,4,6144,135,30,0,2,2,10988.408336673463,1206806.6875460695,1185595.6475781056,939741.4443157348,939165.7629800809,0.9995390189967466,0.003993372026328211,3072,23,0.007486979166666667,0.34074074074074073,2.3062435,3.0205648,0.5,132,0.02197265625,0.0048828125,0.0,0.9824238296101138,0.9993874045471379
1,3,139,/home/test/bupt_hjk/sdp_dataset/elderAL/action0_static_new/user2_position6_activity0/20250813=213300_mimo5s_part0.csv,2,6,0,14,21504,2347,402,16,12,9,990261.9020789264,3402035.014552013,1421854.1634756853,1182708.609671167,993874.7792283169,0.9056320350834751,0.10601896717663817,3072,10,0.0032552083333333335,0.02982530890498509,0.32998950000000016,0.8480572000000001,0.12228559040805782,2333,0.10914248511904762,0.018694196428571428,0.006817213463996591,0.41794224850531647,0.840337823789621
1,3,140,/home/test/bupt_hjk/sdp_dataset/elderAL/action1_walk_new/user2_position6_activity1/20250813=121041_mimo5s_part0.csv,2,6,1,4,6144,147,80,0,2,2,20625.183063339366,1966471.6914552257,1925603.3871579925,936557.4727750316,936190.4341474518,0.9986725529243858,0.0065541613045726616,3072,73,0.023763020833333332,0.9931972789115646,0.8666885,1.3567063,0.5,144,0.02392578125,0.013020833333333334,0.0,0.9792174459084179,0.9996080981271845
1,3,141,/home/test/bupt_hjk/sdp_dataset/elderAL/action2_fall_new/user2_position6_activity2/20250814=000625_mimo5s_part0.csv,2,6,2,3,4608,57,75,0,1,1,5414.474653563691,360427.5563947279,349598.6070876005,257933.13780603308,253111.3445394152,0.9996816942033736,0.002480181441398815,3072,57,0.0185546875,1.5,1.513197,1.5394986,0.9787351705028349,57,0.012369791666666666,0.016276041666666668,0.0,0.969955268083698,0.9813060341620631
1,3,142,/home/test/bupt_hjk/sdp_dataset/elderAL/action3_sleep_new/user2_position6_activity3/20250813=191132_mimo5s_part0.csv,2,6,3,18,27648,5506,1510,12,16,16,1425541.492754058,7231659.127226888,4840505.353685884,1487038.132806588,1340266.6438609727,0.9320835970389795,0.09994526303579096,3072,336,0.109375,0.5492190337813294,0.29372450000000005,1.3397850000000002,0.05981207907731326,3513,0.19914641203703703,0.054615162037037035,0.002179440610243371,0.6693492141328381,0.9012994450461042
1,3,143,/home/test/bupt_hjk/sdp_dataset/elderAL/action5_drink_new/user2_position6_activity5/20250813=162526_mimo5s_part0.csv,2,6,5,8,12288,393,1171,12,6,5,188899.0952184654,4077642.088907844,3701837.154922716,1285231.3890278866,1213370.7567846694,0.9787912252547896,0.029854164275249884,3072,65,0.021158854166666668,0.6615776081424937,0.4448479999999999,1.6254830999999998,0.1631981627513239,389,0.031982421875,0.09529622395833333,0.030534351145038167,0.9078376851643241,0.9440873971358803
1,3,144,/home/test/bupt_hjk/sdp_dataset/elderAL/action6_sit_TV_new/user2_position6_activity6/20250813=174916_mimo5s_part0.csv,2,6,6,7,10752,757,63,0,5,5,300675.85359710746,2658349.3375830385,2061289.0920955038,1122817.8317905935,1009770.0380000088,0.951277968384075,0.06624918670362209,3072,18,0.005859375,0.083223249669749,1.7815489999999998,2.4022923999999994,0.3562973295934642,740,0.07040550595238096,0.005859375,0.0,0.7754018867849852,0.8993177783698859
1,3,145,/home/test/bupt_hjk/sdp_dataset/elderAL/action0_static_new/user2_position7_activity0/20250813=213523_mimo5s_part0.csv,2,7,0,10,15360,1682,276,4,8,7,643216.0686127017,2784435.6158675305,1502857.552382807,1130890.8251436919,1055778.6365504183,0.9166418368182003,0.08990214427934731,3072,13,0.004231770833333333,0.038644470868014265,0.264335,0.9338364999999997,0.1189682680774744,1613,0.10950520833333334,0.01796875,0.0023781212841854932,0.5397350701228444,0.9335813971399674
1,3,146,/home/test/bupt_hjk/sdp_dataset/elderAL/action1_walk_new/user2_position7_activity1/20250813=121734_mimo5s_part0.csv,2,7,1,4,6144,264,66,0,2,2,59238.92688981389,1604788.9003588506,1487648.0566618093,974392.5914504654,958091.4790091176,0.9947417549895959,0.018718998738909115,3072,77,0.025065104166666668,0.5833333333333334,2.278155,4.3591041,0.5,260,0.04296875,0.0107421875,0.0,0.9270054499561611,0.9832704881129256
1,3,147,/home/test/bupt_hjk/sdp_dataset/elderAL/action2_fall_new/user2_position7_activity2/20250814=003008_mimo5s_part0.csv,2,7,2,3,4608,115,102,0,1,1,11168.841200554905,254845.42442929343,232507.74202818365,162004.68321900992,151840.38647033914,0.9993748417619007,0.004857349541967759,3072,115,0.037434895833333336,1.5,0.460204,0.756792,0.5538360818303149,115,0.024956597222222224,0.022135416666666668,0.0,0.9123481127780367,0.9372592412348356
1,3,148,/home/test/bupt_hjk/sdp_dataset/elderAL/action3_sleep_new/user2_position7_activity3/20250813=193020_mimo5s_part0.csv,2,7,3,14,21504,2002,337,6,12,12,1173335.5555750502,5507256.882854698,3172427.793990038,1282177.8298645136,1133632.7059688414,0.8873132443523972,0.11208157513034532,3072,30,0.009765625,0.1048951048951049,0.5657575000000001,1.7462264000000005,0.09724725588469166,1945,0.09309895833333333,0.015671502976190476,0.002997002997002997,0.576045000527668,0.8841462389726636
1,3,149,/home/test/bupt_hjk/sdp_dataset/elderAL/action5_drink_new/user2_position7_activity5/20250813=162802_mimo5s_part0.csv,2,7,5,3,4608,161,15,0,1,1,21606.84283372223,307191.3366920172,263977.6510245728,173259.01913051718,153976.5004333638,0.9974568667026392,0.009074983642566793,3072,161,0.052408854166666664,1.5,1.485603,1.7881998,0.7970618864511021,161,0.03493923611111111,0.0032552083333333335,0.0,0.8593264831853984,0.8887069845257076
1,3,150,/home/test/bupt_hjk/sdp_dataset/elderAL/action6_sit_TV_new/user2_position7_activity6/20250813=175221_mimo5s_part0.csv,2,7,6,7,10752,1272,78,33,5,4,814080.6699096009,3407904.329632844,1790256.7973488432,1315646.7475764588,1133674.6136022676,0.8552879571872208,0.15717752084053943,3072,2,0.0006510416666666666,0.00550314465408805,1.4551819999999998,1.7986748000000001,0.3763588281315668,1251,0.11830357142857142,0.007254464285714286,0.025943396226415096,0.5253248401904872,0.8616861750242605
1,3,151,/home/test/bupt_hjk/sdp_dataset/elderAL/action0_static_new/user2_position8_activity0/20250813=213723_mimo5s_part0.csv,2,8,0,15,23040,1370,1453,13,13,10,326994.58629443654,4444711.093825665,3793353.465063662,1395100.117450704,1371056.847126755,0.9781240768626449,0.02675792294170603,3072,488,0.15885416666666666,2.6715328467153285,0.3906270000000003,1.1063839999999998,0.11066572761227865,1276,0.05946180555555555,0.06306423611111112,0.00948905109489051,0.8534533257590506,0.9827659176404602
1,3,152,/home/test/bupt_hjk/sdp_dataset/elderAL/action1_walk_new/user2_position8_activity1/20250813=122446_mimo5s_part0.csv,2,8,1,3,4608,137,84,0,1,1,13449.8088140154,233462.49346571852,206562.8758376877,141285.5869840248,129136.83738663749,0.999357082010945,0.005634275013320508,3072,137,0.044596354166666664,1.5,0.689105,0.8605962,0.7627323128961813,137,0.029730902777777776,0.018229166666666668,0.0,0.8847797038885787,0.9140128171831076
1,3,153,/home/test/bupt_hjk/sdp_dataset/elderAL/action2_fall_new/user2_position8_activity2/20250814=003232_mimo5s_part0.csv,2,8,2,4,6144,47,109,0,2,1,1383.5623085266022,1332479.6611848285,1329736.4403433413,1222598.5426805613,1221884.7312117526,0.9999709360574467,0.0004095195361615086,3072,15,0.0048828125,0.6382978723404256,0.168564,0.3017308,0.5,46,0.007649739583333333,0.017740885416666668,0.0,0.9979412662561409,0.999416152200506
1,3,154,/home/test/bupt_hjk/sdp_dataset/elderAL/action3_sleep_new/user2_position8_activity3/20250813=193315_mimo5s_part0.csv,2,8,3,15,23040,2042,357,24,13,10,933596.7481671496,5464926.020671605,3602201.150843534,1227921.1553331933,1072984.3144869437,0.928121584570593,0.08705986279760007,3072,24,0.0078125,0.0881488736532811,0.6423999999999999,1.3306895999999997,0.1335936440702639,2001,0.08862847222222223,0.015494791666666667,0.011753183153770812,0.6591491151422478,0.8738218327998365
1,3,155,/home/test/bupt_hjk/sdp_dataset/elderAL/action5_drink_new/user2_position8_activity5/20250813=163815_mimo5s_part0.csv,2,8,5,11,16896,1610,243,27,9,9,751909.7752372148,4843563.543943596,3350010.4743707776,1394150.306881732,1265909.3472915422,0.9228227827919917,0.08852724066563629,3072,30,0.009765625,0.10248447204968944,1.235207,2.1907389999999998,0.184913248303462,1564,0.09528882575757576,0.014382102272727272,0.016770186335403725,0.6916416898379787,0.9080149687180977
1,3,156,/home/test/bupt_hjk/sdp_dataset/elderAL/action6_sit_TV_new/user2_position8_activity6/20250813=180610_mimo5s_part0.csv,2,8,6,7,10752,814,221,0,5,3,103687.0925528296,1595808.7697606618,1393333.3265162008,1020197.7601501865,1021460.5823639282,0.9966099792564901,0.020402700038351984,3072,2,0.0006510416666666666,0.0085995085995086,0.20799499999999999,0.3251542,0.30379312359419275,780,0.07570684523809523,0.020554315476190476,0.0,0.8731204846838709,1.0012378210020338
1,3,157,/home/test/bupt_hjk/sdp_dataset/elderAL/action0_static_new/user2_position9_activity0/20250813=213912_mimo5s_part0.csv,2,9,0,14,21504,1840,254,33,12,12,916990.1770702674,3695476.0558652114,1870598.871076488,1359045.9162520715,1186907.6449262085,0.9204691471548998,0.08725478420270784,3072,21,0.0068359375,0.07989130434782608,0.8393245,1.5199998,0.13186115973477092,1805,0.08556547619047619,0.011811755952380952,0.017934782608695653,0.5061861700084889,0.8733388848254813
1,3,158,/home/test/bupt_hjk/sdp_dataset/elderAL/action1_walk_new/user2_position9_activity1/20250813=123159_mimo5s_part0.csv,2,9,1,4,6144,126,12,0,2,2,27709.451393910607,2408110.631435829,2354337.407019104,1058448.49677377,1049025.2956354087,0.9963079503845501,0.008145608278337237,3072,99,0.0322265625,1.5714285714285714,2.1732579999999997,3.9329075999999996,0.5,121,0.0205078125,0.001953125,0.0,0.9776699526530211,0.9910971566712183
1,3,159,/home/test/bupt_hjk/sdp_dataset/elderAL/action2_fall_new/user2_position9_activity2/20250814=005038_mimo5s_part0.csv,2,9,2,3,4608,64,102,0,1,1,9674.000734187715,612727.4727490721,593379.4712806968,330356.44974473683,321864.633725888,0.9990826294705674,0.004262320643193791,3072,64,0.020833333333333332,1.5,1.037953,1.0725978,0.9599485414687877,64,0.013888888888888888,0.022135416666666668,0.0,0.9684231533122413,0.9742949894714924
1,3,160,/home/test/bupt_hjk/sdp_dataset/elderAL/action3_sleep_new/user2_position9_activity3/20250813=194923_mimo5s_part0.csv,2,9,3,4,6144,219,30,0,2,2,25946.484299777832,1395878.3508899314,1345414.0387013163,1115251.3760873342,1110701.595929854,0.9982578708946073,0.008140959082343985,3072,35,0.011393229166666666,0.319634703196347,1.762392,3.0294173,0.5,208,0.03564453125,0.0048828125,0.0,0.9638476288736465,0.9959203994229155
1,3,161,/home/test/bupt_hjk/sdp_dataset/elderAL/action5_drink_new/user2_position9_activity5/20250813=164217_mimo5s_part0.csv,2,9,5,8,12288,970,192,0,6,6,476567.7061896704,3896354.194182232,2945323.4810136054,1357679.1003761822,1200091.6024391856,0.944456738900255,0.07022921440204097,3072,54,0.017578125,0.22268041237113403,1.1657085000000003,2.2802396999999996,0.2355492964690697,959,0.07893880208333333,0.015625,0.0,0.7559177975686502,0.8839287590909128
1,3,162,/home/test/bupt_hjk/sdp_dataset/elderAL/action6_sit_TV_new/user2_position9_activity6/20250813=180810_mimo5s_part0.csv,2,9,6,11,16896,1788,1199,10,9,7,1141975.8178854573,5202184.433014672,2921607.017151663,1426508.8193203344,1108488.5001756395,0.8875501191599667,0.13253971617778892,3072,105,0.0341796875,0.32298657718120805,0.5834239999999999,0.7813209999999999,0.19306605671686045,1775,0.10582386363636363,0.07096354166666667,0.005592841163310962,0.5616115796683872,0.7770638955487027
2,5,1,/home/test/bupt_hjk/sdp_dataset/elderAL/action0_static_new/user0_position1_activity0/20250813=205008_mimo5s_part0.csv,0,1,0,14,21504,4502,208,51,14,10,3092338.753616325,5582702.135186073,1079375.7462959592,1313094.2039427662,504244.08737486525,0.7146804878729706,0.2977085660304149,3072,646,0.21028645833333334,1.0044424700133274,0.683421,1.0274654,0.2417262415943114,4402,0.2093563988095238,0.009672619047619048,0.011328298533984895,0.19334288668080324,0.3840121187503496
2,5,2,/home/test/bupt_hjk/sdp_dataset/elderAL/action1_walk_new/user0_position1_activity1/20250813=114101_mimo5s_part0.csv,0,1,1,4,6144,1449,42,12,4,2,962262.4839944276,1259412.625835122,296168.1276807439,1025753.3781657147,169990.48383732332,0.725742699009436,0.2893594428307388,3072,1133,0.3688151041666667,1.5638371290545205,2.7077605,2.8509089999999997,0.9497884709753978,1449,0.23583984375,0.0068359375,0.008281573498964804,0.2351636958414273,0.16572256787621387
2,5,3,/home/test/bupt_hjk/sdp_dataset/elderAL/action2_fall_new/user0_position1_activity2/20250813=230733_mimo5s_part0.csv,0,1,2,4,6144,1412,54,3,3,3,855547.4246643774,950673.5400086202,93090.93903798057,880910.6894660462,48506.51517916127,0.6889674282602748,0.3198044709729203,3072,1369,0.4456380208333333,1.9390934844192633,0.3236485,0.324254,0.9981326367600709,1412,0.22981770833333334,0.0087890625,0.002124645892351275,0.09792103715975567,0.05506405559519653
2,5,4,/home/test/bupt_hjk/sdp_dataset/elderAL/action3_sleep_new/user0_position1_activity3/20250813=182727_mimo5s_part0.csv,0,1,3,14,21504,3797,324,69,14,12,2248457.6831147303,4443723.21748704,1191337.8040235983,1415089.0399728718,265121.7560432535,0.8122998633610766,0.20027808982529827,3072,1375,0.4475911458333333,2.5348959705030287,0.6842955,3.1396093,0.14460174245928545,3631,0.17657180059523808,0.015066964285714286,0.018172241243086647,0.2680945112277513,0.18735340925849875
2,5,5,/home/test/bupt_hjk/sdp_dataset/elderAL/action5_drink_new/user0_position1_activity5/20250813=155105_mimo5s_part0.csv,0,1,5,7,10752,2367,78,21,6,5,1693503.0129813864,2919350.0745180226,546362.7281280204,1229924.1187428813,190964.04153330936,0.6625830639235101,0.32727565809062986,3072,1040,0.3385416666666667,1.5378115758343898,2.773256,3.7486808000000003,0.555062056934543,2349,0.22014508928571427,0.007254464285714286,0.008871989860583017,0.1871521791432374,0.1552648969340448
2,5,6,/home/test/bupt_hjk/sdp_dataset/elderAL/action6_sit_TV_new/user0_position1_activity6/20250813=170026_mimo5s_part0.csv,0,1,6,7,10752,1218,105,33,7,5,830127.3668673644,1517541.3076346505,671192.9258925891,1104254.2844479256,363068.4450132591,0.845159098103573,0.15262256068858643,3072,921,0.2998046875,2.646551724137931,2.473483,3.2050768,0.5367703800538358,1215,0.11328125,0.009765625,0.027093596059113302,0.4422897238552003,0.32879061474031407
2,5,7,/home/test/bupt_hjk/sdp_dataset/elderAL/action0_static_new/user0_position2_activity0/20250813=205231_mimo5s_part0.csv,0,2,0,7,10752,1802,62,7,7,6,1061539.106489614,1224834.731319159,158932.1321694909,1068748.1790432702,55905.205608855926,0.7909730227056475,0.20949781157013658,3072,1453,0.4729817708333333,2.822142064372919,2.8331999999999997,4.6515948,0.5923883987050755,1790,0.1675967261904762,0.005766369047619048,0.00388457269700333,0.12975802212786655,0.05230905343754743
2,5,8,/home/test/bupt_hjk/sdp_dataset/elderAL/action1_walk_new/user0_position2_activity1/20250813=114330_mimo5s_part0.csv,0,2,1,3,4608,598,111,34,3,3,140132.6855987907,383383.46769063384,235240.56952154895,262165.25602836773,136357.53157587812,0.9798607722569052,0.05683173126751657,3072,528,0.171875,1.3244147157190636,2.920772,2.920772,1.0,598,0.12977430555555555,0.024088541666666668,0.056856187290969896,0.6135908022809506,0.5201205287138563
2,5,9,/home/test/bupt_hjk/sdp_dataset/elderAL/action2_fall_new/user0_position2_activity2/20250813=232625_mimo5s_part0.csv,0,2,2,7,10752,1939,31,0,7,3,930820.1654112572,2221761.54612773,470016.63869528275,882785.291334573,186920.65752735984,0.8337555599914153,0.19158805657579117,3072,1306,0.4251302083333333,2.357400722021661,2.8814659999999996,3.6109684,0.67992330214199,1922,0.18033854166666666,0.002883184523809524,0.0,0.2115513429037723,0.21173966009875156
2,5,10,/home/test/bupt_hjk/sdp_dataset/elderAL/action3_sleep_new/user0_position2_activity3/20250813=183755_mimo5s_part0.csv,0,2,3,7,10752,1188,108,0,7,6,774556.062280522,1827573.003295503,1030200.4519613881,1091588.3533388781,453507.2501507819,0.8713702925493145,0.14263781437543804,3072,941,0.3063151041666667,2.7723063973063975,1.847951,3.1233155999999997,0.5217684579780315,1185,0.11049107142857142,0.010044642857142858,0.0,0.5636986594263088,0.4154562924417652
2,5,11,/home/test/bupt_hjk/sdp_dataset/elderAL/action5_drink_new/user0_position2_activity5/20250813=155959_mimo5s_part0.csv,0,2,5,8,12288,2174,268,41,8,6,1664800.5638175553,2060257.8171915552,387680.9477936396,1126976.6422404684,134709.13193899335,0.7303828672738044,0.25601389632210086,3072,1396,0.4544270833333333,2.5685372585096595,2.2055474999999998,3.0241358,0.4613905683799358,2167,0.17692057291666666,0.021809895833333332,0.018859245630174794,0.1881710844917981,0.11953143205451619
2,5,12,/home/test/bupt_hjk/sdp_dataset/elderAL/action6_sit_TV_new/user0_position2_activity6/20250813=171419_mimo5s_part0.csv,0,2,6,7,10752,1871,159,39,6,6,1068001.600862454,1699811.2007625867,604795.387091201,1040326.8604007519,229734.05851500854,0.8183266360145943,0.2033935373499221,3072,1369,0.4456380208333333,2.5609299839657935,1.9464869999999999,2.7651728,0.5615876663965219,1867,0.17401413690476192,0.014787946428571428,0.02084446819882416,0.3558015071437766,0.22082872918085666
2,5,13,/home/test/bupt_hjk/sdp_dataset/elderAL/action0_static_new/user0_position3_activity0/20250813=205410_mimo5s_part0.csv,0,3,0,7,10752,2146,118,33,7,5,1046983.0146231446,1565168.7999842833,617918.7690548918,1066507.945057728,313040.4595081903,0.8133018799889646,0.2023571993532092,3072,1081,0.3518880208333333,1.7630475302889095,1.5587300000000002,2.3856471999999997,0.6400093616042833,2131,0.1995907738095238,0.01097470238095238,0.01537744641192917,0.3947936919398704,0.2935191068747697
2,5,14,/home/test/bupt_hjk/sdp_dataset/elderAL/action1_walk_new/user0_position3_activity1/20250813=114605_mimo5s_part0.csv,0,3,1,4,6144,1099,21,0,4,2,900855.6085041087,1316181.0765692317,408012.0193038057,1073170.8769979675,234420.00380329057,0.7355412110024907,0.2603015287133443,3072,953,0.3102213541666667,1.7343039126478619,4.821975999999999,5.003655999999999,0.9636905494702274,1099,0.17887369791666666,0.00341796875,0.0,0.3099968739615473,0.21843679215284423
2,5,15,/home/test/bupt_hjk/sdp_dataset/elderAL/action2_fall_new/user0_position3_activity2/20250813=232948_mimo5s_part0.csv,0,3,2,4,6144,2208,12,0,4,2,1944923.3773892703,2197375.596806199,251799.96819341672,1061222.4669822203,121110.66647074725,0.49712305354044667,0.5549293269742894,3072,1024,0.3333333333333333,0.9275362318840579,3.3136269999999994,3.4456599999999997,0.9616813614808193,2208,0.359375,0.001953125,0.0,0.11459122808107923,0.1141237301686116
2,5,16,/home/test/bupt_hjk/sdp_dataset/elderAL/action3_sleep_new/user0_position3_activity3/20250813=184601_mimo5s_part0.csv,0,3,3,15,23040,3929,327,39,14,13,3025071.793489569,6297599.865577627,1279584.1519460152,1398964.1681296146,360237.8905170545,0.7430125926501896,0.2529879106784187,3072,1461,0.4755859375,2.7888775769916005,1.205027,1.6544771999999999,0.2881485139163049,3823,0.1705295138888889,0.014192708333333333,0.009926189870195978,0.20318600407437118,0.25750330045885655
2,5,17,/home/test/bupt_hjk/sdp_dataset/elderAL/action5_drink_new/user0_position3_activity5/20250813=160218_mimo5s_part0.csv,0,3,5,7,10752,3038,45,18,7,3,1994489.4691442812,3241189.151286568,425065.0658258805,1309598.8904006518,170899.79629650302,0.6286199422530514,0.36475449202130245,3072,1235,0.4020182291666667,1.4228110599078343,2.143326,3.1788128,0.48249591865586233,3037,0.2825520833333333,0.004185267857142857,0.005924950625411455,0.1311447885283566,0.13049781696456603
2,5,18,/home/test/bupt_hjk/sdp_dataset/elderAL/action6_sit_TV_new/user0_position3_activity6/20250813=171627_mimo5s_part0.csv,0,3,6,10,15360,3444,192,51,9,7,2698560.146049249,4454852.562449911,1965071.4559098794,1485219.3162727007,726201.7447254029,0.6703665747804457,0.3285571466612862,3072,1022,0.3326822916666667,1.4837398373983741,1.5546375,2.8821045,0.3539910814433088,2828,0.22421875,0.0125,0.014808362369337979,0.44110807896843257,0.48895253163544583
2,5,19,/home/test/bupt_hjk/sdp_dataset/elderAL/action0_static_new/user0_position4_activity0/20250813=205610_mimo5s_part0.csv,0,4,0,17,26112,6753,304,120,14,9,3296109.059109583,6075162.82905416,288493.33705071115,1018483.8577817453,59228.906923233066,0.7453632979063496,0.30290877761491725,3072,1449,0.4716796875,1.8238560639715682,0.9844590000000002,2.2599044,0.16442362567774338,6580,0.25861672794117646,0.011642156862745098,0.01776988005330964,0.04748734234266221,0.05815399671844917
2,5,20,/home/test/bupt_hjk/sdp_dataset/elderAL/action1_walk_new/user0_position4_activity1/20250813=115259_mimo5s_part0.csv,0,4,1,3,4608,392,90,27,3,3,85957.67980495264,565086.7700490309,457915.8060980994,311363.68578135094,234161.90294824913,0.9888639469244926,0.03823462284599153,3072,285,0.0927734375,1.090561224489796,3.007603,3.007603,1.0,392,0.08506944444444445,0.01953125,0.06887755102040816,0.8103460041337853,0.7520527076259136
2,5,21,/home/test/bupt_hjk/sdp_dataset/elderAL/action2_fall_new/user0_position4_activity2/20250813=235318_mimo5s_part0.csv,0,4,2,4,6144,1042,27,12,4,3,846003.6486324272,1523364.5045986767,670299.7459425732,1094274.4830218693,358353.7236467003,0.7501631423851447,0.25965388541037926,3072,936,0.3046875,1.796545105566219,1.8195985,2.00899,0.9057280026281863,1042,0.16959635416666666,0.00439453125,0.011516314779270634,0.4400127112841982,0.3274806542661002
2,5,22,/home/test/bupt_hjk/sdp_dataset/elderAL/action3_sleep_new/user0_position4_activity3/20250813=185656_mimo5s_part0.csv,0,4,3,11,16896,4127,201,45,11,8,2925159.54393452,4626907.051977005,1364500.161729826,1379443.1403661123,420294.65341602615,0.6718406979500432,0.3416027188939531,3072,1259,0.4098307291666667,1.6778531621032227,2.0356099999999997,3.142623,0.3049109657164084,3277,0.24425899621212122,0.011896306818181818,0.01090380421613763,0.2949054619860575,0.304684289708728
2,5,23,/home/test/bupt_hjk/sdp_dataset/elderAL/action5_drink_new/user0_position4_activity5/20250813=161131_mimo5s_part0.csv,0,4,5,10,15360,1886,84,3,9,7,959498.7784756767,2723494.322721951,986522.8252117138,973879.7445749583,292427.3759053464,0.8728192744849245,0.13502600913177062,3072,1144,0.3723958333333333,3.032873806998939,1.6997835000000001,2.8119064,0.3828636124674469,1835,0.12278645833333333,0.00546875,0.0015906680805938495,0.36222687045139496,0.30027051854638775
2,5,24,/home/test/bupt_hjk/sdp_dataset/elderAL/action6_sit_TV_new/user0_position4_activity6/20250813=173514_mimo5s_part0.csv,0,4,6,7,10752,1350,58,10,7,6,681672.891277818,1871820.3387219913,1101818.6872984183,1011895.6227292533,525993.4129036522,0.8749862501808988,0.13714439184225444,3072,676,0.22005208333333334,1.7525925925925925,3.069576,3.4843111999999996,0.6225872173504748,1342,0.12555803571428573,0.005394345238095238,0.007407407407407408,0.5886348515962267,0.5198099498493325
2,5,25,/home/test/bupt_hjk/sdp_dataset/elderAL/action0_static_new/user0_position5_activity0/20250813=205731_mimo5s_part0.csv,0,5,0,15,23040,5676,280,76,14,11,3847157.4725310784,5724630.145772705,439118.3969098769,1481354.9094798462,116429.72786244647,0.6619525959575068,0.34010517009125696,3072,1494,0.486328125,1.9741014799154333,1.254424,2.105714,0.2577100443567531,5074,0.24635416666666668,0.012152777777777778,0.013389711064129669,0.07670685891107558,0.07859678130970578
2,5,26,/home/test/bupt_hjk/sdp_dataset/elderAL/action1_walk_new/user0_position5_activity1/20250813=120145_mimo5s_part0.csv,0,5,1,7,10752,1369,60,33,7,7,1027517.0558043735,3784327.2756234934,2320846.7723782957,1240206.9305440348,806977.4797545287,0.8103946818283996,0.18965317454851388,3072,504,0.1640625,1.2885317750182614,3.353064,3.6839112,0.5909795991673216,1362,0.1273251488095238,0.005580357142857143,0.02410518626734843,0.6132785574143876,0.6506797050396552
2,5,27,/home/test/bupt_hjk/sdp_dataset/elderAL/action2_fall_new/user0_position5_activity2/20250813=235646_mimo5s_part0.csv,0,5,2,3,4608,531,111,34,3,3,41277.59397191852,188077.60685189115,135460.54981832742,107352.22727751195,70274.1227281396,0.9980998478961877,0.01835006709650172,3072,348,0.11328125,0.9830508474576272,2.7878819999999997,2.7878819999999997,1.0,531,0.115234375,0.024088541666666668,0.064030131826742,0.7202375236781962,0.6546126196942033
2,5,28,/home/test/bupt_hjk/sdp_dataset/elderAL/action3_sleep_new/user0_position5_activity3/20250813=190517_mimo5s_part0.csv,0,5,3,21,32256,5731,449,54,20,16,3973191.6354072844,7813851.295655442,2644739.0751558216,1411850.7587037822,656053.634322153,0.7272070059012434,0.2571837513425295,6144,1800,0.29296875,1.6489268888501136,0.5358179999999999,2.274933,0.11691672287194381,5095,0.17767237103174602,0.013919890873015874,0.009422439364857791,0.3384680582066254,0.4646763337255807
2,5,29,/home/test/bupt_hjk/sdp_dataset/elderAL/action5_drink_new/user0_position5_activity5/20250813=161914_mimo5s_part0.csv,0,5,5,7,10752,1650,90,60,7,6,1102591.1762902578,1917887.0698128948,803096.5076897359,1150820.121750392,291263.12379281037,0.8018430728988011,0.2023589562858536,3072,1176,0.3828125,2.4945454545454546,3.136409,4.464546800000001,0.6282221228735171,1650,0.15345982142857142,0.008370535714285714,0.03636363636363636,0.41874024822957084,0.2530917893143896
2,5,30,/home/test/bupt_hjk/sdp_dataset/elderAL/action6_sit_TV_new/user0_position5_activity6/20250813=173659_mimo5s_part0.csv,0,5,6,4,6144,1270,78,66,4,3,795793.8706836654,1176013.4212256032,377480.3418468187,912231.6294413784,187112.44359263772,0.7018605161687698,0.29871111750351603,3072,1057,0.3440755208333333,1.6645669291338583,3.2278094999999998,3.9677979999999997,0.8135014685727449,1270,0.20670572916666666,0.0126953125,0.05196850393700787,0.32098302199087225,0.20511505801132923
2,5,31,/home/test/bupt_hjk/sdp_dataset/elderAL/action0_static_new/user0_position6_activity0/20250813=210002_mimo5s_part0.csv,0,6,0,11,16896,2876,282,33,10,7,1681849.2699983935,2829051.5192374336,494060.92568592494,1170853.969545253,158812.2109657357,0.768137302304303,0.2328203695089322,3072,1394,0.4537760416666667,2.6658553546592487,1.7211809999999998,3.2705569999999997,0.3353531641754229,2849,0.17021780303030304,0.016690340909090908,0.011474269819193325,0.17463836283161727,0.13563793188267245
2,5,32,/home/test/bupt_hjk/sdp_dataset/elderAL/action1_walk_new/user0_position6_activity1/20250813=120612_mimo5s_part0.csv,0,6,1,11,16896,1814,198,24,11,10,920561.825326019,3497855.6414889144,2383297.948798441,1060912.0233016296,666882.623727592,0.9001688947508129,0.11476732464425841,3072,771,0.2509765625,2.337651598676957,1.8555949999999999,3.8706720000000003,0.36107525839736715,1788,0.10736268939393939,0.01171875,0.013230429988974642,0.6813597223766372,0.6285937090732636
2,5,33,/home/test/bupt_hjk/sdp_dataset/elderAL/action2_fall_new/user0_position6_activity2/20250814=001457_mimo5s_part0.csv,0,6,2,4,6144,539,144,33,3,2,316802.6584163959,1297836.3011803993,952995.0643471512,815882.9491080027,525279.947627059,0.909721952974717,0.10745295857942373,3072,535,0.17415364583333334,1.985157699443414,0.23648999999999998,0.244701,0.9664447632008042,539,0.08772786458333333,0.0234375,0.061224489795918366,0.7342952755138608,0.6438177782748649
2,5,34,/home/test/bupt_hjk/sdp_dataset/elderAL/action3_sleep_new/user0_position6_activity3/20250813=191734_mimo5s_part0.csv,0,6,3,7,10752,1619,246,60,7,6,1048620.0910302862,1704055.6830554788,637930.9128103378,1074335.3128819887,263163.4039686773,0.8037686246522586,0.19369703553448647,3072,1209,0.3935546875,2.6136504014823965,1.6743519999999998,1.8753494,0.4848437113151299,1618,0.15057663690476192,0.022879464285714284,0.03705991352686844,0.3743603681227644,0.2449546252582174
2,5,35,/home/test/bupt_hjk/sdp_dataset/elderAL/action5_drink_new/user0_position6_activity5/20250813=162031_mimo5s_part0.csv,0,6,5,7,10752,2084,49,0,6,4,1550652.8811387275,3285035.5529170814,1011936.3503392573,1250048.9232056488,390617.424481569,0.6748599354670242,0.3022931273253979,3072,780,0.25390625,1.3099808061420346,2.8508489999999997,4.7936064,0.5615444768358021,2015,0.19382440476190477,0.004557291666666667,0.0,0.3080442613294298,0.3124817094997069
2,5,36,/home/test/bupt_hjk/sdp_dataset/elderAL/action6_sit_TV_new/user0_position6_activity6/20250813=174557_mimo5s_part0.csv,0,6,6,8,12288,2818,108,54,8,6,1937792.6288096372,3329263.23826083,1286721.0776931862,1197822.2236052589,477770.49118319876,0.6227951045158278,0.35839141650115847,3072,832,0.2708333333333333,1.1809794180269693,2.1959589999999998,3.149781,0.4357706517671068,2362,0.22932942708333334,0.0087890625,0.0191625266146203,0.38648823646800456,0.3988659433494094
2,5,37,/home/test/bupt_hjk/sdp_dataset/elderAL/action0_static_new/user0_position7_activity0/20250813=210033_mimo5s_part0.csv,0,7,0,13,19968,4038,308,15,12,8,2570985.7806391465,4419994.588699722,282539.52766358637,1109661.918852712,90856.18489285503,0.7295648172682327,0.27081920166796913,3072,1347,0.4384765625,2.1682763744427938,0.509604,0.9780637999999999,0.2751454274709172,4011,0.20222355769230768,0.015424679487179488,0.003714710252600297,0.06392304831909401,0.0818773568320628
2,5,38,/home/test/bupt_hjk/sdp_dataset/elderAL/action1_walk_new/user0_position7_activity1/20250813=121246_mimo5s_part0.csv,0,7,1,4,6144,1001,51,12,4,2,803454.5584973362,1529465.8948280865,721665.4659858871,1028885.3189784144,345696.4871887646,0.738568389556602,0.25083531728511993,3072,807,0.2626953125,1.6123876123876122,3.6792894999999994,3.8537649999999997,0.9547259627922304,1001,0.16292317708333334,0.00830078125,0.011988011988011988,0.4718414895201066,0.335991272119626
2,5,39,/home/test/bupt_hjk/sdp_dataset/elderAL/action2_fall_new/user0_position7_activity2/20250814=002612_mimo5s_part0.csv,0,7,2,7,10752,1990,213,44,6,4,1474903.562821431,3652640.2237701127,1616300.6128521618,1327473.1298977463,697086.0701553936,0.7801660801022899,0.23622194530291457,3072,568,0.18489583333333334,0.9989949748743719,2.1375029999999997,2.4790433999999997,0.5993867335922493,1914,0.18508184523809523,0.019810267857142856,0.022110552763819097,0.44250200234171416,0.5251225463291218
2,5,40,/home/test/bupt_hjk/sdp_dataset/elderAL/action3_sleep_new/user0_position7_activity3/20250813=192754_mimo5s_part0.csv,0,7,3,7,10752,3014,132,0,5,4,1728861.0423753872,3479226.4241862595,1015286.629758511,1304843.13211726,494117.18949633243,0.6697260985367616,0.3198789443720588,3072,735,0.2392578125,0.8535169210351693,1.917174,3.346483,0.5085168173290622,2988,0.28031994047619047,0.012276785714285714,0.0,0.2918138994060933,0.3786793809418069
2,5,41,/home/test/bupt_hjk/sdp_dataset/elderAL/action5_drink_new/user0_position7_activity5/20250813=163219_mimo5s_part0.csv,0,7,5,4,6144,2043,82,64,3,2,1871298.7442396437,2287123.7750407504,415347.6317268653,1027990.6117490318,206101.2669722531,0.4154764791124571,0.5614625109050216,3072,994,0.3235677083333333,0.9730788056779246,2.6617414999999998,2.747651,0.9687334745205995,2043,0.33251953125,0.013346354166666666,0.03132648066568772,0.1816026033481572,0.2004894447640827
2,5,42,/home/test/bupt_hjk/sdp_dataset/elderAL/action6_sit_TV_new/user0_position7_activity6/20250813=175816_mimo5s_part0.csv,0,7,6,8,12288,2679,91,44,8,7,2281103.1775540593,4252826.671031602,2238116.2589101214,1372377.8111013651,802824.9025303993,0.6122334729557712,0.3742767240848794,3072,845,0.2750651041666667,1.261664800298619,1.3621885,1.7796969999999999,0.48016305660099357,2214,0.218017578125,0.007405598958333333,0.016424038820455393,0.5262655715915233,0.5849882561756908
2,5,43,/home/test/bupt_hjk/sdp_dataset/elderAL/action0_static_new/user0_position8_activity0/20250813=210228_mimo5s_part0.csv,0,8,0,14,21504,5404,276,37,13,7,3216650.5627967967,4919373.382443109,312251.02785140235,1236262.3947480323,59288.46637859964,0.6728397738991678,0.33309340987177855,3072,1034,0.3365885416666667,1.339378238341969,1.1122169999999998,2.1374383,0.24552831601099626,5377,0.2513020833333333,0.012834821428571428,0.006846780162842339,0.06347374016491693,0.04795783373373859
2,5,44,/home/test/bupt_hjk/sdp_dataset/elderAL/action1_walk_new/user0_position8_activity1/20250813=122031_mimo5s_part0.csv,0,8,1,3,4608,669,36,9,3,3,92369.342214412,241984.12394385846,144283.60474239365,167046.70092573785,84198.47199461618,0.991730348130529,0.04112508777771551,3072,594,0.193359375,1.3318385650224216,1.958014,1.958014,1.0,669,0.14518229166666666,0.0078125,0.013452914798206279,0.596252359001321,0.5040415137084772
2,5,45,/home/test/bupt_hjk/sdp_dataset/elderAL/action2_fall_new/user0_position8_activity2/20250814=004004_mimo5s_part0.csv,0,8,2,4,6144,1515,132,39,4,2,1011498.5421046963,1423872.1348576902,410300.80618804495,1041856.0565809781,217514.75138533866,0.7159202272688291,0.32137717557781054,3072,1117,0.3636067708333333,1.4745874587458745,2.4551494999999997,2.9724139999999997,0.8259783125769156,1515,0.24658203125,0.021484375,0.02574257425742574,0.28815846320993754,0.20877620282704798
2,5,46,/home/test/bupt_hjk/sdp_dataset/elderAL/action3_sleep_new/user0_position8_activity3/20250813=193657_mimo5s_part0.csv,0,8,3,11,16896,2854,223,6,11,9,1764434.5123290764,3217403.8734988663,681992.5479000607,1194336.9784996624,206086.6646167611,0.7759079495271594,0.2317941180520147,3072,1283,0.4176432291666667,2.4724947442186407,1.624866,2.038304,0.40710337470178787,2793,0.1689157196969697,0.013198390151515152,0.002102312543798178,0.21196982869247513,0.1725531975704622
2,5,47,/home/test/bupt_hjk/sdp_dataset/elderAL/action5_drink_new/user0_position8_activity5/20250813=163529_mimo5s_part0.csv,0,8,5,7,10752,2642,141,39,6,4,2031284.0219446826,3552312.0501449974,634924.2993004362,1360952.9558444116,222976.469631459,0.6303615425507393,0.3530832649001999,3072,1039,0.3382161458333333,1.3764193792581376,2.173586,2.6800654000000006,0.5774000202420707,2628,0.2457217261904762,0.013113839285714286,0.014761544284632853,0.17873550812477748,0.16383848440456333
2,5,48,/home/test/bupt_hjk/sdp_dataset/elderAL/action6_sit_TV_new/user0_position8_activity6/20250813=180037_mimo5s_part0.csv,0,8,6,8,12288,3040,72,15,7,6,2652361.650080538,4239998.502531269,1599815.1051574321,1512490.648673986,676520.4079055605,0.620605538815423,0.38717875675279395,3072,828,0.26953125,1.0894736842105264,1.7426529999999998,2.2003570999999997,0.4629215769456871,2454,0.24739583333333334,0.005859375,0.004934210526315789,0.3773150165506772,0.44728898555417307
2,5,49,/home/test/bupt_hjk/sdp_dataset/elderAL/action0_static_new/user0_position9_activity0/20250813=210525_mimo5s_part0.csv,0,9,0,11,16896,3014,160,27,10,8,1891085.2747660058,3314083.319817865,570866.6132496241,1257081.7693931947,163006.92874279947,0.7628931076872256,0.23964761291324058,3072,1335,0.4345703125,2.436131386861314,2.1003309999999997,3.19045,0.38043051426824304,2989,0.17838541666666666,0.00946969696969697,0.008958195089581952,0.1722547558885749,0.12967090344606974
2,5,50,/home/test/bupt_hjk/sdp_dataset/elderAL/action1_walk_new/user0_position9_activity1/20250813=122658_mimo5s_part0.csv,0,9,1,4,6144,1868,78,66,3,2,1771569.6321176253,2307443.77984453,534750.1231922952,1052626.801563671,258292.90739379823,0.465479430863751,0.5154783156944965,3072,930,0.302734375,0.9957173447537474,3.124164,3.207375,0.9740563544954987,1868,0.3040364583333333,0.0126953125,0.035331905781584586,0.23175001179371113,0.2453793756819659
2,5,51,/home/test/bupt_hjk/sdp_dataset/elderAL/action2_fall_new/user0_position9_activity2/20250814=004905_mimo5s_part0.csv,0,9,2,8,12288,2277,233,92,8,7,1806379.9106367629,4355611.717558198,2478019.00537763,1346127.8038846424,776801.0924675703,0.767207408469678,0.26359182080999716,3072,579,0.1884765625,1.0171277997364954,2.4244000000000003,3.2332704999999997,0.49874562718126647,1953,0.185302734375,0.018961588541666668,0.04040404040404041,0.5689255989895338,0.5770634038060022
2,5,52,/home/test/bupt_hjk/sdp_dataset/elderAL/action3_sleep_new/user0_position9_activity3/20250813=194425_mimo5s_part0.csv,0,9,3,15,23040,4662,125,18,14,12,3726282.2420574278,5295616.062385585,1405903.4871977174,1356581.6648616442,385087.025685083,0.6529179334793505,0.32528768335068897,3072,1133,0.3688151041666667,1.8227155727155728,1.546177,2.6445141999999993,0.2531229521038478,3865,0.20234375,0.005425347222222222,0.003861003861003861,0.26548440646665417,0.28386571605650995
2,5,53,/home/test/bupt_hjk/sdp_dataset/elderAL/action5_drink_new/user0_position9_activity5/20250813=164600_mimo5s_part0.csv,0,9,5,7,10752,2581,34,7,7,4,2140321.714177099,3642990.3440052588,710351.1748763185,1411370.5726097638,247431.90628635522,0.6405000515891617,0.3539974672610343,3072,1142,0.3717447916666667,1.5486245641224334,2.236426,3.4685746,0.5072067011105393,2465,0.24004836309523808,0.003162202380952381,0.0027121270825261525,0.19499123187225587,0.1753132104978136
2,5,54,/home/test/bupt_hjk/sdp_dataset/elderAL/action6_sit_TV_new/user0_position9_activity6/20250813=181137_mimo5s_part0.csv,0,9,6,15,23040,5477,304,66,14,8,4497276.17493999,7440528.420581382,2105683.7257706653,1422191.1835403405,591628.447792019,0.6212082877259004,0.37360296586353,3072,897,0.2919921875,1.2283184224940662,1.0984939999999996,2.4132508,0.20886680062609037,4692,0.23771701388888888,0.013194444444444444,0.012050392550666424,0.2830019061476998,0.41599783112087996
2,5,55,/home/test/bupt_hjk/sdp_dataset/elderAL/action0_static_new/user1_position1_activity0/20250813=210706_mimo5s_part0.csv,1,1,0,21,32256,7350,328,40,19,12,4923007.0818530265,8069785.393436847,552043.5065767113,1547959.6392557884,89386.7280278466,0.6872528749432771,0.302114809537862,6144,2457,0.39990234375,1.755,0.7261820000000001,1.8304709999999997,0.1349283340359864,7089,0.22786458333333334,0.010168650793650794,0.005442176870748299,0.06840869733979395,0.057744869931376896
2,5,56,/home/test/bupt_hjk/sdp_dataset/elderAL/action1_walk_new/user1_position1_activity1/20250813=145841_mimo5s_part0.csv,1,1,1,3,4608,520,18,6,3,3,81290.93039539127,278992.16578507423,194743.55893324595,188734.72774750972,116085.57627492274,0.9872145470012325,0.04153016173188243,3072,400,0.13020833333333334,1.153846153846154,1.475441,1.475441,1.0,520,0.11284722222222222,0.00390625,0.011538461538461539,0.6980251878587499,0.6150726877897247
2,5,57,/home/test/bupt_hjk/sdp_dataset/elderAL/action2_fall_new/user1_position1_activity2/20250813=225433_mimo5s_part0.csv,1,1,2,4,6144,2123,12,0,4,2,1688502.3177152066,2014186.7879160228,325050.8646155433,971139.5490628278,174981.9543091629,0.48985197821377363,0.5380263023951936,3072,1065,0.3466796875,1.0032972209138014,3.6126315,3.8375239999999997,0.9413964577159648,2123,0.3455403645833333,0.001953125,0.0,0.1613806954576725,0.18018209069749505
2,5,58,/home/test/bupt_hjk/sdp_dataset/elderAL/action3_sleep_new/user1_position1_activity3/20250813=182408_mimo5s_part0.csv,1,1,3,15,23040,4340,243,30,15,11,3339940.6843456635,6640194.294430764,2502666.036888678,1320615.931213105,670001.0480748976,0.7085627962640685,0.27859393977996405,3072,1058,0.3444010416666667,1.828341013824885,1.0075349999999998,2.8331775999999995,0.20492352601034972,3926,0.18836805555555555,0.010546875,0.0069124423963133645,0.3768965072283658,0.507339819427622
2,5,59,/home/test/bupt_hjk/sdp_dataset/elderAL/action5_drink_new/user1_position1_activity5/20250813=154717_mimo5s_part0.csv,1,1,5,4,6144,2182,88,44,3,2,1694748.1335377651,1913089.6322513265,218236.0606005193,985416.2635612013,111494.70261003874,0.438505388116111,0.5755055265847847,3072,1022,0.3326822916666667,0.9367552703941339,1.047129,1.157062,0.9049895338365619,2182,0.3551432291666667,0.014322916666666666,0.02016498625114574,0.1140751885962075,0.11314477620564879
2,5,60,/home/test/bupt_hjk/sdp_dataset/elderAL/action6_sit_TV_new/user1_position1_activity6/20250813=165726_mimo5s_part0.csv,1,1,6,15,23040,5274,294,42,15,10,4512414.200423566,7880946.453237974,2698699.3293690565,1483548.778077808,715526.3222300145,0.6179914562065854,0.3616562537842179,3072,861,0.2802734375,1.2244027303754266,1.255399,1.8140804,0.2559660902769509,4687,0.22890625,0.012760416666666666,0.007963594994311717,0.34243340509695586,0.48230724382187257
2,5,61,/home/test/bupt_hjk/sdp_dataset/elderAL/action0_static_new/user1_position2_activity0/20250813=210823_mimo5s_part0.csv,1,2,0,14,21504,4725,202,44,13,9,3511950.7923774673,5388056.111851458,661916.5998908791,1558364.21828335,220523.6815477154,0.6925210591032984,0.2957061770113754,3072,1461,0.4755859375,2.1644444444444444,0.9421504999999999,2.8214398000000016,0.20823237407766354,3546,0.2197265625,0.00939360119047619,0.009312169312169312,0.12284886908192008,0.1415097183061852
2,5,62,/home/test/bupt_hjk/sdp_dataset/elderAL/action1_walk_new/user1_position2_activity1/20250813=150205_mimo5s_part0.csv,1,2,1,11,16896,3964,117,66,11,8,2954997.622249156,4803587.741296687,999283.6647766035,1414988.1984716447,230901.40082939845,0.6341608149395875,0.35302801874076567,3072,1259,0.4098307291666667,1.7468466195761858,2.0973680000000003,4.077966,0.30513917258797585,3946,0.23461174242424243,0.006924715909090909,0.016649848637739658,0.20802860665700162,0.1631825629915496
2,5,63,/home/test/bupt_hjk/sdp_dataset/elderAL/action2_fall_new/user1_position2_activity2/20250813=231944_mimo5s_part0.csv,1,2,2,4,6144,1333,12,0,4,3,977080.6832392896,1375784.028948062,394192.93542827864,1062307.4146269613,174610.322648263,0.6997221881699706,0.3193147233739584,3072,1108,0.3606770833333333,1.6624156039009752,2.5478525,2.551935,0.9984002335482682,1333,0.21695963541666666,0.001953125,0.0,0.28652239532805335,0.1643689201864217
2,5,64,/home/test/bupt_hjk/sdp_dataset/elderAL/action3_sleep_new/user1_position2_activity3/20250813=183933_mimo5s_part0.csv,1,2,3,15,23040,5745,334,114,14,10,4830046.793827135,7692616.0128400605,1843741.6698354147,1509503.869344834,500525.46590598923,0.6207697678859496,0.38017016586679503,3072,921,0.2998046875,1.202349869451697,0.9009349999999999,1.8285297999999996,0.19505367935451412,5033,0.24934895833333334,0.014496527777777778,0.019843342036553524,0.2396768104319714,0.33158276442393686
2,5,65,/home/test/bupt_hjk/sdp_dataset/elderAL/action5_drink_new/user1_position2_activity5/20250813=155810_mimo5s_part0.csv,1,2,5,7,10752,2118,81,3,6,4,993516.0937570315,2338513.650940567,476608.1847336309,958327.644216887,187540.25343190337,0.8121166182504339,0.19767589534778285,3072,1902,0.619140625,3.1430594900849855,1.6908159999999999,2.2228984,0.6426819974343136,1556,0.19698660714285715,0.007533482142857143,0.00141643059490085,0.20380816872372573,0.19569533923354046
2,5,66,/home/test/bupt_hjk/sdp_dataset/elderAL/action6_sit_TV_new/user1_position2_activity6/20250813=171104_mimo5s_part0.csv,1,2,6,7,10752,1726,187,40,7,5,1176232.4835954872,1983436.1967904537,768996.4613097201,1141133.8887084136,261188.30369301134,0.7772802101033675,0.21511168693838376,3072,1272,0.4140625,2.5793742757821554,1.6248799999999999,2.3974024000000007,0.507841178053515,1714,0.1605282738095238,0.017392113095238096,0.023174971031286212,0.38770920010136484,0.22888488921193634
2,5,67,/home/test/bupt_hjk/sdp_dataset/elderAL/action0_static_new/user1_position3_activity0/20250813=211253_mimo5s_part0.csv,1,3,0,15,23040,5390,370,76,14,10,3543777.1100709415,6397275.853659583,1612141.8703384507,1414646.7529617606,665682.5230521503,0.6870332492569007,0.3128281738108057,3072,1503,0.4892578125,2.0913729128014844,0.6270779999999998,1.9230755999999998,0.19963789490037967,4298,0.2339409722222222,0.016059027777777776,0.014100185528756958,0.2520044323891738,0.47056448661720734
2,5,68,/home/test/bupt_hjk/sdp_dataset/elderAL/action1_walk_new/user1_position3_activity1/20250813=150317_mimo5s_part0.csv,1,3,1,4,6144,1559,12,3,4,2,1381752.2205046918,2268108.4326942605,880716.1748238953,1112914.7910193736,441219.6268121678,0.5694209441004061,0.42122324408695344,3072,773,0.2516276041666667,0.9916613213598462,4.775103,4.839518,0.9866897901815841,1559,0.2537434895833333,0.001953125,0.001924310455420141,0.3883042636447952,0.3964540954730532
2,5,69,/home/test/bupt_hjk/sdp_dataset/elderAL/action2_fall_new/user1_position3_activity2/20250813=233702_mimo5s_part0.csv,1,3,2,4,6144,1590,42,12,3,2,1083103.1997762434,1150464.880372336,67335.82297411535,1095516.4572571018,32055.540449991167,0.6716065354929611,0.3515998203261785,3072,1422,0.462890625,1.788679245283019,0.570454,0.592693,0.9624780451262289,1590,0.2587890625,0.0068359375,0.007547169811320755,0.058529229464460326,0.029260665358008583
2,5,70,/home/test/bupt_hjk/sdp_dataset/elderAL/action3_sleep_new/user1_position3_activity3/20250813=184322_mimo5s_part0.csv,1,3,3,14,21504,3579,237,42,14,9,1996373.4380660197,3814162.6046320256,1002681.5632833284,1348219.4563416825,265167.15479850426,0.8060187211691398,0.18611747445275884,3072,1262,0.4108072916666667,2.4682872310701316,0.7347980000000001,3.6432025000000006,0.14646615552204623,3545,0.16643415178571427,0.011021205357142858,0.01173512154233026,0.2628838010381739,0.19667951945896137
2,5,71,/home/test/bupt_hjk/sdp_dataset/elderAL/action5_drink_new/user1_position3_activity5/20250813=160324_mimo5s_part0.csv,1,3,5,7,10752,3234,87,30,5,3,2078781.2265758337,3310611.676205814,377302.46984643897,1311951.022068079,190745.37379502406,0.6414085443170452,0.37010521109660055,3072,1194,0.388671875,1.2922077922077921,1.5706439999999997,2.2445852000000004,0.5531100741321404,3232,0.30078125,0.008091517857142858,0.00927643784786642,0.11396760077849216,0.14539062098091493
2,5,72,/home/test/bupt_hjk/sdp_dataset/elderAL/action6_sit_TV_new/user1_position3_activity6/20250813=171958_mimo5s_part0.csv,1,3,6,11,16896,3433,198,39,11,8,2114807.797707078,3774575.7014340553,719878.899991049,1366196.2631039433,191925.19728683023,0.7615906427519871,0.24472151741904397,3072,1317,0.4287109375,2.1099621322458493,1.7756779999999999,2.096022,0.3642051084516855,3382,0.2031841856060606,0.01171875,0.011360326245266531,0.19071783345543952,0.14048142457276516
2,5,73,/home/test/bupt_hjk/sdp_dataset/elderAL/action0_static_new/user1_position4_activity0/20250813=211532_mimo5s_part0.csv,1,4,0,11,16896,4219,115,34,11,8,2432663.5218540677,3320392.288871688,199279.89598201634,1137810.8420941413,49468.223810095966,0.6697328380073346,0.33121065448060816,3072,1105,0.3597005208333333,1.4405072292012324,1.95295,2.762364,0.37676258699956383,4181,0.24970407196969696,0.006806344696969697,0.008058781701825076,0.0600169734913263,0.04347666763224868
2,5,74,/home/test/bupt_hjk/sdp_dataset/elderAL/action1_walk_new/user1_position4_activity1/20250813=115613_mimo5s_part0.csv,1,4,1,7,10752,1616,59,3,7,6,1242704.325498849,3450861.636918922,1764807.229862652,1205438.715452032,578911.9137373079,0.7524739583592852,0.23773467899191367,3072,676,0.22005208333333334,1.4641089108910892,2.355877,2.5529444000000003,0.5614385492966877,1584,0.15029761904761904,0.00548735119047619,0.0018564356435643563,0.5114106027845116,0.4802499756449415
2,5,75,/home/test/bupt_hjk/sdp_dataset/elderAL/action2_fall_new/user1_position4_activity2/20250813=234222_mimo5s_part0.csv,1,4,2,4,6144,1848,24,6,4,2,1218142.5569595373,1451655.2966878477,232995.9412534251,1120560.765367779,112131.21197843409,0.6574685048997044,0.3818098001743724,3072,1302,0.423828125,1.4090909090909092,2.4867619999999997,2.6810929999999997,0.9275179935944035,1848,0.30078125,0.00390625,0.003246753246753247,0.16050362767596243,0.10006705164412172
2,5,76,/home/test/bupt_hjk/sdp_dataset/elderAL/action3_sleep_new/user1_position4_activity3/20250813=185916_mimo5s_part0.csv,1,4,3,12,18432,3726,185,71,12,10,2890343.6477123443,4923646.7565481365,2064743.421778975,1309723.294006902,598653.53231756,0.6755163018183212,0.31512780768477955,3072,960,0.3125,1.5458937198067633,1.2749599999999999,2.7657946,0.25651683869594416,3071,0.2021484375,0.010036892361111112,0.0190552871712292,0.419352468580935,0.4570839772468804
2,5,77,/home/test/bupt_hjk/sdp_dataset/elderAL/action5_drink_new/user1_position4_activity5/20250813=161217_mimo5s_part0.csv,1,4,5,7,10752,2441,105,33,5,4,1912998.2621996023,3101113.4284860278,411005.899576638,1325430.8280198495,168386.73084629042,0.6112454858032178,0.35471851693091805,3072,1121,0.3649088541666667,1.6073330602212208,2.434511,3.5186986000000005,0.5158116915517228,2340,0.22702752976190477,0.009765625,0.013519049569848422,0.132534945610581,0.12704301672072524
2,5,78,/home/test/bupt_hjk/sdp_dataset/elderAL/action6_sit_TV_new/user1_position4_activity6/20250813=173134_mimo5s_part0.csv,1,4,6,7,10752,1205,162,33,7,5,568861.4163557617,1673422.4945662948,1039050.2819780298,997846.5635497493,555418.0620372514,0.8856340357566123,0.11362634056071132,3072,626,0.20377604166666666,1.8182572614107884,3.1504549999999996,3.1840208,0.6304897217000031,1202,0.11207217261904762,0.015066964285714286,0.027385892116182572,0.620913299153017,0.5566167007294204
2,5,79,/home/test/bupt_hjk/sdp_dataset/elderAL/action0_static_new/user1_position5_activity0/20250813=211700_mimo5s_part0.csv,1,5,0,18,27648,5453,196,25,17,12,3339700.348369333,5061436.376843732,399477.3201629444,1332003.1505970513,79253.97792956309,0.7313366180842191,0.2619809793344677,3072,1066,0.3470052083333333,1.7593984962406015,0.6212225,1.2590106,0.16930438910909656,5423,0.19722945601851852,0.007089120370370371,0.0045846323124885385,0.07892568243879715,0.05949984269484545
2,5,80,/home/test/bupt_hjk/sdp_dataset/elderAL/action1_walk_new/user1_position5_activity1/20250813=120417_mimo5s_part0.csv,1,5,1,4,6144,1624,78,66,3,2,1384773.7131203779,2053424.5120111336,666222.6411085643,915952.6466172535,309910.673517896,0.558812385082522,0.4451957937487957,3072,910,0.2962239583333333,1.1206896551724137,5.067204,5.41195,0.9362991158454901,1624,0.2643229166666667,0.0126953125,0.04064039408866995,0.3244446714313655,0.3383479207821946
2,5,81,/home/test/bupt_hjk/sdp_dataset/elderAL/action2_fall_new/user1_position5_activity2/20250813=235902_mimo5s_part0.csv,1,5,2,4,6144,1493,12,0,3,2,1042636.3589608178,1350057.0266469507,306919.6218481058,1095483.9731599751,140698.33009964292,0.7040939287252781,0.32811762554649215,3072,1243,0.4046223958333333,1.6651038178164768,2.7749604999999997,2.812493,0.9866550778970827,1493,0.24300130208333334,0.001953125,0.0,0.22733826482158476,0.12843485942910873
2,5,82,/home/test/bupt_hjk/sdp_dataset/elderAL/action3_sleep_new/user1_position5_activity3/20250813=190225_mimo5s_part0.csv,1,5,3,11,16896,3550,119,45,11,7,2588530.0122581627,4630656.802553625,1400066.783042109,1351089.9937980422,405644.521176271,0.6722830110992752,0.31775473578833807,3072,889,0.2893880208333333,1.3773239436619718,1.3634790000000003,2.437184,0.32330698702412863,3479,0.21010890151515152,0.007043087121212121,0.01267605633802817,0.30234734352803416,0.30023501249977125
2,5,83,/home/test/bupt_hjk/sdp_dataset/elderAL/action5_drink_new/user1_position5_activity5/20250813=161459_mimo5s_part0.csv,1,5,5,4,6144,1411,16,0,3,2,1287169.1357738855,2310198.245210262,1018506.5690331163,1022810.3126869746,475053.93465406704,0.5785297953628346,0.3952526894228031,3072,733,0.23860677083333334,1.0389794472005671,2.9550535,3.132295,0.9434148124617892,1411,0.22965494791666666,0.0026041666666666665,0.0,0.4408740986384124,0.4644594689371837
2,5,84,/home/test/bupt_hjk/sdp_dataset/elderAL/action6_sit_TV_new/user1_position5_activity6/20250813=174220_mimo5s_part0.csv,1,5,6,12,18432,3063,204,31,12,11,2260359.552382085,4296797.431297169,1751285.4222771863,1260674.0207818183,572718.0503210265,0.7339073158248425,0.25967320640783165,3072,713,0.23209635416666666,1.396669931439765,1.8827654999999996,2.5052779999999997,0.3679776746738653,2573,0.16617838541666666,0.011067708333333334,0.010120796604635978,0.407579237857738,0.45429511585068616
2,5,85,/home/test/bupt_hjk/sdp_dataset/elderAL/action0_static_new/user1_position6_activity0/20250813=211901_mimo5s_part0.csv,1,6,0,21,32256,5303,482,88,21,15,2730807.1417886326,5649311.0041610375,1036325.5796966923,1163509.4070011135,125832.57811838137,0.8139030947006262,0.19518601313639913,4608,1456,0.3159722222222222,1.9219309824627568,0.362456,1.95689,0.08251217116900135,5191,0.16440352182539683,0.01494295634920635,0.016594380539317367,0.18344282673292014,0.1081491712582784
2,5,86,/home/test/bupt_hjk/sdp_dataset/elderAL/action1_walk_new/user1_position6_activity1/20250813=150558_mimo5s_part0.csv,1,6,1,12,18432,2405,189,49,12,10,1572895.9371026116,5831540.568274444,4032763.8455610615,1219008.576549938,912050.0542025917,0.8435708669182967,0.1722020042883832,3072,449,0.14615885416666666,1.1201663201663201,1.540649,2.8075404,0.30750875531776023,2256,0.13047960069444445,0.01025390625,0.020374220374220375,0.6915434778076762,0.7481900224064819
2,5,87,/home/test/bupt_hjk/sdp_dataset/elderAL/action2_fall_new/user1_position6_activity2/20250814=001238_mimo5s_part0.csv,1,6,2,10,15360,3628,198,40,7,4,1548618.6751860613,3483802.993303364,562679.3069451656,995008.423861918,209240.6722855172,0.8207495109518567,0.21665503304226225,3072,1306,0.4251302083333333,1.7998897464167585,0.936107,1.1164002,0.39803801593926025,3618,0.23619791666666667,0.012890625,0.011025358324145534,0.16151295237611285,0.21029035259158219
2,5,88,/home/test/bupt_hjk/sdp_dataset/elderAL/action3_sleep_new/user1_position6_activity3/20250813=191539_mimo5s_part0.csv,1,6,3,11,16896,2622,97,31,9,7,2290405.474469497,4945064.935396319,2319113.6066470947,1423922.463932749,805568.1561783041,0.7173933630881828,0.2612270813045088,3072,838,0.2727864583333333,1.7578184591914567,1.870279,2.397464,0.36007640952254255,2588,0.1551846590909091,0.005741003787878788,0.011823035850495805,0.46897535966557147,0.5657387790297201
2,5,89,/home/test/bupt_hjk/sdp_dataset/elderAL/action5_drink_new/user1_position6_activity5/20250813=162230_mimo5s_part0.csv,1,6,5,3,4608,577,90,27,3,3,154771.02283846354,470972.0244248481,305764.0139988266,316904.99667720706,176455.9471794987,0.9694735761414388,0.07335134715609212,3072,466,0.15169270833333334,1.2114384748700173,1.8520379999999999,1.8520379999999999,1.0,577,0.1252170138888889,0.01953125,0.04679376083188908,0.6492190579094931,0.5568102397553331
2,5,90,/home/test/bupt_hjk/sdp_dataset/elderAL/action6_sit_TV_new/user1_position6_activity6/20250813=174415_mimo5s_part0.csv,1,6,6,11,16896,2582,229,50,11,11,1675344.606152969,3957050.9411685364,2190507.651155889,1235616.5938535896,662586.881158653,0.7492608180557498,0.2261730411563681,3072,693,0.2255859375,1.4761812548412083,1.6464690000000002,2.691419,0.3156785827269852,2185,0.15281723484848486,0.013553503787878788,0.019364833462432222,0.5535707484496072,0.5362398695959598
2,5,91,/home/test/bupt_hjk/sdp_dataset/elderAL/action0_static_new/user1_position7_activity0/20250813=212115_mimo5s_part0.csv,1,7,0,18,27648,4599,499,67,18,13,2627094.7510543475,4666621.572491879,519019.2509275123,1114884.0546506876,104604.01568366794,0.8102245188953465,0.19772560083050889,3072,1458,0.474609375,2.8532289628180036,0.8630655,1.5619782,0.20260362283185976,4501,0.16634114583333334,0.01804832175925926,0.01456838443139813,0.11121948563109368,0.09382501727181145
2,5,92,/home/test/bupt_hjk/sdp_dataset/elderAL/action1_walk_new/user1_position7_activity1/20250813=121435_mimo5s_part0.csv,1,7,1,3,4608,573,9,0,3,3,158617.48459816736,612474.6728947695,409352.23520995816,354733.24754851696,211633.44218289555,0.972945508155938,0.07161943478025888,3072,403,0.13118489583333334,1.0549738219895288,2.5727729999999998,2.5727729999999998,1.0,573,0.12434895833333333,0.001953125,0.0,0.6683578167815762,0.5965988348863477
2,5,93,/home/test/bupt_hjk/sdp_dataset/elderAL/action2_fall_new/user1_position7_activity2/20250814=001943_mimo5s_part0.csv,1,7,2,4,6144,1183,90,60,3,3,1047708.744785092,1647379.9753485257,595145.201711791,1207215.0377601706,267284.2378720689,0.699865024029257,0.3069937527086141,3072,1091,0.3551432291666667,1.8444632290786138,1.6157110000000001,1.772084,0.9117575690542887,1183,0.19254557291666666,0.0146484375,0.0507185122569738,0.36126771638454563,0.22140565641725254
2,5,94,/home/test/bupt_hjk/sdp_dataset/elderAL/action3_sleep_new/user1_position7_activity3/20250813=192335_mimo5s_part0.csv,1,7,3,17,26112,3321,468,39,17,14,1953586.1185991599,4445685.46753349,1606557.6888670393,1292625.5789991922,347899.07698123157,0.8554152617046566,0.15304523186377214,3072,1195,0.3889973958333333,3.0585666967780782,0.7453450000000004,2.1698058,0.1657302608787688,3243,0.12718290441176472,0.017922794117647058,0.011743450767841012,0.36137457330249984,0.26914141467832503
2,5,95,/home/test/bupt_hjk/sdp_dataset/elderAL/action5_drink_new/user1_position7_activity5/20250813=162920_mimo5s_part0.csv,1,7,5,4,6144,1933,16,0,4,2,1798018.1300839302,2292415.895857364,489041.00334759196,1018516.8998444942,249127.0414865683,0.42568277062767745,0.5588002498293978,3072,968,0.3151041666666667,1.001551991722711,2.8796844999999998,2.98831,0.9636498556040036,1933,0.3146158854166667,0.0026041666666666665,0.0,0.21332996522635372,0.24459784763964615
2,5,96,/home/test/bupt_hjk/sdp_dataset/elderAL/action6_sit_TV_new/user1_position7_activity6/20250813=175338_mimo5s_part0.csv,1,7,6,18,27648,5517,247,59,17,12,3995578.1410580515,8254493.079722125,2955104.8393388554,1382019.653822905,702132.5206696009,0.6999310841367373,0.30647285044325223,3072,853,0.2776692708333333,1.3915171288743882,0.9710704999999996,1.698237,0.18317439879396616,4846,0.19954427083333334,0.008933738425925927,0.010694217872031902,0.3579995537943239,0.508048144414865
2,5,97,/home/test/bupt_hjk/sdp_dataset/elderAL/action0_static_new/user1_position8_activity0/20250813=212306_mimo5s_part0.csv,1,8,0,15,23040,4983,148,42,13,11,2717797.7122032344,4827706.643126344,272384.8362488961,1201422.989090744,60239.16383828877,0.7350803005317553,0.2709464298200209,3072,1701,0.5537109375,2.560204695966285,1.3038439999999998,2.2503893999999995,0.26110646287779354,4641,0.21627604166666667,0.006423611111111111,0.008428657435279952,0.05642116565568783,0.05013984615350063
2,5,98,/home/test/bupt_hjk/sdp_dataset/elderAL/action1_walk_new/user1_position8_activity1/20250813=122213_mimo5s_part0.csv,1,8,1,7,10752,1858,105,33,7,5,1054442.6172331958,1557839.6007127927,475703.1704697683,1044074.5631975475,155755.8431520232,0.8195854773811748,0.1864074852821334,3072,1379,0.4488932291666667,2.597685683530678,2.741384,3.5768506,0.7336538013786799,1845,0.17280505952380953,0.009765625,0.01776103336921421,0.3053608152290578,0.1491807660508562
2,5,99,/home/test/bupt_hjk/sdp_dataset/elderAL/action2_fall_new/user1_position8_activity2/20250814=003638_mimo5s_part0.csv,1,8,2,4,6144,2059,88,44,3,2,1756482.4448927527,2158225.528193304,401576.09890248824,1046234.6364317382,210033.94003964844,0.4966148384809338,0.5173104200663138,3072,1037,0.3375651041666667,1.0072850898494414,1.302557,1.449684,0.8985109858424318,2059,0.3351236979166667,0.014322916666666666,0.021369596891694997,0.18606771797322594,0.2007522335104341
2,5,100,/home/test/bupt_hjk/sdp_dataset/elderAL/action3_sleep_new/user1_position8_activity3/20250813=194048_mimo5s_part0.csv,1,8,3,22,33792,6123,537,81,21,16,4434830.664327758,8042703.586407056,1837066.5862753422,1336526.641679104,443991.44360570045,0.713500059690707,0.27664011685926204,6144,2065,0.3361002604166667,1.8548913931079538,0.5822620000000001,1.5202886999999998,0.1318691423054441,5802,0.18119673295454544,0.015891335227272728,0.013228809407153356,0.22841406083647814,0.33219797478028984
2,5,101,/home/test/bupt_hjk/sdp_dataset/elderAL/action5_drink_new/user1_position8_activity5/20250813=163618_mimo5s_part0.csv,1,8,5,7,10752,1822,147,27,7,5,1116007.9176599688,2092866.4505259194,933262.1256311946,1218506.3371458214,400005.39147559524,0.8323751398269688,0.18686876273041672,3072,1019,0.3317057291666667,1.957464324917673,1.891449,2.961275,0.5387630760028199,1817,0.16945684523809523,0.013671875,0.014818880351262349,0.44592531233738003,0.328275183543609
2,5,102,/home/test/bupt_hjk/sdp_dataset/elderAL/action6_sit_TV_new/user1_position8_activity6/20250813=180307_mimo5s_part0.csv,1,8,6,8,12288,3000,147,16,8,5,2382262.985345526,3795218.4863962885,911471.9203049026,1326568.9835453904,318595.1066724553,0.6019459526645164,0.37921400508446884,3072,981,0.3193359375,1.308,1.7722905,3.128815,0.49347368297953564,2631,0.244140625,0.011962890625,0.005333333333333333,0.2401632273799292,0.24016474877995228
2,5,103,/home/test/bupt_hjk/sdp_dataset/elderAL/action0_static_new/user1_position9_activity0/20250813=212424_mimo5s_part0.csv,1,9,0,11,16896,4217,212,6,9,7,2955836.1386574293,4041040.68539468,211815.38543567946,1391871.3921023258,63463.91804147983,0.6463694834719952,0.3520478900459377,3072,1470,0.478515625,1.9172397438937634,1.276673,2.7858530000000004,0.32107035102707215,4197,0.24958570075757575,0.012547348484848484,0.0014228124258951862,0.052416048717656476,0.04559610780247589
2,5,104,/home/test/bupt_hjk/sdp_dataset/elderAL/action1_walk_new/user1_position9_activity1/20250813=122920_mimo5s_part0.csv,1,9,1,6,9216,1456,60,30,6,5,1209066.034584782,2491542.2084877207,1241616.2822974203,1060681.4055183018,555624.2033906339,0.7492899937794207,0.23696323374085956,3072,853,0.2776692708333333,1.757554945054945,2.7202615,3.5520899999999997,0.7522222990349252,1455,0.1579861111111111,0.006510416666666667,0.020604395604395604,0.49833242963643715,0.5238370357959922
2,5,105,/home/test/bupt_hjk/sdp_dataset/elderAL/action2_fall_new/user1_position9_activity2/20250814=005641_mimo5s_part0.csv,1,9,2,4,6144,2841,98,56,2,2,1933925.7854455248,1957062.2989832032,23136.513537678467,954166.5620091271,11234.47826469586,0.4311475765386666,0.6188653770069201,3072,1350,0.439453125,0.9503695881731784,1.572305,1.574744,0.9984511768262017,2841,0.46240234375,0.015950520833333332,0.019711369236184443,0.011822062869280708,0.011774126983699933
2,5,106,/home/test/bupt_hjk/sdp_dataset/elderAL/action3_sleep_new/user1_position9_activity3/20250813=194226_mimo5s_part0.csv,1,9,3,11,16896,3364,72,6,11,8,2588753.850442972,4769238.120020561,1359145.2090075018,1376926.7323226694,418312.9233917409,0.6811028362050069,0.311839028210545,3072,968,0.3151041666666667,1.582639714625446,1.610363,3.0070099999999997,0.31117500247338026,3339,0.19910037878787878,0.004261363636363636,0.0017835909631391202,0.2849816207125431,0.3038018752719759
2,5,107,/home/test/bupt_hjk/sdp_dataset/elderAL/action5_drink_new/user1_position9_activity5/20250813=164307_mimo5s_part0.csv,1,9,5,9,13824,3244,96,27,8,5,2853432.321050718,4182636.385282971,1337695.329974219,1464417.506418245,468848.02843649726,0.5914827238181956,0.38986800569857444,3072,1173,0.3818359375,1.627157829839704,2.435673,2.9080082,0.49573995152249845,2458,0.23466435185185186,0.006944444444444444,0.008323057953144267,0.3198210905162675,0.3201600816581552
2,5,108,/home/test/bupt_hjk/sdp_dataset/elderAL/action6_sit_TV_new/user1_position9_activity6/20250813=180912_mimo5s_part0.csv,1,9,6,8,12288,3335,114,51,8,5,2622241.233118492,3985210.1666194303,1267616.9913170594,1473950.6243174186,485998.15416606294,0.6205298729206208,0.39458755251898414,3072,1079,0.3512369791666667,1.294152923538231,1.1412244999999999,1.851484,0.4473134333038319,2664,0.2714029947916667,0.00927734375,0.015292353823088457,0.3180803366243422,0.32972485383703204
2,5,109,/home/test/bupt_hjk/sdp_dataset/elderAL/action0_static_new/user2_position1_activity0/20250813=211029_mimo5s_part0.csv,2,1,0,8,12288,3048,74,13,8,7,2423489.085312146,3916158.9154330003,1430865.652132616,1411438.4935409694,564579.8305173684,0.6086579528643515,0.38905123162551347,3072,746,0.24283854166666666,0.979002624671916,1.3857304999999998,2.027742,0.44451795707803154,2357,0.248046875,0.006022135416666667,0.00426509186351706,0.3653747672224912,0.40000314083893906
2,5,110,/home/test/bupt_hjk/sdp_dataset/elderAL/action1_walk_new/user2_position1_activity1/20250813=151001_mimo5s_part0.csv,2,1,1,4,6144,1253,45,3,4,2,878428.3861407117,1310964.1539332634,427524.8134440767,1024968.1137389141,227644.8221571943,0.7047430847219002,0.3012342724283944,3072,1098,0.357421875,1.7525937749401437,2.0382299999999995,2.0433909999999997,0.9974742964024016,1253,0.20393880208333334,0.00732421875,0.0023942537909018356,0.32611480044010455,0.22209941861194457
2,5,111,/home/test/bupt_hjk/sdp_dataset/elderAL/action2_fall_new/user2_position1_activity2/20250813=231223_mimo5s_part0.csv,2,1,2,3,4608,438,108,24,3,3,15951.28065667578,79284.60222163003,60571.745021572526,47905.321296211434,33455.074036397375,0.9995744435395927,0.00803659865828949,3072,352,0.11458333333333333,1.2054794520547945,0.307951,0.307951,1.0,438,0.09505208333333333,0.0234375,0.0547945205479452,0.7639786708174673,0.698358201785887
2,5,112,/home/test/bupt_hjk/sdp_dataset/elderAL/action3_sleep_new/user2_position1_activity3/20250813=183154_mimo5s_part0.csv,2,1,3,8,12288,2916,66,27,8,5,2627366.0126393987,4355961.97763917,1705738.9844327774,1490217.6544690817,626358.2316782204,0.5984376544004771,0.3912968844341409,3072,871,0.2835286458333333,1.194787379972565,2.1326295,2.6119719999999997,0.45993324309915584,2312,0.2373046875,0.00537109375,0.009259259259259259,0.3915872069565786,0.42031325410741593
2,5,113,/home/test/bupt_hjk/sdp_dataset/elderAL/action5_drink_new/user2_position1_activity5/20250813=155213_mimo5s_part0.csv,2,1,5,11,16896,3610,108,69,11,9,2767855.021981912,5036927.20346617,1439514.2845118693,1405868.6448220813,437628.11255100346,0.6692948104832421,0.32258135738472793,3072,911,0.2965494791666667,1.3879501385041553,1.824776,3.1635109999999997,0.2868228264177231,2805,0.21366003787878787,0.006392045454545455,0.019113573407202215,0.28579215588449747,0.311286629915832
2,5,114,/home/test/bupt_hjk/sdp_dataset/elderAL/action6_sit_TV_new/user2_position1_activity6/20250813=170504_mimo5s_part0.csv,2,1,6,4,6144,1045,24,12,4,3,844173.8404942317,1527219.3166390145,672398.683878085,1086957.3852606146,316937.65515634994,0.7556676399230061,0.2590599030934221,3072,920,0.2994791666666667,1.7607655502392348,3.8690435,4.596902,0.8416632549486589,1045,0.17008463541666666,0.00390625,0.011483253588516746,0.4402764400321021,0.29158241109917965
2,5,115,/home/test/bupt_hjk/sdp_dataset/elderAL/action0_static_new/user2_position2_activity0/20250813=212551_mimo5s_part0.csv,2,2,0,20,30720,4237,566,58,20,15,1838269.8179572432,3956760.522396324,312653.9092892937,929142.4566068223,63576.923795674906,0.8637513366105418,0.1391176543986027,3072,1499,0.4879557291666667,3.5378805758791603,0.6391804999999999,0.6992578999999999,0.20353830550464994,4166,0.13792317708333332,0.018424479166666667,0.013688930847297616,0.0790176477751405,0.06842537798547531
2,5,116,/home/test/bupt_hjk/sdp_dataset/elderAL/action1_walk_new/user2_position2_activity1/20250813=151228_mimo5s_part0.csv,2,2,1,7,10752,2001,78,48,7,6,1001300.1470710688,1590729.6918810531,574680.5583577668,1097877.8576424704,246022.25208260881,0.8141550327347628,0.19351043599394036,3072,1169,0.3805338541666667,2.044727636181909,3.37934,4.1520184,0.6750410746835127,1995,0.18610491071428573,0.007254464285714286,0.0239880059970015,0.3612685180209351,0.2240889096815424
2,5,117,/home/test/bupt_hjk/sdp_dataset/elderAL/action2_fall_new/user2_position2_activity2/20250813=231614_mimo5s_part0.csv,2,2,2,8,12288,3898,158,34,8,6,2662701.5374681205,3492866.6680824477,666771.1094823497,1272521.543457536,282277.7938472803,0.5772369931314325,0.44392673913445163,3072,1309,0.4261067708333333,1.3432529502308876,1.5328255,2.8555260999999996,0.4986278852875667,3023,0.3172200520833333,0.012858072916666666,0.008722421754746024,0.19089509358466322,0.22182555202979942
2,5,118,/home/test/bupt_hjk/sdp_dataset/elderAL/action3_sleep_new/user2_position2_activity3/20250813=183536_mimo5s_part0.csv,2,2,3,18,27648,5816,497,54,17,14,3932036.973507882,6389118.639483369,1182907.1848565186,1536066.5344587436,256754.51754848822,0.7375202565031135,0.271088998829655,3072,1143,0.3720703125,1.7687414030261348,0.5850430000000001,2.056212,0.12590079703334967,5023,0.2103587962962963,0.017975983796296297,0.009284731774415406,0.18514403184602155,0.16715064861364196
2,5,119,/home/test/bupt_hjk/sdp_dataset/elderAL/action5_drink_new/user2_position2_activity5/20250813=155604_mimo5s_part0.csv,2,2,5,7,10752,1383,162,42,7,6,749275.8359499428,1824449.528545713,1057524.820369026,1086857.7630812852,467228.0919061073,0.8718710613993066,0.14014113311269427,3072,868,0.2825520833333333,2.1966738973246565,3.192649,3.9589392,0.6315872664497313,1374,0.12862723214285715,0.015066964285714286,0.03036876355748373,0.5796404909112446,0.4298889033846499
2,5,120,/home/test/bupt_hjk/sdp_dataset/elderAL/action6_sit_TV_new/user2_position2_activity6/20250813=170911_mimo5s_part0.csv,2,2,6,4,6144,1419,72,9,3,2,1061193.7020614573,1229216.851695824,167426.1540028287,1101287.2224852047,86109.30098471814,0.6948568113008262,0.32447832197873655,3072,1307,0.4254557291666667,1.8421423537702608,1.9530274999999997,2.0627619999999998,0.9468021516781868,1419,0.23095703125,0.01171875,0.006342494714587738,0.13620554727332942,0.07818968496737914
2,5,121,/home/test/bupt_hjk/sdp_dataset/elderAL/action0_static_new/user2_position3_activity0/20250813=212825_mimo5s_part0.csv,2,3,0,19,29184,4917,446,22,19,16,3428560.7437077686,5869174.203825314,1252234.6588106398,1329613.9761466233,320295.80273354135,0.7556878046473228,0.24111387664668055,3072,1389,0.4521484375,2.683648566198902,0.9799429999999996,1.9750969999999992,0.16925720093103777,4564,0.16848273026315788,0.01528234649122807,0.0044742729306487695,0.21335789590202978,0.24089382969769618
2,5,122,/home/test/bupt_hjk/sdp_dataset/elderAL/action1_walk_new/user2_position3_activity1/20250813=151416_mimo5s_part0.csv,2,3,1,7,10752,2483,57,3,7,4,1936115.765389685,3373611.676736866,564453.3483034048,1361601.0025024794,206517.14199236946,0.6329460075768056,0.35257851414609204,3072,1028,0.3346354166666667,1.4490535642368103,2.06712,2.8544165999999995,0.5229451308842775,2426,0.23093377976190477,0.005301339285714286,0.0012082158679017317,0.167314262099476,0.1516722899093146
2,5,123,/home/test/bupt_hjk/sdp_dataset/elderAL/action2_fall_new/user2_position3_activity2/20250813=233327_mimo5s_part0.csv,2,3,2,4,6144,2282,90,60,2,2,894947.170862707,937846.2043986323,42899.03353592549,826851.6707114526,24332.947969308923,0.7114707859104217,0.33984187949312067,3072,1457,0.4742838541666667,1.2769500438212096,0.3206055,0.326381,0.9823044233579774,2282,0.3714192708333333,0.0146484375,0.026292725679228746,0.04574207725608198,0.029428431762582023
2,5,124,/home/test/bupt_hjk/sdp_dataset/elderAL/action3_sleep_new/user2_position3_activity3/20250813=185029_mimo5s_part0.csv,2,3,3,11,16896,4089,297,66,10,5,3172874.7144534327,4613927.564438551,467385.09596896335,1534005.340273547,145701.5508261196,0.6528111541076952,0.3483543372023628,3072,1036,0.3372395833333333,1.3934947419907067,0.8096099999999999,1.861283,0.25121120407989755,4013,0.24200994318181818,0.017578125,0.016140865737344093,0.10129875023858062,0.0949811235990468
2,5,125,/home/test/bupt_hjk/sdp_dataset/elderAL/action5_drink_new/user2_position3_activity5/20250813=160608_mimo5s_part0.csv,2,3,5,4,6144,1473,18,6,4,2,1101753.3640365466,1446317.3196548552,341995.1483768916,1097142.1928944292,173075.89271448678,0.6752096315778217,0.33641462696722263,3072,1154,0.3756510416666667,1.5668703326544469,2.9120545,3.0598549999999998,0.9516968941338724,1473,0.23974609375,0.0029296875,0.004073319755600814,0.236459277455451,0.15775156022200373
2,5,126,/home/test/bupt_hjk/sdp_dataset/elderAL/action6_sit_TV_new/user2_position3_activity6/20250813=172559_mimo5s_part0.csv,2,3,6,8,12288,2135,64,6,8,5,1685444.4017595416,2127575.6173220584,452441.0353271194,1178183.9566572981,146818.62309283164,0.7519724914902167,0.2477314610366584,3072,1273,0.4143880208333333,2.3850117096018737,1.8528089999999997,2.4965616999999996,0.473097679335399,2129,0.17374674479166666,0.005208333333333333,0.002810304449648712,0.2126556779667361,0.12461434588651185
2,5,127,/home/test/bupt_hjk/sdp_dataset/elderAL/action0_static_new/user2_position4_activity0/20250813=212927_mimo5s_part0.csv,2,4,0,11,16896,4423,123,52,11,8,2486432.8079091646,3720107.1624784493,339417.22013921314,1141635.7607591122,118000.1026262755,0.6463941753927299,0.34301472320641335,3072,1086,0.353515625,1.3504408772326475,1.6685659999999998,2.254329,0.37381142861111416,3367,0.2617779356060606,0.007279829545454545,0.011756726203933981,0.09123855988951754,0.1033605521850623
2,5,128,/home/test/bupt_hjk/sdp_dataset/elderAL/action1_walk_new/user2_position4_activity1/20250813=151646_mimo5s_part0.csv,2,4,1,4,6144,501,27,15,4,4,330310.3861852946,1601342.3870009338,1213823.240741535,872386.8634916993,589695.46465252,0.8844285035634156,0.11590117693068462,3072,422,0.13736979166666666,1.684630738522954,4.3591315,4.618024,0.9439386845975681,501,0.08154296875,0.00439453125,0.029940119760479042,0.7580035666293939,0.6759563782199604
2,5,129,/home/test/bupt_hjk/sdp_dataset/elderAL/action2_fall_new/user2_position4_activity2/20250813=234612_mimo5s_part0.csv,2,4,2,4,6144,2256,18,2,3,2,1769472.2274097889,1926644.92480471,156941.1187997426,896742.1306023949,85327.6665954365,0.4881524645953735,0.564812979391296,3072,1025,0.3336588541666667,0.9086879432624114,1.7617284999999998,1.83964,0.9576485073166489,2256,0.3671875,0.0029296875,0.0008865248226950354,0.08145824732891588,0.095152958340562
2,5,130,/home/test/bupt_hjk/sdp_dataset/elderAL/action3_sleep_new/user2_position4_activity3/20250813=185412_mimo5s_part0.csv,2,4,3,14,21504,3059,308,14,14,9,1811461.601928773,4140552.938510596,1475171.7860974455,1131789.5032910448,399573.7856349405,0.8298544181030366,0.18193306779484006,3072,1103,0.3590494791666667,2.5240274599542336,0.7687689999999998,3.2142039000000007,0.1554490024616447,3026,0.14225260416666666,0.014322916666666666,0.004576659038901602,0.3562741034843722,0.3530460253192402
2,5,131,/home/test/bupt_hjk/sdp_dataset/elderAL/action5_drink_new/user2_position4_activity5/20250813=160753_mimo5s_part0.csv,2,4,5,11,16896,3527,181,34,11,7,2834796.8550273464,5289497.719671976,1658768.4984811922,1518756.8611292625,529754.0138641294,0.6789654358775083,0.314286474850588,3072,1206,0.392578125,1.8806351006521123,2.009755,2.719318,0.4178135418026633,3503,0.20874763257575757,0.010712594696969696,0.009639920612418485,0.3135965996000201,0.34880765145662224
2,5,132,/home/test/bupt_hjk/sdp_dataset/elderAL/action6_sit_TV_new/user2_position4_activity6/20250813=173011_mimo5s_part0.csv,2,4,6,8,12288,2473,171,39,8,4,1660009.1862373287,3298041.6534205135,773903.4421835631,1169948.6111291833,310681.3211647726,0.7305563418359183,0.27754569840598353,3072,1216,0.3958333333333333,1.9668418924383337,2.4519235,3.1410495999999997,0.5,2443,0.20125325520833334,0.013916015625,0.015770319450060657,0.23465544814478648,0.2655512543110048
2,5,133,/home/test/bupt_hjk/sdp_dataset/elderAL/action0_static_new/user2_position5_activity0/20250813=213138_mimo5s_part0.csv,2,5,0,15,23040,4618,246,55,13,8,2951713.518504691,4186407.271333957,728686.9229077375,1231236.9058895595,147340.1528564862,0.7221522606575805,0.2708289445368008,3072,1028,0.3346354166666667,1.6695539194456477,1.3706099999999999,1.9604552000000002,0.26373419573875917,3649,0.20043402777777777,0.010677083333333334,0.011909917713295798,0.17406020859397864,0.11966840187432007
2,5,134,/home/test/bupt_hjk/sdp_dataset/elderAL/action1_walk_new/user2_position5_activity1/20250813=151940_mimo5s_part0.csv,2,5,1,4,6144,2599,82,64,2,2,1687720.4615298011,1806728.187316936,119007.7257871352,949396.09046448,61053.90309190517,0.45508156426736807,0.5628320563307916,3072,1314,0.427734375,1.0111581377452865,4.5399005,4.638408,0.9787626487363768,2599,0.4230143229166667,0.013346354166666666,0.024624855713736054,0.06586919195845749,0.0643081467315031
2,5,135,/home/test/bupt_hjk/sdp_dataset/elderAL/action2_fall_new/user2_position5_activity2/20250814=000255_mimo5s_part0.csv,2,5,2,8,12288,2659,226,14,7,5,1643059.5927606586,2244564.118336226,603165.3416963979,1155593.9928857516,230746.7164484813,0.7610091104284866,0.24091903457408884,3072,1180,0.3841145833333333,1.775103422339225,0.5731390000000001,2.6882835,0.17749516884275204,2606,0.21638997395833334,0.018391927083333332,0.0052651372696502444,0.2687227051208017,0.1996780165603493
2,5,136,/home/test/bupt_hjk/sdp_dataset/elderAL/action3_sleep_new/user2_position5_activity3/20250813=190932_mimo5s_part0.csv,2,5,3,11,16896,2638,276,0,11,8,1896808.6837496315,4848284.586649888,1275548.0503990331,1334201.83994723,365039.1641634659,0.7768610456359182,0.22228704866281165,3072,1189,0.3870442708333333,2.4789613343442003,1.5583590000000003,3.1260749999999997,0.311101302431601,2406,0.15613162878787878,0.016335227272727272,0.0,0.26309265217461647,0.2736011548132057
2,5,137,/home/test/bupt_hjk/sdp_dataset/elderAL/action5_drink_new/user2_position5_activity5/20250813=161739_mimo5s_part0.csv,2,5,5,17,26112,5061,415,55,17,12,3902527.665856193,6985688.822313182,2148066.3687352827,1459018.9420087808,531152.6426112654,0.7225985559183439,0.2828698535036278,3072,1316,0.4283854166666667,2.2102351313969573,1.154976,1.7308353999999997,0.24573424151220546,4319,0.1938189338235294,0.015893075980392156,0.010867417506421655,0.3074952840547498,0.36404780453362257
2,5,138,/home/test/bupt_hjk/sdp_dataset/elderAL/action6_sit_TV_new/user2_position5_activity6/20250813=173914_mimo5s_part0.csv,2,5,6,4,6144,1263,30,18,4,2,812625.9186902053,1206806.6875460695,391994.562228731,939741.4443157348,214200.8887537227,0.729680663142244,0.295321898507926,3072,1088,0.3541666666666667,1.7228820269200318,3.8722905,4.612487,0.8395233417460038,1263,0.20556640625,0.0048828125,0.014251781472684086,0.3248196801310539,0.22793598180581615
2,5,139,/home/test/bupt_hjk/sdp_dataset/elderAL/action0_static_new/user2_position6_activity0/20250813=213300_mimo5s_part0.csv,2,6,0,14,21504,3551,318,49,14,9,1960643.009578353,3402035.014552013,459579.91979649314,1182708.609671167,156481.11898782785,0.7894345297546035,0.20990946581021255,3072,1243,0.4046223958333333,2.450295691354548,0.7445255000000002,1.4469444999999999,0.2759019312473713,3522,0.16513206845238096,0.014787946428571428,0.01379892987890735,0.13508970890383723,0.13230741512174743
2,5,140,/home/test/bupt_hjk/sdp_dataset/elderAL/action1_walk_new/user2_position6_activity1/20250813=121041_mimo5s_part0.csv,2,6,1,4,6144,1464,82,64,4,2,1214486.7715262168,1966471.6914552257,749659.444422943,936557.4727750316,355935.9000581609,0.5963276005297272,0.3859331661885253,3072,749,0.24381510416666666,1.0232240437158469,1.562131,1.733377,0.9012067195999486,1464,0.23828125,0.013346354166666666,0.04371584699453552,0.3812205625335909,0.38004704506122655
2,5,141,/home/test/bupt_hjk/sdp_dataset/elderAL/action2_fall_new/user2_position6_activity2/20250814=000625_mimo5s_part0.csv,2,6,2,3,4608,688,108,33,3,3,162831.86206581417,360427.5563947279,192181.21967535006,257933.13780603308,109237.47967382518,0.9749105152915706,0.07458758018162241,3072,593,0.19303385416666666,1.2928779069767442,1.546074,1.546074,1.0,688,0.14930555555555555,0.0234375,0.04796511627906977,0.5332034586858275,0.4235108392934462
2,5,142,/home/test/bupt_hjk/sdp_dataset/elderAL/action3_sleep_new/user2_position6_activity3/20250813=191132_mimo5s_part0.csv,2,6,3,18,27648,4411,444,54,17,11,3719105.3053318015,7231659.127226888,2764768.7266572677,1487038.132806588,544480.431284063,0.7175006246731933,0.26074790519150565,3072,1009,0.3284505208333333,2.0587168442530035,1.2261499999999999,2.0674615999999997,0.24968492843003437,3635,0.15954137731481483,0.016059027777777776,0.012242121967807754,0.3823145806538407,0.36615095421690913
2,5,143,/home/test/bupt_hjk/sdp_dataset/elderAL/action5_drink_new/user2_position6_activity5/20250813=162526_mimo5s_part0.csv,2,6,5,8,12288,1698,133,74,8,7,1438407.9751803698,4077642.088907844,2694791.9674264644,1285231.3890278866,854707.5206821938,0.7667497608745744,0.2273301941240139,3072,476,0.15494791666666666,1.121319199057715,1.3241699999999998,1.8743139999999998,0.48578865403558197,1487,0.13818359375,0.010823567708333334,0.043580683156654886,0.6608701569853174,0.6650222893549704
2,5,144,/home/test/bupt_hjk/sdp_dataset/elderAL/action6_sit_TV_new/user2_position6_activity6/20250813=174916_mimo5s_part0.csv,2,6,6,7,10752,1831,42,0,7,5,1229978.1366717306,2658349.3375830385,1008667.3819193996,1122817.8317905935,384299.9009722497,0.6935572099474018,0.27100630211205823,3072,728,0.23697916666666666,1.391589295466958,2.8259009999999996,3.7831184,0.5651604193853215,1728,0.1702938988095238,0.00390625,0.0,0.37943372139211634,0.3422638028106433
2,5,145,/home/test/bupt_hjk/sdp_dataset/elderAL/action0_static_new/user2_position7_activity0/20250813=213523_mimo5s_part0.csv,2,7,0,10,15360,2539,225,31,9,7,1587701.556822705,2784435.6158675305,569676.3756849387,1130890.8251436919,216056.80028750835,0.775036686836083,0.22191263775775721,3072,1167,0.3798828125,2.298148877510831,0.6893265,1.7199392999999998,0.31024260822406097,2535,0.16529947916666668,0.0146484375,0.012209531311539977,0.20459312200955596,0.19105009562709646
2,5,146,/home/test/bupt_hjk/sdp_dataset/elderAL/action1_walk_new/user2_position7_activity1/20250813=121734_mimo5s_part0.csv,2,7,1,4,6144,591,39,0,4,4,505623.4971716917,1604788.9003588506,1078187.192919386,974392.5914504654,535551.8592661154,0.8124470546320087,0.15977273902217115,3072,506,0.16471354166666666,1.7123519458544838,4.5390464999999995,4.55631,0.9962110787018442,591,0.09619140625,0.00634765625,0.0,0.6718560881610598,0.5496263661743377
2,5,147,/home/test/bupt_hjk/sdp_dataset/elderAL/action2_fall_new/user2_position7_activity2/20250814=003008_mimo5s_part0.csv,2,7,2,3,4608,544,108,6,3,3,70332.74717532942,254845.42442929343,173343.8360534091,162004.68321900992,98553.72227096352,0.9941661342234283,0.030587840863960648,3072,447,0.1455078125,1.2325367647058825,0.830939,0.830939,1.0,544,0.11805555555555555,0.0234375,0.011029411764705883,0.6801920671779733,0.6083387239968323
2,5,148,/home/test/bupt_hjk/sdp_dataset/elderAL/action3_sleep_new/user2_position7_activity3/20250813=193020_mimo5s_part0.csv,2,7,3,14,21504,3252,257,39,14,13,2290395.7700492046,5507256.882854698,1924412.000249899,1282177.8298645136,526792.0063521318,0.7753578006059564,0.21878751083544998,3072,1003,0.3264973958333333,2.158979089790898,1.5780784999999997,2.6011025,0.27125367970487413,3190,0.15122767857142858,0.01195126488095238,0.011992619926199263,0.34943203870533385,0.410857210351077
2,5,149,/home/test/bupt_hjk/sdp_dataset/elderAL/action5_drink_new/user2_position7_activity5/20250813=162802_mimo5s_part0.csv,2,7,5,3,4608,540,18,3,3,3,75659.40655846517,307191.3366920172,209925.08729982984,173259.01913051718,105221.21916008042,0.9930827081978962,0.03177733471790611,3072,444,0.14453125,1.2333333333333334,1.8638489999999999,1.8638489999999999,1.0,540,0.1171875,0.00390625,0.005555555555555556,0.6833691651607212,0.6073058689130438
2,5,150,/home/test/bupt_hjk/sdp_dataset/elderAL/action6_sit_TV_new/user2_position7_activity6/20250813=175221_mimo5s_part0.csv,2,7,6,7,10752,2299,39,6,6,5,1773681.1155093575,3407904.329632844,815514.3717599036,1315646.7475764588,330306.91374925955,0.632022150720555,0.3424510749388025,3072,901,0.2932942708333333,1.371683340582862,1.916605,2.0825708,0.49569827814740813,2254,0.21382068452380953,0.003627232142857143,0.0026098303610265334,0.23930084089178771,0.2510604874429363
2,5,151,/home/test/bupt_hjk/sdp_dataset/elderAL/action0_static_new/user2_position8_activity0/20250813=213723_mimo5s_part0.csv,2,8,0,15,23040,5506,434,78,13,11,3654326.5068455003,4444711.093825665,248047.2791520526,1395100.117450704,81222.13708711967,0.6991304738555891,0.29903304572131184,3072,1489,0.4847005208333333,2.028241917907737,0.6552669999999998,1.8262627999999999,0.18563898382680902,4493,0.23897569444444444,0.018836805555555555,0.014166363966581911,0.055807289588883625,0.058219575836276606
2,5,152,/home/test/bupt_hjk/sdp_dataset/elderAL/action1_walk_new/user2_position8_activity1/20250813=122446_mimo5s_part0.csv,2,8,1,3,4608,538,108,24,3,3,65313.06958023411,233462.49346571852,154699.61507146902,141285.5869840248,81232.39625042264,0.9924685327527342,0.027360373747150238,3072,383,0.12467447916666667,1.0678438661710037,0.903469,0.903469,1.0,538,0.11675347222222222,0.0234375,0.04460966542750929,0.6626315549661728,0.5749517554087638
2,5,153,/home/test/bupt_hjk/sdp_dataset/elderAL/action2_fall_new/user2_position8_activity2/20250814=003232_mimo5s_part0.csv,2,8,2,4,6144,1381,128,27,3,3,1189028.372777065,1332479.6611848285,142075.17914686172,1222598.5426805613,73515.38392540868,0.6746352958499031,0.35193958718135654,3072,1336,0.4348958333333333,1.9348298334540188,0.331397,0.337128,0.9830005220569042,1381,0.22477213541666666,0.020833333333333332,0.01955104996379435,0.10662465123147155,0.060130436409833565
2,5,154,/home/test/bupt_hjk/sdp_dataset/elderAL/action3_sleep_new/user2_position8_activity3/20250813=193315_mimo5s_part0.csv,2,8,3,15,23040,4711,253,33,15,10,2547674.1288450686,5464926.020671605,1870276.8871124892,1227921.1553331933,597764.0277180139,0.7758337059905026,0.23757597757885102,3072,944,0.3072916666666667,1.5028656336234347,1.483721,1.9103349999999997,0.3085549426736863,4392,0.2044704861111111,0.010980902777777777,0.0070048821906177035,0.34223279144822605,0.48680978018968335
2,5,155,/home/test/bupt_hjk/sdp_dataset/elderAL/action5_drink_new/user2_position8_activity5/20250813=163815_mimo5s_part0.csv,2,8,5,11,16896,3267,222,63,11,9,2672979.9495953578,4843563.543943596,1380989.1332491376,1394150.306881732,467748.762446915,0.6641443070780356,0.3147073586290262,3072,1040,0.3385416666666667,1.7508417508417509,2.04703,3.1496469999999994,0.3064449656410916,3229,0.193359375,0.013139204545454546,0.01928374655647383,0.2851184093529504,0.33550813003306595
2,5,156,/home/test/bupt_hjk/sdp_dataset/elderAL/action6_sit_TV_new/user2_position8_activity6/20250813=180610_mimo5s_part0.csv,2,8,6,7,10752,2703,225,33,6,3,1183242.120442024,1595808.7697606618,307986.66119268705,1020197.7601501865,145511.97538850617,0.7926887297970837,0.23282872980377878,3072,1467,0.4775390625,1.8995560488346281,0.41217899999999996,0.4753184,0.6020199807203576,2701,0.2513950892857143,0.020926339285714284,0.01220865704772475,0.1929972231189572,0.14263114571736063
2,5,157,/home/test/bupt_hjk/sdp_dataset/elderAL/action0_static_new/user2_position9_activity0/20250813=213912_mimo5s_part0.csv,2,9,0,14,21504,2783,124,18,14,8,1570276.7741273567,3695476.0558652114,1257933.568730116,1359045.9162520715,597156.2225800487,0.8639246112724752,0.14941726148338833,3072,901,0.2932942708333333,2.2662594322673373,1.4989344999999998,2.4586608,0.23548846904440288,2678,0.12941778273809523,0.005766369047619048,0.0064678404599353215,0.34039824631893045,0.4393937065988653
2,5,158,/home/test/bupt_hjk/sdp_dataset/elderAL/action1_walk_new/user2_position9_activity1/20250813=123159_mimo5s_part0.csv,2,9,1,4,6144,1679,12,0,4,3,1639051.9165667826,2408110.631435829,753517.9141108306,1058448.49677377,348936.82100724056,0.48703250523229963,0.48182386112288433,3072,909,0.2958984375,1.0827873734365694,4.275770499999999,4.346515999999999,0.9837236306043737,1679,0.2732747395833333,0.001953125,0.0,0.3129083457687937,0.3296682097152823
2,5,159,/home/test/bupt_hjk/sdp_dataset/elderAL/action2_fall_new/user2_position9_activity2/20250814=005038_mimo5s_part0.csv,2,9,2,3,4608,510,108,6,3,3,122113.76970470442,612727.4727490721,480939.70231018006,330356.44974473683,218839.95388568228,0.9829532557742544,0.05380277051160233,3072,413,0.13444010416666666,1.214705882352941,1.081259,1.081259,1.0,510,0.11067708333333333,0.0234375,0.011764705882352941,0.7849161718706505,0.6624358448420721
2,5,160,/home/test/bupt_hjk/sdp_dataset/elderAL/action3_sleep_new/user2_position9_activity3/20250813=194923_mimo5s_part0.csv,2,9,3,4,6144,1049,27,12,4,3,805582.1587523995,1395878.3508899314,583430.0176520861,1115251.3760873342,376368.9321485178,0.7561200401768975,0.25275915288167866,3072,929,0.3024088541666667,1.771210676835081,3.3361359999999998,3.524784,0.946479557328903,1049,0.17073567708333334,0.00439453125,0.011439466158245948,0.4179662341493618,0.3374745283605413
2,5,161,/home/test/bupt_hjk/sdp_dataset/elderAL/action5_drink_new/user2_position9_activity5/20250813=164217_mimo5s_part0.csv,2,9,5,8,12288,3019,116,43,8,6,2666786.1756057027,3896354.194182232,992651.0314128388,1357679.1003761822,349198.02209579496,0.562977561635341,0.3929899060690303,3072,1075,0.3499348958333333,1.4243126863199733,2.4369135,3.9624360000000003,0.4924157801722971,2560,0.24568684895833334,0.009440104166666666,0.014243126863199736,0.2547640645439773,0.25720217833436493
2,5,162,/home/test/bupt_hjk/sdp_dataset/elderAL/action6_sit_TV_new/user2_position9_activity6/20250813=180810_mimo5s_part0.csv,2,9,6,11,16896,3983,142,61,11,7,2892166.256274108,5202184.433014672,1374497.7742233488,1426508.8193203344,450134.7504933283,0.6630641941192424,0.3356698878749787,3072,938,0.3053385416666667,1.2952548330404219,0.925951,1.5188509999999997,0.3064147314526548,3250,0.23573626893939395,0.00840435606060606,0.015315089128797388,0.2642155025301219,0.31554992468101023
3,7,1,/home/test/bupt_hjk/sdp_dataset/elderAL/action0_static_new/user0_position1_activity0/20250813=205008_mimo5s_part0.csv,0,1,0,14,21504,3240,155,21,14,9,1913985.3979297536,5582702.135186073,2265786.500820699,1313094.2039427662,1030696.8149239733,0.8433413923459175,0.1842650154529344,3072,178,0.057942708333333336,0.3845679012345679,0.9189054999999999,1.6827592,0.3250171898366329,3043,0.15066964285714285,0.00720796130952381,0.006481481481481481,0.40585839006887653,0.7849374491404718
3,7,2,/home/test/bupt_hjk/sdp_dataset/elderAL/action1_walk_new/user0_position1_activity1/20250813=114101_mimo5s_part0.csv,0,1,1,4,6144,1165,36,6,4,2,952570.4797942804,1259412.625835122,349920.6742078004,1025753.3781657147,175292.4568868418,0.7170324202551573,0.2864449855159049,3072,1127,0.3668619791666667,1.9347639484978543,2.8509089999999997,2.8509089999999997,1.0,1165,0.18961588541666666,0.005859375,0.005150214592274678,0.2778443434897014,0.17089142538365842
3,7,3,/home/test/bupt_hjk/sdp_dataset/elderAL/action2_fall_new/user0_position1_activity2/20250813=230733_mimo5s_part0.csv,0,1,2,4,6144,1447,24,3,3,2,872878.8802726278,950673.5400086202,90732.85019951785,880910.6894660462,41264.32632540192,0.6841460918341817,0.3262829861693882,3072,1446,0.470703125,1.9986178299930892,0.324254,0.324254,1.0,1447,0.23551432291666666,0.00390625,0.002073255010366275,0.09544059698842058,0.04684280349738271
3,7,4,/home/test/bupt_hjk/sdp_dataset/elderAL/action3_sleep_new/user0_position1_activity3/20250813=182727_mimo5s_part0.csv,0,1,3,14,21504,3015,270,42,14,9,2131769.227683881,4443723.21748704,1420642.7587712118,1415089.0399728718,283397.81603055156,0.8158993878258824,0.18988423579199445,3072,1198,0.3899739583333333,2.7814262023217244,1.0717115000000002,3.4865022000000003,0.22646846327888248,2973,0.14020647321428573,0.012555803571428572,0.013930348258706468,0.3196964998136397,0.20026854001779598
3,7,5,/home/test/bupt_hjk/sdp_dataset/elderAL/action5_drink_new/user0_position1_activity5/20250813=155105_mimo5s_part0.csv,0,1,5,7,10752,1414,45,0,7,4,903370.8916629722,2919350.0745180226,1343173.2005548715,1229924.1187428813,860195.3195590016,0.8502861665090049,0.17457973254410022,3072,283,0.09212239583333333,0.7004950495049506,3.165572,4.8179136,0.6335833784167041,1393,0.13151041666666666,0.004185267857142857,0.0,0.46009322837947964,0.6993889350167525
3,7,6,/home/test/bupt_hjk/sdp_dataset/elderAL/action6_sit_TV_new/user0_position1_activity6/20250813=170026_mimo5s_part0.csv,0,1,6,7,10752,1367,39,0,7,6,1019794.4399097001,1517541.3076346505,579191.7783539933,1104254.2844479256,212649.2936548009,0.811494605166867,0.18749368471292616,3072,1225,0.3987630208333333,3.1364301389904896,3.1370139999999997,4.5311292,0.6807631978930939,1294,0.12713913690476192,0.003627232142857143,0.0,0.3816645882653194,0.19257275851197206
3,7,7,/home/test/bupt_hjk/sdp_dataset/elderAL/action0_static_new/user0_position2_activity0/20250813=205231_mimo5s_part0.csv,0,2,0,7,10752,1650,21,0,7,6,1067557.553860773,1224834.731319159,163970.52125755366,1068748.1790432702,56708.47486179745,0.7875399499699319,0.21068556955813705,3072,1464,0.4765625,3.1054545454545455,4.678332,4.7387092,0.9781835387867831,1600,0.15345982142857142,0.001953125,0.0,0.13387154778094493,0.05306065167995155
3,7,8,/home/test/bupt_hjk/sdp_dataset/elderAL/action1_walk_new/user0_position2_activity1/20250813=114330_mimo5s_part0.csv,0,2,1,3,4608,598,111,34,3,3,140132.6855987907,383383.46769063384,235240.56952154895,262165.25602836773,136357.53157587812,0.9798607722569052,0.05683173126751657,3072,528,0.171875,1.3244147157190636,2.920772,2.920772,1.0,598,0.12977430555555555,0.024088541666666668,0.056856187290969896,0.6135908022809506,0.5201205287138563
3,7,9,/home/test/bupt_hjk/sdp_dataset/elderAL/action2_fall_new/user0_position2_activity2/20250813=232625_mimo5s_part0.csv,0,2,2,7,10752,1374,21,0,7,4,834014.7475516326,2221761.54612773,598195.8269115512,882785.291334573,230787.6428639285,0.8414880018872839,0.1716628738574532,3072,1209,0.3935546875,3.0796943231441047,3.607236,4.0698134,0.8511791611372349,1366,0.12779017857142858,0.001953125,0.0,0.2692439375207193,0.26143122810194247
3,7,10,/home/test/bupt_hjk/sdp_dataset/elderAL/action3_sleep_new/user0_position2_activity3/20250813=183755_mimo5s_part0.csv,0,2,3,7,10752,1395,75,0,7,6,991389.1528432673,1827573.003295503,843381.9319224122,1091588.3533388781,266974.84196479345,0.8288868254161179,0.18256855616200218,3072,1234,0.4016927083333333,3.096057347670251,2.9002359999999996,3.5338781999999997,0.8188808390982089,1320,0.12974330357142858,0.006975446428571429,0.0,0.4614764665496892,0.24457465229286157
3,7,11,/home/test/bupt_hjk/sdp_dataset/elderAL/action5_drink_new/user0_position2_activity5/20250813=155959_mimo5s_part0.csv,0,2,5,8,12288,2056,182,41,8,7,1655339.4651653045,2060257.8171915552,415823.93614560826,1126976.6422404684,138500.4127553735,0.7312573655647718,0.25455896365203,3072,1384,0.4505208333333333,2.6926070038910503,2.575856,4.2464518,0.5388574328618486,2025,0.16731770833333334,0.014811197916666666,0.019941634241245135,0.20183101972763756,0.12289554864245446
3,7,12,/home/test/bupt_hjk/sdp_dataset/elderAL/action6_sit_TV_new/user0_position2_activity6/20250813=171419_mimo5s_part0.csv,0,2,6,7,10752,1868,87,6,7,6,1075311.5674091661,1699811.2007625867,625591.059704513,1040326.8604007519,215741.20410743728,0.8147945465471282,0.2047856700514506,3072,1394,0.4537760416666667,2.6118843683083512,2.997491,3.1944926000000002,0.8648164491900419,1805,0.17373511904761904,0.008091517857142858,0.0032119914346895075,0.3680356144399178,0.20737828880466475
3,7,13,/home/test/bupt_hjk/sdp_dataset/elderAL/action0_static_new/user0_position3_activity0/20250813=205410_mimo5s_part0.csv,0,3,0,7,10752,2329,75,18,7,4,1280876.026139066,1565168.7999842833,536275.981033655,1066507.945057728,208751.37635294598,0.7580656365815239,0.24756321902840508,3072,1303,0.4241536458333333,1.9581365392872478,2.3600239999999997,2.4346736,0.9690180169822785,2297,0.21661086309523808,0.006975446428571429,0.007728638900815801,0.3426314024653699,0.195733540776995
3,7,14,/home/test/bupt_hjk/sdp_dataset/elderAL/action1_walk_new/user0_position3_activity1/20250813=114605_mimo5s_part0.csv,0,3,1,4,6144,1119,12,0,4,1,993951.0227940467,1316181.0765692317,369497.37740962947,1073170.8769979675,170169.46493133993,0.7137746546565579,0.2872013763993816,3072,1096,0.3567708333333333,1.9588918677390526,5.003655999999999,5.003655999999999,1.0,1119,0.18212890625,0.001953125,0.0,0.28073445515017154,0.15856697994578753
3,7,15,/home/test/bupt_hjk/sdp_dataset/elderAL/action2_fall_new/user0_position3_activity2/20250813=232948_mimo5s_part0.csv,0,3,2,4,6144,660,12,0,4,2,404122.47863699484,2197375.596806199,1798831.4522170941,1061222.4669822203,700677.1427547487,0.9207121786182545,0.11530501288243004,3072,216,0.0703125,0.6545454545454545,3.4456599999999997,3.4456599999999997,1.0,660,0.107421875,0.001953125,0.0,0.8186272091269361,0.6602547199620189
3,7,16,/home/test/bupt_hjk/sdp_dataset/elderAL/action3_sleep_new/user0_position3_activity3/20250813=184601_mimo5s_part0.csv,0,3,3,15,23040,4065,210,60,13,8,3190439.5072718547,6297599.865577627,1158827.3330414367,1398964.1681296146,251839.67792404105,0.7322113513934855,0.2668176758077902,3072,1405,0.4573567708333333,2.592250922509225,1.316173,1.9028964,0.3147259721207614,3928,0.17643229166666666,0.009114583333333334,0.014760147601476014,0.18401094985020092,0.18001867643311076
3,7,17,/home/test/bupt_hjk/sdp_dataset/elderAL/action5_drink_new/user0_position3_activity5/20250813=160218_mimo5s_part0.csv,0,3,5,7,10752,1463,25,0,7,3,1014749.3460352564,3241189.151286568,1415743.4533761463,1309598.8904006518,961626.704645205,0.8359117159091939,0.1855785091714933,3072,260,0.08463541666666667,0.6220095693779905,2.585784,4.2631426,0.5821000755487641,1456,0.13606770833333334,0.0023251488095238095,0.0,0.436797541672067,0.7342910197113942
3,7,18,/home/test/bupt_hjk/sdp_dataset/elderAL/action6_sit_TV_new/user0_position3_activity6/20250813=171627_mimo5s_part0.csv,0,3,6,10,15360,3339,133,50,9,7,2403553.5992670925,4454852.562449911,2144336.6848694333,1485219.3162727007,933897.2140146296,0.7186778744968741,0.29263928527915356,3072,1266,0.412109375,1.8957771787960467,2.803419,4.009037,0.638338727548203,2665,0.2173828125,0.008658854166666667,0.01497454327643007,0.48134851935260736,0.6287941476268526
3,7,19,/home/test/bupt_hjk/sdp_dataset/elderAL/action0_static_new/user0_position4_activity0/20250813=205610_mimo5s_part0.csv,0,4,0,17,26112,5162,216,33,16,9,2685151.6026336225,6075162.82905416,923252.0639944089,1018483.8577817453,589772.5117056094,0.7891125713593073,0.2467624629763337,3072,1428,0.46484375,2.3514141805501745,1.8765699999999998,3.1123668,0.3134233556075802,5063,0.19768688725490197,0.008272058823529412,0.006392870980240217,0.15197157507927236,0.5790690811635759
3,7,20,/home/test/bupt_hjk/sdp_dataset/elderAL/action1_walk_new/user0_position4_activity1/20250813=115259_mimo5s_part0.csv,0,4,1,3,4608,392,90,27,3,3,85957.67980495264,565086.7700490309,457915.8060980994,311363.68578135094,234161.90294824913,0.9888639469244926,0.03823462284599153,3072,285,0.0927734375,1.090561224489796,3.007603,3.007603,1.0,392,0.08506944444444445,0.01953125,0.06887755102040816,0.8103460041337853,0.7520527076259136
3,7,21,/home/test/bupt_hjk/sdp_dataset/elderAL/action2_fall_new/user0_position4_activity2/20250813=235318_mimo5s_part0.csv,0,4,2,4,6144,1192,12,0,4,2,1013025.0221382834,1523364.5045986767,536501.0885734521,1094274.4830218693,227484.1321397441,0.7082331552275265,0.3109157784855192,3072,1146,0.373046875,1.922818791946309,2.00899,2.00899,1.0,1192,0.19401041666666666,0.001953125,0.0,0.3521816918760299,0.2078858053159938
3,7,22,/home/test/bupt_hjk/sdp_dataset/elderAL/action3_sleep_new/user0_position4_activity3/20250813=185656_mimo5s_part0.csv,0,4,3,11,16896,3088,98,22,10,8,2342051.279122686,4626907.051977005,1833094.1845695584,1379443.1403661123,737784.046450902,0.7218589815028731,0.2735068199600669,3072,1165,0.3792317708333333,2.074967616580311,2.986522,3.689558,0.44734664653509243,2311,0.18276515151515152,0.005800189393939394,0.007124352331606218,0.39618132890443647,0.5348419408248243
3,7,23,/home/test/bupt_hjk/sdp_dataset/elderAL/action5_drink_new/user0_position4_activity5/20250813=161131_mimo5s_part0.csv,0,4,5,10,15360,1494,42,0,9,7,901109.2351589324,2723494.322721951,1052987.8070350727,973879.7445749583,320732.4091414598,0.872545913971863,0.1268091075723837,3072,1179,0.3837890625,3.9457831325301207,2.6145274999999994,3.7822082,0.5889029064851391,1416,0.097265625,0.002734375,0.0,0.38663117387470136,0.3293347160448858
3,7,24,/home/test/bupt_hjk/sdp_dataset/elderAL/action6_sit_TV_new/user0_position4_activity6/20250813=173514_mimo5s_part0.csv,0,4,6,7,10752,1372,39,9,7,6,858406.2928575546,1871820.3387219913,962613.3524740968,1011895.6227292533,381021.1272748532,0.83585123099597,0.17270102785931973,3072,891,0.2900390625,2.2729591836734695,3.5508799999999994,4.7442524,0.7202077740852332,1362,0.12760416666666666,0.003627232142857143,0.006559766763848397,0.5142658900326583,0.37654192657457586
3,7,25,/home/test/bupt_hjk/sdp_dataset/elderAL/action0_static_new/user0_position5_activity0/20250813=205731_mimo5s_part0.csv,0,5,0,15,23040,5143,247,66,15,10,3605882.991419058,5724630.145772705,647161.0459909539,1481354.9094798462,335578.9805802321,0.6749014978581995,0.3187754743293373,3072,1460,0.4752604166666667,2.129107524790978,1.840106,3.0964145999999997,0.37803310434201476,4578,0.22322048611111112,0.010720486111111111,0.01283297686175384,0.11304853405574916,0.2265351661730174
3,7,26,/home/test/bupt_hjk/sdp_dataset/elderAL/action1_walk_new/user0_position5_activity1/20250813=120145_mimo5s_part0.csv,0,5,1,7,10752,784,21,0,7,6,549949.7281039441,3784327.2756234934,2877244.132629564,1240206.9305440348,1048019.4453316221,0.9113848944628409,0.10150655036607241,3072,200,0.06510416666666667,0.8928571428571429,4.074978,5.0690566,0.7182173871586268,777,0.07291666666666667,0.001953125,0.0,0.7603053126940557,0.8450359528888403
3,7,27,/home/test/bupt_hjk/sdp_dataset/elderAL/action2_fall_new/user0_position5_activity2/20250813=235646_mimo5s_part0.csv,0,5,2,3,4608,531,111,34,3,3,41277.59397191852,188077.60685189115,135460.54981832742,107352.22727751195,70274.1227281396,0.9980998478961877,0.01835006709650172,3072,348,0.11328125,0.9830508474576272,2.7878819999999997,2.7878819999999997,1.0,531,0.115234375,0.024088541666666668,0.064030131826742,0.7202375236781962,0.6546126196942033
3,7,28,/home/test/bupt_hjk/sdp_dataset/elderAL/action3_sleep_new/user0_position5_activity3/20250813=190517_mimo5s_part0.csv,0,5,3,21,32256,4248,375,10,19,12,3197231.9589380044,7813851.295655442,3131645.8901785873,1411850.7587037822,864639.7370274009,0.7800683915119251,0.20695606569392422,6144,1668,0.271484375,2.0614406779661016,0.972159,2.5549429999999997,0.21212733501014533,3627,0.13169642857142858,0.011625744047619048,0.0023540489642184556,0.4007813524580132,0.6124158178171928
3,7,29,/home/test/bupt_hjk/sdp_dataset/elderAL/action5_drink_new/user0_position5_activity5/20250813=161914_mimo5s_part0.csv,0,5,5,7,10752,1816,27,3,7,5,1206545.1632686984,1917887.0698128948,709937.4279401336,1150820.121750392,205581.92648780823,0.7884736558922925,0.2214376690118955,3072,1339,0.4358723958333333,2.5806718061674006,4.371144,4.9473108,0.8755393072350695,1788,0.16889880952380953,0.0025111607142857145,0.0016519823788546256,0.37016643947101313,0.1786394959579948
3,7,30,/home/test/bupt_hjk/sdp_dataset/elderAL/action6_sit_TV_new/user0_position5_activity6/20250813=173659_mimo5s_part0.csv,0,5,6,4,6144,1200,12,0,4,2,851461.0887347577,1176013.4212256032,340951.68866659346,912231.6294413784,144161.40798751573,0.6819152764427483,0.31960649949240744,3072,1171,0.3811848958333333,1.9516666666666667,3.9677979999999997,3.9677979999999997,1.0,1200,0.1953125,0.001953125,0.0,0.2899215965675499,0.15803158247844967
3,7,31,/home/test/bupt_hjk/sdp_dataset/elderAL/action0_static_new/user0_position6_activity0/20250813=210002_mimo5s_part0.csv,0,6,0,11,16896,2777,165,33,11,7,1709611.8606657658,2829051.5192374336,477282.8726429419,1170853.969545253,146025.84392948495,0.7646731364955931,0.2366635775377403,3072,1498,0.4876302083333333,2.9668707238026646,3.1342489999999996,4.636605,0.6106739032464656,2689,0.16435842803030304,0.009765625,0.011883327331652862,0.1687077345171829,0.12471738383070931
3,7,32,/home/test/bupt_hjk/sdp_dataset/elderAL/action1_walk_new/user0_position6_activity1/20250813=120612_mimo5s_part0.csv,0,6,1,11,16896,1561,198,24,11,8,858466.8013621601,3497855.6414889144,2494812.8238885505,1060912.0233016296,690272.502098656,0.9039918776859922,0.10702587852082251,3072,611,0.19889322916666666,2.1527866752082,2.924001,4.596513,0.5689735188061834,1530,0.09238873106060606,0.01171875,0.015374759769378604,0.7132406478692175,0.6506406628803033
3,7,33,/home/test/bupt_hjk/sdp_dataset/elderAL/action2_fall_new/user0_position6_activity2/20250814=001457_mimo5s_part0.csv,0,6,2,4,6144,744,144,33,2,2,454789.35532668425,1297836.3011803993,842047.1531633767,815882.9491080027,426960.53465694026,0.8689086111095875,0.15425521365433048,3072,744,0.2421875,2.0,0.244701,0.244701,1.0,744,0.12109375,0.0234375,0.04435483870967742,0.6488084455624517,0.5233110155368883
3,7,34,/home/test/bupt_hjk/sdp_dataset/elderAL/action3_sleep_new/user0_position6_activity3/20250813=191734_mimo5s_part0.csv,0,6,3,7,10752,1606,246,66,7,4,1067813.0343141546,1704055.6830554788,640355.7601390443,1074335.3128819887,249173.04451369442,0.8003793882970736,0.19724228156693113,3072,1278,0.416015625,2.7851805728518055,1.8537,2.902426,0.5367776833454712,1553,0.14936755952380953,0.022879464285714284,0.0410958904109589,0.37578335409254127,0.23193228550336692
3,7,35,/home/test/bupt_hjk/sdp_dataset/elderAL/action5_drink_new/user0_position6_activity5/20250813=162031_mimo5s_part0.csv,0,6,5,7,10752,1331,27,0,7,5,883081.9106190751,3285035.5529170814,1710453.9389533505,1250048.9232056488,933416.9327409907,0.8451514088854679,0.17215303030907367,3072,217,0.07063802083333333,0.5706235912847483,4.703977999999999,5.032337599999999,0.9265635833595965,1278,0.12379092261904762,0.0025111607142857145,0.0,0.520680495355517,0.7467043212575384
3,7,36,/home/test/bupt_hjk/sdp_dataset/elderAL/action6_sit_TV_new/user0_position6_activity6/20250813=174557_mimo5s_part0.csv,0,6,6,8,12288,2168,65,31,8,5,1645384.0118865445,3329263.23826083,1537501.6805457151,1197822.2236052589,636500.5341426246,0.6614960433943429,0.30431094532061365,3072,756,0.24609375,1.3948339483394834,3.149781,3.8727720999999997,0.625049064802052,1589,0.17643229166666666,0.005289713541666667,0.01429889298892989,0.46181439270896735,0.5313814701374105
3,7,37,/home/test/bupt_hjk/sdp_dataset/elderAL/action0_static_new/user0_position7_activity0/20250813=210033_mimo5s_part0.csv,0,7,0,13,19968,4031,300,42,13,6,2584657.486661829,4419994.588699722,282471.1313859298,1109661.918852712,88637.44593086159,0.7290396502793856,0.27225933429662247,3072,1359,0.4423828125,2.1913917142148347,0.7585189999999999,1.307082,0.4095396317529153,3817,0.2018729967948718,0.015024038461538462,0.010419250806251551,0.06390757402918619,0.07987788390765407
3,7,38,/home/test/bupt_hjk/sdp_dataset/elderAL/action1_walk_new/user0_position7_activity1/20250813=121246_mimo5s_part0.csv,0,7,1,4,6144,969,12,0,4,1,893544.8222132106,1529465.8948280865,646430.2504791319,1028885.3189784144,249493.4206012005,0.712695698277918,0.27896113926780325,3072,941,0.3063151041666667,1.9422084623323015,3.8537649999999997,3.8537649999999997,1.0,969,0.15771484375,0.001953125,0.0,0.42265097421593134,0.24248904712618877
3,7,39,/home/test/bupt_hjk/sdp_dataset/elderAL/action2_fall_new/user0_position7_activity2/20250814=002612_mimo5s_part0.csv,0,7,2,7,10752,1024,205,27,7,3,790492.421805992,3652640.2237701127,2311555.751036725,1327473.1298977463,1142759.5575184145,0.894800732623417,0.12660601162899993,3072,115,0.037434895833333336,0.39306640625000006,2.453185,3.5596789999999996,0.6879085288055746,936,0.09523809523809523,0.01906622023809524,0.0263671875,0.6328451775770095,0.8608532495165758
3,7,40,/home/test/bupt_hjk/sdp_dataset/elderAL/action3_sleep_new/user0_position7_activity3/20250813=192754_mimo5s_part0.csv,0,7,3,7,10752,1131,87,0,6,5,830353.6381372066,3479226.4241862595,1961514.28530495,1304843.13211726,1042594.1933864728,0.8583844916821907,0.1536344672663147,3072,147,0.0478515625,0.45490716180371354,3.492658,3.6227492,0.9264027835652309,1088,0.10518973214285714,0.008091517857142858,0.0,0.5637788537329012,0.7990187998267211
3,7,41,/home/test/bupt_hjk/sdp_dataset/elderAL/action5_drink_new/user0_position7_activity5/20250813=163219_mimo5s_part0.csv,0,7,5,4,6144,464,20,2,3,2,359973.8609904133,2287123.7750407504,1933466.3659047612,1027990.6117490318,717059.5718735091,0.8972755807294388,0.10800617938424142,3072,200,0.06510416666666667,0.8620689655172415,2.747651,2.747651,1.0,464,0.07552083333333333,0.0032552083333333335,0.004310344827586207,0.8453702361912232,0.6975351366813535
3,7,42,/home/test/bupt_hjk/sdp_dataset/elderAL/action6_sit_TV_new/user0_position7_activity6/20250813=175816_mimo5s_part0.csv,0,7,6,8,12288,2137,67,26,7,6,1918084.5665558376,4252826.671031602,2486069.539803267,1372377.8111013651,899103.6582335713,0.6575519787351616,0.31471369430034096,3072,1024,0.3333333333333333,1.9167056621431913,1.7796969999999999,2.2812319,0.6273322314375861,1675,0.17390950520833334,0.005452473958333333,0.012166588675713618,0.5845687426523369,0.6551429576903606
3,7,43,/home/test/bupt_hjk/sdp_dataset/elderAL/action0_static_new/user0_position8_activity0/20250813=210228_mimo5s_part0.csv,0,8,0,14,21504,3525,237,6,12,6,1873437.2106669156,4919373.382443109,1666728.473508201,1236262.3947480323,840786.4024986855,0.8376895081602489,0.19399980709721185,3072,283,0.09212239583333333,0.5619858156028369,1.8799804999999996,3.6551495,0.4150165357106669,3397,0.16392299107142858,0.011021205357142858,0.001702127659574468,0.3388091010649112,0.680103516915638
3,7,44,/home/test/bupt_hjk/sdp_dataset/elderAL/action1_walk_new/user0_position8_activity1/20250813=122031_mimo5s_part0.csv,0,8,1,3,4608,669,36,9,3,3,92369.342214412,241984.12394385846,144283.60474239365,167046.70092573785,84198.47199461618,0.991730348130529,0.04112508777771551,3072,594,0.193359375,1.3318385650224216,1.958014,1.958014,1.0,669,0.14518229166666666,0.0078125,0.013452914798206279,0.596252359001321,0.5040415137084772
3,7,45,/home/test/bupt_hjk/sdp_dataset/elderAL/action2_fall_new/user0_position8_activity2/20250814=004004_mimo5s_part0.csv,0,8,2,4,6144,1017,120,27,4,2,855955.1403843829,1423872.1348576902,589999.7461378264,1041856.0565809781,305042.20185552246,0.7422100145652337,0.2719573325984768,3072,946,0.3079427083333333,1.8603736479842674,2.9724139999999997,2.9724139999999997,1.0,1017,0.16552734375,0.01953125,0.02654867256637168,0.41436287128183336,0.29278728086158906
3,7,46,/home/test/bupt_hjk/sdp_dataset/elderAL/action3_sleep_new/user0_position8_activity3/20250813=193657_mimo5s_part0.csv,0,8,3,11,16896,2798,216,33,11,7,1802533.5110790879,3217403.8734988663,657057.4907368637,1194336.9784996624,195242.41907743632,0.7697741935684941,0.2367991912084372,3072,1329,0.4326171875,2.6124017155110795,2.0727719999999996,3.155979,0.5193243480923191,2663,0.16560132575757575,0.01278409090909091,0.011794138670478913,0.20421977363455027,0.1634734774122976
3,7,47,/home/test/bupt_hjk/sdp_dataset/elderAL/action5_drink_new/user0_position8_activity5/20250813=163529_mimo5s_part0.csv,0,8,5,7,10752,1381,75,0,7,4,1021142.3910157268,3552312.0501449974,1687476.554182544,1360952.9558444116,995847.0916503351,0.840179285807223,0.17749772333789773,3072,221,0.07194010416666667,0.5601013758146272,2.564802,3.6002548,0.6813241927013255,1372,0.12844122023809523,0.006975446428571429,0.0,0.47503612587009775,0.7317277848391576
3,7,48,/home/test/bupt_hjk/sdp_dataset/elderAL/action6_sit_TV_new/user0_position8_activity6/20250813=180037_mimo5s_part0.csv,0,8,6,8,12288,2338,33,9,7,5,2265526.472031954,4239998.502531269,2069945.9117021896,1512490.648673986,918866.2384868218,0.6459617308921742,0.3307104530052456,3072,678,0.220703125,1.1599657827202736,2.2438709999999995,3.2537339999999997,0.5960660566289995,1747,0.19026692708333334,0.002685546875,0.003849443969204448,0.4881949629148305,0.6075186245233317
3,7,49,/home/test/bupt_hjk/sdp_dataset/elderAL/action0_static_new/user0_position9_activity0/20250813=210525_mimo5s_part0.csv,0,9,0,11,16896,2966,153,27,10,5,1911073.066548136,3314083.319817865,574552.656369043,1257081.7693931947,151512.64075481126,0.7626309300798844,0.24218056404554056,3072,1431,0.4658203125,2.6535738368172623,3.056364,4.34378,0.5535956610224505,2906,0.17554450757575757,0.009055397727272728,0.009103169251517195,0.17336699199240993,0.12052727550726303
3,7,50,/home/test/bupt_hjk/sdp_dataset/elderAL/action1_walk_new/user0_position9_activity1/20250813=122658_mimo5s_part0.csv,0,9,1,4,6144,568,12,0,3,2,415126.2352397244,2307443.77984453,1899422.9378087833,1052626.801563671,697519.4520413692,0.8945216438298202,0.12079038196550125,3072,227,0.07389322916666667,0.7992957746478874,3.207375,3.207375,1.0,568,0.09244791666666667,0.001953125,0.0,0.8231719248807708,0.662646486869998
3,7,51,/home/test/bupt_hjk/sdp_dataset/elderAL/action2_fall_new/user0_position9_activity2/20250814=004905_mimo5s_part0.csv,0,9,2,8,12288,1860,210,75,7,5,1594350.9990524487,4355611.717558198,2888977.450225423,1346127.8038846424,956733.5637504908,0.7865069269919853,0.23265199107663287,3072,450,0.146484375,0.967741935483871,2.706466,4.639138,0.5567720188973656,1488,0.1513671875,0.01708984375,0.04032258064516129,0.6632770865638626,0.7107301112045665
3,7,52,/home/test/bupt_hjk/sdp_dataset/elderAL/action3_sleep_new/user0_position9_activity3/20250813=194425_mimo5s_part0.csv,0,9,3,15,23040,3989,108,14,14,11,3276217.0987024773,5295616.062385585,1756519.9476936683,1356581.6648616442,751619.8276355295,0.6858443597556689,0.2859990201929583,3072,1219,0.3968098958333333,2.2919278014539985,2.3831270000000004,3.6584252,0.39013912474340684,3167,0.17313368055555556,0.0046875,0.0035096515417397845,0.33169322076993357,0.5540542431790763
3,7,53,/home/test/bupt_hjk/sdp_dataset/elderAL/action5_drink_new/user0_position9_activity5/20250813=164600_mimo5s_part0.csv,0,9,5,7,10752,1540,25,0,6,5,1131574.4723744262,3642990.3440052588,1725116.5894738638,1411370.5726097638,1045873.3832906877,0.8395205193947153,0.18715620861315196,3072,232,0.07552083333333333,0.5272727272727272,3.411051,4.2222826,0.7736039220746881,1408,0.14322916666666666,0.0023251488095238095,0.0,0.4735441015682729,0.741033859985308
3,7,54,/home/test/bupt_hjk/sdp_dataset/elderAL/action6_sit_TV_new/user0_position9_activity6/20250813=181137_mimo5s_part0.csv,0,9,6,15,23040,3970,112,24,15,9,3303664.0718987756,7440528.420581382,3385617.78761876,1422191.1835403405,992478.481694931,0.7255365115367386,0.2744458306465109,3072,847,0.2757161458333333,1.6001259445843827,1.835681,3.1299733999999995,0.34903496736450296,3208,0.1723090277777778,0.004861111111111111,0.006045340050377834,0.4550238365132429,0.6978516624075102
3,7,55,/home/test/bupt_hjk/sdp_dataset/elderAL/action0_static_new/user1_position1_activity0/20250813=210706_mimo5s_part0.csv,1,1,0,21,32256,6605,186,20,20,11,3930828.6138784047,8069785.393436847,1537642.4482442304,1547959.6392557884,1022126.1199559872,0.7737828471984601,0.24122685957235154,6144,2063,0.3357747395833333,1.639780469341408,1.4903009999999997,2.199869,0.27690555692948116,5848,0.20476810515873015,0.005766369047619048,0.003028009084027252,0.19054316481511321,0.6603054072181069
3,7,56,/home/test/bupt_hjk/sdp_dataset/elderAL/action1_walk_new/user1_position1_activity1/20250813=145841_mimo5s_part0.csv,1,1,1,3,4608,520,18,6,3,3,81290.93039539127,278992.16578507423,194743.55893324595,188734.72774750972,116085.57627492274,0.9872145470012325,0.04153016173188243,3072,400,0.13020833333333334,1.153846153846154,1.475441,1.475441,1.0,520,0.11284722222222222,0.00390625,0.011538461538461539,0.6980251878587499,0.6150726877897247
3,7,57,/home/test/bupt_hjk/sdp_dataset/elderAL/action2_fall_new/user1_position1_activity2/20250813=225433_mimo5s_part0.csv,1,1,2,4,6144,561,12,0,4,2,353421.6971237285,2014186.7879160228,1667665.5595367274,971139.5490628278,663377.3843666917,0.9127490888372071,0.11261469225995197,3072,223,0.07259114583333333,0.7950089126559714,3.8375239999999997,3.8375239999999997,1.0,561,0.09130859375,0.001953125,0.0,0.8279597351853234,0.6830917194206191
3,7,58,/home/test/bupt_hjk/sdp_dataset/elderAL/action3_sleep_new/user1_position1_activity3/20250813=182408_mimo5s_part0.csv,1,1,3,15,23040,3616,126,21,15,11,2640968.8922587824,6640194.294430764,2977928.324591517,1320615.931213105,959539.8671489039,0.7765677634086131,0.22029071713135703,3072,1146,0.373046875,2.3769358407079646,1.375978,3.1009459999999995,0.27986150701729373,3072,0.15694444444444444,0.00546875,0.005807522123893806,0.4484700586380661,0.7265851065930121
3,7,59,/home/test/bupt_hjk/sdp_dataset/elderAL/action5_drink_new/user1_position1_activity5/20250813=154717_mimo5s_part0.csv,1,1,5,4,6144,670,52,10,3,2,413569.30049064057,1913089.6322513265,1505914.0578199523,985416.2635612013,624365.7431427552,0.884064104466278,0.14044058426624217,3072,245,0.07975260416666667,0.7313432835820896,1.157062,1.157062,1.0,670,0.10904947916666667,0.008463541666666666,0.014925373134328358,0.7871633573424318,0.633606087326341
3,7,60,/home/test/bupt_hjk/sdp_dataset/elderAL/action6_sit_TV_new/user1_position1_activity6/20250813=165726_mimo5s_part0.csv,1,1,6,15,23040,3728,111,30,15,12,3139487.1563218147,7880946.453237974,3936398.003777544,1483548.778077808,1094367.0463594939,0.7328519593504522,0.2516203330032153,3072,685,0.22298177083333334,1.3780847639484979,1.675134,2.4862045999999998,0.34154679163356816,3040,0.16180555555555556,0.0048177083333333336,0.008047210300429184,0.49948290184870264,0.7376683952228617
3,7,61,/home/test/bupt_hjk/sdp_dataset/elderAL/action0_static_new/user1_position2_activity0/20250813=210823_mimo5s_part0.csv,1,2,0,14,21504,4600,93,13,12,7,3386632.657269693,5388056.111851458,423924.2554649034,1558364.21828335,116604.35267874986,0.7086263649422665,0.28515439287950595,3072,1453,0.4729817708333333,2.211086956521739,1.181443,3.2742865,0.26112036317704773,3548,0.21391369047619047,0.004324776785714286,0.002826086956521739,0.0786785153429357,0.07482483960469646
3,7,62,/home/test/bupt_hjk/sdp_dataset/elderAL/action1_walk_new/user1_position2_activity1/20250813=150205_mimo5s_part0.csv,1,2,1,11,16896,3069,33,0,11,9,2083081.4683786314,4803587.741296687,1879600.153451153,1414988.1984716447,957652.3432464168,0.7670923098182061,0.2488618326188649,3072,1420,0.4622395833333333,2.5448028673835124,3.175015,4.703314,0.4619224904997178,2940,0.181640625,0.001953125,0.0,0.3912908964464488,0.6767917529494557
3,7,63,/home/test/bupt_hjk/sdp_dataset/elderAL/action2_fall_new/user1_position2_activity2/20250813=231944_mimo5s_part0.csv,1,2,2,4,6144,1198,12,0,4,2,1000093.6419563754,1375784.028948062,384132.7080565665,1062307.4146269613,158767.69221811296,0.6877850001763558,0.32683547030183824,3072,1173,0.3818359375,1.958263772954925,2.551935,2.551935,1.0,1198,0.19498697916666666,0.001953125,0.0,0.27921003585881,0.14945550603528984
3,7,64,/home/test/bupt_hjk/sdp_dataset/elderAL/action3_sleep_new/user1_position2_activity3/20250813=183933_mimo5s_part0.csv,1,2,3,15,23040,4072,299,48,15,10,3453056.9725378826,7692616.0128400605,3069363.213965638,1509503.869344834,1065303.0301510447,0.7299092863637132,0.27178810020535016,3072,876,0.28515625,1.6134577603143418,1.604803,2.1514297999999994,0.34744207938326555,3299,0.17673611111111112,0.012977430555555556,0.011787819253438114,0.39900122518041176,0.7057305726638616
3,7,65,/home/test/bupt_hjk/sdp_dataset/elderAL/action5_drink_new/user1_position2_activity5/20250813=155810_mimo5s_part0.csv,1,2,5,7,10752,1494,45,3,5,2,936334.9688421169,2338513.650940567,568753.6836357161,958327.644216887,183038.79585631157,0.8110223900416438,0.18629879724582352,3072,1482,0.482421875,3.4718875502008033,2.222298,2.6121784,0.8446991970352068,1336,0.13895089285714285,0.004185267857142857,0.002008032128514056,0.24321161580859676,0.19099813822639405
3,7,66,/home/test/bupt_hjk/sdp_dataset/elderAL/action6_sit_TV_new/user1_position2_activity6/20250813=171104_mimo5s_part0.csv,1,2,6,7,10752,1582,195,60,7,5,1154902.5632810679,1983436.1967904537,817554.427402957,1141133.8887084136,246957.9281964358,0.7836901520610856,0.2112108295780509,3072,1279,0.4163411458333333,2.829646017699115,2.0744160000000003,3.1496138,0.6483394867393658,1567,0.14713541666666666,0.018136160714285716,0.03792667509481669,0.41219093849648547,0.2164145072196163
3,7,67,/home/test/bupt_hjk/sdp_dataset/elderAL/action0_static_new/user1_position3_activity0/20250813=211253_mimo5s_part0.csv,1,3,0,15,23040,5652,327,54,15,7,4049000.0714354957,6397275.853659583,854923.4243117556,1414646.7529617606,225363.23487317684,0.6343422241130754,0.3574269088502667,3072,1494,0.486328125,1.982484076433121,0.940253,2.4275643999999996,0.2993409585311026,4673,0.2453125,0.014192708333333333,0.009554140127388535,0.1336386680625463,0.1593070739400825
3,7,68,/home/test/bupt_hjk/sdp_dataset/elderAL/action1_walk_new/user1_position3_activity1/20250813=150317_mimo5s_part0.csv,1,3,1,4,6144,607,12,3,4,2,476826.99181297823,2268108.4326942605,1804783.2713564462,1112914.7910193736,711198.3247569165,0.8686753495313512,0.14535935559149973,3072,206,0.06705729166666667,0.6787479406919276,4.839518,4.839518,1.0,607,0.09879557291666667,0.001953125,0.004942339373970346,0.7957217764992675,0.6390411292004619
3,7,69,/home/test/bupt_hjk/sdp_dataset/elderAL/action2_fall_new/user1_position3_activity2/20250813=233702_mimo5s_part0.csv,1,3,2,4,6144,1443,36,6,2,1,1091636.1094603564,1150464.880372336,73005.32723623433,1095516.4572571018,31648.52539115012,0.6674302607880268,0.3543697959964686,3072,1441,0.4690755208333333,1.9972279972279972,0.592693,0.592693,1.0,1443,0.23486328125,0.005859375,0.004158004158004158,0.06345724105250994,0.02888913733928752
3,7,70,/home/test/bupt_hjk/sdp_dataset/elderAL/action3_sleep_new/user1_position3_activity3/20250813=184322_mimo5s_part0.csv,1,3,3,14,21504,3312,183,36,12,10,2077374.9792384682,3814162.6046320256,925306.0806227999,1348219.4563416825,205675.8614931087,0.8019082949816905,0.19366906874986684,3072,1334,0.4342447916666667,2.819444444444444,0.9880240000000002,3.9070614999999997,0.19694130474431645,3154,0.15401785714285715,0.008510044642857142,0.010869565217391304,0.24259743921223556,0.15255369630341825
3,7,71,/home/test/bupt_hjk/sdp_dataset/elderAL/action5_drink_new/user1_position3_activity5/20250813=160324_mimo5s_part0.csv,1,3,5,7,10752,1421,45,0,7,3,992768.646655176,3310611.676205814,1509995.6713511357,1311951.022068079,971865.3414685582,0.8450554331838394,0.17675205300253205,3072,262,0.08528645833333333,0.6453201970443349,1.9307159999999999,2.8202117999999996,0.6799112146916232,1417,0.13216145833333334,0.004185267857142857,0.0,0.4561077586368249,0.7407786762775407
3,7,72,/home/test/bupt_hjk/sdp_dataset/elderAL/action6_sit_TV_new/user1_position3_activity6/20250813=171958_mimo5s_part0.csv,1,3,6,11,16896,2833,78,6,11,6,2077846.8837341138,3774575.7014340553,769536.6559620088,1366196.2631039433,190731.26418183668,0.7619688589115126,0.24044447107825337,3072,1338,0.435546875,2.597599717613837,2.3345260000000003,2.704822,0.4788290979633018,2697,0.16767282196969696,0.004616477272727273,0.002117896223085069,0.2038736845758962,0.13960751418577508
3,7,73,/home/test/bupt_hjk/sdp_dataset/elderAL/action0_static_new/user1_position4_activity0/20250813=211532_mimo5s_part0.csv,1,4,0,11,16896,3362,53,0,11,9,1732755.488169237,3320392.288871688,906621.3305523045,1137810.8420941413,731839.0098803025,0.7963064264348553,0.23591716410249464,3072,278,0.09049479166666667,0.45478881618084477,2.579382,3.5444449999999996,0.49761367939788975,3251,0.19898200757575757,0.003136837121212121,0.0,0.27304645104461017,0.6431991881298587
3,7,74,/home/test/bupt_hjk/sdp_dataset/elderAL/action1_walk_new/user1_position4_activity1/20250813=115613_mimo5s_part0.csv,1,4,1,7,10752,922,21,0,7,6,622871.8374061284,3450861.636918922,2437703.9778390843,1205438.715452032,920217.1639552007,0.8975209578481671,0.11915805978981163,3072,191,0.062174479166666664,0.7250542299349241,2.7634909999999997,3.7249208,0.6585786855741843,896,0.0857514880952381,0.001953125,0.0,0.7064044387521639,0.7633877626123241
3,7,75,/home/test/bupt_hjk/sdp_dataset/elderAL/action2_fall_new/user1_position4_activity2/20250813=234222_mimo5s_part0.csv,1,4,2,4,6144,1159,12,0,4,2,1027878.9635121186,1451655.2966878477,426341.84219078894,1120560.765367779,175614.6285951587,0.6831571607814191,0.32217432961340914,3072,1098,0.357421875,1.8947368421052633,2.6810929999999997,2.6810929999999997,1.0,1159,0.18863932291666666,0.001953125,0.0,0.29369358081325975,0.156720308280221
3,7,76,/home/test/bupt_hjk/sdp_dataset/elderAL/action3_sleep_new/user1_position4_activity3/20250813=185916_mimo5s_part0.csv,1,4,3,12,18432,3168,119,33,11,9,2562793.9449080247,4923646.7565481365,2135825.7610080168,1309723.294006902,748032.4660472991,0.7004781392702528,0.2794157843638769,3072,1117,0.3636067708333333,2.1155303030303028,2.3546715000000003,3.3073439,0.47375046224778583,2490,0.171875,0.006456163194444444,0.010416666666666666,0.4337893976994805,0.5711377887758307
3,7,77,/home/test/bupt_hjk/sdp_dataset/elderAL/action5_drink_new/user1_position4_activity5/20250813=161217_mimo5s_part0.csv,1,4,5,7,10752,1510,39,0,6,3,1012248.487838439,3101113.4284860278,1323843.3746909886,1325430.8280198495,955728.2447221992,0.8344207653456146,0.18769660666537022,3072,261,0.0849609375,0.6049668874172186,3.255788,4.6667528,0.6898196457579368,1450,0.14043898809523808,0.003627232142857143,0.0,0.4268929225646843,0.7210698774450766
3,7,78,/home/test/bupt_hjk/sdp_dataset/elderAL/action6_sit_TV_new/user1_position4_activity6/20250813=173134_mimo5s_part0.csv,1,4,6,7,10752,2212,183,54,6,5,957334.034575063,1673422.4945662948,683480.165025672,997846.5635497493,391534.7677967766,0.8251390528350775,0.1912212006569922,3072,1516,0.4934895833333333,2.3987341772151898,3.228071,4.7737934,0.6460227447838013,2006,0.20572916666666666,0.017020089285714284,0.024412296564195298,0.40843251913068807,0.3923797326153301
3,7,79,/home/test/bupt_hjk/sdp_dataset/elderAL/action0_static_new/user1_position5_activity0/20250813=211700_mimo5s_part0.csv,1,5,0,18,27648,5205,195,24,18,11,3331261.6906227763,5061436.376843732,424985.1671499029,1332003.1505970513,79697.03644379627,0.7305485578271225,0.26131901341234814,3072,1022,0.3326822916666667,1.7671469740634007,0.9042125000000001,1.7519416000000003,0.24642884785613686,5086,0.1882595486111111,0.007052951388888889,0.004610951008645533,0.08396532831949179,0.05983246842026854
3,7,80,/home/test/bupt_hjk/sdp_dataset/elderAL/action1_walk_new/user1_position5_activity1/20250813=120417_mimo5s_part0.csv,1,5,1,4,6144,491,12,0,3,2,316509.0005209845,2053424.5120111336,1740073.795365265,915952.6466172535,654305.5038897439,0.9236854255882101,0.10175559687514706,3072,325,0.10579427083333333,1.3238289205702647,5.41195,5.41195,1.0,491,0.07991536458333333,0.001953125,0.0,0.8474009076968837,0.7143442472776179
3,7,81,/home/test/bupt_hjk/sdp_dataset/elderAL/action2_fall_new/user1_position5_activity2/20250813=235902_mimo5s_part0.csv,1,5,2,4,6144,1236,12,0,3,1,1038633.2058591847,1350057.0266469507,323254.5830251316,1095483.9731599751,143694.50887568627,0.6981893099003135,0.3268578334060031,3072,1222,0.3977864583333333,1.977346278317152,2.812493,2.812493,1.0,1236,0.201171875,0.001953125,0.0,0.23943772495890644,0.1311698869141761
3,7,82,/home/test/bupt_hjk/sdp_dataset/elderAL/action3_sleep_new/user1_position5_activity3/20250813=190225_mimo5s_part0.csv,1,5,3,11,16896,2681,75,9,10,6,1853375.591370624,4630656.802553625,2169471.0354829645,1351089.9937980422,1047309.8820726634,0.7828203768583858,0.22751093035957146,3072,226,0.07356770833333333,0.4636329727713539,2.432406,3.2167440000000003,0.5767700529890173,2583,0.15867660984848486,0.004438920454545455,0.0033569563595673255,0.46850179747429926,0.7751592320868101
3,7,83,/home/test/bupt_hjk/sdp_dataset/elderAL/action5_drink_new/user1_position5_activity5/20250813=161459_mimo5s_part0.csv,1,5,5,4,6144,444,12,0,3,2,345673.4629730343,2310198.245210262,1975469.4354683873,1022810.3126869746,729408.7267167892,0.896514594979795,0.10614639685253205,3072,159,0.0517578125,0.7162162162162162,3.132295,3.132295,1.0,444,0.072265625,0.001953125,0.0,0.8551081880371658,0.7131417406230441
3,7,84,/home/test/bupt_hjk/sdp_dataset/elderAL/action6_sit_TV_new/user1_position5_activity6/20250813=174220_mimo5s_part0.csv,1,5,6,12,18432,3032,179,31,12,7,2291370.0952876597,4296797.431297169,1741475.5305108172,1260674.0207818183,659792.9999674314,0.7338805937358616,0.26323574012077655,3072,838,0.2727864583333333,1.6583113456464378,2.4071605,3.9628406,0.4704682146325599,2304,0.1644965277777778,0.009711371527777778,0.010224274406332454,0.40529616728640605,0.523365270554441
3,7,85,/home/test/bupt_hjk/sdp_dataset/elderAL/action0_static_new/user1_position6_activity0/20250813=211901_mimo5s_part0.csv,1,6,0,21,32256,4586,431,57,19,9,2471788.1174142463,5649311.0041610375,1306528.1703512596,1163509.4070011135,345268.5499204574,0.8287635019789907,0.1766724791996883,4608,1377,0.298828125,2.101831661578718,0.598557,3.069038,0.1362599533140683,4562,0.14217509920634921,0.013361855158730158,0.012429132141299608,0.231272126705173,0.2967475362406992
3,7,86,/home/test/bupt_hjk/sdp_dataset/elderAL/action1_walk_new/user1_position6_activity1/20250813=150558_mimo5s_part0.csv,1,6,1,12,18432,1546,134,23,12,10,1161016.0671974602,5831540.568274444,4540735.281992694,1219008.576549938,931140.2469507651,0.8734423010119045,0.12710904076127444,3072,447,0.1455078125,1.7347994825355757,2.501138,3.0034567999999995,0.49921937654712545,1387,0.08387586805555555,0.007269965277777778,0.014877102199223804,0.7786510663572903,0.7638504477024244
3,7,87,/home/test/bupt_hjk/sdp_dataset/elderAL/action2_fall_new/user1_position6_activity2/20250814=001238_mimo5s_part0.csv,1,6,2,10,15360,2166,143,9,9,6,1405604.699650595,3483802.993303364,719190.6351618968,995008.423861918,235066.0252778668,0.8234478361459137,0.19664707492344452,3072,1252,0.4075520833333333,2.8901200369344413,1.1577764999999998,1.3018288999999998,0.49229314700253374,2146,0.141015625,0.009309895833333333,0.004155124653739612,0.20643837683828262,0.23624526148784447
3,7,88,/home/test/bupt_hjk/sdp_dataset/elderAL/action3_sleep_new/user1_position6_activity3/20250813=191539_mimo5s_part0.csv,1,6,3,11,16896,2595,46,9,9,7,1829356.7852659724,4945064.935396319,2823152.2308539064,1423922.463932749,1093278.8498426476,0.811323219565385,0.20864320270205203,3072,1293,0.4208984375,2.7404624277456646,2.8005459999999998,3.4443149999999996,0.5391765337592511,2189,0.15358664772727273,0.002722537878787879,0.003468208092485549,0.5709029644173209,0.7677938072717158
3,7,89,/home/test/bupt_hjk/sdp_dataset/elderAL/action5_drink_new/user1_position6_activity5/20250813=162230_mimo5s_part0.csv,1,6,5,3,4608,577,90,27,3,3,154771.02283846354,470972.0244248481,305764.0139988266,316904.99667720706,176455.9471794987,0.9694735761414388,0.07335134715609212,3072,466,0.15169270833333334,1.2114384748700173,1.8520379999999999,1.8520379999999999,1.0,577,0.1252170138888889,0.01953125,0.04679376083188908,0.6492190579094931,0.5568102397553331
3,7,90,/home/test/bupt_hjk/sdp_dataset/elderAL/action6_sit_TV_new/user1_position6_activity6/20250813=174415_mimo5s_part0.csv,1,6,6,11,16896,2180,201,48,10,9,1548518.1683320708,3957050.9411685364,2327611.9404624086,1235616.5938535896,708499.1892679096,0.7613567778690705,0.20905135703500446,3072,608,0.19791666666666666,1.5339449541284402,2.5242310000000003,4.059698,0.4839724674776874,1689,0.12902462121212122,0.011896306818181818,0.022018348623853212,0.5882188465774599,0.5733972761390909
3,7,91,/home/test/bupt_hjk/sdp_dataset/elderAL/action0_static_new/user1_position7_activity0/20250813=212115_mimo5s_part0.csv,1,7,0,18,27648,4291,414,90,18,13,2644163.750159189,4666621.572491879,534122.6283445326,1114884.0546506876,99139.9688023155,0.8085590287489058,0.1990102815989607,3072,1461,0.4755859375,3.064320671172221,0.9759864999999999,2.1723063000000007,0.22911169631387984,4156,0.15520109953703703,0.014973958333333334,0.020974131903985085,0.11445595492315058,0.08892401715564742
3,7,92,/home/test/bupt_hjk/sdp_dataset/elderAL/action1_walk_new/user1_position7_activity1/20250813=121435_mimo5s_part0.csv,1,7,1,3,4608,573,9,0,3,3,158617.48459816736,612474.6728947695,409352.23520995816,354733.24754851696,211633.44218289555,0.972945508155938,0.07161943478025888,3072,403,0.13118489583333334,1.0549738219895288,2.5727729999999998,2.5727729999999998,1.0,573,0.12434895833333333,0.001953125,0.0,0.6683578167815762,0.5965988348863477
3,7,93,/home/test/bupt_hjk/sdp_dataset/elderAL/action2_fall_new/user1_position7_activity2/20250814=001943_mimo5s_part0.csv,1,7,2,4,6144,1200,36,6,3,2,1134064.5646732785,1647379.9753485257,512581.41864234273,1207215.0377601706,207541.88530298,0.6769819842947383,0.3322972517465471,3072,1199,0.3902994791666667,1.9983333333333335,1.772084,1.772084,1.0,1200,0.1953125,0.005859375,0.005,0.31114947754169414,0.1719179092467625
3,7,94,/home/test/bupt_hjk/sdp_dataset/elderAL/action3_sleep_new/user1_position7_activity3/20250813=192335_mimo5s_part0.csv,1,7,3,17,26112,4139,495,66,15,14,2137401.390692186,4445685.46753349,1542777.2584892577,1292625.5789991922,308765.4886653245,0.8466209899021324,0.16744544215895585,3072,2236,0.7278645833333334,4.591930417975357,1.056759,2.6599329999999997,0.23497433370585,3256,0.1585094975490196,0.018956801470588234,0.015945880647499397,0.3470279824688555,0.23886691837274673
3,7,95,/home/test/bupt_hjk/sdp_dataset/elderAL/action5_drink_new/user1_position7_activity5/20250813=162920_mimo5s_part0.csv,1,7,5,4,6144,500,12,0,4,2,372943.35235226015,2292415.895857364,1923037.9392295592,1018516.8998444942,685363.5820026291,0.8916985154914506,0.11590586044698455,3072,176,0.057291666666666664,0.704,2.98831,2.98831,1.0,500,0.08138020833333333,0.001953125,0.0,0.8388695710515227,0.6729034953737827
3,7,96,/home/test/bupt_hjk/sdp_dataset/elderAL/action6_sit_TV_new/user1_position7_activity6/20250813=175338_mimo5s_part0.csv,1,7,6,18,27648,4179,187,44,17,9,3303985.6614805735,8254493.079722125,3652672.6626659436,1382019.653822905,932558.7633789515,0.7395824241843317,0.2534256289702917,3072,696,0.2265625,1.4989231873653985,1.6102764999999999,2.5349939999999997,0.3037487286242885,3539,0.1511501736111111,0.006763599537037037,0.010528834649437664,0.44250720515340297,0.6747796681467828
3,7,97,/home/test/bupt_hjk/sdp_dataset/elderAL/action0_static_new/user1_position8_activity0/20250813=212306_mimo5s_part0.csv,1,8,0,15,23040,5054,72,9,12,7,2725424.1852656603,4827706.643126344,281281.1514526775,1201422.989090744,55416.39401629683,0.7347829142713093,0.271706738668286,3072,1778,0.5787760416666666,2.6385041551246533,1.8393279999999999,2.931564,0.3683419397965449,4632,0.2193576388888889,0.003125,0.001780767708745548,0.0582639278327244,0.04612563145494397
3,7,98,/home/test/bupt_hjk/sdp_dataset/elderAL/action1_walk_new/user1_position8_activity1/20250813=122213_mimo5s_part0.csv,1,8,1,7,10752,1761,33,6,7,5,1046762.0574325413,1557839.6007127927,484437.7009871077,1044074.5631975475,156384.07010212552,0.8196295474645939,0.18504969319880904,3072,1353,0.4404296875,2.689097103918228,3.519179,3.6971626,0.9418086087472682,1743,0.16378348214285715,0.0030691964285714285,0.0034071550255536627,0.31096763798111965,0.14978247302873557
3,7,99,/home/test/bupt_hjk/sdp_dataset/elderAL/action2_fall_new/user1_position8_activity2/20250814=003638_mimo5s_part0.csv,1,8,2,4,6144,676,52,10,3,2,450348.8907382166,2158225.528193304,1714496.7798273617,1046234.6364317382,654244.2254348804,0.9007316678635087,0.13263450171197694,3072,269,0.08756510416666667,0.7958579881656804,1.449684,1.449684,1.0,676,0.11002604166666667,0.008463541666666666,0.014792899408284023,0.7944011213983754,0.6253322177004477
3,7,100,/home/test/bupt_hjk/sdp_dataset/elderAL/action3_sleep_new/user1_position8_activity3/20250813=194048_mimo5s_part0.csv,1,8,3,22,33792,5548,498,54,22,16,3622012.3977906993,8042703.586407056,2615390.6463417904,1336526.641679104,1017257.2128618504,0.7852714201846592,0.2259373601454971,6144,1714,0.2789713541666667,1.6991708723864456,1.1723575,1.8050090000000003,0.2655123947644783,5023,0.16418087121212122,0.01473721590909091,0.00973323720259553,0.3251879940921922,0.7611200414111092
3,7,101,/home/test/bupt_hjk/sdp_dataset/elderAL/action5_drink_new/user1_position8_activity5/20250813=163618_mimo5s_part0.csv,1,8,5,7,10752,1511,87,0,7,7,1169321.9008706142,2092866.4505259194,940364.6499532884,1218506.3371458214,328207.02180450445,0.8095259324319393,0.19579586613277714,3072,1133,0.3688151041666667,2.624420913302449,3.120148,3.3394784,0.8887474809334255,1480,0.14053199404761904,0.008091517857142858,0.0,0.4493189948727893,0.2693519202971754
3,7,102,/home/test/bupt_hjk/sdp_dataset/elderAL/action6_sit_TV_new/user1_position8_activity6/20250813=180307_mimo5s_part0.csv,1,8,6,8,12288,1962,116,16,8,6,1506342.1554416632,3795218.4863962885,1721438.8620581059,1326568.9835453904,939496.4641560644,0.76750927570961,0.23978294810711395,3072,346,0.11263020833333333,0.7054026503567787,3.1191969999999998,3.5217897,0.8685041371765625,1778,0.15966796875,0.009440104166666666,0.00815494393476045,0.45358096463444475,0.7082153101794711
3,7,103,/home/test/bupt_hjk/sdp_dataset/elderAL/action0_static_new/user1_position9_activity0/20250813=212424_mimo5s_part0.csv,1,9,0,11,16896,3346,237,33,11,8,2151125.1197928265,4041040.68539468,1027142.853756516,1391871.3921023258,863250.9280381135,0.768393037252927,0.2562046825748102,3072,1556,0.5065104166666666,2.5576808129109385,1.6971939999999996,3.201098,0.4268271306286266,3270,0.19803503787878787,0.014026988636363636,0.00986252241482367,0.2541778056006375,0.6202088303102721
3,7,104,/home/test/bupt_hjk/sdp_dataset/elderAL/action1_walk_new/user1_position9_activity1/20250813=122920_mimo5s_part0.csv,1,9,1,6,9216,1483,26,0,6,5,1356836.3107990855,2491542.2084877207,1130138.5269351199,1060681.4055183018,379369.5083412351,0.7180079331671994,0.26592453238038893,3072,889,0.2893880208333333,1.7983816587997303,3.5520899999999997,3.6163,0.9822442828305173,1447,0.1609157986111111,0.0028211805555555555,0.0,0.4535899584944518,0.3576658423231774
3,7,105,/home/test/bupt_hjk/sdp_dataset/elderAL/action2_fall_new/user1_position9_activity2/20250814=005641_mimo5s_part0.csv,1,9,2,4,6144,672,52,10,2,2,361244.60193137836,1957062.2989832032,1596663.6335424373,954166.5620091271,636387.9319783578,0.923373096824931,0.1155999772320501,3072,221,0.07194010416666667,0.6577380952380952,1.574744,1.574744,1.0,672,0.109375,0.008463541666666666,0.01488095238095238,0.8158471165542293,0.6669568577611406
3,7,106,/home/test/bupt_hjk/sdp_dataset/elderAL/action3_sleep_new/user1_position9_activity3/20250813=194226_mimo5s_part0.csv,1,9,3,11,16896,2683,33,0,11,8,1936767.807325235,4769238.120020561,2054267.541768688,1376926.7323226694,984242.2835822336,0.7859732786663438,0.23330135879949473,3072,1205,0.3922526041666667,2.4701826313827806,2.7497979999999997,3.465658,0.5313512540037842,2632,0.15879498106060605,0.001953125,0.0,0.43073285293623204,0.7148109340007976
3,7,107,/home/test/bupt_hjk/sdp_dataset/elderAL/action5_drink_new/user1_position9_activity5/20250813=164307_mimo5s_part0.csv,1,9,5,9,13824,2583,60,21,7,5,2336040.3565740157,4182636.385282971,1639289.6310805334,1464417.506418245,748446.1375499247,0.6609087615370778,0.31917609831851,3072,1275,0.4150390625,2.221254355400697,2.477534,4.6106996,0.5042600484775015,1899,0.18684895833333334,0.004340277777777778,0.008130081300813009,0.3919273587463973,0.5110879474396045
3,7,108,/home/test/bupt_hjk/sdp_dataset/elderAL/action6_sit_TV_new/user1_position9_activity6/20250813=180912_mimo5s_part0.csv,1,9,6,8,12288,2501,81,18,7,4,2342774.906685151,3985210.1666194303,1453957.9389604256,1473950.6243174186,714343.8890128944,0.6276237583313131,0.35253423859574123,3072,1169,0.3805338541666667,1.8696521391443424,1.851484,2.1933938,0.7257061732788876,1786,0.20353190104166666,0.006591796875,0.007197121151539384,0.36483845974772955,0.484645738620793
3,7,109,/home/test/bupt_hjk/sdp_dataset/elderAL/action0_static_new/user2_position1_activity0/20250813=211029_mimo5s_part0.csv,2,1,0,8,12288,2517,33,9,7,4,2093111.336220154,3916158.9154330003,1773071.776664827,1411438.4935409694,853477.5594561794,0.6437518350922723,0.33601452889600675,3072,418,0.13606770833333334,0.6642828764402067,2.027742,2.547265,0.6504639475867219,1845,0.204833984375,0.002685546875,0.003575685339690107,0.4527578719232804,0.6046863277159202
3,7,110,/home/test/bupt_hjk/sdp_dataset/elderAL/action1_walk_new/user2_position1_activity1/20250813=151001_mimo5s_part0.csv,2,1,1,4,6144,1265,12,3,4,1,963704.176413136,1310964.1539332634,370305.5279756433,1024968.1137389141,154530.5662412335,0.6813123358703915,0.33047739690360367,3072,1251,0.4072265625,1.9778656126482212,2.0433909999999997,2.0433909999999997,1.0,1265,0.20589192708333334,0.001953125,0.0023715415019762848,0.28246808035492194,0.15076621815827182
3,7,111,/home/test/bupt_hjk/sdp_dataset/elderAL/action2_fall_new/user2_position1_activity2/20250813=231223_mimo5s_part0.csv,2,1,2,3,4608,438,108,24,3,3,15951.28065667578,79284.60222163003,60571.745021572526,47905.321296211434,33455.074036397375,0.9995744435395927,0.00803659865828949,3072,352,0.11458333333333333,1.2054794520547945,0.307951,0.307951,1.0,438,0.09505208333333333,0.0234375,0.0547945205479452,0.7639786708174673,0.698358201785887
3,7,112,/home/test/bupt_hjk/sdp_dataset/elderAL/action3_sleep_new/user2_position1_activity3/20250813=183154_mimo5s_part0.csv,2,1,3,8,12288,2438,49,23,8,5,2270494.279550529,4355961.97763917,1912398.0470678455,1490217.6544690817,810911.5330597262,0.6505768009137046,0.3381475338569807,3072,740,0.24088541666666666,1.214109926168991,2.793199,3.7474841,0.6023948720072188,1816,0.19840494791666666,0.003987630208333333,0.009433962264150943,0.43903001377994594,0.544156439583068
3,7,113,/home/test/bupt_hjk/sdp_dataset/elderAL/action5_drink_new/user2_position1_activity5/20250813=155213_mimo5s_part0.csv,2,1,5,11,16896,3324,33,0,11,6,2756351.9669948146,5036927.20346617,1292533.7408413563,1405868.6448220813,312542.88241029624,0.6782452146698473,0.321240726801717,3072,879,0.2861328125,1.45442238267148,3.1920650000000004,4.516774,0.5017367092777906,2504,0.19673295454545456,0.001953125,0.0,0.25661155872014535,0.22231300453382674
3,7,114,/home/test/bupt_hjk/sdp_dataset/elderAL/action6_sit_TV_new/user2_position1_activity6/20250813=170504_mimo5s_part0.csv,2,1,6,4,6144,1149,12,0,4,2,1002635.0379728837,1527219.3166390145,524960.6971349766,1086957.3852606146,201580.9866655044,0.7068585711906056,0.30768844438872384,3072,1097,0.3570963541666667,1.9094865100087033,4.596902,4.596902,1.0,1149,0.18701171875,0.001953125,0.0,0.3437362868682602,0.18545436039994548
3,7,115,/home/test/bupt_hjk/sdp_dataset/elderAL/action0_static_new/user2_position2_activity0/20250813=212551_mimo5s_part0.csv,2,2,0,20,30720,3704,534,57,19,12,1834553.4553243471,3956760.522396324,325214.70162725786,929142.4566068223,62282.9647291204,0.863681294585178,0.13883640534183606,3072,1480,0.4817708333333333,3.995680345572354,0.872516,1.0361342999999998,0.2778408104841984,3655,0.12057291666666667,0.0173828125,0.015388768898488121,0.08219216194319963,0.06703274001338223
3,7,116,/home/test/bupt_hjk/sdp_dataset/elderAL/action1_walk_new/user2_position2_activity1/20250813=151228_mimo5s_part0.csv,2,2,1,7,10752,1635,30,12,7,7,1027350.4055906482,1590729.6918810531,582615.4874990156,1097877.8576424704,199262.4957016596,0.8035302506677093,0.1985448873506332,3072,1315,0.4280598958333333,2.814984709480122,3.956069,4.8101314,0.790245748957527,1603,0.15206473214285715,0.0027901785714285715,0.007339449541284404,0.36625675026538745,0.18149787275020393
3,7,117,/home/test/bupt_hjk/sdp_dataset/elderAL/action2_fall_new/user2_position2_activity2/20250813=231614_mimo5s_part0.csv,2,2,2,8,12288,2744,135,33,7,4,2199780.9563875603,3492866.6680824477,1040898.9168588254,1272521.543457536,675690.4717753779,0.628194733914968,0.3667484218707282,3072,1377,0.4482421875,2.0072886297376096,2.769748,3.0654011,0.900998572909615,1884,0.22330729166666666,0.010986328125,0.012026239067055394,0.298007057174693,0.5309854872393566
3,7,118,/home/test/bupt_hjk/sdp_dataset/elderAL/action3_sleep_new/user2_position2_activity3/20250813=183536_mimo5s_part0.csv,2,2,3,18,27648,4611,464,33,18,11,3324661.9159470787,6389118.639483369,1806638.5558868241,1536066.5344587436,727885.1499887708,0.772692297545942,0.2292143426711268,3072,1242,0.404296875,2.424202992843201,1.3418005,2.3680689,0.28875442046096966,3694,0.1667751736111111,0.01678240740740741,0.0071567989590110605,0.282768040136583,0.4738630350053504
3,7,119,/home/test/bupt_hjk/sdp_dataset/elderAL/action5_drink_new/user2_position2_activity5/20250813=155604_mimo5s_part0.csv,2,2,5,7,10752,1482,87,33,7,7,956386.1861091069,1824449.528545713,863267.4120175336,1086857.7630812852,271583.1445030677,0.8271758951693611,0.17887810787963604,3072,1160,0.3776041666666667,2.7395411605937925,3.567177,5.023051199999999,0.7056784414360467,1437,0.13783482142857142,0.008091517857142858,0.022267206477732792,0.4731659596555968,0.2498791964581627
3,7,120,/home/test/bupt_hjk/sdp_dataset/elderAL/action6_sit_TV_new/user2_position2_activity6/20250813=170911_mimo5s_part0.csv,2,2,6,4,6144,1381,48,9,3,1,1082914.1148118589,1229216.851695824,168289.63157988753,1101287.2224852047,73391.16518111197,0.6899801762937665,0.3311197137135772,3072,1376,0.4479166666666667,1.99275887038378,2.0627619999999998,2.0627619999999998,1.0,1381,0.22477213541666666,0.0078125,0.0065170166545981175,0.1369080088250626,0.06664125732385671
3,7,121,/home/test/bupt_hjk/sdp_dataset/elderAL/action0_static_new/user2_position3_activity0/20250813=212825_mimo5s_part0.csv,2,3,0,19,29184,4871,317,15,19,13,3376824.0784272887,5869174.203825314,1389442.4699549077,1329613.9761466233,406237.1245916765,0.7552357581005322,0.23747549049486982,3072,1506,0.490234375,2.9371792239786494,1.7963410000000004,2.893598,0.31026666814055665,4638,0.16690652412280702,0.010862116228070175,0.003079449804968179,0.2367355988597714,0.30553012519392975
3,7,122,/home/test/bupt_hjk/sdp_dataset/elderAL/action1_walk_new/user2_position3_activity1/20250813=151416_mimo5s_part0.csv,2,3,1,7,10752,1546,21,3,7,5,1047485.0359443845,3373611.676736866,1467417.326661704,1361601.0025024794,994666.6518990124,0.8381670902468575,0.19075342712743376,3072,231,0.0751953125,0.5229624838292367,2.7593309999999995,3.8748435999999997,0.6980623819362418,1497,0.14378720238095238,0.001953125,0.0019404915912031048,0.4349692458027852,0.7305125731186447
3,7,123,/home/test/bupt_hjk/sdp_dataset/elderAL/action2_fall_new/user2_position3_activity2/20250813=233327_mimo5s_part0.csv,2,3,2,4,6144,1321,36,6,2,2,799069.13416897,937846.2043986323,144174.20891136478,826851.6707114526,77406.6632861917,0.7288291445176407,0.3034337279810036,3072,1295,0.4215494791666667,1.960635881907646,0.326381,0.326381,1.0,1321,0.21500651041666666,0.005859375,0.004542013626040878,0.15372905305280035,0.093616141840275
3,7,124,/home/test/bupt_hjk/sdp_dataset/elderAL/action3_sleep_new/user2_position3_activity3/20250813=185029_mimo5s_part0.csv,2,3,3,11,16896,3083,264,33,11,7,2214424.9672699533,4613927.564438551,1435253.776466546,1534005.340273547,1011053.3226331823,0.7794221230915597,0.2431248035870123,3072,228,0.07421875,0.4067466753162504,1.2812,2.522379,0.39753930246311775,3036,0.18246922348484848,0.015625,0.010703859876743431,0.31106985457002856,0.6590937437368303
3,7,125,/home/test/bupt_hjk/sdp_dataset/elderAL/action5_drink_new/user2_position3_activity5/20250813=160608_mimo5s_part0.csv,2,3,5,4,6144,1176,12,0,4,1,1025066.0251748579,1446317.3196548552,431241.51680846745,1097142.1928944292,183426.345205657,0.6960707092341166,0.3129985491603495,3072,1160,0.3776041666666667,1.9727891156462587,3.0598549999999998,3.0598549999999998,1.0,1176,0.19140625,0.001953125,0.0,0.2981652165455487,0.16718557211053037
3,7,126,/home/test/bupt_hjk/sdp_dataset/elderAL/action6_sit_TV_new/user2_position3_activity6/20250813=172559_mimo5s_part0.csv,2,3,6,8,12288,2143,48,6,8,5,1700466.5208867844,2127575.6173220584,437949.5644426213,1178183.9566572981,128949.73630071062,0.7523225870879741,0.24993945526973638,3072,1396,0.4544270833333333,2.6056929538030795,2.147589,3.5493557,0.5483670319316402,2094,0.17439778645833334,0.00390625,0.0027998133457769483,0.20584441787966185,0.10944787999538055
3,7,127,/home/test/bupt_hjk/sdp_dataset/elderAL/action0_static_new/user2_position4_activity0/20250813=212927_mimo5s_part0.csv,2,4,0,11,16896,3827,59,2,11,3,2414499.0746808783,3720107.1624784493,266791.5568078542,1141635.7607591122,69776.29992077655,0.6606572725120256,0.3330911372908731,3072,998,0.3248697916666667,1.4342827279853672,2.3301169999999995,3.0780589999999997,0.5220197250819227,2859,0.2265033143939394,0.0034919507575757575,0.0005226025607525476,0.071716094498232,0.0611195814980252
3,7,128,/home/test/bupt_hjk/sdp_dataset/elderAL/action1_walk_new/user2_position4_activity1/20250813=151646_mimo5s_part0.csv,2,4,1,4,6144,584,12,3,4,3,440126.8521843133,1601342.3870009338,1130457.2269233335,872386.8634916993,502354.6488310944,0.8456046162800048,0.1544341997721608,3072,561,0.1826171875,1.9212328767123288,4.618024,4.618024,1.0,584,0.09505208333333333,0.001953125,0.005136986301369863,0.7059434859777269,0.5758393092033007
3,7,129,/home/test/bupt_hjk/sdp_dataset/elderAL/action2_fall_new/user2_position4_activity2/20250813=234612_mimo5s_part0.csv,2,4,2,4,6144,665,12,0,3,2,305530.06284044974,1926644.92480471,1631256.9102111207,896742.1306023949,620700.095539331,0.942185153462646,0.09752475479037838,3072,206,0.06705729166666667,0.6195488721804512,1.83964,1.83964,1.0,665,0.10823567708333333,0.001953125,0.0,0.8466826913508566,0.6921723362349106
3,7,130,/home/test/bupt_hjk/sdp_dataset/elderAL/action3_sleep_new/user2_position4_activity3/20250813=185412_mimo5s_part0.csv,2,4,3,14,21504,3067,175,5,13,10,1939160.2920240383,4140552.938510596,1411244.4638211038,1131789.5032910448,354600.6139866072,0.8158230468585005,0.19475840972738612,3072,1274,0.4147135416666667,2.9077274209325075,1.5418494999999997,4.0615727999999995,0.3117698121555183,2977,0.14262462797619047,0.008138020833333334,0.0016302575806977503,0.34083478336802636,0.3133096860816353
3,7,131,/home/test/bupt_hjk/sdp_dataset/elderAL/action5_drink_new/user2_position4_activity5/20250813=160753_mimo5s_part0.csv,2,4,5,11,16896,2827,97,33,11,7,2099377.8540018233,5289497.719671976,2510098.495939103,1518756.8611292625,1104219.4447019394,0.7749010751167857,0.23275250356775934,3072,1382,0.4498697916666667,2.6887159533073928,2.4048049999999996,3.7586649999999997,0.499941582130535,2793,0.16731770833333334,0.005741003787878788,0.011673151750972763,0.47454382797139477,0.7270547860313228
3,7,132,/home/test/bupt_hjk/sdp_dataset/elderAL/action6_sit_TV_new/user2_position4_activity6/20250813=173011_mimo5s_part0.csv,2,4,6,8,12288,2257,96,33,7,3,1653491.1122167814,3298041.6534205135,820006.8976611157,1169948.6111291833,272948.99572852533,0.7281360305275782,0.27645590720404734,3072,1228,0.3997395833333333,2.17634027470093,3.1849144999999996,4.6517015,0.6494726487184449,2244,0.18367513020833334,0.0078125,0.014621178555604785,0.24863448792730017,0.23329998696702317
3,7,133,/home/test/bupt_hjk/sdp_dataset/elderAL/action0_static_new/user2_position5_activity0/20250813=213138_mimo5s_part0.csv,2,5,0,15,23040,4373,162,39,11,8,2956202.4255151213,4186407.271333957,722646.0062300328,1231236.9058895595,141311.68116914586,0.7190660232438975,0.27124081579061227,3072,1259,0.4098307291666667,2.159272810427624,1.9233590000000005,2.5165458,0.3700947308000848,3144,0.18980034722222222,0.00703125,0.008918362680082323,0.172617225079434,0.11477212914361856
3,7,134,/home/test/bupt_hjk/sdp_dataset/elderAL/action1_walk_new/user2_position5_activity1/20250813=151940_mimo5s_part0.csv,2,5,1,4,6144,619,20,2,2,2,406696.6344828297,1806728.187316936,1403563.191568499,949396.09046448,608773.6737753535,0.8806181017366008,0.13562785325319796,3072,336,0.109375,1.0856219709208401,4.638408,4.638408,1.0,619,0.10074869791666667,0.0032552083333333335,0.0032310177705977385,0.7768535419004265,0.6412220145940549
3,7,135,/home/test/bupt_hjk/sdp_dataset/elderAL/action2_fall_new/user2_position5_activity2/20250814=000255_mimo5s_part0.csv,2,5,2,8,12288,2400,255,47,7,5,1718060.448786118,2244564.118336226,538615.1961650439,1155593.9928857516,169992.86787580795,0.746955542810972,0.25191628257744597,3072,1298,0.4225260416666667,2.1633333333333336,1.7623665,2.8783184,0.5457865185937616,2270,0.1953125,0.020751953125,0.019583333333333335,0.2399642726910783,0.14710431944293983
3,7,136,/home/test/bupt_hjk/sdp_dataset/elderAL/action3_sleep_new/user2_position5_activity3/20250813=190932_mimo5s_part0.csv,2,5,3,11,16896,2384,111,0,10,4,1918594.6933754017,4848284.586649888,1264601.0784868607,1334201.83994723,340216.8509649837,0.7701669722328481,0.22484015157895756,3072,1185,0.3857421875,2.733850671140939,3.0759819999999998,3.4508099999999997,0.6140703178511245,2255,0.14109848484848486,0.006569602272727273,0.0,0.26083474595716466,0.2549965385885241
3,7,137,/home/test/bupt_hjk/sdp_dataset/elderAL/action5_drink_new/user2_position5_activity5/20250813=161739_mimo5s_part0.csv,2,5,5,17,26112,4888,381,33,16,11,3809372.054868799,6985688.822313182,2150573.171436799,1459018.9420087808,448960.93288308196,0.7356781779257326,0.2761175851562197,3072,1429,0.4651692708333333,2.4849631751227497,1.7196449999999999,2.4370249999999998,0.3658739746499118,4139,0.1871936274509804,0.014590992647058824,0.006751227495908347,0.30785413237526327,0.30771425918909007
3,7,138,/home/test/bupt_hjk/sdp_dataset/elderAL/action6_sit_TV_new/user2_position5_activity6/20250813=173914_mimo5s_part0.csv,2,5,6,4,6144,1211,12,0,4,1,876169.3846531155,1206806.6875460695,360559.7576684895,939741.4443157348,152877.63894525782,0.7027080462992382,0.3184146605948001,3072,1195,0.3889973958333333,1.9735755573905862,4.612487,4.612487,1.0,1211,0.19710286458333334,0.001953125,0.0,0.29877175971045916,0.16268053289548642
3,7,139,/home/test/bupt_hjk/sdp_dataset/elderAL/action0_static_new/user2_position6_activity0/20250813=213300_mimo5s_part0.csv,2,6,0,14,21504,3310,266,23,14,8,1954415.183375555,3402035.014552013,487468.86401613394,1182708.609671167,147991.3037170095,0.7905728271605398,0.2092427051276193,3072,1261,0.4104817708333333,2.666767371601208,1.2849015000000001,2.0010162,0.47615132767466556,3272,0.1539248511904762,0.012369791666666666,0.006948640483383686,0.14328743294263974,0.1251291336740637
3,7,140,/home/test/bupt_hjk/sdp_dataset/elderAL/action1_walk_new/user2_position6_activity1/20250813=121041_mimo5s_part0.csv,2,6,1,4,6144,671,20,2,4,2,423079.51715100725,1966471.6914552257,1550106.1346718508,936557.4727750316,578914.8224175535,0.8980697739021347,0.13444396549367935,3072,327,0.1064453125,0.9746646795827124,1.733377,1.733377,1.0,671,0.10921223958333333,0.0032552083333333335,0.0029806259314456036,0.7882677088144318,0.6181305891481722
3,7,141,/home/test/bupt_hjk/sdp_dataset/elderAL/action2_fall_new/user2_position6_activity2/20250814=000625_mimo5s_part0.csv,2,6,2,3,4608,688,108,33,3,3,162831.86206581417,360427.5563947279,192181.21967535006,257933.13780603308,109237.47967382518,0.9749105152915706,0.07458758018162241,3072,593,0.19303385416666666,1.2928779069767442,1.546074,1.546074,1.0,688,0.14930555555555555,0.0234375,0.04796511627906977,0.5332034586858275,0.4235108392934462
3,7,142,/home/test/bupt_hjk/sdp_dataset/elderAL/action3_sleep_new/user2_position6_activity3/20250813=191132_mimo5s_part0.csv,2,6,3,18,27648,4469,411,21,16,12,3292314.7047731914,7231659.127226888,2854025.8430395564,1487038.132806588,811632.865220258,0.7542833753719609,0.2308254518284504,3072,1118,0.3639322916666667,2.2515104050123074,1.8444059999999998,2.4473812,0.37558241659334174,3708,0.16163917824074073,0.014865451388888888,0.004699037816066234,0.39465713093338023,0.5458050115287953
3,7,143,/home/test/bupt_hjk/sdp_dataset/elderAL/action5_drink_new/user2_position6_activity5/20250813=162526_mimo5s_part0.csv,2,6,5,8,12288,1387,91,32,7,5,1237717.5170766837,4077642.088907844,2984070.528486987,1285231.3890278866,1005609.1620582922,0.7886643722506802,0.19561248844748125,3072,330,0.107421875,0.9516943042537852,1.8743139999999998,2.484743,0.6876159974172862,1151,0.11287434895833333,0.007405598958333333,0.023071377072819033,0.73181276419634,0.7824343310031566
3,7,144,/home/test/bupt_hjk/sdp_dataset/elderAL/action6_sit_TV_new/user2_position6_activity6/20250813=174916_mimo5s_part0.csv,2,6,6,7,10752,1414,21,0,7,5,858020.5293532072,2658349.3375830385,1404443.207533848,1122817.8317905935,658888.5726567697,0.8240686404471045,0.1890513041357443,3072,470,0.15299479166666666,1.1633663366336633,3.2186259999999995,4.9555104,0.6437026704065357,1335,0.13151041666666666,0.001953125,0.0,0.5283140133910176,0.5868169831307533
3,7,145,/home/test/bupt_hjk/sdp_dataset/elderAL/action0_static_new/user2_position7_activity0/20250813=213523_mimo5s_part0.csv,2,7,0,10,15360,1740,118,6,10,6,986967.3863151093,2784435.6158675305,1166822.7290885786,1130890.8251436919,777843.0514544854,0.8717746927334868,0.13794817743730586,3072,480,0.15625,1.3793103448275863,1.5125084999999998,1.8811143,0.6807290623544316,1713,0.11328125,0.007682291666666666,0.0034482758620689655,0.41905179004293064,0.6878144504847779
3,7,146,/home/test/bupt_hjk/sdp_dataset/elderAL/action1_walk_new/user2_position7_activity1/20250813=121734_mimo5s_part0.csv,2,7,1,4,6144,830,12,0,4,3,741404.7454565112,1604788.9003588506,856699.722373932,974392.5914504654,346428.13061100425,0.7484690695421287,0.2342776148027766,3072,806,0.2623697916666667,1.9421686746987952,4.55631,4.55631,1.0,830,0.13509114583333334,0.001953125,0.0,0.5338395113415624,0.3555323938735175
3,7,147,/home/test/bupt_hjk/sdp_dataset/elderAL/action2_fall_new/user2_position7_activity2/20250814=003008_mimo5s_part0.csv,2,7,2,3,4608,544,108,6,3,3,70332.74717532942,254845.42442929343,173343.8360534091,162004.68321900992,98553.72227096352,0.9941661342234283,0.030587840863960648,3072,447,0.1455078125,1.2325367647058825,0.830939,0.830939,1.0,544,0.11805555555555555,0.0234375,0.011029411764705883,0.6801920671779733,0.6083387239968323
3,7,148,/home/test/bupt_hjk/sdp_dataset/elderAL/action3_sleep_new/user2_position7_activity3/20250813=193020_mimo5s_part0.csv,2,7,3,14,21504,3220,128,12,14,10,2345250.235574645,5507256.882854698,1922639.770933635,1282177.8298645136,486534.8096616839,0.7738221051442806,0.22402742270022885,3072,1178,0.3834635416666667,2.5608695652173914,2.598466,3.1493724999999997,0.4466466427924882,3058,0.14973958333333334,0.005952380952380952,0.0037267080745341614,0.34911023978547934,0.37945969609620805
3,7,149,/home/test/bupt_hjk/sdp_dataset/elderAL/action5_drink_new/user2_position7_activity5/20250813=162802_mimo5s_part0.csv,2,7,5,3,4608,540,18,3,3,3,75659.40655846517,307191.3366920172,209925.08729982984,173259.01913051718,105221.21916008042,0.9930827081978962,0.03177733471790611,3072,444,0.14453125,1.2333333333333334,1.8638489999999999,1.8638489999999999,1.0,540,0.1171875,0.00390625,0.005555555555555556,0.6833691651607212,0.6073058689130438
3,7,150,/home/test/bupt_hjk/sdp_dataset/elderAL/action6_sit_TV_new/user2_position7_activity6/20250813=175221_mimo5s_part0.csv,2,7,6,7,10752,1342,24,0,7,4,948012.3970611456,3407904.329632844,1668821.0053456335,1315646.7475764588,1021347.2919731648,0.8344031373492543,0.18303620734873152,3072,197,0.06412760416666667,0.513785394932936,2.168597,3.6348312,0.5608718535617068,1315,0.1248139880952381,0.002232142857142857,0.0,0.4896912717985328,0.7763081494744539
3,7,151,/home/test/bupt_hjk/sdp_dataset/elderAL/action0_static_new/user2_position8_activity0/20250813=213723_mimo5s_part0.csv,2,8,0,15,23040,4315,433,87,14,9,3400589.007506267,4444711.093825665,512363.0802117618,1395100.117450704,295121.31127924856,0.7058483007867183,0.27826974033549445,3072,1477,0.4807942708333333,2.56720741599073,0.9542739999999998,2.2756182,0.27034850778742764,3140,0.1872829861111111,0.018793402777777777,0.020162224797219002,0.11527477700935543,0.21154131347829713
3,7,152,/home/test/bupt_hjk/sdp_dataset/elderAL/action1_walk_new/user2_position8_activity1/20250813=122446_mimo5s_part0.csv,2,8,1,3,4608,538,108,24,3,3,65313.06958023411,233462.49346571852,154699.61507146902,141285.5869840248,81232.39625042264,0.9924685327527342,0.027360373747150238,3072,383,0.12467447916666667,1.0678438661710037,0.903469,0.903469,1.0,538,0.11675347222222222,0.0234375,0.04460966542750929,0.6626315549661728,0.5749517554087638
3,7,153,/home/test/bupt_hjk/sdp_dataset/elderAL/action2_fall_new/user2_position8_activity2/20250814=003232_mimo5s_part0.csv,2,8,2,4,6144,1412,120,27,2,2,1212063.854406318,1332479.6611848285,134503.7116461913,1222598.5426805613,60880.90267357716,0.6716668524653256,0.3587578415483135,3072,1412,0.4596354166666667,2.0,0.337128,0.337128,1.0,1412,0.22981770833333334,0.01953125,0.019121813031161474,0.10094241252927783,0.04979631542836219
3,7,154,/home/test/bupt_hjk/sdp_dataset/elderAL/action3_sleep_new/user2_position8_activity3/20250813=193315_mimo5s_part0.csv,2,8,3,15,23040,3765,159,13,15,10,2507167.827672162,5464926.020671605,1943824.7089211545,1227921.1553331933,510639.08574718225,0.7679408892164321,0.2337986796935759,3072,1152,0.375,2.294820717131474,1.907882,2.3411617999999996,0.39676355671865393,3452,0.16341145833333334,0.0069010416666666664,0.003452855245683931,0.35569094651390554,0.41585657477219834
3,7,155,/home/test/bupt_hjk/sdp_dataset/elderAL/action5_drink_new/user2_position8_activity5/20250813=163815_mimo5s_part0.csv,2,8,5,11,16896,2458,168,27,11,8,1842372.9150852757,4843563.543943596,2256199.5739116045,1394150.306881732,1078338.5456080618,0.7928365655499943,0.21691457648379256,3072,256,0.08333333333333333,0.5728234336859235,3.1496469999999994,3.467167,0.4715091946364084,2398,0.1454782196969697,0.009943181818181818,0.010984540276647681,0.4658139721802065,0.7734736636969654
3,7,156,/home/test/bupt_hjk/sdp_dataset/elderAL/action6_sit_TV_new/user2_position8_activity6/20250813=180610_mimo5s_part0.csv,2,8,6,7,10752,1739,225,60,6,3,1055726.688600414,1595808.7697606618,495024.8347291623,1020197.7601501865,196769.20617539488,0.8031732163034048,0.2077372835873684,3072,1292,0.4205729166666667,2.600345025876941,0.47549299999999994,0.6837821999999999,0.6944950778488592,1739,0.1617373511904762,0.020926339285714284,0.034502587694077054,0.310203104600939,0.19287359163230067
3,7,157,/home/test/bupt_hjk/sdp_dataset/elderAL/action0_static_new/user2_position9_activity0/20250813=213912_mimo5s_part0.csv,2,9,0,14,21504,3869,105,18,14,7,2088904.5552207897,3695476.0558652114,901435.5886466578,1359045.9162520715,267979.7411303232,0.8182234953488349,0.19876648708296535,3072,1612,0.5247395833333334,2.9165158955802535,2.4973745000000003,3.1653504999999993,0.3923472957861276,3240,0.17992001488095238,0.0048828125,0.004652364952184027,0.24392948973812448,0.19718225699787112
3,7,158,/home/test/bupt_hjk/sdp_dataset/elderAL/action1_walk_new/user2_position9_activity1/20250813=123159_mimo5s_part0.csv,2,9,1,4,6144,438,12,0,4,3,341270.08425413386,2408110.631435829,2054348.725480874,1058448.49677377,769045.428604331,0.9097930004261876,0.10032145291985882,3072,215,0.06998697916666667,0.9817351598173517,4.346515999999999,4.346515999999999,1.0,438,0.0712890625,0.001953125,0.0,0.853095658755501,0.7265780346879784
3,7,159,/home/test/bupt_hjk/sdp_dataset/elderAL/action2_fall_new/user2_position9_activity2/20250814=005038_mimo5s_part0.csv,2,9,2,3,4608,510,108,6,3,3,122113.76970470442,612727.4727490721,480939.70231018006,330356.44974473683,218839.95388568228,0.9829532557742544,0.05380277051160233,3072,413,0.13444010416666666,1.214705882352941,1.081259,1.081259,1.0,510,0.11067708333333333,0.0234375,0.011764705882352941,0.7849161718706505,0.6624358448420721
3,7,160,/home/test/bupt_hjk/sdp_dataset/elderAL/action3_sleep_new/user2_position9_activity3/20250813=194923_mimo5s_part0.csv,2,9,3,4,6144,1184,12,0,4,2,1034761.3261785272,1395878.3508899314,442612.1420641221,1115251.3760873342,201282.66588368383,0.6745309837561501,0.32466632161350345,3072,1170,0.380859375,1.9763513513513513,3.524784,3.524784,1.0,1184,0.19270833333333334,0.001953125,0.0,0.317085039525069,0.18048188076651303
3,7,161,/home/test/bupt_hjk/sdp_dataset/elderAL/action5_drink_new/user2_position9_activity5/20250813=164217_mimo5s_part0.csv,2,9,5,8,12288,1904,54,10,8,4,1710527.1443383717,3896354.194182232,1735075.3479149605,1357679.1003761822,1012461.4355385351,0.7289770029462881,0.25207116638415267,3072,378,0.123046875,0.7941176470588236,3.7456519999999998,4.654139000000001,0.7568664837032274,1564,0.15494791666666666,0.00439453125,0.005252100840336135,0.4453073980044359,0.7457295580804072
3,7,162,/home/test/bupt_hjk/sdp_dataset/elderAL/action6_sit_TV_new/user2_position9_activity6/20250813=180810_mimo5s_part0.csv,2,9,6,11,16896,3196,89,10,10,4,2746848.5753087196,5202184.433014672,1318331.6672460497,1426508.8193203344,352260.0445364637,0.6843115248871536,0.3188040629694825,3072,832,0.2708333333333333,1.4317897371714643,1.4889499999999998,1.703795,0.4927217686426499,2463,0.18915719696969696,0.005267518939393939,0.0031289111389236545,0.25341886359881993,0.2469385676173382
5,11,1,/home/test/bupt_hjk/sdp_dataset/elderAL/action0_static_new/user0_position1_activity0/20250813=205008_mimo5s_part0.csv,0,1,0,14,21504,5504,127,19,12,7,3577498.342891646,5582702.135186073,560553.3241655369,1313094.2039427662,160476.6343786419,0.668439688484197,0.34441630962744174,3072,1140,0.37109375,1.4498546511627908,1.7147104999999998,2.1802045000000003,0.6064936906932952,4821,0.25595238095238093,0.005905877976190476,0.0034520348837209303,0.1004089615730239,0.12221258299426367
5,11,2,/home/test/bupt_hjk/sdp_dataset/elderAL/action1_walk_new/user0_position1_activity1/20250813=114101_mimo5s_part0.csv,0,1,1,4,6144,1165,36,6,4,2,952570.4797942804,1259412.625835122,349920.6742078004,1025753.3781657147,175292.4568868418,0.7170324202551573,0.2864449855159049,3072,1127,0.3668619791666667,1.9347639484978543,2.8509089999999997,2.8509089999999997,1.0,1165,0.18961588541666666,0.005859375,0.005150214592274678,0.2778443434897014,0.17089142538365842
5,11,3,/home/test/bupt_hjk/sdp_dataset/elderAL/action2_fall_new/user0_position1_activity2/20250813=230733_mimo5s_part0.csv,0,1,2,4,6144,1447,24,3,3,2,872878.8802726278,950673.5400086202,90732.85019951785,880910.6894660462,41264.32632540192,0.6841460918341817,0.3262829861693882,3072,1446,0.470703125,1.9986178299930892,0.324254,0.324254,1.0,1447,0.23551432291666666,0.00390625,0.002073255010366275,0.09544059698842058,0.04684280349738271
5,11,4,/home/test/bupt_hjk/sdp_dataset/elderAL/action3_sleep_new/user0_position1_activity3/20250813=182727_mimo5s_part0.csv,0,1,3,14,21504,2859,210,36,14,9,2168665.8806340424,4443723.21748704,1414018.1972360045,1415089.0399728718,279797.4849862939,0.8078392542952773,0.19317075135744138,3072,1208,0.3932291666666667,2.957677509618748,3.5704115,3.9356908999999995,0.7544806654386462,2740,0.13295200892857142,0.009765625,0.012591815320041973,0.31820573155221016,0.19772429655144372
5,11,5,/home/test/bupt_hjk/sdp_dataset/elderAL/action5_drink_new/user0_position1_activity5/20250813=155105_mimo5s_part0.csv,0,1,5,7,10752,2093,21,0,7,4,1647711.0339875203,2919350.0745180226,617504.8784115992,1229924.1187428813,199718.47490388926,0.6663792756184942,0.31842619048082255,3072,962,0.3131510416666667,1.608695652173913,4.996299,4.996299,1.0,2076,0.19466145833333334,0.001953125,0.0,0.21152135326337926,0.1623827615544475
5,11,6,/home/test/bupt_hjk/sdp_dataset/elderAL/action6_sit_TV_new/user0_position1_activity6/20250813=170026_mimo5s_part0.csv,0,1,6,7,10752,1524,21,0,7,6,1094936.0732236519,1517541.3076346505,560416.2434388967,1104254.2844479256,183658.60806518214,0.7941390237732617,0.20130880387226174,3072,1335,0.4345703125,3.065944881889764,4.608084,4.608084,1.0,1324,0.14174107142857142,0.001953125,0.0,0.36929224965375207,0.16631912653796282
5,11,7,/home/test/bupt_hjk/sdp_dataset/elderAL/action0_static_new/user0_position2_activity0/20250813=205231_mimo5s_part0.csv,0,2,0,7,10752,1683,21,0,7,6,1076031.6794039782,1224834.731319159,157927.6829952381,1068748.1790432702,49497.611452714504,0.7848830862796677,0.21235796273274443,3072,1518,0.494140625,3.1568627450980395,4.782673,4.782673,1.0,1563,0.15652901785714285,0.001953125,0.0,0.1289379529801122,0.04631363348569552
5,11,8,/home/test/bupt_hjk/sdp_dataset/elderAL/action1_walk_new/user0_position2_activity1/20250813=114330_mimo5s_part0.csv,0,2,1,3,4608,598,111,34,3,3,140132.6855987907,383383.46769063384,235240.56952154895,262165.25602836773,136357.53157587812,0.9798607722569052,0.05683173126751657,3072,528,0.171875,1.3244147157190636,2.920772,2.920772,1.0,598,0.12977430555555555,0.024088541666666668,0.056856187290969896,0.6135908022809506,0.5201205287138563
5,11,9,/home/test/bupt_hjk/sdp_dataset/elderAL/action2_fall_new/user0_position2_activity2/20250813=232625_mimo5s_part0.csv,0,2,2,7,10752,1678,21,0,7,5,898815.8442330002,2221761.54612773,546493.1081486009,882785.291334573,185593.12634079895,0.8355498517411782,0.18500069853992332,3072,1218,0.396484375,2.5405244338498214,4.237928,4.237928,1.0,1644,0.15606398809523808,0.001953125,0.0,0.24597288989049,0.21023586161049856
5,11,10,/home/test/bupt_hjk/sdp_dataset/elderAL/action3_sleep_new/user0_position2_activity3/20250813=183755_mimo5s_part0.csv,0,2,3,7,10752,1410,21,0,7,5,1046453.1161153754,1827573.003295503,802938.4153171999,1091588.3533388781,240104.43640370233,0.8153613391093449,0.19270882070122455,3072,1245,0.4052734375,3.0904255319148937,3.5417069999999997,3.5417069999999997,1.0,1336,0.13113839285714285,0.001953125,0.0,0.43934683532167035,0.2199587744494404
5,11,11,/home/test/bupt_hjk/sdp_dataset/elderAL/action5_drink_new/user0_position2_activity5/20250813=155959_mimo5s_part0.csv,0,2,5,8,12288,1982,62,0,8,4,1657066.5736470434,2060257.8171915552,440944.1956658768,1126976.6422404684,133049.4085846721,0.7297996625555367,0.25482455929236725,3072,1361,0.4430338541666667,2.7467204843592334,4.6340695,4.780218,0.969426394361094,1920,0.16129557291666666,0.005045572916666667,0.0,0.21402379449138595,0.11805871000144715
5,11,12,/home/test/bupt_hjk/sdp_dataset/elderAL/action6_sit_TV_new/user0_position2_activity6/20250813=171419_mimo5s_part0.csv,0,2,6,7,10752,1705,21,0,7,7,1088252.74979907,1699811.2007625867,666324.5214654986,1040326.8604007519,208001.587219441,0.8039367891532759,0.20725022896376633,3072,1288,0.4192708333333333,2.6439882697947215,3.466043,3.466043,1.0,1640,0.1585751488095238,0.001953125,0.0,0.3919991356490446,0.19993868767294462
5,11,13,/home/test/bupt_hjk/sdp_dataset/elderAL/action0_static_new/user0_position3_activity0/20250813=205410_mimo5s_part0.csv,0,3,0,7,10752,3214,84,27,7,3,1383972.7215268023,1565168.7999842833,158107.83878529357,1066507.945057728,72588.80933055462,0.768438923150343,0.2674893861675563,3072,1319,0.4293619791666667,1.4363721219663972,2.43548,2.43548,1.0,2335,0.29892113095238093,0.0078125,0.008400746733042938,0.1010164774475962,0.06806213649596912
5,11,14,/home/test/bupt_hjk/sdp_dataset/elderAL/action1_walk_new/user0_position3_activity1/20250813=114605_mimo5s_part0.csv,0,3,1,4,6144,1119,12,0,4,1,993951.0227940467,1316181.0765692317,369497.37740962947,1073170.8769979675,170169.46493133993,0.7137746546565579,0.2872013763993816,3072,1096,0.3567708333333333,1.9588918677390526,5.003655999999999,5.003655999999999,1.0,1119,0.18212890625,0.001953125,0.0,0.28073445515017154,0.15856697994578753
5,11,15,/home/test/bupt_hjk/sdp_dataset/elderAL/action2_fall_new/user0_position3_activity2/20250813=232948_mimo5s_part0.csv,0,3,2,4,6144,660,12,0,4,2,404122.47863699484,2197375.596806199,1798831.4522170941,1061222.4669822203,700677.1427547487,0.9207121786182545,0.11530501288243004,3072,216,0.0703125,0.6545454545454545,3.4456599999999997,3.4456599999999997,1.0,660,0.107421875,0.001953125,0.0,0.8186272091269361,0.6602547199620189
5,11,16,/home/test/bupt_hjk/sdp_dataset/elderAL/action3_sleep_new/user0_position3_activity3/20250813=184601_mimo5s_part0.csv,0,3,3,15,23040,3975,96,45,15,7,3163690.2635544594,6297599.865577627,1285967.92245517,1398964.1681296146,256433.49276326605,0.7332109897533435,0.26458062632854945,3072,1279,0.4163411458333333,2.4132075471698116,2.695703,2.9876757999999994,0.6446019992993725,3867,0.17252604166666666,0.004166666666666667,0.011320754716981131,0.20419968716720283,0.18330240230964043
5,11,17,/home/test/bupt_hjk/sdp_dataset/elderAL/action5_drink_new/user0_position3_activity5/20250813=160218_mimo5s_part0.csv,0,3,5,7,10752,2464,21,0,7,3,1898853.1383200437,3241189.151286568,542396.2168015761,1309598.8904006518,178759.31296202447,0.6370822518850868,0.3472644115730248,3072,1102,0.3587239583333333,1.5653409090909092,4.442164,4.442164,1.0,2448,0.22916666666666666,0.001953125,0.0,0.1673448205225158,0.13649928559983415
5,11,18,/home/test/bupt_hjk/sdp_dataset/elderAL/action6_sit_TV_new/user0_position3_activity6/20250813=171627_mimo5s_part0.csv,0,3,6,10,15360,2865,42,0,8,5,2464746.2259977614,4454852.562449911,1715847.5826042048,1485219.3162727007,833040.0794948747,0.694175605914256,0.3000896564946227,3072,1239,0.4033203125,2.162303664921466,4.0446945,4.391742,0.9209772568607173,1934,0.1865234375,0.002734375,0.0,0.38516371946114153,0.5608869143888244
5,11,19,/home/test/bupt_hjk/sdp_dataset/elderAL/action0_static_new/user0_position4_activity0/20250813=205610_mimo5s_part0.csv,0,4,0,17,26112,6208,183,60,14,6,3263659.9597659227,6075162.82905416,364691.0361906059,1018483.8577817453,62851.4593813821,0.7461467424190716,0.2999267412682351,3072,1429,0.4651692708333333,1.9565882731958764,3.4618569999999993,4.3518332,0.5781968365547732,6183,0.23774509803921567,0.00700827205882353,0.009664948453608248,0.060029837298597066,0.061710805626583404
5,11,20,/home/test/bupt_hjk/sdp_dataset/elderAL/action1_walk_new/user0_position4_activity1/20250813=115259_mimo5s_part0.csv,0,4,1,3,4608,392,90,27,3,3,85957.67980495264,565086.7700490309,457915.8060980994,311363.68578135094,234161.90294824913,0.9888639469244926,0.03823462284599153,3072,285,0.0927734375,1.090561224489796,3.007603,3.007603,1.0,392,0.08506944444444445,0.01953125,0.06887755102040816,0.8103460041337853,0.7520527076259136
5,11,21,/home/test/bupt_hjk/sdp_dataset/elderAL/action2_fall_new/user0_position4_activity2/20250813=235318_mimo5s_part0.csv,0,4,2,4,6144,1192,12,0,4,2,1013025.0221382834,1523364.5045986767,536501.0885734521,1094274.4830218693,227484.1321397441,0.7082331552275265,0.3109157784855192,3072,1146,0.373046875,1.922818791946309,2.00899,2.00899,1.0,1192,0.19401041666666666,0.001953125,0.0,0.3521816918760299,0.2078858053159938
5,11,22,/home/test/bupt_hjk/sdp_dataset/elderAL/action3_sleep_new/user0_position4_activity3/20250813=185656_mimo5s_part0.csv,0,4,3,11,16896,2937,57,15,9,8,2265380.610280644,4626907.051977005,1923408.336089522,1379443.1403661123,707910.4054892745,0.7357582443073614,0.26455315143618496,3072,1109,0.3610026041666667,2.0767790262172285,4.295923,4.995112,0.643479856442703,2157,0.173828125,0.0033735795454545455,0.005107252298263534,0.41570066450063653,0.5131856361266118
5,11,23,/home/test/bupt_hjk/sdp_dataset/elderAL/action5_drink_new/user0_position4_activity5/20250813=161131_mimo5s_part0.csv,0,4,5,10,15360,1425,30,0,10,7,927646.5473265547,2723494.322721951,1046129.8068377215,973879.7445749583,298091.8631853195,0.8669794669447105,0.1305435858598606,3072,1179,0.3837890625,4.136842105263158,4.007132,4.439658,0.9025767300093838,1346,0.0927734375,0.001953125,0.0,0.3841130852045193,0.3060869320322698
5,11,24,/home/test/bupt_hjk/sdp_dataset/elderAL/action6_sit_TV_new/user0_position4_activity6/20250813=173514_mimo5s_part0.csv,0,4,6,7,10752,1586,21,0,7,5,1057229.003132672,1871820.3387219913,775836.1149906993,1011895.6227292533,257712.05399598286,0.7970115239907134,0.2127017672667444,3072,1154,0.3756510416666667,2.546658259773014,4.930355,4.930355,1.0,1547,0.14750744047619047,0.001953125,0.0,0.4144821481747608,0.254682447682588
5,11,25,/home/test/bupt_hjk/sdp_dataset/elderAL/action0_static_new/user0_position5_activity0/20250813=205731_mimo5s_part0.csv,0,5,0,15,23040,4867,173,56,15,6,3537498.4097226756,5724630.145772705,696169.884159835,1481354.9094798462,338061.4185410972,0.682451426045357,0.312729984911363,3072,1433,0.4664713541666667,2.2082391617012536,3.440638,4.18747,0.7068479011845519,4310,0.21124131944444444,0.007508680555555556,0.011506061228682966,0.12160958287827811,0.22821095496946237
5,11,26,/home/test/bupt_hjk/sdp_dataset/elderAL/action1_walk_new/user0_position5_activity1/20250813=120145_mimo5s_part0.csv,0,5,1,7,10752,1119,21,0,7,5,985352.0575839202,3784327.2756234934,2475092.367435403,1240206.9305440348,744828.8097285128,0.8081828459478116,0.18187060225721377,3072,569,0.18522135416666666,1.7797140303842716,5.673738999999999,5.673738999999999,1.0,1093,0.10407366071428571,0.001953125,0.0,0.6540376101661596,0.6005681724434347
5,11,27,/home/test/bupt_hjk/sdp_dataset/elderAL/action2_fall_new/user0_position5_activity2/20250813=235646_mimo5s_part0.csv,0,5,2,3,4608,531,111,34,3,3,41277.59397191852,188077.60685189115,135460.54981832742,107352.22727751195,70274.1227281396,0.9980998478961877,0.01835006709650172,3072,348,0.11328125,0.9830508474576272,2.7878819999999997,2.7878819999999997,1.0,531,0.115234375,0.024088541666666668,0.064030131826742,0.7202375236781962,0.6546126196942033
5,11,28,/home/test/bupt_hjk/sdp_dataset/elderAL/action3_sleep_new/user0_position5_activity3/20250813=190517_mimo5s_part0.csv,0,5,3,21,32256,5321,340,47,20,11,4146231.7090927856,7813851.295655442,2125436.682033384,1411850.7587037822,423562.6070802192,0.7178936920753396,0.26838459423327593,6144,1939,0.3155924479166667,1.9131272317233605,1.6421700000000001,3.358793,0.35832527984991175,4505,0.16496155753968253,0.010540674603174604,0.008832926141702687,0.272008847060494,0.30000522680533975
5,11,29,/home/test/bupt_hjk/sdp_dataset/elderAL/action5_drink_new/user0_position5_activity5/20250813=161914_mimo5s_part0.csv,0,5,5,7,10752,1883,21,0,7,4,1243346.1886719328,1917887.0698128948,697484.5059656347,1150820.121750392,176539.830531542,0.7820569777647375,0.22819177447816968,3072,1363,0.4436848958333333,2.5334572490706315,4.992516,4.992516,1.0,1846,0.17513020833333334,0.001953125,0.0,0.36367339711700536,0.1534034965108411
5,11,30,/home/test/bupt_hjk/sdp_dataset/elderAL/action6_sit_TV_new/user0_position5_activity6/20250813=173659_mimo5s_part0.csv,0,5,6,4,6144,1200,12,0,4,2,851461.0887347577,1176013.4212256032,340951.68866659346,912231.6294413784,144161.40798751573,0.6819152764427483,0.31960649949240744,3072,1171,0.3811848958333333,1.9516666666666667,3.9677979999999997,3.9677979999999997,1.0,1200,0.1953125,0.001953125,0.0,0.2899215965675499,0.15803158247844967
5,11,31,/home/test/bupt_hjk/sdp_dataset/elderAL/action0_static_new/user0_position6_activity0/20250813=210002_mimo5s_part0.csv,0,6,0,11,16896,2743,33,0,10,5,1729939.8774259696,2829051.5192374336,474503.99048166187,1170853.969545253,136595.15502364922,0.7603221706363047,0.23947760876986074,3072,1390,0.4524739583333333,2.787094422165512,4.756616,5.127768,0.9267742476633448,2621,0.16234611742424243,0.001953125,0.0,0.16772546814897302,0.11666284487782988
5,11,32,/home/test/bupt_hjk/sdp_dataset/elderAL/action1_walk_new/user0_position6_activity1/20250813=120612_mimo5s_part0.csv,0,6,1,11,16896,1184,117,24,11,8,768864.5939168581,3497855.6414889144,2753370.7461686265,1060912.0233016296,677133.1187242831,0.9040254637417873,0.09585508548139218,3072,640,0.20833333333333334,2.9729729729729732,4.6082529999999995,5.124108,0.8967076020012137,1107,0.07007575757575757,0.006924715909090909,0.02027027027027027,0.7871596281762541,0.6382556742235791
5,11,33,/home/test/bupt_hjk/sdp_dataset/elderAL/action2_fall_new/user0_position6_activity2/20250814=001457_mimo5s_part0.csv,0,6,2,4,6144,744,144,33,2,2,454789.35532668425,1297836.3011803993,842047.1531633767,815882.9491080027,426960.53465694026,0.8689086111095875,0.15425521365433048,3072,744,0.2421875,2.0,0.244701,0.244701,1.0,744,0.12109375,0.0234375,0.04435483870967742,0.6488084455624517,0.5233110155368883
5,11,34,/home/test/bupt_hjk/sdp_dataset/elderAL/action3_sleep_new/user0_position6_activity3/20250813=191734_mimo5s_part0.csv,0,6,3,7,10752,1468,252,72,7,5,1051559.3141379298,1704055.6830554788,699795.0287638172,1074335.3128819887,236256.55217507185,0.8031310103439835,0.1942399574254505,3072,1205,0.3922526041666667,2.872956403269755,3.453385,3.453385,1.0,1389,0.13653273809523808,0.0234375,0.04904632152588556,0.41066441415167887,0.21990950994740657
5,11,35,/home/test/bupt_hjk/sdp_dataset/elderAL/action5_drink_new/user0_position6_activity5/20250813=162031_mimo5s_part0.csv,0,6,5,7,10752,2108,21,0,7,5,1624868.734397727,3285035.5529170814,958530.5785888003,1250048.9232056488,315274.3465568048,0.6590423378550141,0.31676118955368376,3072,993,0.3232421875,1.648719165085389,5.0767999999999995,5.0767999999999995,1.0,1943,0.19605654761904762,0.001953125,0.0,0.2917869725146913,0.25220960612350224
5,11,36,/home/test/bupt_hjk/sdp_dataset/elderAL/action6_sit_TV_new/user0_position6_activity6/20250813=174557_mimo5s_part0.csv,0,6,6,8,12288,2015,24,0,7,4,1598070.0214738173,3329263.23826083,1521199.0619030308,1197822.2236052589,603616.7823567984,0.6626342897913173,0.29556030410532735,3072,768,0.25,1.5245657568238213,4.843182,5.039254,0.9610910662570293,1438,0.16398111979166666,0.001953125,0.0,0.45691762802682084,0.5039285216632612
5,11,37,/home/test/bupt_hjk/sdp_dataset/elderAL/action0_static_new/user0_position7_activity0/20250813=210033_mimo5s_part0.csv,0,7,0,13,19968,4122,167,69,11,6,2651607.879186454,4419994.588699722,231399.75037781088,1109661.918852712,68187.96580472423,0.722702199379471,0.27931166884915687,3072,1496,0.4869791666666667,2.359049005337215,1.353958,1.7637732000000002,0.7310290984522652,3801,0.20643028846153846,0.00836338141025641,0.016739446870451237,0.05235294879532517,0.061449315909862245
5,11,38,/home/test/bupt_hjk/sdp_dataset/elderAL/action1_walk_new/user0_position7_activity1/20250813=121246_mimo5s_part0.csv,0,7,1,4,6144,969,12,0,4,1,893544.8222132106,1529465.8948280865,646430.2504791319,1028885.3189784144,249493.4206012005,0.712695698277918,0.27896113926780325,3072,941,0.3063151041666667,1.9422084623323015,3.8537649999999997,3.8537649999999997,1.0,969,0.15771484375,0.001953125,0.0,0.42265097421593134,0.24248904712618877
5,11,39,/home/test/bupt_hjk/sdp_dataset/elderAL/action2_fall_new/user0_position7_activity2/20250814=002612_mimo5s_part0.csv,0,7,2,7,10752,1651,210,44,7,5,1495264.839768391,3652640.2237701127,1605372.7046313114,1327473.1298977463,569632.7811312478,0.7647567191969783,0.23948302661731682,3072,743,0.24186197916666666,1.5751059963658387,3.56615,3.56615,1.0,1469,0.15355282738095238,0.01953125,0.026650514839491216,0.439510218987379,0.42911059237419436
5,11,40,/home/test/bupt_hjk/sdp_dataset/elderAL/action3_sleep_new/user0_position7_activity3/20250813=192754_mimo5s_part0.csv,0,7,3,7,10752,1902,21,0,5,5,1593183.3584758951,3479226.4241862595,1203790.8310167762,1304843.13211726,427671.93376331124,0.6856800407723656,0.2947754610747633,3072,885,0.2880859375,1.6285488958990537,3.770129,3.770129,1.0,1790,0.17689732142857142,0.001953125,0.0,0.34599381708775256,0.32775735506946624
5,11,41,/home/test/bupt_hjk/sdp_dataset/elderAL/action5_drink_new/user0_position7_activity5/20250813=163219_mimo5s_part0.csv,0,7,5,4,6144,464,20,2,3,2,359973.8609904133,2287123.7750407504,1933466.3659047612,1027990.6117490318,717059.5718735091,0.8972755807294388,0.10800617938424142,3072,200,0.06510416666666667,0.8620689655172415,2.747651,2.747651,1.0,464,0.07552083333333333,0.0032552083333333335,0.004310344827586207,0.8453702361912232,0.6975351366813535
5,11,42,/home/test/bupt_hjk/sdp_dataset/elderAL/action6_sit_TV_new/user0_position7_activity6/20250813=175816_mimo5s_part0.csv,0,7,6,8,12288,1916,46,8,7,6,1749710.543772376,4252826.671031602,2295017.1730868416,1372377.8111013651,851264.0300187019,0.6886713676415935,0.28708737810014207,3072,764,0.24869791666666666,1.594989561586639,2.6895930000000003,2.836929,0.9480649674348566,1378,0.15592447916666666,0.0037434895833333335,0.0041753653444676405,0.5396451232587249,0.6202840231987886
5,11,43,/home/test/bupt_hjk/sdp_dataset/elderAL/action0_static_new/user0_position8_activity0/20250813=210228_mimo5s_part0.csv,0,8,0,14,21504,4992,189,47,13,8,3211998.410604023,4919373.382443109,341919.3215708719,1236262.3947480323,58631.10642216074,0.6720045392195131,0.3326116661427407,3072,1010,0.3287760416666667,1.4162660256410258,3.1059884999999996,3.8703901999999997,0.6856648711128497,4923,0.23214285714285715,0.0087890625,0.009415064102564102,0.06950464926918487,0.047426101991972815
5,11,44,/home/test/bupt_hjk/sdp_dataset/elderAL/action1_walk_new/user0_position8_activity1/20250813=122031_mimo5s_part0.csv,0,8,1,3,4608,669,36,9,3,3,92369.342214412,241984.12394385846,144283.60474239365,167046.70092573785,84198.47199461618,0.991730348130529,0.04112508777771551,3072,594,0.193359375,1.3318385650224216,1.958014,1.958014,1.0,669,0.14518229166666666,0.0078125,0.013452914798206279,0.596252359001321,0.5040415137084772
5,11,45,/home/test/bupt_hjk/sdp_dataset/elderAL/action2_fall_new/user0_position8_activity2/20250814=004004_mimo5s_part0.csv,0,8,2,4,6144,1017,120,27,4,2,855955.1403843829,1423872.1348576902,589999.7461378264,1041856.0565809781,305042.20185552246,0.7422100145652337,0.2719573325984768,3072,946,0.3079427083333333,1.8603736479842674,2.9724139999999997,2.9724139999999997,1.0,1017,0.16552734375,0.01953125,0.02654867256637168,0.41436287128183336,0.29278728086158906
5,11,46,/home/test/bupt_hjk/sdp_dataset/elderAL/action3_sleep_new/user0_position8_activity3/20250813=193657_mimo5s_part0.csv,0,8,3,11,16896,2731,99,60,9,5,1831829.7388704878,3217403.8734988663,690955.4484810629,1194336.9784996624,186801.68058682,0.7640804273165472,0.2406478425671066,3072,1385,0.4508463541666667,2.7892713291834497,3.24184,3.979962,0.8122294418390464,2589,0.16163589015151514,0.005859375,0.021969974368363236,0.21475558420636257,0.15640617677389682
5,11,47,/home/test/bupt_hjk/sdp_dataset/elderAL/action5_drink_new/user0_position8_activity5/20250813=163529_mimo5s_part0.csv,0,8,5,7,10752,2253,21,0,7,3,1920429.169674419,3552312.0501449974,803073.7681455212,1360952.9558444116,251490.48012424773,0.6494639386994674,0.3338141756213202,3072,1011,0.3291015625,1.570572569906791,3.764437,3.764437,1.0,2239,0.20954241071428573,0.001953125,0.0,0.22607072712340728,0.18478998781277411
5,11,48,/home/test/bupt_hjk/sdp_dataset/elderAL/action6_sit_TV_new/user0_position8_activity6/20250813=180037_mimo5s_part0.csv,0,8,6,8,12288,2306,24,0,6,5,2248407.1797647066,4239998.502531269,1677841.1418037417,1512490.648673986,816511.649245165,0.6583179626550048,0.32821146260688894,3072,894,0.291015625,1.5507372072853427,3.6286885,3.764467,0.9639315472814611,1565,0.18766276041666666,0.001953125,0.0,0.3957173901835283,0.5398457504256361
5,11,49,/home/test/bupt_hjk/sdp_dataset/elderAL/action0_static_new/user0_position9_activity0/20250813=210525_mimo5s_part0.csv,0,9,0,11,16896,2799,87,0,10,3,1945639.6537123611,3314083.319817865,516466.1641708446,1257081.7693931947,121815.72112152333,0.7544287812081031,0.24656101172339,3072,1422,0.462890625,2.794212218649518,4.34378,5.512797,0.7867838256294407,2729,0.16566051136363635,0.005149147727272727,0.0,0.1558398248717623,0.09690357786377328
5,11,50,/home/test/bupt_hjk/sdp_dataset/elderAL/action1_walk_new/user0_position9_activity1/20250813=122658_mimo5s_part0.csv,0,9,1,4,6144,568,12,0,3,2,415126.2352397244,2307443.77984453,1899422.9378087833,1052626.801563671,697519.4520413692,0.8945216438298202,0.12079038196550125,3072,227,0.07389322916666667,0.7992957746478874,3.207375,3.207375,1.0,568,0.09244791666666667,0.001953125,0.0,0.8231719248807708,0.662646486869998
5,11,51,/home/test/bupt_hjk/sdp_dataset/elderAL/action2_fall_new/user0_position9_activity2/20250814=004905_mimo5s_part0.csv,0,9,2,8,12288,1481,223,54,7,5,1269260.335453959,4355611.717558198,2843134.053242084,1346127.8038846424,933248.8852071881,0.8317833739046285,0.18521388603479294,3072,539,0.17545572916666666,1.4557731262660363,4.855462,4.860995,0.9988617556693641,1077,0.12052408854166667,0.018147786458333332,0.03646185010128292,0.6527519525629285,0.693284012494228
5,11,52,/home/test/bupt_hjk/sdp_dataset/elderAL/action3_sleep_new/user0_position9_activity3/20250813=194425_mimo5s_part0.csv,0,9,3,15,23040,3786,89,5,14,11,3247526.040109132,5295616.062385585,1740001.4930709272,1356581.6648616442,714394.3458927694,0.6901767312901742,0.28349441979598056,3072,1194,0.388671875,2.365293185419968,4.26191,5.2210934,0.69771264273166,2908,0.16432291666666668,0.0038628472222222224,0.0013206550449022716,0.32857395108947646,0.5266135938566069
5,11,53,/home/test/bupt_hjk/sdp_dataset/elderAL/action5_drink_new/user0_position9_activity5/20250813=164600_mimo5s_part0.csv,0,9,5,7,10752,2206,21,0,7,4,1997968.3136564777,3642990.3440052588,867609.9600021517,1411370.5726097638,259559.960820692,0.6644634907648485,0.3304529959292232,3072,940,0.3059895833333333,1.4913871260199454,4.409299,4.409299,1.0,2092,0.20517113095238096,0.001953125,0.0,0.23815873172155166,0.18390631479636135
5,11,54,/home/test/bupt_hjk/sdp_dataset/elderAL/action6_sit_TV_new/user0_position9_activity6/20250813=181137_mimo5s_part0.csv,0,9,6,15,23040,4395,55,3,12,7,3997447.293560516,7440528.420581382,2512268.454160171,1422191.1835403405,778482.47576083,0.654051679723349,0.33208059871423795,3072,930,0.302734375,1.5870307167235493,3.423623,4.1922006000000005,0.650965032635497,3619,0.19075520833333334,0.002387152777777778,0.0006825938566552901,0.3376465100530951,0.5473824368837035
5,11,55,/home/test/bupt_hjk/sdp_dataset/elderAL/action0_static_new/user1_position1_activity0/20250813=210706_mimo5s_part0.csv,1,1,0,21,32256,6945,173,29,20,9,4910782.141456145,8069785.393436847,584386.3215526331,1547959.6392557884,78542.63274096618,0.6882495225084623,0.3013645901133908,6144,2632,0.4283854166666667,1.98963282937365,2.238201,2.6368430000000003,0.41586920657311627,6525,0.21530877976190477,0.005363343253968254,0.004175665946724262,0.07241658768619971,0.050739457766952545
5,11,56,/home/test/bupt_hjk/sdp_dataset/elderAL/action1_walk_new/user1_position1_activity1/20250813=145841_mimo5s_part0.csv,1,1,1,3,4608,520,18,6,3,3,81290.93039539127,278992.16578507423,194743.55893324595,188734.72774750972,116085.57627492274,0.9872145470012325,0.04153016173188243,3072,400,0.13020833333333334,1.153846153846154,1.475441,1.475441,1.0,520,0.11284722222222222,0.00390625,0.011538461538461539,0.6980251878587499,0.6150726877897247
5,11,57,/home/test/bupt_hjk/sdp_dataset/elderAL/action2_fall_new/user1_position1_activity2/20250813=225433_mimo5s_part0.csv,1,1,2,4,6144,561,12,0,4,2,353421.6971237285,2014186.7879160228,1667665.5595367274,971139.5490628278,663377.3843666917,0.9127490888372071,0.11261469225995197,3072,223,0.07259114583333333,0.7950089126559714,3.8375239999999997,3.8375239999999997,1.0,561,0.09130859375,0.001953125,0.0,0.8279597351853234,0.6830917194206191
5,11,58,/home/test/bupt_hjk/sdp_dataset/elderAL/action3_sleep_new/user1_position1_activity3/20250813=182408_mimo5s_part0.csv,1,1,3,15,23040,4139,104,20,15,10,3092470.800215723,6640194.294430764,2344816.234108392,1320615.931213105,763164.2347268348,0.7531250184127264,0.25795177379187006,3072,1535,0.4996744791666667,2.781468953853588,2.7785,3.5356506,0.565121824075349,3379,0.17964409722222222,0.0045138888888888885,0.004832085044696787,0.35312464216220696,0.5778850736911825
5,11,59,/home/test/bupt_hjk/sdp_dataset/elderAL/action5_drink_new/user1_position1_activity5/20250813=154717_mimo5s_part0.csv,1,1,5,4,6144,670,52,10,3,2,413569.30049064057,1913089.6322513265,1505914.0578199523,985416.2635612013,624365.7431427552,0.884064104466278,0.14044058426624217,3072,245,0.07975260416666667,0.7313432835820896,1.157062,1.157062,1.0,670,0.10904947916666667,0.008463541666666666,0.014925373134328358,0.7871633573424318,0.633606087326341
5,11,60,/home/test/bupt_hjk/sdp_dataset/elderAL/action6_sit_TV_new/user1_position1_activity6/20250813=165726_mimo5s_part0.csv,1,1,6,15,23040,4450,81,18,15,8,4004289.3559217583,7880946.453237974,2791795.711645435,1483548.778077808,820860.1432384092,0.6674042317919392,0.320931595196812,3072,826,0.2688802083333333,1.392134831460674,2.777542,3.618795,0.5663192071365539,3686,0.1931423611111111,0.003515625,0.004044943820224719,0.3542462479869274,0.5533084960657474
5,11,61,/home/test/bupt_hjk/sdp_dataset/elderAL/action0_static_new/user1_position2_activity0/20250813=210823_mimo5s_part0.csv,1,2,0,14,21504,4523,70,5,11,6,3346574.473601249,5388056.111851458,497319.20232588676,1558364.21828335,115771.21403092342,0.7150549703722648,0.28178149472377867,3072,1388,0.4518229166666667,2.1481317709484857,2.531435,3.511204,0.5594931169418159,3564,0.2103329613095238,0.0032552083333333335,0.001105460977227504,0.09230030125929713,0.0742902157741107
5,11,62,/home/test/bupt_hjk/sdp_dataset/elderAL/action1_walk_new/user1_position2_activity1/20250813=150205_mimo5s_part0.csv,1,2,1,11,16896,3770,33,0,10,6,2993350.324202881,4803587.741296687,967972.235385786,1414988.1984716447,180175.32618084148,0.6294944004645827,0.35760994404660507,3072,1415,0.4606119791666667,2.0643236074270557,4.876062999999999,6.700731,0.7094023696875527,3686,0.22312973484848486,0.001953125,0.0,0.2015102643101696,0.12733344799303078
5,11,63,/home/test/bupt_hjk/sdp_dataset/elderAL/action2_fall_new/user1_position2_activity2/20250813=231944_mimo5s_part0.csv,1,2,2,4,6144,1198,12,0,4,2,1000093.6419563754,1375784.028948062,384132.7080565665,1062307.4146269613,158767.69221811296,0.6877850001763558,0.32683547030183824,3072,1173,0.3818359375,1.958263772954925,2.551935,2.551935,1.0,1198,0.19498697916666666,0.001953125,0.0,0.27921003585881,0.14945550603528984
5,11,64,/home/test/bupt_hjk/sdp_dataset/elderAL/action3_sleep_new/user1_position2_activity3/20250813=183933_mimo5s_part0.csv,1,2,3,15,23040,4843,285,68,15,8,4330664.370460749,7692616.0128400605,2134495.485466085,1509503.869344834,775247.1609390168,0.6519389542910334,0.34086406660399027,3072,930,0.302734375,1.4402230022713194,2.2595219999999996,3.333777799999999,0.4891896526191905,3953,0.21019965277777777,0.012369791666666666,0.014040883749741896,0.2774732915179064,0.513577458582796
5,11,65,/home/test/bupt_hjk/sdp_dataset/elderAL/action5_drink_new/user1_position2_activity5/20250813=155810_mimo5s_part0.csv,1,2,5,7,10752,1618,39,6,5,4,953384.307195145,2338513.650940567,550960.5885266466,958327.644216887,174941.4426191101,0.8103058375197822,0.18969103542414772,3072,1486,0.4837239583333333,3.214462299134734,2.630875,2.630875,1.0,1428,0.15048363095238096,0.003627232142857143,0.003708281829419036,0.23560289601262166,0.1825486759928191
5,11,66,/home/test/bupt_hjk/sdp_dataset/elderAL/action6_sit_TV_new/user1_position2_activity6/20250813=171104_mimo5s_part0.csv,1,2,6,7,10752,1527,210,81,7,5,1145409.5643571194,1983436.1967904537,840773.2385250584,1141133.8887084136,229338.62816255874,0.7880536773794093,0.20947473145024484,3072,1264,0.4114583333333333,2.8971840209561233,3.199583,3.199583,1.0,1484,0.14202008928571427,0.01953125,0.05304518664047151,0.4238972949498332,0.20097433827167685
5,11,67,/home/test/bupt_hjk/sdp_dataset/elderAL/action0_static_new/user1_position3_activity0/20250813=211253_mimo5s_part0.csv,1,3,0,15,23040,5997,135,33,14,9,4060929.586499799,6397275.853659583,780391.153129581,1414646.7529617606,182183.6562413392,0.6405149775252916,0.3584799909985229,3072,1493,0.4860026041666667,1.8671835917958979,1.963919,2.8624229999999997,0.6252374583622115,4644,0.26028645833333336,0.005859375,0.005502751375687844,0.12198804162605488,0.12878385071037152
5,11,68,/home/test/bupt_hjk/sdp_dataset/elderAL/action1_walk_new/user1_position3_activity1/20250813=150317_mimo5s_part0.csv,1,3,1,4,6144,607,12,3,4,2,476826.99181297823,2268108.4326942605,1804783.2713564462,1112914.7910193736,711198.3247569165,0.8686753495313512,0.14535935559149973,3072,206,0.06705729166666667,0.6787479406919276,4.839518,4.839518,1.0,607,0.09879557291666667,0.001953125,0.004942339373970346,0.7957217764992675,0.6390411292004619
5,11,69,/home/test/bupt_hjk/sdp_dataset/elderAL/action2_fall_new/user1_position3_activity2/20250813=233702_mimo5s_part0.csv,1,3,2,4,6144,1443,36,6,2,1,1091636.1094603564,1150464.880372336,73005.32723623433,1095516.4572571018,31648.52539115012,0.6674302607880268,0.3543697959964686,3072,1441,0.4690755208333333,1.9972279972279972,0.592693,0.592693,1.0,1443,0.23486328125,0.005859375,0.004158004158004158,0.06345724105250994,0.02888913733928752
5,11,70,/home/test/bupt_hjk/sdp_dataset/elderAL/action3_sleep_new/user1_position3_activity3/20250813=184322_mimo5s_part0.csv,1,3,3,14,21504,3130,114,15,12,8,2098040.5348717477,3814162.6046320256,945933.6119713284,1348219.4563416825,197289.8498740308,0.8015241562555158,0.19559567273551942,3072,1414,0.4602864583333333,3.162300319488818,3.8497585,4.2121125,0.7673664424553679,2855,0.14555431547619047,0.005301339285714286,0.004792332268370607,0.24800558078529747,0.1463336320700828
5,11,71,/home/test/bupt_hjk/sdp_dataset/elderAL/action5_drink_new/user1_position3_activity5/20250813=160324_mimo5s_part0.csv,1,3,5,7,10752,2676,21,0,7,5,1956918.9957162545,3310611.676205814,564359.63537509,1311951.022068079,231278.60883668993,0.6497288385603986,0.34840891804738966,3072,999,0.3251953125,1.3066143497757847,2.8396589999999997,2.8396589999999997,1.0,2641,0.24888392857142858,0.001953125,0.0,0.17046989818566835,0.17628600835427266
5,11,72,/home/test/bupt_hjk/sdp_dataset/elderAL/action6_sit_TV_new/user1_position3_activity6/20250813=171958_mimo5s_part0.csv,1,3,6,11,16896,2842,45,6,9,6,2105841.491269327,3774575.7014340553,785776.7053615109,1366196.2631039433,183585.73005992454,0.7591428554851358,0.2436839535707029,3072,1389,0.4521484375,2.6880717804363123,3.352774,4.357513,0.687679533273483,2709,0.16820549242424243,0.0026633522727272725,0.00211118930330753,0.20817616800292937,0.1343772743477025
5,11,73,/home/test/bupt_hjk/sdp_dataset/elderAL/action0_static_new/user1_position4_activity0/20250813=211532_mimo5s_part0.csv,1,4,0,11,16896,4021,33,0,11,5,2447446.2838887824,3320392.288871688,199178.5338427455,1137810.8420941413,42772.17908952254,0.666726865466442,0.333223348897474,3072,1018,0.3313802083333333,1.3924396916190003,3.918992,4.789398,0.7560508791062723,3924,0.23798532196969696,0.001953125,0.0,0.05998644633355324,0.03759164309842603
5,11,74,/home/test/bupt_hjk/sdp_dataset/elderAL/action1_walk_new/user1_position4_activity1/20250813=115613_mimo5s_part0.csv,1,4,1,7,10752,1280,21,0,7,6,1042585.5798777682,3450861.636918922,2029767.01722187,1205438.715452032,618988.3011078828,0.7909659785063078,0.19945110278291128,3072,542,0.17643229166666666,1.48203125,4.196143999999999,4.196143999999999,1.0,1247,0.11904761904761904,0.001953125,0.0,0.5881913651670292,0.5134962841107737
5,11,75,/home/test/bupt_hjk/sdp_dataset/elderAL/action2_fall_new/user1_position4_activity2/20250813=234222_mimo5s_part0.csv,1,4,2,4,6144,1159,12,0,4,2,1027878.9635121186,1451655.2966878477,426341.84219078894,1120560.765367779,175614.6285951587,0.6831571607814191,0.32217432961340914,3072,1098,0.357421875,1.8947368421052633,2.6810929999999997,2.6810929999999997,1.0,1159,0.18863932291666666,0.001953125,0.0,0.29369358081325975,0.156720308280221
5,11,76,/home/test/bupt_hjk/sdp_dataset/elderAL/action3_sleep_new/user1_position4_activity3/20250813=185916_mimo5s_part0.csv,1,4,3,12,18432,2820,64,10,12,7,2367619.8749525542,4923646.7565481365,2330516.8064714773,1309723.294006902,735958.102564414,0.730084256834444,0.2581363849988002,3072,919,0.2991536458333333,1.9553191489361703,3.6953179999999994,4.4738665,0.7434831613040558,2160,0.15299479166666666,0.003472222222222222,0.0035460992907801418,0.4733314394197834,0.5619187701188856
5,11,77,/home/test/bupt_hjk/sdp_dataset/elderAL/action5_drink_new/user1_position4_activity5/20250813=161217_mimo5s_part0.csv,1,4,5,7,10752,2255,21,0,7,6,1856720.137568498,3101113.4284860278,494808.9638099028,1325430.8280198495,178251.67906229122,0.6271633926777833,0.3442831217195053,3072,978,0.318359375,1.517960088691796,4.719767,4.719767,1.0,2177,0.20972842261904762,0.001953125,0.0,0.15955848607945627,0.13448584059916083
5,11,78,/home/test/bupt_hjk/sdp_dataset/elderAL/action6_sit_TV_new/user1_position4_activity6/20250813=173134_mimo5s_part0.csv,1,4,6,7,10752,2258,210,81,6,5,1163982.884559737,1673422.4945662948,557324.7828551878,997846.5635497493,186609.0972784696,0.7799492005797541,0.23249795441410273,3072,1836,0.59765625,2.845881310894597,4.9968379999999994,4.9968379999999994,1.0,1699,0.21000744047619047,0.01953125,0.03587245349867139,0.33304487340456784,0.1870118153382465
5,11,79,/home/test/bupt_hjk/sdp_dataset/elderAL/action0_static_new/user1_position5_activity0/20250813=211700_mimo5s_part0.csv,1,5,0,18,27648,5113,154,23,18,9,3363441.1576879392,5061436.376843732,420177.71587776474,1332003.1505970513,76180.30468718437,0.7267803828083435,0.2638433142228412,3072,1040,0.3385416666666667,1.8306278114609817,1.728449,2.4756234,0.47106149898181215,4958,0.18493200231481483,0.005570023148148148,0.004498337570897712,0.0830155087595478,0.05719228565866202
5,11,80,/home/test/bupt_hjk/sdp_dataset/elderAL/action1_walk_new/user1_position5_activity1/20250813=120417_mimo5s_part0.csv,1,5,1,4,6144,491,12,0,3,2,316509.0005209845,2053424.5120111336,1740073.795365265,915952.6466172535,654305.5038897439,0.9236854255882101,0.10175559687514706,3072,325,0.10579427083333333,1.3238289205702647,5.41195,5.41195,1.0,491,0.07991536458333333,0.001953125,0.0,0.8474009076968837,0.7143442472776179
5,11,81,/home/test/bupt_hjk/sdp_dataset/elderAL/action2_fall_new/user1_position5_activity2/20250813=235902_mimo5s_part0.csv,1,5,2,4,6144,1236,12,0,3,1,1038633.2058591847,1350057.0266469507,323254.5830251316,1095483.9731599751,143694.50887568627,0.6981893099003135,0.3268578334060031,3072,1222,0.3977864583333333,1.977346278317152,2.812493,2.812493,1.0,1236,0.201171875,0.001953125,0.0,0.23943772495890644,0.1311698869141761
5,11,82,/home/test/bupt_hjk/sdp_dataset/elderAL/action3_sleep_new/user1_position5_activity3/20250813=190225_mimo5s_part0.csv,1,5,3,11,16896,3508,45,6,10,5,2710589.6307765534,4630656.802553625,1308990.5055141547,1351089.9937980422,343408.4942614299,0.655550317313402,0.3327381517228907,3072,922,0.3001302083333333,1.4455530216647663,3.5725469999999997,4.00899,0.8471193223893358,3366,0.20762310606060605,0.0026633522727272725,0.0017103762827822121,0.28267923133329553,0.2541714436771721
5,11,83,/home/test/bupt_hjk/sdp_dataset/elderAL/action5_drink_new/user1_position5_activity5/20250813=161459_mimo5s_part0.csv,1,5,5,4,6144,444,12,0,3,2,345673.4629730343,2310198.245210262,1975469.4354683873,1022810.3126869746,729408.7267167892,0.896514594979795,0.10614639685253205,3072,159,0.0517578125,0.7162162162162162,3.132295,3.132295,1.0,444,0.072265625,0.001953125,0.0,0.8551081880371658,0.7131417406230441
5,11,84,/home/test/bupt_hjk/sdp_dataset/elderAL/action6_sit_TV_new/user1_position5_activity6/20250813=174220_mimo5s_part0.csv,1,5,6,12,18432,3147,94,2,11,6,2420922.9715863443,4296797.431297169,1545680.1905941202,1260674.0207818183,576373.1548504132,0.7178833369155871,0.2781189522860197,3072,981,0.3193359375,1.8703527168732126,4.0094645,4.6291605,0.7836310063029156,2268,0.17073567708333334,0.005099826388888889,0.0006355258976803305,0.3597284292100062,0.457194441504371
5,11,85,/home/test/bupt_hjk/sdp_dataset/elderAL/action0_static_new/user1_position6_activity0/20250813=211901_mimo5s_part0.csv,1,6,0,21,32256,4585,366,53,20,7,2676754.9317464894,5649311.0041610375,1165011.1739403508,1163509.4070011135,131812.75094082617,0.8146326501020161,0.1913226002948658,4608,1362,0.2955729166666667,2.0793893129770997,0.961013,3.147196,0.21877212448306965,4542,0.1421440972222222,0.01134672619047619,0.011559432933478735,0.20622181591387942,0.11328894304393021
5,11,86,/home/test/bupt_hjk/sdp_dataset/elderAL/action1_walk_new/user1_position6_activity1/20250813=150558_mimo5s_part0.csv,1,6,1,12,18432,1471,68,2,12,6,1248597.8805461763,5831540.568274444,4531162.4401588375,1219008.576549938,907594.3481301185,0.8567638996232805,0.13669757325226792,3072,388,0.12630208333333334,1.5825968728755948,3.5496535,4.6780368999999995,0.7084998137760977,1268,0.0798068576388889,0.003689236111111111,0.0013596193065941536,0.7770095032537193,0.744534833954007
5,11,87,/home/test/bupt_hjk/sdp_dataset/elderAL/action2_fall_new/user1_position6_activity2/20250814=001238_mimo5s_part0.csv,1,6,2,10,15360,2676,62,9,9,5,1507812.185686175,3483802.993303364,637300.0305183568,995008.423861918,193108.0714839967,0.8164818815192294,0.21094611872229616,3072,1192,0.3880208333333333,2.227204783258595,1.6026629999999997,2.351803,0.6814614149229336,2663,0.17421875,0.004036458333333334,0.0033632286995515697,0.182932281688542,0.1940768207112136
5,11,88,/home/test/bupt_hjk/sdp_dataset/elderAL/action3_sleep_new/user1_position6_activity3/20250813=191539_mimo5s_part0.csv,1,6,3,11,16896,2862,33,0,10,6,2340869.7728018444,4945064.935396319,2211279.388604879,1423922.463932749,744949.1663909797,0.739835766530471,0.2669826741505713,3072,1219,0.3968098958333333,2.342592592592592,3.6331849999999997,5.100382,0.6994807779647628,2463,0.16938920454545456,0.001953125,0.0,0.4471689285163365,0.523166945715215
5,11,89,/home/test/bupt_hjk/sdp_dataset/elderAL/action5_drink_new/user1_position6_activity5/20250813=162230_mimo5s_part0.csv,1,6,5,3,4608,577,90,27,3,3,154771.02283846354,470972.0244248481,305764.0139988266,316904.99667720706,176455.9471794987,0.9694735761414388,0.07335134715609212,3072,466,0.15169270833333334,1.2114384748700173,1.8520379999999999,1.8520379999999999,1.0,577,0.1252170138888889,0.01953125,0.04679376083188908,0.6492190579094931,0.5568102397553331
5,11,90,/home/test/bupt_hjk/sdp_dataset/elderAL/action6_sit_TV_new/user1_position6_activity6/20250813=174415_mimo5s_part0.csv,1,6,6,11,16896,2284,87,27,11,9,1729230.770185755,3957050.9411685364,2075001.6831979938,1235616.5938535896,608717.3476011569,0.7331935024849295,0.23344772216873133,3072,806,0.2623697916666667,1.9408931698774081,4.059698,5.122427,0.7783685638415154,1628,0.13517992424242425,0.005149147727272727,0.011821366024518389,0.5243808366503454,0.4926425807399645
5,11,91,/home/test/bupt_hjk/sdp_dataset/elderAL/action0_static_new/user1_position7_activity0/20250813=212115_mimo5s_part0.csv,1,7,0,18,27648,4360,391,85,17,10,2676939.9883527835,4666621.572491879,543438.9577578473,1114884.0546506876,87596.36239834831,0.8056416724973889,0.2014771516603437,3072,1449,0.4716796875,2.9910550458715592,1.9037145,3.0128049,0.4468947658521195,4070,0.15769675925925927,0.014142071759259259,0.0194954128440367,0.11645233051705588,0.07856993023888369
5,11,92,/home/test/bupt_hjk/sdp_dataset/elderAL/action1_walk_new/user1_position7_activity1/20250813=121435_mimo5s_part0.csv,1,7,1,3,4608,573,9,0,3,3,158617.48459816736,612474.6728947695,409352.23520995816,354733.24754851696,211633.44218289555,0.972945508155938,0.07161943478025888,3072,403,0.13118489583333334,1.0549738219895288,2.5727729999999998,2.5727729999999998,1.0,573,0.12434895833333333,0.001953125,0.0,0.6683578167815762,0.5965988348863477
5,11,93,/home/test/bupt_hjk/sdp_dataset/elderAL/action2_fall_new/user1_position7_activity2/20250814=001943_mimo5s_part0.csv,1,7,2,4,6144,1200,36,6,3,2,1134064.5646732785,1647379.9753485257,512581.41864234273,1207215.0377601706,207541.88530298,0.6769819842947383,0.3322972517465471,3072,1199,0.3902994791666667,1.9983333333333335,1.772084,1.772084,1.0,1200,0.1953125,0.005859375,0.005,0.31114947754169414,0.1719179092467625
5,11,94,/home/test/bupt_hjk/sdp_dataset/elderAL/action3_sleep_new/user1_position7_activity3/20250813=192335_mimo5s_part0.csv,1,7,3,17,26112,3700,402,93,14,13,2157089.7192450254,4445685.46753349,1630648.1327349762,1292625.5789991922,299202.25908597733,0.8396396113077916,0.16898783887220648,3072,1933,0.6292317708333334,4.440675675675676,3.013305,3.3668078,0.6700196872016291,3093,0.14169730392156862,0.015395220588235295,0.025135135135135135,0.3667934100699382,0.23146862010701733
5,11,95,/home/test/bupt_hjk/sdp_dataset/elderAL/action5_drink_new/user1_position7_activity5/20250813=162920_mimo5s_part0.csv,1,7,5,4,6144,500,12,0,4,2,372943.35235226015,2292415.895857364,1923037.9392295592,1018516.8998444942,685363.5820026291,0.8916985154914506,0.11590586044698455,3072,176,0.057291666666666664,0.704,2.98831,2.98831,1.0,500,0.08138020833333333,0.001953125,0.0,0.8388695710515227,0.6729034953737827
5,11,96,/home/test/bupt_hjk/sdp_dataset/elderAL/action6_sit_TV_new/user1_position7_activity6/20250813=175338_mimo5s_part0.csv,1,7,6,18,27648,4217,125,37,16,7,3378352.4590850705,8254493.079722125,3247116.7594720395,1382019.653822905,871099.3579686161,0.7405316660583658,0.25912978582458646,3072,874,0.2845052083333333,1.8653070903485889,2.434908,3.2270031,0.45930013219289306,3395,0.1525245949074074,0.004521122685185185,0.008774009959686982,0.39337567166285015,0.630308950787353
5,11,97,/home/test/bupt_hjk/sdp_dataset/elderAL/action0_static_new/user1_position8_activity0/20250813=212306_mimo5s_part0.csv,1,8,0,15,23040,4676,45,0,13,8,2704821.1930183843,4827706.643126344,322480.4029228813,1201422.989090744,59812.56233052385,0.7356438592894394,0.2696527568108638,3072,1609,0.5237630208333334,2.580731394354149,3.1552619999999996,4.0887998,0.6318695336809562,4403,0.2029513888888889,0.001953125,0.0,0.06679784559445565,0.049784765959731594
5,11,98,/home/test/bupt_hjk/sdp_dataset/elderAL/action1_walk_new/user1_position8_activity1/20250813=122213_mimo5s_part0.csv,1,8,1,7,10752,1680,21,0,7,5,1056805.7168566878,1557839.6007127927,492562.0381447713,1044074.5631975475,147822.28710245003,0.81453858090564,0.18682524102444412,3072,1284,0.41796875,2.675,3.736618,3.736618,1.0,1660,0.15625,0.001953125,0.0,0.31618276870057643,0.1415821171332194
5,11,99,/home/test/bupt_hjk/sdp_dataset/elderAL/action2_fall_new/user1_position8_activity2/20250814=003638_mimo5s_part0.csv,1,8,2,4,6144,676,52,10,3,2,450348.8907382166,2158225.528193304,1714496.7798273617,1046234.6364317382,654244.2254348804,0.9007316678635087,0.13263450171197694,3072,269,0.08756510416666667,0.7958579881656804,1.449684,1.449684,1.0,676,0.11002604166666667,0.008463541666666666,0.014792899408284023,0.7944011213983754,0.6253322177004477
5,11,100,/home/test/bupt_hjk/sdp_dataset/elderAL/action3_sleep_new/user1_position8_activity3/20250813=194048_mimo5s_part0.csv,1,8,3,22,33792,6955,475,108,18,16,4270891.037710595,8042703.586407056,1907193.2502840962,1336526.641679104,633924.7037210162,0.7438478295736264,0.2664137337348659,6144,2995,0.4874674479166667,2.36843997124371,1.979406,2.322234,0.4482905830953246,5468,0.20581794507575757,0.01405658143939394,0.015528396836808052,0.2371333507189593,0.4743075700493366
5,11,101,/home/test/bupt_hjk/sdp_dataset/elderAL/action5_drink_new/user1_position8_activity5/20250813=163618_mimo5s_part0.csv,1,8,5,7,10752,1550,21,0,7,7,1223255.4064646116,2092866.4505259194,918645.2641672092,1218506.3371458214,288952.71025442664,0.7976387796141168,0.20482670480388332,3072,1206,0.392578125,2.723225806451613,3.510725,3.510725,1.0,1464,0.1441592261904762,0.001953125,0.0,0.43894117751104544,0.23713681369212855
5,11,102,/home/test/bupt_hjk/sdp_dataset/elderAL/action6_sit_TV_new/user1_position8_activity6/20250813=180307_mimo5s_part0.csv,1,8,6,8,12288,2345,56,8,7,5,1887677.3029380844,3795218.4863962885,1190597.1771907748,1326568.9835453904,546792.1397444279,0.6984316944558737,0.3004847385690182,3072,598,0.19466145833333334,1.020042643923241,3.5680199999999997,3.591459,0.9934736829795355,2082,0.19083658854166666,0.004557291666666667,0.003411513859275053,0.31370978547306094,0.41218522860610707
5,11,103,/home/test/bupt_hjk/sdp_dataset/elderAL/action0_static_new/user1_position9_activity0/20250813=212424_mimo5s_part0.csv,1,9,0,11,16896,4286,216,93,11,6,2995952.4402758353,4041040.68539468,189258.3458153105,1391871.3921023258,56196.50399929512,0.6426621866807851,0.3568258475099874,3072,1564,0.5091145833333334,2.0069995333644424,3.224166,3.8791469999999997,0.8108451493761919,4065,0.25366950757575757,0.01278409090909091,0.02169855342977135,0.04683406096338919,0.040374781979256126
5,11,104,/home/test/bupt_hjk/sdp_dataset/elderAL/action1_walk_new/user1_position9_activity1/20250813=122920_mimo5s_part0.csv,1,9,1,6,9216,1290,18,0,6,4,1215225.2215620116,2491542.2084877207,1297629.8587628512,1060681.4055183018,389527.21335339133,0.7466703440001292,0.23817036455223842,3072,904,0.2942708333333333,2.1023255813953488,3.6163,3.6163,1.0,1271,0.13997395833333334,0.001953125,0.0,0.5208139177182421,0.36724242673326485
5,11,105,/home/test/bupt_hjk/sdp_dataset/elderAL/action2_fall_new/user1_position9_activity2/20250814=005641_mimo5s_part0.csv,1,9,2,4,6144,672,52,10,2,2,361244.60193137836,1957062.2989832032,1596663.6335424373,954166.5620091271,636387.9319783578,0.923373096824931,0.1155999772320501,3072,221,0.07194010416666667,0.6577380952380952,1.574744,1.574744,1.0,672,0.109375,0.008463541666666666,0.01488095238095238,0.8158471165542293,0.6669568577611406
5,11,106,/home/test/bupt_hjk/sdp_dataset/elderAL/action3_sleep_new/user1_position9_activity3/20250813=194226_mimo5s_part0.csv,1,9,3,11,16896,3446,33,0,11,7,2821400.850377979,4769238.120020561,1195099.1830625348,1376926.7323226694,241669.73854690453,0.6501101435246681,0.3398634826651148,3072,1269,0.4130859375,2.0253917585606502,3.639817,5.000945,0.703332145595528,3378,0.20395359848484848,0.001953125,0.0,0.25058492635242596,0.1755138693104199
5,11,107,/home/test/bupt_hjk/sdp_dataset/elderAL/action5_drink_new/user1_position9_activity5/20250813=164307_mimo5s_part0.csv,1,9,5,9,13824,2531,33,0,7,3,2261271.416600102,4182636.385282971,1453576.7577930083,1464417.506418245,690718.7044357592,0.6860590445601032,0.3089603250896246,3072,1174,0.3821614583333333,2.0873172659028048,4.670462,4.913207,0.9505933700737623,1731,0.18308738425925927,0.002387152777777778,0.0,0.34752644597736615,0.47166788255977493
5,11,108,/home/test/bupt_hjk/sdp_dataset/elderAL/action6_sit_TV_new/user1_position9_activity6/20250813=180912_mimo5s_part0.csv,1,9,6,8,12288,2413,62,8,6,6,2250967.2550624628,3985210.1666194303,1418355.6364828947,1473950.6243174186,682322.0815923626,0.6494285724952232,0.3387192790493877,3072,1073,0.3492838541666667,1.7786987152921674,2.3884419999999995,2.5512859999999997,0.9361717972818413,1659,0.19637044270833334,0.005045572916666667,0.003315375051802735,0.35590485248763076,0.46292058250482004
5,11,109,/home/test/bupt_hjk/sdp_dataset/elderAL/action0_static_new/user2_position1_activity0/20250813=211029_mimo5s_part0.csv,2,1,0,8,12288,2955,24,0,7,4,2309820.411101137,3916158.9154330003,1197681.1238348305,1411438.4935409694,717506.1811233229,0.6144484380729744,0.370803599330798,3072,675,0.2197265625,0.9137055837563451,3.0272224999999997,3.117378,0.971079702236944,1915,0.240478515625,0.001953125,0.0,0.3058305726856352,0.5083510081429532
5,11,110,/home/test/bupt_hjk/sdp_dataset/elderAL/action1_walk_new/user2_position1_activity1/20250813=151001_mimo5s_part0.csv,2,1,1,4,6144,1265,12,3,4,1,963704.176413136,1310964.1539332634,370305.5279756433,1024968.1137389141,154530.5662412335,0.6813123358703915,0.33047739690360367,3072,1251,0.4072265625,1.9778656126482212,2.0433909999999997,2.0433909999999997,1.0,1265,0.20589192708333334,0.001953125,0.0023715415019762848,0.28246808035492194,0.15076621815827182
5,11,111,/home/test/bupt_hjk/sdp_dataset/elderAL/action2_fall_new/user2_position1_activity2/20250813=231223_mimo5s_part0.csv,2,1,2,3,4608,438,108,24,3,3,15951.28065667578,79284.60222163003,60571.745021572526,47905.321296211434,33455.074036397375,0.9995744435395927,0.00803659865828949,3072,352,0.11458333333333333,1.2054794520547945,0.307951,0.307951,1.0,438,0.09505208333333333,0.0234375,0.0547945205479452,0.7639786708174673,0.698358201785887
5,11,112,/home/test/bupt_hjk/sdp_dataset/elderAL/action3_sleep_new/user2_position1_activity3/20250813=183154_mimo5s_part0.csv,2,1,3,8,12288,2312,24,0,8,3,2181699.6180364187,4355961.97763917,1730092.326921973,1490217.6544690817,734857.5713809938,0.6685751746721982,0.3249232346014874,3072,871,0.2835286458333333,1.5069204152249134,4.2698145,4.636824,0.920848947469216,1638,0.18815104166666666,0.001953125,0.0,0.39717801390443785,0.4931209673816412
5,11,113,/home/test/bupt_hjk/sdp_dataset/elderAL/action5_drink_new/user2_position1_activity5/20250813=155213_mimo5s_part0.csv,2,1,5,11,16896,3258,33,0,11,4,2779468.718549819,5036927.20346617,1220180.9697477676,1405868.6448220813,284019.51850190066,0.6713411294878111,0.32393488275848364,3072,1004,0.3268229166666667,1.6949048496009822,4.900911,6.268583,0.7703373701987037,2388,0.19282670454545456,0.001953125,0.0,0.24224709241541115,0.20202422150032698
5,11,114,/home/test/bupt_hjk/sdp_dataset/elderAL/action6_sit_TV_new/user2_position1_activity6/20250813=170504_mimo5s_part0.csv,2,1,6,4,6144,1149,12,0,4,2,1002635.0379728837,1527219.3166390145,524960.6971349766,1086957.3852606146,201580.9866655044,0.7068585711906056,0.30768844438872384,3072,1097,0.3570963541666667,1.9094865100087033,4.596902,4.596902,1.0,1149,0.18701171875,0.001953125,0.0,0.3437362868682602,0.18545436039994548
5,11,115,/home/test/bupt_hjk/sdp_dataset/elderAL/action0_static_new/user2_position2_activity0/20250813=212551_mimo5s_part0.csv,2,2,0,20,30720,3641,450,63,19,9,1846929.4294156416,3956760.522396324,330299.4597921419,929142.4566068223,57766.378145406234,0.863031342723306,0.13977300152029692,3072,1488,0.484375,4.0867893435869265,1.3608989999999999,1.6318603999999999,0.4333597104776704,3563,0.11852213541666666,0.0146484375,0.01730293875308981,0.08347724304328213,0.0621717129969132
5,11,116,/home/test/bupt_hjk/sdp_dataset/elderAL/action1_walk_new/user2_position2_activity1/20250813=151228_mimo5s_part0.csv,2,2,1,7,10752,1624,21,6,7,5,1077711.3324523775,1590729.6918810531,575999.5197507972,1097877.8576424704,180595.86849684466,0.7900956221626394,0.20827759830905923,3072,1383,0.4501953125,2.980603448275862,5.006125,5.006125,1.0,1531,0.15104166666666666,0.001953125,0.003694581280788177,0.36209767296772605,0.1644954101585102
5,11,117,/home/test/bupt_hjk/sdp_dataset/elderAL/action2_fall_new/user2_position2_activity2/20250813=231614_mimo5s_part0.csv,2,2,2,8,12288,2743,48,0,6,5,2146788.3231334873,3492866.6680824477,998428.253265749,1272521.543457536,652939.2432332388,0.6425517143662116,0.35791346739025065,3072,1286,0.4186197916666667,1.8753189938024062,3.0698689999999997,3.074087,0.9986278852875666,1830,0.22322591145833334,0.00390625,0.0,0.2858478001434498,0.5131066319389408
5,11,118,/home/test/bupt_hjk/sdp_dataset/elderAL/action3_sleep_new/user2_position2_activity3/20250813=183536_mimo5s_part0.csv,2,2,3,18,27648,5155,487,56,18,10,3915887.0230004517,6389118.639483369,1258653.367635988,1536066.5344587436,244891.8515260152,0.7361285969688799,0.2699755622206645,3072,1357,0.4417317708333333,2.369156159068865,1.9802564999999999,2.7187639,0.42614965341089683,4166,0.18645109953703703,0.017614293981481483,0.010863239573229874,0.19699952977203816,0.15942789327957502
5,11,119,/home/test/bupt_hjk/sdp_dataset/elderAL/action5_drink_new/user2_position2_activity5/20250813=155604_mimo5s_part0.csv,2,2,5,7,10752,1518,21,0,7,6,1075917.066402933,1824449.528545713,771759.9160797443,1086857.7630812852,203919.86815275747,0.7976568339844177,0.20123461826288794,3072,1341,0.4365234375,3.0918972332015806,5.054961,5.054961,1.0,1439,0.14118303571428573,0.001953125,0.0,0.42300973746032966,0.18762332577414406
5,11,120,/home/test/bupt_hjk/sdp_dataset/elderAL/action6_sit_TV_new/user2_position2_activity6/20250813=170911_mimo5s_part0.csv,2,2,6,4,6144,1381,48,9,3,1,1082914.1148118589,1229216.851695824,168289.63157988753,1101287.2224852047,73391.16518111197,0.6899801762937665,0.3311197137135772,3072,1376,0.4479166666666667,1.99275887038378,2.0627619999999998,2.0627619999999998,1.0,1381,0.22477213541666666,0.0078125,0.0065170166545981175,0.1369080088250626,0.06664125732385671
5,11,121,/home/test/bupt_hjk/sdp_dataset/elderAL/action0_static_new/user2_position3_activity0/20250813=212825_mimo5s_part0.csv,2,3,0,19,29184,5448,145,14,18,13,3713582.4532786906,5869174.203825314,805919.5605343647,1329613.9761466233,156306.9945879297,0.7354170585074021,0.26115805683197607,3072,1460,0.4752604166666667,2.5458883994126285,2.7933019999999997,3.7918841999999997,0.48246324314278466,4687,0.18667763157894737,0.004968475877192982,0.0025697503671071953,0.13731396147844713,0.11755817657763017
5,11,122,/home/test/bupt_hjk/sdp_dataset/elderAL/action1_walk_new/user2_position3_activity1/20250813=151416_mimo5s_part0.csv,2,3,1,7,10752,2283,21,3,7,5,1929402.2795888204,3373611.676736866,616811.4607796357,1361601.0025024794,201523.49934557645,0.6292796413443091,0.3513559473498688,3072,1012,0.3294270833333333,1.551467367498905,3.9528429999999997,3.9528429999999997,1.0,2223,0.21233258928571427,0.001953125,0.001314060446780552,0.18283416109593503,0.14800481122971962
5,11,123,/home/test/bupt_hjk/sdp_dataset/elderAL/action2_fall_new/user2_position3_activity2/20250813=233327_mimo5s_part0.csv,2,3,2,4,6144,1321,36,6,2,2,799069.13416897,937846.2043986323,144174.20891136478,826851.6707114526,77406.6632861917,0.7288291445176407,0.3034337279810036,3072,1295,0.4215494791666667,1.960635881907646,0.326381,0.326381,1.0,1321,0.21500651041666666,0.005859375,0.004542013626040878,0.15372905305280035,0.093616141840275
5,11,124,/home/test/bupt_hjk/sdp_dataset/elderAL/action3_sleep_new/user2_position3_activity3/20250813=185029_mimo5s_part0.csv,2,3,3,11,16896,4115,297,66,9,7,3178739.1871504644,4613927.564438551,496837.1761914845,1534005.340273547,139197.29535953753,0.6541011421497692,0.3489982058335791,3072,1204,0.3919270833333333,1.6092345078979342,2.522379,3.142483,0.7826606214545867,3866,0.24354876893939395,0.017578125,0.01603888213851762,0.10768204945842978,0.09074107612605546
5,11,125,/home/test/bupt_hjk/sdp_dataset/elderAL/action5_drink_new/user2_position3_activity5/20250813=160608_mimo5s_part0.csv,2,3,5,4,6144,1176,12,0,4,1,1025066.0251748579,1446317.3196548552,431241.51680846745,1097142.1928944292,183426.345205657,0.6960707092341166,0.3129985491603495,3072,1160,0.3776041666666667,1.9727891156462587,3.0598549999999998,3.0598549999999998,1.0,1176,0.19140625,0.001953125,0.0,0.2981652165455487,0.16718557211053037
5,11,126,/home/test/bupt_hjk/sdp_dataset/elderAL/action6_sit_TV_new/user2_position3_activity6/20250813=172559_mimo5s_part0.csv,2,3,6,8,12288,2149,30,0,8,5,1723277.601962205,2127575.6173220584,417771.6818558929,1178183.9566572981,113431.38724529772,0.7503510667109501,0.2532922935103453,3072,1490,0.4850260416666667,2.773382968822708,3.759214,3.9163349999999997,0.9598806026552887,2031,0.17488606770833334,0.00244140625,0.0,0.19636043882742682,0.09627646566086441
5,11,127,/home/test/bupt_hjk/sdp_dataset/elderAL/action0_static_new/user2_position4_activity0/20250813=212927_mimo5s_part0.csv,2,4,0,11,16896,3818,37,2,8,5,2411185.299806118,3720107.1624784493,287168.00557331764,1141635.7607591122,71615.98443646837,0.660645924496055,0.33263398696377855,3072,1018,0.3313802083333333,1.4664745940282868,3.6080469999999996,3.9986829999999998,0.8083163648102889,2829,0.22597064393939395,0.002189867424242424,0.0005238344683080147,0.07719347670135328,0.06273102761676673
5,11,128,/home/test/bupt_hjk/sdp_dataset/elderAL/action1_walk_new/user2_position4_activity1/20250813=151646_mimo5s_part0.csv,2,4,1,4,6144,584,12,3,4,3,440126.8521843133,1601342.3870009338,1130457.2269233335,872386.8634916993,502354.6488310944,0.8456046162800048,0.1544341997721608,3072,561,0.1826171875,1.9212328767123288,4.618024,4.618024,1.0,584,0.09505208333333333,0.001953125,0.005136986301369863,0.7059434859777269,0.5758393092033007
5,11,129,/home/test/bupt_hjk/sdp_dataset/elderAL/action2_fall_new/user2_position4_activity2/20250813=234612_mimo5s_part0.csv,2,4,2,4,6144,665,12,0,3,2,305530.06284044974,1926644.92480471,1631256.9102111207,896742.1306023949,620700.095539331,0.942185153462646,0.09752475479037838,3072,206,0.06705729166666667,0.6195488721804512,1.83964,1.83964,1.0,665,0.10823567708333333,0.001953125,0.0,0.8466826913508566,0.6921723362349106
5,11,130,/home/test/bupt_hjk/sdp_dataset/elderAL/action3_sleep_new/user2_position4_activity3/20250813=185412_mimo5s_part0.csv,2,4,3,14,21504,2826,98,13,12,10,1851692.2608803506,4140552.938510596,1522430.7896302808,1131789.5032910448,363021.5715292753,0.8251156755429518,0.1859736100810664,3072,1197,0.3896484375,2.9649681528662417,3.7876899999999996,4.684726899999999,0.7658901856525784,2706,0.13141741071428573,0.004557291666666667,0.0046001415428167025,0.3676877973157654,0.32075007806104616
5,11,131,/home/test/bupt_hjk/sdp_dataset/elderAL/action5_drink_new/user2_position4_activity5/20250813=160753_mimo5s_part0.csv,2,4,5,11,16896,3161,33,0,11,7,2816858.25465212,5289497.719671976,1791426.1406616797,1518756.8611292625,482941.9005416776,0.6677297358667273,0.31229766938620884,3072,1257,0.4091796875,2.187124327744385,3.8652759999999997,4.803666,0.8035629495161504,3078,0.18708570075757575,0.001953125,0.0,0.33867603988167966,0.31798500003653585
5,11,132,/home/test/bupt_hjk/sdp_dataset/elderAL/action6_sit_TV_new/user2_position4_activity6/20250813=173011_mimo5s_part0.csv,2,4,6,8,12288,2020,24,0,8,5,1549838.1668670296,3298041.6534205135,952898.250649766,1169948.6111291833,321673.7677643313,0.7386529898814524,0.2591256241264324,3072,1143,0.3720703125,2.263366336633663,4.8042675,4.903847,0.9796935956607129,1991,0.16438802083333334,0.001953125,0.0,0.2889285069099968,0.27494692049240166
5,11,133,/home/test/bupt_hjk/sdp_dataset/elderAL/action0_static_new/user2_position5_activity0/20250813=213138_mimo5s_part0.csv,2,5,0,15,23040,4136,92,17,12,6,2965182.8707566,4186407.271333957,750782.5344669188,1231236.9058895595,141883.27049899803,0.7156862912546648,0.272064799720954,3072,1019,0.3317057291666667,1.8477998065764025,2.7605310000000003,3.2424422,0.5311842340978927,3105,0.1795138888888889,0.003993055555555555,0.004110251450676982,0.1793381498278569,0.11523636906943463
5,11,134,/home/test/bupt_hjk/sdp_dataset/elderAL/action1_walk_new/user2_position5_activity1/20250813=151940_mimo5s_part0.csv,2,5,1,4,6144,619,20,2,2,2,406696.6344828297,1806728.187316936,1403563.191568499,949396.09046448,608773.6737753535,0.8806181017366008,0.13562785325319796,3072,336,0.109375,1.0856219709208401,4.638408,4.638408,1.0,619,0.10074869791666667,0.0032552083333333335,0.0032310177705977385,0.7768535419004265,0.6412220145940549
5,11,135,/home/test/bupt_hjk/sdp_dataset/elderAL/action2_fall_new/user2_position5_activity2/20250814=000255_mimo5s_part0.csv,2,5,2,8,12288,2058,288,80,8,5,1698377.7119602924,2244564.118336226,582758.412091733,1155593.9928857516,173427.48479475908,0.7461082245786096,0.24903023634105453,3072,1341,0.4365234375,2.6064139941690962,3.0723265,3.22904,0.9514674640140723,1955,0.16748046875,0.0234375,0.038872691933916424,0.2596309935328113,0.150076485220969
5,11,136,/home/test/bupt_hjk/sdp_dataset/elderAL/action3_sleep_new/user2_position5_activity3/20250813=190932_mimo5s_part0.csv,2,5,3,11,16896,2147,33,0,10,4,1818953.4232586115,4848284.586649888,1436173.2285274067,1334201.83994723,367110.4237141362,0.7786937839291953,0.21316318908451612,3072,1097,0.3570963541666667,2.8102002794597114,3.4508099999999997,4.969477,0.688898697568399,2085,0.12707149621212122,0.001953125,0.0,0.29622296357809036,0.27515358825217634
5,11,137,/home/test/bupt_hjk/sdp_dataset/elderAL/action5_drink_new/user2_position5_activity5/20250813=161739_mimo5s_part0.csv,2,5,5,17,26112,4588,249,33,17,7,3918132.333316791,6985688.822313182,2131673.9409798663,1459018.9420087808,390036.37272153574,0.7189677276650385,0.2840009383738702,3072,1352,0.4401041666666667,2.5047951176983436,2.573302,3.5859697999999995,0.5474991819326473,3752,0.17570465686274508,0.009535845588235295,0.007192676547515257,0.3051487112009667,0.26732783344439154
5,11,138,/home/test/bupt_hjk/sdp_dataset/elderAL/action6_sit_TV_new/user2_position5_activity6/20250813=173914_mimo5s_part0.csv,2,5,6,4,6144,1211,12,0,4,1,876169.3846531155,1206806.6875460695,360559.7576684895,939741.4443157348,152877.63894525782,0.7027080462992382,0.3184146605948001,3072,1195,0.3889973958333333,1.9735755573905862,4.612487,4.612487,1.0,1211,0.19710286458333334,0.001953125,0.0,0.29877175971045916,0.16268053289548642
5,11,139,/home/test/bupt_hjk/sdp_dataset/elderAL/action0_static_new/user2_position6_activity0/20250813=213300_mimo5s_part0.csv,2,6,0,14,21504,3343,204,14,14,7,1968770.374061321,3402035.014552013,506617.60480749456,1182708.609671167,137653.0157281969,0.7909581784332441,0.21077959399200308,3072,1393,0.4534505208333333,2.9168411606341604,1.9477054999999999,2.5433053,0.721769380566719,3220,0.15545944940476192,0.009486607142857142,0.004187855219862399,0.14891604661341412,0.11638793748738252
5,11,140,/home/test/bupt_hjk/sdp_dataset/elderAL/action1_walk_new/user2_position6_activity1/20250813=121041_mimo5s_part0.csv,2,6,1,4,6144,671,20,2,4,2,423079.51715100725,1966471.6914552257,1550106.1346718508,936557.4727750316,578914.8224175535,0.8980697739021347,0.13444396549367935,3072,327,0.1064453125,0.9746646795827124,1.733377,1.733377,1.0,671,0.10921223958333333,0.0032552083333333335,0.0029806259314456036,0.7882677088144318,0.6181305891481722
5,11,141,/home/test/bupt_hjk/sdp_dataset/elderAL/action2_fall_new/user2_position6_activity2/20250814=000625_mimo5s_part0.csv,2,6,2,3,4608,688,108,33,3,3,162831.86206581417,360427.5563947279,192181.21967535006,257933.13780603308,109237.47967382518,0.9749105152915706,0.07458758018162241,3072,593,0.19303385416666666,1.2928779069767442,1.546074,1.546074,1.0,688,0.14930555555555555,0.0234375,0.04796511627906977,0.5332034586858275,0.4235108392934462
5,11,142,/home/test/bupt_hjk/sdp_dataset/elderAL/action3_sleep_new/user2_position6_activity3/20250813=191132_mimo5s_part0.csv,2,6,3,18,27648,3696,198,0,15,7,3153261.2910365094,7231659.127226888,2909220.7102730107,1487038.132806588,759048.7777046752,0.7646062844779811,0.22107636344163129,3072,1083,0.3525390625,2.637175324675325,2.4840859999999996,3.8740052000000005,0.505842543835624,2868,0.13368055555555555,0.007161458333333333,0.0,0.40228952431122184,0.5104433847113732
5,11,143,/home/test/bupt_hjk/sdp_dataset/elderAL/action5_drink_new/user2_position6_activity5/20250813=162526_mimo5s_part0.csv,2,6,5,8,12288,1213,64,20,8,5,1063204.6197854273,4077642.088907844,2798454.186237122,1285231.3890278866,915041.1363599419,0.8258011613075277,0.16803196087609407,3072,453,0.1474609375,1.4938169826875516,2.6870775,2.725815,0.985788654035582,930,0.09871419270833333,0.005208333333333333,0.016488046166529265,0.686292255480093,0.7119660663221536
5,11,144,/home/test/bupt_hjk/sdp_dataset/elderAL/action6_sit_TV_new/user2_position6_activity6/20250813=174916_mimo5s_part0.csv,2,6,6,7,10752,1895,21,0,7,7,1296684.5512257584,2658349.3375830385,984565.4284239328,1122817.8317905935,299645.427831282,0.6850882595994843,0.285704009491117,3072,947,0.3082682291666667,1.749076517150396,5.000175,5.000175,1.0,1730,0.17624627976190477,0.001953125,0.0,0.37036721039797427,0.2668691388285381
5,11,145,/home/test/bupt_hjk/sdp_dataset/elderAL/action0_static_new/user2_position7_activity0/20250813=213523_mimo5s_part0.csv,2,7,0,10,15360,2913,89,33,9,7,1744295.7332151437,2784435.6158675305,551519.4148895163,1130890.8251436919,159657.79202317313,0.7676195355765516,0.24379976546851628,3072,1424,0.4635416666666667,2.444215585307244,1.8817914999999998,2.221895,0.8469308855729005,2747,0.1896484375,0.0057942708333333336,0.01132852729145211,0.19807224550160143,0.1411787844356124
5,11,146,/home/test/bupt_hjk/sdp_dataset/elderAL/action1_walk_new/user2_position7_activity1/20250813=121734_mimo5s_part0.csv,2,7,1,4,6144,830,12,0,4,3,741404.7454565112,1604788.9003588506,856699.722373932,974392.5914504654,346428.13061100425,0.7484690695421287,0.2342776148027766,3072,806,0.2623697916666667,1.9421686746987952,4.55631,4.55631,1.0,830,0.13509114583333334,0.001953125,0.0,0.5338395113415624,0.3555323938735175
5,11,147,/home/test/bupt_hjk/sdp_dataset/elderAL/action2_fall_new/user2_position7_activity2/20250814=003008_mimo5s_part0.csv,2,7,2,3,4608,544,108,6,3,3,70332.74717532942,254845.42442929343,173343.8360534091,162004.68321900992,98553.72227096352,0.9941661342234283,0.030587840863960648,3072,447,0.1455078125,1.2325367647058825,0.830939,0.830939,1.0,544,0.11805555555555555,0.0234375,0.011029411764705883,0.6801920671779733,0.6083387239968323
5,11,148,/home/test/bupt_hjk/sdp_dataset/elderAL/action3_sleep_new/user2_position7_activity3/20250813=193020_mimo5s_part0.csv,2,7,3,14,21504,2937,65,9,13,8,2331394.5019350685,5507256.882854698,1997908.530091851,1282177.8298645136,475452.2716858008,0.7730250999568032,0.22270386914086437,3072,1225,0.3987630208333333,2.9196458971739867,3.388676,5.2312978999999995,0.5824747212053102,2768,0.13657924107142858,0.0030226934523809525,0.0030643513789581204,0.3627774357705702,0.3708161696541277
5,11,149,/home/test/bupt_hjk/sdp_dataset/elderAL/action5_drink_new/user2_position7_activity5/20250813=162802_mimo5s_part0.csv,2,7,5,3,4608,540,18,3,3,3,75659.40655846517,307191.3366920172,209925.08729982984,173259.01913051718,105221.21916008042,0.9930827081978962,0.03177733471790611,3072,444,0.14453125,1.2333333333333334,1.8638489999999999,1.8638489999999999,1.0,540,0.1171875,0.00390625,0.005555555555555556,0.6833691651607212,0.6073058689130438
5,11,150,/home/test/bupt_hjk/sdp_dataset/elderAL/action6_sit_TV_new/user2_position7_activity6/20250813=175221_mimo5s_part0.csv,2,7,6,7,10752,2203,21,0,7,5,1829756.240577238,3407904.329632844,798319.6688193353,1315646.7475764588,262224.35757263016,0.6165367163366424,0.35327770363147415,3072,1069,0.3479817708333333,1.6983658647299138,3.866475,3.866475,1.0,2116,0.20489211309523808,0.001953125,0.0,0.2342553051967112,0.199312131509215
5,11,151,/home/test/bupt_hjk/sdp_dataset/elderAL/action0_static_new/user2_position8_activity0/20250813=213723_mimo5s_part0.csv,2,8,0,15,23040,4682,334,116,12,8,3501761.5049453718,4444711.093825665,430737.5508670957,1395100.117450704,220724.56092333118,0.7015321642900831,0.2865486721703411,3072,1483,0.4827473958333333,2.375587355830841,1.7001300000000001,2.7747948,0.4816516100665422,3514,0.20321180555555557,0.014496527777777778,0.024775736864587783,0.09691013471391904,0.15821413686543576
5,11,152,/home/test/bupt_hjk/sdp_dataset/elderAL/action1_walk_new/user2_position8_activity1/20250813=122446_mimo5s_part0.csv,2,8,1,3,4608,538,108,24,3,3,65313.06958023411,233462.49346571852,154699.61507146902,141285.5869840248,81232.39625042264,0.9924685327527342,0.027360373747150238,3072,383,0.12467447916666667,1.0678438661710037,0.903469,0.903469,1.0,538,0.11675347222222222,0.0234375,0.04460966542750929,0.6626315549661728,0.5749517554087638
5,11,153,/home/test/bupt_hjk/sdp_dataset/elderAL/action2_fall_new/user2_position8_activity2/20250814=003232_mimo5s_part0.csv,2,8,2,4,6144,1412,120,27,2,2,1212063.854406318,1332479.6611848285,134503.7116461913,1222598.5426805613,60880.90267357716,0.6716668524653256,0.3587578415483135,3072,1412,0.4596354166666667,2.0,0.337128,0.337128,1.0,1412,0.22981770833333334,0.01953125,0.019121813031161474,0.10094241252927783,0.04979631542836219
5,11,154,/home/test/bupt_hjk/sdp_dataset/elderAL/action3_sleep_new/user2_position8_activity3/20250813=193315_mimo5s_part0.csv,2,8,3,15,23040,3899,89,10,15,10,2642023.6586498194,5464926.020671605,1817000.5521341842,1227921.1553331933,458739.9646997242,0.7567247274058598,0.2463742699207488,3072,1306,0.4251302083333333,2.5121826109258785,2.7562360000000004,3.6571232,0.5731874395355666,3512,0.16922743055555556,0.0038628472222222224,0.0025647601949217746,0.3324840162998009,0.37359073317312974
5,11,155,/home/test/bupt_hjk/sdp_dataset/elderAL/action5_drink_new/user2_position8_activity5/20250813=163815_mimo5s_part0.csv,2,8,5,11,16896,3412,141,54,10,8,2743032.888655687,4843563.543943596,1430898.6319202567,1394150.306881732,361789.31375397276,0.6667661975479133,0.32295514792471985,3072,1035,0.3369140625,1.6683763188745604,3.9199789999999997,5.868103999999999,0.5868296165511988,3225,0.20194128787878787,0.008345170454545454,0.015826494724501757,0.29542270250783764,0.25950524270455433
5,11,156,/home/test/bupt_hjk/sdp_dataset/elderAL/action6_sit_TV_new/user2_position8_activity6/20250813=180610_mimo5s_part0.csv,2,8,6,7,10752,2223,252,87,5,4,1143748.5273966303,1595808.7697606618,421608.95720346755,1020197.7601501865,136744.0484169582,0.7951054122187787,0.22505750281203568,3072,1354,0.4407552083333333,2.131803868645974,0.6846599999999999,0.6846599999999999,1.0,2177,0.20675223214285715,0.0234375,0.03913630229419703,0.2641976690394427,0.13403680517474148
5,11,157,/home/test/bupt_hjk/sdp_dataset/elderAL/action0_static_new/user2_position9_activity0/20250813=213912_mimo5s_part0.csv,2,9,0,14,21504,3956,60,9,13,7,2271461.340589394,3695476.0558652114,863255.3538529249,1359045.9162520715,192326.04480501887,0.7991608362531889,0.21613739607456403,3072,1843,0.5999348958333334,3.2611223458038423,3.972138,4.907668,0.6240384062499705,3001,0.1839657738095238,0.0027901785714285715,0.002275025278058645,0.23359787502419993,0.14151548708185577
5,11,158,/home/test/bupt_hjk/sdp_dataset/elderAL/action1_walk_new/user2_position9_activity1/20250813=123159_mimo5s_part0.csv,2,9,1,4,6144,438,12,0,4,3,341270.08425413386,2408110.631435829,2054348.725480874,1058448.49677377,769045.428604331,0.9097930004261876,0.10032145291985882,3072,215,0.06998697916666667,0.9817351598173517,4.346515999999999,4.346515999999999,1.0,438,0.0712890625,0.001953125,0.0,0.853095658755501,0.7265780346879784
5,11,159,/home/test/bupt_hjk/sdp_dataset/elderAL/action2_fall_new/user2_position9_activity2/20250814=005038_mimo5s_part0.csv,2,9,2,3,4608,510,108,6,3,3,122113.76970470442,612727.4727490721,480939.70231018006,330356.44974473683,218839.95388568228,0.9829532557742544,0.05380277051160233,3072,413,0.13444010416666666,1.214705882352941,1.081259,1.081259,1.0,510,0.11067708333333333,0.0234375,0.011764705882352941,0.7849161718706505,0.6624358448420721
5,11,160,/home/test/bupt_hjk/sdp_dataset/elderAL/action3_sleep_new/user2_position9_activity3/20250813=194923_mimo5s_part0.csv,2,9,3,4,6144,1184,12,0,4,2,1034761.3261785272,1395878.3508899314,442612.1420641221,1115251.3760873342,201282.66588368383,0.6745309837561501,0.32466632161350345,3072,1170,0.380859375,1.9763513513513513,3.524784,3.524784,1.0,1184,0.19270833333333334,0.001953125,0.0,0.317085039525069,0.18048188076651303
5,11,161,/home/test/bupt_hjk/sdp_dataset/elderAL/action5_drink_new/user2_position9_activity5/20250813=164217_mimo5s_part0.csv,2,9,5,8,12288,2063,32,0,8,4,1919788.5214749482,3896354.194182232,1371973.1088656262,1357679.1003761822,682247.6642195372,0.7045054132907421,0.2829088877196852,3072,604,0.19661458333333334,1.1711100339311684,4.911360500000001,4.948894,0.9924157801722971,1726,0.16788736979166666,0.0026041666666666665,0.0,0.35211714348612405,0.5025102500513573
5,11,162,/home/test/bupt_hjk/sdp_dataset/elderAL/action6_sit_TV_new/user2_position9_activity6/20250813=180810_mimo5s_part0.csv,2,9,6,11,16896,3366,53,6,9,5,2830749.294604992,5202184.433014672,1241319.5206198646,1426508.8193203344,296985.9227780202,0.6734949706018084,0.3285417275929164,3072,1046,0.3404947916666667,1.7091503267973858,2.2440439999999997,2.6451849999999997,0.7425966812800474,2523,0.19921875,0.003136837121212121,0.0017825311942959,0.2386150542341534,0.2081907372430549
