sample_index,file_name,user_id,position_id,action_id,frames,duration_seconds,median_interval_seconds,p90_interval_seconds,max_interval_seconds,duplicate_timestamp_intervals,valid_frame_rate_hz,default_half_window,default_full_window_frames,default_window_median_span_seconds,default_window_p90_span_seconds,default_window_median_fraction_of_duration,default_window_frame_fraction,sample_not_longer_than_default_window
1,/home/test/bupt_hjk/sdp_dataset/elderAL/action1_walk_new/user1_position8_activity1/20250813=122213_mimo5s_part0.csv,1,8,1,7,3.736618,0.28487399999999996,1.546805,2.523945,0,1.6057301013911511,5,11,3.736618,3.736618,1.0,1.0,1
2,/home/test/bupt_hjk/sdp_dataset/elderAL/action1_walk_new/user1_position8_activity1/20250813=122236_mimo5s_part0.csv,1,8,1,12,3.918393,0.15436250000000018,0.8137397999999993,1.9558559999999998,1,2.8072732877993607,5,11,2.205752,3.5409842,0.5629226062827286,0.9166666666666666,0
3,/home/test/bupt_hjk/sdp_dataset/elderAL/action1_walk_new/user1_position8_activity1/20250813=122225_mimo5s_part0.csv,1,8,1,11,5.443191,0.39172850000000015,1.1547808,1.2844239999999998,0,1.8371576525607867,5,11,4.999858,5.32684,0.9185527386417269,1.0,1
4,/home/test/bupt_hjk/sdp_dataset/elderAL/action1_walk_new/user1_position8_activity1/20250813=122218_mimo5s_part0.csv,1,8,1,4,5.690974,0.677362,3.8870748000000006,4.689503,0,0.5271505369731087,5,11,5.690974,5.690974,1.0,1.0,1
5,/home/test/bupt_hjk/sdp_dataset/elderAL/action1_walk_new/user1_position8_activity1/20250813=122247_mimo5s_part0.csv,1,8,1,8,4.98947,0.4667610000000002,1.9961345,2.913445,1,1.402954622434848,5,11,4.834588,4.98947,0.9689582260240066,1.0,1
6,/home/test/bupt_hjk/sdp_dataset/elderAL/action1_walk_new/user0_position6_activity1/20250813=120612_mimo5s_part0.csv,0,6,1,11,5.139081,0.25667650000000003,1.2426201999999993,2.3931729999999996,0,1.9458732018428977,5,11,4.6082529999999995,5.124108,0.8967076020012137,1.0,1
7,/home/test/bupt_hjk/sdp_dataset/elderAL/action1_walk_new/user1_position8_activity1/20250813=122201_mimo5s_part0.csv,1,8,1,12,5.3196699999999995,0.3117365000000002,1.1468786999999994,2.657634,1,2.0677974385629185,5,11,4.6498585,4.945552999999999,0.8740877723618194,0.9166666666666666,0
8,/home/test/bupt_hjk/sdp_dataset/elderAL/action1_walk_new/user1_position8_activity1/20250813=122207_mimo5s_part0.csv,1,8,1,7,3.393373,0.5935265,1.0717845000000001,1.1609980000000002,0,1.7681522190457695,5,11,3.393373,3.393373,1.0,1.0,1
9,/home/test/bupt_hjk/sdp_dataset/elderAL/action1_walk_new/user1_position8_activity1/20250813=122304_mimo5s_part0.csv,1,8,1,8,4.9874089999999995,0.4036959999999996,1.621100200000001,3.0175,0,1.4035343802764122,5,11,4.8253245,4.9874089999999995,0.9675012616771554,1.0,1
10,/home/test/bupt_hjk/sdp_dataset/elderAL/action1_walk_new/user1_position8_activity1/20250813=122241_mimo5s_part0.csv,1,8,1,3,1.3911769999999999,0.6955884999999999,1.0436809,1.130704,0,1.437631588216309,5,11,1.3911769999999999,1.3911769999999999,1.0,1.0,1
11,/home/test/bupt_hjk/sdp_dataset/elderAL/action1_walk_new/user1_position8_activity1/20250813=122230_mimo5s_part0.csv,1,8,1,8,3.434678,0.33493249999999986,1.3621125,1.652316,1,2.038036753372514,5,11,3.418984,3.434678,0.9954307215989389,1.0,1
12,/home/test/bupt_hjk/sdp_dataset/elderAL/action1_walk_new/user1_position8_activity1/20250813=122155_mimo5s_part0.csv,1,8,1,11,3.865258,0.2733779999999999,0.7596589999999995,1.2854929999999998,0,2.587149421849719,5,11,2.850521,3.8627219999999998,0.7374723757120483,1.0,1
13,/home/test/bupt_hjk/sdp_dataset/elderAL/action1_walk_new/user1_position8_activity1/20250813=122258_mimo5s_part0.csv,1,8,1,11,4.8580499999999995,0.39657050000000005,0.9271069999999999,1.3783309999999998,0,2.0584390856413584,5,11,3.7395629999999995,4.747953,0.7697662642418254,1.0,1
14,/home/test/bupt_hjk/sdp_dataset/elderAL/action1_walk_new/user1_position8_activity1/20250813=122143_mimo5s_part0.csv,1,8,1,17,4.857156,0.07028749999999984,0.641228,2.291322,0,3.294108733588133,5,11,1.0966209999999998,3.8162103999999997,0.22577430084600944,0.6470588235294118,0
15,/home/test/bupt_hjk/sdp_dataset/elderAL/action1_walk_new/user0_position6_activity1/20250813=120652_mimo5s_part0.csv,0,6,1,18,4.668934,0.03252500000000014,0.8925210000000001,1.9270669999999999,1,3.641088094198804,5,11,1.5438945000000002,3.1177862,0.33067387544994215,0.6111111111111112,0
16,/home/test/bupt_hjk/sdp_dataset/elderAL/action1_walk_new/user1_position8_activity1/20250813=122252_mimo5s_part0.csv,1,8,1,14,5.241333,0.2693969999999999,1.2064658000000001,1.565334,0,2.4802850725187655,5,11,2.3863820000000002,3.7412871000000005,0.455300588609806,0.7857142857142857,0
17,/home/test/bupt_hjk/sdp_dataset/elderAL/action1_walk_new/user1_position8_activity1/20250813=122149_mimo5s_part0.csv,1,8,1,17,4.989699,0.10761599999999993,0.6073505000000003,2.4040399999999997,0,3.2066062501966552,5,11,2.0856990000000004,4.1809968,0.41800096558930716,0.6470588235294118,0
18,/home/test/bupt_hjk/sdp_dataset/elderAL/action1_walk_new/user0_position6_activity1/20250813=120634_mimo5s_part0.csv,0,6,1,4,3.953775,1.0495679999999998,1.8151904,2.006596,0,0.7587685186941594,5,11,3.953775,3.953775,1.0,1.0,1
19,/home/test/bupt_hjk/sdp_dataset/elderAL/action1_walk_new/user0_position6_activity1/20250813=120709_mimo5s_part0.csv,0,6,1,4,3.4314489999999997,0.47228899999999996,2.4600274,2.956962,0,0.8742662356339844,5,11,3.4314489999999997,3.4314489999999997,1.0,1.0,1
20,/home/test/bupt_hjk/sdp_dataset/elderAL/action1_walk_new/user0_position6_activity1/20250813=120617_mimo5s_part0.csv,0,6,1,7,6.723552,0.7868009999999999,2.3265445,2.707391,0,0.8923854534032012,5,11,6.723552,6.723552,1.0,1.0,1
21,/home/test/bupt_hjk/sdp_dataset/elderAL/action1_walk_new/user0_position6_activity1/20250813=120640_mimo5s_part0.csv,0,6,1,7,5.005987999999999,0.20182799999999998,2.2909715000000004,2.806006,0,1.1985645990361944,5,11,5.005987999999999,5.005987999999999,1.0,1.0,1
22,/home/test/bupt_hjk/sdp_dataset/elderAL/action1_walk_new/user0_position6_activity1/20250813=120726_mimo5s_part0.csv,0,6,1,7,2.1444739999999998,0.3241839999999999,0.7450034999999999,0.832312,0,2.797888899562317,5,11,2.1444739999999998,2.1444739999999998,1.0,1.0,1
23,/home/test/bupt_hjk/sdp_dataset/elderAL/action1_walk_new/user0_position6_activity1/20250813=120623_mimo5s_part0.csv,0,6,1,12,5.559676,0.26798,1.3388075999999998,1.5302609999999999,1,1.9785325619694387,5,11,4.476748499999999,5.3541419,0.8052175162725309,0.9166666666666666,0
24,/home/test/bupt_hjk/sdp_dataset/elderAL/action1_walk_new/user0_position6_activity1/20250813=120657_mimo5s_part0.csv,0,6,1,21,7.259119999999999,0.224472,0.8562567000000013,1.5714579999999998,0,2.7551548948081863,5,11,2.3862069999999997,4.604922,0.32871849480377785,0.5238095238095238,0
25,/home/test/bupt_hjk/sdp_dataset/elderAL/action1_walk_new/user0_position6_activity1/20250813=120703_mimo5s_part0.csv,0,6,1,7,5.248158,0.4859910000000003,1.9607399999999997,3.0326229999999996,0,1.1432582631849117,5,11,5.248158,5.248158,1.0,1.0,1
26,/home/test/bupt_hjk/sdp_dataset/elderAL/action1_walk_new/user0_position6_activity1/20250813=120605_mimo5s_part0.csv,0,6,1,7,4.126596999999999,0.18191449999999987,1.8716559999999998,3.0210699999999995,0,1.453982543000928,5,11,4.126596999999999,4.126596999999999,1.0,1.0,1
27,/home/test/bupt_hjk/sdp_dataset/elderAL/action1_walk_new/user0_position6_activity1/20250813=120646_mimo5s_part0.csv,0,6,1,11,5.012554,0.22562099999999996,1.1537372000000004,2.455158,1,1.9949909766558127,5,11,3.5110399999999995,5.009264,0.7004493118677624,1.0,1
28,/home/test/bupt_hjk/sdp_dataset/elderAL/action1_walk_new/user0_position7_activity1/20250813=121246_mimo5s_part0.csv,0,7,1,4,3.8537649999999997,0.703633,2.3816713999999997,2.8011809999999997,0,0.7784595064826216,5,11,3.8537649999999997,3.8537649999999997,1.0,1.0,1
29,/home/test/bupt_hjk/sdp_dataset/elderAL/action1_walk_new/user0_position6_activity1/20250813=120629_mimo5s_part0.csv,0,6,1,4,4.543731,1.354987,2.5612654,2.862835,0,0.660250353729127,5,11,4.543731,4.543731,1.0,1.0,1
30,/home/test/bupt_hjk/sdp_dataset/elderAL/action1_walk_new/user0_position7_activity1/20250813=121229_mimo5s_part0.csv,0,7,1,4,3.8415779999999997,1.092172,2.2461664,2.5346649999999995,0,0.7809290869533302,5,11,3.8415779999999997,3.8415779999999997,1.0,1.0,1
31,/home/test/bupt_hjk/sdp_dataset/elderAL/action1_walk_new/user0_position7_activity1/20250813=121337_mimo5s_part0.csv,0,7,1,3,0.969116,0.484558,0.6189475999999999,0.6525449999999999,0,2.063736436092274,5,11,0.969116,0.969116,1.0,1.0,1
32,/home/test/bupt_hjk/sdp_dataset/elderAL/action1_walk_new/user0_position8_activity1/20250813=122031_mimo5s_part0.csv,0,8,1,3,1.958014,0.979007,1.6775422,1.8521759999999998,0,1.0214431561776371,5,11,1.958014,1.958014,1.0,1.0,1
33,/home/test/bupt_hjk/sdp_dataset/elderAL/action1_walk_new/user0_position7_activity1/20250813=121218_mimo5s_part0.csv,0,7,1,7,5.006292,0.8058409999999998,1.3240045,1.776508,0,1.1984918178963593,5,11,5.006292,5.006292,1.0,1.0,1
34,/home/test/bupt_hjk/sdp_dataset/elderAL/action1_walk_new/user0_position7_activity1/20250813=121320_mimo5s_part0.csv,0,7,1,4,3.2166349999999997,0.4099999999999997,2.0666784,2.480848,0,0.9326516685915561,5,11,3.2166349999999997,3.2166349999999997,1.0,1.0,1
35,/home/test/bupt_hjk/sdp_dataset/elderAL/action1_walk_new/user0_position8_activity1/20250813=122003_mimo5s_part0.csv,0,8,1,4,4.849964,0.7044570000000006,3.332217,3.9891569999999996,0,0.6185612924137169,5,11,4.849964,4.849964,1.0,1.0,1
36,/home/test/bupt_hjk/sdp_dataset/elderAL/action1_walk_new/user0_position7_activity1/20250813=121325_mimo5s_part0.csv,0,7,1,7,4.99805,0.9053615,1.4212414999999998,1.513413,0,1.2004681825912105,5,11,4.99805,4.99805,1.0,1.0,1
37,/home/test/bupt_hjk/sdp_dataset/elderAL/action1_walk_new/user0_position6_activity1/20250813=120714_mimo5s_part0.csv,0,6,1,11,7.444254,0.5588105000000003,1.2541717999999995,2.5202809999999998,0,1.3433179469695689,5,11,5.862656,7.287037,0.7875411021708825,1.0,1
38,/home/test/bupt_hjk/sdp_dataset/elderAL/action1_walk_new/user0_position7_activity1/20250813=121241_mimo5s_part0.csv,0,7,1,7,2.3913059999999997,0.2101464999999999,0.9792164999999999,1.057569,0,2.509089175538388,5,11,2.3913059999999997,2.3913059999999997,1.0,1.0,1
39,/home/test/bupt_hjk/sdp_dataset/elderAL/action1_walk_new/user0_position7_activity1/20250813=121303_mimo5s_part0.csv,0,7,1,4,3.5363089999999997,0.983607,2.1632941999999997,2.4582159999999997,0,0.8483421556204507,5,11,3.5363089999999997,3.5363089999999997,1.0,1.0,1
40,/home/test/bupt_hjk/sdp_dataset/elderAL/action1_walk_new/user0_position7_activity1/20250813=121331_mimo5s_part0.csv,0,7,1,4,4.949676,2.156686,2.4225115999999995,2.4889679999999994,0,0.6061002780788075,5,11,4.949676,4.949676,1.0,1.0,1
41,/home/test/bupt_hjk/sdp_dataset/elderAL/action1_walk_new/user0_position8_activity1/20250813=121940_mimo5s_part0.csv,0,8,1,8,2.091475,0.06673050000000003,0.972756,1.6199409999999999,1,3.346920235718811,5,11,2.0872504999999997,2.091475,0.9979801336377435,1.0,1
42,/home/test/bupt_hjk/sdp_dataset/elderAL/action1_walk_new/user0_position6_activity1/20250813=120720_mimo5s_part0.csv,0,6,1,8,5.270804,0.24980500000000028,1.8452208,2.211384,0,1.328070632108498,5,11,5.1459015,5.270804,0.976302951124724,1.0,1
43,/home/test/bupt_hjk/sdp_dataset/elderAL/action1_walk_new/user0_position8_activity1/20250813=122036_mimo5s_part0.csv,0,8,1,4,4.997292,0.7127730000000003,3.2855305999999995,3.9287199999999993,0,0.6003251360937084,5,11,4.997292,4.997292,1.0,1.0,1
44,/home/test/bupt_hjk/sdp_dataset/elderAL/action1_walk_new/user0_position8_activity1/20250813=121957_mimo5s_part0.csv,0,8,1,4,2.364592,0.706823,1.295279,1.442393,0,1.2687178168580457,5,11,2.364592,2.364592,1.0,1.0,1
45,/home/test/bupt_hjk/sdp_dataset/elderAL/action1_walk_new/user0_position7_activity1/20250813=121235_mimo5s_part0.csv,0,7,1,11,4.065586,0.125986,1.0445892999999997,1.5686079999999998,0,2.459670020508729,5,11,2.9853289999999997,3.971694,0.7342924242655302,1.0,1
46,/home/test/bupt_hjk/sdp_dataset/elderAL/action1_walk_new/user0_position7_activity1/20250813=121224_mimo5s_part0.csv,0,7,1,7,4.364216,0.5713914999999998,1.4479125,1.533304,0,1.3748173784248994,5,11,4.364216,4.364216,1.0,1.0,1
47,/home/test/bupt_hjk/sdp_dataset/elderAL/action1_walk_new/user0_position7_activity1/20250813=121258_mimo5s_part0.csv,0,7,1,7,5.07471,0.19233249999999993,2.312779,2.465527,0,1.1823335717706038,5,11,5.07471,5.07471,1.0,1.0,1
48,/home/test/bupt_hjk/sdp_dataset/elderAL/action1_walk_new/user0_position8_activity1/20250813=122025_mimo5s_part0.csv,0,8,1,7,2.5983169999999998,0.1694214999999999,1.0717955,1.421617,0,2.3091870622406736,5,11,2.5983169999999998,2.5983169999999998,1.0,1.0,1
49,/home/test/bupt_hjk/sdp_dataset/elderAL/action1_walk_new/user0_position8_activity1/20250813=121934_mimo5s_part0.csv,0,8,1,4,3.8575649999999997,1.053925,2.4467066,2.794902,0,0.7776926636362577,5,11,3.8575649999999997,3.8575649999999997,1.0,1.0,1
50,/home/test/bupt_hjk/sdp_dataset/elderAL/action1_walk_new/user0_position7_activity1/20250813=121314_mimo5s_part0.csv,0,7,1,11,7.658567,0.5211465,1.5928167999999998,2.548426,0,1.3057272985925434,5,11,5.145502,6.782293999999999,0.6718622426362529,1.0,1
51,/home/test/bupt_hjk/sdp_dataset/elderAL/action1_walk_new/user0_position8_activity1/20250813=122042_mimo5s_part0.csv,0,8,1,18,8.889275,0.16869600000000062,1.1284758000000008,4.688697,0,1.9124169293896298,5,11,3.3198505,8.172371,0.373466958778978,0.6111111111111112,0
52,/home/test/bupt_hjk/sdp_dataset/elderAL/action1_walk_new/user0_position7_activity1/20250813=121309_mimo5s_part0.csv,0,7,1,11,5.370056,0.23124600000000017,0.9259223999999993,2.722227,0,1.8621779735630317,5,11,4.850825,5.2442269999999995,0.9033099468608894,1.0,1
53,/home/test/bupt_hjk/sdp_dataset/elderAL/action1_walk_new/user0_position8_activity1/20250813=122019_mimo5s_part0.csv,0,8,1,4,4.796647,2.2274629999999997,2.366159,2.400833,0,0.6254368937301411,5,11,4.796647,4.796647,1.0,1.0,1
54,/home/test/bupt_hjk/sdp_dataset/elderAL/action1_walk_new/user1_position3_activity1/20250813=150317_mimo5s_part0.csv,1,3,1,4,4.839518,1.782061,2.6993138,2.928627,0,0.6198964442326694,5,11,4.839518,4.839518,1.0,1.0,1
55,/home/test/bupt_hjk/sdp_dataset/elderAL/action1_walk_new/user0_position7_activity1/20250813=121252_mimo5s_part0.csv,0,7,1,21,2.123976,0.0538094999999999,0.2697931000000001,0.45603000000000005,0,9.416302255769368,5,11,0.969644,1.226728,0.4565230492246617,0.5238095238095238,0
56,/home/test/bupt_hjk/sdp_dataset/elderAL/action1_walk_new/user1_position3_activity1/20250813=150424_mimo5s_part0.csv,1,3,1,7,4.555969999999999,0.4274095,1.7048985,2.435219,0,1.3169533600967522,5,11,4.555969999999999,4.555969999999999,1.0,1.0,1
57,/home/test/bupt_hjk/sdp_dataset/elderAL/action1_walk_new/user0_position8_activity1/20250813=121946_mimo5s_part0.csv,0,8,1,7,3.1936419999999996,0.57109,0.8716425,1.033984,0,1.8787328072463978,5,11,3.1936419999999996,3.1936419999999996,1.0,1.0,1
58,/home/test/bupt_hjk/sdp_dataset/elderAL/action1_walk_new/user0_position8_activity1/20250813=122014_mimo5s_part0.csv,0,8,1,15,5.404758999999999,0.37545199999999923,0.9276058,1.705991,1,2.5903097621929123,5,11,2.9139489999999997,4.436057,0.5391450386594481,0.7333333333333333,0
59,/home/test/bupt_hjk/sdp_dataset/elderAL/action1_walk_new/user0_position8_activity1/20250813=122008_mimo5s_part0.csv,0,8,1,7,4.947204999999999,0.43368000000000007,1.9575774999999997,2.940969,0,1.2128060187520024,5,11,4.947204999999999,4.947204999999999,1.0,1.0,1
60,/home/test/bupt_hjk/sdp_dataset/elderAL/action1_walk_new/user0_position8_activity1/20250813=121952_mimo5s_part0.csv,0,8,1,21,7.535047,0.10862499999999997,0.3937389000000011,4.683399,0,2.654263470420291,5,11,1.67328,5.5746389999999995,0.2220662989892432,0.5238095238095238,0
61,/home/test/bupt_hjk/sdp_dataset/elderAL/action1_walk_new/user0_position8_activity1/20250813=122053_mimo5s_part0.csv,0,8,1,14,4.174776,0.16710699999999967,0.8896832000000001,1.406608,0,3.1139395263362637,5,11,3.3232739999999996,3.9174411999999994,0.7960364819573553,0.7857142857142857,0
62,/home/test/bupt_hjk/sdp_dataset/elderAL/action1_walk_new/user1_position3_activity1/20250813=150430_mimo5s_part0.csv,1,3,1,7,5.9521619999999995,0.47250799999999993,2.205907,3.208604,0,1.0080370796359375,5,11,5.9521619999999995,5.9521619999999995,1.0,1.0,1
63,/home/test/bupt_hjk/sdp_dataset/elderAL/action1_walk_new/user1_position3_activity1/20250813=150345_mimo5s_part0.csv,1,3,1,15,7.302352,0.18348599999999937,1.6251528000000004,2.3320179999999997,1,1.9171905161515084,5,11,4.493281,6.8155434,0.6153196942574118,0.7333333333333333,0
64,/home/test/bupt_hjk/sdp_dataset/elderAL/action1_walk_new/user1_position3_activity1/20250813=150402_mimo5s_part0.csv,1,3,1,17,5.9752089999999995,0.12483400000000011,0.7366840000000001,2.8618549999999994,0,2.6777306032307826,5,11,3.7237689999999994,4.5498178,0.6232031381663804,0.6470588235294118,0
65,/home/test/bupt_hjk/sdp_dataset/elderAL/action1_walk_new/user1_position3_activity1/20250813=150408_mimo5s_part0.csv,1,3,1,11,4.971621,0.1992145,1.2598303999999998,1.7441870000000002,0,2.011416397187155,5,11,3.106978,4.686694,0.6249426494899751,1.0,1
66,/home/test/bupt_hjk/sdp_dataset/elderAL/action1_walk_new/user0_position8_activity1/20250813=122048_mimo5s_part0.csv,0,8,1,22,5.237581,0.0543825,0.6710008000000008,1.7123370000000002,1,4.009484531122287,5,11,2.1338245,4.2543323,0.4074064916609404,0.5,0
67,/home/test/bupt_hjk/sdp_dataset/elderAL/action1_walk_new/user1_position3_activity1/20250813=150329_mimo5s_part0.csv,1,3,1,7,4.656105,0.20324200000000037,2.061077,3.077448,0,1.2886307331986713,5,11,4.656105,4.656105,1.0,1.0,1
68,/home/test/bupt_hjk/sdp_dataset/elderAL/action1_walk_new/user1_position3_activity1/20250813=150419_mimo5s_part0.csv,1,3,1,14,5.059635,0.18324799999999986,0.8723326000000005,2.3133870000000005,0,2.5693552993447155,5,11,3.803533,4.7379237,0.7517405899832695,0.7857142857142857,0
69,/home/test/bupt_hjk/sdp_dataset/elderAL/action1_walk_new/user1_position3_activity1/20250813=150334_mimo5s_part0.csv,1,3,1,11,5.271106,0.4287280000000002,0.9512543999999993,2.030421,0,1.8971350604597974,5,11,4.602313,4.9430119999999995,0.8731209351509911,1.0,1
70,/home/test/bupt_hjk/sdp_dataset/elderAL/action1_walk_new/user1_position2_activity1/20250813=150205_mimo5s_part0.csv,1,2,1,11,6.87348,0.43292549999999963,1.2537591999999995,2.86333,0,1.45486711243795,5,11,4.876062999999999,6.700731,0.7094023696875527,1.0,1
71,/home/test/bupt_hjk/sdp_dataset/elderAL/action1_walk_new/user1_position2_activity1/20250813=150143_mimo5s_part0.csv,1,2,1,8,4.450086,0.6372225,1.4812729999999998,1.6850809999999998,1,1.573003308250672,5,11,4.2862314999999995,4.450086,0.9631794756326056,1.0,1
72,/home/test/bupt_hjk/sdp_dataset/elderAL/action1_walk_new/user1_position3_activity1/20250813=150340_mimo5s_part0.csv,1,3,1,11,4.955518,0.15587000000000018,1.2359561,1.868567,0,2.0179525127342894,5,11,3.800159,4.946648,0.7668540402839824,1.0,1
73,/home/test/bupt_hjk/sdp_dataset/elderAL/action1_walk_new/user1_position2_activity1/20250813=150109_mimo5s_part0.csv,1,2,1,11,3.9423209999999997,0.14901450000000005,1.1519755999999999,1.545299,0,2.536576803360254,5,11,3.6276639999999998,3.940686,0.9201848352785073,1.0,1
74,/home/test/bupt_hjk/sdp_dataset/elderAL/action1_walk_new/user1_position2_activity1/20250813=150154_mimo5s_part0.csv,1,2,1,8,3.527764,0.4796840000000001,1.268462,1.3625589999999999,1,1.984259718053702,5,11,3.3293975,3.527764,0.9437699063769571,1.0,1
75,/home/test/bupt_hjk/sdp_dataset/elderAL/action1_walk_new/user1_position2_activity1/20250813=150121_mimo5s_part0.csv,1,2,1,7,4.410838,0.8898754999999998,1.132492,1.2051420000000002,0,1.3602857325524085,5,11,4.410838,4.410838,1.0,1.0,1
76,/home/test/bupt_hjk/sdp_dataset/elderAL/action1_walk_new/user1_position2_activity1/20250813=150115_mimo5s_part0.csv,1,2,1,7,3.743435,0.4463349999999999,1.1942754999999998,1.2120419999999998,0,1.6028059790005704,5,11,3.743435,3.743435,1.0,1.0,1
77,/home/test/bupt_hjk/sdp_dataset/elderAL/action1_walk_new/user1_position2_activity1/20250813=150216_mimo5s_part0.csv,1,2,1,7,3.74543,0.46538099999999993,1.1434274999999998,1.382472,0,1.6019522458035527,5,11,3.74543,3.74543,1.0,1.0,1
78,/home/test/bupt_hjk/sdp_dataset/elderAL/action1_walk_new/user1_position2_activity1/20250813=150159_mimo5s_part0.csv,1,2,1,4,3.946233,0.43579999999999997,2.6454936,3.197917,0,0.7602186692980369,5,11,3.946233,3.946233,1.0,1.0,1
79,/home/test/bupt_hjk/sdp_dataset/elderAL/action1_walk_new/user1_position2_activity1/20250813=150126_mimo5s_part0.csv,1,2,1,4,2.787447,0.6479209999999997,1.6540810000000001,1.905621,0,1.076253647154547,5,11,2.787447,2.787447,1.0,1.0,1
80,/home/test/bupt_hjk/sdp_dataset/elderAL/action1_walk_new/user1_position3_activity1/20250813=150323_mimo5s_part0.csv,1,3,1,14,5.488474999999999,0.1275219999999999,1.2611996000000008,2.580814,0,2.3685996565530503,5,11,4.0984055,4.9932932999999995,0.7467293738242409,0.7857142857142857,0
81,/home/test/bupt_hjk/sdp_dataset/elderAL/action1_walk_new/user1_position3_activity1/20250813=150357_mimo5s_part0.csv,1,3,1,22,4.579803,0.2083169999999992,0.6834053999999999,0.83517,2,4.585350068550984,5,11,2.004893,2.3802681000000003,0.4377683930946375,0.5,0
82,/home/test/bupt_hjk/sdp_dataset/elderAL/action1_walk_new/user1_position3_activity1/20250813=150312_mimo5s_part0.csv,1,3,1,26,6.341542,0.1253120000000001,0.6301954000000001,1.6466669999999999,2,3.942258838623162,5,11,2.450048,3.211446,0.38634893532203995,0.4230769230769231,0
83,/home/test/bupt_hjk/sdp_dataset/elderAL/action1_walk_new/user1_position2_activity1/20250813=150222_mimo5s_part0.csv,1,2,1,11,7.779426,0.6223080000000003,1.8553546,2.9571129999999997,1,1.2854418822159888,5,11,6.190360999999999,7.772042,0.7957349295436449,1.0,1
84,/home/test/bupt_hjk/sdp_dataset/elderAL/action1_walk_new/user2_position1_activity1/20250813=151001_mimo5s_part0.csv,2,1,1,4,2.0433909999999997,0.3385899999999997,1.4233012,1.694479,0,1.4681477994177328,5,11,2.0433909999999997,2.0433909999999997,1.0,1.0,1
85,/home/test/bupt_hjk/sdp_dataset/elderAL/action1_walk_new/user1_position2_activity1/20250813=150132_mimo5s_part0.csv,1,2,1,12,9.779665,0.3672975000000003,2.888186099999999,3.2055269999999996,1,1.1247829041178814,5,11,6.232881,9.191323599999999,0.6373307265637422,0.9166666666666666,0
86,/home/test/bupt_hjk/sdp_dataset/elderAL/action1_walk_new/user1_position2_activity1/20250813=150148_mimo5s_part0.csv,1,2,1,18,6.426647,0.28704749999999984,0.9330499999999997,1.5564749999999998,1,2.6452363106297887,5,11,3.4726800000000004,4.7767455,0.5403564253645797,0.6111111111111112,0
87,/home/test/bupt_hjk/sdp_dataset/elderAL/action1_walk_new/user1_position2_activity1/20250813=150227_mimo5s_part0.csv,1,2,1,8,3.6255219999999997,0.38129749999999996,1.357443,1.449287,1,1.9307564538292694,5,11,3.3506174999999994,3.6255219999999997,0.9241751946340415,1.0,1
88,/home/test/bupt_hjk/sdp_dataset/elderAL/action1_walk_new/user2_position1_activity1/20250813=151024_mimo5s_part0.csv,2,1,1,7,4.579618,0.48802449999999986,1.646321,2.0780019999999997,0,1.3101529428873762,5,11,4.579618,4.579618,1.0,1.0,1
89,/home/test/bupt_hjk/sdp_dataset/elderAL/action1_walk_new/user1_position3_activity1/20250813=150413_mimo5s_part0.csv,1,3,1,21,5.304473,0.11134600000000013,0.45080279999999984,2.494523,0,3.770402827952937,5,11,1.9909309999999998,3.2673799999999997,0.3753305936329584,0.5238095238095238,0
90,/home/test/bupt_hjk/sdp_dataset/elderAL/action1_walk_new/user1_position2_activity1/20250813=150210_mimo5s_part0.csv,1,2,1,30,3.6215599999999997,0.011023000000000227,0.1738199999999998,2.0632409999999997,0,8.007598935265467,5,11,0.47245099999999995,2.7182422,0.1304551077436243,0.36666666666666664,0
91,/home/test/bupt_hjk/sdp_dataset/elderAL/action1_walk_new/user2_position1_activity1/20250813=150943_mimo5s_part0.csv,2,1,1,7,4.2164969999999995,0.476858,1.4792615,1.784095,0,1.422982157938213,5,11,4.2164969999999995,4.2164969999999995,1.0,1.0,1
92,/home/test/bupt_hjk/sdp_dataset/elderAL/action1_walk_new/user2_position1_activity1/20250813=150931_mimo5s_part0.csv,2,1,1,4,4.032076,1.7012969999999998,1.9436242,2.004206,0,0.7440335946048636,5,11,4.032076,4.032076,1.0,1.0,1
93,/home/test/bupt_hjk/sdp_dataset/elderAL/action1_walk_new/user1_position2_activity1/20250813=150137_mimo5s_part0.csv,1,2,1,17,4.0370919999999995,0.240093,0.5113954999999999,0.8331959999999998,0,3.963248793933852,5,11,2.0463609999999997,2.5085249999999997,0.5068898603252043,0.6470588235294118,0
94,/home/test/bupt_hjk/sdp_dataset/elderAL/action1_walk_new/user2_position1_activity1/20250813=150955_mimo5s_part0.csv,2,1,1,3,2.474962,1.237481,2.0907009999999997,2.3040059999999998,0,0.808093215168556,5,11,2.474962,2.474962,1.0,1.0,1
95,/home/test/bupt_hjk/sdp_dataset/elderAL/action1_walk_new/user1_position9_activity1/20250813=122920_mimo5s_part0.csv,1,9,1,6,3.6163,0.322921,1.6308282,1.824223,0,1.3826286535962171,5,11,3.6163,3.6163,1.0,1.0,1
96,/home/test/bupt_hjk/sdp_dataset/elderAL/action1_walk_new/user2_position1_activity1/20250813=151007_mimo5s_part0.csv,2,1,1,12,4.845784,0.33073600000000003,0.7704418999999993,2.368274,1,2.270014511583678,5,11,3.7474974999999997,4.2474032,0.7733521551930502,0.9166666666666666,0
97,/home/test/bupt_hjk/sdp_dataset/elderAL/action1_walk_new/user2_position1_activity1/20250813=151047_mimo5s_part0.csv,2,1,1,7,5.000819,0.6557045,1.6557404999999998,1.732395,0,1.1998034721912552,5,11,5.000819,5.000819,1.0,1.0,1
98,/home/test/bupt_hjk/sdp_dataset/elderAL/action1_walk_new/user2_position1_activity1/20250813=151013_mimo5s_part0.csv,2,1,1,11,5.1073699999999995,0.3277524999999999,1.2260008999999998,1.494947,0,1.9579548769719055,5,11,4.249262,5.060083,0.8319863256431392,1.0,1
99,/home/test/bupt_hjk/sdp_dataset/elderAL/action1_walk_new/user1_position9_activity1/20250813=122903_mimo5s_part0.csv,1,9,1,7,5.854000999999999,0.42235799999999996,2.339642,3.978778,0,1.0249400367372674,5,11,5.854000999999999,5.854000999999999,1.0,1.0,1
100,/home/test/bupt_hjk/sdp_dataset/elderAL/action1_walk_new/user2_position1_activity1/20250813=151030_mimo5s_part0.csv,2,1,1,21,6.507925999999999,0.041480500000000475,0.7666825,2.986426,0,3.0731756937617303,5,11,1.932226,4.824875,0.29690349890272266,0.5238095238095238,0
101,/home/test/bupt_hjk/sdp_dataset/elderAL/action1_walk_new/user1_position9_activity1/20250813=122937_mimo5s_part0.csv,1,9,1,4,1.2510949999999998,0.3292449999999999,0.6126377999999999,0.6834859999999999,0,2.397899440090481,5,11,1.2510949999999998,1.2510949999999998,1.0,1.0,1
102,/home/test/bupt_hjk/sdp_dataset/elderAL/action1_walk_new/user2_position1_activity1/20250813=151041_mimo5s_part0.csv,2,1,1,14,4.547372999999999,0.14696299999999998,0.7606963999999997,1.189285,0,2.858793417650147,5,11,3.0709914999999994,3.7097603999999995,0.675333098912273,0.7857142857142857,0
103,/home/test/bupt_hjk/sdp_dataset/elderAL/action1_walk_new/user2_position1_activity1/20250813=151036_mimo5s_part0.csv,2,1,1,24,5.324331,0.06551849999999962,0.4087977000000003,2.2059709999999995,1,4.319791538129391,5,11,2.3062829999999996,3.897416799999999,0.433159208170942,0.4583333333333333,0
104,/home/test/bupt_hjk/sdp_dataset/elderAL/action1_walk_new/user1_position9_activity1/20250813=123004_mimo5s_part0.csv,1,9,1,8,5.134564999999999,0.5166579999999998,1.9793895,3.222889,1,1.363309257941033,5,11,5.0682525,5.134564999999999,0.9870850792618265,1.0,1
105,/home/test/bupt_hjk/sdp_dataset/elderAL/action1_walk_new/user2_position1_activity1/20250813=150937_mimo5s_part0.csv,2,1,1,18,4.140123,0.17521899999999996,0.4244505,1.909279,1,4.106158198681537,5,11,1.096591,3.4595181999999998,0.26486918383825797,0.6111111111111112,0
106,/home/test/bupt_hjk/sdp_dataset/elderAL/action1_walk_new/user1_position3_activity1/20250813=150351_mimo5s_part0.csv,1,3,1,40,4.515492,0.009109000000000034,0.2505518000000002,1.338176,0,8.636932586748022,5,11,0.7647744999999999,1.7656958,0.16936681539907497,0.275,0
107,/home/test/bupt_hjk/sdp_dataset/elderAL/action1_walk_new/user1_position9_activity1/20250813=122932_mimo5s_part0.csv,1,9,1,7,5.014582,0.5969639999999996,1.7389765,2.520289,0,1.19651049678717,5,11,5.014582,5.014582,1.0,1.0,1
108,/home/test/bupt_hjk/sdp_dataset/elderAL/action1_walk_new/user1_position9_activity1/20250813=122857_mimo5s_part0.csv,1,9,1,24,4.876297,0.13895100000000005,0.5437308,0.9688879999999997,0,4.716693835506738,5,11,1.904495,2.8641295,0.390561731576235,0.4583333333333333,0
109,/home/test/bupt_hjk/sdp_dataset/elderAL/action1_walk_new/user1_position9_activity1/20250813=122949_mimo5s_part0.csv,1,9,1,14,5.852252,0.1460089999999994,1.6438646000000003,1.83968,0,2.221367090822473,5,11,4.8113595,5.4244021,0.8221381273396976,0.7857142857142857,0
110,/home/test/bupt_hjk/sdp_dataset/elderAL/action1_walk_new/user1_position9_activity1/20250813=122915_mimo5s_part0.csv,1,9,1,12,5.763326,0.3566775,1.2321655999999994,1.751075,1,1.9086201266421507,5,11,3.9432805,5.2975211,0.6842022297541385,0.9166666666666666,0
111,/home/test/bupt_hjk/sdp_dataset/elderAL/action1_walk_new/user2_position1_activity1/20250813=150949_mimo5s_part0.csv,2,1,1,21,7.102486,0.17268550000000005,0.6945259000000014,1.901438,0,2.815915441438392,5,11,3.0523829999999994,5.9393139999999995,0.4297626211442021,0.5238095238095238,0
112,/home/test/bupt_hjk/sdp_dataset/elderAL/action1_walk_new/user1_position9_activity1/20250813=122958_mimo5s_part0.csv,1,9,1,7,3.758772,0.32119800000000015,1.5469334999999997,1.9664969999999997,0,1.5962660145387908,5,11,3.758772,3.758772,1.0,1.0,1
113,/home/test/bupt_hjk/sdp_dataset/elderAL/action1_walk_new/user2_position1_activity1/20250813=151018_mimo5s_part0.csv,2,1,1,25,5.413638,0.18327899999999997,0.6041036,0.9695760000000002,1,4.433248030252485,5,11,1.7787579999999998,3.1980006,0.328569808324827,0.44,0
114,/home/test/bupt_hjk/sdp_dataset/elderAL/action1_walk_new/user2_position3_activity1/20250813=151416_mimo5s_part0.csv,2,3,1,7,3.9528429999999997,0.6659595,1.0617184999999998,1.063513,0,1.5178948417632576,5,11,3.9528429999999997,3.9528429999999997,1.0,1.0,1
115,/home/test/bupt_hjk/sdp_dataset/elderAL/action1_walk_new/user1_position9_activity1/20250813=122909_mimo5s_part0.csv,1,9,1,11,5.73131,0.2850545,1.0902644999999997,2.298852,0,1.7448017992396154,5,11,3.708471,5.721888,0.6470546873227936,1.0,1
116,/home/test/bupt_hjk/sdp_dataset/elderAL/action1_walk_new/user1_position9_activity1/20250813=122943_mimo5s_part0.csv,1,9,1,7,5.019444,0.7553274999999999,1.5880245,2.117507,0,1.1953515170206102,5,11,5.019444,5.019444,1.0,1.0,1
117,/home/test/bupt_hjk/sdp_dataset/elderAL/action1_walk_new/user2_position3_activity1/20250813=151434_mimo5s_part0.csv,2,3,1,7,4.858884,0.37944050000000007,1.9945689999999998,2.9880419999999996,0,1.2348514597179105,5,11,4.858884,4.858884,1.0,1.0,1
118,/home/test/bupt_hjk/sdp_dataset/elderAL/action1_walk_new/user1_position9_activity1/20250813=122926_mimo5s_part0.csv,1,9,1,15,5.268657999999999,0.07967099999999983,0.9437644000000004,2.6355639999999996,1,2.657223148665182,5,11,2.8158329999999996,3.5896419999999996,0.5344497593125233,0.7333333333333333,0
119,/home/test/bupt_hjk/sdp_dataset/elderAL/action1_walk_new/user1_position9_activity1/20250813=122845_mimo5s_part0.csv,1,9,1,19,5.520322999999999,0.02836700000000003,0.9368040000000001,1.2952270000000006,1,3.2606787682532348,5,11,2.894605,4.0347786,0.5243542814433141,0.5789473684210527,0
120,/home/test/bupt_hjk/sdp_dataset/elderAL/action1_walk_new/user2_position3_activity1/20250813=151457_mimo5s_part0.csv,2,3,1,8,3.467393,0.38261199999999995,1.041531,1.5628109999999997,1,2.018807790175501,5,11,3.308383,3.467393,0.9541413390405992,1.0,1
121,/home/test/bupt_hjk/sdp_dataset/elderAL/action1_walk_new/user2_position3_activity1/20250813=151428_mimo5s_part0.csv,2,3,1,7,4.785761,0.7231830000000001,1.4342905,1.4424219999999996,0,1.2537191054881345,5,11,4.785761,4.785761,1.0,1.0,1
122,/home/test/bupt_hjk/sdp_dataset/elderAL/action1_walk_new/user2_position3_activity1/20250813=151404_mimo5s_part0.csv,2,3,1,11,5.499389,0.27143150000000005,1.1425607999999996,1.874304,0,1.818383824093913,5,11,4.38262,5.175683,0.7969285315150465,1.0,1
123,/home/test/bupt_hjk/sdp_dataset/elderAL/action1_walk_new/user2_position3_activity1/20250813=151410_mimo5s_part0.csv,2,3,1,11,3.981168,0.14974949999999998,1.2857682999999995,1.8246639999999998,0,2.5118256752792147,5,11,2.435374,3.9662089999999997,0.6117234942107442,1.0,1
124,/home/test/bupt_hjk/sdp_dataset/elderAL/action1_walk_new/user2_position8_activity1/20250813=122446_mimo5s_part0.csv,2,8,1,3,0.903469,0.4517345,0.6416309,0.689105,0,2.213689678339821,5,11,0.903469,0.903469,1.0,1.0,1
125,/home/test/bupt_hjk/sdp_dataset/elderAL/action1_walk_new/user2_position3_activity1/20250813=151509_mimo5s_part0.csv,2,3,1,7,4.794623,0.3920769999999998,1.9527474999999999,2.932436,0,1.251401830759165,5,11,4.794623,4.794623,1.0,1.0,1
126,/home/test/bupt_hjk/sdp_dataset/elderAL/action1_walk_new/user2_position3_activity1/20250813=151503_mimo5s_part0.csv,2,3,1,7,6.247643,0.7759665000000003,2.0858864999999995,2.9671319999999994,0,0.9603621717822225,5,11,6.247643,6.247643,1.0,1.0,1
127,/home/test/bupt_hjk/sdp_dataset/elderAL/action1_walk_new/user2_position1_activity1/20250813=151053_mimo5s_part0.csv,2,1,1,37,5.128051999999999,0.05541499999999955,0.41158850000000013,0.7673489999999998,0,7.020209623459357,5,11,1.2272429999999999,1.8227708,0.23931953108119808,0.2972972972972973,0
128,/home/test/bupt_hjk/sdp_dataset/elderAL/action1_walk_new/user2_position3_activity1/20250813=151422_mimo5s_part0.csv,2,3,1,7,6.784707999999999,1.1402605,1.9575929999999997,2.490855,0,0.8843416695309512,5,11,6.784707999999999,6.784707999999999,1.0,1.0,1
129,/home/test/bupt_hjk/sdp_dataset/elderAL/action1_walk_new/user2_position3_activity1/20250813=151446_mimo5s_part0.csv,2,3,1,7,4.091543,0.7815675,1.1082815,1.1224789999999998,0,1.4664394337295246,5,11,4.091543,4.091543,1.0,1.0,1
130,/home/test/bupt_hjk/sdp_dataset/elderAL/action1_walk_new/user2_position8_activity1/20250813=122515_mimo5s_part0.csv,2,8,1,4,3.758958,1.071685,2.0601514,2.307268,0,0.7980935142132475,5,11,3.758958,3.758958,1.0,1.0,1
131,/home/test/bupt_hjk/sdp_dataset/elderAL/action1_walk_new/user2_position3_activity1/20250813=151514_mimo5s_part0.csv,2,3,1,14,5.160557,0.20479400000000014,0.5022411999999995,2.5722449999999997,0,2.5191079180018745,5,11,3.210705,4.5869421,0.6221624913744777,0.7857142857142857,0
132,/home/test/bupt_hjk/sdp_dataset/elderAL/action1_walk_new/user2_position8_activity1/20250813=122435_mimo5s_part0.csv,2,8,1,4,5.010981999999999,0.7002899999999999,3.3138772,3.9672739999999997,0,0.598685048160221,5,11,5.010981999999999,5.010981999999999,1.0,1.0,1
133,/home/test/bupt_hjk/sdp_dataset/elderAL/action1_walk_new/user2_position8_activity1/20250813=122406_mimo5s_part0.csv,2,8,1,7,5.896241,0.3525219999999998,2.2891684999999997,3.98148,0,1.0175974828708665,5,11,5.896241,5.896241,1.0,1.0,1
134,/home/test/bupt_hjk/sdp_dataset/elderAL/action1_walk_new/user2_position8_activity1/20250813=122400_mimo5s_part0.csv,2,8,1,4,1.6739169999999999,0.226929,1.1956361999999998,1.4378129999999998,0,1.792203556090296,5,11,1.6739169999999999,1.6739169999999999,1.0,1.0,1
135,/home/test/bupt_hjk/sdp_dataset/elderAL/action1_walk_new/user2_position3_activity1/20250813=151440_mimo5s_part0.csv,2,3,1,11,3.976142,0.17221450000000005,1.0288061,1.132514,0,2.5150007218052073,5,11,2.5149019999999997,3.960505,0.6324980345269359,1.0,1
136,/home/test/bupt_hjk/sdp_dataset/elderAL/action1_walk_new/user2_position8_activity1/20250813=122412_mimo5s_part0.csv,2,8,1,14,4.318174,0.208122,0.8846301000000001,1.2636020000000001,1,3.0105317664364613,5,11,3.1106315,3.6475639,0.7203580726483,0.7857142857142857,0
137,/home/test/bupt_hjk/sdp_dataset/elderAL/action1_walk_new/user2_position3_activity1/20250813=151359_mimo5s_part0.csv,2,3,1,25,5.236478,0.11295699999999997,0.6204856000000002,1.030967,1,4.583233234246377,5,11,1.722918,2.6418001999999996,0.3290222932283875,0.44,0
138,/home/test/bupt_hjk/sdp_dataset/elderAL/action1_walk_new/user2_position8_activity1/20250813=122441_mimo5s_part0.csv,2,8,1,7,5.15388,0.7175335000000003,1.7455969999999998,2.0862,0,1.164171459172507,5,11,5.15388,5.15388,1.0,1.0,1
139,/home/test/bupt_hjk/sdp_dataset/elderAL/action1_walk_new/user2_position8_activity1/20250813=122458_mimo5s_part0.csv,2,8,1,7,4.691818,0.45549899999999977,1.696994,1.863635,0,1.278821983290912,5,11,4.691818,4.691818,1.0,1.0,1
140,/home/test/bupt_hjk/sdp_dataset/elderAL/action1_walk_new/user2_position8_activity1/20250813=122509_mimo5s_part0.csv,2,8,1,11,4.963728,0.21619199999999994,1.1321366999999996,1.975326,0,2.0146148217629976,5,11,3.26194,4.954686,0.6571552671701593,1.0,1
141,/home/test/bupt_hjk/sdp_dataset/elderAL/action1_walk_new/user2_position3_activity1/20250813=151452_mimo5s_part0.csv,2,3,1,17,3.8583119999999997,0.09855199999999997,0.5379555,1.548611,0,4.1468911793551175,5,11,1.1416179999999998,3.3807072,0.29588535089956436,0.6470588235294118,0
142,/home/test/bupt_hjk/sdp_dataset/elderAL/action1_walk_new/user2_position8_activity1/20250813=122418_mimo5s_part0.csv,2,8,1,4,3.406228,0.325781,2.5218594,3.0708789999999997,0,0.880739633400935,5,11,3.406228,3.406228,1.0,1.0,1
143,/home/test/bupt_hjk/sdp_dataset/elderAL/action1_walk_new/user2_position8_activity1/20250813=122429_mimo5s_part0.csv,2,8,1,12,4.6909149999999995,0.23904350000000002,1.0948154999999997,1.7946330000000001,1,2.3449582863897556,5,11,2.898338,4.377771399999999,0.6178619736234828,0.9166666666666666,0
144,/home/test/bupt_hjk/sdp_dataset/elderAL/action1_walk_new/user2_position2_activity1/20250813=151228_mimo5s_part0.csv,2,2,1,7,5.006125,0.4467089999999999,1.942082,2.834108,0,1.1985317985467803,5,11,5.006125,5.006125,1.0,1.0,1
145,/home/test/bupt_hjk/sdp_dataset/elderAL/action1_walk_new/user2_position8_activity1/20250813=122423_mimo5s_part0.csv,2,8,1,11,6.896795,0.6514869999999999,1.5518122999999997,1.601351,0,1.4499488530542086,5,11,4.97179,6.755865999999999,0.7208841208126384,1.0,1
146,/home/test/bupt_hjk/sdp_dataset/elderAL/action1_walk_new/user2_position8_activity1/20250813=122504_mimo5s_part0.csv,2,8,1,11,5.589996999999999,0.3356570000000004,1.0734758999999996,1.9687769999999998,0,1.7889097257118387,5,11,4.310471,5.588855,0.7711043494298835,1.0,1
147,/home/test/bupt_hjk/sdp_dataset/elderAL/action1_walk_new/user2_position8_activity1/20250813=122521_mimo5s_part0.csv,2,8,1,19,4.822391,0.16917150000000003,0.8435515,1.0159559999999999,2,3.732588253420347,5,11,2.1780289999999995,3.1249699999999994,0.4516491922782702,0.5789473684210527,0
148,/home/test/bupt_hjk/sdp_dataset/elderAL/action1_walk_new/user2_position2_activity1/20250813=151303_mimo5s_part0.csv,2,2,1,4,4.163349,1.178478,1.7559372000000002,1.9003020000000002,0,0.7205737496424153,5,11,4.163349,4.163349,1.0,1.0,1
149,/home/test/bupt_hjk/sdp_dataset/elderAL/action1_walk_new/user2_position2_activity1/20250813=151314_mimo5s_part0.csv,2,2,1,7,4.719823,0.7436509999999998,1.4332015000000002,1.647005,0,1.2712341119571646,5,11,4.719823,4.719823,1.0,1.0,1
150,/home/test/bupt_hjk/sdp_dataset/elderAL/action1_walk_new/user2_position8_activity1/20250813=122452_mimo5s_part0.csv,2,8,1,33,5.00794,0.0851475000000001,0.43665840000000017,0.670312,2,6.389852913573246,5,11,1.4456759999999997,2.2416172,0.28867678127134105,0.3333333333333333,0
151,/home/test/bupt_hjk/sdp_dataset/elderAL/action1_walk_new/user2_position2_activity1/20250813=151240_mimo5s_part0.csv,2,2,1,7,4293.611718,0.2638919999999282,2146.5082230000003,4290.825428,0,0.0013974249173129352,5,11,4293.611718,4293.611718,1.0,1.0,1
152,/home/test/bupt_hjk/sdp_dataset/elderAL/action1_walk_new/user2_position2_activity1/20250813=151245_mimo5s_part0.csv,2,2,1,7,2.118692,0.22545099999999985,0.7492125,1.054555,0,2.8319359302815137,5,11,2.118692,2.118692,1.0,1.0,1
153,/home/test/bupt_hjk/sdp_dataset/elderAL/action1_walk_new/user2_position2_activity1/20250813=151309_mimo5s_part0.csv,2,2,1,10,5.142827,0.3121,1.3431352,1.5825039999999997,0,1.750010257004562,5,11,4.850686,5.142827,0.9431944726120478,1.0,1
154,/home/test/bupt_hjk/sdp_dataset/elderAL/action1_walk_new/user2_position2_activity1/20250813=151211_mimo5s_part0.csv,2,2,1,14,7.7235499999999995,0.17449599999999954,1.6391797999999997,2.807372,0,1.6831638301040326,5,11,4.0115785,5.4890721000000005,0.5193956794479223,0.7857142857142857,0
155,/home/test/bupt_hjk/sdp_dataset/elderAL/action1_walk_new/user2_position2_activity1/20250813=151205_mimo5s_part0.csv,2,2,1,7,3.899927,0.3730665,1.480329,2.193666,0,1.538490335844748,5,11,3.899927,3.899927,1.0,1.0,1
156,/home/test/bupt_hjk/sdp_dataset/elderAL/action1_walk_new/user2_position2_activity1/20250813=151159_mimo5s_part0.csv,2,2,1,11,6.088705,0.2884255000000001,1.0328753999999989,3.681183,0,1.6423853676602824,5,11,5.3525089999999995,5.777639,0.879088246186997,1.0,1
157,/home/test/bupt_hjk/sdp_dataset/elderAL/action1_walk_new/user1_position4_activity1/20250813=115613_mimo5s_part0.csv,1,4,1,7,4.196143999999999,0.6099165000000001,1.2843484999999997,1.570505,0,1.4298841984450488,5,11,4.196143999999999,4.196143999999999,1.0,1.0,1
158,/home/test/bupt_hjk/sdp_dataset/elderAL/action1_walk_new/user2_position2_activity1/20250813=151222_mimo5s_part0.csv,2,2,1,11,5.961869,0.44699650000000013,1.3053815999999998,1.6279739999999996,0,1.6773263552084086,5,11,4.985933,5.524141999999999,0.8363036826203327,1.0,1
159,/home/test/bupt_hjk/sdp_dataset/elderAL/action1_walk_new/user1_position4_activity1/20250813=115543_mimo5s_part0.csv,1,4,1,7,4.85926,0.7711510000000001,1.5404904999999998,2.0597709999999996,0,1.2347559093359894,5,11,4.85926,4.85926,1.0,1.0,1
160,/home/test/bupt_hjk/sdp_dataset/elderAL/action1_walk_new/user2_position2_activity1/20250813=151257_mimo5s_part0.csv,2,2,1,10,4.335373,0.14002000000000003,0.9150870000000003,2.8263069999999995,0,2.075945945135517,5,11,3.599468,4.335373,0.8302556665827832,1.0,1
161,/home/test/bupt_hjk/sdp_dataset/elderAL/action1_walk_new/user1_position9_activity1/20250813=122851_mimo5s_part0.csv,1,9,1,43,5.082095,0.01621849999999969,0.45576939999999944,0.814057,0,8.264308321666556,5,11,1.0027469999999998,2.157446200000001,0.19730977087205176,0.2558139534883721,0
162,/home/test/bupt_hjk/sdp_dataset/elderAL/action1_walk_new/user2_position2_activity1/20250813=151251_mimo5s_part0.csv,2,2,1,27,8.002756,0.06059250000000027,0.9626629999999999,1.983887,0,3.248880760577981,5,11,2.233383,4.5461368,0.27907673306545894,0.4074074074074074,0
163,/home/test/bupt_hjk/sdp_dataset/elderAL/action1_walk_new/user1_position4_activity1/20250813=115437_mimo5s_part0.csv,1,4,1,4,2.540657,0.732962,1.2949612000000001,1.435461,0,1.1807969355957928,5,11,2.540657,2.540657,1.0,1.0,1
164,/home/test/bupt_hjk/sdp_dataset/elderAL/action1_walk_new/user1_position4_activity1/20250813=115443_mimo5s_part0.csv,1,4,1,3,3.9047039999999997,1.9523519999999999,2.6659591999999996,2.8443609999999997,0,0.5122027175427383,5,11,3.9047039999999997,3.9047039999999997,1.0,1.0,1
165,/home/test/bupt_hjk/sdp_dataset/elderAL/action1_walk_new/user2_position2_activity1/20250813=151234_mimo5s_part0.csv,2,2,1,21,3.8499849999999998,0.017742999999999842,0.5133301999999997,1.1652339999999999,1,5.19482543438481,5,11,1.887745,2.8033609999999998,0.49032528698163763,0.5238095238095238,0
166,/home/test/bupt_hjk/sdp_dataset/elderAL/action1_walk_new/user1_position4_activity1/20250813=115647_mimo5s_part0.csv,1,4,1,7,3.1744399999999997,0.32686149999999997,1.218916,1.714642,0,1.8900971509935613,5,11,3.1744399999999997,3.1744399999999997,1.0,1.0,1
167,/home/test/bupt_hjk/sdp_dataset/elderAL/action1_walk_new/user2_position2_activity1/20250813=151153_mimo5s_part0.csv,2,2,1,18,4.6908069999999995,0.11151649999999994,0.7294470000000001,1.58109,1,3.624109881306138,5,11,2.9065315,3.5959024999999993,0.6196229134986795,0.6111111111111112,0
168,/home/test/bupt_hjk/sdp_dataset/elderAL/action1_walk_new/user1_position4_activity1/20250813=115601_mimo5s_part0.csv,1,4,1,4,5.56611,2.4704930000000003,2.6728281999999997,2.7234119999999997,0,0.5389760532939522,5,11,5.56611,5.56611,1.0,1.0,1
169,/home/test/bupt_hjk/sdp_dataset/elderAL/action1_walk_new/user1_position4_activity1/20250813=115607_mimo5s_part0.csv,1,4,1,11,5.717270999999999,0.5241689999999997,1.6093484,1.638074,1,1.749086233624399,5,11,4.502034,5.026203,0.7874445692708988,1.0,1
170,/home/test/bupt_hjk/sdp_dataset/elderAL/action1_walk_new/user1_position4_activity1/20250813=115635_mimo5s_part0.csv,1,4,1,7,7.049338,0.5468850000000001,2.7877965,3.900178,0,0.851143752789269,5,11,7.049338,7.049338,1.0,1.0,1
171,/home/test/bupt_hjk/sdp_dataset/elderAL/action1_walk_new/user1_position4_activity1/20250813=115624_mimo5s_part0.csv,1,4,1,7,4.733263,0.434663,1.7915249999999998,2.8623819999999998,0,1.2676244696312036,5,11,4.733263,4.733263,1.0,1.0,1
172,/home/test/bupt_hjk/sdp_dataset/elderAL/action1_walk_new/user1_position4_activity1/20250813=115630_mimo5s_part0.csv,1,4,1,4,3.102677,1.0806069999999999,1.1607806,1.180824,0,0.9669069645341749,5,11,3.102677,3.102677,1.0,1.0,1
173,/home/test/bupt_hjk/sdp_dataset/elderAL/action1_walk_new/user1_position4_activity1/20250813=115550_mimo5s_part0.csv,1,4,1,18,6.15816,0.07342099999999974,0.8633386000000001,2.383548,0,2.760564844044325,5,11,1.957225,5.453114,0.31782626628733257,0.6111111111111112,0
174,/home/test/bupt_hjk/sdp_dataset/elderAL/action1_walk_new/user2_position2_activity1/20250813=151216_mimo5s_part0.csv,2,2,1,31,5.734236999999999,0.013226999999999989,0.7630128000000003,1.2632940000000001,0,5.231733533162303,5,11,1.429548,3.7873679999999994,0.24930047362883678,0.3548387096774194,0
175,/home/test/bupt_hjk/sdp_dataset/elderAL/action1_walk_new/user2_position4_activity1/20250813=151646_mimo5s_part0.csv,2,4,1,4,4.618024,1.2225120000000005,2.546684,2.8777269999999997,0,0.649628499115639,5,11,4.618024,4.618024,1.0,1.0,1
176,/home/test/bupt_hjk/sdp_dataset/elderAL/action1_walk_new/user2_position4_activity1/20250813=151805_mimo5s_part0.csv,2,4,1,4,5.005593,0.5014880000000002,3.4449096000000003,4.180765,0,0.5993295899207146,5,11,5.005593,5.005593,1.0,1.0,1
177,/home/test/bupt_hjk/sdp_dataset/elderAL/action1_walk_new/user2_position4_activity1/20250813=151834_mimo5s_part0.csv,2,4,1,4,4.492376,0.215161,3.3639658000000003,4.151167,0,0.6677980649883268,5,11,4.492376,4.492376,1.0,1.0,1
178,/home/test/bupt_hjk/sdp_dataset/elderAL/action1_walk_new/user2_position3_activity1/20250813=151353_mimo5s_part0.csv,2,3,1,43,4.012485,0.008572000000000024,0.29247499999999993,0.4563919999999999,1,10.467328849827476,5,11,0.7282249999999999,1.4351424000000002,0.18148977503965746,0.2558139534883721,0
179,/home/test/bupt_hjk/sdp_dataset/elderAL/action1_walk_new/user2_position4_activity1/20250813=151618_mimo5s_part0.csv,2,4,1,3,4.667924999999999,2.3339624999999997,2.4110389,2.4303079999999997,0,0.42845589849879767,5,11,4.667924999999999,4.667924999999999,1.0,1.0,1
180,/home/test/bupt_hjk/sdp_dataset/elderAL/action1_walk_new/user2_position4_activity1/20250813=151817_mimo5s_part0.csv,2,4,1,8,4.074022,0.42274400000000034,1.4514509999999998,1.9469849999999997,1,1.7182037799501326,5,11,3.9032475,4.074022,0.9580820869401294,1.0,1
181,/home/test/bupt_hjk/sdp_dataset/elderAL/action1_walk_new/user1_position4_activity1/20250813=115448_mimo5s_part0.csv,1,4,1,18,6.131842,0.2478195000000003,0.882849,1.851988,1,2.7724132487432,5,11,3.126083,5.1702226,0.5098114074041699,0.6111111111111112,0
182,/home/test/bupt_hjk/sdp_dataset/elderAL/action1_walk_new/user2_position4_activity1/20250813=151606_mimo5s_part0.csv,2,4,1,7,3.7735499999999997,0.44913650000000016,1.1978714999999998,1.339457,0,1.5900147076360458,5,11,3.7735499999999997,3.7735499999999997,1.0,1.0,1
183,/home/test/bupt_hjk/sdp_dataset/elderAL/action1_walk_new/user2_position4_activity1/20250813=151829_mimo5s_part0.csv,2,4,1,7,3.853888,0.284311,1.636376,2.214755,0,1.5568693226165369,5,11,3.853888,3.853888,1.0,1.0,1
184,/home/test/bupt_hjk/sdp_dataset/elderAL/action1_walk_new/user2_position4_activity1/20250813=151612_mimo5s_part0.csv,2,4,1,7,3.827874,0.15638300000000005,1.679587,2.463857,0,1.5674497122946054,5,11,3.827874,3.827874,1.0,1.0,1
185,/home/test/bupt_hjk/sdp_dataset/elderAL/action1_walk_new/user2_position4_activity1/20250813=151823_mimo5s_part0.csv,2,4,1,7,7.135577,0.8328825,2.3358675,2.5483430000000005,0,0.8408570182901818,5,11,7.135577,7.135577,1.0,1.0,1
186,/home/test/bupt_hjk/sdp_dataset/elderAL/action1_walk_new/user1_position1_activity1/20250813=145841_mimo5s_part0.csv,1,1,1,3,1.475441,0.7377205,1.0515697,1.130032,0,1.3555269238146426,5,11,1.475441,1.475441,1.0,1.0,1
187,/home/test/bupt_hjk/sdp_dataset/elderAL/action1_walk_new/user2_position4_activity1/20250813=151629_mimo5s_part0.csv,2,4,1,12,5.300363,0.3112355000000002,1.220080699999999,2.782793,1,2.0753295576170916,5,11,3.7177654999999996,4.9499638,0.701417148221735,0.9166666666666666,0
188,/home/test/bupt_hjk/sdp_dataset/elderAL/action1_walk_new/user2_position4_activity1/20250813=151635_mimo5s_part0.csv,2,4,1,11,7.356699,0.6850464999999999,1.3856614999999997,1.45214,0,1.3593053079920763,5,11,5.554882,7.348609,0.7550780587869641,1.0,1
189,/home/test/bupt_hjk/sdp_dataset/elderAL/action1_walk_new/user1_position1_activity1/20250813=145921_mimo5s_part0.csv,1,1,1,4,3.383984,0.7760119999999999,1.9640792000000002,2.261096,0,0.8865290143215807,5,11,3.383984,3.383984,1.0,1.0,1
190,/home/test/bupt_hjk/sdp_dataset/elderAL/action1_walk_new/user2_position4_activity1/20250813=151640_mimo5s_part0.csv,2,4,1,11,2.719156,0.204956,0.6838223999999999,0.7993409999999999,0,3.6776117295219546,5,11,2.335009,2.5600989999999997,0.858725648693933,1.0,1
191,/home/test/bupt_hjk/sdp_dataset/elderAL/action1_walk_new/user1_position4_activity1/20250813=115619_mimo5s_part0.csv,1,4,1,15,6.862165,0.386344,1.0075054000000003,2.0501139999999998,1,2.0401724528629086,5,11,3.6870950000000002,5.7724306,0.5373078321491833,0.7333333333333333,0
192,/home/test/bupt_hjk/sdp_dataset/elderAL/action1_walk_new/user1_position4_activity1/20250813=115556_mimo5s_part0.csv,1,4,1,35,6.119185,0.011863000000000845,0.31217679999999975,2.886628,1,5.556295487062411,5,11,0.8603419999999993,4.5655470000000005,0.14059748152736015,0.3142857142857143,0
193,/home/test/bupt_hjk/sdp_dataset/elderAL/action1_walk_new/user2_position4_activity1/20250813=151623_mimo5s_part0.csv,2,4,1,14,4.655186,0.12667800000000007,0.9636496000000003,2.042886,0,2.792584442383183,5,11,2.2825064999999998,3.9513954,0.49031478011834545,0.7857142857142857,0
194,/home/test/bupt_hjk/sdp_dataset/elderAL/action1_walk_new/user1_position1_activity1/20250813=145910_mimo5s_part0.csv,1,1,1,3,2.999389,1.4996945,1.7938748999999998,1.8674199999999999,0,0.6668024721034851,5,11,2.999389,2.999389,1.0,1.0,1
195,/home/test/bupt_hjk/sdp_dataset/elderAL/action1_walk_new/user1_position1_activity1/20250813=145819_mimo5s_part0.csv,1,1,1,8,5.894558,0.4472595,2.3414245,2.6443689999999997,1,1.1875360289948798,5,11,5.7391055,5.894558,0.9736277936360962,1.0,1
196,/home/test/bupt_hjk/sdp_dataset/elderAL/action1_walk_new/user1_position1_activity1/20250813=145836_mimo5s_part0.csv,1,1,1,7,2.150713,0.31141850000000015,0.6159975,0.66991,0,2.789772508000835,5,11,2.150713,2.150713,1.0,1.0,1
197,/home/test/bupt_hjk/sdp_dataset/elderAL/action1_walk_new/user1_position1_activity1/20250813=145830_mimo5s_part0.csv,1,1,1,7,3.72919,0.4465970000000001,1.1538004999999998,1.6257539999999997,0,1.6089284804474966,5,11,3.72919,3.72919,1.0,1.0,1
198,/home/test/bupt_hjk/sdp_dataset/elderAL/action1_walk_new/user2_position4_activity1/20250813=151652_mimo5s_part0.csv,2,4,1,19,8.977749,0.14282499999999998,1.7238710000000002,2.4227260000000004,1,2.0049569218297374,5,11,3.261583,5.7424272,0.3632963006651222,0.5789473684210527,0
199,/home/test/bupt_hjk/sdp_dataset/elderAL/action1_walk_new/user1_position1_activity1/20250813=145814_mimo5s_part0.csv,1,1,1,3,2.709637,1.3548185,2.1727564999999998,2.3772409999999997,0,0.7381062481801068,5,11,2.709637,2.709637,1.0,1.0,1
200,/home/test/bupt_hjk/sdp_dataset/elderAL/action1_walk_new/user1_position1_activity1/20250813=145915_mimo5s_part0.csv,1,1,1,7,3.697762,0.4100324999999999,1.2978710000000002,1.4202690000000002,0,1.6226030772126492,5,11,3.697762,3.697762,1.0,1.0,1
201,/home/test/bupt_hjk/sdp_dataset/elderAL/action1_walk_new/user1_position7_activity1/20250813=121435_mimo5s_part0.csv,1,7,1,3,2.5727729999999998,1.2863864999999999,1.7373061,1.850036,0,0.7773713421277354,5,11,2.5727729999999998,2.5727729999999998,1.0,1.0,1
202,/home/test/bupt_hjk/sdp_dataset/elderAL/action1_walk_new/user1_position1_activity1/20250813=145808_mimo5s_part0.csv,1,1,1,8,4.334776,0.4790135,1.6207055,2.359688,1,1.6148469955540956,5,11,4.27294,4.334776,0.9857349030261311,1.0,1
203,/home/test/bupt_hjk/sdp_dataset/elderAL/action1_walk_new/user1_position1_activity1/20250813=145926_mimo5s_part0.csv,1,1,1,7,4.4124159999999994,0.419238,1.5392124999999999,2.546932,0,1.359799257368299,5,11,4.4124159999999994,4.4124159999999994,1.0,1.0,1
204,/home/test/bupt_hjk/sdp_dataset/elderAL/action1_walk_new/user1_position7_activity1/20250813=121526_mimo5s_part0.csv,1,7,1,7,3.84673,0.3283809999999999,1.5129234999999999,2.316392,0,1.5597663470012193,5,11,3.84673,3.84673,1.0,1.0,1
205,/home/test/bupt_hjk/sdp_dataset/elderAL/action1_walk_new/user1_position7_activity1/20250813=121532_mimo5s_part0.csv,1,7,1,7,5.012154,0.3184834999999999,2.1122835,2.356383,0,1.197090113352463,5,11,5.012154,5.012154,1.0,1.0,1
206,/home/test/bupt_hjk/sdp_dataset/elderAL/action1_walk_new/user1_position7_activity1/20250813=121538_mimo5s_part0.csv,1,7,1,4,4.058762,1.5687220000000002,2.3043028,2.4881979999999997,0,0.7391416397413794,5,11,4.058762,4.058762,1.0,1.0,1
207,/home/test/bupt_hjk/sdp_dataset/elderAL/action1_walk_new/user1_position7_activity1/20250813=121441_mimo5s_part0.csv,1,7,1,8,5.116419,0.5316139999999998,1.9749655,2.4859080000000002,1,1.3681443994324938,5,11,5.068939499999999,5.116419,0.9907201697124491,1.0,1
208,/home/test/bupt_hjk/sdp_dataset/elderAL/action1_walk_new/user1_position1_activity1/20250813=145904_mimo5s_part0.csv,1,1,1,15,6.185620999999999,0.32701899999999995,1.0130958000000003,1.686999,1,2.2633135783779834,5,11,3.8430340000000003,5.1397324,0.6212850738834469,0.7333333333333333,0
209,/home/test/bupt_hjk/sdp_dataset/elderAL/action1_walk_new/user1_position7_activity1/20250813=121543_mimo5s_part0.csv,1,7,1,7,5.330602,0.547502,1.9119894999999998,2.8108180000000003,0,1.1255764358322007,5,11,5.330602,5.330602,1.0,1.0,1
210,/home/test/bupt_hjk/sdp_dataset/elderAL/action1_walk_new/user1_position7_activity1/20250813=121509_mimo5s_part0.csv,1,7,1,10,5.02421,0.3201999999999998,1.2647926000000003,2.464279,0,1.7913263975829035,5,11,4.3330649999999995,5.02421,0.8624370796602848,1.0,1
211,/home/test/bupt_hjk/sdp_dataset/elderAL/action1_walk_new/user1_position1_activity1/20250813=145825_mimo5s_part0.csv,1,1,1,18,2.8051,0.08689200000000002,0.425813,0.565445,1,6.060390003921429,5,11,1.3104645,1.5865928000000002,0.46717211507611134,0.6111111111111112,0
212,/home/test/bupt_hjk/sdp_dataset/elderAL/action1_walk_new/user1_position1_activity1/20250813=145858_mimo5s_part0.csv,1,1,1,21,4.66774,0.22313650000000018,0.6031624000000002,0.7950629999999999,0,4.2847287980907245,5,11,1.8158869999999998,2.4134690000000005,0.3890291661489285,0.5238095238095238,0
213,/home/test/bupt_hjk/sdp_dataset/elderAL/action1_walk_new/user1_position7_activity1/20250813=121504_mimo5s_part0.csv,1,7,1,3,4.2801409999999995,2.1400704999999998,3.3397052999999994,3.6396139999999995,0,0.4672743257757163,5,11,4.2801409999999995,4.2801409999999995,1.0,1.0,1
214,/home/test/bupt_hjk/sdp_dataset/elderAL/action1_walk_new/user1_position7_activity1/20250813=121447_mimo5s_part0.csv,1,7,1,3,1.77596,0.88798,1.0218264,1.055288,0,1.126151489898421,5,11,1.77596,1.77596,1.0,1.0,1
215,/home/test/bupt_hjk/sdp_dataset/elderAL/action1_walk_new/user1_position1_activity1/20250813=145847_mimo5s_part0.csv,1,1,1,28,5.387529,0.011839500000000225,0.4445110000000001,2.340114,1,5.011573951620493,5,11,0.5572325,4.5158596,0.10343006970356912,0.39285714285714285,0
216,/home/test/bupt_hjk/sdp_dataset/elderAL/action1_walk_new/user1_position7_activity1/20250813=121429_mimo5s_part0.csv,1,7,1,5,2.466351,0.485033,1.5431322,1.8076569999999998,1,1.621829171922407,5,11,2.466351,2.466351,1.0,1.0,1
217,/home/test/bupt_hjk/sdp_dataset/elderAL/action1_walk_new/user2_position4_activity1/20250813=151811_mimo5s_part0.csv,2,4,1,29,8.220657,0.16789200000000015,0.5908350000000011,3.0066119999999996,1,3.406053798376456,5,11,2.069267,4.853013399999999,0.2517155259001805,0.3793103448275862,0
218,/home/test/bupt_hjk/sdp_dataset/elderAL/action1_walk_new/user1_position7_activity1/20250813=121515_mimo5s_part0.csv,1,7,1,11,5.120956,0.26788000000000034,1.0737144000000003,2.544204,1,1.9527603830222326,5,11,3.8496989999999998,5.078571,0.7517539693760306,1.0,1
219,/home/test/bupt_hjk/sdp_dataset/elderAL/action1_walk_new/user1_position7_activity1/20250813=121458_mimo5s_part0.csv,1,7,1,8,3.122398,0.1748510000000001,1.3814094999999997,2.283641,1,2.241866667862329,5,11,3.121784,3.122398,0.9998033562665618,1.0,1
220,/home/test/bupt_hjk/sdp_dataset/elderAL/action1_walk_new/user1_position7_activity1/20250813=121453_mimo5s_part0.csv,1,7,1,14,3.869055,0.12128349999999996,1.0984909000000003,1.3044649999999998,1,3.359993590166074,5,11,2.5074315,3.0911962,0.6480733667523465,0.7857142857142857,0
221,/home/test/bupt_hjk/sdp_dataset/elderAL/action1_walk_new/user1_position7_activity1/20250813=121424_mimo5s_part0.csv,1,7,1,12,5.318034,0.33858999999999984,1.1892893999999998,1.339629,1,2.068433560221691,5,11,3.507055,5.0087119,0.6594645690493893,0.9166666666666666,0
222,/home/test/bupt_hjk/sdp_dataset/elderAL/action1_walk_new/user0_position1_activity1/20250813=114101_mimo5s_part0.csv,0,1,1,4,2.8509089999999997,0.2862969999999998,2.0497905999999997,2.4906639999999998,0,1.0522959519227026,5,11,2.8509089999999997,2.8509089999999997,1.0,1.0,1
223,/home/test/bupt_hjk/sdp_dataset/elderAL/action1_walk_new/user0_position1_activity1/20250813=114157_mimo5s_part0.csv,0,1,1,6,1.2928439999999999,0.153961,0.5640164,0.7523059999999999,0,3.8674426303560216,5,11,1.2928439999999999,1.2928439999999999,1.0,1.0,1
224,/home/test/bupt_hjk/sdp_dataset/elderAL/action1_walk_new/user1_position7_activity1/20250813=121521_mimo5s_part0.csv,1,7,1,15,5.1605669999999995,0.2302420000000005,0.9585358000000003,2.095084,1,2.7128801932035764,5,11,2.6041359999999996,4.525873399999999,0.5046220696291706,0.7333333333333333,0
225,/home/test/bupt_hjk/sdp_dataset/elderAL/action1_walk_new/user0_position1_activity1/20250813=114124_mimo5s_part0.csv,0,1,1,4,3.545398,0.5758710000000002,2.264367,2.6864909999999997,0,0.8461673414381121,5,11,3.545398,3.545398,1.0,1.0,1
226,/home/test/bupt_hjk/sdp_dataset/elderAL/action1_walk_new/user0_position1_activity1/20250813=114130_mimo5s_part0.csv,0,1,1,4,0.546091,0.108192,0.320296,0.373322,0,5.493589896189463,5,11,0.546091,0.546091,1.0,1.0,1
227,/home/test/bupt_hjk/sdp_dataset/elderAL/action1_walk_new/user0_position1_activity1/20250813=114142_mimo5s_part0.csv,0,1,1,7,5.006476999999999,0.587993,1.8964029999999998,2.1287429999999996,0,1.1984475310682543,5,11,5.006476999999999,5.006476999999999,1.0,1.0,1
228,/home/test/bupt_hjk/sdp_dataset/elderAL/action1_walk_new/user0_position1_activity1/20250813=114107_mimo5s_part0.csv,0,1,1,11,4.995196,0.15549999999999997,1.4314984000000002,1.6565320000000001,1,2.0019234480488852,5,11,3.649927,4.941166,0.7306874444966724,1.0,1
229,/home/test/bupt_hjk/sdp_dataset/elderAL/action1_walk_new/user0_position1_activity1/20250813=114136_mimo5s_part0.csv,0,1,1,11,7.030932,0.23386999999999958,2.1125738000000007,3.8838489999999997,1,1.4222865475018105,5,11,5.1249329999999995,6.655233,0.7289123262748096,1.0,1
230,/home/test/bupt_hjk/sdp_dataset/elderAL/action1_walk_new/user1_position5_activity1/20250813=120417_mimo5s_part0.csv,1,5,1,4,5.41195,0.689492,3.6568248000000003,4.398658,0,0.5543288463492826,5,11,5.41195,5.41195,1.0,1.0,1
231,/home/test/bupt_hjk/sdp_dataset/elderAL/action1_walk_new/user0_position1_activity1/20250813=114113_mimo5s_part0.csv,0,1,1,11,5.079713,0.5007159999999997,1.0793030000000003,1.6797229999999999,1,1.9686151560137355,5,11,3.3195509999999997,5.00615,0.6534918409760551,1.0,1
232,/home/test/bupt_hjk/sdp_dataset/elderAL/action1_walk_new/user1_position5_activity1/20250813=120518_mimo5s_part0.csv,1,5,1,4,4.650429,1.9848560000000002,2.1412416,2.180338,0,0.6451017744814511,5,11,4.650429,4.650429,1.0,1.0,1
233,/home/test/bupt_hjk/sdp_dataset/elderAL/action1_walk_new/user0_position1_activity1/20250813=114055_mimo5s_part0.csv,0,1,1,11,5.596579999999999,0.4856134999999999,0.9338593999999997,1.5953179999999998,0,1.7868055133670921,5,11,3.452727,4.814463,0.616935163975142,1.0,1
234,/home/test/bupt_hjk/sdp_dataset/elderAL/action1_walk_new/user1_position5_activity1/20250813=120456_mimo5s_part0.csv,1,5,1,8,4.964329,0.5074714999999999,1.931468,2.333583,1,1.4100596475374616,5,11,4.9602474999999995,4.964329,0.9991778345069393,1.0,1
235,/home/test/bupt_hjk/sdp_dataset/elderAL/action1_walk_new/user0_position1_activity1/20250813=114151_mimo5s_part0.csv,0,1,1,17,5.119463,0.11598949999999997,1.000341,1.5082199999999997,0,3.1253277931689323,5,11,2.199308,3.024958,0.42959740113367356,0.6470588235294118,0
236,/home/test/bupt_hjk/sdp_dataset/elderAL/action1_walk_new/user1_position5_activity1/20250813=120411_mimo5s_part0.csv,1,5,1,10,5.2937449999999995,0.30871099999999974,1.3980102000000003,2.4157910000000005,0,1.7001196695345169,5,11,4.4702945,5.2937449999999995,0.8444484008957742,1.0,1
237,/home/test/bupt_hjk/sdp_dataset/elderAL/action1_walk_new/user1_position5_activity1/20250813=120439_mimo5s_part0.csv,1,5,1,4,5.004286,2.020915,2.5333221999999997,2.661424,0,0.5994861204975096,5,11,5.004286,5.004286,1.0,1.0,1
238,/home/test/bupt_hjk/sdp_dataset/elderAL/action1_walk_new/user1_position5_activity1/20250813=120434_mimo5s_part0.csv,1,5,1,7,4.989059999999999,0.5091924999999999,1.8304749999999999,2.36709,0,1.2026313574100131,5,11,4.989059999999999,4.989059999999999,1.0,1.0,1
239,/home/test/bupt_hjk/sdp_dataset/elderAL/action1_walk_new/user1_position5_activity1/20250813=120406_mimo5s_part0.csv,1,5,1,8,5.978249,0.44337899999999997,2.4649465,2.5633639999999995,1,1.1709114157004836,5,11,5.976713,5.978249,0.9997430685807834,1.0,1
240,/home/test/bupt_hjk/sdp_dataset/elderAL/action1_walk_new/user1_position5_activity1/20250813=120428_mimo5s_part0.csv,1,5,1,11,5.181114,0.22493449999999998,1.5985014999999996,1.847419,0,1.9300868500480786,5,11,3.166503,5.013922,0.6111625800937791,1.0,1
241,/home/test/bupt_hjk/sdp_dataset/elderAL/action1_walk_new/user1_position5_activity1/20250813=120445_mimo5s_part0.csv,1,5,1,11,7.240137,0.34292349999999994,1.7975040999999998,2.895721,0,1.3811893338482408,5,11,4.996993,7.053564,0.6901793432914322,1.0,1
242,/home/test/bupt_hjk/sdp_dataset/elderAL/action1_walk_new/user1_position5_activity1/20250813=120513_mimo5s_part0.csv,1,5,1,7,5.007809,0.5705315000000002,1.7389039999999998,2.444686,0,1.1981287624987296,5,11,5.007809,5.007809,1.0,1.0,1
243,/home/test/bupt_hjk/sdp_dataset/elderAL/action1_walk_new/user0_position4_activity1/20250813=115259_mimo5s_part0.csv,0,4,1,3,3.007603,1.5038015,2.5809515000000003,2.850239,0,0.6649813821837524,5,11,3.007603,3.007603,1.0,1.0,1
244,/home/test/bupt_hjk/sdp_dataset/elderAL/action1_walk_new/user0_position4_activity1/20250813=115310_mimo5s_part0.csv,0,4,1,3,2.2897369999999997,1.1448684999999998,1.9359016999999998,2.13366,0,0.8734627601335875,5,11,2.2897369999999997,2.2897369999999997,1.0,1.0,1
245,/home/test/bupt_hjk/sdp_dataset/elderAL/action1_walk_new/user1_position5_activity1/20250813=120507_mimo5s_part0.csv,1,5,1,7,5.32686,0.524828,2.13221,2.710175,0,1.1263671281017336,5,11,5.32686,5.32686,1.0,1.0,1
246,/home/test/bupt_hjk/sdp_dataset/elderAL/action1_walk_new/user0_position4_activity1/20250813=115339_mimo5s_part0.csv,0,4,1,4,3.567672,0.07396500000000028,2.7996146,3.4810269999999996,0,0.8408844759271592,5,11,3.567672,3.567672,1.0,1.0,1
247,/home/test/bupt_hjk/sdp_dataset/elderAL/action1_walk_new/user1_position5_activity1/20250813=120502_mimo5s_part0.csv,1,5,1,7,4.526326,0.5548700000000001,1.5500380000000002,1.817099,0,1.3255784050905746,5,11,4.526326,4.526326,1.0,1.0,1
248,/home/test/bupt_hjk/sdp_dataset/elderAL/action1_walk_new/user1_position5_activity1/20250813=120450_mimo5s_part0.csv,1,5,1,17,4.761714,0.0733159999999998,0.6786729999999996,1.991869,0,3.3601346069923563,5,11,1.8967609999999997,3.3472047999999996,0.39833576733083925,0.6470588235294118,0
249,/home/test/bupt_hjk/sdp_dataset/elderAL/action1_walk_new/user0_position4_activity1/20250813=115345_mimo5s_part0.csv,0,4,1,4,4.2022379999999995,1.0142629999999997,2.5256486,2.903495,0,0.7139053047447576,5,11,4.2022379999999995,4.2022379999999995,1.0,1.0,1
250,/home/test/bupt_hjk/sdp_dataset/elderAL/action1_walk_new/user0_position4_activity1/20250813=115316_mimo5s_part0.csv,0,4,1,7,4.1154459999999995,0.5214455,1.3469790000000001,1.9746540000000001,0,1.457922179029928,5,11,4.1154459999999995,4.1154459999999995,1.0,1.0,1
251,/home/test/bupt_hjk/sdp_dataset/elderAL/action1_walk_new/user0_position1_activity1/20250813=114118_mimo5s_part0.csv,0,1,1,21,4.989183,0.049195999999999795,0.5331969999999997,2.374384,1,4.008672361787491,5,11,1.638645,3.1487,0.3284395461140632,0.5238095238095238,0
252,/home/test/bupt_hjk/sdp_dataset/elderAL/action1_walk_new/user0_position4_activity1/20250813=115235_mimo5s_part0.csv,0,4,1,7,5.019296,0.5068554999999999,1.965729,3.20632,0,1.1953867634026765,5,11,5.019296,5.019296,1.0,1.0,1
253,/home/test/bupt_hjk/sdp_dataset/elderAL/action1_walk_new/user1_position5_activity1/20250813=120422_mimo5s_part0.csv,1,5,1,12,5.267639,0.30378099999999997,1.4415276,1.5328020000000002,1,2.0882220668500633,5,11,3.079379,4.9660554,0.5845842890904255,0.9166666666666666,0
254,/home/test/bupt_hjk/sdp_dataset/elderAL/action1_walk_new/user0_position4_activity1/20250813=115333_mimo5s_part0.csv,0,4,1,4,4.200972999999999,1.2236319999999998,2.3861007999999995,2.6767179999999993,0,0.7141202764216767,5,11,4.200972999999999,4.200972999999999,1.0,1.0,1
255,/home/test/bupt_hjk/sdp_dataset/elderAL/action1_walk_new/user1_position5_activity1/20250813=120359_mimo5s_part0.csv,1,5,1,15,3.430045,0.1631610000000001,0.6896178000000002,1.4464489999999999,1,4.081579104647315,5,11,1.785672,2.9575709999999997,0.5205972516395557,0.7333333333333333,0
256,/home/test/bupt_hjk/sdp_dataset/elderAL/action1_walk_new/user0_position4_activity1/20250813=115327_mimo5s_part0.csv,0,4,1,3,1.094113,0.5470565,0.6883065,0.723619,0,1.8279647531836294,5,11,1.094113,1.094113,1.0,1.0,1
257,/home/test/bupt_hjk/sdp_dataset/elderAL/action1_walk_new/user0_position4_activity1/20250813=115321_mimo5s_part0.csv,0,4,1,4,3.626093,1.015593,1.9907586000000002,2.23455,0,0.8273367506018185,5,11,3.626093,3.626093,1.0,1.0,1
258,/home/test/bupt_hjk/sdp_dataset/elderAL/action1_walk_new/user0_position4_activity1/20250813=115253_mimo5s_part0.csv,0,4,1,8,4.319768,0.29712900000000014,1.80507,2.902643,1,1.6204573949341725,5,11,4.3165695,4.319768,0.9992595667174718,1.0,1
259,/home/test/bupt_hjk/sdp_dataset/elderAL/action1_walk_new/user0_position4_activity1/20250813=115305_mimo5s_part0.csv,0,4,1,8,6.460439999999999,0.547107,2.4412955,3.915847,1,1.0835175313136567,5,11,6.3988485,6.460439999999999,0.9904663614242993,1.0,1
260,/home/test/bupt_hjk/sdp_dataset/elderAL/action1_walk_new/user2_position7_activity1/20250813=121734_mimo5s_part0.csv,2,7,1,4,4.55631,0.5767899999999999,3.2713524,3.9449929999999997,0,0.6584275433409931,5,11,4.55631,4.55631,1.0,1.0,1
261,/home/test/bupt_hjk/sdp_dataset/elderAL/action1_walk_new/user2_position7_activity1/20250813=121659_mimo5s_part0.csv,2,7,1,8,3.7337979999999997,0.5223855,1.2929804999999999,1.4861559999999998,1,1.874766658506968,5,11,3.6863845,3.7337979999999997,0.9873015358624114,1.0,1
262,/home/test/bupt_hjk/sdp_dataset/elderAL/action1_walk_new/user2_position7_activity1/20250813=121705_mimo5s_part0.csv,2,7,1,7,3.235264,0.42300499999999985,1.127658,1.532442,0,1.8545627188384008,5,11,3.235264,3.235264,1.0,1.0,1
263,/home/test/bupt_hjk/sdp_dataset/elderAL/action1_walk_new/user2_position7_activity1/20250813=121717_mimo5s_part0.csv,2,7,1,12,4.996773,0.13304949999999993,1.2156226999999993,2.872349,1,2.2014207969823723,5,11,3.1703200000000002,4.983485099999999,0.6344734891899232,0.9166666666666666,0
264,/home/test/bupt_hjk/sdp_dataset/elderAL/action1_walk_new/user0_position4_activity1/20250813=115248_mimo5s_part0.csv,0,4,1,11,5.416537,0.18690949999999995,1.9850292999999999,2.2471389999999998,0,1.8461980412946501,5,11,4.985777,5.345927,0.9204731731731917,1.0,1
265,/home/test/bupt_hjk/sdp_dataset/elderAL/action1_walk_new/user0_position4_activity1/20250813=115242_mimo5s_part0.csv,0,4,1,11,9.631553,0.8197125000000001,1.4239080999999993,3.580678,0,1.038254163165587,5,11,6.953131,8.894183,0.7219117207785701,1.0,1
266,/home/test/bupt_hjk/sdp_dataset/elderAL/action1_walk_new/user2_position7_activity1/20250813=121808_mimo5s_part0.csv,2,7,1,7,4.687546,0.5204135000000001,1.7405605,1.7900749999999999,0,1.279987439056598,5,11,4.687546,4.687546,1.0,1.0,1
267,/home/test/bupt_hjk/sdp_dataset/elderAL/action1_walk_new/user2_position7_activity1/20250813=121711_mimo5s_part0.csv,2,7,1,11,7.845864,0.2691914999999998,2.610712699999999,3.4517059999999997,0,1.2745568875524735,5,11,4.644981,7.838007999999999,0.5920292526100376,1.0,1
268,/home/test/bupt_hjk/sdp_dataset/elderAL/action1_walk_new/user1_position1_activity1/20250813=145853_mimo5s_part0.csv,1,1,1,57,5.069996,0.008179000000000158,0.2874522,0.565258,1,11.04537360581744,5,11,0.7041029999999999,1.5457398,0.1388764409281585,0.19298245614035087,0
269,/home/test/bupt_hjk/sdp_dataset/elderAL/action1_walk_new/user2_position7_activity1/20250813=121653_mimo5s_part0.csv,2,7,1,8,3.147283,0.3651835,1.192335,1.5374569999999999,1,2.2241406317766788,5,11,3.13168,3.147283,0.9950423905317698,1.0,1
270,/home/test/bupt_hjk/sdp_dataset/elderAL/action1_walk_new/user2_position7_activity1/20250813=121746_mimo5s_part0.csv,2,7,1,7,6.201207,0.8690519999999997,2.0749744999999997,2.948775,0,0.9675535746508703,5,11,6.201207,6.201207,1.0,1.0,1
271,/home/test/bupt_hjk/sdp_dataset/elderAL/action1_walk_new/user2_position7_activity1/20250813=121740_mimo5s_part0.csv,2,7,1,7,5.451451,0.31766300000000003,2.338917,4.326257,0,1.1006244025673166,5,11,5.451451,5.451451,1.0,1.0,1
272,/home/test/bupt_hjk/sdp_dataset/elderAL/action1_walk_new/user2_position7_activity1/20250813=121728_mimo5s_part0.csv,2,7,1,15,5.304437,0.15803000000000011,1.134987,1.237376,1,2.6392998917698525,5,11,3.693413,4.8851758,0.6962874665115261,0.7333333333333333,0
273,/home/test/bupt_hjk/sdp_dataset/elderAL/action1_walk_new/user0_position4_activity1/20250813=115356_mimo5s_part0.csv,0,4,1,24,4.390423,0.07350099999999982,0.43907479999999977,0.727078,0,5.238675180045294,5,11,1.5336745,2.8053501999999995,0.3493227190181903,0.4583333333333333,0
274,/home/test/bupt_hjk/sdp_dataset/elderAL/action1_walk_new/user1_position6_activity1/20250813=150558_mimo5s_part0.csv,1,6,1,12,5.010098,0.2139675000000003,1.3316426000000001,1.3743349999999999,1,2.195565835239151,5,11,3.5496535,4.6780368999999995,0.7084998137760977,0.9166666666666666,0
275,/home/test/bupt_hjk/sdp_dataset/elderAL/action1_walk_new/user1_position6_activity1/20250813=150637_mimo5s_part0.csv,1,6,1,4,1.273993,0.42391799999999996,0.51307,0.535358,0,2.354801007540858,5,11,1.273993,1.273993,1.0,1.0,1
276,/home/test/bupt_hjk/sdp_dataset/elderAL/action1_walk_new/user2_position7_activity1/20250813=121803_mimo5s_part0.csv,2,7,1,11,5.001141,0.2869674999999999,0.8992000999999993,2.493092,0,1.9995437041267183,5,11,4.615361,4.984020999999999,0.9228616029821995,1.0,1
277,/home/test/bupt_hjk/sdp_dataset/elderAL/action1_walk_new/user2_position7_activity1/20250813=121722_mimo5s_part0.csv,2,7,1,17,6.0882629999999995,0.2775825000000002,0.7434974999999997,1.547667,0,2.628007364333637,5,11,3.113527,4.0537186,0.511398242815726,0.6470588235294118,0
278,/home/test/bupt_hjk/sdp_dataset/elderAL/action1_walk_new/user1_position6_activity1/20250813=150535_mimo5s_part0.csv,1,6,1,7,3.8354739999999996,0.4306519999999998,1.465369,2.173403,0,1.5643438073103872,5,11,3.8354739999999996,3.8354739999999996,1.0,1.0,1
279,/home/test/bupt_hjk/sdp_dataset/elderAL/action1_walk_new/user1_position6_activity1/20250813=150547_mimo5s_part0.csv,1,6,1,7,0.9111589999999999,0.07973249999999998,0.334644,0.45138599999999995,0,6.5850197385966664,5,11,0.9111589999999999,0.9111589999999999,1.0,1.0,1
280,/home/test/bupt_hjk/sdp_dataset/elderAL/action1_walk_new/user1_position6_activity1/20250813=150603_mimo5s_part0.csv,1,6,1,8,4.144292,0.44899799999999995,1.429642,1.8737310000000003,1,1.6890701716963958,5,11,4.090888,4.144292,0.9871138423643893,1.0,1
281,/home/test/bupt_hjk/sdp_dataset/elderAL/action1_walk_new/user1_position6_activity1/20250813=150642_mimo5s_part0.csv,1,6,1,8,4.999104,0.3682120000000002,2.0615105,2.908291,1,1.4002509249657538,5,11,4.9758949999999995,4.999104,0.9953573680403527,1.0,1
282,/home/test/bupt_hjk/sdp_dataset/elderAL/action1_walk_new/user1_position6_activity1/20250813=150620_mimo5s_part0.csv,1,6,1,7,5.36952,0.8580785,1.5372145,1.6078859999999997,0,1.1174183167210479,5,11,5.36952,5.36952,1.0,1.0,1
283,/home/test/bupt_hjk/sdp_dataset/elderAL/action1_walk_new/user1_position6_activity1/20250813=150654_mimo5s_part0.csv,1,6,1,11,3.355089,0.140882,1.0959021999999998,1.134359,1,2.9805468647776556,5,11,2.117571,3.229911,0.6311519604994085,1.0,1
284,/home/test/bupt_hjk/sdp_dataset/elderAL/action1_walk_new/user2_position7_activity1/20250813=121757_mimo5s_part0.csv,2,7,1,21,3.6582,0.07235099999999983,0.3944309999999997,1.316609,1,5.467169646274124,5,11,0.6956120000000001,2.7154339999999997,0.19015144059920183,0.5238095238095238,0
285,/home/test/bupt_hjk/sdp_dataset/elderAL/action1_walk_new/user1_position6_activity1/20250813=150614_mimo5s_part0.csv,1,6,1,7,3.091058,0.3729580000000001,1.1406654999999999,1.1699619999999997,0,1.9410829560622933,5,11,3.091058,3.091058,1.0,1.0,1
286,/home/test/bupt_hjk/sdp_dataset/elderAL/action1_walk_new/user1_position6_activity1/20250813=150541_mimo5s_part0.csv,1,6,1,4,3.9204139999999996,1.080226,2.4867619999999997,2.8383959999999995,0,0.7652253052866356,5,11,3.9204139999999996,3.9204139999999996,1.0,1.0,1
287,/home/test/bupt_hjk/sdp_dataset/elderAL/action1_walk_new/user2_position7_activity1/20250813=121814_mimo5s_part0.csv,2,7,1,22,4.2641469999999995,0.1297735000000002,0.6301103000000001,0.9983539999999997,1,4.924783315396961,5,11,1.6328964999999998,2.5831291999999997,0.3829362589985758,0.5,0
288,/home/test/bupt_hjk/sdp_dataset/elderAL/action1_walk_new/user1_position6_activity1/20250813=150626_mimo5s_part0.csv,1,6,1,11,5.20761,0.4243640000000001,1.0454574,1.200513,0,1.9202666866374403,5,11,3.805659,5.199797,0.7307880198401954,1.0,1
289,/home/test/bupt_hjk/sdp_dataset/elderAL/action1_walk_new/user0_position5_activity1/20250813=120145_mimo5s_part0.csv,0,5,1,7,5.673738999999999,1.024165,1.2737344999999998,1.304734,0,1.0575037025848388,5,11,5.673738999999999,5.673738999999999,1.0,1.0,1
290,/home/test/bupt_hjk/sdp_dataset/elderAL/action1_walk_new/user1_position6_activity1/20250813=150609_mimo5s_part0.csv,1,6,1,7,5.079577,0.35261049999999994,2.1476189999999997,2.727811,0,1.18120071809129,5,11,5.079577,5.079577,1.0,1.0,1
291,/home/test/bupt_hjk/sdp_dataset/elderAL/action1_walk_new/user1_position6_activity1/20250813=150649_mimo5s_part0.csv,1,6,1,12,5.647887,0.2530729999999999,1.3484091999999996,1.6145770000000002,1,1.9476310344027776,5,11,4.2694785,4.8279632999999995,0.7559426206650381,0.9166666666666666,0
292,/home/test/bupt_hjk/sdp_dataset/elderAL/action1_walk_new/user0_position5_activity1/20250813=120139_mimo5s_part0.csv,0,5,1,8,5.3926229999999995,0.34250749999999985,2.3018994999999998,2.3593309999999996,1,1.2980696036047765,5,11,5.236755,5.3926229999999995,0.9710960695750472,1.0,1
293,/home/test/bupt_hjk/sdp_dataset/elderAL/action1_walk_new/user0_position5_activity1/20250813=120134_mimo5s_part0.csv,0,5,1,7,4.266668,0.290247,1.838284,2.014402,0,1.4062495605470122,5,11,4.266668,4.266668,1.0,1.0,1
294,/home/test/bupt_hjk/sdp_dataset/elderAL/action1_walk_new/user0_position5_activity1/20250813=120054_mimo5s_part0.csv,0,5,1,11,4.61799,0.6414759999999999,0.9211815999999999,0.9779119999999999,1,2.165444273374347,5,11,3.4651199999999998,4.60724,0.7503524260554917,1.0,1
295,/home/test/bupt_hjk/sdp_dataset/elderAL/action1_walk_new/user0_position5_activity1/20250813=120116_mimo5s_part0.csv,0,5,1,11,6.874859,0.5631314999999999,1.3687646999999998,1.673169,0,1.4545752865622408,5,11,4.557333,6.1117859999999995,0.6628983954434556,1.0,1
296,/home/test/bupt_hjk/sdp_dataset/elderAL/action1_walk_new/user0_position5_activity1/20250813=120122_mimo5s_part0.csv,0,5,1,7,5.526886999999999,0.6673715,2.0374329999999996,2.2214229999999997,0,1.085602075815916,5,11,5.526886999999999,5.526886999999999,1.0,1.0,1
297,/home/test/bupt_hjk/sdp_dataset/elderAL/action1_walk_new/user2_position7_activity1/20250813=121751_mimo5s_part0.csv,2,7,1,29,5.883355,0.05448199999999992,0.6441970000000007,1.265658,1,4.759189272107497,5,11,1.749024,2.7209746,0.2972834377663765,0.3793103448275862,0
298,/home/test/bupt_hjk/sdp_dataset/elderAL/action1_walk_new/user0_position5_activity1/20250813=120156_mimo5s_part0.csv,0,5,1,7,3.06743,0.5011425,0.8380905,0.9534779999999999,0,1.9560348565411436,5,11,3.06743,3.06743,1.0,1.0,1
299,/home/test/bupt_hjk/sdp_dataset/elderAL/action1_walk_new/user1_position6_activity1/20250813=150631_mimo5s_part0.csv,1,6,1,11,5.840682999999999,0.37292550000000013,1.0338401999999989,2.8415549999999996,0,1.7121285301736118,5,11,4.999248,5.832952,0.8559355130213367,1.0,1
300,/home/test/bupt_hjk/sdp_dataset/elderAL/action1_walk_new/user0_position5_activity1/20250813=120128_mimo5s_part0.csv,0,5,1,16,5.721114,0.37241199999999997,0.9154916000000002,1.0051959999999998,2,2.621867000028316,5,11,2.709847,3.2492975,0.4736572282950488,0.6875,0
301,/home/test/bupt_hjk/sdp_dataset/elderAL/action1_walk_new/user0_position5_activity1/20250813=120110_mimo5s_part0.csv,0,5,1,7,3.3532949999999997,0.39540399999999987,1.1406955,1.1552200000000001,0,1.789284867570554,5,11,3.3532949999999997,3.3532949999999997,1.0,1.0,1
302,/home/test/bupt_hjk/sdp_dataset/elderAL/action1_walk_new/user0_position5_activity1/20250813=120201_mimo5s_part0.csv,0,5,1,7,4.614795,0.5623965,1.7370505,2.25167,0,1.300166096218792,5,11,4.614795,4.614795,1.0,1.0,1
303,/home/test/bupt_hjk/sdp_dataset/elderAL/action1_walk_new/user1_position6_activity1/20250813=150552_mimo5s_part0.csv,1,6,1,19,4.46446,0.18472950000000005,0.6927515,1.2685019999999998,2,4.031842596865019,5,11,2.3597219999999997,2.8810084,0.5285570931310841,0.5789473684210527,0
304,/home/test/bupt_hjk/sdp_dataset/elderAL/action1_walk_new/user0_position5_activity1/20250813=120105_mimo5s_part0.csv,0,5,1,8,5.55199,0.300929,2.312078,3.902411,1,1.2608091873364324,5,11,5.426064,5.55199,0.9773187631822103,1.0,1
305,/home/test/bupt_hjk/sdp_dataset/elderAL/action1_walk_new/user0_position3_activity1/20250813=114605_mimo5s_part0.csv,0,3,1,4,5.003655999999999,0.7536950000000004,3.2600198000000002,3.8866009999999998,0,0.5995616005576723,5,11,5.003655999999999,5.003655999999999,1.0,1.0,1
306,/home/test/bupt_hjk/sdp_dataset/elderAL/action1_walk_new/user0_position3_activity1/20250813=114640_mimo5s_part0.csv,0,3,1,8,5.348519,0.21727100000000021,2.4137924999999996,4.248679999999999,1,1.3087735128172866,5,11,5.342342499999999,5.348519,0.9988451943425833,1.0,1
307,/home/test/bupt_hjk/sdp_dataset/elderAL/action1_walk_new/user0_position3_activity1/20250813=114708_mimo5s_part0.csv,0,3,1,7,4.34303,0.11462450000000013,2.0165175,2.7550369999999997,0,1.3815239590792605,5,11,4.34303,4.34303,1.0,1.0,1
308,/home/test/bupt_hjk/sdp_dataset/elderAL/action1_walk_new/user0_position3_activity1/20250813=114635_mimo5s_part0.csv,0,3,1,7,5.359871,0.3994924999999999,2.2432235,3.753418,0,1.1194299265784569,5,11,5.359871,5.359871,1.0,1.0,1
309,/home/test/bupt_hjk/sdp_dataset/elderAL/action1_walk_new/user0_position3_activity1/20250813=114703_mimo5s_part0.csv,0,3,1,7,5.334525999999999,0.5494599999999998,1.935784,2.336425,0,1.1247484781215802,5,11,5.334525999999999,5.334525999999999,1.0,1.0,1
310,/home/test/bupt_hjk/sdp_dataset/elderAL/action1_walk_new/user0_position3_activity1/20250813=114646_mimo5s_part0.csv,0,3,1,7,2.867984,0.3803454999999999,0.8779739999999999,1.0298239999999999,0,2.0920618804010065,5,11,2.867984,2.867984,1.0,1.0,1
311,/home/test/bupt_hjk/sdp_dataset/elderAL/action1_walk_new/user0_position5_activity1/20250813=120047_mimo5s_part0.csv,0,5,1,17,6.112887,0.06756200000000012,1.0378319999999999,2.317819,0,2.617421195582382,5,11,1.6059149999999995,5.5356186,0.26270974745648,0.6470588235294118,0
312,/home/test/bupt_hjk/sdp_dataset/elderAL/action1_walk_new/user0_position5_activity1/20250813=120207_mimo5s_part0.csv,0,5,1,14,4.107222,0.03614200000000001,0.8608840000000008,2.235777,0,3.1651564001166723,5,11,3.0444535,3.4076592000000003,0.741243960029431,0.7857142857142857,0
313,/home/test/bupt_hjk/sdp_dataset/elderAL/action1_walk_new/user0_position3_activity1/20250813=114657_mimo5s_part0.csv,0,3,1,7,2.901509,0.32470450000000006,0.9944644999999999,1.2495679999999998,0,2.0678895016351837,5,11,2.901509,2.901509,1.0,1.0,1
314,/home/test/bupt_hjk/sdp_dataset/elderAL/action1_walk_new/user0_position3_activity1/20250813=114629_mimo5s_part0.csv,0,3,1,11,3.2886189999999997,0.1868504999999998,0.7956726999999997,1.5624339999999999,0,3.04079007023921,5,11,2.8689929999999997,3.097347,0.8724005425985801,1.0,1
315,/home/test/bupt_hjk/sdp_dataset/elderAL/action1_walk_new/user0_position3_activity1/20250813=114612_mimo5s_part0.csv,0,3,1,4,4.124136,1.2975349999999999,2.2289526000000004,2.4618070000000003,0,0.7274250897642561,5,11,4.124136,4.124136,1.0,1.0,1
316,/home/test/bupt_hjk/sdp_dataset/elderAL/action1_walk_new/user0_position4_activity1/20250813=115350_mimo5s_part0.csv,0,4,1,56,4.498169,0.00797099999999995,0.26560060000000013,0.786664,0,12.227197332959255,5,11,0.6999015000000002,1.531935,0.15559697734789427,0.19642857142857142,0
317,/home/test/bupt_hjk/sdp_dataset/elderAL/action1_walk_new/user0_position3_activity1/20250813=114714_mimo5s_part0.csv,0,3,1,8,3.9079479999999998,0.20465749999999994,1.717588,2.481519,1,1.7912213775618304,5,11,3.4311195,3.9079479999999998,0.8779849424813227,1.0,1
318,/home/test/bupt_hjk/sdp_dataset/elderAL/action1_walk_new/user0_position3_activity1/20250813=114720_mimo5s_part0.csv,0,3,1,7,4.991318,0.45029400000000036,1.880792,2.4057489999999997,0,1.2020873043953522,5,11,4.991318,4.991318,1.0,1.0,1
319,/home/test/bupt_hjk/sdp_dataset/elderAL/action1_walk_new/user0_position3_activity1/20250813=114725_mimo5s_part0.csv,0,3,1,20,3.385732,0.05589600000000017,0.4285031999999999,1.314161,0,5.611784984753666,5,11,1.0162069999999999,2.4345902,0.3001439570527141,0.55,0
320,/home/test/bupt_hjk/sdp_dataset/elderAL/action1_walk_new/user2_position9_activity1/20250813=123159_mimo5s_part0.csv,2,9,1,4,4.346515999999999,1.0485489999999995,2.7348906,3.156476,0,0.690207973466565,5,11,4.346515999999999,4.346515999999999,1.0,1.0,1
321,/home/test/bupt_hjk/sdp_dataset/elderAL/action1_walk_new/user2_position9_activity1/20250813=123141_mimo5s_part0.csv,2,9,1,8,2.498881,0.14544599999999996,1.0864615,1.0895769999999998,1,2.8012538412193297,5,11,2.498264,2.498881,0.9997530894828525,1.0,1
322,/home/test/bupt_hjk/sdp_dataset/elderAL/action1_walk_new/user2_position9_activity1/20250813=123135_mimo5s_part0.csv,2,9,1,4,4.663762,0.6928690000000004,3.1634178,3.781055,0,0.6432575247193145,5,11,4.663762,4.663762,1.0,1.0,1
323,/home/test/bupt_hjk/sdp_dataset/elderAL/action1_walk_new/user2_position9_activity1/20250813=123116_mimo5s_part0.csv,2,9,1,8,1.606317,0.27137849999999997,0.48114399999999996,0.60068,1,4.357794881085116,5,11,1.559262,1.606317,0.97070628026722,1.0,1
324,/home/test/bupt_hjk/sdp_dataset/elderAL/action1_walk_new/user0_position3_activity1/20250813=114617_mimo5s_part0.csv,0,3,1,11,6.560071,0.5404004999999997,1.3684357000000005,1.7674389999999995,0,1.5243737453451343,5,11,4.386346,6.263669,0.6686430680399648,1.0,1
325,/home/test/bupt_hjk/sdp_dataset/elderAL/action1_walk_new/user0_position5_activity1/20250813=120059_mimo5s_part0.csv,0,5,1,30,3.6318439999999996,0.011270000000000113,0.3575936,0.958206,0,7.984924462614584,5,11,0.8662540000000001,2.1707314,0.23851630191164602,0.36666666666666664,0
326,/home/test/bupt_hjk/sdp_dataset/elderAL/action1_walk_new/user2_position9_activity1/20250813=123227_mimo5s_part0.csv,2,9,1,11,5.68806,0.4505395,1.0842651999999993,2.1905829999999997,0,1.758068656097158,5,11,4.8457989999999995,5.024209,0.8519247335646951,1.0,1
327,/home/test/bupt_hjk/sdp_dataset/elderAL/action1_walk_new/user2_position9_activity1/20250813=123233_mimo5s_part0.csv,2,9,1,7,6.004604,0.49978,2.338166,3.983639,0,0.9992332550156514,5,11,6.004604,6.004604,1.0,1.0,1
328,/home/test/bupt_hjk/sdp_dataset/elderAL/action1_walk_new/user0_position2_activity1/20250813=114330_mimo5s_part0.csv,0,2,1,3,2.920772,1.460386,2.6147412,2.90333,0,0.6847504700811977,5,11,2.920772,2.920772,1.0,1.0,1
329,/home/test/bupt_hjk/sdp_dataset/elderAL/action1_walk_new/user0_position3_activity1/20250813=114623_mimo5s_part0.csv,0,3,1,25,5.709477,0.20631200000000005,0.5076175999999998,1.0782479999999999,1,4.203537381795216,5,11,2.023794,2.8245462000000003,0.3544622388355361,0.44,0
330,/home/test/bupt_hjk/sdp_dataset/elderAL/action1_walk_new/user2_position9_activity1/20250813=123130_mimo5s_part0.csv,2,9,1,11,5.170707999999999,0.24070800000000014,0.7647674999999994,3.106338,0,1.93397113122613,5,11,4.138379,5.061678,0.8003505516072461,1.0,1
331,/home/test/bupt_hjk/sdp_dataset/elderAL/action1_walk_new/user0_position3_activity1/20250813=114652_mimo5s_part0.csv,0,3,1,21,3.9383899999999996,0.05345500000000003,0.5831087999999998,0.9191429999999996,1,5.078217241055356,5,11,1.509218,2.1537299999999995,0.38320684340555405,0.5238095238095238,0
332,/home/test/bupt_hjk/sdp_dataset/elderAL/action1_walk_new/user2_position9_activity1/20250813=123221_mimo5s_part0.csv,2,9,1,11,10.282048999999999,0.5157274999999999,2.4612124,4.654470999999999,0,0.9725687944105306,5,11,8.055793,10.27331,0.7834812886030791,1.0,1
333,/home/test/bupt_hjk/sdp_dataset/elderAL/action1_walk_new/user2_position9_activity1/20250813=123210_mimo5s_part0.csv,2,9,1,7,6.0847109999999995,0.6217405,2.2454219999999996,3.5537379999999996,0,0.9860780569529104,5,11,6.0847109999999995,6.0847109999999995,1.0,1.0,1
334,/home/test/bupt_hjk/sdp_dataset/elderAL/action1_walk_new/user0_position2_activity1/20250813=114335_mimo5s_part0.csv,0,2,1,8,4.910391,0.4816309999999998,1.9378375,2.616985,1,1.4255483931931288,5,11,4.879970999999999,4.910391,0.9938049739827235,1.0,1
335,/home/test/bupt_hjk/sdp_dataset/elderAL/action1_walk_new/user0_position2_activity1/20250813=114446_mimo5s_part0.csv,0,2,1,3,1.11585,0.557925,0.7167434,0.756448,0,1.792355603351705,5,11,1.11585,1.11585,1.0,1.0,1
336,/home/test/bupt_hjk/sdp_dataset/elderAL/action1_walk_new/user0_position5_activity1/20250813=120150_mimo5s_part0.csv,0,5,1,41,5.890171,0.04004300000000027,0.4548324,0.8033929999999998,0,6.790974319760836,5,11,0.885713,2.528768,0.15037135594195822,0.2682926829268293,0
337,/home/test/bupt_hjk/sdp_dataset/elderAL/action1_walk_new/user2_position9_activity1/20250813=123204_mimo5s_part0.csv,2,9,1,11,5.843128,0.20215950000000005,1.0018047999999993,3.8075889999999997,0,1.7114121066661554,5,11,5.486244,5.834471,0.9389224401724556,1.0,1
338,/home/test/bupt_hjk/sdp_dataset/elderAL/action1_walk_new/user0_position2_activity1/20250813=114440_mimo5s_part0.csv,0,2,1,4,4.58416,1.702286,2.6381300000000003,2.872091,0,0.6544274196363129,5,11,4.58416,4.58416,1.0,1.0,1
339,/home/test/bupt_hjk/sdp_dataset/elderAL/action1_walk_new/user2_position9_activity1/20250813=123147_mimo5s_part0.csv,2,9,1,11,4.312931,0.2392069999999995,1.0324302000000003,2.2844750000000005,1,2.318608853236929,5,11,3.458923,4.253086,0.8019889490464838,1.0,1
340,/home/test/bupt_hjk/sdp_dataset/elderAL/action1_walk_new/user0_position2_activity1/20250813=114404_mimo5s_part0.csv,0,2,1,7,3.713567,0.40409150000000005,1.445352,2.1380939999999997,0,1.615697252803033,5,11,3.713567,3.713567,1.0,1.0,1
341,/home/test/bupt_hjk/sdp_dataset/elderAL/action1_walk_new/user0_position2_activity1/20250813=114434_mimo5s_part0.csv,0,2,1,10,3.278381,0.20755300000000032,1.0562999999999998,1.0631599999999999,0,2.7452574914264085,5,11,2.877059,3.278381,0.8775853081139746,1.0,1
342,/home/test/bupt_hjk/sdp_dataset/elderAL/action1_walk_new/user2_position9_activity1/20250813=123153_mimo5s_part0.csv,2,9,1,15,4.273645999999999,0.13748499999999986,0.6506664000000002,2.225041,1,3.2758913583389924,5,11,3.156162,3.8901695999999997,0.7385174158084222,0.7333333333333333,0
343,/home/test/bupt_hjk/sdp_dataset/elderAL/action1_walk_new/user0_position2_activity1/20250813=114359_mimo5s_part0.csv,0,2,1,14,2.270031,0.011971999999999872,0.488203,0.699983,0,5.726794039376555,5,11,1.5052975,1.6924475,0.6631175961914176,0.7857142857142857,0
344,/home/test/bupt_hjk/sdp_dataset/elderAL/action1_walk_new/user0_position2_activity1/20250813=114428_mimo5s_part0.csv,0,2,1,4,4.6168819999999995,1.207903,2.8178341999999996,3.2203169999999997,0,0.6497891867281859,5,11,4.6168819999999995,4.6168819999999995,1.0,1.0,1
345,/home/test/bupt_hjk/sdp_dataset/elderAL/action1_walk_new/user0_position2_activity1/20250813=114422_mimo5s_part0.csv,0,2,1,7,6.486758999999999,1.1200554999999999,1.5405335,1.7021059999999997,0,0.9249611400701029,5,11,6.486758999999999,6.486758999999999,1.0,1.0,1
346,/home/test/bupt_hjk/sdp_dataset/elderAL/action1_walk_new/user0_position2_activity1/20250813=114410_mimo5s_part0.csv,0,2,1,11,7.464632,0.3902015000000001,2.4568804,2.6446599999999996,0,1.3396507691202997,5,11,4.714805999999999,7.446655,0.6316193484153002,1.0,1
347,/home/test/bupt_hjk/sdp_dataset/elderAL/action1_walk_new/user0_position2_activity1/20250813=114452_mimo5s_part0.csv,0,2,1,11,1.340647,0.018310999999999994,0.33169999999999994,0.47741,0,7.459085053709142,5,11,1.025137,1.339513,0.7646584074704229,1.0,1
348,/home/test/bupt_hjk/sdp_dataset/elderAL/action1_walk_new/user2_position9_activity1/20250813=123122_mimo5s_part0.csv,2,9,1,25,5.171107999999999,0.157767,0.5082878000000002,0.94849,1,4.641171679261002,5,11,1.897386,2.4747896000000003,0.36692059032609653,0.44,0
349,/home/test/bupt_hjk/sdp_dataset/elderAL/action1_walk_new/user2_position9_activity1/20250813=123110_mimo5s_part0.csv,2,9,1,32,7.702928999999999,0.021542000000000075,0.42626610000000087,3.562041,1,4.024443169604705,5,11,1.5001414999999998,5.535466700000001,0.1947494907456631,0.34375,0
350,/home/test/bupt_hjk/sdp_dataset/elderAL/action1_walk_new/user0_position2_activity1/20250813=114341_mimo5s_part0.csv,0,2,1,7,8.65017,0.4740229999999994,3.822947,4.633037,0,0.6936279865019994,5,11,8.65017,8.65017,1.0,1.0,1
351,/home/test/bupt_hjk/sdp_dataset/elderAL/action1_walk_new/user2_position6_activity1/20250813=121041_mimo5s_part0.csv,2,6,1,4,1.733377,0.342492,1.0900632000000001,1.276956,0,1.730725629796634,5,11,1.733377,1.733377,1.0,1.0,1
352,/home/test/bupt_hjk/sdp_dataset/elderAL/action1_walk_new/user2_position6_activity1/20250813=121059_mimo5s_part0.csv,2,6,1,7,5.342620999999999,0.4632169999999999,2.0525975,2.5911769999999996,0,1.123044288561738,5,11,5.342620999999999,5.342620999999999,1.0,1.0,1
353,/home/test/bupt_hjk/sdp_dataset/elderAL/action1_walk_new/user0_position2_activity1/20250813=114416_mimo5s_part0.csv,0,2,1,12,4.941611,0.32464450000000006,0.9552678000000001,1.4983709999999997,1,2.2259947211547004,5,11,2.762569,4.6962472,0.5590421828023291,0.9166666666666666,0
354,/home/test/bupt_hjk/sdp_dataset/elderAL/action1_walk_new/user2_position6_activity1/20250813=120955_mimo5s_part0.csv,2,6,1,7,4.632972,0.4590215000000001,1.7878854999999998,2.045187,0,1.295065025214916,5,11,4.632972,4.632972,1.0,1.0,1
355,/home/test/bupt_hjk/sdp_dataset/elderAL/action1_walk_new/user0_position2_activity1/20250813=114347_mimo5s_part0.csv,0,2,1,29,4.742133,0.01265100000000019,0.2999599000000001,2.3915029999999997,0,5.904515963596972,5,11,0.6091869999999999,3.8310101999999997,0.12846265593984815,0.3793103448275862,0
356,/home/test/bupt_hjk/sdp_dataset/elderAL/action1_walk_new/user2_position6_activity1/20250813=120943_mimo5s_part0.csv,2,6,1,8,4.274426,0.7014330000000002,1.267056,1.487924,1,1.6376467857906536,5,11,4.109931,4.274426,0.9615164702816237,1.0,1
357,/home/test/bupt_hjk/sdp_dataset/elderAL/action1_walk_new/user2_position6_activity1/20250813=121024_mimo5s_part0.csv,2,6,1,7,3.989487,0.6993475,1.0674545,1.295595,0,1.503952763851593,5,11,3.989487,3.989487,1.0,1.0,1
358,/home/test/bupt_hjk/sdp_dataset/elderAL/action1_walk_new/user2_position6_activity1/20250813=121030_mimo5s_part0.csv,2,6,1,8,5.11984,0.34188399999999985,1.9149128000000002,2.046323,0,1.3672302259445608,5,11,5.119046,5.11984,0.9998449170286572,1.0,1
359,/home/test/bupt_hjk/sdp_dataset/elderAL/action1_walk_new/user2_position6_activity1/20250813=120936_mimo5s_part0.csv,2,6,1,14,8.417679999999999,0.176442,2.137584600000001,3.9400960000000005,0,1.5443685195920969,5,11,4.6843794999999995,7.9529800999999996,0.5564929410478897,0.7857142857142857,0
360,/home/test/bupt_hjk/sdp_dataset/elderAL/action1_walk_new/user2_position5_activity1/20250813=151940_mimo5s_part0.csv,2,5,1,4,4.638408,0.19701500000000038,3.5890814,4.437098,0,0.6467736344021483,5,11,4.638408,4.638408,1.0,1.0,1
361,/home/test/bupt_hjk/sdp_dataset/elderAL/action1_walk_new/user2_position6_activity1/20250813=121007_mimo5s_part0.csv,2,6,1,7,4.411017,0.2876335,1.8943889999999999,3.068578,0,1.3602305318705414,5,11,4.411017,4.411017,1.0,1.0,1
362,/home/test/bupt_hjk/sdp_dataset/elderAL/action1_walk_new/user2_position6_activity1/20250813=121013_mimo5s_part0.csv,2,6,1,7,3.274677,0.29638949999999986,1.3192535,2.255118,0,1.832241775295701,5,11,3.274677,3.274677,1.0,1.0,1
363,/home/test/bupt_hjk/sdp_dataset/elderAL/action1_walk_new/user2_position5_activity1/20250813=152032_mimo5s_part0.csv,2,5,1,3,1.5118749999999999,0.7559374999999999,0.9844771,1.041612,0,1.3228606862339811,5,11,1.5118749999999999,1.5118749999999999,1.0,1.0,1
364,/home/test/bupt_hjk/sdp_dataset/elderAL/action1_walk_new/user2_position6_activity1/20250813=120949_mimo5s_part0.csv,2,6,1,17,4.463463,0.07999750000000018,0.42893749999999986,2.568535,0,3.5846606099344838,5,11,3.4693509999999996,4.0412159999999995,0.7772778669835506,0.6470588235294118,0
365,/home/test/bupt_hjk/sdp_dataset/elderAL/action1_walk_new/user2_position5_activity1/20250813=152003_mimo5s_part0.csv,2,5,1,4,5.533208999999999,1.035498,3.5461548,4.173819,0,0.5421808574373389,5,11,5.533208999999999,5.533208999999999,1.0,1.0,1
366,/home/test/bupt_hjk/sdp_dataset/elderAL/action1_walk_new/user2_position5_activity1/20250813=151945_mimo5s_part0.csv,2,5,1,3,1.724411,0.8622055,1.1501674999999998,1.2221579999999999,0,1.1598163082930926,5,11,1.724411,1.724411,1.0,1.0,1
367,/home/test/bupt_hjk/sdp_dataset/elderAL/action1_walk_new/user2_position6_activity1/20250813=121036_mimo5s_part0.csv,2,6,1,12,6.211310999999999,0.29702649999999986,1.5979022999999997,2.23893,1,1.7709626840452846,5,11,4.4485589999999995,6.179174,0.7162029078885279,0.9166666666666666,0
368,/home/test/bupt_hjk/sdp_dataset/elderAL/action1_walk_new/user2_position5_activity1/20250813=152020_mimo5s_part0.csv,2,5,1,4,3.6864299999999997,0.793233,2.210673,2.5650329999999997,0,0.8137954606489206,5,11,3.6864299999999997,3.6864299999999997,1.0,1.0,1
369,/home/test/bupt_hjk/sdp_dataset/elderAL/action1_walk_new/user2_position6_activity1/20250813=121053_mimo5s_part0.csv,2,6,1,19,3.8315889999999997,0.09142149999999993,0.7327560000000002,1.2809339999999998,2,4.697789872556791,5,11,1.286407,2.6177247999999995,0.33573720981034244,0.5789473684210527,0
370,/home/test/bupt_hjk/sdp_dataset/elderAL/action1_walk_new/user2_position5_activity1/20250813=152015_mimo5s_part0.csv,2,5,1,7,4.506068,0.38745399999999997,1.6941970000000002,2.182576,0,1.331537828545863,5,11,4.506068,4.506068,1.0,1.0,1
371,/home/test/bupt_hjk/sdp_dataset/elderAL/action1_walk_new/user2_position5_activity1/20250813=152101_mimo5s_part0.csv,2,5,1,4,3.347813,0.9678559999999999,1.7586968,1.956407,0,0.8961073990691834,5,11,3.347813,3.347813,1.0,1.0,1
372,/home/test/bupt_hjk/sdp_dataset/elderAL/action1_walk_new/user2_position5_activity1/20250813=152055_mimo5s_part0.csv,2,5,1,14,4.191857,0.20300200000000013,0.3195337999999998,2.296336,0,3.1012508298827943,5,11,2.2353235,3.5359032,0.5332537584178086,0.7857142857142857,0
373,/home/test/bupt_hjk/sdp_dataset/elderAL/action1_walk_new/user2_position5_activity1/20250813=152009_mimo5s_part0.csv,2,5,1,7,4.988568,0.11748999999999976,2.35838,4.502948,0,1.202749967525751,5,11,4.988568,4.988568,1.0,1.0,1
374,/home/test/bupt_hjk/sdp_dataset/elderAL/action1_walk_new/user0_position9_activity1/20250813=122658_mimo5s_part0.csv,0,9,1,4,3.207375,0.166422,2.3350436,2.877199,0,0.935344323629136,5,11,3.207375,3.207375,1.0,1.0,1
375,/home/test/bupt_hjk/sdp_dataset/elderAL/action1_walk_new/user2_position5_activity1/20250813=152043_mimo5s_part0.csv,2,5,1,11,4.528839,0.3305,1.0365033,1.2570239999999997,0,2.208071428461025,5,11,3.842904,4.511628999999999,0.8485406524718587,1.0,1
376,/home/test/bupt_hjk/sdp_dataset/elderAL/action1_walk_new/user2_position5_activity1/20250813=152026_mimo5s_part0.csv,2,5,1,7,4.44853,0.48308650000000003,1.4241285000000001,2.158643,0,1.3487601522300625,5,11,4.44853,4.44853,1.0,1.0,1
377,/home/test/bupt_hjk/sdp_dataset/elderAL/action1_walk_new/user2_position5_activity1/20250813=151957_mimo5s_part0.csv,2,5,1,7,3.9656379999999998,0.34505699999999995,1.6318154999999999,2.5907329999999997,0,1.512997404200787,5,11,3.9656379999999998,3.9656379999999998,1.0,1.0,1
378,/home/test/bupt_hjk/sdp_dataset/elderAL/action1_walk_new/user2_position6_activity1/20250813=121019_mimo5s_part0.csv,2,6,1,21,4.730462,0.2075955000000001,0.5628519,0.6861199999999998,0,4.2279168504048865,5,11,2.056772,2.897565,0.43479304981204797,0.5238095238095238,0
379,/home/test/bupt_hjk/sdp_dataset/elderAL/action1_walk_new/user2_position6_activity1/20250813=121047_mimo5s_part0.csv,2,6,1,31,7.449027,0.04019050000000002,0.7347797000000006,2.7623629999999997,0,4.027371628536184,5,11,1.0759439999999998,5.166405999999999,0.14444087798312447,0.3548387096774194,0
380,/home/test/bupt_hjk/sdp_dataset/elderAL/action1_walk_new/user2_position5_activity1/20250813=152049_mimo5s_part0.csv,2,5,1,17,6.674443999999999,0.16408900000000015,1.294671,2.0883109999999996,0,2.3972034224873267,5,11,3.757507,5.917458,0.5629692900262554,0.6470588235294118,0
381,/home/test/bupt_hjk/sdp_dataset/elderAL/action1_walk_new/user0_position9_activity1/20250813=122721_mimo5s_part0.csv,0,9,1,8,6.438682999999999,0.7294854999999996,2.3248789999999997,3.0309239999999997,1,1.0871788531909399,5,11,6.264278999999999,6.438682999999999,0.9729130941840125,1.0,1
382,/home/test/bupt_hjk/sdp_dataset/elderAL/action1_walk_new/user0_position9_activity1/20250813=122745_mimo5s_part0.csv,0,9,1,7,3.4291449999999997,0.15330949999999977,1.5503075,2.374692,0,1.7497072885515195,5,11,3.4291449999999997,3.4291449999999997,1.0,1.0,1
383,/home/test/bupt_hjk/sdp_dataset/elderAL/action1_walk_new/user2_position5_activity1/20250813=151951_mimo5s_part0.csv,2,5,1,17,8.381293,0.09876299999999993,1.1540775000000005,4.689016,0,1.9090133228846673,5,11,2.7837809999999994,6.0849838,0.33214218856207506,0.6470588235294118,0
384,/home/test/bupt_hjk/sdp_dataset/elderAL/action1_walk_new/user0_position9_activity1/20250813=122646_mimo5s_part0.csv,0,9,1,7,4.97399,0.6305880000000001,1.645829,2.45243,0,1.2062750427725026,5,11,4.97399,4.97399,1.0,1.0,1
385,/home/test/bupt_hjk/sdp_dataset/elderAL/action1_walk_new/user0_position9_activity1/20250813=122727_mimo5s_part0.csv,0,9,1,7,5.692588,1.0131774999999998,1.6129855,1.766146,0,1.0540021515697255,5,11,5.692588,5.692588,1.0,1.0,1
386,/home/test/bupt_hjk/sdp_dataset/elderAL/action1_walk_new/user0_position9_activity1/20250813=122716_mimo5s_part0.csv,0,9,1,3,0.8217,0.41085,0.730666,0.81062,0,2.4339783375927952,5,11,0.8217,0.8217,1.0,1.0,1
387,/home/test/bupt_hjk/sdp_dataset/elderAL/action1_walk_new/user2_position5_activity1/20250813=152037_mimo5s_part0.csv,2,5,1,21,4.977999,0.03950649999999989,0.6403908000000005,2.4795289999999994,0,4.0176785893287645,5,11,2.029102,2.868471,0.40761398304820873,0.5238095238095238,0
388,/home/test/bupt_hjk/sdp_dataset/elderAL/action1_walk_new/user0_position9_activity1/20250813=122709_mimo5s_part0.csv,0,9,1,11,5.506609999999999,0.23926650000000005,0.9482397999999991,3.160996,0,1.815999317184257,5,11,3.717545,5.177455999999999,0.6751059181601748,1.0,1
389,/home/test/bupt_hjk/sdp_dataset/elderAL/action1_walk_new/user0_position9_activity1/20250813=122640_mimo5s_part0.csv,0,9,1,8,4.406537999999999,0.5833109999999999,1.4575155,2.118112,1,1.5885486520256948,5,11,4.18235,4.406537999999999,0.9491237792570948,1.0,1
390,/home/test/bupt_hjk/sdp_dataset/elderAL/action3_sleep_new/user1_position9_activity3/20250813=194226_mimo5s_part0.csv,1,9,3,11,5.175104,0.37684100000000015,0.9226979999999996,1.4895899999999997,0,1.9323283164937362,5,11,3.639817,5.000945,0.703332145595528,1.0,1
391,/home/test/bupt_hjk/sdp_dataset/elderAL/action1_walk_new/user0_position9_activity1/20250813=122733_mimo5s_part0.csv,0,9,1,11,5.0016099999999994,0.30201699999999976,1.4595700999999996,1.840442,0,1.9993562073012492,5,11,4.028417,4.932359,0.8054240534547876,1.0,1
392,/home/test/bupt_hjk/sdp_dataset/elderAL/action1_walk_new/user0_position2_activity1/20250813=114353_mimo5s_part0.csv,0,2,1,41,4.842887,0.02091900000000002,0.3691331999999998,0.7534259999999997,0,8.25953609902523,5,11,1.081362,1.5336619999999996,0.223288711877853,0.2682926829268293,0
393,/home/test/bupt_hjk/sdp_dataset/elderAL/action1_walk_new/user0_position9_activity1/20250813=122634_mimo5s_part0.csv,0,9,1,11,3.630387,0.17271100000000006,0.8095894000000002,1.6743789999999998,1,2.7545272721613427,5,11,2.366529,3.62004,0.651866867086071,1.0,1
394,/home/test/bupt_hjk/sdp_dataset/elderAL/action1_walk_new/user0_position9_activity1/20250813=122739_mimo5s_part0.csv,0,9,1,11,5.874885,0.24160100000000007,1.4865519999999994,2.016139,0,1.702160978470217,5,11,4.9964759999999995,5.862921,0.8504806477062955,1.0,1
395,/home/test/bupt_hjk/sdp_dataset/elderAL/action1_walk_new/user0_position9_activity1/20250813=122704_mimo5s_part0.csv,0,9,1,11,7.103457,0.32531299999999985,1.8381091999999999,2.1814430000000002,0,1.4077652613368392,5,11,3.9256379999999997,6.78967,0.5526376804983827,1.0,1
396,/home/test/bupt_hjk/sdp_dataset/elderAL/action1_walk_new/user0_position9_activity1/20250813=122652_mimo5s_part0.csv,0,9,1,19,9.253696999999999,0.1467420000000006,2.0118008,2.8660509999999997,1,1.9451685094076456,5,11,3.9646669999999995,5.1647646,0.4284414110382045,0.5789473684210527,0
397,/home/test/bupt_hjk/sdp_dataset/elderAL/action1_walk_new/user0_position9_activity1/20250813=122750_mimo5s_part0.csv,0,9,1,21,2.763166,0.03631949999999996,0.46332289999999987,0.572445,0,7.238074006411486,5,11,1.139027,1.683378,0.4122180860650428,0.5238095238095238,0
398,/home/test/bupt_hjk/sdp_dataset/elderAL/action1_walk_new/user0_position9_activity1/20250813=122627_mimo5s_part0.csv,0,9,1,18,4.926536,0.08482650000000035,0.586187,2.476711,1,3.450700451595198,5,11,3.3189265,4.3366579,0.6736835983741923,0.6111111111111112,0
399,/home/test/bupt_hjk/sdp_dataset/elderAL/action3_sleep_new/user1_position9_activity3/20250813=194303_mimo5s_part0.csv,1,9,3,14,5.913837,0.207388,1.0948694000000005,2.7815429999999997,0,2.198234411939321,5,11,3.9949719999999997,5.2320367999999995,0.6755296096256964,0.7857142857142857,0
400,/home/test/bupt_hjk/sdp_dataset/elderAL/action3_sleep_new/user1_position9_activity3/20250813=194207_mimo5s_part0.csv,1,9,3,14,5.450196,0.37390849999999975,0.7677119,1.511415,1,2.3852353199774834,5,11,3.3101570000000002,3.9859782,0.6073464146977466,0.7857142857142857,0
401,/home/test/bupt_hjk/sdp_dataset/elderAL/action3_sleep_new/user1_position9_activity3/20250813=194235_mimo5s_part0.csv,1,9,3,11,4.263132,0.2939320000000003,1.3056736,1.4695919999999998,1,2.345693260260297,5,11,3.1859919999999997,3.858437,0.7473359961643223,1.0,1
402,/home/test/bupt_hjk/sdp_dataset/elderAL/action3_sleep_new/user1_position9_activity3/20250813=194313_mimo5s_part0.csv,1,9,3,15,4.925568,0.25932,0.7912950000000003,1.408409,1,2.8423117902341413,5,11,2.5281320000000003,3.0215626,0.5132670993477301,0.7333333333333333,0
403,/home/test/bupt_hjk/sdp_dataset/elderAL/action3_sleep_new/user1_position9_activity3/20250813=194245_mimo5s_part0.csv,1,9,3,24,5.423991,0.05256300000000014,0.8210166000000002,1.429306,0,4.24042001544619,5,11,0.8515479999999997,4.099986899999999,0.15699657318752921,0.4583333333333333,0
404,/home/test/bupt_hjk/sdp_dataset/elderAL/action3_sleep_new/user1_position9_activity3/20250813=194130_mimo5s_part0.csv,1,9,3,21,4.799449,0.20206900000000005,0.46811000000000014,0.8278019999999997,1,4.167145020188776,5,11,2.0219250000000004,2.9752849999999995,0.42128273474725964,0.5238095238095238,0
405,/home/test/bupt_hjk/sdp_dataset/elderAL/action3_sleep_new/user1_position9_activity3/20250813=194217_mimo5s_part0.csv,1,9,3,25,4.014495999999999,0.08544700000000027,0.33505179999999984,0.706545,1,5.97833451571505,5,11,1.422945,2.3105420000000003,0.35445171697767297,0.44,0
406,/home/test/bupt_hjk/sdp_dataset/elderAL/action3_sleep_new/user1_position9_activity3/20250813=194322_mimo5s_part0.csv,1,9,3,15,4.915627,0.21467400000000003,0.7247315999999997,1.935707,1,2.848059871100879,5,11,3.145425,3.8178401999999996,0.6398827657183915,0.7333333333333333,0
407,/home/test/bupt_hjk/sdp_dataset/elderAL/action3_sleep_new/user1_position9_activity3/20250813=194157_mimo5s_part0.csv,1,9,3,22,5.080833,0.261204,0.5800831999999999,0.592797,2,4.1331805237448265,5,11,2.146622,2.6616841000000004,0.4224941067734365,0.5,0
408,/home/test/bupt_hjk/sdp_dataset/elderAL/action3_sleep_new/user1_position9_activity3/20250813=194139_mimo5s_part0.csv,1,9,3,18,2.839244,0.10319650000000002,0.39163349999999997,0.7446839999999999,1,5.987509351080781,5,11,1.1970885,1.6180576000000002,0.42162226987183915,0.6111111111111112,0
409,/home/test/bupt_hjk/sdp_dataset/elderAL/action3_sleep_new/user2_position8_activity3/20250813=193315_mimo5s_part0.csv,2,8,3,15,4.808612,0.1753670000000005,0.7920336000000002,1.497057,1,2.911443052589812,5,11,2.7562360000000004,3.6571232,0.5731874395355666,0.7333333333333333,0
410,/home/test/bupt_hjk/sdp_dataset/elderAL/action3_sleep_new/user1_position9_activity3/20250813=194332_mimo5s_part0.csv,1,9,3,28,3.2889899999999996,0.039910999999999974,0.27005749999999995,1.0993689999999998,1,8.20920708180931,5,11,0.738571,1.8201293999999997,0.2245586030969994,0.39285714285714285,0
411,/home/test/bupt_hjk/sdp_dataset/elderAL/action3_sleep_new/user1_position9_activity3/20250813=194254_mimo5s_part0.csv,1,9,3,17,3.527126,0.10261000000000009,0.6028210000000002,0.8613969999999999,0,4.536271173754496,5,11,1.688253,2.1366422000000003,0.47864833861903433,0.6470588235294118,0
412,/home/test/bupt_hjk/sdp_dataset/elderAL/action3_sleep_new/user2_position8_activity3/20250813=193507_mimo5s_part0.csv,2,8,3,14,4.995277,0.24723549999999994,0.7823717,1.994565,1,2.6024582820932656,5,11,2.7794045,4.4160653000000005,0.556406481562484,0.7857142857142857,0
413,/home/test/bupt_hjk/sdp_dataset/elderAL/action3_sleep_new/user2_position8_activity3/20250813=193457_mimo5s_part0.csv,2,8,3,17,3.80484,0.11779500000000004,0.4613265,1.381779,0,4.205170256830773,5,11,2.296988,3.1406878,0.6037016011185753,0.6470588235294118,0
414,/home/test/bupt_hjk/sdp_dataset/elderAL/action3_sleep_new/user2_position8_activity3/20250813=193518_mimo5s_part0.csv,2,8,3,14,5.290627,0.2596020000000001,0.7980498,1.4746169999999998,0,2.4571756806896423,5,11,3.216938,4.1137724,0.6080447553758751,0.7857142857142857,0
415,/home/test/bupt_hjk/sdp_dataset/elderAL/action3_sleep_new/user2_position8_activity3/20250813=193436_mimo5s_part0.csv,2,8,3,15,4.5591159999999995,0.2866299999999997,0.750484,0.8156000000000001,1,3.070770737134129,5,11,3.127939,4.0120244,0.6860845391957564,0.7333333333333333,0
416,/home/test/bupt_hjk/sdp_dataset/elderAL/action3_sleep_new/user2_position8_activity3/20250813=193407_mimo5s_part0.csv,2,8,3,18,5.185261,0.17629550000000016,0.7633670000000001,1.478084,1,3.2785234918743726,5,11,2.706137,3.9257517999999996,0.5218902192194376,0.6111111111111112,0
417,/home/test/bupt_hjk/sdp_dataset/elderAL/action3_sleep_new/user2_position8_activity3/20250813=193325_mimo5s_part0.csv,2,8,3,31,5.154679,0.07392150000000022,0.3485901999999998,1.5706309999999997,0,5.8199550350274,5,11,1.5159429999999998,2.982474,0.29409066985548465,0.3548387096774194,0
418,/home/test/bupt_hjk/sdp_dataset/elderAL/action3_sleep_new/user2_position8_activity3/20250813=193336_mimo5s_part0.csv,2,8,3,22,5.346759,0.18089900000000037,0.6389672000000002,1.440632,1,3.92761297077351,5,11,2.218972,2.5151518,0.41501253376110653,0.5,0
419,/home/test/bupt_hjk/sdp_dataset/elderAL/action3_sleep_new/user2_position8_activity3/20250813=193356_mimo5s_part0.csv,2,8,3,30,4.9631039999999995,0.10483299999999995,0.42425919999999984,0.45184099999999994,0,5.843117532898767,5,11,1.5060014999999998,2.0661042,0.3034394403179945,0.36666666666666664,0
420,/home/test/bupt_hjk/sdp_dataset/elderAL/action3_sleep_new/user2_position8_activity3/20250813=193447_mimo5s_part0.csv,2,8,3,28,1.962465,0.02738600000000002,0.1715536000000001,0.38863899999999996,0,13.75820715273903,5,11,0.621522,0.8008519999999999,0.31670475651795066,0.39285714285714285,0
421,/home/test/bupt_hjk/sdp_dataset/elderAL/action3_sleep_new/user1_position2_activity3/20250813=183933_mimo5s_part0.csv,1,2,3,15,4.618907999999999,0.28494699999999984,0.7190454000000001,1.5039559999999996,1,3.0310194530828505,5,11,2.2595219999999996,3.333777799999999,0.4891896526191905,0.7333333333333333,0
422,/home/test/bupt_hjk/sdp_dataset/elderAL/action3_sleep_new/user2_position8_activity3/20250813=193305_mimo5s_part0.csv,2,8,3,38,7.172757,0.007401999999999909,0.7934994999999998,1.573742,1,5.158407011418343,5,11,0.23045949999999982,4.771113700000001,0.032129835152647696,0.2894736842105263,0
423,/home/test/bupt_hjk/sdp_dataset/elderAL/action3_sleep_new/user1_position2_activity3/20250813=184103_mimo5s_part0.csv,1,2,3,15,4.768276,0.094775,1.2478250000000006,1.8353609999999998,1,2.936071653570389,5,11,2.5025280000000003,3.994647599999999,0.5248286802190142,0.7333333333333333,0
424,/home/test/bupt_hjk/sdp_dataset/elderAL/action3_sleep_new/user1_position2_activity3/20250813=184053_mimo5s_part0.csv,1,2,3,20,4.574079,0.20638000000000023,0.5649814000000004,1.1576739999999999,0,4.15384168047819,5,11,2.2191405,2.4897129000000002,0.4851557001966953,0.55,0
425,/home/test/bupt_hjk/sdp_dataset/elderAL/action3_sleep_new/user1_position2_activity3/20250813=184114_mimo5s_part0.csv,1,2,3,18,5.684673,0.24985999999999992,0.7557580000000004,1.4577439999999995,1,2.9904974305470167,5,11,2.5682755,3.1958301000000002,0.4517894872756973,0.6111111111111112,0
426,/home/test/bupt_hjk/sdp_dataset/elderAL/action3_sleep_new/user2_position8_activity3/20250813=193255_mimo5s_part0.csv,2,8,3,36,4.492115,0.03754900000000028,0.3583969999999999,0.766937,0,7.791430094732659,5,11,1.0019159999999998,2.405074,0.22303881356554758,0.3055555555555556,0
427,/home/test/bupt_hjk/sdp_dataset/elderAL/action3_sleep_new/user1_position9_activity3/20250813=194343_mimo5s_part0.csv,1,9,3,47,4.978256,0.033716499999999705,0.25973349999999995,0.6916390000000001,0,9.240183710922057,5,11,0.8912079999999998,1.5425441999999996,0.17902012270963963,0.23404255319148937,0
428,/home/test/bupt_hjk/sdp_dataset/elderAL/action3_sleep_new/user1_position9_activity3/20250813=194148_mimo5s_part0.csv,1,9,3,50,4.961708,0.05735700000000005,0.22928250000000025,0.783652,1,9.875631536559588,5,11,0.6425509999999999,1.8840194000000001,0.1295019779479163,0.22,0
429,/home/test/bupt_hjk/sdp_dataset/elderAL/action3_sleep_new/user1_position2_activity3/20250813=183943_mimo5s_part0.csv,1,2,3,14,5.08433,0.08544000000000018,1.2512210000000001,1.4646469999999998,0,2.5568757338725066,5,11,2.7270224999999995,4.6663437,0.536358281228795,0.7857142857142857,0
430,/home/test/bupt_hjk/sdp_dataset/elderAL/action3_sleep_new/user1_position2_activity3/20250813=184023_mimo5s_part0.csv,1,2,3,18,4.627369,0.20350500000000005,0.7597995,0.992448,1,3.6737938988656405,5,11,2.099034,2.6820296,0.453612841335973,0.6111111111111112,0
431,/home/test/bupt_hjk/sdp_dataset/elderAL/action3_sleep_new/user1_position2_activity3/20250813=184123_mimo5s_part0.csv,1,2,3,15,5.732362,0.18914399999999976,0.7945360000000001,2.748294,1,2.4422742318088075,5,11,2.108591,4.6034502,0.3678398189088547,0.7333333333333333,0
432,/home/test/bupt_hjk/sdp_dataset/elderAL/action3_sleep_new/user1_position2_activity3/20250813=184033_mimo5s_part0.csv,1,2,3,18,5.866385999999999,0.22563099999999991,0.5903192,2.048802,0,2.897865909266796,5,11,3.6548295,4.1665759,0.6230121066019182,0.6111111111111112,0
433,/home/test/bupt_hjk/sdp_dataset/elderAL/action3_sleep_new/user2_position8_activity3/20250813=193417_mimo5s_part0.csv,2,8,3,51,4.091851,0.017604000000000064,0.25915640000000006,0.760383,0,12.219408771238248,5,11,0.622085,1.4523220000000001,0.1520302181091149,0.21568627450980393,0
434,/home/test/bupt_hjk/sdp_dataset/elderAL/action3_sleep_new/user1_position2_activity3/20250813=184143_mimo5s_part0.csv,1,2,3,30,5.904023,0.0747589999999998,0.3935569999999998,1.280793,0,4.911904984109988,5,11,1.1064944999999997,3.5247686000000003,0.18741364998069956,0.36666666666666664,0
435,/home/test/bupt_hjk/sdp_dataset/elderAL/action3_sleep_new/user1_position2_activity3/20250813=184003_mimo5s_part0.csv,1,2,3,22,4.994502,0.21374400000000016,0.6120681999999996,0.7851759999999999,2,4.204623403894923,5,11,2.0342235,2.4870701,0.407292558897764,0.5,0
436,/home/test/bupt_hjk/sdp_dataset/elderAL/action3_sleep_new/user1_position2_activity3/20250813=183953_mimo5s_part0.csv,1,2,3,25,5.3409249999999995,0.019245999999999874,0.44938880000000003,1.594494,1,4.493603636074276,5,11,1.779242,3.7976084,0.3331336800273361,0.44,0
437,/home/test/bupt_hjk/sdp_dataset/elderAL/action3_sleep_new/user1_position2_activity3/20250813=184043_mimo5s_part0.csv,1,2,3,24,5.023791999999999,0.07499100000000025,0.5624090000000002,1.1980229999999998,0,4.578215021641024,5,11,1.8867794999999998,3.9350171999999994,0.37556879345323213,0.4583333333333333,0
438,/home/test/bupt_hjk/sdp_dataset/elderAL/action3_sleep_new/user0_position1_activity3/20250813=182727_mimo5s_part0.csv,0,1,3,14,4.732277,0.18007599999999968,0.7149606000000001,2.0345969999999998,0,2.7470919390390716,5,11,3.5704115,3.9356908999999995,0.7544806654386462,0.7857142857142857,0
439,/home/test/bupt_hjk/sdp_dataset/elderAL/action3_sleep_new/user0_position1_activity3/20250813=182814_mimo5s_part0.csv,0,1,3,7,5.328729,0.38145549999999995,2.068732,2.776839,0,1.1259720657590206,5,11,5.328729,5.328729,1.0,1.0,1
440,/home/test/bupt_hjk/sdp_dataset/elderAL/action3_sleep_new/user0_position1_activity3/20250813=182755_mimo5s_part0.csv,0,1,3,21,5.1513979999999995,0.10098800000000008,0.7723717999999998,1.780376,1,3.882441232457675,5,11,2.0450569999999995,4.017536,0.3969906809763097,0.5238095238095238,0
441,/home/test/bupt_hjk/sdp_dataset/elderAL/action3_sleep_new/user0_position1_activity3/20250813=182805_mimo5s_part0.csv,0,1,3,15,5.471289,0.2996059999999998,0.8705262000000001,1.69011,1,2.558812009382067,5,11,3.452407,4.5950842,0.6310043209196224,0.7333333333333333,0
442,/home/test/bupt_hjk/sdp_dataset/elderAL/action3_sleep_new/user0_position1_activity3/20250813=182823_mimo5s_part0.csv,0,1,3,15,5.893428,0.26343400000000017,1.0149850000000005,2.437309,1,2.3755274519345955,5,11,3.125392,5.2218244,0.5303181781469122,0.7333333333333333,0
443,/home/test/bupt_hjk/sdp_dataset/elderAL/action3_sleep_new/user0_position1_activity3/20250813=182736_mimo5s_part0.csv,0,1,3,10,4.624993,0.394436,1.0968977999999998,1.188145,0,1.9459488911658893,5,11,3.271134,4.624993,0.7072732866838933,1.0,1
444,/home/test/bupt_hjk/sdp_dataset/elderAL/action3_sleep_new/user1_position2_activity3/20250813=184013_mimo5s_part0.csv,1,2,3,31,5.667762,0.09224800000000033,0.5261085999999998,1.6763279999999998,2,5.293094523023374,5,11,1.903679,2.6606229999999997,0.33587842961648706,0.3548387096774194,0
445,/home/test/bupt_hjk/sdp_dataset/elderAL/action3_sleep_new/user0_position1_activity3/20250813=182900_mimo5s_part0.csv,0,1,3,20,2.983994,0.07522099999999998,0.3684203999999999,0.7037739999999999,0,6.36730502809322,5,11,1.472302,1.6878328000000002,0.49339978565640547,0.55,0
446,/home/test/bupt_hjk/sdp_dataset/elderAL/action3_sleep_new/user1_position2_activity3/20250813=183924_mimo5s_part0.csv,1,2,3,21,4.61548,0.152945,0.35611140000000063,1.492778,0,4.333243779628554,5,11,1.4223489999999999,3.1297940000000004,0.3081692478355447,0.5238095238095238,0
447,/home/test/bupt_hjk/sdp_dataset/elderAL/action3_sleep_new/user1_position2_activity3/20250813=184133_mimo5s_part0.csv,1,2,3,34,5.359274,0.092117,0.3747862000000001,1.2130359999999998,0,6.157550444332572,5,11,1.317981,2.4451244999999995,0.24592528764157234,0.3235294117647059,0
448,/home/test/bupt_hjk/sdp_dataset/elderAL/action3_sleep_new/user0_position1_activity3/20250813=182842_mimo5s_part0.csv,0,1,3,12,4.197303,0.22707199999999983,1.1678296000000001,1.2908379999999997,1,2.620730502420245,5,11,3.5102965,4.147269499999999,0.8363219190990024,0.9166666666666666,0
449,/home/test/bupt_hjk/sdp_dataset/elderAL/action3_sleep_new/user2_position8_activity3/20250813=193346_mimo5s_part0.csv,2,8,3,61,5.5152019999999995,0.009860000000000646,0.2669438000000002,1.090836,1,10.879021294233649,5,11,0.6796659999999992,1.845542,0.12323501478277664,0.18032786885245902,0
450,/home/test/bupt_hjk/sdp_dataset/elderAL/action3_sleep_new/user0_position1_activity3/20250813=182718_mimo5s_part0.csv,0,1,3,29,5.000476,0.128147,0.4009858,0.9448070000000004,1,5.599466930748193,5,11,1.128511,2.8749744,0.22568071519591337,0.3793103448275862,0
451,/home/test/bupt_hjk/sdp_dataset/elderAL/action3_sleep_new/user0_position1_activity3/20250813=182909_mimo5s_part0.csv,0,1,3,24,4.921689,0.0853130000000002,0.3033344,2.014694,0,4.67319247518484,5,11,0.9356904999999998,3.4638493999999995,0.1901157305957365,0.4583333333333333,0
452,/home/test/bupt_hjk/sdp_dataset/elderAL/action3_sleep_new/user0_position1_activity3/20250813=182708_mimo5s_part0.csv,0,1,3,17,4.914041999999999,0.25036650000000016,0.5842385000000001,1.638439,0,3.2559754271534516,5,11,2.388411,3.1733721999999998,0.4860379703714377,0.6470588235294118,0
453,/home/test/bupt_hjk/sdp_dataset/elderAL/action3_sleep_new/user1_position1_activity3/20250813=182408_mimo5s_part0.csv,1,1,3,15,4.916639,0.20483499999999966,0.8826314000000004,1.8646449999999999,1,2.8474736501907096,5,11,2.7785,3.5356506,0.565121824075349,0.7333333333333333,0
454,/home/test/bupt_hjk/sdp_dataset/elderAL/action3_sleep_new/user1_position1_activity3/20250813=182536_mimo5s_part0.csv,1,1,3,11,4.999206,0.49281500000000006,0.8118794999999999,1.2608490000000003,0,2.00031765044289,5,11,4.243735,4.613282,0.8488818024302259,1.0,1
455,/home/test/bupt_hjk/sdp_dataset/elderAL/action3_sleep_new/user1_position1_activity3/20250813=182419_mimo5s_part0.csv,1,1,3,17,4.969339,0.21143650000000003,0.6648035000000001,1.1531689999999999,0,3.2197441148611516,5,11,2.565404,3.6080612,0.5162465269525787,0.6470588235294118,0
456,/home/test/bupt_hjk/sdp_dataset/elderAL/action3_sleep_new/user0_position1_activity3/20250813=182746_mimo5s_part0.csv,0,1,3,31,5.378108999999999,0.04797899999999988,0.36232800000000004,1.2236719999999996,0,5.578168832204778,5,11,1.202563,2.4241849999999996,0.22360331484542248,0.3548387096774194,0
457,/home/test/bupt_hjk/sdp_dataset/elderAL/action3_sleep_new/user1_position1_activity3/20250813=182624_mimo5s_part0.csv,1,1,3,15,5.425856,0.37276,0.7879747999999999,0.8535249999999999,1,2.5802380306443813,5,11,3.24858,3.6947633999999994,0.5987221186850518,0.7333333333333333,0
458,/home/test/bupt_hjk/sdp_dataset/elderAL/action3_sleep_new/user1_position1_activity3/20250813=182428_mimo5s_part0.csv,1,1,3,21,5.388465,0.23308950000000006,0.5808250999999999,0.8768690000000001,0,3.7116321624061768,5,11,2.22784,2.678247,0.4134461298347489,0.5238095238095238,0
459,/home/test/bupt_hjk/sdp_dataset/elderAL/action3_sleep_new/user1_position1_activity3/20250813=182526_mimo5s_part0.csv,1,1,3,11,5.0121199999999995,0.2729069999999999,1.1345750999999995,2.065383,0,1.9951637231351207,5,11,3.6261519999999994,5.001118,0.7234766924973863,1.0,1
460,/home/test/bupt_hjk/sdp_dataset/elderAL/action3_sleep_new/user1_position1_activity3/20250813=182438_mimo5s_part0.csv,1,1,3,22,4.3434099999999995,0.13368649999999982,0.4700536,1.2491489999999996,1,4.834910818918776,5,11,1.7849394999999997,3.0515216000000005,0.4109534904602605,0.5,0
461,/home/test/bupt_hjk/sdp_dataset/elderAL/action3_sleep_new/user0_position1_activity3/20250813=182658_mimo5s_part0.csv,0,1,3,23,4.9927399999999995,0.14576049999999996,0.6959938000000001,0.7496029999999996,0,4.406398090026719,5,11,1.4832339999999995,2.7767571999999996,0.29707815748466765,0.4782608695652174,0
462,/home/test/bupt_hjk/sdp_dataset/elderAL/action3_sleep_new/user1_position1_activity3/20250813=182457_mimo5s_part0.csv,1,1,3,17,5.410102999999999,0.17075399999999963,0.8811704999999999,1.4847009999999998,0,2.9574298308183784,5,11,2.8216689999999995,4.479570799999999,0.5215555045809663,0.6470588235294118,0
463,/home/test/bupt_hjk/sdp_dataset/elderAL/action3_sleep_new/user0_position1_activity3/20250813=182851_mimo5s_part0.csv,0,1,3,54,5.093953,0.01811600000000002,0.20152840000000016,1.2262149999999998,0,10.404493327676953,5,11,0.7379664999999997,1.6492757000000002,0.1448710853830021,0.2037037037037037,0
464,/home/test/bupt_hjk/sdp_dataset/elderAL/action3_sleep_new/user0_position1_activity3/20250813=182833_mimo5s_part0.csv,0,1,3,34,5.001678,0.01610800000000001,0.3446584,1.4738549999999995,0,6.597785783091195,5,11,0.9383135,2.7774029999999996,0.18759974152674364,0.3235294117647059,0
465,/home/test/bupt_hjk/sdp_dataset/elderAL/action3_sleep_new/user1_position1_activity3/20250813=182555_mimo5s_part0.csv,1,1,3,17,3.331975,0.12484299999999998,0.5065609999999999,0.6948350000000003,0,4.801956797394938,5,11,1.7639209999999999,2.2217347999999997,0.5293920272511048,0.6470588235294118,0
466,/home/test/bupt_hjk/sdp_dataset/elderAL/action3_sleep_new/user1_position1_activity3/20250813=182546_mimo5s_part0.csv,1,1,3,25,4.646865,0.040348999999999746,0.36454160000000013,1.589251,1,5.164772378797318,5,11,1.0108390000000003,2.1680334,0.21753138944212932,0.44,0
467,/home/test/bupt_hjk/sdp_dataset/elderAL/action3_sleep_new/user1_position1_activity3/20250813=182605_mimo5s_part0.csv,1,1,3,11,3.608638,0.27624400000000005,0.6999305999999998,1.017483,0,2.7711286086329525,5,11,2.941512,3.490417,0.8151308055837133,1.0,1
468,/home/test/bupt_hjk/sdp_dataset/elderAL/action3_sleep_new/user2_position6_activity3/20250813=191132_mimo5s_part0.csv,2,6,3,18,4.910788999999999,0.1367879999999999,0.7845254999999999,1.7305770000000003,1,3.4617655126294373,5,11,2.4840859999999996,3.8740052000000005,0.505842543835624,0.6111111111111112,0
469,/home/test/bupt_hjk/sdp_dataset/elderAL/action3_sleep_new/user2_position6_activity3/20250813=191054_mimo5s_part0.csv,2,6,3,18,4.777686999999999,0.19974349999999985,0.7438225,1.396785,1,3.558207140819397,5,11,2.7198775,4.013457099999999,0.5692875025090594,0.6111111111111112,0
470,/home/test/bupt_hjk/sdp_dataset/elderAL/action3_sleep_new/user1_position1_activity3/20250813=182615_mimo5s_part0.csv,1,1,3,26,7.608211,0.1405460000000005,0.6340889999999997,2.759929,2,3.285923589658594,5,11,2.2619504999999998,4.5205695,0.297303860263602,0.4230769230769231,0
471,/home/test/bupt_hjk/sdp_dataset/elderAL/action3_sleep_new/user2_position6_activity3/20250813=191229_mimo5s_part0.csv,2,6,3,10,4.484213,0.3706649999999998,0.9416518000000003,1.641343,0,2.0070411463505415,5,11,4.0835815,4.484213,0.9106573438862071,1.0,1
472,/home/test/bupt_hjk/sdp_dataset/elderAL/action3_sleep_new/user1_position1_activity3/20250813=182516_mimo5s_part0.csv,1,1,3,21,5.880516,0.22169799999999962,0.6046406000000001,1.2510409999999998,0,3.4010620836674876,5,11,2.4285470000000005,3.941781,0.41298195600522136,0.5238095238095238,0
473,/home/test/bupt_hjk/sdp_dataset/elderAL/action3_sleep_new/user2_position6_activity3/20250813=191258_mimo5s_part0.csv,2,6,3,11,4.011474,0.25253,1.2100034,1.329545,1,2.492849261892262,5,11,3.388045,3.850885,0.844588547750777,1.0,1
474,/home/test/bupt_hjk/sdp_dataset/elderAL/action3_sleep_new/user1_position1_activity3/20250813=182447_mimo5s_part0.csv,1,1,3,28,3.1568959999999997,0.022283999999999943,0.2707484999999999,1.2559919999999998,1,8.552704935480929,5,11,0.5801894999999999,1.9739780999999998,0.1837848000060819,0.39285714285714285,0
475,/home/test/bupt_hjk/sdp_dataset/elderAL/action3_sleep_new/user2_position6_activity3/20250813=191210_mimo5s_part0.csv,2,6,3,14,4.700305,0.235327,1.0364710000000004,1.5019719999999999,0,2.7657779654724535,5,11,2.5523235,4.1157642999999995,0.5430123151582716,0.7857142857142857,0
476,/home/test/bupt_hjk/sdp_dataset/elderAL/action3_sleep_new/user1_position1_activity3/20250813=182507_mimo5s_part0.csv,1,1,3,32,4.68286,0.09368200000000027,0.3587425999999996,0.7632790000000003,2,6.619886137958427,5,11,1.571354,1.7825976,0.33555434072340407,0.34375,0
477,/home/test/bupt_hjk/sdp_dataset/elderAL/action3_sleep_new/user2_position6_activity3/20250813=191201_mimo5s_part0.csv,2,6,3,26,7.3305489999999995,0.19212699999999994,0.9878548000000006,1.593782,2,3.4103857705609775,5,11,2.420932,3.5533105,0.33025248177182914,0.4230769230769231,0
478,/home/test/bupt_hjk/sdp_dataset/elderAL/action3_sleep_new/user2_position6_activity3/20250813=191103_mimo5s_part0.csv,2,6,3,18,5.358613,0.17411200000000004,0.8500225000000001,1.9024419999999997,1,3.1724627249625974,5,11,2.5652229999999996,3.1008178,0.4787102558068664,0.6111111111111112,0
479,/home/test/bupt_hjk/sdp_dataset/elderAL/action3_sleep_new/user2_position6_activity3/20250813=191122_mimo5s_part0.csv,2,6,3,9,4.4928159999999995,0.6217980000000001,1.3080296,1.344167,1,1.7806204393858998,5,11,3.757923,4.4928159999999995,0.8364293129297974,1.0,1
480,/home/test/bupt_hjk/sdp_dataset/elderAL/action3_sleep_new/user2_position6_activity3/20250813=191113_mimo5s_part0.csv,2,6,3,15,5.450959,0.12354200000000004,1.3610986000000003,1.472103,1,2.568355403150161,5,11,3.475148,4.9911134,0.637529653039034,0.7333333333333333,0
481,/home/test/bupt_hjk/sdp_dataset/elderAL/action3_sleep_new/user2_position6_activity3/20250813=191239_mimo5s_part0.csv,2,6,3,17,3.2876179999999997,0.16288699999999995,0.42418350000000005,0.896299,0,4.866745467387027,5,11,1.5387999999999997,1.791134,0.46805924532594717,0.6470588235294118,0
482,/home/test/bupt_hjk/sdp_dataset/elderAL/action3_sleep_new/user2_position6_activity3/20250813=191249_mimo5s_part0.csv,2,6,3,44,4.8484989999999994,0.036345000000000016,0.2473479999999999,1.309476,0,8.868724114411492,5,11,0.6041265,2.861377100000001,0.12460072694662824,0.25,0
483,/home/test/bupt_hjk/sdp_dataset/elderAL/action3_sleep_new/user2_position9_activity3/20250813=194923_mimo5s_part0.csv,2,9,3,4,3.524784,0.3935690000000003,2.281849,2.753919,0,0.8511159832772732,5,11,3.524784,3.524784,1.0,1.0,1
484,/home/test/bupt_hjk/sdp_dataset/elderAL/action3_sleep_new/user2_position6_activity3/20250813=191151_mimo5s_part0.csv,2,6,3,24,4.181188,0.04038299999999995,0.451808,0.7708729999999999,0,5.50082895100627,5,11,1.1872734999999999,2.4638801999999997,0.2839560191983714,0.4583333333333333,0
485,/home/test/bupt_hjk/sdp_dataset/elderAL/action3_sleep_new/user2_position9_activity3/20250813=194820_mimo5s_part0.csv,2,9,3,20,5.788888,0.11126400000000003,0.7984361999999995,1.5848499999999994,0,3.282150216069131,5,11,2.4149845,4.3063745,0.41717588939361067,0.55,0
486,/home/test/bupt_hjk/sdp_dataset/elderAL/action3_sleep_new/user2_position9_activity3/20250813=194703_mimo5s_part0.csv,2,9,3,19,5.3750539999999996,0.24567400000000017,0.8850792,1.0003029999999997,1,3.348803565508365,5,11,2.864725,3.3981286,0.5329667385667195,0.5789473684210527,0
487,/home/test/bupt_hjk/sdp_dataset/elderAL/action3_sleep_new/user2_position6_activity3/20250813=191044_mimo5s_part0.csv,2,6,3,31,4.8738459999999995,0.023998500000000034,0.3197239000000002,1.4488109999999998,0,6.155303224599218,5,11,0.8086089999999997,3.5702149999999997,0.1659077861713316,0.3548387096774194,0
488,/home/test/bupt_hjk/sdp_dataset/elderAL/action3_sleep_new/user2_position9_activity3/20250813=194839_mimo5s_part0.csv,2,9,3,22,5.108851,0.15158749999999976,0.5416275000000002,1.387803,1,4.110513303284829,5,11,1.9226129999999997,2.8788202,0.3763298244556359,0.5,0
489,/home/test/bupt_hjk/sdp_dataset/elderAL/action3_sleep_new/user2_position9_activity3/20250813=194712_mimo5s_part0.csv,2,9,3,7,4.773471,0.417401,1.6840175,2.7826959999999996,0,1.256946988889217,5,11,4.773471,4.773471,1.0,1.0,1
490,/home/test/bupt_hjk/sdp_dataset/elderAL/action3_sleep_new/user2_position6_activity3/20250813=191142_mimo5s_part0.csv,2,6,3,23,5.902036,0.15216850000000004,0.6060051000000001,1.302068,0,3.7275272465298417,5,11,2.2169729999999994,2.6667842,0.37562851192368185,0.4782608695652174,0
491,/home/test/bupt_hjk/sdp_dataset/elderAL/action3_sleep_new/user2_position9_activity3/20250813=194913_mimo5s_part0.csv,2,9,3,30,5.586126999999999,0.04172999999999938,0.3618413999999999,2.376181,0,5.191432274991242,5,11,0.738283,4.554023399999999,0.1321636618716331,0.36666666666666664,0
492,/home/test/bupt_hjk/sdp_dataset/elderAL/action3_sleep_new/user2_position6_activity3/20250813=191219_mimo5s_part0.csv,2,6,3,24,4.681972,0.06342100000000006,0.5920845000000006,1.057776,1,4.9124599634512975,5,11,1.2103229999999998,2.7997839,0.2585070991454028,0.4583333333333333,0
493,/home/test/bupt_hjk/sdp_dataset/elderAL/action3_sleep_new/user2_position9_activity3/20250813=194741_mimo5s_part0.csv,2,9,3,15,5.358759,0.22415499999999966,1.2607500000000007,1.470882,1,2.612545180703219,5,11,3.1208970000000003,4.932974999999999,0.5823917440586525,0.7333333333333333,0
494,/home/test/bupt_hjk/sdp_dataset/elderAL/action3_sleep_new/user2_position9_activity3/20250813=194721_mimo5s_part0.csv,2,9,3,11,3.598006,0.378865,0.7742011999999999,1.060978,1,2.779317210699482,5,11,2.492533,3.492118,0.6927539865136412,1.0,1
495,/home/test/bupt_hjk/sdp_dataset/elderAL/action3_sleep_new/user2_position9_activity3/20250813=194801_mimo5s_part0.csv,2,9,3,15,4.561146,0.2654000000000005,0.8006788000000002,1.041493,1,3.0694040488947296,5,11,2.460651,3.3608301999999997,0.5394808673083475,0.7333333333333333,0
496,/home/test/bupt_hjk/sdp_dataset/elderAL/action3_sleep_new/user2_position9_activity3/20250813=194903_mimo5s_part0.csv,2,9,3,8,5.290032999999999,0.5363110000000002,1.7596834999999997,2.7301939999999996,1,1.323243163133387,5,11,5.126472,5.290032999999999,0.969081289284963,1.0,1
497,/home/test/bupt_hjk/sdp_dataset/elderAL/action3_sleep_new/user2_position9_activity3/20250813=194854_mimo5s_part0.csv,2,9,3,45,4.539308999999999,0.02877599999999997,0.2740826000000003,0.7770790000000001,1,9.693105272190108,5,11,0.861324,1.5949753999999996,0.18974782285145164,0.24444444444444444,0
498,/home/test/bupt_hjk/sdp_dataset/elderAL/action3_sleep_new/user2_position9_activity3/20250813=194751_mimo5s_part0.csv,2,9,3,25,5.304461,0.093051,0.44904520000000014,1.7202729999999997,1,4.524493629041669,5,11,1.864685,2.6275506,0.35153147511123184,0.44,0
499,/home/test/bupt_hjk/sdp_dataset/elderAL/action3_sleep_new/user2_position2_activity3/20250813=183536_mimo5s_part0.csv,2,2,3,18,4.646857,0.09608850000000002,0.9460529999999999,1.3697780000000002,1,3.658386733226351,5,11,1.9802564999999999,2.7187639,0.42614965341089683,0.6111111111111112,0
500,/home/test/bupt_hjk/sdp_dataset/elderAL/action3_sleep_new/user2_position2_activity3/20250813=183507_mimo5s_part0.csv,2,2,3,12,4.121691,0.204482,0.9902500000000003,2.027674,2,2.6688075355479097,5,11,3.634551,3.9167929000000004,0.8818106451939265,0.9166666666666666,0
501,/home/test/bupt_hjk/sdp_dataset/elderAL/action3_sleep_new/user2_position9_activity3/20250813=194731_mimo5s_part0.csv,2,9,3,30,5.123158,0.10825200000000024,0.37632919999999986,1.239086,0,5.660571077448714,5,11,1.6998505,2.3695606,0.3317973991823012,0.36666666666666664,0
502,/home/test/bupt_hjk/sdp_dataset/elderAL/action3_sleep_new/user2_position2_activity3/20250813=183556_mimo5s_part0.csv,2,2,3,15,5.263888,0.297631,0.4418383999999999,2.0274769999999998,1,2.6596310559799146,5,11,3.008326,4.3644058,0.5715026611508451,0.7333333333333333,0
503,/home/test/bupt_hjk/sdp_dataset/elderAL/action3_sleep_new/user2_position2_activity3/20250813=183425_mimo5s_part0.csv,2,2,3,21,6.116263,0.20972649999999993,0.7593567000000013,1.3955069999999998,0,3.269970568629897,5,11,2.5164429999999993,4.571289,0.4114347273817361,0.5238095238095238,0
504,/home/test/bupt_hjk/sdp_dataset/elderAL/action3_sleep_new/user2_position9_activity3/20250813=194829_mimo5s_part0.csv,2,9,3,55,4.304474,0.008483499999999977,0.23393119999999995,0.726264,0,12.545086809677558,5,11,0.582418,1.2298908,0.1353052661021997,0.2,0
505,/home/test/bupt_hjk/sdp_dataset/elderAL/action3_sleep_new/user2_position2_activity3/20250813=183517_mimo5s_part0.csv,2,2,3,17,4.686138,0.24757349999999978,0.556193,0.950414,0,3.4143253997214766,5,11,2.5303129999999996,3.373089,0.5399569965715905,0.6470588235294118,0
506,/home/test/bupt_hjk/sdp_dataset/elderAL/action3_sleep_new/user2_position2_activity3/20250813=183456_mimo5s_part0.csv,2,2,3,15,4.967823,0.18617100000000075,1.2075906,1.4497579999999999,1,2.818135831328934,5,11,3.1437340000000003,4.406932599999999,0.632819244969074,0.7333333333333333,0
507,/home/test/bupt_hjk/sdp_dataset/elderAL/action3_sleep_new/user2_position2_activity3/20250813=183435_mimo5s_part0.csv,2,2,3,12,3.310885,0.27569350000000004,0.7581070999999998,1.003754,1,3.3223745312809116,5,11,2.5043949999999997,2.8862014,0.7564125603879325,0.9166666666666666,0
508,/home/test/bupt_hjk/sdp_dataset/elderAL/action3_sleep_new/user2_position2_activity3/20250813=183345_mimo5s_part0.csv,2,2,3,40,4.50913,0.06007300000000004,0.27784480000000017,0.5430429999999999,0,8.649118566109205,5,11,1.0033365,1.4786107,0.22251221410782127,0.275,0
509,/home/test/bupt_hjk/sdp_dataset/elderAL/action3_sleep_new/user2_position2_activity3/20250813=183526_mimo5s_part0.csv,2,2,3,11,5.229925,0.3055469999999999,1.1420510999999995,2.017644,0,1.912073308890663,5,11,4.709403999999999,5.225331,0.9004725689182922,1.0,1
510,/home/test/bupt_hjk/sdp_dataset/elderAL/action3_sleep_new/user2_position2_activity3/20250813=183606_mimo5s_part0.csv,2,2,3,11,5.330737,0.3668419999999999,1.1264032,2.0167879999999996,1,1.8759132180034392,5,11,3.511577,5.287162,0.6587413710336864,1.0,1
511,/home/test/bupt_hjk/sdp_dataset/elderAL/action3_sleep_new/user2_position2_activity3/20250813=183404_mimo5s_part0.csv,2,2,3,11,3.4527609999999997,0.28277049999999987,0.6683341999999999,0.965741,0,2.89623289883082,5,11,2.377267,3.199299,0.6885118894704846,1.0,1
512,/home/test/bupt_hjk/sdp_dataset/elderAL/action3_sleep_new/user1_position8_activity3/20250813=194048_mimo5s_part0.csv,1,8,3,22,4.415452999999999,0.11192999999999997,0.37735180000000124,1.2704930000000005,1,4.7560239006054426,5,11,1.979406,2.322234,0.4482905830953246,0.5,0
513,/home/test/bupt_hjk/sdp_dataset/elderAL/action3_sleep_new/user2_position9_activity3/20250813=194810_mimo5s_part0.csv,2,9,3,44,4.817581,0.02667200000000003,0.26005840000000013,1.201391,0,8.925641312517632,5,11,0.6895180000000001,2.6343786000000002,0.14312535689591938,0.25,0
514,/home/test/bupt_hjk/sdp_dataset/elderAL/action3_sleep_new/user1_position8_activity3/20250813=194038_mimo5s_part0.csv,1,8,3,12,3.848635,0.387362,0.8248620000000002,1.4712459999999998,2,2.8581562034331656,5,11,2.6056695,3.7274323999999996,0.6770373132292358,0.9166666666666666,0
515,/home/test/bupt_hjk/sdp_dataset/elderAL/action3_sleep_new/user1_position8_activity3/20250813=193932_mimo5s_part0.csv,1,8,3,21,4.993226,0.21511599999999986,0.49018760000000033,0.890979,0,4.005426551892504,5,11,2.194368,2.9344829999999997,0.4394689925911625,0.5238095238095238,0
516,/home/test/bupt_hjk/sdp_dataset/elderAL/action3_sleep_new/user2_position2_activity3/20250813=183445_mimo5s_part0.csv,2,2,3,34,6.431004,0.053767999999999816,0.38166900000000004,1.47881,0,5.131391614746313,5,11,0.6390935,4.8655265,0.09937694021026888,0.3235294117647059,0
517,/home/test/bupt_hjk/sdp_dataset/elderAL/action3_sleep_new/user1_position8_activity3/20250813=193941_mimo5s_part0.csv,1,8,3,15,4.616408,0.14864099999999958,1.1806582,1.333252,1,3.03266089132503,5,11,3.225194,4.391595,0.6986371221954386,0.7333333333333333,0
518,/home/test/bupt_hjk/sdp_dataset/elderAL/action3_sleep_new/user1_position8_activity3/20250813=193903_mimo5s_part0.csv,1,8,3,24,5.164305,0.11812799999999979,0.4861654000000002,1.4470089999999995,0,4.453648651657871,5,11,1.625203,2.9985934999999997,0.3146992673747968,0.4583333333333333,0
519,/home/test/bupt_hjk/sdp_dataset/elderAL/action3_sleep_new/user2_position2_activity3/20250813=183546_mimo5s_part0.csv,2,2,3,38,5.121109,0.04340799999999989,0.3610069999999999,0.747339,0,7.2249975542406935,5,11,1.337467,1.8611105,0.26116745415885506,0.2894736842105263,0
520,/home/test/bupt_hjk/sdp_dataset/elderAL/action3_sleep_new/user2_position2_activity3/20250813=183355_mimo5s_part0.csv,2,2,3,41,4.862232,0.03014899999999976,0.3377402,0.7895560000000001,1,8.22667449846079,5,11,1.137244,1.821145,0.23389340533318853,0.2682926829268293,0
521,/home/test/bupt_hjk/sdp_dataset/elderAL/action3_sleep_new/user1_position8_activity3/20250813=194058_mimo5s_part0.csv,1,8,3,11,4.785011,0.4003270000000001,0.9453798000000001,1.5957989999999997,1,2.0898593545552977,5,11,3.6746339999999997,4.780962,0.7679468239466952,1.0,1
522,/home/test/bupt_hjk/sdp_dataset/elderAL/action3_sleep_new/user1_position8_activity3/20250813=193922_mimo5s_part0.csv,1,8,3,21,3.395912,0.1727960000000004,0.328254,0.34012299999999973,1,5.889434119612051,5,11,1.387619,2.008293,0.4086145341810977,0.5238095238095238,0
523,/home/test/bupt_hjk/sdp_dataset/elderAL/action3_sleep_new/user1_position8_activity3/20250813=194000_mimo5s_part0.csv,1,8,3,8,1.867688,0.204446,0.6302155,0.8752930000000001,1,3.7479493362917147,5,11,1.765056,1.867688,0.9450486376739584,1.0,1
524,/home/test/bupt_hjk/sdp_dataset/elderAL/action3_sleep_new/user1_position8_activity3/20250813=193913_mimo5s_part0.csv,1,8,3,14,4.459404,0.14334399999999992,0.4128952000000002,2.550207,0,2.9151877694866846,5,11,2.343105,3.9941273,0.5254300798940845,0.7857142857142857,0
525,/home/test/bupt_hjk/sdp_dataset/elderAL/action3_sleep_new/user1_position8_activity3/20250813=194029_mimo5s_part0.csv,1,8,3,17,4.871828,0.14973800000000015,0.5984204999999997,1.9736379999999998,0,3.2841881938360715,5,11,1.7040929999999994,4.174118,0.3497851319874182,0.6470588235294118,0
526,/home/test/bupt_hjk/sdp_dataset/elderAL/action3_sleep_new/user2_position3_activity3/20250813=185029_mimo5s_part0.csv,2,3,3,11,3.222826,0.20416850000000003,0.5601553999999996,1.484099,0,3.102866862809224,5,11,2.522379,3.142483,0.7826606214545867,1.0,1
527,/home/test/bupt_hjk/sdp_dataset/elderAL/action3_sleep_new/user1_position8_activity3/20250813=193843_mimo5s_part0.csv,1,8,3,33,5.5698799999999995,0.07121949999999982,0.5996493,0.905062,2,5.7451866108426035,5,11,1.6726789999999996,2.4838131999999997,0.3003079060949248,0.3333333333333333,0
528,/home/test/bupt_hjk/sdp_dataset/elderAL/action3_sleep_new/user2_position3_activity3/20250813=184835_mimo5s_part0.csv,2,3,3,21,4.460770999999999,0.10810699999999984,0.6037627999999996,1.468833,0,4.483529865128697,5,11,1.7263939999999995,2.729828,0.3870169528989495,0.5238095238095238,0
529,/home/test/bupt_hjk/sdp_dataset/elderAL/action3_sleep_new/user1_position8_activity3/20250813=194019_mimo5s_part0.csv,1,8,3,31,3.6352149999999996,0.08604900000000001,0.2547916999999997,0.2635209999999999,0,8.252606792170477,5,11,1.209296,1.7674519999999998,0.33266147944481966,0.3548387096774194,0
530,/home/test/bupt_hjk/sdp_dataset/elderAL/action3_sleep_new/user1_position8_activity3/20250813=194009_mimo5s_part0.csv,1,8,3,34,3.9776749999999996,0.04084500000000002,0.21553139999999998,0.828965,0,8.296303745278335,5,11,1.069784,2.0400003,0.26894706078299513,0.3235294117647059,0
531,/home/test/bupt_hjk/sdp_dataset/elderAL/action3_sleep_new/user1_position8_activity3/20250813=193950_mimo5s_part0.csv,1,8,3,27,5.629112,0.07312499999999988,0.3570349999999999,1.639387,0,4.618845743342822,5,11,1.1545490000000003,4.1839032,0.20510322054348895,0.4074074074074074,0
532,/home/test/bupt_hjk/sdp_dataset/elderAL/action3_sleep_new/user2_position3_activity3/20250813=185009_mimo5s_part0.csv,2,3,3,14,3.0151909999999997,0.16105899999999984,0.24878200000000023,1.4612749999999999,0,4.311501327776583,5,11,1.3533735,2.7480757,0.4488516647867416,0.7857142857142857,0
533,/home/test/bupt_hjk/sdp_dataset/elderAL/action3_sleep_new/user2_position3_activity3/20250813=184824_mimo5s_part0.csv,2,3,3,17,3.2257,0.0963735,0.38842450000000006,1.4746129999999997,0,4.960163685401619,5,11,0.8984169999999999,2.5406174,0.2785184611092166,0.6470588235294118,0
534,/home/test/bupt_hjk/sdp_dataset/elderAL/action3_sleep_new/user2_position3_activity3/20250813=184957_mimo5s_part0.csv,2,3,3,15,4.919853,0.20737000000000005,1.2366822000000006,1.4773479999999999,1,2.845613476662819,5,11,2.573838,3.8182864,0.5231534356819197,0.7333333333333333,0
535,/home/test/bupt_hjk/sdp_dataset/elderAL/action3_sleep_new/user2_position3_activity3/20250813=185019_mimo5s_part0.csv,2,3,3,22,6.216918,0.20353849999999962,0.540193900000001,1.841787,1,3.3778795216536555,5,11,2.5355350000000003,4.098310500000001,0.40784436918743344,0.5,0
536,/home/test/bupt_hjk/sdp_dataset/elderAL/action3_sleep_new/user2_position3_activity3/20250813=184813_mimo5s_part0.csv,2,3,3,34,6.117681,0.0736889999999999,0.24857720000000008,1.6187909999999999,0,5.39420084178956,5,11,1.8851765,2.8109580999999997,0.30815214130975443,0.3235294117647059,0
537,/home/test/bupt_hjk/sdp_dataset/elderAL/action3_sleep_new/user2_position3_activity3/20250813=184925_mimo5s_part0.csv,2,3,3,16,5.296567,0.07802199999999981,1.0206924000000006,2.7729139999999997,2,2.8320230821209287,5,11,2.2041085000000002,4.5205845,0.4161390764999292,0.6875,0
538,/home/test/bupt_hjk/sdp_dataset/elderAL/action3_sleep_new/user2_position3_activity3/20250813=184904_mimo5s_part0.csv,2,3,3,18,6.094164,0.2612920000000001,0.9069413999999999,1.143426,0,2.789554071731578,5,11,3.1573494999999996,4.126298200000001,0.5180939502120389,0.6111111111111112,0
539,/home/test/bupt_hjk/sdp_dataset/elderAL/action3_sleep_new/user1_position8_activity3/20250813=193853_mimo5s_part0.csv,1,8,3,41,4.51533,0.008938500000000016,0.2594477999999999,0.9281809999999999,0,8.85871021608609,5,11,0.8846629999999998,1.919318,0.19592432889733416,0.2682926829268293,0
540,/home/test/bupt_hjk/sdp_dataset/elderAL/action3_sleep_new/user2_position5_activity3/20250813=190932_mimo5s_part0.csv,2,5,3,11,5.009169,0.2030249999999998,1.2061846,2.7512469999999998,1,1.996339113333968,5,11,3.4508099999999997,4.969477,0.688898697568399,1.0,1
541,/home/test/bupt_hjk/sdp_dataset/elderAL/action3_sleep_new/user2_position3_activity3/20250813=184937_mimo5s_part0.csv,2,3,3,15,4.624019,0.2596099999999999,0.7355636000000001,1.479277,1,3.027669220217305,5,11,2.597451,3.712011,0.5617301745516184,0.7333333333333333,0
542,/home/test/bupt_hjk/sdp_dataset/elderAL/action3_sleep_new/user2_position3_activity3/20250813=185040_mimo5s_part0.csv,2,3,3,22,6.367858999999999,0.242645,0.7422196999999997,1.23448,1,3.2978117134817215,5,11,2.5370229999999996,3.2088651,0.398410674608216,0.5,0
543,/home/test/bupt_hjk/sdp_dataset/elderAL/action3_sleep_new/user2_position3_activity3/20250813=184914_mimo5s_part0.csv,2,3,3,54,5.448360999999999,0.025699,0.2785853999999997,0.8012639999999998,0,9.727696090622484,5,11,0.6667980000000002,1.7920239999999998,0.12238506222329987,0.2037037037037037,0
544,/home/test/bupt_hjk/sdp_dataset/elderAL/action3_sleep_new/user2_position5_activity3/20250813=190801_mimo5s_part0.csv,2,5,3,19,4.993965,0.18228299999999997,0.885888,1.0588179999999996,1,3.60435045099435,5,11,2.5313480000000004,4.044936999999999,0.5068814058568692,0.5789473684210527,0
545,/home/test/bupt_hjk/sdp_dataset/elderAL/action3_sleep_new/user2_position5_activity3/20250813=190739_mimo5s_part0.csv,2,5,3,16,4.265066,0.298894,0.7526617999999997,0.7931999999999999,2,3.5169444036739406,5,11,2.187763,2.7012829999999997,0.5129493892943274,0.6875,0
546,/home/test/bupt_hjk/sdp_dataset/elderAL/action3_sleep_new/user2_position5_activity3/20250813=190942_mimo5s_part0.csv,2,5,3,19,4.820778,0.20925349999999998,0.8246724999999999,1.100555,2,3.7338371524264344,5,11,2.156825,2.6114108,0.4474018509045636,0.5789473684210527,0
547,/home/test/bupt_hjk/sdp_dataset/elderAL/action3_sleep_new/user2_position5_activity3/20250813=190811_mimo5s_part0.csv,2,5,3,11,2.802062,0.22687949999999985,0.5211653999999999,0.8509019999999999,0,3.568800404844718,5,11,2.004561,2.709101,0.7153878108335933,1.0,1
548,/home/test/bupt_hjk/sdp_dataset/elderAL/action3_sleep_new/user2_position3_activity3/20250813=184947_mimo5s_part0.csv,2,3,3,32,5.375697,0.08656750000000024,0.2871565000000001,1.575162,1,5.766694067764608,5,11,0.9111239999999999,3.1604794,0.16948946341283744,0.34375,0
549,/home/test/bupt_hjk/sdp_dataset/elderAL/action3_sleep_new/user2_position5_activity3/20250813=190914_mimo5s_part0.csv,2,5,3,15,5.223457,0.293863,0.9282426000000001,0.9683440000000001,1,2.680217334994813,5,11,3.2605519999999997,4.292116,0.6242134280037147,0.7333333333333333,0
550,/home/test/bupt_hjk/sdp_dataset/elderAL/action3_sleep_new/user2_position5_activity3/20250813=190902_mimo5s_part0.csv,2,5,3,22,5.000387,0.21523950000000014,0.6155805000000001,0.6525799999999995,1,4.199674945159245,5,11,2.2450530000000004,2.5294074,0.44897584926926665,0.5,0
551,/home/test/bupt_hjk/sdp_dataset/elderAL/action3_sleep_new/user2_position5_activity3/20250813=190840_mimo5s_part0.csv,2,5,3,20,5.424532,0.20739800000000042,0.7001279999999999,1.328594,0,3.5026063077883953,5,11,1.8933100000000005,3.2985953,0.34902734466309726,0.55,0
552,/home/test/bupt_hjk/sdp_dataset/elderAL/action3_sleep_new/user2_position5_activity3/20250813=190923_mimo5s_part0.csv,2,5,3,29,4.883172,0.10388999999999982,0.28353620000000007,1.3962479999999995,1,5.7339778324417,5,11,1.7987430000000004,2.2320189999999998,0.3683554460092744,0.3793103448275862,0
553,/home/test/bupt_hjk/sdp_dataset/elderAL/action3_sleep_new/user2_position5_activity3/20250813=190820_mimo5s_part0.csv,2,5,3,11,5.079377,0.287413,1.3945024000000001,1.6396040000000003,1,1.9687453796006873,5,11,4.561762,5.006262,0.898094786033799,1.0,1
554,/home/test/bupt_hjk/sdp_dataset/elderAL/action3_sleep_new/user1_position5_activity3/20250813=190225_mimo5s_part0.csv,1,5,3,11,4.217289,0.31479,0.7479599999999994,1.4318609999999998,0,2.371191540347365,5,11,3.5725469999999997,4.00899,0.8471193223893358,1.0,1
555,/home/test/bupt_hjk/sdp_dataset/elderAL/action3_sleep_new/user2_position5_activity3/20250813=190750_mimo5s_part0.csv,2,5,3,17,5.014399,0.13972249999999997,0.8650164999999999,1.6902840000000001,0,3.190811102187919,5,11,2.6464229999999995,4.221085599999999,0.5277647430928412,0.6470588235294118,0
556,/home/test/bupt_hjk/sdp_dataset/elderAL/action1_walk_new/user0_position1_activity1/20250813=113559_mimo5s_part0.csv,0,1,1,110,5.083081,0.03461599999999998,0.06591719999999998,0.45674300000000034,0,21.443687401400844,5,11,0.329642,0.8753708000000002,0.06485082570984015,0.1,0
557,/home/test/bupt_hjk/sdp_dataset/elderAL/action3_sleep_new/user2_position8_activity3/20250813=193426_mimo5s_part0.csv,2,8,3,64,4.916511,0.021958000000000144,0.22772709999999932,0.7531899999999998,1,12.813965025197747,5,11,0.37321000000000004,2.3524482000000004,0.07590952201673098,0.171875,0
558,/home/test/bupt_hjk/sdp_dataset/elderAL/action3_sleep_new/user2_position5_activity3/20250813=191002_mimo5s_part0.csv,2,5,3,44,4.801417,0.056856999999999935,0.2740326000000001,0.8914999999999997,0,8.95568953915063,5,11,0.843142,2.4425424,0.17560274393996606,0.25,0
559,/home/test/bupt_hjk/sdp_dataset/elderAL/action3_sleep_new/user2_position3_activity3/20250813=184855_mimo5s_part0.csv,2,3,3,54,5.076707,0.012812999999999963,0.3196750000000002,0.7333340000000002,0,10.439838265237682,5,11,0.8056220000000001,1.6512710000000006,0.15868987514938326,0.2037037037037037,0
560,/home/test/bupt_hjk/sdp_dataset/elderAL/action3_sleep_new/user1_position5_activity3/20250813=190125_mimo5s_part0.csv,1,5,3,7,5.068789,0.6988255,1.4915734999999999,1.527696,0,1.1837146900374034,5,11,5.068789,5.068789,1.0,1.0,1
561,/home/test/bupt_hjk/sdp_dataset/elderAL/action3_sleep_new/user1_position5_activity3/20250813=190105_mimo5s_part0.csv,1,5,3,21,5.428646,0.25668900000000017,0.6556612000000002,1.013591,1,3.6841599175927113,5,11,2.0171699999999997,2.871625,0.3715788430485244,0.5238095238095238,0
562,/home/test/bupt_hjk/sdp_dataset/elderAL/action3_sleep_new/user1_position5_activity3/20250813=190115_mimo5s_part0.csv,1,5,3,27,3.803633,0.07837750000000006,0.2667314999999999,0.9077230000000001,0,6.835570098376999,5,11,1.2336639999999996,2.1842913999999998,0.3243383365324677,0.4074074074074074,0
563,/home/test/bupt_hjk/sdp_dataset/elderAL/action3_sleep_new/user1_position5_activity3/20250813=190253_mimo5s_part0.csv,1,5,3,22,4.626243,0.20931100000000002,0.6060631999999998,0.8460809999999999,2,4.539320567466949,5,11,1.9014849999999996,2.3031031,0.4110214271061853,0.5,0
564,/home/test/bupt_hjk/sdp_dataset/elderAL/action3_sleep_new/user2_position3_activity3/20250813=184845_mimo5s_part0.csv,2,3,3,62,4.835483,0.01584199999999969,0.24561100000000025,1.0201280000000001,2,12.615078990040912,5,11,0.45180149999999997,1.9814006999999998,0.09343461656260604,0.1774193548387097,0
565,/home/test/bupt_hjk/sdp_dataset/elderAL/action3_sleep_new/user2_position5_activity3/20250813=190952_mimo5s_part0.csv,2,5,3,31,5.079736,0.07784600000000008,0.4156312000000001,1.0953499999999998,1,5.905818727587419,5,11,1.3993919999999997,2.518178,0.2754851826945337,0.3548387096774194,0
566,/home/test/bupt_hjk/sdp_dataset/elderAL/action3_sleep_new/user1_position5_activity3/20250813=190135_mimo5s_part0.csv,1,5,3,23,6.949123999999999,0.20123149999999956,0.6641752000000001,1.7984519999999997,0,3.165866661754777,5,11,1.8131569999999995,4.5307978,0.260918786310332,0.4782608695652174,0
567,/home/test/bupt_hjk/sdp_dataset/elderAL/action3_sleep_new/user1_position5_activity3/20250813=190156_mimo5s_part0.csv,1,5,3,11,2.573012,0.3159230000000002,0.4771603999999998,0.608486,1,3.886495671221122,5,11,1.638493,2.571825,0.6367995951826109,1.0,1
568,/home/test/bupt_hjk/sdp_dataset/elderAL/action3_sleep_new/user1_position5_activity3/20250813=190234_mimo5s_part0.csv,1,5,3,17,6.270277,0.19331850000000017,0.7615805,2.7369939999999997,0,2.55172139923005,5,11,4.033689,5.3212524,0.6433031586961788,0.6470588235294118,0
569,/home/test/bupt_hjk/sdp_dataset/elderAL/action3_sleep_new/user1_position5_activity3/20250813=190215_mimo5s_part0.csv,1,5,3,28,7.387435,0.1346505,0.8333619999999998,1.501746,1,3.654854492797568,5,11,1.845406,4.551797499999999,0.24980334852354033,0.39285714285714285,0
570,/home/test/bupt_hjk/sdp_dataset/elderAL/action3_sleep_new/user1_position5_activity3/20250813=190055_mimo5s_part0.csv,1,5,3,14,3.348588,0.20136300000000018,0.6093662000000001,0.8577039999999998,0,3.8822333473093735,5,11,1.8553005,2.6456334999999997,0.5540545746445965,0.7857142857142857,0
571,/home/test/bupt_hjk/sdp_dataset/elderAL/action3_sleep_new/user1_position5_activity3/20250813=190036_mimo5s_part0.csv,1,5,3,24,5.849285999999999,0.08150000000000013,0.4718142,2.776432,0,3.932103849939976,5,11,1.00162,4.68095,0.17123799383377733,0.4583333333333333,0
572,/home/test/bupt_hjk/sdp_dataset/elderAL/action3_sleep_new/user0_position5_activity3/20250813=190517_mimo5s_part0.csv,0,5,3,21,4.582903,0.10888199999999992,0.5503145999999999,1.7166229999999998,1,4.364046107892748,5,11,1.6421700000000001,3.358793,0.35832527984991175,0.5238095238095238,0
573,/home/test/bupt_hjk/sdp_dataset/elderAL/action3_sleep_new/user0_position5_activity3/20250813=190703_mimo5s_part0.csv,0,5,3,26,4.024033,0.07420799999999961,0.32302600000000026,0.9001149999999999,2,6.212672709194979,5,11,1.3988125,1.845161,0.34761456976123206,0.4230769230769231,0
574,/home/test/bupt_hjk/sdp_dataset/elderAL/action3_sleep_new/user1_position5_activity3/20250813=190146_mimo5s_part0.csv,1,5,3,31,4.994435,0.052861999999999965,0.36929759999999995,1.06721,1,6.006685440895716,5,11,1.213352,1.9122839999999999,0.24294079310272332,0.3548387096774194,0
575,/home/test/bupt_hjk/sdp_dataset/elderAL/action3_sleep_new/user0_position5_activity3/20250813=190605_mimo5s_part0.csv,0,5,3,18,3.606219,0.12325599999999992,0.3594705,1.376061,1,4.714078651352012,5,11,2.2106019999999997,2.5186504999999997,0.6129971585197682,0.6111111111111112,0
576,/home/test/bupt_hjk/sdp_dataset/elderAL/action3_sleep_new/user1_position5_activity3/20250813=190045_mimo5s_part0.csv,1,5,3,31,5.836628999999999,0.06711800000000001,0.43433220000000067,1.0513960000000004,0,5.139953216145827,5,11,1.9277300000000004,2.683651,0.3302814004453599,0.3548387096774194,0
577,/home/test/bupt_hjk/sdp_dataset/elderAL/action3_sleep_new/user1_position5_activity3/20250813=190244_mimo5s_part0.csv,1,5,3,35,4.873657,0.030059999999999754,0.35154,1.2206529999999998,1,6.976280850293732,5,11,0.6931299999999996,3.3471816000000003,0.1422196925224733,0.3142857142857143,0
578,/home/test/bupt_hjk/sdp_dataset/elderAL/action3_sleep_new/user1_position5_activity3/20250813=190205_mimo5s_part0.csv,1,5,3,32,5.402584,0.07153600000000004,0.4461003,1.5099490000000002,1,5.737995003872221,5,11,1.0581675000000001,2.8934101000000005,0.1958632202664503,0.34375,0
579,/home/test/bupt_hjk/sdp_dataset/elderAL/action3_sleep_new/user0_position5_activity3/20250813=190634_mimo5s_part0.csv,0,5,3,28,6.024792,0.0892185000000002,0.24414950000000024,2.350313,1,4.481482514251114,5,11,1.6880275,4.2272833,0.28018021203055643,0.39285714285714285,0
580,/home/test/bupt_hjk/sdp_dataset/elderAL/action3_sleep_new/user2_position5_activity3/20250813=190850_mimo5s_part0.csv,2,5,3,61,4.981825,0.026003499999999846,0.2374648999999999,0.5955509999999999,0,12.04377913716359,5,11,0.67821,1.421385,0.13613685747692864,0.18032786885245902,0
581,/home/test/bupt_hjk/sdp_dataset/elderAL/action3_sleep_new/user0_position5_activity3/20250813=190546_mimo5s_part0.csv,0,5,3,34,4.410112,0.05225399999999997,0.25453620000000005,1.6969059999999994,1,7.482803157833634,5,11,0.654206,2.3867148,0.14834226432344574,0.3235294117647059,0
582,/home/test/bupt_hjk/sdp_dataset/elderAL/action3_sleep_new/user0_position5_activity3/20250813=190526_mimo5s_part0.csv,0,5,3,17,4.644945,0.17683650000000006,0.809793,1.429088,0,3.444604833857021,5,11,2.0955269999999997,2.6375794,0.4511414021048688,0.6470588235294118,0
583,/home/test/bupt_hjk/sdp_dataset/elderAL/action3_sleep_new/user0_position5_activity3/20250813=190614_mimo5s_part0.csv,0,5,3,11,5.265912,0.3030845,1.3970880999999997,1.811197,0,1.8990062879896208,5,11,4.24791,5.264587000000001,0.806680780081399,1.0,1
584,/home/test/bupt_hjk/sdp_dataset/elderAL/action3_sleep_new/user0_position5_activity3/20250813=190450_mimo5s_part0.csv,0,5,3,21,3.4754869999999998,0.10415199999999991,0.34655879999999994,1.1419469999999998,1,5.754589212964975,5,11,1.218476,2.415581,0.3505914422928355,0.5238095238095238,0
585,/home/test/bupt_hjk/sdp_dataset/elderAL/action3_sleep_new/user0_position5_activity3/20250813=190644_mimo5s_part0.csv,0,5,3,27,4.806812,0.1364494999999999,0.38100199999999995,1.0578020000000001,0,5.408990407779626,5,11,1.277684,2.9457400000000002,0.2658069423143655,0.4074074074074074,0
586,/home/test/bupt_hjk/sdp_dataset/elderAL/action3_sleep_new/user0_position5_activity3/20250813=190536_mimo5s_part0.csv,0,5,3,18,5.596374,0.2047800000000004,0.8877460000000005,1.442991,0,3.037681184281108,5,11,3.1793695,4.7224335,0.5681124063545432,0.6111111111111112,0
587,/home/test/bupt_hjk/sdp_dataset/elderAL/action3_sleep_new/user0_position5_activity3/20250813=190508_mimo5s_part0.csv,0,5,3,18,5.113532999999999,0.23214,0.736058,0.86022,1,3.3245116439064737,5,11,2.2238235,3.0499118,0.4348898305731087,0.6111111111111112,0
588,/home/test/bupt_hjk/sdp_dataset/elderAL/action3_sleep_new/user0_position5_activity3/20250813=190624_mimo5s_part0.csv,0,5,3,15,5.846204,0.20309899999999992,1.1860968000000005,2.2966399999999996,1,2.3947162979601804,5,11,3.5651899999999994,4.8084907999999995,0.6098298998803325,0.7333333333333333,0
589,/home/test/bupt_hjk/sdp_dataset/elderAL/action3_sleep_new/user1_position4_activity3/20250813=185916_mimo5s_part0.csv,1,4,3,12,4.9702779999999995,0.4214905,0.8290281999999997,1.5439989999999995,1,2.2131558838358742,5,11,3.6953179999999994,4.4738665,0.7434831613040558,0.9166666666666666,0
590,/home/test/bupt_hjk/sdp_dataset/elderAL/action3_sleep_new/user0_position5_activity3/20250813=190556_mimo5s_part0.csv,0,5,3,15,3.9931349999999997,0.237136,0.6875874000000001,1.225792,1,3.506017202022972,5,11,2.1256569999999995,2.8967986,0.5323278576857531,0.7333333333333333,0
591,/home/test/bupt_hjk/sdp_dataset/elderAL/action3_sleep_new/user0_position5_activity3/20250813=190459_mimo5s_part0.csv,0,5,3,17,6.2876579999999995,0.31390450000000014,0.6872535,1.9984489999999997,0,2.5446676648125583,5,11,2.3552280000000003,4.9203816,0.37457953342882205,0.6470588235294118,0
592,/home/test/bupt_hjk/sdp_dataset/elderAL/action3_sleep_new/user1_position4_activity3/20250813=185955_mimo5s_part0.csv,1,4,3,8,2.975683,0.3153395,1.0940860000000001,1.470517,1,2.352401112618515,5,11,2.9385565,2.975683,0.987523368584624,1.0,1
593,/home/test/bupt_hjk/sdp_dataset/elderAL/action3_sleep_new/user1_position4_activity3/20250813=185926_mimo5s_part0.csv,1,4,3,15,4.988796,0.27290599999999987,1.0152904000000007,1.2463279999999999,1,2.8062883308918627,5,11,3.098135,3.4941592,0.6210185784305472,0.7333333333333333,0
594,/home/test/bupt_hjk/sdp_dataset/elderAL/action3_sleep_new/user1_position4_activity3/20250813=185756_mimo5s_part0.csv,1,4,3,11,6.111,0.425357,1.2919636,2.031058,1,1.6363933889707085,5,11,3.811511,5.00381,0.6237131402389134,1.0,1
595,/home/test/bupt_hjk/sdp_dataset/elderAL/action3_sleep_new/user1_position4_activity3/20250813=185936_mimo5s_part0.csv,1,4,3,15,4.993676,0.298255,0.891763,1.0019619999999998,1,2.8035459248857957,5,11,3.22715,4.1785076,0.6462473736782283,0.7333333333333333,0
596,/home/test/bupt_hjk/sdp_dataset/elderAL/action3_sleep_new/user0_position5_activity3/20250813=190653_mimo5s_part0.csv,0,5,3,32,5.083544,0.10912450000000007,0.4042738,0.6999759999999999,1,6.098107934149877,5,11,1.5290295,2.1059481,0.3007802234032006,0.34375,0
597,/home/test/bupt_hjk/sdp_dataset/elderAL/action3_sleep_new/user1_position4_activity3/20250813=185906_mimo5s_part0.csv,1,4,3,22,5.038069999999999,0.19364749999999997,0.6077729000000002,0.844139,1,4.168262846685338,5,11,1.8580344999999996,3.1314964000000005,0.36879886543855084,0.5,0
598,/home/test/bupt_hjk/sdp_dataset/elderAL/action3_sleep_new/user1_position4_activity3/20250813=185805_mimo5s_part0.csv,1,4,3,24,5.136838,0.12395200000000006,0.922667,1.0453140000000003,2,4.477462594693467,5,11,1.8737765,2.4456662000000002,0.36477235606807146,0.4583333333333333,0
599,/home/test/bupt_hjk/sdp_dataset/elderAL/action3_sleep_new/user1_position4_activity3/20250813=185836_mimo5s_part0.csv,1,4,3,20,3.789847,0.11319999999999997,0.4903363999999998,0.741444,0,5.0133949998509175,5,11,1.5886704999999999,1.9904210000000002,0.41919119690056084,0.55,0
600,/home/test/bupt_hjk/sdp_dataset/elderAL/action3_sleep_new/user1_position4_activity3/20250813=185946_mimo5s_part0.csv,1,4,3,25,4.679303,0.0749209999999998,0.6518866000000002,1.071548,1,5.128968993886483,5,11,1.732713,2.0018198,0.3702929688460012,0.44,0
601,/home/test/bupt_hjk/sdp_dataset/elderAL/action3_sleep_new/user1_position4_activity3/20250813=185816_mimo5s_part0.csv,1,4,3,27,4.984331,0.11182250000000005,0.4292800000000002,1.2828169999999999,0,5.216346988191595,5,11,1.33029,2.4327482000000002,0.26689439365082296,0.4074074074074074,0
602,/home/test/bupt_hjk/sdp_dataset/elderAL/action3_sleep_new/user1_position4_activity3/20250813=185856_mimo5s_part0.csv,1,4,3,28,4.66772,0.11574100000000001,0.4469480000000001,0.6463590000000001,1,5.784408662044853,5,11,1.3862025,2.4638402999999998,0.2969763610499344,0.39285714285714285,0
603,/home/test/bupt_hjk/sdp_dataset/elderAL/action3_sleep_new/user2_position1_activity3/20250813=183154_mimo5s_part0.csv,2,1,3,8,4.636824,0.7202554999999999,1.2229314999999996,1.4899569999999995,1,1.5096540218045802,5,11,4.2698145,4.636824,0.920848947469216,1.0,1
604,/home/test/bupt_hjk/sdp_dataset/elderAL/action3_sleep_new/user2_position1_activity3/20250813=183105_mimo5s_part0.csv,2,1,3,15,4.026587,0.20619500000000013,0.6067484,1.48481,1,3.4768899815153627,5,11,2.1854139999999997,3.3289368,0.5427460030045296,0.7333333333333333,0
605,/home/test/bupt_hjk/sdp_dataset/elderAL/action3_sleep_new/user1_position4_activity3/20250813=190005_mimo5s_part0.csv,1,4,3,17,3.116097,0.16172899999999993,0.4561370000000001,0.5268319999999997,0,5.134628350786256,5,11,1.4445649999999999,2.0658513999999997,0.4635815252220967,0.6470588235294118,0
606,/home/test/bupt_hjk/sdp_dataset/elderAL/action3_sleep_new/user2_position1_activity3/20250813=183055_mimo5s_part0.csv,2,1,3,17,4.611167,0.19640499999999994,0.5722465000000001,1.560942,0,3.469837461970039,5,11,2.115626,2.7552512,0.4588048968948641,0.6470588235294118,0
607,/home/test/bupt_hjk/sdp_dataset/elderAL/action3_sleep_new/user2_position1_activity3/20250813=183235_mimo5s_part0.csv,2,1,3,18,5.530666,0.18212199999999967,0.43187500000000023,2.762619,0,3.0737708623156776,5,11,2.754271,4.2633379,0.4979998792188861,0.6111111111111112,0
608,/home/test/bupt_hjk/sdp_dataset/elderAL/action3_sleep_new/user2_position1_activity3/20250813=183249_mimo5s_part0.csv,2,1,3,25,4.284636,0.08304800000000007,0.48096900000000015,0.9395450000000001,2,5.60140931458355,5,11,1.4382000000000001,2.7972772,0.33566445317641924,0.44,0
609,/home/test/bupt_hjk/sdp_dataset/elderAL/action3_sleep_new/user2_position1_activity3/20250813=183115_mimo5s_part0.csv,2,1,3,14,5.090598,0.3409950000000004,0.7184686,1.486464,0,2.5537274795613403,5,11,3.694323,4.3237306,0.7257149356519607,0.7857142857142857,0
610,/home/test/bupt_hjk/sdp_dataset/elderAL/action3_sleep_new/user1_position4_activity3/20250813=185826_mimo5s_part0.csv,1,4,3,30,5.040933,0.05232599999999987,0.5333176000000002,0.9989359999999996,0,5.752903281991648,5,11,1.6858724999999997,2.3702541000000004,0.3344366013196366,0.36666666666666664,0
611,/home/test/bupt_hjk/sdp_dataset/elderAL/action3_sleep_new/user2_position1_activity3/20250813=183024_mimo5s_part0.csv,2,1,3,12,7.620985999999999,0.35178900000000024,1.6160902999999995,2.7640879999999997,1,1.4433827853771153,5,11,5.162589,6.4628248,0.6774174627797506,0.9166666666666666,0
612,/home/test/bupt_hjk/sdp_dataset/elderAL/action3_sleep_new/user1_position4_activity3/20250813=185746_mimo5s_part0.csv,1,4,3,35,8.634306,0.06545300000000065,0.8343782000000002,1.450672,1,3.9377802917802542,5,11,1.9370980000000002,3.8143021999999998,0.22434900963667492,0.3142857142857143,0
613,/home/test/bupt_hjk/sdp_dataset/elderAL/action3_sleep_new/user2_position1_activity3/20250813=183124_mimo5s_part0.csv,2,1,3,21,6.1153569999999995,0.20925100000000008,0.5984231999999996,2.471459,1,3.2704550200421663,5,11,1.7978199999999998,4.407141,0.29398447220661034,0.5238095238095238,0
614,/home/test/bupt_hjk/sdp_dataset/elderAL/action3_sleep_new/user2_position1_activity3/20250813=183225_mimo5s_part0.csv,2,1,3,11,5.014663,0.35587499999999994,1.2298067000000001,1.4668100000000002,0,1.9941519499914553,5,11,3.8071319999999997,5.013337,0.7591999701674869,1.0,1
615,/home/test/bupt_hjk/sdp_dataset/elderAL/action3_sleep_new/user2_position1_activity3/20250813=183215_mimo5s_part0.csv,2,1,3,21,6.928736,0.09500300000000017,0.8597493999999997,2.7512269999999996,1,2.88652937563215,5,11,2.242257,5.074005,0.3236170349108409,0.5238095238095238,0
616,/home/test/bupt_hjk/sdp_dataset/elderAL/action3_sleep_new/user2_position1_activity3/20250813=183034_mimo5s_part0.csv,2,1,3,11,6.122243999999999,0.29764000000000035,1.4957661999999998,2.7580270000000002,0,1.6333880191642152,5,11,4.952431,5.732777,0.8089241461137453,1.0,1
617,/home/test/bupt_hjk/sdp_dataset/elderAL/action3_sleep_new/user2_position1_activity3/20250813=183134_mimo5s_part0.csv,2,1,3,38,4.7601189999999995,0.07702100000000023,0.27049699999999993,0.5018530000000001,0,7.7729149208244595,5,11,1.1899439999999997,1.6798456,0.249981985744474,0.2894736842105263,0
618,/home/test/bupt_hjk/sdp_dataset/elderAL/action3_sleep_new/user2_position7_activity3/20250813=193020_mimo5s_part0.csv,2,7,3,14,5.817722,0.32008800000000015,0.8402827999999999,1.950046,0,2.2345515994060907,5,11,3.388676,5.2312978999999995,0.5824747212053102,0.7857142857142857,0
619,/home/test/bupt_hjk/sdp_dataset/elderAL/action3_sleep_new/user2_position7_activity3/20250813=192929_mimo5s_part0.csv,2,7,3,7,3.655683,0.19254949999999993,1.551141,1.9188399999999999,0,1.6412801657036455,5,11,3.655683,3.655683,1.0,1.0,1
620,/home/test/bupt_hjk/sdp_dataset/elderAL/action3_sleep_new/user2_position1_activity3/20250813=183204_mimo5s_part0.csv,2,1,3,21,4.085408,0.1431150000000001,0.5200652000000002,0.840279,0,4.8954718843258735,5,11,1.5642969999999998,2.260103,0.38289859911176555,0.5238095238095238,0
621,/home/test/bupt_hjk/sdp_dataset/elderAL/action3_sleep_new/user2_position7_activity3/20250813=193059_mimo5s_part0.csv,2,7,3,7,4.421107999999999,0.3837444999999997,1.7251485,1.9848849999999998,0,1.3571258607570773,5,11,4.421107999999999,4.421107999999999,1.0,1.0,1
622,/home/test/bupt_hjk/sdp_dataset/elderAL/action3_sleep_new/user2_position7_activity3/20250813=193000_mimo5s_part0.csv,2,7,3,8,4.520265,0.3846090000000002,1.7255055,1.9832049999999999,1,1.5485817756259865,5,11,4.512896,4.520265,0.9983697858422016,1.0,1
623,/home/test/bupt_hjk/sdp_dataset/elderAL/action3_sleep_new/user2_position7_activity3/20250813=193010_mimo5s_part0.csv,2,7,3,17,5.898706,0.1126674999999997,0.8105195,2.0040810000000002,0,2.712459308872149,5,11,2.6792119999999997,4.9879438,0.454203345615123,0.6470588235294118,0
624,/home/test/bupt_hjk/sdp_dataset/elderAL/action3_sleep_new/user2_position7_activity3/20250813=192859_mimo5s_part0.csv,2,7,3,24,5.200036,0.179426,0.5159552000000004,0.849505,0,4.42304630198714,5,11,1.885875,2.3838296,0.362665758467826,0.4583333333333333,0
625,/home/test/bupt_hjk/sdp_dataset/elderAL/action3_sleep_new/user2_position1_activity3/20250813=183046_mimo5s_part0.csv,2,1,3,31,5.365252,0.05353000000000002,0.37334330000000016,1.6029299999999997,0,5.591536054597249,5,11,1.4516419999999999,2.2835170000000002,0.270563619378922,0.3548387096774194,0
626,/home/test/bupt_hjk/sdp_dataset/elderAL/action3_sleep_new/user2_position7_activity3/20250813=193109_mimo5s_part0.csv,2,7,3,15,5.548264,0.18784199999999984,1.3241534000000008,1.9928629999999998,1,2.523311796266364,5,11,2.832922,4.6353203999999995,0.51059610717875,0.7333333333333333,0
627,/home/test/bupt_hjk/sdp_dataset/elderAL/action3_sleep_new/user2_position7_activity3/20250813=192940_mimo5s_part0.csv,2,7,3,15,4.505979,0.29618699999999976,0.8887158000000001,1.134776,1,3.1069829664097415,5,11,2.595884,3.8746766,0.5760976693411132,0.7333333333333333,0
628,/home/test/bupt_hjk/sdp_dataset/elderAL/action3_sleep_new/user1_position4_activity3/20250813=185845_mimo5s_part0.csv,1,4,3,47,5.131962,0.01614199999999999,0.2967695,0.84938,0,8.963433478268156,5,11,0.8875340000000003,1.7420343999999999,0.17294243410220114,0.23404255319148937,0
629,/home/test/bupt_hjk/sdp_dataset/elderAL/action3_sleep_new/user2_position7_activity3/20250813=193030_mimo5s_part0.csv,2,7,3,14,4.6236429999999995,0.260313,0.4079126,1.997536,0,2.811635759940809,5,11,2.3155474999999996,3.6546235,0.5008058580647338,0.7857142857142857,0
630,/home/test/bupt_hjk/sdp_dataset/elderAL/action3_sleep_new/user2_position7_activity3/20250813=193049_mimo5s_part0.csv,2,7,3,18,5.012586,0.1636834999999999,0.8282149999999999,1.3466489999999998,1,3.3914630093129574,5,11,2.8874774999999993,4.0044174,0.5760454783219678,0.6111111111111112,0
631,/home/test/bupt_hjk/sdp_dataset/elderAL/action3_sleep_new/user2_position7_activity3/20250813=192918_mimo5s_part0.csv,2,7,3,26,4.684639,0.079887,0.42540939999999994,1.301133,2,5.336590503558545,5,11,1.7210709999999998,3.0131175,0.3673860461820003,0.4230769230769231,0
632,/home/test/bupt_hjk/sdp_dataset/elderAL/action3_sleep_new/user2_position7_activity3/20250813=192950_mimo5s_part0.csv,2,7,3,21,6.89434,0.1477870000000001,1.1419456000000008,1.6900899999999996,0,2.900930328356304,5,11,2.2768039999999994,4.173907,0.3302424887661472,0.5238095238095238,0
633,/home/test/bupt_hjk/sdp_dataset/elderAL/action3_sleep_new/user2_position7_activity3/20250813=192909_mimo5s_part0.csv,2,7,3,28,4.955954,0.09204049999999975,0.43393250000000005,1.044854,1,5.447992455135782,5,11,1.2237885,2.7043646,0.24693298202525688,0.39285714285714285,0
634,/home/test/bupt_hjk/sdp_dataset/elderAL/action3_sleep_new/user2_position7_activity3/20250813=193040_mimo5s_part0.csv,2,7,3,14,4.444281999999999,0.3187215,0.9179243000000001,1.0356559999999997,1,2.925106912657658,5,11,2.834245,3.4964887000000004,0.6377284339742618,0.7857142857142857,0
635,/home/test/bupt_hjk/sdp_dataset/elderAL/action3_sleep_new/user1_position7_activity3/20250813=192335_mimo5s_part0.csv,1,7,3,17,4.497338,0.19552300000000014,0.5685400000000002,1.4814759999999998,0,3.557660109157906,5,11,3.013305,3.3668078,0.6700196872016291,0.6470588235294118,0
636,/home/test/bupt_hjk/sdp_dataset/elderAL/action3_sleep_new/user1_position7_activity3/20250813=192503_mimo5s_part0.csv,1,7,3,22,6.854589,0.1703210000000004,0.7591786000000014,1.9224439999999998,1,3.06364101480045,5,11,2.1465189999999996,4.4066964,0.3131506498784974,0.5,0
637,/home/test/bupt_hjk/sdp_dataset/elderAL/action3_sleep_new/user1_position7_activity3/20250813=192435_mimo5s_part0.csv,1,7,3,15,5.379747,0.37027199999999993,0.7668122000000002,1.4876649999999998,1,2.602352861575089,5,11,3.7509189999999997,4.1611522,0.6972296280847408,0.7333333333333333,0
638,/home/test/bupt_hjk/sdp_dataset/elderAL/action3_sleep_new/user2_position1_activity3/20250813=183144_mimo5s_part0.csv,2,1,3,34,5.7926329999999995,0.08082600000000006,0.38490560000000046,1.0175100000000001,0,5.696891206468631,5,11,0.8628504999999995,3.3136654999999995,0.14895652805900178,0.3235294117647059,0
639,/home/test/bupt_hjk/sdp_dataset/elderAL/action3_sleep_new/user1_position7_activity3/20250813=192425_mimo5s_part0.csv,1,7,3,14,3.173108,0.1330230000000001,0.41185180000000005,1.381589,0,4.096929571889769,5,11,2.0534964999999996,2.7200923,0.6471561951247797,0.7857142857142857,0
640,/home/test/bupt_hjk/sdp_dataset/elderAL/action3_sleep_new/user1_position7_activity3/20250813=192512_mimo5s_part0.csv,1,7,3,11,5.0025509999999995,0.1818435000000001,1.5339900999999994,2.2080459999999995,0,1.9989801203426014,5,11,4.058362,4.9280219999999995,0.811258495915384,1.0,1
641,/home/test/bupt_hjk/sdp_dataset/elderAL/action3_sleep_new/user1_position7_activity3/20250813=192453_mimo5s_part0.csv,1,7,3,15,4.914473,0.26272799999999996,0.6807059999999999,1.6497509999999997,1,2.8487286429287533,5,11,2.8921759999999996,4.1799862,0.5885017579707935,0.7333333333333333,0
642,/home/test/bupt_hjk/sdp_dataset/elderAL/action3_sleep_new/user1_position7_activity3/20250813=192415_mimo5s_part0.csv,1,7,3,14,3.255636,0.161346,0.49537200000000015,1.0799979999999998,0,3.9930753929493346,5,11,1.8549305,2.6231870000000006,0.5697597950139389,0.7857142857142857,0
643,/home/test/bupt_hjk/sdp_dataset/elderAL/action3_sleep_new/user1_position7_activity3/20250813=192257_mimo5s_part0.csv,1,7,3,19,5.616264,0.232939,0.8283487999999999,0.9336019999999999,1,3.2049775437906765,5,11,2.396827,3.3653401999999994,0.4267653728528431,0.5789473684210527,0
644,/home/test/bupt_hjk/sdp_dataset/elderAL/action3_sleep_new/user2_position7_activity3/20250813=193119_mimo5s_part0.csv,2,7,3,21,6.999432,0.1653834999999999,0.8360421000000009,2.002625,0,2.857374712690973,5,11,1.543259,5.445379,0.22048346208663788,0.5238095238095238,0
645,/home/test/bupt_hjk/sdp_dataset/elderAL/action3_sleep_new/user1_position7_activity3/20250813=192405_mimo5s_part0.csv,1,7,3,21,5.067625,0.20905749999999967,0.5999510000000001,0.7510239999999999,0,3.9466219382846996,5,11,2.358081,3.0858529999999997,0.46532271034261613,0.5238095238095238,0
646,/home/test/bupt_hjk/sdp_dataset/elderAL/action3_sleep_new/user1_position7_activity3/20250813=192325_mimo5s_part0.csv,1,7,3,17,4.977421,0.15552,0.8679349999999997,1.1335300000000001,0,3.2145161118579284,5,11,2.8065809999999995,4.1995097999999995,0.563862490233396,0.6470588235294118,0
647,/home/test/bupt_hjk/sdp_dataset/elderAL/action3_sleep_new/user0_position6_activity3/20250813=191734_mimo5s_part0.csv,0,6,3,7,3.453385,0.36181950000000007,1.258975,1.599685,0,1.7374257431476654,5,11,3.453385,3.453385,1.0,1.0,1
648,/home/test/bupt_hjk/sdp_dataset/elderAL/action3_sleep_new/user1_position7_activity3/20250813=192355_mimo5s_part0.csv,1,7,3,34,5.228515,0.11611099999999985,0.4478388000000003,0.826816,0,6.311543526221117,5,11,1.123135,2.5827525,0.21480955873704102,0.3235294117647059,0
649,/home/test/bupt_hjk/sdp_dataset/elderAL/action3_sleep_new/user1_position7_activity3/20250813=192444_mimo5s_part0.csv,1,7,3,31,4.538999,0.038230499999999834,0.3284328000000001,1.444092,0,6.609386783297375,5,11,0.8818539999999997,2.634299,0.19428380574659737,0.3548387096774194,0
650,/home/test/bupt_hjk/sdp_dataset/elderAL/action3_sleep_new/user1_position7_activity3/20250813=192315_mimo5s_part0.csv,1,7,3,23,6.265796,0.18098199999999975,0.4812081000000001,1.928754,0,3.5111261202886275,5,11,2.239776,3.3314039999999996,0.3574607280543446,0.4782608695652174,0
651,/home/test/bupt_hjk/sdp_dataset/elderAL/action3_sleep_new/user0_position6_activity3/20250813=191900_mimo5s_part0.csv,0,6,3,18,1.778926,0.08807600000000004,0.243398,0.260942,0,9.556327806777798,5,11,1.0199340000000001,1.2066177,0.5733425673693004,0.6111111111111112,0
652,/home/test/bupt_hjk/sdp_dataset/elderAL/action3_sleep_new/user1_position7_activity3/20250813=192345_mimo5s_part0.csv,1,7,3,34,4.426703,0.056869999999999976,0.29725919999999995,1.098608,0,7.454758089711463,5,11,0.8101814999999999,2.5018141,0.18302142700786567,0.3235294117647059,0
653,/home/test/bupt_hjk/sdp_dataset/elderAL/action3_sleep_new/user0_position6_activity3/20250813=191823_mimo5s_part0.csv,0,6,3,17,5.057326,0.19611399999999973,0.47701799999999994,1.999025,0,3.163727234510886,5,11,3.0803719999999997,3.8123069999999997,0.6090910493015479,0.6470588235294118,0
654,/home/test/bupt_hjk/sdp_dataset/elderAL/action3_sleep_new/user0_position6_activity3/20250813=191754_mimo5s_part0.csv,0,6,3,8,5.201417999999999,0.7508024999999998,1.4392359999999997,1.4813709999999998,1,1.3457868604292138,5,11,4.8093725,5.201417999999999,0.9246271882013714,1.0,1
655,/home/test/bupt_hjk/sdp_dataset/elderAL/action3_sleep_new/user0_position6_activity3/20250813=191716_mimo5s_part0.csv,0,6,3,27,5.375268999999999,0.12947299999999995,0.41020900000000005,1.480508,0,4.836967228988913,5,11,1.5662910000000005,2.5936958000000003,0.29138839377154907,0.4074074074074074,0
656,/home/test/bupt_hjk/sdp_dataset/elderAL/action3_sleep_new/user0_position6_activity3/20250813=191919_mimo5s_part0.csv,0,6,3,13,3.697834,0.20248699999999997,0.6130605000000001,1.3231669999999998,0,3.2451429674777184,5,11,2.230149,2.946152,0.6030960286481222,0.8461538461538461,0
657,/home/test/bupt_hjk/sdp_dataset/elderAL/action3_sleep_new/user0_position6_activity3/20250813=191804_mimo5s_part0.csv,0,6,3,35,6.119072,0.008065000000000211,0.3554072000000001,1.744138,1,5.556398094351562,5,11,0.4206570000000003,5.0660184,0.06874522803457783,0.3142857142857143,0
658,/home/test/bupt_hjk/sdp_dataset/elderAL/action3_sleep_new/user0_position6_activity3/20250813=191707_mimo5s_part0.csv,0,6,3,22,5.169998,0.1788400000000001,0.5624717000000005,0.869164,1,4.061897122590763,5,11,2.150417,3.1119536,0.41594155355572676,0.5,0
659,/home/test/bupt_hjk/sdp_dataset/elderAL/action3_sleep_new/user0_position6_activity3/20250813=191744_mimo5s_part0.csv,0,6,3,28,5.891902,0.08897399999999989,0.5274610000000001,1.32819,1,4.582560945514708,5,11,0.9145719999999997,4.2345334,0.15522525663189912,0.39285714285714285,0
660,/home/test/bupt_hjk/sdp_dataset/elderAL/action3_sleep_new/user0_position6_activity3/20250813=191909_mimo5s_part0.csv,0,6,3,18,4.906806,0.13483299999999976,0.8233300000000003,1.717636,1,3.464575530395944,5,11,2.4295279999999995,3.8444399999999996,0.49513430936539976,0.6111111111111112,0
661,/home/test/bupt_hjk/sdp_dataset/elderAL/action3_sleep_new/user0_position6_activity3/20250813=191841_mimo5s_part0.csv,0,6,3,24,2.2363139999999997,0.04414,0.20983139999999986,0.42531700000000017,0,10.284781117499602,5,11,0.768392,1.2161201,0.34359754488859795,0.4583333333333333,0
662,/home/test/bupt_hjk/sdp_dataset/elderAL/action3_sleep_new/user0_position6_activity3/20250813=191813_mimo5s_part0.csv,0,6,3,40,4.823024,0.033023000000000025,0.34473640000000005,0.811259,0,8.086213131014897,5,11,0.9079264999999999,2.0734255,0.1882483893922153,0.275,0
663,/home/test/bupt_hjk/sdp_dataset/elderAL/action3_sleep_new/user2_position2_activity3/20250813=183415_mimo5s_part0.csv,2,2,3,77,7.4572389999999995,0.019766000000000172,0.21048800000000023,2.394274,0,10.191439485847242,5,11,0.47833900000000007,1.8490912000000017,0.06414424963448269,0.14285714285714285,0
664,/home/test/bupt_hjk/sdp_dataset/elderAL/action3_sleep_new/user1_position3_activity3/20250813=184322_mimo5s_part0.csv,1,3,3,14,5.016845,0.20479000000000003,0.6009930000000001,2.777215,0,2.591270011331823,5,11,3.8497585,4.2121125,0.7673664424553679,0.7857142857142857,0
665,/home/test/bupt_hjk/sdp_dataset/elderAL/action3_sleep_new/user0_position6_activity3/20250813=191725_mimo5s_part0.csv,0,6,3,25,3.30973,0.04176399999999991,0.3734146,0.9653039999999997,1,7.251346786595885,5,11,1.015798,2.0514844,0.306912648463772,0.44,0
666,/home/test/bupt_hjk/sdp_dataset/elderAL/action3_sleep_new/user1_position3_activity3/20250813=184254_mimo5s_part0.csv,1,3,3,7,4.036197,0.3662764999999999,1.4303024999999998,1.494249,0,1.4865478568067914,5,11,4.036197,4.036197,1.0,1.0,1
667,/home/test/bupt_hjk/sdp_dataset/elderAL/action3_sleep_new/user1_position3_activity3/20250813=184411_mimo5s_part0.csv,1,3,3,18,4.6881379999999995,0.18481499999999995,0.6465749999999998,1.607126,1,3.6261731203305025,5,11,3.052694,3.7337387,0.6511527604349531,0.6111111111111112,0
668,/home/test/bupt_hjk/sdp_dataset/elderAL/action3_sleep_new/user1_position7_activity3/20250813=192306_mimo5s_part0.csv,1,7,3,55,5.124726,0.009743999999999975,0.27303109999999997,0.8639429999999999,2,10.537148717804621,5,11,0.9063379999999999,1.5948422000000004,0.17685589434440005,0.2,0
669,/home/test/bupt_hjk/sdp_dataset/elderAL/action3_sleep_new/user1_position3_activity3/20250813=184342_mimo5s_part0.csv,1,3,3,21,5.322527,0.18981100000000017,0.7659283999999997,1.283126,1,3.7576136297664626,5,11,2.396433,2.9509879999999997,0.45024346518110664,0.5238095238095238,0
670,/home/test/bupt_hjk/sdp_dataset/elderAL/action3_sleep_new/user1_position3_activity3/20250813=184244_mimo5s_part0.csv,1,3,3,25,4.858315999999999,0.09647000000000006,0.38669780000000026,1.4655319999999998,1,4.939983319322993,5,11,0.8950249999999995,3.5852928,0.1842253570990441,0.44,0
671,/home/test/bupt_hjk/sdp_dataset/elderAL/action3_sleep_new/user0_position6_activity3/20250813=191832_mimo5s_part0.csv,0,6,3,35,3.4921409999999997,0.014902999999999889,0.3047976,0.4606969999999999,1,9.736147538143506,5,11,1.023299,1.2884391999999998,0.29302911881278565,0.3142857142857143,0
672,/home/test/bupt_hjk/sdp_dataset/elderAL/action3_sleep_new/user1_position3_activity3/20250813=184431_mimo5s_part0.csv,1,3,3,21,4.316496,0.15201599999999993,0.43246920000000055,1.05281,0,4.63338782197412,5,11,1.735151,2.603296,0.40198137563431086,0.5238095238095238,0
673,/home/test/bupt_hjk/sdp_dataset/elderAL/action3_sleep_new/user1_position3_activity3/20250813=184234_mimo5s_part0.csv,1,3,3,11,4.101379,0.3826735,0.8650516999999999,0.9407299999999998,0,2.438204321034462,5,11,2.999269,3.8728169999999995,0.7312830635744709,1.0,1
674,/home/test/bupt_hjk/sdp_dataset/elderAL/action3_sleep_new/user1_position3_activity3/20250813=184441_mimo5s_part0.csv,1,3,3,7,3.2497879999999997,0.2131935,1.3280079999999996,1.3540899999999998,0,1.8462742800453447,5,11,3.2497879999999997,3.2497879999999997,1.0,1.0,1
675,/home/test/bupt_hjk/sdp_dataset/elderAL/action3_sleep_new/user1_position3_activity3/20250813=184332_mimo5s_part0.csv,1,3,3,41,2.3883259999999997,0.009615499999999952,0.18650500000000003,0.30864899999999973,0,16.74813237388866,5,11,0.5138240000000001,0.84696,0.21513980922202416,0.2682926829268293,0
676,/home/test/bupt_hjk/sdp_dataset/elderAL/action3_sleep_new/user1_position3_activity3/20250813=184422_mimo5s_part0.csv,1,3,3,15,4.04153,0.12504099999999996,1.0668934000000005,1.4115599999999997,1,3.464034660141085,5,11,2.460355,3.1994447999999998,0.6087682140179586,0.7333333333333333,0
677,/home/test/bupt_hjk/sdp_dataset/elderAL/action3_sleep_new/user1_position3_activity3/20250813=184312_mimo5s_part0.csv,1,3,3,14,5.006559,0.2574559999999999,0.9419370000000002,1.4689210000000004,0,2.596593788268549,5,11,2.8401365,3.5935333000000007,0.5672831379795983,0.7857142857142857,0
678,/home/test/bupt_hjk/sdp_dataset/elderAL/action3_sleep_new/user1_position3_activity3/20250813=184303_mimo5s_part0.csv,1,3,3,18,5.161519,0.14846100000000018,0.9398682000000002,1.2451690000000002,0,3.2936040727545515,5,11,2.066111,4.3085302,0.4002912708448811,0.6111111111111112,0
679,/home/test/bupt_hjk/sdp_dataset/elderAL/action3_sleep_new/user2_position5_activity3/20250813=190830_mimo5s_part0.csv,2,5,3,78,4.895712,0.010234000000000076,0.19838440000000007,0.47319599999999973,0,15.728049362380794,5,11,0.5705484999999999,0.8906275999999997,0.11654045417704309,0.14102564102564102,0
680,/home/test/bupt_hjk/sdp_dataset/elderAL/action3_sleep_new/user2_position4_activity3/20250813=185412_mimo5s_part0.csv,2,4,3,14,4.945474,0.2048540000000001,1.1615346000000004,1.650209,0,2.6286661298795626,5,11,3.7876899999999996,4.684726899999999,0.7658901856525784,0.7857142857142857,0
681,/home/test/bupt_hjk/sdp_dataset/elderAL/action3_sleep_new/user1_position3_activity3/20250813=184401_mimo5s_part0.csv,1,3,3,28,5.241814,0.07423099999999982,0.43211749999999993,1.506875,1,5.150888604593754,5,11,1.5758635,2.547816,0.30063323498315664,0.39285714285714285,0
682,/home/test/bupt_hjk/sdp_dataset/elderAL/action3_sleep_new/user2_position4_activity3/20250813=185308_mimo5s_part0.csv,2,4,3,19,5.484014,0.1262270000000001,0.7996580000000002,1.654492,1,3.282267331921472,5,11,3.146534,3.8941954,0.5737647642766776,0.5789473684210527,0
683,/home/test/bupt_hjk/sdp_dataset/elderAL/action3_sleep_new/user2_position4_activity3/20250813=185257_mimo5s_part0.csv,2,4,3,14,3.447818,0.2041949999999999,0.6150974000000002,0.9888899999999998,0,3.770500647075919,5,11,2.2425359999999994,3.0174222,0.6504218030070031,0.7857142857142857,0
684,/home/test/bupt_hjk/sdp_dataset/elderAL/action3_sleep_new/user1_position3_activity3/20250813=184450_mimo5s_part0.csv,1,3,3,25,4.023521,0.04511199999999982,0.3410484000000001,1.46773,2,5.964924751231571,5,11,1.0470089999999996,2.6213732,0.26022207911925893,0.44,0
685,/home/test/bupt_hjk/sdp_dataset/elderAL/action3_sleep_new/user2_position4_activity3/20250813=185207_mimo5s_part0.csv,2,4,3,14,2.6967209999999997,0.18259900000000007,0.41792140000000016,0.48639,0,4.820669249803744,5,11,1.6082189999999998,1.9131671,0.5963609138653944,0.7857142857142857,0
686,/home/test/bupt_hjk/sdp_dataset/elderAL/action3_sleep_new/user2_position4_activity3/20250813=185432_mimo5s_part0.csv,2,4,3,20,5.210126,0.19208099999999995,0.7047343999999999,0.8985430000000001,0,3.6467448196070498,5,11,2.203621,2.9369881000000007,0.42294965611196356,0.55,0
687,/home/test/bupt_hjk/sdp_dataset/elderAL/action3_sleep_new/user2_position4_activity3/20250813=185422_mimo5s_part0.csv,2,4,3,14,5.287894,0.208399,0.5825910000000003,2.729805,0,2.4584456496291343,5,11,4.19838,4.4081245,0.7939606958838434,0.7857142857142857,0
688,/home/test/bupt_hjk/sdp_dataset/elderAL/action3_sleep_new/user2_position4_activity3/20250813=185227_mimo5s_part0.csv,2,4,3,14,3.567049,0.18746849999999998,0.6476333000000001,0.9909380000000001,1,3.644469139616529,5,11,2.5274659999999995,3.1444132,0.7085593721869252,0.7857142857142857,0
689,/home/test/bupt_hjk/sdp_dataset/elderAL/action3_sleep_new/user2_position4_activity3/20250813=185247_mimo5s_part0.csv,2,4,3,31,3.8631659999999997,0.03471399999999997,0.302363,1.2310329999999996,1,7.765651281876058,5,11,0.780596,2.023994,0.2020612109342441,0.3548387096774194,0
690,/home/test/bupt_hjk/sdp_dataset/elderAL/action3_sleep_new/user2_position4_activity3/20250813=185318_mimo5s_part0.csv,2,4,3,14,4.558726,0.2614129999999999,0.6998398000000001,0.9247480000000001,0,2.8516739106495983,5,11,2.4474465,3.0320391,0.536870717827744,0.7857142857142857,0
691,/home/test/bupt_hjk/sdp_dataset/elderAL/action3_sleep_new/user2_position4_activity3/20250813=185237_mimo5s_part0.csv,2,4,3,14,3.51192,0.22439199999999992,0.6574892000000002,0.7913129999999999,0,3.701678853732431,5,11,2.248404,3.0532201,0.6402207339574933,0.7857142857142857,0
692,/home/test/bupt_hjk/sdp_dataset/elderAL/action3_sleep_new/user2_position4_activity3/20250813=185341_mimo5s_part0.csv,2,4,3,18,4.297242,0.20434850000000004,0.555291,1.150655,1,3.9560257486080608,5,11,2.5703055,3.1767647,0.5981291023405245,0.6111111111111112,0
693,/home/test/bupt_hjk/sdp_dataset/elderAL/action3_sleep_new/user0_position4_activity3/20250813=185656_mimo5s_part0.csv,0,4,3,11,6.67608,0.45383700000000005,1.7496182000000002,2.0242190000000004,1,1.4978849863992043,5,11,4.295923,4.995112,0.643479856442703,1.0,1
694,/home/test/bupt_hjk/sdp_dataset/elderAL/action3_sleep_new/user0_position4_activity3/20250813=185523_mimo5s_part0.csv,0,4,3,16,4.34545,0.20154300000000003,0.6823102,1.429975,2,3.451886455948176,5,11,2.5981249999999996,3.0318974999999995,0.5978954998906902,0.6875,0
695,/home/test/bupt_hjk/sdp_dataset/elderAL/action3_sleep_new/user0_position4_activity3/20250813=185541_mimo5s_part0.csv,0,4,3,15,2.932861,0.08000399999999996,0.49751040000000013,1.294247,1,4.77349591405798,5,11,1.074567,2.2469114,0.36638865599153864,0.7333333333333333,0
696,/home/test/bupt_hjk/sdp_dataset/elderAL/action3_sleep_new/user0_position4_activity3/20250813=185715_mimo5s_part0.csv,0,4,3,17,4.36425,0.16553550000000028,0.7695124999999998,1.085086,0,3.666151114166237,5,11,2.1764250000000005,3.1685636,0.49869393366557835,0.6470588235294118,0
697,/home/test/bupt_hjk/sdp_dataset/elderAL/action3_sleep_new/user2_position4_activity3/20250813=185402_mimo5s_part0.csv,2,4,3,24,4.267577,0.15007700000000002,0.40935039999999995,0.788766,0,5.389475104960027,5,11,1.7489759999999999,2.0368309,0.409828809181416,0.4583333333333333,0
698,/home/test/bupt_hjk/sdp_dataset/elderAL/action3_sleep_new/user0_position4_activity3/20250813=185617_mimo5s_part0.csv,0,4,3,22,3.407187,0.0922115,0.5499068,0.579642,1,6.163442159177057,5,11,1.0435439999999998,2.3833182000000006,0.3062772897407744,0.5,0
699,/home/test/bupt_hjk/sdp_dataset/elderAL/action3_sleep_new/user0_position4_activity3/20250813=185705_mimo5s_part0.csv,0,4,3,22,5.5030909999999995,0.1118094999999999,0.7774232000000005,1.2140329999999997,1,3.8160372052724556,5,11,2.1173205,3.6106734000000005,0.38475113349933704,0.5,0
700,/home/test/bupt_hjk/sdp_dataset/elderAL/action3_sleep_new/user0_position4_activity3/20250813=185505_mimo5s_part0.csv,0,4,3,28,4.976211,0.13910950000000033,0.4718485,0.7482539999999998,1,5.42581494233263,5,11,1.5069494999999997,2.7007544999999995,0.30283070794224753,0.39285714285714285,0
701,/home/test/bupt_hjk/sdp_dataset/elderAL/action3_sleep_new/user2_position4_activity3/20250813=185217_mimo5s_part0.csv,2,4,3,37,4.887162,0.09387349999999994,0.3339599999999999,0.721092,0,7.366238319908364,5,11,1.0496889999999999,1.9385649999999999,0.21478498154961917,0.2972972972972973,0
702,/home/test/bupt_hjk/sdp_dataset/elderAL/action3_sleep_new/user0_position4_activity3/20250813=185636_mimo5s_part0.csv,0,4,3,25,5.035595,0.08586899999999975,0.5738964,1.36038,1,4.766070345212433,5,11,1.923033,2.5118219999999996,0.38188793975687085,0.44,0
703,/home/test/bupt_hjk/sdp_dataset/elderAL/action3_sleep_new/user0_position4_activity3/20250813=185626_mimo5s_part0.csv,0,4,3,15,4.512715,0.263825,0.6450051999999997,1.0927130000000003,1,3.1023452622201932,5,11,2.8765140000000002,3.706252,0.6374242556864327,0.7333333333333333,0
704,/home/test/bupt_hjk/sdp_dataset/elderAL/action3_sleep_new/user0_position4_activity3/20250813=185608_mimo5s_part0.csv,0,4,3,14,5.225994,0.31211399999999934,0.6857648000000001,2.024966,0,2.4875650450421487,5,11,3.4602699999999995,4.3386375,0.6621266691083073,0.7857142857142857,0
705,/home/test/bupt_hjk/sdp_dataset/elderAL/action3_sleep_new/user0_position4_activity3/20250813=185550_mimo5s_part0.csv,0,4,3,25,6.335141999999999,0.2042009999999994,0.5874138000000001,1.693153,1,3.7883917992682723,5,11,1.8817380000000004,4.150760999999999,0.29703170031547843,0.44,0
706,/home/test/bupt_hjk/sdp_dataset/elderAL/action3_sleep_new/user0_position8_activity3/20250813=193657_mimo5s_part0.csv,0,8,3,11,3.9912859999999997,0.41640249999999995,0.8049866999999999,1.059288,0,2.5054581405592082,5,11,3.24184,3.979962,0.8122294418390464,1.0,1
707,/home/test/bupt_hjk/sdp_dataset/elderAL/action3_sleep_new/user0_position4_activity3/20250813=185559_mimo5s_part0.csv,0,4,3,14,3.390704,0.07517200000000024,0.33940060000000016,1.9301959999999998,0,3.834012051774499,5,11,1.725941,2.8572232,0.5090214303578254,0.7857142857142857,0
708,/home/test/bupt_hjk/sdp_dataset/elderAL/action3_sleep_new/user0_position8_activity3/20250813=193733_mimo5s_part0.csv,0,8,3,16,4.2135039999999995,0.15525900000000004,1.1460676000000007,1.398542,2,3.559982380460539,5,11,2.1617324999999994,2.438784,0.5130486407512607,0.6875,0
709,/home/test/bupt_hjk/sdp_dataset/elderAL/action3_sleep_new/user0_position4_activity3/20250813=185646_mimo5s_part0.csv,0,4,3,31,4.830432,0.025387499999999896,0.3385292999999998,1.454464,0,6.210624639783771,5,11,0.8564639999999999,2.925435,0.17730588071625888,0.3548387096774194,0
710,/home/test/bupt_hjk/sdp_dataset/elderAL/action3_sleep_new/user0_position8_activity3/20250813=193557_mimo5s_part0.csv,0,8,3,15,5.442654999999999,0.31181400000000004,0.8699548,1.4234630000000004,1,2.5722740096515397,5,11,3.564413,4.448524,0.6549033513974338,0.7333333333333333,0
711,/home/test/bupt_hjk/sdp_dataset/elderAL/action3_sleep_new/user0_position8_activity3/20250813=193801_mimo5s_part0.csv,0,8,3,14,4.486013,0.23170400000000013,0.6596222000000003,1.5639279999999998,0,2.897896194237511,5,11,3.192265,4.0854933,0.7116040457305852,0.7857142857142857,0
712,/home/test/bupt_hjk/sdp_dataset/elderAL/action3_sleep_new/user0_position8_activity3/20250813=193627_mimo5s_part0.csv,0,8,3,17,4.749143,0.16497349999999994,0.519907,1.6891909999999999,0,3.3690288963714083,5,11,2.96361,3.5500996000000002,0.6240304829734543,0.6470588235294118,0
713,/home/test/bupt_hjk/sdp_dataset/elderAL/action3_sleep_new/user0_position8_activity3/20250813=193607_mimo5s_part0.csv,0,8,3,15,4.916493,0.20938500000000015,1.2340088000000007,1.4812880000000002,1,2.847558208666218,5,11,2.5664000000000002,2.9773137999999997,0.5219980990514987,0.7333333333333333,0
714,/home/test/bupt_hjk/sdp_dataset/elderAL/action3_sleep_new/user0_position8_activity3/20250813=193724_mimo5s_part0.csv,0,8,3,15,6.165144,0.20456299999999983,1.2496814000000007,2.769128,1,2.2708309814012457,5,11,3.022703,5.4259828,0.4902891157124635,0.7333333333333333,0
715,/home/test/bupt_hjk/sdp_dataset/elderAL/action3_sleep_new/user2_position4_activity3/20250813=185352_mimo5s_part0.csv,2,4,3,67,4.854317,0.01255699999999993,0.265398,0.486012,0,13.596145451564041,5,11,0.7167690000000002,0.9653345999999999,0.14765599362381984,0.16417910447761194,0
716,/home/test/bupt_hjk/sdp_dataset/elderAL/action3_sleep_new/user0_position4_activity3/20250813=185514_mimo5s_part0.csv,0,4,3,35,6.795487,0.12205099999999991,0.5871810000000003,1.113375,1,5.0033205861478365,5,11,1.046347,3.8874954000000006,0.15397674956923615,0.3142857142857143,0
717,/home/test/bupt_hjk/sdp_dataset/elderAL/action3_sleep_new/user0_position8_activity3/20250813=193617_mimo5s_part0.csv,0,8,3,30,4.552296,0.11123399999999994,0.3066451999999997,0.6740769999999996,0,6.370411765842994,5,11,1.3903205,1.7769661,0.30541083005147296,0.36666666666666664,0
718,/home/test/bupt_hjk/sdp_dataset/elderAL/action3_sleep_new/user0_position8_activity3/20250813=193811_mimo5s_part0.csv,0,8,3,18,5.002286,0.18150200000000005,0.4562449999999999,2.184701,1,3.3984462303834686,5,11,2.1102119999999998,3.0557482,0.4218495303947035,0.6111111111111112,0
719,/home/test/bupt_hjk/sdp_dataset/elderAL/action3_sleep_new/user0_position8_activity3/20250813=193706_mimo5s_part0.csv,0,8,3,12,5.189068,0.2895759999999999,1.3117465,1.478332,1,2.1198411737907463,5,11,3.1129919999999998,5.0469526,0.5999135104801093,0.9166666666666666,0
720,/home/test/bupt_hjk/sdp_dataset/elderAL/action3_sleep_new/user0_position4_activity3/20250813=185532_mimo5s_part0.csv,0,4,3,38,5.69172,0.03576800000000002,0.2294336,2.7490279999999996,0,6.500671150372822,5,11,0.7355665000000005,4.0557362,0.12923448447920846,0.2894736842105263,0
721,/home/test/bupt_hjk/sdp_dataset/elderAL/action3_sleep_new/user0_position8_activity3/20250813=193752_mimo5s_part0.csv,0,8,3,24,5.435185,0.09460999999999986,0.4575121999999999,1.4659309999999999,0,4.231686685917775,5,11,1.893835,3.1303180999999998,0.3484398415141343,0.4583333333333333,0
722,/home/test/bupt_hjk/sdp_dataset/elderAL/action3_sleep_new/user0_position8_activity3/20250813=193637_mimo5s_part0.csv,0,8,3,16,3.226244,0.16090500000000008,0.4873598,0.806881,2,4.6493693595400725,5,11,2.0186805,2.3880584999999996,0.6257060842267355,0.6875,0
723,/home/test/bupt_hjk/sdp_dataset/elderAL/action3_sleep_new/user2_position4_activity3/20250813=185330_mimo5s_part0.csv,2,4,3,73,5.0189129999999995,0.014835999999999946,0.23179249999999976,0.47803799999999974,0,14.345735819688448,5,11,0.586938,1.180077,0.11694524292411525,0.1506849315068493,0
724,/home/test/bupt_hjk/sdp_dataset/elderAL/action3_sleep_new/user0_position8_activity3/20250813=193715_mimo5s_part0.csv,0,8,3,15,4.605039,0.2643089999999999,0.7053212,0.8989389999999999,1,3.040147977031248,5,11,2.561168,3.1056204,0.5561664081455119,0.7333333333333333,0
725,/home/test/bupt_hjk/sdp_dataset/elderAL/action3_sleep_new/user0_position3_activity3/20250813=184601_mimo5s_part0.csv,0,3,3,15,4.181965,0.11250500000000052,1.036554,1.176277,1,3.3477085532757926,5,11,2.695703,2.9876757999999994,0.6446019992993725,0.7333333333333333,0
726,/home/test/bupt_hjk/sdp_dataset/elderAL/action3_sleep_new/user0_position3_activity3/20250813=184619_mimo5s_part0.csv,0,3,3,15,1.6308369999999999,0.09615699999999999,0.29210860000000005,0.3432029999999999,1,8.584548915679495,5,11,0.8099239999999999,1.0243212,0.49663087114162846,0.7333333333333333,0
727,/home/test/bupt_hjk/sdp_dataset/elderAL/action3_sleep_new/user0_position8_activity3/20250813=193743_mimo5s_part0.csv,0,8,3,21,5.397246,0.0685579999999999,0.7108317000000005,1.432334,0,3.7055935564174765,5,11,1.8545409999999998,4.676908,0.3436087589856011,0.5238095238095238,0
728,/home/test/bupt_hjk/sdp_dataset/elderAL/action3_sleep_new/user0_position8_activity3/20250813=193647_mimo5s_part0.csv,0,8,3,42,4.692826,0.05345649999999996,0.18297709999999998,1.4684239999999997,1,8.736739866340665,5,11,0.7066925,2.1958116999999997,0.15058996434131586,0.2619047619047619,0
729,/home/test/bupt_hjk/sdp_dataset/elderAL/action3_sleep_new/user0_position3_activity3/20250813=184629_mimo5s_part0.csv,0,3,3,17,4.921529,0.23039949999999987,0.6904705,1.1733189999999998,0,3.251022192493431,5,11,2.972759,3.570518,0.6040315926209111,0.6470588235294118,0
730,/home/test/bupt_hjk/sdp_dataset/elderAL/action3_sleep_new/user0_position3_activity3/20250813=184706_mimo5s_part0.csv,0,3,3,26,4.592238,0.17832399999999993,0.3949472,0.656018,2,5.443968714165076,5,11,1.627793,2.0947240000000003,0.3544661666054765,0.4230769230769231,0
731,/home/test/bupt_hjk/sdp_dataset/elderAL/action3_sleep_new/user0_position3_activity3/20250813=184543_mimo5s_part0.csv,0,3,3,18,5.086876,0.11108999999999991,0.9927955,1.4679190000000002,1,3.341933241541567,5,11,2.950297,4.487058,0.5799820951011977,0.6111111111111112,0
732,/home/test/bupt_hjk/sdp_dataset/elderAL/action3_sleep_new/user0_position3_activity3/20250813=184610_mimo5s_part0.csv,0,3,3,17,5.408059,0.2331295,0.7598825,1.3597569999999999,0,2.958547604602687,5,11,3.031258,4.0045703999999995,0.5605075684270456,0.6470588235294118,0
733,/home/test/bupt_hjk/sdp_dataset/elderAL/action3_sleep_new/user0_position3_activity3/20250813=184534_mimo5s_part0.csv,0,3,3,17,5.397015,0.20602849999999995,0.9089465000000001,1.413742,0,2.964601728918671,5,11,2.7472669999999995,4.107364199999999,0.5090345311250756,0.6470588235294118,0
734,/home/test/bupt_hjk/sdp_dataset/elderAL/action3_sleep_new/user0_position3_activity3/20250813=184524_mimo5s_part0.csv,0,3,3,11,5.024235,0.5157695000000002,0.7976897999999998,0.9912509999999999,0,1.990352760171449,5,11,3.631827,4.820128,0.7228616893915193,1.0,1
735,/home/test/bupt_hjk/sdp_dataset/elderAL/action3_sleep_new/user0_position3_activity3/20250813=184552_mimo5s_part0.csv,0,3,3,23,4.616976999999999,0.19149400000000028,0.4473012000000001,0.978711,0,4.765022654433843,5,11,1.7795369999999995,2.3480578,0.38543336906378345,0.4782608695652174,0
736,/home/test/bupt_hjk/sdp_dataset/elderAL/action3_sleep_new/user0_position3_activity3/20250813=184657_mimo5s_part0.csv,0,3,3,11,4.034618,0.205538,0.9902620000000002,2.023794,1,2.4785493942673136,5,11,3.1459460000000004,3.776884,0.7797382552697679,1.0,1
737,/home/test/bupt_hjk/sdp_dataset/elderAL/action3_sleep_new/user0_position3_activity3/20250813=184638_mimo5s_part0.csv,0,3,3,25,3.867013,0.12081899999999998,0.30843259999999995,0.9863010000000001,1,6.206340656211913,5,11,0.970936,2.6211938000000004,0.25108164880749045,0.44,0
738,/home/test/bupt_hjk/sdp_dataset/elderAL/action3_sleep_new/user0_position3_activity3/20250813=184715_mimo5s_part0.csv,0,3,3,14,4.567524,0.20418499999999995,0.8369597999999997,1.311346,0,2.8461809943417924,5,11,3.5038975,4.0583787,0.76713280543244,0.7857142857142857,0
739,/home/test/bupt_hjk/sdp_dataset/elderAL/action3_sleep_new/user0_position3_activity3/20250813=184733_mimo5s_part0.csv,0,3,3,18,3.973779,0.12464750000000024,0.611495,1.3811349999999998,1,4.278043645607871,5,11,1.6541215,2.3775843,0.4162590571846094,0.6111111111111112,0
740,/home/test/bupt_hjk/sdp_dataset/elderAL/action3_sleep_new/user0_position9_activity3/20250813=194425_mimo5s_part0.csv,0,9,3,15,6.108403,0.300316,1.1733518000000003,1.482509,1,2.291924746942859,5,11,4.26191,5.2210934,0.69771264273166,0.7333333333333333,0
741,/home/test/bupt_hjk/sdp_dataset/elderAL/action3_sleep_new/user0_position9_activity3/20250813=194610_mimo5s_part0.csv,0,9,3,15,4.960154999999999,0.25683999999999996,0.7167714000000002,1.9783769999999998,1,2.8224924422724698,5,11,3.401001,4.4439398,0.6856642584757937,0.7333333333333333,0
742,/home/test/bupt_hjk/sdp_dataset/elderAL/action3_sleep_new/user0_position9_activity3/20250813=194531_mimo5s_part0.csv,0,9,3,13,2.236636,0.14184249999999987,0.39383820000000014,0.7364149999999999,0,5.365200238214891,5,11,1.2479329999999997,1.828872,0.5579508690730185,0.8461538461538461,0
743,/home/test/bupt_hjk/sdp_dataset/elderAL/action3_sleep_new/user0_position3_activity3/20250813=184724_mimo5s_part0.csv,0,3,3,37,6.671176,0.0687835,0.4570835000000004,1.4395229999999999,0,5.396349908921605,5,11,1.3678439999999998,3.0657062,0.20503791235608232,0.2972972972972973,0
744,/home/test/bupt_hjk/sdp_dataset/elderAL/action3_sleep_new/user0_position9_activity3/20250813=194502_mimo5s_part0.csv,0,9,3,14,5.024935999999999,0.26037699999999964,0.741061,1.444652,0,2.587097626716042,5,11,3.800051,4.3986169,0.7562386864230709,0.7857142857142857,0
745,/home/test/bupt_hjk/sdp_dataset/elderAL/action3_sleep_new/user0_position9_activity3/20250813=194619_mimo5s_part0.csv,0,9,3,11,5.484203,0.3737640000000002,1.2015208999999991,1.635482,0,1.8234190091067015,5,11,4.069955,5.480386,0.7421233313208866,1.0,1
746,/home/test/bupt_hjk/sdp_dataset/elderAL/action3_sleep_new/user0_position9_activity3/20250813=194434_mimo5s_part0.csv,0,9,3,17,3.857983,0.15538699999999983,0.507658,1.137813,0,4.1472448167863885,5,11,1.9324519999999998,2.3419566,0.5008969712930306,0.6470588235294118,0
747,/home/test/bupt_hjk/sdp_dataset/elderAL/action3_sleep_new/user0_position9_activity3/20250813=194541_mimo5s_part0.csv,0,9,3,15,5.010415,0.256748,1.0410898,1.164551,1,2.7941797236356667,5,11,3.140181,4.2118092,0.6267307199104266,0.7333333333333333,0
748,/home/test/bupt_hjk/sdp_dataset/elderAL/action3_sleep_new/user0_position9_activity3/20250813=194512_mimo5s_part0.csv,0,9,3,21,4.01464,0.20138199999999973,0.46209039999999996,0.714467,1,4.981766733754458,5,11,1.6405629999999998,2.3562469999999998,0.40864510890142075,0.5238095238095238,0
749,/home/test/bupt_hjk/sdp_dataset/elderAL/action3_sleep_new/user0_position9_activity3/20250813=194628_mimo5s_part0.csv,0,9,3,18,3.9985429999999997,0.09770199999999996,0.6459145,1.4887359999999998,1,4.251548626587235,5,11,1.850311,2.2005462,0.4627463053417208,0.6111111111111112,0
750,/home/test/bupt_hjk/sdp_dataset/elderAL/action3_sleep_new/user0_position9_activity3/20250813=194453_mimo5s_part0.csv,0,9,3,18,3.080495,0.20469800000000005,0.42982699999999996,0.5791179999999998,1,5.518593602651522,5,11,1.349031,2.0108261,0.43792669684579916,0.6111111111111112,0
751,/home/test/bupt_hjk/sdp_dataset/elderAL/action3_sleep_new/user0_position9_activity3/20250813=194522_mimo5s_part0.csv,0,9,3,15,5.749661,0.24179200000000023,1.1702454,1.25631,1,2.434926163472942,5,11,3.502589,4.999341599999999,0.6091818282851806,0.7333333333333333,0
752,/home/test/bupt_hjk/sdp_dataset/elderAL/action3_sleep_new/user0_position9_activity3/20250813=194601_mimo5s_part0.csv,0,9,3,24,4.902813,0.16518999999999995,0.4175668,0.9546079999999999,0,4.691184428204788,5,11,1.8249315,2.348716,0.3722213145800176,0.4583333333333333,0
753,/home/test/bupt_hjk/sdp_dataset/elderAL/action3_sleep_new/user0_position3_activity3/20250813=184648_mimo5s_part0.csv,0,3,3,40,4.775272999999999,0.07557299999999945,0.2809005999999999,0.781107,2,8.167072332827884,5,11,0.9575834999999997,1.9095711999999998,0.20052958228775608,0.275,0
754,/home/test/bupt_hjk/sdp_dataset/elderAL/action3_sleep_new/user0_position9_activity3/20250813=194551_mimo5s_part0.csv,0,9,3,22,4.63463,0.1831569999999999,0.4125997,1.7187929999999998,1,4.531106042985093,5,11,1.5350365,2.2735615999999994,0.3312101505406041,0.5,0
755,/home/test/bupt_hjk/sdp_dataset/elderAL/action3_sleep_new/user0_position2_activity3/20250813=183755_mimo5s_part0.csv,0,2,3,7,3.5417069999999997,0.501932,1.2368214999999998,1.4213579999999997,0,1.6940983542681538,5,11,3.5417069999999997,3.5417069999999997,1.0,1.0,1
756,/home/test/bupt_hjk/sdp_dataset/elderAL/action3_sleep_new/user0_position2_activity3/20250813=183813_mimo5s_part0.csv,0,2,3,7,4.5189509999999995,0.2196594999999999,1.9468685000000001,2.514497,0,1.3277417701586056,5,11,4.5189509999999995,4.5189509999999995,1.0,1.0,1
757,/home/test/bupt_hjk/sdp_dataset/elderAL/action3_sleep_new/user0_position2_activity3/20250813=183643_mimo5s_part0.csv,0,2,3,24,6.319945,0.12745199999999945,0.7408662000000003,1.4659499999999999,1,3.6392721772104033,5,11,1.8435389999999994,4.6176824,0.29170174740444726,0.4583333333333333,0
758,/home/test/bupt_hjk/sdp_dataset/elderAL/action3_sleep_new/user0_position9_activity3/20250813=194443_mimo5s_part0.csv,0,9,3,31,5.6861999999999995,0.053643499999999955,0.4514123000000012,1.4245409999999998,0,5.275931201857128,5,11,0.7299229999999994,4.221967,0.1283674510217719,0.3548387096774194,0
759,/home/test/bupt_hjk/sdp_dataset/elderAL/action3_sleep_new/user0_position2_activity3/20250813=183706_mimo5s_part0.csv,0,2,3,25,5.372439,0.17303999999999986,0.4876881999999998,1.092666,1,4.4672447653663445,5,11,1.3328569999999997,3.5603016000000003,0.24809160234299538,0.44,0
760,/home/test/bupt_hjk/sdp_dataset/elderAL/action3_sleep_new/user0_position2_activity3/20250813=183823_mimo5s_part0.csv,0,2,3,7,4.99562,0.31804250000000006,2.1176839999999997,2.754838,0,1.201052121658573,5,11,4.99562,4.99562,1.0,1.0,1
761,/home/test/bupt_hjk/sdp_dataset/elderAL/action3_sleep_new/user0_position2_activity3/20250813=183725_mimo5s_part0.csv,0,2,3,18,4.987445999999999,0.2612129999999997,0.5302335999999997,1.2039209999999998,0,3.4085582079485177,5,11,2.6340325,3.666421,0.5281325351693031,0.6111111111111112,0
762,/home/test/bupt_hjk/sdp_dataset/elderAL/action3_sleep_new/user0_position2_activity3/20250813=183804_mimo5s_part0.csv,0,2,3,14,5.2722169999999995,0.30150399999999955,0.5023484000000003,1.986526,0,2.465755867028994,5,11,2.9243779999999995,4.6393482,0.5546770931469626,0.7857142857142857,0
763,/home/test/bupt_hjk/sdp_dataset/elderAL/action3_sleep_new/user0_position2_activity3/20250813=183735_mimo5s_part0.csv,0,2,3,21,7.265058,0.20412300000000005,0.7078565,2.486957,0,2.752903005041391,5,11,3.095199,3.8919159999999997,0.4260391314150555,0.5238095238095238,0
764,/home/test/bupt_hjk/sdp_dataset/elderAL/action3_sleep_new/user0_position9_activity3/20250813=194416_mimo5s_part0.csv,0,9,3,34,4.450506,0.087532,0.27255680000000004,1.0858609999999995,0,7.414887206083983,5,11,1.061508,1.8053580999999996,0.23851400267744835,0.3235294117647059,0
765,/home/test/bupt_hjk/sdp_dataset/elderAL/action3_sleep_new/user0_position2_activity3/20250813=183715_mimo5s_part0.csv,0,2,3,32,3.6879969999999997,0.08379899999999973,0.29178620000000005,0.475847,1,8.40564675079725,5,11,0.9343520000000001,1.8227325000000005,0.25334944686777133,0.34375,0
766,/home/test/bupt_hjk/sdp_dataset/elderAL/action3_sleep_new/user0_position2_activity3/20250813=183840_mimo5s_part0.csv,0,2,3,21,4.435549,0.18508100000000027,0.5011821999999997,1.002427,1,4.509024700211857,5,11,1.987984,2.826514,0.44819344798129834,0.5238095238095238,0
767,/home/test/bupt_hjk/sdp_dataset/elderAL/action3_sleep_new/user0_position2_activity3/20250813=183832_mimo5s_part0.csv,0,2,3,33,3.95696,0.014615500000000115,0.30634599999999995,0.7333260000000004,0,8.087016295337834,5,11,1.109314,1.6094902000000002,0.2803450123326998,0.3333333333333333,0
768,/home/test/bupt_hjk/sdp_dataset/elderAL/action3_sleep_new/user1_position6_activity3/20250813=191539_mimo5s_part0.csv,1,6,3,11,5.194116999999999,0.37232449999999995,1.3196879000000001,1.4803009999999999,0,1.9252550529762809,5,11,3.6331849999999997,5.100382,0.6994807779647628,1.0,1
769,/home/test/bupt_hjk/sdp_dataset/elderAL/action3_sleep_new/user0_position2_activity3/20250813=183859_mimo5s_part0.csv,0,2,3,34,5.305318,0.07420699999999991,0.43164220000000003,0.9057919999999999,0,6.220173795425647,5,11,1.5613199999999998,2.0830098999999995,0.29429338637193847,0.3235294117647059,0
770,/home/test/bupt_hjk/sdp_dataset/elderAL/action3_sleep_new/user0_position2_activity3/20250813=183653_mimo5s_part0.csv,0,2,3,19,4.566921,0.09377299999999988,0.7646224999999998,1.401618,2,3.9413863300897916,5,11,2.3176479999999997,3.7319447999999995,0.5074858969533302,0.5789473684210527,0
771,/home/test/bupt_hjk/sdp_dataset/elderAL/action3_sleep_new/user1_position6_activity3/20250813=191529_mimo5s_part0.csv,1,6,3,15,5.979621,0.25154099999999957,1.1668830000000003,1.3154510000000001,1,2.341285509566576,5,11,3.198371,3.9214431999999997,0.5348785483227114,0.7333333333333333,0
772,/home/test/bupt_hjk/sdp_dataset/elderAL/action3_sleep_new/user1_position6_activity3/20250813=191558_mimo5s_part0.csv,1,6,3,8,4.573747,0.5275575,1.7005025,1.9732379999999998,1,1.530473810641472,5,11,4.206006,4.573747,0.9195974329144135,1.0,1
773,/home/test/bupt_hjk/sdp_dataset/elderAL/action3_sleep_new/user1_position6_activity3/20250813=191608_mimo5s_part0.csv,1,6,3,15,4.994217,0.30562200000000006,0.7652084000000001,1.1226829999999999,1,2.8032422299631756,5,11,2.7401299999999997,3.4454442,0.5486605808277853,0.7333333333333333,0
774,/home/test/bupt_hjk/sdp_dataset/elderAL/action3_sleep_new/user0_position2_activity3/20250813=183745_mimo5s_part0.csv,0,2,3,30,5.720885,0.04559300000000022,0.4760661999999995,1.4693699999999998,0,5.069145770278549,5,11,0.8240055,4.286294799999999,0.1440346205176297,0.36666666666666664,0
775,/home/test/bupt_hjk/sdp_dataset/elderAL/action3_sleep_new/user1_position6_activity3/20250813=191549_mimo5s_part0.csv,1,6,3,21,5.538492,0.15623349999999991,0.5420449000000002,1.892478,0,3.6110912501092356,5,11,2.3544939999999994,3.85192,0.4251146340917346,0.5238095238095238,0
776,/home/test/bupt_hjk/sdp_dataset/elderAL/action3_sleep_new/user1_position6_activity3/20250813=191458_mimo5s_part0.csv,1,6,3,11,5.004621,0.189732,1.4935885999999996,1.975211,0,1.998153306713935,5,11,4.6378829999999995,5.000251,0.9267201252602344,1.0,1
777,/home/test/bupt_hjk/sdp_dataset/elderAL/action3_sleep_new/user0_position7_activity3/20250813=192754_mimo5s_part0.csv,0,7,3,7,3.770129,0.32359099999999996,1.4376529999999998,1.639703,0,1.5914574806326256,5,11,3.770129,3.770129,1.0,1.0,1
778,/home/test/bupt_hjk/sdp_dataset/elderAL/action3_sleep_new/user1_position6_activity3/20250813=191519_mimo5s_part0.csv,1,6,3,20,3.347953,0.12868900000000005,0.4089031999999998,0.578539,0,5.675109537081315,5,11,1.5402035,1.9538157999999999,0.4600433458892643,0.55,0
779,/home/test/bupt_hjk/sdp_dataset/elderAL/action3_sleep_new/user1_position6_activity3/20250813=191417_mimo5s_part0.csv,1,6,3,28,3.188847,0.09952100000000001,0.2477100000000001,0.522944,1,8.467010176405454,5,11,1.1293995,1.4471278,0.35417174295286036,0.39285714285714285,0
780,/home/test/bupt_hjk/sdp_dataset/elderAL/action3_sleep_new/user1_position6_activity3/20250813=191428_mimo5s_part0.csv,1,6,3,18,5.346998,0.225495,0.686695,1.354188,1,3.179354097383242,5,11,3.226868,4.245393,0.6034915292655805,0.6111111111111112,0
781,/home/test/bupt_hjk/sdp_dataset/elderAL/action3_sleep_new/user0_position7_activity3/20250813=192640_mimo5s_part0.csv,0,7,3,15,2.858389,0.13527100000000003,0.2893012,1.314036,1,4.897863796705067,5,11,1.6863409999999999,2.2003378,0.5899620380571013,0.7333333333333333,0
782,/home/test/bupt_hjk/sdp_dataset/elderAL/action3_sleep_new/user1_position6_activity3/20250813=191507_mimo5s_part0.csv,1,6,3,28,4.72031,0.2071295000000002,0.371191,0.46749799999999997,1,5.719963307494635,5,11,1.7753704999999997,2.1701951,0.3761131154521631,0.39285714285714285,0
783,/home/test/bupt_hjk/sdp_dataset/elderAL/action3_sleep_new/user0_position7_activity3/20250813=192602_mimo5s_part0.csv,0,7,3,7,5.361294,0.47029099999999996,1.8390189999999997,2.7720779999999996,0,1.1191328063709993,5,11,5.361294,5.361294,1.0,1.0,1
784,/home/test/bupt_hjk/sdp_dataset/elderAL/action3_sleep_new/user1_position6_activity3/20250813=191439_mimo5s_part0.csv,1,6,3,22,3.8467759999999998,0.09718350000000003,0.5588444000000001,0.8935039999999999,1,5.459116933244879,5,11,1.6253419999999998,2.855007,0.42252057307209984,0.5,0
785,/home/test/bupt_hjk/sdp_dataset/elderAL/action3_sleep_new/user1_position6_activity3/20250813=191358_mimo5s_part0.csv,1,6,3,27,3.986531,0.041572500000000234,0.4412585000000001,0.7832129999999999,0,6.521961073424489,5,11,1.0252949999999998,2.3773692,0.25718977226064466,0.4074074074074074,0
786,/home/test/bupt_hjk/sdp_dataset/elderAL/action3_sleep_new/user0_position7_activity3/20250813=192554_mimo5s_part0.csv,0,7,3,7,3.539692,0.4641025,1.2752415,1.679841,0,1.6950627342717954,5,11,3.539692,3.539692,1.0,1.0,1
787,/home/test/bupt_hjk/sdp_dataset/elderAL/action3_sleep_new/user0_position7_activity3/20250813=192620_mimo5s_part0.csv,0,7,3,11,5.005024,0.288133,1.2307244000000002,2.58715,1,1.9979924172191783,5,11,4.642301,5.00354,0.9275282196449008,1.0,1
788,/home/test/bupt_hjk/sdp_dataset/elderAL/action3_sleep_new/user0_position7_activity3/20250813=192611_mimo5s_part0.csv,0,7,3,11,3.610807,0.2798750000000001,0.7014885999999999,1.2430910000000002,1,2.7694640007067672,5,11,2.465233,3.1413539999999998,0.6827374046854346,1.0,1
789,/home/test/bupt_hjk/sdp_dataset/elderAL/action3_sleep_new/user1_position6_activity3/20250813=191408_mimo5s_part0.csv,1,6,3,45,5.449917,0.07521199999999961,0.2974336000000001,0.6681869999999999,1,8.073517449898779,5,11,1.044141,1.7588514000000002,0.19158842235579,0.24444444444444444,0
790,/home/test/bupt_hjk/sdp_dataset/elderAL/action3_sleep_new/user1_position6_activity3/20250813=191448_mimo5s_part0.csv,1,6,3,36,4.947247,0.04267899999999969,0.39835099999999996,1.05084,2,7.074641714876981,5,11,1.529035,1.9412909999999997,0.3090678512716264,0.3055555555555556,0
791,/home/test/bupt_hjk/sdp_dataset/elderAL/action3_sleep_new/user0_position7_activity3/20250813=192630_mimo5s_part0.csv,0,7,3,24,4.59535,0.16801299999999997,0.43958239999999993,0.977158,0,5.005059462282525,5,11,1.7422174999999998,3.1111032,0.37912618190126973,0.4583333333333333,0
792,/home/test/bupt_hjk/sdp_dataset/elderAL/action3_sleep_new/user0_position7_activity3/20250813=192726_mimo5s_part0.csv,0,7,3,12,5.00185,0.35688050000000004,1.1020452999999997,1.5491859999999997,1,2.1991863010686044,5,11,3.319806,4.638001,0.663715625218669,0.9166666666666666,0
793,/home/test/bupt_hjk/sdp_dataset/elderAL/action3_sleep_new/user0_position7_activity3/20250813=192708_mimo5s_part0.csv,0,7,3,15,5.200705999999999,0.2570350000000001,0.7646992000000005,1.9979440000000002,1,2.6919422093846492,5,11,3.9155819999999997,4.601817399999999,0.7528943185790545,0.7333333333333333,0
794,/home/test/bupt_hjk/sdp_dataset/elderAL/action3_sleep_new/user0_position6_activity3/20250813=191851_mimo5s_part0.csv,0,6,3,56,4.9641459999999995,0.010168500000000247,0.2468576999999998,1.124531,1,11.079448509370998,5,11,0.6455625000000003,1.780644,0.13004502687874214,0.19642857142857142,0
795,/home/test/bupt_hjk/sdp_dataset/elderAL/action5_drink_new/user2_position3_activity5/20250813=160608_mimo5s_part0.csv,2,3,5,4,3.0598549999999998,0.564392,1.8727679999999998,2.1998619999999995,0,0.9804386155553123,5,11,3.0598549999999998,3.0598549999999998,1.0,1.0,1
796,/home/test/bupt_hjk/sdp_dataset/elderAL/action3_sleep_new/user0_position7_activity3/20250813=192736_mimo5s_part0.csv,0,7,3,19,5.924091,0.297971,0.8139658000000001,0.9499870000000001,1,3.038440834214059,5,11,3.052421,4.0571242000000005,0.5152555894229174,0.5789473684210527,0
797,/home/test/bupt_hjk/sdp_dataset/elderAL/action3_sleep_new/user0_position7_activity3/20250813=192804_mimo5s_part0.csv,0,7,3,14,5.045224,0.2398119999999997,1.2823364000000004,1.472375,0,2.57669431525736,5,11,3.4442315,4.8753784,0.6826716712677177,0.7857142857142857,0
798,/home/test/bupt_hjk/sdp_dataset/elderAL/action3_sleep_new/user0_position7_activity3/20250813=192716_mimo5s_part0.csv,0,7,3,24,5.0126409999999995,0.1472030000000002,0.4850351999999999,0.8263999999999999,0,4.588399608110775,5,11,1.708681,2.6275451999999997,0.3408744013385359,0.4583333333333333,0
799,/home/test/bupt_hjk/sdp_dataset/elderAL/action5_drink_new/user2_position3_activity5/20250813=160639_mimo5s_part0.csv,2,3,5,11,4.619981999999999,0.3184230000000001,0.8822631999999999,1.4622159999999993,1,2.1645105976603376,5,11,2.839343,4.040673999999999,0.6145788013892696,1.0,1
800,/home/test/bupt_hjk/sdp_dataset/elderAL/action3_sleep_new/user0_position2_activity3/20250813=183850_mimo5s_part0.csv,0,2,3,61,5.5042539999999995,0.008850500000000094,0.2666831000000001,1.0401890000000003,0,10.900659744263256,5,11,0.5871639999999996,1.774953,0.10667458296800976,0.18032786885245902,0
801,/home/test/bupt_hjk/sdp_dataset/elderAL/action5_drink_new/user2_position3_activity5/20250813=160627_mimo5s_part0.csv,2,3,5,8,3.6561329999999996,0.44375299999999995,1.1891924999999999,1.8083439999999997,1,1.914591181447721,5,11,3.4012895,3.6561329999999996,0.9302969831786755,1.0,1
802,/home/test/bupt_hjk/sdp_dataset/elderAL/action5_drink_new/user2_position3_activity5/20250813=160602_mimo5s_part0.csv,2,3,5,12,4.008630999999999,0.18683950000000005,1.3624171999999999,1.4155099999999998,1,2.7440789636162575,5,11,3.1535364999999995,3.9177098,0.7866866518769126,0.9166666666666666,0
803,/home/test/bupt_hjk/sdp_dataset/elderAL/action5_drink_new/user2_position3_activity5/20250813=160715_mimo5s_part0.csv,2,3,5,14,4.996188,0.26625999999999994,0.5514742000000002,2.01629,0,2.6019837524128393,5,11,2.6084565,3.8320168,0.5220893409135124,0.7857142857142857,0
804,/home/test/bupt_hjk/sdp_dataset/elderAL/action5_drink_new/user2_position3_activity5/20250813=160657_mimo5s_part0.csv,2,3,5,8,5.002416,0.4901124999999999,1.8294355000000002,2.18677,1,1.3993238467172662,5,11,4.964535,5.002416,0.9924274590517861,1.0,1
805,/home/test/bupt_hjk/sdp_dataset/elderAL/action5_drink_new/user2_position3_activity5/20250813=160550_mimo5s_part0.csv,2,3,5,15,5.555643,0.32165699999999997,1.3226460000000002,1.590046,1,2.5199603358243143,5,11,3.3019979999999993,4.8856328,0.5943502849265151,0.7333333333333333,0
806,/home/test/bupt_hjk/sdp_dataset/elderAL/action5_drink_new/user2_position3_activity5/20250813=160633_mimo5s_part0.csv,2,3,5,8,4.727475,0.8214075,1.5038015000000002,1.5116669999999999,1,1.4807058736429066,5,11,4.689966500000001,4.727475,0.9920658491054951,1.0,1
807,/home/test/bupt_hjk/sdp_dataset/elderAL/action5_drink_new/user2_position7_activity5/20250813=162802_mimo5s_part0.csv,2,7,5,3,1.8638489999999999,0.9319244999999999,1.3748673,1.485603,0,1.0730482995135335,5,11,1.8638489999999999,1.8638489999999999,1.0,1.0,1
808,/home/test/bupt_hjk/sdp_dataset/elderAL/action3_sleep_new/user0_position7_activity3/20250813=192659_mimo5s_part0.csv,0,7,3,32,6.677455,0.12378800000000001,0.44546940000000046,0.9086239999999997,1,4.642487294934972,5,11,2.0363824999999998,2.9752523000000006,0.3049638672218682,0.34375,0
809,/home/test/bupt_hjk/sdp_dataset/elderAL/action3_sleep_new/user0_position7_activity3/20250813=192649_mimo5s_part0.csv,0,7,3,39,4.641031,0.06243449999999995,0.3276525,0.6143339999999999,2,8.187835849405014,5,11,1.1850399999999999,1.6921179999999998,0.25533981565733993,0.28205128205128205,0
810,/home/test/bupt_hjk/sdp_dataset/elderAL/action3_sleep_new/user0_position7_activity3/20250813=192745_mimo5s_part0.csv,0,7,3,32,6.895957,0.04486049999999997,0.850220300000001,1.4436900000000001,1,4.495387659754839,5,11,1.0871490000000001,4.6842328,0.157650199964994,0.34375,0
811,/home/test/bupt_hjk/sdp_dataset/elderAL/action5_drink_new/user2_position3_activity5/20250813=160621_mimo5s_part0.csv,2,3,5,14,5.384647,0.17276399999999992,1.3454522000000004,1.753116,0,2.4142715390628204,5,11,3.7635555,4.9978619,0.6989419176410264,0.7857142857142857,0
812,/home/test/bupt_hjk/sdp_dataset/elderAL/action3_sleep_new/user1_position6_activity3/20250813=191349_mimo5s_part0.csv,1,6,3,61,4.987151,0.016914500000000166,0.2157861,1.2498210000000003,0,12.030917050636727,5,11,0.6390790000000002,1.4177439999999997,0.12814510729673118,0.18032786885245902,0
813,/home/test/bupt_hjk/sdp_dataset/elderAL/action5_drink_new/user2_position3_activity5/20250813=160709_mimo5s_part0.csv,2,3,5,17,4.0478499999999995,0.03995000000000015,0.6280770000000001,1.53392,0,3.9527156391664717,5,11,1.5530009999999996,2.4954166,0.383660708771323,0.6470588235294118,0
814,/home/test/bupt_hjk/sdp_dataset/elderAL/action5_drink_new/user2_position3_activity5/20250813=160703_mimo5s_part0.csv,2,3,5,11,5.956405999999999,0.38901549999999996,1.2431788,1.5626769999999999,0,1.678864738233089,5,11,4.598483,5.58057,0.772023095806431,1.0,1
815,/home/test/bupt_hjk/sdp_dataset/elderAL/action5_drink_new/user2_position7_activity5/20250813=162716_mimo5s_part0.csv,2,7,5,11,4.401778,0.193813,1.1977916999999998,1.4864009999999999,0,2.2718092552600333,5,11,3.6017989999999998,4.352088999999999,0.8182600303786333,1.0,1
816,/home/test/bupt_hjk/sdp_dataset/elderAL/action5_drink_new/user2_position3_activity5/20250813=160645_mimo5s_part0.csv,2,3,5,30,6.4514689999999995,0.0523845000000005,0.5957072000000008,1.455783,1,4.495100263211372,5,11,0.8225924999999994,4.5534326,0.1275046814919206,0.36666666666666664,0
817,/home/test/bupt_hjk/sdp_dataset/elderAL/action5_drink_new/user2_position7_activity5/20250813=162755_mimo5s_part0.csv,2,7,5,4,3.1435239999999998,1.299696,1.4368431999999998,1.4711299999999998,0,0.9543429603209647,5,11,3.1435239999999998,3.1435239999999998,1.0,1.0,1
818,/home/test/bupt_hjk/sdp_dataset/elderAL/action5_drink_new/user2_position3_activity5/20250813=160556_mimo5s_part0.csv,2,3,5,15,6.815891,0.4267690000000002,1.0851844000000004,1.483345,1,2.054023457828184,5,11,3.600323,5.4985598,0.5282248498398816,0.7333333333333333,0
819,/home/test/bupt_hjk/sdp_dataset/elderAL/action5_drink_new/user2_position7_activity5/20250813=162701_mimo5s_part0.csv,2,7,5,7,4.392967,0.5826465,1.3899435,1.7315839999999998,0,1.3658195019448132,5,11,4.392967,4.392967,1.0,1.0,1
820,/home/test/bupt_hjk/sdp_dataset/elderAL/action5_drink_new/user2_position3_activity5/20250813=160650_mimo5s_part0.csv,2,3,5,28,4.948484,0.08121899999999993,0.46827600000000014,0.9177099999999996,1,5.456216489737059,5,11,1.5335424999999998,2.1713552,0.30990147689676273,0.39285714285714285,0
821,/home/test/bupt_hjk/sdp_dataset/elderAL/action5_drink_new/user2_position7_activity5/20250813=162630_mimo5s_part0.csv,2,7,5,7,4.062097,0.1953164999999999,1.7654429999999999,2.047848,0,1.477069602227618,5,11,4.062097,4.062097,1.0,1.0,1
822,/home/test/bupt_hjk/sdp_dataset/elderAL/action5_drink_new/user2_position7_activity5/20250813=162648_mimo5s_part0.csv,2,7,5,18,4.74743,0.08159849999999978,0.9254530000000001,1.5762019999999999,1,3.5808848155739,5,11,2.454585,4.1823481,0.5170344797079683,0.6111111111111112,0
823,/home/test/bupt_hjk/sdp_dataset/elderAL/action5_drink_new/user2_position3_activity5/20250813=160615_mimo5s_part0.csv,2,3,5,23,7.214466,0.07781200000000021,0.6450718000000005,2.764532,0,3.049428744968789,5,11,0.8554899999999996,6.0608106,0.1185798089560613,0.4782608695652174,0
824,/home/test/bupt_hjk/sdp_dataset/elderAL/action5_drink_new/user2_position7_activity5/20250813=162741_mimo5s_part0.csv,2,7,5,7,4.697715,0.8043944999999999,1.4976815,1.5374630000000002,0,1.2772166893904804,5,11,4.697715,4.697715,1.0,1.0,1
825,/home/test/bupt_hjk/sdp_dataset/elderAL/action5_drink_new/user2_position7_activity5/20250813=162656_mimo5s_part0.csv,2,7,5,7,2.7897149999999997,0.3114635,1.0297794999999998,1.495723,0,2.1507573354267375,5,11,2.7897149999999997,2.7897149999999997,1.0,1.0,1
826,/home/test/bupt_hjk/sdp_dataset/elderAL/action5_drink_new/user2_position7_activity5/20250813=162642_mimo5s_part0.csv,2,7,5,11,5.440751,0.41214049999999997,1.1171411999999994,1.54764,0,1.837981558060643,5,11,4.22385,5.4326609999999995,0.7763358404014445,1.0,1
827,/home/test/bupt_hjk/sdp_dataset/elderAL/action5_drink_new/user2_position7_activity5/20250813=162636_mimo5s_part0.csv,2,7,5,13,3.3525579999999997,0.1491475,0.44994110000000015,1.4002189999999999,0,3.579356419784535,5,11,1.8745429999999998,2.7062647999999996,0.55913812676768,0.8461538461538461,0
828,/home/test/bupt_hjk/sdp_dataset/elderAL/action5_drink_new/user2_position7_activity5/20250813=162728_mimo5s_part0.csv,2,7,5,22,5.629226,0.19291800000000014,0.6816258,1.1117449999999998,1,3.7305306271235157,5,11,2.2424315,4.6373365,0.39835520904650124,0.5,0
829,/home/test/bupt_hjk/sdp_dataset/elderAL/action5_drink_new/user2_position8_activity5/20250813=163815_mimo5s_part0.csv,2,8,5,11,6.679926999999999,0.4679874999999999,1.4545209999999997,2.1907389999999998,0,1.4970223476993088,5,11,3.9199789999999997,5.868103999999999,0.5868296165511988,1.0,1
830,/home/test/bupt_hjk/sdp_dataset/elderAL/action5_drink_new/user2_position7_activity5/20250813=162748_mimo5s_part0.csv,2,7,5,28,4.723463,0.038001499999999994,0.3723884999999998,1.6064370000000001,1,5.716145124879776,5,11,0.884198,3.5439191,0.18719274396772032,0.39285714285714285,0
831,/home/test/bupt_hjk/sdp_dataset/elderAL/action5_drink_new/user2_position7_activity5/20250813=162710_mimo5s_part0.csv,2,7,5,15,2.775733,0.14092649999999982,0.37932770000000016,0.9902429999999999,0,5.043712777850032,5,11,2.0782359999999995,2.4487926,0.7487161048991382,0.7333333333333333,0
832,/home/test/bupt_hjk/sdp_dataset/elderAL/action5_drink_new/user2_position8_activity5/20250813=163834_mimo5s_part0.csv,2,8,5,11,3.2894609999999997,0.17234149999999998,0.9764780999999997,1.1652809999999998,0,3.0400117222852012,5,11,2.583704,3.2875609999999997,0.7854490446915164,1.0,1
833,/home/test/bupt_hjk/sdp_dataset/elderAL/action5_drink_new/user2_position8_activity5/20250813=163905_mimo5s_part0.csv,2,8,5,15,4.556321,0.074558,1.2445162000000007,1.7287279999999998,1,3.072654450816789,5,11,2.271476,2.4512522,0.49853291723739396,0.7333333333333333,0
834,/home/test/bupt_hjk/sdp_dataset/elderAL/action5_drink_new/user2_position8_activity5/20250813=163942_mimo5s_part0.csv,2,8,5,17,4.972471,0.06635049999999976,1.1558189999999997,1.22647,0,3.217716101310596,5,11,2.1209659999999997,4.4001484,0.4265416530332706,0.6470588235294118,0
835,/home/test/bupt_hjk/sdp_dataset/elderAL/action5_drink_new/user2_position8_activity5/20250813=163918_mimo5s_part0.csv,2,8,5,12,5.332383,0.252,1.5451326999999995,2.182213,1,2.0628675772164153,5,11,4.682273499999999,5.078419599999999,0.8780827446190567,0.9166666666666666,0
836,/home/test/bupt_hjk/sdp_dataset/elderAL/action3_sleep_new/user1_position3_activity3/20250813=184352_mimo5s_part0.csv,1,3,3,67,5.487392,0.01821549999999994,0.19763999999999982,0.954836,0,12.027571567695547,5,11,0.7427009999999998,1.2157327999999998,0.1353468095590765,0.16417910447761194,0
837,/home/test/bupt_hjk/sdp_dataset/elderAL/action5_drink_new/user2_position8_activity5/20250813=163912_mimo5s_part0.csv,2,8,5,11,4.6146199999999995,0.09437600000000002,1.4470376,1.6583080000000003,1,2.167025670586094,5,11,2.9221679999999997,4.539835,0.6332413069765225,1.0,1
838,/home/test/bupt_hjk/sdp_dataset/elderAL/action5_drink_new/user2_position8_activity5/20250813=163930_mimo5s_part0.csv,2,8,5,7,2.174261,0.2596705,0.7586089999999999,1.2204709999999999,0,2.759558305097686,5,11,2.174261,2.174261,1.0,1.0,1
839,/home/test/bupt_hjk/sdp_dataset/elderAL/action5_drink_new/user2_position8_activity5/20250813=163840_mimo5s_part0.csv,2,8,5,15,2.776191,0.07457599999999998,0.46540220000000004,0.9419609999999998,1,5.042880695168308,5,11,1.425473,2.0050014,0.5134635909416896,0.7333333333333333,0
840,/home/test/bupt_hjk/sdp_dataset/elderAL/action5_drink_new/user2_position8_activity5/20250813=163924_mimo5s_part0.csv,2,8,5,17,5.038688,0.3245755,0.4937654999999997,0.9006830000000001,0,3.1754297944226755,5,11,2.8177269999999996,3.2312923999999996,0.5592183917718263,0.6470588235294118,0
841,/home/test/bupt_hjk/sdp_dataset/elderAL/action5_drink_new/user2_position8_activity5/20250813=163822_mimo5s_part0.csv,2,8,5,11,5.637288,0.282759,1.6091071999999995,2.703626,0,1.7739026283560464,5,11,4.996788,5.368345,0.8863815366537952,1.0,1
842,/home/test/bupt_hjk/sdp_dataset/elderAL/action5_drink_new/user2_position7_activity5/20250813=162722_mimo5s_part0.csv,2,7,5,29,5.416183999999999,0.06657399999999924,0.4465815999999997,1.9171189999999998,1,5.169691428503906,5,11,1.0151759999999994,3.6757395999999996,0.18743380948653138,0.3793103448275862,0
843,/home/test/bupt_hjk/sdp_dataset/elderAL/action5_drink_new/user2_position9_activity5/20250813=164217_mimo5s_part0.csv,2,9,5,8,4.948894,0.4860399999999999,1.7939535000000002,2.167881,1,1.4144574525136322,5,11,4.911360500000001,4.948894,0.9924157801722971,1.0,1
844,/home/test/bupt_hjk/sdp_dataset/elderAL/action5_drink_new/user2_position9_activity5/20250813=164058_mimo5s_part0.csv,2,9,5,4,4.018509,1.4835859999999998,2.0229116,2.157743,0,0.7465455471171024,5,11,4.018509,4.018509,1.0,1.0,1
845,/home/test/bupt_hjk/sdp_dataset/elderAL/action5_drink_new/user2_position8_activity5/20250813=163937_mimo5s_part0.csv,2,8,5,14,6.201314,0.35780999999999985,0.9354099999999997,1.4866800000000002,0,2.0963299068552246,5,11,3.4424894999999998,4.6461632999999996,0.5551225917603914,0.7857142857142857,0
846,/home/test/bupt_hjk/sdp_dataset/elderAL/action5_drink_new/user2_position9_activity5/20250813=164124_mimo5s_part0.csv,2,9,5,11,5.900649,0.31271499999999997,1.5776538000000002,1.9455810000000002,1,1.694728834065541,5,11,4.933496,5.587934,0.836093792394701,1.0,1
847,/home/test/bupt_hjk/sdp_dataset/elderAL/action5_drink_new/user2_position9_activity5/20250813=164111_mimo5s_part0.csv,2,9,5,7,2.826689,0.35068750000000004,0.8509929999999999,1.186894,0,2.12262473869605,5,11,2.826689,2.826689,1.0,1.0,1
848,/home/test/bupt_hjk/sdp_dataset/elderAL/action5_drink_new/user2_position8_activity5/20250813=163859_mimo5s_part0.csv,2,8,5,22,4.004417,0.0847834999999999,0.5430722000000003,0.8057180000000002,1,5.244209082121068,5,11,1.5243425,2.2339270000000004,0.380665275369673,0.5,0
849,/home/test/bupt_hjk/sdp_dataset/elderAL/action5_drink_new/user2_position7_activity5/20250813=162735_mimo5s_part0.csv,2,7,5,38,6.072062,0.008337999999999735,0.29784999999999995,2.379047,1,6.093481917674754,5,11,0.29739249999999995,4.767126500000002,0.04897718435681321,0.2894736842105263,0
850,/home/test/bupt_hjk/sdp_dataset/elderAL/action5_drink_new/user2_position9_activity5/20250813=164135_mimo5s_part0.csv,2,9,5,7,3.8418259999999997,0.362015,1.282921,1.475136,0,1.5617573518425873,5,11,3.8418259999999997,3.8418259999999997,1.0,1.0,1
851,/home/test/bupt_hjk/sdp_dataset/elderAL/action5_drink_new/user2_position8_activity5/20250813=163828_mimo5s_part0.csv,2,8,5,34,6.50974,0.019772500000000193,0.5126165000000003,1.5350570000000001,1,5.069326885559177,5,11,1.2656165000000001,3.9963388999999996,0.19441890152294872,0.3235294117647059,0
852,/home/test/bupt_hjk/sdp_dataset/elderAL/action5_drink_new/user2_position9_activity5/20250813=164117_mimo5s_part0.csv,2,9,5,12,5.002454999999999,0.31289900000000004,1.207366,1.4734749999999999,0,2.1989203301179123,5,11,3.4908209999999995,4.5969863,0.6978215696093218,0.9166666666666666,0
853,/home/test/bupt_hjk/sdp_dataset/elderAL/action5_drink_new/user2_position9_activity5/20250813=164141_mimo5s_part0.csv,2,9,5,11,6.453754,0.3558895000000001,1.4543092999999998,1.4748139999999998,0,1.5494857721567943,5,11,4.628006,6.080037,0.7171029450456278,1.0,1
854,/home/test/bupt_hjk/sdp_dataset/elderAL/action5_drink_new/user2_position9_activity5/20250813=164147_mimo5s_part0.csv,2,9,5,24,4.632166,0.053362000000000354,0.31217500000000015,1.6359029999999999,0,4.96527974170183,5,11,1.340076,2.6082753999999997,0.2892979223974271,0.4583333333333333,0
855,/home/test/bupt_hjk/sdp_dataset/elderAL/action5_drink_new/user2_position9_activity5/20250813=164104_mimo5s_part0.csv,2,9,5,11,5.5613649999999994,0.3870770000000001,1.3090164000000002,1.527234,1,1.7981197062232026,5,11,4.485958999999999,4.9752279999999995,0.806629127920933,1.0,1
856,/home/test/bupt_hjk/sdp_dataset/elderAL/action5_drink_new/user2_position9_activity5/20250813=164129_mimo5s_part0.csv,2,9,5,17,3.6977189999999998,0.06189549999999977,0.5910150000000003,1.9104169999999998,0,4.326991856330889,5,11,1.5891929999999999,2.1457996,0.42977657307112843,0.6470588235294118,0
857,/home/test/bupt_hjk/sdp_dataset/elderAL/action5_drink_new/user0_position5_activity5/20250813=161914_mimo5s_part0.csv,0,5,5,7,4.992516,0.3375334999999999,2.0043,2.515037,0,1.2017988525224557,5,11,4.992516,4.992516,1.0,1.0,1
858,/home/test/bupt_hjk/sdp_dataset/elderAL/action5_drink_new/user2_position9_activity5/20250813=164211_mimo5s_part0.csv,2,9,5,15,4.6999439999999995,0.0958279999999998,1.1013856000000002,1.468758,1,2.978758895850674,5,11,2.853668,3.2422685999999996,0.6071706386288859,0.7333333333333333,0
859,/home/test/bupt_hjk/sdp_dataset/elderAL/action5_drink_new/user2_position9_activity5/20250813=164205_mimo5s_part0.csv,2,9,5,11,5.7124619999999995,0.17965799999999987,1.6185944999999997,2.7549029999999997,0,1.750558690806171,5,11,4.623322,5.672629,0.8093396507495367,1.0,1
860,/home/test/bupt_hjk/sdp_dataset/elderAL/action5_drink_new/user0_position5_activity5/20250813=161931_mimo5s_part0.csv,0,5,5,8,4.995479,0.297651,1.8263504000000004,2.7615139999999996,0,1.401267025644588,5,11,4.958335,4.995479,0.9925644767999225,1.0,1
861,/home/test/bupt_hjk/sdp_dataset/elderAL/action5_drink_new/user2_position8_activity5/20250813=163853_mimo5s_part0.csv,2,8,5,39,3.215346,0.006606500000000015,0.32724920000000013,0.460551,0,11.81832375116084,5,11,0.7343409999999997,1.0588778,0.22838630741450522,0.28205128205128205,0
862,/home/test/bupt_hjk/sdp_dataset/elderAL/action5_drink_new/user2_position9_activity5/20250813=164052_mimo5s_part0.csv,2,9,5,17,4.700648999999999,0.05438099999999968,1.0425565,1.484267,0,3.403785307092702,5,11,2.1338199999999996,2.7309282,0.4539415727487842,0.6470588235294118,0
863,/home/test/bupt_hjk/sdp_dataset/elderAL/action5_drink_new/user0_position5_activity5/20250813=161908_mimo5s_part0.csv,0,5,5,7,4.622504,0.4655730000000001,1.5524650000000002,1.600265,0,1.297997795134412,5,11,4.622504,4.622504,1.0,1.0,1
864,/home/test/bupt_hjk/sdp_dataset/elderAL/action5_drink_new/user0_position5_activity5/20250813=161920_mimo5s_part0.csv,0,5,5,9,4.98544,0.2987960000000003,1.7648234,2.206457,1,1.604672807214609,5,11,4.611514,4.98544,0.9249963894861838,1.0,1
865,/home/test/bupt_hjk/sdp_dataset/elderAL/action5_drink_new/user2_position9_activity5/20250813=164159_mimo5s_part0.csv,2,9,5,21,4.3894459999999995,0.008014499999999924,0.46703200000000034,1.957063,0,4.556383652971241,5,11,1.2404249999999997,2.686152,0.2825926096368425,0.5238095238095238,0
866,/home/test/bupt_hjk/sdp_dataset/elderAL/action5_drink_new/user2_position9_activity5/20250813=164153_mimo5s_part0.csv,2,9,5,17,4.910188,0.08392800000000022,0.9016319999999998,1.6804379999999997,0,3.2585310379154526,5,11,2.8295239999999997,3.8382131999999998,0.5762557360329177,0.6470588235294118,0
867,/home/test/bupt_hjk/sdp_dataset/elderAL/action5_drink_new/user0_position5_activity5/20250813=161937_mimo5s_part0.csv,0,5,5,7,3.9540089999999997,0.6931259999999999,1.0975259999999998,1.3046889999999998,0,1.517447228875807,5,11,3.9540089999999997,3.9540089999999997,1.0,1.0,1
868,/home/test/bupt_hjk/sdp_dataset/elderAL/action5_drink_new/user0_position5_activity5/20250813=161902_mimo5s_part0.csv,0,5,5,11,5.660913,0.3902985,1.0966649,1.7459779999999998,0,1.766499502818715,5,11,4.618595,5.305317,0.8158745771221003,1.0,1
869,/home/test/bupt_hjk/sdp_dataset/elderAL/action5_drink_new/user1_position7_activity5/20250813=162920_mimo5s_part0.csv,1,7,5,4,2.98831,0.562719,1.8792157999999999,2.2083399999999997,0,1.003911910076264,5,11,2.98831,2.98831,1.0,1.0,1
870,/home/test/bupt_hjk/sdp_dataset/elderAL/action5_drink_new/user0_position5_activity5/20250813=161839_mimo5s_part0.csv,0,5,5,17,4.614036,0.14441000000000015,0.7554804999999999,1.228853,0,3.467679922740092,5,11,2.1488329999999998,3.0430904,0.4657165657138349,0.6470588235294118,0
871,/home/test/bupt_hjk/sdp_dataset/elderAL/action5_drink_new/user0_position5_activity5/20250813=161925_mimo5s_part0.csv,0,5,5,12,4.999852,0.37175499999999995,1.0957478999999997,1.3805520000000002,1,2.2000651219276093,5,11,3.1093614999999994,4.616207999999999,0.6218907079649557,0.9166666666666666,0
872,/home/test/bupt_hjk/sdp_dataset/elderAL/action5_drink_new/user1_position7_activity5/20250813=162902_mimo5s_part0.csv,1,7,5,7,5.461911,0.6470895000000001,1.8899894999999995,2.7495559999999992,0,1.0985166180847692,5,11,5.461911,5.461911,1.0,1.0,1
873,/home/test/bupt_hjk/sdp_dataset/elderAL/action5_drink_new/user0_position5_activity5/20250813=161943_mimo5s_part0.csv,0,5,5,17,5.320499,0.07688400000000017,1.1524305,1.557736,0,3.007236727231788,5,11,1.8656049999999995,4.7951906,0.35064474215670366,0.6470588235294118,0
874,/home/test/bupt_hjk/sdp_dataset/elderAL/action5_drink_new/user0_position5_activity5/20250813=161949_mimo5s_part0.csv,0,5,5,21,4.556795999999999,0.0770789999999999,0.4848197999999996,1.2559649999999998,1,4.389048796566711,5,11,1.401071,3.461108,0.30746844932272593,0.5238095238095238,0
875,/home/test/bupt_hjk/sdp_dataset/elderAL/action5_drink_new/user0_position5_activity5/20250813=161833_mimo5s_part0.csv,0,5,5,31,4.4889149999999995,0.06417300000000004,0.44043840000000006,0.5665519999999997,1,6.683129442192602,5,11,1.069848,2.43051,0.23833108891569565,0.3548387096774194,0
876,/home/test/bupt_hjk/sdp_dataset/elderAL/action5_drink_new/user1_position7_activity5/20250813=162956_mimo5s_part0.csv,1,7,5,11,4.6811739999999995,0.246386,1.0309512,2.2063159999999997,1,2.136216256862061,5,11,3.1389119999999995,4.6262419999999995,0.6705394843259405,1.0,1
877,/home/test/bupt_hjk/sdp_dataset/elderAL/action5_drink_new/user2_position8_activity5/20250813=163846_mimo5s_part0.csv,2,8,5,60,5.454764,0.01668499999999984,0.21918220000000016,1.0526849999999999,0,10.816233296252596,5,11,0.7482375,1.7715956,0.1371713790000814,0.18333333333333332,0
878,/home/test/bupt_hjk/sdp_dataset/elderAL/action5_drink_new/user0_position5_activity5/20250813=161856_mimo5s_part0.csv,0,5,5,25,5.054143,0.0941559999999999,0.5828662,0.6899490000000004,1,4.748579531683215,5,11,1.5815730000000001,2.7710096,0.3129260489859508,0.44,0
879,/home/test/bupt_hjk/sdp_dataset/elderAL/action5_drink_new/user1_position7_activity5/20250813=162914_mimo5s_part0.csv,1,7,5,7,4.695228999999999,0.7659809999999999,1.5065404999999998,1.546673,0,1.2778929419630014,5,11,4.695228999999999,4.695228999999999,1.0,1.0,1
880,/home/test/bupt_hjk/sdp_dataset/elderAL/action5_drink_new/user1_position7_activity5/20250813=162908_mimo5s_part0.csv,1,7,5,23,5.0094959999999995,0.13338699999999992,0.6603097000000001,1.168719,2,4.391659360542458,5,11,1.8562509999999994,2.9012442,0.37054645816664983,0.4782608695652174,0
881,/home/test/bupt_hjk/sdp_dataset/elderAL/action5_drink_new/user1_position7_activity5/20250813=163008_mimo5s_part0.csv,1,7,5,15,5.06904,0.21697900000000003,0.8966354000000002,1.9780060000000002,1,2.761864179410697,5,11,3.207119,4.212735,0.6326876489433897,0.7333333333333333,0
882,/home/test/bupt_hjk/sdp_dataset/elderAL/action5_drink_new/user1_position7_activity5/20250813=162926_mimo5s_part0.csv,1,7,5,18,4.509429,0.2439690000000001,0.4044805,1.61491,1,3.769878625431291,5,11,2.1019475,2.4873184000000004,0.46612276188404345,0.6111111111111112,0
883,/home/test/bupt_hjk/sdp_dataset/elderAL/action5_drink_new/user1_position7_activity5/20250813=162932_mimo5s_part0.csv,1,7,5,7,4.4732769999999995,0.2657799999999999,1.9160065,2.610016,0,1.3412985603171905,5,11,4.4732769999999995,4.4732769999999995,1.0,1.0,1
884,/home/test/bupt_hjk/sdp_dataset/elderAL/action5_drink_new/user1_position7_activity5/20250813=162856_mimo5s_part0.csv,1,7,5,23,5.0612569999999995,0.10907849999999988,0.5453949,1.4360869999999997,0,4.346746272714467,5,11,2.1055409999999997,3.0797944,0.41601147699079494,0.4782608695652174,0
885,/home/test/bupt_hjk/sdp_dataset/elderAL/action5_drink_new/user1_position7_activity5/20250813=162944_mimo5s_part0.csv,1,7,5,21,3.7648349999999997,0.04526399999999997,0.41581540000000056,1.108319,0,5.312317804100313,5,11,0.8265419999999999,2.683293,0.219542689121834,0.5238095238095238,0
886,/home/test/bupt_hjk/sdp_dataset/elderAL/action5_drink_new/user1_position7_activity5/20250813=162938_mimo5s_part0.csv,1,7,5,7,3.966684,0.5342195000000001,1.1063874999999999,1.4710290000000001,0,1.5125984323429849,5,11,3.966684,3.966684,1.0,1.0,1
887,/home/test/bupt_hjk/sdp_dataset/elderAL/action5_drink_new/user1_position7_activity5/20250813=162950_mimo5s_part0.csv,1,7,5,17,3.312757,0.062471500000000124,0.3889509999999998,1.463642,0,4.829813958584949,5,11,1.924397,2.615884,0.5809049682786875,0.6470588235294118,0
888,/home/test/bupt_hjk/sdp_dataset/elderAL/action5_drink_new/user1_position7_activity5/20250813=163002_mimo5s_part0.csv,1,7,5,7,4.640334,0.1945159999999999,2.1243090000000002,2.757781,0,1.2930103738222292,5,11,4.640334,4.640334,1.0,1.0,1
889,/home/test/bupt_hjk/sdp_dataset/elderAL/action5_drink_new/user0_position7_activity5/20250813=163219_mimo5s_part0.csv,0,7,5,4,2.747651,0.38918399999999975,1.8271552,2.186648,0,1.0918417222565748,5,11,2.747651,2.747651,1.0,1.0,1
890,/home/test/bupt_hjk/sdp_dataset/elderAL/action5_drink_new/user1_position7_activity5/20250813=163014_mimo5s_part0.csv,1,7,5,11,5.569242,0.30470300000000017,1.3920764999999995,1.6590479999999999,0,1.7955764895833222,5,11,4.459134000000001,5.006835,0.8006716174301638,1.0,1
891,/home/test/bupt_hjk/sdp_dataset/elderAL/action5_drink_new/user0_position7_activity5/20250813=163320_mimo5s_part0.csv,0,7,5,7,3.2970949999999997,0.2995435,1.2726739999999999,1.4990169999999998,0,1.8197837793572829,5,11,3.2970949999999997,3.2970949999999997,1.0,1.0,1
892,/home/test/bupt_hjk/sdp_dataset/elderAL/action5_drink_new/user1_position7_activity5/20250813=162848_mimo5s_part0.csv,1,7,5,36,4.964822,0.009398499999999949,0.3931569,1.3574169999999994,1,7.049598152763584,5,11,1.8075625,2.249982,0.3640739788858493,0.3055555555555556,0
893,/home/test/bupt_hjk/sdp_dataset/elderAL/action5_drink_new/user0_position7_activity5/20250813=163227_mimo5s_part0.csv,0,7,5,11,3.512419,0.2880510000000003,0.7549110000000001,1.4612669999999999,1,2.847040743145963,5,11,3.141525,3.511018,0.8944049670611621,1.0,1
894,/home/test/bupt_hjk/sdp_dataset/elderAL/action5_drink_new/user0_position7_activity5/20250813=163302_mimo5s_part0.csv,0,7,5,4,4.641686,1.486824,2.5159456,2.7732259999999997,0,0.6463168771002605,5,11,4.641686,4.641686,1.0,1.0,1
895,/home/test/bupt_hjk/sdp_dataset/elderAL/action5_drink_new/user0_position5_activity5/20250813=161845_mimo5s_part0.csv,0,5,5,44,4.03407,0.04723699999999997,0.2608780000000003,0.31645699999999977,0,10.659210177314723,5,11,0.895176,1.2266419,0.22190393324855542,0.25,0
896,/home/test/bupt_hjk/sdp_dataset/elderAL/action5_drink_new/user0_position7_activity5/20250813=163233_mimo5s_part0.csv,0,7,5,8,5.030849,0.8500449999999999,1.4701895,1.5039069999999999,1,1.3914152462139096,5,11,5.016659499999999,5.030849,0.997179501909121,1.0,1
897,/home/test/bupt_hjk/sdp_dataset/elderAL/action5_drink_new/user0_position5_activity5/20250813=161827_mimo5s_part0.csv,0,5,5,44,6.919220999999999,0.015248999999999846,0.35415100000000005,1.8233159999999997,0,6.214572420797081,5,11,0.6770414999999996,2.945912,0.09784938217756012,0.25,0
898,/home/test/bupt_hjk/sdp_dataset/elderAL/action5_drink_new/user0_position7_activity5/20250813=163308_mimo5s_part0.csv,0,7,5,11,3.8087799999999996,0.29581999999999997,0.8610070000000002,1.499003,1,2.6255126313412696,5,11,3.137407,3.7164789999999996,0.8237301708158519,1.0,1
899,/home/test/bupt_hjk/sdp_dataset/elderAL/action5_drink_new/user0_position7_activity5/20250813=163337_mimo5s_part0.csv,0,7,5,15,4.801342,0.22181799999999985,1.0066226,1.3038049999999997,1,2.9158514432006717,5,11,2.794686,3.9006931999999996,0.5820635147423366,0.7333333333333333,0
900,/home/test/bupt_hjk/sdp_dataset/elderAL/action5_drink_new/user0_position7_activity5/20250813=163251_mimo5s_part0.csv,0,7,5,18,5.077027999999999,0.16928149999999964,0.8584050000000001,1.4531839999999998,1,3.348415647894792,5,11,2.336696,2.8011383999999997,0.4602487912219511,0.6111111111111112,0
901,/home/test/bupt_hjk/sdp_dataset/elderAL/action5_drink_new/user0_position8_activity5/20250813=163529_mimo5s_part0.csv,0,8,5,7,3.764437,0.2953629999999998,1.4361000000000002,1.6725649999999999,0,1.593863836743715,5,11,3.764437,3.764437,1.0,1.0,1
902,/home/test/bupt_hjk/sdp_dataset/elderAL/action5_drink_new/user0_position8_activity5/20250813=163511_mimo5s_part0.csv,0,8,5,7,4.436319,0.6031105,1.3858945,1.662318,0,1.3524726242634941,5,11,4.436319,4.436319,1.0,1.0,1
903,/home/test/bupt_hjk/sdp_dataset/elderAL/action5_drink_new/user0_position5_activity5/20250813=161850_mimo5s_part0.csv,0,5,5,57,4.894858999999999,0.008716000000000612,0.2813582000000001,1.3512399999999998,1,11.440574692754174,5,11,0.7381499999999992,1.8033625999999998,0.1508010751688658,0.19298245614035087,0
904,/home/test/bupt_hjk/sdp_dataset/elderAL/action5_drink_new/user0_position7_activity5/20250813=163245_mimo5s_part0.csv,0,7,5,27,3.88358,0.07428349999999989,0.34115350000000005,0.842614,0,6.694853717446274,5,11,0.8130319999999998,2.3110078,0.2093511656770299,0.4074074074074074,0
905,/home/test/bupt_hjk/sdp_dataset/elderAL/action5_drink_new/user0_position7_activity5/20250813=163325_mimo5s_part0.csv,0,7,5,22,5.237843,0.07514799999999999,0.5673850000000003,1.3614600000000001,0,4.009283974338292,5,11,2.2681524999999993,4.561495699999999,0.43303178426692046,0.5,0
906,/home/test/bupt_hjk/sdp_dataset/elderAL/action5_drink_new/user0_position7_activity5/20250813=163257_mimo5s_part0.csv,0,7,5,23,4.706646,0.07269700000000023,0.5564919000000002,1.489007,0,4.674241487462622,5,11,0.9712290000000001,3.3845522,0.2063526766194016,0.4782608695652174,0
907,/home/test/bupt_hjk/sdp_dataset/elderAL/action5_drink_new/user0_position8_activity5/20250813=163418_mimo5s_part0.csv,0,8,5,7,4.702099,0.48404099999999994,1.7809145000000002,2.184483,0,1.2760258769541009,5,11,4.702099,4.702099,1.0,1.0,1
908,/home/test/bupt_hjk/sdp_dataset/elderAL/action5_drink_new/user0_position7_activity5/20250813=163314_mimo5s_part0.csv,0,7,5,24,5.233207,0.10405700000000007,0.44187980000000004,1.3681459999999999,0,4.395010554713391,5,11,1.7363559999999998,2.8213814999999998,0.33179578029304013,0.4583333333333333,0
909,/home/test/bupt_hjk/sdp_dataset/elderAL/action5_drink_new/user0_position8_activity5/20250813=163459_mimo5s_part0.csv,0,8,5,8,4.120565,0.26415299999999997,1.7210264999999998,1.9589969999999999,1,1.6987961602353074,5,11,4.0825914999999995,4.120565,0.9907843948584719,1.0,1
910,/home/test/bupt_hjk/sdp_dataset/elderAL/action5_drink_new/user0_position7_activity5/20250813=163343_mimo5s_part0.csv,0,7,5,17,5.077223,0.07600000000000007,0.9606604999999997,1.208983,0,3.1513289843680297,5,11,2.2469710000000003,4.7004874,0.44255905245840105,0.6470588235294118,0
911,/home/test/bupt_hjk/sdp_dataset/elderAL/action5_drink_new/user0_position8_activity5/20250813=163442_mimo5s_part0.csv,0,8,5,4,3.078761,1.2099210000000002,1.4207914,1.473509,0,0.974417955794555,5,11,3.078761,3.078761,1.0,1.0,1
912,/home/test/bupt_hjk/sdp_dataset/elderAL/action5_drink_new/user0_position8_activity5/20250813=163517_mimo5s_part0.csv,0,8,5,8,2.4664129999999997,0.42902149999999994,0.7189749999999999,0.846973,1,2.8381297049601995,5,11,2.1928484999999998,2.4664129999999997,0.8890840666182022,1.0,1
913,/home/test/bupt_hjk/sdp_dataset/elderAL/action5_drink_new/user0_position8_activity5/20250813=163453_mimo5s_part0.csv,0,8,5,12,4.761354,0.28272299999999984,1.5046968999999997,1.611499,1,2.3102672055049887,5,11,3.8347464999999996,4.7184624,0.8053899163977305,0.9166666666666666,0
914,/home/test/bupt_hjk/sdp_dataset/elderAL/action5_drink_new/user0_position8_activity5/20250813=163505_mimo5s_part0.csv,0,8,5,11,5.582278,0.3753099999999998,1.498509,1.8922729999999999,1,1.7913833743142138,5,11,4.624104,5.001752,0.8283543026699853,1.0,1
915,/home/test/bupt_hjk/sdp_dataset/elderAL/action5_drink_new/user0_position8_activity5/20250813=163523_mimo5s_part0.csv,0,8,5,8,5.015953,0.34221250000000003,2.1227454999999997,2.757819,1,1.3955473665722147,5,11,4.824311,5.015953,0.961793501653624,1.0,1
916,/home/test/bupt_hjk/sdp_dataset/elderAL/action5_drink_new/user0_position8_activity5/20250813=163423_mimo5s_part0.csv,0,8,5,14,7.4451469999999995,0.3024469999999999,1.3770786000000002,2.761138,0,1.7461038714212092,5,11,4.9916445,5.4006721,0.670456137400645,0.7857142857142857,0
917,/home/test/bupt_hjk/sdp_dataset/elderAL/action5_drink_new/user0_position8_activity5/20250813=163430_mimo5s_part0.csv,0,8,5,11,4.03737,0.111707,1.5023646,1.592982,0,2.4768599360474766,5,11,2.1599880000000002,3.7529700000000004,0.5349987739543317,1.0,1
918,/home/test/bupt_hjk/sdp_dataset/elderAL/action5_drink_new/user0_position8_activity5/20250813=163447_mimo5s_part0.csv,0,8,5,21,4.017615,0.06645200000000001,0.39732639999999986,1.571163,1,4.978077789932584,5,11,1.11289,3.039708,0.2770026495819037,0.5238095238095238,0
919,/home/test/bupt_hjk/sdp_dataset/elderAL/action5_drink_new/user0_position6_activity5/20250813=162031_mimo5s_part0.csv,0,6,5,7,5.0767999999999995,0.3304864999999999,2.133538,2.776202,0,1.1818468326504885,5,11,5.0767999999999995,5.0767999999999995,1.0,1.0,1
920,/home/test/bupt_hjk/sdp_dataset/elderAL/action5_drink_new/user0_position6_activity5/20250813=162112_mimo5s_part0.csv,0,6,5,7,2.1975119999999997,0.18581350000000002,0.897708,1.4834679999999998,0,2.730360516802639,5,11,2.1975119999999997,2.1975119999999997,1.0,1.0,1
921,/home/test/bupt_hjk/sdp_dataset/elderAL/action5_drink_new/user0_position8_activity5/20250813=163412_mimo5s_part0.csv,0,8,5,12,5.401485,0.3778585,1.5034608999999999,1.6668910000000001,1,2.0364770058604256,5,11,3.24513,5.2659848,0.6007847841843493,0.9166666666666666,0
922,/home/test/bupt_hjk/sdp_dataset/elderAL/action5_drink_new/user0_position8_activity5/20250813=163436_mimo5s_part0.csv,0,8,5,13,5.083379,0.19046900000000022,1.2037567000000002,1.479199,0,2.3606345306930687,5,11,3.154455,3.7549386,0.6205429498764503,0.8461538461538461,0
923,/home/test/bupt_hjk/sdp_dataset/elderAL/action5_drink_new/user0_position7_activity5/20250813=163239_mimo5s_part0.csv,0,7,5,41,4.553806,0.009101000000000026,0.32013539999999996,1.4657959999999997,1,8.783861236073738,5,11,0.5771189999999999,3.036246,0.12673333031754097,0.2682926829268293,0
924,/home/test/bupt_hjk/sdp_dataset/elderAL/action5_drink_new/user0_position6_activity5/20250813=162019_mimo5s_part0.csv,0,6,5,11,5.2969219999999995,0.367537,1.5475333999999998,1.8185469999999997,1,1.8878888531868132,5,11,4.4153199999999995,5.035412,0.8335633411252799,1.0,1
925,/home/test/bupt_hjk/sdp_dataset/elderAL/action5_drink_new/user0_position6_activity5/20250813=162025_mimo5s_part0.csv,0,6,5,4,2.547682,0.3727400000000003,1.602844,1.9103699999999997,0,1.177540996089779,5,11,2.547682,2.547682,1.0,1.0,1
926,/home/test/bupt_hjk/sdp_dataset/elderAL/action5_drink_new/user0_position6_activity5/20250813=162037_mimo5s_part0.csv,0,6,5,11,3.22219,0.3556389999999998,0.6159622,0.814791,1,3.1034793106551755,5,11,2.2386619999999997,3.147605,0.6947641200549936,1.0,1
927,/home/test/bupt_hjk/sdp_dataset/elderAL/action5_drink_new/user0_position6_activity5/20250813=162106_mimo5s_part0.csv,0,6,5,15,4.63764,0.07437100000000019,0.8754206000000003,2.195711,1,3.018776791644026,5,11,1.478407,3.3135190000000003,0.31878433858600497,0.7333333333333333,0
928,/home/test/bupt_hjk/sdp_dataset/elderAL/action5_drink_new/user0_position6_activity5/20250813=162118_mimo5s_part0.csv,0,6,5,7,5.080111,0.476031,1.8399985,2.189268,0,1.1810765552170022,5,11,5.080111,5.080111,1.0,1.0,1
929,/home/test/bupt_hjk/sdp_dataset/elderAL/action5_drink_new/user0_position6_activity5/20250813=162141_mimo5s_part0.csv,0,6,5,7,5.0214479999999995,0.769235,1.3927854999999998,1.5532649999999997,0,1.194874466488551,5,11,5.0214479999999995,5.0214479999999995,1.0,1.0,1
930,/home/test/bupt_hjk/sdp_dataset/elderAL/action5_drink_new/user0_position6_activity5/20250813=162130_mimo5s_part0.csv,0,6,5,17,2.622585,0.07478200000000013,0.513533,0.700955,0,6.100850878045898,5,11,0.8138750000000001,1.9595208,0.31033312552310033,0.6470588235294118,0
931,/home/test/bupt_hjk/sdp_dataset/elderAL/action5_drink_new/user0_position8_activity5/20250813=163535_mimo5s_part0.csv,0,8,5,24,3.72137,0.024538999999999977,0.39207220000000004,1.147511,1,6.180519539846885,5,11,0.8016040000000001,2.4146549,0.21540561674867056,0.4583333333333333,0
932,/home/test/bupt_hjk/sdp_dataset/elderAL/action5_drink_new/user0_position6_activity5/20250813=162124_mimo5s_part0.csv,0,6,5,7,5.306166,0.5924730000000002,1.7258809999999998,1.959925,0,1.1307599498394887,5,11,5.306166,5.306166,1.0,1.0,1
933,/home/test/bupt_hjk/sdp_dataset/elderAL/action5_drink_new/user0_position6_activity5/20250813=162101_mimo5s_part0.csv,0,6,5,11,7.35673,0.3371614999999999,1.9306670999999997,1.9853969999999999,0,1.3592995801123597,5,11,5.296735,6.984076,0.719984966146644,1.0,1
934,/home/test/bupt_hjk/sdp_dataset/elderAL/action5_drink_new/user0_position7_activity5/20250813=163331_mimo5s_part0.csv,0,7,5,49,4.846596,0.008912999999999727,0.28327659999999993,1.109172,1,9.903858295595507,5,11,0.728388,1.913571,0.15028857367108792,0.22448979591836735,0
935,/home/test/bupt_hjk/sdp_dataset/elderAL/action5_drink_new/user0_position6_activity5/20250813=162135_mimo5s_part0.csv,0,6,5,11,2.8089649999999997,0.24615,0.5503988999999997,0.7260419999999999,0,3.5600301178547973,5,11,2.2544589999999998,2.7335439999999998,0.8025941939468808,1.0,1
936,/home/test/bupt_hjk/sdp_dataset/elderAL/action5_drink_new/user0_position4_activity5/20250813=161131_mimo5s_part0.csv,0,4,5,10,4.439658,0.3566609999999999,0.9543030000000001,1.9540749999999996,0,2.0271831749202307,5,11,4.007132,4.439658,0.9025767300093838,1.0,1
937,/home/test/bupt_hjk/sdp_dataset/elderAL/action5_drink_new/user0_position6_activity5/20250813=162044_mimo5s_part0.csv,0,6,5,28,5.826079,0.0634655000000004,0.5276729999999998,1.392023,1,4.634334687188416,5,11,0.8549365,4.183899299999999,0.14674303249235035,0.39285714285714285,0
938,/home/test/bupt_hjk/sdp_dataset/elderAL/action5_drink_new/user0_position6_activity5/20250813=162050_mimo5s_part0.csv,0,6,5,17,5.28281,0.2928579999999998,0.8169184999999999,1.4742209999999996,0,3.028691170040187,5,11,2.9928030000000003,4.6435958,0.5665172512356115,0.6470588235294118,0
939,/home/test/bupt_hjk/sdp_dataset/elderAL/action5_drink_new/user0_position6_activity5/20250813=162055_mimo5s_part0.csv,0,6,5,25,4.675032,0.015738999999999947,0.4496587999999998,1.663662,1,5.133654700117561,5,11,1.4493040000000001,2.2200902,0.3100094288124659,0.44,0
940,/home/test/bupt_hjk/sdp_dataset/elderAL/action5_drink_new/user0_position4_activity5/20250813=161137_mimo5s_part0.csv,0,4,5,15,5.308946,0.29646799999999995,0.9908944,1.2925099999999996,1,2.6370582786112347,5,11,2.871336,4.5271832,0.5408485978196049,0.7333333333333333,0
941,/home/test/bupt_hjk/sdp_dataset/elderAL/action5_drink_new/user0_position4_activity5/20250813=161032_mimo5s_part0.csv,0,4,5,15,6.163538,0.297162,1.3229546000000005,1.7013569999999998,1,2.2714226796362738,5,11,4.2231950000000005,4.997599999999999,0.6851900645376082,0.7333333333333333,0
942,/home/test/bupt_hjk/sdp_dataset/elderAL/action5_drink_new/user0_position4_activity5/20250813=161038_mimo5s_part0.csv,0,4,5,12,3.7240339999999996,0.2978039999999999,0.6256196999999997,1.194003,1,2.953786136216802,5,11,2.87904,3.4386550999999996,0.7730971306921474,0.9166666666666666,0
943,/home/test/bupt_hjk/sdp_dataset/elderAL/action5_drink_new/user0_position4_activity5/20250813=161119_mimo5s_part0.csv,0,4,5,15,5.957609,0.3754879999999998,0.7700582000000001,0.9990300000000003,1,2.3499360229917743,5,11,3.49065,4.546736,0.5859145841897312,0.7333333333333333,0
944,/home/test/bupt_hjk/sdp_dataset/elderAL/action5_drink_new/user0_position4_activity5/20250813=161050_mimo5s_part0.csv,0,4,5,17,4.31276,0.06451450000000003,0.8540604999999999,1.4505409999999999,0,3.709921256921322,5,11,2.7385369999999996,3.758125,0.6349847893228465,0.6470588235294118,0
945,/home/test/bupt_hjk/sdp_dataset/elderAL/action5_drink_new/user0_position4_activity5/20250813=161101_mimo5s_part0.csv,0,4,5,17,4.8130939999999995,0.166967,0.616199,1.358662,0,3.3242650153934252,5,11,3.2146609999999995,3.8707463999999994,0.6678990686656026,0.6470588235294118,0
946,/home/test/bupt_hjk/sdp_dataset/elderAL/action5_drink_new/user0_position4_activity5/20250813=161019_mimo5s_part0.csv,0,4,5,20,4.048007,0.14329500000000017,0.2806446000000001,1.6466119999999997,0,4.6936677728077045,5,11,1.3972419999999999,3.1319345,0.3451678813796517,0.55,0
947,/home/test/bupt_hjk/sdp_dataset/elderAL/action5_drink_new/user0_position4_activity5/20250813=161026_mimo5s_part0.csv,0,4,5,15,4.703175,0.29416699999999985,0.7616664000000002,0.7946430000000001,1,2.9767125399331302,5,11,2.879474,3.8992538,0.6122404545865293,0.7333333333333333,0
948,/home/test/bupt_hjk/sdp_dataset/elderAL/action5_drink_new/user0_position2_activity5/20250813=155959_mimo5s_part0.csv,0,2,5,8,4.780218,0.29683400000000004,1.7765716000000003,2.205445,0,1.4643683614429301,5,11,4.6340695,4.780218,0.969426394361094,1.0,1
949,/home/test/bupt_hjk/sdp_dataset/elderAL/action5_drink_new/user0_position4_activity5/20250813=161143_mimo5s_part0.csv,0,4,5,17,5.0132769999999995,0.12908850000000038,0.8821884999999999,1.560735,0,3.191525223920402,5,11,1.994735,4.6559007999999995,0.3978904417210539,0.6470588235294118,0
950,/home/test/bupt_hjk/sdp_dataset/elderAL/action5_drink_new/user0_position2_activity5/20250813=160016_mimo5s_part0.csv,0,2,5,8,2.409756,0.2161209999999999,0.9626619999999999,1.3643939999999999,1,2.904858417200746,5,11,2.129291,2.409756,0.8836126977171133,1.0,1
951,/home/test/bupt_hjk/sdp_dataset/elderAL/action5_drink_new/user0_position2_activity5/20250813=160022_mimo5s_part0.csv,0,2,5,7,3.5342629999999997,0.532175,1.0418254999999998,1.286813,0,1.697666529061363,5,11,3.5342629999999997,3.5342629999999997,1.0,1.0,1
952,/home/test/bupt_hjk/sdp_dataset/elderAL/action5_drink_new/user0_position4_activity5/20250813=161113_mimo5s_part0.csv,0,4,5,17,4.697741,0.15096299999999996,0.6068335,1.576297,0,3.4058923214370482,5,11,1.8495619999999997,4.2094366,0.3937130633638593,0.6470588235294118,0
953,/home/test/bupt_hjk/sdp_dataset/elderAL/action5_drink_new/user0_position2_activity5/20250813=155918_mimo5s_part0.csv,0,2,5,7,2.584378,0.33207450000000005,0.8762639999999999,1.289064,0,2.3216418031727555,5,11,2.584378,2.584378,1.0,1.0,1
954,/home/test/bupt_hjk/sdp_dataset/elderAL/action5_drink_new/user0_position2_activity5/20250813=155900_mimo5s_part0.csv,0,2,5,15,3.21727,0.1543530000000004,0.6635218000000003,1.000284,1,4.351515415243359,5,11,1.8991330000000002,2.2364729999999997,0.5902933232212404,0.7333333333333333,0
955,/home/test/bupt_hjk/sdp_dataset/elderAL/action5_drink_new/user0_position4_activity5/20250813=161044_mimo5s_part0.csv,0,4,5,31,7.392058,0.026862000000000386,1.0774459999999992,1.2364749999999995,1,4.058409714858839,5,11,0.8348439999999995,4.617845,0.11293796666638703,0.3548387096774194,0
956,/home/test/bupt_hjk/sdp_dataset/elderAL/action5_drink_new/user0_position2_activity5/20250813=160011_mimo5s_part0.csv,0,2,5,7,5.011368,0.34100599999999986,2.0396345,2.763468,0,1.1972778690369577,5,11,5.011368,5.011368,1.0,1.0,1
957,/home/test/bupt_hjk/sdp_dataset/elderAL/action5_drink_new/user0_position2_activity5/20250813=155948_mimo5s_part0.csv,0,2,5,15,4.57595,0.197882,1.2559964000000008,1.587333,1,3.0594739890077474,5,11,2.660747,4.037535,0.5814633027021712,0.7333333333333333,0
958,/home/test/bupt_hjk/sdp_dataset/elderAL/action5_drink_new/user0_position4_activity5/20250813=161125_mimo5s_part0.csv,0,4,5,18,6.420249999999999,0.3404744999999999,0.8295670000000002,1.802246,1,2.6478719676025078,5,11,3.1757485,4.0901255,0.4946456134885714,0.6111111111111112,0
959,/home/test/bupt_hjk/sdp_dataset/elderAL/action5_drink_new/user0_position2_activity5/20250813=155912_mimo5s_part0.csv,0,2,5,7,3.276696,0.09097649999999993,1.5313544999999997,2.7675339999999995,0,1.8311128038731699,5,11,3.276696,3.276696,1.0,1.0,1
960,/home/test/bupt_hjk/sdp_dataset/elderAL/action5_drink_new/user0_position2_activity5/20250813=160005_mimo5s_part0.csv,0,2,5,11,6.176347,0.385961,1.5213764000000005,2.0414939999999997,1,1.61908001606775,5,11,4.278621,5.790386,0.6927429757427813,1.0,1
961,/home/test/bupt_hjk/sdp_dataset/elderAL/action5_drink_new/user0_position2_activity5/20250813=155935_mimo5s_part0.csv,0,2,5,7,3.454606,0.5350590000000002,0.8450405000000001,0.949434,0,1.736811665353444,5,11,3.454606,3.454606,1.0,1.0,1
962,/home/test/bupt_hjk/sdp_dataset/elderAL/action5_drink_new/user0_position2_activity5/20250813=155924_mimo5s_part0.csv,0,2,5,7,3.86083,0.5043810000000001,1.1048264999999997,1.2075929999999997,0,1.5540699797711892,5,11,3.86083,3.86083,1.0,1.0,1
963,/home/test/bupt_hjk/sdp_dataset/elderAL/action5_drink_new/user0_position2_activity5/20250813=155954_mimo5s_part0.csv,0,2,5,11,4.978323,0.265323,1.5108646999999997,1.6402819999999998,0,2.0087085550696493,5,11,4.4022179999999995,4.764939,0.88427729578816,1.0,1
964,/home/test/bupt_hjk/sdp_dataset/elderAL/action5_drink_new/user0_position2_activity5/20250813=155942_mimo5s_part0.csv,0,2,5,11,4.557573,0.34498499999999993,1.0751373999999996,1.159963,1,2.1941502637478325,5,11,3.083233,4.5421759999999995,0.6765076500146021,1.0,1
965,/home/test/bupt_hjk/sdp_dataset/elderAL/action5_drink_new/user1_position5_activity5/20250813=161459_mimo5s_part0.csv,1,5,5,4,3.132295,0.580002,1.8742484000000001,2.19781,0,0.957764195262579,5,11,3.132295,3.132295,1.0,1.0,1
966,/home/test/bupt_hjk/sdp_dataset/elderAL/action5_drink_new/user0_position2_activity5/20250813=155930_mimo5s_part0.csv,0,2,5,8,5.191541,0.3757229999999998,1.6156672000000005,2.225791,0,1.3483472441034368,5,11,5.096014,5.191541,0.9815994904017902,1.0,1
967,/home/test/bupt_hjk/sdp_dataset/elderAL/action5_drink_new/user0_position4_activity5/20250813=161055_mimo5s_part0.csv,0,4,5,31,5.3751809999999995,0.08003349999999965,0.4056123999999998,1.299199,0,5.581207404922737,5,11,1.0749909999999998,3.736712,0.19999159098084324,0.3548387096774194,0
968,/home/test/bupt_hjk/sdp_dataset/elderAL/action5_drink_new/user1_position5_activity5/20250813=161412_mimo5s_part0.csv,1,5,5,7,4.479175,0.3340105,1.7696944999999997,2.7713469999999996,0,1.3395323915676436,5,11,4.479175,4.479175,1.0,1.0,1
969,/home/test/bupt_hjk/sdp_dataset/elderAL/action5_drink_new/user1_position5_activity5/20250813=161530_mimo5s_part0.csv,1,5,5,12,5.073579,0.2906354999999998,0.8934201999999994,2.1924099999999997,1,2.168094751259417,5,11,3.5814209999999997,4.9062809,0.7058963701954774,0.9166666666666666,0
970,/home/test/bupt_hjk/sdp_dataset/elderAL/action5_drink_new/user1_position5_activity5/20250813=161429_mimo5s_part0.csv,1,5,5,8,4.056737,0.6670240000000001,1.2728135,1.3158910000000001,1,1.7255247259065598,5,11,3.441869,4.056737,0.848432866118755,1.0,1
971,/home/test/bupt_hjk/sdp_dataset/elderAL/action5_drink_new/user1_position5_activity5/20250813=161424_mimo5s_part0.csv,1,5,5,14,5.3125089999999995,0.32591749999999986,0.9198363999999994,1.003706,1,2.4470546779308986,5,11,3.0672599999999997,3.8959869000000005,0.5773656101100252,0.7857142857142857,0
972,/home/test/bupt_hjk/sdp_dataset/elderAL/action5_drink_new/user1_position5_activity5/20250813=161441_mimo5s_part0.csv,1,5,5,7,5.030009,0.8002689999999999,1.5130134999999998,1.5583199999999997,0,1.1928408080383157,5,11,5.030009,5.030009,1.0,1.0,1
973,/home/test/bupt_hjk/sdp_dataset/elderAL/action5_drink_new/user0_position2_activity5/20250813=155906_mimo5s_part0.csv,0,2,5,21,8.310165,0.1370900000000006,1.6210223999999989,2.509336,1,2.4066910825476993,5,11,3.2689429999999993,7.519356999999999,0.3933667983728361,0.5238095238095238,0
974,/home/test/bupt_hjk/sdp_dataset/elderAL/action5_drink_new/user1_position5_activity5/20250813=161517_mimo5s_part0.csv,1,5,5,11,5.075036,0.44176099999999996,0.9490518000000008,2.192327,1,1.9704293723236643,5,11,4.078284,4.633275,0.8035970582277643,1.0,1
975,/home/test/bupt_hjk/sdp_dataset/elderAL/action5_drink_new/user1_position5_activity5/20250813=161435_mimo5s_part0.csv,1,5,5,11,5.661436999999999,0.3898590000000004,1.2466002,2.760141,1,1.7663360026791786,5,11,3.7330229999999998,5.5527489999999995,0.6593772923729435,1.0,1
976,/home/test/bupt_hjk/sdp_dataset/elderAL/action5_drink_new/user1_position5_activity5/20250813=161511_mimo5s_part0.csv,1,5,5,17,5.203148,0.11463100000000004,0.938518,1.424693,0,3.075061482010506,5,11,1.600309,4.029848599999999,0.30756553532592196,0.6470588235294118,0
977,/home/test/bupt_hjk/sdp_dataset/elderAL/action5_drink_new/user1_position5_activity5/20250813=161418_mimo5s_part0.csv,1,5,5,11,4.603727999999999,0.46941999999999995,0.8913560000000003,1.6309719999999999,1,2.1721526554131785,5,11,3.61192,4.412307,0.7845641619139968,1.0,1
978,/home/test/bupt_hjk/sdp_dataset/elderAL/action5_drink_new/user0_position4_activity5/20250813=161107_mimo5s_part0.csv,0,4,5,40,6.113212,0.05141899999999988,0.38322060000000013,1.478048,0,6.379624982742297,5,11,0.9890584999999998,2.2378462,0.16179031579470823,0.275,0
979,/home/test/bupt_hjk/sdp_dataset/elderAL/action5_drink_new/user1_position5_activity5/20250813=161523_mimo5s_part0.csv,1,5,5,15,4.944349,0.3245880000000003,0.8765126000000001,1.0034,1,2.8315153319476436,5,11,3.128717,3.8698557999999994,0.632786439630374,0.7333333333333333,0
980,/home/test/bupt_hjk/sdp_dataset/elderAL/action5_drink_new/user1_position5_activity5/20250813=161453_mimo5s_part0.csv,1,5,5,15,4.483453,0.15825599999999995,1.1970148000000005,1.5304669999999998,1,3.122593233385072,5,11,2.6412109999999998,3.8829344,0.589101971181587,0.7333333333333333,0
981,/home/test/bupt_hjk/sdp_dataset/elderAL/action5_drink_new/user0_position3_activity5/20250813=160218_mimo5s_part0.csv,0,3,5,7,4.442164,0.2926575,1.8537754999999998,2.224979,0,1.3506930405991313,5,11,4.442164,4.442164,1.0,1.0,1
982,/home/test/bupt_hjk/sdp_dataset/elderAL/action5_drink_new/user0_position3_activity5/20250813=160201_mimo5s_part0.csv,0,3,5,8,4.576531999999999,0.5080695,1.600762,1.708785,1,1.5295424570395226,5,11,4.5755634999999995,4.576531999999999,0.9997883768757654,1.0,1
983,/home/test/bupt_hjk/sdp_dataset/elderAL/action5_drink_new/user0_position3_activity5/20250813=160207_mimo5s_part0.csv,0,3,5,11,5.375249999999999,0.37211899999999964,1.5810275999999999,2.215674,1,1.8603785870424634,5,11,3.5105729999999995,5.014031999999999,0.6530994837449421,1.0,1
984,/home/test/bupt_hjk/sdp_dataset/elderAL/action5_drink_new/user0_position3_activity5/20250813=160133_mimo5s_part0.csv,0,3,5,8,4.611935,0.4278539999999999,1.8400629999999998,2.1962399999999995,1,1.5178010965028779,5,11,4.3264005,4.611935,0.9380879175443714,1.0,1
985,/home/test/bupt_hjk/sdp_dataset/elderAL/action5_drink_new/user0_position3_activity5/20250813=160155_mimo5s_part0.csv,0,3,5,10,2.9828959999999998,0.19137000000000004,0.6150540000000001,1.4494259999999999,0,3.0172020747622446,5,11,2.5026725,2.9828959999999998,0.8390076288278238,1.0,1
986,/home/test/bupt_hjk/sdp_dataset/elderAL/action5_drink_new/user0_position3_activity5/20250813=160127_mimo5s_part0.csv,0,3,5,11,5.079612,0.291653,1.6302972000000002,2.2104260000000004,1,1.9686542987928999,5,11,2.831674,5.004938,0.5574587192880086,1.0,1
987,/home/test/bupt_hjk/sdp_dataset/elderAL/action5_drink_new/user1_position5_activity5/20250813=161505_mimo5s_part0.csv,1,5,5,22,6.884878,0.0676239999999999,0.9186236000000014,2.185231,1,3.0501629803752515,5,11,1.3519584999999998,5.376497799999999,0.1963663698906502,0.5,0
988,/home/test/bupt_hjk/sdp_dataset/elderAL/action5_drink_new/user0_position3_activity5/20250813=160213_mimo5s_part0.csv,0,3,5,11,3.145625,0.06886249999999994,0.7999736999999999,1.193874,0,3.179018478044904,5,11,2.55443,2.8476049999999997,0.8120580170872244,1.0,1
989,/home/test/bupt_hjk/sdp_dataset/elderAL/action5_drink_new/user0_position3_activity5/20250813=160138_mimo5s_part0.csv,0,3,5,18,5.629725,0.19441549999999985,0.7879245,1.4729360000000002,1,3.019685686245776,5,11,2.8148625,4.6901838,0.5,0.6111111111111112,0
990,/home/test/bupt_hjk/sdp_dataset/elderAL/action5_drink_new/user1_position5_activity5/20250813=161406_mimo5s_part0.csv,1,5,5,28,5.091851999999999,0.03198450000000008,0.42980149999999995,2.2075389999999997,1,5.302589313279334,5,11,0.922966,3.9851511,0.18126332030074715,0.39285714285714285,0
991,/home/test/bupt_hjk/sdp_dataset/elderAL/action5_drink_new/user0_position3_activity5/20250813=160224_mimo5s_part0.csv,0,3,5,8,4.707320999999999,0.37383500000000014,1.6106994,1.7941349999999998,0,1.4870453916357098,5,11,4.670177,4.707320999999999,0.9921093122818692,1.0,1
992,/home/test/bupt_hjk/sdp_dataset/elderAL/action5_drink_new/user1_position1_activity5/20250813=154717_mimo5s_part0.csv,1,1,5,4,1.157062,0.405397,0.5065185999999999,0.5317989999999999,0,2.592773766660732,5,11,1.157062,1.157062,1.0,1.0,1
993,/home/test/bupt_hjk/sdp_dataset/elderAL/action5_drink_new/user0_position3_activity5/20250813=160236_mimo5s_part0.csv,0,3,5,15,4.6055399999999995,0.2241380000000004,0.599863,1.2384009999999999,1,3.0398172635564995,5,11,2.3957219999999997,3.2485654,0.5201826495915788,0.7333333333333333,0
994,/home/test/bupt_hjk/sdp_dataset/elderAL/action5_drink_new/user1_position1_activity5/20250813=154742_mimo5s_part0.csv,1,1,5,8,4.785394,0.22859050000000006,2.1246155,2.7917840000000003,1,1.4627844645602848,5,11,4.734590000000001,4.785394,0.98938352829464,1.0,1
995,/home/test/bupt_hjk/sdp_dataset/elderAL/action5_drink_new/user0_position3_activity5/20250813=160150_mimo5s_part0.csv,0,3,5,18,4.68805,0.07212449999999981,0.757363,1.476267,1,3.6262411877006433,5,11,2.7764610000000003,3.8782134,0.5922421902496775,0.6111111111111112,0
996,/home/test/bupt_hjk/sdp_dataset/elderAL/action5_drink_new/user1_position1_activity5/20250813=154810_mimo5s_part0.csv,1,1,5,11,6.516836,0.32994199999999996,1.6426734,2.2098829999999996,1,1.534486981105555,5,11,3.744661,5.954543999999999,0.5746133553153708,1.0,1
997,/home/test/bupt_hjk/sdp_dataset/elderAL/action5_drink_new/user1_position5_activity5/20250813=161447_mimo5s_part0.csv,1,5,5,33,3.452302,0.01646649999999994,0.2371879,1.5553009999999998,0,9.269177493741857,5,11,0.697545,1.7636446000000001,0.2020521379647551,0.3333333333333333,0
998,/home/test/bupt_hjk/sdp_dataset/elderAL/action5_drink_new/user1_position1_activity5/20250813=154804_mimo5s_part0.csv,1,1,5,7,3.936199,0.20312849999999985,1.6896815,1.905014,0,1.5243131762393112,5,11,3.936199,3.936199,1.0,1.0,1
999,/home/test/bupt_hjk/sdp_dataset/elderAL/action5_drink_new/user0_position3_activity5/20250813=160144_mimo5s_part0.csv,0,3,5,33,3.8894439999999997,0.07864400000000016,0.31223920000000027,0.34123499999999996,0,8.22739702641303,5,11,0.84359,1.8522562,0.21689218304724275,0.3333333333333333,0
1000,/home/test/bupt_hjk/sdp_dataset/elderAL/action5_drink_new/user0_position3_activity5/20250813=160248_mimo5s_part0.csv,0,3,5,24,4.754462999999999,0.04252999999999929,0.5017722,1.475978,0,4.837559993631248,5,11,1.927143,3.8977535999999993,0.4053334729915871,0.4583333333333333,0
1001,/home/test/bupt_hjk/sdp_dataset/elderAL/action5_drink_new/user1_position1_activity5/20250813=154753_mimo5s_part0.csv,1,1,5,13,4.140368,0.329315,0.9631739999999998,1.0413259999999998,1,2.898293098584474,5,11,2.7163679999999997,3.4177077999999996,0.6560692189679758,0.8461538461538461,0
1002,/home/test/bupt_hjk/sdp_dataset/elderAL/action5_drink_new/user1_position1_activity5/20250813=154834_mimo5s_part0.csv,1,1,5,15,4.618554,0.25810999999999995,0.8725340000000003,1.4885129999999998,1,3.0312517727409922,5,11,2.912407,4.0610336,0.6305884915495197,0.7333333333333333,0
1003,/home/test/bupt_hjk/sdp_dataset/elderAL/action5_drink_new/user1_position1_activity5/20250813=154711_mimo5s_part0.csv,1,1,5,25,4.4963869999999995,0.0407789999999999,0.5404150000000004,1.4495109999999998,1,5.337618848199678,5,11,1.223166,2.9119134000000004,0.2720330790032086,0.44,0
1004,/home/test/bupt_hjk/sdp_dataset/elderAL/action5_drink_new/user1_position6_activity5/20250813=162230_mimo5s_part0.csv,1,6,5,3,1.8520379999999999,0.9260189999999999,1.3663437999999999,1.4764249999999999,0,1.0798914493115153,5,11,1.8520379999999999,1.8520379999999999,1.0,1.0,1
1005,/home/test/bupt_hjk/sdp_dataset/elderAL/action5_drink_new/user1_position1_activity5/20250813=154816_mimo5s_part0.csv,1,1,5,29,4.792439,0.10480499999999981,0.35681680000000016,1.337942,1,5.842536545587748,5,11,1.6887109999999999,2.2700382,0.3523698475870011,0.3793103448275862,0
1006,/home/test/bupt_hjk/sdp_dataset/elderAL/action5_drink_new/user1_position1_activity5/20250813=154822_mimo5s_part0.csv,1,1,5,8,4.811075,0.29284600000000005,1.952416,2.647331,1,1.4549762786903135,5,11,4.747889499999999,4.811075,0.9868666566204018,1.0,1
1007,/home/test/bupt_hjk/sdp_dataset/elderAL/action5_drink_new/user1_position1_activity5/20250813=154736_mimo5s_part0.csv,1,1,5,11,5.034110999999999,0.37192999999999987,1.28466,1.481828,1,1.9864480540854188,5,11,2.9905399999999998,4.9596219999999995,0.5940552363664607,1.0,1
1008,/home/test/bupt_hjk/sdp_dataset/elderAL/action5_drink_new/user1_position6_activity5/20250813=162317_mimo5s_part0.csv,1,6,5,8,3.512946,0.396532,1.1702249999999998,1.770691,1,1.9926295479634473,5,11,3.3282489999999996,3.512946,0.9474239000542564,1.0,1
1009,/home/test/bupt_hjk/sdp_dataset/elderAL/action5_drink_new/user1_position6_activity5/20250813=162254_mimo5s_part0.csv,1,6,5,4,2.042553,0.3622829999999999,1.4150534,1.678246,0,1.4687501376953256,5,11,2.042553,2.042553,1.0,1.0,1
1010,/home/test/bupt_hjk/sdp_dataset/elderAL/action5_drink_new/user1_position6_activity5/20250813=162219_mimo5s_part0.csv,1,6,5,11,5.6769549999999995,0.4380810000000002,1.5015001,1.502878,0,1.7615077096788685,5,11,3.6106279999999997,5.113505999999999,0.6360149058782393,1.0,1
1011,/home/test/bupt_hjk/sdp_dataset/elderAL/action5_drink_new/user1_position6_activity5/20250813=162300_mimo5s_part0.csv,1,6,5,7,5.009269,0.546701,1.5740009999999998,2.208757,0,1.1977795562586078,5,11,5.009269,5.009269,1.0,1.0,1
1012,/home/test/bupt_hjk/sdp_dataset/elderAL/action5_drink_new/user1_position1_activity5/20250813=154758_mimo5s_part0.csv,1,1,5,28,6.146647,0.09110499999999999,0.6725455,0.886869,1,4.392638783388732,5,11,1.948706,2.846906,0.31703561307490086,0.39285714285714285,0
1013,/home/test/bupt_hjk/sdp_dataset/elderAL/action5_drink_new/user1_position6_activity5/20250813=162323_mimo5s_part0.csv,1,6,5,8,4.587012,0.33878300000000006,1.8459359999999998,2.356516,1,1.5260478934870894,5,11,4.392643,4.587012,0.957626228141544,1.0,1
1014,/home/test/bupt_hjk/sdp_dataset/elderAL/action5_drink_new/user0_position3_activity5/20250813=160230_mimo5s_part0.csv,0,3,5,43,6.539336,0.006273999999999891,0.3891405000000001,2.2272570000000003,2,6.422670436264477,5,11,0.32026100000000035,4.6890028,0.048974544204488095,0.2558139534883721,0
1015,/home/test/bupt_hjk/sdp_dataset/elderAL/action5_drink_new/user0_position3_activity5/20250813=160241_mimo5s_part0.csv,0,3,5,48,6.1425849999999995,0.027994500000000144,0.3210569999999999,1.483334,1,7.651501770020277,5,11,0.6402674999999998,2.922068,0.10423421084120119,0.22916666666666666,0
1016,/home/test/bupt_hjk/sdp_dataset/elderAL/action5_drink_new/user1_position6_activity5/20250813=162335_mimo5s_part0.csv,1,6,5,14,4.244941,0.2487630000000003,0.5631573999999998,1.4139129999999998,0,3.062468948331673,5,11,2.4669325,3.732744,0.5811464752984788,0.7857142857142857,0
1017,/home/test/bupt_hjk/sdp_dataset/elderAL/action5_drink_new/user1_position6_activity5/20250813=162311_mimo5s_part0.csv,1,6,5,20,4.566477,0.157604,0.45871379999999984,0.9641519999999999,0,4.160756749678144,5,11,1.9508839999999998,3.0401942,0.4272186195178471,0.55,0
1018,/home/test/bupt_hjk/sdp_dataset/elderAL/action5_drink_new/user1_position1_activity5/20250813=154747_mimo5s_part0.csv,1,1,5,30,5.573614,0.081457,0.3715824000000001,1.40846,0,5.203087260797034,5,11,1.0083455,3.6429828000000004,0.18091412501834533,0.36666666666666664,0
1019,/home/test/bupt_hjk/sdp_dataset/elderAL/action5_drink_new/user1_position6_activity5/20250813=162248_mimo5s_part0.csv,1,6,5,24,4.742246,0.08203000000000005,0.47937900000000033,1.544435,0,4.850022542061294,5,11,1.5117304999999999,3.7003497,0.31877943489224303,0.4583333333333333,0
1020,/home/test/bupt_hjk/sdp_dataset/elderAL/action5_drink_new/user1_position6_activity5/20250813=162306_mimo5s_part0.csv,1,6,5,12,7.559949,0.36738650000000006,1.7247671999999994,2.7693179999999997,1,1.4550362707473292,5,11,4.916724499999999,5.895054,0.650364770979275,0.9166666666666666,0
1021,/home/test/bupt_hjk/sdp_dataset/elderAL/action5_drink_new/user1_position6_activity5/20250813=162242_mimo5s_part0.csv,1,6,5,15,6.094647,0.31339499999999987,1.1519672,1.453151,1,2.2970977646449415,5,11,3.8621920000000003,4.5919132,0.6337023292735412,0.7333333333333333,0
1022,/home/test/bupt_hjk/sdp_dataset/elderAL/action5_drink_new/user1_position8_activity5/20250813=163618_mimo5s_part0.csv,1,8,5,7,3.510725,0.48577499999999996,1.089766,1.2596329999999998,0,1.7090487007669357,5,11,3.510725,3.510725,1.0,1.0,1
1023,/home/test/bupt_hjk/sdp_dataset/elderAL/action5_drink_new/user1_position1_activity5/20250813=154827_mimo5s_part0.csv,1,1,5,47,6.478508,0.014639999999999986,0.35444500000000007,1.4798519999999997,1,7.100400277347809,5,11,0.557023,3.0189652,0.08598013616715455,0.23404255319148937,0
1024,/home/test/bupt_hjk/sdp_dataset/elderAL/action5_drink_new/user1_position6_activity5/20250813=162225_mimo5s_part0.csv,1,6,5,21,6.037414,0.15332750000000006,0.5718087000000003,2.07519,0,3.312676586366282,5,11,1.645836,4.84282,0.2726061191099368,0.5238095238095238,0
1025,/home/test/bupt_hjk/sdp_dataset/elderAL/action5_drink_new/user1_position1_activity5/20250813=154730_mimo5s_part0.csv,1,1,5,41,4.940797,0.008424999999999905,0.46320440000000007,1.2822689999999999,1,8.095859837997796,5,11,0.4012589999999996,2.915885,0.08121341556837887,0.2682926829268293,0
1026,/home/test/bupt_hjk/sdp_dataset/elderAL/action5_drink_new/user1_position6_activity5/20250813=162214_mimo5s_part0.csv,1,6,5,14,6.886207,0.2985049999999996,1.3269170000000006,2.6798709999999994,0,1.8878317192614165,5,11,4.685515499999999,5.9664004,0.6804203678454626,0.7857142857142857,0
1027,/home/test/bupt_hjk/sdp_dataset/elderAL/action5_drink_new/user1_position8_activity5/20250813=163659_mimo5s_part0.csv,1,8,5,7,5.311221,0.4974050000000001,1.8185939999999998,2.189882,0,1.1296837393887396,5,11,5.311221,5.311221,1.0,1.0,1
1028,/home/test/bupt_hjk/sdp_dataset/elderAL/action5_drink_new/user1_position8_activity5/20250813=163624_mimo5s_part0.csv,1,8,5,11,5.962102,0.31630999999999965,1.7252512000000002,2.751096,1,1.677260804997969,5,11,4.99018,5.885724,0.8369833323884763,1.0,1
1029,/home/test/bupt_hjk/sdp_dataset/elderAL/action5_drink_new/user1_position8_activity5/20250813=163724_mimo5s_part0.csv,1,8,5,15,5.9572389999999995,0.2821389999999999,1.2605184000000005,1.490055,1,2.3500819758952094,5,11,3.218883,4.891109,0.5403313514868213,0.7333333333333333,0
1030,/home/test/bupt_hjk/sdp_dataset/elderAL/action5_drink_new/user1_position1_activity5/20250813=154704_mimo5s_part0.csv,1,1,5,50,6.1111439999999995,0.009514000000000244,0.4048218000000001,1.314422,0,8.018138666017363,5,11,0.14325750000000026,2.8539985999999997,0.02344201020299968,0.22,0
1031,/home/test/bupt_hjk/sdp_dataset/elderAL/action5_drink_new/user1_position8_activity5/20250813=163630_mimo5s_part0.csv,1,8,5,8,3.7631249999999996,0.48445549999999993,1.3130134999999998,1.913576,1,1.8601561202458066,5,11,3.4068994999999997,3.7631249999999996,0.9053378508553397,1.0,1
1032,/home/test/bupt_hjk/sdp_dataset/elderAL/action5_drink_new/user1_position8_activity5/20250813=163730_mimo5s_part0.csv,1,8,5,11,5.029071,0.3188855,0.7891685999999993,2.2419179999999996,0,1.9884388190184628,5,11,4.0166710000000005,4.991192,0.7986904539625709,1.0,1
1033,/home/test/bupt_hjk/sdp_dataset/elderAL/action5_drink_new/user1_position8_activity5/20250813=163642_mimo5s_part0.csv,1,8,5,11,4.467480999999999,0.30417249999999985,1.0683740999999995,1.220088,0,2.238397880147672,5,11,3.522449999999999,4.1720299999999995,0.7884644612926165,1.0,1
1034,/home/test/bupt_hjk/sdp_dataset/elderAL/action5_drink_new/user1_position8_activity5/20250813=163654_mimo5s_part0.csv,1,8,5,15,3.75641,0.10611700000000002,0.7182308,0.793279,1,3.7269627117380693,5,11,2.284662,2.7953102,0.6082035773517801,0.7333333333333333,0
1035,/home/test/bupt_hjk/sdp_dataset/elderAL/action5_drink_new/user1_position8_activity5/20250813=163636_mimo5s_part0.csv,1,8,5,11,4.033518,0.299147,1.0070670000000002,1.4679749999999998,1,2.4792253313360693,5,11,2.733351,4.031034,0.6776593038632777,1.0,1
1036,/home/test/bupt_hjk/sdp_dataset/elderAL/action5_drink_new/user1_position8_activity5/20250813=163718_mimo5s_part0.csv,1,8,5,8,3.42623,0.619081,0.86806,0.9409599999999999,1,2.043061907694463,5,11,3.380249,3.42623,0.9865797100603287,1.0,1
1037,/home/test/bupt_hjk/sdp_dataset/elderAL/action5_drink_new/user0_position9_activity5/20250813=164600_mimo5s_part0.csv,0,9,5,7,4.409299,0.6790434999999999,1.3321569999999998,1.4896889999999994,0,1.3607605199828816,5,11,4.409299,4.409299,1.0,1.0,1
1038,/home/test/bupt_hjk/sdp_dataset/elderAL/action5_drink_new/user1_position8_activity5/20250813=163648_mimo5s_part0.csv,1,8,5,24,4.952805,0.053777000000000186,0.4610376000000001,1.4901969999999993,0,4.64383314101807,5,11,0.9657195,3.695411499999999,0.19498435734901737,0.4583333333333333,0
1039,/home/test/bupt_hjk/sdp_dataset/elderAL/action5_drink_new/user1_position8_activity5/20250813=163711_mimo5s_part0.csv,1,8,5,15,3.8180769999999997,0.19825500000000007,0.8037824000000003,0.9536069999999999,1,3.6667673281602235,5,11,2.10885,3.08986,0.5523330199993347,0.7333333333333333,0
1040,/home/test/bupt_hjk/sdp_dataset/elderAL/action5_drink_new/user0_position9_activity5/20250813=164531_mimo5s_part0.csv,0,9,5,11,5.522619,0.39610699999999976,1.1595294000000005,1.911835,1,1.8107350878269894,5,11,3.7659179999999997,4.551165999999999,0.681907986047924,1.0,1
1041,/home/test/bupt_hjk/sdp_dataset/elderAL/action5_drink_new/user0_position9_activity5/20250813=164554_mimo5s_part0.csv,0,9,5,10,4.1675059999999995,0.370201,0.8830196000000001,1.020994,0,2.159564977230987,5,11,3.8004999999999995,4.1675059999999995,0.9119362995518183,1.0,1
1042,/home/test/bupt_hjk/sdp_dataset/elderAL/action5_drink_new/user0_position9_activity5/20250813=164513_mimo5s_part0.csv,0,9,5,8,4.938999,0.7149220000000001,1.5721314999999998,1.6752889999999998,1,1.417291236544085,5,11,4.7900875,4.938999,0.9698498622899094,1.0,1
1043,/home/test/bupt_hjk/sdp_dataset/elderAL/action5_drink_new/user0_position9_activity5/20250813=164437_mimo5s_part0.csv,0,9,5,11,8.343418,0.49226199999999976,1.6088171999999998,2.7712049999999997,0,1.1985495632605248,5,11,5.609436,8.16389,0.6723187067937864,1.0,1
1044,/home/test/bupt_hjk/sdp_dataset/elderAL/action5_drink_new/user1_position6_activity5/20250813=162236_mimo5s_part0.csv,1,6,5,37,3.325039,0.007216499999999959,0.21081250000000007,1.227411,0,10.826940676485298,5,11,0.43819299999999983,1.7143772,0.13178582266253114,0.2972972972972973,0
1045,/home/test/bupt_hjk/sdp_dataset/elderAL/action5_drink_new/user0_position9_activity5/20250813=164501_mimo5s_part0.csv,0,9,5,11,7.239663999999999,0.3739240000000006,1.6224683999999998,2.163578,1,1.3812795731956622,5,11,5.524395999999999,7.165087,0.7630735349043822,1.0,1
1046,/home/test/bupt_hjk/sdp_dataset/elderAL/action5_drink_new/user0_position9_activity5/20250813=164548_mimo5s_part0.csv,0,9,5,18,4.966736,0.05731799999999984,0.9831954999999999,1.5353839999999999,1,3.42277101098186,5,11,2.8724685,4.3408066,0.5783412889269733,0.6111111111111112,0
1047,/home/test/bupt_hjk/sdp_dataset/elderAL/action5_drink_new/user1_position8_activity5/20250813=163743_mimo5s_part0.csv,1,8,5,27,7.180174999999999,0.0791839999999997,1.0114775000000003,1.5406749999999994,0,3.621081658873217,5,11,0.9918249999999995,5.6120262,0.13813381985815104,0.4074074074074074,0
1048,/home/test/bupt_hjk/sdp_dataset/elderAL/action5_drink_new/user0_position9_activity5/20250813=164455_mimo5s_part0.csv,0,9,5,8,3.8108839999999997,0.3368899999999998,1.5312155,1.589963,1,1.8368441547945307,5,11,3.6227415,3.8108839999999997,0.9506302212295101,1.0,1
1049,/home/test/bupt_hjk/sdp_dataset/elderAL/action5_drink_new/user0_position9_activity5/20250813=164507_mimo5s_part0.csv,0,9,5,21,5.865398,0.24612800000000057,0.6632161999999998,1.0628740000000003,1,3.409828284457423,5,11,2.7797019999999995,3.739026999999999,0.4739153250981433,0.5238095238095238,0
1050,/home/test/bupt_hjk/sdp_dataset/elderAL/action5_drink_new/user0_position9_activity5/20250813=164525_mimo5s_part0.csv,0,9,5,8,5.591721,0.48780199999999985,2.1136615,2.755619,1,1.2518507271732622,5,11,5.296355999999999,5.591721,0.9471781585669241,1.0,1
1051,/home/test/bupt_hjk/sdp_dataset/elderAL/action5_drink_new/user0_position9_activity5/20250813=164443_mimo5s_part0.csv,0,9,5,25,5.074606999999999,0.07508849999999967,0.5797735999999998,1.1077540000000001,0,4.729430279034417,5,11,1.8165039999999997,2.7035346000000002,0.35795954248279716,0.44,0
1052,/home/test/bupt_hjk/sdp_dataset/elderAL/action5_drink_new/user1_position8_activity5/20250813=163737_mimo5s_part0.csv,1,8,5,42,5.596137,0.00804999999999989,0.3549277000000002,1.477237,1,7.326482536078013,5,11,0.38995950000000024,2.786786,0.06968369430555404,0.2619047619047619,0
1053,/home/test/bupt_hjk/sdp_dataset/elderAL/action5_drink_new/user1_position9_activity5/20250813=164307_mimo5s_part0.csv,1,9,5,9,4.913207,0.378714,1.7307596000000003,2.160086,1,1.6282643902444982,5,11,4.670462,4.913207,0.9505933700737623,1.0,1
1054,/home/test/bupt_hjk/sdp_dataset/elderAL/action5_drink_new/user0_position9_activity5/20250813=164543_mimo5s_part0.csv,0,9,5,21,5.123512,0.03812999999999986,1.1049162000000003,1.533798,0,3.903572393311463,5,11,1.8849369999999999,4.713881,0.36789940181656644,0.5238095238095238,0
1055,/home/test/bupt_hjk/sdp_dataset/elderAL/action5_drink_new/user0_position9_activity5/20250813=164537_mimo5s_part0.csv,0,9,5,16,5.357158999999999,0.37203200000000003,0.9817136000000002,1.1953339999999997,2,2.7999915626920915,5,11,3.4708059999999996,4.216830999999999,0.647881834382739,0.6875,0
1056,/home/test/bupt_hjk/sdp_dataset/elderAL/action5_drink_new/user1_position6_activity5/20250813=162329_mimo5s_part0.csv,1,6,5,64,6.069903,0.008676999999999602,0.2564532000000004,1.826719,0,10.379078545406738,5,11,0.701749,1.4530137000000005,0.11561123793905767,0.171875,0
1057,/home/test/bupt_hjk/sdp_dataset/elderAL/action5_drink_new/user1_position9_activity5/20250813=164405_mimo5s_part0.csv,1,9,5,12,3.596329,0.2656235000000001,0.6584229999999995,1.48105,1,3.058674553968783,5,11,2.9490350000000003,3.5088999,0.8200125739330302,0.9166666666666666,0
1058,/home/test/bupt_hjk/sdp_dataset/elderAL/action5_drink_new/user1_position9_activity5/20250813=164318_mimo5s_part0.csv,1,9,5,8,4.994199,0.8113265000000001,1.4523625,1.494857,1,1.4016261666785805,5,11,4.5571435000000005,4.994199,0.9124873678441728,1.0,1
1059,/home/test/bupt_hjk/sdp_dataset/elderAL/action5_drink_new/user1_position9_activity5/20250813=164313_mimo5s_part0.csv,1,9,5,7,3.890965,0.585816,1.1655064999999998,1.2013789999999998,0,1.5420339170360051,5,11,3.890965,3.890965,1.0,1.0,1
1060,/home/test/bupt_hjk/sdp_dataset/elderAL/action5_drink_new/user1_position9_activity5/20250813=164256_mimo5s_part0.csv,1,9,5,12,6.769716,0.446542,1.5880474,1.693423,1,1.6248835253945662,5,11,4.522326,5.9964278,0.6680230012603187,0.9166666666666666,0
1061,/home/test/bupt_hjk/sdp_dataset/elderAL/action5_drink_new/user0_position9_activity5/20250813=164519_mimo5s_part0.csv,0,9,5,24,5.013343,0.042955000000000076,0.4458912000000001,2.174912,0,4.587757111372591,5,11,1.158461,3.3953225999999996,0.23107555178251318,0.4583333333333333,0
1062,/home/test/bupt_hjk/sdp_dataset/elderAL/action5_drink_new/user1_position9_activity5/20250813=164301_mimo5s_part0.csv,1,9,5,7,4.914053,0.34377250000000004,1.941163,2.66384,0,1.220988052021417,5,11,4.914053,4.914053,1.0,1.0,1
1063,/home/test/bupt_hjk/sdp_dataset/elderAL/action5_drink_new/user1_position8_activity5/20250813=163705_mimo5s_part0.csv,1,8,5,43,7.102848,0.023557999999999524,0.37276370000000036,2.762356,0,5.913121046656214,5,11,0.9142080000000004,4.5983073999999995,0.1287100610909878,0.2558139534883721,0
1064,/home/test/bupt_hjk/sdp_dataset/elderAL/action5_drink_new/user1_position9_activity5/20250813=164336_mimo5s_part0.csv,1,9,5,18,5.381234999999999,0.20209300000000008,0.9585854999999999,1.47321,1,3.1591261113852123,5,11,2.6649979999999998,3.0894806,0.49523910403466864,0.6111111111111112,0
1065,/home/test/bupt_hjk/sdp_dataset/elderAL/action5_drink_new/user1_position9_activity5/20250813=164341_mimo5s_part0.csv,1,9,5,11,4.742179999999999,0.2768799999999996,1.2504988,1.5403779999999996,0,2.1087348012939198,5,11,4.37083,4.486210999999999,0.9216921331539504,1.0,1
1066,/home/test/bupt_hjk/sdp_dataset/elderAL/action5_drink_new/user1_position9_activity5/20250813=164250_mimo5s_part0.csv,1,9,5,21,4.938586,0.056254999999999944,0.5059755000000009,1.6258219999999999,0,4.049742173164546,5,11,1.197931,3.4850589999999997,0.24256558456205887,0.5238095238095238,0
1067,/home/test/bupt_hjk/sdp_dataset/elderAL/action5_drink_new/user1_position9_activity5/20250813=164324_mimo5s_part0.csv,1,9,5,11,5.626766,0.3161330000000002,1.4748456,2.3993759999999997,1,1.7772198097450649,5,11,4.716215,5.3278929999999995,0.8381750725016821,1.0,1
1068,/home/test/bupt_hjk/sdp_dataset/elderAL/action5_drink_new/user1_position9_activity5/20250813=164359_mimo5s_part0.csv,1,9,5,21,3.352867,0.07418499999999995,0.5145221999999999,0.6192359999999999,1,5.965044244224421,5,11,1.4932499999999997,1.782282,0.44536511588440575,0.5238095238095238,0
1069,/home/test/bupt_hjk/sdp_dataset/elderAL/action5_drink_new/user2_position5_activity5/20250813=161739_mimo5s_part0.csv,2,5,5,17,4.700102,0.15869800000000023,0.7022718,0.7221249999999997,1,3.4041814411687232,5,11,2.573302,3.5859697999999995,0.5474991819326473,0.6470588235294118,0
1070,/home/test/bupt_hjk/sdp_dataset/elderAL/action5_drink_new/user0_position9_activity5/20250813=164449_mimo5s_part0.csv,0,9,5,41,4.752159,0.03205,0.28455779999999986,1.4822129999999998,1,8.417226780501242,5,11,0.571406,3.100049,0.12024134714347731,0.2682926829268293,0
1071,/home/test/bupt_hjk/sdp_dataset/elderAL/action5_drink_new/user2_position5_activity5/20250813=161714_mimo5s_part0.csv,2,5,5,11,4.0639069999999995,0.38495800000000013,0.7775709000000001,0.8767590000000001,0,2.4606862312548,5,11,2.8014639999999993,3.5680139999999994,0.6893523892155996,1.0,1
1072,/home/test/bupt_hjk/sdp_dataset/elderAL/action5_drink_new/user2_position5_activity5/20250813=161632_mimo5s_part0.csv,2,5,5,10,5.440269,0.24677099999999996,1.7512964000000002,2.7620419999999997,0,1.6543299605221728,5,11,5.0964635,5.440269,0.9368035845286327,1.0,1
1073,/home/test/bupt_hjk/sdp_dataset/elderAL/action5_drink_new/user2_position5_activity5/20250813=161656_mimo5s_part0.csv,2,5,5,12,4.288158999999999,0.2831159999999998,0.9423507999999999,1.486993,1,2.5652033891467183,5,11,2.5211939999999995,3.3454374,0.587943217590579,0.9166666666666666,0
1074,/home/test/bupt_hjk/sdp_dataset/elderAL/action5_drink_new/user2_position5_activity5/20250813=161720_mimo5s_part0.csv,2,5,5,11,4.870432999999999,0.3829300000000002,1.1566611999999996,1.72153,0,2.0532055363455366,5,11,3.6565149999999997,4.478184999999999,0.75075768417305,1.0,1
1075,/home/test/bupt_hjk/sdp_dataset/elderAL/action5_drink_new/user2_position5_activity5/20250813=161638_mimo5s_part0.csv,2,5,5,11,4.636642,0.292586,1.5401534000000001,1.7698230000000001,1,2.156733256524873,5,11,3.8208640000000003,4.538991,0.8240584457458653,1.0,1
1076,/home/test/bupt_hjk/sdp_dataset/elderAL/action5_drink_new/user2_position5_activity5/20250813=161625_mimo5s_part0.csv,2,5,5,17,5.560007,0.09080999999999984,0.6811465000000001,2.763748,0,2.8776942187303005,5,11,1.8458999999999999,3.7319768,0.3319959848971413,0.6470588235294118,0
1077,/home/test/bupt_hjk/sdp_dataset/elderAL/action5_drink_new/user1_position9_activity5/20250813=164243_mimo5s_part0.csv,1,9,5,28,5.816803999999999,0.05918800000000046,0.589291,1.533634,1,4.64172421831645,5,11,0.8546154999999995,4.2136162,0.1469218319888378,0.39285714285714285,0
1078,/home/test/bupt_hjk/sdp_dataset/elderAL/action5_drink_new/user2_position5_activity5/20250813=161726_mimo5s_part0.csv,2,5,5,11,4.961317,0.30971599999999966,1.3597142000000002,2.194191,1,2.0155938433282934,5,11,3.2334950000000005,4.887754999999999,0.6517412614432821,1.0,1
1079,/home/test/bupt_hjk/sdp_dataset/elderAL/action5_drink_new/user2_position5_activity5/20250813=161744_mimo5s_part0.csv,2,5,5,33,4.8587549999999995,0.03877099999999967,0.26187400000000016,1.553205,1,6.586049306869764,5,11,0.7768320000000002,3.0189146000000004,0.15988293297357045,0.3333333333333333,0
1080,/home/test/bupt_hjk/sdp_dataset/elderAL/action5_drink_new/user2_position5_activity5/20250813=161750_mimo5s_part0.csv,2,5,5,30,5.270862,0.04019800000000018,0.43732460000000006,1.5598789999999998,0,5.50194636095576,5,11,1.0290810000000001,3.2011724,0.19523960217512812,0.36666666666666664,0
1081,/home/test/bupt_hjk/sdp_dataset/elderAL/action5_drink_new/user1_position9_activity5/20250813=164347_mimo5s_part0.csv,1,9,5,51,5.013965,0.01671200000000006,0.2726751999999998,1.1464299999999998,1,9.972147791219125,5,11,0.7001620000000002,1.8640309999999998,0.13964237883591135,0.21568627450980393,0
1082,/home/test/bupt_hjk/sdp_dataset/elderAL/action5_drink_new/user2_position4_activity5/20250813=160753_mimo5s_part0.csv,2,4,5,11,4.810172,0.35834750000000026,1.0142695,1.4599089999999997,0,2.078927738966507,5,11,3.8652759999999997,4.803666,0.8035629495161504,1.0,1
1083,/home/test/bupt_hjk/sdp_dataset/elderAL/action5_drink_new/user2_position5_activity5/20250813=161702_mimo5s_part0.csv,2,5,5,17,4.499809,0.07154700000000003,0.8578224999999999,1.131125,0,3.5557064755415175,5,11,2.884734,3.4810208,0.641079210250924,0.6470588235294118,0
1084,/home/test/bupt_hjk/sdp_dataset/elderAL/action5_drink_new/user1_position9_activity5/20250813=164330_mimo5s_part0.csv,1,9,5,55,4.255071,0.00925549999999999,0.24704820000000052,0.4643999999999999,0,12.690740060506629,5,11,0.629313,1.1485428000000004,0.1478971796240298,0.2,0
1085,/home/test/bupt_hjk/sdp_dataset/elderAL/action5_drink_new/user2_position5_activity5/20250813=161708_mimo5s_part0.csv,2,5,5,25,4.981621,0.04832800000000015,0.4986680000000001,1.417613,1,4.81770893450144,5,11,1.8782069999999997,2.2671810000000003,0.37702727686429777,0.44,0
1086,/home/test/bupt_hjk/sdp_dataset/elderAL/action5_drink_new/user2_position4_activity5/20250813=160923_mimo5s_part0.csv,2,4,5,15,5.856717,0.3634510000000004,0.9483026,1.4159369999999996,1,2.3904177032969156,5,11,3.1460529999999998,4.004662,0.5371700561935978,0.7333333333333333,0
1087,/home/test/bupt_hjk/sdp_dataset/elderAL/action5_drink_new/user2_position5_activity5/20250813=161733_mimo5s_part0.csv,2,5,5,44,5.06999,0.014029999999999987,0.2505080000000002,1.4766439999999998,0,8.48127905577723,5,11,0.4910920000000001,3.3756890000000004,0.09686251846650587,0.25,0
1088,/home/test/bupt_hjk/sdp_dataset/elderAL/action5_drink_new/user2_position5_activity5/20250813=161650_mimo5s_part0.csv,2,5,5,44,5.15037,0.014757000000000353,0.3841444000000002,0.808858,0,8.348914738164444,5,11,0.45814099999999947,3.324923800000001,0.08895302667575329,0.25,0
1089,/home/test/bupt_hjk/sdp_dataset/elderAL/action5_drink_new/user2_position4_activity5/20250813=160810_mimo5s_part0.csv,2,4,5,7,2.770553,0.1054815,1.2585245,2.178378,0,2.165632637238847,5,11,2.770553,2.770553,1.0,1.0,1
1090,/home/test/bupt_hjk/sdp_dataset/elderAL/action5_drink_new/user2_position4_activity5/20250813=160935_mimo5s_part0.csv,2,4,5,11,5.9566349999999995,0.3722685,1.5465009999999997,2.0323029999999997,0,1.6788001950765827,5,11,5.003119,5.571110999999999,0.8399237153191358,1.0,1
1091,/home/test/bupt_hjk/sdp_dataset/elderAL/action5_drink_new/user2_position4_activity5/20250813=160759_mimo5s_part0.csv,2,4,5,18,6.192781999999999,0.18978800000000007,0.9321064999999997,2.1950339999999997,1,2.7451313480758732,5,11,2.7421135,3.2493378,0.44279186640188534,0.6111111111111112,0
1092,/home/test/bupt_hjk/sdp_dataset/elderAL/action5_drink_new/user2_position4_activity5/20250813=160929_mimo5s_part0.csv,2,4,5,11,4.991694,0.33674550000000003,1.0998137000000001,1.203923,0,2.0033279283545826,5,11,3.220875,4.723021,0.6452468841239066,1.0,1
1093,/home/test/bupt_hjk/sdp_dataset/elderAL/action5_drink_new/user2_position4_activity5/20250813=160817_mimo5s_part0.csv,2,4,5,16,6.412703,0.3006549999999999,1.1882670000000002,1.5011099999999997,2,2.3391072376188324,5,11,3.1958345,4.207634499999999,0.4983599739454642,0.6875,0
1094,/home/test/bupt_hjk/sdp_dataset/elderAL/action5_drink_new/user2_position4_activity5/20250813=160910_mimo5s_part0.csv,2,4,5,11,4.829727999999999,0.28679299999999996,1.3788315999999998,1.3886980000000002,1,2.0705099748888554,5,11,3.731782,4.564711,0.7726691855110682,1.0,1
1095,/home/test/bupt_hjk/sdp_dataset/elderAL/action5_drink_new/user2_position5_activity5/20250813=161644_mimo5s_part0.csv,2,5,5,31,5.23674,0.07415249999999984,0.38163730000000023,1.3143089999999997,0,5.728754912407338,5,11,0.8791380000000002,3.2734419999999997,0.1678788712061321,0.3548387096774194,0
1096,/home/test/bupt_hjk/sdp_dataset/elderAL/action5_drink_new/user2_position4_activity5/20250813=160904_mimo5s_part0.csv,2,4,5,34,5.018126,0.04161900000000007,0.5719766999999999,0.8578920000000005,3,6.576160104389567,5,11,1.583421,2.4921224999999994,0.31554030329250404,0.3235294117647059,0
1097,/home/test/bupt_hjk/sdp_dataset/elderAL/action5_drink_new/user1_position9_activity5/20250813=164353_mimo5s_part0.csv,1,9,5,61,4.165958,0.016445999999999995,0.23042250000000009,0.5145469999999999,0,14.402449568622632,5,11,0.5881879999999997,1.1859409999999997,0.14118913344781675,0.18032786885245902,0
1098,/home/test/bupt_hjk/sdp_dataset/elderAL/action5_drink_new/user2_position4_activity5/20250813=160831_mimo5s_part0.csv,2,4,5,36,4.010197,0.011248999999999992,0.38989089999999993,0.9122569999999999,1,8.727750781320719,5,11,0.9349929999999997,1.4077165,0.23315388246512572,0.3055555555555556,0
1099,/home/test/bupt_hjk/sdp_dataset/elderAL/action5_drink_new/user2_position4_activity5/20250813=160916_mimo5s_part0.csv,2,4,5,15,6.003953,0.329002,1.1286814000000005,1.8697050000000002,1,2.3317970676985644,5,11,3.772291,5.170004,0.6283012208789776,0.7333333333333333,0
1100,/home/test/bupt_hjk/sdp_dataset/elderAL/action5_drink_new/user2_position1_activity5/20250813=155213_mimo5s_part0.csv,2,1,5,11,6.362032,0.6282550000000002,1.3509362,1.367453,1,1.5718248509281312,5,11,4.900911,6.268583,0.7703373701987037,1.0,1
1101,/home/test/bupt_hjk/sdp_dataset/elderAL/action5_drink_new/user2_position1_activity5/20250813=155315_mimo5s_part0.csv,2,1,5,8,4.6590489999999996,0.25126950000000026,2.0033659999999998,2.740719,1,1.5024525391340595,5,11,4.621577,4.6590489999999996,0.9919571569219385,1.0,1
1102,/home/test/bupt_hjk/sdp_dataset/elderAL/action5_drink_new/user2_position1_activity5/20250813=155302_mimo5s_part0.csv,2,1,5,7,3.731122,0.44754099999999997,1.3333515,1.4348589999999999,0,1.608095366487614,5,11,3.731122,3.731122,1.0,1.0,1
1103,/home/test/bupt_hjk/sdp_dataset/elderAL/action5_drink_new/user2_position1_activity5/20250813=155158_mimo5s_part0.csv,2,1,5,11,5.337892999999999,0.3661304999999997,0.9057362999999996,2.21505,0,1.8733983614883254,5,11,4.158968,5.239148999999999,0.7791403836682377,1.0,1
1104,/home/test/bupt_hjk/sdp_dataset/elderAL/action5_drink_new/user2_position1_activity5/20250813=155256_mimo5s_part0.csv,2,1,5,11,4.693606,0.36390900000000004,1.2670860000000002,1.39059,1,2.130558040022959,5,11,3.222664,4.619706,0.6866072695492549,1.0,1
1105,/home/test/bupt_hjk/sdp_dataset/elderAL/action5_drink_new/user2_position1_activity5/20250813=155236_mimo5s_part0.csv,2,1,5,16,6.209588999999999,0.3769330000000002,1.1248636,1.2280599999999993,2,2.4156188114865578,5,11,3.2414984999999996,3.9152695,0.5220149836003639,0.6875,0
1106,/home/test/bupt_hjk/sdp_dataset/elderAL/action5_drink_new/user2_position4_activity5/20250813=160838_mimo5s_part0.csv,2,4,5,21,4.992799,0.07536400000000043,0.7298199999999996,1.3139649999999998,1,4.005769108670307,5,11,1.819308,3.1503319999999997,0.36438638927783795,0.5238095238095238,0
1107,/home/test/bupt_hjk/sdp_dataset/elderAL/action5_drink_new/user2_position1_activity5/20250813=155151_mimo5s_part0.csv,2,1,5,17,4.049333,0.02219850000000012,0.6874859999999999,1.6116359999999998,0,3.9512680236473514,5,11,1.8188229999999999,2.2310268,0.44916607253589663,0.6470588235294118,0
1108,/home/test/bupt_hjk/sdp_dataset/elderAL/action5_drink_new/user2_position4_activity5/20250813=160859_mimo5s_part0.csv,2,4,5,22,5.254079,0.1987985,0.7514052,1.02229,1,3.9968946032216115,5,11,2.174751,2.593209,0.41391669215480015,0.5,0
1109,/home/test/bupt_hjk/sdp_dataset/elderAL/action5_drink_new/user2_position1_activity5/20250813=155321_mimo5s_part0.csv,2,1,5,7,3.891733,0.22493799999999997,1.617894,1.744435,0,1.5417296099192828,5,11,3.891733,3.891733,1.0,1.0,1
1110,/home/test/bupt_hjk/sdp_dataset/elderAL/action5_drink_new/user2_position4_activity5/20250813=160853_mimo5s_part0.csv,2,4,5,45,3.6843169999999996,0.008545000000000025,0.28858180000000017,0.4853589999999999,1,11.942512004260221,5,11,0.7853089999999998,1.1274154,0.21314913998985427,0.24444444444444444,0
1111,/home/test/bupt_hjk/sdp_dataset/elderAL/action5_drink_new/user2_position1_activity5/20250813=155221_mimo5s_part0.csv,2,1,5,8,3.626967,0.4176494999999998,1.2942605,1.486616,1,1.9299872317558997,5,11,3.5633169999999996,3.626967,0.9824509018141052,1.0,1
1112,/home/test/bupt_hjk/sdp_dataset/elderAL/action5_drink_new/user1_position2_activity5/20250813=155810_mimo5s_part0.csv,1,2,5,7,2.630875,0.415784,0.8833225,1.235163,0,2.280610063191904,5,11,2.630875,2.630875,1.0,1.0,1
1113,/home/test/bupt_hjk/sdp_dataset/elderAL/action5_drink_new/user2_position1_activity5/20250813=155242_mimo5s_part0.csv,2,1,5,15,6.560344,0.32990100000000044,1.3165386000000001,1.5694979999999994,1,2.1340344347796396,5,11,4.637328999999999,6.0246036,0.706872840814445,0.7333333333333333,0
1114,/home/test/bupt_hjk/sdp_dataset/elderAL/action5_drink_new/user1_position2_activity5/20250813=155816_mimo5s_part0.csv,1,2,5,7,2.653203,0.34177500000000005,0.8912559999999999,1.356183,0,2.2614176148602274,5,11,2.653203,2.653203,1.0,1.0,1
1115,/home/test/bupt_hjk/sdp_dataset/elderAL/action5_drink_new/user2_position1_activity5/20250813=155205_mimo5s_part0.csv,2,1,5,11,6.316425,0.4848674999999998,1.1211915999999997,1.665049,0,1.5831740264469223,5,11,4.584455999999999,5.509710999999999,0.725799166458875,1.0,1
1116,/home/test/bupt_hjk/sdp_dataset/elderAL/action5_drink_new/user1_position2_activity5/20250813=155706_mimo5s_part0.csv,1,2,5,8,3.9680839999999997,0.45911999999999975,1.3388915,1.498184,1,1.7640755588843382,5,11,3.7895579999999995,3.9680839999999997,0.955009520967802,1.0,1
1117,/home/test/bupt_hjk/sdp_dataset/elderAL/action5_drink_new/user2_position1_activity5/20250813=155249_mimo5s_part0.csv,2,1,5,28,4.9648259999999995,0.044029000000000096,0.478348,1.561507,1,5.438257050700266,5,11,1.0963469999999997,3.0563672,0.22082284454681791,0.39285714285714285,0
1118,/home/test/bupt_hjk/sdp_dataset/elderAL/action5_drink_new/user1_position2_activity5/20250813=155718_mimo5s_part0.csv,1,2,5,11,5.181044,0.4255629999999999,0.8229685999999996,1.313123,0,1.9301129270471358,5,11,4.063591,5.149945,0.7843189519332396,1.0,1
1119,/home/test/bupt_hjk/sdp_dataset/elderAL/action5_drink_new/user1_position2_activity5/20250813=155741_mimo5s_part0.csv,1,2,5,7,3.44183,0.39447149999999986,0.9660295000000001,1.2095060000000002,0,1.7432586734382582,5,11,3.44183,3.44183,1.0,1.0,1
1120,/home/test/bupt_hjk/sdp_dataset/elderAL/action5_drink_new/user2_position4_activity5/20250813=160844_mimo5s_part0.csv,2,4,5,37,4.925549,0.011013999999999857,0.31433900000000004,1.202972,0,7.308829939566127,5,11,0.6206639999999997,3.2254875999999997,0.126009100711413,0.2972972972972973,0
1121,/home/test/bupt_hjk/sdp_dataset/elderAL/action5_drink_new/user1_position2_activity5/20250813=155736_mimo5s_part0.csv,1,2,5,15,5.234138,0.3728410000000001,0.7819024000000001,1.0964,1,2.6747479718723506,5,11,2.794108,3.9994523999999996,0.533823907585165,0.7333333333333333,0
1122,/home/test/bupt_hjk/sdp_dataset/elderAL/action5_drink_new/user2_position1_activity5/20250813=155308_mimo5s_part0.csv,2,1,5,27,5.008908,0.07545099999999993,0.5531200000000001,0.7486149999999998,0,5.190752155958943,5,11,1.3197160000000001,3.1432602,0.2634737950866736,0.4074074074074074,0
1123,/home/test/bupt_hjk/sdp_dataset/elderAL/action5_drink_new/user1_position2_activity5/20250813=155822_mimo5s_part0.csv,1,2,5,11,4.959095,0.3744860000000001,1.2776598000000003,2.3147149999999996,1,2.0164969616432034,5,11,3.518993,4.9163749999999995,0.70960386925437,1.0,1
1124,/home/test/bupt_hjk/sdp_dataset/elderAL/action5_drink_new/user1_position2_activity5/20250813=155759_mimo5s_part0.csv,1,2,5,14,5.062444999999999,0.31205599999999983,1.0097843000000002,1.305746,1,2.5679291330572482,5,11,3.684824,4.5217621,0.7278743769068109,0.7857142857142857,0
1125,/home/test/bupt_hjk/sdp_dataset/elderAL/action5_drink_new/user1_position2_activity5/20250813=155724_mimo5s_part0.csv,1,2,5,11,4.828682,0.3084564999999999,1.0905098,1.4732689999999997,0,2.070958493435683,5,11,3.640454,4.280097,0.7539229131261906,1.0,1
1126,/home/test/bupt_hjk/sdp_dataset/elderAL/action5_drink_new/user1_position2_activity5/20250813=155753_mimo5s_part0.csv,1,2,5,14,5.397907,0.29951799999999995,1.2688048000000012,1.6904500000000002,0,2.408340862486145,5,11,3.6100944999999998,4.6971837,0.6687952385989606,0.7857142857142857,0
1127,/home/test/bupt_hjk/sdp_dataset/elderAL/action5_drink_new/user1_position2_activity5/20250813=155712_mimo5s_part0.csv,1,2,5,14,5.177417,0.34524350000000015,0.9227576000000002,1.087697,1,2.510904568822639,5,11,2.9314289999999996,3.8765191,0.5661952668676291,0.7857142857142857,0
1128,/home/test/bupt_hjk/sdp_dataset/elderAL/action5_drink_new/user2_position6_activity5/20250813=162526_mimo5s_part0.csv,2,6,5,8,2.725815,0.29208750000000017,0.9804134999999997,1.4597909999999998,1,2.568039283663785,5,11,2.6870775,2.725815,0.985788654035582,1.0,1
1129,/home/test/bupt_hjk/sdp_dataset/elderAL/action5_drink_new/user1_position2_activity5/20250813=155804_mimo5s_part0.csv,1,2,5,15,3.534185,0.19451899999999994,0.45488700000000004,1.4638889999999998,1,3.9613093259124805,5,11,2.229215,2.8046901999999996,0.6307578692117136,0.7333333333333333,0
1130,/home/test/bupt_hjk/sdp_dataset/elderAL/action5_drink_new/user2_position6_activity5/20250813=162438_mimo5s_part0.csv,2,6,5,7,3.165189,0.4519949999999999,0.9354985,1.259155,0,1.8956213989117239,5,11,3.165189,3.165189,1.0,1.0,1
1131,/home/test/bupt_hjk/sdp_dataset/elderAL/action5_drink_new/user2_position1_activity5/20250813=155327_mimo5s_part0.csv,2,1,5,49,5.357221,0.01832199999999995,0.30605280000000007,0.9260939999999999,0,8.959869305373065,5,11,0.6068889999999998,2.7973474,0.11328429422642818,0.22448979591836735,0
1132,/home/test/bupt_hjk/sdp_dataset/elderAL/action5_drink_new/user2_position6_activity5/20250813=162514_mimo5s_part0.csv,2,6,5,7,4.973154,0.3609290000000003,1.9619889999999998,2.436657,0,1.2064778207149829,5,11,4.973154,4.973154,1.0,1.0,1
1133,/home/test/bupt_hjk/sdp_dataset/elderAL/action5_drink_new/user2_position6_activity5/20250813=162432_mimo5s_part0.csv,2,6,5,11,4.703708,0.513503,1.0195854,1.3168750000000005,1,2.125982310126394,5,11,3.1350219999999998,4.629208,0.6665001313857067,1.0,1
1134,/home/test/bupt_hjk/sdp_dataset/elderAL/action5_drink_new/user2_position6_activity5/20250813=162532_mimo5s_part0.csv,2,6,5,7,2.230069,0.28347449999999996,0.7566379999999999,1.199841,0,2.6904997109954896,5,11,2.230069,2.230069,1.0,1.0,1
1135,/home/test/bupt_hjk/sdp_dataset/elderAL/action5_drink_new/user2_position6_activity5/20250813=162424_mimo5s_part0.csv,2,6,5,18,5.550278,0.2494259999999997,0.7636459999999999,0.8955709999999999,1,3.0629096416431754,5,11,2.6564055,2.8016563999999997,0.47860764812140943,0.6111111111111112,0
1136,/home/test/bupt_hjk/sdp_dataset/elderAL/action5_drink_new/user1_position2_activity5/20250813=155747_mimo5s_part0.csv,1,2,5,26,4.971932,0.06630800000000006,0.41842509999999977,1.6220859999999997,1,5.028226452011009,5,11,1.3105955,3.7362979999999997,0.2635988384394638,0.4230769230769231,0
1137,/home/test/bupt_hjk/sdp_dataset/elderAL/action5_drink_new/user2_position6_activity5/20250813=162502_mimo5s_part0.csv,2,6,5,8,5.001967,0.560496,1.7553185000000002,2.7505500000000005,1,1.39944945658378,5,11,5.001967,5.001967,1.0,1.0,1
1138,/home/test/bupt_hjk/sdp_dataset/elderAL/action5_drink_new/user2_position1_activity5/20250813=155228_mimo5s_part0.csv,2,1,5,46,4.302802,0.027566499999999883,0.2293712000000001,0.675224,1,10.458301358045293,5,11,0.5064214999999999,2.2322455,0.11769574802651851,0.2391304347826087,0
1139,/home/test/bupt_hjk/sdp_dataset/elderAL/action5_drink_new/user1_position2_activity5/20250813=155730_mimo5s_part0.csv,1,2,5,41,6.370829,0.010022500000000267,0.2728091999999997,2.211907,0,6.2786177434679225,5,11,0.34194299999999966,4.2370719999999995,0.05367323467636624,0.2682926829268293,0
1140,/home/test/bupt_hjk/sdp_dataset/elderAL/action5_drink_new/user2_position6_activity5/20250813=162520_mimo5s_part0.csv,2,6,5,17,4.410781,0.1627749999999999,0.35248900000000005,2.000267,0,3.627475496969811,5,11,1.8466959999999997,3.461519,0.41867778064701006,0.6470588235294118,0
1141,/home/test/bupt_hjk/sdp_dataset/elderAL/action5_drink_new/user2_position6_activity5/20250813=162538_mimo5s_part0.csv,2,6,5,11,4.759053,0.36399399999999993,1.1013818000000002,1.4801250000000001,1,2.101258380606394,5,11,3.1207009999999995,4.683235,0.6557399129616753,1.0,1
1142,/home/test/bupt_hjk/sdp_dataset/elderAL/action5_drink_new/user2_position6_activity5/20250813=162550_mimo5s_part0.csv,2,6,5,18,3.547503,0.06276049999999994,0.47143399999999996,1.4724970000000002,1,4.792103065170065,5,11,2.4247365,2.7384325,0.6835051302282197,0.6111111111111112,0
1143,/home/test/bupt_hjk/sdp_dataset/elderAL/action5_drink_new/user0_position1_activity5/20250813=155105_mimo5s_part0.csv,0,1,5,7,4.996299,0.6268480000000001,1.6848239999999997,1.911876,0,1.2008888979622718,5,11,4.996299,4.996299,1.0,1.0,1
1144,/home/test/bupt_hjk/sdp_dataset/elderAL/action5_drink_new/user2_position6_activity5/20250813=162456_mimo5s_part0.csv,2,6,5,28,5.404163,0.04242849999999998,0.42367150000000015,2.1985509999999997,1,4.996148339715142,5,11,1.280004,3.2057373,0.23685517997884223,0.39285714285714285,0
1145,/home/test/bupt_hjk/sdp_dataset/elderAL/action5_drink_new/user0_position1_activity5/20250813=155023_mimo5s_part0.csv,0,1,5,11,5.083931,0.1590475,1.3661832999999994,1.8161049999999999,0,1.9669818492815896,5,11,3.692948,5.0826709999999995,0.7263961686340747,1.0,1
1146,/home/test/bupt_hjk/sdp_dataset/elderAL/action5_drink_new/user2_position6_activity5/20250813=162544_mimo5s_part0.csv,2,6,5,32,6.309743999999999,0.05844750000000021,0.4600040000000011,1.5507039999999999,1,4.913036091480099,5,11,0.8552940000000002,4.2297639,0.13555129970407678,0.34375,0
1147,/home/test/bupt_hjk/sdp_dataset/elderAL/action5_drink_new/user0_position1_activity5/20250813=154928_mimo5s_part0.csv,0,1,5,11,4.925911,0.3620359999999998,0.8801770000000002,2.210401,1,2.0300813392690205,5,11,3.7464779999999998,4.660938,0.7605655075781921,1.0,1
1148,/home/test/bupt_hjk/sdp_dataset/elderAL/action5_drink_new/user0_position1_activity5/20250813=155003_mimo5s_part0.csv,0,1,5,11,6.7152009999999995,0.38384600000000013,1.5585794999999993,2.3035319999999997,0,1.4891587012808702,5,11,5.654812,6.607387,0.842091249390748,1.0,1
1149,/home/test/bupt_hjk/sdp_dataset/elderAL/action5_drink_new/user2_position6_activity5/20250813=162450_mimo5s_part0.csv,2,6,5,21,5.081612,0.07380199999999992,0.6822733999999994,1.486132,1,3.9357589678235962,5,11,2.009776,3.8698249999999996,0.3954996957658318,0.5238095238095238,0
1150,/home/test/bupt_hjk/sdp_dataset/elderAL/action5_drink_new/user0_position1_activity5/20250813=155015_mimo5s_part0.csv,0,1,5,11,7.774697,0.3352679999999999,2.2523098999999993,2.765336,0,1.286223758945204,5,11,4.997844,7.771941,0.6428345696301734,1.0,1
1151,/home/test/bupt_hjk/sdp_dataset/elderAL/action5_drink_new/user0_position1_activity5/20250813=155059_mimo5s_part0.csv,0,1,5,8,3.367355,0.4608074999999999,1.1143930000000002,1.517997,1,2.0787829023075974,5,11,3.0119605,3.367355,0.8944588556894061,1.0,1
1152,/home/test/bupt_hjk/sdp_dataset/elderAL/action5_drink_new/user0_position1_activity5/20250813=155009_mimo5s_part0.csv,0,1,5,12,4.341934999999999,0.2628724999999996,1.3207078,1.487242,1,2.533432674602453,5,11,2.506194,3.9557596999999993,0.5772067062266018,0.9166666666666666,0
1153,/home/test/bupt_hjk/sdp_dataset/elderAL/action5_drink_new/user0_position1_activity5/20250813=155029_mimo5s_part0.csv,0,1,5,15,6.398254,0.3348259999999996,0.9786158000000003,2.220529,1,2.1880969401964974,5,11,3.904158,4.559751599999999,0.6101911552745484,0.7333333333333333,0
1154,/home/test/bupt_hjk/sdp_dataset/elderAL/action5_drink_new/user0_position1_activity5/20250813=155041_mimo5s_part0.csv,0,1,5,11,4.630307,0.25133799999999995,1.2642356000000001,1.5602020000000003,1,2.1596840123127903,5,11,3.1566330000000002,4.583209,0.6817329822838961,1.0,1
1155,/home/test/bupt_hjk/sdp_dataset/elderAL/action5_drink_new/user1_position3_activity5/20250813=160324_mimo5s_part0.csv,1,3,5,7,2.8396589999999997,0.18003600000000003,1.2019674999999999,1.4949919999999999,0,2.1129297567067034,5,11,2.8396589999999997,2.8396589999999997,1.0,1.0,1
1156,/home/test/bupt_hjk/sdp_dataset/elderAL/action5_drink_new/user1_position2_activity5/20250813=155828_mimo5s_part0.csv,1,2,5,54,5.214316,0.00757299999999983,0.29218660000000035,1.6339040000000002,0,10.164324525019197,5,11,0.5750169999999999,2.3700538000000004,0.11027659236609363,0.2037037037037037,0
1157,/home/test/bupt_hjk/sdp_dataset/elderAL/action5_drink_new/user2_position6_activity5/20250813=162508_mimo5s_part0.csv,2,6,5,25,4.211876999999999,0.15139000000000014,0.3101869999999998,0.8459240000000001,1,5.698172097618236,5,11,1.6221359999999998,1.9044603999999996,0.3851337539059189,0.44,0
1158,/home/test/bupt_hjk/sdp_dataset/elderAL/action5_drink_new/user2_position6_activity5/20250813=162444_mimo5s_part0.csv,2,6,5,27,5.508178,0.030495999999999857,0.6607770000000002,1.5523409999999997,0,4.720254138482816,5,11,0.8285410000000004,4.3622476,0.15042015708279588,0.4074074074074074,0
1159,/home/test/bupt_hjk/sdp_dataset/elderAL/action5_drink_new/user0_position1_activity5/20250813=154957_mimo5s_part0.csv,0,1,5,11,6.101891999999999,0.3747360000000003,1.5439410999999996,2.2086459999999994,0,1.638835954487559,5,11,5.263502,5.787324,0.8626016324117176,1.0,1
1160,/home/test/bupt_hjk/sdp_dataset/elderAL/action5_drink_new/user0_position1_activity5/20250813=154922_mimo5s_part0.csv,0,1,5,17,4.058803,0.07918950000000002,0.34107000000000015,2.026186,0,3.9420489242764427,5,11,1.212971,3.1247218,0.2988494391080326,0.6470588235294118,0
1161,/home/test/bupt_hjk/sdp_dataset/elderAL/action5_drink_new/user0_position1_activity5/20250813=155053_mimo5s_part0.csv,0,1,5,15,4.581411,0.11781200000000003,1.2657078000000008,1.6720399999999997,1,3.055827124001754,5,11,2.274342,3.8628622000000004,0.4964282837754569,0.7333333333333333,0
1162,/home/test/bupt_hjk/sdp_dataset/elderAL/action5_drink_new/user1_position3_activity5/20250813=160433_mimo5s_part0.csv,1,3,5,7,3.297122,0.23363,1.3900845,1.6975489999999998,0,1.8197688772208005,5,11,3.297122,3.297122,1.0,1.0,1
1163,/home/test/bupt_hjk/sdp_dataset/elderAL/action5_drink_new/user1_position3_activity5/20250813=160335_mimo5s_part0.csv,1,3,5,11,6.196304,0.4754050000000001,1.2933547000000003,1.4782749999999998,0,1.613865297764603,5,11,4.833521999999999,6.120976,0.7800653421781758,1.0,1
1164,/home/test/bupt_hjk/sdp_dataset/elderAL/action5_drink_new/user1_position3_activity5/20250813=160410_mimo5s_part0.csv,1,3,5,7,2.4529549999999998,0.3315335,0.7880824999999999,1.20158,0,2.4460293808895806,5,11,2.4529549999999998,2.4529549999999998,1.0,1.0,1
1165,/home/test/bupt_hjk/sdp_dataset/elderAL/action5_drink_new/user0_position1_activity5/20250813=155047_mimo5s_part0.csv,0,1,5,28,5.284584,0.022674000000000083,0.3661114999999999,1.631802,1,5.109200648527869,5,11,1.404528,2.4846744999999997,0.26577834698057595,0.39285714285714285,0
1166,/home/test/bupt_hjk/sdp_dataset/elderAL/action5_drink_new/user1_position3_activity5/20250813=160427_mimo5s_part0.csv,1,3,5,7,3.5117339999999997,0.477967,1.0989049999999998,1.139472,0,1.7085576527151545,5,11,3.5117339999999997,3.5117339999999997,1.0,1.0,1
1167,/home/test/bupt_hjk/sdp_dataset/elderAL/action5_drink_new/user0_position1_activity5/20250813=155035_mimo5s_part0.csv,0,1,5,21,5.337479,0.206874,0.4601531999999998,1.5612139999999999,1,3.7470873421703392,5,11,2.3623559999999997,2.7076059999999997,0.44259771326500763,0.5238095238095238,0
1168,/home/test/bupt_hjk/sdp_dataset/elderAL/action5_drink_new/user0_position1_activity5/20250813=154951_mimo5s_part0.csv,0,1,5,22,5.129769,0.07618100000000005,0.5023487000000018,1.5365379999999997,1,4.093751589983877,5,11,2.2318304999999996,2.7757851000000002,0.4350742694261671,0.5,0
1169,/home/test/bupt_hjk/sdp_dataset/elderAL/action5_drink_new/user1_position3_activity5/20250813=160438_mimo5s_part0.csv,1,3,5,7,4.045305,0.560719,1.3836685,1.483279,0,1.4832008958533411,5,11,4.045305,4.045305,1.0,1.0,1
1170,/home/test/bupt_hjk/sdp_dataset/elderAL/action5_drink_new/user1_position3_activity5/20250813=160319_mimo5s_part0.csv,1,3,5,4,3.379813,1.454274,1.5105372,1.524603,0,0.8876230726374507,5,11,3.379813,3.379813,1.0,1.0,1
1171,/home/test/bupt_hjk/sdp_dataset/elderAL/action5_drink_new/user1_position3_activity5/20250813=160404_mimo5s_part0.csv,1,3,5,15,3.714636,0.07461699999999993,0.8826390000000007,1.661903,1,3.768875335295302,5,11,1.770165,2.5131056,0.47653794342164346,0.7333333333333333,0
1172,/home/test/bupt_hjk/sdp_dataset/elderAL/action5_drink_new/user1_position3_activity5/20250813=160421_mimo5s_part0.csv,1,3,5,7,3.655738,0.32132700000000014,1.3119704999999997,1.4896559999999999,0,1.6412554729031457,5,11,3.655738,3.655738,1.0,1.0,1
1173,/home/test/bupt_hjk/sdp_dataset/elderAL/action5_drink_new/user1_position3_activity5/20250813=160341_mimo5s_part0.csv,1,3,5,12,4.545358,0.23966249999999967,1.2296,1.37378,1,2.4200514018917763,5,11,3.3179075000000005,4.4885893999999995,0.7299551542474763,0.9166666666666666,0
1174,/home/test/bupt_hjk/sdp_dataset/elderAL/action5_drink_new/user2_position2_activity5/20250813=155604_mimo5s_part0.csv,2,2,5,7,5.054961,0.33782900000000005,2.1259144999999995,2.764045,0,1.1869527776772166,5,11,5.054961,5.054961,1.0,1.0,1
1175,/home/test/bupt_hjk/sdp_dataset/elderAL/action5_drink_new/user2_position2_activity5/20250813=155515_mimo5s_part0.csv,2,2,5,11,5.384098,0.38542499999999996,1.3241944,1.465016,1,1.8573213191884694,5,11,4.1230459999999995,5.024138,0.7657821235794742,1.0,1
1176,/home/test/bupt_hjk/sdp_dataset/elderAL/action5_drink_new/user2_position2_activity5/20250813=155558_mimo5s_part0.csv,2,2,5,7,4.01065,0.6081789999999999,1.3487135000000001,1.4121370000000004,0,1.4960168551232345,5,11,4.01065,4.01065,1.0,1.0,1
1177,/home/test/bupt_hjk/sdp_dataset/elderAL/action5_drink_new/user1_position3_activity5/20250813=160416_mimo5s_part0.csv,1,3,5,15,8.087841,0.23447399999999963,2.021314200000001,2.7745469999999997,1,1.73099347526738,5,11,4.694367,5.1742284,0.5804227605364646,0.7333333333333333,0
1178,/home/test/bupt_hjk/sdp_dataset/elderAL/action5_drink_new/user2_position2_activity5/20250813=155440_mimo5s_part0.csv,2,2,5,11,4.721674,0.30376650000000005,1.16695,1.4720679999999997,0,2.117892933734942,5,11,3.4291020000000003,4.017908,0.7262470894856359,1.0,1
1179,/home/test/bupt_hjk/sdp_dataset/elderAL/action5_drink_new/user2_position2_activity5/20250813=155527_mimo5s_part0.csv,2,2,5,14,6.330798,0.423219,1.0270016,1.1727179999999997,1,2.0534536088499427,5,11,3.765225,4.7298649,0.5947472972601558,0.7857142857142857,0
1180,/home/test/bupt_hjk/sdp_dataset/elderAL/action5_drink_new/user1_position3_activity5/20250813=160358_mimo5s_part0.csv,1,3,5,20,4.632289,0.07471899999999998,0.7099139999999998,1.0600620000000003,0,4.101643917294452,5,11,1.7506910000000002,2.2943558000000004,0.3779321626953759,0.55,0
1181,/home/test/bupt_hjk/sdp_dataset/elderAL/action5_drink_new/user2_position2_activity5/20250813=155611_mimo5s_part0.csv,2,2,5,11,5.000906,0.08437949999999993,1.4503486999999995,2.754932,0,1.9996376656549835,5,11,4.641374,4.968826,0.9281066270791734,1.0,1
1182,/home/test/bupt_hjk/sdp_dataset/elderAL/action5_drink_new/user2_position2_activity5/20250813=155521_mimo5s_part0.csv,2,2,5,19,4.790077,0.16124499999999997,0.6492005000000002,1.761448,2,3.7577684033054166,5,11,2.672113,3.2866332000000003,0.5578434334145359,0.5789473684210527,0
1183,/home/test/bupt_hjk/sdp_dataset/elderAL/action5_drink_new/user2_position2_activity5/20250813=155533_mimo5s_part0.csv,2,2,5,11,5.5233799999999995,0.3703339999999997,1.5493962,1.790297,1,1.8104856084498986,5,11,3.380946,5.366489,0.612115407594625,1.0,1
1184,/home/test/bupt_hjk/sdp_dataset/elderAL/action5_drink_new/user2_position2_activity5/20250813=155540_mimo5s_part0.csv,2,2,5,8,4.4313839999999995,0.6148394999999998,1.396053,1.500604,1,1.57964193579252,5,11,4.245805,4.4313839999999995,0.9581216613139372,1.0,1
1185,/home/test/bupt_hjk/sdp_dataset/elderAL/action5_drink_new/user2_position2_activity5/20250813=155617_mimo5s_part0.csv,2,2,5,7,3.1971719999999997,0.4315880000000001,1.0738074999999998,1.378345,0,1.8766584969466769,5,11,3.1971719999999997,3.1971719999999997,1.0,1.0,1
1186,/home/test/bupt_hjk/sdp_dataset/elderAL/action5_drink_new/user2_position2_activity5/20250813=155500_mimo5s_part0.csv,2,2,5,11,5.700862,0.3569389999999997,1.4344200000000003,2.223176,1,1.7541206926250803,5,11,4.36696,5.154349,0.766017489986602,1.0,1
1187,/home/test/bupt_hjk/sdp_dataset/elderAL/action5_drink_new/user1_position4_activity5/20250813=161217_mimo5s_part0.csv,1,4,5,7,4.719767,0.5093359999999998,1.6121615,1.7603440000000001,0,1.2712491951403533,5,11,4.719767,4.719767,1.0,1.0,1
1188,/home/test/bupt_hjk/sdp_dataset/elderAL/action5_drink_new/user2_position2_activity5/20250813=155552_mimo5s_part0.csv,2,2,5,21,4.167122,0.099054,0.3587269000000002,1.484865,0,4.799475513315905,5,11,1.579215,2.547065,0.37897018613805883,0.5238095238095238,0
1189,/home/test/bupt_hjk/sdp_dataset/elderAL/action5_drink_new/user1_position4_activity5/20250813=161258_mimo5s_part0.csv,1,4,5,4,2.536996,0.25006400000000006,1.8178184,2.2097569999999997,0,1.1825008789923201,5,11,2.536996,2.536996,1.0,1.0,1
1190,/home/test/bupt_hjk/sdp_dataset/elderAL/action5_drink_new/user1_position4_activity5/20250813=161229_mimo5s_part0.csv,1,4,5,7,4.687728,0.4284405,1.8299105,2.1900969999999997,0,1.2799377438281403,5,11,4.687728,4.687728,1.0,1.0,1
1191,/home/test/bupt_hjk/sdp_dataset/elderAL/action5_drink_new/user1_position4_activity5/20250813=161316_mimo5s_part0.csv,1,4,5,8,2.715114,0.2584695,1.022646,1.473758,1,2.5781606223532423,5,11,2.6062434999999997,2.715114,0.9599020519948701,1.0,1
1192,/home/test/bupt_hjk/sdp_dataset/elderAL/action5_drink_new/user1_position4_activity5/20250813=161322_mimo5s_part0.csv,1,4,5,4,3.234984,0.372424,2.3042368,2.78719,0,0.927361619099198,5,11,3.234984,3.234984,1.0,1.0,1
1193,/home/test/bupt_hjk/sdp_dataset/elderAL/action5_drink_new/user2_position2_activity5/20250813=155452_mimo5s_part0.csv,2,2,5,21,5.06551,0.074486,0.6226259999999992,1.695245,1,3.9482697694802695,5,11,2.084767,2.712341,0.41156112612550366,0.5238095238095238,0
1194,/home/test/bupt_hjk/sdp_dataset/elderAL/action5_drink_new/user2_position2_activity5/20250813=155507_mimo5s_part0.csv,2,2,5,31,4.118297,0.08836300000000019,0.25177940000000004,0.8031160000000002,1,7.284564469245418,5,11,1.3670069999999999,1.599545,0.33193502071365905,0.3548387096774194,0
1195,/home/test/bupt_hjk/sdp_dataset/elderAL/action5_drink_new/user2_position2_activity5/20250813=155546_mimo5s_part0.csv,2,2,5,23,5.299607,0.07055650000000013,0.3933402000000002,1.559118,0,4.151251215420313,5,11,1.1643649999999997,3.6854118,0.219707800974676,0.4782608695652174,0
1196,/home/test/bupt_hjk/sdp_dataset/elderAL/action5_drink_new/user1_position3_activity5/20250813=160347_mimo5s_part0.csv,1,3,5,52,4.0340869999999995,0.010386000000000006,0.2091500000000002,1.2355199999999997,1,12.642265771660355,5,11,0.506473,1.9410445999999997,0.12554835827784577,0.21153846153846154,0
1197,/home/test/bupt_hjk/sdp_dataset/elderAL/action5_drink_new/user1_position4_activity5/20250813=161223_mimo5s_part0.csv,1,4,5,12,5.390495,0.34926099999999977,1.5103402000000001,1.7170179999999997,1,2.0406289218337093,5,11,3.4985709999999997,5.0046757,0.6490259243353347,0.9166666666666666,0
1198,/home/test/bupt_hjk/sdp_dataset/elderAL/action5_drink_new/user1_position4_activity5/20250813=161212_mimo5s_part0.csv,1,4,5,8,5.794314,0.37331000000000003,1.9930306000000004,2.7753010000000002,0,1.2080808875735765,5,11,5.6193045,5.794314,0.9697963382723132,1.0,1
1199,/home/test/bupt_hjk/sdp_dataset/elderAL/action5_drink_new/user1_position4_activity5/20250813=161304_mimo5s_part0.csv,1,4,5,15,6.896713,0.28091699999999964,1.383863,2.659816,1,2.0299525295600964,5,11,4.616308,6.1233401999999995,0.6693490072734649,0.7333333333333333,0
1200,/home/test/bupt_hjk/sdp_dataset/elderAL/action5_drink_new/user1_position4_activity5/20250813=161310_mimo5s_part0.csv,1,4,5,11,4.371341999999999,0.251126,1.3687058000000003,2.109545,1,2.2876270033321577,5,11,2.830892,4.296087,0.6476024982716979,1.0,1
1201,/home/test/bupt_hjk/sdp_dataset/elderAL/action2_fall_new/user0_position1_activity2/20250813=230733_mimo5s_part0.csv,0,1,2,4,0.324254,0.078817,0.21114419999999998,0.24422599999999997,0,9.25200614333208,5,11,0.324254,0.324254,1.0,1.0,1
1202,/home/test/bupt_hjk/sdp_dataset/elderAL/action2_fall_new/user0_position1_activity2/20250813=230815_mimo5s_part0.csv,0,1,2,7,1.276265,0.16300150000000008,0.4728805,0.625887,0,4.701218007232041,5,11,1.276265,1.276265,1.0,1.0,1
1203,/home/test/bupt_hjk/sdp_dataset/elderAL/action5_drink_new/user1_position3_activity5/20250813=160352_mimo5s_part0.csv,1,3,5,49,3.859282,0.012142500000000158,0.2507605,0.4542090000000001,0,12.43754667318947,5,11,0.756967,0.9759895999999999,0.19614192484508775,0.22448979591836735,0
1204,/home/test/bupt_hjk/sdp_dataset/elderAL/action2_fall_new/user0_position1_activity2/20250813=230722_mimo5s_part0.csv,0,1,2,7,3.465233,0.5756049999999999,0.8447429999999999,0.9350299999999998,0,1.7314852998340948,5,11,3.465233,3.465233,1.0,1.0,1
1205,/home/test/bupt_hjk/sdp_dataset/elderAL/action5_drink_new/user1_position4_activity5/20250813=161252_mimo5s_part0.csv,1,4,5,18,4.3651219999999995,0.1034505,0.631261,1.6721409999999999,1,3.894507415829386,5,11,1.852739,2.6378434,0.4244415161821365,0.6111111111111112,0
1206,/home/test/bupt_hjk/sdp_dataset/elderAL/action2_fall_new/user0_position1_activity2/20250813=230840_mimo5s_part0.csv,0,1,2,7,4.161218,0.13077549999999993,1.9449989999999997,3.5972359999999997,0,1.441885524863153,5,11,4.161218,4.161218,1.0,1.0,1
1207,/home/test/bupt_hjk/sdp_dataset/elderAL/action2_fall_new/user0_position1_activity2/20250813=230808_mimo5s_part0.csv,0,1,2,15,2.921789,0.129696,0.6269298000000001,0.78496,1,4.791584881728284,5,11,1.77594,2.0580022,0.607826232489752,0.7333333333333333,0
1208,/home/test/bupt_hjk/sdp_dataset/elderAL/action2_fall_new/user0_position1_activity2/20250813=230712_mimo5s_part0.csv,0,1,2,11,2.8477259999999998,0.28723,0.5651200999999999,0.6526639999999999,0,3.511573796074482,5,11,1.9366409999999998,2.514035,0.680065778800348,1.0,1
1209,/home/test/bupt_hjk/sdp_dataset/elderAL/action2_fall_new/user0_position1_activity2/20250813=230918_mimo5s_part0.csv,0,1,2,11,3.189589,0.14895199999999992,0.9270018,0.9321029999999999,0,3.1352001778285543,5,11,2.871523,3.184374,0.9002799420238783,1.0,1
1210,/home/test/bupt_hjk/sdp_dataset/elderAL/action2_fall_new/user0_position1_activity2/20250813=230908_mimo5s_part0.csv,0,1,2,4,2.150031,0.355778,1.500138,1.786228,0,1.3953287185161518,5,11,2.150031,2.150031,1.0,1.0,1
1211,/home/test/bupt_hjk/sdp_dataset/elderAL/action5_drink_new/user1_position4_activity5/20250813=161241_mimo5s_part0.csv,1,4,5,30,4.722955,0.051741999999999955,0.38726579999999977,0.994968,0,6.140223652353241,5,11,1.5623114999999999,2.0964215999999998,0.3307911042980507,0.36666666666666664,0
1212,/home/test/bupt_hjk/sdp_dataset/elderAL/action5_drink_new/user1_position4_activity5/20250813=161235_mimo5s_part0.csv,1,4,5,35,6.469748999999999,0.011911000000000005,0.5372152,2.5684169999999997,1,5.255227057494812,5,11,0.6587279999999995,3.0795785999999996,0.10181662379792471,0.3142857142857143,0
1213,/home/test/bupt_hjk/sdp_dataset/elderAL/action2_fall_new/user0_position1_activity2/20250813=230741_mimo5s_part0.csv,0,1,2,4,3.9702439999999997,1.369192,2.0587552,2.231146,0,0.7556210651033035,5,11,3.9702439999999997,3.9702439999999997,1.0,1.0,1
1214,/home/test/bupt_hjk/sdp_dataset/elderAL/action2_fall_new/user0_position1_activity2/20250813=230759_mimo5s_part0.csv,0,1,2,18,3.954516,0.1933229999999999,0.5294354000000001,0.6761030000000003,0,4.298882593976102,5,11,1.822588,2.8039351,0.46088775465821863,0.6111111111111112,0
1215,/home/test/bupt_hjk/sdp_dataset/elderAL/action2_fall_new/user0_position1_activity2/20250813=230751_mimo5s_part0.csv,0,1,2,17,3.198088,0.05470699999999984,0.58048,0.910185,0,5.002989286098444,5,11,1.1576429999999998,2.5099846,0.36197972038292875,0.6470588235294118,0
1216,/home/test/bupt_hjk/sdp_dataset/elderAL/action5_drink_new/user1_position4_activity5/20250813=161247_mimo5s_part0.csv,1,4,5,31,4.465336,0.072762,0.39354639999999996,0.8257589999999997,1,6.718419397778801,5,11,0.906604,2.461563,0.2030315299901284,0.3548387096774194,0
1217,/home/test/bupt_hjk/sdp_dataset/elderAL/action2_fall_new/user2_position6_activity2/20250814=000625_mimo5s_part0.csv,2,6,2,3,1.546074,0.773037,1.365165,1.513197,0,1.293599142085049,5,11,1.546074,1.546074,1.0,1.0,1
1218,/home/test/bupt_hjk/sdp_dataset/elderAL/action2_fall_new/user0_position1_activity2/20250813=230937_mimo5s_part0.csv,0,1,2,15,2.8775209999999998,0.23221000000000025,0.37509699999999996,0.5625089999999999,1,4.865298984785863,5,11,1.6893730000000002,2.0962663999999998,0.5870931958446177,0.7333333333333333,0
1219,/home/test/bupt_hjk/sdp_dataset/elderAL/action5_drink_new/user1_position3_activity5/20250813=160330_mimo5s_part0.csv,1,3,5,74,4.2212499999999995,0.007940999999999976,0.1969139999999998,0.45255,0,17.29345572993782,5,11,0.5260445,0.7670821000000001,0.12461818181818184,0.14864864864864866,0
1220,/home/test/bupt_hjk/sdp_dataset/elderAL/action2_fall_new/user2_position6_activity2/20250814=000435_mimo5s_part0.csv,2,6,2,11,2.650339,0.09885449999999996,0.6140481999999998,1.278637,0,3.7731022333369433,5,11,2.311236,2.4796169999999997,0.8720529713368743,1.0,1
1221,/home/test/bupt_hjk/sdp_dataset/elderAL/action2_fall_new/user0_position1_activity2/20250813=230927_mimo5s_part0.csv,0,1,2,14,3.2288509999999997,0.041686999999999585,0.7189992000000003,1.01559,0,4.026200032147659,5,11,2.6019525,3.2126409,0.8058447107035909,0.7857142857142857,0
1222,/home/test/bupt_hjk/sdp_dataset/elderAL/action2_fall_new/user2_position6_activity2/20250814=000617_mimo5s_part0.csv,2,6,2,10,2.409916,0.23056399999999977,0.6283105999999999,0.788725,0,3.7345700016100145,5,11,1.9136045,2.409916,0.7940544400717702,1.0,1
1223,/home/test/bupt_hjk/sdp_dataset/elderAL/action2_fall_new/user0_position1_activity2/20250813=230830_mimo5s_part0.csv,0,1,2,30,2.578138,0.005808999999999953,0.3097472000000001,0.5161340000000001,0,11.24842812913816,5,11,0.7083905,1.081121,0.27476826298669815,0.36666666666666664,0
1224,/home/test/bupt_hjk/sdp_dataset/elderAL/action2_fall_new/user2_position6_activity2/20250814=000634_mimo5s_part0.csv,2,6,2,7,3.6023039999999997,0.6270290000000001,0.9509240000000001,1.014417,0,1.6656006822300395,5,11,3.6023039999999997,3.6023039999999997,1.0,1.0,1
1225,/home/test/bupt_hjk/sdp_dataset/elderAL/action2_fall_new/user2_position6_activity2/20250814=000533_mimo5s_part0.csv,2,6,2,7,2.52779,0.210044,1.0019525,1.214212,0,2.3736148968070925,5,11,2.52779,2.52779,1.0,1.0,1
1226,/home/test/bupt_hjk/sdp_dataset/elderAL/action2_fall_new/user2_position6_activity2/20250814=000541_mimo5s_part0.csv,2,6,2,3,3.317417,1.6587085,2.7792297,3.05936,0,0.602878685435084,5,11,3.317417,3.317417,1.0,1.0,1
1227,/home/test/bupt_hjk/sdp_dataset/elderAL/action5_drink_new/user1_position4_activity5/20250813=161328_mimo5s_part0.csv,1,4,5,55,5.733515,0.01188049999999996,0.2806709,1.2859180000000001,0,9.418306222273772,5,11,0.657127,2.427181,0.11461154283192772,0.2,0
1228,/home/test/bupt_hjk/sdp_dataset/elderAL/action2_fall_new/user2_position6_activity2/20250814=000516_mimo5s_part0.csv,2,6,2,7,3.6652039999999997,0.1361325,1.689804,2.99488,0,1.6370166571901592,5,11,3.6652039999999997,3.6652039999999997,1.0,1.0,1
1229,/home/test/bupt_hjk/sdp_dataset/elderAL/action2_fall_new/user2_position6_activity2/20250814=000607_mimo5s_part0.csv,2,6,2,7,1.342981,0.08778650000000005,0.5778065,0.8856109999999999,0,4.46767303483817,5,11,1.342981,1.342981,1.0,1.0,1
1230,/home/test/bupt_hjk/sdp_dataset/elderAL/action2_fall_new/user2_position6_activity2/20250814=000735_mimo5s_part0.csv,2,6,2,5,2.658457,0.522423,1.8042645999999998,2.1247249999999998,1,1.504632198301496,5,11,2.658457,2.658457,1.0,1.0,1
1231,/home/test/bupt_hjk/sdp_dataset/elderAL/action2_fall_new/user2_position6_activity2/20250814=000525_mimo5s_part0.csv,2,6,2,4,3.536664,0.201781,2.6565658,3.270262,0,0.8482570015132905,5,11,3.536664,3.536664,1.0,1.0,1
1232,/home/test/bupt_hjk/sdp_dataset/elderAL/action2_fall_new/user2_position6_activity2/20250814=000448_mimo5s_part0.csv,2,6,2,21,3.8264009999999997,0.10009200000000007,0.4285593999999998,0.9149879999999997,1,5.226843710316823,5,11,1.589419,1.8580489999999998,0.4153822351604027,0.5238095238095238,0
1233,/home/test/bupt_hjk/sdp_dataset/elderAL/action5_drink_new/user1_position4_activity5/20250813=161205_mimo5s_part0.csv,1,4,5,47,2.147137,0.009948500000000027,0.15849500000000005,0.376455,0,21.423877470324438,5,11,0.250559,0.7761705999999998,0.11669446337145696,0.23404255319148937,0
1234,/home/test/bupt_hjk/sdp_dataset/elderAL/action2_fall_new/user2_position6_activity2/20250814=000551_mimo5s_part0.csv,2,6,2,15,4.300599,0.11225449999999992,0.6804179000000005,1.842451,0,3.2553604742037097,5,11,3.0171769999999998,3.6527628,0.7015713392483233,0.7333333333333333,0
1235,/home/test/bupt_hjk/sdp_dataset/elderAL/action2_fall_new/user2_position6_activity2/20250814=000559_mimo5s_part0.csv,2,6,2,7,2.7775209999999997,0.39320149999999987,0.9580884999999999,1.1935289999999998,0,2.1601996888592385,5,11,2.7775209999999997,2.7775209999999997,1.0,1.0,1
1236,/home/test/bupt_hjk/sdp_dataset/elderAL/action2_fall_new/user2_position2_activity2/20250813=231614_mimo5s_part0.csv,2,2,2,8,3.074087,0.15175649999999993,1.3804775,1.596369,1,2.2770988589457617,5,11,3.0698689999999997,3.074087,0.9986278852875666,1.0,1
1237,/home/test/bupt_hjk/sdp_dataset/elderAL/action2_fall_new/user2_position2_activity2/20250813=231448_mimo5s_part0.csv,2,2,2,4,4.0210669999999995,0.994989,2.3582009999999998,2.6990039999999995,0,0.7460706324963002,5,11,4.0210669999999995,4.0210669999999995,1.0,1.0,1
1238,/home/test/bupt_hjk/sdp_dataset/elderAL/action2_fall_new/user2_position6_activity2/20250814=000506_mimo5s_part0.csv,2,6,2,12,2.1920319999999998,0.24077499999999974,0.5003358,0.533623,2,5.018174917154495,5,11,1.8369079999999998,1.9387387999999999,0.8379932409745843,0.9166666666666666,0
1239,/home/test/bupt_hjk/sdp_dataset/elderAL/action2_fall_new/user0_position1_activity2/20250813=230850_mimo5s_part0.csv,0,1,2,37,3.339944,0.008156500000000011,0.3541645,0.5565669999999998,0,10.77862383321397,5,11,0.4689860000000001,1.7451748,0.14041732436232468,0.2972972972972973,0
1240,/home/test/bupt_hjk/sdp_dataset/elderAL/action2_fall_new/user2_position2_activity2/20250813=231544_mimo5s_part0.csv,2,2,2,11,4.224059,0.22186700000000004,1.2233624,1.4739080000000002,1,2.3673911751706123,5,11,2.733481,4.215701,0.647121879689654,1.0,1
1241,/home/test/bupt_hjk/sdp_dataset/elderAL/action2_fall_new/user2_position2_activity2/20250813=231643_mimo5s_part0.csv,2,2,2,7,2.765933,0.42226249999999993,0.8578335,1.008375,0,2.1692499420629496,5,11,2.765933,2.765933,1.0,1.0,1
1242,/home/test/bupt_hjk/sdp_dataset/elderAL/action2_fall_new/user2_position2_activity2/20250813=231634_mimo5s_part0.csv,2,2,2,12,5.126268,0.3513970000000002,0.9180621999999993,2.324521,1,2.1458105584803606,5,11,4.1108625,4.9492908,0.80192110517827,0.9166666666666666,0
1243,/home/test/bupt_hjk/sdp_dataset/elderAL/action2_fall_new/user2_position2_activity2/20250813=231604_mimo5s_part0.csv,2,2,2,4,4.5846789999999995,1.3774829999999998,2.7627118,3.109019,0,0.6543533364058859,5,11,4.5846789999999995,4.5846789999999995,1.0,1.0,1
1244,/home/test/bupt_hjk/sdp_dataset/elderAL/action2_fall_new/user1_position4_activity2/20250813=234222_mimo5s_part0.csv,1,4,2,4,2.6810929999999997,1.057858,1.1992299999999998,1.2345729999999997,0,1.118946638553754,5,11,2.6810929999999997,2.6810929999999997,1.0,1.0,1
1245,/home/test/bupt_hjk/sdp_dataset/elderAL/action2_fall_new/user2_position2_activity2/20250813=231655_mimo5s_part0.csv,2,2,2,10,2.084542,0.25414499999999984,0.5171070000000001,0.5743670000000001,0,4.317495162006811,5,11,1.7688245,2.084542,0.8485434690210129,1.0,1
1246,/home/test/bupt_hjk/sdp_dataset/elderAL/action2_fall_new/user2_position2_activity2/20250813=231705_mimo5s_part0.csv,2,2,2,14,5.378455,0.19925099999999984,0.5815716,3.114397,0,2.417050993268513,5,11,3.8702129999999997,4.966728299999999,0.7195770904469778,0.7857142857142857,0
1247,/home/test/bupt_hjk/sdp_dataset/elderAL/action2_fall_new/user1_position4_activity2/20250813=234304_mimo5s_part0.csv,1,4,2,4,0.83831,0.011460999999999999,0.6584218000000001,0.8201620000000001,0,3.5786284310100083,5,11,0.83831,0.83831,1.0,1.0,1
1248,/home/test/bupt_hjk/sdp_dataset/elderAL/action2_fall_new/user2_position2_activity2/20250813=231555_mimo5s_part0.csv,2,2,2,8,2.911138,0.23196749999999988,1.1913205,1.66031,1,2.404557942632744,5,11,2.907038,2.911138,0.9985916160621723,1.0,1
1249,/home/test/bupt_hjk/sdp_dataset/elderAL/action2_fall_new/user2_position2_activity2/20250813=231533_mimo5s_part0.csv,2,2,2,12,3.095442,0.31497699999999984,0.6647119999999999,0.682744,2,3.5536120528183055,5,11,2.2234534999999997,2.9946487,0.7182991960437314,0.9166666666666666,0
1250,/home/test/bupt_hjk/sdp_dataset/elderAL/action2_fall_new/user2_position2_activity2/20250813=231510_mimo5s_part0.csv,2,2,2,11,2.3121769999999997,0.08124999999999993,0.7939229999999999,0.8024989999999999,1,4.3249284116224676,5,11,1.6741149999999996,1.9974399999999997,0.7240427527823344,1.0,1
1251,/home/test/bupt_hjk/sdp_dataset/elderAL/action2_fall_new/user2_position2_activity2/20250813=231624_mimo5s_part0.csv,2,2,2,11,2.9014569999999997,0.15440399999999993,0.44099629999999945,1.7311849999999998,0,3.4465442706888303,5,11,2.0489849999999996,2.6580199999999996,0.7061917512477351,1.0,1
1252,/home/test/bupt_hjk/sdp_dataset/elderAL/action2_fall_new/user2_position2_activity2/20250813=231501_mimo5s_part0.csv,2,2,2,11,3.413016,0.14657199999999992,0.7371723999999997,1.795612,0,2.9299598947089613,5,11,2.251425,3.405286,0.6596584955945123,1.0,1
1253,/home/test/bupt_hjk/sdp_dataset/elderAL/action2_fall_new/user2_position2_activity2/20250813=231522_mimo5s_part0.csv,2,2,2,21,3.1438409999999997,0.14522199999999996,0.3980433000000001,0.5313089999999999,0,6.361644879623366,5,11,1.435812,1.542832,0.45670630289508923,0.5238095238095238,0
1254,/home/test/bupt_hjk/sdp_dataset/elderAL/action2_fall_new/user1_position4_activity2/20250813=234317_mimo5s_part0.csv,1,4,2,4,1.12356,0.5509769999999999,0.5597945999999999,0.5619989999999999,0,2.6700843746662395,5,11,1.12356,1.12356,1.0,1.0,1
1255,/home/test/bupt_hjk/sdp_dataset/elderAL/action2_fall_new/user1_position4_activity2/20250813=234342_mimo5s_part0.csv,1,4,2,11,5.0152589999999995,0.374158,1.0806433999999998,2.371841,1,1.993914970293658,5,11,3.622843,5.004859,0.7223640892723587,1.0,1
1256,/home/test/bupt_hjk/sdp_dataset/elderAL/action2_fall_new/user1_position4_activity2/20250813=234236_mimo5s_part0.csv,1,4,2,8,5.014571,0.33386600000000016,2.0567544999999994,2.991554,1,1.3959319750383432,5,11,5.001787,5.014571,0.9974506293758728,1.0,1
1257,/home/test/bupt_hjk/sdp_dataset/elderAL/action2_fall_new/user2_position1_activity2/20250813=231223_mimo5s_part0.csv,2,1,2,3,0.307951,0.1539755,0.16170549999999997,0.16363799999999998,0,6.494539715733997,5,11,0.307951,0.307951,1.0,1.0,1
1258,/home/test/bupt_hjk/sdp_dataset/elderAL/action2_fall_new/user1_position4_activity2/20250813=234434_mimo5s_part0.csv,1,4,2,12,2.97679,0.30156899999999986,0.6526657999999999,0.7128289999999999,1,3.695255627706355,5,11,2.234597,2.9341581999999997,0.750673376355067,0.9166666666666666,0
1259,/home/test/bupt_hjk/sdp_dataset/elderAL/action2_fall_new/user1_position4_activity2/20250813=234357_mimo5s_part0.csv,1,4,2,10,2.1294999999999997,0.1876899999999999,0.5919536000000001,0.647044,0,4.226344212256398,5,11,1.548057,2.1294999999999997,0.7269579713547782,1.0,1
1260,/home/test/bupt_hjk/sdp_dataset/elderAL/action2_fall_new/user2_position1_activity2/20250813=231232_mimo5s_part0.csv,2,1,2,3,2.064826,1.032413,1.5582642,1.689727,0,0.9686046185005419,5,11,2.064826,2.064826,1.0,1.0,1
1261,/home/test/bupt_hjk/sdp_dataset/elderAL/action2_fall_new/user2_position1_activity2/20250813=231212_mimo5s_part0.csv,2,1,2,12,3.875904,0.2987695,0.9200404999999999,1.0750609999999998,1,2.8380475883819622,5,11,2.409414,2.9681697,0.6216392356467033,0.9166666666666666,0
1262,/home/test/bupt_hjk/sdp_dataset/elderAL/action2_fall_new/user2_position1_activity2/20250813=231408_mimo5s_part0.csv,2,1,2,7,1.2471379999999999,0.15799399999999997,0.43345999999999996,0.5559029999999999,0,4.811015300632328,5,11,1.2471379999999999,1.2471379999999999,1.0,1.0,1
1263,/home/test/bupt_hjk/sdp_dataset/elderAL/action2_fall_new/user1_position4_activity2/20250813=234143_mimo5s_part0.csv,1,4,2,14,2.82193,0.12068399999999979,0.5682346,1.008908,0,4.606776213442573,5,11,1.7115299999999998,1.9959673000000002,0.6065104378917974,0.7857142857142857,0
1264,/home/test/bupt_hjk/sdp_dataset/elderAL/action2_fall_new/user1_position4_activity2/20250813=234211_mimo5s_part0.csv,1,4,2,14,4.277201,0.13496399999999964,0.9424422000000008,2.02969,0,3.0393708408840268,5,11,1.9096474999999997,3.824487,0.44647130214362146,0.7857142857142857,0
1265,/home/test/bupt_hjk/sdp_dataset/elderAL/action2_fall_new/user1_position4_activity2/20250813=234157_mimo5s_part0.csv,1,4,2,17,4.866296999999999,0.16034949999999998,0.6663439999999998,1.755245,0,3.2879209797511337,5,11,2.247793,3.7133177999999996,0.46191036017735876,0.6470588235294118,0
1266,/home/test/bupt_hjk/sdp_dataset/elderAL/action2_fall_new/user2_position1_activity2/20250813=231243_mimo5s_part0.csv,2,1,2,4,1.45156,0.32350200000000007,0.7128604,0.8101999999999999,0,2.066741987930227,5,11,1.45156,1.45156,1.0,1.0,1
1267,/home/test/bupt_hjk/sdp_dataset/elderAL/action2_fall_new/user1_position4_activity2/20250813=234409_mimo5s_part0.csv,1,4,2,17,4.504277,0.1533485000000001,0.7483279999999999,1.10526,0,3.552179406373098,5,11,2.1642719999999995,3.4392775999999996,0.4804926517618698,0.6470588235294118,0
1268,/home/test/bupt_hjk/sdp_dataset/elderAL/action2_fall_new/user2_position1_activity2/20250813=231338_mimo5s_part0.csv,2,1,2,4,0.317918,0.12137699999999998,0.18026419999999999,0.194986,0,9.436395548537673,5,11,0.317918,0.317918,1.0,1.0,1
1269,/home/test/bupt_hjk/sdp_dataset/elderAL/action2_fall_new/user1_position4_activity2/20250813=234421_mimo5s_part0.csv,1,4,2,18,5.027222999999999,0.20960199999999996,0.5681484999999995,2.094772,1,3.381588602693774,5,11,2.0249189999999997,3.1384083999999994,0.40279076539871017,0.6111111111111112,0
1270,/home/test/bupt_hjk/sdp_dataset/elderAL/action2_fall_new/user2_position1_activity2/20250813=231153_mimo5s_part0.csv,2,1,2,13,1.009186,0.023836500000000028,0.1805869,0.45221399999999995,0,11.890771374156994,5,11,0.563261,0.8760501999999999,0.5581339812482536,0.8461538461538461,0
1271,/home/test/bupt_hjk/sdp_dataset/elderAL/action2_fall_new/user0_position5_activity2/20250813=235646_mimo5s_part0.csv,0,5,2,3,2.7878819999999997,1.3939409999999999,2.4262058,2.684272,0,0.7173904777892322,5,11,2.7878819999999997,2.7878819999999997,1.0,1.0,1
1272,/home/test/bupt_hjk/sdp_dataset/elderAL/action2_fall_new/user1_position4_activity2/20250813=234328_mimo5s_part0.csv,1,4,2,22,5.4974099999999995,0.03715099999999971,0.9130479999999999,1.665448,0,3.819980681811981,5,11,2.2967635,4.7656108999999995,0.4177901047948034,0.5,0
1273,/home/test/bupt_hjk/sdp_dataset/elderAL/action2_fall_new/user2_position1_activity2/20250813=231251_mimo5s_part0.csv,2,1,2,24,2.4831499999999997,0.062351000000000045,0.32624940000000013,0.48635800000000007,0,9.262428769909189,5,11,1.0028069999999998,1.4161503,0.40384471336810096,0.4583333333333333,0
1274,/home/test/bupt_hjk/sdp_dataset/elderAL/action2_fall_new/user2_position1_activity2/20250813=231202_mimo5s_part0.csv,2,1,2,11,2.8572439999999997,0.313976,0.6293350000000001,0.6979349999999998,1,3.4998761043859052,5,11,1.9575909999999999,2.543268,0.6851325963060908,1.0,1
1275,/home/test/bupt_hjk/sdp_dataset/elderAL/action2_fall_new/user0_position5_activity2/20250813=235454_mimo5s_part0.csv,0,5,2,11,3.055242,0.19991150000000008,0.7938226999999999,0.9550550000000002,0,3.27306314851655,5,11,2.580392,3.052619,0.8445785963926916,1.0,1
1276,/home/test/bupt_hjk/sdp_dataset/elderAL/action2_fall_new/user0_position5_activity2/20250813=235720_mimo5s_part0.csv,0,5,2,13,4.629278,0.2588739999999998,1.1007988000000002,1.139648,0,2.5921968825376225,5,11,3.407132,4.4746716,0.7359964123995145,0.8461538461538461,0
1277,/home/test/bupt_hjk/sdp_dataset/elderAL/action2_fall_new/user2_position1_activity2/20250813=231300_mimo5s_part0.csv,2,1,2,17,3.658814,0.06430650000000004,0.580899,1.163904,0,4.37300174318782,5,11,1.7989659999999998,2.237379,0.4916800908709762,0.6470588235294118,0
1278,/home/test/bupt_hjk/sdp_dataset/elderAL/action2_fall_new/user0_position5_activity2/20250813=235512_mimo5s_part0.csv,0,5,2,4,2.901521,0.38678799999999997,2.0834808,2.5076539999999996,0,1.033940474668286,5,11,2.901521,2.901521,1.0,1.0,1
1279,/home/test/bupt_hjk/sdp_dataset/elderAL/action2_fall_new/user0_position5_activity2/20250813=235708_mimo5s_part0.csv,0,5,2,13,2.522682,0.11250649999999995,0.5445792000000002,0.691986,0,4.756842122788366,5,11,1.3259999999999998,1.9262142,0.5256310545681143,0.8461538461538461,0
1280,/home/test/bupt_hjk/sdp_dataset/elderAL/action2_fall_new/user0_position5_activity2/20250813=235545_mimo5s_part0.csv,0,5,2,14,5.488237,0.15969999999999995,1.2941356000000006,2.450002,0,2.3687023720003344,5,11,4.0486830000000005,5.1145415,0.7377019250444178,0.7857142857142857,0
1281,/home/test/bupt_hjk/sdp_dataset/elderAL/action2_fall_new/user0_position5_activity2/20250813=235729_mimo5s_part0.csv,0,5,2,18,3.049461,0.008404999999999996,0.317404,1.661365,0,5.574755669936425,5,11,1.5198939999999999,2.5221379,0.49841398201190307,0.6111111111111112,0
1282,/home/test/bupt_hjk/sdp_dataset/elderAL/action2_fall_new/user0_position5_activity2/20250813=235555_mimo5s_part0.csv,0,5,2,7,3.464261,0.295129,1.3795095,2.240811,0,1.7319711188042701,5,11,3.464261,3.464261,1.0,1.0,1
1283,/home/test/bupt_hjk/sdp_dataset/elderAL/action2_fall_new/user0_position5_activity2/20250813=235635_mimo5s_part0.csv,0,5,2,15,3.4113529999999996,0.142247,0.47665799999999997,1.4279309999999998,1,4.1039435086313265,5,11,1.4784079999999997,3.0110959999999998,0.43337877962204435,0.7333333333333333,0
1284,/home/test/bupt_hjk/sdp_dataset/elderAL/action2_fall_new/user2_position1_activity2/20250813=231328_mimo5s_part0.csv,2,1,2,28,3.912946,0.015033000000000296,0.3756154000000004,1.1391799999999999,0,6.900171890948662,5,11,0.5452334999999999,3.1358461,0.13934092113716876,0.39285714285714285,0
1285,/home/test/bupt_hjk/sdp_dataset/elderAL/action2_fall_new/user2_position1_activity2/20250813=231349_mimo5s_part0.csv,2,1,2,36,3.96882,0.008814999999999795,0.28340399999999993,1.359477,0,8.818742094627622,5,11,0.4451835000000002,2.8256699999999997,0.11217024203667593,0.3055555555555556,0
1286,/home/test/bupt_hjk/sdp_dataset/elderAL/action2_fall_new/user0_position5_activity2/20250813=235522_mimo5s_part0.csv,0,5,2,13,2.219148,0.08803099999999997,0.5804518000000001,0.8907210000000001,0,5.407480708812571,5,11,1.2366190000000001,1.3369844000000002,0.5572494488875911,0.8461538461538461,0
1287,/home/test/bupt_hjk/sdp_dataset/elderAL/action2_fall_new/user2_position1_activity2/20250813=231319_mimo5s_part0.csv,2,1,2,28,3.2003139999999997,0.017602000000000007,0.35599560000000025,0.5773489999999999,0,8.43667215154513,5,11,0.9024174999999999,2.0112746,0.2819777996784065,0.39285714285714285,0
1288,/home/test/bupt_hjk/sdp_dataset/elderAL/action2_fall_new/user0_position5_activity2/20250813=235504_mimo5s_part0.csv,0,5,2,22,3.098369,0.017180500000000043,0.3270896000000002,1.327127,1,6.777759524446572,5,11,0.8311345000000001,2.2362772000000004,0.26824903683195905,0.5,0
1289,/home/test/bupt_hjk/sdp_dataset/elderAL/action2_fall_new/user1_position2_activity2/20250813=231944_mimo5s_part0.csv,1,2,2,4,2.551935,1.2565419999999998,1.2810908,1.287228,0,1.1755785315848564,5,11,2.551935,2.551935,1.0,1.0,1
1290,/home/test/bupt_hjk/sdp_dataset/elderAL/action2_fall_new/user0_position5_activity2/20250813=235739_mimo5s_part0.csv,0,5,2,11,2.208909,0.17606349999999998,0.5866437,0.6168629999999999,0,4.527121760108724,5,11,1.883406,2.199597,0.852640828571933,1.0,1
1291,/home/test/bupt_hjk/sdp_dataset/elderAL/action2_fall_new/user0_position5_activity2/20250813=235534_mimo5s_part0.csv,0,5,2,24,3.014957,0.11856900000000004,0.3433851999999999,0.420492,0,7.628632846173263,5,11,1.046447,1.6947423999999998,0.3470852154773683,0.4583333333333333,0
1292,/home/test/bupt_hjk/sdp_dataset/elderAL/action2_fall_new/user0_position5_activity2/20250813=235657_mimo5s_part0.csv,0,5,2,11,3.412874,0.048331000000000124,1.2582558000000001,1.7479749999999998,1,2.930081802023749,5,11,3.318492,3.3722269999999996,0.9723453019361394,1.0,1
1293,/home/test/bupt_hjk/sdp_dataset/elderAL/action2_fall_new/user1_position2_activity2/20250813=232115_mimo5s_part0.csv,1,2,2,4,2.48061,0.07601100000000027,1.9326238,2.3967769999999997,0,1.209379950899174,5,11,2.48061,2.48061,1.0,1.0,1
1294,/home/test/bupt_hjk/sdp_dataset/elderAL/action2_fall_new/user1_position2_activity2/20250813=232139_mimo5s_part0.csv,1,2,2,1,0.0,0.0,0.0,0.0,0,0.0,5,11,0.0,0.0,0.0,1.0,1
1295,/home/test/bupt_hjk/sdp_dataset/elderAL/action2_fall_new/user1_position2_activity2/20250813=232105_mimo5s_part0.csv,1,2,2,7,5.3124329999999995,0.3514774999999999,2.2653615,3.586347,0,1.1294260087609576,5,11,5.3124329999999995,5.3124329999999995,1.0,1.0,1
1296,/home/test/bupt_hjk/sdp_dataset/elderAL/action2_fall_new/user0_position5_activity2/20250813=235621_mimo5s_part0.csv,0,5,2,14,4.365081,0.03553600000000001,0.8884200000000002,2.097286,0,2.9781807027177734,5,11,2.471174,3.2654852,0.5661232861429146,0.7857142857142857,0
1297,/home/test/bupt_hjk/sdp_dataset/elderAL/action2_fall_new/user1_position2_activity2/20250813=232202_mimo5s_part0.csv,1,2,2,10,1.075469,0.075153,0.2513472,0.31076400000000004,0,8.368442047144082,5,11,0.9271925000000001,1.075469,0.8621285225329601,1.0,1
1298,/home/test/bupt_hjk/sdp_dataset/elderAL/action2_fall_new/user1_position2_activity2/20250813=231932_mimo5s_part0.csv,1,2,2,11,3.09514,0.130177,0.7205084999999997,1.566261,0,3.2308716245468703,5,11,2.7815939999999997,2.843577,0.8986973125609826,1.0,1
1299,/home/test/bupt_hjk/sdp_dataset/elderAL/action2_fall_new/user1_position2_activity2/20250813=232026_mimo5s_part0.csv,1,2,2,3,3.138829,1.5694145,2.5280397,2.767696,0,0.6371802987674703,5,11,3.138829,3.138829,1.0,1.0,1
1300,/home/test/bupt_hjk/sdp_dataset/elderAL/action2_fall_new/user2_position1_activity2/20250813=231358_mimo5s_part0.csv,2,1,2,40,3.598225,0.010975999999999875,0.33124180000000003,0.709085,0,10.838677403441975,5,11,0.5511425,1.9256552,0.1531706605340133,0.275,0
1301,/home/test/bupt_hjk/sdp_dataset/elderAL/action2_fall_new/user1_position2_activity2/20250813=232017_mimo5s_part0.csv,1,2,2,7,5.013286,0.289137,2.2090825,3.983922,0,1.1968198103998056,5,11,5.013286,5.013286,1.0,1.0,1
1302,/home/test/bupt_hjk/sdp_dataset/elderAL/action2_fall_new/user1_position2_activity2/20250813=232007_mimo5s_part0.csv,1,2,2,4,1.714437,0.37777700000000003,0.8990538000000001,1.029373,0,1.7498455761279068,5,11,1.714437,1.714437,1.0,1.0,1
1303,/home/test/bupt_hjk/sdp_dataset/elderAL/action2_fall_new/user1_position3_activity2/20250813=233702_mimo5s_part0.csv,1,3,2,4,0.592693,0.25181099999999995,0.28748540000000006,0.29640400000000006,0,5.0616423679712765,5,11,0.592693,0.592693,1.0,1.0,1
1304,/home/test/bupt_hjk/sdp_dataset/elderAL/action2_fall_new/user1_position2_activity2/20250813=231957_mimo5s_part0.csv,1,2,2,7,4.947228,0.5370175000000001,1.7525305,2.7842949999999997,0,1.2128003803341993,5,11,4.947228,4.947228,1.0,1.0,1
1305,/home/test/bupt_hjk/sdp_dataset/elderAL/action2_fall_new/user1_position2_activity2/20250813=232152_mimo5s_part0.csv,1,2,2,14,1.619622,0.12410600000000005,0.27612480000000006,0.45785599999999993,0,8.02656422301006,5,11,1.056806,1.2848814,0.6525016330971054,0.7857142857142857,0
1306,/home/test/bupt_hjk/sdp_dataset/elderAL/action2_fall_new/user1_position2_activity2/20250813=232041_mimo5s_part0.csv,1,2,2,10,4.54437,0.266915,0.8947312000000004,3.2922839999999995,0,1.9804725407482227,5,11,4.2312265,4.54437,0.9310919885484678,1.0,1
1307,/home/test/bupt_hjk/sdp_dataset/elderAL/action2_fall_new/user1_position3_activity2/20250813=233619_mimo5s_part0.csv,1,3,2,7,3.199475,0.040650000000000075,1.5528294999999999,2.5532429999999997,0,1.8753076676642262,5,11,3.199475,3.199475,1.0,1.0,1
1308,/home/test/bupt_hjk/sdp_dataset/elderAL/action2_fall_new/user1_position3_activity2/20250813=233838_mimo5s_part0.csv,1,3,2,3,2.283722,1.141861,1.1823802,1.1925100000000002,0,0.8757633372188033,5,11,2.283722,2.283722,1.0,1.0,1
1309,/home/test/bupt_hjk/sdp_dataset/elderAL/action2_fall_new/user1_position2_activity2/20250813=232054_mimo5s_part0.csv,1,2,2,24,2.187688,0.008688000000000029,0.31549000000000005,0.474581,0,10.51338216418429,5,11,0.7586139999999999,1.1320506,0.34676516943915214,0.4583333333333333,0
1310,/home/test/bupt_hjk/sdp_dataset/elderAL/action2_fall_new/user2_position4_activity2/20250813=234612_mimo5s_part0.csv,2,4,2,4,1.83964,0.372344,1.1236472,1.3114729999999999,0,1.6307538431432238,5,11,1.83964,1.83964,1.0,1.0,1
1311,/home/test/bupt_hjk/sdp_dataset/elderAL/action2_fall_new/user1_position3_activity2/20250813=233754_mimo5s_part0.csv,1,3,2,8,3.201035,0.12906450000000003,1.4654935,1.603727,1,2.1867927092331074,5,11,3.2004535,3.201035,0.9998183400056544,1.0,1
1312,/home/test/bupt_hjk/sdp_dataset/elderAL/action2_fall_new/user1_position3_activity2/20250813=233640_mimo5s_part0.csv,1,3,2,12,4.587276,0.354379,0.7553088999999997,1.6486299999999998,1,2.3979372507780217,5,11,2.933174,3.4877158,0.6394151997830521,0.9166666666666666,0
1313,/home/test/bupt_hjk/sdp_dataset/elderAL/action2_fall_new/user1_position3_activity2/20250813=233805_mimo5s_part0.csv,1,3,2,7,2.874103,0.1662869999999999,1.264719,1.268315,0,2.0876078553900124,5,11,2.874103,2.874103,1.0,1.0,1
1314,/home/test/bupt_hjk/sdp_dataset/elderAL/action2_fall_new/user1_position3_activity2/20250813=233723_mimo5s_part0.csv,1,3,2,11,3.3683639999999997,0.18516149999999987,1.1217240999999998,1.2131020000000001,0,2.9688002840548116,5,11,2.9940679999999995,3.3667499999999997,0.8888789928879419,1.0,1
1315,/home/test/bupt_hjk/sdp_dataset/elderAL/action2_fall_new/user1_position2_activity2/20250813=231921_mimo5s_part0.csv,1,2,2,17,1.666688,0.098248,0.24743049999999997,0.296237,0,9.599877121572844,5,11,0.873076,1.0893732,0.5238388948621457,0.6470588235294118,0
1316,/home/test/bupt_hjk/sdp_dataset/elderAL/action2_fall_new/user2_position4_activity2/20250813=234747_mimo5s_part0.csv,2,4,2,4,1.436467,0.39244,0.8599791999999999,0.976864,0,2.0884573053192312,5,11,1.436467,1.436467,1.0,1.0,1
1317,/home/test/bupt_hjk/sdp_dataset/elderAL/action2_fall_new/user1_position3_activity2/20250813=233732_mimo5s_part0.csv,1,3,2,11,1.7531109999999999,0.1618655,0.3602118999999999,0.48922599999999994,0,5.704145373567333,5,11,1.0549659999999998,1.527873,0.6017679428170835,1.0,1
1318,/home/test/bupt_hjk/sdp_dataset/elderAL/action2_fall_new/user2_position4_activity2/20250813=234733_mimo5s_part0.csv,2,4,2,3,2.2052229999999997,1.1026114999999999,1.2920759,1.339442,0,0.906937756408309,5,11,2.2052229999999997,2.2052229999999997,1.0,1.0,1
1319,/home/test/bupt_hjk/sdp_dataset/elderAL/action2_fall_new/user1_position3_activity2/20250813=233743_mimo5s_part0.csv,1,3,2,11,6.370214,0.3409874999999998,1.661726199999999,3.07714,0,1.569805975121087,5,11,5.028725,6.359554999999999,0.7894122552240788,1.0,1
1320,/home/test/bupt_hjk/sdp_dataset/elderAL/action2_fall_new/user1_position3_activity2/20250813=233608_mimo5s_part0.csv,1,3,2,14,3.194776,0.1559280000000003,0.6110253999999999,0.7689059999999999,0,4.069142875744653,5,11,1.7893965,2.2506043,0.5601007707582629,0.7857142857142857,0
1321,/home/test/bupt_hjk/sdp_dataset/elderAL/action2_fall_new/user1_position3_activity2/20250813=233631_mimo5s_part0.csv,1,3,2,15,2.241514,0.21075449999999996,0.2973043999999999,0.38029,0,6.245778522909069,5,11,1.4247200000000002,1.9635874,0.6356061126542151,0.7333333333333333,0
1322,/home/test/bupt_hjk/sdp_dataset/elderAL/action2_fall_new/user2_position4_activity2/20250813=234715_mimo5s_part0.csv,2,4,2,3,2.043361,1.0216805,1.7786961,1.9679499999999999,0,0.9787795695425331,5,11,2.043361,2.043361,1.0,1.0,1
1323,/home/test/bupt_hjk/sdp_dataset/elderAL/action2_fall_new/user2_position4_activity2/20250813=234648_mimo5s_part0.csv,2,4,2,4,0.38786099999999996,0.17104099999999997,0.198209,0.205001,0,7.734729709870289,5,11,0.38786099999999996,0.38786099999999996,1.0,1.0,1
1324,/home/test/bupt_hjk/sdp_dataset/elderAL/action2_fall_new/user2_position4_activity2/20250813=234640_mimo5s_part0.csv,2,4,2,7,3.898139,0.5058214999999999,1.257766,1.672701,0,1.5391960112248435,5,11,3.898139,3.898139,1.0,1.0,1
1325,/home/test/bupt_hjk/sdp_dataset/elderAL/action2_fall_new/user0_position8_activity2/20250814=004004_mimo5s_part0.csv,0,8,2,4,2.9724139999999997,1.034529,1.2695489999999998,1.3283039999999997,0,1.009280672207842,5,11,2.9724139999999997,2.9724139999999997,1.0,1.0,1
1326,/home/test/bupt_hjk/sdp_dataset/elderAL/action2_fall_new/user2_position4_activity2/20250813=234806_mimo5s_part0.csv,2,4,2,7,2.73072,0.42067400000000005,0.9288719999999999,1.17102,0,2.1972227104939357,5,11,2.73072,2.73072,1.0,1.0,1
1327,/home/test/bupt_hjk/sdp_dataset/elderAL/action2_fall_new/user1_position3_activity2/20250813=233829_mimo5s_part0.csv,1,3,2,28,2.644828,0.010755999999999988,0.3122484,0.528931,0,10.208603357193738,5,11,0.8680969999999998,1.6610887,0.32822436846554853,0.39285714285714285,0
1328,/home/test/bupt_hjk/sdp_dataset/elderAL/action2_fall_new/user2_position4_activity2/20250813=234631_mimo5s_part0.csv,2,4,2,21,1.8120209999999999,0.009766000000000052,0.3094052,0.4369569999999998,1,11.037399676935312,5,11,0.5638059999999999,1.3893779999999998,0.3111476081127095,0.5238095238095238,0
1329,/home/test/bupt_hjk/sdp_dataset/elderAL/action2_fall_new/user2_position4_activity2/20250813=234755_mimo5s_part0.csv,2,4,2,14,4.221412,0.21072700000000033,0.9325782000000006,1.455145,0,3.0795383156157228,5,11,3.2332615000000002,3.959564,0.7659194364350128,0.7857142857142857,0
1330,/home/test/bupt_hjk/sdp_dataset/elderAL/action2_fall_new/user2_position4_activity2/20250813=234814_mimo5s_part0.csv,2,4,2,16,4.53505,0.262442,0.6409122000000005,1.74879,2,3.307571030087871,5,11,2.0296225000000003,3.3143575,0.44754137220096807,0.6875,0
1331,/home/test/bupt_hjk/sdp_dataset/elderAL/action2_fall_new/user1_position3_activity2/20250813=233651_mimo5s_part0.csv,1,3,2,24,5.989877,0.048212000000000366,0.5313746000000001,2.248811,0,3.8398117357000823,5,11,1.0421934999999993,4.5510918,0.17399247096392786,0.4583333333333333,0
1332,/home/test/bupt_hjk/sdp_dataset/elderAL/action2_fall_new/user2_position4_activity2/20250813=234557_mimo5s_part0.csv,2,4,2,17,2.1719839999999997,0.024610500000000035,0.3450924999999999,0.540986,0,7.366536770068289,5,11,1.236658,1.5728133999999998,0.5693679143124444,0.6470588235294118,0
1333,/home/test/bupt_hjk/sdp_dataset/elderAL/action2_fall_new/user2_position4_activity2/20250813=234658_mimo5s_part0.csv,2,4,2,14,3.587602,0.10765700000000011,0.7417546,1.123513,0,3.623590353667993,5,11,2.195976,3.1907883,0.6121013423451096,0.7857142857142857,0
1334,/home/test/bupt_hjk/sdp_dataset/elderAL/action2_fall_new/user1_position2_activity2/20250813=232129_mimo5s_part0.csv,1,2,2,33,3.300687,0.008737000000000106,0.22192649999999994,1.25892,0,9.694951384363316,5,11,0.564257,1.8292906,0.17095138072770913,0.3333333333333333,0
1335,/home/test/bupt_hjk/sdp_dataset/elderAL/action2_fall_new/user0_position8_activity2/20250814=004425_mimo5s_part0.csv,0,8,2,10,2.712307,0.050196999999999936,0.6475762000000003,1.8977570000000001,0,3.318208447642542,5,11,2.2159715,2.712307,0.8170061501150129,1.0,1
1336,/home/test/bupt_hjk/sdp_dataset/elderAL/action2_fall_new/user2_position4_activity2/20250813=234724_mimo5s_part0.csv,2,4,2,17,4.441571,0.22895850000000006,0.5503175,1.1916790000000002,0,3.60232899575398,5,11,2.3453419999999996,2.987408,0.5280433432224768,0.6470588235294118,0
1337,/home/test/bupt_hjk/sdp_dataset/elderAL/action2_fall_new/user0_position8_activity2/20250814=004543_mimo5s_part0.csv,0,8,2,11,3.490982,0.2679129999999999,0.7047002999999996,1.0995780000000002,0,2.8645235065663472,5,11,2.4922009999999997,3.4893699999999996,0.7138968347588157,1.0,1
1338,/home/test/bupt_hjk/sdp_dataset/elderAL/action2_fall_new/user2_position4_activity2/20250813=234622_mimo5s_part0.csv,2,4,2,18,1.424821,0.018167999999999962,0.2985358000000001,0.5428219999999999,0,11.931323303067543,5,11,0.9326045,1.0254995,0.6545415178468033,0.6111111111111112,0
1339,/home/test/bupt_hjk/sdp_dataset/elderAL/action2_fall_new/user0_position8_activity2/20250814=004217_mimo5s_part0.csv,0,8,2,7,1.758684,0.10688350000000005,0.7278315,1.155096,0,3.4116418867744294,5,11,1.758684,1.758684,1.0,1.0,1
1340,/home/test/bupt_hjk/sdp_dataset/elderAL/action2_fall_new/user0_position8_activity2/20250814=004227_mimo5s_part0.csv,0,8,2,4,1.076314,0.37670900000000007,0.6260778,0.6884199999999999,0,2.7872906976960254,5,11,1.076314,1.076314,1.0,1.0,1
1341,/home/test/bupt_hjk/sdp_dataset/elderAL/action2_fall_new/user0_position8_activity2/20250814=004310_mimo5s_part0.csv,0,8,2,7,1.7942589999999998,0.1123364999999999,0.772964,0.8140860000000001,0,3.3439988318297416,5,11,1.7942589999999998,1.7942589999999998,1.0,1.0,1
1342,/home/test/bupt_hjk/sdp_dataset/elderAL/action2_fall_new/user0_position8_activity2/20250814=004207_mimo5s_part0.csv,0,8,2,13,1.645813,0.04839450000000001,0.3012154,0.613582,0,7.29122931949134,5,11,0.963989,1.3611934,0.5857220717055948,0.8461538461538461,0
1343,/home/test/bupt_hjk/sdp_dataset/elderAL/action2_fall_new/user0_position8_activity2/20250814=004536_mimo5s_part0.csv,0,8,2,7,3.11929,0.3050799999999998,1.1177130000000002,1.85237,0,1.9235146459611001,5,11,3.11929,3.11929,1.0,1.0,1
1344,/home/test/bupt_hjk/sdp_dataset/elderAL/action2_fall_new/user0_position8_activity2/20250814=003955_mimo5s_part0.csv,0,8,2,8,1.257552,0.159914,0.46386900000000003,0.614367,1,5.566370217692787,5,11,1.25329,1.257552,0.9966108757331705,1.0,1
1345,/home/test/bupt_hjk/sdp_dataset/elderAL/action2_fall_new/user2_position4_activity2/20250813=234706_mimo5s_part0.csv,2,4,2,24,2.9094409999999997,0.11449599999999993,0.28322699999999995,0.34052099999999996,0,7.905298646715985,5,11,1.0494865,1.3927045999999998,0.3607175742694215,0.4583333333333333,0
1346,/home/test/bupt_hjk/sdp_dataset/elderAL/action2_fall_new/user0_position8_activity2/20250814=004300_mimo5s_part0.csv,0,8,2,8,3.8509529999999996,0.222346,1.3195676000000007,2.582693,0,1.8177318705265946,5,11,3.7397799999999997,3.8509529999999996,0.9711310421082782,1.0,1
1347,/home/test/bupt_hjk/sdp_dataset/elderAL/action2_fall_new/user0_position8_activity2/20250814=004012_mimo5s_part0.csv,0,8,2,18,3.954512,0.2548539999999999,0.522808,0.9806739999999999,1,4.298886942307926,5,11,1.9650599999999998,2.4137965,0.49691592793244777,0.6111111111111112,0
1348,/home/test/bupt_hjk/sdp_dataset/elderAL/action2_fall_new/user2_position7_activity2/20250814=003008_mimo5s_part0.csv,2,7,2,3,0.830939,0.4154695,0.4512571,0.460204,0,2.4069155497575636,5,11,0.830939,0.830939,1.0,1.0,1
1349,/home/test/bupt_hjk/sdp_dataset/elderAL/action2_fall_new/user0_position8_activity2/20250814=004320_mimo5s_part0.csv,0,8,2,10,4.673533,0.31011299999999986,1.3583998000000002,2.221159,0,1.9257379802389327,5,11,4.177025499999999,4.673533,0.8937618499751685,1.0,1
1350,/home/test/bupt_hjk/sdp_dataset/elderAL/action2_fall_new/user0_position8_activity2/20250814=004249_mimo5s_part0.csv,0,8,2,14,3.4770209999999997,0.07989899999999972,0.578944,1.8422399999999999,0,3.7388327536704558,5,11,1.5873965,3.1108575000000003,0.45653923286629566,0.7857142857142857,0
1351,/home/test/bupt_hjk/sdp_dataset/elderAL/action2_fall_new/user0_position8_activity2/20250814=004237_mimo5s_part0.csv,0,8,2,17,3.9165669999999997,0.13484300000000005,0.577005,1.0013519999999998,0,4.085210338543934,5,11,2.0140219999999998,3.051106,0.5142314685284332,0.6470588235294118,0
1352,/home/test/bupt_hjk/sdp_dataset/elderAL/action2_fall_new/user2_position7_activity2/20250814=002756_mimo5s_part0.csv,2,7,2,11,2.643515,0.311602,0.6462000000000001,0.7927479999999999,1,3.7828421628021784,5,11,2.309973,2.637362,0.8738263259334635,1.0,1
1353,/home/test/bupt_hjk/sdp_dataset/elderAL/action2_fall_new/user2_position7_activity2/20250814=002807_mimo5s_part0.csv,2,7,2,10,1.327315,0.12565300000000001,0.31726400000000005,0.32977600000000007,0,6.780605960152639,5,11,1.0169195,1.327315,0.7661478247439379,1.0,1
1354,/home/test/bupt_hjk/sdp_dataset/elderAL/action2_fall_new/user2_position7_activity2/20250814=002944_mimo5s_part0.csv,2,7,2,11,3.55461,0.2159215,0.7181547999999998,1.563865,0,2.8132481481794067,5,11,2.712277,3.4258569999999997,0.7630308247599595,1.0,1
1355,/home/test/bupt_hjk/sdp_dataset/elderAL/action2_fall_new/user2_position7_activity2/20250814=002835_mimo5s_part0.csv,2,7,2,11,5.143084,0.10103999999999999,2.0907981999999996,2.230318,0,1.94435867662282,5,11,4.768624,5.101534,0.9271915449951819,1.0,1
1356,/home/test/bupt_hjk/sdp_dataset/elderAL/action2_fall_new/user2_position7_activity2/20250814=002914_mimo5s_part0.csv,2,7,2,14,3.6499539999999997,0.06838500000000014,0.9360958000000004,1.1928799999999997,0,3.5616887226523954,5,11,1.905003,3.3279997999999997,0.521925207824537,0.7857142857142857,0
1357,/home/test/bupt_hjk/sdp_dataset/elderAL/action2_fall_new/user2_position7_activity2/20250814=002959_mimo5s_part0.csv,2,7,2,7,1.319845,0.16732400000000003,0.48422,0.6407959999999999,0,4.545988354693165,5,11,1.319845,1.319845,1.0,1.0,1
1358,/home/test/bupt_hjk/sdp_dataset/elderAL/action2_fall_new/user0_position8_activity2/20250814=004526_mimo5s_part0.csv,0,8,2,21,3.4371519999999998,0.05623200000000006,0.4021945,0.642654,0,5.818770889387493,5,11,1.419573,2.150897,0.4130085023880236,0.5238095238095238,0
1359,/home/test/bupt_hjk/sdp_dataset/elderAL/action2_fall_new/user2_position7_activity2/20250814=002843_mimo5s_part0.csv,2,7,2,14,3.3665249999999998,0.09209500000000004,0.6302936,0.9701939999999998,0,3.8615486295215393,5,11,2.1994499999999997,2.9428874,0.6533294717847038,0.7857142857142857,0
1360,/home/test/bupt_hjk/sdp_dataset/elderAL/action2_fall_new/user2_position7_activity2/20250814=002858_mimo5s_part0.csv,2,7,2,15,4.176019,0.259595,0.6958152,0.924606,1,3.3524751683361593,5,11,2.6957079999999998,2.9624892,0.6455210093632237,0.7333333333333333,0
1361,/home/test/bupt_hjk/sdp_dataset/elderAL/action2_fall_new/user2_position7_activity2/20250814=002936_mimo5s_part0.csv,2,7,2,7,3.196196,0.4145540000000001,1.04234,1.5996009999999998,0,1.87723155901578,5,11,3.196196,3.196196,1.0,1.0,1
1362,/home/test/bupt_hjk/sdp_dataset/elderAL/action2_fall_new/user2_position7_activity2/20250814=002821_mimo5s_part0.csv,2,7,2,7,0.33039199999999996,0.010235000000000006,0.14980949999999998,0.199701,0,18.160246010799295,5,11,0.33039199999999996,0.33039199999999996,1.0,1.0,1
1363,/home/test/bupt_hjk/sdp_dataset/elderAL/action2_fall_new/user1_position9_activity2/20250814=005641_mimo5s_part0.csv,1,9,2,4,1.574744,0.0048779999999999995,1.2543275999999999,1.56669,0,1.9050715544875867,5,11,1.574744,1.574744,1.0,1.0,1
1364,/home/test/bupt_hjk/sdp_dataset/elderAL/action2_fall_new/user2_position7_activity2/20250814=002906_mimo5s_part0.csv,2,7,2,10,4.975745,0.2811849999999998,1.029989400000001,3.494027,0,1.8087743644419076,5,11,4.602639,4.975745,0.9250150479978375,1.0,1
1365,/home/test/bupt_hjk/sdp_dataset/elderAL/action2_fall_new/user2_position7_activity2/20250814=002926_mimo5s_part0.csv,2,7,2,11,5.407461,0.15563349999999998,0.8935125999999987,3.560344,0,1.8492967401891574,5,11,4.861357999999999,5.406077,0.899009350229248,1.0,1
1366,/home/test/bupt_hjk/sdp_dataset/elderAL/action2_fall_new/user1_position9_activity2/20250814=005413_mimo5s_part0.csv,1,9,2,10,3.315587,0.299193,0.8025164,1.3342899999999998,0,2.714451468171398,5,11,3.0005664999999997,3.315587,0.904988015696768,1.0,1
1367,/home/test/bupt_hjk/sdp_dataset/elderAL/action2_fall_new/user1_position9_activity2/20250814=005545_mimo5s_part0.csv,1,9,2,11,3.272058,0.07487000000000021,1.3137763999999998,1.4909699999999997,1,3.0561805444769012,5,11,1.813711,3.1971879999999997,0.5543028271503745,1.0,1
1368,/home/test/bupt_hjk/sdp_dataset/elderAL/action2_fall_new/user1_position9_activity2/20250814=005759_mimo5s_part0.csv,1,9,2,4,3.9033249999999997,0.502929,2.8130722,3.390608,0,0.7685755093413948,5,11,3.9033249999999997,3.9033249999999997,1.0,1.0,1
1369,/home/test/bupt_hjk/sdp_dataset/elderAL/action2_fall_new/user1_position9_activity2/20250814=005737_mimo5s_part0.csv,1,9,2,4,1.8035919999999999,0.3957709999999999,1.0927078000000001,1.266942,0,1.6633473645924357,5,11,1.8035919999999999,1.8035919999999999,1.0,1.0,1
1370,/home/test/bupt_hjk/sdp_dataset/elderAL/action2_fall_new/user1_position9_activity2/20250814=005626_mimo5s_part0.csv,1,9,2,11,4.463128,0.1399919999999999,0.6873499999999992,3.1670749999999996,0,2.240581045401342,5,11,3.662093,4.112093,0.8205216162296936,1.0,1
1371,/home/test/bupt_hjk/sdp_dataset/elderAL/action2_fall_new/user1_position9_activity2/20250814=005556_mimo5s_part0.csv,1,9,2,8,1.651762,0.31634949999999995,0.5042865000000001,0.6367320000000001,1,4.237898680318351,5,11,1.4658414999999998,1.651762,0.8874411083436959,1.0,1
1372,/home/test/bupt_hjk/sdp_dataset/elderAL/action2_fall_new/user1_position9_activity2/20250814=005713_mimo5s_part0.csv,1,9,2,7,4.368282,0.5500895000000001,1.595473,2.336176,0,1.3735376974288749,5,11,4.368282,4.368282,1.0,1.0,1
1373,/home/test/bupt_hjk/sdp_dataset/elderAL/action2_fall_new/user1_position9_activity2/20250814=005447_mimo5s_part0.csv,1,9,2,11,2.5910439999999997,0.09936950000000006,0.6780560999999998,1.1558399999999998,0,3.859448160664196,5,11,1.6458709999999996,2.5833999999999997,0.635215380364054,1.0,1
1374,/home/test/bupt_hjk/sdp_dataset/elderAL/action2_fall_new/user1_position9_activity2/20250814=005747_mimo5s_part0.csv,1,9,2,7,0.988663,0.142088,0.34644499999999995,0.38107499999999994,0,6.068802008368878,5,11,0.988663,0.988663,1.0,1.0,1
1375,/home/test/bupt_hjk/sdp_dataset/elderAL/action2_fall_new/user0_position4_activity2/20250813=235318_mimo5s_part0.csv,0,4,2,4,2.00899,0.503323,1.0021718,1.126884,0,1.4932876719147434,5,11,2.00899,2.00899,1.0,1.0,1
1376,/home/test/bupt_hjk/sdp_dataset/elderAL/action2_fall_new/user0_position4_activity2/20250813=235245_mimo5s_part0.csv,0,4,2,3,1.37286,0.68643,0.89005,0.940955,0,1.4568127849890011,5,11,1.37286,1.37286,1.0,1.0,1
1377,/home/test/bupt_hjk/sdp_dataset/elderAL/action2_fall_new/user1_position9_activity2/20250814=005456_mimo5s_part0.csv,1,9,2,11,5.020010999999999,0.18452100000000005,1.3597695999999997,1.8455679999999999,0,1.992027507509446,5,11,3.8630999999999998,5.0119,0.769540146425974,1.0,1
1378,/home/test/bupt_hjk/sdp_dataset/elderAL/action2_fall_new/user2_position7_activity2/20250814=002952_mimo5s_part0.csv,2,7,2,24,3.9167159999999996,0.03432600000000008,0.3423205999999999,1.4490349999999999,0,5.872266459962888,5,11,0.8609115,2.8982631999999997,0.2198044228889713,0.4583333333333333,0
1379,/home/test/bupt_hjk/sdp_dataset/elderAL/action2_fall_new/user1_position9_activity2/20250814=005612_mimo5s_part0.csv,1,9,2,14,3.2780419999999997,0.137235,0.5728442,1.327671,0,3.965782012555056,5,11,2.1093395,2.9683794999999997,0.6434754344209135,0.7857142857142857,0
1380,/home/test/bupt_hjk/sdp_dataset/elderAL/action2_fall_new/user1_position9_activity2/20250814=005513_mimo5s_part0.csv,1,9,2,18,2.743197,0.009751000000000065,0.35005159999999996,1.282963,0,6.1971488011980185,5,11,1.1038184999999998,2.0332166,0.4023839702361879,0.6111111111111112,0
1381,/home/test/bupt_hjk/sdp_dataset/elderAL/action2_fall_new/user0_position4_activity2/20250813=235153_mimo5s_part0.csv,0,4,2,7,0.539939,0.041391,0.22236949999999997,0.23914299999999994,0,11.112366396944841,5,11,0.539939,0.539939,1.0,1.0,1
1382,/home/test/bupt_hjk/sdp_dataset/elderAL/action2_fall_new/user1_position9_activity2/20250814=005726_mimo5s_part0.csv,1,9,2,14,5.583252,0.17464499999999994,0.45162600000000036,3.422049,0,2.328392127025612,5,11,1.7868325,4.543444,0.3200343634856532,0.7857142857142857,0
1383,/home/test/bupt_hjk/sdp_dataset/elderAL/action2_fall_new/user0_position4_activity2/20250813=235340_mimo5s_part0.csv,0,4,2,7,1.357702,0.17101,0.4994685,0.6683709999999999,0,4.419231908032838,5,11,1.357702,1.357702,1.0,1.0,1
1384,/home/test/bupt_hjk/sdp_dataset/elderAL/action2_fall_new/user0_position4_activity2/20250813=235254_mimo5s_part0.csv,0,4,2,7,2.816658,0.5165929999999999,0.8801525,0.9007240000000001,0,2.13018406920542,5,11,2.816658,2.816658,1.0,1.0,1
1385,/home/test/bupt_hjk/sdp_dataset/elderAL/action2_fall_new/user0_position4_activity2/20250813=235044_mimo5s_part0.csv,0,4,2,4,0.8485349999999999,0.3460059999999999,0.4611491999999999,0.48993499999999995,0,3.5355053120967317,5,11,0.8485349999999999,0.8485349999999999,1.0,1.0,1
1386,/home/test/bupt_hjk/sdp_dataset/elderAL/action2_fall_new/user0_position4_activity2/20250813=235142_mimo5s_part0.csv,0,4,2,8,3.577674,0.4054855000000001,1.203824,1.4932729999999999,1,1.9565784920593658,5,11,3.5718945,3.577674,0.9983845649435918,1.0,1
1387,/home/test/bupt_hjk/sdp_dataset/elderAL/action2_fall_new/user2_position7_activity2/20250814=002850_mimo5s_part0.csv,2,7,2,34,3.2024809999999997,0.015524499999999997,0.26829939999999997,0.8954899999999999,1,10.304510783982794,5,11,0.45259249999999995,1.9344395999999997,0.14132558475756765,0.3235294117647059,0
1388,/home/test/bupt_hjk/sdp_dataset/elderAL/action2_fall_new/user0_position4_activity2/20250813=235235_mimo5s_part0.csv,0,4,2,11,3.058465,0.25836349999999997,0.5405296999999998,1.054922,0,3.2696140057185548,5,11,2.159983,2.677438,0.7062310668913981,1.0,1
1389,/home/test/bupt_hjk/sdp_dataset/elderAL/action2_fall_new/user1_position5_activity2/20250813=235902_mimo5s_part0.csv,1,5,2,4,2.812493,0.328167,1.9930422,2.409261,0,1.0666693214880891,5,11,2.812493,2.812493,1.0,1.0,1
1390,/home/test/bupt_hjk/sdp_dataset/elderAL/action2_fall_new/user0_position4_activity2/20250813=235212_mimo5s_part0.csv,0,4,2,14,2.419839,0.14807899999999996,0.42214920000000006,0.523046,0,5.372258237014941,5,11,1.387874,1.8679177,0.5735398098799135,0.7857142857142857,0
1391,/home/test/bupt_hjk/sdp_dataset/elderAL/action2_fall_new/user0_position4_activity2/20250813=235307_mimo5s_part0.csv,0,4,2,12,2.943718,0.23401000000000005,0.6778602999999996,0.9636579999999999,1,3.736770981459501,5,11,1.7671915,2.5990098,0.6003263559892625,0.9166666666666666,0
1392,/home/test/bupt_hjk/sdp_dataset/elderAL/action2_fall_new/user0_position4_activity2/20250813=235224_mimo5s_part0.csv,0,4,2,8,1.671811,0.32215099999999997,0.5065679999999999,0.6420849999999999,1,4.187076170691544,5,11,1.670741,1.671811,0.999359975499623,1.0,1
1393,/home/test/bupt_hjk/sdp_dataset/elderAL/action2_fall_new/user1_position5_activity2/20250814=000048_mimo5s_part0.csv,1,5,2,4,0.5044489999999999,0.033553,0.37906259999999997,0.46543999999999996,0,5.947082856740722,5,11,0.5044489999999999,0.5044489999999999,1.0,1.0,1
1394,/home/test/bupt_hjk/sdp_dataset/elderAL/action2_fall_new/user1_position5_activity2/20250813=235951_mimo5s_part0.csv,1,5,2,10,3.930512,0.17490399999999973,0.9754268000000005,2.5026859999999997,0,2.2897780238299745,5,11,3.815965,3.930512,0.9708569774115943,1.0,1
1395,/home/test/bupt_hjk/sdp_dataset/elderAL/action2_fall_new/user1_position5_activity2/20250814=000003_mimo5s_part0.csv,1,5,2,4,1.651309,0.295946,1.1344756,1.3441079999999999,0,1.8167405373555163,5,11,1.651309,1.651309,1.0,1.0,1
1396,/home/test/bupt_hjk/sdp_dataset/elderAL/action2_fall_new/user1_position5_activity2/20250814=000015_mimo5s_part0.csv,1,5,2,4,4.574426,0.449643,3.0791382,3.736512,0,0.6558199870322529,5,11,4.574426,4.574426,1.0,1.0,1
1397,/home/test/bupt_hjk/sdp_dataset/elderAL/action2_fall_new/user0_position4_activity2/20250813=235401_mimo5s_part0.csv,0,4,2,14,1.814989,0.07603500000000007,0.4285504,0.454797,0,7.162577844824404,5,11,1.1831515000000001,1.3386721,0.6518780554592893,0.7857142857142857,0
1398,/home/test/bupt_hjk/sdp_dataset/elderAL/action2_fall_new/user1_position5_activity2/20250814=000100_mimo5s_part0.csv,1,5,2,10,2.249641,0.294937,0.42972640000000006,0.5013400000000001,0,4.000638324070374,5,11,1.5841075,2.249641,0.7041601304385899,1.0,1
1399,/home/test/bupt_hjk/sdp_dataset/elderAL/action2_fall_new/user1_position5_activity2/20250813=235842_mimo5s_part0.csv,1,5,2,7,1.301042,0.16314049999999997,0.482438,0.625512,0,4.6116881699437835,5,11,1.301042,1.301042,1.0,1.0,1
1400,/home/test/bupt_hjk/sdp_dataset/elderAL/action2_fall_new/user0_position4_activity2/20250813=235203_mimo5s_part0.csv,0,4,2,23,3.7074119999999997,0.03929300000000002,0.3841905000000001,1.2584629999999999,0,5.934058583184173,5,11,0.9742480000000002,2.4349438,0.262783850297728,0.4782608695652174,0
1401,/home/test/bupt_hjk/sdp_dataset/elderAL/action2_fall_new/user1_position5_activity2/20250813=235939_mimo5s_part0.csv,1,5,2,7,2.251451,0.32686550000000003,0.7914335,0.888274,0,2.6649480712660414,5,11,2.251451,2.251451,1.0,1.0,1
1402,/home/test/bupt_hjk/sdp_dataset/elderAL/action2_fall_new/user1_position5_activity2/20250814=000025_mimo5s_part0.csv,1,5,2,14,4.420551,0.3003249999999995,0.5538636000000001,1.305478,0,2.940809867367213,5,11,2.6249664999999998,3.3439962999999997,0.5938097988237213,0.7857142857142857,0
1403,/home/test/bupt_hjk/sdp_dataset/elderAL/action2_fall_new/user1_position5_activity2/20250813=235833_mimo5s_part0.csv,1,5,2,7,3.6450069999999997,0.35491799999999984,1.4607685,2.303403,0,1.646087373769104,5,11,3.6450069999999997,3.6450069999999997,1.0,1.0,1
1404,/home/test/bupt_hjk/sdp_dataset/elderAL/action2_fall_new/user0_position4_activity2/20250813=235328_mimo5s_part0.csv,0,4,2,28,3.1797549999999997,0.00986750000000014,0.31196749999999995,1.6855989999999998,1,8.491220235521292,5,11,0.6846995,2.427346,0.2153308981352337,0.39285714285714285,0
1405,/home/test/bupt_hjk/sdp_dataset/elderAL/action2_fall_new/user1_position5_activity2/20250814=000037_mimo5s_part0.csv,1,5,2,7,2.2100679999999997,0.21395549999999997,0.8802445,1.12386,0,2.7148485928939747,5,11,2.2100679999999997,2.2100679999999997,1.0,1.0,1
1406,/home/test/bupt_hjk/sdp_dataset/elderAL/action2_fall_new/user1_position8_activity2/20250814=003638_mimo5s_part0.csv,1,8,2,4,1.449684,0.301548,0.7434152,0.853882,0,2.0694165073215958,5,11,1.449684,1.449684,1.0,1.0,1
1407,/home/test/bupt_hjk/sdp_dataset/elderAL/action2_fall_new/user1_position5_activity2/20250813=235920_mimo5s_part0.csv,1,5,2,17,4.449479999999999,0.11215400000000009,0.6142614999999998,1.61578,0,3.5959258160504155,5,11,2.040743,2.6194878,0.45864752735151076,0.6470588235294118,0
1408,/home/test/bupt_hjk/sdp_dataset/elderAL/action2_fall_new/user1_position5_activity2/20250814=000110_mimo5s_part0.csv,1,5,2,10,3.890297,0.15744399999999992,1.3206466000000001,1.9233689999999997,0,2.313448047796865,5,11,3.6904709999999996,3.890297,0.9486347700445492,1.0,1
1409,/home/test/bupt_hjk/sdp_dataset/elderAL/action2_fall_new/user1_position8_activity2/20250814=003548_mimo5s_part0.csv,1,8,2,4,3.8170669999999998,1.129335,2.0634661999999997,2.2969989999999996,0,0.7859437625800124,5,11,3.8170669999999998,3.8170669999999998,1.0,1.0,1
1410,/home/test/bupt_hjk/sdp_dataset/elderAL/action2_fall_new/user1_position8_activity2/20250814=003805_mimo5s_part0.csv,1,8,2,4,1.829526,0.849382,0.9474108,0.971918,0,1.639768989344781,5,11,1.829526,1.829526,1.0,1.0,1
1411,/home/test/bupt_hjk/sdp_dataset/elderAL/action2_fall_new/user1_position8_activity2/20250814=003624_mimo5s_part0.csv,1,8,2,3,3.6582079999999997,1.8291039999999998,3.2321808,3.58295,0,0.5467157690322694,5,11,3.6582079999999997,3.6582079999999997,1.0,1.0,1
1412,/home/test/bupt_hjk/sdp_dataset/elderAL/action2_fall_new/user1_position9_activity2/20250814=005430_mimo5s_part0.csv,1,9,2,50,4.046208,0.004989000000000132,0.22342159999999983,1.009626,0,12.110104077694473,5,11,0.5899235,1.8346512,0.1457966323036285,0.22,0
1413,/home/test/bupt_hjk/sdp_dataset/elderAL/action2_fall_new/user1_position8_activity2/20250814=003824_mimo5s_part0.csv,1,8,2,11,5.655152999999999,0.4227210000000001,1.1566184999999995,1.707639,0,1.768298753367062,5,11,5.009647999999999,5.565115,0.8858554313207795,1.0,1
1414,/home/test/bupt_hjk/sdp_dataset/elderAL/action2_fall_new/user1_position8_activity2/20250814=003833_mimo5s_part0.csv,1,8,2,11,2.8342389999999997,0.31096250000000003,0.6429261999999998,0.820633,0,3.528283959115657,5,11,2.005394,2.505124,0.7075599481906784,1.0,1
1415,/home/test/bupt_hjk/sdp_dataset/elderAL/action2_fall_new/user1_position8_activity2/20250814=003843_mimo5s_part0.csv,1,8,2,8,2.9833879999999997,0.10633350000000004,1.3789615,1.443917,1,2.3463257209588564,5,11,2.9786004999999998,2.9833879999999997,0.9983952808015585,1.0,1
1416,/home/test/bupt_hjk/sdp_dataset/elderAL/action2_fall_new/user1_position8_activity2/20250814=003615_mimo5s_part0.csv,1,8,2,15,5.029646,0.2015159999999998,1.0869078,1.3456769999999998,1,2.7834960949538003,5,11,2.7622839999999997,4.6694032,0.5492004805109545,0.7333333333333333,0
1417,/home/test/bupt_hjk/sdp_dataset/elderAL/action2_fall_new/user1_position8_activity2/20250814=003815_mimo5s_part0.csv,1,8,2,8,2.498857,0.19480550000000013,1.04592,1.773,1,2.8012807455568685,5,11,2.461112,2.498857,0.9848950940369937,1.0,1
1418,/home/test/bupt_hjk/sdp_dataset/elderAL/action2_fall_new/user1_position8_activity2/20250814=003726_mimo5s_part0.csv,1,8,2,8,2.412642,0.06380449999999982,1.1382425,2.02553,1,2.9013836284040484,5,11,2.4120245000000002,2.412642,0.9997440565156374,1.0,1
1419,/home/test/bupt_hjk/sdp_dataset/elderAL/action2_fall_new/user1_position8_activity2/20250814=003531_mimo5s_part0.csv,1,8,2,11,1.6696449999999998,0.207256,0.4161453999999999,0.514323,1,5.989297126035774,5,11,1.4377969999999998,1.462389,0.8611393439922858,1.0,1
1420,/home/test/bupt_hjk/sdp_dataset/elderAL/action2_fall_new/user1_position8_activity2/20250814=003749_mimo5s_part0.csv,1,8,2,8,1.5885799999999999,0.3116049999999999,0.44229200000000013,0.622151,0,4.406451044328898,5,11,1.5849695,1.5885799999999999,0.9977272155006358,1.0,1
1421,/home/test/bupt_hjk/sdp_dataset/elderAL/action2_fall_new/user1_position8_activity2/20250814=003649_mimo5s_part0.csv,1,8,2,7,2.567977,0.0505375,1.2270719999999997,1.3159689999999997,0,2.3364695244544635,5,11,2.567977,2.567977,1.0,1.0,1
1422,/home/test/bupt_hjk/sdp_dataset/elderAL/action2_fall_new/user0_position4_activity2/20250813=235350_mimo5s_part0.csv,0,4,2,38,2.962831,0.024230000000000196,0.26217720000000005,0.35621900000000006,0,12.48805618680242,5,11,0.6405704999999999,1.1944521000000006,0.21620217285427348,0.2894736842105263,0
1423,/home/test/bupt_hjk/sdp_dataset/elderAL/action2_fall_new/user2_position8_activity2/20250814=003232_mimo5s_part0.csv,2,8,2,4,0.337128,0.07978400000000002,0.2126624,0.245882,0,8.898697230725423,5,11,0.337128,0.337128,1.0,1.0,1
1424,/home/test/bupt_hjk/sdp_dataset/elderAL/action2_fall_new/user2_position8_activity2/20250814=003310_mimo5s_part0.csv,2,8,2,11,2.630551,0.3331479999999999,0.4227498,0.581265,0,3.801484936045718,5,11,1.893564,2.305278,0.7198355021438474,1.0,1
1425,/home/test/bupt_hjk/sdp_dataset/elderAL/action2_fall_new/user1_position8_activity2/20250814=003736_mimo5s_part0.csv,1,8,2,14,2.722285,0.133092,0.5380736000000002,0.849971,0,4.775400077508417,5,11,1.4157205,1.7303388,0.5200485988792504,0.7857142857142857,0
1426,/home/test/bupt_hjk/sdp_dataset/elderAL/action2_fall_new/user2_position8_activity2/20250814=003200_mimo5s_part0.csv,2,8,2,7,2.191675,0.33782,0.7520945,0.841596,0,2.7376321763035123,5,11,2.191675,2.191675,1.0,1.0,1
1427,/home/test/bupt_hjk/sdp_dataset/elderAL/action2_fall_new/user2_position8_activity2/20250814=003322_mimo5s_part0.csv,2,8,2,11,2.051087,0.1623335,0.4051435999999999,0.5161279999999999,0,4.875463595644651,5,11,1.330987,1.8471149999999998,0.6489178664776287,1.0,1
1428,/home/test/bupt_hjk/sdp_dataset/elderAL/action2_fall_new/user2_position8_activity2/20250814=003302_mimo5s_part0.csv,2,8,2,15,4.160805,0.1320039999999998,0.5925123999999999,1.957924,1,3.3647335070977853,5,11,2.416274,3.7846986,0.5807227207235138,0.7333333333333333,0
1429,/home/test/bupt_hjk/sdp_dataset/elderAL/action2_fall_new/user2_position8_activity2/20250814=003109_mimo5s_part0.csv,2,8,2,7,2.170035,0.3318725,0.6630435,0.67005,0,2.764932362842074,5,11,2.170035,2.170035,1.0,1.0,1
1430,/home/test/bupt_hjk/sdp_dataset/elderAL/action2_fall_new/user2_position8_activity2/20250814=003101_mimo5s_part0.csv,2,8,2,10,4.7813039999999996,0.302797,1.3687068000000002,2.342182,0,1.8823316819010045,5,11,3.8198849999999998,4.7813039999999996,0.7989211729687131,1.0,1
1431,/home/test/bupt_hjk/sdp_dataset/elderAL/action2_fall_new/user1_position8_activity2/20250814=003520_mimo5s_part0.csv,1,8,2,20,5.235198,0.05132300000000001,0.46444559999999935,2.241336,0,3.6292801150978438,5,11,1.105163,4.3108857,0.21110242630746726,0.55,0
1432,/home/test/bupt_hjk/sdp_dataset/elderAL/action2_fall_new/user2_position8_activity2/20250814=003215_mimo5s_part0.csv,2,8,2,4,0.708419,0.295162,0.30730359999999995,0.310339,0,4.2347819581349455,5,11,0.708419,0.708419,1.0,1.0,1
1433,/home/test/bupt_hjk/sdp_dataset/elderAL/action2_fall_new/user2_position8_activity2/20250814=003044_mimo5s_part0.csv,2,8,2,11,1.291582,0.03453850000000004,0.3088287999999998,0.5963319999999999,0,7.742442988521054,5,11,1.00587,1.281849,0.7787891128863673,1.0,1
1434,/home/test/bupt_hjk/sdp_dataset/elderAL/action2_fall_new/user2_position8_activity2/20250814=003053_mimo5s_part0.csv,2,8,2,8,2.2144649999999997,0.25855499999999987,0.7588248000000002,1.1853029999999998,0,3.161034380764655,5,11,1.9772119999999997,2.2144649999999997,0.8928621585800633,1.0,1
1435,/home/test/bupt_hjk/sdp_dataset/elderAL/action2_fall_new/user2_position8_activity2/20250814=003253_mimo5s_part0.csv,2,8,2,7,2.966227,0.1276345,1.3527735,2.446678,0,2.0227716894222865,5,11,2.966227,2.966227,1.0,1.0,1
1436,/home/test/bupt_hjk/sdp_dataset/elderAL/action2_fall_new/user2_position8_activity2/20250814=003241_mimo5s_part0.csv,2,8,2,18,3.297141,0.18895499999999998,0.40948019999999996,0.688669,0,5.15598210692233,5,11,1.7394265,2.3447895,0.5275559947239139,0.6111111111111112,0
1437,/home/test/bupt_hjk/sdp_dataset/elderAL/action2_fall_new/user2_position8_activity2/20250814=003225_mimo5s_part0.csv,2,8,2,21,3.634207,0.02669200000000016,0.5473057999999997,1.2885879999999998,1,5.5032638482067755,5,11,1.2683620000000002,1.993881,0.34900653705196216,0.5238095238095238,0
1438,/home/test/bupt_hjk/sdp_dataset/elderAL/action2_fall_new/user2_position9_activity2/20250814=005038_mimo5s_part0.csv,2,9,2,3,1.081259,0.5406294999999999,0.9384882999999999,1.037953,0,1.8496955863488767,5,11,1.081259,1.081259,1.0,1.0,1
1439,/home/test/bupt_hjk/sdp_dataset/elderAL/action2_fall_new/user2_position8_activity2/20250814=003153_mimo5s_part0.csv,2,8,2,17,1.639524,0.02321599999999999,0.28914549999999994,0.471139,0,9.758930030911412,5,11,0.80019,0.9979593999999999,0.4880623888396876,0.6470588235294118,0
1440,/home/test/bupt_hjk/sdp_dataset/elderAL/action2_fall_new/user1_position5_activity2/20250813=235853_mimo5s_part0.csv,1,5,2,46,2.9966909999999998,0.009650999999999854,0.23886539999999995,0.44722700000000004,0,15.016563269286024,5,11,0.4883264999999999,1.0018325,0.1629552396293111,0.2391304347826087,0
1441,/home/test/bupt_hjk/sdp_dataset/elderAL/action2_fall_new/user2_position9_activity2/20250814=005024_mimo5s_part0.csv,2,9,2,11,3.4565509999999997,0.15621849999999982,1.0825202999999999,1.125732,0,2.8930572700938018,5,11,2.829644,3.455254,0.8186322145977306,1.0,1
1442,/home/test/bupt_hjk/sdp_dataset/elderAL/action2_fall_new/user2_position9_activity2/20250814=005102_mimo5s_part0.csv,2,9,2,11,1.707813,0.12785300000000005,0.29161030000000004,0.620041,0,5.855442018534816,5,11,1.0877720000000002,1.4526949999999998,0.6369385875385655,1.0,1
1443,/home/test/bupt_hjk/sdp_dataset/elderAL/action2_fall_new/user2_position8_activity2/20250814=003207_mimo5s_part0.csv,2,8,2,21,3.167547,0.0992595,0.35594639999999994,0.8600960000000002,0,6.314034172184344,5,11,1.424103,2.3314839999999997,0.44959175033551196,0.5238095238095238,0
1444,/home/test/bupt_hjk/sdp_dataset/elderAL/action2_fall_new/user2_position9_activity2/20250814=005053_mimo5s_part0.csv,2,9,2,11,2.7784459999999997,0.27748150000000016,0.6457759999999998,0.888056,0,3.5991341922787057,5,11,2.441005,2.772198,0.8785504559023283,1.0,1
1445,/home/test/bupt_hjk/sdp_dataset/elderAL/action2_fall_new/user2_position9_activity2/20250814=005153_mimo5s_part0.csv,2,9,2,11,2.668063,0.03546799999999983,0.8491168,1.05868,0,3.748037433898675,5,11,2.2073199999999997,2.665683,0.8273117988593222,1.0,1
1446,/home/test/bupt_hjk/sdp_dataset/elderAL/action2_fall_new/user2_position9_activity2/20250814=005211_mimo5s_part0.csv,2,9,2,12,2.8645639999999997,0.12985849999999988,0.89877,0.9254009999999999,1,3.8400259166840054,5,11,1.7740279999999997,2.7059238,0.6193012269930084,0.9166666666666666,0
1447,/home/test/bupt_hjk/sdp_dataset/elderAL/action2_fall_new/user2_position9_activity2/20250814=005046_mimo5s_part0.csv,2,9,2,11,4.614604,0.24205000000000032,1.0310069999999996,1.7547149999999998,0,2.1670331842125563,5,11,3.462077,4.429914999999999,0.7502435745299054,1.0,1
1448,/home/test/bupt_hjk/sdp_dataset/elderAL/action2_fall_new/user1_position5_activity2/20250813=235930_mimo5s_part0.csv,1,5,2,51,4.994524999999999,0.00784000000000007,0.24892459999999964,1.4820429999999998,0,10.010962003393717,5,11,0.604886,2.570918,0.12110981524769625,0.21568627450980393,0
1449,/home/test/bupt_hjk/sdp_dataset/elderAL/action2_fall_new/user2_position9_activity2/20250814=005135_mimo5s_part0.csv,2,9,2,8,4.931655,0.9014569999999997,1.4013605,1.7655180000000001,1,1.419401803248605,5,11,4.806388500000001,4.931655,0.974599500573337,1.0,1
1450,/home/test/bupt_hjk/sdp_dataset/elderAL/action2_fall_new/user2_position9_activity2/20250814=005202_mimo5s_part0.csv,2,9,2,10,3.3377209999999997,0.308786,0.8338193999999999,1.709277,0,2.696450661993618,5,11,2.8706065,3.3377209999999997,0.8600498663609092,1.0,1
1451,/home/test/bupt_hjk/sdp_dataset/elderAL/action2_fall_new/user2_position9_activity2/20250814=005111_mimo5s_part0.csv,2,9,2,7,3.6310659999999997,0.559513,1.0842374999999997,1.1086479999999996,0,1.6524073095889749,5,11,3.6310659999999997,3.6310659999999997,1.0,1.0,1
1452,/home/test/bupt_hjk/sdp_dataset/elderAL/action2_fall_new/user2_position9_activity2/20250814=004956_mimo5s_part0.csv,2,9,2,4,2.8321799999999997,0.4577229999999999,1.6809821999999999,1.986797,0,1.0592547083871788,5,11,2.8321799999999997,2.8321799999999997,1.0,1.0,1
1453,/home/test/bupt_hjk/sdp_dataset/elderAL/action2_fall_new/user2_position9_activity2/20250814=005118_mimo5s_part0.csv,2,9,2,10,3.6662329999999996,0.30998499999999973,1.1675659999999999,1.2713259999999997,0,2.454835794669897,5,11,2.9684945000000003,3.6662329999999996,0.8096851727645243,1.0,1
1454,/home/test/bupt_hjk/sdp_dataset/elderAL/action2_fall_new/user2_position9_activity2/20250814=005031_mimo5s_part0.csv,2,9,2,7,0.622351,0.03394999999999999,0.26625350000000003,0.294325,0,9.64086182877508,5,11,0.622351,0.622351,1.0,1.0,1
1455,/home/test/bupt_hjk/sdp_dataset/elderAL/action2_fall_new/user2_position9_activity2/20250814=005127_mimo5s_part0.csv,2,9,2,11,3.186842,0.18803150000000002,0.7100231999999997,1.0080870000000002,0,3.137902663514539,5,11,2.785254,3.170718,0.8739855945164524,1.0,1
1456,/home/test/bupt_hjk/sdp_dataset/elderAL/action2_fall_new/user2_position9_activity2/20250814=005143_mimo5s_part0.csv,2,9,2,14,2.555027,0.1861489999999999,0.30880659999999993,0.8718589999999999,0,5.0880088547009485,5,11,1.5064009999999999,2.2314712,0.5895832020561818,0.7857142857142857,0
1457,/home/test/bupt_hjk/sdp_dataset/elderAL/action2_fall_new/user0_position7_activity2/20250814=002612_mimo5s_part0.csv,0,7,2,7,3.56615,0.5835599999999999,1.156407,1.27528,0,1.68248671536531,5,11,3.56615,3.56615,1.0,1.0,1
1458,/home/test/bupt_hjk/sdp_dataset/elderAL/action2_fall_new/user0_position7_activity2/20250814=002601_mimo5s_part0.csv,0,7,2,8,3.263137,0.06678099999999998,1.5593995,2.865256,1,2.145175026362669,5,11,3.262406,3.263137,0.9997759824365327,1.0,1
1459,/home/test/bupt_hjk/sdp_dataset/elderAL/action2_fall_new/user0_position7_activity2/20250814=002313_mimo5s_part0.csv,0,7,2,4,1.588264,0.37463500000000005,0.9207205999999999,1.0572419999999998,0,1.8888547495882297,5,11,1.588264,1.588264,1.0,1.0,1
1460,/home/test/bupt_hjk/sdp_dataset/elderAL/action2_fall_new/user0_position7_activity2/20250814=002648_mimo5s_part0.csv,0,7,2,4,0.55291,0.018958,0.42442840000000004,0.525796,0,5.425837839793094,5,11,0.55291,0.55291,1.0,1.0,1
1461,/home/test/bupt_hjk/sdp_dataset/elderAL/action2_fall_new/user0_position7_activity2/20250814=002505_mimo5s_part0.csv,0,7,2,11,3.4446839999999996,0.0775785,1.0428532999999998,1.399274,0,2.90302390582126,5,11,2.593498,3.4330619999999996,0.7528986693699625,1.0,1
1462,/home/test/bupt_hjk/sdp_dataset/elderAL/action2_fall_new/user0_position7_activity2/20250814=002716_mimo5s_part0.csv,0,7,2,8,5.018513,0.19377799999999978,2.3109075,3.8962849999999998,1,1.3948354821438145,5,11,5.014469,5.018513,0.9991941836157444,1.0,1
1463,/home/test/bupt_hjk/sdp_dataset/elderAL/action2_fall_new/user0_position7_activity2/20250814=002626_mimo5s_part0.csv,0,7,2,8,3.412973,0.21005849999999993,1.453662,2.465181,1,2.0509977664634325,5,11,3.358569,3.412973,0.9840596453590462,1.0,1
1464,/home/test/bupt_hjk/sdp_dataset/elderAL/action2_fall_new/user0_position7_activity2/20250814=002636_mimo5s_part0.csv,0,7,2,8,3.0754569999999997,0.3570095,1.0305234999999997,1.5468989999999998,1,2.2760844973608805,5,11,2.9134269999999995,3.0754569999999997,0.9473151469846595,1.0,1
1465,/home/test/bupt_hjk/sdp_dataset/elderAL/action2_fall_new/user0_position7_activity2/20250814=002518_mimo5s_part0.csv,0,7,2,13,3.807347,0.09631449999999986,0.8635441,1.6079080000000001,0,3.1518009784766137,5,11,3.387391,3.6982326,0.8896985223569063,0.8461538461538461,0
1466,/home/test/bupt_hjk/sdp_dataset/elderAL/action2_fall_new/user0_position7_activity2/20250814=002725_mimo5s_part0.csv,0,7,2,7,3.655055,0.6013695,1.2174889999999998,1.2990719999999998,0,1.6415621652752148,5,11,3.655055,3.655055,1.0,1.0,1
1467,/home/test/bupt_hjk/sdp_dataset/elderAL/action2_fall_new/user2_position5_activity2/20250814=000255_mimo5s_part0.csv,2,5,2,8,3.22904,0.21984499999999985,1.1179370000000006,2.324702,0,2.1678269702450264,5,11,3.0723265,3.22904,0.9514674640140723,1.0,1
1468,/home/test/bupt_hjk/sdp_dataset/elderAL/action2_fall_new/user2_position5_activity2/20250814=000346_mimo5s_part0.csv,2,5,2,8,4.200571,0.1966079999999999,1.8973220000000002,2.6734,1,1.666440110165975,5,11,4.200013,4.200571,0.9998671609169325,1.0,1
1469,/home/test/bupt_hjk/sdp_dataset/elderAL/action2_fall_new/user2_position5_activity2/20250814=000148_mimo5s_part0.csv,2,5,2,8,2.458793,0.25663100000000005,0.7117680000000002,1.120116,0,2.8469253003404518,5,11,2.4535315,2.458793,0.9978601289331798,1.0,1
1470,/home/test/bupt_hjk/sdp_dataset/elderAL/action2_fall_new/user0_position7_activity2/20250814=002302_mimo5s_part0.csv,0,7,2,11,4.728403,0.2738900000000002,1.2676798,2.504199,1,2.114878955960395,5,11,3.86258,4.7226609999999996,0.8168889157713503,1.0,1
1471,/home/test/bupt_hjk/sdp_dataset/elderAL/action2_fall_new/user2_position5_activity2/20250814=000338_mimo5s_part0.csv,2,5,2,3,0.329781,0.1648905,0.29213089999999997,0.323941,0,6.064630770117138,5,11,0.329781,0.329781,1.0,1.0,1
1472,/home/test/bupt_hjk/sdp_dataset/elderAL/action2_fall_new/user0_position7_activity2/20250814=002249_mimo5s_part0.csv,0,7,2,14,2.404992,0.034626000000000046,0.5748652000000002,0.907754,0,5.405423386023737,5,11,1.4808979999999998,2.0336336,0.6157600524242908,0.7857142857142857,0
1473,/home/test/bupt_hjk/sdp_dataset/elderAL/action2_fall_new/user0_position7_activity2/20250814=002706_mimo5s_part0.csv,0,7,2,16,3.324268,0.3134760000000001,0.44824260000000027,0.6126129999999999,2,4.51227157377203,5,11,1.663121,1.9817095,0.5002969074695542,0.6875,0
1474,/home/test/bupt_hjk/sdp_dataset/elderAL/action2_fall_new/user2_position5_activity2/20250814=000222_mimo5s_part0.csv,2,5,2,11,3.216698,0.34464150000000005,0.6072445000000001,0.648514,0,3.1087780077582665,5,11,2.397275,3.109255,0.7452595798548698,1.0,1
1475,/home/test/bupt_hjk/sdp_dataset/elderAL/action2_fall_new/user0_position7_activity2/20250814=002237_mimo5s_part0.csv,0,7,2,17,7.363764,0.24863550000000023,0.5238415000000003,3.938463,0,2.1728018442742054,5,11,2.2613969999999997,5.525861,0.3070979732647597,0.6470588235294118,0
1476,/home/test/bupt_hjk/sdp_dataset/elderAL/action2_fall_new/user2_position5_activity2/20250814=000215_mimo5s_part0.csv,2,5,2,7,4.181325,0.10246900000000014,1.9823165,2.750992,0,1.4349518394288892,5,11,4.181325,4.181325,1.0,1.0,1
1477,/home/test/bupt_hjk/sdp_dataset/elderAL/action2_fall_new/user2_position5_activity2/20250814=000246_mimo5s_part0.csv,2,5,2,8,1.969355,0.24116950000000004,0.7320195,1.062128,1,3.554463263352722,5,11,1.9661005,1.969355,0.9983474284727741,1.0,1
1478,/home/test/bupt_hjk/sdp_dataset/elderAL/action2_fall_new/user2_position5_activity2/20250814=000157_mimo5s_part0.csv,2,5,2,8,2.202661,0.3282465,0.636804,0.856045,1,3.1779742774761983,5,11,2.1940530000000003,2.202661,0.9960919996313551,1.0,1
1479,/home/test/bupt_hjk/sdp_dataset/elderAL/action2_fall_new/user2_position5_activity2/20250814=000311_mimo5s_part0.csv,2,5,2,11,1.984005,0.12774399999999997,0.6421128,0.652808,1,5.040309878251315,5,11,1.319474,1.9712100000000001,0.6650557836295775,1.0,1
1480,/home/test/bupt_hjk/sdp_dataset/elderAL/action2_fall_new/user2_position5_activity2/20250814=000237_mimo5s_part0.csv,2,5,2,14,2.664005,0.22214,0.415713,0.695329,0,4.879870720963361,5,11,1.874682,2.3188783,0.7037081386859259,0.7857142857142857,0
1481,/home/test/bupt_hjk/sdp_dataset/elderAL/action2_fall_new/user0_position7_activity2/20250814=002658_mimo5s_part0.csv,0,7,2,24,5.664918,0.03909999999999947,0.5457511999999998,2.444565,0,4.060076421229751,5,11,1.084216,4.5052877,0.1913912963965233,0.4583333333333333,0
1482,/home/test/bupt_hjk/sdp_dataset/elderAL/action2_fall_new/user0_position9_activity2/20250814=004905_mimo5s_part0.csv,0,9,2,8,4.860995,0.193724,2.225143,2.683205,1,1.4400343962501505,5,11,4.855462,4.860995,0.9988617556693641,1.0,1
1483,/home/test/bupt_hjk/sdp_dataset/elderAL/action2_fall_new/user0_position9_activity2/20250814=004820_mimo5s_part0.csv,0,9,2,7,5.008838,0.6059730000000001,1.6125485,2.332107,0,1.1978826226761576,5,11,5.008838,5.008838,1.0,1.0,1
1484,/home/test/bupt_hjk/sdp_dataset/elderAL/action2_fall_new/user0_position9_activity2/20250814=004718_mimo5s_part0.csv,0,9,2,8,3.447911,0.3258110000000003,1.2139682,1.322063,0,2.03021481702979,5,11,3.2850054999999996,3.447911,0.9527524057320504,1.0,1
1485,/home/test/bupt_hjk/sdp_dataset/elderAL/action2_fall_new/user2_position5_activity2/20250814=000303_mimo5s_part0.csv,2,5,2,15,4.352967,0.3295729999999999,0.6421074000000002,1.326033,1,3.216197136344016,5,11,2.6407890000000003,3.993376,0.6066641442491985,0.7333333333333333,0
1486,/home/test/bupt_hjk/sdp_dataset/elderAL/action2_fall_new/user2_position5_activity2/20250814=000205_mimo5s_part0.csv,2,5,2,14,4.692887,0.07533499999999993,0.6353044000000002,2.388544,0,2.7701498033087097,5,11,2.6887359999999996,4.2602288999999995,0.5729385770422343,0.7857142857142857,0
1487,/home/test/bupt_hjk/sdp_dataset/elderAL/action2_fall_new/user0_position9_activity2/20250814=004840_mimo5s_part0.csv,0,9,2,7,5.0029189999999994,0.6826745000000002,1.7369219999999999,2.1729449999999995,0,1.1992998487483009,5,11,5.0029189999999994,5.0029189999999994,1.0,1.0,1
1488,/home/test/bupt_hjk/sdp_dataset/elderAL/action2_fall_new/user2_position5_activity2/20250814=000230_mimo5s_part0.csv,2,5,2,24,3.5608359999999997,0.03591699999999998,0.26881059999999996,1.676329,0,6.459157343949568,5,11,1.034249,2.1564449,0.2904511749488042,0.4583333333333333,0
1489,/home/test/bupt_hjk/sdp_dataset/elderAL/action2_fall_new/user0_position9_activity2/20250814=004708_mimo5s_part0.csv,0,9,2,15,2.8796619999999997,0.12780599999999998,0.6728865999999999,0.8275839999999999,1,4.861681683475353,5,11,1.9276909999999998,2.6394013999999997,0.6694157161500204,0.7333333333333333,0
1490,/home/test/bupt_hjk/sdp_dataset/elderAL/action2_fall_new/user0_position9_activity2/20250814=004810_mimo5s_part0.csv,0,9,2,13,3.796175,0.2425069999999998,0.6723621000000002,1.324172,0,3.161076610008759,5,11,2.838985,3.4554702,0.7478540899721431,0.8461538461538461,0
1491,/home/test/bupt_hjk/sdp_dataset/elderAL/action2_fall_new/user0_position9_activity2/20250814=004831_mimo5s_part0.csv,0,9,2,7,0.527664,0.07218450000000001,0.1855485,0.22169,0,11.370872373328481,5,11,0.527664,0.527664,1.0,1.0,1
1492,/home/test/bupt_hjk/sdp_dataset/elderAL/action2_fall_new/user0_position9_activity2/20250814=004641_mimo5s_part0.csv,0,9,2,17,4.086192,0.11657300000000026,0.43126949999999975,1.731879,0,3.9156260890335064,5,11,1.7723459999999998,3.046649,0.4337402647746361,0.6470588235294118,0
1493,/home/test/bupt_hjk/sdp_dataset/elderAL/action2_fall_new/user0_position9_activity2/20250814=004650_mimo5s_part0.csv,0,9,2,7,3.1916539999999998,0.4848089999999998,0.932374,0.969776,0,1.879903022069435,5,11,3.1916539999999998,3.1916539999999998,1.0,1.0,1
1494,/home/test/bupt_hjk/sdp_dataset/elderAL/action2_fall_new/user2_position5_activity2/20250814=000328_mimo5s_part0.csv,2,5,2,34,3.4962009999999997,0.011378999999999806,0.2872608,0.821155,0,9.43881658977845,5,11,0.4994354999999997,2.0109564,0.14285091160376642,0.3235294117647059,0
1495,/home/test/bupt_hjk/sdp_dataset/elderAL/action2_fall_new/user0_position9_activity2/20250814=004624_mimo5s_part0.csv,0,9,2,14,3.0239339999999997,0.14247599999999983,0.5512276000000004,0.9950220000000001,0,4.299035627100327,5,11,2.3037434999999995,2.7281706,0.7618365678616,0.7857142857142857,0
1496,/home/test/bupt_hjk/sdp_dataset/elderAL/action2_fall_new/user0_position9_activity2/20250814=004659_mimo5s_part0.csv,0,9,2,12,3.678102,0.141944,0.9371369999999999,1.004763,0,2.9906729068416267,5,11,3.141683,3.5292045,0.8541587481804475,0.9166666666666666,0
1497,/home/test/bupt_hjk/sdp_dataset/elderAL/action2_fall_new/user0_position9_activity2/20250814=004850_mimo5s_part0.csv,0,9,2,24,2.954855,0.032396999999999954,0.2871190000000002,0.8785749999999999,0,7.783799881889298,5,11,0.5830635,2.1494169999999997,0.19732389575799827,0.4583333333333333,0
1498,/home/test/bupt_hjk/sdp_dataset/elderAL/action2_fall_new/user0_position6_activity2/20250814=001457_mimo5s_part0.csv,0,6,2,4,0.244701,0.01642200000000002,0.1757204,0.215545,0,12.259859992398887,5,11,0.244701,0.244701,1.0,1.0,1
1499,/home/test/bupt_hjk/sdp_dataset/elderAL/action2_fall_new/user0_position6_activity2/20250814=001447_mimo5s_part0.csv,0,6,2,7,4.292624,0.701524,1.2174085000000001,1.297692,0,1.3977464599741323,5,11,4.292624,4.292624,1.0,1.0,1
1500,/home/test/bupt_hjk/sdp_dataset/elderAL/action2_fall_new/user0_position6_activity2/20250814=001526_mimo5s_part0.csv,0,6,2,16,2.281205,0.015986999999999973,0.5017095999999999,0.885296,0,6.575472173697674,5,11,1.4621895,2.2281804999999997,0.6409724246615276,0.6875,0
1501,/home/test/bupt_hjk/sdp_dataset/elderAL/action2_fall_new/user0_position6_activity2/20250814=001425_mimo5s_part0.csv,0,6,2,7,2.295819,0.14626,0.999008,1.683106,0,2.613446443295399,5,11,2.295819,2.295819,1.0,1.0,1
1502,/home/test/bupt_hjk/sdp_dataset/elderAL/action2_fall_new/user0_position6_activity2/20250814=001536_mimo5s_part0.csv,0,6,2,10,5.029133,0.19266000000000005,1.2846982000000002,3.2752749999999997,0,1.789572874688341,5,11,4.893568,5.029133,0.9730440614714306,1.0,1
1503,/home/test/bupt_hjk/sdp_dataset/elderAL/action2_fall_new/user0_position6_activity2/20250814=001555_mimo5s_part0.csv,0,6,2,7,3.928959,0.15883249999999993,1.7878775,2.693044,0,1.5271220697390837,5,11,3.928959,3.928959,1.0,1.0,1
1504,/home/test/bupt_hjk/sdp_dataset/elderAL/action2_fall_new/user0_position6_activity2/20250814=001545_mimo5s_part0.csv,0,6,2,8,1.819108,0.32812699999999995,0.5085040000000001,0.529177,0,3.848039808521539,5,11,1.5717469999999998,1.819108,0.864020717846329,1.0,1
1505,/home/test/bupt_hjk/sdp_dataset/elderAL/action2_fall_new/user0_position6_activity2/20250814=001507_mimo5s_part0.csv,0,6,2,17,6.811732,0.12286449999999993,0.46287849999999997,4.518175,0,2.3488886526950856,5,11,1.817863,5.6648971999999995,0.2668723608033904,0.6470588235294118,0
1506,/home/test/bupt_hjk/sdp_dataset/elderAL/action2_fall_new/user0_position6_activity2/20250814=001516_mimo5s_part0.csv,0,6,2,7,2.858444,0.18645299999999998,1.192923,1.2934999999999999,0,2.099044095318992,5,11,2.858444,2.858444,1.0,1.0,1
1507,/home/test/bupt_hjk/sdp_dataset/elderAL/action2_fall_new/user1_position1_activity2/20250813=225433_mimo5s_part0.csv,1,1,2,4,3.8375239999999997,1.1152159999999998,2.0410616,2.272523,0,0.7817540685087573,5,11,3.8375239999999997,3.8375239999999997,1.0,1.0,1
1508,/home/test/bupt_hjk/sdp_dataset/elderAL/action2_fall_new/user1_position1_activity2/20250813=225248_mimo5s_part0.csv,1,1,2,3,1.0005009999999999,0.5002504999999999,0.8385253,0.923094,0,1.998998501750623,5,11,1.0005009999999999,1.0005009999999999,1.0,1.0,1
1509,/home/test/bupt_hjk/sdp_dataset/elderAL/action2_fall_new/user0_position6_activity2/20250814=001335_mimo5s_part0.csv,0,6,2,11,4.121555,0.3062919999999998,0.7538467999999995,1.9576040000000001,0,2.4262687262453126,5,11,3.5014589999999997,3.924139,0.8495480467930187,1.0,1
1510,/home/test/bupt_hjk/sdp_dataset/elderAL/action2_fall_new/user0_position9_activity2/20250814=004729_mimo5s_part0.csv,0,9,2,27,3.7101309999999996,0.013064500000000121,0.30921350000000003,1.2240719999999998,0,7.007838806769897,5,11,0.5739720000000004,2.8635522,0.15470397136920513,0.4074074074074074,0
1511,/home/test/bupt_hjk/sdp_dataset/elderAL/action2_fall_new/user0_position6_activity2/20250814=001414_mimo5s_part0.csv,0,6,2,27,2.726536,0.010733500000000007,0.251309,1.117063,0,9.535909300298988,5,11,0.6755979999999999,1.7970806,0.24778620197936135,0.4074074074074074,0
1512,/home/test/bupt_hjk/sdp_dataset/elderAL/action2_fall_new/user0_position6_activity2/20250814=001400_mimo5s_part0.csv,0,6,2,20,2.553628,0.01524599999999987,0.3475379999999999,0.6655369999999999,0,7.4403946072019895,5,11,1.1226204999999998,1.6398543,0.43961786916496837,0.55,0
1513,/home/test/bupt_hjk/sdp_dataset/elderAL/action2_fall_new/user1_position1_activity2/20250813=225254_mimo5s_part0.csv,1,1,2,4,0.060096,0.009191999999999999,0.0417496,0.049888999999999996,0,49.92012779552716,5,11,0.060096,0.060096,1.0,1.0,1
1514,/home/test/bupt_hjk/sdp_dataset/elderAL/action2_fall_new/user1_position1_activity2/20250813=225339_mimo5s_part0.csv,1,1,2,4,2.823185,0.178226,2.1311356,2.619363,0,1.0626296186753612,5,11,2.823185,2.823185,1.0,1.0,1
1515,/home/test/bupt_hjk/sdp_dataset/elderAL/action2_fall_new/user1_position1_activity2/20250813=225312_mimo5s_part0.csv,1,1,2,4,1.553671,0.31392600000000015,0.9942428,1.1643219999999999,0,1.9309107269170886,5,11,1.553671,1.553671,1.0,1.0,1
1516,/home/test/bupt_hjk/sdp_dataset/elderAL/action2_fall_new/user0_position6_activity2/20250814=001320_mimo5s_part0.csv,0,6,2,24,5.0207299999999995,0.0875370000000002,0.6271608000000005,1.411216,0,4.581007144379403,5,11,1.3230709999999994,3.3328086,0.2635216392835304,0.4583333333333333,0
1517,/home/test/bupt_hjk/sdp_dataset/elderAL/action2_fall_new/user0_position9_activity2/20250814=004916_mimo5s_part0.csv,0,9,2,37,2.690657,0.030146999999999924,0.19973400000000008,0.34149599999999997,0,13.379631814831843,5,11,0.698914,1.0792803999999996,0.2597558886175384,0.2972972972972973,0
1518,/home/test/bupt_hjk/sdp_dataset/elderAL/action2_fall_new/user1_position1_activity2/20250813=225238_mimo5s_part0.csv,1,1,2,11,3.3956429999999997,0.3134215,0.6714261999999998,1.0968129999999998,0,2.944950337829978,5,11,2.766294,3.386015,0.8146598449837041,1.0,1
1519,/home/test/bupt_hjk/sdp_dataset/elderAL/action2_fall_new/user0_position6_activity2/20250814=001349_mimo5s_part0.csv,0,6,2,30,3.0172999999999996,0.009060999999999986,0.166279,1.254813,0,9.611241838729992,5,11,0.33131350000000026,2.2945273000000004,0.10980462665296799,0.36666666666666664,0
1520,/home/test/bupt_hjk/sdp_dataset/elderAL/action2_fall_new/user1_position1_activity2/20250813=225323_mimo5s_part0.csv,1,1,2,10,1.270843,0.06587699999999996,0.3289036000000001,0.39774200000000004,0,7.081913344134563,5,11,1.1519445,1.270843,0.9064412362502685,1.0,1
1521,/home/test/bupt_hjk/sdp_dataset/elderAL/action2_fall_new/user1_position1_activity2/20250813=225423_mimo5s_part0.csv,1,1,2,10,2.0791299999999997,0.17896,0.6184994,0.6577529999999999,0,4.328733653018331,5,11,1.7638379999999998,2.0791299999999997,0.8483538787858383,1.0,1
1522,/home/test/bupt_hjk/sdp_dataset/elderAL/action2_fall_new/user1_position1_activity2/20250813=225357_mimo5s_part0.csv,1,1,2,9,3.86577,0.4163460000000001,1.0429525,1.06957,0,2.0694454144969825,5,11,3.8566219999999998,3.86577,0.9976335891685226,1.0,1
1523,/home/test/bupt_hjk/sdp_dataset/elderAL/action2_fall_new/user1_position1_activity2/20250813=225331_mimo5s_part0.csv,1,1,2,7,0.9279999999999999,0.11474000000000001,0.3405855,0.436974,0,6.4655172413793105,5,11,0.9279999999999999,0.9279999999999999,1.0,1.0,1
1524,/home/test/bupt_hjk/sdp_dataset/elderAL/action2_fall_new/user1_position1_activity2/20250813=225231_mimo5s_part0.csv,1,1,2,11,2.66397,0.240803,0.6667272000000001,0.8045720000000001,1,3.7537960262315266,5,11,2.022825,2.662235,0.7593272446761788,1.0,1
1525,/home/test/bupt_hjk/sdp_dataset/elderAL/action2_fall_new/user1_position1_activity2/20250813=225406_mimo5s_part0.csv,1,1,2,11,3.468698,0.1852594999999999,0.7299537999999998,1.662235,0,2.882926100802088,5,11,2.731445,3.383963,0.7874554083405358,1.0,1
1526,/home/test/bupt_hjk/sdp_dataset/elderAL/action2_fall_new/user0_position6_activity2/20250814=001437_mimo5s_part0.csv,0,6,2,27,2.5415509999999997,0.03518099999999996,0.241039,0.610867,0,10.229973744378926,5,11,0.7811110000000001,0.9993062,0.3073363469786757,0.4074074074074074,0
1527,/home/test/bupt_hjk/sdp_dataset/elderAL/action2_fall_new/user1_position6_activity2/20250814=001238_mimo5s_part0.csv,1,6,2,10,2.351803,0.16979200000000005,0.6342908,0.870702,0,3.8268511435694235,5,11,1.6026629999999997,2.351803,0.6814614149229336,1.0,1
1528,/home/test/bupt_hjk/sdp_dataset/elderAL/action2_fall_new/user1_position6_activity2/20250814=001120_mimo5s_part0.csv,1,6,2,13,1.8127659999999999,0.03471000000000013,0.3640204,0.8594529999999999,0,6.61971815446671,5,11,0.936667,1.7235909999999999,0.5167059620491559,0.8461538461538461,0
1529,/home/test/bupt_hjk/sdp_dataset/elderAL/action2_fall_new/user1_position6_activity2/20250814=001109_mimo5s_part0.csv,1,6,2,14,4.10495,0.22786599999999999,0.6018707999999999,1.1914239999999998,0,3.1669082449238117,5,11,2.8434635,3.5611007,0.6926913847915322,0.7857142857142857,0
1530,/home/test/bupt_hjk/sdp_dataset/elderAL/action2_fall_new/user1_position1_activity2/20250813=225346_mimo5s_part0.csv,1,1,2,21,5.086703,0.03233649999999996,0.6514982,2.203334,0,3.9318198841174725,5,11,1.2535440000000002,4.520944,0.2464354612408077,0.5238095238095238,0
1531,/home/test/bupt_hjk/sdp_dataset/elderAL/action2_fall_new/user1_position6_activity2/20250814=001058_mimo5s_part0.csv,1,6,2,7,1.271369,0.1575915,0.4728205,0.630138,0,4.719322242401694,5,11,1.271369,1.271369,1.0,1.0,1
1532,/home/test/bupt_hjk/sdp_dataset/elderAL/action2_fall_new/user1_position6_activity2/20250814=001153_mimo5s_part0.csv,1,6,2,11,2.52412,0.12808549999999996,0.6547372,1.0142349999999998,0,3.96177677764924,5,11,2.206469,2.519756,0.874153764480294,1.0,1
1533,/home/test/bupt_hjk/sdp_dataset/elderAL/action2_fall_new/user1_position6_activity2/20250814=001001_mimo5s_part0.csv,1,6,2,11,3.88922,0.16704149999999984,0.7745718999999995,2.074477,0,2.571209651292547,5,11,3.386109,3.863393,0.8706396141128555,1.0,1
1534,/home/test/bupt_hjk/sdp_dataset/elderAL/action2_fall_new/user1_position6_activity2/20250814=001228_mimo5s_part0.csv,1,6,2,13,3.463184,0.08003199999999966,0.689426,1.668995,1,3.4650194734094404,5,11,2.9934,3.3629184000000003,0.8643491076419849,0.8461538461538461,0
1535,/home/test/bupt_hjk/sdp_dataset/elderAL/action2_fall_new/user1_position6_activity2/20250814=001218_mimo5s_part0.csv,1,6,2,11,3.601797,0.3454024999999999,0.6629218,1.009096,0,2.7763918954899456,5,11,2.647684,3.600163,0.7351008399418402,1.0,1
1536,/home/test/bupt_hjk/sdp_dataset/elderAL/action2_fall_new/user1_position6_activity2/20250814=001043_mimo5s_part0.csv,1,6,2,11,3.992078,0.28443850000000004,1.1387781,1.215432,0,2.5049610754098492,5,11,3.001915,3.988855,0.7519680226688957,1.0,1
1537,/home/test/bupt_hjk/sdp_dataset/elderAL/action2_fall_new/user1_position6_activity2/20250814=001014_mimo5s_part0.csv,1,6,2,10,2.598416,0.20778399999999997,0.5279708000000001,1.3253819999999998,0,3.4636486228533077,5,11,2.120126,2.598416,0.8159301666861658,1.0,1
1538,/home/test/bupt_hjk/sdp_dataset/elderAL/action2_fall_new/user1_position6_activity2/20250814=001207_mimo5s_part0.csv,1,6,2,20,2.514065,0.05049499999999996,0.25754259999999984,0.889506,0,7.557481608470743,5,11,0.9467305,1.5668362999999998,0.3765735969435953,0.55,0
1539,/home/test/bupt_hjk/sdp_dataset/elderAL/action2_fall_new/user1_position6_activity2/20250814=001131_mimo5s_part0.csv,1,6,2,16,1.685498,0.097497,0.25952260000000005,0.5465549999999999,0,8.899446929038184,5,11,0.8876735,1.4691575,0.5266535469042384,0.6875,0
1540,/home/test/bupt_hjk/sdp_dataset/elderAL/action2_fall_new/user1_position7_activity2/20250814=001943_mimo5s_part0.csv,1,7,2,4,1.772084,0.31274599999999997,1.168342,1.3822409999999998,0,1.692922005954571,5,11,1.772084,1.772084,1.0,1.0,1
1541,/home/test/bupt_hjk/sdp_dataset/elderAL/action2_fall_new/user1_position6_activity2/20250814=001142_mimo5s_part0.csv,1,6,2,14,2.515262,0.12154000000000009,0.39777680000000004,0.811496,0,5.168447660720831,5,11,1.3784885,1.7841466000000001,0.5480496663965821,0.7857142857142857,0
1542,/home/test/bupt_hjk/sdp_dataset/elderAL/action2_fall_new/user1_position7_activity2/20250814=001847_mimo5s_part0.csv,1,7,2,14,5.4814989999999995,0.23290500000000058,0.7954894000000003,2.707433,0,2.371614042071339,5,11,2.6690265,5.0165898,0.4869154404661937,0.7857142857142857,0
1543,/home/test/bupt_hjk/sdp_dataset/elderAL/action2_fall_new/user1_position7_activity2/20250814=001839_mimo5s_part0.csv,1,7,2,11,4.5291619999999995,0.35971600000000004,1.0525663999999997,1.7749080000000002,1,2.207913958476204,5,11,2.7059369999999996,3.7680529999999997,0.5974476073057223,1.0,1
1544,/home/test/bupt_hjk/sdp_dataset/elderAL/action2_fall_new/user1_position7_activity2/20250814=002026_mimo5s_part0.csv,1,7,2,11,4.134644,0.2953459999999999,0.9201294000000003,2.295315,1,2.418587912284589,5,11,2.722852,4.123474,0.6585456934139917,1.0,1
1545,/home/test/bupt_hjk/sdp_dataset/elderAL/action2_fall_new/user1_position7_activity2/20250814=001912_mimo5s_part0.csv,1,7,2,10,3.374951,0.07532500000000009,1.1107107999999999,1.230426,0,2.6667053832781575,5,11,2.721844,3.374951,0.8064840052492614,1.0,1
1546,/home/test/bupt_hjk/sdp_dataset/elderAL/action2_fall_new/user1_position7_activity2/20250814=001921_mimo5s_part0.csv,1,7,2,7,3.0412939999999997,0.19270249999999994,1.3218035,1.9825769999999998,0,1.9728444537095067,5,11,3.0412939999999997,3.0412939999999997,1.0,1.0,1
1547,/home/test/bupt_hjk/sdp_dataset/elderAL/action2_fall_new/user1_position6_activity2/20250814=000942_mimo5s_part0.csv,1,6,2,23,2.696093,0.04765899999999995,0.3626230000000001,0.4226869999999998,0,8.159955906565537,5,11,1.186532,1.5495672,0.4400931273513191,0.4782608695652174,0
1548,/home/test/bupt_hjk/sdp_dataset/elderAL/action2_fall_new/user1_position6_activity2/20250814=001029_mimo5s_part0.csv,1,6,2,27,2.760914,0.007866999999999846,0.301655,0.9449540000000001,0,9.417171270093888,5,11,0.7131159999999999,1.5538112000000002,0.2582898272093951,0.4074074074074074,0
1549,/home/test/bupt_hjk/sdp_dataset/elderAL/action2_fall_new/user1_position7_activity2/20250814=002014_mimo5s_part0.csv,1,7,2,11,5.144113,0.24697900000000006,0.8336334999999988,3.1470429999999996,0,1.9439697378342973,5,11,4.486346999999999,4.999035999999999,0.8721322801423684,1.0,1
1550,/home/test/bupt_hjk/sdp_dataset/elderAL/action2_fall_new/user1_position7_activity2/20250814=002051_mimo5s_part0.csv,1,7,2,14,3.2975719999999997,0.011941000000000201,0.7973138000000001,1.230161,0,3.9422945124473405,5,11,2.2942324999999997,3.2812381999999998,0.6957338611560263,0.7857142857142857,0
1551,/home/test/bupt_hjk/sdp_dataset/elderAL/action2_fall_new/user0_position3_activity2/20250813=232948_mimo5s_part0.csv,0,3,2,4,3.4456599999999997,1.030724,1.9268408,2.15087,0,0.870660483042436,5,11,3.4456599999999997,3.4456599999999997,1.0,1.0,1
1552,/home/test/bupt_hjk/sdp_dataset/elderAL/action2_fall_new/user1_position7_activity2/20250814=001857_mimo5s_part0.csv,1,7,2,20,3.4618249999999997,0.09665799999999991,0.5309444,0.779589,0,5.488434568471832,5,11,1.3375779999999997,1.7821407999999999,0.3863794385909166,0.55,0
1553,/home/test/bupt_hjk/sdp_dataset/elderAL/action2_fall_new/user0_position3_activity2/20250813=232916_mimo5s_part0.csv,0,3,2,3,3.362612,1.681306,2.7277851999999996,2.9894049999999996,0,0.5947757279162746,5,11,3.362612,3.362612,1.0,1.0,1
1554,/home/test/bupt_hjk/sdp_dataset/elderAL/action2_fall_new/user0_position3_activity2/20250813=232905_mimo5s_part0.csv,0,3,2,11,4.616523,0.09490899999999991,0.8908700999999988,3.136695,0,2.1661323901126455,5,11,4.134068,4.464259,0.8954938597728204,1.0,1
1555,/home/test/bupt_hjk/sdp_dataset/elderAL/action2_fall_new/user1_position7_activity2/20250814=002102_mimo5s_part0.csv,1,7,2,24,2.494901,0.012259999999999938,0.3006460000000001,0.4961789999999999,0,9.21880266992558,5,11,1.0633494999999997,1.3421030999999999,0.426209096072349,0.4583333333333333,0
1556,/home/test/bupt_hjk/sdp_dataset/elderAL/action2_fall_new/user0_position3_activity2/20250813=233009_mimo5s_part0.csv,0,3,2,8,2.285774,0.18935799999999992,0.7637906000000001,0.9814309999999999,0,3.0624199942776493,5,11,2.191095,2.285774,0.9585790196231123,1.0,1
1557,/home/test/bupt_hjk/sdp_dataset/elderAL/action2_fall_new/user0_position3_activity2/20250813=233019_mimo5s_part0.csv,0,3,2,3,0.608586,0.304293,0.5028385999999999,0.5524749999999999,0,3.2863062903188704,5,11,0.608586,0.608586,1.0,1.0,1
1558,/home/test/bupt_hjk/sdp_dataset/elderAL/action2_fall_new/user0_position3_activity2/20250813=233113_mimo5s_part0.csv,0,3,2,7,2.2885619999999998,0.3109529999999998,0.8286895,1.030298,0,2.6217336475918067,5,11,2.2885619999999998,2.2885619999999998,1.0,1.0,1
1559,/home/test/bupt_hjk/sdp_dataset/elderAL/action2_fall_new/user0_position3_activity2/20250813=232939_mimo5s_part0.csv,0,3,2,4,0.631064,0.314341,0.31505059999999996,0.31522799999999995,0,4.753875993560083,5,11,0.631064,0.631064,1.0,1.0,1
1560,/home/test/bupt_hjk/sdp_dataset/elderAL/action2_fall_new/user1_position7_activity2/20250814=001952_mimo5s_part0.csv,1,7,2,20,2.393396,0.027158000000000015,0.26953579999999977,0.923219,0,7.93851080222412,5,11,0.8527845,1.8152694999999999,0.35630731395891024,0.55,0
1561,/home/test/bupt_hjk/sdp_dataset/elderAL/action2_fall_new/user0_position3_activity2/20250813=232958_mimo5s_part0.csv,0,3,2,7,0.9497909999999999,0.156019,0.311225,0.317917,0,6.317179253119897,5,11,0.9497909999999999,0.9497909999999999,1.0,1.0,1
1562,/home/test/bupt_hjk/sdp_dataset/elderAL/action2_fall_new/user2_position3_activity2/20250813=233327_mimo5s_part0.csv,2,3,2,4,0.326381,0.015609000000000001,0.24249859999999998,0.29922099999999996,0,9.191711527325428,5,11,0.326381,0.326381,1.0,1.0,1
1563,/home/test/bupt_hjk/sdp_dataset/elderAL/action2_fall_new/user1_position7_activity2/20250814=001830_mimo5s_part0.csv,1,7,2,28,2.158931,0.010073000000000054,0.288485,0.4912829999999997,1,12.506189405775359,5,11,0.5174825,1.1175732999999999,0.2396938577471906,0.39285714285714285,0
1564,/home/test/bupt_hjk/sdp_dataset/elderAL/action2_fall_new/user0_position3_activity2/20250813=233030_mimo5s_part0.csv,0,3,2,21,2.784343,0.038686,0.33481950000000027,0.6486320000000001,0,7.183023068637737,5,11,1.0905459999999998,1.436251,0.3916708537705304,0.5238095238095238,0
1565,/home/test/bupt_hjk/sdp_dataset/elderAL/action2_fall_new/user0_position3_activity2/20250813=233051_mimo5s_part0.csv,0,3,2,20,5.016598999999999,0.013536999999999466,0.5492789999999999,2.677724,0,3.78742650150032,5,11,0.9612109999999996,4.4941331,0.19160610604913803,0.55,0
1566,/home/test/bupt_hjk/sdp_dataset/elderAL/action2_fall_new/user2_position3_activity2/20250813=233318_mimo5s_part0.csv,2,3,2,11,3.4231309999999997,0.31003149999999985,0.6692845999999999,0.811949,0,2.921302164597265,5,11,2.464629,3.4220249999999997,0.7199926032629193,1.0,1
1567,/home/test/bupt_hjk/sdp_dataset/elderAL/action2_fall_new/user2_position3_activity2/20250813=233214_mimo5s_part0.csv,2,3,2,11,2.9665369999999998,0.006987499999999967,0.6302211999999994,2.227147,0,3.3709338531762794,5,11,2.498544,2.960955,0.8422426553250474,1.0,1
1568,/home/test/bupt_hjk/sdp_dataset/elderAL/action2_fall_new/user0_position3_activity2/20250813=233038_mimo5s_part0.csv,0,3,2,18,5.278237,0.03556299999999979,1.1074666,1.4547559999999997,0,3.2207723904781087,5,11,2.8309949999999997,4.801741499999999,0.5363523843283278,0.6111111111111112,0
1569,/home/test/bupt_hjk/sdp_dataset/elderAL/action2_fall_new/user1_position7_activity2/20250814=001931_mimo5s_part0.csv,1,7,2,40,1.959096,0.01089900000000002,0.185831,0.23838899999999996,0,19.907140844552796,5,11,0.36925749999999996,0.8210913000000002,0.18848361693352442,0.275,0
1570,/home/test/bupt_hjk/sdp_dataset/elderAL/action2_fall_new/user2_position3_activity2/20250813=233258_mimo5s_part0.csv,2,3,2,17,2.454781,0.05601349999999994,0.5171169999999999,0.6856599999999999,0,6.517893042189914,5,11,0.6923099999999998,2.1515543999999998,0.2820251582524061,0.6470588235294118,0
1571,/home/test/bupt_hjk/sdp_dataset/elderAL/action2_fall_new/user2_position3_activity2/20250813=233205_mimo5s_part0.csv,2,3,2,8,2.050277,0.14837999999999996,0.7222868000000002,1.2450679999999998,0,3.4141728166486773,5,11,2.0125184999999997,2.050277,0.98158370795751,1.0,1
1572,/home/test/bupt_hjk/sdp_dataset/elderAL/action2_fall_new/user2_position3_activity2/20250813=233414_mimo5s_part0.csv,2,3,2,17,4.578976,0.0934425000000001,0.3561970000000001,2.50814,0,3.494231024578421,5,11,1.359553,3.3622498,0.29691201700991665,0.6470588235294118,0
1573,/home/test/bupt_hjk/sdp_dataset/elderAL/action2_fall_new/user2_position3_activity2/20250813=233337_mimo5s_part0.csv,2,3,2,11,6.256736999999999,0.3395775000000001,1.1332001999999988,3.599697,0,1.598277185056684,5,11,5.389682,6.250929999999999,0.8614205775310677,1.0,1
1574,/home/test/bupt_hjk/sdp_dataset/elderAL/action2_fall_new/user2_position3_activity2/20250813=233346_mimo5s_part0.csv,2,3,2,14,2.97022,0.22419900000000004,0.5196855999999999,0.643608,0,4.376780171165772,5,11,1.7711204999999999,2.2156064,0.5962926988573237,0.7857142857142857,0
1575,/home/test/bupt_hjk/sdp_dataset/elderAL/action2_fall_new/user2_position3_activity2/20250813=233308_mimo5s_part0.csv,2,3,2,10,1.228926,0.09769300000000003,0.32600499999999993,0.375125,0,7.3234678084766704,5,11,1.011882,1.228926,0.8233872503307766,1.0,1
1576,/home/test/bupt_hjk/sdp_dataset/elderAL/action2_fall_new/user0_position2_activity2/20250813=232625_mimo5s_part0.csv,0,2,2,7,4.237928,0.31068050000000014,1.7847054999999998,2.4931399999999995,0,1.4157862049567618,5,11,4.237928,4.237928,1.0,1.0,1
1577,/home/test/bupt_hjk/sdp_dataset/elderAL/action2_fall_new/user0_position2_activity2/20250813=232712_mimo5s_part0.csv,0,2,2,4,0.323968,0.008953,0.24681060000000002,0.306275,0,9.260173844330305,5,11,0.323968,0.323968,1.0,1.0,1
1578,/home/test/bupt_hjk/sdp_dataset/elderAL/action2_fall_new/user2_position3_activity2/20250813=233221_mimo5s_part0.csv,2,3,2,14,2.777288,0.2044410000000001,0.5309344000000003,0.6228309999999999,0,4.680825323120973,5,11,1.5992794999999997,2.2227945,0.5758421524883267,0.7857142857142857,0
1579,/home/test/bupt_hjk/sdp_dataset/elderAL/action2_fall_new/user0_position2_activity2/20250813=232515_mimo5s_part0.csv,0,2,2,3,2.7881549999999997,1.3940774999999999,1.5711435,1.61541,0,0.7173202350658411,5,11,2.7881549999999997,2.7881549999999997,1.0,1.0,1
1580,/home/test/bupt_hjk/sdp_dataset/elderAL/action2_fall_new/user0_position2_activity2/20250813=232614_mimo5s_part0.csv,0,2,2,7,2.960231,0.3160970000000001,1.156412,1.6980769999999998,0,2.0268688490864397,5,11,2.960231,2.960231,1.0,1.0,1
1581,/home/test/bupt_hjk/sdp_dataset/elderAL/action2_fall_new/user0_position3_activity2/20250813=232829_mimo5s_part0.csv,0,3,2,34,4.006063,0.010686999999999891,0.28460099999999994,1.477205,0,8.237513988172427,5,11,0.6720785,2.3963202,0.16776533469393767,0.3235294117647059,0
1582,/home/test/bupt_hjk/sdp_dataset/elderAL/action2_fall_new/user0_position2_activity2/20250813=232445_mimo5s_part0.csv,0,2,2,14,5.006748,0.19576199999999933,0.6622626,2.1333849999999996,0,2.5964957693097395,5,11,4.075542499999999,4.6529852,0.8140099122224644,0.7857142857142857,0
1583,/home/test/bupt_hjk/sdp_dataset/elderAL/action2_fall_new/user2_position3_activity2/20250813=233403_mimo5s_part0.csv,2,3,2,32,2.873536,0.011612999999999984,0.3588899,1.0043600000000001,1,10.788102184903895,5,11,0.46140250000000005,1.5134784,0.16056959091516515,0.34375,0
1584,/home/test/bupt_hjk/sdp_dataset/elderAL/action2_fall_new/user2_position3_activity2/20250813=233230_mimo5s_part0.csv,2,3,2,27,2.835954,0.009585999999999983,0.3064245,0.5294059999999998,0,9.167990736097975,5,11,0.7591220000000001,1.4402308000000001,0.26767782552185265,0.4074074074074074,0
1585,/home/test/bupt_hjk/sdp_dataset/elderAL/action2_fall_new/user0_position2_activity2/20250813=232602_mimo5s_part0.csv,0,2,2,7,1.125228,0.203998,0.35298949999999996,0.39310799999999996,0,5.332252663460206,5,11,1.125228,1.125228,1.0,1.0,1
1586,/home/test/bupt_hjk/sdp_dataset/elderAL/action2_fall_new/user0_position2_activity2/20250813=232634_mimo5s_part0.csv,0,2,2,4,0.9363699999999999,0.31417699999999993,0.5597282,0.621116,0,3.2038617213281078,5,11,0.9363699999999999,0.9363699999999999,1.0,1.0,1
1587,/home/test/bupt_hjk/sdp_dataset/elderAL/action2_fall_new/user0_position2_activity2/20250813=232540_mimo5s_part0.csv,0,2,2,8,3.885433,0.12361400000000006,1.7931219999999999,2.61508,1,1.8016010056022072,5,11,3.860658,3.885433,0.9936236192980293,1.0,1
1588,/home/test/bupt_hjk/sdp_dataset/elderAL/action2_fall_new/user0_position2_activity2/20250813=232642_mimo5s_part0.csv,0,2,2,4,0.374698,0.051066,0.24990359999999998,0.29961299999999996,0,8.006447859342725,5,11,0.374698,0.374698,1.0,1.0,1
1589,/home/test/bupt_hjk/sdp_dataset/elderAL/action2_fall_new/user0_position2_activity2/20250813=232526_mimo5s_part0.csv,0,2,2,11,1.903054,0.2502850000000001,0.3772536,0.6193759999999999,1,5.2547116371894855,5,11,1.2663309999999999,1.89364,0.6654204242233798,1.0,1
1590,/home/test/bupt_hjk/sdp_dataset/elderAL/action2_fall_new/user0_position2_activity2/20250813=232436_mimo5s_part0.csv,0,2,2,7,1.770981,0.317178,0.562512,0.576419,0,3.3879527787141703,5,11,1.770981,1.770981,1.0,1.0,1
1591,/home/test/bupt_hjk/sdp_dataset/elderAL/action2_fall_new/user0_position2_activity2/20250813=232721_mimo5s_part0.csv,0,2,2,14,2.309177,0.09291399999999994,0.35318820000000006,0.836116,0,5.629711364698331,5,11,1.247187,1.7177584,0.540100217523386,0.7857142857142857,0
1592,/home/test/bupt_hjk/sdp_dataset/elderAL/action2_fall_new/user0_position2_activity2/20250813=232730_mimo5s_part0.csv,0,2,2,21,1.497442,0.003757999999999956,0.25058340000000007,0.310689,0,13.356109952839576,5,11,0.7089869999999999,0.783138,0.4734654163566936,0.5238095238095238,0
1593,/home/test/bupt_hjk/sdp_dataset/elderAL/action2_fall_new/user0_position2_activity2/20250813=232551_mimo5s_part0.csv,0,2,2,17,3.154827,0.09620750000000011,0.47661449999999983,0.933538,0,5.071593466139348,5,11,1.8371339999999998,2.4979064,0.5823247994264027,0.6470588235294118,0
1594,/home/test/bupt_hjk/sdp_dataset/elderAL/action2_fall_new/user2_position3_activity2/20250813=233355_mimo5s_part0.csv,2,3,2,34,2.5198549999999997,0.012106000000000006,0.25075010000000014,0.4257550000000001,1,13.095991634439285,5,11,0.58168,0.9624167999999999,0.23083867920971646,0.3235294117647059,0
1595,/home/test/bupt_hjk/sdp_dataset/elderAL/action0_static_new/user0_position4_activity0/20250813=205610_mimo5s_part0.csv,0,4,0,17,5.987333,0.2880375000000004,0.8600554999999999,1.4937049999999998,0,2.672308354988774,5,11,3.4618569999999993,4.3518332,0.5781968365547732,0.6470588235294118,0
1596,/home/test/bupt_hjk/sdp_dataset/elderAL/action0_static_new/user0_position4_activity0/20250813=205500_mimo5s_part0.csv,0,4,0,16,5.988459,0.34087100000000004,1.2867563000000006,1.4963650000000002,1,2.5048180174565777,5,11,3.3391544999999994,4.5890325,0.557598290311414,0.6875,0
1597,/home/test/bupt_hjk/sdp_dataset/elderAL/action0_static_new/user0_position4_activity0/20250813=205527_mimo5s_part0.csv,0,4,0,15,4.933615,0.2913569999999999,0.8674916000000001,1.56474,2,2.8376758218871965,5,11,2.8171869999999997,3.956304,0.571018816831066,0.7333333333333333,0
1598,/home/test/bupt_hjk/sdp_dataset/elderAL/action2_fall_new/user0_position3_activity2/20250813=232930_mimo5s_part0.csv,0,3,2,54,4.01333,0.006172000000000288,0.2047320000000002,1.7679829999999999,0,13.205991034876275,5,11,0.5049300000000001,1.469325500000003,0.12581322741962414,0.2037037037037037,0
1599,/home/test/bupt_hjk/sdp_dataset/elderAL/action0_static_new/user0_position4_activity0/20250813=205616_mimo5s_part0.csv,0,4,0,18,5.4131849999999995,0.23877449999999995,0.8362505,1.100708,1,3.1404801424669584,5,11,3.0382005,3.9571004000000003,0.5612593140637167,0.6111111111111112,0
1600,/home/test/bupt_hjk/sdp_dataset/elderAL/action0_static_new/user0_position4_activity0/20250813=205540_mimo5s_part0.csv,0,4,0,11,2.759465,0.13613799999999987,0.6076596000000002,1.484794,1,3.6238908629027726,5,11,2.1201399999999997,2.684334,0.7683155974074684,1.0,1
1601,/home/test/bupt_hjk/sdp_dataset/elderAL/action0_static_new/user0_position4_activity0/20250813=205604_mimo5s_part0.csv,0,4,0,18,6.275217,0.26319800000000004,0.7508154999999999,2.758385,1,2.7090696624515136,5,11,2.5859724999999996,5.2393883,0.41209292045199386,0.6111111111111112,0
1602,/home/test/bupt_hjk/sdp_dataset/elderAL/action0_static_new/user0_position4_activity0/20250813=205507_mimo5s_part0.csv,0,4,0,22,6.58556,0.24363599999999963,0.6841793000000006,1.2041659999999998,1,3.18879487849173,5,11,2.8281045,3.5824396,0.42944024502092454,0.5,0
1603,/home/test/bupt_hjk/sdp_dataset/elderAL/action0_static_new/user0_position4_activity0/20250813=205533_mimo5s_part0.csv,0,4,0,17,4.514737,0.18813150000000006,0.7826195,0.9246529999999997,0,3.5439495146671884,5,11,2.595973,3.8434038,0.5749998283399453,0.6470588235294118,0
1604,/home/test/bupt_hjk/sdp_dataset/elderAL/action0_static_new/user0_position4_activity0/20250813=205623_mimo5s_part0.csv,0,4,0,21,5.001468,0.19757599999999997,0.5420794000000003,0.87883,0,3.9988259447026353,5,11,2.114362,3.1587959999999997,0.4227482811046676,0.5238095238095238,0
1605,/home/test/bupt_hjk/sdp_dataset/elderAL/action0_static_new/user0_position4_activity0/20250813=205546_mimo5s_part0.csv,0,4,0,25,4.767684,0.0765610000000001,0.6496099,1.040315,0,5.033890668928562,5,11,1.726386,2.4752304,0.362101599015371,0.44,0
1606,/home/test/bupt_hjk/sdp_dataset/elderAL/action0_static_new/user0_position4_activity0/20250813=205454_mimo5s_part0.csv,0,4,0,27,5.13443,0.0616724999999998,0.3694565000000002,1.237299,0,5.06385324174251,5,11,1.6466179999999997,3.1278308,0.3207012268158295,0.4074074074074074,0
1607,/home/test/bupt_hjk/sdp_dataset/elderAL/action0_static_new/user0_position4_activity0/20250813=205558_mimo5s_part0.csv,0,4,0,18,3.9510419999999997,0.24100949999999993,0.49810449999999984,1.0117880000000001,1,4.3026624368963935,5,11,2.2108594999999998,2.9883701,0.5595636543473848,0.6111111111111112,0
1608,/home/test/bupt_hjk/sdp_dataset/elderAL/action0_static_new/user1_position9_activity0/20250813=212424_mimo5s_part0.csv,1,9,0,11,3.9763029999999997,0.3263735,0.9691836999999998,1.4381440000000003,0,2.5148988897475872,5,11,3.224166,3.8791469999999997,0.8108451493761919,1.0,1
1609,/home/test/bupt_hjk/sdp_dataset/elderAL/action0_static_new/user1_position9_activity0/20250813=212411_mimo5s_part0.csv,1,9,0,11,5.03212,0.3084094999999999,1.3596825999999997,1.7778999999999998,0,1.9872340087279319,5,11,4.266588,4.915845,0.8478708774830488,1.0,1
1610,/home/test/bupt_hjk/sdp_dataset/elderAL/action0_static_new/user0_position4_activity0/20250813=205521_mimo5s_part0.csv,0,4,0,30,5.400262,0.10373399999999999,0.46456439999999977,0.6951890000000001,0,5.370109820597594,5,11,1.562033,2.1576812,0.2892513363240524,0.36666666666666664,0
1611,/home/test/bupt_hjk/sdp_dataset/elderAL/action0_static_new/user1_position9_activity0/20250813=212506_mimo5s_part0.csv,1,9,0,14,4.932316,0.3717010000000007,0.6198257999999996,0.9035610000000001,0,2.635678654814493,5,11,2.953476,3.7502421999999997,0.5988010500543761,0.7857142857142857,0
1612,/home/test/bupt_hjk/sdp_dataset/elderAL/action0_static_new/user0_position4_activity0/20250813=205514_mimo5s_part0.csv,0,4,0,21,6.047632,0.09242050000000002,0.5759406000000008,2.6952429999999996,0,3.307079531294232,5,11,2.9234769999999997,5.020894999999999,0.48340854734547334,0.5238095238095238,0
1613,/home/test/bupt_hjk/sdp_dataset/elderAL/action0_static_new/user1_position9_activity0/20250813=212501_mimo5s_part0.csv,1,9,0,15,2.498261,0.1301969999999999,0.47713840000000013,0.6396879999999999,1,5.603898071498535,5,11,1.6690269999999998,2.0792057999999995,0.6680755133270703,0.7333333333333333,0
1614,/home/test/bupt_hjk/sdp_dataset/elderAL/action0_static_new/user1_position9_activity0/20250813=212454_mimo5s_part0.csv,1,9,0,13,4.1900379999999995,0.22572699999999996,0.9211404000000001,1.222513,0,2.8639358402000177,5,11,2.481795,2.8261608,0.5923084707107669,0.8461538461538461,0
1615,/home/test/bupt_hjk/sdp_dataset/elderAL/action0_static_new/user1_position9_activity0/20250813=212436_mimo5s_part0.csv,1,9,0,19,4.609628,0.12571899999999991,0.672201,1.5573990000000002,2,3.9048704147059157,5,11,1.879298,3.1266334,0.4076897311453332,0.5789473684210527,0
1616,/home/test/bupt_hjk/sdp_dataset/elderAL/action0_static_new/user1_position9_activity0/20250813=212442_mimo5s_part0.csv,1,9,0,25,6.716727,0.2553289999999997,0.6047171999999998,1.427826,1,3.573168896100735,5,11,2.5324769999999996,3.2591564,0.3770403352704375,0.44,0
1617,/home/test/bupt_hjk/sdp_dataset/elderAL/action0_static_new/user1_position9_activity0/20250813=212448_mimo5s_part0.csv,1,9,0,31,4.9587959999999995,0.050638999999999434,0.45789739999999995,0.9150970000000003,1,6.049855650444181,5,11,1.330162,2.903535,0.2682429363902044,0.3548387096774194,0
1618,/home/test/bupt_hjk/sdp_dataset/elderAL/action0_static_new/user1_position9_activity0/20250813=212430_mimo5s_part0.csv,1,9,0,15,5.706739,0.2983579999999999,0.9247314,1.4246190000000003,1,2.45323993264805,5,11,2.899848,3.1417804,0.5081444937292559,0.7333333333333333,0
1619,/home/test/bupt_hjk/sdp_dataset/elderAL/action0_static_new/user1_position2_activity0/20250813=210823_mimo5s_part0.csv,1,2,0,14,4.524515,0.14506349999999996,1.3080846000000004,1.494615,1,2.873236136911912,5,11,2.531435,3.511204,0.5594931169418159,0.7857142857142857,0
1620,/home/test/bupt_hjk/sdp_dataset/elderAL/action0_static_new/user1_position9_activity0/20250813=212405_mimo5s_part0.csv,1,9,0,19,5.068052,0.17446399999999987,0.6966800000000002,0.915742,2,3.5516604802002822,5,11,2.673847,3.6864953999999996,0.5275887066667824,0.5789473684210527,0
1621,/home/test/bupt_hjk/sdp_dataset/elderAL/action0_static_new/user0_position4_activity0/20250813=205552_mimo5s_part0.csv,0,4,0,38,5.092218,0.05461999999999989,0.3782467999999997,0.49111300000000035,0,7.265989005183989,5,11,1.3318195,1.8224927000000004,0.26154015794296315,0.2894736842105263,0
1622,/home/test/bupt_hjk/sdp_dataset/elderAL/action0_static_new/user1_position2_activity0/20250813=210905_mimo5s_part0.csv,1,2,0,15,3.532918,0.2946,0.6080380000000001,0.9461159999999998,1,3.9627299586347604,5,11,2.194503,2.584403,0.6211587701724184,0.7333333333333333,0
1623,/home/test/bupt_hjk/sdp_dataset/elderAL/action0_static_new/user1_position9_activity0/20250813=212518_mimo5s_part0.csv,1,9,0,31,6.4872819999999995,0.10842350000000023,0.5752923,0.994798,0,4.624432851847661,5,11,1.751089,2.6818299999999997,0.26992644993696896,0.3548387096774194,0
1624,/home/test/bupt_hjk/sdp_dataset/elderAL/action0_static_new/user1_position9_activity0/20250813=212418_mimo5s_part0.csv,1,9,0,28,3.995326,0.10984450000000001,0.43126699999999973,0.5479379999999998,1,6.757896602179647,5,11,1.304182,1.5623632,0.32642692986755023,0.39285714285714285,0
1625,/home/test/bupt_hjk/sdp_dataset/elderAL/action0_static_new/user1_position9_activity0/20250813=212512_mimo5s_part0.csv,1,9,0,21,5.4307859999999994,0.028268000000000182,0.5482143000000008,2.034574,0,3.6827081752070514,5,11,0.7891280000000007,4.381806,0.14530640684423965,0.5238095238095238,0
1626,/home/test/bupt_hjk/sdp_dataset/elderAL/action0_static_new/user1_position9_activity0/20250813=212354_mimo5s_part0.csv,1,9,0,43,3.608786,0.012444999999999928,0.278597,0.654236,1,11.638262839636377,5,11,0.688686,1.1119522,0.19083592099947186,0.2558139534883721,0
1627,/home/test/bupt_hjk/sdp_dataset/elderAL/action0_static_new/user1_position2_activity0/20250813=210929_mimo5s_part0.csv,1,2,0,19,4.841335,0.18960449999999995,0.6865294999999999,1.288476,2,3.7179827464945103,5,11,2.13231,3.3475005999999996,0.4404384327876505,0.5789473684210527,0
1628,/home/test/bupt_hjk/sdp_dataset/elderAL/action0_static_new/user1_position2_activity0/20250813=210836_mimo5s_part0.csv,1,2,0,14,4.505216,0.14064599999999994,0.9156266000000001,1.8262589999999999,1,2.885544222518965,5,11,2.0402445,4.0980227000000005,0.4528627484231611,0.7857142857142857,0
1629,/home/test/bupt_hjk/sdp_dataset/elderAL/action0_static_new/user1_position9_activity0/20250813=212359_mimo5s_part0.csv,1,9,0,35,5.207992,0.08178199999999991,0.4716859999999999,0.7244189999999997,1,6.528427847047384,5,11,1.154618,2.5880023999999997,0.22170118540888695,0.3142857142857143,0
1630,/home/test/bupt_hjk/sdp_dataset/elderAL/action0_static_new/user1_position2_activity0/20250813=210923_mimo5s_part0.csv,1,2,0,14,4.541804,0.20461700000000071,0.9029890000000003,1.7377369999999999,0,2.8622987693876705,5,11,3.2041269999999997,4.2154257,0.7054745206970622,0.7857142857142857,0
1631,/home/test/bupt_hjk/sdp_dataset/elderAL/action0_static_new/user1_position2_activity0/20250813=210842_mimo5s_part0.csv,1,2,0,14,4.016089,0.14191300000000007,1.0504398000000004,1.369449,0,3.236980056965869,5,11,3.0483374999999997,3.5996324,0.7590313611077841,0.7857142857142857,0
1632,/home/test/bupt_hjk/sdp_dataset/elderAL/action0_static_new/user1_position2_activity0/20250813=210911_mimo5s_part0.csv,1,2,0,16,4.473076,0.291547,0.9465102000000003,1.310424,2,3.3533970806666376,5,11,2.1821859999999997,3.1208299999999998,0.48784907745810707,0.6875,0
1633,/home/test/bupt_hjk/sdp_dataset/elderAL/action0_static_new/user1_position2_activity0/20250813=210935_mimo5s_part0.csv,1,2,0,18,5.321469,0.23947649999999973,0.9663345000000003,1.4520509999999998,1,3.1946066020491712,5,11,3.1539935000000003,3.8384227,0.5926922622305985,0.6111111111111112,0
1634,/home/test/bupt_hjk/sdp_dataset/elderAL/action0_static_new/user1_position2_activity0/20250813=210817_mimo5s_part0.csv,1,2,0,26,4.0725109999999995,0.137648,0.46051700000000007,0.860949,2,6.138718839556235,5,11,1.396645,1.8837739999999998,0.3429444389468807,0.4230769230769231,0
1635,/home/test/bupt_hjk/sdp_dataset/elderAL/action0_static_new/user1_position3_activity0/20250813=211253_mimo5s_part0.csv,1,3,0,15,3.1410769999999997,0.08299900000000004,0.3618536,1.626021,1,4.4570699795006625,5,11,1.963919,2.8624229999999997,0.6252374583622115,0.7333333333333333,0
1636,/home/test/bupt_hjk/sdp_dataset/elderAL/action0_static_new/user1_position3_activity0/20250813=211235_mimo5s_part0.csv,1,3,0,11,4.4855279999999995,0.3600610000000002,1.0035059999999998,1.3377139999999998,1,2.2293919467228833,5,11,3.1478139999999994,3.565574,0.7017711181381545,1.0,1
1637,/home/test/bupt_hjk/sdp_dataset/elderAL/action0_static_new/user1_position2_activity0/20250813=210811_mimo5s_part0.csv,1,2,0,19,5.011009,0.24931849999999978,0.7314290000000001,1.2555569999999998,2,3.5920909341811202,5,11,2.485997,3.5308223999999995,0.4961070714500812,0.5789473684210527,0
1638,/home/test/bupt_hjk/sdp_dataset/elderAL/action0_static_new/user1_position2_activity0/20250813=210917_mimo5s_part0.csv,1,2,0,23,6.984966999999999,0.2885085000000003,0.9382765999999998,0.9849899999999999,2,3.1496211793126587,5,11,2.373582,3.9593101999999996,0.33981291536524083,0.4782608695652174,0
1639,/home/test/bupt_hjk/sdp_dataset/elderAL/action0_static_new/user1_position3_activity0/20250813=211312_mimo5s_part0.csv,1,3,0,15,4.271082,0.18169699999999978,0.785408,0.8356379999999999,1,3.2778579292085706,5,11,2.782831,3.7163008,0.6515517613569582,0.7333333333333333,0
1640,/home/test/bupt_hjk/sdp_dataset/elderAL/action0_static_new/user1_position2_activity0/20250813=210854_mimo5s_part0.csv,1,2,0,46,3.604141,0.008467000000000002,0.24468080000000006,1.030866,2,12.485638048011996,5,11,0.5911214999999999,1.2952744999999999,0.16401175758662048,0.2391304347826087,0
1641,/home/test/bupt_hjk/sdp_dataset/elderAL/action0_static_new/user1_position3_activity0/20250813=211337_mimo5s_part0.csv,1,3,0,22,6.0392019999999995,0.21690799999999988,0.7077709000000004,1.4866519999999999,1,3.477280607603455,5,11,2.7613225,3.2830311,0.4572330085994806,0.5,0
1642,/home/test/bupt_hjk/sdp_dataset/elderAL/action2_fall_new/user2_position3_activity2/20250813=233248_mimo5s_part0.csv,2,3,2,121,1.8001019999999999,0.003713000000000022,0.011899400000000008,0.320126,1,66.66288910295084,5,11,0.04280299999999998,0.435261,0.023778097018946696,0.09090909090909091,0
1643,/home/test/bupt_hjk/sdp_dataset/elderAL/action0_static_new/user1_position2_activity0/20250813=210848_mimo5s_part0.csv,1,2,0,51,4.558441999999999,0.012808000000000153,0.27462020000000004,0.9203930000000002,0,10.968659906169696,5,11,0.6215379999999999,1.7429449999999997,0.136348778815218,0.21568627450980393,0
1644,/home/test/bupt_hjk/sdp_dataset/elderAL/action0_static_new/user1_position3_activity0/20250813=211259_mimo5s_part0.csv,1,3,0,17,5.725353999999999,0.29880600000000035,0.7839240000000002,1.8150279999999999,0,2.79458702466258,5,11,2.2187289999999997,4.9884002,0.3875269546651613,0.6470588235294118,0
1645,/home/test/bupt_hjk/sdp_dataset/elderAL/action0_static_new/user1_position3_activity0/20250813=211216_mimo5s_part0.csv,1,3,0,31,5.032747,0.08610049999999991,0.40490040000000005,0.9688079999999999,0,5.960959293205083,5,11,0.9340090000000001,2.890363,0.1855863209495729,0.3548387096774194,0
1646,/home/test/bupt_hjk/sdp_dataset/elderAL/action0_static_new/user1_position3_activity0/20250813=211318_mimo5s_part0.csv,1,3,0,21,6.4938519999999995,0.21208999999999945,0.7696517000000003,1.1170009999999997,0,3.079836128079297,5,11,2.4714709999999998,4.835097,0.3805862837650134,0.5238095238095238,0
1647,/home/test/bupt_hjk/sdp_dataset/elderAL/action0_static_new/user1_position3_activity0/20250813=211229_mimo5s_part0.csv,1,3,0,15,6.417179,0.39228999999999914,1.2882728,1.395123,1,2.181643990295424,5,11,3.267891,4.035207,0.5092410543636074,0.7333333333333333,0
1648,/home/test/bupt_hjk/sdp_dataset/elderAL/action0_static_new/user1_position3_activity0/20250813=211343_mimo5s_part0.csv,1,3,0,35,6.015143,0.07017899999999955,0.42487600000000003,1.3913859999999998,1,5.652400948738874,5,11,1.6961840000000001,2.9032736,0.28198564855399116,0.3142857142857143,0
1649,/home/test/bupt_hjk/sdp_dataset/elderAL/action0_static_new/user1_position3_activity0/20250813=211223_mimo5s_part0.csv,1,3,0,17,5.295216,0.30497450000000004,0.6413970000000003,1.65642,0,3.021595341908621,5,11,2.919459,3.5987056,0.551338982205825,0.6470588235294118,0
1650,/home/test/bupt_hjk/sdp_dataset/elderAL/action0_static_new/user1_position3_activity0/20250813=211324_mimo5s_part0.csv,1,3,0,18,6.337058,0.23626900000000006,1.0503854,1.6902800000000002,0,2.6826328558141648,5,11,2.9698955,5.1555818,0.46865524980203743,0.6111111111111112,0
1651,/home/test/bupt_hjk/sdp_dataset/elderAL/action0_static_new/user1_position3_activity0/20250813=211241_mimo5s_part0.csv,1,3,0,19,5.004436,0.28372149999999996,0.7423109999999999,1.1055470000000005,2,3.5968089111340418,5,11,2.336937,3.0144767999999997,0.46697310146438076,0.5789473684210527,0
1652,/home/test/bupt_hjk/sdp_dataset/elderAL/action0_static_new/user1_position3_activity0/20250813=211306_mimo5s_part0.csv,1,3,0,20,4.226921,0.15802600000000044,0.4140557999999999,1.109633,0,4.494997659052535,5,11,1.5795165,2.8322062,0.3736801563123607,0.55,0
1653,/home/test/bupt_hjk/sdp_dataset/elderAL/action0_static_new/user1_position3_activity0/20250813=211247_mimo5s_part0.csv,1,3,0,33,4.045185,0.09031149999999999,0.33988450000000003,0.6252809999999998,2,7.910639439234546,5,11,0.939343,1.8750578,0.23221261821152803,0.3333333333333333,0
1654,/home/test/bupt_hjk/sdp_dataset/elderAL/action0_static_new/user1_position2_activity0/20250813=210900_mimo5s_part0.csv,1,2,0,54,5.658532,0.01585100000000006,0.33840940000000014,0.485541,0,9.366386900348004,5,11,0.9685714999999999,1.5200824000000002,0.17117010206887578,0.2037037037037037,0
1655,/home/test/bupt_hjk/sdp_dataset/elderAL/action0_static_new/user2_position2_activity0/20250813=212551_mimo5s_part0.csv,2,2,0,20,3.140345,0.21189400000000003,0.32784379999999996,0.44120500000000007,0,6.050290652778596,5,11,1.3608989999999999,1.6318603999999999,0.4333597104776704,0.55,0
1656,/home/test/bupt_hjk/sdp_dataset/elderAL/action0_static_new/user2_position2_activity0/20250813=212627_mimo5s_part0.csv,2,2,0,13,5.002752,0.19072749999999994,0.9455154,1.488025,0,2.398679766656432,5,11,3.3767859999999996,4.609188199999999,0.6749856878773922,0.8461538461538461,0
1657,/home/test/bupt_hjk/sdp_dataset/elderAL/action0_static_new/user2_position2_activity0/20250813=212603_mimo5s_part0.csv,2,2,0,17,4.605144,0.21781199999999984,0.710434,0.8200240000000001,0,3.474375611272959,5,11,2.121996,2.9206856,0.4607881968511734,0.6470588235294118,0
1658,/home/test/bupt_hjk/sdp_dataset/elderAL/action0_static_new/user1_position2_activity0/20250813=210830_mimo5s_part0.csv,1,2,0,63,4.349190999999999,0.008089499999999888,0.21723059999999994,0.4611229999999997,0,14.255524763111119,5,11,0.5901900000000002,1.1410734000000005,0.13570109935387992,0.1746031746031746,0
1659,/home/test/bupt_hjk/sdp_dataset/elderAL/action0_static_new/user2_position2_activity0/20250813=212639_mimo5s_part0.csv,2,2,0,17,5.483967,0.23421300000000023,0.890714,1.2080930000000003,0,2.917595966569456,5,11,2.976793,4.176583,0.5428174531320119,0.6470588235294118,0
1660,/home/test/bupt_hjk/sdp_dataset/elderAL/action0_static_new/user2_position2_activity0/20250813=212609_mimo5s_part0.csv,2,2,0,22,5.086898,0.09368949999999998,0.7903756000000002,1.1744789999999998,1,4.128252620752372,5,11,1.8991625,2.7969711,0.3733439318028394,0.5,0
1661,/home/test/bupt_hjk/sdp_dataset/elderAL/action0_static_new/user2_position2_activity0/20250813=212651_mimo5s_part0.csv,2,2,0,25,5.290086,0.06769900000000018,0.4441417999999999,1.6918099999999994,1,4.536788248811078,5,11,2.1419449999999998,2.3199076,0.40489795439998516,0.44,0
1662,/home/test/bupt_hjk/sdp_dataset/elderAL/action0_static_new/user2_position2_activity0/20250813=212709_mimo5s_part0.csv,2,2,0,17,4.597462,0.15137549999999989,0.6277880000000002,1.4829509999999997,0,3.4801810216158393,5,11,2.838116,3.8531538000000003,0.6173223400215162,0.6470588235294118,0
1663,/home/test/bupt_hjk/sdp_dataset/elderAL/action0_static_new/user2_position2_activity0/20250813=212621_mimo5s_part0.csv,2,2,0,21,4.588779,0.1781950000000001,0.5038594,0.7746969999999997,1,4.358457881715376,5,11,1.95953,2.249552,0.4270264486478865,0.5238095238095238,0
1664,/home/test/bupt_hjk/sdp_dataset/elderAL/action0_static_new/user2_position2_activity0/20250813=212633_mimo5s_part0.csv,2,2,0,21,4.725791,0.17745749999999982,0.5048486000000005,0.9128839999999998,0,4.232095748627055,5,11,1.850503,3.133673,0.3915752939560806,0.5238095238095238,0
1665,/home/test/bupt_hjk/sdp_dataset/elderAL/action0_static_new/user2_position2_activity0/20250813=212557_mimo5s_part0.csv,2,2,0,12,3.141381,0.303855,0.8641727999999999,0.911934,1,3.501644658829986,5,11,2.14403,2.7143745000000004,0.6825119270792049,0.9166666666666666,0
1666,/home/test/bupt_hjk/sdp_dataset/elderAL/action0_static_new/user2_position2_activity0/20250813=212703_mimo5s_part0.csv,2,2,0,18,5.006330999999999,0.32550049999999997,0.569131,0.8847100000000001,1,3.3957003641988517,5,11,2.6944894999999995,3.6134995999999995,0.5382164103811753,0.6111111111111112,0
1667,/home/test/bupt_hjk/sdp_dataset/elderAL/action0_static_new/user2_position2_activity0/20250813=212545_mimo5s_part0.csv,2,2,0,26,4.384151,0.07590799999999986,0.3388396000000001,1.0965650000000005,0,5.702358335741629,5,11,1.5253135000000002,2.0406994999999997,0.3479153660537696,0.4230769230769231,0
1668,/home/test/bupt_hjk/sdp_dataset/elderAL/action0_static_new/user2_position2_activity0/20250813=212657_mimo5s_part0.csv,2,2,0,25,5.044693,0.05427000000000004,0.7592895000000004,1.024948,2,4.757474835435972,5,11,1.2514349999999999,3.7485186000000006,0.24806960502849232,0.44,0
1669,/home/test/bupt_hjk/sdp_dataset/elderAL/action0_static_new/user2_position2_activity0/20250813=212645_mimo5s_part0.csv,2,2,0,31,5.0248729999999995,0.014448999999999712,0.37935300000000005,1.297745,0,5.970300144899185,5,11,0.8655140000000001,3.192296,0.17224594532040913,0.3548387096774194,0
1670,/home/test/bupt_hjk/sdp_dataset/elderAL/action0_static_new/user1_position6_activity0/20250813=211901_mimo5s_part0.csv,1,6,0,21,4.392758,0.036250000000000115,0.43815579999999965,1.9489869999999998,1,4.552948284426322,5,11,0.961013,3.147196,0.21877212448306965,0.5238095238095238,0
1671,/home/test/bupt_hjk/sdp_dataset/elderAL/action0_static_new/user2_position2_activity0/20250813=212615_mimo5s_part0.csv,2,2,0,25,7.581136,0.19580899999999968,0.7838071999999998,2.515844,1,3.1657524677040487,5,11,2.1914579999999995,4.601706,0.28906723214040736,0.44,0
1672,/home/test/bupt_hjk/sdp_dataset/elderAL/action0_static_new/user1_position6_activity0/20250813=211950_mimo5s_part0.csv,1,6,0,20,3.5143329999999997,0.08364600000000033,0.5489029999999999,0.685044,0,5.406431319968825,5,11,1.4479494999999998,2.4273522,0.41201260665964207,0.55,0
1673,/home/test/bupt_hjk/sdp_dataset/elderAL/action0_static_new/user1_position6_activity0/20250813=211937_mimo5s_part0.csv,1,6,0,13,3.2285969999999997,0.2597750000000001,0.5896414000000001,0.9674619999999998,0,3.716784721041369,5,11,2.276623,2.923618,0.705143131830947,0.8461538461538461,0
1674,/home/test/bupt_hjk/sdp_dataset/elderAL/action0_static_new/user1_position6_activity0/20250813=211824_mimo5s_part0.csv,1,6,0,14,3.036367,0.19656200000000001,0.49961530000000015,0.9652739999999997,1,4.281432382844367,5,11,2.11347,2.7150141,0.6960522229361602,0.7857142857142857,0
1675,/home/test/bupt_hjk/sdp_dataset/elderAL/action0_static_new/user1_position6_activity0/20250813=211931_mimo5s_part0.csv,1,6,0,22,2.854667,0.07543749999999999,0.3613978000000001,0.6092420000000001,1,7.356374666467227,5,11,1.1729539999999998,1.6640602000000002,0.41088995669197137,0.5,0
1676,/home/test/bupt_hjk/sdp_dataset/elderAL/action0_static_new/user1_position6_activity0/20250813=211836_mimo5s_part0.csv,1,6,0,18,5.170686,0.2807324999999996,0.5835969999999999,1.8015039999999996,1,3.287764911657757,5,11,2.850797,3.8876108999999994,0.5513382556975999,0.6111111111111112,0
1677,/home/test/bupt_hjk/sdp_dataset/elderAL/action0_static_new/user1_position6_activity0/20250813=211907_mimo5s_part0.csv,1,6,0,18,4.933323,0.22559200000000001,0.8222814999999999,1.0914519999999999,1,3.4459531638208163,5,11,2.1619504999999997,2.7767193,0.4382341273822938,0.6111111111111112,0
1678,/home/test/bupt_hjk/sdp_dataset/elderAL/action0_static_new/user1_position6_activity0/20250813=211925_mimo5s_part0.csv,1,6,0,21,6.395339,0.18499049999999984,0.8373500000000001,1.3950399999999998,0,3.127277537594176,5,11,2.471689,3.082626,0.38648287448093055,0.5238095238095238,0
1679,/home/test/bupt_hjk/sdp_dataset/elderAL/action0_static_new/user1_position6_activity0/20250813=211842_mimo5s_part0.csv,1,6,0,25,5.061233,0.06596400000000013,0.5512610000000001,1.363699,1,4.741927510549307,5,11,1.4073639999999998,3.8963992,0.2780674195398631,0.44,0
1680,/home/test/bupt_hjk/sdp_dataset/elderAL/action0_static_new/user1_position6_activity0/20250813=211944_mimo5s_part0.csv,1,6,0,28,4.436122999999999,0.08628800000000014,0.34008840000000007,1.145344,0,6.086395710849317,5,11,1.149152,2.2030445,0.2590442149597746,0.39285714285714285,0
1681,/home/test/bupt_hjk/sdp_dataset/elderAL/action0_static_new/user1_position6_activity0/20250813=211919_mimo5s_part0.csv,1,6,0,18,5.091004,0.24114499999999994,0.6604095000000001,1.0826339999999997,1,3.3392234616197514,5,11,2.1838319999999998,2.8614553000000003,0.4289590029785873,0.6111111111111112,0
1682,/home/test/bupt_hjk/sdp_dataset/elderAL/action0_static_new/user1_position6_activity0/20250813=211855_mimo5s_part0.csv,1,6,0,35,5.03243,0.048597999999999975,0.42403679999999966,0.9622950000000001,1,6.756179420280064,5,11,0.7266190000000003,3.2134479999999996,0.1443873039466024,0.3142857142857143,0
1683,/home/test/bupt_hjk/sdp_dataset/elderAL/action0_static_new/user2_position8_activity0/20250813=213723_mimo5s_part0.csv,2,8,0,15,3.529792,0.16389999999999993,0.4628172,1.0439450000000001,1,3.9662393704784873,5,11,1.7001300000000001,2.7747948,0.4816516100665422,0.7333333333333333,0
1684,/home/test/bupt_hjk/sdp_dataset/elderAL/action0_static_new/user1_position3_activity0/20250813=211331_mimo5s_part0.csv,1,3,0,73,3.547958,0.009080499999999991,0.18665589999999996,0.4515609999999999,0,20.293363111964684,5,11,0.3118890000000003,0.9782379999999997,0.08790662121704944,0.1506849315068493,0
1685,/home/test/bupt_hjk/sdp_dataset/elderAL/action0_static_new/user2_position8_activity0/20250813=213705_mimo5s_part0.csv,2,8,0,17,3.4927479999999997,0.1247705,0.517356,0.979012,0,4.580920238162044,5,11,1.8535689999999998,2.5148013999999996,0.5306907340581113,0.6470588235294118,0
1686,/home/test/bupt_hjk/sdp_dataset/elderAL/action0_static_new/user2_position8_activity0/20250813=213753_mimo5s_part0.csv,2,8,0,17,3.5979759999999996,0.18821250000000012,0.4188599999999999,0.9507379999999999,0,4.446944615528286,5,11,2.017607,2.8611052,0.5607616615563862,0.6470588235294118,0
1687,/home/test/bupt_hjk/sdp_dataset/elderAL/action0_static_new/user2_position8_activity0/20250813=213729_mimo5s_part0.csv,2,8,0,17,4.98768,0.3066289999999996,0.671165,1.000907,0,3.2079042761364,5,11,2.5613119999999996,3.5911036000000003,0.5135277323324671,0.6470588235294118,0
1688,/home/test/bupt_hjk/sdp_dataset/elderAL/action0_static_new/user2_position8_activity0/20250813=213654_mimo5s_part0.csv,2,8,0,25,4.812402,0.075156,0.6588444,0.8392229999999996,1,4.9871145428000405,5,11,1.7138369999999998,2.7466668,0.356129226112033,0.44,0
1689,/home/test/bupt_hjk/sdp_dataset/elderAL/action0_static_new/user1_position6_activity0/20250813=211913_mimo5s_part0.csv,1,6,0,42,5.612350999999999,0.037942500000000434,0.3252686999999999,0.9166479999999999,1,7.305316435126742,5,11,1.0856535000000003,2.2226497,0.19344005747324078,0.2619047619047619,0
1690,/home/test/bupt_hjk/sdp_dataset/elderAL/action0_static_new/user2_position8_activity0/20250813=213659_mimo5s_part0.csv,2,8,0,19,3.440755,0.18126800000000015,0.5269645,0.62006,2,5.231409966707888,5,11,1.564185,2.1226963999999997,0.4546051665986099,0.5789473684210527,0
1691,/home/test/bupt_hjk/sdp_dataset/elderAL/action0_static_new/user2_position8_activity0/20250813=213648_mimo5s_part0.csv,2,8,0,18,4.901384,0.16172350000000002,0.7394814999999999,1.6676909999999998,1,3.468408106771475,5,11,2.644141,4.133910099999999,0.5394682399909903,0.6111111111111112,0
1692,/home/test/bupt_hjk/sdp_dataset/elderAL/action0_static_new/user2_position8_activity0/20250813=213636_mimo5s_part0.csv,2,8,0,21,5.578962,0.16382600000000025,0.6964579999999999,0.9677729999999998,1,3.584896258479624,5,11,2.247623,3.8868259999999997,0.4028747641586374,0.5238095238095238,0
1693,/home/test/bupt_hjk/sdp_dataset/elderAL/action0_static_new/user2_position8_activity0/20250813=213741_mimo5s_part0.csv,2,8,0,17,4.547674,0.18518300000000032,0.5929289999999999,1.483821,0,3.518282093219523,5,11,2.490205,3.6127709999999995,0.5475777287466076,0.6470588235294118,0
1694,/home/test/bupt_hjk/sdp_dataset/elderAL/action0_static_new/user2_position8_activity0/20250813=213747_mimo5s_part0.csv,2,8,0,30,3.845605,0.04002500000000009,0.3334522000000001,0.6492139999999997,0,7.54107611156112,5,11,0.8749115,2.0852197,0.22750945559931401,0.36666666666666664,0
1695,/home/test/bupt_hjk/sdp_dataset/elderAL/action0_static_new/user2_position8_activity0/20250813=213642_mimo5s_part0.csv,2,8,0,23,5.951546,0.19434400000000007,0.9412959999999999,1.0865030000000002,1,3.6965185180455635,5,11,2.115645,4.7200348,0.3554782236413867,0.4782608695652174,0
1696,/home/test/bupt_hjk/sdp_dataset/elderAL/action0_static_new/user2_position8_activity0/20250813=213711_mimo5s_part0.csv,2,8,0,15,4.896923,0.27754600000000007,0.6372522,2.111114,1,2.8589381536119722,5,11,1.9874379999999998,3.5199654000000002,0.4058544518670193,0.7333333333333333,0
1697,/home/test/bupt_hjk/sdp_dataset/elderAL/action0_static_new/user2_position6_activity0/20250813=213300_mimo5s_part0.csv,2,6,0,14,2.698515,0.085141,0.5316526,0.6211539999999998,0,4.81746442024595,5,11,1.9477054999999999,2.5433053,0.721769380566719,0.7857142857142857,0
1698,/home/test/bupt_hjk/sdp_dataset/elderAL/action0_static_new/user2_position8_activity0/20250813=213759_mimo5s_part0.csv,2,8,0,24,5.989974,0.17656500000000008,0.38346859999999994,1.7624939999999998,0,3.8397495548394702,5,11,1.5150275,3.7909897999999997,0.2529272247258502,0.4583333333333333,0
1699,/home/test/bupt_hjk/sdp_dataset/elderAL/action0_static_new/user1_position6_activity0/20250813=211849_mimo5s_part0.csv,1,6,0,57,4.691153,0.01019800000000004,0.304978,0.6046270000000002,1,11.93736379947531,5,11,0.5878419999999998,1.8074565999999999,0.12530863947519932,0.19298245614035087,0
1700,/home/test/bupt_hjk/sdp_dataset/elderAL/action0_static_new/user2_position6_activity0/20250813=213306_mimo5s_part0.csv,2,6,0,19,4.710601,0.15737000000000023,0.6747488000000001,0.9212779999999999,1,3.8211684666139205,5,11,1.895254,2.8446654,0.40233804561243885,0.5789473684210527,0
1701,/home/test/bupt_hjk/sdp_dataset/elderAL/action0_static_new/user2_position6_activity0/20250813=213336_mimo5s_part0.csv,2,6,0,12,5.12744,0.357901,1.0750022999999997,1.778571,1,2.145320081756198,5,11,3.399375,4.9483682,0.6629770411745433,0.9166666666666666,0
1702,/home/test/bupt_hjk/sdp_dataset/elderAL/action0_static_new/user2_position6_activity0/20250813=213406_mimo5s_part0.csv,2,6,0,23,4.650055,0.15593100000000004,0.5798283,0.8720559999999999,2,4.731126836134196,5,11,1.83559,2.3714632,0.39474586859725314,0.4782608695652174,0
1703,/home/test/bupt_hjk/sdp_dataset/elderAL/action0_static_new/user2_position8_activity0/20250813=213735_mimo5s_part0.csv,2,8,0,37,5.016882,0.07403999999999994,0.3093175000000001,0.9113929999999995,0,7.1757717243499055,5,11,1.0633989999999998,1.9053734,0.2119641243306101,0.2972972972972973,0
1704,/home/test/bupt_hjk/sdp_dataset/elderAL/action0_static_new/user2_position8_activity0/20250813=213717_mimo5s_part0.csv,2,8,0,35,5.013311,0.07085000000000008,0.376394,0.9607710000000003,1,6.7819451057395,5,11,1.0199149999999997,2.0250158000000003,0.2034413983094206,0.3142857142857143,0
1705,/home/test/bupt_hjk/sdp_dataset/elderAL/action0_static_new/user2_position6_activity0/20250813=213318_mimo5s_part0.csv,2,6,0,31,4.621226,0.06475700000000006,0.3380113000000004,0.85056,0,6.491783782052641,5,11,1.267031,1.947149,0.27417637657193134,0.3548387096774194,0
1706,/home/test/bupt_hjk/sdp_dataset/elderAL/action0_static_new/user2_position6_activity0/20250813=213412_mimo5s_part0.csv,2,6,0,30,6.909472999999999,0.07679599999999986,0.6246320999999999,1.469507,1,4.197136308369684,5,11,1.5305434999999998,4.3747439,0.22151378259962806,0.36666666666666664,0
1707,/home/test/bupt_hjk/sdp_dataset/elderAL/action0_static_new/user2_position6_activity0/20250813=213312_mimo5s_part0.csv,2,6,0,25,5.2160519999999995,0.08342099999999975,0.6862309999999996,1.3100390000000002,0,4.6011811231943245,5,11,1.2284209999999995,3.0452072,0.23550781318897887,0.44,0
1708,/home/test/bupt_hjk/sdp_dataset/elderAL/action0_static_new/user1_position6_activity0/20250813=211830_mimo5s_part0.csv,1,6,0,85,3.793504,0.009962999999999944,0.16363699999999992,0.45294100000000004,1,22.143116232380407,5,11,0.3783540000000001,0.7642538000000003,0.09973734046411974,0.12941176470588237,0
1709,/home/test/bupt_hjk/sdp_dataset/elderAL/action0_static_new/user2_position6_activity0/20250813=213342_mimo5s_part0.csv,2,6,0,25,4.763007,0.08412200000000025,0.45264080000000007,1.332357,1,5.038833661172449,5,11,1.495505,2.9307730000000003,0.31398337226882095,0.44,0
1710,/home/test/bupt_hjk/sdp_dataset/elderAL/action0_static_new/user2_position6_activity0/20250813=213323_mimo5s_part0.csv,2,6,0,25,6.42477,0.15400800000000014,0.6197277999999998,1.613613,1,3.7355422840039414,5,11,2.1785050000000004,4.611884400000001,0.339079064308917,0.44,0
1711,/home/test/bupt_hjk/sdp_dataset/elderAL/action0_static_new/user2_position6_activity0/20250813=213254_mimo5s_part0.csv,2,6,0,31,5.132169,0.1039000000000001,0.46593000000000023,0.642906,0,5.845481705688179,5,11,1.487523,1.8902090000000005,0.28984294944301325,0.3548387096774194,0
1712,/home/test/bupt_hjk/sdp_dataset/elderAL/action0_static_new/user2_position6_activity0/20250813=213400_mimo5s_part0.csv,2,6,0,24,4.104719,0.1266109999999998,0.4279278000000002,1.186035,0,5.60330682806789,5,11,1.351098,2.1408567,0.32915724559951604,0.4583333333333333,0
1713,/home/test/bupt_hjk/sdp_dataset/elderAL/action0_static_new/user2_position4_activity0/20250813=212927_mimo5s_part0.csv,2,4,0,11,4.4636569999999995,0.464974,0.9444928000000001,0.9798479999999998,1,2.240315508113639,5,11,3.6080469999999996,3.9986829999999998,0.8083163648102889,1.0,1
1714,/home/test/bupt_hjk/sdp_dataset/elderAL/action0_static_new/user2_position6_activity0/20250813=213354_mimo5s_part0.csv,2,6,0,44,4.194731,0.015522999999999954,0.2484556000000003,1.04487,0,10.250955305596474,5,11,0.7173454999999999,1.7761152,0.17101108509699428,0.25,0
1715,/home/test/bupt_hjk/sdp_dataset/elderAL/action0_static_new/user2_position4_activity0/20250813=213038_mimo5s_part0.csv,2,4,0,11,4.4626339999999995,0.1809689999999997,1.0507558,1.3129749999999993,1,2.240829070902969,5,11,3.021587,4.450870999999999,0.677085998986249,1.0,1
1716,/home/test/bupt_hjk/sdp_dataset/elderAL/action0_static_new/user2_position4_activity0/20250813=213026_mimo5s_part0.csv,2,4,0,14,4.89926,0.2621590000000005,0.8185000000000004,1.476621,0,2.6534619513967415,5,11,3.0306335,4.5521211,0.6185900523752567,0.7857142857142857,0
1717,/home/test/bupt_hjk/sdp_dataset/elderAL/action0_static_new/user2_position4_activity0/20250813=212939_mimo5s_part0.csv,2,4,0,16,4.022905,0.20472999999999986,0.8360530000000003,1.4264110000000003,2,3.7286488246677467,5,11,2.0114525,2.7478815,0.5,0.6875,0
1718,/home/test/bupt_hjk/sdp_dataset/elderAL/action0_static_new/user2_position4_activity0/20250813=213020_mimo5s_part0.csv,2,4,0,23,4.002191,0.14795950000000002,0.49044599999999977,0.6254190000000002,2,5.496989024261961,5,11,1.5282909999999998,2.3460318,0.3818635842217425,0.4782608695652174,0
1719,/home/test/bupt_hjk/sdp_dataset/elderAL/action0_static_new/user2_position4_activity0/20250813=212933_mimo5s_part0.csv,2,4,0,14,5.037463,0.2012299999999998,0.9071557999999996,1.362244,0,2.5806641160441277,5,11,3.1110325,4.6497285,0.617579225892081,0.7857142857142857,0
1720,/home/test/bupt_hjk/sdp_dataset/elderAL/action0_static_new/user2_position4_activity0/20250813=213008_mimo5s_part0.csv,2,4,0,28,4.098517,0.06420249999999972,0.3452630000000001,1.186357,1,6.587748690562952,5,11,1.30749,1.7573581,0.3190153902008946,0.39285714285714285,0
1721,/home/test/bupt_hjk/sdp_dataset/elderAL/action0_static_new/user2_position4_activity0/20250813=213032_mimo5s_part0.csv,2,4,0,18,6.263113,0.28716300000000006,1.0913004999999998,1.503507,1,2.7143051706076515,5,11,2.971465,4.7273179,0.4744389890458626,0.6111111111111112,0
1722,/home/test/bupt_hjk/sdp_dataset/elderAL/action0_static_new/user2_position4_activity0/20250813=212957_mimo5s_part0.csv,2,4,0,14,4.10211,0.2947139999999999,0.8212488000000006,1.213796,0,3.169100779842569,5,11,2.4133674999999997,2.8590695,0.58832344817667,0.7857142857142857,0
1723,/home/test/bupt_hjk/sdp_dataset/elderAL/action0_static_new/user2_position4_activity0/20250813=213002_mimo5s_part0.csv,2,4,0,18,3.46887,0.16461999999999982,0.5885205,0.670347,1,4.900731362086213,5,11,1.4884594999999998,1.9845995,0.42909059722618603,0.6111111111111112,0
1724,/home/test/bupt_hjk/sdp_dataset/elderAL/action0_static_new/user2_position4_activity0/20250813=213014_mimo5s_part0.csv,2,4,0,21,6.183281999999999,0.12192000000000025,0.5399919999999996,2.7588209999999997,1,3.2345282003958418,5,11,1.5031729999999994,4.538435,0.24310277292868085,0.5238095238095238,0
1725,/home/test/bupt_hjk/sdp_dataset/elderAL/action0_static_new/user2_position4_activity0/20250813=212945_mimo5s_part0.csv,2,4,0,36,3.730765,0.056445999999999996,0.29195360000000004,0.8447119999999999,0,9.38145393773127,5,11,0.8019939999999999,1.6673485000000001,0.2149677076953386,0.3055555555555556,0
1726,/home/test/bupt_hjk/sdp_dataset/elderAL/action0_static_new/user2_position9_activity0/20250813=213912_mimo5s_part0.csv,2,9,0,14,6.365214,0.42387200000000025,0.9684608000000001,1.45662,0,2.0423508149136858,5,11,3.972138,4.907668,0.6240384062499705,0.7857142857142857,0
1727,/home/test/bupt_hjk/sdp_dataset/elderAL/action0_static_new/user2_position4_activity0/20250813=212921_mimo5s_part0.csv,2,4,0,28,5.072378,0.13668099999999983,0.40469750000000027,0.947173,1,5.322947146289176,5,11,1.4577209999999998,2.6746480999999998,0.2873841421124372,0.39285714285714285,0
1728,/home/test/bupt_hjk/sdp_dataset/elderAL/action0_static_new/user2_position4_activity0/20250813=212951_mimo5s_part0.csv,2,4,0,23,4.762341,0.040561499999999806,0.4676880000000001,1.7066200000000005,0,4.6195768005693,5,11,1.620288,2.2458268000000006,0.340229311592765,0.4782608695652174,0
1729,/home/test/bupt_hjk/sdp_dataset/elderAL/action0_static_new/user2_position9_activity0/20250813=213936_mimo5s_part0.csv,2,9,0,16,3.459288,0.11709500000000006,0.6575736000000001,0.9957369999999999,2,4.336152410553848,5,11,1.8457905,2.7539675,0.5335752617301595,0.6875,0
1730,/home/test/bupt_hjk/sdp_dataset/elderAL/action0_static_new/user2_position4_activity0/20250813=213044_mimo5s_part0.csv,2,4,0,30,5.3424819999999995,0.04436800000000041,0.4297671999999999,1.382697,0,5.428188620944348,5,11,0.8394525000000002,3.8649660999999997,0.15712781063183745,0.36666666666666664,0
1731,/home/test/bupt_hjk/sdp_dataset/elderAL/action0_static_new/user2_position9_activity0/20250813=213930_mimo5s_part0.csv,2,9,0,11,3.3340289999999997,0.31539949999999994,0.4978873999999996,1.4675239999999998,0,2.999374030639806,5,11,2.83606,3.2401389999999997,0.8506404713336327,1.0,1
1732,/home/test/bupt_hjk/sdp_dataset/elderAL/action0_static_new/user2_position6_activity0/20250813=213418_mimo5s_part0.csv,2,6,0,50,3.636628,0.01190800000000003,0.20787519999999998,0.7068509999999999,0,13.474020438714106,5,11,0.6469164999999999,1.2663870999999998,0.17788910496206922,0.22,0
1733,/home/test/bupt_hjk/sdp_dataset/elderAL/action0_static_new/user2_position9_activity0/20250813=213900_mimo5s_part0.csv,2,9,0,29,4.836563,0.10254899999999978,0.37895240000000013,0.8567490000000002,1,5.789235041495376,5,11,1.406209,2.6658773999999994,0.2907455149452204,0.3793103448275862,0
1734,/home/test/bupt_hjk/sdp_dataset/elderAL/action0_static_new/user2_position9_activity0/20250813=213953_mimo5s_part0.csv,2,9,0,31,3.1748019999999997,0.022924499999999903,0.275139,0.448901,0,9.449408183565465,5,11,0.909267,1.179647,0.2864011676948673,0.3548387096774194,0
1735,/home/test/bupt_hjk/sdp_dataset/elderAL/action0_static_new/user2_position9_activity0/20250813=213906_mimo5s_part0.csv,2,9,0,15,5.604944,0.3150339999999998,1.0436662,1.354462,1,2.497794804015883,5,11,3.454334,4.6549676,0.6163012511811001,0.7333333333333333,0
1736,/home/test/bupt_hjk/sdp_dataset/elderAL/action0_static_new/user2_position9_activity0/20250813=213918_mimo5s_part0.csv,2,9,0,23,5.013591,0.15218449999999997,0.6174687000000001,1.2448430000000001,2,4.388072341760626,5,11,1.9255169999999997,3.1244986,0.3840594496040861,0.4782608695652174,0
1737,/home/test/bupt_hjk/sdp_dataset/elderAL/action0_static_new/user2_position9_activity0/20250813=213854_mimo5s_part0.csv,2,9,0,32,4.26572,0.007715999999999945,0.3144359999999997,1.112552,0,7.2672374183021855,5,11,0.731699,2.5523030999999996,0.17153001134626744,0.34375,0
1738,/home/test/bupt_hjk/sdp_dataset/elderAL/action0_static_new/user2_position6_activity0/20250813=213348_mimo5s_part0.csv,2,6,0,62,5.012911,0.01970800000000006,0.2527249,0.9416349999999998,1,12.168578297121174,5,11,0.6004234999999998,1.4847993999999995,0.11977541592100872,0.1774193548387097,0
1739,/home/test/bupt_hjk/sdp_dataset/elderAL/action0_static_new/user2_position9_activity0/20250813=213924_mimo5s_part0.csv,2,9,0,14,3.876,0.2539595,0.8635151000000001,1.115891,1,3.3539731682146545,5,11,2.3400944999999997,3.4186823,0.6037395510835912,0.7857142857142857,0
1740,/home/test/bupt_hjk/sdp_dataset/elderAL/action0_static_new/user2_position9_activity0/20250813=213958_mimo5s_part0.csv,2,9,0,18,6.589955,0.2657209999999999,1.0989682,1.442713,0,2.5796837762928577,5,11,3.2021349999999993,4.479100600000001,0.4859115122940899,0.6111111111111112,0
1741,/home/test/bupt_hjk/sdp_dataset/elderAL/action0_static_new/user2_position9_activity0/20250813=213941_mimo5s_part0.csv,2,9,0,13,2.6736009999999997,0.05063050000000002,0.5989153000000002,0.9507779999999997,0,4.48832866235463,5,11,1.4186119999999998,1.7734131999999996,0.5305997416966854,0.8461538461538461,0
1742,/home/test/bupt_hjk/sdp_dataset/elderAL/action0_static_new/user0_position8_activity0/20250813=210228_mimo5s_part0.csv,0,8,0,14,4.5298929999999995,0.07613000000000003,1.2499942000000006,1.607231,0,2.869824960545426,5,11,3.1059884999999996,3.8703901999999997,0.6856648711128497,0.7857142857142857,0
1743,/home/test/bupt_hjk/sdp_dataset/elderAL/action0_static_new/user2_position9_activity0/20250813=213947_mimo5s_part0.csv,2,9,0,29,3.0739639999999997,0.02312800000000001,0.22269000000000005,1.4558679999999997,0,9.108759894390436,5,11,0.583151,1.9226815999999998,0.18970651575620276,0.3793103448275862,0
1744,/home/test/bupt_hjk/sdp_dataset/elderAL/action0_static_new/user2_position9_activity0/20250813=213842_mimo5s_part0.csv,2,9,0,24,5.124747999999999,0.08875600000000006,0.6124975999999998,0.8005089999999999,0,4.488025557549367,5,11,2.1392885,3.4920037999999995,0.4174426723031065,0.4583333333333333,0
1745,/home/test/bupt_hjk/sdp_dataset/elderAL/action0_static_new/user0_position8_activity0/20250813=210319_mimo5s_part0.csv,0,8,0,7,4.257345,0.676642,1.0073815000000002,1.06482,0,1.4093290536707737,5,11,4.257345,4.257345,1.0,1.0,1
1746,/home/test/bupt_hjk/sdp_dataset/elderAL/action0_static_new/user0_position8_activity0/20250813=210300_mimo5s_part0.csv,0,8,0,7,5.0074119999999995,0.335156,2.0110364999999994,2.5451129999999997,0,1.1982237531083921,5,11,5.0074119999999995,5.0074119999999995,1.0,1.0,1
1747,/home/test/bupt_hjk/sdp_dataset/elderAL/action0_static_new/user0_position8_activity0/20250813=210307_mimo5s_part0.csv,0,8,0,21,5.187624,0.17135299999999987,0.7189710000000002,0.7318629999999999,1,3.855329530436285,5,11,2.2451869999999996,2.9675739999999995,0.43279678712258246,0.5238095238095238,0
1748,/home/test/bupt_hjk/sdp_dataset/elderAL/action0_static_new/user0_position8_activity0/20250813=210254_mimo5s_part0.csv,0,8,0,11,5.0181949999999995,0.33420949999999994,0.9829489999999999,1.53644,0,1.9927483886138344,5,11,3.4706069999999993,5.007046999999999,0.6916046506761893,1.0,1
1749,/home/test/bupt_hjk/sdp_dataset/elderAL/action0_static_new/user0_position8_activity0/20250813=210222_mimo5s_part0.csv,0,8,0,14,3.907174,0.09210799999999997,0.9229208000000007,1.7082799999999998,0,3.32721296773576,5,11,2.5702605,3.5810817,0.6578310820045383,0.7857142857142857,0
1750,/home/test/bupt_hjk/sdp_dataset/elderAL/action0_static_new/user2_position9_activity0/20250813=213836_mimo5s_part0.csv,2,9,0,46,5.319332999999999,0.013732999999999995,0.34748980000000007,1.1793400000000003,2,8.459707260289965,5,11,1.0164309999999999,2.5653335000000004,0.1910824157840842,0.2391304347826087,0
1751,/home/test/bupt_hjk/sdp_dataset/elderAL/action0_static_new/user0_position8_activity0/20250813=210234_mimo5s_part0.csv,0,8,0,19,5.00991,0.31370699999999996,0.5860134999999999,1.4206699999999999,2,3.5928789139924673,5,11,2.843296,3.4139409999999994,0.5675343469243959,0.5789473684210527,0
1752,/home/test/bupt_hjk/sdp_dataset/elderAL/action0_static_new/user0_position8_activity0/20250813=210215_mimo5s_part0.csv,0,8,0,32,5.027136,0.11441150000000011,0.3452124999999998,1.3063820000000002,1,6.166532992145031,5,11,1.2215734999999999,2.5875835000000005,0.2429959125832283,0.34375,0
1753,/home/test/bupt_hjk/sdp_dataset/elderAL/action0_static_new/user0_position8_activity0/20250813=210241_mimo5s_part0.csv,0,8,0,21,5.134975,0.16809499999999988,0.48176850000000093,1.1666649999999996,0,3.8948583001864665,5,11,2.226788,2.782052,0.43365118622778104,0.5238095238095238,0
1754,/home/test/bupt_hjk/sdp_dataset/elderAL/action0_static_new/user2_position9_activity0/20250813=213848_mimo5s_part0.csv,2,9,0,58,5.224335,0.01254900000000006,0.21815549999999995,0.9156019999999998,1,10.910479515574709,5,11,0.608366,1.7688180999999996,0.11644850492933549,0.1896551724137931,0
1755,/home/test/bupt_hjk/sdp_dataset/elderAL/action0_static_new/user0_position8_activity0/20250813=210338_mimo5s_part0.csv,0,8,0,25,5.361197,0.10035400000000028,0.4444826,1.8495449999999996,1,4.476612219248799,5,11,1.2742559999999998,3.3742791999999997,0.23768124916879568,0.44,0
1756,/home/test/bupt_hjk/sdp_dataset/elderAL/action0_static_new/user1_position8_activity0/20250813=212306_mimo5s_part0.csv,1,8,0,15,4.9935339999999995,0.3299780000000001,0.8159002000000002,0.9645859999999997,1,2.8036256486888846,5,11,3.1552619999999996,4.0887998,0.6318695336809562,0.7333333333333333,0
1757,/home/test/bupt_hjk/sdp_dataset/elderAL/action0_static_new/user0_position8_activity0/20250813=210313_mimo5s_part0.csv,0,8,0,21,5.141825,0.1684429999999999,0.6659299000000001,1.2751899999999998,0,3.889669523953071,5,11,2.316755,2.6003249999999998,0.4505705658982949,0.5238095238095238,0
1758,/home/test/bupt_hjk/sdp_dataset/elderAL/action0_static_new/user1_position8_activity0/20250813=212242_mimo5s_part0.csv,1,8,0,18,6.6209229999999994,0.32514299999999974,1.0292964,1.487314,0,2.567617838177547,5,11,3.0034419999999997,5.1725095,0.4536288973606852,0.6111111111111112,0
1759,/home/test/bupt_hjk/sdp_dataset/elderAL/action0_static_new/user0_position8_activity0/20250813=210247_mimo5s_part0.csv,0,8,0,34,4.554911,0.033812000000000175,0.342536,1.194036,0,7.244927507913986,5,11,0.66258,3.0927161999999995,0.1454649717634439,0.3235294117647059,0
1760,/home/test/bupt_hjk/sdp_dataset/elderAL/action0_static_new/user1_position8_activity0/20250813=212254_mimo5s_part0.csv,1,8,0,17,4.954562,0.10852050000000046,0.925928,1.640731,0,3.229347013923733,5,11,2.621746,4.3198336,0.5291579760229057,0.6470588235294118,0
1761,/home/test/bupt_hjk/sdp_dataset/elderAL/action0_static_new/user0_position8_activity0/20250813=210345_mimo5s_part0.csv,0,8,0,47,6.284357,0.02471000000000001,0.3513250000000001,1.340776,0,7.3197623877828715,5,11,0.8752040000000001,3.0662735999999997,0.13926707219211132,0.23404255319148937,0
1762,/home/test/bupt_hjk/sdp_dataset/elderAL/action0_static_new/user0_position8_activity0/20250813=210331_mimo5s_part0.csv,0,8,0,47,4.626728,0.02201999999999993,0.2642954,0.9360660000000003,1,9.94223131336011,5,11,0.76344,1.7488048,0.16500645812764442,0.23404255319148937,0
1763,/home/test/bupt_hjk/sdp_dataset/elderAL/action0_static_new/user1_position8_activity0/20250813=212300_mimo5s_part0.csv,1,8,0,11,4.603155999999999,0.2961719999999999,1.2428016,1.339292,1,2.172422572687087,5,11,3.224843,4.550752999999999,0.7005721726571944,1.0,1
1764,/home/test/bupt_hjk/sdp_dataset/elderAL/action0_static_new/user1_position8_activity0/20250813=212324_mimo5s_part0.csv,1,8,0,17,5.6973769999999995,0.27970999999999996,1.043933,1.507082,0,2.808309859080767,5,11,3.1933059999999998,4.4935730000000005,0.5604870451788604,0.6470588235294118,0
1765,/home/test/bupt_hjk/sdp_dataset/elderAL/action0_static_new/user0_position2_activity0/20250813=205231_mimo5s_part0.csv,0,2,0,7,4.782673,0.23196750000000022,2.1071984999999995,2.7575699999999994,0,1.2545285868383642,5,11,4.782673,4.782673,1.0,1.0,1
1766,/home/test/bupt_hjk/sdp_dataset/elderAL/action0_static_new/user1_position8_activity0/20250813=212236_mimo5s_part0.csv,1,8,0,15,4.6389879999999994,0.3273809999999999,0.6236686000000001,0.932611,1,3.0178995936182638,5,11,2.582807,3.5718745999999997,0.556760871121029,0.7333333333333333,0
1767,/home/test/bupt_hjk/sdp_dataset/elderAL/action0_static_new/user1_position8_activity0/20250813=212248_mimo5s_part0.csv,1,8,0,30,4.780657,0.07501999999999986,0.31759300000000007,1.6149020000000003,0,6.066111833582707,5,11,1.0455009999999998,3.0311535,0.21869399959043284,0.36666666666666664,0
1768,/home/test/bupt_hjk/sdp_dataset/elderAL/action0_static_new/user1_position8_activity0/20250813=212230_mimo5s_part0.csv,1,8,0,18,4.62971,0.13846349999999985,0.8860245,1.1889450000000004,1,3.6719362551866097,5,11,2.314855,3.3151137999999998,0.5,0.6111111111111112,0
1769,/home/test/bupt_hjk/sdp_dataset/elderAL/action0_static_new/user1_position8_activity0/20250813=212312_mimo5s_part0.csv,1,8,0,15,5.9354759999999995,0.3275389999999998,1.2649592000000007,1.9833839999999996,1,2.3586987800136,5,11,3.752479,5.3250278,0.6322119742376181,0.7333333333333333,0
1770,/home/test/bupt_hjk/sdp_dataset/elderAL/action0_static_new/user0_position8_activity0/20250813=210325_mimo5s_part0.csv,0,8,0,49,7.578596999999999,0.012009999999999632,0.4472290000000001,1.683281,2,6.333626131591376,5,11,0.9159930000000003,4.4368308,0.12086577502405793,0.22448979591836735,0
1771,/home/test/bupt_hjk/sdp_dataset/elderAL/action0_static_new/user1_position8_activity0/20250813=212212_mimo5s_part0.csv,1,8,0,17,3.991739,0.21970299999999982,0.4131755000000001,1.073706,0,4.008278096338463,5,11,1.85565,2.6015487999999998,0.4648725780919043,0.6470588235294118,0
1772,/home/test/bupt_hjk/sdp_dataset/elderAL/action0_static_new/user1_position8_activity0/20250813=212224_mimo5s_part0.csv,1,8,0,21,4.176321,0.10023300000000002,0.6565171999999999,1.366288,1,4.788903918065685,5,11,1.50922,2.707837,0.3613754785611547,0.5238095238095238,0
1773,/home/test/bupt_hjk/sdp_dataset/elderAL/action0_static_new/user1_position8_activity0/20250813=212318_mimo5s_part0.csv,1,8,0,27,5.9252769999999995,0.1353304999999998,0.4478110000000003,1.172051,0,4.3879805112908645,5,11,1.4755660000000002,3.7489334,0.24902903273551605,0.4074074074074074,0
1774,/home/test/bupt_hjk/sdp_dataset/elderAL/action0_static_new/user0_position2_activity0/20250813=205155_mimo5s_part0.csv,0,2,0,18,5.9539409999999995,0.24257600000000012,0.8405524999999998,1.372947,1,2.8552516727995796,5,11,2.5462769999999995,3.4757775,0.4276624508035937,0.6111111111111112,0
1775,/home/test/bupt_hjk/sdp_dataset/elderAL/action0_static_new/user0_position2_activity0/20250813=205206_mimo5s_part0.csv,0,2,0,12,4.1778059999999995,0.38425099999999984,0.8436997999999998,0.8771329999999997,1,2.63296093691282,5,11,2.7679609999999997,3.7726091999999998,0.6625393807180132,0.9166666666666666,0
1776,/home/test/bupt_hjk/sdp_dataset/elderAL/action0_static_new/user0_position2_activity0/20250813=205138_mimo5s_part0.csv,0,2,0,15,4.995092,0.2935,0.8812545999999998,1.652236,1,2.8027511805588365,5,11,2.929023,3.8335894,0.5863801907952847,0.7333333333333333,0
1777,/home/test/bupt_hjk/sdp_dataset/elderAL/action0_static_new/user1_position8_activity0/20250813=212205_mimo5s_part0.csv,1,8,0,32,6.339618,0.1286624999999999,0.43049239999999994,1.253849,1,4.889884532474985,5,11,1.9942195,2.4508771999999994,0.3145646157229032,0.34375,0
1778,/home/test/bupt_hjk/sdp_dataset/elderAL/action0_static_new/user0_position2_activity0/20250813=205127_mimo5s_part0.csv,0,2,0,14,5.0785149999999994,0.28322,0.71914,1.4792779999999999,0,2.559803407098335,5,11,3.1786769999999995,3.8964793999999996,0.6259067857434703,0.7857142857142857,0
1779,/home/test/bupt_hjk/sdp_dataset/elderAL/action0_static_new/user1_position8_activity0/20250813=212218_mimo5s_part0.csv,1,8,0,42,7.282831,0.10533849999999978,0.4099370000000002,1.201196,1,5.629678898219662,5,11,1.0406104999999999,2.541638,0.1428854383686783,0.2619047619047619,0
1780,/home/test/bupt_hjk/sdp_dataset/elderAL/action0_static_new/user0_position2_activity0/20250813=205201_mimo5s_part0.csv,0,2,0,11,4.654192999999999,0.12106699999999981,1.5943706,1.9664930000000003,1,2.1486001977141904,5,11,2.9556379999999995,4.591247,0.6350484391171574,1.0,1
1781,/home/test/bupt_hjk/sdp_dataset/elderAL/action0_static_new/user0_position2_activity0/20250813=205225_mimo5s_part0.csv,0,2,0,13,2.420195,0.10742699999999994,0.6594729000000003,0.7804429999999999,0,4.9582781552726125,5,11,2.00841,2.3539208,0.829854619152589,0.8461538461538461,0
1782,/home/test/bupt_hjk/sdp_dataset/elderAL/action0_static_new/user0_position2_activity0/20250813=205236_mimo5s_part0.csv,0,2,0,11,2.75467,0.15094299999999983,0.6744458000000002,1.3407930000000001,1,3.630198898597654,5,11,1.8666349999999998,2.619106,0.6776256321083831,1.0,1
1783,/home/test/bupt_hjk/sdp_dataset/elderAL/action0_static_new/user0_position2_activity0/20250813=205133_mimo5s_part0.csv,0,2,0,11,4.933935,0.3136880000000001,1.1806011999999997,1.484578,0,2.0267798420530467,5,11,3.556365,4.605084,0.7207968892982984,1.0,1
1784,/home/test/bupt_hjk/sdp_dataset/elderAL/action0_static_new/user0_position2_activity0/20250813=205242_mimo5s_part0.csv,0,2,0,25,5.038342999999999,0.12846999999999997,0.5540189999999998,1.108276,1,4.763470847459176,5,11,1.4626219999999996,3.365872,0.29029821907718467,0.44,0
1785,/home/test/bupt_hjk/sdp_dataset/elderAL/action0_static_new/user0_position2_activity0/20250813=205144_mimo5s_part0.csv,0,2,0,35,5.816046999999999,0.06777699999999975,0.33757329999999997,1.3716469999999998,0,5.845894986749592,5,11,0.843915,3.3891758000000003,0.14510113140419947,0.3142857142857143,0
1786,/home/test/bupt_hjk/sdp_dataset/elderAL/action0_static_new/user0_position2_activity0/20250813=205149_mimo5s_part0.csv,0,2,0,24,5.560398999999999,0.07015099999999999,0.5177260000000001,1.654851,0,4.1363938091493075,5,11,1.0423135000000003,4.1925789,0.18745300472142384,0.4583333333333333,0
1787,/home/test/bupt_hjk/sdp_dataset/elderAL/action0_static_new/user0_position2_activity0/20250813=205212_mimo5s_part0.csv,0,2,0,31,4.5447869999999995,0.11787999999999998,0.3568744,0.5038649999999998,1,6.600969418368782,5,11,1.2572459999999999,1.6905159999999997,0.2766347465788826,0.3548387096774194,0
1788,/home/test/bupt_hjk/sdp_dataset/elderAL/action0_static_new/user0_position2_activity0/20250813=205248_mimo5s_part0.csv,0,2,0,32,4.847569,0.0795009999999996,0.3414461999999998,0.8522689999999999,2,6.394957967591591,5,11,1.1747165,2.6055305,0.24233105294633248,0.34375,0
1789,/home/test/bupt_hjk/sdp_dataset/elderAL/action0_static_new/user1_position5_activity0/20250813=211700_mimo5s_part0.csv,1,5,0,18,3.6692639999999996,0.1909970000000003,0.41239600000000043,0.9885539999999999,0,4.633081729741987,5,11,1.728449,2.4756234,0.47106149898181215,0.6111111111111112,0
1790,/home/test/bupt_hjk/sdp_dataset/elderAL/action0_static_new/user1_position5_activity0/20250813=211731_mimo5s_part0.csv,1,5,0,18,5.011372,0.3124714999999999,0.7521529999999998,1.063234,1,3.392284587933205,5,11,2.3961254999999997,3.0451636,0.4781376237884555,0.6111111111111112,0
1791,/home/test/bupt_hjk/sdp_dataset/elderAL/action0_static_new/user1_position5_activity0/20250813=211750_mimo5s_part0.csv,1,5,0,30,4.206805999999999,0.051348999999999645,0.2964875999999998,1.150949,0,6.893591004671954,5,11,0.7780794999999996,2.5209246,0.18495730490067755,0.36666666666666664,0
1792,/home/test/bupt_hjk/sdp_dataset/elderAL/action0_static_new/user1_position5_activity0/20250813=211706_mimo5s_part0.csv,1,5,0,21,6.825307,0.22583200000000048,0.6825033999999999,2.326482,1,2.930271121870416,5,11,1.933542,4.807397,0.2832901142761784,0.5238095238095238,0
1793,/home/test/bupt_hjk/sdp_dataset/elderAL/action0_static_new/user1_position5_activity0/20250813=211648_mimo5s_part0.csv,1,5,0,31,4.8999429999999995,0.05653799999999998,0.37507670000000026,0.830109,0,6.122520200745193,5,11,1.076035,2.720828,0.21960153414029515,0.3548387096774194,0
1794,/home/test/bupt_hjk/sdp_dataset/elderAL/action0_static_new/user1_position5_activity0/20250813=211654_mimo5s_part0.csv,1,5,0,32,5.536239999999999,0.04472000000000014,0.3837011000000001,1.4501609999999998,1,5.599468231146049,5,11,1.3544614999999998,3.5527016000000002,0.24465368192130396,0.34375,0
1795,/home/test/bupt_hjk/sdp_dataset/elderAL/action0_static_new/user1_position5_activity0/20250813=211629_mimo5s_part0.csv,1,5,0,28,6.539673,0.07707850000000005,0.7847135000000001,1.3270369999999998,1,4.128646799312443,5,11,1.624056,3.1094104,0.24833902245570993,0.39285714285714285,0
1796,/home/test/bupt_hjk/sdp_dataset/elderAL/action0_static_new/user1_position5_activity0/20250813=211712_mimo5s_part0.csv,1,5,0,17,3.952302,0.1781255,0.6101479999999999,0.8782570000000001,0,4.048273639008356,5,11,1.958591,2.8604256,0.4955570196811883,0.6470588235294118,0
1797,/home/test/bupt_hjk/sdp_dataset/elderAL/action0_static_new/user1_position5_activity0/20250813=211642_mimo5s_part0.csv,1,5,0,14,5.01373,0.295941,1.2302952000000005,1.478395,0,2.5928799516527614,5,11,3.678454,4.6788327999999995,0.7336761253597621,0.7857142857142857,0
1798,/home/test/bupt_hjk/sdp_dataset/elderAL/action0_static_new/user1_position5_activity0/20250813=211737_mimo5s_part0.csv,1,5,0,15,4.75801,0.15285700000000002,0.9116620000000002,1.452817,1,2.942406594353522,5,11,2.8278179999999997,4.3087934,0.5943278807736848,0.7333333333333333,0
1799,/home/test/bupt_hjk/sdp_dataset/elderAL/action0_static_new/user1_position5_activity0/20250813=211636_mimo5s_part0.csv,1,5,0,25,4.982621,0.1300460000000001,0.5926806,1.1584539999999999,1,4.816742031954668,5,11,1.5427689999999996,2.0781313999999997,0.30963001199569457,0.44,0
1800,/home/test/bupt_hjk/sdp_dataset/elderAL/action0_static_new/user1_position5_activity0/20250813=211718_mimo5s_part0.csv,1,5,0,34,5.563205,0.11690099999999992,0.469754,0.952718,0,5.931832459885983,5,11,1.257325,2.3345618999999997,0.22600731053412557,0.3235294117647059,0
1801,/home/test/bupt_hjk/sdp_dataset/elderAL/action0_static_new/user1_position5_activity0/20250813=211725_mimo5s_part0.csv,1,5,0,30,3.893658,0.0669430000000002,0.4141167999999999,0.6006480000000001,0,7.448009044451259,5,11,1.2133685,1.5686229999999997,0.3116268814569744,0.36666666666666664,0
1802,/home/test/bupt_hjk/sdp_dataset/elderAL/action0_static_new/user1_position5_activity0/20250813=211744_mimo5s_part0.csv,1,5,0,37,5.8372399999999995,0.06200150000000004,0.3594019999999998,1.395093,0,6.167298243690512,5,11,0.8275769999999998,2.9578307999999995,0.14177539385051838,0.2972972972972973,0
1803,/home/test/bupt_hjk/sdp_dataset/elderAL/action0_static_new/user1_position1_activity0/20250813=210706_mimo5s_part0.csv,1,1,0,21,5.381983,0.15314349999999965,0.7672541000000004,1.1161809999999999,0,3.716102410579892,5,11,2.238201,2.6368430000000003,0.41586920657311627,0.5238095238095238,0
1804,/home/test/bupt_hjk/sdp_dataset/elderAL/action0_static_new/user1_position5_activity0/20250813=211756_mimo5s_part0.csv,1,5,0,31,4.995327,0.059361,0.39896320000000063,0.9347519999999999,1,6.005612845765653,5,11,1.1641019999999997,2.463958,0.2330381974993829,0.3548387096774194,0
1805,/home/test/bupt_hjk/sdp_dataset/elderAL/action0_static_new/user1_position1_activity0/20250813=210700_mimo5s_part0.csv,1,1,0,18,4.065634999999999,0.2103489999999999,0.3580145999999998,1.200985,0,4.181388639167068,5,11,1.7326519999999999,2.9159508,0.4261700816723587,0.6111111111111112,0
1806,/home/test/bupt_hjk/sdp_dataset/elderAL/action0_static_new/user1_position1_activity0/20250813=210738_mimo5s_part0.csv,1,1,0,15,6.4521619999999995,0.3697309999999998,1.3554606000000002,1.486897,1,2.169815327017518,5,11,2.956253,4.0011589999999995,0.45818021928153696,0.7333333333333333,0
1807,/home/test/bupt_hjk/sdp_dataset/elderAL/action0_static_new/user1_position1_activity0/20250813=210628_mimo5s_part0.csv,1,1,0,18,4.993016,0.24674349999999998,0.7531525000000003,0.94112,1,3.404755762849548,5,11,2.238945,2.8392180000000002,0.44841534655606957,0.6111111111111112,0
1808,/home/test/bupt_hjk/sdp_dataset/elderAL/action0_static_new/user1_position1_activity0/20250813=210731_mimo5s_part0.csv,1,1,0,17,5.048474,0.27380700000000013,0.653731,1.3066269999999998,0,3.169274517408627,5,11,2.4851249999999996,3.0808279999999995,0.49225270844219454,0.6470588235294118,0
1809,/home/test/bupt_hjk/sdp_dataset/elderAL/action0_static_new/user1_position1_activity0/20250813=210752_mimo5s_part0.csv,1,1,0,27,3.294651,0.013734999999999997,0.28555299999999995,1.1185770000000002,0,7.891579411597768,5,11,0.8775349999999998,1.61446,0.2663514284214018,0.4074074074074074,0
1810,/home/test/bupt_hjk/sdp_dataset/elderAL/action0_static_new/user1_position1_activity0/20250813=210713_mimo5s_part0.csv,1,1,0,19,4.074564,0.22841049999999996,0.6029230000000001,0.759614,2,4.41765057561987,5,11,1.8470639999999996,2.4871588,0.45331574126704105,0.5789473684210527,0
1811,/home/test/bupt_hjk/sdp_dataset/elderAL/action0_static_new/user1_position1_activity0/20250813=210621_mimo5s_part0.csv,1,1,0,18,4.5527109999999995,0.1623604999999999,0.7604865000000001,0.9256659999999997,1,3.734038905610306,5,11,2.1998139999999995,2.5103615,0.4831877094768369,0.6111111111111112,0
1812,/home/test/bupt_hjk/sdp_dataset/elderAL/action0_static_new/user1_position1_activity0/20250813=210647_mimo5s_part0.csv,1,1,0,31,3.5995359999999996,0.06265750000000003,0.33348190000000016,0.6535099999999998,0,8.334407545861467,5,11,0.8284719999999999,1.8381469999999998,0.23016077627783135,0.3548387096774194,0
1813,/home/test/bupt_hjk/sdp_dataset/elderAL/action0_static_new/user1_position1_activity0/20250813=210640_mimo5s_part0.csv,1,1,0,18,3.643414,0.11503949999999996,0.6361165,0.8433169999999999,1,4.665953416218964,5,11,1.7780004999999997,2.2325659,0.488003971000825,0.6111111111111112,0
1814,/home/test/bupt_hjk/sdp_dataset/elderAL/action0_static_new/user1_position1_activity0/20250813=210725_mimo5s_part0.csv,1,1,0,11,1.959323,0.1579895,0.3968672999999999,0.617316,0,5.103803711792287,5,11,1.631343,1.951207,0.8326054458606366,1.0,1
1815,/home/test/bupt_hjk/sdp_dataset/elderAL/action0_static_new/user1_position1_activity0/20250813=210634_mimo5s_part0.csv,1,1,0,15,5.313571,0.29530299999999965,0.6025853999999997,2.6802989999999998,1,2.634762949436453,5,11,2.2284349999999997,3.9559248,0.41938556951624434,0.7333333333333333,0
1816,/home/test/bupt_hjk/sdp_dataset/elderAL/action0_static_new/user1_position1_activity0/20250813=210653_mimo5s_part0.csv,1,1,0,27,5.15587,0.054458499999999965,0.5078830000000003,1.489372,0,5.042795881199487,5,11,1.895424,2.5781946000000007,0.36762447462794834,0.4074074074074074,0
1817,/home/test/bupt_hjk/sdp_dataset/elderAL/action0_static_new/user1_position7_activity0/20250813=212115_mimo5s_part0.csv,1,7,0,18,4.259872,0.14353100000000002,0.763539,1.2005519999999998,1,3.990730237903862,5,11,1.9037145,3.0128049,0.4468947658521195,0.6111111111111112,0
1818,/home/test/bupt_hjk/sdp_dataset/elderAL/action0_static_new/user1_position1_activity0/20250813=210719_mimo5s_part0.csv,1,1,0,23,3.709558,0.05352049999999997,0.4013212000000001,0.9665079999999997,0,5.930625697185487,5,11,1.5018220000000002,1.7325629999999999,0.4048520066272047,0.4782608695652174,0
1819,/home/test/bupt_hjk/sdp_dataset/elderAL/action0_static_new/user1_position7_activity0/20250813=212132_mimo5s_part0.csv,1,7,0,19,6.872141999999999,0.23629250000000024,1.1335650000000002,1.7928629999999999,2,2.619270672812058,5,11,2.199092,5.3178186,0.3200009545786452,0.5789473684210527,0
1820,/home/test/bupt_hjk/sdp_dataset/elderAL/action0_static_new/user1_position7_activity0/20250813=212138_mimo5s_part0.csv,1,7,0,14,3.309913,0.11469299999999993,0.6198806,1.005782,0,3.9275956800072995,5,11,2.4826829999999998,2.9695234,0.7500750019713509,0.7857142857142857,0
1821,/home/test/bupt_hjk/sdp_dataset/elderAL/action0_static_new/user1_position7_activity0/20250813=212108_mimo5s_part0.csv,1,7,0,18,5.68335,0.31069100000000016,0.6489124999999999,1.4692629999999998,1,2.9911935742123923,5,11,2.391337,3.6944285,0.42076187459860825,0.6111111111111112,0
1822,/home/test/bupt_hjk/sdp_dataset/elderAL/action0_static_new/user1_position7_activity0/20250813=212126_mimo5s_part0.csv,1,7,0,14,3.202231,0.27622100000000005,0.35388320000000006,1.15366,0,4.059669649066541,5,11,2.009551,2.6798846,0.6275471694577937,0.7857142857142857,0
1823,/home/test/bupt_hjk/sdp_dataset/elderAL/action0_static_new/user1_position7_activity0/20250813=212039_mimo5s_part0.csv,1,7,0,15,5.837746999999999,0.2913180000000004,1.0510736000000003,1.4664249999999996,1,2.3981854643580824,5,11,3.2466209999999998,4.844334399999999,0.5561428064628358,0.7333333333333333,0
1824,/home/test/bupt_hjk/sdp_dataset/elderAL/action0_static_new/user1_position7_activity0/20250813=212056_mimo5s_part0.csv,1,7,0,7,4.1912199999999995,0.531171,1.3774440000000001,1.7765900000000001,0,1.431564079194125,5,11,4.1912199999999995,4.1912199999999995,1.0,1.0,1
1825,/home/test/bupt_hjk/sdp_dataset/elderAL/action0_static_new/user2_position6_activity0/20250813=213330_mimo5s_part0.csv,2,6,0,77,5.283142,0.01173799999999997,0.23707750000000005,0.3390679999999999,0,14.385379003630794,5,11,0.6673379999999999,0.9888476000000004,0.12631460596743377,0.14285714285714285,0
1826,/home/test/bupt_hjk/sdp_dataset/elderAL/action0_static_new/user1_position7_activity0/20250813=212051_mimo5s_part0.csv,1,7,0,19,5.0156719999999995,0.2332320000000001,0.7026916000000001,1.3073329999999994,1,3.5887514175568103,5,11,2.3293189999999995,2.5963297999999995,0.4644081590662228,0.5789473684210527,0
1827,/home/test/bupt_hjk/sdp_dataset/elderAL/action0_static_new/user1_position7_activity0/20250813=212026_mimo5s_part0.csv,1,7,0,20,5.489669,0.1870040000000004,0.6710081999999998,1.479317,0,3.4610465585447865,5,11,1.8934444999999998,3.9199604,0.3449105037116081,0.55,0
1828,/home/test/bupt_hjk/sdp_dataset/elderAL/action0_static_new/user1_position1_activity0/20250813=210746_mimo5s_part0.csv,1,1,0,37,4.921097,0.054440500000000114,0.3774605,1.123291,0,7.315442065051756,5,11,1.051854,1.9265689999999998,0.2137438054970264,0.2972972972972973,0
1829,/home/test/bupt_hjk/sdp_dataset/elderAL/action0_static_new/user0_position1_activity0/20250813=205008_mimo5s_part0.csv,0,1,0,14,2.8272519999999997,0.1049199999999999,0.5873890000000002,0.8784839999999999,0,4.598104449125866,5,11,1.7147104999999998,2.1802045000000003,0.6064936906932952,0.7857142857142857,0
1830,/home/test/bupt_hjk/sdp_dataset/elderAL/action0_static_new/user1_position7_activity0/20250813=212032_mimo5s_part0.csv,1,7,0,34,4.917272,0.07452399999999981,0.2881976,1.243518,0,6.711038152861994,5,11,1.1338105,2.1567519,0.23057713707925862,0.3235294117647059,0
1831,/home/test/bupt_hjk/sdp_dataset/elderAL/action0_static_new/user1_position7_activity0/20250813=212120_mimo5s_part0.csv,1,7,0,21,3.366758,0.06956200000000001,0.28558219999999984,1.3384330000000002,1,5.940432903107381,5,11,0.9881489999999999,2.3035930000000002,0.29350164163863274,0.5238095238095238,0
1832,/home/test/bupt_hjk/sdp_dataset/elderAL/action0_static_new/user0_position1_activity0/20250813=204925_mimo5s_part0.csv,0,1,0,14,3.145804,0.20270900000000003,0.5246152000000001,0.6845400000000001,0,4.132488864531929,5,11,1.8113205,2.2195413,0.5757893689498773,0.7857142857142857,0
1833,/home/test/bupt_hjk/sdp_dataset/elderAL/action0_static_new/user1_position7_activity0/20250813=212045_mimo5s_part0.csv,1,7,0,31,5.213723,0.07927400000000007,0.4422930000000002,1.081871,2,5.754045621526115,5,11,1.063517,2.607771,0.20398417790895298,0.3548387096774194,0
1834,/home/test/bupt_hjk/sdp_dataset/elderAL/action0_static_new/user0_position1_activity0/20250813=204905_mimo5s_part0.csv,0,1,0,18,6.20291,0.3128810000000001,0.5607979999999997,2.6635489999999997,1,2.7406491469326495,5,11,2.4682975000000003,4.122883,0.3979257316324113,0.6111111111111112,0
1835,/home/test/bupt_hjk/sdp_dataset/elderAL/action0_static_new/user0_position1_activity0/20250813=205002_mimo5s_part0.csv,0,1,0,11,3.417632,0.311971,0.6290452000000002,1.6876780000000002,1,2.92600256551905,5,11,2.483199,3.1056609999999996,0.7265846644694338,1.0,1
1836,/home/test/bupt_hjk/sdp_dataset/elderAL/action0_static_new/user1_position7_activity0/20250813=212102_mimo5s_part0.csv,1,7,0,25,4.6719219999999995,0.06900199999999934,0.5666205999999998,1.09309,1,5.137072065843566,5,11,1.7157089999999995,3.0798852,0.36723836570901647,0.44,0
1837,/home/test/bupt_hjk/sdp_dataset/elderAL/action0_static_new/user1_position7_activity0/20250813=212018_mimo5s_part0.csv,1,7,0,44,4.981997,0.06282799999999966,0.32845100000000005,0.5130250000000001,0,8.631077056048007,5,11,1.1130339999999999,1.552428,0.22341121441863573,0.25,0
1838,/home/test/bupt_hjk/sdp_dataset/elderAL/action0_static_new/user0_position1_activity0/20250813=204938_mimo5s_part0.csv,0,1,0,11,4.124407,0.2962720000000001,1.0056732000000002,1.8685859999999999,1,2.424590977563563,5,11,3.7255839999999996,4.123004,0.9033017352555167,1.0,1
1839,/home/test/bupt_hjk/sdp_dataset/elderAL/action0_static_new/user0_position1_activity0/20250813=204911_mimo5s_part0.csv,0,1,0,24,4.895499,0.08491050000000033,0.4412943000000002,1.7973729999999999,1,4.698193177038745,5,11,2.1802349999999997,2.5706510999999996,0.44535500875395945,0.4583333333333333,0
1840,/home/test/bupt_hjk/sdp_dataset/elderAL/action0_static_new/user0_position1_activity0/20250813=204956_mimo5s_part0.csv,0,1,0,17,5.0298419999999995,0.1986995,0.7767854999999998,1.5834749999999995,0,3.181014433455365,5,11,1.9160879999999998,4.167830599999999,0.380943973985664,0.6470588235294118,0
1841,/home/test/bupt_hjk/sdp_dataset/elderAL/action0_static_new/user0_position1_activity0/20250813=204858_mimo5s_part0.csv,0,1,0,27,3.726391,0.0558590000000001,0.34990599999999994,0.4858760000000002,0,6.977260303602065,5,11,1.232515,1.5225938,0.33075299934977304,0.4074074074074074,0
1842,/home/test/bupt_hjk/sdp_dataset/elderAL/action0_static_new/user1_position7_activity0/20250813=212144_mimo5s_part0.csv,1,7,0,51,7.789263999999999,0.039916500000000354,0.35866759999999953,1.3610490000000004,0,6.4190917139282995,5,11,0.7775370000000006,4.448824,0.09982162627945344,0.21568627450980393,0
1843,/home/test/bupt_hjk/sdp_dataset/elderAL/action0_static_new/user2_position5_activity0/20250813=213138_mimo5s_part0.csv,2,5,0,15,5.196937,0.3289909999999998,0.9182442000000003,1.4820510000000002,1,2.693894499779389,5,11,2.7605310000000003,3.2424422,0.5311842340978927,0.7333333333333333,0
1844,/home/test/bupt_hjk/sdp_dataset/elderAL/action0_static_new/user0_position1_activity0/20250813=204950_mimo5s_part0.csv,0,1,0,24,4.239043,0.07345400000000002,0.44100450000000024,1.0147059999999999,1,5.425752935273363,5,11,1.3848624999999997,2.1945931,0.32669225105760896,0.4583333333333333,0
1845,/home/test/bupt_hjk/sdp_dataset/elderAL/action0_static_new/user2_position5_activity0/20250813=213214_mimo5s_part0.csv,2,5,0,18,6.296463999999999,0.23389900000000008,1.0294975,1.7583030000000002,1,2.6999280866213167,5,11,2.7939089999999998,5.0309308999999995,0.4437266694449456,0.6111111111111112,0
1846,/home/test/bupt_hjk/sdp_dataset/elderAL/action0_static_new/user0_position1_activity0/20250813=204838_mimo5s_part0.csv,0,1,0,21,4.2032039999999995,0.06542700000000012,0.3798206000000007,1.538844,0,4.758274877926459,5,11,1.3197869999999998,3.080746,0.3139954663156963,0.5238095238095238,0
1847,/home/test/bupt_hjk/sdp_dataset/elderAL/action0_static_new/user0_position1_activity0/20250813=204931_mimo5s_part0.csv,0,1,0,24,4.043959,0.054749,0.2949996000000001,1.6669569999999996,0,5.68749584256418,5,11,0.666997,3.2355145,0.1649366375870774,0.4583333333333333,0
1848,/home/test/bupt_hjk/sdp_dataset/elderAL/action0_static_new/user2_position5_activity0/20250813=213114_mimo5s_part0.csv,2,5,0,21,6.29223,0.1394650000000004,0.9629313999999997,1.4797779999999996,1,3.1785233534057085,5,11,2.759518,3.7593289999999993,0.43855962035717067,0.5238095238095238,0
1849,/home/test/bupt_hjk/sdp_dataset/elderAL/action0_static_new/user0_position1_activity0/20250813=204845_mimo5s_part0.csv,0,1,0,50,5.109145,0.015664000000000122,0.24655520000000022,1.247369,0,9.590645792984931,5,11,0.8151625000000001,1.9687456,0.15954968982089962,0.22,0
1850,/home/test/bupt_hjk/sdp_dataset/elderAL/action0_static_new/user2_position5_activity0/20250813=213220_mimo5s_part0.csv,2,5,0,24,5.107366,0.13005000000000067,0.5117177999999998,0.9205760000000001,0,4.503299743938461,5,11,1.7937079999999996,3.4845648999999996,0.351200207700016,0.4583333333333333,0
1851,/home/test/bupt_hjk/sdp_dataset/elderAL/action0_static_new/user0_position1_activity0/20250813=204917_mimo5s_part0.csv,0,1,0,50,4.009593,0.025869000000000142,0.25582940000000004,0.5462210000000001,0,12.220691726067958,5,11,0.6716714999999999,1.3821712,0.16751612944256436,0.22,0
1852,/home/test/bupt_hjk/sdp_dataset/elderAL/action0_static_new/user2_position5_activity0/20250813=213208_mimo5s_part0.csv,2,5,0,14,4.207984,0.3117869999999998,0.5659622,0.9984609999999999,0,3.089365358803646,5,11,2.5517475,3.0824858,0.606406179301062,0.7857142857142857,0
1853,/home/test/bupt_hjk/sdp_dataset/elderAL/action0_static_new/user2_position5_activity0/20250813=213201_mimo5s_part0.csv,2,5,0,21,5.2285379999999995,0.13156299999999987,0.7001354,1.472482,1,3.82516106796967,5,11,2.528584,3.55103,0.48361205369455096,0.5238095238095238,0
1854,/home/test/bupt_hjk/sdp_dataset/elderAL/action0_static_new/user2_position5_activity0/20250813=213126_mimo5s_part0.csv,2,5,0,14,4.038066,0.1331655,0.9422116,1.063107,1,3.219362932651423,5,11,2.201507,3.0795852999999997,0.5451884639825104,0.7857142857142857,0
1855,/home/test/bupt_hjk/sdp_dataset/elderAL/action0_static_new/user2_position5_activity0/20250813=213132_mimo5s_part0.csv,2,5,0,21,4.725439,0.09550149999999999,0.6470730000000001,0.7360090000000001,0,4.232410999274354,5,11,1.36382,3.06044,0.28861233845151746,0.5238095238095238,0
1856,/home/test/bupt_hjk/sdp_dataset/elderAL/action0_static_new/user0_position1_activity0/20250813=204944_mimo5s_part0.csv,0,1,0,42,5.286809,0.06429400000000007,0.3728394,0.9560330000000001,1,7.755150602187444,5,11,0.9054254999999998,2.2166316999999998,0.17126124662343575,0.2619047619047619,0
1857,/home/test/bupt_hjk/sdp_dataset/elderAL/action0_static_new/user2_position5_activity0/20250813=213226_mimo5s_part0.csv,2,5,0,11,4.944083,0.3357739999999999,1.1786089999999998,1.487237,0,2.0226197658898526,5,11,4.010891,4.641363,0.8112507415429717,1.0,1
1858,/home/test/bupt_hjk/sdp_dataset/elderAL/action0_static_new/user0_position1_activity0/20250813=204852_mimo5s_part0.csv,0,1,0,53,5.018923,0.013279499999999889,0.24488929999999998,0.921835,0,10.360788559617273,5,11,0.7451690000000002,1.365975200000001,0.1484718932727201,0.20754716981132076,0
1859,/home/test/bupt_hjk/sdp_dataset/elderAL/action0_static_new/user2_position5_activity0/20250813=213108_mimo5s_part0.csv,2,5,0,26,4.502657999999999,0.16568899999999998,0.3444782000000001,0.9538289999999998,2,5.552276011191612,5,11,1.5788885,1.9773684999999999,0.3506569897158523,0.4230769230769231,0
1860,/home/test/bupt_hjk/sdp_dataset/elderAL/action0_static_new/user2_position5_activity0/20250813=213156_mimo5s_part0.csv,2,5,0,20,5.370492,0.19190299999999993,0.6565205999999993,1.4840650000000002,0,3.5378509082594296,5,11,1.7475364999999998,4.021179699999999,0.3253959786179739,0.55,0
1861,/home/test/bupt_hjk/sdp_dataset/elderAL/action0_static_new/user2_position5_activity0/20250813=213150_mimo5s_part0.csv,2,5,0,31,5.412363,0.09693450000000037,0.5397998,0.894023,0,5.542865472992111,5,11,1.0736160000000003,3.038046,0.19836363525506334,0.3548387096774194,0
1862,/home/test/bupt_hjk/sdp_dataset/elderAL/action0_static_new/user1_position4_activity0/20250813=211532_mimo5s_part0.csv,1,4,0,11,5.183503,0.431461,0.948782,1.183961,0,1.9291973015159825,5,11,3.918992,4.789398,0.7560508791062723,1.0,1
1863,/home/test/bupt_hjk/sdp_dataset/elderAL/action0_static_new/user1_position4_activity0/20250813=211501_mimo5s_part0.csv,1,4,0,15,5.159943999999999,0.3128409999999997,1.0076168000000003,1.1944579999999998,1,2.7132077402390418,5,11,3.5801749999999997,4.2498841999999994,0.6938398943864508,0.7333333333333333,0
1864,/home/test/bupt_hjk/sdp_dataset/elderAL/action0_static_new/user1_position4_activity0/20250813=211538_mimo5s_part0.csv,1,4,0,12,5.146833,0.37363100000000005,1.0727691999999998,1.479472,1,2.1372366268732637,5,11,3.1996029999999998,5.0070597999999995,0.6216644293685067,0.9166666666666666,0
1865,/home/test/bupt_hjk/sdp_dataset/elderAL/action0_static_new/user1_position4_activity0/20250813=211436_mimo5s_part0.csv,1,4,0,11,3.681279,0.28473249999999994,0.9651671999999997,1.2393360000000002,0,2.716447191315844,5,11,3.054113,3.423879,0.8296336680811207,1.0,1
1866,/home/test/bupt_hjk/sdp_dataset/elderAL/action0_static_new/user1_position4_activity0/20250813=211557_mimo5s_part0.csv,1,4,0,20,4.573172,0.20388200000000012,0.5061962,0.954031,0,4.154665514439431,5,11,1.9148034999999999,3.1514607,0.41870358254620643,0.55,0
1867,/home/test/bupt_hjk/sdp_dataset/elderAL/action0_static_new/user1_position4_activity0/20250813=211507_mimo5s_part0.csv,1,4,0,22,6.502663,0.25077799999999995,0.9457156,1.0993339999999998,1,3.229446151522845,5,11,2.57873,4.601933900000001,0.39656522258650034,0.5,0
1868,/home/test/bupt_hjk/sdp_dataset/elderAL/action0_static_new/user1_position4_activity0/20250813=211526_mimo5s_part0.csv,1,4,0,24,4.997974,0.01870100000000008,0.44088800000000006,1.470988,0,4.6018646755665396,5,11,1.0618324999999997,3.3757305,0.21245258578776113,0.4583333333333333,0
1869,/home/test/bupt_hjk/sdp_dataset/elderAL/action0_static_new/user2_position5_activity0/20250813=213232_mimo5s_part0.csv,2,5,0,25,5.639514999999999,0.1577010000000001,0.6898663999999999,1.0281469999999997,1,4.2556851076732665,5,11,2.276482,2.9198226,0.40366627272026057,0.44,0
1870,/home/test/bupt_hjk/sdp_dataset/elderAL/action0_static_new/user1_position4_activity0/20250813=211455_mimo5s_part0.csv,1,4,0,15,5.528496,0.2998799999999999,1.042902,1.4834250000000002,1,2.5323342912792195,5,11,3.8445669999999996,4.2637944,0.6954092035157482,0.7333333333333333,0
1871,/home/test/bupt_hjk/sdp_dataset/elderAL/action0_static_new/user1_position4_activity0/20250813=211603_mimo5s_part0.csv,1,4,0,15,5.396186999999999,0.2805649999999993,1.0644774000000001,1.5165369999999998,1,2.5944245445904675,5,11,3.2023610000000002,4.4285596,0.5934488556456625,0.7333333333333333,0
1872,/home/test/bupt_hjk/sdp_dataset/elderAL/action0_static_new/user2_position5_activity0/20250813=213144_mimo5s_part0.csv,2,5,0,34,4.595562999999999,0.013770999999999756,0.3557462,0.702251,0,7.180839431425487,5,11,0.9625900000000001,2.1586787999999997,0.20946073419078362,0.3235294117647059,0
1873,/home/test/bupt_hjk/sdp_dataset/elderAL/action0_static_new/user1_position4_activity0/20250813=211544_mimo5s_part0.csv,1,4,0,28,5.643517999999999,0.0656374999999998,0.6601155000000001,1.212283,1,4.784249824311716,5,11,0.8847229999999997,3.9234697,0.15676799471535305,0.39285714285714285,0
1874,/home/test/bupt_hjk/sdp_dataset/elderAL/action0_static_new/user2_position5_activity0/20250813=213120_mimo5s_part0.csv,2,5,0,52,4.4209629999999995,0.012046499999999849,0.2477260999999997,0.927568,1,11.535948163330026,5,11,0.7714915,1.6967089999999998,0.17450756769509268,0.21153846153846154,0
1875,/home/test/bupt_hjk/sdp_dataset/elderAL/action0_static_new/user1_position4_activity0/20250813=211449_mimo5s_part0.csv,1,4,0,30,5.104444,0.0840639999999998,0.4150845000000001,1.2721259999999999,1,5.681323960063035,5,11,1.4060479999999997,3.1749183,0.2754556617723693,0.36666666666666664,0
1876,/home/test/bupt_hjk/sdp_dataset/elderAL/action0_static_new/user1_position4_activity0/20250813=211514_mimo5s_part0.csv,1,4,0,15,5.95955,0.30390949999999983,0.9841652000000004,1.64169,0,2.349170658858471,5,11,3.1095589999999995,4.9450628000000005,0.5217774831992348,0.7333333333333333,0
1877,/home/test/bupt_hjk/sdp_dataset/elderAL/action0_static_new/user0_position9_activity0/20250813=210525_mimo5s_part0.csv,0,9,0,11,5.520932,0.4128290000000001,0.8619780999999995,1.7387139999999999,0,1.8112883839177878,5,11,4.34378,5.512797,0.7867838256294407,1.0,1
1878,/home/test/bupt_hjk/sdp_dataset/elderAL/action0_static_new/user0_position9_activity0/20250813=210435_mimo5s_part0.csv,0,9,0,15,4.5026399999999995,0.2687379999999999,0.9781936,1.099254,1,3.109286996073415,5,11,3.1597589999999998,3.8840571999999995,0.7017569692447098,0.7333333333333333,0
1879,/home/test/bupt_hjk/sdp_dataset/elderAL/action0_static_new/user0_position9_activity0/20250813=210404_mimo5s_part0.csv,0,9,0,21,5.387735999999999,0.03995799999999994,0.9710483999999993,1.326851,1,3.7121343733248997,5,11,1.4295689999999994,3.5714539999999997,0.26533761119698507,0.5238095238095238,0
1880,/home/test/bupt_hjk/sdp_dataset/elderAL/action0_static_new/user0_position9_activity0/20250813=210512_mimo5s_part0.csv,0,9,0,13,5.189711,0.3076425000000004,1.3417477000000004,1.471239,0,2.3122674846441353,5,11,3.68826,4.8289296,0.7106869727427982,0.8461538461538461,0
1881,/home/test/bupt_hjk/sdp_dataset/elderAL/action0_static_new/user1_position4_activity0/20250813=211550_mimo5s_part0.csv,1,4,0,28,6.799894999999999,0.18452349999999978,0.5807904999999995,1.654944,1,3.970649546794473,5,11,1.9320195,3.7389961,0.28412490192863277,0.39285714285714285,0
1882,/home/test/bupt_hjk/sdp_dataset/elderAL/action0_static_new/user0_position9_activity0/20250813=210531_mimo5s_part0.csv,0,9,0,22,5.311694,0.173246,0.49421860000000073,1.587637,1,3.953540998408417,5,11,1.9298014999999997,3.6244384000000003,0.3633118737638124,0.5,0
1883,/home/test/bupt_hjk/sdp_dataset/elderAL/action0_static_new/user1_position4_activity0/20250813=211443_mimo5s_part0.csv,1,4,0,29,5.386521,0.025705999999999563,0.36708640000000037,1.41479,0,5.198160371044687,5,11,0.8909219999999998,4.0556064,0.16539840836042405,0.3793103448275862,0
1884,/home/test/bupt_hjk/sdp_dataset/elderAL/action0_static_new/user0_position9_activity0/20250813=210519_mimo5s_part0.csv,0,9,0,21,6.035685,0.19324049999999993,0.8359141000000004,1.0922990000000001,0,3.3136255454020547,5,11,2.080534,3.3252759999999997,0.3447055305238759,0.5238095238095238,0
1885,/home/test/bupt_hjk/sdp_dataset/elderAL/action0_static_new/user0_position9_activity0/20250813=210441_mimo5s_part0.csv,0,9,0,18,7.521084999999999,0.3112870000000001,1.0933156000000006,1.8143289999999999,0,2.2603121757033726,5,11,3.0895114999999995,5.4892404,0.41078002708385825,0.6111111111111112,0
1886,/home/test/bupt_hjk/sdp_dataset/elderAL/action0_static_new/user0_position9_activity0/20250813=210423_mimo5s_part0.csv,0,9,0,17,5.926564,0.3368770000000002,0.826274,0.9227719999999999,0,2.699709308800175,5,11,2.742717,3.3198170000000005,0.46278366351903055,0.6470588235294118,0
1887,/home/test/bupt_hjk/sdp_dataset/elderAL/action0_static_new/user0_position9_activity0/20250813=210410_mimo5s_part0.csv,0,9,0,26,4.72169,0.12817,0.5981572000000002,0.8176829999999999,2,5.294714392516239,5,11,1.7341395,2.9195909999999996,0.36727093477123657,0.4230769230769231,0
1888,/home/test/bupt_hjk/sdp_dataset/elderAL/action0_static_new/user0_position9_activity0/20250813=210429_mimo5s_part0.csv,0,9,0,20,3.6579479999999998,0.11027899999999999,0.4303091999999997,0.8354469999999999,0,5.194168971237426,5,11,1.345302,2.3556781,0.3677750476496659,0.55,0
1889,/home/test/bupt_hjk/sdp_dataset/elderAL/action0_static_new/user1_position4_activity0/20250813=211520_mimo5s_part0.csv,1,4,0,43,4.89434,0.024096999999999924,0.30612649999999986,0.8186499999999999,0,8.581340895810262,5,11,0.8286009999999999,2.5231785999999996,0.16929780113355428,0.2558139534883721,0
1890,/home/test/bupt_hjk/sdp_dataset/elderAL/action0_static_new/user0_position9_activity0/20250813=210506_mimo5s_part0.csv,0,9,0,18,6.278416,0.16829599999999978,1.098258,1.5019709999999997,1,2.707689328008848,5,11,2.6067639999999996,4.7739575,0.4151945331433915,0.6111111111111112,0
1891,/home/test/bupt_hjk/sdp_dataset/elderAL/action0_static_new/user0_position7_activity0/20250813=210033_mimo5s_part0.csv,0,7,0,13,1.852126,0.10299549999999993,0.33151259999999994,0.3931260000000001,0,6.4790408427936335,5,11,1.353958,1.7637732000000002,0.7310290984522652,0.8461538461538461,0
1892,/home/test/bupt_hjk/sdp_dataset/elderAL/action0_static_new/user0_position9_activity0/20250813=210447_mimo5s_part0.csv,0,9,0,32,4.240324,0.060101000000000016,0.32986199999999954,0.5496449999999999,1,7.310762102141251,5,11,0.9062679999999999,2.0124055000000003,0.21372612092849505,0.34375,0
1893,/home/test/bupt_hjk/sdp_dataset/elderAL/action0_static_new/user0_position9_activity0/20250813=210500_mimo5s_part0.csv,0,9,0,35,5.237403,0.07497200000000004,0.38363019999999987,1.237282,1,6.491767007427155,5,11,1.3629249999999997,1.6668534,0.2602291631940486,0.3142857142857143,0
1894,/home/test/bupt_hjk/sdp_dataset/elderAL/action0_static_new/user0_position7_activity0/20250813=210129_mimo5s_part0.csv,0,7,0,13,4.155552,0.19191099999999972,0.7336022000000002,1.6005179999999999,0,2.887703005521288,5,11,2.5538359999999996,3.8253931999999997,0.6145599910673719,0.8461538461538461,0
1895,/home/test/bupt_hjk/sdp_dataset/elderAL/action0_static_new/user0_position9_activity0/20250813=210453_mimo5s_part0.csv,0,9,0,27,4.908499,0.13765249999999998,0.4219815,0.945715,0,5.296934969325654,5,11,1.6413949999999997,3.0218858,0.3343985605375492,0.4074074074074074,0
1896,/home/test/bupt_hjk/sdp_dataset/elderAL/action0_static_new/user0_position7_activity0/20250813=210058_mimo5s_part0.csv,0,7,0,14,4.167136999999999,0.18874599999999964,0.6391624000000001,1.578784,0,3.119647854150224,5,11,2.5518789999999996,3.7679629,0.6123818343385399,0.7857142857142857,0
1897,/home/test/bupt_hjk/sdp_dataset/elderAL/action0_static_new/user0_position7_activity0/20250813=210104_mimo5s_part0.csv,0,7,0,12,5.156931,0.1502945,1.4580006999999995,2.67181,1,2.1330516153890753,5,11,3.1335784999999996,5.0058542,0.6076440619430432,0.9166666666666666,0
1898,/home/test/bupt_hjk/sdp_dataset/elderAL/action0_static_new/user0_position7_activity0/20250813=210142_mimo5s_part0.csv,0,7,0,13,4.835484999999999,0.24823299999999993,1.2967495000000002,1.471623,0,2.481653856852002,5,11,3.2881119999999995,4.443789799999999,0.6799963188801124,0.8461538461538461,0
1899,/home/test/bupt_hjk/sdp_dataset/elderAL/action0_static_new/user0_position7_activity0/20250813=210110_mimo5s_part0.csv,0,7,0,4,1.185834,0.2828520000000001,0.6945576,0.797484,0,2.52986505699786,5,11,1.185834,1.185834,1.0,1.0,1
1900,/home/test/bupt_hjk/sdp_dataset/elderAL/action0_static_new/user0_position7_activity0/20250813=210116_mimo5s_part0.csv,0,7,0,31,4.425237,0.04173699999999991,0.3213447999999999,1.321856,1,6.779297922348565,5,11,0.9695049999999998,2.822996,0.2190854410735515,0.3548387096774194,0
1901,/home/test/bupt_hjk/sdp_dataset/elderAL/action0_static_new/user0_position3_activity0/20250813=205410_mimo5s_part0.csv,0,3,0,7,2.43548,0.21727750000000018,0.9957714999999998,1.4832739999999998,0,2.463580074564357,5,11,2.43548,2.43548,1.0,1.0,1
1902,/home/test/bupt_hjk/sdp_dataset/elderAL/action0_static_new/user0_position7_activity0/20250813=210051_mimo5s_part0.csv,0,7,0,31,5.422829999999999,0.1107895000000001,0.4731570000000003,0.878528,0,5.532166783764198,5,11,1.72386,2.2152649999999996,0.31788936772865833,0.3548387096774194,0
1903,/home/test/bupt_hjk/sdp_dataset/elderAL/action0_static_new/user0_position7_activity0/20250813=210027_mimo5s_part0.csv,0,7,0,20,4.495552,0.159517,0.6702859999999999,0.8080289999999999,0,4.226399783608331,5,11,2.247776,3.051206,0.5,0.55,0
1904,/home/test/bupt_hjk/sdp_dataset/elderAL/action0_static_new/user0_position7_activity0/20250813=210039_mimo5s_part0.csv,0,7,0,17,5.93535,0.15449400000000013,1.1945264999999998,1.851052,0,2.6957129739610974,5,11,2.7389129999999997,4.8120922,0.46145770679066944,0.6470588235294118,0
1905,/home/test/bupt_hjk/sdp_dataset/elderAL/action0_static_new/user0_position7_activity0/20250813=210136_mimo5s_part0.csv,0,7,0,15,4.937327,0.326101,0.8811080000000001,1.1125630000000002,1,2.835542389637146,5,11,2.505902,3.3595469999999996,0.5075422389483216,0.7333333333333333,0
1906,/home/test/bupt_hjk/sdp_dataset/elderAL/action0_static_new/user0_position7_activity0/20250813=210122_mimo5s_part0.csv,0,7,0,32,6.2244019999999995,0.07584700000000005,0.4480761000000001,0.967476,1,4.98039811695967,5,11,1.7191845000000001,2.4239210000000004,0.2762007498872984,0.34375,0
1907,/home/test/bupt_hjk/sdp_dataset/elderAL/action0_static_new/user0_position3_activity0/20250813=205337_mimo5s_part0.csv,0,3,0,15,6.374067999999999,0.28645799999999966,1.2972572000000004,1.8738040000000002,0,2.1963995363714353,5,11,4.17017,5.5193176,0.6542399610421477,0.7333333333333333,0
1908,/home/test/bupt_hjk/sdp_dataset/elderAL/action0_static_new/user0_position3_activity0/20250813=205416_mimo5s_part0.csv,0,3,0,11,5.0279549999999995,0.4535650000000002,0.8993987999999998,0.941954,1,1.9888801709641397,5,11,3.748999,4.598752,0.7456309772064389,1.0,1
1909,/home/test/bupt_hjk/sdp_dataset/elderAL/action0_static_new/user0_position9_activity0/20250813=210417_mimo5s_part0.csv,0,9,0,61,3.8698289999999997,0.012267000000000028,0.22542180000000017,0.48511000000000015,1,15.504561054248134,5,11,0.5538289999999999,0.9231250000000002,0.14311459240188648,0.18032786885245902,0
1910,/home/test/bupt_hjk/sdp_dataset/elderAL/action0_static_new/user0_position7_activity0/20250813=210148_mimo5s_part0.csv,0,7,0,28,4.944363,0.13504150000000006,0.30906750000000005,1.439726,1,5.460764106518878,5,11,1.479244,2.8656078999999997,0.29917787185123745,0.39285714285714285,0
1911,/home/test/bupt_hjk/sdp_dataset/elderAL/action0_static_new/user0_position3_activity0/20250813=205429_mimo5s_part0.csv,0,3,0,11,3.849302,0.1450419999999999,1.4581222,1.4939149999999999,1,2.597873588510333,5,11,3.4432929999999997,3.83887,0.8945239942202509,1.0,1
1912,/home/test/bupt_hjk/sdp_dataset/elderAL/action0_static_new/user0_position7_activity0/20250813=210154_mimo5s_part0.csv,0,7,0,31,5.268583,0.1473270000000002,0.43935360000000007,0.674606,1,5.694130660938625,5,11,1.4107949999999998,2.8569569999999995,0.2677750355266302,0.3548387096774194,0
1913,/home/test/bupt_hjk/sdp_dataset/elderAL/action0_static_new/user0_position3_activity0/20250813=205435_mimo5s_part0.csv,0,3,0,8,2.4864539999999997,0.309413,0.9267759999999998,1.4980689999999997,1,2.815254173212133,5,11,2.4851494999999995,2.4864539999999997,0.9994753572758635,1.0,1
1914,/home/test/bupt_hjk/sdp_dataset/elderAL/action0_static_new/user1_position8_activity0/20250813=212330_mimo5s_part0.csv,1,8,0,104,5.3003279999999995,0.011540999999999801,0.19268819999999987,0.34984400000000004,0,19.432759632988752,5,11,0.4963745,0.7324014999999999,0.09364977035383472,0.10576923076923077,0
1915,/home/test/bupt_hjk/sdp_dataset/elderAL/action0_static_new/user0_position3_activity0/20250813=205312_mimo5s_part0.csv,0,3,0,18,4.172327999999999,0.19981500000000013,0.6332054999999999,0.9076279999999999,1,4.074463944349534,5,11,2.19041,2.4235181999999997,0.5249850922554508,0.6111111111111112,0
1916,/home/test/bupt_hjk/sdp_dataset/elderAL/action0_static_new/user0_position3_activity0/20250813=205306_mimo5s_part0.csv,0,3,0,17,5.017549,0.23406350000000004,0.8553904999999999,1.171873,0,3.1888079219555205,5,11,2.5852579999999996,2.9367613999999995,0.5152431994186802,0.6470588235294118,0
1917,/home/test/bupt_hjk/sdp_dataset/elderAL/action0_static_new/user0_position3_activity0/20250813=205318_mimo5s_part0.csv,0,3,0,34,3.799879,0.024544999999999817,0.3096958,0.609305,0,8.68448705866687,5,11,0.970201,1.7309822999999995,0.2553241826910804,0.3235294117647059,0
1918,/home/test/bupt_hjk/sdp_dataset/elderAL/action0_static_new/user0_position3_activity0/20250813=205422_mimo5s_part0.csv,0,3,0,27,4.924867,0.10387149999999994,0.4737054999999999,0.8263449999999999,0,5.279330385977937,5,11,1.5772789999999999,2.1374512,0.32026834430249584,0.4074074074074074,0
1919,/home/test/bupt_hjk/sdp_dataset/elderAL/action0_static_new/user0_position7_activity0/20250813=210045_mimo5s_part0.csv,0,7,0,47,4.97399,0.03322550000000002,0.2808674999999999,0.9591729999999998,0,9.248108661255854,5,11,0.8053889999999999,1.851405,0.16192010840391716,0.23404255319148937,0
1920,/home/test/bupt_hjk/sdp_dataset/elderAL/action0_static_new/user0_position3_activity0/20250813=205358_mimo5s_part0.csv,0,3,0,27,4.73082,0.08812700000000007,0.5185609999999999,0.735447,0,5.495875979217134,5,11,1.5046719999999998,2.2048442,0.31805733466925395,0.4074074074074074,0
1921,/home/test/bupt_hjk/sdp_dataset/elderAL/action0_static_new/user0_position3_activity0/20250813=205404_mimo5s_part0.csv,0,3,0,18,5.01148,0.30264499999999994,0.7407030000000001,0.9060819999999996,1,3.3922114824363265,5,11,2.54357,3.3605391,0.5075486682576804,0.6111111111111112,0
1922,/home/test/bupt_hjk/sdp_dataset/elderAL/action0_static_new/user0_position3_activity0/20250813=205324_mimo5s_part0.csv,0,3,0,44,6.161233999999999,0.024955999999999978,0.30085400000000023,1.249132,0,6.979121390292919,5,11,0.7855240000000001,2.8040312,0.12749458955787107,0.25,0
1923,/home/test/bupt_hjk/sdp_dataset/elderAL/action0_static_new/user2_position3_activity0/20250813=212825_mimo5s_part0.csv,2,3,0,19,5.789668,0.15718299999999985,1.0411130000000002,1.2578019999999999,1,3.108986560196543,5,11,2.7933019999999997,3.7918841999999997,0.48246324314278466,0.5789473684210527,0
1924,/home/test/bupt_hjk/sdp_dataset/elderAL/action0_static_new/user0_position3_activity0/20250813=205343_mimo5s_part0.csv,0,3,0,30,5.145341999999999,0.07444399999999973,0.5566862000000001,0.9586240000000001,2,5.636165681503776,5,11,1.757321,2.7376582000000003,0.3415362866064102,0.36666666666666664,0
1925,/home/test/bupt_hjk/sdp_dataset/elderAL/action0_static_new/user2_position3_activity0/20250813=212755_mimo5s_part0.csv,2,3,0,17,3.9356329999999997,0.228503,0.5243005,0.8809750000000001,0,4.065419717742991,5,11,1.926494,2.3709914,0.48950041835709784,0.6470588235294118,0
1926,/home/test/bupt_hjk/sdp_dataset/elderAL/action0_static_new/user2_position3_activity0/20250813=212738_mimo5s_part0.csv,2,3,0,18,4.4585669999999995,0.21111449999999987,0.7038134999999999,0.9356639999999999,1,3.8128842742522435,5,11,1.953073,3.0333337,0.438049489892156,0.6111111111111112,0
1927,/home/test/bupt_hjk/sdp_dataset/elderAL/action0_static_new/user2_position3_activity0/20250813=212801_mimo5s_part0.csv,2,3,0,17,6.0615689999999995,0.2705764999999998,1.009016,1.4790729999999996,0,2.639580610234743,5,11,2.6228339999999997,4.4738556,0.43269886064152696,0.6470588235294118,0
1928,/home/test/bupt_hjk/sdp_dataset/elderAL/action0_static_new/user0_position3_activity0/20250813=205330_mimo5s_part0.csv,0,3,0,56,4.7505429999999995,0.008739500000000011,0.24800139999999998,1.1052319999999995,1,11.577623863208903,5,11,0.7029569999999998,1.2884839999999997,0.14797403160017705,0.19642857142857142,0
1929,/home/test/bupt_hjk/sdp_dataset/elderAL/action0_static_new/user2_position3_activity0/20250813=212837_mimo5s_part0.csv,2,3,0,21,5.399527,0.07741749999999992,0.4911634000000008,1.778607,0,3.704028149132322,5,11,1.1907839999999998,3.8171349999999995,0.22053487277681913,0.5238095238095238,0
1930,/home/test/bupt_hjk/sdp_dataset/elderAL/action0_static_new/user2_position3_activity0/20250813=212807_mimo5s_part0.csv,2,3,0,14,4.090377999999999,0.19564799999999982,0.8465588000000003,1.0302259999999999,0,3.1781903775152327,5,11,2.5781735,3.4023342,0.6303020160972899,0.7857142857142857,0
1931,/home/test/bupt_hjk/sdp_dataset/elderAL/action0_static_new/user0_position3_activity0/20250813=205351_mimo5s_part0.csv,0,3,0,53,5.373167,0.02851899999999985,0.3010269999999998,0.6091040000000001,0,9.677718931870162,5,11,0.8149299999999995,1.6055784000000013,0.15166660556055667,0.20754716981132076,0
1932,/home/test/bupt_hjk/sdp_dataset/elderAL/action0_static_new/user2_position3_activity0/20250813=212743_mimo5s_part0.csv,2,3,0,35,5.970616,0.06558699999999984,0.45973679999999983,1.15618,1,5.6945547997057595,5,11,1.6342560000000002,2.794905000000001,0.2737164808455275,0.3142857142857143,0
1933,/home/test/bupt_hjk/sdp_dataset/elderAL/action0_static_new/user2_position3_activity0/20250813=212844_mimo5s_part0.csv,2,3,0,38,5.817422,0.04195200000000021,0.3805028,1.3812799999999998,0,6.36020560310048,5,11,0.6774359999999997,2.9219945000000007,0.11644952007951284,0.2894736842105263,0
1934,/home/test/bupt_hjk/sdp_dataset/elderAL/action0_static_new/user2_position3_activity0/20250813=212813_mimo5s_part0.csv,2,3,0,18,5.274374,0.09628299999999967,0.8458564999999999,1.876224,1,3.2231313137824507,5,11,2.7553125,3.7279209,0.522396117529777,0.6111111111111112,0
1935,/home/test/bupt_hjk/sdp_dataset/elderAL/action0_static_new/user2_position3_activity0/20250813=212819_mimo5s_part0.csv,2,3,0,29,4.991607999999999,0.11574499999999999,0.4773715999999998,0.553704,1,5.6094148418705965,5,11,1.419698,2.7088628,0.2844169654347858,0.3793103448275862,0
1936,/home/test/bupt_hjk/sdp_dataset/elderAL/action0_static_new/user0_position6_activity0/20250813=210002_mimo5s_part0.csv,0,6,0,11,5.132442999999999,0.15464300000000009,1.5692540999999995,2.585166,0,1.9483898798291577,5,11,4.756616,5.127768,0.9267742476633448,1.0,1
1937,/home/test/bupt_hjk/sdp_dataset/elderAL/action0_static_new/user2_position3_activity0/20250813=212732_mimo5s_part0.csv,2,3,0,19,4.851395999999999,0.21711199999999975,0.699525,0.8000229999999999,1,3.710272259778423,5,11,2.0678599999999996,2.6085374,0.42624019972807825,0.5789473684210527,0
1938,/home/test/bupt_hjk/sdp_dataset/elderAL/action0_static_new/user2_position3_activity0/20250813=212749_mimo5s_part0.csv,2,3,0,31,4.93478,0.08501449999999994,0.2972269000000001,1.61886,0,6.079298367911032,5,11,0.9641409999999997,3.223875,0.1953766935912036,0.3548387096774194,0
1939,/home/test/bupt_hjk/sdp_dataset/elderAL/action0_static_new/user2_position3_activity0/20250813=212856_mimo5s_part0.csv,2,3,0,30,4.890922,0.05860100000000035,0.48886479999999993,0.9878419999999999,0,5.929352379776247,5,11,1.0203434999999998,3.1739768,0.2086198675832491,0.36666666666666664,0
1940,/home/test/bupt_hjk/sdp_dataset/elderAL/action0_static_new/user0_position6_activity0/20250813=205925_mimo5s_part0.csv,0,6,0,18,4.648071,0.08538300000000021,0.7123412,1.278313,0,3.6574312225437176,5,11,2.1311275,3.3778364,0.4584971916306786,0.6111111111111112,0
1941,/home/test/bupt_hjk/sdp_dataset/elderAL/action0_static_new/user0_position6_activity0/20250813=205834_mimo5s_part0.csv,0,6,0,13,3.173591,0.1879115,0.4548802,1.0041699999999998,0,3.7812055806813163,5,11,2.320401,2.809451,0.731159434218209,0.8461538461538461,0
1942,/home/test/bupt_hjk/sdp_dataset/elderAL/action0_static_new/user0_position6_activity0/20250813=205841_mimo5s_part0.csv,0,6,0,22,5.328967,0.26020599999999994,0.5234251999999999,0.9343589999999997,1,3.9407262232999383,5,11,2.1684514999999998,2.65233,0.40691779476209927,0.5,0
1943,/home/test/bupt_hjk/sdp_dataset/elderAL/action0_static_new/user0_position6_activity0/20250813=205931_mimo5s_part0.csv,0,6,0,18,4.459718,0.2992030000000002,0.6433195,0.6747719999999997,1,3.811900214318484,5,11,2.4168629999999998,3.0529611,0.5419317992752009,0.6111111111111112,0
1944,/home/test/bupt_hjk/sdp_dataset/elderAL/action0_static_new/user0_position6_activity0/20250813=205912_mimo5s_part0.csv,0,6,0,17,4.646723,0.276189,0.6826414999999999,1.127904,0,3.4432868066377105,5,11,2.082353,2.5778858,0.44813366322890347,0.6470588235294118,0
1945,/home/test/bupt_hjk/sdp_dataset/elderAL/action0_static_new/user0_position6_activity0/20250813=205949_mimo5s_part0.csv,0,6,0,25,5.761832,0.16685399999999984,0.4918888,1.621912,1,4.1653418565484035,5,11,1.1913710000000002,4.1299278,0.20676947887408034,0.44,0
1946,/home/test/bupt_hjk/sdp_dataset/elderAL/action0_static_new/user0_position6_activity0/20250813=205906_mimo5s_part0.csv,0,6,0,20,4.996509,0.1575799999999994,0.7908776000000003,1.19459,0,3.802655013730587,5,11,2.0039714999999996,2.5726608,0.40107433009727383,0.55,0
1947,/home/test/bupt_hjk/sdp_dataset/elderAL/action0_static_new/user2_position1_activity0/20250813=211029_mimo5s_part0.csv,2,1,0,8,3.117378,0.5365989999999999,0.8300115,0.922852,1,2.245476807753182,5,11,3.0272224999999997,3.117378,0.971079702236944,1.0,1
1948,/home/test/bupt_hjk/sdp_dataset/elderAL/action0_static_new/user2_position1_activity0/20250813=211102_mimo5s_part0.csv,2,1,0,15,5.284369,0.2445339999999998,0.7540234000000002,2.360384,1,2.6493229371378115,5,11,3.944607,4.5575963999999995,0.7464669859353122,0.7333333333333333,0
1949,/home/test/bupt_hjk/sdp_dataset/elderAL/action0_static_new/user0_position6_activity0/20250813=205937_mimo5s_part0.csv,0,6,0,18,6.175085999999999,0.3455250000000003,0.9122600000000001,1.2332349999999996,1,2.7529980958969644,5,11,3.1809849999999997,4.4619175,0.5151320969456944,0.6111111111111112,0
1950,/home/test/bupt_hjk/sdp_dataset/elderAL/action0_static_new/user0_position6_activity0/20250813=205955_mimo5s_part0.csv,0,6,0,23,6.334091,0.24543649999999984,0.8038316999999999,1.091019,2,3.473268697907877,5,11,2.7159500000000003,3.3734081999999996,0.4287829145492227,0.4782608695652174,0
1951,/home/test/bupt_hjk/sdp_dataset/elderAL/action0_static_new/user2_position1_activity0/20250813=211055_mimo5s_part0.csv,2,1,0,11,4.788749999999999,0.3888505,0.9729540999999997,1.4674420000000001,0,2.0882276168102325,5,11,3.82447,4.466657,0.798636387366223,1.0,1
1952,/home/test/bupt_hjk/sdp_dataset/elderAL/action0_static_new/user2_position1_activity0/20250813=211108_mimo5s_part0.csv,2,1,0,18,5.235393999999999,0.23973550000000007,0.8275524999999998,0.9404779999999999,1,3.2471290603916345,5,11,2.7588155,3.8936477999999997,0.5269547048416987,0.6111111111111112,0
1953,/home/test/bupt_hjk/sdp_dataset/elderAL/action0_static_new/user2_position1_activity0/20250813=211042_mimo5s_part0.csv,2,1,0,18,5.848428999999999,0.21543199999999985,1.2282039999999999,1.36727,1,2.906763508627702,5,11,2.946055,4.475211,0.5037344216711873,0.6111111111111112,0
1954,/home/test/bupt_hjk/sdp_dataset/elderAL/action0_static_new/user0_position6_activity0/20250813=205853_mimo5s_part0.csv,0,6,0,50,4.997604,0.022241999999999873,0.24458220000000017,0.7163240000000002,0,9.80469841147878,5,11,0.7672140000000001,1.2847885,0.1535163650421282,0.22,0
1955,/home/test/bupt_hjk/sdp_dataset/elderAL/action0_static_new/user2_position3_activity0/20250813=212831_mimo5s_part0.csv,2,3,0,81,4.945009,0.01078099999999993,0.23198760000000015,0.518826,1,16.177928088705197,5,11,0.6160269999999999,1.159937,0.12457550633375994,0.13580246913580246,0
1956,/home/test/bupt_hjk/sdp_dataset/elderAL/action0_static_new/user0_position6_activity0/20250813=205900_mimo5s_part0.csv,0,6,0,35,3.7047019999999997,0.04354100000000005,0.31843580000000016,0.560766,1,9.177526289563911,5,11,0.7830050000000002,1.5000832000000002,0.21135438153999977,0.3142857142857143,0
1957,/home/test/bupt_hjk/sdp_dataset/elderAL/action0_static_new/user2_position1_activity0/20250813=211023_mimo5s_part0.csv,2,1,0,11,3.742308,0.07599400000000012,1.2692792,1.4807519999999998,1,2.6721477761851777,5,11,2.185562,3.734858,0.5840144638014829,1.0,1
1958,/home/test/bupt_hjk/sdp_dataset/elderAL/action0_static_new/user0_position6_activity0/20250813=205919_mimo5s_part0.csv,0,6,0,44,5.189865999999999,0.062382999999999994,0.40139100000000016,0.5021089999999999,0,8.28537769568617,5,11,1.0315155,1.8177100000000004,0.19875570968498996,0.25,0
1959,/home/test/bupt_hjk/sdp_dataset/elderAL/action0_static_new/user0_position6_activity0/20250813=205943_mimo5s_part0.csv,0,6,0,38,6.042547,0.03777900000000045,0.380747,1.375039,0,6.123245710790499,5,11,0.8617254999999995,3.2453162000000004,0.14260964788523772,0.2894736842105263,0
1960,/home/test/bupt_hjk/sdp_dataset/elderAL/action0_static_new/user2_position1_activity0/20250813=211049_mimo5s_part0.csv,2,1,0,24,4.641978,0.1239570000000002,0.6367183000000001,0.9080470000000003,1,4.954784361321833,5,11,1.7858230000000002,3.1730511,0.3847116466299496,0.4583333333333333,0
1961,/home/test/bupt_hjk/sdp_dataset/elderAL/action0_static_new/user2_position1_activity0/20250813=211133_mimo5s_part0.csv,2,1,0,7,3.5168559999999998,0.36490349999999994,1.3737635,1.5403969999999998,0,1.7060692846110277,5,11,3.5168559999999998,3.5168559999999998,1.0,1.0,1
1962,/home/test/bupt_hjk/sdp_dataset/elderAL/action0_static_new/user2_position1_activity0/20250813=211006_mimo5s_part0.csv,2,1,0,22,5.958756999999999,0.2717259999999999,0.6299043999999997,0.921602,1,3.524224934831208,5,11,2.5032525,3.5259594,0.420096422794217,0.5,0
1963,/home/test/bupt_hjk/sdp_dataset/elderAL/action0_static_new/user2_position1_activity0/20250813=211127_mimo5s_part0.csv,2,1,0,17,5.569401,0.10697249999999991,1.2200409999999997,1.5949510000000005,0,2.8728403646999023,5,11,3.173926,4.975601,0.5698864204606563,0.6470588235294118,0
1964,/home/test/bupt_hjk/sdp_dataset/elderAL/action0_static_new/user2_position1_activity0/20250813=211017_mimo5s_part0.csv,2,1,0,37,5.016122,0.11479799999999973,0.29286999999999996,0.6596129999999999,0,7.176858936046611,5,11,1.182642,1.6433836,0.2357681890512232,0.2972972972972973,0
1965,/home/test/bupt_hjk/sdp_dataset/elderAL/action0_static_new/user2_position1_activity0/20250813=211036_mimo5s_part0.csv,2,1,0,20,4.810486,0.143837,0.6989102000000005,1.1663689999999995,1,3.9497048738942384,5,11,2.1127445,3.4609236000000005,0.4391956446812234,0.55,0
1966,/home/test/bupt_hjk/sdp_dataset/elderAL/action0_static_new/user2_position1_activity0/20250813=211012_mimo5s_part0.csv,2,1,0,12,5.600091,0.3519364999999999,1.3074472999999998,1.4297960000000005,1,1.9642537951615429,5,11,4.1670359999999995,4.9817947,0.7441014797795249,0.9166666666666666,0
1967,/home/test/bupt_hjk/sdp_dataset/elderAL/action0_static_new/user0_position6_activity0/20250813=205847_mimo5s_part0.csv,0,6,0,54,4.0800399999999994,0.01051499999999983,0.2054736000000004,0.6593209999999998,0,12.990068724816425,5,11,0.6732965,1.4939803,0.16502203409770494,0.2037037037037037,0
1968,/home/test/bupt_hjk/sdp_dataset/elderAL/action0_static_new/user2_position7_activity0/20250813=213523_mimo5s_part0.csv,2,7,0,10,2.221895,0.15724099999999996,0.5741666000000001,0.8309129999999999,0,4.050596450327311,5,11,1.8817914999999998,2.221895,0.8469308855729005,1.0,1
1969,/home/test/bupt_hjk/sdp_dataset/elderAL/action0_static_new/user2_position1_activity0/20250813=211114_mimo5s_part0.csv,2,1,0,25,6.342744,0.13111300000000004,0.5661072000000004,1.910118,1,3.78385127950931,5,11,2.330901,2.7992296,0.36749094713581376,0.44,0
1970,/home/test/bupt_hjk/sdp_dataset/elderAL/action0_static_new/user2_position7_activity0/20250813=213505_mimo5s_part0.csv,2,7,0,16,3.261758,0.075523,0.8433344000000003,1.008731,2,4.598747056035426,5,11,1.855586,2.8672465000000003,0.5688913769813702,0.6875,0
1971,/home/test/bupt_hjk/sdp_dataset/elderAL/action0_static_new/user2_position1_activity0/20250813=211120_mimo5s_part0.csv,2,1,0,28,5.265459,0.12566000000000002,0.426725,0.9551639999999999,1,5.127758092884211,5,11,1.8699059999999998,2.6927968,0.3551268749789904,0.39285714285714285,0
1972,/home/test/bupt_hjk/sdp_dataset/elderAL/action0_static_new/user2_position7_activity0/20250813=213454_mimo5s_part0.csv,2,7,0,10,4.8075149999999995,0.39249599999999996,1.140287,1.4683550000000003,0,1.8720690419062658,5,11,4.04436,4.8075149999999995,0.8412579055915583,1.0,1
1973,/home/test/bupt_hjk/sdp_dataset/elderAL/action0_static_new/user2_position7_activity0/20250813=213541_mimo5s_part0.csv,2,7,0,15,3.9726169999999996,0.13009400000000015,0.7594914000000004,1.464513,1,3.5241252806399412,5,11,2.1135839999999995,2.9640311999999995,0.5320382005111491,0.7333333333333333,0
1974,/home/test/bupt_hjk/sdp_dataset/elderAL/action0_static_new/user2_position7_activity0/20250813=213535_mimo5s_part0.csv,2,7,0,14,3.231614,0.19178499999999987,0.4939350000000001,0.8915509999999999,0,4.022757668459167,5,11,2.0001465,2.7445237,0.6189311285320586,0.7857142857142857,0
1975,/home/test/bupt_hjk/sdp_dataset/elderAL/action0_static_new/user2_position7_activity0/20250813=213553_mimo5s_part0.csv,2,7,0,21,4.213855,0.12578550000000022,0.5831928999999998,1.0025709999999999,0,4.746247794477978,5,11,1.9454220000000002,2.664968,0.4616727438414469,0.5238095238095238,0
1976,/home/test/bupt_hjk/sdp_dataset/elderAL/action0_static_new/user2_position7_activity0/20250813=213605_mimo5s_part0.csv,2,7,0,18,6.260148999999999,0.30565200000000003,0.9600774999999999,1.396712,1,2.7155903158215566,5,11,3.445632,4.744973900000001,0.5504073465344036,0.6111111111111112,0
1977,/home/test/bupt_hjk/sdp_dataset/elderAL/action0_static_new/user2_position7_activity0/20250813=213529_mimo5s_part0.csv,2,7,0,30,5.383172999999999,0.015547999999999895,0.3815131999999999,1.762559,0,5.387157351249905,5,11,0.9477605000000002,3.6710779,0.176059825682734,0.36666666666666664,0
1978,/home/test/bupt_hjk/sdp_dataset/elderAL/action0_static_new/user2_position7_activity0/20250813=213617_mimo5s_part0.csv,2,7,0,19,5.639639,0.15960799999999997,0.8009702000000003,1.5585799999999996,0,3.191693652732028,5,11,2.701178,4.609668999999999,0.4789629265277441,0.5789473684210527,0
1979,/home/test/bupt_hjk/sdp_dataset/elderAL/action0_static_new/user2_position7_activity0/20250813=213511_mimo5s_part0.csv,2,7,0,25,4.344309,0.08790799999999988,0.37405680000000013,1.397818,1,5.524468908634262,5,11,1.2737510000000003,2.6689412,0.2931999082017417,0.44,0
1980,/home/test/bupt_hjk/sdp_dataset/elderAL/action0_static_new/user2_position7_activity0/20250813=213500_mimo5s_part0.csv,2,7,0,28,4.547388,0.031426000000000065,0.43314699999999984,1.3990529999999999,1,5.937474435873957,5,11,1.1101855,2.1757621,0.2441369639010351,0.39285714285714285,0
1981,/home/test/bupt_hjk/sdp_dataset/elderAL/action0_static_new/user2_position7_activity0/20250813=213559_mimo5s_part0.csv,2,7,0,14,5.9416199999999995,0.288528,1.3812782000000001,1.766463,0,2.1879554734230733,5,11,4.039505,5.520189500000001,0.6798659288207594,0.7857142857142857,0
1982,/home/test/bupt_hjk/sdp_dataset/elderAL/action0_static_new/user2_position7_activity0/20250813=213611_mimo5s_part0.csv,2,7,0,21,5.767843999999999,0.20023700000000022,0.6529281999999998,1.4373649999999998,1,3.4675001612387577,5,11,2.248659,3.693692,0.3898612722535492,0.5238095238095238,0
1983,/home/test/bupt_hjk/sdp_dataset/elderAL/action0_static_new/user0_position5_activity0/20250813=205731_mimo5s_part0.csv,0,5,0,15,4.867579,0.32421599999999984,0.8429498000000002,1.2247819999999998,1,2.876173144801553,5,11,3.440638,4.18747,0.7068479011845519,0.7333333333333333,0
1984,/home/test/bupt_hjk/sdp_dataset/elderAL/action0_static_new/user0_position5_activity0/20250813=205807_mimo5s_part0.csv,0,5,0,18,5.854693999999999,0.25733050000000013,0.8495864999999998,1.382692,1,2.9036530346419474,5,11,2.8088775000000004,4.5285836999999995,0.4797650398124993,0.6111111111111112,0
1985,/home/test/bupt_hjk/sdp_dataset/elderAL/action0_static_new/user0_position5_activity0/20250813=205737_mimo5s_part0.csv,0,5,0,18,4.2457769999999995,0.11499599999999965,0.490216,1.726251,1,4.003978541501356,5,11,2.6615745,3.2742462,0.6268757167416,0.6111111111111112,0
1986,/home/test/bupt_hjk/sdp_dataset/elderAL/action0_static_new/user0_position5_activity0/20250813=205749_mimo5s_part0.csv,0,5,0,22,5.008641,0.10071049999999993,0.5000784000000003,1.63612,1,4.1927540823948055,5,11,2.1642165,3.7655004,0.43209655074100944,0.5,0
1987,/home/test/bupt_hjk/sdp_dataset/elderAL/action0_static_new/user0_position5_activity0/20250813=205706_mimo5s_part0.csv,0,5,0,25,5.000604,0.20614099999999969,0.4567538000000001,0.6814610000000001,1,4.799420230036212,5,11,1.848798,2.6537214000000002,0.36971493843543696,0.44,0
1988,/home/test/bupt_hjk/sdp_dataset/elderAL/action0_static_new/user2_position7_activity0/20250813=213518_mimo5s_part0.csv,2,7,0,32,4.376107999999999,0.0850749999999999,0.38955580000000034,0.8462359999999998,1,7.083920232316022,5,11,1.1257099999999998,1.8649868999999994,0.2572399949909828,0.34375,0
1989,/home/test/bupt_hjk/sdp_dataset/elderAL/action0_static_new/user0_position5_activity0/20250813=205700_mimo5s_part0.csv,0,5,0,17,4.482295,0.20212549999999999,0.5587055,1.306161,0,3.569599948240801,5,11,2.651429,3.222084,0.5915338013227599,0.6470588235294118,0
1990,/home/test/bupt_hjk/sdp_dataset/elderAL/action0_static_new/user2_position7_activity0/20250813=213547_mimo5s_part0.csv,2,7,0,35,3.87906,0.027880999999999823,0.28172299999999995,0.9937320000000001,1,8.765010079761591,5,11,0.822244,2.0514386,0.211969910235985,0.3142857142857143,0
1991,/home/test/bupt_hjk/sdp_dataset/elderAL/action0_static_new/user0_position5_activity0/20250813=205713_mimo5s_part0.csv,0,5,0,18,4.994367,0.09004600000000007,0.5570399999999998,2.219138,0,3.403834760240888,5,11,1.7200329999999997,3.4618023,0.3443945949506714,0.6111111111111112,0
1992,/home/test/bupt_hjk/sdp_dataset/elderAL/action0_static_new/user0_position5_activity0/20250813=205801_mimo5s_part0.csv,0,5,0,18,6.8194859999999995,0.32452400000000026,1.2102946,1.465185,0,2.492856499742063,5,11,3.3527894999999996,5.221527,0.49164841749070237,0.6111111111111112,0
1993,/home/test/bupt_hjk/sdp_dataset/elderAL/action0_static_new/user0_position5_activity0/20250813=205725_mimo5s_part0.csv,0,5,0,14,4.907681,0.2716890000000003,0.7605228000000002,1.7058849999999999,0,2.6489089246020674,5,11,3.1328984999999996,4.0213011,0.6383663689632638,0.7857142857142857,0
1994,/home/test/bupt_hjk/sdp_dataset/elderAL/action6_sit_TV_new/user0_position3_activity6/20250813=171627_mimo5s_part0.csv,0,3,6,10,4.391742,0.32974649999999994,1.2038047999999995,2.1205919999999994,1,2.049300710287626,5,11,4.0446945,4.391742,0.9209772568607173,1.0,1
1995,/home/test/bupt_hjk/sdp_dataset/elderAL/action0_static_new/user0_position5_activity0/20250813=205743_mimo5s_part0.csv,0,5,0,32,6.885993999999999,0.11045149999999992,0.6808411000000002,1.3755179999999998,1,4.501891811116885,5,11,0.9754604999999996,4.1864833,0.14165863345219293,0.34375,0
1996,/home/test/bupt_hjk/sdp_dataset/elderAL/action6_sit_TV_new/user0_position3_activity6/20250813=171620_mimo5s_part0.csv,0,3,6,7,4.114511,0.21121150000000002,1.804879,2.1460959999999996,0,1.4582534838283334,5,11,4.114511,4.114511,1.0,1.0,1
1997,/home/test/bupt_hjk/sdp_dataset/elderAL/action0_static_new/user0_position5_activity0/20250813=205719_mimo5s_part0.csv,0,5,0,31,5.1364659999999995,0.09539550000000002,0.5147179,0.9194839999999997,0,5.840591566263654,5,11,1.4114259999999996,2.2631849999999996,0.2747854264001747,0.3548387096774194,0
1998,/home/test/bupt_hjk/sdp_dataset/elderAL/action0_static_new/user0_position5_activity0/20250813=205654_mimo5s_part0.csv,0,5,0,24,5.230421,0.07103100000000007,0.5414351000000006,1.7284249999999999,1,4.397351570743541,5,11,1.485832,3.5291537,0.284075029524392,0.4583333333333333,0
1999,/home/test/bupt_hjk/sdp_dataset/elderAL/action6_sit_TV_new/user0_position3_activity6/20250813=171657_mimo5s_part0.csv,0,3,6,11,5.481726,0.46196899999999985,1.105909,2.1352249999999997,1,1.8242429482976712,5,11,4.019417000000001,5.475778,0.7332393118517782,1.0,1
2000,/home/test/bupt_hjk/sdp_dataset/elderAL/action0_static_new/user0_position5_activity0/20250813=205755_mimo5s_part0.csv,0,5,0,25,5.493677,0.10053699999999999,0.39942539999999954,1.718141,1,4.36865873257565,5,11,2.012891,3.9262426,0.3664014102030389,0.44,0
2001,/home/test/bupt_hjk/sdp_dataset/elderAL/action6_sit_TV_new/user0_position3_activity6/20250813=171718_mimo5s_part0.csv,0,3,6,11,4.995966999999999,0.388445,1.0601540999999997,1.4653349999999996,0,2.0016145022575214,5,11,3.9530579999999995,4.575855,0.7912498221065111,1.0,1
2002,/home/test/bupt_hjk/sdp_dataset/elderAL/action6_sit_TV_new/user0_position3_activity6/20250813=171742_mimo5s_part0.csv,0,3,6,7,4.090148,0.508441,1.3428044999999997,1.5144799999999998,0,1.4669395826263498,5,11,4.090148,4.090148,1.0,1.0,1
2003,/home/test/bupt_hjk/sdp_dataset/elderAL/action0_static_new/user0_position5_activity0/20250813=205813_mimo5s_part0.csv,0,5,0,22,5.64902,0.10927599999999993,0.5582239000000004,2.228917,1,3.717458957482891,5,11,2.0179124999999996,4.08939,0.35721461421627104,0.5,0
2004,/home/test/bupt_hjk/sdp_dataset/elderAL/action6_sit_TV_new/user0_position3_activity6/20250813=171711_mimo5s_part0.csv,0,3,6,14,4.465847999999999,0.194324,0.9806213000000003,1.0077289999999999,1,2.9109812962734067,5,11,3.064537,4.2439366,0.6862161452875245,0.7857142857142857,0
2005,/home/test/bupt_hjk/sdp_dataset/elderAL/action6_sit_TV_new/user0_position3_activity6/20250813=171559_mimo5s_part0.csv,0,3,6,8,3.98136,0.4323389999999999,1.4104,1.427285,1,1.7581931802198243,5,11,3.9739955,3.98136,0.9981502551891815,1.0,1
2006,/home/test/bupt_hjk/sdp_dataset/elderAL/action6_sit_TV_new/user0_position3_activity6/20250813=171606_mimo5s_part0.csv,0,3,6,15,5.028668,0.04236600000000035,1.2984120000000006,1.964515,1,2.7840374429172896,5,11,3.1670629999999997,4.8836544,0.6298015697198542,0.7333333333333333,0
2007,/home/test/bupt_hjk/sdp_dataset/elderAL/action6_sit_TV_new/user0_position3_activity6/20250813=171635_mimo5s_part0.csv,0,3,6,15,7.010705,0.393399,1.0870031999999998,1.6415099999999998,1,1.9969460988588168,5,11,3.866187,5.4623624,0.5514690747934766,0.7333333333333333,0
2008,/home/test/bupt_hjk/sdp_dataset/elderAL/action6_sit_TV_new/user0_position3_activity6/20250813=171613_mimo5s_part0.csv,0,3,6,11,4.503679,0.301553,1.4064546000000002,1.666509,1,2.220406916212279,5,11,3.955327,4.360869,0.8782435426681164,1.0,1
2009,/home/test/bupt_hjk/sdp_dataset/elderAL/action6_sit_TV_new/user0_position3_activity6/20250813=171735_mimo5s_part0.csv,0,3,6,7,4.487115,0.3136730000000001,1.8546929999999997,2.249354,0,1.337162074072093,5,11,4.487115,4.487115,1.0,1.0,1
2010,/home/test/bupt_hjk/sdp_dataset/elderAL/action0_static_new/user0_position5_activity0/20250813=205647_mimo5s_part0.csv,0,5,0,36,4.073074,0.011898999999999882,0.3167214,1.249099,2,8.593018442581696,5,11,0.6160684999999999,2.344677,0.15125394235410403,0.3055555555555556,0
2011,/home/test/bupt_hjk/sdp_dataset/elderAL/action6_sit_TV_new/user0_position5_activity6/20250813=173659_mimo5s_part0.csv,0,5,6,4,3.9677979999999997,1.4799769999999999,1.9863969999999997,2.113002,0,0.7560868774065616,5,11,3.9677979999999997,3.9677979999999997,1.0,1.0,1
2012,/home/test/bupt_hjk/sdp_dataset/elderAL/action6_sit_TV_new/user0_position3_activity6/20250813=171643_mimo5s_part0.csv,0,3,6,32,5.387766,0.07631699999999997,0.41451410000000005,1.153623,1,5.753776240467756,5,11,0.8798840000000006,3.6473356999999997,0.16331147269573337,0.34375,0
2013,/home/test/bupt_hjk/sdp_dataset/elderAL/action6_sit_TV_new/user0_position3_activity6/20250813=171728_mimo5s_part0.csv,0,3,6,11,4.598953,0.3012609999999998,1.205933,1.2393009999999998,1,2.1744079576373143,5,11,2.798088,4.327732,0.6084184813369478,1.0,1
2014,/home/test/bupt_hjk/sdp_dataset/elderAL/action6_sit_TV_new/user0_position5_activity6/20250813=173759_mimo5s_part0.csv,0,5,6,12,3.988034,0.18242800000000003,0.9794645999999996,2.124891,1,2.7582513087902463,5,11,2.1791155,2.9377331,0.5464134708981919,0.9166666666666666,0
2015,/home/test/bupt_hjk/sdp_dataset/elderAL/action6_sit_TV_new/user0_position3_activity6/20250813=171650_mimo5s_part0.csv,0,3,6,15,4.956801,0.26570499999999964,1.2697184000000006,1.6311549999999997,1,2.824402270738729,5,11,3.000343,4.6591556,0.605298255871075,0.7333333333333333,0
2016,/home/test/bupt_hjk/sdp_dataset/elderAL/action6_sit_TV_new/user0_position5_activity6/20250813=173728_mimo5s_part0.csv,0,5,6,11,4.618899,0.2793645,0.9321783999999994,1.233304,0,2.165018113624048,5,11,3.960795,4.6171739999999994,0.857519291935156,1.0,1
2017,/home/test/bupt_hjk/sdp_dataset/elderAL/action6_sit_TV_new/user0_position5_activity6/20250813=173620_mimo5s_part0.csv,0,5,6,8,4.3529659999999994,0.5113474999999998,1.4832055000000002,2.123205,1,1.6080989375979506,5,11,4.1603445,4.3529659999999994,0.9557493672130681,1.0,1
2018,/home/test/bupt_hjk/sdp_dataset/elderAL/action6_sit_TV_new/user0_position5_activity6/20250813=173714_mimo5s_part0.csv,0,5,6,8,4.99196,0.41734950000000004,1.793383,2.301257,1,1.402254825759822,5,11,4.8034905,4.99196,0.9622453905880656,1.0,1
2019,/home/test/bupt_hjk/sdp_dataset/elderAL/action6_sit_TV_new/user0_position3_activity6/20250813=171704_mimo5s_part0.csv,0,3,6,28,4.962955,0.04709299999999999,0.38916600000000034,1.458178,1,5.440307236313849,5,11,1.0282515,3.6013061,0.2071853361555767,0.39285714285714285,0
2020,/home/test/bupt_hjk/sdp_dataset/elderAL/action6_sit_TV_new/user0_position5_activity6/20250813=173636_mimo5s_part0.csv,0,5,6,7,3.247788,0.47414749999999994,1.0646680000000002,1.388625,0,1.8474112226536954,5,11,3.247788,3.247788,1.0,1.0,1
2021,/home/test/bupt_hjk/sdp_dataset/elderAL/action6_sit_TV_new/user0_position5_activity6/20250813=173721_mimo5s_part0.csv,0,5,6,10,4.687056,0.092306,1.5168946,2.767480999999999,0,1.9201818796276382,5,11,3.9121880000000004,4.687056,0.8346791674774102,1.0,1
2022,/home/test/bupt_hjk/sdp_dataset/elderAL/action6_sit_TV_new/user0_position5_activity6/20250813=173613_mimo5s_part0.csv,0,5,6,8,4.799805999999999,0.3477754999999999,1.9822335,2.7558469999999997,1,1.4583922766878497,5,11,4.7760834999999995,4.799805999999999,0.9950576127451818,1.0,1
2023,/home/test/bupt_hjk/sdp_dataset/elderAL/action6_sit_TV_new/user0_position5_activity6/20250813=173735_mimo5s_part0.csv,0,5,6,11,7.073697,0.3401864999999997,1.612225399999999,2.7713479999999997,0,1.4136879201922277,5,11,5.3865989999999995,6.99866,0.7614969937219532,1.0,1
2024,/home/test/bupt_hjk/sdp_dataset/elderAL/action6_sit_TV_new/user0_position5_activity6/20250813=173628_mimo5s_part0.csv,0,5,6,11,5.002495,0.387762,1.1467014,1.4889189999999997,1,1.9990024977536212,5,11,3.513576,4.614732999999999,0.7023647200047177,1.0,1
2025,/home/test/bupt_hjk/sdp_dataset/elderAL/action6_sit_TV_new/user1_position5_activity6/20250813=174220_mimo5s_part0.csv,1,5,6,12,5.116521,0.3459764999999999,1.4852162,1.6079060000000003,1,2.149898339125355,5,11,4.0094645,4.6291605,0.7836310063029156,0.9166666666666666,0
2026,/home/test/bupt_hjk/sdp_dataset/elderAL/action6_sit_TV_new/user0_position5_activity6/20250813=173707_mimo5s_part0.csv,0,5,6,17,7.431388999999999,0.11374549999999983,1.2125025,2.7333469999999997,0,2.153029534586334,5,11,3.1960819999999996,4.2587794,0.43007868380998493,0.6470588235294118,0
2027,/home/test/bupt_hjk/sdp_dataset/elderAL/action6_sit_TV_new/user0_position5_activity6/20250813=173643_mimo5s_part0.csv,0,5,6,28,5.8131509999999995,0.08199200000000006,0.5809985,1.223182,1,4.644641090520443,5,11,0.9986189999999997,3.998379,0.17178617930275678,0.39285714285714285,0
2028,/home/test/bupt_hjk/sdp_dataset/elderAL/action6_sit_TV_new/user0_position5_activity6/20250813=173651_mimo5s_part0.csv,0,5,6,23,5.00145,0.057923999999999864,0.5995740999999997,0.9317199999999999,0,4.39872436993272,5,11,1.9933820000000004,2.2782558,0.39856081736296484,0.4782608695652174,0
2029,/home/test/bupt_hjk/sdp_dataset/elderAL/action6_sit_TV_new/user1_position5_activity6/20250813=174127_mimo5s_part0.csv,1,5,6,18,5.346331999999999,0.09991699999999959,0.8030992,1.1340199999999996,0,3.1797501539373165,5,11,3.0697894999999997,4.7164664,0.5741860961870681,0.6111111111111112,0
2030,/home/test/bupt_hjk/sdp_dataset/elderAL/action6_sit_TV_new/user1_position5_activity6/20250813=174143_mimo5s_part0.csv,1,5,6,18,4.8420049999999994,0.17129600000000034,0.8562510000000001,1.1304269999999998,1,3.510942264619719,5,11,2.7850129999999997,4.0682208,0.5751776381891386,0.6111111111111112,0
2031,/home/test/bupt_hjk/sdp_dataset/elderAL/action6_sit_TV_new/user1_position5_activity6/20250813=174057_mimo5s_part0.csv,1,5,6,8,4.999425,0.5178265000000001,1.747658,2.0250969999999997,1,1.4001610185171296,5,11,4.8127165,4.999425,0.9626540052105992,1.0,1
2032,/home/test/bupt_hjk/sdp_dataset/elderAL/action6_sit_TV_new/user1_position5_activity6/20250813=174205_mimo5s_part0.csv,1,5,6,7,5.148635,0.48310399999999976,1.8420470000000002,2.777708,0,1.1653574199763628,5,11,5.148635,5.148635,1.0,1.0,1
2033,/home/test/bupt_hjk/sdp_dataset/elderAL/action6_sit_TV_new/user1_position5_activity6/20250813=174235_mimo5s_part0.csv,1,5,6,7,4.809926,0.3394149999999998,1.9804390000000003,2.490637,0,1.2474204384849163,5,11,4.809926,4.809926,1.0,1.0,1
2034,/home/test/bupt_hjk/sdp_dataset/elderAL/action6_sit_TV_new/user0_position5_activity6/20250813=173743_mimo5s_part0.csv,0,5,6,28,6.014291999999999,0.070986,0.5636824999999999,1.261075,1,4.489306471983736,5,11,1.3209980000000001,4.6068536,0.21964314336583596,0.39285714285714285,0
2035,/home/test/bupt_hjk/sdp_dataset/elderAL/action6_sit_TV_new/user1_position5_activity6/20250813=174158_mimo5s_part0.csv,1,5,6,8,5.142862,0.5148980000000001,1.789847,2.111989,1,1.361109825618498,5,11,5.0641085,5.142862,0.984686833906879,1.0,1
2036,/home/test/bupt_hjk/sdp_dataset/elderAL/action6_sit_TV_new/user1_position5_activity6/20250813=174135_mimo5s_part0.csv,1,5,6,11,7.466005,0.706979,1.3854235000000001,2.452648,0,1.3394044070423206,5,11,4.9298020000000005,7.456656,0.6602998524646047,1.0,1
2037,/home/test/bupt_hjk/sdp_dataset/elderAL/action6_sit_TV_new/user1_position5_activity6/20250813=174227_mimo5s_part0.csv,1,5,6,11,6.3415289999999995,0.5010520000000004,1.3943723999999995,1.430988,0,1.5769067680680795,5,11,4.511094,4.951225,0.7113574659991305,1.0,1
2038,/home/test/bupt_hjk/sdp_dataset/elderAL/action6_sit_TV_new/user1_position5_activity6/20250813=174105_mimo5s_part0.csv,1,5,6,8,4.621602,0.5347285000000003,1.597319,2.270604,1,1.5146263135596703,5,11,4.37352,4.621602,0.94632121069707,1.0,1
2039,/home/test/bupt_hjk/sdp_dataset/elderAL/action6_sit_TV_new/user1_position5_activity6/20250813=174120_mimo5s_part0.csv,1,5,6,10,5.466022,0.5009210000000002,1.3463805999999998,2.126623,1,1.6465356341412458,5,11,4.70093,5.466022,0.8600276398448451,1.0,1
2040,/home/test/bupt_hjk/sdp_dataset/elderAL/action6_sit_TV_new/user1_position5_activity6/20250813=174112_mimo5s_part0.csv,1,5,6,8,4.797175,0.3735590000000001,1.7860165,2.7656519999999998,1,1.4591921287007457,5,11,4.708304,4.797175,0.9814743051900336,1.0,1
2041,/home/test/bupt_hjk/sdp_dataset/elderAL/action6_sit_TV_new/user1_position5_activity6/20250813=174212_mimo5s_part0.csv,1,5,6,17,3.9703079999999997,0.07564799999999994,0.6509466,1.6898050000000002,3,4.029914052008056,5,11,2.1710830000000003,2.6569421999999996,0.546829868110988,0.6470588235294118,0
2042,/home/test/bupt_hjk/sdp_dataset/elderAL/action6_sit_TV_new/user2_position5_activity6/20250813=173914_mimo5s_part0.csv,2,5,6,4,4.612487,1.4803929999999998,2.5043425999999998,2.7603299999999997,0,0.6504083371942295,5,11,4.612487,4.612487,1.0,1.0,1
2043,/home/test/bupt_hjk/sdp_dataset/elderAL/action6_sit_TV_new/user2_position5_activity6/20250813=174000_mimo5s_part0.csv,2,5,6,8,5.000519,0.37478100000000003,1.7356539999999998,2.1163119999999997,0,1.3998546950826505,5,11,4.977525,5.000519,0.9954016773058957,1.0,1
2044,/home/test/bupt_hjk/sdp_dataset/elderAL/action6_sit_TV_new/user2_position5_activity6/20250813=173937_mimo5s_part0.csv,2,5,6,12,4.984959,0.3656295000000003,1.0711104999999996,1.466701,1,2.2066380084570407,5,11,3.302772,3.5789125999999998,0.6625474753152434,0.9166666666666666,0
2045,/home/test/bupt_hjk/sdp_dataset/elderAL/action6_sit_TV_new/user2_position5_activity6/20250813=173834_mimo5s_part0.csv,2,5,6,11,4.7194769999999995,0.3325755,1.1002413,1.485948,0,2.118878850347189,5,11,3.6461719999999995,4.708309999999999,0.772579673552811,1.0,1
2046,/home/test/bupt_hjk/sdp_dataset/elderAL/action6_sit_TV_new/user2_position5_activity6/20250813=173930_mimo5s_part0.csv,2,5,6,7,2.650763,0.19847199999999998,1.0567625,1.230585,0,2.2634992264491394,5,11,2.650763,2.650763,1.0,1.0,1
2047,/home/test/bupt_hjk/sdp_dataset/elderAL/action6_sit_TV_new/user2_position5_activity6/20250813=173906_mimo5s_part0.csv,2,5,6,8,4.690223,0.5127759999999999,1.645562,1.8107159999999998,1,1.492466349681028,5,11,4.5039,4.690223,0.960274170332626,1.0,1
2048,/home/test/bupt_hjk/sdp_dataset/elderAL/action6_sit_TV_new/user1_position5_activity6/20250813=174150_mimo5s_part0.csv,1,5,6,17,5.080966,0.12722100000000003,0.9826575000000002,1.6128609999999999,0,3.149007491882449,5,11,2.896827,4.5689345999999995,0.5701331203554599,0.6470588235294118,0
2049,/home/test/bupt_hjk/sdp_dataset/elderAL/action6_sit_TV_new/user1_position5_activity6/20250813=174049_mimo5s_part0.csv,1,5,6,20,5.030283,0.03123900000000024,0.645069799999999,1.6311,0,3.7771234739675683,5,11,2.347725,4.2395121,0.4667182741010794,0.55,0
2050,/home/test/bupt_hjk/sdp_dataset/elderAL/action6_sit_TV_new/user2_position5_activity6/20250813=174022_mimo5s_part0.csv,2,5,6,11,4.462078,0.12872300000000003,1.1417519999999997,2.336646,0,2.2411082908008333,5,11,3.752892,4.237646,0.8410637375680121,1.0,1
2051,/home/test/bupt_hjk/sdp_dataset/elderAL/action6_sit_TV_new/user0_position5_activity6/20250813=173751_mimo5s_part0.csv,0,5,6,57,6.537444,0.006159999999999943,0.2636373999999997,1.6306699999999998,1,8.566038959568909,5,11,0.41223300000000007,2.4375567999999985,0.0630572131860709,0.19298245614035087,0
2052,/home/test/bupt_hjk/sdp_dataset/elderAL/action6_sit_TV_new/user2_position5_activity6/20250813=174015_mimo5s_part0.csv,2,5,6,18,5.197718,0.12051000000000034,0.6180562000000002,2.077768,0,3.270666088464207,5,11,2.3330995000000003,4.0973761,0.44886996562722337,0.6111111111111112,0
2053,/home/test/bupt_hjk/sdp_dataset/elderAL/action6_sit_TV_new/user1_position9_activity6/20250813=180912_mimo5s_part0.csv,1,9,6,8,2.5512859999999997,0.326898,0.7913235,1.207484,1,2.743714346411967,5,11,2.3884419999999995,2.5512859999999997,0.9361717972818413,1.0,1
2054,/home/test/bupt_hjk/sdp_dataset/elderAL/action6_sit_TV_new/user1_position9_activity6/20250813=180935_mimo5s_part0.csv,1,9,6,7,4.927117,0.47817600000000016,1.784085,2.070755,0,1.217750664333727,5,11,4.927117,4.927117,1.0,1.0,1
2055,/home/test/bupt_hjk/sdp_dataset/elderAL/action6_sit_TV_new/user2_position5_activity6/20250813=174007_mimo5s_part0.csv,2,5,6,21,3.611309,0.16585899999999998,0.3276103000000002,0.6416999999999999,0,5.538158047400541,5,11,1.608755,1.830423,0.44547697247729284,0.5238095238095238,0
2056,/home/test/bupt_hjk/sdp_dataset/elderAL/action6_sit_TV_new/user2_position5_activity6/20250813=173952_mimo5s_part0.csv,2,5,6,17,4.34915,0.07802349999999991,0.7572909999999999,1.615637,0,3.6788797811066534,5,11,1.9908299999999999,2.4155472000000002,0.4577515146637849,0.6470588235294118,0
2057,/home/test/bupt_hjk/sdp_dataset/elderAL/action6_sit_TV_new/user2_position5_activity6/20250813=173843_mimo5s_part0.csv,2,5,6,24,6.359157,0.07597999999999994,0.8450554000000001,1.1372680000000002,0,3.616831602050398,5,11,2.3628294999999997,4.5917609,0.37156332199377995,0.4583333333333333,0
2058,/home/test/bupt_hjk/sdp_dataset/elderAL/action6_sit_TV_new/user2_position5_activity6/20250813=173945_mimo5s_part0.csv,2,5,6,24,4.48715,0.07241600000000004,0.38452620000000015,1.1260409999999998,0,5.1257479692009404,5,11,0.8556410000000001,3.0884276999999996,0.19068696165717663,0.4583333333333333,0
2059,/home/test/bupt_hjk/sdp_dataset/elderAL/action6_sit_TV_new/user2_position5_activity6/20250813=173922_mimo5s_part0.csv,2,5,6,21,4.712452,0.14977699999999983,0.41876939999999985,1.3576329999999999,1,4.244075059013864,5,11,2.027355,2.327577,0.4302123395633526,0.5238095238095238,0
2060,/home/test/bupt_hjk/sdp_dataset/elderAL/action6_sit_TV_new/user1_position9_activity6/20250813=180942_mimo5s_part0.csv,1,9,6,11,4.722384,0.3245279999999999,1.4836334000000002,1.4941389999999999,1,2.117574513211971,5,11,2.845301,4.693595,0.6025136880016534,1.0,1
2061,/home/test/bupt_hjk/sdp_dataset/elderAL/action6_sit_TV_new/user1_position9_activity6/20250813=180920_mimo5s_part0.csv,1,9,6,18,4.876499,0.12718849999999993,0.893332,1.695117,1,3.4861075538003803,5,11,2.4297205,3.7909797,0.4982509993337434,0.6111111111111112,0
2062,/home/test/bupt_hjk/sdp_dataset/elderAL/action6_sit_TV_new/user1_position9_activity6/20250813=181027_mimo5s_part0.csv,1,9,6,15,3.1852449999999997,0.139098,0.3154172000000002,1.6426459999999998,1,4.395266298196843,5,11,1.401778,2.3991061999999994,0.4400848286395552,0.7333333333333333,0
2063,/home/test/bupt_hjk/sdp_dataset/elderAL/action6_sit_TV_new/user1_position9_activity6/20250813=181035_mimo5s_part0.csv,1,9,6,11,5.211988,0.38527699999999987,1.1595822000000002,1.478163,1,1.9186536883814775,5,11,3.927764,5.008926,0.7536018885691985,1.0,1
2064,/home/test/bupt_hjk/sdp_dataset/elderAL/action6_sit_TV_new/user1_position9_activity6/20250813=181004_mimo5s_part0.csv,1,9,6,25,6.074104999999999,0.12418,0.6670025999999996,1.943349,1,3.9511993948079596,5,11,2.087175,4.4175798,0.34361852486909594,0.44,0
2065,/home/test/bupt_hjk/sdp_dataset/elderAL/action6_sit_TV_new/user1_position9_activity6/20250813=180956_mimo5s_part0.csv,1,9,6,15,5.480918,0.2797209999999999,0.8447990000000001,1.7884209999999996,1,2.554316630900152,5,11,3.311706,4.3203358,0.6042246937465585,0.7333333333333333,0
2066,/home/test/bupt_hjk/sdp_dataset/elderAL/action6_sit_TV_new/user2_position5_activity6/20250813=173859_mimo5s_part0.csv,2,5,6,28,5.327891999999999,0.10086249999999963,0.506509,0.9408460000000001,1,5.067670290613999,5,11,1.55601,2.3512575,0.2920498388480848,0.39285714285714285,0
2067,/home/test/bupt_hjk/sdp_dataset/elderAL/action6_sit_TV_new/user1_position9_activity6/20250813=181011_mimo5s_part0.csv,1,9,6,14,4.349919,0.12512899999999982,0.7475852000000003,2.033138,0,2.988561396200711,5,11,3.254093,3.9712866,0.7480812861113046,0.7857142857142857,0
2068,/home/test/bupt_hjk/sdp_dataset/elderAL/action6_sit_TV_new/user1_position9_activity6/20250813=180927_mimo5s_part0.csv,1,9,6,15,5.439501,0.19526599999999972,1.1785360000000005,1.6763769999999996,1,2.573765497974906,5,11,3.121277,4.2042307999999995,0.573816789444473,0.7333333333333333,0
2069,/home/test/bupt_hjk/sdp_dataset/elderAL/action6_sit_TV_new/user1_position9_activity6/20250813=180949_mimo5s_part0.csv,1,9,6,14,5.613542,0.2929270000000006,1.3092006000000007,1.666933,0,2.3158284021033424,5,11,3.1126419999999997,4.4063596,0.5544880576292116,0.7857142857142857,0
2070,/home/test/bupt_hjk/sdp_dataset/elderAL/action6_sit_TV_new/user1_position9_activity6/20250813=181042_mimo5s_part0.csv,1,9,6,20,6.498492,0.2017489999999995,1.3327073999999999,1.4945849999999998,0,2.9237552342912787,5,11,2.0799399999999997,4.7417507,0.3200650243164106,0.55,0
2071,/home/test/bupt_hjk/sdp_dataset/elderAL/action6_sit_TV_new/user2_position5_activity6/20250813=173851_mimo5s_part0.csv,2,5,6,52,4.757776,0.008324500000000123,0.27774129999999986,1.3164799999999999,1,10.719294056718939,5,11,0.7363024999999999,1.9424090999999997,0.15475770612151557,0.21153846153846154,0
2072,/home/test/bupt_hjk/sdp_dataset/elderAL/action6_sit_TV_new/user1_position6_activity6/20250813=174415_mimo5s_part0.csv,1,6,6,11,5.21565,0.31141800000000064,1.3547960000000003,2.23922,1,1.9173065677336478,5,11,4.059698,5.122427,0.7783685638415154,1.0,1
2073,/home/test/bupt_hjk/sdp_dataset/elderAL/action6_sit_TV_new/user1_position9_activity6/20250813=180904_mimo5s_part0.csv,1,9,6,18,3.886675,0.13753899999999986,0.600014,0.626406,1,4.373918580792066,5,11,1.8570139999999997,2.3204981,0.47778988467005856,0.6111111111111112,0
2074,/home/test/bupt_hjk/sdp_dataset/elderAL/action6_sit_TV_new/user1_position6_activity6/20250813=174500_mimo5s_part0.csv,1,6,6,8,4.361407,0.45381150000000003,1.5319924999999999,2.127939,1,1.6049866476575105,5,11,4.204249,4.361407,0.9639662154896345,1.0,1
2075,/home/test/bupt_hjk/sdp_dataset/elderAL/action6_sit_TV_new/user1_position6_activity6/20250813=174437_mimo5s_part0.csv,1,6,6,11,4.813897,0.37215799999999977,1.307892,1.3379640000000004,1,2.0773190618744026,5,11,3.1037749999999997,4.441739,0.6447530971269223,1.0,1
2076,/home/test/bupt_hjk/sdp_dataset/elderAL/action6_sit_TV_new/user1_position6_activity6/20250813=174507_mimo5s_part0.csv,1,6,6,11,4.318423999999999,0.30997849999999993,0.7530715999999996,1.8179029999999998,0,2.3156596017435995,5,11,4.005218999999999,4.254638,0.9274723834435896,1.0,1
2077,/home/test/bupt_hjk/sdp_dataset/elderAL/action6_sit_TV_new/user1_position6_activity6/20250813=174422_mimo5s_part0.csv,1,6,6,11,5.0871569999999995,0.3744349999999999,1.1077446,1.4826900000000003,0,1.9657344957114555,5,11,3.6405479999999995,5.00558,0.7156350786893347,1.0,1
2078,/home/test/bupt_hjk/sdp_dataset/elderAL/action6_sit_TV_new/user1_position9_activity6/20250813=181019_mimo5s_part0.csv,1,9,6,31,4.054747,0.06617499999999987,0.31537060000000006,0.631579,0,7.398735358827567,5,11,1.0336409999999998,1.7633189999999999,0.25492120716779615,0.3548387096774194,0
2079,/home/test/bupt_hjk/sdp_dataset/elderAL/action6_sit_TV_new/user1_position6_activity6/20250813=174407_mimo5s_part0.csv,1,6,6,18,5.945958999999999,0.23961450000000006,1.0361350000000003,1.8216569999999996,1,2.859084632100558,5,11,2.9706294999999994,4.735403,0.4996047735949743,0.6111111111111112,0
2080,/home/test/bupt_hjk/sdp_dataset/elderAL/action6_sit_TV_new/user1_position6_activity6/20250813=174453_mimo5s_part0.csv,1,6,6,18,2.837768,0.03310799999999997,0.36304149999999996,1.5639829999999997,1,5.990623616870724,5,11,1.0620794999999998,2.0544867,0.37426579621730877,0.6111111111111112,0
2081,/home/test/bupt_hjk/sdp_dataset/elderAL/action6_sit_TV_new/user1_position6_activity6/20250813=174400_mimo5s_part0.csv,1,6,6,8,2.030404,0.26613850000000006,0.6468659999999999,0.9207939999999999,1,3.4475897407609524,5,11,1.9368969999999999,2.030404,0.9539466037300951,1.0,1
2082,/home/test/bupt_hjk/sdp_dataset/elderAL/action6_sit_TV_new/user0_position8_activity6/20250813=180037_mimo5s_part0.csv,0,8,6,8,3.764467,0.6482705,0.9026379999999999,1.082001,1,1.859492990641172,5,11,3.6286885,3.764467,0.9639315472814611,1.0,1
2083,/home/test/bupt_hjk/sdp_dataset/elderAL/action6_sit_TV_new/user1_position6_activity6/20250813=174337_mimo5s_part0.csv,1,6,6,19,4.131468,0.18990949999999995,0.4863964999999999,1.3251300000000001,2,4.356804893563257,5,11,2.30816,3.1987253999999994,0.5586779323959425,0.5789473684210527,0
2084,/home/test/bupt_hjk/sdp_dataset/elderAL/action6_sit_TV_new/user0_position8_activity6/20250813=180029_mimo5s_part0.csv,0,8,6,11,4.707898,0.28156749999999997,0.9360901999999993,2.0725759999999998,0,2.1240901990654852,5,11,4.005536,4.632565,0.8508119759603968,1.0,1
2085,/home/test/bupt_hjk/sdp_dataset/elderAL/action6_sit_TV_new/user0_position8_activity6/20250813=175921_mimo5s_part0.csv,0,8,6,7,5.124772,0.33480900000000013,2.1333029999999997,2.784605,0,1.170783792918007,5,11,5.124772,5.124772,1.0,1.0,1
2086,/home/test/bupt_hjk/sdp_dataset/elderAL/action6_sit_TV_new/user1_position9_activity6/20250813=180857_mimo5s_part0.csv,1,9,6,37,4.919383,0.057255000000000056,0.37028799999999995,0.9581339999999999,0,7.317990894386552,5,11,1.243518,1.7836595999999996,0.25277926113904936,0.2972972972972973,0
2087,/home/test/bupt_hjk/sdp_dataset/elderAL/action6_sit_TV_new/user1_position6_activity6/20250813=174515_mimo5s_part0.csv,1,6,6,14,5.643585,0.27825500000000014,0.6880107000000003,2.5913109999999997,1,2.303500345968033,5,11,2.5239624999999997,3.8634521,0.4472268070738723,0.7857142857142857,0
2088,/home/test/bupt_hjk/sdp_dataset/elderAL/action6_sit_TV_new/user0_position8_activity6/20250813=180021_mimo5s_part0.csv,0,8,6,8,4.997659,0.604199,1.6999075,1.9166889999999999,1,1.400655787039492,5,11,4.8107299999999995,4.997659,0.9625966877692135,1.0,1
2089,/home/test/bupt_hjk/sdp_dataset/elderAL/action6_sit_TV_new/user1_position6_activity6/20250813=174430_mimo5s_part0.csv,1,6,6,17,4.799666,0.07456249999999986,0.9418145000000001,1.1128419999999999,0,3.3335652939183684,5,11,2.2786320000000004,2.5247808,0.47474803455073755,0.6470588235294118,0
2090,/home/test/bupt_hjk/sdp_dataset/elderAL/action6_sit_TV_new/user0_position8_activity6/20250813=180014_mimo5s_part0.csv,0,8,6,10,5.374114,0.2513589999999999,1.6456354000000004,2.7881409999999995,0,1.6746946566447978,5,11,5.0035485,5.374114,0.9310462152458991,1.0,1
2091,/home/test/bupt_hjk/sdp_dataset/elderAL/action6_sit_TV_new/user0_position8_activity6/20250813=175958_mimo5s_part0.csv,0,8,6,8,4.338431,0.3132360000000003,1.5179710000000002,2.063119,0,1.613486534648125,5,11,4.30539,4.338431,0.9923841130583845,1.0,1
2092,/home/test/bupt_hjk/sdp_dataset/elderAL/action6_sit_TV_new/user0_position8_activity6/20250813=175936_mimo5s_part0.csv,0,8,6,7,3.3050889999999997,0.639542,0.8263645,0.8905329999999999,0,1.815382278661785,5,11,3.3050889999999997,3.3050889999999997,1.0,1.0,1
2093,/home/test/bupt_hjk/sdp_dataset/elderAL/action6_sit_TV_new/user0_position8_activity6/20250813=175951_mimo5s_part0.csv,0,8,6,19,4.46397,0.2717045,0.6694834999999999,1.1509429999999998,2,4.032285163206742,5,11,2.045203,2.3619928,0.4581578729247732,0.5789473684210527,0
2094,/home/test/bupt_hjk/sdp_dataset/elderAL/action0_static_new/user2_position3_activity0/20250813=212850_mimo5s_part0.csv,2,3,0,72,5.18281,0.011936000000000058,0.20022130000000005,0.9046349999999999,1,13.699132323970973,5,11,0.490343,1.749758,0.09460948790328026,0.1527777777777778,0
2095,/home/test/bupt_hjk/sdp_dataset/elderAL/action6_sit_TV_new/user0_position8_activity6/20250813=180101_mimo5s_part0.csv,0,8,6,12,5.366747999999999,0.34327099999999977,1.0850928999999996,1.4874549999999997,1,2.049658377848187,5,11,3.2767629999999994,4.9961066999999995,0.6105677031975416,0.9166666666666666,0
2096,/home/test/bupt_hjk/sdp_dataset/elderAL/action6_sit_TV_new/user0_position2_activity6/20250813=171419_mimo5s_part0.csv,0,2,6,7,3.466043,0.45274149999999996,1.070871,1.477935,0,1.7310806588377583,5,11,3.466043,3.466043,1.0,1.0,1
2097,/home/test/bupt_hjk/sdp_dataset/elderAL/action6_sit_TV_new/user0_position2_activity6/20250813=171412_mimo5s_part0.csv,0,2,6,8,3.912654,0.2807885,1.635053,2.754009,1,1.7890669606870426,5,11,3.789042,3.912654,0.9684071221222219,1.0,1
2098,/home/test/bupt_hjk/sdp_dataset/elderAL/action6_sit_TV_new/user0_position8_activity6/20250813=175913_mimo5s_part0.csv,0,8,6,11,5.253416,0.312953,1.2726326000000001,2.7656709999999998,1,1.9035233455717195,5,11,4.1083,5.1782509999999995,0.7820244960612295,1.0,1
2099,/home/test/bupt_hjk/sdp_dataset/elderAL/action6_sit_TV_new/user0_position8_activity6/20250813=180053_mimo5s_part0.csv,0,8,6,15,4.654401,0.1320570000000001,1.0439148000000007,1.685776,1,3.007905850828066,5,11,2.594192,3.6933735999999997,0.5573632353550972,0.7333333333333333,0
2100,/home/test/bupt_hjk/sdp_dataset/elderAL/action6_sit_TV_new/user1_position6_activity6/20250813=174346_mimo5s_part0.csv,1,6,6,55,5.491283,0.013593999999999884,0.25976930000000015,1.2495380000000003,0,9.833767445604241,5,11,0.6105369999999999,1.9837134000000003,0.11118294212846067,0.2,0
2101,/home/test/bupt_hjk/sdp_dataset/elderAL/action6_sit_TV_new/user0_position2_activity6/20250813=171301_mimo5s_part0.csv,0,2,6,10,5.06647,0.311006,1.4290836000000002,2.735438,0,1.7763847412498248,5,11,4.1294474999999995,5.06647,0.8150541698658039,1.0,1
2102,/home/test/bupt_hjk/sdp_dataset/elderAL/action6_sit_TV_new/user0_position2_activity6/20250813=171325_mimo5s_part0.csv,0,2,6,8,4.726528,0.3605550000000002,1.808907,2.74545,1,1.4810025456318041,5,11,4.569041,4.726528,0.9666801931565835,1.0,1
2103,/home/test/bupt_hjk/sdp_dataset/elderAL/action6_sit_TV_new/user0_position8_activity6/20250813=180006_mimo5s_part0.csv,0,8,6,21,4.364586,0.24952799999999953,0.4638385000000003,0.7135790000000002,0,4.58233610243904,5,11,1.846125,2.935842,0.42297826185576365,0.5238095238095238,0
2104,/home/test/bupt_hjk/sdp_dataset/elderAL/action6_sit_TV_new/user0_position2_activity6/20250813=171309_mimo5s_part0.csv,0,2,6,7,4.618221,0.5986839999999999,1.516999,2.1453759999999997,0,1.2992015756716708,5,11,4.618221,4.618221,1.0,1.0,1
2105,/home/test/bupt_hjk/sdp_dataset/elderAL/action6_sit_TV_new/user0_position8_activity6/20250813=175928_mimo5s_part0.csv,0,8,6,21,5.376701,0.11561500000000002,0.7360653999999998,2.0904179999999997,1,3.7197530604733275,5,11,1.7403630000000003,4.352368,0.32368602977922717,0.5238095238095238,0
2106,/home/test/bupt_hjk/sdp_dataset/elderAL/action6_sit_TV_new/user0_position8_activity6/20250813=180045_mimo5s_part0.csv,0,8,6,28,3.2150019999999997,0.013083999999999874,0.302455,1.054892,0,8.39812852371476,5,11,0.7831249999999998,1.8431457,0.24358460741237484,0.39285714285714285,0
2107,/home/test/bupt_hjk/sdp_dataset/elderAL/action6_sit_TV_new/user0_position2_activity6/20250813=171433_mimo5s_part0.csv,0,2,6,11,5.309288,0.6285020000000001,1.088972,1.2900599999999998,1,1.8834917224305785,5,11,3.6192089999999997,4.6807859999999994,0.681675019324625,1.0,1
2108,/home/test/bupt_hjk/sdp_dataset/elderAL/action6_sit_TV_new/user1_position6_activity6/20250813=174330_mimo5s_part0.csv,1,6,6,63,4.339951999999999,0.009265000000000023,0.22948999999999992,0.49280999999999997,0,14.285872286145102,5,11,0.6846399999999999,0.9458625999999999,0.15775289680623197,0.1746031746031746,0
2109,/home/test/bupt_hjk/sdp_dataset/elderAL/action6_sit_TV_new/user0_position2_activity6/20250813=171318_mimo5s_part0.csv,0,2,6,12,3.721758,0.2967580000000001,0.9737120999999999,1.048305,1,2.9555924915053584,5,11,3.1133059999999997,3.5734371,0.8365148943053256,0.9166666666666666,0
2110,/home/test/bupt_hjk/sdp_dataset/elderAL/action6_sit_TV_new/user0_position8_activity6/20250813=175944_mimo5s_part0.csv,0,8,6,24,7.0343279999999995,0.14600900000000028,0.8144398000000002,1.4986570000000001,0,3.269679776092329,5,11,1.0200405,5.4695871,0.14500894754978727,0.4583333333333333,0
2111,/home/test/bupt_hjk/sdp_dataset/elderAL/action6_sit_TV_new/user0_position2_activity6/20250813=171440_mimo5s_part0.csv,0,2,6,7,2.250078,0.38130149999999996,0.5627435,0.6796329999999999,0,2.666574225426852,5,11,2.250078,2.250078,1.0,1.0,1
2112,/home/test/bupt_hjk/sdp_dataset/elderAL/action6_sit_TV_new/user0_position2_activity6/20250813=171341_mimo5s_part0.csv,0,2,6,14,4.687411,0.2848109999999999,0.8277686000000001,1.5176559999999997,1,2.7733859906886766,5,11,2.7672404999999998,3.8680883,0.5903558488897175,0.7857142857142857,0
2113,/home/test/bupt_hjk/sdp_dataset/elderAL/action6_sit_TV_new/user0_position2_activity6/20250813=171426_mimo5s_part0.csv,0,2,6,10,4.381688,0.391316,1.0148304,1.15844,0,2.0540029322032973,5,11,3.11903,4.381688,0.7118329739588944,1.0,1
2114,/home/test/bupt_hjk/sdp_dataset/elderAL/action6_sit_TV_new/user1_position6_activity6/20250813=174445_mimo5s_part0.csv,1,6,6,52,5.095949,0.02561599999999986,0.2794253000000002,1.119595,1,10.00794945161343,5,11,0.6193534999999999,2.5643604999999994,0.1215384023662717,0.21153846153846154,0
2115,/home/test/bupt_hjk/sdp_dataset/elderAL/action6_sit_TV_new/user0_position2_activity6/20250813=171333_mimo5s_part0.csv,0,2,6,22,4.589322,0.17285450000000002,0.4830321000000001,0.9663170000000001,1,4.5758393069825996,5,11,1.8571060000000001,3.0714809000000005,0.40465803009682044,0.5,0
2116,/home/test/bupt_hjk/sdp_dataset/elderAL/action6_sit_TV_new/user0_position2_activity6/20250813=171356_mimo5s_part0.csv,0,2,6,22,4.895932999999999,0.20392050000000006,0.5821523999999998,0.827476,1,4.289274383452552,5,11,1.9011349999999998,3.0733937000000005,0.38830903118976506,0.5,0
2117,/home/test/bupt_hjk/sdp_dataset/elderAL/action6_sit_TV_new/user0_position2_activity6/20250813=171404_mimo5s_part0.csv,0,2,6,15,5.939488,0.3163649999999998,1.1563826000000004,1.3688559999999996,1,2.3571055282879603,5,11,3.4604559999999998,4.961039,0.5826185691426601,0.7333333333333333,0
2118,/home/test/bupt_hjk/sdp_dataset/elderAL/action6_sit_TV_new/user1_position6_activity6/20250813=174353_mimo5s_part0.csv,1,6,6,64,5.177129,0.019024999999999848,0.2511238000000006,0.47529600000000016,0,12.168906743486593,5,11,0.7762235,1.1330960999999997,0.14993319656512324,0.171875,0
2119,/home/test/bupt_hjk/sdp_dataset/elderAL/action6_sit_TV_new/user1_position3_activity6/20250813=171958_mimo5s_part0.csv,1,3,6,11,4.875489,0.4433675,0.9565690999999996,1.522715,0,2.0510763125503924,5,11,3.352774,4.357513,0.687679533273483,1.0,1
2120,/home/test/bupt_hjk/sdp_dataset/elderAL/action6_sit_TV_new/user1_position3_activity6/20250813=171920_mimo5s_part0.csv,1,3,6,11,3.977851,0.295056,1.0804307999999998,1.4703359999999999,0,2.5139202046532163,5,11,3.5888959999999996,3.967539,0.9022198166799108,1.0,1
2121,/home/test/bupt_hjk/sdp_dataset/elderAL/action6_sit_TV_new/user1_position3_activity6/20250813=171936_mimo5s_part0.csv,1,3,6,21,4.827674,0.25147200000000003,0.6182517999999999,0.7226749999999997,1,4.142781803410918,5,11,2.0357049999999997,3.4815120000000004,0.4216740815556311,0.5238095238095238,0
2122,/home/test/bupt_hjk/sdp_dataset/elderAL/action6_sit_TV_new/user1_position3_activity6/20250813=172014_mimo5s_part0.csv,1,3,6,11,5.005166,0.3872,1.1744982,1.3412510000000002,1,1.9979357328008702,5,11,3.458249,4.9288099999999995,0.6909359250022876,1.0,1
2123,/home/test/bupt_hjk/sdp_dataset/elderAL/action6_sit_TV_new/user1_position3_activity6/20250813=172021_mimo5s_part0.csv,1,3,6,8,4.664815,0.3093140000000001,1.7622498000000002,2.247753,0,1.5005954148235245,5,11,4.6275315,4.664815,0.9920075072644896,1.0,1
2124,/home/test/bupt_hjk/sdp_dataset/elderAL/action6_sit_TV_new/user0_position2_activity6/20250813=171447_mimo5s_part0.csv,0,2,6,32,3.4964619999999997,0.018554999999999877,0.24905699999999997,1.384962,0,8.866105222936786,5,11,0.6439664999999999,2.0584242,0.18417660480794584,0.34375,0
2125,/home/test/bupt_hjk/sdp_dataset/elderAL/action6_sit_TV_new/user1_position3_activity6/20250813=171943_mimo5s_part0.csv,1,3,6,28,7.688368,0.0835334999999997,1.148851,1.475755,1,3.511798602772396,5,11,0.8496025,5.3911968,0.11050492120044203,0.39285714285714285,0
2126,/home/test/bupt_hjk/sdp_dataset/elderAL/action6_sit_TV_new/user1_position3_activity6/20250813=172006_mimo5s_part0.csv,1,3,6,18,5.374657,0.2554725,0.7419585,1.051762,1,3.162992540733297,5,11,1.9658415,3.4862756,0.3657612941625856,0.6111111111111112,0
2127,/home/test/bupt_hjk/sdp_dataset/elderAL/action6_sit_TV_new/user0_position2_activity6/20250813=171349_mimo5s_part0.csv,0,2,6,54,5.465517,0.012520499999999934,0.2730677000000001,1.2211220000000003,1,9.697161311546555,5,11,0.787633,1.7241812,0.14410951425089338,0.2037037037037037,0
2128,/home/test/bupt_hjk/sdp_dataset/elderAL/action6_sit_TV_new/user1_position3_activity6/20250813=171913_mimo5s_part0.csv,1,3,6,21,3.421684,0.007448000000000121,0.43210600000000005,1.457462,1,5.845075115060304,5,11,0.9939360000000002,2.1794189999999998,0.29048152897812896,0.5238095238095238,0
2129,/home/test/bupt_hjk/sdp_dataset/elderAL/action6_sit_TV_new/user2_position6_activity6/20250813=174916_mimo5s_part0.csv,2,6,6,7,5.000175,0.5245560000000001,1.7903724999999997,2.0950729999999993,0,1.1999580014699487,5,11,5.000175,5.000175,1.0,1.0,1
2130,/home/test/bupt_hjk/sdp_dataset/elderAL/action6_sit_TV_new/user2_position6_activity6/20250813=174902_mimo5s_part0.csv,2,6,6,7,4.476105,0.3907184999999999,1.5742215000000002,2.365031,0,1.340451128827407,5,11,4.476105,4.476105,1.0,1.0,1
2131,/home/test/bupt_hjk/sdp_dataset/elderAL/action6_sit_TV_new/user1_position3_activity6/20250813=171928_mimo5s_part0.csv,1,3,6,24,4.862438,0.1324619999999994,0.6046932000000003,1.017522,0,4.7301374331148285,5,11,1.6634809999999995,3.257626299999999,0.3421084237989255,0.4583333333333333,0
2132,/home/test/bupt_hjk/sdp_dataset/elderAL/action6_sit_TV_new/user1_position3_activity6/20250813=171951_mimo5s_part0.csv,1,3,6,18,4.67823,0.05384749999999994,0.9718929999999999,1.6178170000000005,1,3.633852974308659,5,11,2.0227275000000002,2.4653096,0.43237025541711294,0.6111111111111112,0
2133,/home/test/bupt_hjk/sdp_dataset/elderAL/action6_sit_TV_new/user2_position6_activity6/20250813=174822_mimo5s_part0.csv,2,6,6,14,5.0873669999999995,0.08823550000000002,1.3395790000000003,2.128182,1,2.555349358518857,5,11,2.6532634999999996,4.6376631999999995,0.5215396294389613,0.7857142857142857,0
2134,/home/test/bupt_hjk/sdp_dataset/elderAL/action6_sit_TV_new/user2_position6_activity6/20250813=174952_mimo5s_part0.csv,2,6,6,22,4.987651,0.10788399999999998,0.5139996000000006,1.4903689999999998,1,4.210398843062596,5,11,2.0395805,3.5576674999999995,0.40892606559681105,0.5,0
2135,/home/test/bupt_hjk/sdp_dataset/elderAL/action6_sit_TV_new/user2_position6_activity6/20250813=174909_mimo5s_part0.csv,2,6,6,7,5.673303,0.8624939999999999,1.63755,1.794916,0,1.0575849729866358,5,11,5.673303,5.673303,1.0,1.0,1
2136,/home/test/bupt_hjk/sdp_dataset/elderAL/action6_sit_TV_new/user2_position6_activity6/20250813=174930_mimo5s_part0.csv,2,6,6,18,5.042901,0.21894800000000003,0.659888,1.905595,1,3.371075498011958,5,11,1.59988,3.7232944999999997,0.3172538981034924,0.6111111111111112,0
2137,/home/test/bupt_hjk/sdp_dataset/elderAL/action6_sit_TV_new/user2_position6_activity6/20250813=174838_mimo5s_part0.csv,2,6,6,21,4.580667,0.1644215,0.6542400000000002,0.7676259999999999,0,4.366176366891547,5,11,1.632619,2.9244529999999997,0.3564151246969055,0.5238095238095238,0
2138,/home/test/bupt_hjk/sdp_dataset/elderAL/action6_sit_TV_new/user1_position3_activity6/20250813=171834_mimo5s_part0.csv,1,3,6,37,4.436122,0.07146450000000004,0.3136510000000001,0.7005330000000001,0,8.115196110476672,5,11,1.280179,1.4826030000000001,0.2885806567087199,0.2972972972972973,0
2139,/home/test/bupt_hjk/sdp_dataset/elderAL/action6_sit_TV_new/user2_position6_activity6/20250813=174923_mimo5s_part0.csv,2,6,6,11,4.686979,0.30721299999999996,1.2591884,1.94179,1,2.133570472579459,5,11,2.866609,4.616407,0.611611231883053,1.0,1
2140,/home/test/bupt_hjk/sdp_dataset/elderAL/action6_sit_TV_new/user2_position6_activity6/20250813=175000_mimo5s_part0.csv,2,6,6,3,1.7486499999999998,0.8743249999999999,1.2739538,1.373861,0,1.1437394561518888,5,11,1.7486499999999998,1.7486499999999998,1.0,1.0,1
2141,/home/test/bupt_hjk/sdp_dataset/elderAL/action6_sit_TV_new/user2_position6_activity6/20250813=174814_mimo5s_part0.csv,2,6,6,17,5.370242,0.20597500000000024,0.9543550000000001,1.3665569999999998,0,2.979381562320655,5,11,2.8128130000000002,3.1488174,0.5237776994034906,0.6470588235294118,0
2142,/home/test/bupt_hjk/sdp_dataset/elderAL/action6_sit_TV_new/user2_position6_activity6/20250813=174938_mimo5s_part0.csv,2,6,6,12,4.695785,0.2964485000000001,1.0126851999999997,1.4546859999999997,1,2.342526329463551,5,11,3.0104859999999998,4.5614053,0.6411038835892188,0.9166666666666666,0
2143,/home/test/bupt_hjk/sdp_dataset/elderAL/action6_sit_TV_new/user2_position9_activity6/20250813=180810_mimo5s_part0.csv,2,9,6,11,3.0218879999999997,0.36251299999999986,0.64394,0.777844,1,3.309189486837368,5,11,2.2440439999999997,2.6451849999999997,0.7425966812800474,1.0,1
2144,/home/test/bupt_hjk/sdp_dataset/elderAL/action6_sit_TV_new/user1_position3_activity6/20250813=171857_mimo5s_part0.csv,1,3,6,64,5.054524,0.030967999999999885,0.21874139999999961,0.621917,1,12.464081682073328,5,11,0.728767,1.3540907000000009,0.14418113357459578,0.171875,0
2145,/home/test/bupt_hjk/sdp_dataset/elderAL/action6_sit_TV_new/user1_position3_activity6/20250813=171843_mimo5s_part0.csv,1,3,6,61,5.007515,0.0205280000000001,0.2599548000000001,0.458577,1,11.98199106742566,5,11,0.7118419999999999,1.5451000000000001,0.14215474142364026,0.18032786885245902,0
2146,/home/test/bupt_hjk/sdp_dataset/elderAL/action6_sit_TV_new/user2_position6_activity6/20250813=174945_mimo5s_part0.csv,2,6,6,24,6.125986999999999,0.08017099999999999,0.9443018000000011,1.501407,0,3.7544970304377077,5,11,0.9477774999999999,4.992540099999999,0.15471425257676846,0.4583333333333333,0
2147,/home/test/bupt_hjk/sdp_dataset/elderAL/action6_sit_TV_new/user2_position9_activity6/20250813=180726_mimo5s_part0.csv,2,9,6,11,5.05369,0.3614259999999998,1.1911016,2.071196,1,1.978752159313294,5,11,3.5181679999999997,4.990792999999999,0.6961582526826933,1.0,1
2148,/home/test/bupt_hjk/sdp_dataset/elderAL/action6_sit_TV_new/user2_position9_activity6/20250813=180657_mimo5s_part0.csv,2,9,6,18,5.621716,0.24789450000000013,0.8848285,1.4589699999999999,1,3.0239876934373773,5,11,2.69761,4.2801576,0.47985526127609435,0.6111111111111112,0
2149,/home/test/bupt_hjk/sdp_dataset/elderAL/action6_sit_TV_new/user2_position6_activity6/20250813=174845_mimo5s_part0.csv,2,6,6,41,7.866648,0.07057400000000014,0.42590570000000044,1.262495,0,5.0847578282389145,5,11,1.363855,4.501361,0.17337180969581964,0.2682926829268293,0
2150,/home/test/bupt_hjk/sdp_dataset/elderAL/action6_sit_TV_new/user2_position9_activity6/20250813=180741_mimo5s_part0.csv,2,9,6,11,5.0976729999999995,0.3734179999999998,1.473261,1.4834289999999997,1,1.9616793780220898,5,11,3.5399369999999997,5.066591,0.6944221412397382,1.0,1
2151,/home/test/bupt_hjk/sdp_dataset/elderAL/action6_sit_TV_new/user2_position9_activity6/20250813=180719_mimo5s_part0.csv,2,9,6,7,3.628459,0.3248535,1.3500324999999997,1.5734009999999998,0,1.6535945424765721,5,11,3.628459,3.628459,1.0,1.0,1
2152,/home/test/bupt_hjk/sdp_dataset/elderAL/action6_sit_TV_new/user2_position9_activity6/20250813=180734_mimo5s_part0.csv,2,9,6,11,5.576892,0.3422869999999998,1.2569565999999999,1.5579759999999998,0,1.793113440245929,5,11,4.234832,5.501637,0.7593534176383548,1.0,1
2153,/home/test/bupt_hjk/sdp_dataset/elderAL/action6_sit_TV_new/user2_position9_activity6/20250813=180803_mimo5s_part0.csv,2,9,6,11,4.8797239999999995,0.2543149999999996,1.2284600000000003,2.4350199999999997,1,2.0492962306884572,5,11,3.0252209999999997,4.754448999999999,0.6199573992299564,1.0,1
2154,/home/test/bupt_hjk/sdp_dataset/elderAL/action6_sit_TV_new/user2_position9_activity6/20250813=180832_mimo5s_part0.csv,2,9,6,28,4.349825,0.023791999999999924,0.44434649999999987,0.9261020000000002,1,6.207146264504893,5,11,1.2708774999999999,2.0585731,0.29216750099141914,0.39285714285714285,0
2155,/home/test/bupt_hjk/sdp_dataset/elderAL/action6_sit_TV_new/user1_position3_activity6/20250813=171850_mimo5s_part0.csv,1,3,6,80,4.875713,0.007274000000000003,0.21082459999999983,0.49026099999999984,0,16.202758447841372,5,11,0.42158949999999995,1.2216285,0.08646725104615467,0.1375,0
2156,/home/test/bupt_hjk/sdp_dataset/elderAL/action6_sit_TV_new/user2_position6_activity6/20250813=174830_mimo5s_part0.csv,2,6,6,48,4.89297,0.008020000000000138,0.3067250000000001,0.8693400000000002,0,9.60561785582172,5,11,0.927912,1.6169672000000002,0.18964187395385623,0.22916666666666666,0
2157,/home/test/bupt_hjk/sdp_dataset/elderAL/action6_sit_TV_new/user2_position9_activity6/20250813=180649_mimo5s_part0.csv,2,9,6,28,5.52429,0.10109699999999977,0.4297295,1.4763099999999998,1,4.887505905736303,5,11,1.500648,3.1907243999999997,0.2716454060159767,0.39285714285714285,0
2158,/home/test/bupt_hjk/sdp_dataset/elderAL/action6_sit_TV_new/user2_position9_activity6/20250813=180817_mimo5s_part0.csv,2,9,6,27,5.201135,0.12295250000000008,0.5602,0.6773580000000001,0,4.998908892001458,5,11,2.194871,2.6291689999999996,0.42199846764215887,0.4074074074074074,0
2159,/home/test/bupt_hjk/sdp_dataset/elderAL/action6_sit_TV_new/user2_position6_activity6/20250813=174853_mimo5s_part0.csv,2,6,6,49,4.823473,0.008042000000000105,0.30018000000000006,1.1160300000000003,1,9.951335894281984,5,11,0.7481300000000002,1.527312,0.15510193588727464,0.22448979591836735,0
2160,/home/test/bupt_hjk/sdp_dataset/elderAL/action6_sit_TV_new/user2_position9_activity6/20250813=180704_mimo5s_part0.csv,2,9,6,30,6.0844819999999995,0.06860599999999994,0.4286937999999998,2.6550579999999995,0,4.766223320243203,5,11,0.9840764999999996,4.2179287,0.16173546080011408,0.36666666666666664,0
2161,/home/test/bupt_hjk/sdp_dataset/elderAL/action6_sit_TV_new/user2_position9_activity6/20250813=180824_mimo5s_part0.csv,2,9,6,14,5.689386,0.3006310000000001,1.0226492000000003,2.192059,0,2.2849565840672437,5,11,2.7588935,4.7805121,0.4849193744281018,0.7857142857142857,0
2162,/home/test/bupt_hjk/sdp_dataset/elderAL/action6_sit_TV_new/user1_position7_activity6/20250813=175338_mimo5s_part0.csv,1,7,6,18,5.301343999999999,0.30091250000000014,0.6935945,0.8178209999999997,1,3.2067339904748686,5,11,2.434908,3.2270031,0.45930013219289306,0.6111111111111112,0
2163,/home/test/bupt_hjk/sdp_dataset/elderAL/action6_sit_TV_new/user1_position7_activity6/20250813=175322_mimo5s_part0.csv,1,7,6,11,5.3768069999999994,0.13400849999999975,1.6122302999999996,2.7565020000000002,0,1.8598398640680243,5,11,5.020360999999999,5.374877,0.9337067519812409,1.0,1
2164,/home/test/bupt_hjk/sdp_dataset/elderAL/action6_sit_TV_new/user1_position7_activity6/20250813=175402_mimo5s_part0.csv,1,7,6,18,4.441885,0.25684850000000004,0.6657605000000001,0.9187609999999999,1,3.8272039910983735,5,11,2.1816885,2.9174099,0.4911627608549073,0.6111111111111112,0
2165,/home/test/bupt_hjk/sdp_dataset/elderAL/action6_sit_TV_new/user2_position9_activity6/20250813=180711_mimo5s_part0.csv,2,9,6,41,4.990646,0.041941500000000076,0.32896500000000006,0.8779570000000003,0,8.01499445162009,5,11,0.7914549999999998,2.010287,0.15858768584267444,0.2682926829268293,0
2166,/home/test/bupt_hjk/sdp_dataset/elderAL/action6_sit_TV_new/user1_position7_activity6/20250813=175456_mimo5s_part0.csv,1,7,6,11,5.004344,0.402215,1.3089528000000001,1.6488760000000005,1,1.9982639083164548,5,11,4.368084,4.8742659999999995,0.8728584605694573,1.0,1
2167,/home/test/bupt_hjk/sdp_dataset/elderAL/action6_sit_TV_new/user1_position7_activity6/20250813=175448_mimo5s_part0.csv,1,7,6,19,5.044824,0.18644199999999977,0.6978464000000001,0.8805630000000004,1,3.568013472818873,5,11,2.563993,3.8381532,0.5082423093451823,0.5789473684210527,0
2168,/home/test/bupt_hjk/sdp_dataset/elderAL/action6_sit_TV_new/user2_position9_activity6/20250813=180748_mimo5s_part0.csv,2,9,6,29,5.113408,0.043082500000000135,0.4791495000000001,1.4905339999999998,2,5.475800092619248,5,11,1.7361840000000002,3.2300856,0.3395355895715734,0.3793103448275862,0
2169,/home/test/bupt_hjk/sdp_dataset/elderAL/action6_sit_TV_new/user1_position7_activity6/20250813=175426_mimo5s_part0.csv,1,7,6,12,4.999896,0.19757750000000013,1.3608827999999997,1.971162,1,2.200045760951828,5,11,3.3343534999999997,4.8027185,0.666884571199081,0.9166666666666666,0
2170,/home/test/bupt_hjk/sdp_dataset/elderAL/action6_sit_TV_new/user1_position7_activity6/20250813=175418_mimo5s_part0.csv,1,7,6,7,4.5372129999999995,0.39074049999999994,1.7843795,2.086652,0,1.322397692151548,5,11,4.5372129999999995,4.5372129999999995,1.0,1.0,1
2171,/home/test/bupt_hjk/sdp_dataset/elderAL/action6_sit_TV_new/user1_position7_activity6/20250813=175441_mimo5s_part0.csv,1,7,6,8,4.443217,0.7998175,1.350795,1.442069,1,1.5754350957875791,5,11,4.3957774999999994,4.443217,0.9893231638247693,1.0,1
2172,/home/test/bupt_hjk/sdp_dataset/elderAL/action6_sit_TV_new/user1_position7_activity6/20250813=175314_mimo5s_part0.csv,1,7,6,7,5.388478999999999,0.5566989999999998,1.7631925,2.0440709999999997,0,1.1134867557245747,5,11,5.388478999999999,5.388478999999999,1.0,1.0,1
2173,/home/test/bupt_hjk/sdp_dataset/elderAL/action6_sit_TV_new/user1_position7_activity6/20250813=175409_mimo5s_part0.csv,1,7,6,19,4.611742,0.23451750000000016,0.5498770000000001,1.27969,2,3.9030804411868663,5,11,1.9566519999999998,2.6619727999999996,0.4242761195227313,0.5789473684210527,0
2174,/home/test/bupt_hjk/sdp_dataset/elderAL/action6_sit_TV_new/user2_position9_activity6/20250813=180755_mimo5s_part0.csv,2,9,6,37,3.224523,0.007696000000000147,0.22911920000000024,1.0571669999999997,1,11.164441996537162,5,11,0.35017200000000015,1.863098,0.10859652730031702,0.2972972972972973,0
2175,/home/test/bupt_hjk/sdp_dataset/elderAL/action6_sit_TV_new/user1_position7_activity6/20250813=175307_mimo5s_part0.csv,1,7,6,12,5.3499289999999995,0.30142599999999975,1.5168026999999997,1.7906879999999994,1,2.0561020529431326,5,11,3.7875544999999997,4.985630199999999,0.7079635075530909,0.9166666666666666,0
2176,/home/test/bupt_hjk/sdp_dataset/elderAL/action6_sit_TV_new/user1_position7_activity6/20250813=175433_mimo5s_part0.csv,1,7,6,11,5.494077,0.40124649999999995,0.9237446999999996,2.1160620000000003,0,1.8201419455897687,5,11,4.723427,5.492669,0.8597307609631245,1.0,1
2177,/home/test/bupt_hjk/sdp_dataset/elderAL/action6_sit_TV_new/user0_position7_activity6/20250813=175816_mimo5s_part0.csv,0,7,6,8,2.836929,0.2691795000000001,1.020019,1.3724729999999998,1,2.4674568873595355,5,11,2.6895930000000003,2.836929,0.9480649674348566,1.0,1
2178,/home/test/bupt_hjk/sdp_dataset/elderAL/action6_sit_TV_new/user0_position7_activity6/20250813=175738_mimo5s_part0.csv,0,7,6,7,3.140246,0.49382550000000003,1.031037,1.354811,0,1.9106783353915586,5,11,3.140246,3.140246,1.0,1.0,1
2179,/home/test/bupt_hjk/sdp_dataset/elderAL/action6_sit_TV_new/user0_position7_activity6/20250813=175722_mimo5s_part0.csv,0,7,6,8,4.558763,0.3744894999999999,1.7181019999999998,2.763997,1,1.5355042585017031,5,11,4.3806445,4.558763,0.9609283263902949,1.0,1
2180,/home/test/bupt_hjk/sdp_dataset/elderAL/action6_sit_TV_new/user0_position7_activity6/20250813=175822_mimo5s_part0.csv,0,7,6,11,4.400602999999999,0.32962800000000003,1.2131276,1.691726,1,2.272415848464404,5,11,3.519126,4.325613999999999,0.7996917695143144,1.0,1
2181,/home/test/bupt_hjk/sdp_dataset/elderAL/action6_sit_TV_new/user0_position7_activity6/20250813=175809_mimo5s_part0.csv,0,7,6,4,3.937219,1.484947,1.9604053999999997,2.0792699999999997,0,0.7619591391792024,5,11,3.937219,3.937219,1.0,1.0,1
2182,/home/test/bupt_hjk/sdp_dataset/elderAL/action6_sit_TV_new/user0_position7_activity6/20250813=175801_mimo5s_part0.csv,0,7,6,4,1.5708719999999998,0.385127,0.9269358,1.0623879999999999,0,1.9097673139504685,5,11,1.5708719999999998,1.5708719999999998,1.0,1.0,1
2183,/home/test/bupt_hjk/sdp_dataset/elderAL/action6_sit_TV_new/user0_position7_activity6/20250813=175730_mimo5s_part0.csv,0,7,6,8,4.352914999999999,0.578232,1.4114654999999996,2.0815029999999997,1,1.608117778546101,5,11,4.010932499999999,4.352914999999999,0.9214359802569082,1.0,1
2184,/home/test/bupt_hjk/sdp_dataset/elderAL/action6_sit_TV_new/user0_position7_activity6/20250813=175553_mimo5s_part0.csv,0,7,6,11,3.848738,0.1816175,1.1196024999999998,1.7084859999999997,0,2.598254284911054,5,11,2.521605,3.8415529999999998,0.6551770996103139,1.0,1
2185,/home/test/bupt_hjk/sdp_dataset/elderAL/action6_sit_TV_new/user0_position7_activity6/20250813=175714_mimo5s_part0.csv,0,7,6,7,4.679778,0.4305730000000001,1.6891604999999998,2.318454,0,1.282112100189368,5,11,4.679778,4.679778,1.0,1.0,1
2186,/home/test/bupt_hjk/sdp_dataset/elderAL/action6_sit_TV_new/user0_position7_activity6/20250813=175658_mimo5s_part0.csv,0,7,6,8,4.224869,0.4417835000000001,1.348496,2.003406,1,1.6568561060709812,5,11,4.0379705,4.224869,0.955762297008499,1.0,1
2187,/home/test/bupt_hjk/sdp_dataset/elderAL/action6_sit_TV_new/user0_position6_activity6/20250813=174557_mimo5s_part0.csv,0,6,6,8,5.039254,0.51974,1.8043209999999998,2.1103009999999998,1,1.3890944969235526,5,11,4.843182,5.039254,0.9610910662570293,1.0,1
2188,/home/test/bupt_hjk/sdp_dataset/elderAL/action6_sit_TV_new/user0_position7_activity6/20250813=175651_mimo5s_part0.csv,0,7,6,17,5.02245,0.23513350000000033,0.733974,1.4381499999999998,0,3.1856962239544444,5,11,2.410301,2.7004624,0.47990542464335134,0.6470588235294118,0
2189,/home/test/bupt_hjk/sdp_dataset/elderAL/action6_sit_TV_new/user1_position3_activity6/20250813=171904_mimo5s_part0.csv,1,3,6,116,4.7904919999999995,0.023600000000000065,0.10088279999999998,0.5811009999999999,0,24.005884990518723,5,11,0.33333549999999995,0.613571,0.06958272761962654,0.09482758620689655,0
2190,/home/test/bupt_hjk/sdp_dataset/elderAL/action6_sit_TV_new/user1_position7_activity6/20250813=175354_mimo5s_part0.csv,1,7,6,35,3.5893629999999996,0.023892000000000024,0.35972639999999984,0.9825189999999999,1,9.47243285229162,5,11,0.7444149999999998,1.4519003999999998,0.2073947382864313,0.3142857142857143,0
2191,/home/test/bupt_hjk/sdp_dataset/elderAL/action6_sit_TV_new/user0_position7_activity6/20250813=175746_mimo5s_part0.csv,0,7,6,23,4.832215,0.06784800000000013,0.38922759999999995,1.4920879999999999,0,4.552777556462202,5,11,0.9760270000000002,3.4237651999999996,0.2019833554591425,0.4782608695652174,0
2192,/home/test/bupt_hjk/sdp_dataset/elderAL/action6_sit_TV_new/user0_position6_activity6/20250813=174714_mimo5s_part0.csv,0,6,6,11,5.7359789999999995,0.436837,1.1064126,2.3157029999999996,1,1.743381557010582,5,11,4.610993,5.6562,0.8038720155704894,1.0,1
2193,/home/test/bupt_hjk/sdp_dataset/elderAL/action6_sit_TV_new/user0_position6_activity6/20250813=174736_mimo5s_part0.csv,0,6,6,11,5.550388,0.5709789999999997,1.0072048,1.3603199999999998,1,1.8016758468056648,5,11,3.441147,5.011889,0.6199831435207773,1.0,1
2194,/home/test/bupt_hjk/sdp_dataset/elderAL/action6_sit_TV_new/user0_position7_activity6/20250813=175706_mimo5s_part0.csv,0,7,6,25,5.617319,0.09371200000000002,0.7304339999999997,1.2076630000000002,1,4.2725008140004155,5,11,1.8243889999999998,3.4065542000000004,0.3247793119813918,0.44,0
2195,/home/test/bupt_hjk/sdp_dataset/elderAL/action6_sit_TV_new/user0_position6_activity6/20250813=174635_mimo5s_part0.csv,0,6,6,7,2.9008339999999997,0.38816949999999995,1.0229059999999999,1.390081,0,2.068370682362383,5,11,2.9008339999999997,2.9008339999999997,1.0,1.0,1
2196,/home/test/bupt_hjk/sdp_dataset/elderAL/action6_sit_TV_new/user0_position7_activity6/20250813=175546_mimo5s_part0.csv,0,7,6,25,4.579623,0.055380500000000055,0.3558961999999999,1.637892,0,5.240606049886639,5,11,1.4363439999999998,2.1974151999999996,0.3136380440049323,0.44,0
2197,/home/test/bupt_hjk/sdp_dataset/elderAL/action6_sit_TV_new/user0_position6_activity6/20250813=174620_mimo5s_part0.csv,0,6,6,7,3.9597409999999997,0.48113150000000005,1.4203154999999998,1.9502989999999998,0,1.5152506186642005,5,11,3.9597409999999997,3.9597409999999997,1.0,1.0,1
2198,/home/test/bupt_hjk/sdp_dataset/elderAL/action6_sit_TV_new/user0_position6_activity6/20250813=174612_mimo5s_part0.csv,0,6,6,11,6.749797999999999,0.5225939999999998,1.3900487999999998,1.478164,1,1.4815258175133539,5,11,4.913044999999999,6.655924,0.7278803010104895,1.0,1
2199,/home/test/bupt_hjk/sdp_dataset/elderAL/action6_sit_TV_new/user0_position6_activity6/20250813=174658_mimo5s_part0.csv,0,6,6,14,5.464678,0.31361799999999995,0.8567752000000002,1.470732,0,2.3789141830497607,5,11,3.8240325000000004,4.9202879,0.6997727038994795,0.7857142857142857,0
2200,/home/test/bupt_hjk/sdp_dataset/elderAL/action6_sit_TV_new/user1_position7_activity6/20250813=175330_mimo5s_part0.csv,1,7,6,61,4.230188,0.008198499999999997,0.24766000000000005,0.4556490000000002,0,14.18376677348619,5,11,0.6169929999999999,0.9781049999999998,0.14585474688122604,0.18032786885245902,0
2201,/home/test/bupt_hjk/sdp_dataset/elderAL/action6_sit_TV_new/user0_position6_activity6/20250813=174605_mimo5s_part0.csv,0,6,6,8,4.937314,0.5212735,1.7536384999999999,2.036682,1,1.4177749278251293,5,11,4.600548,4.937314,0.9317916583794347,1.0,1
2202,/home/test/bupt_hjk/sdp_dataset/elderAL/action6_sit_TV_new/user0_position6_activity6/20250813=174651_mimo5s_part0.csv,0,6,6,20,4.021287,0.0349069999999998,0.46868659999999995,1.231932,0,4.724855500241589,5,11,1.7502535,2.0184604,0.43524709875221534,0.55,0
2203,/home/test/bupt_hjk/sdp_dataset/elderAL/action6_sit_TV_new/user0_position4_activity6/20250813=173514_mimo5s_part0.csv,0,4,6,7,4.930355,0.7198299999999999,1.4887785,1.690101,0,1.2169509092144482,5,11,4.930355,4.930355,1.0,1.0,1
2204,/home/test/bupt_hjk/sdp_dataset/elderAL/action6_sit_TV_new/user0_position6_activity6/20250813=174728_mimo5s_part0.csv,0,6,6,11,6.246351,0.340344,1.2888583999999996,2.1042710000000002,0,1.6009346897092398,5,11,4.809552,6.121966,0.7699778638760454,1.0,1
2205,/home/test/bupt_hjk/sdp_dataset/elderAL/action6_sit_TV_new/user0_position6_activity6/20250813=174743_mimo5s_part0.csv,0,6,6,28,5.626619,0.04239550000000003,0.6236605,1.4955169999999998,1,4.798618850858748,5,11,1.36884,4.2203908,0.24327931214109222,0.39285714285714285,0
2206,/home/test/bupt_hjk/sdp_dataset/elderAL/action6_sit_TV_new/user0_position6_activity6/20250813=174721_mimo5s_part0.csv,0,6,6,12,4.863360999999999,0.4130244999999999,1.0250871999999998,1.2754150000000002,1,2.2618102995027516,5,11,3.4272799999999997,4.4268037,0.7047142912072536,0.9166666666666666,0
2207,/home/test/bupt_hjk/sdp_dataset/elderAL/action6_sit_TV_new/user0_position4_activity6/20250813=173529_mimo5s_part0.csv,0,4,6,7,3.4320939999999998,0.4933354999999999,1.05389,1.2321460000000002,0,1.7482038662111237,5,11,3.4320939999999998,3.4320939999999998,1.0,1.0,1
2208,/home/test/bupt_hjk/sdp_dataset/elderAL/action6_sit_TV_new/user0_position4_activity6/20250813=173458_mimo5s_part0.csv,0,4,6,10,4.059918,0.31067,1.1059814,1.4019310000000003,0,2.2167935411503388,5,11,3.465859,4.059918,0.8536770939708636,1.0,1
2209,/home/test/bupt_hjk/sdp_dataset/elderAL/action6_sit_TV_new/user0_position6_activity6/20250813=174628_mimo5s_part0.csv,0,6,6,11,3.452654,0.14726499999999998,0.9104648999999996,1.230585,0,2.896322654977881,5,11,2.8280939999999997,3.2009749999999997,0.8191072722607015,1.0,1
2210,/home/test/bupt_hjk/sdp_dataset/elderAL/action6_sit_TV_new/user0_position7_activity6/20250813=175754_mimo5s_part0.csv,0,7,6,37,3.6200759999999996,0.008631500000000014,0.089337,1.6995399999999998,0,9.944542600763079,5,11,0.415578,2.0515226,0.11479814235944219,0.2972972972972973,0
2211,/home/test/bupt_hjk/sdp_dataset/elderAL/action6_sit_TV_new/user0_position4_activity6/20250813=173506_mimo5s_part0.csv,0,4,6,11,5.294802,0.30742899999999995,1.5135074,1.6228449999999994,1,1.888644750077529,5,11,4.4172579999999995,5.014533,0.8342631131437964,1.0,1
2212,/home/test/bupt_hjk/sdp_dataset/elderAL/action6_sit_TV_new/user0_position4_activity6/20250813=173521_mimo5s_part0.csv,0,4,6,4,1.487971,0.6946479999999999,0.7710016,0.79009,0,2.0161683258611895,5,11,1.487971,1.487971,1.0,1.0,1
2213,/home/test/bupt_hjk/sdp_dataset/elderAL/action6_sit_TV_new/user0_position4_activity6/20250813=173404_mimo5s_part0.csv,0,4,6,7,5.502199,0.3834310000000001,2.1184285000000003,2.763624,0,1.0904730999369525,5,11,5.502199,5.502199,1.0,1.0,1
2214,/home/test/bupt_hjk/sdp_dataset/elderAL/action6_sit_TV_new/user0_position4_activity6/20250813=173436_mimo5s_part0.csv,0,4,6,11,5.086914,0.39455700000000005,1.0524936,1.3285239999999998,1,1.9658283981211397,5,11,3.621181,5.0118469999999995,0.7118620444536707,1.0,1
2215,/home/test/bupt_hjk/sdp_dataset/elderAL/action6_sit_TV_new/user0_position4_activity6/20250813=173451_mimo5s_part0.csv,0,4,6,18,5.004499,0.10189399999999998,0.877114,1.0801839999999996,0,3.3969434303014148,5,11,2.6531615,3.1552406,0.530155266291391,0.6111111111111112,0
2216,/home/test/bupt_hjk/sdp_dataset/elderAL/action6_sit_TV_new/user0_position4_activity6/20250813=173537_mimo5s_part0.csv,0,4,6,10,4.141463,0.35792,0.8087512000000001,1.4856279999999997,0,2.173145093895563,5,11,3.6485095,4.141463,0.8809711688840393,1.0,1
2217,/home/test/bupt_hjk/sdp_dataset/elderAL/action6_sit_TV_new/user1_position7_activity6/20250813=175346_mimo5s_part0.csv,1,7,6,64,5.491410999999999,0.00953000000000026,0.22992700000000013,1.080551,0,11.472461267240789,5,11,0.6635974999999996,1.7300069000000007,0.12084280342520341,0.171875,0
2218,/home/test/bupt_hjk/sdp_dataset/elderAL/action6_sit_TV_new/user0_position4_activity6/20250813=173413_mimo5s_part0.csv,0,4,6,12,4.624491,0.25161349999999993,1.3278745999999997,1.7145379999999997,1,2.3786401573708327,5,11,3.057979,4.5376658999999995,0.6612574227087911,0.9166666666666666,0
2219,/home/test/bupt_hjk/sdp_dataset/elderAL/action6_sit_TV_new/user0_position4_activity6/20250813=173420_mimo5s_part0.csv,0,4,6,12,5.330146,0.44537850000000034,0.9882864999999996,1.209628,1,2.0637333386365024,5,11,3.952987,5.0094513,0.7416282780996993,0.9166666666666666,0
2220,/home/test/bupt_hjk/sdp_dataset/elderAL/action6_sit_TV_new/user1_position2_activity6/20250813=171104_mimo5s_part0.csv,1,2,6,7,3.199583,0.298615,1.1494435,1.491421,0,1.8752443677816766,5,11,3.199583,3.199583,1.0,1.0,1
2221,/home/test/bupt_hjk/sdp_dataset/elderAL/action6_sit_TV_new/user0_position4_activity6/20250813=173356_mimo5s_part0.csv,0,4,6,17,4.767066,0.2452080000000001,0.5838105,0.93395,0,3.356362173294853,5,11,2.3156509999999995,3.2663206,0.48576021393452484,0.6470588235294118,0
2222,/home/test/bupt_hjk/sdp_dataset/elderAL/action6_sit_TV_new/user1_position2_activity6/20250813=171217_mimo5s_part0.csv,1,2,6,11,3.9961949999999997,0.1849755,0.7905547999999994,2.127098,0,2.502380389345365,5,11,3.5846679999999997,3.932914,0.897020290551387,1.0,1
2223,/home/test/bupt_hjk/sdp_dataset/elderAL/action6_sit_TV_new/user1_position2_activity6/20250813=171156_mimo5s_part0.csv,1,2,6,15,5.665286,0.3870010000000006,1.1461408000000004,1.4574959999999995,1,2.4711903335506804,5,11,3.069417,3.485621,0.5417938300025806,0.7333333333333333,0
2224,/home/test/bupt_hjk/sdp_dataset/elderAL/action6_sit_TV_new/user1_position2_activity6/20250813=171057_mimo5s_part0.csv,1,2,6,12,4.360393,0.38006300000000004,1.0732038999999998,1.2945130000000002,1,2.5227083888998076,5,11,2.8104204999999998,3.5026419000000004,0.6445337610623629,0.9166666666666666,0
2225,/home/test/bupt_hjk/sdp_dataset/elderAL/action6_sit_TV_new/user1_position2_activity6/20250813=171120_mimo5s_part0.csv,1,2,6,3,0.721837,0.3609185,0.6428405,0.713321,0,2.770708622583769,5,11,0.721837,0.721837,1.0,1.0,1
2226,/home/test/bupt_hjk/sdp_dataset/elderAL/action6_sit_TV_new/user1_position2_activity6/20250813=171210_mimo5s_part0.csv,1,2,6,12,6.323916,0.31218049999999997,1.4321654999999995,2.3180579999999997,1,1.7394285439591546,5,11,4.1850065,4.8860339,0.6617745238867816,0.9166666666666666,0
2227,/home/test/bupt_hjk/sdp_dataset/elderAL/action6_sit_TV_new/user0_position6_activity6/20250813=174643_mimo5s_part0.csv,0,6,6,37,5.920768,0.06836249999999966,0.38935699999999995,1.13631,0,6.080292286406088,5,11,0.7735669999999999,3.3724903999999998,0.13065315175328604,0.2972972972972973,0
2228,/home/test/bupt_hjk/sdp_dataset/elderAL/action6_sit_TV_new/user2_position1_activity6/20250813=170504_mimo5s_part0.csv,2,1,6,4,4.596902,1.4557170000000004,2.4885522,2.746761,0,0.6526134340040314,5,11,4.596902,4.596902,1.0,1.0,1
2229,/home/test/bupt_hjk/sdp_dataset/elderAL/action6_sit_TV_new/user0_position4_activity6/20250813=173444_mimo5s_part0.csv,0,4,6,32,5.819761,0.0907095,0.5507967000000002,0.8947440000000002,1,5.326679222737841,5,11,1.279163,3.0208947999999998,0.21979648305145177,0.34375,0
2230,/home/test/bupt_hjk/sdp_dataset/elderAL/action6_sit_TV_new/user0_position6_activity6/20250813=174706_mimo5s_part0.csv,0,6,6,39,5.0077169999999995,0.044166999999999845,0.3248331999999999,1.216902,0,7.588288235936656,5,11,1.0869899999999997,1.9728378000000009,0.21706298498896798,0.28205128205128205,0
2231,/home/test/bupt_hjk/sdp_dataset/elderAL/action6_sit_TV_new/user1_position2_activity6/20250813=171041_mimo5s_part0.csv,1,2,6,10,4.590121,0.44287500000000013,0.9388183999999998,1.5197440000000002,0,1.9607326255669513,5,11,3.112665,4.590121,0.6781226464400394,1.0,1
2232,/home/test/bupt_hjk/sdp_dataset/elderAL/action6_sit_TV_new/user1_position2_activity6/20250813=171111_mimo5s_part0.csv,1,2,6,11,4.591667999999999,0.15614300000000003,1.2922702000000001,2.0378109999999996,1,2.1778578067926517,5,11,3.0918009999999994,4.403550999999999,0.6733502944899326,1.0,1
2233,/home/test/bupt_hjk/sdp_dataset/elderAL/action6_sit_TV_new/user1_position2_activity6/20250813=171142_mimo5s_part0.csv,1,2,6,21,6.278573,0.07660600000000006,1.0685868000000003,1.2315369999999997,0,3.185437200459404,5,11,2.229631,4.914497,0.355117476534875,0.5238095238095238,0
2234,/home/test/bupt_hjk/sdp_dataset/elderAL/action6_sit_TV_new/user1_position2_activity6/20250813=171134_mimo5s_part0.csv,1,2,6,14,5.620768,0.07823199999999986,1.3612326000000001,1.7642909999999998,0,2.312851197558768,5,11,3.2890084999999996,4.915875499999999,0.5851528652312281,0.7857142857142857,0
2235,/home/test/bupt_hjk/sdp_dataset/elderAL/action6_sit_TV_new/user1_position2_activity6/20250813=171127_mimo5s_part0.csv,1,2,6,21,6.002883,0.07479350000000018,0.6954069000000005,2.126808,0,3.3317324358978846,5,11,2.4680329999999997,4.637335,0.4111412799483181,0.5238095238095238,0
2236,/home/test/bupt_hjk/sdp_dataset/elderAL/action6_sit_TV_new/user1_position2_activity6/20250813=171149_mimo5s_part0.csv,1,2,6,18,4.163987,0.07464399999999982,0.730682,1.452696,1,4.082625618187569,5,11,2.6083575,3.3241670999999995,0.6264086559348048,0.6111111111111112,0
2237,/home/test/bupt_hjk/sdp_dataset/elderAL/action6_sit_TV_new/user1_position2_activity6/20250813=171049_mimo5s_part0.csv,1,2,6,14,4.672708,0.24374099999999999,0.8787598000000001,1.4795919999999998,0,2.7821126421766564,5,11,3.461829,4.3838037,0.740861401996444,0.7857142857142857,0
2238,/home/test/bupt_hjk/sdp_dataset/elderAL/action6_sit_TV_new/user2_position1_activity6/20250813=170429_mimo5s_part0.csv,2,1,6,11,4.196848,0.3820020000000004,0.8091640000000002,1.1697359999999999,1,2.382740571019012,5,11,2.709085,3.8788210000000003,0.6455046739839041,1.0,1
2239,/home/test/bupt_hjk/sdp_dataset/elderAL/action6_sit_TV_new/user1_position2_activity6/20250813=171034_mimo5s_part0.csv,1,2,6,15,4.2827519999999994,0.18596,0.785807,0.956674,1,3.2689261484204555,5,11,3.0182339999999996,3.2610761999999998,0.7047417174751188,0.7333333333333333,0
2240,/home/test/bupt_hjk/sdp_dataset/elderAL/action6_sit_TV_new/user2_position1_activity6/20250813=170520_mimo5s_part0.csv,2,1,6,11,3.4456149999999997,0.1377060000000001,0.8736376000000001,1.3610280000000001,1,2.9022395131202994,5,11,2.520937,3.4293339999999994,0.7316362971486948,1.0,1
2241,/home/test/bupt_hjk/sdp_dataset/elderAL/action6_sit_TV_new/user2_position1_activity6/20250813=170437_mimo5s_part0.csv,2,1,6,7,4.914714,0.7390615,1.3733165,1.457281,0,1.2208238363412398,5,11,4.914714,4.914714,1.0,1.0,1
2242,/home/test/bupt_hjk/sdp_dataset/elderAL/action6_sit_TV_new/user2_position1_activity6/20250813=170421_mimo5s_part0.csv,2,1,6,7,4.99698,0.442969,1.8709364999999998,2.7436249999999998,0,1.2007252380437785,5,11,4.99698,4.99698,1.0,1.0,1
2243,/home/test/bupt_hjk/sdp_dataset/elderAL/action6_sit_TV_new/user2_position1_activity6/20250813=170410_mimo5s_part0.csv,2,1,6,7,4.380040999999999,0.31941949999999975,1.8019694999999998,2.1506879999999997,0,1.3698501909000398,5,11,4.380040999999999,4.380040999999999,1.0,1.0,1
2244,/home/test/bupt_hjk/sdp_dataset/elderAL/action6_sit_TV_new/user2_position1_activity6/20250813=170316_mimo5s_part0.csv,2,1,6,14,4.193811,0.208658,0.8005324,1.1712799999999999,1,3.0998058806178914,5,11,2.703366,3.8779626,0.6446084480201897,0.7857142857142857,0
2245,/home/test/bupt_hjk/sdp_dataset/elderAL/action6_sit_TV_new/user2_position1_activity6/20250813=170456_mimo5s_part0.csv,2,1,6,11,3.7489719999999997,0.31005499999999997,0.838319,1.185143,1,2.667397889341398,5,11,2.5638289999999997,3.6628779999999996,0.6838752063232267,1.0,1
2246,/home/test/bupt_hjk/sdp_dataset/elderAL/action6_sit_TV_new/user2_position1_activity6/20250813=170401_mimo5s_part0.csv,2,1,6,10,4.210889,0.29435299999999986,1.0661556,1.3945659999999998,0,2.137315896951926,5,11,3.4010545,4.210889,0.8076808721388762,1.0,1
2247,/home/test/bupt_hjk/sdp_dataset/elderAL/action6_sit_TV_new/user0_position1_activity6/20250813=170026_mimo5s_part0.csv,0,1,6,7,4.608084,0.7965180000000001,1.2485724999999999,1.4710699999999999,0,1.3020595978719138,5,11,4.608084,4.608084,1.0,1.0,1
2248,/home/test/bupt_hjk/sdp_dataset/elderAL/action6_sit_TV_new/user2_position1_activity6/20250813=170512_mimo5s_part0.csv,2,1,6,11,5.229258,0.4024395000000003,1.0644911999999997,1.470465,0,1.9123171968183632,5,11,3.960803,5.228097,0.7574311690109763,1.0,1
2249,/home/test/bupt_hjk/sdp_dataset/elderAL/action6_sit_TV_new/user1_position2_activity6/20250813=171203_mimo5s_part0.csv,1,2,6,29,4.618672999999999,0.02656550000000002,0.443834,1.1785069999999997,2,6.062347345222319,5,11,1.1792589999999996,2.7795208,0.25532420242784015,0.3793103448275862,0
2250,/home/test/bupt_hjk/sdp_dataset/elderAL/action6_sit_TV_new/user0_position4_activity6/20250813=173428_mimo5s_part0.csv,0,4,6,51,3.949392,0.025999000000000105,0.12960840000000023,0.7784579999999999,1,12.660176553758149,5,11,0.3020470000000004,2.127608,0.07647936695065985,0.21568627450980393,0
2251,/home/test/bupt_hjk/sdp_dataset/elderAL/action6_sit_TV_new/user0_position1_activity6/20250813=170048_mimo5s_part0.csv,0,1,6,11,4.07761,0.255006,1.4786263999999998,1.5546,1,2.4524169795541995,5,11,3.804321,4.062032,0.9329781416074612,1.0,1
2252,/home/test/bupt_hjk/sdp_dataset/elderAL/action6_sit_TV_new/user2_position1_activity6/20250813=170335_mimo5s_part0.csv,2,1,6,15,5.069287,0.21967099999999995,0.7493245999999995,1.406926,1,2.7617296081283227,5,11,3.064519,4.2731872,0.6045266326408428,0.7333333333333333,0
2253,/home/test/bupt_hjk/sdp_dataset/elderAL/action6_sit_TV_new/user0_position1_activity6/20250813=170105_mimo5s_part0.csv,0,1,6,14,5.618352,0.10324899999999992,0.9936232000000002,2.757024,0,2.3138457682964684,5,11,2.6028395,5.3315038,0.4632745509715305,0.7857142857142857,0
2254,/home/test/bupt_hjk/sdp_dataset/elderAL/action6_sit_TV_new/user0_position1_activity6/20250813=170011_mimo5s_part0.csv,0,1,6,7,4.915175,0.7792049999999997,1.4890150000000002,1.5075790000000002,0,1.220709333848744,5,11,4.915175,4.915175,1.0,1.0,1
2255,/home/test/bupt_hjk/sdp_dataset/elderAL/action6_sit_TV_new/user0_position1_activity6/20250813=170112_mimo5s_part0.csv,0,1,6,10,4.228024,0.158922,0.9919458000000003,2.754645,0,2.1286539527684805,5,11,3.49451,4.228024,0.8265113916098868,1.0,1
2256,/home/test/bupt_hjk/sdp_dataset/elderAL/action6_sit_TV_new/user0_position1_activity6/20250813=170018_mimo5s_part0.csv,0,1,6,7,3.2868359999999996,0.30599800000000005,1.2217745,1.816443,0,1.8254637590679914,5,11,3.2868359999999996,3.2868359999999996,1.0,1.0,1
2257,/home/test/bupt_hjk/sdp_dataset/elderAL/action6_sit_TV_new/user0_position1_activity6/20250813=170003_mimo5s_part0.csv,0,1,6,7,3.71567,0.23859749999999996,1.5723535,2.771808,0,1.6147827982571112,5,11,3.71567,3.71567,1.0,1.0,1
2258,/home/test/bupt_hjk/sdp_dataset/elderAL/action6_sit_TV_new/user0_position4_activity6/20250813=173349_mimo5s_part0.csv,0,4,6,55,5.47415,0.016629999999999923,0.27127180000000073,1.239228,1,9.86454518053031,5,11,0.7724000000000002,1.6452008000000002,0.14109953143410398,0.2,0
2259,/home/test/bupt_hjk/sdp_dataset/elderAL/action6_sit_TV_new/user0_position1_activity6/20250813=170120_mimo5s_part0.csv,0,1,6,7,3.764618,0.21325100000000002,1.5936635,1.699855,0,1.593787204970066,5,11,3.764618,3.764618,1.0,1.0,1
2260,/home/test/bupt_hjk/sdp_dataset/elderAL/action6_sit_TV_new/user2_position1_activity6/20250813=170344_mimo5s_part0.csv,2,1,6,28,5.809309,0.07479000000000013,0.6216264000000006,1.232621,0,4.6477128346934204,5,11,1.273343,3.3022867,0.2191900964469268,0.39285714285714285,0
2261,/home/test/bupt_hjk/sdp_dataset/elderAL/action6_sit_TV_new/user0_position1_activity6/20250813=170033_mimo5s_part0.csv,0,1,6,7,3.499323,0.2980585,1.3762709999999998,2.0605469999999997,0,1.7146173702741931,5,11,3.499323,3.499323,1.0,1.0,1
2262,/home/test/bupt_hjk/sdp_dataset/elderAL/action6_sit_TV_new/user2_position1_activity6/20250813=170445_mimo5s_part0.csv,2,1,6,30,3.0221739999999997,0.031121000000000176,0.31069179999999996,0.4156890000000001,0,9.59574134381409,5,11,0.8493594999999999,1.4940691000000001,0.2810425541348711,0.36666666666666664,0
2263,/home/test/bupt_hjk/sdp_dataset/elderAL/action6_sit_TV_new/user0_position1_activity6/20250813=165924_mimo5s_part0.csv,0,1,6,11,5.849666,0.48965000000000014,1.0490372000000001,2.223638,1,1.7094993115846273,5,11,4.264798,5.475149,0.7290669245047495,1.0,1
2264,/home/test/bupt_hjk/sdp_dataset/elderAL/action6_sit_TV_new/user0_position1_activity6/20250813=170040_mimo5s_part0.csv,0,1,6,11,6.428495,0.5494094999999999,1.3169553,1.3878690000000002,0,1.5555740496025898,5,11,4.051464999999999,5.6949309999999995,0.6302353816873155,1.0,1
2265,/home/test/bupt_hjk/sdp_dataset/elderAL/action6_sit_TV_new/user0_position1_activity6/20250813=170056_mimo5s_part0.csv,0,1,6,11,4.695239,0.3194675,1.0069006999999992,1.461272,0,2.129817033808077,5,11,3.233967,4.620985999999999,0.6887758003373204,1.0,1
2266,/home/test/bupt_hjk/sdp_dataset/elderAL/action6_sit_TV_new/user0_position1_activity6/20250813=165955_mimo5s_part0.csv,0,1,6,18,5.92632,0.24750749999999977,1.069793,1.2579529999999999,1,2.8685592408104865,5,11,3.1236015000000004,4.9900607,0.5270727027902645,0.6111111111111112,0
2267,/home/test/bupt_hjk/sdp_dataset/elderAL/action6_sit_TV_new/user0_position1_activity6/20250813=165948_mimo5s_part0.csv,0,1,6,25,4.77971,0.1833309999999999,0.39002620000000005,0.967374,1,5.021225137089908,5,11,1.171866,2.9409534,0.24517512568754174,0.44,0
2268,/home/test/bupt_hjk/sdp_dataset/elderAL/action6_sit_TV_new/user2_position1_activity6/20250813=170326_mimo5s_part0.csv,2,1,6,37,5.701092,0.0212614999999996,0.45567749999999996,1.454342,0,6.314579733145861,5,11,0.561992,4.382466,0.09857620259416969,0.2972972972972973,0
2269,/home/test/bupt_hjk/sdp_dataset/elderAL/action6_sit_TV_new/user0_position1_activity6/20250813=165935_mimo5s_part0.csv,0,1,6,15,4.9985539999999995,0.33494100000000016,0.6950040000000003,1.4771699999999999,1,2.8008099942503373,5,11,2.866621,3.9009968,0.5734900533234212,0.7333333333333333,0
2270,/home/test/bupt_hjk/sdp_dataset/elderAL/action6_sit_TV_new/user1_position1_activity6/20250813=165726_mimo5s_part0.csv,1,1,6,15,4.904552,0.23848899999999995,0.9014806000000002,1.224223,1,2.8544910931722205,5,11,2.777542,3.618795,0.5663192071365539,0.7333333333333333,0
2271,/home/test/bupt_hjk/sdp_dataset/elderAL/action6_sit_TV_new/user1_position1_activity6/20250813=165823_mimo5s_part0.csv,1,1,6,12,3.686228,0.21912599999999996,1.2235086,1.4823149999999998,2,2.9840802033949068,5,11,2.6075945,3.4339164,0.7073882841755854,0.9166666666666666,0
2272,/home/test/bupt_hjk/sdp_dataset/elderAL/action6_sit_TV_new/user1_position1_activity6/20250813=165717_mimo5s_part0.csv,1,1,6,11,3.2148969999999997,0.21867599999999998,0.8288768000000002,1.5825079999999998,1,3.110519559413568,5,11,2.199394,3.1684379999999996,0.6841258055856844,1.0,1
2273,/home/test/bupt_hjk/sdp_dataset/elderAL/action6_sit_TV_new/user1_position1_activity6/20250813=165806_mimo5s_part0.csv,1,1,6,14,4.627562999999999,0.15905899999999917,0.9187834000000005,1.453983,0,2.8092540285243013,5,11,2.9617435,4.4042463,0.640022296833128,0.7857142857142857,0
2274,/home/test/bupt_hjk/sdp_dataset/elderAL/action6_sit_TV_new/user2_position1_activity6/20250813=170352_mimo5s_part0.csv,2,1,6,48,3.8929389999999997,0.009031000000000011,0.26612939999999996,0.4498890000000002,0,12.0731406271714,5,11,0.7500505000000001,1.0092174999999999,0.1926694715740473,0.22916666666666666,0
2275,/home/test/bupt_hjk/sdp_dataset/elderAL/action6_sit_TV_new/user1_position1_activity6/20250813=165750_mimo5s_part0.csv,1,1,6,19,3.367793,0.038828999999999995,0.4220284000000001,1.474921,1,5.3447465446955915,5,11,1.847041,2.8283872,0.5484425557033938,0.5789473684210527,0
2276,/home/test/bupt_hjk/sdp_dataset/elderAL/action6_sit_TV_new/user1_position1_activity6/20250813=165759_mimo5s_part0.csv,1,1,6,4,2.762842,0.946901,1.1421482,1.19096,0,1.085838422899319,5,11,2.762842,2.762842,1.0,1.0,1
2277,/home/test/bupt_hjk/sdp_dataset/elderAL/action6_sit_TV_new/user1_position1_activity6/20250813=165709_mimo5s_part0.csv,1,1,6,7,3.875441,0.469318,1.326898,1.4461629999999999,0,1.5482109003852724,5,11,3.875441,3.875441,1.0,1.0,1
2278,/home/test/bupt_hjk/sdp_dataset/elderAL/action6_sit_TV_new/user1_position1_activity6/20250813=165734_mimo5s_part0.csv,1,1,6,11,5.683695999999999,0.38899700000000026,1.4031183999999999,2.059636,1,1.759418519217073,5,11,4.605316,5.6208469999999995,0.8102678257246694,1.0,1
2279,/home/test/bupt_hjk/sdp_dataset/elderAL/action6_sit_TV_new/user1_position1_activity6/20250813=165839_mimo5s_part0.csv,1,1,6,17,4.691999,0.09820249999999997,0.7439715,1.267782,0,3.410060402826173,5,11,1.7367370000000002,3.1213716,0.37014862961394496,0.6470588235294118,0
2280,/home/test/bupt_hjk/sdp_dataset/elderAL/action6_sit_TV_new/user1_position1_activity6/20250813=165700_mimo5s_part0.csv,1,1,6,8,4.963753,0.28207100000000007,2.1154614999999994,2.7654499999999995,1,1.410223272592331,5,11,4.917108,4.963753,0.9906028764928473,1.0,1
2281,/home/test/bupt_hjk/sdp_dataset/elderAL/action6_sit_TV_new/user2_position8_activity6/20250813=180610_mimo5s_part0.csv,2,8,6,7,0.6846599999999999,0.10369,0.23732249999999996,0.26664999999999994,0,8.763473841030585,5,11,0.6846599999999999,0.6846599999999999,1.0,1.0,1
2282,/home/test/bupt_hjk/sdp_dataset/elderAL/action6_sit_TV_new/user2_position8_activity6/20250813=180533_mimo5s_part0.csv,2,8,6,11,3.6485529999999997,0.2915700000000001,0.7753244000000001,0.841098,1,2.7408125906352465,5,11,2.3208379999999997,3.6473189999999995,0.6360982011224724,1.0,1
2283,/home/test/bupt_hjk/sdp_dataset/elderAL/action6_sit_TV_new/user1_position1_activity6/20250813=165652_mimo5s_part0.csv,1,1,6,21,4294.602147,0.1370999999998781,1.0315852000000274,4289.672667,0,0.004657008802077517,5,11,3.019967999999608,4293.4384119999995,0.0007032008778995304,0.5238095238095238,0
2284,/home/test/bupt_hjk/sdp_dataset/elderAL/action6_sit_TV_new/user2_position8_activity6/20250813=180603_mimo5s_part0.csv,2,8,6,15,4.505307,0.20900399999999997,0.6804488000000001,1.4664000000000001,1,3.107446395994768,5,11,2.4181790000000003,3.0797574,0.5367401156014452,0.7333333333333333,0
2285,/home/test/bupt_hjk/sdp_dataset/elderAL/action6_sit_TV_new/user1_position1_activity6/20250813=165815_mimo5s_part0.csv,1,1,6,26,4.8222629999999995,0.11503899999999989,0.43327920000000014,1.0755860000000002,2,5.184287957749298,5,11,1.9318599999999995,2.9984770000000003,0.40061274136230224,0.4230769230769231,0
2286,/home/test/bupt_hjk/sdp_dataset/elderAL/action6_sit_TV_new/user2_position8_activity6/20250813=180455_mimo5s_part0.csv,2,8,6,15,3.5088139999999997,0.11068000000000011,0.5975964,1.23366,1,3.9899521604735964,5,11,1.9639609999999996,2.215969,0.5597221739311345,0.7333333333333333,0
2287,/home/test/bupt_hjk/sdp_dataset/elderAL/action6_sit_TV_new/user2_position8_activity6/20250813=180510_mimo5s_part0.csv,2,8,6,20,7.060586,0.3265889999999998,0.6969311999999994,1.5086400000000002,0,2.69099477012248,5,11,3.1591669999999996,3.7622522999999997,0.44743694078650126,0.55,0
2288,/home/test/bupt_hjk/sdp_dataset/elderAL/action6_sit_TV_new/user2_position8_activity6/20250813=180617_mimo5s_part0.csv,2,8,6,12,5.022773,0.2753450000000001,1.1525767999999998,2.06099,1,2.1900253107197956,5,11,3.896973,4.9357195,0.7758608641083322,0.9166666666666666,0
2289,/home/test/bupt_hjk/sdp_dataset/elderAL/action6_sit_TV_new/user2_position8_activity6/20250813=180518_mimo5s_part0.csv,2,8,6,21,3.410078,0.10468900000000003,0.25944719999999977,1.4261179999999998,1,5.864968484591848,5,11,1.3439900000000002,2.409045,0.39412294968032996,0.5238095238095238,0
2290,/home/test/bupt_hjk/sdp_dataset/elderAL/action6_sit_TV_new/user2_position8_activity6/20250813=180556_mimo5s_part0.csv,2,8,6,23,4.950324999999999,0.1741569999999999,0.36197670000000004,1.6782139999999997,0,4.444152656643756,5,11,1.799056,2.4941893999999993,0.3634217955386768,0.4782608695652174,0
2291,/home/test/bupt_hjk/sdp_dataset/elderAL/action6_sit_TV_new/user1_position8_activity6/20250813=180307_mimo5s_part0.csv,1,8,6,8,3.591459,0.3767950000000001,1.379216,2.071535,1,1.9490686097210075,5,11,3.5680199999999997,3.591459,0.9934736829795355,1.0,1
2292,/home/test/bupt_hjk/sdp_dataset/elderAL/action6_sit_TV_new/user2_position8_activity6/20250813=180445_mimo5s_part0.csv,2,8,6,26,2.98027,0.043481000000000325,0.2635810000000002,1.051799,0,8.38850171293205,5,11,0.7432364999999999,1.8436115,0.24938562613454482,0.4230769230769231,0
2293,/home/test/bupt_hjk/sdp_dataset/elderAL/action6_sit_TV_new/user1_position8_activity6/20250813=180153_mimo5s_part0.csv,1,8,6,11,3.8581399999999997,0.07600799999999985,1.5021038,1.6416429999999997,1,2.5919225326193454,5,11,3.558826,3.782132,0.9224201299071574,1.0,1
2294,/home/test/bupt_hjk/sdp_dataset/elderAL/action6_sit_TV_new/user1_position8_activity6/20250813=180217_mimo5s_part0.csv,1,8,6,11,5.013579,0.3195005000000001,1.1220972999999999,1.3530579999999999,0,1.9945831111866392,5,11,3.4216569999999997,4.624147,0.6824779264473542,1.0,1
2295,/home/test/bupt_hjk/sdp_dataset/elderAL/action6_sit_TV_new/user2_position8_activity6/20250813=180541_mimo5s_part0.csv,2,8,6,20,5.4375,0.07792599999999972,0.8063187999999999,1.5022469999999999,0,3.4942528735632186,5,11,2.3197599999999996,4.6608508,0.4266225287356321,0.55,0
2296,/home/test/bupt_hjk/sdp_dataset/elderAL/action6_sit_TV_new/user1_position1_activity6/20250813=165644_mimo5s_part0.csv,1,1,6,38,4.503444,0.05928800000000023,0.29637999999999987,1.004484,1,8.215934293842668,5,11,0.8136380000000001,2.167276700000001,0.18067017153982598,0.2894736842105263,0
2297,/home/test/bupt_hjk/sdp_dataset/elderAL/action6_sit_TV_new/user2_position8_activity6/20250813=180437_mimo5s_part0.csv,2,8,6,25,5.108671,0.20290500000000034,0.4171442000000001,0.906182,1,4.697895010267836,5,11,1.8297259999999997,3.3926592000000007,0.35816086023155524,0.44,0
2298,/home/test/bupt_hjk/sdp_dataset/elderAL/action6_sit_TV_new/user2_position8_activity6/20250813=180548_mimo5s_part0.csv,2,8,6,27,4.950127,0.11912899999999965,0.3591335000000002,1.6549580000000002,0,5.252390494223683,5,11,1.3527550000000002,3.1231902,0.27327682703898304,0.4074074074074074,0
2299,/home/test/bupt_hjk/sdp_dataset/elderAL/action6_sit_TV_new/user1_position1_activity6/20250813=165742_mimo5s_part0.csv,1,1,6,52,5.4239679999999995,0.010184999999999889,0.31335399999999997,1.225384,0,9.402710340473986,5,11,0.5765584999999998,2.7433857999999995,0.10629828568310135,0.21153846153846154,0
2300,/home/test/bupt_hjk/sdp_dataset/elderAL/action6_sit_TV_new/user2_position8_activity6/20250813=180526_mimo5s_part0.csv,2,8,6,28,5.431966,0.1321734999999995,0.400754,1.7373210000000001,1,4.970576030851445,5,11,1.8417835,2.9214878999999994,0.3390638858932475,0.39285714285714285,0
2301,/home/test/bupt_hjk/sdp_dataset/elderAL/action6_sit_TV_new/user2_position8_activity6/20250813=180502_mimo5s_part0.csv,2,8,6,19,5.380771,0.09797200000000039,0.7741830000000003,2.378624,1,3.345245504779891,5,11,3.0802959999999997,4.606235,0.5724636859661932,0.5789473684210527,0
2302,/home/test/bupt_hjk/sdp_dataset/elderAL/action6_sit_TV_new/user2_position8_activity6/20250813=180429_mimo5s_part0.csv,2,8,6,21,3.8150779999999997,0.14051599999999986,0.4344139999999997,0.6972109999999998,1,5.242356774881143,5,11,1.5780669999999999,2.5306559999999996,0.413639511433318,0.5238095238095238,0
2303,/home/test/bupt_hjk/sdp_dataset/elderAL/action6_sit_TV_new/user1_position8_activity6/20250813=180225_mimo5s_part0.csv,1,8,6,7,2.926666,0.344473,1.0783835000000002,1.4659870000000002,0,2.0501143622128386,5,11,2.926666,2.926666,1.0,1.0,1
2304,/home/test/bupt_hjk/sdp_dataset/elderAL/action6_sit_TV_new/user1_position8_activity6/20250813=180234_mimo5s_part0.csv,1,8,6,20,5.690849,0.09997599999999984,0.8942238,1.266553,0,3.3386934005804756,5,11,2.3791765,2.8054833,0.4180705725982186,0.55,0
2305,/home/test/bupt_hjk/sdp_dataset/elderAL/action6_sit_TV_new/user1_position8_activity6/20250813=180323_mimo5s_part0.csv,1,8,6,14,4.789749,0.10606299999999999,1.0169234000000003,1.4851849999999995,0,2.7141296965665633,5,11,3.6024864999999995,4.5684261,0.75212427624078,0.7857142857142857,0
2306,/home/test/bupt_hjk/sdp_dataset/elderAL/action6_sit_TV_new/user1_position8_activity6/20250813=180315_mimo5s_part0.csv,1,8,6,17,6.178513,0.2448524999999997,1.0374675,1.4677240000000005,0,2.5896198648445026,5,11,2.838017,3.6748195999999997,0.4593365749979,0.6470588235294118,0
2307,/home/test/bupt_hjk/sdp_dataset/elderAL/action6_sit_TV_new/user1_position8_activity6/20250813=180201_mimo5s_part0.csv,1,8,6,15,4.199624,0.3135399999999997,0.4511263999999998,1.4485350000000001,1,3.3336317727491793,5,11,2.1222469999999998,3.541407,0.5053421449158305,0.7333333333333333,0
2308,/home/test/bupt_hjk/sdp_dataset/elderAL/action6_sit_TV_new/user1_position8_activity6/20250813=180339_mimo5s_part0.csv,1,8,6,17,5.145792,0.26172949999999995,0.6339790000000001,1.2840289999999999,0,3.1093367162916805,5,11,2.4653799999999997,2.7588328000000004,0.4791060346006989,0.6470588235294118,0
2309,/home/test/bupt_hjk/sdp_dataset/elderAL/action6_sit_TV_new/user1_position1_activity6/20250813=165831_mimo5s_part0.csv,1,1,6,54,4.597048,0.020824000000000176,0.25086280000000055,0.580957,0,11.529137829320034,5,11,0.8080954999999999,1.1677515000000003,0.1757857433727035,0.2037037037037037,0
2310,/home/test/bupt_hjk/sdp_dataset/elderAL/action6_sit_TV_new/user2_position2_activity6/20250813=170911_mimo5s_part0.csv,2,2,6,4,2.0627619999999998,0.3863079999999999,1.2428496,1.456985,0,1.4543607066641717,5,11,2.0627619999999998,2.0627619999999998,1.0,1.0,1
2311,/home/test/bupt_hjk/sdp_dataset/elderAL/action6_sit_TV_new/user1_position8_activity6/20250813=180209_mimo5s_part0.csv,1,8,6,18,4.391903999999999,0.10996700000000015,0.8236914,0.9068999999999999,0,3.8707585593856337,5,11,2.2368854999999996,3.5448418999999998,0.5093202173818007,0.6111111111111112,0
2312,/home/test/bupt_hjk/sdp_dataset/elderAL/action6_sit_TV_new/user2_position2_activity6/20250813=170820_mimo5s_part0.csv,2,2,6,7,4.3913459999999995,0.3720094999999999,1.6288645,1.83012,0,1.3663236738804003,5,11,4.3913459999999995,4.3913459999999995,1.0,1.0,1
2313,/home/test/bupt_hjk/sdp_dataset/elderAL/action6_sit_TV_new/user2_position2_activity6/20250813=170812_mimo5s_part0.csv,2,2,6,11,4.916062999999999,0.29817399999999994,1.3288186,2.1476249999999997,1,2.0341480570936543,5,11,3.4615649999999993,4.742596999999999,0.7041335719253394,1.0,1
2314,/home/test/bupt_hjk/sdp_dataset/elderAL/action6_sit_TV_new/user1_position8_activity6/20250813=180242_mimo5s_part0.csv,1,8,6,22,6.957135999999999,0.1949860000000001,1.0755555000000008,1.439644,1,3.018483467909784,5,11,3.0360865,3.5057476,0.436398900352099,0.5,0
2315,/home/test/bupt_hjk/sdp_dataset/elderAL/action6_sit_TV_new/user1_position8_activity6/20250813=180259_mimo5s_part0.csv,1,8,6,21,3.466091,0.0748890000000002,0.30898750000000014,1.4651249999999998,0,5.770188953492566,5,11,0.7829039999999999,2.6350990000000003,0.22587520062225716,0.5238095238095238,0
2316,/home/test/bupt_hjk/sdp_dataset/elderAL/action6_sit_TV_new/user2_position2_activity6/20250813=170902_mimo5s_part0.csv,2,2,6,19,4.943491,0.3225665,0.6521195,0.9781529999999998,2,3.641151566777405,5,11,2.376191,2.7807492,0.48067064347846494,0.5789473684210527,0
2317,/home/test/bupt_hjk/sdp_dataset/elderAL/action6_sit_TV_new/user2_position2_activity6/20250813=170927_mimo5s_part0.csv,2,2,6,15,6.1583179999999995,0.4032860000000005,1.0501008000000005,1.3153759999999997,1,2.2733480148313228,5,11,3.4901899999999997,4.7989008,0.5667440362774381,0.7333333333333333,0
2318,/home/test/bupt_hjk/sdp_dataset/elderAL/action6_sit_TV_new/user2_position2_activity6/20250813=170951_mimo5s_part0.csv,2,2,6,14,5.691038,0.312678,1.2783984000000006,1.509805,0,2.284293304666038,5,11,3.057987,3.789253,0.5373337869119833,0.7857142857142857,0
2319,/home/test/bupt_hjk/sdp_dataset/elderAL/action6_sit_TV_new/user1_position8_activity6/20250813=180251_mimo5s_part0.csv,1,8,6,24,5.6505719999999995,0.17351399999999995,0.5957595999999995,0.9579050000000002,0,4.070384378785016,5,11,2.211982,2.6695601,0.39146160778059286,0.4583333333333333,0
2320,/home/test/bupt_hjk/sdp_dataset/elderAL/action6_sit_TV_new/user2_position2_activity6/20250813=170836_mimo5s_part0.csv,2,2,6,14,5.684786,0.19659899999999997,1.2670468000000006,1.6150129999999998,0,2.286805519152348,5,11,4.1552405,5.342409099999999,0.7309405314465662,0.7857142857142857,0
2321,/home/test/bupt_hjk/sdp_dataset/elderAL/action6_sit_TV_new/user2_position2_activity6/20250813=170959_mimo5s_part0.csv,2,2,6,15,3.572975,0.292068,0.5240236,0.945991,1,3.918303374638781,5,11,1.850998,2.8548356,0.5180551221321168,0.7333333333333333,0
2322,/home/test/bupt_hjk/sdp_dataset/elderAL/action6_sit_TV_new/user2_position4_activity6/20250813=173011_mimo5s_part0.csv,2,4,6,8,4.903847,0.2549379999999999,2.1213365,2.7547019999999995,1,1.4274507340869322,5,11,4.8042675,4.903847,0.9796935956607129,1.0,1
2323,/home/test/bupt_hjk/sdp_dataset/elderAL/action6_sit_TV_new/user2_position4_activity6/20250813=172954_mimo5s_part0.csv,2,4,6,7,3.5611089999999996,0.3046025,1.3981529999999998,1.4901079999999998,0,1.684868393525725,5,11,3.5611089999999996,3.5611089999999996,1.0,1.0,1
2324,/home/test/bupt_hjk/sdp_dataset/elderAL/action6_sit_TV_new/user2_position4_activity6/20250813=172938_mimo5s_part0.csv,2,4,6,11,4.298281,0.3038455,0.8565376999999996,1.2634699999999999,0,2.326511458883214,5,11,3.478845,4.251612,0.8093572756178574,1.0,1
2325,/home/test/bupt_hjk/sdp_dataset/elderAL/action6_sit_TV_new/user2_position2_activity6/20250813=170920_mimo5s_part0.csv,2,2,6,17,6.013189,0.29224199999999945,0.808902,1.4737539999999996,0,2.660817745791792,5,11,3.143783,4.8843901999999995,0.5228145997074098,0.6470588235294118,0
2326,/home/test/bupt_hjk/sdp_dataset/elderAL/action6_sit_TV_new/user2_position2_activity6/20250813=170828_mimo5s_part0.csv,2,2,6,34,4.949935,0.015693999999999875,0.33372759999999996,1.7600759999999998,0,6.666754209903766,5,11,0.7561465,2.8592193,0.1527588746114848,0.3235294117647059,0
2327,/home/test/bupt_hjk/sdp_dataset/elderAL/action6_sit_TV_new/user2_position4_activity6/20250813=172835_mimo5s_part0.csv,2,4,6,11,6.188127,0.5197415000000001,1.3588958,1.366886,0,1.6159978617116295,5,11,4.702781,6.11308,0.7599684040098078,1.0,1
2328,/home/test/bupt_hjk/sdp_dataset/elderAL/action6_sit_TV_new/user1_position8_activity6/20250813=180331_mimo5s_part0.csv,1,8,6,51,3.489197,0.006689499999999793,0.2466961999999999,0.4571559999999999,0,14.329944683547533,5,11,0.7173799999999999,0.917799,0.20560031434166656,0.21568627450980393,0
2329,/home/test/bupt_hjk/sdp_dataset/elderAL/action6_sit_TV_new/user2_position4_activity6/20250813=172922_mimo5s_part0.csv,2,4,6,9,4.958576,0.2665789999999999,1.8485830000000005,2.762455,1,1.6133664181006806,5,11,3.3838,4.958576,0.6824136606961353,1.0,1
2330,/home/test/bupt_hjk/sdp_dataset/elderAL/action6_sit_TV_new/user2_position4_activity6/20250813=173003_mimo5s_part0.csv,2,4,6,7,5.005701999999999,0.4147189999999996,1.8938430000000002,2.769318,0,1.1986330788368946,5,11,5.005701999999999,5.005701999999999,1.0,1.0,1
2331,/home/test/bupt_hjk/sdp_dataset/elderAL/action6_sit_TV_new/user2_position2_activity6/20250813=170936_mimo5s_part0.csv,2,2,6,41,5.561361,0.0713940000000001,0.3386382000000001,0.6117880000000002,0,7.192483998071696,5,11,1.2531369999999997,1.8535469999999998,0.2253291954972892,0.2682926829268293,0
2332,/home/test/bupt_hjk/sdp_dataset/elderAL/action6_sit_TV_new/user2_position2_activity6/20250813=171007_mimo5s_part0.csv,2,2,6,28,5.480255,0.14556799999999992,0.4646364000000006,0.823785,0,4.926778042262632,5,11,1.8031369999999998,2.6610935000000002,0.329024288103382,0.39285714285714285,0
2333,/home/test/bupt_hjk/sdp_dataset/elderAL/action6_sit_TV_new/user2_position2_activity6/20250813=170854_mimo5s_part0.csv,2,2,6,35,4.562952,0.013309999999999947,0.3225482000000004,0.9157359999999999,2,7.45131660381262,5,11,0.7805959999999998,2.7012940000000003,0.1710725863432269,0.3142857142857143,0
2334,/home/test/bupt_hjk/sdp_dataset/elderAL/action6_sit_TV_new/user2_position4_activity6/20250813=172843_mimo5s_part0.csv,2,4,6,28,5.649343,0.086768,0.5209436000000007,1.5064379999999997,0,4.779316816132424,5,11,0.8601585000000003,4.2047906,0.15225814754034234,0.39285714285714285,0
2335,/home/test/bupt_hjk/sdp_dataset/elderAL/action6_sit_TV_new/user2_position2_activity6/20250813=170944_mimo5s_part0.csv,2,2,6,40,7.305522,0.068187,0.4460108000000008,1.2375070000000001,0,5.338427562055114,5,11,0.8242630000000002,4.3618627,0.11282739275851886,0.275,0
2336,/home/test/bupt_hjk/sdp_dataset/elderAL/action6_sit_TV_new/user2_position4_activity6/20250813=172930_mimo5s_part0.csv,2,4,6,11,5.010568,0.27529200000000004,1.3405157999999995,2.436723,0,1.995781715765558,5,11,4.292218,5.00948,0.8566330204479812,1.0,1
2337,/home/test/bupt_hjk/sdp_dataset/elderAL/action6_sit_TV_new/user2_position4_activity6/20250813=172946_mimo5s_part0.csv,2,4,6,23,4.731761,0.06508499999999995,0.3813740000000001,1.633438,0,4.649431786601226,5,11,1.818292,2.553017,0.3842738464601234,0.4782608695652174,0
2338,/home/test/bupt_hjk/sdp_dataset/elderAL/action6_sit_TV_new/user2_position7_activity6/20250813=175221_mimo5s_part0.csv,2,7,6,7,3.866475,0.35003100000000004,1.473843,1.635881,0,1.5518010591042228,5,11,3.866475,3.866475,1.0,1.0,1
2339,/home/test/bupt_hjk/sdp_dataset/elderAL/action6_sit_TV_new/user1_position8_activity6/20250813=180346_mimo5s_part0.csv,1,8,6,56,5.128347,0.008415999999999979,0.26740859999999994,1.067362,0,10.724703301083176,5,11,0.7502795000000001,1.8205419999999999,0.14630045509790973,0.19642857142857142,0
2340,/home/test/bupt_hjk/sdp_dataset/elderAL/action6_sit_TV_new/user2_position7_activity6/20250813=175206_mimo5s_part0.csv,2,7,6,11,4.1887739999999996,0.2845055000000001,1.0128598999999998,1.4084180000000002,0,2.3873333820349347,5,11,3.1735239999999996,4.156365,0.7576259783889032,1.0,1
2341,/home/test/bupt_hjk/sdp_dataset/elderAL/action6_sit_TV_new/user2_position4_activity6/20250813=172827_mimo5s_part0.csv,2,4,6,34,6.028015,0.010155999999999832,0.6869746000000003,1.163795,0,5.474438932218981,5,11,0.7334185,3.946296,0.12166832696998929,0.3235294117647059,0
2342,/home/test/bupt_hjk/sdp_dataset/elderAL/action6_sit_TV_new/user2_position4_activity6/20250813=173019_mimo5s_part0.csv,2,4,6,14,3.746933,0.04134799999999972,0.5758814000000001,2.1137569999999997,0,3.4695042585495925,5,11,1.9574474999999998,3.5625044,0.5224132643951733,0.7857142857142857,0
2343,/home/test/bupt_hjk/sdp_dataset/elderAL/action6_sit_TV_new/user2_position7_activity6/20250813=175129_mimo5s_part0.csv,2,7,6,8,3.491555,0.3024490000000002,1.2012152,1.2644689999999998,0,2.004837386207578,5,11,3.3403305,3.491555,0.9566884955270646,1.0,1
2344,/home/test/bupt_hjk/sdp_dataset/elderAL/action6_sit_TV_new/user2_position4_activity6/20250813=172914_mimo5s_part0.csv,2,4,6,21,4.575769,0.12754749999999992,0.49262760000000005,1.1803709999999998,0,4.370850014500295,5,11,1.1960819999999996,3.375521,0.261394751352177,0.5238095238095238,0
2345,/home/test/bupt_hjk/sdp_dataset/elderAL/action6_sit_TV_new/user2_position7_activity6/20250813=175058_mimo5s_part0.csv,2,7,6,7,4.913957,0.5296190000000001,1.741725,2.108435,0,1.2210119054765844,5,11,4.913957,4.913957,1.0,1.0,1
2346,/home/test/bupt_hjk/sdp_dataset/elderAL/action6_sit_TV_new/user2_position7_activity6/20250813=175122_mimo5s_part0.csv,2,7,6,8,4.66189,0.27947249999999996,2.0472515,2.780932,1,1.5015369303008008,5,11,4.6604615,4.66189,0.9996935792135809,1.0,1
2347,/home/test/bupt_hjk/sdp_dataset/elderAL/action6_sit_TV_new/user2_position7_activity6/20250813=175114_mimo5s_part0.csv,2,7,6,4,4.635142,1.4793370000000001,2.5227546,2.7836089999999998,0,0.6472293621209447,5,11,4.635142,4.635142,1.0,1.0,1
2348,/home/test/bupt_hjk/sdp_dataset/elderAL/action6_sit_TV_new/user2_position4_activity6/20250813=172907_mimo5s_part0.csv,2,4,6,34,5.258528999999999,0.06265199999999993,0.2680310000000001,1.236498,0,6.275519256430839,5,11,1.306432,2.4404833,0.24844058100658953,0.3235294117647059,0
2349,/home/test/bupt_hjk/sdp_dataset/elderAL/action6_sit_TV_new/user2_position7_activity6/20250813=175107_mimo5s_part0.csv,2,7,6,11,5.085512,0.373476,1.5060284,1.8191699999999997,1,1.9663703477643943,5,11,3.225459,5.010763,0.6342446935529795,1.0,1
2350,/home/test/bupt_hjk/sdp_dataset/elderAL/action6_sit_TV_new/user2_position7_activity6/20250813=175228_mimo5s_part0.csv,2,7,6,8,4.017353,0.14873150000000002,1.784468,2.085067,1,1.742440855956646,5,11,3.9792319999999997,4.017353,0.9905109160185823,1.0,1
2351,/home/test/bupt_hjk/sdp_dataset/elderAL/action6_sit_TV_new/user2_position4_activity6/20250813=172859_mimo5s_part0.csv,2,4,6,21,4.461071,0.1609505,0.4724224,0.9134749999999996,0,4.483228354805382,5,11,1.688769,2.52621,0.3785568532758165,0.5238095238095238,0
2352,/home/test/bupt_hjk/sdp_dataset/elderAL/action6_sit_TV_new/user2_position7_activity6/20250813=175214_mimo5s_part0.csv,2,7,6,15,4.134933999999999,0.18605499999999997,0.7020036000000002,1.194522,1,3.3857856014146783,5,11,2.291236,3.546013999999999,0.5541167041602116,0.7333333333333333,0
2353,/home/test/bupt_hjk/sdp_dataset/elderAL/action6_sit_TV_new/user2_position7_activity6/20250813=175159_mimo5s_part0.csv,2,7,6,8,4.093465999999999,0.3152309999999998,1.4522236,1.476823,0,1.7100422966747497,5,11,3.9866649999999995,4.093465999999999,0.97390939609612,1.0,1
2354,/home/test/bupt_hjk/sdp_dataset/elderAL/action6_sit_TV_new/user2_position7_activity6/20250813=175236_mimo5s_part0.csv,2,7,6,7,3.277536,0.6323384999999999,0.8134210000000002,0.87773,0,1.8306435078058638,5,11,3.277536,3.277536,1.0,1.0,1
2355,/home/test/bupt_hjk/sdp_dataset/elderAL/action6_sit_TV_new/user2_position4_activity6/20250813=172852_mimo5s_part0.csv,2,4,6,51,5.0617,0.00872400000000003,0.32314409999999993,1.0593380000000001,0,9.87810419424304,5,11,0.7199139999999997,2.210983,0.14222771005788562,0.21568627450980393,0
2356,/home/test/bupt_hjk/sdp_dataset/elderAL/action6_sit_TV_new/user2_position7_activity6/20250813=175137_mimo5s_part0.csv,2,7,6,11,4.9898229999999995,0.3979634999999999,0.9241347999999998,1.364287,0,2.004079102605443,5,11,3.5334929999999996,4.691955,0.7081399480502615,1.0,1
2357,/home/test/bupt_hjk/sdp_dataset/elderAL/action6_sit_TV_new/user2_position2_activity6/20250813=170844_mimo5s_part0.csv,2,2,6,57,6.566752,0.015344999999999942,0.3443209999999999,1.0381180000000003,0,8.527807963510728,5,11,0.43343799999999977,3.2448671999999994,0.06600492907300287,0.19298245614035087,0
2358,/home/test/bupt_hjk/sdp_dataset/elderAL/action6_sit_TV_new/user2_position7_activity6/20250813=175050_mimo5s_part0.csv,2,7,6,21,3.4331959999999997,0.047095,0.4839123999999998,0.675454,1,5.8254757374761015,5,11,1.602088,2.743989,0.4666462386650806,0.5238095238095238,0
2359,/home/test/bupt_hjk/sdp_dataset/elderAL/action6_sit_TV_new/user0_position9_activity6/20250813=181137_mimo5s_part0.csv,0,9,6,15,5.259304,0.31387300000000007,0.7921095999999999,1.284481,1,2.661949185671716,5,11,3.423623,4.1922006000000005,0.650965032635497,0.7333333333333333,0
2360,/home/test/bupt_hjk/sdp_dataset/elderAL/action6_sit_TV_new/user2_position7_activity6/20250813=175152_mimo5s_part0.csv,2,7,6,20,4.148095,0.05161799999999994,0.6688851999999998,0.8881859999999997,0,4.5804158294349575,5,11,1.9309719999999997,2.0958595,0.46550814289450937,0.55,0
2361,/home/test/bupt_hjk/sdp_dataset/elderAL/action6_sit_TV_new/user0_position9_activity6/20250813=181223_mimo5s_part0.csv,0,9,6,15,5.259678999999999,0.21047299999999947,1.0169874000000003,2.060747,1,2.661759396343389,5,11,2.282207,4.621339399999999,0.43390613761790414,0.7333333333333333,0
2362,/home/test/bupt_hjk/sdp_dataset/elderAL/action6_sit_TV_new/user0_position9_activity6/20250813=181318_mimo5s_part0.csv,0,9,6,11,4.4875869999999995,0.37574499999999933,1.0596282000000001,1.4880850000000003,1,2.2283690544606714,5,11,3.7972749999999995,4.486471,0.8461730101277145,1.0,1
2363,/home/test/bupt_hjk/sdp_dataset/elderAL/action6_sit_TV_new/user2_position7_activity6/20250813=175144_mimo5s_part0.csv,2,7,6,34,4.541459,0.04333100000000023,0.3778663999999999,1.408182,0,7.266387299764239,5,11,0.8332219999999999,2.4360948,0.18347011389951995,0.3235294117647059,0
2364,/home/test/bupt_hjk/sdp_dataset/elderAL/action6_sit_TV_new/user0_position9_activity6/20250813=181309_mimo5s_part0.csv,0,9,6,15,4.138706,0.21922599999999998,0.5177894000000001,1.239913,1,3.3826998100372436,5,11,2.5842169999999998,3.2876738,0.6244021682139296,0.7333333333333333,0
2365,/home/test/bupt_hjk/sdp_dataset/elderAL/action6_sit_TV_new/user0_position9_activity6/20250813=181231_mimo5s_part0.csv,0,9,6,18,4.932739,0.2780239999999999,0.5221329999999997,1.175412,1,3.446361139318338,5,11,2.218312,3.0286899,0.4497120159813848,0.6111111111111112,0
2366,/home/test/bupt_hjk/sdp_dataset/elderAL/action6_sit_TV_new/user0_position9_activity6/20250813=181207_mimo5s_part0.csv,0,9,6,21,4.606332,0.24204399999999993,0.32061560000000056,0.987672,1,4.341849436818709,5,11,1.776309,2.142791,0.3856233115633002,0.5238095238095238,0
2367,/home/test/bupt_hjk/sdp_dataset/elderAL/action6_sit_TV_new/user2_position3_activity6/20250813=172559_mimo5s_part0.csv,2,3,6,8,3.9163349999999997,0.25323699999999993,1.548535,1.679314,0,1.7873853998700318,5,11,3.759214,3.9163349999999997,0.9598806026552887,1.0,1
2368,/home/test/bupt_hjk/sdp_dataset/elderAL/action6_sit_TV_new/user2_position3_activity6/20250813=172527_mimo5s_part0.csv,2,3,6,7,3.3346769999999997,0.5683594999999999,0.8700954999999999,1.067583,0,1.7992747123634465,5,11,3.3346769999999997,3.3346769999999997,1.0,1.0,1
2369,/home/test/bupt_hjk/sdp_dataset/elderAL/action6_sit_TV_new/user2_position3_activity6/20250813=172535_mimo5s_part0.csv,2,3,6,11,6.778727,0.3896170000000001,1.5729759999999997,2.6479269999999997,0,1.4752032350616864,5,11,5.078123,6.389398,0.7491263477641156,1.0,1
2370,/home/test/bupt_hjk/sdp_dataset/elderAL/action6_sit_TV_new/user0_position9_activity6/20250813=181302_mimo5s_part0.csv,0,9,6,22,5.036186,0.16360700000000006,0.4205322000000003,1.478442,1,4.169822163041635,5,11,1.9258129999999998,3.0404631,0.38239512996541425,0.5,0
2371,/home/test/bupt_hjk/sdp_dataset/elderAL/action6_sit_TV_new/user0_position9_activity6/20250813=181239_mimo5s_part0.csv,0,9,6,31,3.847619,0.048753000000000046,0.35795779999999977,1.03361,1,7.7970297994681905,5,11,1.138985,1.726762,0.2960233328715759,0.3548387096774194,0
2372,/home/test/bupt_hjk/sdp_dataset/elderAL/action6_sit_TV_new/user2_position3_activity6/20250813=172655_mimo5s_part0.csv,2,3,6,7,3.467733,0.331424,1.399532,1.480405,0,1.7302370165177077,5,11,3.467733,3.467733,1.0,1.0,1
2373,/home/test/bupt_hjk/sdp_dataset/elderAL/action6_sit_TV_new/user0_position9_activity6/20250813=181215_mimo5s_part0.csv,0,9,6,21,4.189153999999999,0.1125569999999998,0.4909957999999996,1.2366959999999998,1,4.774233651949774,5,11,1.6396789999999997,2.3293579999999996,0.3914105330097676,0.5238095238095238,0
2374,/home/test/bupt_hjk/sdp_dataset/elderAL/action6_sit_TV_new/user0_position9_activity6/20250813=181200_mimo5s_part0.csv,0,9,6,20,2.964454,0.0936539999999999,0.36674039999999997,0.5836869999999998,0,6.409274692742745,5,11,1.4786625,2.3011016,0.4987975863346168,0.55,0
2375,/home/test/bupt_hjk/sdp_dataset/elderAL/action6_sit_TV_new/user2_position3_activity6/20250813=172519_mimo5s_part0.csv,2,3,6,18,4.904805,0.2546959999999998,0.6587615,1.1089229999999999,1,3.4659889638833756,5,11,2.3203365,3.3498876999999996,0.47307415891151633,0.6111111111111112,0
2376,/home/test/bupt_hjk/sdp_dataset/elderAL/action6_sit_TV_new/user2_position3_activity6/20250813=172702_mimo5s_part0.csv,2,3,6,13,6.4677229999999994,0.0752759999999999,1.4505249999999998,2.7706899999999997,1,1.8553670279323962,5,11,4.678723,5.0305966,0.7233956989190786,0.8461538461538461,0
2377,/home/test/bupt_hjk/sdp_dataset/elderAL/action6_sit_TV_new/user2_position3_activity6/20250813=172551_mimo5s_part0.csv,2,3,6,13,2.8957859999999997,0.02627350000000006,0.4497124000000001,1.4564059999999999,0,4.143952626333576,5,11,1.4371960000000001,2.60121,0.49630601156300924,0.8461538461538461,0
2378,/home/test/bupt_hjk/sdp_dataset/elderAL/action6_sit_TV_new/user0_position9_activity6/20250813=181246_mimo5s_part0.csv,0,9,6,38,5.15226,0.06767999999999974,0.3091355,1.353482,1,7.18131460757027,5,11,0.8789689999999999,2.6069878000000006,0.17059872754868735,0.2894736842105263,0
2379,/home/test/bupt_hjk/sdp_dataset/elderAL/action6_sit_TV_new/user0_position9_activity6/20250813=181152_mimo5s_part0.csv,0,9,6,27,5.2746949999999995,0.18965999999999983,0.33405000000000007,1.486011,0,4.929194958191896,5,11,1.653158,2.4616084000000007,0.3134130030267153,0.4074074074074074,0
2380,/home/test/bupt_hjk/sdp_dataset/elderAL/action6_sit_TV_new/user2_position3_activity6/20250813=172607_mimo5s_part0.csv,2,3,6,7,4.631672,0.7087565,1.3986234999999998,1.4724579999999998,0,1.295428519117934,5,11,4.631672,4.631672,1.0,1.0,1
2381,/home/test/bupt_hjk/sdp_dataset/elderAL/action6_sit_TV_new/user2_position3_activity6/20250813=172511_mimo5s_part0.csv,2,3,6,14,4.847714,0.176622,0.7263092000000002,2.2865819999999992,0,2.6816763530191756,5,11,3.777255,4.4884445,0.779182724063342,0.7857142857142857,0
2382,/home/test/bupt_hjk/sdp_dataset/elderAL/action6_sit_TV_new/user2_position3_activity6/20250813=172543_mimo5s_part0.csv,2,3,6,22,5.077176,0.054927999999999866,1.1423080000000003,1.5076889999999998,1,4.136157580513262,5,11,1.3316345,4.564995000000001,0.2622785776975232,0.5,0
2383,/home/test/bupt_hjk/sdp_dataset/elderAL/action6_sit_TV_new/user2_position3_activity6/20250813=172623_mimo5s_part0.csv,2,3,6,12,4.974195,0.2913334999999999,1.2002008999999996,2.1634339999999996,1,2.2114131030247104,5,11,3.2778089999999995,4.5973863,0.658962706528393,0.9166666666666666,0
2384,/home/test/bupt_hjk/sdp_dataset/elderAL/action6_sit_TV_new/user0_position9_activity6/20250813=181254_mimo5s_part0.csv,0,9,6,40,5.190091,0.011502499999999749,0.3072762000000002,1.467066,1,7.514319113094549,5,11,0.23506699999999991,4.0618644999999995,0.04529149874250758,0.275,0
2385,/home/test/bupt_hjk/sdp_dataset/elderAL/action6_sit_TV_new/user2_position3_activity6/20250813=172631_mimo5s_part0.csv,2,3,6,11,5.302904,0.26512899999999984,1.5379003999999998,2.2704500000000003,0,1.8857591991105251,5,11,4.896579,5.08278,0.9233768893421416,1.0,1
2386,/home/test/bupt_hjk/sdp_dataset/elderAL/action6_sit_TV_new/user0_position9_activity6/20250813=181144_mimo5s_part0.csv,0,9,6,41,5.548191,0.054061499999999985,0.3032392000000003,1.094548,0,7.209557133126816,5,11,0.7290609999999997,3.4098420000000003,0.13140517332586418,0.2682926829268293,0
2387,/home/test/bupt_hjk/sdp_dataset/elderAL/action6_sit_TV_new/user1_position4_activity6/20250813=173134_mimo5s_part0.csv,1,4,6,7,4.9968379999999994,0.33293299999999987,2.1279719999999998,2.7813019999999997,0,1.2007593602194029,5,11,4.9968379999999994,4.9968379999999994,1.0,1.0,1
2388,/home/test/bupt_hjk/sdp_dataset/elderAL/action6_sit_TV_new/user2_position3_activity6/20250813=172639_mimo5s_part0.csv,2,3,6,14,5.033029,0.30336200000000013,0.803566,1.2233990000000001,1,2.5829376305997838,5,11,2.5315445,3.203097900000001,0.5029862732759934,0.7857142857142857,0
2389,/home/test/bupt_hjk/sdp_dataset/elderAL/action6_sit_TV_new/user1_position4_activity6/20250813=173232_mimo5s_part0.csv,1,4,6,5,3.506218,0.3296055,2.0540253,2.7723929999999997,0,1.140830376205929,5,11,3.506218,3.506218,1.0,1.0,1
2390,/home/test/bupt_hjk/sdp_dataset/elderAL/action6_sit_TV_new/user1_position4_activity6/20250813=173201_mimo5s_part0.csv,1,4,6,14,5.2855739999999996,0.18170999999999982,1.0804280000000008,2.1209629999999997,0,2.459524736575441,5,11,3.3973765,4.5879810999999995,0.6427639647084689,0.7857142857142857,0
2391,/home/test/bupt_hjk/sdp_dataset/elderAL/action6_sit_TV_new/user2_position3_activity6/20250813=172615_mimo5s_part0.csv,2,3,6,18,7.646341,0.2785350000000002,1.3344788,1.447527,0,2.2232856211879644,5,11,3.7401904999999998,6.1015504,0.48914775053846016,0.6111111111111112,0
2392,/home/test/bupt_hjk/sdp_dataset/elderAL/action6_sit_TV_new/user2_position3_activity6/20250813=172647_mimo5s_part0.csv,2,3,6,24,3.529355,0.07309999999999997,0.39358920000000003,0.639238,1,6.516771478074606,5,11,0.857682,1.9360406999999997,0.24301380847208628,0.4583333333333333,0
2393,/home/test/bupt_hjk/sdp_dataset/elderAL/action6_sit_TV_new/user1_position4_activity6/20250813=173101_mimo5s_part0.csv,1,4,6,8,1.8487779999999998,0.24319149999999998,0.6441435,0.9215309999999999,1,3.7862847783779343,5,11,1.8481589999999999,1.8487779999999998,0.9996651842460264,1.0,1
2394,/home/test/bupt_hjk/sdp_dataset/elderAL/action6_sit_TV_new/user1_position4_activity6/20250813=173304_mimo5s_part0.csv,1,4,6,4,3.3832579999999997,1.4801679999999997,1.5230991999999999,1.5338319999999999,0,0.8867192510887435,5,11,3.3832579999999997,3.3832579999999997,1.0,1.0,1
2395,/home/test/bupt_hjk/sdp_dataset/elderAL/action6_sit_TV_new/user1_position4_activity6/20250813=173224_mimo5s_part0.csv,1,4,6,11,7.333307,0.34877899999999984,1.6099436999999992,2.757243,0,1.3636412603481622,5,11,6.030161,7.330773,0.8222976346142334,1.0,1
2396,/home/test/bupt_hjk/sdp_dataset/elderAL/action6_sit_TV_new/user1_position4_activity6/20250813=173109_mimo5s_part0.csv,1,4,6,15,4.345121,0.07554399999999983,0.8217156000000002,1.818388,1,3.222004634623524,5,11,1.850142,2.9730609999999995,0.4257975784794025,0.7333333333333333,0
2397,/home/test/bupt_hjk/sdp_dataset/elderAL/action6_sit_TV_new/user0_position9_activity6/20250813=181326_mimo5s_part0.csv,0,9,6,45,5.6783459999999994,0.03189600000000059,0.3609748000000005,1.4754809999999998,1,7.748735283126461,5,11,0.5227960000000005,3.1827846,0.09206835934266784,0.24444444444444444,0
2398,/home/test/bupt_hjk/sdp_dataset/elderAL/action6_sit_TV_new/user1_position4_activity6/20250813=173217_mimo5s_part0.csv,1,4,6,14,5.183102,0.12520399999999987,1.1590608000000007,2.1260630000000003,0,2.5081505245314486,5,11,3.3014205,3.7684033,0.6369584275979905,0.7857142857142857,0
2399,/home/test/bupt_hjk/sdp_dataset/elderAL/action6_sit_TV_new/user1_position4_activity6/20250813=173312_mimo5s_part0.csv,1,4,6,15,6.060788,0.2204429999999995,1.3969574000000002,1.554801,1,2.3099306558817108,5,11,3.217684,4.540017,0.5309019223242919,0.7333333333333333,0
2400,/home/test/bupt_hjk/sdp_dataset/elderAL/action6_sit_TV_new/user1_position4_activity6/20250813=173209_mimo5s_part0.csv,1,4,6,15,5.384325,0.2945979999999997,0.7131051999999999,1.821283,1,2.6001402218476786,5,11,3.387339,4.2530314,0.6291111699238067,0.7333333333333333,0
2401,/home/test/bupt_hjk/sdp_dataset/elderAL/action6_sit_TV_new/user1_position4_activity6/20250813=173257_mimo5s_part0.csv,1,4,6,27,3.912051,0.0745615,0.4579055000000001,0.595669,0,6.64613012458171,5,11,1.2972299999999999,1.8820704000000001,0.3315984377504281,0.4074074074074074,0
2402,/home/test/bupt_hjk/sdp_dataset/elderAL/action6_sit_TV_new/user1_position4_activity6/20250813=173241_mimo5s_part0.csv,1,4,6,20,4.991988999999999,0.19994600000000018,0.743115,1.0816339999999993,3,3.8060981304245667,5,11,2.0482009999999997,2.8818012,0.4102975787807225,0.55,0
2403,/home/test/bupt_hjk/sdp_dataset/elderAL/action6_sit_TV_new/user1_position4_activity6/20250813=173153_mimo5s_part0.csv,1,4,6,21,5.0956,0.08459200000000022,0.5163421000000004,1.587869,0,3.9249548630190754,5,11,2.4062170000000003,3.7732619999999994,0.47221465578145855,0.5238095238095238,0
2404,/home/test/bupt_hjk/sdp_dataset/elderAL/action6_sit_TV_new/user1_position4_activity6/20250813=173145_mimo5s_part0.csv,1,4,6,34,5.84129,0.05714649999999999,0.45111510000000044,1.245163,1,5.649437025040702,5,11,0.7626490000000001,4.0336,0.13056174235485657,0.3235294117647059,0
2405,/home/test/bupt_hjk/sdp_dataset/elderAL/action6_sit_TV_new/user1_position4_activity6/20250813=173249_mimo5s_part0.csv,1,4,6,48,4.715714,0.007137500000000019,0.25880899999999996,1.609912,1,9.966677368474848,5,11,0.38803199999999993,2.2429750999999998,0.08228488835412832,0.22916666666666666,0
