case,file_name,frames,input_dtype,raw_negative_rate,denoised_negative_rate,after_iqr_negative_rate,after_cubic_negative_rate,denoise_to_iqr_sign_agreement,denoise_to_iqr_slope_agreement,denoised_zero_crossing_rate,iqr_zero_crossing_rate,signed_iqr_magnitude_gate
bp_fs200_signed,/home/test/bupt_hjk/sdp_dataset/xrf55/wifi/01_01_01.npy,1000,float64,0.0,0.500362962962963,0.500362962962963,0.5008370370370371,1.0,1.0,0.10977273569866162,0.10977273569866162,True
bp_fs200_signed,/home/test/bupt_hjk/sdp_dataset/xrf55/wifi/01_01_02.npy,1000,float64,0.0,0.5117111111111111,0.5117111111111111,0.5109777777777778,1.0,1.0,0.12306751195640085,0.12306751195640085,True
bp_fs200_signed,/home/test/bupt_hjk/sdp_dataset/xrf55/wifi/01_01_03.npy,1000,float64,0.0,0.5153777777777778,0.5153777777777778,0.5153481481481481,1.0,1.0,0.11180439698958218,0.11180439698958218,True
bp_fs200_signed,/home/test/bupt_hjk/sdp_dataset/xrf55/wifi/01_01_04.npy,1000,float64,0.0,0.4993925925925926,0.4993925925925926,0.5006074074074074,1.0,1.0,0.11098505913320728,0.11098505913320728,True
bp_fs200_signed,/home/test/bupt_hjk/sdp_dataset/xrf55/wifi/01_01_05.npy,1000,float64,0.0,0.5009259259259259,0.5009259259259259,0.5015777777777778,1.0,1.0,0.12055017980943906,0.12055017980943906,True
bp_fs200_signed,/home/test/bupt_hjk/sdp_dataset/xrf55/wifi/01_01_06.npy,1000,float64,0.0,0.508225925925926,0.508225925925926,0.508125925925926,1.0,1.0,0.12654506358210063,0.12654506358210063,True
bp_fs200_signed,/home/test/bupt_hjk/sdp_dataset/xrf55/wifi/01_01_07.npy,1000,float64,0.0,0.4944703703703704,0.4944703703703704,0.49596296296296294,1.0,1.0,0.11552663774885998,0.11552663774885998,True
bp_fs200_signed,/home/test/bupt_hjk/sdp_dataset/xrf55/wifi/01_01_08.npy,1000,float64,0.0,0.5116851851851851,0.5116851851851851,0.5125925925925926,1.0,1.0,0.11504838171504839,0.11504838171504839,True
bp_fs200_signed,/home/test/bupt_hjk/sdp_dataset/xrf55/wifi/01_01_09.npy,1000,float64,0.0,0.5081740740740741,0.5081740740740741,0.5088666666666667,1.0,1.0,0.10921291662032402,0.10921291662032402,True
bp_fs200_signed,/home/test/bupt_hjk/sdp_dataset/xrf55/wifi/01_01_10.npy,1000,float64,0.0,0.5032296296296296,0.5032296296296296,0.5044,1.0,1.0,0.11086271456641827,0.11086271456641827,True
bp_fs200_signed,/home/test/bupt_hjk/sdp_dataset/xrf55/wifi/01_01_11.npy,1000,float64,0.0,0.4976962962962963,0.4976962962962963,0.49623703703703703,1.0,1.0,0.12118043969895821,0.12118043969895821,True
bp_fs200_signed,/home/test/bupt_hjk/sdp_dataset/xrf55/wifi/01_01_12.npy,1000,float64,0.0,0.5111259259259259,0.5111259259259259,0.5101333333333333,1.0,1.0,0.1106291476661847,0.1106291476661847,True
bp_fs200_signed,/home/test/bupt_hjk/sdp_dataset/xrf55/wifi/01_01_13.npy,1000,float64,0.0,0.5068296296296296,0.5068296296296296,0.5071777777777777,1.0,1.0,0.11550439328217106,0.11550439328217106,True
bp_fs200_signed,/home/test/bupt_hjk/sdp_dataset/xrf55/wifi/01_01_14.npy,1000,float64,0.0,0.49876296296296296,0.49876296296296296,0.49925185185185184,1.0,1.0,0.11899306714121528,0.11899306714121528,True
bp_fs200_signed,/home/test/bupt_hjk/sdp_dataset/xrf55/wifi/01_01_15.npy,1000,float64,0.0,0.5021962962962963,0.5021962962962963,0.5027555555555555,1.0,1.0,0.11125199273347422,0.11125199273347422,True
bp_fs200_signed,/home/test/bupt_hjk/sdp_dataset/xrf55/wifi/01_01_16.npy,1000,float64,0.0,0.5015703703703703,0.5015703703703703,0.5020370370370371,1.0,1.0,0.10570199829459088,0.10570199829459088,True
bp_fs200_signed,/home/test/bupt_hjk/sdp_dataset/xrf55/wifi/01_01_17.npy,1000,float64,0.0,0.49023333333333335,0.49023333333333335,0.48990370370370373,1.0,1.0,0.10889778667556445,0.10889778667556445,True
bp_fs200_signed,/home/test/bupt_hjk/sdp_dataset/xrf55/wifi/01_01_18.npy,1000,float64,0.0,0.4900037037037037,0.4900037037037037,0.4896740740740741,1.0,1.0,0.12231120008897786,0.12231120008897786,True
bp_fs200_signed,/home/test/bupt_hjk/sdp_dataset/xrf55/wifi/01_01_19.npy,1000,float64,0.0,0.49284814814814815,0.49284814814814815,0.49465925925925924,1.0,1.0,0.11172654135617098,0.11172654135617098,True
bp_fs200_signed,/home/test/bupt_hjk/sdp_dataset/xrf55/wifi/01_01_20.npy,1000,float64,0.0,0.5135555555555555,0.5135555555555555,0.5132740740740741,1.0,1.0,0.12052422793163534,0.12052422793163534,True
bp_fs200_signed,/home/test/bupt_hjk/sdp_dataset/xrf55/wifi/01_02_01.npy,1000,float64,0.0,0.5048592592592592,0.5048592592592592,0.5057037037037037,1.0,1.0,0.1301672042412783,0.1301672042412783,True
bp_fs200_signed,/home/test/bupt_hjk/sdp_dataset/xrf55/wifi/01_02_02.npy,1000,float64,0.0,0.5000074074074075,0.5000074074074075,0.5006148148148148,1.0,1.0,0.12740889037185332,0.12740889037185332,True
bp_fs200_signed,/home/test/bupt_hjk/sdp_dataset/xrf55/wifi/01_02_03.npy,1000,float64,0.0,0.49298888888888887,0.49298888888888887,0.4939037037037037,1.0,1.0,0.13840877914951988,0.13840877914951988,True
bp_fs200_signed,/home/test/bupt_hjk/sdp_dataset/xrf55/wifi/01_02_04.npy,1000,float64,0.0,0.5010666666666667,0.5010666666666667,0.5000444444444444,1.0,1.0,0.1313461609757906,0.1313461609757906,True
bp_fs200_signed,/home/test/bupt_hjk/sdp_dataset/xrf55/wifi/01_02_05.npy,1000,float64,0.0,0.5097074074074074,0.5097074074074074,0.5104888888888889,1.0,1.0,0.1370296222148074,0.1370296222148074,True
bp_fs200_signed,/home/test/bupt_hjk/sdp_dataset/xrf55/wifi/01_02_06.npy,1000,float64,0.0,0.5071555555555556,0.5071555555555556,0.5091629629629629,1.0,1.0,0.1486189893597301,0.1486189893597301,True
bp_fs200_signed,/home/test/bupt_hjk/sdp_dataset/xrf55/wifi/01_02_07.npy,1000,float64,0.0,0.5052962962962962,0.5052962962962962,0.5051407407407408,1.0,1.0,0.13672190709227747,0.13672190709227747,True
bp_fs200_signed,/home/test/bupt_hjk/sdp_dataset/xrf55/wifi/01_02_08.npy,1000,float64,0.0,0.4976703703703704,0.4976703703703704,0.49808148148148146,1.0,1.0,0.13863493122752382,0.13863493122752382,True
bp_fs200_signed,/home/test/bupt_hjk/sdp_dataset/xrf55/wifi/01_02_09.npy,1000,float64,0.0,0.5098703703703704,0.5098703703703704,0.5104,1.0,1.0,0.13487190894598303,0.13487190894598303,True
bp_fs200_signed,/home/test/bupt_hjk/sdp_dataset/xrf55/wifi/01_02_10.npy,1000,float64,0.0,0.5034333333333333,0.5034333333333333,0.503325925925926,1.0,1.0,0.1343714084454825,0.1343714084454825,True
bp_fs200_signed,/home/test/bupt_hjk/sdp_dataset/xrf55/wifi/01_02_11.npy,1000,float64,0.0,0.5133222222222222,0.5133222222222222,0.5135037037037037,1.0,1.0,0.12623364104845586,0.12623364104845586,True
bp_fs200_signed,/home/test/bupt_hjk/sdp_dataset/xrf55/wifi/01_02_12.npy,1000,float64,0.0,0.5033074074074074,0.5033074074074074,0.5022592592592593,1.0,1.0,0.13229155081006932,0.13229155081006932,True
bp_fs200_signed,/home/test/bupt_hjk/sdp_dataset/xrf55/wifi/01_02_13.npy,1000,float64,0.0,0.4952185185185185,0.4952185185185185,0.49566666666666664,1.0,1.0,0.1427353279205131,0.1427353279205131,True
bp_fs200_signed,/home/test/bupt_hjk/sdp_dataset/xrf55/wifi/01_02_14.npy,1000,float64,0.0,0.5047592592592592,0.5047592592592592,0.5033851851851852,1.0,1.0,0.14566789011233455,0.14566789011233455,True
bp_fs200_signed,/home/test/bupt_hjk/sdp_dataset/xrf55/wifi/01_02_15.npy,1000,float64,0.0,0.5041222222222222,0.5041222222222222,0.5038518518518519,1.0,1.0,0.14131168205242278,0.14131168205242278,True
bp_fs200_signed,/home/test/bupt_hjk/sdp_dataset/xrf55/wifi/01_02_16.npy,1000,float64,0.0,0.5043111111111112,0.5043111111111112,0.5044592592592593,1.0,1.0,0.13489415341267194,0.13489415341267194,True
bp_fs200_signed,/home/test/bupt_hjk/sdp_dataset/xrf55/wifi/01_02_17.npy,1000,float64,0.0,0.4962740740740741,0.4962740740740741,0.4948148148148148,1.0,1.0,0.1326845363882401,0.1326845363882401,True
bp_fs200_signed,/home/test/bupt_hjk/sdp_dataset/xrf55/wifi/01_02_18.npy,1000,float64,0.0,0.49674444444444443,0.49674444444444443,0.4971333333333333,1.0,1.0,0.13611389166944723,0.13611389166944723,True
bp_fs200_signed,/home/test/bupt_hjk/sdp_dataset/xrf55/wifi/01_02_19.npy,1000,float64,0.0,0.5073185185185185,0.5073185185185185,0.5065777777777778,1.0,1.0,0.14201979757535313,0.14201979757535313,True
bp_fs200_signed,/home/test/bupt_hjk/sdp_dataset/xrf55/wifi/01_02_20.npy,1000,float64,0.0,0.5082592592592593,0.5082592592592593,0.5078074074074074,1.0,1.0,0.13449375301227154,0.13449375301227154,True
bp_fs200_signed,/home/test/bupt_hjk/sdp_dataset/xrf55/wifi/01_03_01.npy,1000,float64,0.0,0.49664444444444444,0.49664444444444444,0.4968888888888889,1.0,1.0,0.13781930078226373,0.13781930078226373,True
bp_fs200_signed,/home/test/bupt_hjk/sdp_dataset/xrf55/wifi/01_03_02.npy,1000,float64,0.0,0.49615185185185184,0.49615185185185184,0.49545185185185187,1.0,1.0,0.1442331220108998,0.1442331220108998,True
bp_fs200_signed,/home/test/bupt_hjk/sdp_dataset/xrf55/wifi/01_03_03.npy,1000,float64,0.0,0.4989148148148148,0.4989148148148148,0.5002888888888889,1.0,1.0,0.12187001816631446,0.12187001816631446,True
bp_fs200_signed,/home/test/bupt_hjk/sdp_dataset/xrf55/wifi/01_03_04.npy,1000,float64,0.0,0.5108592592592592,0.5108592592592592,0.5115481481481482,1.0,1.0,0.13441589737886034,0.13441589737886034,True
bp_fs200_signed,/home/test/bupt_hjk/sdp_dataset/xrf55/wifi/01_03_05.npy,1000,float64,0.0,0.5047037037037037,0.5047037037037037,0.5057777777777778,1.0,1.0,0.13147221295369443,0.13147221295369443,True
bp_fs200_signed,/home/test/bupt_hjk/sdp_dataset/xrf55/wifi/01_03_06.npy,1000,float64,0.0,0.49105185185185185,0.49105185185185185,0.49162962962962964,1.0,1.0,0.14093723352982612,0.14093723352982612,True
bp_fs200_signed,/home/test/bupt_hjk/sdp_dataset/xrf55/wifi/01_03_07.npy,1000,float64,0.0,0.5168111111111111,0.5168111111111111,0.5171777777777777,1.0,1.0,0.13337782226671116,0.13337782226671116,True
bp_fs200_signed,/home/test/bupt_hjk/sdp_dataset/xrf55/wifi/01_03_08.npy,1000,float64,0.0,0.49603703703703705,0.49603703703703705,0.49692592592592594,1.0,1.0,0.11966410855299744,0.11966410855299744,True
bp_fs200_signed,/home/test/bupt_hjk/sdp_dataset/xrf55/wifi/01_03_09.npy,1000,float64,0.0,0.5041407407407408,0.5041407407407408,0.5047111111111111,1.0,1.0,0.13113113113113112,0.13113113113113112,True
bp_fs200_signed,/home/test/bupt_hjk/sdp_dataset/xrf55/wifi/01_03_10.npy,1000,float64,0.0,0.4996074074074074,0.4996074074074074,0.5007185185185186,1.0,1.0,0.12737923108293478,0.12737923108293478,True
bp_fs200_signed,/home/test/bupt_hjk/sdp_dataset/xrf55/wifi/01_03_11.npy,1000,float64,0.0,0.4935703703703704,0.4935703703703704,0.4941111111111111,1.0,1.0,0.12601490379268157,0.12601490379268157,True
bp_fs200_signed,/home/test/bupt_hjk/sdp_dataset/xrf55/wifi/01_03_12.npy,1000,float64,0.0,0.49641111111111114,0.49641111111111114,0.49645185185185187,1.0,1.0,0.14105957809661512,0.14105957809661512,True
bp_fs200_signed,/home/test/bupt_hjk/sdp_dataset/xrf55/wifi/01_03_13.npy,1000,float64,0.0,0.48848148148148146,0.48848148148148146,0.4881185185185185,1.0,1.0,0.14492270047825603,0.14492270047825603,True
bp_fs200_signed,/home/test/bupt_hjk/sdp_dataset/xrf55/wifi/01_03_14.npy,1000,float64,0.0,0.5051814814814815,0.5051814814814815,0.5059703703703704,1.0,1.0,0.11299447595743892,0.11299447595743892,True
bp_fs200_signed,/home/test/bupt_hjk/sdp_dataset/xrf55/wifi/01_03_15.npy,1000,float64,0.0,0.5171629629629629,0.5171629629629629,0.5172814814814815,1.0,1.0,0.14587550513476438,0.14587550513476438,True
bp_fs200_signed,/home/test/bupt_hjk/sdp_dataset/xrf55/wifi/01_03_16.npy,1000,float64,0.0,0.5018777777777778,0.5018777777777778,0.5025777777777778,1.0,1.0,0.12140659177696214,0.12140659177696214,True
bp_fs200_signed,/home/test/bupt_hjk/sdp_dataset/xrf55/wifi/01_03_17.npy,1000,float64,0.0,0.5083814814814814,0.5083814814814814,0.5085555555555555,1.0,1.0,0.14652800949097244,0.14652800949097244,True
bp_fs200_signed,/home/test/bupt_hjk/sdp_dataset/xrf55/wifi/01_03_18.npy,1000,float64,0.0,0.4918222222222222,0.4918222222222222,0.49177777777777776,1.0,1.0,0.15644904163422682,0.15644904163422682,True
bp_fs200_signed,/home/test/bupt_hjk/sdp_dataset/xrf55/wifi/01_03_19.npy,1000,float64,0.0,0.49954444444444446,0.49954444444444446,0.5001925925925926,1.0,1.0,0.14991658324991658,0.14991658324991658,True
bp_fs200_signed,/home/test/bupt_hjk/sdp_dataset/xrf55/wifi/01_03_20.npy,1000,float64,0.0,0.49454444444444445,0.49454444444444445,0.4956814814814815,1.0,1.0,0.1262633003373744,0.1262633003373744,True
bp_fs200_signed,/home/test/bupt_hjk/sdp_dataset/xrf55/wifi/01_04_01.npy,1000,float64,0.0,0.5044222222222222,0.5044222222222222,0.5065407407407407,1.0,1.0,0.14724353983613242,0.14724353983613242,True
bp_fs200_signed,/home/test/bupt_hjk/sdp_dataset/xrf55/wifi/01_04_02.npy,1000,float64,0.0,0.5008518518518519,0.5008518518518519,0.5021407407407408,1.0,1.0,0.15023912801690578,0.15023912801690578,True
bp_fs200_signed,/home/test/bupt_hjk/sdp_dataset/xrf55/wifi/01_04_03.npy,1000,float64,0.0,0.4978888888888889,0.4978888888888889,0.49845925925925927,1.0,1.0,0.1422570718867015,0.1422570718867015,True
bp_fs200_signed,/home/test/bupt_hjk/sdp_dataset/xrf55/wifi/01_04_04.npy,1000,float64,0.0,0.49954814814814813,0.49954814814814813,0.49902962962962966,1.0,1.0,0.16228079931783634,0.16228079931783634,True
bp_fs200_signed,/home/test/bupt_hjk/sdp_dataset/xrf55/wifi/01_04_05.npy,1000,float64,0.0,0.5028518518518519,0.5028518518518519,0.5024222222222222,1.0,1.0,0.1511585659733808,0.1511585659733808,True
bp_fs200_signed,/home/test/bupt_hjk/sdp_dataset/xrf55/wifi/01_04_06.npy,1000,float64,0.0,0.49366666666666664,0.49366666666666664,0.4938666666666667,1.0,1.0,0.14900456011567123,0.14900456011567123,True
bp_fs200_signed,/home/test/bupt_hjk/sdp_dataset/xrf55/wifi/01_04_07.npy,1000,float64,0.0,0.4972814814814815,0.4972814814814815,0.4988740740740741,1.0,1.0,0.15785415044674303,0.15785415044674303,True
bp_fs200_signed,/home/test/bupt_hjk/sdp_dataset/xrf55/wifi/01_04_08.npy,1000,float64,0.0,0.5124518518518518,0.5124518518518518,0.5136814814814815,1.0,1.0,0.14613131650168687,0.14613131650168687,True
bp_fs200_signed,/home/test/bupt_hjk/sdp_dataset/xrf55/wifi/01_04_09.npy,1000,float64,0.0,0.5045259259259259,0.5045259259259259,0.5045851851851851,1.0,1.0,0.15801356912468023,0.15801356912468023,True
bp_fs200_signed,/home/test/bupt_hjk/sdp_dataset/xrf55/wifi/01_04_10.npy,1000,float64,0.0,0.49372222222222223,0.49372222222222223,0.49506666666666665,1.0,1.0,0.17120453787120454,0.17120453787120454,True
bp_fs200_signed,/home/test/bupt_hjk/sdp_dataset/xrf55/wifi/01_04_11.npy,1000,float64,0.0,0.5133222222222222,0.5133222222222222,0.5139777777777778,1.0,1.0,0.1570867163459756,0.1570867163459756,True
bp_fs200_signed,/home/test/bupt_hjk/sdp_dataset/xrf55/wifi/01_04_12.npy,1000,float64,0.0,0.5057888888888888,0.5057888888888888,0.5071925925925926,1.0,1.0,0.16590293997701405,0.16590293997701405,True
bp_fs200_signed,/home/test/bupt_hjk/sdp_dataset/xrf55/wifi/01_04_13.npy,1000,float64,0.0,0.48248148148148146,0.48248148148148146,0.4836888888888889,1.0,1.0,0.15930374819263707,0.15930374819263707,True
bp_fs200_signed,/home/test/bupt_hjk/sdp_dataset/xrf55/wifi/01_04_14.npy,1000,float64,0.0,0.4883037037037037,0.4883037037037037,0.4882814814814815,1.0,1.0,0.1619545471397323,0.1619545471397323,True
bp_fs200_signed,/home/test/bupt_hjk/sdp_dataset/xrf55/wifi/01_04_15.npy,1000,float64,0.0,0.49197407407407406,0.49197407407407406,0.49114814814814817,1.0,1.0,0.165331998665332,0.165331998665332,True
bp_fs200_signed,/home/test/bupt_hjk/sdp_dataset/xrf55/wifi/01_04_16.npy,1000,float64,0.0,0.5025851851851851,0.5025851851851851,0.5028148148148148,1.0,1.0,0.1370518666814963,0.1370518666814963,True
bp_fs200_signed,/home/test/bupt_hjk/sdp_dataset/xrf55/wifi/01_04_17.npy,1000,float64,0.0,0.4966259259259259,0.4966259259259259,0.4978740740740741,1.0,1.0,0.1474177881585289,0.1474177881585289,True
bp_fs200_signed,/home/test/bupt_hjk/sdp_dataset/xrf55/wifi/01_04_18.npy,1000,float64,0.0,0.5095,0.5095,0.5101407407407408,1.0,1.0,0.16131687242798354,0.16131687242798354,True
bp_fs200_signed,/home/test/bupt_hjk/sdp_dataset/xrf55/wifi/01_04_19.npy,1000,float64,0.0,0.4837740740740741,0.4837740740740741,0.48686666666666667,1.0,1.0,0.16739702665628592,0.16739702665628592,True
bp_fs200_signed,/home/test/bupt_hjk/sdp_dataset/xrf55/wifi/01_04_20.npy,1000,float64,0.0,0.5062888888888889,0.5062888888888889,0.5075777777777778,1.0,1.0,0.15131056982908836,0.15131056982908836,True
bp_fs200_signed,/home/test/bupt_hjk/sdp_dataset/xrf55/wifi/01_05_01.npy,1000,float64,0.0,0.4913111111111111,0.4913111111111111,0.4923037037037037,1.0,1.0,0.1123493864234605,0.1123493864234605,True
bp_fs200_signed,/home/test/bupt_hjk/sdp_dataset/xrf55/wifi/01_05_02.npy,1000,float64,0.0,0.48535185185185187,0.48535185185185187,0.4870074074074074,1.0,1.0,0.11507062618173729,0.11507062618173729,True
bp_fs200_signed,/home/test/bupt_hjk/sdp_dataset/xrf55/wifi/01_05_03.npy,1000,float64,0.0,0.5074111111111111,0.5074111111111111,0.5072444444444445,1.0,1.0,0.10501241982723464,0.10501241982723464,True
bp_fs200_signed,/home/test/bupt_hjk/sdp_dataset/xrf55/wifi/01_05_04.npy,1000,float64,0.0,0.4991851851851852,0.4991851851851852,0.4998888888888889,1.0,1.0,0.11320579839098358,0.11320579839098358,True
bp_fs200_signed,/home/test/bupt_hjk/sdp_dataset/xrf55/wifi/01_05_05.npy,1000,float64,0.0,0.4918962962962963,0.4918962962962963,0.49273333333333336,1.0,1.0,0.11668705742779817,0.11668705742779817,True
bp_fs200_signed,/home/test/bupt_hjk/sdp_dataset/xrf55/wifi/01_05_06.npy,1000,float64,0.0,0.5036111111111111,0.5036111111111111,0.5039851851851852,1.0,1.0,0.12013494976457939,0.12013494976457939,True
bp_fs200_signed,/home/test/bupt_hjk/sdp_dataset/xrf55/wifi/01_05_07.npy,1000,float64,0.0,0.49522962962962963,0.49522962962962963,0.4952814814814815,1.0,1.0,0.110888666444222,0.110888666444222,True
bp_fs200_signed,/home/test/bupt_hjk/sdp_dataset/xrf55/wifi/01_05_08.npy,1000,float64,0.0,0.49642592592592594,0.49642592592592594,0.4958296296296296,1.0,1.0,0.1050235420605791,0.1050235420605791,True
bp_fs200_signed,/home/test/bupt_hjk/sdp_dataset/xrf55/wifi/01_05_09.npy,1000,float64,0.0,0.5073740740740741,0.5073740740740741,0.5082888888888889,1.0,1.0,0.11434397360323287,0.11434397360323287,True
bp_fs200_signed,/home/test/bupt_hjk/sdp_dataset/xrf55/wifi/01_05_10.npy,1000,float64,0.0,0.48315555555555556,0.48315555555555556,0.4836888888888889,1.0,1.0,0.11230119007896786,0.11230119007896786,True
bp_fs200_signed,/home/test/bupt_hjk/sdp_dataset/xrf55/wifi/01_05_11.npy,1000,float64,0.0,0.5017814814814815,0.5017814814814815,0.5027037037037037,1.0,1.0,0.1211359507655804,0.1211359507655804,True
bp_fs200_signed,/home/test/bupt_hjk/sdp_dataset/xrf55/wifi/01_05_12.npy,1000,float64,0.0,0.5040555555555556,0.5040555555555556,0.5046074074074074,1.0,1.0,0.12369777184592,0.12369777184592,True
bp_fs200_signed,/home/test/bupt_hjk/sdp_dataset/xrf55/wifi/01_05_13.npy,1000,float64,0.0,0.5185777777777778,0.5185777777777778,0.5197185185185185,1.0,1.0,0.13069365661958254,0.13069365661958254,True
bp_fs200_signed,/home/test/bupt_hjk/sdp_dataset/xrf55/wifi/01_05_14.npy,1000,float64,0.0,0.5058185185185186,0.5058185185185186,0.5047037037037037,1.0,1.0,0.15003522040559078,0.15003522040559078,True
bp_fs200_signed,/home/test/bupt_hjk/sdp_dataset/xrf55/wifi/01_05_15.npy,1000,float64,0.0,0.5132481481481481,0.5132481481481481,0.5134814814814814,1.0,1.0,0.12145478812145478,0.12145478812145478,True
bp_fs200_signed,/home/test/bupt_hjk/sdp_dataset/xrf55/wifi/01_05_16.npy,1000,float64,0.0,0.49275555555555556,0.49275555555555556,0.49294074074074073,1.0,1.0,0.12256330404478552,0.12256330404478552,True
bp_fs200_signed,/home/test/bupt_hjk/sdp_dataset/xrf55/wifi/01_05_17.npy,1000,float64,0.0,0.5045111111111111,0.5045111111111111,0.5048074074074074,1.0,1.0,0.12106921736551367,0.12106921736551367,True
bp_fs200_signed,/home/test/bupt_hjk/sdp_dataset/xrf55/wifi/01_05_18.npy,1000,float64,0.0,0.5115222222222222,0.5115222222222222,0.5101259259259259,1.0,1.0,0.1326474622770919,0.1326474622770919,True
bp_fs200_signed,/home/test/bupt_hjk/sdp_dataset/xrf55/wifi/01_05_19.npy,1000,float64,0.0,0.5008851851851852,0.5008851851851852,0.501325925925926,1.0,1.0,0.16246246246246246,0.16246246246246246,True
bp_fs200_signed,/home/test/bupt_hjk/sdp_dataset/xrf55/wifi/01_05_20.npy,1000,float64,0.0,0.5191666666666667,0.5191666666666667,0.5188888888888888,1.0,1.0,0.1382901419938457,0.1382901419938457,True
bp_fs200_signed,/home/test/bupt_hjk/sdp_dataset/xrf55/wifi/01_06_01.npy,1000,float64,0.0,0.5163740740740741,0.5163740740740741,0.5172740740740741,1.0,1.0,0.1731991250509769,0.1731991250509769,True
bp_fs200_signed,/home/test/bupt_hjk/sdp_dataset/xrf55/wifi/01_06_02.npy,1000,float64,0.0,0.5089555555555556,0.5089555555555556,0.5091629629629629,1.0,1.0,0.18062136210284357,0.18062136210284357,True
bp_fs200_signed,/home/test/bupt_hjk/sdp_dataset/xrf55/wifi/01_06_03.npy,1000,float64,0.0,0.5091222222222223,0.5091222222222223,0.5095037037037037,1.0,1.0,0.17000704408111816,0.17000704408111816,True
bp_fs200_signed,/home/test/bupt_hjk/sdp_dataset/xrf55/wifi/01_06_04.npy,1000,float64,0.0,0.49561481481481484,0.49561481481481484,0.49744444444444447,1.0,1.0,0.15842138434731026,0.15842138434731026,True
bp_fs200_signed,/home/test/bupt_hjk/sdp_dataset/xrf55/wifi/01_06_05.npy,1000,float64,0.0,0.4996888888888889,0.4996888888888889,0.5023777777777778,1.0,1.0,0.1642939235531828,0.1642939235531828,True
bp_fs200_signed,/home/test/bupt_hjk/sdp_dataset/xrf55/wifi/01_06_06.npy,1000,float64,0.0,0.5065074074074074,0.5065074074074074,0.5060962962962963,1.0,1.0,0.18433618803989174,0.18433618803989174,True
bp_fs200_signed,/home/test/bupt_hjk/sdp_dataset/xrf55/wifi/01_06_07.npy,1000,float64,0.0,0.49682592592592595,0.49682592592592595,0.4956740740740741,1.0,1.0,0.17260593927260595,0.17260593927260595,True
bp_fs200_signed,/home/test/bupt_hjk/sdp_dataset/xrf55/wifi/01_06_08.npy,1000,float64,0.0,0.511974074074074,0.511974074074074,0.5127703703703703,1.0,1.0,0.17607236866496126,0.17607236866496126,True
bp_fs200_signed,/home/test/bupt_hjk/sdp_dataset/xrf55/wifi/01_06_09.npy,1000,float64,0.0,0.5048925925925926,0.5048925925925926,0.5039777777777777,1.0,1.0,0.17600192785377972,0.17600192785377972,True
bp_fs200_signed,/home/test/bupt_hjk/sdp_dataset/xrf55/wifi/01_06_10.npy,1000,float64,0.0,0.49842592592592594,0.49842592592592594,0.5011037037037037,1.0,1.0,0.16558781003225448,0.16558781003225448,True
bp_fs200_signed,/home/test/bupt_hjk/sdp_dataset/xrf55/wifi/01_06_11.npy,1000,float64,0.0,0.49608148148148146,0.49608148148148146,0.49475555555555556,1.0,1.0,0.16431616801987173,0.16431616801987173,True
bp_fs200_signed,/home/test/bupt_hjk/sdp_dataset/xrf55/wifi/01_06_12.npy,1000,float64,0.0,0.49791851851851854,0.49791851851851854,0.4981481481481482,1.0,1.0,0.1565046528009491,0.1565046528009491,True
bp_fs200_signed,/home/test/bupt_hjk/sdp_dataset/xrf55/wifi/01_06_13.npy,1000,float64,0.0,0.4969037037037037,0.4969037037037037,0.49615555555555557,1.0,1.0,0.17961665369072777,0.17961665369072777,True
bp_fs200_signed,/home/test/bupt_hjk/sdp_dataset/xrf55/wifi/01_06_14.npy,1000,float64,0.0,0.5147185185185185,0.5147185185185185,0.5147481481481482,1.0,1.0,0.17672858043228415,0.17672858043228415,True
bp_fs200_signed,/home/test/bupt_hjk/sdp_dataset/xrf55/wifi/01_06_15.npy,1000,float64,0.0,0.5055740740740741,0.5055740740740741,0.5044296296296297,1.0,1.0,0.16748600452304155,0.16748600452304155,True
bp_fs200_signed,/home/test/bupt_hjk/sdp_dataset/xrf55/wifi/01_06_16.npy,1000,float64,0.0,0.5027296296296296,0.5027296296296296,0.5024814814814815,1.0,1.0,0.1558224891558225,0.1558224891558225,True
bp_fs200_signed,/home/test/bupt_hjk/sdp_dataset/xrf55/wifi/01_06_17.npy,1000,float64,0.0,0.49443703703703706,0.49443703703703706,0.4935555555555556,1.0,1.0,0.18468839209579951,0.18468839209579951,True
bp_fs200_signed,/home/test/bupt_hjk/sdp_dataset/xrf55/wifi/01_06_18.npy,1000,float64,0.0,0.5007851851851852,0.5007851851851852,0.5021037037037037,1.0,1.0,0.15587810032254476,0.15587810032254476,True
bp_fs200_signed,/home/test/bupt_hjk/sdp_dataset/xrf55/wifi/01_06_19.npy,1000,float64,0.0,0.5076074074074074,0.5076074074074074,0.5067037037037037,1.0,1.0,0.17752567382197013,0.17752567382197013,True
bp_fs200_signed,/home/test/bupt_hjk/sdp_dataset/xrf55/wifi/01_06_20.npy,1000,float64,0.0,0.5068518518518519,0.5068518518518519,0.506762962962963,1.0,1.0,0.15290846401957514,0.15290846401957514,True
bp_fs200_signed,/home/test/bupt_hjk/sdp_dataset/xrf55/wifi/01_07_01.npy,1000,float64,0.0,0.4912740740740741,0.4912740740740741,0.490837037037037,1.0,1.0,0.15474733993252512,0.15474733993252512,True
bp_fs200_signed,/home/test/bupt_hjk/sdp_dataset/xrf55/wifi/01_07_02.npy,1000,float64,0.0,0.5019,0.5019,0.5014592592592593,1.0,1.0,0.14089645200756312,0.14089645200756312,True
bp_fs200_signed,/home/test/bupt_hjk/sdp_dataset/xrf55/wifi/01_07_03.npy,1000,float64,0.0,0.5102148148148148,0.5102148148148148,0.5102814814814814,1.0,1.0,0.13559485411337263,0.13559485411337263,True
bp_fs200_signed,/home/test/bupt_hjk/sdp_dataset/xrf55/wifi/01_07_04.npy,1000,float64,0.0,0.4947962962962963,0.4947962962962963,0.49545925925925927,1.0,1.0,0.15064694323953584,0.15064694323953584,True
bp_fs200_signed,/home/test/bupt_hjk/sdp_dataset/xrf55/wifi/01_07_05.npy,1000,float64,0.0,0.4989851851851852,0.4989851851851852,0.49974814814814816,1.0,1.0,0.14505987468950432,0.14505987468950432,True
bp_fs200_signed,/home/test/bupt_hjk/sdp_dataset/xrf55/wifi/01_07_06.npy,1000,float64,0.0,0.5133888888888889,0.5133888888888889,0.5135333333333333,1.0,1.0,0.13539465391317243,0.13539465391317243,True
bp_fs200_signed,/home/test/bupt_hjk/sdp_dataset/xrf55/wifi/01_07_07.npy,1000,float64,0.0,0.5012333333333333,0.5012333333333333,0.5007111111111111,1.0,1.0,0.16832017202387572,0.16832017202387572,True
bp_fs200_signed,/home/test/bupt_hjk/sdp_dataset/xrf55/wifi/01_07_08.npy,1000,float64,0.0,0.4970185185185185,0.4970185185185185,0.49605185185185185,1.0,1.0,0.1310236162088014,0.1310236162088014,True
bp_fs200_signed,/home/test/bupt_hjk/sdp_dataset/xrf55/wifi/01_07_09.npy,1000,float64,0.0,0.506674074074074,0.506674074074074,0.5071037037037037,1.0,1.0,0.16687798910021132,0.16687798910021132,True
bp_fs200_signed,/home/test/bupt_hjk/sdp_dataset/xrf55/wifi/01_07_10.npy,1000,float64,0.0,0.49566666666666664,0.49566666666666664,0.4961111111111111,1.0,1.0,0.15732028324620917,0.15732028324620917,True
bp_fs200_signed,/home/test/bupt_hjk/sdp_dataset/xrf55/wifi/01_07_11.npy,1000,float64,0.0,0.5127666666666667,0.5127666666666667,0.5131777777777777,1.0,1.0,0.1507804100396693,0.1507804100396693,True
bp_fs200_signed,/home/test/bupt_hjk/sdp_dataset/xrf55/wifi/01_07_12.npy,1000,float64,0.0,0.49243703703703706,0.49243703703703706,0.49262962962962964,1.0,1.0,0.1519000481963445,0.1519000481963445,True
bp_fs200_signed,/home/test/bupt_hjk/sdp_dataset/xrf55/wifi/01_07_13.npy,1000,float64,0.0,0.5076555555555555,0.5076555555555555,0.5087111111111111,1.0,1.0,0.14008082156230303,0.14008082156230303,True
bp_fs200_signed,/home/test/bupt_hjk/sdp_dataset/xrf55/wifi/01_07_14.npy,1000,float64,0.0,0.4998851851851852,0.4998851851851852,0.4978962962962963,1.0,1.0,0.1608497386275164,0.1608497386275164,True
bp_fs200_signed,/home/test/bupt_hjk/sdp_dataset/xrf55/wifi/01_07_15.npy,1000,float64,0.0,0.49032592592592594,0.49032592592592594,0.4917111111111111,1.0,1.0,0.12469135802469136,0.12469135802469136,True
bp_fs200_signed,/home/test/bupt_hjk/sdp_dataset/xrf55/wifi/01_07_16.npy,1000,float64,0.0,0.5054777777777778,0.5054777777777778,0.5066888888888889,1.0,1.0,0.11983464946427909,0.11983464946427909,True
bp_fs200_signed,/home/test/bupt_hjk/sdp_dataset/xrf55/wifi/01_07_17.npy,1000,float64,0.0,0.4953074074074074,0.4953074074074074,0.4962666666666667,1.0,1.0,0.1532050569087606,0.1532050569087606,True
bp_fs200_signed,/home/test/bupt_hjk/sdp_dataset/xrf55/wifi/01_07_18.npy,1000,float64,0.0,0.5140037037037037,0.5140037037037037,0.5152518518518518,1.0,1.0,0.1568865161457754,0.1568865161457754,True
bp_fs200_signed,/home/test/bupt_hjk/sdp_dataset/xrf55/wifi/01_07_19.npy,1000,float64,0.0,0.5060074074074075,0.5060074074074075,0.5067555555555555,1.0,1.0,0.14686909131353576,0.14686909131353576,True
bp_fs200_signed,/home/test/bupt_hjk/sdp_dataset/xrf55/wifi/01_07_20.npy,1000,float64,0.0,0.5167592592592593,0.5167592592592593,0.5162444444444444,1.0,1.0,0.14860415971527083,0.14860415971527083,True
bp_fs200_signed,/home/test/bupt_hjk/sdp_dataset/xrf55/wifi/01_08_01.npy,1000,float64,0.0,0.5064148148148148,0.5064148148148148,0.5067851851851852,1.0,1.0,0.13075668260853446,0.13075668260853446,True
bp_fs200_signed,/home/test/bupt_hjk/sdp_dataset/xrf55/wifi/01_08_02.npy,1000,float64,0.0,0.4907962962962963,0.4907962962962963,0.4915703703703704,1.0,1.0,0.11905980054128203,0.11905980054128203,True
bp_fs200_signed,/home/test/bupt_hjk/sdp_dataset/xrf55/wifi/01_08_03.npy,1000,float64,0.0,0.5065185185185185,0.5065185185185185,0.5071555555555556,1.0,1.0,0.11238275312349387,0.11238275312349387,True
bp_fs200_signed,/home/test/bupt_hjk/sdp_dataset/xrf55/wifi/01_08_04.npy,1000,float64,0.0,0.5021333333333333,0.5021333333333333,0.5020370370370371,1.0,1.0,0.12003855707559412,0.12003855707559412,True
bp_fs200_signed,/home/test/bupt_hjk/sdp_dataset/xrf55/wifi/01_08_05.npy,1000,float64,0.0,0.5010666666666667,0.5010666666666667,0.49965185185185185,1.0,1.0,0.11339858376895413,0.11339858376895413,True
bp_fs200_signed,/home/test/bupt_hjk/sdp_dataset/xrf55/wifi/01_08_06.npy,1000,float64,0.0,0.5061481481481481,0.5061481481481481,0.5053111111111112,1.0,1.0,0.11221962703444185,0.11221962703444185,True
bp_fs200_signed,/home/test/bupt_hjk/sdp_dataset/xrf55/wifi/01_08_07.npy,1000,float64,0.0,0.5135222222222222,0.5135222222222222,0.5129259259259259,1.0,1.0,0.1132502873243614,0.1132502873243614,True
bp_fs200_signed,/home/test/bupt_hjk/sdp_dataset/xrf55/wifi/01_08_08.npy,1000,float64,0.0,0.5014777777777778,0.5014777777777778,0.5025037037037037,1.0,1.0,0.12351981611240871,0.12351981611240871,True
bp_fs200_signed,/home/test/bupt_hjk/sdp_dataset/xrf55/wifi/01_08_09.npy,1000,float64,0.0,0.48662222222222223,0.48662222222222223,0.48733333333333334,1.0,1.0,0.1084084084084084,0.1084084084084084,True
bp_fs200_signed,/home/test/bupt_hjk/sdp_dataset/xrf55/wifi/01_08_10.npy,1000,float64,0.0,0.5041444444444444,0.5041444444444444,0.5038814814814815,1.0,1.0,0.1231564898231565,0.1231564898231565,True
bp_fs200_signed,/home/test/bupt_hjk/sdp_dataset/xrf55/wifi/01_08_11.npy,1000,float64,0.0,0.5023518518518518,0.5023518518518518,0.5023333333333333,1.0,1.0,0.14058502947391835,0.14058502947391835,True
bp_fs200_signed,/home/test/bupt_hjk/sdp_dataset/xrf55/wifi/01_08_12.npy,1000,float64,0.0,0.5112148148148148,0.5112148148148148,0.5099925925925926,1.0,1.0,0.13129054980906832,0.13129054980906832,True
bp_fs200_signed,/home/test/bupt_hjk/sdp_dataset/xrf55/wifi/01_08_13.npy,1000,float64,0.0,0.4924148148148148,0.4924148148148148,0.49245185185185186,1.0,1.0,0.12284877470062655,0.12284877470062655,True
bp_fs200_signed,/home/test/bupt_hjk/sdp_dataset/xrf55/wifi/01_08_14.npy,1000,float64,0.0,0.4870925925925926,0.4870925925925926,0.4884148148148148,1.0,1.0,0.1117895673451229,0.1117895673451229,True
bp_fs200_signed,/home/test/bupt_hjk/sdp_dataset/xrf55/wifi/01_08_15.npy,1000,float64,0.0,0.5070296296296296,0.5070296296296296,0.5080370370370371,1.0,1.0,0.11164127090053017,0.11164127090053017,True
bp_fs200_signed,/home/test/bupt_hjk/sdp_dataset/xrf55/wifi/01_08_16.npy,1000,float64,0.0,0.5045592592592593,0.5045592592592593,0.5051407407407408,1.0,1.0,0.10992103214325437,0.10992103214325437,True
bp_fs200_signed,/home/test/bupt_hjk/sdp_dataset/xrf55/wifi/01_08_17.npy,1000,float64,0.0,0.5035666666666667,0.5035666666666667,0.5041111111111111,1.0,1.0,0.12761279798316835,0.12761279798316835,True
bp_fs200_signed,/home/test/bupt_hjk/sdp_dataset/xrf55/wifi/01_08_18.npy,1000,float64,0.0,0.49445925925925927,0.49445925925925927,0.49418518518518517,1.0,1.0,0.11639417194972751,0.11639417194972751,True
bp_fs200_signed,/home/test/bupt_hjk/sdp_dataset/xrf55/wifi/01_08_19.npy,1000,float64,0.0,0.4922259259259259,0.4922259259259259,0.4914222222222222,1.0,1.0,0.11183776368961554,0.11183776368961554,True
bp_fs200_signed,/home/test/bupt_hjk/sdp_dataset/xrf55/wifi/01_08_20.npy,1000,float64,0.0,0.4947259259259259,0.4947259259259259,0.4956962962962963,1.0,1.0,0.1186742297853409,0.1186742297853409,True
bp_fs200_signed,/home/test/bupt_hjk/sdp_dataset/xrf55/wifi/01_09_01.npy,1000,float64,0.0,0.5067814814814815,0.5067814814814815,0.5065925925925926,1.0,1.0,0.13394134875616356,0.13394134875616356,True
bp_fs200_signed,/home/test/bupt_hjk/sdp_dataset/xrf55/wifi/01_09_02.npy,1000,float64,0.0,0.49764444444444444,0.49764444444444444,0.4976074074074074,1.0,1.0,0.12065027990953917,0.12065027990953917,True
bp_fs200_signed,/home/test/bupt_hjk/sdp_dataset/xrf55/wifi/01_09_03.npy,1000,float64,0.0,0.5049555555555556,0.5049555555555556,0.5041925925925926,1.0,1.0,0.1263040818596374,0.1263040818596374,True
bp_fs200_signed,/home/test/bupt_hjk/sdp_dataset/xrf55/wifi/01_09_04.npy,1000,float64,0.0,0.48008518518518517,0.48008518518518517,0.47963703703703703,1.0,1.0,0.12709746783820858,0.12709746783820858,True
bp_fs200_signed,/home/test/bupt_hjk/sdp_dataset/xrf55/wifi/01_09_05.npy,1000,float64,0.0,0.5186481481481482,0.5186481481481482,0.5168666666666667,1.0,1.0,0.14472620768917066,0.14472620768917066,True
bp_fs200_signed,/home/test/bupt_hjk/sdp_dataset/xrf55/wifi/01_09_06.npy,1000,float64,0.0,0.5124222222222222,0.5124222222222222,0.5121555555555556,1.0,1.0,0.14214214214214213,0.14214214214214213,True
bp_fs200_signed,/home/test/bupt_hjk/sdp_dataset/xrf55/wifi/01_09_07.npy,1000,float64,0.0,0.49214814814814817,0.49214814814814817,0.4930888888888889,1.0,1.0,0.11996440885329775,0.11996440885329775,True
bp_fs200_signed,/home/test/bupt_hjk/sdp_dataset/xrf55/wifi/01_09_08.npy,1000,float64,0.0,0.5045592592592593,0.5045592592592593,0.5042814814814814,1.0,1.0,0.11323916509101695,0.11323916509101695,True
bp_fs200_signed,/home/test/bupt_hjk/sdp_dataset/xrf55/wifi/01_09_09.npy,1000,float64,0.0,0.5050333333333333,0.5050333333333333,0.5052592592592593,1.0,1.0,0.12558855151447745,0.12558855151447745,True
bp_fs200_signed,/home/test/bupt_hjk/sdp_dataset/xrf55/wifi/01_09_10.npy,1000,float64,0.0,0.499337037037037,0.499337037037037,0.49962962962962965,1.0,1.0,0.13702591480369258,0.13702591480369258,True
bp_fs200_signed,/home/test/bupt_hjk/sdp_dataset/xrf55/wifi/01_09_11.npy,1000,float64,0.0,0.5212407407407408,0.5212407407407408,0.5207925925925926,1.0,1.0,0.139713787861936,0.139713787861936,True
bp_fs200_signed,/home/test/bupt_hjk/sdp_dataset/xrf55/wifi/01_09_12.npy,1000,float64,0.0,0.5081185185185185,0.5081185185185185,0.5074074074074074,1.0,1.0,0.12942942942942942,0.12942942942942942,True
bp_fs200_signed,/home/test/bupt_hjk/sdp_dataset/xrf55/wifi/01_09_13.npy,1000,float64,0.0,0.4861666666666667,0.4861666666666667,0.48602222222222224,1.0,1.0,0.13315908501093687,0.13315908501093687,True
bp_fs200_signed,/home/test/bupt_hjk/sdp_dataset/xrf55/wifi/01_09_14.npy,1000,float64,0.0,0.520962962962963,0.520962962962963,0.5198888888888888,1.0,1.0,0.13905016127238348,0.13905016127238348,True
bp_fs200_signed,/home/test/bupt_hjk/sdp_dataset/xrf55/wifi/01_09_15.npy,1000,float64,0.0,0.4907222222222222,0.4907222222222222,0.4917185185185185,1.0,1.0,0.1289029770511252,0.1289029770511252,True
bp_fs200_signed,/home/test/bupt_hjk/sdp_dataset/xrf55/wifi/01_09_16.npy,1000,float64,0.0,0.5007037037037037,0.5007037037037037,0.5021111111111111,1.0,1.0,0.1290586883179476,0.1290586883179476,True
bp_fs200_signed,/home/test/bupt_hjk/sdp_dataset/xrf55/wifi/01_09_17.npy,1000,float64,0.0,0.49445925925925927,0.49445925925925927,0.4957925925925926,1.0,1.0,0.12636340043747452,0.12636340043747452,True
bp_fs200_signed,/home/test/bupt_hjk/sdp_dataset/xrf55/wifi/01_09_18.npy,1000,float64,0.0,0.49820740740740743,0.49820740740740743,0.4990222222222222,1.0,1.0,0.13169465762058355,0.13169465762058355,True
bp_fs200_signed,/home/test/bupt_hjk/sdp_dataset/xrf55/wifi/01_09_19.npy,1000,float64,0.0,0.5002777777777778,0.5002777777777778,0.49854074074074073,1.0,1.0,0.12514736959181402,0.12514736959181402,True
bp_fs200_signed,/home/test/bupt_hjk/sdp_dataset/xrf55/wifi/01_09_20.npy,1000,float64,0.0,0.49583333333333335,0.49583333333333335,0.49517037037037037,1.0,1.0,0.12118043969895821,0.12118043969895821,True
bp_fs200_signed,/home/test/bupt_hjk/sdp_dataset/xrf55/wifi/01_10_01.npy,1000,float64,0.0,0.5033851851851852,0.5033851851851852,0.5049703703703704,1.0,1.0,0.13962110258406554,0.13962110258406554,True
bp_fs200_signed,/home/test/bupt_hjk/sdp_dataset/xrf55/wifi/01_10_02.npy,1000,float64,0.0,0.5111888888888889,0.5111888888888889,0.5121851851851852,1.0,1.0,0.1552218885552219,0.1552218885552219,True
bp_fs200_signed,/home/test/bupt_hjk/sdp_dataset/xrf55/wifi/01_10_03.npy,1000,float64,0.0,0.49899629629629627,0.49899629629629627,0.4977185185185185,1.0,1.0,0.1528417306195084,0.1528417306195084,True
bp_fs200_signed,/home/test/bupt_hjk/sdp_dataset/xrf55/wifi/01_10_04.npy,1000,float64,0.0,0.5117925925925926,0.5117925925925926,0.5129777777777778,1.0,1.0,0.13179105030956884,0.13179105030956884,True
bp_fs200_signed,/home/test/bupt_hjk/sdp_dataset/xrf55/wifi/01_10_05.npy,1000,float64,0.0,0.4998740740740741,0.4998740740740741,0.5000296296296296,1.0,1.0,0.13381900418937456,0.13381900418937456,True
bp_fs200_signed,/home/test/bupt_hjk/sdp_dataset/xrf55/wifi/01_10_06.npy,1000,float64,0.0,0.4963740740740741,0.4963740740740741,0.498,1.0,1.0,0.15273792310829348,0.15273792310829348,True
bp_fs200_signed,/home/test/bupt_hjk/sdp_dataset/xrf55/wifi/01_10_07.npy,1000,float64,0.0,0.5153666666666666,0.5153666666666666,0.5161925925925926,1.0,1.0,0.167334000667334,0.167334000667334,True
bp_fs200_signed,/home/test/bupt_hjk/sdp_dataset/xrf55/wifi/01_10_08.npy,1000,float64,0.0,0.49035185185185187,0.49035185185185187,0.49031851851851854,1.0,1.0,0.1573907240573907,0.1573907240573907,True
bp_fs200_signed,/home/test/bupt_hjk/sdp_dataset/xrf55/wifi/01_10_09.npy,1000,float64,0.0,0.4959851851851852,0.4959851851851852,0.4961333333333333,1.0,1.0,0.16581766952137322,0.16581766952137322,True
bp_fs200_signed,/home/test/bupt_hjk/sdp_dataset/xrf55/wifi/01_10_10.npy,1000,float64,0.0,0.49855925925925926,0.49855925925925926,0.49855555555555553,1.0,1.0,0.14260556853149445,0.14260556853149445,True
bp_fs200_signed,/home/test/bupt_hjk/sdp_dataset/xrf55/wifi/01_10_11.npy,1000,float64,0.0,0.5050851851851852,0.5050851851851852,0.5056296296296297,1.0,1.0,0.1350127905683461,0.1350127905683461,True
bp_fs200_signed,/home/test/bupt_hjk/sdp_dataset/xrf55/wifi/01_10_12.npy,1000,float64,0.0,0.5019148148148148,0.5019148148148148,0.5016814814814815,1.0,1.0,0.12307492677863048,0.12307492677863048,True
bp_fs200_signed,/home/test/bupt_hjk/sdp_dataset/xrf55/wifi/01_10_13.npy,1000,float64,0.0,0.5027962962962963,0.5027962962962963,0.5033555555555556,1.0,1.0,0.1497200904608312,0.1497200904608312,True
bp_fs200_signed,/home/test/bupt_hjk/sdp_dataset/xrf55/wifi/01_10_14.npy,1000,float64,0.0,0.5064148148148148,0.5064148148148148,0.5071407407407408,1.0,1.0,0.1302858413969525,0.1302858413969525,True
bp_fs200_signed,/home/test/bupt_hjk/sdp_dataset/xrf55/wifi/01_10_15.npy,1000,float64,0.0,0.5009962962962963,0.5009962962962963,0.5016518518518519,1.0,1.0,0.18381715048381714,0.18381715048381714,True
bp_fs200_signed,/home/test/bupt_hjk/sdp_dataset/xrf55/wifi/01_10_16.npy,1000,float64,0.0,0.4994777777777778,0.4994777777777778,0.5002592592592593,1.0,1.0,0.14424053683312943,0.14424053683312943,True
bp_fs200_signed,/home/test/bupt_hjk/sdp_dataset/xrf55/wifi/01_10_17.npy,1000,float64,0.0,0.4981148148148148,0.4981148148148148,0.49802962962962966,1.0,1.0,0.13472361250139028,0.13472361250139028,True
bp_fs200_signed,/home/test/bupt_hjk/sdp_dataset/xrf55/wifi/01_10_18.npy,1000,float64,0.0,0.5091,0.5091,0.5085703703703703,1.0,1.0,0.13882400919437957,0.13882400919437957,True
bp_fs200_signed,/home/test/bupt_hjk/sdp_dataset/xrf55/wifi/01_10_19.npy,1000,float64,0.0,0.5158851851851852,0.5158851851851852,0.5164592592592593,1.0,1.0,0.1480628776925073,0.1480628776925073,True
bp_fs200_signed,/home/test/bupt_hjk/sdp_dataset/xrf55/wifi/01_10_20.npy,1000,float64,0.0,0.5094444444444445,0.5094444444444445,0.5092740740740741,1.0,1.0,0.12571460349238128,0.12571460349238128,True
bp_fs200_signed,/home/test/bupt_hjk/sdp_dataset/xrf55/wifi/01_11_01.npy,1000,float64,0.0,0.49732592592592595,0.49732592592592595,0.4988222222222222,1.0,1.0,0.13670707744781818,0.13670707744781818,True
bp_fs200_signed,/home/test/bupt_hjk/sdp_dataset/xrf55/wifi/01_11_02.npy,1000,float64,0.0,0.4869777777777778,0.4869777777777778,0.4872222222222222,1.0,1.0,0.1390538686834983,0.1390538686834983,True
bp_fs200_signed,/home/test/bupt_hjk/sdp_dataset/xrf55/wifi/01_11_03.npy,1000,float64,0.0,0.4937259259259259,0.4937259259259259,0.4957111111111111,1.0,1.0,0.14433692952211472,0.14433692952211472,True
bp_fs200_signed,/home/test/bupt_hjk/sdp_dataset/xrf55/wifi/01_11_04.npy,1000,float64,0.0,0.5003925925925926,0.5003925925925926,0.5003037037037037,1.0,1.0,0.13075297519741963,0.13075297519741963,True
bp_fs200_signed,/home/test/bupt_hjk/sdp_dataset/xrf55/wifi/01_11_05.npy,1000,float64,0.0,0.49778518518518516,0.49778518518518516,0.4990148148148148,1.0,1.0,0.1404923441960479,0.1404923441960479,True
bp_fs200_signed,/home/test/bupt_hjk/sdp_dataset/xrf55/wifi/01_11_06.npy,1000,float64,0.0,0.5156555555555555,0.5156555555555555,0.5161259259259259,1.0,1.0,0.15398732065398732,0.15398732065398732,True
bp_fs200_signed,/home/test/bupt_hjk/sdp_dataset/xrf55/wifi/01_11_07.npy,1000,float64,0.0,0.5055333333333333,0.5055333333333333,0.5048074074074074,1.0,1.0,0.17264672079486895,0.17264672079486895,True
bp_fs200_signed,/home/test/bupt_hjk/sdp_dataset/xrf55/wifi/01_11_08.npy,1000,float64,0.0,0.502537037037037,0.502537037037037,0.5014888888888889,1.0,1.0,0.17599451303155006,0.17599451303155006,True
bp_fs200_signed,/home/test/bupt_hjk/sdp_dataset/xrf55/wifi/01_11_09.npy,1000,float64,0.0,0.4797037037037037,0.4797037037037037,0.4794148148148148,1.0,1.0,0.15035776517257998,0.15035776517257998,True
bp_fs200_signed,/home/test/bupt_hjk/sdp_dataset/xrf55/wifi/01_11_10.npy,1000,float64,0.0,0.49901851851851853,0.49901851851851853,0.4976148148148148,1.0,1.0,0.14353983613242874,0.14353983613242874,True
bp_fs200_signed,/home/test/bupt_hjk/sdp_dataset/xrf55/wifi/01_11_11.npy,1000,float64,0.0,0.514225925925926,0.514225925925926,0.5142740740740741,1.0,1.0,0.11284617951284617,0.11284617951284617,True
bp_fs200_signed,/home/test/bupt_hjk/sdp_dataset/xrf55/wifi/01_11_12.npy,1000,float64,0.0,0.5091222222222223,0.5091222222222223,0.508637037037037,1.0,1.0,0.12073925777629481,0.12073925777629481,True
bp_fs200_signed,/home/test/bupt_hjk/sdp_dataset/xrf55/wifi/01_11_13.npy,1000,float64,0.0,0.48301481481481484,0.48301481481481484,0.48443703703703705,1.0,1.0,0.10963185407629852,0.10963185407629852,True
bp_fs200_signed,/home/test/bupt_hjk/sdp_dataset/xrf55/wifi/01_11_14.npy,1000,float64,0.0,0.5156407407407407,0.5156407407407407,0.514762962962963,1.0,1.0,0.11280169057946836,0.11280169057946836,True
bp_fs200_signed,/home/test/bupt_hjk/sdp_dataset/xrf55/wifi/01_11_15.npy,1000,float64,0.0,0.4898925925925926,0.4898925925925926,0.49132592592592594,1.0,1.0,0.11276832387943499,0.11276832387943499,True
bp_fs200_signed,/home/test/bupt_hjk/sdp_dataset/xrf55/wifi/01_11_16.npy,1000,float64,0.0,0.4986481481481482,0.4986481481481482,0.4997333333333333,1.0,1.0,0.13658102546991435,0.13658102546991435,True
bp_fs200_signed,/home/test/bupt_hjk/sdp_dataset/xrf55/wifi/01_11_17.npy,1000,float64,0.0,0.5012296296296296,0.5012296296296296,0.502874074074074,1.0,1.0,0.16552107663218774,0.16552107663218774,True
bp_fs200_signed,/home/test/bupt_hjk/sdp_dataset/xrf55/wifi/01_11_18.npy,1000,float64,0.0,0.49904074074074073,0.49904074074074073,0.5001037037037037,1.0,1.0,0.12698995291587883,0.12698995291587883,True
bp_fs200_signed,/home/test/bupt_hjk/sdp_dataset/xrf55/wifi/01_11_19.npy,1000,float64,0.0,0.5032740740740741,0.5032740740740741,0.5040666666666667,1.0,1.0,0.14780335891447002,0.14780335891447002,True
bp_fs200_signed,/home/test/bupt_hjk/sdp_dataset/xrf55/wifi/01_11_20.npy,1000,float64,0.0,0.4914296296296296,0.4914296296296296,0.4927111111111111,1.0,1.0,0.12314907500092685,0.12314907500092685,True
bp_fs200_signed,/home/test/bupt_hjk/sdp_dataset/xrf55/wifi/01_12_01.npy,1000,float64,0.0,0.5037222222222222,0.5037222222222222,0.5032814814814814,1.0,1.0,0.15304934564193823,0.15304934564193823,True
bp_fs200_signed,/home/test/bupt_hjk/sdp_dataset/xrf55/wifi/01_12_02.npy,1000,float64,0.0,0.5138,0.5138,0.5133111111111112,1.0,1.0,0.17470804137470805,0.17470804137470805,True
bp_fs200_signed,/home/test/bupt_hjk/sdp_dataset/xrf55/wifi/01_12_03.npy,1000,float64,0.0,0.5098518518518519,0.5098518518518519,0.5091407407407408,1.0,1.0,0.1608274941608275,0.1608274941608275,True
bp_fs200_signed,/home/test/bupt_hjk/sdp_dataset/xrf55/wifi/01_12_04.npy,1000,float64,0.0,0.5075518518518518,0.5075518518518518,0.5085111111111111,1.0,1.0,0.15054684313943573,0.15054684313943573,True
bp_fs200_signed,/home/test/bupt_hjk/sdp_dataset/xrf55/wifi/01_12_05.npy,1000,float64,0.0,0.5083407407407408,0.5083407407407408,0.5092074074074074,1.0,1.0,0.16830534237941647,0.16830534237941647,True
bp_fs200_signed,/home/test/bupt_hjk/sdp_dataset/xrf55/wifi/01_12_06.npy,1000,float64,0.0,0.5029333333333333,0.5029333333333333,0.5030814814814815,1.0,1.0,0.16073851629407185,0.16073851629407185,True
bp_fs200_signed,/home/test/bupt_hjk/sdp_dataset/xrf55/wifi/01_12_07.npy,1000,float64,0.0,0.5141111111111111,0.5141111111111111,0.5151777777777777,1.0,1.0,0.16100174248322396,0.16100174248322396,True
bp_fs200_signed,/home/test/bupt_hjk/sdp_dataset/xrf55/wifi/01_12_08.npy,1000,float64,0.0,0.5077111111111111,0.5077111111111111,0.5084888888888889,1.0,1.0,0.1588477366255144,0.1588477366255144,True
bp_fs200_signed,/home/test/bupt_hjk/sdp_dataset/xrf55/wifi/01_12_09.npy,1000,float64,0.0,0.5129222222222222,0.5129222222222222,0.5125259259259259,1.0,1.0,0.1587290994698402,0.1587290994698402,True
bp_fs200_signed,/home/test/bupt_hjk/sdp_dataset/xrf55/wifi/01_12_10.npy,1000,float64,0.0,0.5028296296296296,0.5028296296296296,0.5010740740740741,1.0,1.0,0.171215660104549,0.171215660104549,True
bp_fs200_signed,/home/test/bupt_hjk/sdp_dataset/xrf55/wifi/01_12_11.npy,1000,float64,0.0,0.5105925925925926,0.5105925925925926,0.5103333333333333,1.0,1.0,0.14400696993289586,0.14400696993289586,True
bp_fs200_signed,/home/test/bupt_hjk/sdp_dataset/xrf55/wifi/01_12_12.npy,1000,float64,0.0,0.5115851851851851,0.5115851851851851,0.5117111111111111,1.0,1.0,0.15259333407481557,0.15259333407481557,True
bp_fs200_signed,/home/test/bupt_hjk/sdp_dataset/xrf55/wifi/01_12_13.npy,1000,float64,0.0,0.4971185185185185,0.4971185185185185,0.4976814814814815,1.0,1.0,0.1571237904571238,0.1571237904571238,True
bp_fs200_signed,/home/test/bupt_hjk/sdp_dataset/xrf55/wifi/01_12_14.npy,1000,float64,0.0,0.49713703703703704,0.49713703703703704,0.4972,1.0,1.0,0.15393541689837986,0.15393541689837986,True
bp_fs200_signed,/home/test/bupt_hjk/sdp_dataset/xrf55/wifi/01_12_15.npy,1000,float64,0.0,0.5024111111111111,0.5024111111111111,0.5023481481481481,1.0,1.0,0.15195565936306676,0.15195565936306676,True
bp_fs200_signed,/home/test/bupt_hjk/sdp_dataset/xrf55/wifi/01_12_16.npy,1000,float64,0.0,0.4971037037037037,0.4971037037037037,0.4964222222222222,1.0,1.0,0.14025877729581435,0.14025877729581435,True
bp_fs200_signed,/home/test/bupt_hjk/sdp_dataset/xrf55/wifi/01_12_17.npy,1000,float64,0.0,0.5026,0.5026,0.5039407407407407,1.0,1.0,0.1622919215511808,0.1622919215511808,True
bp_fs200_signed,/home/test/bupt_hjk/sdp_dataset/xrf55/wifi/01_12_18.npy,1000,float64,0.0,0.5099074074074074,0.5099074074074074,0.5102148148148148,1.0,1.0,0.14198643087531976,0.14198643087531976,True
bp_fs200_signed,/home/test/bupt_hjk/sdp_dataset/xrf55/wifi/01_12_19.npy,1000,float64,0.0,0.4918518518518519,0.4918518518518519,0.4935703703703704,1.0,1.0,0.14828902977051125,0.14828902977051125,True
bp_fs200_signed,/home/test/bupt_hjk/sdp_dataset/xrf55/wifi/01_12_20.npy,1000,float64,0.0,0.4991037037037037,0.4991037037037037,0.5000888888888889,1.0,1.0,0.16494642790939087,0.16494642790939087,True
bp_fs200_signed,/home/test/bupt_hjk/sdp_dataset/xrf55/wifi/01_13_01.npy,1000,float64,0.0,0.5037074074074074,0.5037074074074074,0.5042592592592593,1.0,1.0,0.1186334482630779,0.1186334482630779,True
bp_fs200_signed,/home/test/bupt_hjk/sdp_dataset/xrf55/wifi/01_13_02.npy,1000,float64,0.0,0.5066259259259259,0.5066259259259259,0.5068518518518519,1.0,1.0,0.1390316242168094,0.1390316242168094,True
bp_fs200_signed,/home/test/bupt_hjk/sdp_dataset/xrf55/wifi/01_13_03.npy,1000,float64,0.0,0.5213037037037037,0.5213037037037037,0.5214148148148148,1.0,1.0,0.15795425054684314,0.15795425054684314,True
bp_fs200_signed,/home/test/bupt_hjk/sdp_dataset/xrf55/wifi/01_13_04.npy,1000,float64,0.0,0.5259777777777778,0.5259777777777778,0.5267925925925926,1.0,1.0,0.13262151039928818,0.13262151039928818,True
bp_fs200_signed,/home/test/bupt_hjk/sdp_dataset/xrf55/wifi/01_13_05.npy,1000,float64,0.0,0.5243814814814814,0.5243814814814814,0.5247925925925926,1.0,1.0,0.1197567938308679,0.1197567938308679,True
bp_fs200_signed,/home/test/bupt_hjk/sdp_dataset/xrf55/wifi/01_13_06.npy,1000,float64,0.0,0.5293037037037037,0.5293037037037037,0.5296,1.0,1.0,0.14252771289808328,0.14252771289808328,True
bp_fs200_signed,/home/test/bupt_hjk/sdp_dataset/xrf55/wifi/01_13_07.npy,1000,float64,0.0,0.49903703703703706,0.49903703703703706,0.4983037037037037,1.0,1.0,0.1221591962332703,0.1221591962332703,True
bp_fs200_signed,/home/test/bupt_hjk/sdp_dataset/xrf55/wifi/01_13_08.npy,1000,float64,0.0,0.5213703703703704,0.5213703703703704,0.5231037037037037,1.0,1.0,0.12970748526304082,0.12970748526304082,True
bp_fs200_signed,/home/test/bupt_hjk/sdp_dataset/xrf55/wifi/01_13_09.npy,1000,float64,0.0,0.5045074074074074,0.5045074074074074,0.5053407407407408,1.0,1.0,0.11601972342713084,0.11601972342713084,True
bp_fs200_signed,/home/test/bupt_hjk/sdp_dataset/xrf55/wifi/01_13_10.npy,1000,float64,0.0,0.5211481481481481,0.5211481481481481,0.5206148148148149,1.0,1.0,0.11307603900196493,0.11307603900196493,True
bp_fs200_signed,/home/test/bupt_hjk/sdp_dataset/xrf55/wifi/01_13_11.npy,1000,float64,0.0,0.5048851851851852,0.5048851851851852,0.504674074074074,1.0,1.0,0.11262002743484224,0.11262002743484224,True
bp_fs200_signed,/home/test/bupt_hjk/sdp_dataset/xrf55/wifi/01_13_12.npy,1000,float64,0.0,0.5034148148148148,0.5034148148148148,0.5014296296296297,1.0,1.0,0.10669929188447708,0.10669929188447708,True
bp_fs200_signed,/home/test/bupt_hjk/sdp_dataset/xrf55/wifi/01_13_13.npy,1000,float64,0.0,0.5080481481481481,0.5080481481481481,0.5079185185185185,1.0,1.0,0.11853705557409261,0.11853705557409261,True
bp_fs200_signed,/home/test/bupt_hjk/sdp_dataset/xrf55/wifi/01_13_14.npy,1000,float64,0.0,0.5126592592592593,0.5126592592592593,0.5126074074074074,1.0,1.0,0.12674897119341563,0.12674897119341563,True
bp_fs200_signed,/home/test/bupt_hjk/sdp_dataset/xrf55/wifi/01_13_15.npy,1000,float64,0.0,0.5089925925925926,0.5089925925925926,0.508962962962963,1.0,1.0,0.1257776294813332,0.1257776294813332,True
bp_fs200_signed,/home/test/bupt_hjk/sdp_dataset/xrf55/wifi/01_13_16.npy,1000,float64,0.0,0.5173185185185185,0.5173185185185185,0.517562962962963,1.0,1.0,0.1106476847217588,0.1106476847217588,True
bp_fs200_signed,/home/test/bupt_hjk/sdp_dataset/xrf55/wifi/01_13_17.npy,1000,float64,0.0,0.5039925925925925,0.5039925925925925,0.5039703703703704,1.0,1.0,0.1139287435583732,0.1139287435583732,True
bp_fs200_signed,/home/test/bupt_hjk/sdp_dataset/xrf55/wifi/01_13_18.npy,1000,float64,0.0,0.5059185185185185,0.5059185185185185,0.5062666666666666,1.0,1.0,0.10723686649612575,0.10723686649612575,True
bp_fs200_signed,/home/test/bupt_hjk/sdp_dataset/xrf55/wifi/01_13_19.npy,1000,float64,0.0,0.49135555555555555,0.49135555555555555,0.4915925925925926,1.0,1.0,0.1070848626404182,0.1070848626404182,True
bp_fs200_signed,/home/test/bupt_hjk/sdp_dataset/xrf55/wifi/01_13_20.npy,1000,float64,0.0,0.5155481481481482,0.5155481481481482,0.5156296296296297,1.0,1.0,0.11785118451785119,0.11785118451785119,True
bp_fs200_signed,/home/test/bupt_hjk/sdp_dataset/xrf55/wifi/01_14_01.npy,1000,float64,0.0,0.5020888888888889,0.5020888888888889,0.5032592592592593,1.0,1.0,0.12353093834575316,0.12353093834575316,True
bp_fs200_signed,/home/test/bupt_hjk/sdp_dataset/xrf55/wifi/01_14_02.npy,1000,float64,0.0,0.49,0.49,0.49215555555555557,1.0,1.0,0.12346420494568643,0.12346420494568643,True
bp_fs200_signed,/home/test/bupt_hjk/sdp_dataset/xrf55/wifi/01_14_03.npy,1000,float64,0.0,0.5134962962962963,0.5134962962962963,0.5152444444444444,1.0,1.0,0.11319467615763912,0.11319467615763912,True
bp_fs200_signed,/home/test/bupt_hjk/sdp_dataset/xrf55/wifi/01_14_04.npy,1000,float64,0.0,0.498162962962963,0.498162962962963,0.4972,1.0,1.0,0.13385237088940793,0.13385237088940793,True
bp_fs200_signed,/home/test/bupt_hjk/sdp_dataset/xrf55/wifi/01_14_05.npy,1000,float64,0.0,0.4996074074074074,0.4996074074074074,0.4999111111111111,1.0,1.0,0.15578912245578913,0.15578912245578913,True
bp_fs200_signed,/home/test/bupt_hjk/sdp_dataset/xrf55/wifi/01_14_06.npy,1000,float64,0.0,0.5005,0.5005,0.5015185185185185,1.0,1.0,0.15395766136506878,0.15395766136506878,True
bp_fs200_signed,/home/test/bupt_hjk/sdp_dataset/xrf55/wifi/01_14_07.npy,1000,float64,0.0,0.49820740740740743,0.49820740740740743,0.4983851851851852,1.0,1.0,0.1626515404293182,0.1626515404293182,True
bp_fs200_signed,/home/test/bupt_hjk/sdp_dataset/xrf55/wifi/01_14_08.npy,1000,float64,0.0,0.5094111111111111,0.5094111111111111,0.5100444444444444,1.0,1.0,0.1666110554999444,0.1666110554999444,True
bp_fs200_signed,/home/test/bupt_hjk/sdp_dataset/xrf55/wifi/01_14_09.npy,1000,float64,0.0,0.4894222222222222,0.4894222222222222,0.4894,1.0,1.0,0.1598079561042524,0.1598079561042524,True
bp_fs200_signed,/home/test/bupt_hjk/sdp_dataset/xrf55/wifi/01_14_10.npy,1000,float64,0.0,0.5027074074074074,0.5027074074074074,0.5027333333333334,1.0,1.0,0.1493196900604308,0.1493196900604308,True
bp_fs200_signed,/home/test/bupt_hjk/sdp_dataset/xrf55/wifi/01_14_11.npy,1000,float64,0.0,0.507637037037037,0.507637037037037,0.5076666666666667,1.0,1.0,0.13957661365068771,0.13957661365068771,True
bp_fs200_signed,/home/test/bupt_hjk/sdp_dataset/xrf55/wifi/01_14_12.npy,1000,float64,0.0,0.5160037037037037,0.5160037037037037,0.5172222222222222,1.0,1.0,0.1601082564045527,0.1601082564045527,True
bp_fs200_signed,/home/test/bupt_hjk/sdp_dataset/xrf55/wifi/01_14_13.npy,1000,float64,0.0,0.5084740740740741,0.5084740740740741,0.5098148148148148,1.0,1.0,0.1403514625736848,0.1403514625736848,True
bp_fs200_signed,/home/test/bupt_hjk/sdp_dataset/xrf55/wifi/01_14_14.npy,1000,float64,0.0,0.5088888888888888,0.5088888888888888,0.5084,1.0,1.0,0.1465354243132021,0.1465354243132021,True
bp_fs200_signed,/home/test/bupt_hjk/sdp_dataset/xrf55/wifi/01_14_15.npy,1000,float64,0.0,0.5066296296296297,0.5066296296296297,0.5080444444444444,1.0,1.0,0.14164164164164164,0.14164164164164164,True
bp_fs200_signed,/home/test/bupt_hjk/sdp_dataset/xrf55/wifi/01_14_16.npy,1000,float64,0.0,0.5131962962962963,0.5131962962962963,0.5145925925925926,1.0,1.0,0.15346457568679792,0.15346457568679792,True
bp_fs200_signed,/home/test/bupt_hjk/sdp_dataset/xrf55/wifi/01_14_17.npy,1000,float64,0.0,0.48915185185185184,0.48915185185185184,0.4928296296296296,1.0,1.0,0.1485967448930412,0.1485967448930412,True
bp_fs200_signed,/home/test/bupt_hjk/sdp_dataset/xrf55/wifi/01_14_18.npy,1000,float64,0.0,0.49791111111111114,0.49791111111111114,0.49666666666666665,1.0,1.0,0.15415786156526898,0.15415786156526898,True
bp_fs200_signed,/home/test/bupt_hjk/sdp_dataset/xrf55/wifi/01_14_19.npy,1000,float64,0.0,0.4927037037037037,0.4927037037037037,0.49363703703703704,1.0,1.0,0.1532050569087606,0.1532050569087606,True
bp_fs200_signed,/home/test/bupt_hjk/sdp_dataset/xrf55/wifi/01_14_20.npy,1000,float64,0.0,0.5056037037037037,0.5056037037037037,0.505962962962963,1.0,1.0,0.15120305490675862,0.15120305490675862,True
bp_fs200_signed,/home/test/bupt_hjk/sdp_dataset/xrf55/wifi/01_15_01.npy,1000,float64,0.0,0.5043592592592593,0.5043592592592593,0.5035407407407407,1.0,1.0,0.13982130278426574,0.13982130278426574,True
bp_fs200_signed,/home/test/bupt_hjk/sdp_dataset/xrf55/wifi/01_15_02.npy,1000,float64,0.0,0.5113888888888889,0.5113888888888889,0.5111555555555556,1.0,1.0,0.14310606903199496,0.14310606903199496,True
bp_fs200_signed,/home/test/bupt_hjk/sdp_dataset/xrf55/wifi/01_15_03.npy,1000,float64,0.0,0.5031777777777777,0.5031777777777777,0.5030074074074075,1.0,1.0,0.15009083157231307,0.15009083157231307,True
bp_fs200_signed,/home/test/bupt_hjk/sdp_dataset/xrf55/wifi/01_15_04.npy,1000,float64,0.0,0.4905925925925926,0.4905925925925926,0.49034074074074074,1.0,1.0,0.1412894375857339,0.1412894375857339,True
bp_fs200_signed,/home/test/bupt_hjk/sdp_dataset/xrf55/wifi/01_15_05.npy,1000,float64,0.0,0.5085703703703703,0.5085703703703703,0.5060074074074075,1.0,1.0,0.14890446001557112,0.14890446001557112,True
bp_fs200_signed,/home/test/bupt_hjk/sdp_dataset/xrf55/wifi/01_15_06.npy,1000,float64,0.0,0.49744444444444447,0.49744444444444447,0.4984,1.0,1.0,0.13689986282578875,0.13689986282578875,True
bp_fs200_signed,/home/test/bupt_hjk/sdp_dataset/xrf55/wifi/01_15_07.npy,1000,float64,0.0,0.5038592592592592,0.5038592592592592,0.5031851851851852,1.0,1.0,0.13536870203536872,0.13536870203536872,True
bp_fs200_signed,/home/test/bupt_hjk/sdp_dataset/xrf55/wifi/01_15_08.npy,1000,float64,0.0,0.5085296296296297,0.5085296296296297,0.5075777777777778,1.0,1.0,0.1309457605753902,0.1309457605753902,True
bp_fs200_signed,/home/test/bupt_hjk/sdp_dataset/xrf55/wifi/01_15_09.npy,1000,float64,0.0,0.49812222222222224,0.49812222222222224,0.49904444444444446,1.0,1.0,0.13163904645386126,0.13163904645386126,True
bp_fs200_signed,/home/test/bupt_hjk/sdp_dataset/xrf55/wifi/01_15_10.npy,1000,float64,0.0,0.4966074074074074,0.4966074074074074,0.4969851851851852,1.0,1.0,0.1296222148074,0.1296222148074,True
bp_fs200_signed,/home/test/bupt_hjk/sdp_dataset/xrf55/wifi/01_15_11.npy,1000,float64,0.0,0.5079962962962963,0.5079962962962963,0.5072,1.0,1.0,0.11946020094168243,0.11946020094168243,True
bp_fs200_signed,/home/test/bupt_hjk/sdp_dataset/xrf55/wifi/01_15_12.npy,1000,float64,0.0,0.5080185185185185,0.5080185185185185,0.5075259259259259,1.0,1.0,0.12793905016127238,0.12793905016127238,True
bp_fs200_signed,/home/test/bupt_hjk/sdp_dataset/xrf55/wifi/01_15_13.npy,1000,float64,0.0,0.5078,0.5078,0.5085851851851851,1.0,1.0,0.14346568791013237,0.14346568791013237,True
bp_fs200_signed,/home/test/bupt_hjk/sdp_dataset/xrf55/wifi/01_15_14.npy,1000,float64,0.0,0.5113407407407408,0.5113407407407408,0.5111777777777777,1.0,1.0,0.13649946242538835,0.13649946242538835,True
bp_fs200_signed,/home/test/bupt_hjk/sdp_dataset/xrf55/wifi/01_15_15.npy,1000,float64,0.0,0.5023518518518518,0.5023518518518518,0.5045037037037037,1.0,1.0,0.14184184184184184,0.14184184184184184,True
bp_fs200_signed,/home/test/bupt_hjk/sdp_dataset/xrf55/wifi/01_15_16.npy,1000,float64,0.0,0.5051407407407408,0.5051407407407408,0.5052222222222222,1.0,1.0,0.13330738145552962,0.13330738145552962,True
bp_fs200_signed,/home/test/bupt_hjk/sdp_dataset/xrf55/wifi/01_15_17.npy,1000,float64,0.0,0.5112592592592593,0.5112592592592593,0.5088074074074074,1.0,1.0,0.1360323286249212,0.1360323286249212,True
bp_fs200_signed,/home/test/bupt_hjk/sdp_dataset/xrf55/wifi/01_15_18.npy,1000,float64,0.0,0.5179148148148148,0.5179148148148148,0.5187777777777778,1.0,1.0,0.1397508619730842,0.1397508619730842,True
bp_fs200_signed,/home/test/bupt_hjk/sdp_dataset/xrf55/wifi/01_15_19.npy,1000,float64,0.0,0.5143592592592593,0.5143592592592593,0.5145777777777778,1.0,1.0,0.14068142216290364,0.14068142216290364,True
bp_fs200_signed,/home/test/bupt_hjk/sdp_dataset/xrf55/wifi/01_15_20.npy,1000,float64,0.0,0.5138111111111111,0.5138111111111111,0.5130740740740741,1.0,1.0,0.14256107959811665,0.14256107959811665,True
bp_fs200_signed,/home/test/bupt_hjk/sdp_dataset/xrf55/wifi/01_16_01.npy,1000,float64,0.0,0.5001,0.5001,0.5005481481481482,1.0,1.0,0.16962888814740668,0.16962888814740668,True
bp_fs200_signed,/home/test/bupt_hjk/sdp_dataset/xrf55/wifi/01_16_02.npy,1000,float64,0.0,0.5018,0.5018,0.503237037037037,1.0,1.0,0.18910021132243354,0.18910021132243354,True
bp_fs200_signed,/home/test/bupt_hjk/sdp_dataset/xrf55/wifi/01_16_03.npy,1000,float64,0.0,0.4919777777777778,0.4919777777777778,0.49114814814814817,1.0,1.0,0.18720201683164647,0.18720201683164647,True
bp_fs200_signed,/home/test/bupt_hjk/sdp_dataset/xrf55/wifi/01_16_04.npy,1000,float64,0.0,0.5010851851851852,0.5010851851851852,0.5041185185185185,1.0,1.0,0.17853408964520076,0.17853408964520076,True
bp_fs200_signed,/home/test/bupt_hjk/sdp_dataset/xrf55/wifi/01_16_05.npy,1000,float64,0.0,0.5037777777777778,0.5037777777777778,0.5043111111111112,1.0,1.0,0.17716976235494755,0.17716976235494755,True
bp_fs200_signed,/home/test/bupt_hjk/sdp_dataset/xrf55/wifi/01_16_06.npy,1000,float64,0.0,0.488337037037037,0.488337037037037,0.4889777777777778,1.0,1.0,0.1900752604456308,0.1900752604456308,True
bp_fs200_signed,/home/test/bupt_hjk/sdp_dataset/xrf55/wifi/01_16_07.npy,1000,float64,0.0,0.503962962962963,0.503962962962963,0.5050592592592592,1.0,1.0,0.18121084047009972,0.18121084047009972,True
bp_fs200_signed,/home/test/bupt_hjk/sdp_dataset/xrf55/wifi/01_16_08.npy,1000,float64,0.0,0.4844259259259259,0.4844259259259259,0.4852296296296296,1.0,1.0,0.19670411151892633,0.19670411151892633,True
bp_fs200_signed,/home/test/bupt_hjk/sdp_dataset/xrf55/wifi/01_16_09.npy,1000,float64,0.0,0.5067296296296296,0.5067296296296296,0.5084888888888889,1.0,1.0,0.18108849590331072,0.18108849590331072,True
bp_fs200_signed,/home/test/bupt_hjk/sdp_dataset/xrf55/wifi/01_16_10.npy,1000,float64,0.0,0.482962962962963,0.482962962962963,0.48346666666666666,1.0,1.0,0.1785415044674304,0.1785415044674304,True
bp_fs200_signed,/home/test/bupt_hjk/sdp_dataset/xrf55/wifi/01_16_11.npy,1000,float64,0.0,0.5019074074074074,0.5019074074074074,0.5018222222222222,1.0,1.0,0.1673117562006451,0.1673117562006451,True
bp_fs200_signed,/home/test/bupt_hjk/sdp_dataset/xrf55/wifi/01_16_12.npy,1000,float64,0.0,0.49383333333333335,0.49383333333333335,0.4945333333333333,1.0,1.0,0.17854521187854522,0.17854521187854522,True
bp_fs200_signed,/home/test/bupt_hjk/sdp_dataset/xrf55/wifi/01_16_13.npy,1000,float64,0.0,0.49774814814814816,0.49774814814814816,0.4989037037037037,1.0,1.0,0.17315092870648427,0.17315092870648427,True
bp_fs200_signed,/home/test/bupt_hjk/sdp_dataset/xrf55/wifi/01_16_14.npy,1000,float64,0.0,0.4862592592592593,0.4862592592592593,0.4873851851851852,1.0,1.0,0.17176435694954215,0.17176435694954215,True
bp_fs200_signed,/home/test/bupt_hjk/sdp_dataset/xrf55/wifi/01_16_15.npy,1000,float64,0.0,0.5051296296296296,0.5051296296296296,0.5050592592592592,1.0,1.0,0.18127386645905164,0.18127386645905164,True
bp_fs200_signed,/home/test/bupt_hjk/sdp_dataset/xrf55/wifi/01_16_16.npy,1000,float64,0.0,0.5023555555555556,0.5023555555555556,0.5025481481481482,1.0,1.0,0.1789011233455678,0.1789011233455678,True
bp_fs200_signed,/home/test/bupt_hjk/sdp_dataset/xrf55/wifi/01_16_17.npy,1000,float64,0.0,0.5021444444444444,0.5021444444444444,0.5025703703703703,1.0,1.0,0.1795276758239721,0.1795276758239721,True
bp_fs200_signed,/home/test/bupt_hjk/sdp_dataset/xrf55/wifi/01_16_18.npy,1000,float64,0.0,0.4891740740740741,0.4891740740740741,0.4879851851851852,1.0,1.0,0.17092648203759314,0.17092648203759314,True
bp_fs200_signed,/home/test/bupt_hjk/sdp_dataset/xrf55/wifi/01_16_19.npy,1000,float64,0.0,0.4878,0.4878,0.4863037037037037,1.0,1.0,0.16946576205835465,0.16946576205835465,True
bp_fs200_signed,/home/test/bupt_hjk/sdp_dataset/xrf55/wifi/01_16_20.npy,1000,float64,0.0,0.5035814814814815,0.5035814814814815,0.5051703703703704,1.0,1.0,0.19030141252363475,0.19030141252363475,True
bp_fs200_signed,/home/test/bupt_hjk/sdp_dataset/xrf55/wifi/01_17_01.npy,1000,float64,0.0,0.49145185185185186,0.49145185185185186,0.49306666666666665,1.0,1.0,0.12751640529418307,0.12751640529418307,True
bp_fs200_signed,/home/test/bupt_hjk/sdp_dataset/xrf55/wifi/01_17_02.npy,1000,float64,0.0,0.5011074074074074,0.5011074074074074,0.5010518518518519,1.0,1.0,0.13169095020946872,0.13169095020946872,True
bp_fs200_signed,/home/test/bupt_hjk/sdp_dataset/xrf55/wifi/01_17_03.npy,1000,float64,0.0,0.5029333333333333,0.5029333333333333,0.5036666666666667,1.0,1.0,0.12729025321617915,0.12729025321617915,True
bp_fs200_signed,/home/test/bupt_hjk/sdp_dataset/xrf55/wifi/01_17_04.npy,1000,float64,0.0,0.5059962962962963,0.5059962962962963,0.5068074074074074,1.0,1.0,0.12965928891854817,0.12965928891854817,True
bp_fs200_signed,/home/test/bupt_hjk/sdp_dataset/xrf55/wifi/01_17_05.npy,1000,float64,0.0,0.4890888888888889,0.4890888888888889,0.48862962962962964,1.0,1.0,0.12886590293997702,0.12886590293997702,True
bp_fs200_signed,/home/test/bupt_hjk/sdp_dataset/xrf55/wifi/01_17_06.npy,1000,float64,0.0,0.4787222222222222,0.4787222222222222,0.4806074074074074,1.0,1.0,0.1405553701849998,0.1405553701849998,True
bp_fs200_signed,/home/test/bupt_hjk/sdp_dataset/xrf55/wifi/01_17_07.npy,1000,float64,0.0,0.49374814814814816,0.49374814814814816,0.4948666666666667,1.0,1.0,0.14590887183479775,0.14590887183479775,True
bp_fs200_signed,/home/test/bupt_hjk/sdp_dataset/xrf55/wifi/01_17_08.npy,1000,float64,0.0,0.5018370370370371,0.5018370370370371,0.5023407407407408,1.0,1.0,0.15097690282875467,0.15097690282875467,True
bp_fs200_signed,/home/test/bupt_hjk/sdp_dataset/xrf55/wifi/01_17_09.npy,1000,float64,0.0,0.4776185185185185,0.4776185185185185,0.4776518518518518,1.0,1.0,0.14674303933563193,0.14674303933563193,True
bp_fs200_signed,/home/test/bupt_hjk/sdp_dataset/xrf55/wifi/01_17_10.npy,1000,float64,0.0,0.4874703703703704,0.4874703703703704,0.48892592592592593,1.0,1.0,0.1465391317243169,0.1465391317243169,True
bp_fs200_signed,/home/test/bupt_hjk/sdp_dataset/xrf55/wifi/01_17_11.npy,1000,float64,0.0,0.5094074074074074,0.5094074074074074,0.5102296296296296,1.0,1.0,0.135628220813406,0.135628220813406,True
bp_fs200_signed,/home/test/bupt_hjk/sdp_dataset/xrf55/wifi/01_17_12.npy,1000,float64,0.0,0.5032037037037037,0.5032037037037037,0.5035185185185185,1.0,1.0,0.15076928780632484,0.15076928780632484,True
bp_fs200_signed,/home/test/bupt_hjk/sdp_dataset/xrf55/wifi/01_17_13.npy,1000,float64,0.0,0.48265555555555556,0.48265555555555556,0.48261481481481483,1.0,1.0,0.15059133207281356,0.15059133207281356,True
bp_fs200_signed,/home/test/bupt_hjk/sdp_dataset/xrf55/wifi/01_17_14.npy,1000,float64,0.0,0.4861888888888889,0.4861888888888889,0.48735555555555554,1.0,1.0,0.13646609572535498,0.13646609572535498,True
bp_fs200_signed,/home/test/bupt_hjk/sdp_dataset/xrf55/wifi/01_17_15.npy,1000,float64,0.0,0.4912962962962963,0.4912962962962963,0.4916888888888889,1.0,1.0,0.14892299707114523,0.14892299707114523,True
bp_fs200_signed,/home/test/bupt_hjk/sdp_dataset/xrf55/wifi/01_17_16.npy,1000,float64,0.0,0.4793962962962963,0.4793962962962963,0.4802222222222222,1.0,1.0,0.1363882400919438,0.1363882400919438,True
bp_fs200_signed,/home/test/bupt_hjk/sdp_dataset/xrf55/wifi/01_17_17.npy,1000,float64,0.0,0.4968518518518519,0.4968518518518519,0.4997259259259259,1.0,1.0,0.13271790308827347,0.13271790308827347,True
bp_fs200_signed,/home/test/bupt_hjk/sdp_dataset/xrf55/wifi/01_17_18.npy,1000,float64,0.0,0.5001666666666666,0.5001666666666666,0.5012814814814814,1.0,1.0,0.13508323137952769,0.13508323137952769,True
bp_fs200_signed,/home/test/bupt_hjk/sdp_dataset/xrf55/wifi/01_17_19.npy,1000,float64,0.0,0.4795185185185185,0.4795185185185185,0.4796888888888889,1.0,1.0,0.13541319096874652,0.13541319096874652,True
bp_fs200_signed,/home/test/bupt_hjk/sdp_dataset/xrf55/wifi/01_17_20.npy,1000,float64,0.0,0.4908851851851852,0.4908851851851852,0.4905481481481481,1.0,1.0,0.13903533162792422,0.13903533162792422,True
bp_fs200_signed,/home/test/bupt_hjk/sdp_dataset/xrf55/wifi/01_18_01.npy,1000,float64,0.0,0.49974074074074076,0.49974074074074076,0.5014814814814815,1.0,1.0,0.11717643569495421,0.11717643569495421,True
bp_fs200_signed,/home/test/bupt_hjk/sdp_dataset/xrf55/wifi/01_18_02.npy,1000,float64,0.0,0.49836296296296295,0.49836296296296295,0.4975777777777778,1.0,1.0,0.14247951655359062,0.14247951655359062,True
bp_fs200_signed,/home/test/bupt_hjk/sdp_dataset/xrf55/wifi/01_18_03.npy,1000,float64,0.0,0.4945185185185185,0.4945185185185185,0.49523703703703703,1.0,1.0,0.12557372187001817,0.12557372187001817,True
bp_fs200_signed,/home/test/bupt_hjk/sdp_dataset/xrf55/wifi/01_18_04.npy,1000,float64,0.0,0.4885888888888889,0.4885888888888889,0.48865925925925924,1.0,1.0,0.11676862047232417,0.11676862047232417,True
bp_fs200_signed,/home/test/bupt_hjk/sdp_dataset/xrf55/wifi/01_18_05.npy,1000,float64,0.0,0.48734814814814814,0.48734814814814814,0.48803703703703705,1.0,1.0,0.11401401401401401,0.11401401401401401,True
bp_fs200_signed,/home/test/bupt_hjk/sdp_dataset/xrf55/wifi/01_18_06.npy,1000,float64,0.0,0.5147592592592592,0.5147592592592592,0.5145777777777778,1.0,1.0,0.12330107885663441,0.12330107885663441,True
bp_fs200_signed,/home/test/bupt_hjk/sdp_dataset/xrf55/wifi/01_18_07.npy,1000,float64,0.0,0.5062555555555556,0.5062555555555556,0.5075259259259259,1.0,1.0,0.13965076187298409,0.13965076187298409,True
bp_fs200_signed,/home/test/bupt_hjk/sdp_dataset/xrf55/wifi/01_18_08.npy,1000,float64,0.0,0.5022851851851852,0.5022851851851852,0.5029259259259259,1.0,1.0,0.12843213583954324,0.12843213583954324,True
bp_fs200_signed,/home/test/bupt_hjk/sdp_dataset/xrf55/wifi/01_18_09.npy,1000,float64,0.0,0.4844111111111111,0.4844111111111111,0.4851111111111111,1.0,1.0,0.1273421569717866,0.1273421569717866,True
bp_fs200_signed,/home/test/bupt_hjk/sdp_dataset/xrf55/wifi/01_18_10.npy,1000,float64,0.0,0.49743333333333334,0.49743333333333334,0.4991777777777778,1.0,1.0,0.12123234345456568,0.12123234345456568,True
bp_fs200_signed,/home/test/bupt_hjk/sdp_dataset/xrf55/wifi/01_18_11.npy,1000,float64,0.0,0.4906,0.4906,0.49031851851851854,1.0,1.0,0.13351128906684462,0.13351128906684462,True
bp_fs200_signed,/home/test/bupt_hjk/sdp_dataset/xrf55/wifi/01_18_12.npy,1000,float64,0.0,0.47923333333333334,0.47923333333333334,0.4801111111111111,1.0,1.0,0.11685018351685018,0.11685018351685018,True
bp_fs200_signed,/home/test/bupt_hjk/sdp_dataset/xrf55/wifi/01_18_13.npy,1000,float64,0.0,0.49391851851851853,0.49391851851851853,0.49514814814814817,1.0,1.0,0.14083713342972604,0.14083713342972604,True
bp_fs200_signed,/home/test/bupt_hjk/sdp_dataset/xrf55/wifi/01_18_14.npy,1000,float64,0.0,0.48573333333333335,0.48573333333333335,0.4844962962962963,1.0,1.0,0.12655247840433026,0.12655247840433026,True
bp_fs200_signed,/home/test/bupt_hjk/sdp_dataset/xrf55/wifi/01_18_15.npy,1000,float64,0.0,0.49175185185185183,0.49175185185185183,0.49274074074074076,1.0,1.0,0.13295888481073667,0.13295888481073667,True
bp_fs200_signed,/home/test/bupt_hjk/sdp_dataset/xrf55/wifi/01_18_16.npy,1000,float64,0.0,0.5072629629629629,0.5072629629629629,0.5076444444444445,1.0,1.0,0.13141660178697215,0.13141660178697215,True
bp_fs200_signed,/home/test/bupt_hjk/sdp_dataset/xrf55/wifi/01_18_17.npy,1000,float64,0.0,0.5052518518518518,0.5052518518518518,0.5069185185185185,1.0,1.0,0.12265228191154116,0.12265228191154116,True
bp_fs200_signed,/home/test/bupt_hjk/sdp_dataset/xrf55/wifi/01_18_18.npy,1000,float64,0.0,0.5117962962962963,0.5117962962962963,0.5118370370370371,1.0,1.0,0.1331850368887406,0.1331850368887406,True
bp_fs200_signed,/home/test/bupt_hjk/sdp_dataset/xrf55/wifi/01_18_19.npy,1000,float64,0.0,0.5071481481481481,0.5071481481481481,0.5092814814814814,1.0,1.0,0.1351907463018574,0.1351907463018574,True
bp_fs200_signed,/home/test/bupt_hjk/sdp_dataset/xrf55/wifi/01_18_20.npy,1000,float64,0.0,0.49554444444444445,0.49554444444444445,0.49644444444444447,1.0,1.0,0.1222778333889445,0.1222778333889445,True
bp_fs200_signed,/home/test/bupt_hjk/sdp_dataset/xrf55/wifi/01_19_01.npy,1000,float64,0.0,0.49002222222222225,0.49002222222222225,0.4905777777777778,1.0,1.0,0.10195380565750936,0.10195380565750936,True
bp_fs200_signed,/home/test/bupt_hjk/sdp_dataset/xrf55/wifi/01_19_02.npy,1000,float64,0.0,0.4784925925925926,0.4784925925925926,0.47906666666666664,1.0,1.0,0.11584176769361955,0.11584176769361955,True
bp_fs200_signed,/home/test/bupt_hjk/sdp_dataset/xrf55/wifi/01_19_03.npy,1000,float64,0.0,0.4930148148148148,0.4930148148148148,0.4929703703703704,1.0,1.0,0.11171171171171171,0.11171171171171171,True
bp_fs200_signed,/home/test/bupt_hjk/sdp_dataset/xrf55/wifi/01_19_04.npy,1000,float64,0.0,0.47004444444444443,0.47004444444444443,0.4717851851851852,1.0,1.0,0.11915248581915248,0.11915248581915248,True
bp_fs200_signed,/home/test/bupt_hjk/sdp_dataset/xrf55/wifi/01_19_05.npy,1000,float64,0.0,0.4880481481481482,0.4880481481481482,0.4873777777777778,1.0,1.0,0.10995810625440255,0.10995810625440255,True
bp_fs200_signed,/home/test/bupt_hjk/sdp_dataset/xrf55/wifi/01_19_06.npy,1000,float64,0.0,0.5027481481481482,0.5027481481481482,0.5031185185185185,1.0,1.0,0.11099618136655173,0.11099618136655173,True
bp_fs200_signed,/home/test/bupt_hjk/sdp_dataset/xrf55/wifi/01_19_07.npy,1000,float64,0.0,0.4942666666666667,0.4942666666666667,0.49196296296296294,1.0,1.0,0.10901271642012383,0.10901271642012383,True
bp_fs200_signed,/home/test/bupt_hjk/sdp_dataset/xrf55/wifi/01_19_08.npy,1000,float64,0.0,0.4943,0.4943,0.49435555555555555,1.0,1.0,0.11003596188781374,0.11003596188781374,True
bp_fs200_signed,/home/test/bupt_hjk/sdp_dataset/xrf55/wifi/01_19_09.npy,1000,float64,0.0,0.5104,0.5104,0.5104,1.0,1.0,0.1096059021984948,0.1096059021984948,True
bp_fs200_signed,/home/test/bupt_hjk/sdp_dataset/xrf55/wifi/01_19_10.npy,1000,float64,0.0,0.5020407407407408,0.5020407407407408,0.5028074074074074,1.0,1.0,0.11292774255737219,0.11292774255737219,True
bp_fs200_signed,/home/test/bupt_hjk/sdp_dataset/xrf55/wifi/01_19_11.npy,1000,float64,0.0,0.4980259259259259,0.4980259259259259,0.49952592592592593,1.0,1.0,0.10454899343788232,0.10454899343788232,True
bp_fs200_signed,/home/test/bupt_hjk/sdp_dataset/xrf55/wifi/01_19_12.npy,1000,float64,0.0,0.5104666666666666,0.5104666666666666,0.5111555555555556,1.0,1.0,0.1234790345901457,0.1234790345901457,True
bp_fs200_signed,/home/test/bupt_hjk/sdp_dataset/xrf55/wifi/01_19_13.npy,1000,float64,0.0,0.49965185185185185,0.49965185185185185,0.5006814814814815,1.0,1.0,0.11462944425907388,0.11462944425907388,True
bp_fs200_signed,/home/test/bupt_hjk/sdp_dataset/xrf55/wifi/01_19_14.npy,1000,float64,0.0,0.4947,0.4947,0.4938296296296296,1.0,1.0,0.10477143810477144,0.10477143810477144,True
bp_fs200_signed,/home/test/bupt_hjk/sdp_dataset/xrf55/wifi/01_19_15.npy,1000,float64,0.0,0.4837666666666667,0.4837666666666667,0.48535555555555554,1.0,1.0,0.10599117636154673,0.10599117636154673,True
bp_fs200_signed,/home/test/bupt_hjk/sdp_dataset/xrf55/wifi/01_19_16.npy,1000,float64,0.0,0.4957962962962963,0.4957962962962963,0.4958666666666667,1.0,1.0,0.1131501872242613,0.1131501872242613,True
bp_fs200_signed,/home/test/bupt_hjk/sdp_dataset/xrf55/wifi/01_19_17.npy,1000,float64,0.0,0.5005296296296297,0.5005296296296297,0.5020740740740741,1.0,1.0,0.11738034330626923,0.11738034330626923,True
bp_fs200_signed,/home/test/bupt_hjk/sdp_dataset/xrf55/wifi/01_19_18.npy,1000,float64,0.0,0.5038037037037038,0.5038037037037038,0.5044444444444445,1.0,1.0,0.11363585808030252,0.11363585808030252,True
bp_fs200_signed,/home/test/bupt_hjk/sdp_dataset/xrf55/wifi/01_19_19.npy,1000,float64,0.0,0.4994703703703704,0.4994703703703704,0.4977037037037037,1.0,1.0,0.1252400548696845,0.1252400548696845,True
bp_fs200_signed,/home/test/bupt_hjk/sdp_dataset/xrf55/wifi/01_19_20.npy,1000,float64,0.0,0.49727777777777776,0.49727777777777776,0.4954962962962963,1.0,1.0,0.1119897675453231,0.1119897675453231,True
bp_fs200_signed,/home/test/bupt_hjk/sdp_dataset/xrf55/wifi/01_20_01.npy,1000,float64,0.0,0.48925555555555555,0.48925555555555555,0.4880074074074074,1.0,1.0,0.12772772772772772,0.12772772772772772,True
bp_fs200_signed,/home/test/bupt_hjk/sdp_dataset/xrf55/wifi/01_20_02.npy,1000,float64,0.0,0.5121370370370371,0.5121370370370371,0.5129333333333334,1.0,1.0,0.12079116153190227,0.12079116153190227,True
bp_fs200_signed,/home/test/bupt_hjk/sdp_dataset/xrf55/wifi/01_20_03.npy,1000,float64,0.0,0.5027222222222222,0.5027222222222222,0.5027925925925926,1.0,1.0,0.1296481666852037,0.1296481666852037,True
bp_fs200_signed,/home/test/bupt_hjk/sdp_dataset/xrf55/wifi/01_20_04.npy,1000,float64,0.0,0.4852444444444444,0.4852444444444444,0.4874888888888889,1.0,1.0,0.12767211656100544,0.12767211656100544,True
bp_fs200_signed,/home/test/bupt_hjk/sdp_dataset/xrf55/wifi/01_20_05.npy,1000,float64,0.0,0.5051666666666667,0.5051666666666667,0.5040296296296296,1.0,1.0,0.12958884810736662,0.12958884810736662,True
bp_fs200_signed,/home/test/bupt_hjk/sdp_dataset/xrf55/wifi/01_20_06.npy,1000,float64,0.0,0.5133703703703704,0.5133703703703704,0.5137851851851852,1.0,1.0,0.13549475401327254,0.13549475401327254,True
bp_fs200_signed,/home/test/bupt_hjk/sdp_dataset/xrf55/wifi/01_20_07.npy,1000,float64,0.0,0.4994,0.4994,0.49944444444444447,1.0,1.0,0.12589626663700737,0.12589626663700737,True
bp_fs200_signed,/home/test/bupt_hjk/sdp_dataset/xrf55/wifi/01_20_08.npy,1000,float64,0.0,0.5031074074074074,0.5031074074074074,0.5034814814814815,1.0,1.0,0.1293219145070997,0.1293219145070997,True
bp_fs200_signed,/home/test/bupt_hjk/sdp_dataset/xrf55/wifi/01_20_09.npy,1000,float64,0.0,0.5027703703703704,0.5027703703703704,0.5020962962962963,1.0,1.0,0.12367181996811627,0.12367181996811627,True
bp_fs200_signed,/home/test/bupt_hjk/sdp_dataset/xrf55/wifi/01_20_10.npy,1000,float64,0.0,0.5036666666666667,0.5036666666666667,0.5046888888888889,1.0,1.0,0.1143699254810366,0.1143699254810366,True
bp_fs200_signed,/home/test/bupt_hjk/sdp_dataset/xrf55/wifi/01_20_11.npy,1000,float64,0.0,0.5039777777777777,0.5039777777777777,0.5043111111111112,1.0,1.0,0.13678122567011455,0.13678122567011455,True
bp_fs200_signed,/home/test/bupt_hjk/sdp_dataset/xrf55/wifi/01_20_12.npy,1000,float64,0.0,0.512662962962963,0.512662962962963,0.5130296296296296,1.0,1.0,0.13405627850072294,0.13405627850072294,True
bp_fs200_signed,/home/test/bupt_hjk/sdp_dataset/xrf55/wifi/01_20_13.npy,1000,float64,0.0,0.4985037037037037,0.4985037037037037,0.49904444444444446,1.0,1.0,0.12804656508360213,0.12804656508360213,True
bp_fs200_signed,/home/test/bupt_hjk/sdp_dataset/xrf55/wifi/01_20_14.npy,1000,float64,0.0,0.5061148148148148,0.5061148148148148,0.5055333333333333,1.0,1.0,0.1377080784488192,0.1377080784488192,True
bp_fs200_signed,/home/test/bupt_hjk/sdp_dataset/xrf55/wifi/01_20_15.npy,1000,float64,0.0,0.4968111111111111,0.4968111111111111,0.4983185185185185,1.0,1.0,0.12827271716160604,0.12827271716160604,True
bp_fs200_signed,/home/test/bupt_hjk/sdp_dataset/xrf55/wifi/01_20_16.npy,1000,float64,0.0,0.4960851851851852,0.4960851851851852,0.4978814814814815,1.0,1.0,0.13440106773440108,0.13440106773440108,True
bp_fs200_signed,/home/test/bupt_hjk/sdp_dataset/xrf55/wifi/01_20_17.npy,1000,float64,0.0,0.5109037037037037,0.5109037037037037,0.5103851851851852,1.0,1.0,0.12438364290216142,0.12438364290216142,True
bp_fs200_signed,/home/test/bupt_hjk/sdp_dataset/xrf55/wifi/01_20_18.npy,1000,float64,0.0,0.501337037037037,0.501337037037037,0.5019629629629629,1.0,1.0,0.12426500574648723,0.12426500574648723,True
bp_fs200_signed,/home/test/bupt_hjk/sdp_dataset/xrf55/wifi/01_20_19.npy,1000,float64,0.0,0.4915481481481481,0.4915481481481481,0.4915555555555556,1.0,1.0,0.13101620138657175,0.13101620138657175,True
bp_fs200_signed,/home/test/bupt_hjk/sdp_dataset/xrf55/wifi/01_20_20.npy,1000,float64,0.0,0.4976851851851852,0.4976851851851852,0.49895555555555554,1.0,1.0,0.1301449597745894,0.1301449597745894,True
bp_fs200_signed,/home/test/bupt_hjk/sdp_dataset/xrf55/wifi/01_21_01.npy,1000,float64,0.0,0.5081148148148148,0.5081148148148148,0.5090666666666667,1.0,1.0,0.13319245171097022,0.13319245171097022,True
bp_fs200_signed,/home/test/bupt_hjk/sdp_dataset/xrf55/wifi/01_21_02.npy,1000,float64,0.0,0.4937962962962963,0.4937962962962963,0.4936814814814815,1.0,1.0,0.1140103066028992,0.1140103066028992,True
bp_fs200_signed,/home/test/bupt_hjk/sdp_dataset/xrf55/wifi/01_21_03.npy,1000,float64,0.0,0.5004851851851851,0.5004851851851851,0.5010888888888889,1.0,1.0,0.12206651095539985,0.12206651095539985,True
bp_fs200_signed,/home/test/bupt_hjk/sdp_dataset/xrf55/wifi/01_21_04.npy,1000,float64,0.0,0.4932,0.4932,0.4938888888888889,1.0,1.0,0.14682460238015793,0.14682460238015793,True
bp_fs200_signed,/home/test/bupt_hjk/sdp_dataset/xrf55/wifi/01_21_05.npy,1000,float64,0.0,0.4789962962962963,0.4789962962962963,0.48102222222222224,1.0,1.0,0.1415304193081971,0.1415304193081971,True
bp_fs200_signed,/home/test/bupt_hjk/sdp_dataset/xrf55/wifi/01_21_06.npy,1000,float64,0.0,0.47487407407407406,0.47487407407407406,0.47483703703703706,1.0,1.0,0.1384124865606347,0.1384124865606347,True
bp_fs200_signed,/home/test/bupt_hjk/sdp_dataset/xrf55/wifi/01_21_07.npy,1000,float64,0.0,0.48196666666666665,0.48196666666666665,0.4817111111111111,1.0,1.0,0.1451191932673414,0.1451191932673414,True
bp_fs200_signed,/home/test/bupt_hjk/sdp_dataset/xrf55/wifi/01_21_08.npy,1000,float64,0.0,0.5109777777777778,0.5109777777777778,0.5119037037037037,1.0,1.0,0.12803544285025767,0.12803544285025767,True
bp_fs200_signed,/home/test/bupt_hjk/sdp_dataset/xrf55/wifi/01_21_09.npy,1000,float64,0.0,0.49426296296296296,0.49426296296296296,0.49606666666666666,1.0,1.0,0.14772550328105882,0.14772550328105882,True
bp_fs200_signed,/home/test/bupt_hjk/sdp_dataset/xrf55/wifi/01_21_10.npy,1000,float64,0.0,0.5039111111111111,0.5039111111111111,0.5037185185185186,1.0,1.0,0.11553775998220443,0.11553775998220443,True
bp_fs200_signed,/home/test/bupt_hjk/sdp_dataset/xrf55/wifi/01_21_11.npy,1000,float64,0.0,0.5069925925925926,0.5069925925925926,0.5065259259259259,1.0,1.0,0.13287732176621064,0.13287732176621064,True
bp_fs200_signed,/home/test/bupt_hjk/sdp_dataset/xrf55/wifi/01_21_12.npy,1000,float64,0.0,0.4982740740740741,0.4982740740740741,0.49762962962962964,1.0,1.0,0.13437882326771217,0.13437882326771217,True
bp_fs200_signed,/home/test/bupt_hjk/sdp_dataset/xrf55/wifi/01_21_13.npy,1000,float64,0.0,0.49066296296296297,0.49066296296296297,0.4900148148148148,1.0,1.0,0.1389315241167093,0.1389315241167093,True
bp_fs200_signed,/home/test/bupt_hjk/sdp_dataset/xrf55/wifi/01_21_14.npy,1000,float64,0.0,0.493062962962963,0.493062962962963,0.4928592592592593,1.0,1.0,0.1308641975308642,0.1308641975308642,True
bp_fs200_signed,/home/test/bupt_hjk/sdp_dataset/xrf55/wifi/01_21_15.npy,1000,float64,0.0,0.5086703703703703,0.5086703703703703,0.5088814814814815,1.0,1.0,0.12487672858043228,0.12487672858043228,True
bp_fs200_signed,/home/test/bupt_hjk/sdp_dataset/xrf55/wifi/01_21_16.npy,1000,float64,0.0,0.49665185185185184,0.49665185185185184,0.49755555555555553,1.0,1.0,0.13926519111704297,0.13926519111704297,True
bp_fs200_signed,/home/test/bupt_hjk/sdp_dataset/xrf55/wifi/01_21_17.npy,1000,float64,0.0,0.5125444444444445,0.5125444444444445,0.5132148148148148,1.0,1.0,0.13455307159010862,0.13455307159010862,True
bp_fs200_signed,/home/test/bupt_hjk/sdp_dataset/xrf55/wifi/01_21_18.npy,1000,float64,0.0,0.48624814814814815,0.48624814814814815,0.4862074074074074,1.0,1.0,0.128661995328662,0.128661995328662,True
bp_fs200_signed,/home/test/bupt_hjk/sdp_dataset/xrf55/wifi/01_21_19.npy,1000,float64,0.0,0.49993333333333334,0.49993333333333334,0.5006592592592592,1.0,1.0,0.14432580728877026,0.14432580728877026,True
bp_fs200_signed,/home/test/bupt_hjk/sdp_dataset/xrf55/wifi/01_21_20.npy,1000,float64,0.0,0.5012185185185185,0.5012185185185185,0.5025037037037037,1.0,1.0,0.13160938716494272,0.13160938716494272,True
bp_fs200_signed,/home/test/bupt_hjk/sdp_dataset/xrf55/wifi/01_22_01.npy,1000,float64,0.0,0.5113222222222222,0.5113222222222222,0.5112888888888889,1.0,1.0,0.1231379527675824,0.1231379527675824,True
bp_fs200_signed,/home/test/bupt_hjk/sdp_dataset/xrf55/wifi/01_22_02.npy,1000,float64,0.0,0.49515555555555557,0.49515555555555557,0.49576296296296296,1.0,1.0,0.1131909687465243,0.1131909687465243,True
bp_fs200_signed,/home/test/bupt_hjk/sdp_dataset/xrf55/wifi/01_22_03.npy,1000,float64,0.0,0.4943925925925926,0.4943925925925926,0.49434814814814815,1.0,1.0,0.12085418752085418,0.12085418752085418,True
bp_fs200_signed,/home/test/bupt_hjk/sdp_dataset/xrf55/wifi/01_22_04.npy,1000,float64,0.0,0.49973703703703704,0.49973703703703704,0.5008962962962963,1.0,1.0,0.12188114039965892,0.12188114039965892,True
bp_fs200_signed,/home/test/bupt_hjk/sdp_dataset/xrf55/wifi/01_22_05.npy,1000,float64,0.0,0.4959,0.4959,0.4959777777777778,1.0,1.0,0.10716642568494421,0.10716642568494421,True
bp_fs200_signed,/home/test/bupt_hjk/sdp_dataset/xrf55/wifi/01_22_06.npy,1000,float64,0.0,0.5054185185185185,0.5054185185185185,0.5055925925925926,1.0,1.0,0.09946984021058095,0.09946984021058095,True
bp_fs200_signed,/home/test/bupt_hjk/sdp_dataset/xrf55/wifi/01_22_07.npy,1000,float64,0.0,0.5023481481481481,0.5023481481481481,0.501325925925926,1.0,1.0,0.10559819078337597,0.10559819078337597,True
bp_fs200_signed,/home/test/bupt_hjk/sdp_dataset/xrf55/wifi/01_22_08.npy,1000,float64,0.0,0.49854444444444446,0.49854444444444446,0.49874074074074076,1.0,1.0,0.10334779223668113,0.10334779223668113,True
bp_fs200_signed,/home/test/bupt_hjk/sdp_dataset/xrf55/wifi/01_22_09.npy,1000,float64,0.0,0.4904222222222222,0.4904222222222222,0.49133333333333334,1.0,1.0,0.10626923219515812,0.10626923219515812,True
bp_fs200_signed,/home/test/bupt_hjk/sdp_dataset/xrf55/wifi/01_22_10.npy,1000,float64,0.0,0.4935703703703704,0.4935703703703704,0.4932814814814815,1.0,1.0,0.10593556519482446,0.10593556519482446,True
bp_fs200_signed,/home/test/bupt_hjk/sdp_dataset/xrf55/wifi/01_22_11.npy,1000,float64,0.0,0.5020518518518519,0.5020518518518519,0.503125925925926,1.0,1.0,0.09823156489823157,0.09823156489823157,True
bp_fs200_signed,/home/test/bupt_hjk/sdp_dataset/xrf55/wifi/01_22_12.npy,1000,float64,0.0,0.4938037037037037,0.4938037037037037,0.49335555555555555,1.0,1.0,0.11199347495643792,0.11199347495643792,True
bp_fs200_signed,/home/test/bupt_hjk/sdp_dataset/xrf55/wifi/01_22_13.npy,1000,float64,0.0,0.497,0.497,0.49896296296296294,1.0,1.0,0.1140510881251622,0.1140510881251622,True
bp_fs200_signed,/home/test/bupt_hjk/sdp_dataset/xrf55/wifi/01_22_14.npy,1000,float64,0.0,0.4911,0.4911,0.4932962962962963,1.0,1.0,0.09989619248878508,0.09989619248878508,True
bp_fs200_signed,/home/test/bupt_hjk/sdp_dataset/xrf55/wifi/01_22_15.npy,1000,float64,0.0,0.49244074074074073,0.49244074074074073,0.494,1.0,1.0,0.11524116709301895,0.11524116709301895,True
bp_fs200_signed,/home/test/bupt_hjk/sdp_dataset/xrf55/wifi/01_22_16.npy,1000,float64,0.0,0.49145925925925926,0.49145925925925926,0.49125185185185183,1.0,1.0,0.11276832387943499,0.11276832387943499,True
bp_fs200_signed,/home/test/bupt_hjk/sdp_dataset/xrf55/wifi/01_22_17.npy,1000,float64,0.0,0.4966851851851852,0.4966851851851852,0.4975333333333333,1.0,1.0,0.10057094131168205,0.10057094131168205,True
bp_fs200_signed,/home/test/bupt_hjk/sdp_dataset/xrf55/wifi/01_22_18.npy,1000,float64,0.0,0.4969074074074074,0.4969074074074074,0.4980222222222222,1.0,1.0,0.1091091091091091,0.1091091091091091,True
bp_fs200_signed,/home/test/bupt_hjk/sdp_dataset/xrf55/wifi/01_22_19.npy,1000,float64,0.0,0.4728777777777778,0.4728777777777778,0.47328888888888887,1.0,1.0,0.10295109924739554,0.10295109924739554,True
bp_fs200_signed,/home/test/bupt_hjk/sdp_dataset/xrf55/wifi/01_22_20.npy,1000,float64,0.0,0.4966037037037037,0.4966037037037037,0.4972,1.0,1.0,0.10796351907463018,0.10796351907463018,True
bp_fs200_signed,/home/test/bupt_hjk/sdp_dataset/xrf55/wifi/01_23_01.npy,1000,float64,0.0,0.5092629629629629,0.5092629629629629,0.509437037037037,1.0,1.0,0.14535276016757498,0.14535276016757498,True
bp_fs200_signed,/home/test/bupt_hjk/sdp_dataset/xrf55/wifi/01_23_02.npy,1000,float64,0.0,0.4967111111111111,0.4967111111111111,0.4962666666666667,1.0,1.0,0.1261594928261595,0.1261594928261595,True
bp_fs200_signed,/home/test/bupt_hjk/sdp_dataset/xrf55/wifi/01_23_03.npy,1000,float64,0.0,0.49674814814814816,0.49674814814814816,0.4945037037037037,1.0,1.0,0.1386534682830979,0.1386534682830979,True
bp_fs200_signed,/home/test/bupt_hjk/sdp_dataset/xrf55/wifi/01_23_04.npy,1000,float64,0.0,0.510425925925926,0.510425925925926,0.5102814814814814,1.0,1.0,0.14368813257702145,0.14368813257702145,True
bp_fs200_signed,/home/test/bupt_hjk/sdp_dataset/xrf55/wifi/01_23_05.npy,1000,float64,0.0,0.4933037037037037,0.4933037037037037,0.4925481481481481,1.0,1.0,0.14526007488970452,0.14526007488970452,True
bp_fs200_signed,/home/test/bupt_hjk/sdp_dataset/xrf55/wifi/01_23_06.npy,1000,float64,0.0,0.508237037037037,0.508237037037037,0.507325925925926,1.0,1.0,0.14156378600823044,0.14156378600823044,True
bp_fs200_signed,/home/test/bupt_hjk/sdp_dataset/xrf55/wifi/01_23_07.npy,1000,float64,0.0,0.501762962962963,0.501762962962963,0.5013851851851852,1.0,1.0,0.1420939457976495,0.1420939457976495,True
bp_fs200_signed,/home/test/bupt_hjk/sdp_dataset/xrf55/wifi/01_23_08.npy,1000,float64,0.0,0.5029740740740741,0.5029740740740741,0.5030740740740741,1.0,1.0,0.1454380306232158,0.1454380306232158,True
bp_fs200_signed,/home/test/bupt_hjk/sdp_dataset/xrf55/wifi/01_23_09.npy,1000,float64,0.0,0.5052222222222222,0.5052222222222222,0.5050074074074075,1.0,1.0,0.1321469617765914,0.1321469617765914,True
bp_fs200_signed,/home/test/bupt_hjk/sdp_dataset/xrf55/wifi/01_23_10.npy,1000,float64,0.0,0.49622222222222223,0.49622222222222223,0.49663703703703704,1.0,1.0,0.14208282356430504,0.14208282356430504,True
bp_fs200_signed,/home/test/bupt_hjk/sdp_dataset/xrf55/wifi/01_23_11.npy,1000,float64,0.0,0.5001407407407408,0.5001407407407408,0.5011629629629629,1.0,1.0,0.1389500611722834,0.1389500611722834,True
bp_fs200_signed,/home/test/bupt_hjk/sdp_dataset/xrf55/wifi/01_23_12.npy,1000,float64,0.0,0.4971888888888889,0.4971888888888889,0.4992666666666667,1.0,1.0,0.13091610128647166,0.13091610128647166,True
bp_fs200_signed,/home/test/bupt_hjk/sdp_dataset/xrf55/wifi/01_23_13.npy,1000,float64,0.0,0.5071037037037037,0.5071037037037037,0.5075407407407407,1.0,1.0,0.13708152597041487,0.13708152597041487,True
bp_fs200_signed,/home/test/bupt_hjk/sdp_dataset/xrf55/wifi/01_23_14.npy,1000,float64,0.0,0.5086,0.5086,0.5088,1.0,1.0,0.1526007488970452,0.1526007488970452,True
bp_fs200_signed,/home/test/bupt_hjk/sdp_dataset/xrf55/wifi/01_23_15.npy,1000,float64,0.0,0.5004074074074074,0.5004074074074074,0.49948888888888887,1.0,1.0,0.1304081859637415,0.1304081859637415,True
bp_fs200_signed,/home/test/bupt_hjk/sdp_dataset/xrf55/wifi/01_23_16.npy,1000,float64,0.0,0.4961814814814815,0.4961814814814815,0.49522222222222223,1.0,1.0,0.13860897934972008,0.13860897934972008,True
bp_fs200_signed,/home/test/bupt_hjk/sdp_dataset/xrf55/wifi/01_23_17.npy,1000,float64,0.0,0.5061148148148148,0.5061148148148148,0.505562962962963,1.0,1.0,0.13646238831424018,0.13646238831424018,True
bp_fs200_signed,/home/test/bupt_hjk/sdp_dataset/xrf55/wifi/01_23_18.npy,1000,float64,0.0,0.5038333333333334,0.5038333333333334,0.5041629629629629,1.0,1.0,0.1350127905683461,0.1350127905683461,True
bp_fs200_signed,/home/test/bupt_hjk/sdp_dataset/xrf55/wifi/01_23_19.npy,1000,float64,0.0,0.4959703703703704,0.4959703703703704,0.4955111111111111,1.0,1.0,0.12859155451748044,0.12859155451748044,True
bp_fs200_signed,/home/test/bupt_hjk/sdp_dataset/xrf55/wifi/01_23_20.npy,1000,float64,0.0,0.510425925925926,0.510425925925926,0.5115481481481482,1.0,1.0,0.12788714640566493,0.12788714640566493,True
bp_fs200_signed,/home/test/bupt_hjk/sdp_dataset/xrf55/wifi/01_24_01.npy,1000,float64,0.0,0.5207962962962963,0.5207962962962963,0.5222592592592593,1.0,1.0,0.1080858636414192,0.1080858636414192,True
bp_fs200_signed,/home/test/bupt_hjk/sdp_dataset/xrf55/wifi/01_24_02.npy,1000,float64,0.0,0.5017111111111111,0.5017111111111111,0.5012,1.0,1.0,0.11516701887072257,0.11516701887072257,True
bp_fs200_signed,/home/test/bupt_hjk/sdp_dataset/xrf55/wifi/01_24_03.npy,1000,float64,0.0,0.5130888888888889,0.5130888888888889,0.5148148148148148,1.0,1.0,0.1202572943313684,0.1202572943313684,True
bp_fs200_signed,/home/test/bupt_hjk/sdp_dataset/xrf55/wifi/01_24_04.npy,1000,float64,0.0,0.495,0.495,0.49535555555555555,1.0,1.0,0.1130908686464242,0.1130908686464242,True
bp_fs200_signed,/home/test/bupt_hjk/sdp_dataset/xrf55/wifi/01_24_05.npy,1000,float64,0.0,0.5117481481481482,0.5117481481481482,0.5117259259259259,1.0,1.0,0.10900159418677938,0.10900159418677938,True
bp_fs200_signed,/home/test/bupt_hjk/sdp_dataset/xrf55/wifi/01_24_06.npy,1000,float64,0.0,0.4936407407407407,0.4936407407407407,0.4933925925925926,1.0,1.0,0.11515960404849293,0.11515960404849293,True
bp_fs200_signed,/home/test/bupt_hjk/sdp_dataset/xrf55/wifi/01_24_07.npy,1000,float64,0.0,0.49343333333333333,0.49343333333333333,0.4930074074074074,1.0,1.0,0.11051051051051052,0.11051051051051052,True
bp_fs200_signed,/home/test/bupt_hjk/sdp_dataset/xrf55/wifi/01_24_08.npy,1000,float64,0.0,0.5031814814814815,0.5031814814814815,0.5029703703703704,1.0,1.0,0.11475549623697771,0.11475549623697771,True
bp_fs200_signed,/home/test/bupt_hjk/sdp_dataset/xrf55/wifi/01_24_09.npy,1000,float64,0.0,0.5024666666666666,0.5024666666666666,0.5029259259259259,1.0,1.0,0.1195751306862418,0.1195751306862418,True
bp_fs200_signed,/home/test/bupt_hjk/sdp_dataset/xrf55/wifi/01_24_10.npy,1000,float64,0.0,0.5085703703703703,0.5085703703703703,0.5085259259259259,1.0,1.0,0.11621621621621622,0.11621621621621622,True
bp_fs200_signed,/home/test/bupt_hjk/sdp_dataset/xrf55/wifi/01_24_11.npy,1000,float64,0.0,0.49398148148148147,0.49398148148148147,0.4935481481481481,1.0,1.0,0.118815111407704,0.118815111407704,True
bp_fs200_signed,/home/test/bupt_hjk/sdp_dataset/xrf55/wifi/01_24_12.npy,1000,float64,0.0,0.5027185185185186,0.5027185185185186,0.503237037037037,1.0,1.0,0.1200163126089052,0.1200163126089052,True
bp_fs200_signed,/home/test/bupt_hjk/sdp_dataset/xrf55/wifi/01_24_13.npy,1000,float64,0.0,0.49582592592592595,0.49582592592592595,0.4954296296296296,1.0,1.0,0.12105438772105438,0.12105438772105438,True
bp_fs200_signed,/home/test/bupt_hjk/sdp_dataset/xrf55/wifi/01_24_14.npy,1000,float64,0.0,0.5029703703703704,0.5029703703703704,0.5028,1.0,1.0,0.12318985652318985,0.12318985652318985,True
bp_fs200_signed,/home/test/bupt_hjk/sdp_dataset/xrf55/wifi/01_24_15.npy,1000,float64,0.0,0.49293703703703706,0.49293703703703706,0.49548888888888887,1.0,1.0,0.11648314981648315,0.11648314981648315,True
bp_fs200_signed,/home/test/bupt_hjk/sdp_dataset/xrf55/wifi/01_24_16.npy,1000,float64,0.0,0.4876037037037037,0.4876037037037037,0.4881185185185185,1.0,1.0,0.1170133096059022,0.1170133096059022,True
bp_fs200_signed,/home/test/bupt_hjk/sdp_dataset/xrf55/wifi/01_24_17.npy,1000,float64,0.0,0.48454444444444444,0.48454444444444444,0.48505185185185185,1.0,1.0,0.1113298483668854,0.1113298483668854,True
bp_fs200_signed,/home/test/bupt_hjk/sdp_dataset/xrf55/wifi/01_24_18.npy,1000,float64,0.0,0.4898037037037037,0.4898037037037037,0.4902,1.0,1.0,0.11485559633707781,0.11485559633707781,True
bp_fs200_signed,/home/test/bupt_hjk/sdp_dataset/xrf55/wifi/01_24_19.npy,1000,float64,0.0,0.5015851851851851,0.5015851851851851,0.5013037037037037,1.0,1.0,0.11371000630259889,0.11371000630259889,True
bp_fs200_signed,/home/test/bupt_hjk/sdp_dataset/xrf55/wifi/01_24_20.npy,1000,float64,0.0,0.48338148148148147,0.48338148148148147,0.48445925925925926,1.0,1.0,0.11764727690653616,0.11764727690653616,True
bp_fs200_signed,/home/test/bupt_hjk/sdp_dataset/xrf55/wifi/01_25_01.npy,1000,float64,0.0,0.5047925925925926,0.5047925925925926,0.5049259259259259,1.0,1.0,0.1298075853631409,0.1298075853631409,True
bp_fs200_signed,/home/test/bupt_hjk/sdp_dataset/xrf55/wifi/01_25_02.npy,1000,float64,0.0,0.5222814814814815,0.5222814814814815,0.5212148148148148,1.0,1.0,0.13407110814518222,0.13407110814518222,True
bp_fs200_signed,/home/test/bupt_hjk/sdp_dataset/xrf55/wifi/01_25_03.npy,1000,float64,0.0,0.4972962962962963,0.4972962962962963,0.4981925925925926,1.0,1.0,0.13411930448967485,0.13411930448967485,True
bp_fs200_signed,/home/test/bupt_hjk/sdp_dataset/xrf55/wifi/01_25_04.npy,1000,float64,0.0,0.5004407407407407,0.5004407407407407,0.5020296296296296,1.0,1.0,0.13355948541133728,0.13355948541133728,True
bp_fs200_signed,/home/test/bupt_hjk/sdp_dataset/xrf55/wifi/01_25_05.npy,1000,float64,0.0,0.5041481481481481,0.5041481481481481,0.5034296296296297,1.0,1.0,0.13839394950506062,0.13839394950506062,True
bp_fs200_signed,/home/test/bupt_hjk/sdp_dataset/xrf55/wifi/01_25_06.npy,1000,float64,0.0,0.5104777777777778,0.5104777777777778,0.5095925925925926,1.0,1.0,0.1303674044414785,0.1303674044414785,True
bp_fs200_signed,/home/test/bupt_hjk/sdp_dataset/xrf55/wifi/01_25_07.npy,1000,float64,0.0,0.5027111111111111,0.5027111111111111,0.5028888888888889,1.0,1.0,0.1418529640751863,0.1418529640751863,True
bp_fs200_signed,/home/test/bupt_hjk/sdp_dataset/xrf55/wifi/01_25_08.npy,1000,float64,0.0,0.4928296296296296,0.4928296296296296,0.49362962962962964,1.0,1.0,0.13687761835909984,0.13687761835909984,True
bp_fs200_signed,/home/test/bupt_hjk/sdp_dataset/xrf55/wifi/01_25_09.npy,1000,float64,0.0,0.5114296296296297,0.5114296296296297,0.5112444444444444,1.0,1.0,0.14185667148630113,0.14185667148630113,True
bp_fs200_signed,/home/test/bupt_hjk/sdp_dataset/xrf55/wifi/01_25_10.npy,1000,float64,0.0,0.4993148148148148,0.4993148148148148,0.4999111111111111,1.0,1.0,0.14586438290141993,0.14586438290141993,True
bp_fs200_signed,/home/test/bupt_hjk/sdp_dataset/xrf55/wifi/01_25_11.npy,1000,float64,0.0,0.4978666666666667,0.4978666666666667,0.49977777777777777,1.0,1.0,0.13117191265339415,0.13117191265339415,True
bp_fs200_signed,/home/test/bupt_hjk/sdp_dataset/xrf55/wifi/01_25_12.npy,1000,float64,0.0,0.5039518518518519,0.5039518518518519,0.5032296296296296,1.0,1.0,0.1252178104029956,0.1252178104029956,True
bp_fs200_signed,/home/test/bupt_hjk/sdp_dataset/xrf55/wifi/01_25_13.npy,1000,float64,0.0,0.4959777777777778,0.4959777777777778,0.49596296296296294,1.0,1.0,0.1340636933229526,0.1340636933229526,True
bp_fs200_signed,/home/test/bupt_hjk/sdp_dataset/xrf55/wifi/01_25_14.npy,1000,float64,0.0,0.49295555555555554,0.49295555555555554,0.4941037037037037,1.0,1.0,0.12686760834908983,0.12686760834908983,True
bp_fs200_signed,/home/test/bupt_hjk/sdp_dataset/xrf55/wifi/01_25_15.npy,1000,float64,0.0,0.5038925925925926,0.5038925925925926,0.503437037037037,1.0,1.0,0.1283654024394765,0.1283654024394765,True
bp_fs200_signed,/home/test/bupt_hjk/sdp_dataset/xrf55/wifi/01_25_16.npy,1000,float64,0.0,0.4992037037037037,0.4992037037037037,0.49904444444444446,1.0,1.0,0.13487190894598303,0.13487190894598303,True
bp_fs200_signed,/home/test/bupt_hjk/sdp_dataset/xrf55/wifi/01_25_17.npy,1000,float64,0.0,0.49496296296296294,0.49496296296296294,0.4975703703703704,1.0,1.0,0.13610276943610278,0.13610276943610278,True
bp_fs200_signed,/home/test/bupt_hjk/sdp_dataset/xrf55/wifi/01_25_18.npy,1000,float64,0.0,0.5073592592592593,0.5073592592592593,0.5073555555555556,1.0,1.0,0.1378267156044934,0.1378267156044934,True
bp_fs200_signed,/home/test/bupt_hjk/sdp_dataset/xrf55/wifi/01_25_19.npy,1000,float64,0.0,0.5071444444444444,0.5071444444444444,0.507437037037037,1.0,1.0,0.13081970859748637,0.13081970859748637,True
bp_fs200_signed,/home/test/bupt_hjk/sdp_dataset/xrf55/wifi/01_25_20.npy,1000,float64,0.0,0.509425925925926,0.509425925925926,0.5099037037037037,1.0,1.0,0.1286582879175472,0.1286582879175472,True
bp_fs200_signed,/home/test/bupt_hjk/sdp_dataset/xrf55/wifi/01_26_01.npy,1000,float64,0.0,0.5046296296296297,0.5046296296296297,0.5050148148148148,1.0,1.0,0.13309235161087013,0.13309235161087013,True
bp_fs200_signed,/home/test/bupt_hjk/sdp_dataset/xrf55/wifi/01_26_02.npy,1000,float64,0.0,0.5002592592592593,0.5002592592592593,0.4995703703703704,1.0,1.0,0.13672561450339227,0.13672561450339227,True
bp_fs200_signed,/home/test/bupt_hjk/sdp_dataset/xrf55/wifi/01_26_03.npy,1000,float64,0.0,0.4991333333333333,0.4991333333333333,0.4986888888888889,1.0,1.0,0.14829273718162608,0.14829273718162608,True
bp_fs200_signed,/home/test/bupt_hjk/sdp_dataset/xrf55/wifi/01_26_04.npy,1000,float64,0.0,0.4978592592592593,0.4978592592592593,0.49649629629629627,1.0,1.0,0.14821117413710005,0.14821117413710005,True
bp_fs200_signed,/home/test/bupt_hjk/sdp_dataset/xrf55/wifi/01_26_05.npy,1000,float64,0.0,0.5158333333333334,0.5158333333333334,0.5153185185185185,1.0,1.0,0.1443146850554258,0.1443146850554258,True
bp_fs200_signed,/home/test/bupt_hjk/sdp_dataset/xrf55/wifi/01_26_06.npy,1000,float64,0.0,0.509862962962963,0.509862962962963,0.5102222222222222,1.0,1.0,0.14272420568716865,0.14272420568716865,True
bp_fs200_signed,/home/test/bupt_hjk/sdp_dataset/xrf55/wifi/01_26_07.npy,1000,float64,0.0,0.5086333333333334,0.5086333333333334,0.5086592592592593,1.0,1.0,0.13665888110332555,0.13665888110332555,True
bp_fs200_signed,/home/test/bupt_hjk/sdp_dataset/xrf55/wifi/01_26_08.npy,1000,float64,0.0,0.5026925925925926,0.5026925925925926,0.5037111111111111,1.0,1.0,0.14774774774774774,0.14774774774774774,True
bp_fs200_signed,/home/test/bupt_hjk/sdp_dataset/xrf55/wifi/01_26_09.npy,1000,float64,0.0,0.4879925925925926,0.4879925925925926,0.4886962962962963,1.0,1.0,0.13635858080302524,0.13635858080302524,True
bp_fs200_signed,/home/test/bupt_hjk/sdp_dataset/xrf55/wifi/01_26_10.npy,1000,float64,0.0,0.5035703703703703,0.5035703703703703,0.5027925925925926,1.0,1.0,0.1428539650761873,0.1428539650761873,True
bp_fs200_signed,/home/test/bupt_hjk/sdp_dataset/xrf55/wifi/01_26_11.npy,1000,float64,0.0,0.5080148148148148,0.5080148148148148,0.5071481481481481,1.0,1.0,0.13474214955696437,0.13474214955696437,True
bp_fs200_signed,/home/test/bupt_hjk/sdp_dataset/xrf55/wifi/01_26_12.npy,1000,float64,0.0,0.5048777777777778,0.5048777777777778,0.5057555555555555,1.0,1.0,0.12576650724798874,0.12576650724798874,True
bp_fs200_signed,/home/test/bupt_hjk/sdp_dataset/xrf55/wifi/01_26_13.npy,1000,float64,0.0,0.493,0.493,0.49348148148148147,1.0,1.0,0.13333704074444816,0.13333704074444816,True
bp_fs200_signed,/home/test/bupt_hjk/sdp_dataset/xrf55/wifi/01_26_14.npy,1000,float64,0.0,0.49043333333333333,0.49043333333333333,0.49105185185185185,1.0,1.0,0.14232009787565342,0.14232009787565342,True
bp_fs200_signed,/home/test/bupt_hjk/sdp_dataset/xrf55/wifi/01_26_15.npy,1000,float64,0.0,0.496662962962963,0.496662962962963,0.4974222222222222,1.0,1.0,0.1481184888592296,0.1481184888592296,True
bp_fs200_signed,/home/test/bupt_hjk/sdp_dataset/xrf55/wifi/01_26_16.npy,1000,float64,0.0,0.505425925925926,0.505425925925926,0.5054222222222222,1.0,1.0,0.14739554369184,0.14739554369184,True
bp_fs200_signed,/home/test/bupt_hjk/sdp_dataset/xrf55/wifi/01_26_17.npy,1000,float64,0.0,0.48915185185185184,0.48915185185185184,0.4905851851851852,1.0,1.0,0.1478218959700441,0.1478218959700441,True
bp_fs200_signed,/home/test/bupt_hjk/sdp_dataset/xrf55/wifi/01_26_18.npy,1000,float64,0.0,0.49255925925925925,0.49255925925925925,0.49247407407407406,1.0,1.0,0.1342898454009565,0.1342898454009565,True
bp_fs200_signed,/home/test/bupt_hjk/sdp_dataset/xrf55/wifi/01_26_19.npy,1000,float64,0.0,0.504562962962963,0.504562962962963,0.5051185185185185,1.0,1.0,0.14049605160716272,0.14049605160716272,True
bp_fs200_signed,/home/test/bupt_hjk/sdp_dataset/xrf55/wifi/01_26_20.npy,1000,float64,0.0,0.49794814814814814,0.49794814814814814,0.4994148148148148,1.0,1.0,0.14872650428205983,0.14872650428205983,True
bp_fs200_signed,/home/test/bupt_hjk/sdp_dataset/xrf55/wifi/01_27_01.npy,1000,float64,0.0,0.503337037037037,0.503337037037037,0.5034296296296297,1.0,1.0,0.14949023097171246,0.14949023097171246,True
bp_fs200_signed,/home/test/bupt_hjk/sdp_dataset/xrf55/wifi/01_27_02.npy,1000,float64,0.0,0.5006592592592592,0.5006592592592592,0.5008148148148148,1.0,1.0,0.16049011974937902,0.16049011974937902,True
bp_fs200_signed,/home/test/bupt_hjk/sdp_dataset/xrf55/wifi/01_27_03.npy,1000,float64,0.0,0.49977777777777777,0.49977777777777777,0.4991925925925926,1.0,1.0,0.1431950468987506,0.1431950468987506,True
bp_fs200_signed,/home/test/bupt_hjk/sdp_dataset/xrf55/wifi/01_27_04.npy,1000,float64,0.0,0.5053481481481481,0.5053481481481481,0.5069185185185185,1.0,1.0,0.16061617172728285,0.16061617172728285,True
bp_fs200_signed,/home/test/bupt_hjk/sdp_dataset/xrf55/wifi/01_27_05.npy,1000,float64,0.0,0.5186444444444445,0.5186444444444445,0.5203333333333333,1.0,1.0,0.15548511474437401,0.15548511474437401,True
bp_fs200_signed,/home/test/bupt_hjk/sdp_dataset/xrf55/wifi/01_27_06.npy,1000,float64,0.0,0.5027592592592592,0.5027592592592592,0.5029037037037037,1.0,1.0,0.16480554628702776,0.16480554628702776,True
bp_fs200_signed,/home/test/bupt_hjk/sdp_dataset/xrf55/wifi/01_27_07.npy,1000,float64,0.0,0.5134592592592593,0.5134592592592593,0.5146,1.0,1.0,0.16476476476476476,0.16476476476476476,True
bp_fs200_signed,/home/test/bupt_hjk/sdp_dataset/xrf55/wifi/01_27_08.npy,1000,float64,0.0,0.5102703703703704,0.5102703703703704,0.5096888888888889,1.0,1.0,0.15050606161717273,0.15050606161717273,True
bp_fs200_signed,/home/test/bupt_hjk/sdp_dataset/xrf55/wifi/01_27_09.npy,1000,float64,0.0,0.5000777777777777,0.5000777777777777,0.4998592592592593,1.0,1.0,0.16244392540688837,0.16244392540688837,True
bp_fs200_signed,/home/test/bupt_hjk/sdp_dataset/xrf55/wifi/01_27_10.npy,1000,float64,0.0,0.5151851851851852,0.5151851851851852,0.514962962962963,1.0,1.0,0.14513773032291552,0.14513773032291552,True
bp_fs200_signed,/home/test/bupt_hjk/sdp_dataset/xrf55/wifi/01_27_11.npy,1000,float64,0.0,0.5178814814814815,0.5178814814814815,0.5184296296296297,1.0,1.0,0.1566863159455752,0.1566863159455752,True
bp_fs200_signed,/home/test/bupt_hjk/sdp_dataset/xrf55/wifi/01_27_12.npy,1000,float64,0.0,0.5013,0.5013,0.5004814814814815,1.0,1.0,0.1553442331220109,0.1553442331220109,True
bp_fs200_signed,/home/test/bupt_hjk/sdp_dataset/xrf55/wifi/01_27_13.npy,1000,float64,0.0,0.4949,0.4949,0.4948814814814815,1.0,1.0,0.16162088013939865,0.16162088013939865,True
bp_fs200_signed,/home/test/bupt_hjk/sdp_dataset/xrf55/wifi/01_27_14.npy,1000,float64,0.0,0.5091740740740741,0.5091740740740741,0.5093111111111112,1.0,1.0,0.1738367997627257,0.1738367997627257,True
bp_fs200_signed,/home/test/bupt_hjk/sdp_dataset/xrf55/wifi/01_27_15.npy,1000,float64,0.0,0.4918148148148148,0.4918148148148148,0.49165925925925924,1.0,1.0,0.16149853557260965,0.16149853557260965,True
bp_fs200_signed,/home/test/bupt_hjk/sdp_dataset/xrf55/wifi/01_27_16.npy,1000,float64,0.0,0.5160407407407407,0.5160407407407407,0.5168962962962963,1.0,1.0,0.1590071553034516,0.1590071553034516,True
bp_fs200_signed,/home/test/bupt_hjk/sdp_dataset/xrf55/wifi/01_27_17.npy,1000,float64,0.0,0.5111148148148148,0.5111148148148148,0.5115407407407407,1.0,1.0,0.15422830237645052,0.15422830237645052,True
bp_fs200_signed,/home/test/bupt_hjk/sdp_dataset/xrf55/wifi/01_27_18.npy,1000,float64,0.0,0.49812222222222224,0.49812222222222224,0.4988444444444444,1.0,1.0,0.1569458347236125,0.1569458347236125,True
bp_fs200_signed,/home/test/bupt_hjk/sdp_dataset/xrf55/wifi/01_27_19.npy,1000,float64,0.0,0.5038111111111111,0.5038111111111111,0.5046074074074074,1.0,1.0,0.1569495421347273,0.1569495421347273,True
bp_fs200_signed,/home/test/bupt_hjk/sdp_dataset/xrf55/wifi/01_27_20.npy,1000,float64,0.0,0.5081592592592593,0.5081592592592593,0.5084296296296297,1.0,1.0,0.1618507396285174,0.1618507396285174,True
bp_fs200_signed,/home/test/bupt_hjk/sdp_dataset/xrf55/wifi/01_28_01.npy,1000,float64,0.0,0.48935185185185187,0.48935185185185187,0.4884222222222222,1.0,1.0,0.11057353649946243,0.11057353649946243,True
bp_fs200_signed,/home/test/bupt_hjk/sdp_dataset/xrf55/wifi/01_28_02.npy,1000,float64,0.0,0.49245555555555554,0.49245555555555554,0.49295555555555554,1.0,1.0,0.10301783264746228,0.10301783264746228,True
bp_fs200_signed,/home/test/bupt_hjk/sdp_dataset/xrf55/wifi/01_28_03.npy,1000,float64,0.0,0.48235925925925927,0.48235925925925927,0.4835037037037037,1.0,1.0,0.09288177065954843,0.09288177065954843,True
bp_fs200_signed,/home/test/bupt_hjk/sdp_dataset/xrf55/wifi/01_28_04.npy,1000,float64,0.0,0.4926888888888889,0.4926888888888889,0.494,1.0,1.0,0.09845400956512068,0.09845400956512068,True
bp_fs200_signed,/home/test/bupt_hjk/sdp_dataset/xrf55/wifi/01_28_05.npy,1000,float64,0.0,0.488062962962963,0.488062962962963,0.4893777777777778,1.0,1.0,0.10503095688280874,0.10503095688280874,True
bp_fs200_signed,/home/test/bupt_hjk/sdp_dataset/xrf55/wifi/01_28_06.npy,1000,float64,0.0,0.4764037037037037,0.4764037037037037,0.47703703703703704,1.0,1.0,0.09333778222667112,0.09333778222667112,True
bp_fs200_signed,/home/test/bupt_hjk/sdp_dataset/xrf55/wifi/01_28_07.npy,1000,float64,0.0,0.49044444444444446,0.49044444444444446,0.49093333333333333,1.0,1.0,0.1021021021021021,0.1021021021021021,True
bp_fs200_signed,/home/test/bupt_hjk/sdp_dataset/xrf55/wifi/01_28_08.npy,1000,float64,0.0,0.4854185185185185,0.4854185185185185,0.4852518518518519,1.0,1.0,0.11193415637860082,0.11193415637860082,True
bp_fs200_signed,/home/test/bupt_hjk/sdp_dataset/xrf55/wifi/01_28_09.npy,1000,float64,0.0,0.47630370370370373,0.47630370370370373,0.475962962962963,1.0,1.0,0.09340822303785266,0.09340822303785266,True
bp_fs200_signed,/home/test/bupt_hjk/sdp_dataset/xrf55/wifi/01_28_10.npy,1000,float64,0.0,0.46899259259259257,0.46899259259259257,0.4694074074074074,1.0,1.0,0.0974789604419234,0.0974789604419234,True
bp_fs200_signed,/home/test/bupt_hjk/sdp_dataset/xrf55/wifi/01_28_11.npy,1000,float64,0.0,0.48815555555555556,0.48815555555555556,0.4882222222222222,1.0,1.0,0.09620361101842584,0.09620361101842584,True
bp_fs200_signed,/home/test/bupt_hjk/sdp_dataset/xrf55/wifi/01_28_12.npy,1000,float64,0.0,0.48566296296296296,0.48566296296296296,0.48634814814814814,1.0,1.0,0.09470952433915397,0.09470952433915397,True
bp_fs200_signed,/home/test/bupt_hjk/sdp_dataset/xrf55/wifi/01_28_13.npy,1000,float64,0.0,0.4813777777777778,0.4813777777777778,0.4814,1.0,1.0,0.10181292403514626,0.10181292403514626,True
bp_fs200_signed,/home/test/bupt_hjk/sdp_dataset/xrf55/wifi/01_28_14.npy,1000,float64,0.0,0.4978592592592593,0.4978592592592593,0.49853333333333333,1.0,1.0,0.10132354576799021,0.10132354576799021,True
bp_fs200_signed,/home/test/bupt_hjk/sdp_dataset/xrf55/wifi/01_28_15.npy,1000,float64,0.0,0.49982592592592595,0.49982592592592595,0.5015777777777778,1.0,1.0,0.10316612909205501,0.10316612909205501,True
bp_fs200_signed,/home/test/bupt_hjk/sdp_dataset/xrf55/wifi/01_28_16.npy,1000,float64,0.0,0.4887185185185185,0.4887185185185185,0.4894296296296296,1.0,1.0,0.10402624847069292,0.10402624847069292,True
bp_fs200_signed,/home/test/bupt_hjk/sdp_dataset/xrf55/wifi/01_28_17.npy,1000,float64,0.0,0.49368518518518517,0.49368518518518517,0.4954296296296296,1.0,1.0,0.09485040596151707,0.09485040596151707,True
bp_fs200_signed,/home/test/bupt_hjk/sdp_dataset/xrf55/wifi/01_28_18.npy,1000,float64,0.0,0.49212222222222224,0.49212222222222224,0.49244444444444446,1.0,1.0,0.10588736885033181,0.10588736885033181,True
bp_fs200_signed,/home/test/bupt_hjk/sdp_dataset/xrf55/wifi/01_28_19.npy,1000,float64,0.0,0.4855185185185185,0.4855185185185185,0.48607407407407405,1.0,1.0,0.10486412338264191,0.10486412338264191,True
bp_fs200_signed,/home/test/bupt_hjk/sdp_dataset/xrf55/wifi/01_28_20.npy,1000,float64,0.0,0.4939703703703704,0.4939703703703704,0.49346666666666666,1.0,1.0,0.11180439698958218,0.11180439698958218,True
bp_fs200_signed,/home/test/bupt_hjk/sdp_dataset/xrf55/wifi/01_29_01.npy,1000,float64,0.0,0.5083111111111112,0.5083111111111112,0.5075925925925926,1.0,1.0,0.15453231008786564,0.15453231008786564,True
bp_fs200_signed,/home/test/bupt_hjk/sdp_dataset/xrf55/wifi/01_29_02.npy,1000,float64,0.0,0.5003407407407408,0.5003407407407408,0.5008518518518519,1.0,1.0,0.11659066473881288,0.11659066473881288,True
bp_fs200_signed,/home/test/bupt_hjk/sdp_dataset/xrf55/wifi/01_29_03.npy,1000,float64,0.0,0.5029407407407407,0.5029407407407407,0.5030740740740741,1.0,1.0,0.12404626849071293,0.12404626849071293,True
bp_fs200_signed,/home/test/bupt_hjk/sdp_dataset/xrf55/wifi/01_29_04.npy,1000,float64,0.0,0.49855925925925926,0.49855925925925926,0.49825185185185183,1.0,1.0,0.13235457679902124,0.13235457679902124,True
bp_fs200_signed,/home/test/bupt_hjk/sdp_dataset/xrf55/wifi/01_29_05.npy,1000,float64,0.0,0.49777037037037036,0.49777037037037036,0.4988074074074074,1.0,1.0,0.11949727505283061,0.11949727505283061,True
bp_fs200_signed,/home/test/bupt_hjk/sdp_dataset/xrf55/wifi/01_29_06.npy,1000,float64,0.0,0.48711481481481483,0.48711481481481483,0.48672592592592595,1.0,1.0,0.11690950209468728,0.11690950209468728,True
bp_fs200_signed,/home/test/bupt_hjk/sdp_dataset/xrf55/wifi/01_29_07.npy,1000,float64,0.0,0.49873703703703703,0.49873703703703703,0.5000148148148148,1.0,1.0,0.12127312497682868,0.12127312497682868,True
bp_fs200_signed,/home/test/bupt_hjk/sdp_dataset/xrf55/wifi/01_29_08.npy,1000,float64,0.0,0.5038259259259259,0.5038259259259259,0.505,1.0,1.0,0.12355318281244207,0.12355318281244207,True
bp_fs200_signed,/home/test/bupt_hjk/sdp_dataset/xrf55/wifi/01_29_09.npy,1000,float64,0.0,0.5045888888888889,0.5045888888888889,0.5055481481481482,1.0,1.0,0.12503243984725465,0.12503243984725465,True
bp_fs200_signed,/home/test/bupt_hjk/sdp_dataset/xrf55/wifi/01_29_10.npy,1000,float64,0.0,0.4907259259259259,0.4907259259259259,0.49004444444444445,1.0,1.0,0.13353724094464836,0.13353724094464836,True
bp_fs200_signed,/home/test/bupt_hjk/sdp_dataset/xrf55/wifi/01_29_11.npy,1000,float64,0.0,0.5007962962962963,0.5007962962962963,0.5011629629629629,1.0,1.0,0.1265598932265599,0.1265598932265599,True
bp_fs200_signed,/home/test/bupt_hjk/sdp_dataset/xrf55/wifi/01_29_12.npy,1000,float64,0.0,0.47852222222222224,0.47852222222222224,0.47842222222222225,1.0,1.0,0.12315278241204167,0.12315278241204167,True
bp_fs200_signed,/home/test/bupt_hjk/sdp_dataset/xrf55/wifi/01_29_13.npy,1000,float64,0.0,0.4907888888888889,0.4907888888888889,0.4895333333333333,1.0,1.0,0.1309235161087013,0.1309235161087013,True
bp_fs200_signed,/home/test/bupt_hjk/sdp_dataset/xrf55/wifi/01_29_14.npy,1000,float64,0.0,0.502774074074074,0.502774074074074,0.5020666666666667,1.0,1.0,0.1348904460015571,0.1348904460015571,True
bp_fs200_signed,/home/test/bupt_hjk/sdp_dataset/xrf55/wifi/01_29_15.npy,1000,float64,0.0,0.5016592592592592,0.5016592592592592,0.5015037037037037,1.0,1.0,0.1354280206132058,0.1354280206132058,True
bp_fs200_signed,/home/test/bupt_hjk/sdp_dataset/xrf55/wifi/01_29_16.npy,1000,float64,0.0,0.5030037037037037,0.5030037037037037,0.5040962962962963,1.0,1.0,0.11600489378267156,0.11600489378267156,True
bp_fs200_signed,/home/test/bupt_hjk/sdp_dataset/xrf55/wifi/01_29_17.npy,1000,float64,0.0,0.49704814814814813,0.49704814814814813,0.4975333333333333,1.0,1.0,0.12817632447262076,0.12817632447262076,True
bp_fs200_signed,/home/test/bupt_hjk/sdp_dataset/xrf55/wifi/01_29_18.npy,1000,float64,0.0,0.49362222222222224,0.49362222222222224,0.49464444444444444,1.0,1.0,0.13065287509731954,0.13065287509731954,True
bp_fs200_signed,/home/test/bupt_hjk/sdp_dataset/xrf55/wifi/01_29_19.npy,1000,float64,0.0,0.5027962962962963,0.5027962962962963,0.5016222222222222,1.0,1.0,0.11317984651317985,0.11317984651317985,True
bp_fs200_signed,/home/test/bupt_hjk/sdp_dataset/xrf55/wifi/01_29_20.npy,1000,float64,0.0,0.5034814814814815,0.5034814814814815,0.5043185185185185,1.0,1.0,0.12424646869091313,0.12424646869091313,True
bp_fs200_signed,/home/test/bupt_hjk/sdp_dataset/xrf55/wifi/01_30_01.npy,1000,float64,0.0,0.5035592592592593,0.5035592592592593,0.5036888888888889,1.0,1.0,0.11126682237793349,0.11126682237793349,True
bp_fs200_signed,/home/test/bupt_hjk/sdp_dataset/xrf55/wifi/01_30_02.npy,1000,float64,0.0,0.5008037037037038,0.5008037037037038,0.5007407407407407,1.0,1.0,0.10962443925406888,0.10962443925406888,True
bp_fs200_signed,/home/test/bupt_hjk/sdp_dataset/xrf55/wifi/01_30_03.npy,1000,float64,0.0,0.5159925925925926,0.5159925925925926,0.5167185185185185,1.0,1.0,0.10785971156341527,0.10785971156341527,True
bp_fs200_signed,/home/test/bupt_hjk/sdp_dataset/xrf55/wifi/01_30_04.npy,1000,float64,0.0,0.5039333333333333,0.5039333333333333,0.5034148148148148,1.0,1.0,0.11332072813554295,0.11332072813554295,True
bp_fs200_signed,/home/test/bupt_hjk/sdp_dataset/xrf55/wifi/01_30_05.npy,1000,float64,0.0,0.5130740740740741,0.5130740740740741,0.5127407407407407,1.0,1.0,0.11492232973714456,0.11492232973714456,True
bp_fs200_signed,/home/test/bupt_hjk/sdp_dataset/xrf55/wifi/01_30_06.npy,1000,float64,0.0,0.5101777777777777,0.5101777777777777,0.5097111111111111,1.0,1.0,0.111889667445223,0.111889667445223,True
bp_fs200_signed,/home/test/bupt_hjk/sdp_dataset/xrf55/wifi/01_30_07.npy,1000,float64,0.0,0.4976703703703704,0.4976703703703704,0.4986074074074074,1.0,1.0,0.12116561005449894,0.12116561005449894,True
bp_fs200_signed,/home/test/bupt_hjk/sdp_dataset/xrf55/wifi/01_30_08.npy,1000,float64,0.0,0.5028111111111111,0.5028111111111111,0.5026,1.0,1.0,0.11607904200496794,0.11607904200496794,True
bp_fs200_signed,/home/test/bupt_hjk/sdp_dataset/xrf55/wifi/01_30_09.npy,1000,float64,0.0,0.49891111111111114,0.49891111111111114,0.49945925925925927,1.0,1.0,0.10978385793200608,0.10978385793200608,True
bp_fs200_signed,/home/test/bupt_hjk/sdp_dataset/xrf55/wifi/01_30_10.npy,1000,float64,0.0,0.4958925925925926,0.4958925925925926,0.4967259259259259,1.0,1.0,0.1124309494679865,0.1124309494679865,True
bp_fs200_signed,/home/test/bupt_hjk/sdp_dataset/xrf55/wifi/01_30_11.npy,1000,float64,0.0,0.515425925925926,0.515425925925926,0.5160962962962963,1.0,1.0,0.10971341712082452,0.10971341712082452,True
bp_fs200_signed,/home/test/bupt_hjk/sdp_dataset/xrf55/wifi/01_30_12.npy,1000,float64,0.0,0.5002888888888889,0.5002888888888889,0.5013703703703704,1.0,1.0,0.11857783709635561,0.11857783709635561,True
bp_fs200_signed,/home/test/bupt_hjk/sdp_dataset/xrf55/wifi/01_30_13.npy,1000,float64,0.0,0.5128222222222222,0.5128222222222222,0.5128222222222222,1.0,1.0,0.11687984280576873,0.11687984280576873,True
bp_fs200_signed,/home/test/bupt_hjk/sdp_dataset/xrf55/wifi/01_30_14.npy,1000,float64,0.0,0.5067037037037037,0.5067037037037037,0.5070592592592592,1.0,1.0,0.1133911689467245,0.1133911689467245,True
bp_fs200_signed,/home/test/bupt_hjk/sdp_dataset/xrf55/wifi/01_30_15.npy,1000,float64,0.0,0.4941740740740741,0.4941740740740741,0.4935703703703704,1.0,1.0,0.10569458347236126,0.10569458347236126,True
bp_fs200_signed,/home/test/bupt_hjk/sdp_dataset/xrf55/wifi/01_30_16.npy,1000,float64,0.0,0.49045555555555553,0.49045555555555553,0.4923925925925926,1.0,1.0,0.10697734771808846,0.10697734771808846,True
bp_fs200_signed,/home/test/bupt_hjk/sdp_dataset/xrf55/wifi/01_30_17.npy,1000,float64,0.0,0.5115518518518518,0.5115518518518518,0.5114962962962963,1.0,1.0,0.12199236273310347,0.12199236273310347,True
bp_fs200_signed,/home/test/bupt_hjk/sdp_dataset/xrf55/wifi/01_30_18.npy,1000,float64,0.0,0.5074962962962963,0.5074962962962963,0.508637037037037,1.0,1.0,0.11824046268490714,0.11824046268490714,True
bp_fs200_signed,/home/test/bupt_hjk/sdp_dataset/xrf55/wifi/01_30_19.npy,1000,float64,0.0,0.49794074074074074,0.49794074074074074,0.4986,1.0,1.0,0.11653505357209061,0.11653505357209061,True
bp_fs200_signed,/home/test/bupt_hjk/sdp_dataset/xrf55/wifi/01_30_20.npy,1000,float64,0.0,0.5057,0.5057,0.5059555555555556,1.0,1.0,0.11258295332369407,0.11258295332369407,True
bp_fs200_signed,/home/test/bupt_hjk/sdp_dataset/xrf55/wifi/01_31_01.npy,1000,float64,0.0,0.49374814814814816,0.49374814814814816,0.49515555555555557,1.0,1.0,0.13302932562191822,0.13302932562191822,True
bp_fs200_signed,/home/test/bupt_hjk/sdp_dataset/xrf55/wifi/01_31_02.npy,1000,float64,0.0,0.5143851851851852,0.5143851851851852,0.5126074074074074,1.0,1.0,0.15701627553479405,0.15701627553479405,True
bp_fs200_signed,/home/test/bupt_hjk/sdp_dataset/xrf55/wifi/01_31_03.npy,1000,float64,0.0,0.5101851851851852,0.5101851851851852,0.5110962962962963,1.0,1.0,0.15007229451673895,0.15007229451673895,True
bp_fs200_signed,/home/test/bupt_hjk/sdp_dataset/xrf55/wifi/01_31_04.npy,1000,float64,0.0,0.5016555555555555,0.5016555555555555,0.5014148148148149,1.0,1.0,0.14205687168650133,0.14205687168650133,True
bp_fs200_signed,/home/test/bupt_hjk/sdp_dataset/xrf55/wifi/01_31_05.npy,1000,float64,0.0,0.48302222222222224,0.48302222222222224,0.48331111111111114,1.0,1.0,0.1501798094390687,0.1501798094390687,True
bp_fs200_signed,/home/test/bupt_hjk/sdp_dataset/xrf55/wifi/01_31_06.npy,1000,float64,0.0,0.49394444444444446,0.49394444444444446,0.49596296296296294,1.0,1.0,0.15925555184814444,0.15925555184814444,True
bp_fs200_signed,/home/test/bupt_hjk/sdp_dataset/xrf55/wifi/01_31_07.npy,1000,float64,0.0,0.49708148148148146,0.49708148148148146,0.49804444444444446,1.0,1.0,0.15545174804434064,0.15545174804434064,True
bp_fs200_signed,/home/test/bupt_hjk/sdp_dataset/xrf55/wifi/01_31_08.npy,1000,float64,0.0,0.5137962962962963,0.5137962962962963,0.5135925925925926,1.0,1.0,0.1532198865532199,0.1532198865532199,True
bp_fs200_signed,/home/test/bupt_hjk/sdp_dataset/xrf55/wifi/01_31_09.npy,1000,float64,0.0,0.504537037037037,0.504537037037037,0.5065407407407407,1.0,1.0,0.15929262595929264,0.15929262595929264,True
bp_fs200_signed,/home/test/bupt_hjk/sdp_dataset/xrf55/wifi/01_31_10.npy,1000,float64,0.0,0.5058111111111111,0.5058111111111111,0.506562962962963,1.0,1.0,0.1459385311237163,0.1459385311237163,True
bp_fs200_signed,/home/test/bupt_hjk/sdp_dataset/xrf55/wifi/01_31_11.npy,1000,float64,0.0,0.5066185185185185,0.5066185185185185,0.5062666666666666,1.0,1.0,0.1590887183479776,0.1590887183479776,True
bp_fs200_signed,/home/test/bupt_hjk/sdp_dataset/xrf55/wifi/01_31_12.npy,1000,float64,0.0,0.5149185185185186,0.5149185185185186,0.5131555555555556,1.0,1.0,0.16156156156156157,0.16156156156156157,True
bp_fs200_signed,/home/test/bupt_hjk/sdp_dataset/xrf55/wifi/01_31_13.npy,1000,float64,0.0,0.5110888888888889,0.5110888888888889,0.5094814814814815,1.0,1.0,0.14597189782374967,0.14597189782374967,True
bp_fs200_signed,/home/test/bupt_hjk/sdp_dataset/xrf55/wifi/01_31_14.npy,1000,float64,0.0,0.5010518518518519,0.5010518518518519,0.5001111111111111,1.0,1.0,0.13417862306751197,0.13417862306751197,True
bp_fs200_signed,/home/test/bupt_hjk/sdp_dataset/xrf55/wifi/01_31_15.npy,1000,float64,0.0,0.49462962962962964,0.49462962962962964,0.4937037037037037,1.0,1.0,0.13987691395098803,0.13987691395098803,True
bp_fs200_signed,/home/test/bupt_hjk/sdp_dataset/xrf55/wifi/01_31_16.npy,1000,float64,0.0,0.5030111111111111,0.5030111111111111,0.5034296296296297,1.0,1.0,0.14082601119638158,0.14082601119638158,True
bp_fs200_signed,/home/test/bupt_hjk/sdp_dataset/xrf55/wifi/01_31_17.npy,1000,float64,0.0,0.5087962962962963,0.5087962962962963,0.5094592592592593,1.0,1.0,0.14388091795499203,0.14388091795499203,True
bp_fs200_signed,/home/test/bupt_hjk/sdp_dataset/xrf55/wifi/01_31_18.npy,1000,float64,0.0,0.4999222222222222,0.4999222222222222,0.4992814814814815,1.0,1.0,0.14706187669150633,0.14706187669150633,True
bp_fs200_signed,/home/test/bupt_hjk/sdp_dataset/xrf55/wifi/01_31_19.npy,1000,float64,0.0,0.49164444444444444,0.49164444444444444,0.49075555555555556,1.0,1.0,0.15045415786156527,0.15045415786156527,True
bp_fs200_signed,/home/test/bupt_hjk/sdp_dataset/xrf55/wifi/01_31_20.npy,1000,float64,0.0,0.49664814814814817,0.49664814814814817,0.49646666666666667,1.0,1.0,0.14723983242501762,0.14723983242501762,True
bp_fs200_signed,/home/test/bupt_hjk/sdp_dataset/xrf55/wifi/01_32_01.npy,1000,float64,0.0,0.5067592592592592,0.5067592592592592,0.5069703703703704,1.0,1.0,0.15716827939050163,0.15716827939050163,True
bp_fs200_signed,/home/test/bupt_hjk/sdp_dataset/xrf55/wifi/01_32_02.npy,1000,float64,0.0,0.5071851851851852,0.5071851851851852,0.5056074074074074,1.0,1.0,0.15496236977718458,0.15496236977718458,True
bp_fs200_signed,/home/test/bupt_hjk/sdp_dataset/xrf55/wifi/01_32_03.npy,1000,float64,0.0,0.4908148148148148,0.4908148148148148,0.48976296296296296,1.0,1.0,0.1629295962629296,0.1629295962629296,True
bp_fs200_signed,/home/test/bupt_hjk/sdp_dataset/xrf55/wifi/01_32_04.npy,1000,float64,0.0,0.4991185185185185,0.4991185185185185,0.5009925925925925,1.0,1.0,0.1734363993623253,0.1734363993623253,True
bp_fs200_signed,/home/test/bupt_hjk/sdp_dataset/xrf55/wifi/01_32_05.npy,1000,float64,0.0,0.5111111111111111,0.5111111111111111,0.5103555555555556,1.0,1.0,0.16289622956289623,0.16289622956289623,True
bp_fs200_signed,/home/test/bupt_hjk/sdp_dataset/xrf55/wifi/01_32_06.npy,1000,float64,0.0,0.5116666666666667,0.5116666666666667,0.5093777777777778,1.0,1.0,0.16572498424350277,0.16572498424350277,True
bp_fs200_signed,/home/test/bupt_hjk/sdp_dataset/xrf55/wifi/01_32_07.npy,1000,float64,0.0,0.5041074074074074,0.5041074074074074,0.5024740740740741,1.0,1.0,0.1614466318170022,0.1614466318170022,True
bp_fs200_signed,/home/test/bupt_hjk/sdp_dataset/xrf55/wifi/01_32_08.npy,1000,float64,0.0,0.4908962962962963,0.4908962962962963,0.4912666666666667,1.0,1.0,0.18188929670411152,0.18188929670411152,True
bp_fs200_signed,/home/test/bupt_hjk/sdp_dataset/xrf55/wifi/01_32_09.npy,1000,float64,0.0,0.5077333333333334,0.5077333333333334,0.5072296296296296,1.0,1.0,0.15157008860712565,0.15157008860712565,True
bp_fs200_signed,/home/test/bupt_hjk/sdp_dataset/xrf55/wifi/01_32_10.npy,1000,float64,0.0,0.5043962962962963,0.5043962962962963,0.5041703703703704,1.0,1.0,0.14282059837615393,0.14282059837615393,True
bp_fs200_signed,/home/test/bupt_hjk/sdp_dataset/xrf55/wifi/01_32_11.npy,1000,float64,0.0,0.4916740740740741,0.4916740740740741,0.49162962962962964,1.0,1.0,0.170092314536759,0.170092314536759,True
bp_fs200_signed,/home/test/bupt_hjk/sdp_dataset/xrf55/wifi/01_32_12.npy,1000,float64,0.0,0.5020777777777777,0.5020777777777777,0.5021185185185185,1.0,1.0,0.16972898824750676,0.16972898824750676,True
bp_fs200_signed,/home/test/bupt_hjk/sdp_dataset/xrf55/wifi/01_32_13.npy,1000,float64,0.0,0.5124185185185185,0.5124185185185185,0.5103333333333333,1.0,1.0,0.1503651799948096,0.1503651799948096,True
bp_fs200_signed,/home/test/bupt_hjk/sdp_dataset/xrf55/wifi/01_32_14.npy,1000,float64,0.0,0.5076333333333334,0.5076333333333334,0.5084296296296297,1.0,1.0,0.15921477032588144,0.15921477032588144,True
bp_fs200_signed,/home/test/bupt_hjk/sdp_dataset/xrf55/wifi/01_32_15.npy,1000,float64,0.0,0.4966740740740741,0.4966740740740741,0.4972,1.0,1.0,0.156363771178586,0.156363771178586,True
bp_fs200_signed,/home/test/bupt_hjk/sdp_dataset/xrf55/wifi/01_32_16.npy,1000,float64,0.0,0.513237037037037,0.513237037037037,0.5145407407407407,1.0,1.0,0.16094242390538688,0.16094242390538688,True
bp_fs200_signed,/home/test/bupt_hjk/sdp_dataset/xrf55/wifi/01_32_17.npy,1000,float64,0.0,0.4975703703703704,0.4975703703703704,0.4988148148148148,1.0,1.0,0.15689022355689022,0.15689022355689022,True
bp_fs200_signed,/home/test/bupt_hjk/sdp_dataset/xrf55/wifi/01_32_18.npy,1000,float64,0.0,0.5059518518518519,0.5059518518518519,0.5087777777777778,1.0,1.0,0.15269714158603048,0.15269714158603048,True
bp_fs200_signed,/home/test/bupt_hjk/sdp_dataset/xrf55/wifi/01_32_19.npy,1000,float64,0.0,0.49966666666666665,0.49966666666666665,0.5002814814814814,1.0,1.0,0.1692507322136952,0.1692507322136952,True
bp_fs200_signed,/home/test/bupt_hjk/sdp_dataset/xrf55/wifi/01_32_20.npy,1000,float64,0.0,0.5070444444444444,0.5070444444444444,0.5065851851851851,1.0,1.0,0.15531457383309236,0.15531457383309236,True
bp_fs200_signed,/home/test/bupt_hjk/sdp_dataset/xrf55/wifi/01_33_01.npy,1000,float64,0.0,0.49866666666666665,0.49866666666666665,0.4988814814814815,1.0,1.0,0.18687947206465724,0.18687947206465724,True
bp_fs200_signed,/home/test/bupt_hjk/sdp_dataset/xrf55/wifi/01_33_02.npy,1000,float64,0.0,0.5100740740740741,0.5100740740740741,0.5080074074074074,1.0,1.0,0.16952878804730656,0.16952878804730656,True
bp_fs200_signed,/home/test/bupt_hjk/sdp_dataset/xrf55/wifi/01_33_03.npy,1000,float64,0.0,0.48736666666666667,0.48736666666666667,0.4879851851851852,1.0,1.0,0.1762762762762763,0.1762762762762763,True
bp_fs200_signed,/home/test/bupt_hjk/sdp_dataset/xrf55/wifi/01_33_04.npy,1000,float64,0.0,0.5003518518518518,0.5003518518518518,0.49922222222222223,1.0,1.0,0.17759240722203684,0.17759240722203684,True
bp_fs200_signed,/home/test/bupt_hjk/sdp_dataset/xrf55/wifi/01_33_05.npy,1000,float64,0.0,0.49906666666666666,0.49906666666666666,0.49945185185185187,1.0,1.0,0.17593519445371297,0.17593519445371297,True
bp_fs200_signed,/home/test/bupt_hjk/sdp_dataset/xrf55/wifi/01_33_06.npy,1000,float64,0.0,0.49482592592592595,0.49482592592592595,0.49476296296296296,1.0,1.0,0.14213101990879767,0.14213101990879767,True
bp_fs200_signed,/home/test/bupt_hjk/sdp_dataset/xrf55/wifi/01_33_07.npy,1000,float64,0.0,0.49955185185185186,0.49955185185185186,0.5006962962962963,1.0,1.0,0.1649909168427687,0.1649909168427687,True
bp_fs200_signed,/home/test/bupt_hjk/sdp_dataset/xrf55/wifi/01_33_08.npy,1000,float64,0.0,0.5002333333333333,0.5002333333333333,0.5009777777777777,1.0,1.0,0.16506135765395025,0.16506135765395025,True
bp_fs200_signed,/home/test/bupt_hjk/sdp_dataset/xrf55/wifi/01_33_09.npy,1000,float64,0.0,0.5069777777777777,0.5069777777777777,0.5069333333333333,1.0,1.0,0.16077188299410522,0.16077188299410522,True
bp_fs200_signed,/home/test/bupt_hjk/sdp_dataset/xrf55/wifi/01_33_10.npy,1000,float64,0.0,0.4869,0.4869,0.4875407407407407,1.0,1.0,0.15845475104734363,0.15845475104734363,True
bp_fs200_signed,/home/test/bupt_hjk/sdp_dataset/xrf55/wifi/01_33_11.npy,1000,float64,0.0,0.4967,0.4967,0.4977185185185185,1.0,1.0,0.15515515515515516,0.15515515515515516,True
bp_fs200_signed,/home/test/bupt_hjk/sdp_dataset/xrf55/wifi/01_33_12.npy,1000,float64,0.0,0.49646296296296294,0.49646296296296294,0.49775555555555556,1.0,1.0,0.165291217143069,0.165291217143069,True
bp_fs200_signed,/home/test/bupt_hjk/sdp_dataset/xrf55/wifi/01_33_13.npy,1000,float64,0.0,0.5021814814814815,0.5021814814814815,0.5034740740740741,1.0,1.0,0.17626886145404663,0.17626886145404663,True
bp_fs200_signed,/home/test/bupt_hjk/sdp_dataset/xrf55/wifi/01_33_14.npy,1000,float64,0.0,0.5042740740740741,0.5042740740740741,0.5041629629629629,1.0,1.0,0.16202498795091388,0.16202498795091388,True
bp_fs200_signed,/home/test/bupt_hjk/sdp_dataset/xrf55/wifi/01_33_15.npy,1000,float64,0.0,0.503862962962963,0.503862962962963,0.5047555555555555,1.0,1.0,0.14348422496570645,0.14348422496570645,True
bp_fs200_signed,/home/test/bupt_hjk/sdp_dataset/xrf55/wifi/01_33_16.npy,1000,float64,0.0,0.5048407407407407,0.5048407407407407,0.505237037037037,1.0,1.0,0.15355726096466837,0.15355726096466837,True
bp_fs200_signed,/home/test/bupt_hjk/sdp_dataset/xrf55/wifi/01_33_17.npy,1000,float64,0.0,0.4964148148148148,0.4964148148148148,0.4962888888888889,1.0,1.0,0.1650316983650317,0.1650316983650317,True
bp_fs200_signed,/home/test/bupt_hjk/sdp_dataset/xrf55/wifi/01_33_18.npy,1000,float64,0.0,0.4971333333333333,0.4971333333333333,0.4965777777777778,1.0,1.0,0.16260705149594037,0.16260705149594037,True
bp_fs200_signed,/home/test/bupt_hjk/sdp_dataset/xrf55/wifi/01_33_19.npy,1000,float64,0.0,0.47855185185185184,0.47855185185185184,0.4792074074074074,1.0,1.0,0.1724391057724391,0.1724391057724391,True
bp_fs200_signed,/home/test/bupt_hjk/sdp_dataset/xrf55/wifi/01_33_20.npy,1000,float64,0.0,0.49548888888888887,0.49548888888888887,0.49675555555555556,1.0,1.0,0.14794794794794794,0.14794794794794794,True
bp_fs200_signed,/home/test/bupt_hjk/sdp_dataset/xrf55/wifi/01_34_01.npy,1000,float64,0.0,0.4984703703703704,0.4984703703703704,0.4978148148148148,1.0,1.0,0.11867793719645571,0.11867793719645571,True
bp_fs200_signed,/home/test/bupt_hjk/sdp_dataset/xrf55/wifi/01_34_02.npy,1000,float64,0.0,0.5002481481481481,0.5002481481481481,0.49864444444444445,1.0,1.0,0.12116561005449894,0.12116561005449894,True
bp_fs200_signed,/home/test/bupt_hjk/sdp_dataset/xrf55/wifi/01_34_03.npy,1000,float64,0.0,0.5082962962962962,0.5082962962962962,0.5083703703703704,1.0,1.0,0.1312275238201164,0.1312275238201164,True
bp_fs200_signed,/home/test/bupt_hjk/sdp_dataset/xrf55/wifi/01_34_04.npy,1000,float64,0.0,0.5035555555555555,0.5035555555555555,0.5027703703703704,1.0,1.0,0.13830497163830496,0.13830497163830496,True
bp_fs200_signed,/home/test/bupt_hjk/sdp_dataset/xrf55/wifi/01_34_05.npy,1000,float64,0.0,0.5055444444444445,0.5055444444444445,0.5049259259259259,1.0,1.0,0.11428094761428095,0.11428094761428095,True
bp_fs200_signed,/home/test/bupt_hjk/sdp_dataset/xrf55/wifi/01_34_06.npy,1000,float64,0.0,0.4945703703703704,0.4945703703703704,0.4946,1.0,1.0,0.12708634560486412,0.12708634560486412,True
bp_fs200_signed,/home/test/bupt_hjk/sdp_dataset/xrf55/wifi/01_34_07.npy,1000,float64,0.0,0.5043333333333333,0.5043333333333333,0.5065111111111111,1.0,1.0,0.13341489637785933,0.13341489637785933,True
bp_fs200_signed,/home/test/bupt_hjk/sdp_dataset/xrf55/wifi/01_34_08.npy,1000,float64,0.0,0.5112703703703704,0.5112703703703704,0.5098666666666667,1.0,1.0,0.14317280243206168,0.14317280243206168,True
bp_fs200_signed,/home/test/bupt_hjk/sdp_dataset/xrf55/wifi/01_34_09.npy,1000,float64,0.0,0.4911259259259259,0.4911259259259259,0.4922074074074074,1.0,1.0,0.131746561376191,0.131746561376191,True
bp_fs200_signed,/home/test/bupt_hjk/sdp_dataset/xrf55/wifi/01_34_10.npy,1000,float64,0.0,0.5180518518518519,0.5180518518518519,0.5174444444444445,1.0,1.0,0.1314685055425796,0.1314685055425796,True
bp_fs200_signed,/home/test/bupt_hjk/sdp_dataset/xrf55/wifi/01_34_11.npy,1000,float64,0.0,0.5119888888888889,0.5119888888888889,0.5138814814814815,1.0,1.0,0.13768583398213027,0.13768583398213027,True
bp_fs200_signed,/home/test/bupt_hjk/sdp_dataset/xrf55/wifi/01_34_12.npy,1000,float64,0.0,0.5015259259259259,0.5015259259259259,0.5006888888888889,1.0,1.0,0.1169947725503281,0.1169947725503281,True
bp_fs200_signed,/home/test/bupt_hjk/sdp_dataset/xrf55/wifi/01_34_13.npy,1000,float64,0.0,0.5026666666666667,0.5026666666666667,0.5030592592592592,1.0,1.0,0.11344307270233196,0.11344307270233196,True
bp_fs200_signed,/home/test/bupt_hjk/sdp_dataset/xrf55/wifi/01_34_14.npy,1000,float64,0.0,0.507462962962963,0.507462962962963,0.5076,1.0,1.0,0.13169836503169838,0.13169836503169838,True
bp_fs200_signed,/home/test/bupt_hjk/sdp_dataset/xrf55/wifi/01_34_15.npy,1000,float64,0.0,0.4839148148148148,0.4839148148148148,0.48417037037037036,1.0,1.0,0.12638935231527823,0.12638935231527823,True
bp_fs200_signed,/home/test/bupt_hjk/sdp_dataset/xrf55/wifi/01_34_16.npy,1000,float64,0.0,0.5142888888888889,0.5142888888888889,0.5132444444444444,1.0,1.0,0.11784747710673636,0.11784747710673636,True
bp_fs200_signed,/home/test/bupt_hjk/sdp_dataset/xrf55/wifi/01_34_17.npy,1000,float64,0.0,0.5112703703703704,0.5112703703703704,0.5119703703703704,1.0,1.0,0.11713194676157639,0.11713194676157639,True
bp_fs200_signed,/home/test/bupt_hjk/sdp_dataset/xrf55/wifi/01_34_18.npy,1000,float64,0.0,0.48835555555555554,0.48835555555555554,0.4895111111111111,1.0,1.0,0.12356059763467171,0.12356059763467171,True
bp_fs200_signed,/home/test/bupt_hjk/sdp_dataset/xrf55/wifi/01_34_19.npy,1000,float64,0.0,0.49695185185185187,0.49695185185185187,0.4971333333333333,1.0,1.0,0.1296222148074,0.1296222148074,True
bp_fs200_signed,/home/test/bupt_hjk/sdp_dataset/xrf55/wifi/01_34_20.npy,1000,float64,0.0,0.49313703703703704,0.49313703703703704,0.49219259259259257,1.0,1.0,0.11743966188410633,0.11743966188410633,True
bp_fs200_signed,/home/test/bupt_hjk/sdp_dataset/xrf55/wifi/01_35_01.npy,1000,float64,0.0,0.49636296296296295,0.49636296296296295,0.497837037037037,1.0,1.0,0.12719015311607904,0.12719015311607904,True
bp_fs200_signed,/home/test/bupt_hjk/sdp_dataset/xrf55/wifi/01_35_02.npy,1000,float64,0.0,0.49626296296296296,0.49626296296296296,0.4965259259259259,1.0,1.0,0.11744707670633596,0.11744707670633596,True
bp_fs200_signed,/home/test/bupt_hjk/sdp_dataset/xrf55/wifi/01_35_03.npy,1000,float64,0.0,0.5131259259259259,0.5131259259259259,0.5128,1.0,1.0,0.11838505171838505,0.11838505171838505,True
bp_fs200_signed,/home/test/bupt_hjk/sdp_dataset/xrf55/wifi/01_35_04.npy,1000,float64,0.0,0.49015555555555557,0.49015555555555557,0.491837037037037,1.0,1.0,0.11358766173580988,0.11358766173580988,True
bp_fs200_signed,/home/test/bupt_hjk/sdp_dataset/xrf55/wifi/01_35_05.npy,1000,float64,0.0,0.4986,0.4986,0.49848148148148147,1.0,1.0,0.10800430059689319,0.10800430059689319,True
bp_fs200_signed,/home/test/bupt_hjk/sdp_dataset/xrf55/wifi/01_35_06.npy,1000,float64,0.0,0.4986814814814815,0.4986814814814815,0.4984,1.0,1.0,0.11220108997886775,0.11220108997886775,True
bp_fs200_signed,/home/test/bupt_hjk/sdp_dataset/xrf55/wifi/01_35_07.npy,1000,float64,0.0,0.5078518518518519,0.5078518518518519,0.5084888888888889,1.0,1.0,0.10945019093167241,0.10945019093167241,True
bp_fs200_signed,/home/test/bupt_hjk/sdp_dataset/xrf55/wifi/01_35_08.npy,1000,float64,0.0,0.508962962962963,0.508962962962963,0.5073777777777778,1.0,1.0,0.11679457235012791,0.11679457235012791,True
bp_fs200_signed,/home/test/bupt_hjk/sdp_dataset/xrf55/wifi/01_35_09.npy,1000,float64,0.0,0.5024851851851851,0.5024851851851851,0.5030444444444444,1.0,1.0,0.11589737886034182,0.11589737886034182,True
bp_fs200_signed,/home/test/bupt_hjk/sdp_dataset/xrf55/wifi/01_35_10.npy,1000,float64,0.0,0.4900185185185185,0.4900185185185185,0.49062222222222224,1.0,1.0,0.12003484966447929,0.12003484966447929,True
bp_fs200_signed,/home/test/bupt_hjk/sdp_dataset/xrf55/wifi/01_35_11.npy,1000,float64,0.0,0.5036777777777778,0.5036777777777778,0.5048,1.0,1.0,0.12850628406183962,0.12850628406183962,True
bp_fs200_signed,/home/test/bupt_hjk/sdp_dataset/xrf55/wifi/01_35_12.npy,1000,float64,0.0,0.5099444444444444,0.5099444444444444,0.5091185185185185,1.0,1.0,0.11699106513921328,0.11699106513921328,True
bp_fs200_signed,/home/test/bupt_hjk/sdp_dataset/xrf55/wifi/01_35_13.npy,1000,float64,0.0,0.5169962962962963,0.5169962962962963,0.5169333333333334,1.0,1.0,0.11252734215697179,0.11252734215697179,True
bp_fs200_signed,/home/test/bupt_hjk/sdp_dataset/xrf55/wifi/01_35_14.npy,1000,float64,0.0,0.4989851851851852,0.4989851851851852,0.4993185185185185,1.0,1.0,0.11903014125236347,0.11903014125236347,True
bp_fs200_signed,/home/test/bupt_hjk/sdp_dataset/xrf55/wifi/01_35_15.npy,1000,float64,0.0,0.5113592592592593,0.5113592592592593,0.5118592592592592,1.0,1.0,0.12324176027879731,0.12324176027879731,True
bp_fs200_signed,/home/test/bupt_hjk/sdp_dataset/xrf55/wifi/01_35_16.npy,1000,float64,0.0,0.49661481481481484,0.49661481481481484,0.4956,1.0,1.0,0.11877803729655581,0.11877803729655581,True
bp_fs200_signed,/home/test/bupt_hjk/sdp_dataset/xrf55/wifi/01_35_17.npy,1000,float64,0.0,0.4977111111111111,0.4977111111111111,0.4955333333333333,1.0,1.0,0.12045007970933896,0.12045007970933896,True
bp_fs200_signed,/home/test/bupt_hjk/sdp_dataset/xrf55/wifi/01_35_18.npy,1000,float64,0.0,0.49891111111111114,0.49891111111111114,0.5005333333333334,1.0,1.0,0.11003966929892856,0.11003966929892856,True
bp_fs200_signed,/home/test/bupt_hjk/sdp_dataset/xrf55/wifi/01_35_19.npy,1000,float64,0.0,0.5058925925925926,0.5058925925925926,0.5063333333333333,1.0,1.0,0.12238534831127423,0.12238534831127423,True
bp_fs200_signed,/home/test/bupt_hjk/sdp_dataset/xrf55/wifi/01_35_20.npy,1000,float64,0.0,0.5063074074074074,0.5063074074074074,0.5070296296296296,1.0,1.0,0.12280799317836355,0.12280799317836355,True
bp_fs200_signed,/home/test/bupt_hjk/sdp_dataset/xrf55/wifi/01_36_01.npy,1000,float64,0.0,0.504662962962963,0.504662962962963,0.5056518518518518,1.0,1.0,0.1426129833537241,0.1426129833537241,True
bp_fs200_signed,/home/test/bupt_hjk/sdp_dataset/xrf55/wifi/01_36_02.npy,1000,float64,0.0,0.49915185185185185,0.49915185185185185,0.4984222222222222,1.0,1.0,0.15713491269046825,0.15713491269046825,True
bp_fs200_signed,/home/test/bupt_hjk/sdp_dataset/xrf55/wifi/01_36_03.npy,1000,float64,0.0,0.5072518518518518,0.5072518518518518,0.5075481481481482,1.0,1.0,0.14792570348125902,0.14792570348125902,True
bp_fs200_signed,/home/test/bupt_hjk/sdp_dataset/xrf55/wifi/01_36_04.npy,1000,float64,0.0,0.4893222222222222,0.4893222222222222,0.4893037037037037,1.0,1.0,0.13602120639157675,0.13602120639157675,True
bp_fs200_signed,/home/test/bupt_hjk/sdp_dataset/xrf55/wifi/01_36_05.npy,1000,float64,0.0,0.4890888888888889,0.4890888888888889,0.49034074074074074,1.0,1.0,0.14538241945649352,0.14538241945649352,True
bp_fs200_signed,/home/test/bupt_hjk/sdp_dataset/xrf55/wifi/01_36_06.npy,1000,float64,0.0,0.5024777777777778,0.5024777777777778,0.5026,1.0,1.0,0.14314685055425797,0.14314685055425797,True
bp_fs200_signed,/home/test/bupt_hjk/sdp_dataset/xrf55/wifi/01_36_07.npy,1000,float64,0.0,0.5081074074074075,0.5081074074074075,0.5096148148148149,1.0,1.0,0.1430578726875023,0.1430578726875023,True
bp_fs200_signed,/home/test/bupt_hjk/sdp_dataset/xrf55/wifi/01_36_08.npy,1000,float64,0.0,0.5003666666666666,0.5003666666666666,0.5019851851851852,1.0,1.0,0.13797871946020093,0.13797871946020093,True
bp_fs200_signed,/home/test/bupt_hjk/sdp_dataset/xrf55/wifi/01_36_09.npy,1000,float64,0.0,0.49442592592592594,0.49442592592592594,0.4952740740740741,1.0,1.0,0.14065547028509992,0.14065547028509992,True
bp_fs200_signed,/home/test/bupt_hjk/sdp_dataset/xrf55/wifi/01_36_10.npy,1000,float64,0.0,0.49107407407407405,0.49107407407407405,0.4924962962962963,1.0,1.0,0.15913320728135544,0.15913320728135544,True
bp_fs200_signed,/home/test/bupt_hjk/sdp_dataset/xrf55/wifi/01_36_11.npy,1000,float64,0.0,0.5062740740740741,0.5062740740740741,0.5052666666666666,1.0,1.0,0.1459607755904052,0.1459607755904052,True
bp_fs200_signed,/home/test/bupt_hjk/sdp_dataset/xrf55/wifi/01_36_12.npy,1000,float64,0.0,0.510337037037037,0.510337037037037,0.5096222222222222,1.0,1.0,0.13352241130018908,0.13352241130018908,True
bp_fs200_signed,/home/test/bupt_hjk/sdp_dataset/xrf55/wifi/01_36_13.npy,1000,float64,0.0,0.504562962962963,0.504562962962963,0.505562962962963,1.0,1.0,0.13153153153153152,0.13153153153153152,True
bp_fs200_signed,/home/test/bupt_hjk/sdp_dataset/xrf55/wifi/01_36_14.npy,1000,float64,0.0,0.49698148148148147,0.49698148148148147,0.4986,1.0,1.0,0.12635227820413006,0.12635227820413006,True
bp_fs200_signed,/home/test/bupt_hjk/sdp_dataset/xrf55/wifi/01_36_15.npy,1000,float64,0.0,0.4960407407407407,0.4960407407407407,0.4972,1.0,1.0,0.12997812627442257,0.12997812627442257,True
bp_fs200_signed,/home/test/bupt_hjk/sdp_dataset/xrf55/wifi/01_36_16.npy,1000,float64,0.0,0.5149481481481482,0.5149481481481482,0.5153703703703704,1.0,1.0,0.12893263634004376,0.12893263634004376,True
bp_fs200_signed,/home/test/bupt_hjk/sdp_dataset/xrf55/wifi/01_36_17.npy,1000,float64,0.0,0.49967407407407405,0.49967407407407405,0.49945185185185187,1.0,1.0,0.13552070589107626,0.13552070589107626,True
bp_fs200_signed,/home/test/bupt_hjk/sdp_dataset/xrf55/wifi/01_36_18.npy,1000,float64,0.0,0.49893333333333334,0.49893333333333334,0.49933333333333335,1.0,1.0,0.13127201275349423,0.13127201275349423,True
bp_fs200_signed,/home/test/bupt_hjk/sdp_dataset/xrf55/wifi/01_36_19.npy,1000,float64,0.0,0.5000370370370371,0.5000370370370371,0.5005259259259259,1.0,1.0,0.15947058169280393,0.15947058169280393,True
bp_fs200_signed,/home/test/bupt_hjk/sdp_dataset/xrf55/wifi/01_36_20.npy,1000,float64,0.0,0.5036592592592593,0.5036592592592593,0.5030370370370371,1.0,1.0,0.12701961220479738,0.12701961220479738,True
bp_fs200_signed,/home/test/bupt_hjk/sdp_dataset/xrf55/wifi/01_37_01.npy,1000,float64,0.0,0.48113333333333336,0.48113333333333336,0.48175555555555555,1.0,1.0,0.14732881029177325,0.14732881029177325,True
bp_fs200_signed,/home/test/bupt_hjk/sdp_dataset/xrf55/wifi/01_37_02.npy,1000,float64,0.0,0.49202222222222225,0.49202222222222225,0.49318518518518517,1.0,1.0,0.13752641530419307,0.13752641530419307,True
bp_fs200_signed,/home/test/bupt_hjk/sdp_dataset/xrf55/wifi/01_37_03.npy,1000,float64,0.0,0.49276296296296296,0.49276296296296296,0.4937925925925926,1.0,1.0,0.13710377043710378,0.13710377043710378,True
bp_fs200_signed,/home/test/bupt_hjk/sdp_dataset/xrf55/wifi/01_37_04.npy,1000,float64,0.0,0.5047333333333334,0.5047333333333334,0.5036592592592593,1.0,1.0,0.12265598932265599,0.12265598932265599,True
bp_fs200_signed,/home/test/bupt_hjk/sdp_dataset/xrf55/wifi/01_37_05.npy,1000,float64,0.0,0.5032814814814814,0.5032814814814814,0.5030370370370371,1.0,1.0,0.13654765876988098,0.13654765876988098,True
bp_fs200_signed,/home/test/bupt_hjk/sdp_dataset/xrf55/wifi/01_37_06.npy,1000,float64,0.0,0.4948,0.4948,0.49577037037037036,1.0,1.0,0.1284803321840359,0.1284803321840359,True
bp_fs200_signed,/home/test/bupt_hjk/sdp_dataset/xrf55/wifi/01_37_07.npy,1000,float64,0.0,0.5084481481481481,0.5084481481481481,0.5089111111111111,1.0,1.0,0.1522411300189078,0.1522411300189078,True
bp_fs200_signed,/home/test/bupt_hjk/sdp_dataset/xrf55/wifi/01_37_08.npy,1000,float64,0.0,0.5066962962962963,0.5066962962962963,0.5044740740740741,1.0,1.0,0.14537871204537872,0.14537871204537872,True
bp_fs200_signed,/home/test/bupt_hjk/sdp_dataset/xrf55/wifi/01_37_09.npy,1000,float64,0.0,0.5002148148148148,0.5002148148148148,0.49903703703703706,1.0,1.0,0.14916768620472323,0.14916768620472323,True
bp_fs200_signed,/home/test/bupt_hjk/sdp_dataset/xrf55/wifi/01_37_10.npy,1000,float64,0.0,0.4855333333333333,0.4855333333333333,0.48605925925925925,1.0,1.0,0.14060356652949246,0.14060356652949246,True
bp_fs200_signed,/home/test/bupt_hjk/sdp_dataset/xrf55/wifi/01_37_11.npy,1000,float64,0.0,0.5062185185185185,0.5062185185185185,0.5068592592592592,1.0,1.0,0.1598264931598265,0.1598264931598265,True
bp_fs200_signed,/home/test/bupt_hjk/sdp_dataset/xrf55/wifi/01_37_12.npy,1000,float64,0.0,0.5046148148148148,0.5046148148148148,0.505962962962963,1.0,1.0,0.14340636933229525,0.14340636933229525,True
bp_fs200_signed,/home/test/bupt_hjk/sdp_dataset/xrf55/wifi/01_37_13.npy,1000,float64,0.0,0.5196962962962963,0.5196962962962963,0.519237037037037,1.0,1.0,0.140551662773885,0.140551662773885,True
bp_fs200_signed,/home/test/bupt_hjk/sdp_dataset/xrf55/wifi/01_37_14.npy,1000,float64,0.0,0.512462962962963,0.512462962962963,0.5127851851851852,1.0,1.0,0.1521855188521855,0.1521855188521855,True
bp_fs200_signed,/home/test/bupt_hjk/sdp_dataset/xrf55/wifi/01_37_15.npy,1000,float64,0.0,0.49891851851851854,0.49891851851851854,0.49936296296296295,1.0,1.0,0.1413339265191117,0.1413339265191117,True
bp_fs200_signed,/home/test/bupt_hjk/sdp_dataset/xrf55/wifi/01_37_16.npy,1000,float64,0.0,0.5031444444444444,0.5031444444444444,0.5030370370370371,1.0,1.0,0.1320653987320654,0.1320653987320654,True
bp_fs200_signed,/home/test/bupt_hjk/sdp_dataset/xrf55/wifi/01_37_17.npy,1000,float64,0.0,0.5029222222222223,0.5029222222222223,0.5045407407407407,1.0,1.0,0.11669447225002781,0.11669447225002781,True
bp_fs200_signed,/home/test/bupt_hjk/sdp_dataset/xrf55/wifi/01_37_18.npy,1000,float64,0.0,0.4984851851851852,0.4984851851851852,0.49848148148148147,1.0,1.0,0.12845438030623216,0.12845438030623216,True
bp_fs200_signed,/home/test/bupt_hjk/sdp_dataset/xrf55/wifi/01_37_19.npy,1000,float64,0.0,0.49594074074074074,0.49594074074074074,0.49563703703703704,1.0,1.0,0.13678864049234418,0.13678864049234418,True
bp_fs200_signed,/home/test/bupt_hjk/sdp_dataset/xrf55/wifi/01_37_20.npy,1000,float64,0.0,0.5146925925925926,0.5146925925925926,0.5145703703703703,1.0,1.0,0.14076669261854446,0.14076669261854446,True
bp_fs200_signed,/home/test/bupt_hjk/sdp_dataset/xrf55/wifi/01_38_01.npy,1000,float64,0.0,0.5091814814814815,0.5091814814814815,0.5090592592592592,1.0,1.0,0.150643235828421,0.150643235828421,True
bp_fs200_signed,/home/test/bupt_hjk/sdp_dataset/xrf55/wifi/01_38_02.npy,1000,float64,0.0,0.4936037037037037,0.4936037037037037,0.4929037037037037,1.0,1.0,0.15755385014644274,0.15755385014644274,True
bp_fs200_signed,/home/test/bupt_hjk/sdp_dataset/xrf55/wifi/01_38_03.npy,1000,float64,0.0,0.5065481481481482,0.5065481481481482,0.5062962962962962,1.0,1.0,0.1511177844511178,0.1511177844511178,True
bp_fs200_signed,/home/test/bupt_hjk/sdp_dataset/xrf55/wifi/01_38_04.npy,1000,float64,0.0,0.5044888888888889,0.5044888888888889,0.5044222222222222,1.0,1.0,0.17922737552367182,0.17922737552367182,True
bp_fs200_signed,/home/test/bupt_hjk/sdp_dataset/xrf55/wifi/01_38_05.npy,1000,float64,0.0,0.49577037037037036,0.49577037037037036,0.4970222222222222,1.0,1.0,0.17419271122974828,0.17419271122974828,True
bp_fs200_signed,/home/test/bupt_hjk/sdp_dataset/xrf55/wifi/01_38_06.npy,1000,float64,0.0,0.4962037037037037,0.4962037037037037,0.4956814814814815,1.0,1.0,0.17000704408111816,0.17000704408111816,True
bp_fs200_signed,/home/test/bupt_hjk/sdp_dataset/xrf55/wifi/01_38_07.npy,1000,float64,0.0,0.49744814814814814,0.49744814814814814,0.49934074074074075,1.0,1.0,0.16708931153375597,0.16708931153375597,True
bp_fs200_signed,/home/test/bupt_hjk/sdp_dataset/xrf55/wifi/01_38_08.npy,1000,float64,0.0,0.5033851851851852,0.5033851851851852,0.5011851851851852,1.0,1.0,0.168457346235124,0.168457346235124,True
bp_fs200_signed,/home/test/bupt_hjk/sdp_dataset/xrf55/wifi/01_38_09.npy,1000,float64,0.0,0.512,0.512,0.5122888888888889,1.0,1.0,0.14582730879027175,0.14582730879027175,True
bp_fs200_signed,/home/test/bupt_hjk/sdp_dataset/xrf55/wifi/01_38_10.npy,1000,float64,0.0,0.5151666666666667,0.5151666666666667,0.5133851851851852,1.0,1.0,0.1542876209542876,0.1542876209542876,True
bp_fs200_signed,/home/test/bupt_hjk/sdp_dataset/xrf55/wifi/01_38_11.npy,1000,float64,0.0,0.5111592592592593,0.5111592592592593,0.5121185185185185,1.0,1.0,0.14544915285656027,0.14544915285656027,True
bp_fs200_signed,/home/test/bupt_hjk/sdp_dataset/xrf55/wifi/01_38_12.npy,1000,float64,0.0,0.5042888888888889,0.5042888888888889,0.5016074074074074,1.0,1.0,0.16542097653208765,0.16542097653208765,True
bp_fs200_signed,/home/test/bupt_hjk/sdp_dataset/xrf55/wifi/01_38_13.npy,1000,float64,0.0,0.5045888888888889,0.5045888888888889,0.5059407407407407,1.0,1.0,0.14869313758202646,0.14869313758202646,True
bp_fs200_signed,/home/test/bupt_hjk/sdp_dataset/xrf55/wifi/01_38_14.npy,1000,float64,0.0,0.5179666666666667,0.5179666666666667,0.517762962962963,1.0,1.0,0.1342638935231528,0.1342638935231528,True
bp_fs200_signed,/home/test/bupt_hjk/sdp_dataset/xrf55/wifi/01_38_15.npy,1000,float64,0.0,0.4970148148148148,0.4970148148148148,0.4974296296296296,1.0,1.0,0.1557446335224113,0.1557446335224113,True
bp_fs200_signed,/home/test/bupt_hjk/sdp_dataset/xrf55/wifi/01_38_16.npy,1000,float64,0.0,0.5054111111111111,0.5054111111111111,0.5050518518518519,1.0,1.0,0.15958180402624847,0.15958180402624847,True
bp_fs200_signed,/home/test/bupt_hjk/sdp_dataset/xrf55/wifi/01_38_17.npy,1000,float64,0.0,0.5073666666666666,0.5073666666666666,0.5066222222222222,1.0,1.0,0.13195417639862084,0.13195417639862084,True
bp_fs200_signed,/home/test/bupt_hjk/sdp_dataset/xrf55/wifi/01_38_18.npy,1000,float64,0.0,0.5152185185185185,0.5152185185185185,0.5166888888888889,1.0,1.0,0.1529047566084603,0.1529047566084603,True
bp_fs200_signed,/home/test/bupt_hjk/sdp_dataset/xrf55/wifi/01_38_19.npy,1000,float64,0.0,0.505325925925926,0.505325925925926,0.5058,1.0,1.0,0.14894894894894894,0.14894894894894894,True
bp_fs200_signed,/home/test/bupt_hjk/sdp_dataset/xrf55/wifi/01_38_20.npy,1000,float64,0.0,0.49496296296296294,0.49496296296296294,0.49534814814814815,1.0,1.0,0.13213583954324695,0.13213583954324695,True
bp_fs200_signed,/home/test/bupt_hjk/sdp_dataset/xrf55/wifi/01_39_01.npy,1000,float64,0.0,0.4921962962962963,0.4921962962962963,0.4915555555555556,1.0,1.0,0.1221777332888444,0.1221777332888444,True
bp_fs200_signed,/home/test/bupt_hjk/sdp_dataset/xrf55/wifi/01_39_02.npy,1000,float64,0.0,0.4955481481481481,0.4955481481481481,0.4968444444444444,1.0,1.0,0.14510807103399695,0.14510807103399695,True
bp_fs200_signed,/home/test/bupt_hjk/sdp_dataset/xrf55/wifi/01_39_03.npy,1000,float64,0.0,0.5000703703703704,0.5000703703703704,0.5009555555555556,1.0,1.0,0.14398472546620694,0.14398472546620694,True
bp_fs200_signed,/home/test/bupt_hjk/sdp_dataset/xrf55/wifi/01_39_04.npy,1000,float64,0.0,0.4941333333333333,0.4941333333333333,0.4946740740740741,1.0,1.0,0.1384124865606347,0.1384124865606347,True
bp_fs200_signed,/home/test/bupt_hjk/sdp_dataset/xrf55/wifi/01_39_05.npy,1000,float64,0.0,0.4862740740740741,0.4862740740740741,0.4865555555555556,1.0,1.0,0.13821970118266413,0.13821970118266413,True
bp_fs200_signed,/home/test/bupt_hjk/sdp_dataset/xrf55/wifi/01_39_06.npy,1000,float64,0.0,0.4819037037037037,0.4819037037037037,0.48234074074074074,1.0,1.0,0.1358692025358692,0.1358692025358692,True
bp_fs200_signed,/home/test/bupt_hjk/sdp_dataset/xrf55/wifi/01_39_07.npy,1000,float64,0.0,0.5030777777777777,0.5030777777777777,0.5038666666666667,1.0,1.0,0.13503132762392023,0.13503132762392023,True
bp_fs200_signed,/home/test/bupt_hjk/sdp_dataset/xrf55/wifi/01_39_08.npy,1000,float64,0.0,0.4880814814814815,0.4880814814814815,0.4894296296296296,1.0,1.0,0.14254624995365736,0.14254624995365736,True
bp_fs200_signed,/home/test/bupt_hjk/sdp_dataset/xrf55/wifi/01_39_09.npy,1000,float64,0.0,0.49625185185185183,0.49625185185185183,0.4976148148148148,1.0,1.0,0.13993993993993994,0.13993993993993994,True
bp_fs200_signed,/home/test/bupt_hjk/sdp_dataset/xrf55/wifi/01_39_10.npy,1000,float64,0.0,0.5054814814814815,0.5054814814814815,0.5047925925925926,1.0,1.0,0.13958402847291737,0.13958402847291737,True
bp_fs200_signed,/home/test/bupt_hjk/sdp_dataset/xrf55/wifi/01_39_11.npy,1000,float64,0.0,0.4951259259259259,0.4951259259259259,0.49502962962962965,1.0,1.0,0.1179142105068031,0.1179142105068031,True
bp_fs200_signed,/home/test/bupt_hjk/sdp_dataset/xrf55/wifi/01_39_12.npy,1000,float64,0.0,0.4973851851851852,0.4973851851851852,0.49855555555555553,1.0,1.0,0.13755236718199682,0.13755236718199682,True
bp_fs200_signed,/home/test/bupt_hjk/sdp_dataset/xrf55/wifi/01_39_13.npy,1000,float64,0.0,0.499662962962963,0.499662962962963,0.5002444444444445,1.0,1.0,0.12504726949171394,0.12504726949171394,True
bp_fs200_signed,/home/test/bupt_hjk/sdp_dataset/xrf55/wifi/01_39_14.npy,1000,float64,0.0,0.5022629629629629,0.5022629629629629,0.5025111111111111,1.0,1.0,0.14330997664330997,0.14330997664330997,True
bp_fs200_signed,/home/test/bupt_hjk/sdp_dataset/xrf55/wifi/01_39_15.npy,1000,float64,0.0,0.5070777777777777,0.5070777777777777,0.5076518518518518,1.0,1.0,0.13887591294998702,0.13887591294998702,True
bp_fs200_signed,/home/test/bupt_hjk/sdp_dataset/xrf55/wifi/01_39_16.npy,1000,float64,0.0,0.4897444444444444,0.4897444444444444,0.4903851851851852,1.0,1.0,0.14664293923553182,0.14664293923553182,True
bp_fs200_signed,/home/test/bupt_hjk/sdp_dataset/xrf55/wifi/01_39_17.npy,1000,float64,0.0,0.49491851851851854,0.49491851851851854,0.49521481481481483,1.0,1.0,0.1362102843584325,0.1362102843584325,True
bp_fs200_signed,/home/test/bupt_hjk/sdp_dataset/xrf55/wifi/01_39_18.npy,1000,float64,0.0,0.4975148148148148,0.4975148148148148,0.49894814814814814,1.0,1.0,0.1412746079412746,0.1412746079412746,True
bp_fs200_signed,/home/test/bupt_hjk/sdp_dataset/xrf55/wifi/01_39_19.npy,1000,float64,0.0,0.4964,0.4964,0.49691851851851854,1.0,1.0,0.14663181700218736,0.14663181700218736,True
bp_fs200_signed,/home/test/bupt_hjk/sdp_dataset/xrf55/wifi/01_39_20.npy,1000,float64,0.0,0.4969222222222222,0.4969222222222222,0.4968148148148148,1.0,1.0,0.14471137804471138,0.14471137804471138,True
bp_fs200_signed,/home/test/bupt_hjk/sdp_dataset/xrf55/wifi/01_40_01.npy,1000,float64,0.0,0.5091592592592593,0.5091592592592593,0.5096074074074074,1.0,1.0,0.12983353724094465,0.12983353724094465,True
bp_fs200_signed,/home/test/bupt_hjk/sdp_dataset/xrf55/wifi/01_40_02.npy,1000,float64,0.0,0.5108333333333334,0.5108333333333334,0.511,1.0,1.0,0.14666147629110593,0.14666147629110593,True
bp_fs200_signed,/home/test/bupt_hjk/sdp_dataset/xrf55/wifi/01_40_03.npy,1000,float64,0.0,0.5132518518518518,0.5132518518518518,0.5117407407407407,1.0,1.0,0.14575316056797538,0.14575316056797538,True
bp_fs200_signed,/home/test/bupt_hjk/sdp_dataset/xrf55/wifi/01_40_04.npy,1000,float64,0.0,0.49745185185185187,0.49745185185185187,0.49954074074074073,1.0,1.0,0.14741408074741408,0.14741408074741408,True
bp_fs200_signed,/home/test/bupt_hjk/sdp_dataset/xrf55/wifi/01_40_05.npy,1000,float64,0.0,0.5176111111111111,0.5176111111111111,0.5186740740740741,1.0,1.0,0.1770622474326178,0.1770622474326178,True
bp_fs200_signed,/home/test/bupt_hjk/sdp_dataset/xrf55/wifi/01_40_06.npy,1000,float64,0.0,0.5118888888888888,0.5118888888888888,0.5125481481481482,1.0,1.0,0.1521447373299225,0.1521447373299225,True
bp_fs200_signed,/home/test/bupt_hjk/sdp_dataset/xrf55/wifi/01_40_07.npy,1000,float64,0.0,0.49765185185185185,0.49765185185185185,0.49674814814814816,1.0,1.0,0.15847699551403255,0.15847699551403255,True
bp_fs200_signed,/home/test/bupt_hjk/sdp_dataset/xrf55/wifi/01_40_08.npy,1000,float64,0.0,0.5024296296296297,0.5024296296296297,0.5026888888888889,1.0,1.0,0.15007229451673895,0.15007229451673895,True
bp_fs200_signed,/home/test/bupt_hjk/sdp_dataset/xrf55/wifi/01_40_09.npy,1000,float64,0.0,0.5064962962962963,0.5064962962962963,0.5056148148148149,1.0,1.0,0.17366996626255884,0.17366996626255884,True
bp_fs200_signed,/home/test/bupt_hjk/sdp_dataset/xrf55/wifi/01_40_10.npy,1000,float64,0.0,0.49546666666666667,0.49546666666666667,0.4951037037037037,1.0,1.0,0.14847069291513737,0.14847069291513737,True
bp_fs200_signed,/home/test/bupt_hjk/sdp_dataset/xrf55/wifi/01_40_11.npy,1000,float64,0.0,0.5091148148148148,0.5091148148148148,0.5093703703703704,1.0,1.0,0.17805212620027436,0.17805212620027436,True
bp_fs200_signed,/home/test/bupt_hjk/sdp_dataset/xrf55/wifi/01_40_12.npy,1000,float64,0.0,0.4979703703703704,0.4979703703703704,0.49594074074074074,1.0,1.0,0.17697326956586215,0.17697326956586215,True
bp_fs200_signed,/home/test/bupt_hjk/sdp_dataset/xrf55/wifi/01_40_13.npy,1000,float64,0.0,0.5048703703703704,0.5048703703703704,0.5069777777777777,1.0,1.0,0.17670633596559523,0.17670633596559523,True
bp_fs200_signed,/home/test/bupt_hjk/sdp_dataset/xrf55/wifi/01_40_14.npy,1000,float64,0.0,0.5072592592592593,0.5072592592592593,0.5081629629629629,1.0,1.0,0.1615689763837912,0.1615689763837912,True
bp_fs200_signed,/home/test/bupt_hjk/sdp_dataset/xrf55/wifi/01_40_15.npy,1000,float64,0.0,0.49296666666666666,0.49296666666666666,0.4917111111111111,1.0,1.0,0.19672635598561525,0.19672635598561525,True
bp_fs200_signed,/home/test/bupt_hjk/sdp_dataset/xrf55/wifi/01_40_16.npy,1000,float64,0.0,0.5103407407407408,0.5103407407407408,0.5106148148148149,1.0,1.0,0.16001186371556742,0.16001186371556742,True
bp_fs200_signed,/home/test/bupt_hjk/sdp_dataset/xrf55/wifi/01_40_17.npy,1000,float64,0.0,0.5038481481481482,0.5038481481481482,0.5036592592592593,1.0,1.0,0.18424350276202128,0.18424350276202128,True
bp_fs200_signed,/home/test/bupt_hjk/sdp_dataset/xrf55/wifi/01_40_18.npy,1000,float64,0.0,0.5110333333333333,0.5110333333333333,0.5108370370370371,1.0,1.0,0.16079412746079413,0.16079412746079413,True
bp_fs200_signed,/home/test/bupt_hjk/sdp_dataset/xrf55/wifi/01_40_19.npy,1000,float64,0.0,0.4999222222222222,0.4999222222222222,0.4998074074074074,1.0,1.0,0.1954176398620843,0.1954176398620843,True
bp_fs200_signed,/home/test/bupt_hjk/sdp_dataset/xrf55/wifi/01_40_20.npy,1000,float64,0.0,0.5022185185185185,0.5022185185185185,0.5022,1.0,1.0,0.19129870611352093,0.19129870611352093,True
bp_fs200_signed,/home/test/bupt_hjk/sdp_dataset/xrf55/wifi/01_41_01.npy,1000,float64,0.0,0.49675185185185183,0.49675185185185183,0.4981333333333333,1.0,1.0,0.12628925221517814,0.12628925221517814,True
bp_fs200_signed,/home/test/bupt_hjk/sdp_dataset/xrf55/wifi/01_41_02.npy,1000,float64,0.0,0.4973888888888889,0.4973888888888889,0.49773333333333336,1.0,1.0,0.13831980128276425,0.13831980128276425,True
bp_fs200_signed,/home/test/bupt_hjk/sdp_dataset/xrf55/wifi/01_41_03.npy,1000,float64,0.0,0.4934962962962963,0.4934962962962963,0.4947037037037037,1.0,1.0,0.13534275015756497,0.13534275015756497,True
bp_fs200_signed,/home/test/bupt_hjk/sdp_dataset/xrf55/wifi/01_41_04.npy,1000,float64,0.0,0.49198888888888886,0.49198888888888886,0.49215555555555557,1.0,1.0,0.12868794720646573,0.12868794720646573,True
bp_fs200_signed,/home/test/bupt_hjk/sdp_dataset/xrf55/wifi/01_41_05.npy,1000,float64,0.0,0.500437037037037,0.500437037037037,0.5003555555555556,1.0,1.0,0.12001260519779039,0.12001260519779039,True
bp_fs200_signed,/home/test/bupt_hjk/sdp_dataset/xrf55/wifi/01_41_06.npy,1000,float64,0.0,0.5001592592592593,0.5001592592592593,0.5011111111111111,1.0,1.0,0.1258406554702851,0.1258406554702851,True
bp_fs200_signed,/home/test/bupt_hjk/sdp_dataset/xrf55/wifi/01_41_07.npy,1000,float64,0.0,0.5079777777777778,0.5079777777777778,0.5082666666666666,1.0,1.0,0.11866681496311125,0.11866681496311125,True
bp_fs200_signed,/home/test/bupt_hjk/sdp_dataset/xrf55/wifi/01_41_08.npy,1000,float64,0.0,0.49633333333333335,0.49633333333333335,0.496,1.0,1.0,0.12440959477996515,0.12440959477996515,True
bp_fs200_signed,/home/test/bupt_hjk/sdp_dataset/xrf55/wifi/01_41_09.npy,1000,float64,0.0,0.5009037037037037,0.5009037037037037,0.5010962962962963,1.0,1.0,0.1276239202165128,0.1276239202165128,True
bp_fs200_signed,/home/test/bupt_hjk/sdp_dataset/xrf55/wifi/01_41_10.npy,1000,float64,0.0,0.5051851851851852,0.5051851851851852,0.505674074074074,1.0,1.0,0.1231787342898454,0.1231787342898454,True
bp_fs200_signed,/home/test/bupt_hjk/sdp_dataset/xrf55/wifi/01_41_11.npy,1000,float64,0.0,0.4927259259259259,0.4927259259259259,0.49237037037037035,1.0,1.0,0.12877692507322136,0.12877692507322136,True
bp_fs200_signed,/home/test/bupt_hjk/sdp_dataset/xrf55/wifi/01_41_12.npy,1000,float64,0.0,0.4928592592592593,0.4928592592592593,0.4942,1.0,1.0,0.13356319282245208,0.13356319282245208,True
bp_fs200_signed,/home/test/bupt_hjk/sdp_dataset/xrf55/wifi/01_41_13.npy,1000,float64,0.0,0.49217037037037037,0.49217037037037037,0.4926888888888889,1.0,1.0,0.12457642828013199,0.12457642828013199,True
bp_fs200_signed,/home/test/bupt_hjk/sdp_dataset/xrf55/wifi/01_41_14.npy,1000,float64,0.0,0.48545555555555553,0.48545555555555553,0.486,1.0,1.0,0.13309976643309976,0.13309976643309976,True
bp_fs200_signed,/home/test/bupt_hjk/sdp_dataset/xrf55/wifi/01_41_15.npy,1000,float64,0.0,0.5011444444444444,0.5011444444444444,0.5014666666666666,1.0,1.0,0.13037852667482297,0.13037852667482297,True
bp_fs200_signed,/home/test/bupt_hjk/sdp_dataset/xrf55/wifi/01_41_16.npy,1000,float64,0.0,0.505225925925926,0.505225925925926,0.5051407407407408,1.0,1.0,0.12281540800059318,0.12281540800059318,True
bp_fs200_signed,/home/test/bupt_hjk/sdp_dataset/xrf55/wifi/01_41_17.npy,1000,float64,0.0,0.49944074074074074,0.49944074074074074,0.5005925925925926,1.0,1.0,0.12418715011307604,0.12418715011307604,True
bp_fs200_signed,/home/test/bupt_hjk/sdp_dataset/xrf55/wifi/01_41_18.npy,1000,float64,0.0,0.5035481481481482,0.5035481481481482,0.5044666666666666,1.0,1.0,0.12612983353724094,0.12612983353724094,True
bp_fs200_signed,/home/test/bupt_hjk/sdp_dataset/xrf55/wifi/01_41_19.npy,1000,float64,0.0,0.5062518518518518,0.5062518518518518,0.5076148148148149,1.0,1.0,0.13056389723056389,0.13056389723056389,True
bp_fs200_signed,/home/test/bupt_hjk/sdp_dataset/xrf55/wifi/01_41_20.npy,1000,float64,0.0,0.49757407407407406,0.49757407407407406,0.4978,1.0,1.0,0.12230749267786305,0.12230749267786305,True
bp_fs200_signed,/home/test/bupt_hjk/sdp_dataset/xrf55/wifi/01_42_01.npy,1000,float64,0.0,0.5016,0.5016,0.5022962962962964,1.0,1.0,0.15091387683980276,0.15091387683980276,True
bp_fs200_signed,/home/test/bupt_hjk/sdp_dataset/xrf55/wifi/01_42_02.npy,1000,float64,0.0,0.49316296296296297,0.49316296296296297,0.49477037037037036,1.0,1.0,0.13834575316056796,0.13834575316056796,True
bp_fs200_signed,/home/test/bupt_hjk/sdp_dataset/xrf55/wifi/01_42_03.npy,1000,float64,0.0,0.4927925925925926,0.4927925925925926,0.4934074074074074,1.0,1.0,0.1488785081377674,0.1488785081377674,True
bp_fs200_signed,/home/test/bupt_hjk/sdp_dataset/xrf55/wifi/01_42_04.npy,1000,float64,0.0,0.5019629629629629,0.5019629629629629,0.5023777777777778,1.0,1.0,0.1513031550068587,0.1513031550068587,True
bp_fs200_signed,/home/test/bupt_hjk/sdp_dataset/xrf55/wifi/01_42_05.npy,1000,float64,0.0,0.5216740740740741,0.5216740740740741,0.5219555555555555,1.0,1.0,0.14990546101657212,0.14990546101657212,True
bp_fs200_signed,/home/test/bupt_hjk/sdp_dataset/xrf55/wifi/01_42_06.npy,1000,float64,0.0,0.508962962962963,0.508962962962963,0.5090666666666667,1.0,1.0,0.13984354725095466,0.13984354725095466,True
bp_fs200_signed,/home/test/bupt_hjk/sdp_dataset/xrf55/wifi/01_42_07.npy,1000,float64,0.0,0.5107407407407407,0.5107407407407407,0.5087333333333334,1.0,1.0,0.14514143773403032,0.14514143773403032,True
bp_fs200_signed,/home/test/bupt_hjk/sdp_dataset/xrf55/wifi/01_42_08.npy,1000,float64,0.0,0.5053,0.5053,0.5066888888888889,1.0,1.0,0.1449189930671412,0.1449189930671412,True
bp_fs200_signed,/home/test/bupt_hjk/sdp_dataset/xrf55/wifi/01_42_09.npy,1000,float64,0.0,0.5018518518518519,0.5018518518518519,0.5020518518518519,1.0,1.0,0.14507099692284878,0.14507099692284878,True
bp_fs200_signed,/home/test/bupt_hjk/sdp_dataset/xrf55/wifi/01_42_10.npy,1000,float64,0.0,0.49466296296296297,0.49466296296296297,0.4951925925925926,1.0,1.0,0.1769843917992066,0.1769843917992066,True
bp_fs200_signed,/home/test/bupt_hjk/sdp_dataset/xrf55/wifi/01_42_11.npy,1000,float64,0.0,0.5217111111111111,0.5217111111111111,0.5207407407407407,1.0,1.0,0.15569643717791867,0.15569643717791867,True
bp_fs200_signed,/home/test/bupt_hjk/sdp_dataset/xrf55/wifi/01_42_12.npy,1000,float64,0.0,0.5113888888888889,0.5113888888888889,0.5119703703703704,1.0,1.0,0.16705965224483743,0.16705965224483743,True
bp_fs200_signed,/home/test/bupt_hjk/sdp_dataset/xrf55/wifi/01_42_13.npy,1000,float64,0.0,0.5025888888888889,0.5025888888888889,0.5038148148148148,1.0,1.0,0.16186556927297668,0.16186556927297668,True
bp_fs200_signed,/home/test/bupt_hjk/sdp_dataset/xrf55/wifi/01_42_14.npy,1000,float64,0.0,0.5123777777777778,0.5123777777777778,0.5100074074074074,1.0,1.0,0.1619916212508805,0.1619916212508805,True
bp_fs200_signed,/home/test/bupt_hjk/sdp_dataset/xrf55/wifi/01_42_15.npy,1000,float64,0.0,0.5013222222222222,0.5013222222222222,0.5015851851851851,1.0,1.0,0.17989841693545397,0.17989841693545397,True
bp_fs200_signed,/home/test/bupt_hjk/sdp_dataset/xrf55/wifi/01_42_16.npy,1000,float64,0.0,0.5060407407407408,0.5060407407407408,0.5083481481481481,1.0,1.0,0.16781225670114558,0.16781225670114558,True
bp_fs200_signed,/home/test/bupt_hjk/sdp_dataset/xrf55/wifi/01_42_17.npy,1000,float64,0.0,0.5035777777777778,0.5035777777777778,0.5055259259259259,1.0,1.0,0.1974344715085456,0.1974344715085456,True
bp_fs200_signed,/home/test/bupt_hjk/sdp_dataset/xrf55/wifi/01_42_18.npy,1000,float64,0.0,0.5013925925925926,0.5013925925925926,0.5035925925925926,1.0,1.0,0.19633337040744447,0.19633337040744447,True
bp_fs200_signed,/home/test/bupt_hjk/sdp_dataset/xrf55/wifi/01_42_19.npy,1000,float64,0.0,0.5071592592592593,0.5071592592592593,0.5069703703703704,1.0,1.0,0.18518518518518517,0.18518518518518517,True
bp_fs200_signed,/home/test/bupt_hjk/sdp_dataset/xrf55/wifi/01_42_20.npy,1000,float64,0.0,0.49625925925925923,0.49625925925925923,0.49543703703703706,1.0,1.0,0.18449931412894377,0.18449931412894377,True
bp_fs200_signed,/home/test/bupt_hjk/sdp_dataset/xrf55/wifi/01_43_01.npy,1000,float64,0.0,0.5088296296296296,0.5088296296296296,0.5083037037037037,1.0,1.0,0.22904015126237348,0.22904015126237348,True
bp_fs200_signed,/home/test/bupt_hjk/sdp_dataset/xrf55/wifi/01_43_02.npy,1000,float64,0.0,0.4958592592592593,0.4958592592592593,0.49434074074074075,1.0,1.0,0.1874281689096504,0.1874281689096504,True
bp_fs200_signed,/home/test/bupt_hjk/sdp_dataset/xrf55/wifi/01_43_03.npy,1000,float64,0.0,0.48485555555555554,0.48485555555555554,0.48561481481481483,1.0,1.0,0.22814666518370222,0.22814666518370222,True
bp_fs200_signed,/home/test/bupt_hjk/sdp_dataset/xrf55/wifi/01_43_04.npy,1000,float64,0.0,0.4872925925925926,0.4872925925925926,0.4870888888888889,1.0,1.0,0.22606680754828903,0.22606680754828903,True
bp_fs200_signed,/home/test/bupt_hjk/sdp_dataset/xrf55/wifi/01_43_05.npy,1000,float64,0.0,0.49394074074074074,0.49394074074074074,0.4934296296296296,1.0,1.0,0.221777332888444,0.221777332888444,True
bp_fs200_signed,/home/test/bupt_hjk/sdp_dataset/xrf55/wifi/01_43_06.npy,1000,float64,0.0,0.5053518518518518,0.5053518518518518,0.5053333333333333,1.0,1.0,0.20289178066955846,0.20289178066955846,True
bp_fs200_signed,/home/test/bupt_hjk/sdp_dataset/xrf55/wifi/01_43_07.npy,1000,float64,0.0,0.4913666666666667,0.4913666666666667,0.4928444444444444,1.0,1.0,0.20575390205019833,0.20575390205019833,True
bp_fs200_signed,/home/test/bupt_hjk/sdp_dataset/xrf55/wifi/01_43_08.npy,1000,float64,0.0,0.4951074074074074,0.4951074074074074,0.49545925925925927,1.0,1.0,0.19130982834686538,0.19130982834686538,True
bp_fs200_signed,/home/test/bupt_hjk/sdp_dataset/xrf55/wifi/01_43_09.npy,1000,float64,0.0,0.49744444444444447,0.49744444444444447,0.4968518518518519,1.0,1.0,0.2300040781522263,0.2300040781522263,True
bp_fs200_signed,/home/test/bupt_hjk/sdp_dataset/xrf55/wifi/01_43_10.npy,1000,float64,0.0,0.497337037037037,0.497337037037037,0.4991407407407407,1.0,1.0,0.19206614021428836,0.19206614021428836,True
bp_fs200_signed,/home/test/bupt_hjk/sdp_dataset/xrf55/wifi/01_43_11.npy,1000,float64,0.0,0.49933333333333335,0.49933333333333335,0.49937037037037035,1.0,1.0,0.2129870611352093,0.2129870611352093,True
bp_fs200_signed,/home/test/bupt_hjk/sdp_dataset/xrf55/wifi/01_43_12.npy,1000,float64,0.0,0.5135814814814815,0.5135814814814815,0.5137777777777778,1.0,1.0,0.21009157305453602,0.21009157305453602,True
bp_fs200_signed,/home/test/bupt_hjk/sdp_dataset/xrf55/wifi/01_43_13.npy,1000,float64,0.0,0.5131148148148148,0.5131148148148148,0.5126296296296297,1.0,1.0,0.22341971601230862,0.22341971601230862,True
bp_fs200_signed,/home/test/bupt_hjk/sdp_dataset/xrf55/wifi/01_43_14.npy,1000,float64,0.0,0.4917185185185185,0.4917185185185185,0.4920888888888889,1.0,1.0,0.2166685203722241,0.2166685203722241,True
bp_fs200_signed,/home/test/bupt_hjk/sdp_dataset/xrf55/wifi/01_43_15.npy,1000,float64,0.0,0.5083592592592593,0.5083592592592593,0.5092962962962962,1.0,1.0,0.1986579171764357,0.1986579171764357,True
bp_fs200_signed,/home/test/bupt_hjk/sdp_dataset/xrf55/wifi/01_43_16.npy,1000,float64,0.0,0.4981185185185185,0.4981185185185185,0.49648148148148147,1.0,1.0,0.20473807140473807,0.20473807140473807,True
bp_fs200_signed,/home/test/bupt_hjk/sdp_dataset/xrf55/wifi/01_43_17.npy,1000,float64,0.0,0.49565185185185184,0.49565185185185184,0.49461481481481484,1.0,1.0,0.20708115522930337,0.20708115522930337,True
bp_fs200_signed,/home/test/bupt_hjk/sdp_dataset/xrf55/wifi/01_43_18.npy,1000,float64,0.0,0.5002148148148148,0.5002148148148148,0.5022666666666666,1.0,1.0,0.2235605976346717,0.2235605976346717,True
bp_fs200_signed,/home/test/bupt_hjk/sdp_dataset/xrf55/wifi/01_43_19.npy,1000,float64,0.0,0.4994037037037037,0.4994037037037037,0.49905185185185186,1.0,1.0,0.23328513698884068,0.23328513698884068,True
bp_fs200_signed,/home/test/bupt_hjk/sdp_dataset/xrf55/wifi/01_43_20.npy,1000,float64,0.0,0.5070592592592592,0.5070592592592592,0.5088518518518519,1.0,1.0,0.2443740036332629,0.2443740036332629,True
bp_fs200_signed,/home/test/bupt_hjk/sdp_dataset/xrf55/wifi/01_44_01.npy,1000,float64,0.0,0.4986814814814815,0.4986814814814815,0.4977111111111111,1.0,1.0,0.20545730916101287,0.20545730916101287,True
bp_fs200_signed,/home/test/bupt_hjk/sdp_dataset/xrf55/wifi/01_44_02.npy,1000,float64,0.0,0.4810962962962963,0.4810962962962963,0.48162962962962963,1.0,1.0,0.19670781893004116,0.19670781893004116,True
bp_fs200_signed,/home/test/bupt_hjk/sdp_dataset/xrf55/wifi/01_44_03.npy,1000,float64,0.0,0.5011333333333333,0.5011333333333333,0.5009555555555556,1.0,1.0,0.23101990879768658,0.23101990879768658,True
bp_fs200_signed,/home/test/bupt_hjk/sdp_dataset/xrf55/wifi/01_44_04.npy,1000,float64,0.0,0.5104666666666666,0.5104666666666666,0.5121259259259259,1.0,1.0,0.2134690245801357,0.2134690245801357,True
bp_fs200_signed,/home/test/bupt_hjk/sdp_dataset/xrf55/wifi/01_44_05.npy,1000,float64,0.0,0.507137037037037,0.507137037037037,0.5074518518518518,1.0,1.0,0.21031772513253993,0.21031772513253993,True
bp_fs200_signed,/home/test/bupt_hjk/sdp_dataset/xrf55/wifi/01_44_06.npy,1000,float64,0.0,0.49954814814814813,0.49954814814814813,0.5007185185185186,1.0,1.0,0.21276090905720535,0.21276090905720535,True
bp_fs200_signed,/home/test/bupt_hjk/sdp_dataset/xrf55/wifi/01_44_07.npy,1000,float64,0.0,0.4933518518518519,0.4933518518518519,0.49294074074074073,1.0,1.0,0.2389908426945464,0.2389908426945464,True
bp_fs200_signed,/home/test/bupt_hjk/sdp_dataset/xrf55/wifi/01_44_08.npy,1000,float64,0.0,0.4945,0.4945,0.4971111111111111,1.0,1.0,0.21494457420383345,0.21494457420383345,True
bp_fs200_signed,/home/test/bupt_hjk/sdp_dataset/xrf55/wifi/01_44_09.npy,1000,float64,0.0,0.4968296296296296,0.4968296296296296,0.49849629629629627,1.0,1.0,0.23412301190078968,0.23412301190078968,True
bp_fs200_signed,/home/test/bupt_hjk/sdp_dataset/xrf55/wifi/01_44_10.npy,1000,float64,0.0,0.4864962962962963,0.4864962962962963,0.4864962962962963,1.0,1.0,0.20809327846364883,0.20809327846364883,True
bp_fs200_signed,/home/test/bupt_hjk/sdp_dataset/xrf55/wifi/01_44_11.npy,1000,float64,0.0,0.5009185185185185,0.5009185185185185,0.5016222222222222,1.0,1.0,0.20375190004819635,0.20375190004819635,True
bp_fs200_signed,/home/test/bupt_hjk/sdp_dataset/xrf55/wifi/01_44_12.npy,1000,float64,0.0,0.503225925925926,0.503225925925926,0.5027925925925926,1.0,1.0,0.22767953138323507,0.22767953138323507,True
bp_fs200_signed,/home/test/bupt_hjk/sdp_dataset/xrf55/wifi/01_44_13.npy,1000,float64,0.0,0.4945555555555556,0.4945555555555556,0.49361481481481484,1.0,1.0,0.23276239202165128,0.23276239202165128,True
bp_fs200_signed,/home/test/bupt_hjk/sdp_dataset/xrf55/wifi/01_44_14.npy,1000,float64,0.0,0.4981777777777778,0.4981777777777778,0.49778518518518516,1.0,1.0,0.18645682719756793,0.18645682719756793,True
bp_fs200_signed,/home/test/bupt_hjk/sdp_dataset/xrf55/wifi/01_44_15.npy,1000,float64,0.0,0.503437037037037,0.503437037037037,0.5054296296296297,1.0,1.0,0.22020168316464614,0.22020168316464614,True
bp_fs200_signed,/home/test/bupt_hjk/sdp_dataset/xrf55/wifi/01_44_16.npy,1000,float64,0.0,0.5057962962962963,0.5057962962962963,0.5056814814814815,1.0,1.0,0.22538835131427723,0.22538835131427723,True
bp_fs200_signed,/home/test/bupt_hjk/sdp_dataset/xrf55/wifi/01_44_17.npy,1000,float64,0.0,0.5019962962962963,0.5019962962962963,0.5024222222222222,1.0,1.0,0.22762392021651282,0.22762392021651282,True
bp_fs200_signed,/home/test/bupt_hjk/sdp_dataset/xrf55/wifi/01_44_18.npy,1000,float64,0.0,0.5087037037037037,0.5087037037037037,0.5090222222222223,1.0,1.0,0.23285507729952173,0.23285507729952173,True
bp_fs200_signed,/home/test/bupt_hjk/sdp_dataset/xrf55/wifi/01_44_19.npy,1000,float64,0.0,0.5151370370370371,0.5151370370370371,0.5157111111111111,1.0,1.0,0.23136840544247952,0.23136840544247952,True
bp_fs200_signed,/home/test/bupt_hjk/sdp_dataset/xrf55/wifi/01_44_20.npy,1000,float64,0.0,0.4997111111111111,0.4997111111111111,0.5000814814814815,1.0,1.0,0.23696659622585547,0.23696659622585547,True
bp_fs200_signed,/home/test/bupt_hjk/sdp_dataset/xrf55/wifi/01_45_01.npy,1000,float64,0.0,0.49725185185185183,0.49725185185185183,0.4977111111111111,1.0,1.0,0.13023764505245986,0.13023764505245986,True
bp_fs200_signed,/home/test/bupt_hjk/sdp_dataset/xrf55/wifi/01_45_02.npy,1000,float64,0.0,0.5035851851851851,0.5035851851851851,0.5058296296296296,1.0,1.0,0.11222704185667148,0.11222704185667148,True
bp_fs200_signed,/home/test/bupt_hjk/sdp_dataset/xrf55/wifi/01_45_03.npy,1000,float64,0.0,0.5004925925925926,0.5004925925925926,0.5001703703703704,1.0,1.0,0.12042412783153524,0.12042412783153524,True
bp_fs200_signed,/home/test/bupt_hjk/sdp_dataset/xrf55/wifi/01_45_04.npy,1000,float64,0.0,0.5065037037037037,0.5065037037037037,0.5074888888888889,1.0,1.0,0.10841211581952323,0.10841211581952323,True
bp_fs200_signed,/home/test/bupt_hjk/sdp_dataset/xrf55/wifi/01_45_05.npy,1000,float64,0.0,0.49493333333333334,0.49493333333333334,0.49517037037037037,1.0,1.0,0.12214436658881103,0.12214436658881103,True
bp_fs200_signed,/home/test/bupt_hjk/sdp_dataset/xrf55/wifi/01_45_06.npy,1000,float64,0.0,0.5008111111111111,0.5008111111111111,0.5009851851851852,1.0,1.0,0.10725911096281467,0.10725911096281467,True
bp_fs200_signed,/home/test/bupt_hjk/sdp_dataset/xrf55/wifi/01_45_07.npy,1000,float64,0.0,0.49986296296296295,0.49986296296296295,0.5004444444444445,1.0,1.0,0.11842954065176288,0.11842954065176288,True
bp_fs200_signed,/home/test/bupt_hjk/sdp_dataset/xrf55/wifi/01_45_08.npy,1000,float64,0.0,0.49694074074074074,0.49694074074074074,0.4978814814814815,1.0,1.0,0.11113706298891485,0.11113706298891485,True
bp_fs200_signed,/home/test/bupt_hjk/sdp_dataset/xrf55/wifi/01_45_09.npy,1000,float64,0.0,0.5036037037037037,0.5036037037037037,0.5041407407407408,1.0,1.0,0.12415749082415749,0.12415749082415749,True
bp_fs200_signed,/home/test/bupt_hjk/sdp_dataset/xrf55/wifi/01_45_10.npy,1000,float64,0.0,0.5051,0.5051,0.5062222222222222,1.0,1.0,0.1191154117080043,0.1191154117080043,True
bp_fs200_signed,/home/test/bupt_hjk/sdp_dataset/xrf55/wifi/01_45_11.npy,1000,float64,0.0,0.5055555555555555,0.5055555555555555,0.506362962962963,1.0,1.0,0.11038445853260669,0.11038445853260669,True
bp_fs200_signed,/home/test/bupt_hjk/sdp_dataset/xrf55/wifi/01_45_12.npy,1000,float64,0.0,0.49971481481481483,0.49971481481481483,0.4996888888888889,1.0,1.0,0.10967634300967634,0.10967634300967634,True
bp_fs200_signed,/home/test/bupt_hjk/sdp_dataset/xrf55/wifi/01_45_13.npy,1000,float64,0.0,0.5161962962962963,0.5161962962962963,0.5169111111111111,1.0,1.0,0.12687131576020466,0.12687131576020466,True
bp_fs200_signed,/home/test/bupt_hjk/sdp_dataset/xrf55/wifi/01_45_14.npy,1000,float64,0.0,0.5210111111111111,0.5210111111111111,0.5215037037037037,1.0,1.0,0.1186149112075038,0.1186149112075038,True
bp_fs200_signed,/home/test/bupt_hjk/sdp_dataset/xrf55/wifi/01_45_15.npy,1000,float64,0.0,0.5011777777777778,0.5011777777777778,0.5032,1.0,1.0,0.11914877840803767,0.11914877840803767,True
bp_fs200_signed,/home/test/bupt_hjk/sdp_dataset/xrf55/wifi/01_45_16.npy,1000,float64,0.0,0.5069,0.5069,0.5063925925925926,1.0,1.0,0.10602083565046529,0.10602083565046529,True
bp_fs200_signed,/home/test/bupt_hjk/sdp_dataset/xrf55/wifi/01_45_17.npy,1000,float64,0.0,0.5022111111111112,0.5022111111111112,0.5037037037037037,1.0,1.0,0.13409706002298594,0.13409706002298594,True
bp_fs200_signed,/home/test/bupt_hjk/sdp_dataset/xrf55/wifi/01_45_18.npy,1000,float64,0.0,0.5032703703703704,0.5032703703703704,0.5041111111111111,1.0,1.0,0.12256701145590035,0.12256701145590035,True
bp_fs200_signed,/home/test/bupt_hjk/sdp_dataset/xrf55/wifi/01_45_19.npy,1000,float64,0.0,0.5029,0.5029,0.5032074074074074,1.0,1.0,0.12290438586734884,0.12290438586734884,True
bp_fs200_signed,/home/test/bupt_hjk/sdp_dataset/xrf55/wifi/01_45_20.npy,1000,float64,0.0,0.4926814814814815,0.4926814814814815,0.49345185185185186,1.0,1.0,0.11597523449375301,0.11597523449375301,True
bp_fs200_signed,/home/test/bupt_hjk/sdp_dataset/xrf55/wifi/01_46_01.npy,1000,float64,0.0,0.5087962962962963,0.5087962962962963,0.5085111111111111,1.0,1.0,0.13151670188707226,0.13151670188707226,True
bp_fs200_signed,/home/test/bupt_hjk/sdp_dataset/xrf55/wifi/01_46_02.npy,1000,float64,0.0,0.5039777777777777,0.5039777777777777,0.5045037037037037,1.0,1.0,0.1330626923219516,0.1330626923219516,True
bp_fs200_signed,/home/test/bupt_hjk/sdp_dataset/xrf55/wifi/01_46_03.npy,1000,float64,0.0,0.5045555555555555,0.5045555555555555,0.5039925925925925,1.0,1.0,0.14358803247692137,0.14358803247692137,True
bp_fs200_signed,/home/test/bupt_hjk/sdp_dataset/xrf55/wifi/01_46_04.npy,1000,float64,0.0,0.5009481481481481,0.5009481481481481,0.4994296296296296,1.0,1.0,0.1219775330886442,0.1219775330886442,True
bp_fs200_signed,/home/test/bupt_hjk/sdp_dataset/xrf55/wifi/01_46_05.npy,1000,float64,0.0,0.4998666666666667,0.4998666666666667,0.4997333333333333,1.0,1.0,0.12366069773477181,0.12366069773477181,True
bp_fs200_signed,/home/test/bupt_hjk/sdp_dataset/xrf55/wifi/01_46_06.npy,1000,float64,0.0,0.48688888888888887,0.48688888888888887,0.48914814814814817,1.0,1.0,0.15088421755088421,0.15088421755088421,True
bp_fs200_signed,/home/test/bupt_hjk/sdp_dataset/xrf55/wifi/01_46_07.npy,1000,float64,0.0,0.5058666666666667,0.5058666666666667,0.5074222222222222,1.0,1.0,0.1255403551699848,0.1255403551699848,True
bp_fs200_signed,/home/test/bupt_hjk/sdp_dataset/xrf55/wifi/01_46_08.npy,1000,float64,0.0,0.5041,0.5041,0.5018814814814815,1.0,1.0,0.14813331850368888,0.14813331850368888,True
bp_fs200_signed,/home/test/bupt_hjk/sdp_dataset/xrf55/wifi/01_46_09.npy,1000,float64,0.0,0.5083703703703704,0.5083703703703704,0.5086074074074074,1.0,1.0,0.13602491380269158,0.13602491380269158,True
bp_fs200_signed,/home/test/bupt_hjk/sdp_dataset/xrf55/wifi/01_46_10.npy,1000,float64,0.0,0.5042555555555556,0.5042555555555556,0.5036814814814815,1.0,1.0,0.12875468060653245,0.12875468060653245,True
bp_fs200_signed,/home/test/bupt_hjk/sdp_dataset/xrf55/wifi/01_46_11.npy,1000,float64,0.0,0.4883777777777778,0.4883777777777778,0.48875555555555555,1.0,1.0,0.13502020539057577,0.13502020539057577,True
bp_fs200_signed,/home/test/bupt_hjk/sdp_dataset/xrf55/wifi/01_46_12.npy,1000,float64,0.0,0.4990703703703704,0.4990703703703704,0.4991555555555556,1.0,1.0,0.1282430578726875,0.1282430578726875,True
bp_fs200_signed,/home/test/bupt_hjk/sdp_dataset/xrf55/wifi/01_46_13.npy,1000,float64,0.0,0.5012333333333333,0.5012333333333333,0.5024888888888889,1.0,1.0,0.1314425536647759,0.1314425536647759,True
bp_fs200_signed,/home/test/bupt_hjk/sdp_dataset/xrf55/wifi/01_46_14.npy,1000,float64,0.0,0.5119555555555556,0.5119555555555556,0.5119925925925926,1.0,1.0,0.1688169651132614,0.1688169651132614,True
bp_fs200_signed,/home/test/bupt_hjk/sdp_dataset/xrf55/wifi/01_46_15.npy,1000,float64,0.0,0.5084851851851852,0.5084851851851852,0.5081555555555556,1.0,1.0,0.16720424127831535,0.16720424127831535,True
bp_fs200_signed,/home/test/bupt_hjk/sdp_dataset/xrf55/wifi/01_46_16.npy,1000,float64,0.0,0.502,0.502,0.502125925925926,1.0,1.0,0.15505876246616987,0.15505876246616987,True
bp_fs200_signed,/home/test/bupt_hjk/sdp_dataset/xrf55/wifi/01_46_17.npy,1000,float64,0.0,0.5019,0.5019,0.5025037037037037,1.0,1.0,0.1529826122418715,0.1529826122418715,True
bp_fs200_signed,/home/test/bupt_hjk/sdp_dataset/xrf55/wifi/01_46_18.npy,1000,float64,0.0,0.5074333333333333,0.5074333333333333,0.5060074074074075,1.0,1.0,0.1402921439958477,0.1402921439958477,True
bp_fs200_signed,/home/test/bupt_hjk/sdp_dataset/xrf55/wifi/01_46_19.npy,1000,float64,0.0,0.5167925925925926,0.5167925925925926,0.5166,1.0,1.0,0.13595818040262483,0.13595818040262483,True
bp_fs200_signed,/home/test/bupt_hjk/sdp_dataset/xrf55/wifi/01_46_20.npy,1000,float64,0.0,0.5154481481481481,0.5154481481481481,0.5153185185185185,1.0,1.0,0.1273199125050977,0.1273199125050977,True
bp_fs200_signed,/home/test/bupt_hjk/sdp_dataset/xrf55/wifi/01_47_01.npy,1000,float64,0.0,0.4977925925925926,0.4977925925925926,0.4977037037037037,1.0,1.0,0.1391725058391725,0.1391725058391725,True
bp_fs200_signed,/home/test/bupt_hjk/sdp_dataset/xrf55/wifi/01_47_02.npy,1000,float64,0.0,0.513437037037037,0.513437037037037,0.5127111111111111,1.0,1.0,0.14233863493122753,0.14233863493122753,True
bp_fs200_signed,/home/test/bupt_hjk/sdp_dataset/xrf55/wifi/01_47_03.npy,1000,float64,0.0,0.5106666666666667,0.5106666666666667,0.5101555555555556,1.0,1.0,0.11936380825269714,0.11936380825269714,True
bp_fs200_signed,/home/test/bupt_hjk/sdp_dataset/xrf55/wifi/01_47_04.npy,1000,float64,0.0,0.5029703703703704,0.5029703703703704,0.5028370370370371,1.0,1.0,0.12967041115189262,0.12967041115189262,True
bp_fs200_signed,/home/test/bupt_hjk/sdp_dataset/xrf55/wifi/01_47_05.npy,1000,float64,0.0,0.4857925925925926,0.4857925925925926,0.4872962962962963,1.0,1.0,0.13866459051644237,0.13866459051644237,True
bp_fs200_signed,/home/test/bupt_hjk/sdp_dataset/xrf55/wifi/01_47_06.npy,1000,float64,0.0,0.5061296296296296,0.5061296296296296,0.5076074074074074,1.0,1.0,0.1405145886627368,0.1405145886627368,True
bp_fs200_signed,/home/test/bupt_hjk/sdp_dataset/xrf55/wifi/01_47_07.npy,1000,float64,0.0,0.49193703703703706,0.49193703703703706,0.49274814814814816,1.0,1.0,0.1328068809550291,0.1328068809550291,True
bp_fs200_signed,/home/test/bupt_hjk/sdp_dataset/xrf55/wifi/01_47_08.npy,1000,float64,0.0,0.490562962962963,0.490562962962963,0.491237037037037,1.0,1.0,0.1347681014347681,0.1347681014347681,True
bp_fs200_signed,/home/test/bupt_hjk/sdp_dataset/xrf55/wifi/01_47_09.npy,1000,float64,0.0,0.5092703703703704,0.5092703703703704,0.5095703703703703,1.0,1.0,0.13907982056130205,0.13907982056130205,True
bp_fs200_signed,/home/test/bupt_hjk/sdp_dataset/xrf55/wifi/01_47_10.npy,1000,float64,0.0,0.5019111111111111,0.5019111111111111,0.5015407407407407,1.0,1.0,0.13850887924962,0.13850887924962,True
bp_fs200_signed,/home/test/bupt_hjk/sdp_dataset/xrf55/wifi/01_47_11.npy,1000,float64,0.0,0.5017777777777778,0.5017777777777778,0.5023555555555556,1.0,1.0,0.1489749008267527,0.1489749008267527,True
bp_fs200_signed,/home/test/bupt_hjk/sdp_dataset/xrf55/wifi/01_47_12.npy,1000,float64,0.0,0.5133888888888889,0.5133888888888889,0.5132074074074074,1.0,1.0,0.15547399251102956,0.15547399251102956,True
bp_fs200_signed,/home/test/bupt_hjk/sdp_dataset/xrf55/wifi/01_47_13.npy,1000,float64,0.0,0.5065148148148149,0.5065148148148149,0.5070666666666667,1.0,1.0,0.1398472546620695,0.1398472546620695,True
bp_fs200_signed,/home/test/bupt_hjk/sdp_dataset/xrf55/wifi/01_47_14.npy,1000,float64,0.0,0.500537037037037,0.500537037037037,0.4998,1.0,1.0,0.1528417306195084,0.1528417306195084,True
bp_fs200_signed,/home/test/bupt_hjk/sdp_dataset/xrf55/wifi/01_47_15.npy,1000,float64,0.0,0.503225925925926,0.503225925925926,0.5063777777777778,1.0,1.0,0.14943091239387535,0.14943091239387535,True
bp_fs200_signed,/home/test/bupt_hjk/sdp_dataset/xrf55/wifi/01_47_16.npy,1000,float64,0.0,0.4996259259259259,0.4996259259259259,0.5027185185185186,1.0,1.0,0.14574574574574575,0.14574574574574575,True
bp_fs200_signed,/home/test/bupt_hjk/sdp_dataset/xrf55/wifi/01_47_17.npy,1000,float64,0.0,0.5006851851851852,0.5006851851851852,0.5009333333333333,1.0,1.0,0.14568271975679384,0.14568271975679384,True
bp_fs200_signed,/home/test/bupt_hjk/sdp_dataset/xrf55/wifi/01_47_18.npy,1000,float64,0.0,0.5069185185185185,0.5069185185185185,0.5063481481481481,1.0,1.0,0.15355355355355355,0.15355355355355355,True
bp_fs200_signed,/home/test/bupt_hjk/sdp_dataset/xrf55/wifi/01_47_19.npy,1000,float64,0.0,0.4966703703703704,0.4966703703703704,0.49478518518518516,1.0,1.0,0.1544470396322248,0.1544470396322248,True
bp_fs200_signed,/home/test/bupt_hjk/sdp_dataset/xrf55/wifi/01_47_20.npy,1000,float64,0.0,0.49256666666666665,0.49256666666666665,0.49091111111111113,1.0,1.0,0.14971638304971638,0.14971638304971638,True
bp_fs200_signed,/home/test/bupt_hjk/sdp_dataset/xrf55/wifi/01_48_01.npy,1000,float64,0.0,0.4942740740740741,0.4942740740740741,0.49491851851851854,1.0,1.0,0.15046898750602455,0.15046898750602455,True
bp_fs200_signed,/home/test/bupt_hjk/sdp_dataset/xrf55/wifi/01_48_02.npy,1000,float64,0.0,0.49314814814814817,0.49314814814814817,0.49418518518518517,1.0,1.0,0.14422199977755534,0.14422199977755534,True
bp_fs200_signed,/home/test/bupt_hjk/sdp_dataset/xrf55/wifi/01_48_03.npy,1000,float64,0.0,0.4963111111111111,0.4963111111111111,0.4965333333333333,1.0,1.0,0.14563452341230118,0.14563452341230118,True
bp_fs200_signed,/home/test/bupt_hjk/sdp_dataset/xrf55/wifi/01_48_04.npy,1000,float64,0.0,0.49848148148148147,0.49848148148148147,0.49866666666666665,1.0,1.0,0.14910836762688615,0.14910836762688615,True
bp_fs200_signed,/home/test/bupt_hjk/sdp_dataset/xrf55/wifi/01_48_05.npy,1000,float64,0.0,0.5011444444444444,0.5011444444444444,0.5020592592592592,1.0,1.0,0.13218403588773958,0.13218403588773958,True
bp_fs200_signed,/home/test/bupt_hjk/sdp_dataset/xrf55/wifi/01_48_06.npy,1000,float64,0.0,0.49794814814814814,0.49794814814814814,0.49762222222222224,1.0,1.0,0.1401290179067957,0.1401290179067957,True
bp_fs200_signed,/home/test/bupt_hjk/sdp_dataset/xrf55/wifi/01_48_07.npy,1000,float64,0.0,0.5030925925925926,0.5030925925925926,0.5026074074074074,1.0,1.0,0.13855336818299782,0.13855336818299782,True
bp_fs200_signed,/home/test/bupt_hjk/sdp_dataset/xrf55/wifi/01_48_08.npy,1000,float64,0.0,0.5202888888888889,0.5202888888888889,0.520237037037037,1.0,1.0,0.13383383383383382,0.13383383383383382,True
bp_fs200_signed,/home/test/bupt_hjk/sdp_dataset/xrf55/wifi/01_48_09.npy,1000,float64,0.0,0.4896333333333333,0.4896333333333333,0.49104444444444445,1.0,1.0,0.127824120416713,0.127824120416713,True
bp_fs200_signed,/home/test/bupt_hjk/sdp_dataset/xrf55/wifi/01_48_10.npy,1000,float64,0.0,0.502674074074074,0.502674074074074,0.5036148148148148,1.0,1.0,0.13701479257034813,0.13701479257034813,True
bp_fs200_signed,/home/test/bupt_hjk/sdp_dataset/xrf55/wifi/01_48_11.npy,1000,float64,0.0,0.5100518518518519,0.5100518518518519,0.5096222222222222,1.0,1.0,0.12278945612278945,0.12278945612278945,True
bp_fs200_signed,/home/test/bupt_hjk/sdp_dataset/xrf55/wifi/01_48_12.npy,1000,float64,0.0,0.49803333333333333,0.49803333333333333,0.49748888888888887,1.0,1.0,0.11794757720683646,0.11794757720683646,True
bp_fs200_signed,/home/test/bupt_hjk/sdp_dataset/xrf55/wifi/01_48_13.npy,1000,float64,0.0,0.4972185185185185,0.4972185185185185,0.49720740740740743,1.0,1.0,0.11732102472843213,0.11732102472843213,True
bp_fs200_signed,/home/test/bupt_hjk/sdp_dataset/xrf55/wifi/01_48_14.npy,1000,float64,0.0,0.5005333333333334,0.5005333333333334,0.5006666666666667,1.0,1.0,0.11924887850813777,0.11924887850813777,True
bp_fs200_signed,/home/test/bupt_hjk/sdp_dataset/xrf55/wifi/01_48_15.npy,1000,float64,0.0,0.5069814814814815,0.5069814814814815,0.5068888888888889,1.0,1.0,0.11144477811144478,0.11144477811144478,True
bp_fs200_signed,/home/test/bupt_hjk/sdp_dataset/xrf55/wifi/01_48_16.npy,1000,float64,0.0,0.514325925925926,0.514325925925926,0.5131259259259259,1.0,1.0,0.11465910354799244,0.11465910354799244,True
bp_fs200_signed,/home/test/bupt_hjk/sdp_dataset/xrf55/wifi/01_48_17.npy,1000,float64,0.0,0.4972111111111111,0.4972111111111111,0.49848148148148147,1.0,1.0,0.12566640714788863,0.12566640714788863,True
bp_fs200_signed,/home/test/bupt_hjk/sdp_dataset/xrf55/wifi/01_48_18.npy,1000,float64,0.0,0.49816666666666665,0.49816666666666665,0.49967407407407405,1.0,1.0,0.12443554665776888,0.12443554665776888,True
bp_fs200_signed,/home/test/bupt_hjk/sdp_dataset/xrf55/wifi/01_48_19.npy,1000,float64,0.0,0.4925074074074074,0.4925074074074074,0.49266666666666664,1.0,1.0,0.11464798131464798,0.11464798131464798,True
bp_fs200_signed,/home/test/bupt_hjk/sdp_dataset/xrf55/wifi/01_48_20.npy,1000,float64,0.0,0.5083518518518518,0.5083518518518518,0.5097555555555555,1.0,1.0,0.12087272457642828,0.12087272457642828,True
bp_fs200_signed,/home/test/bupt_hjk/sdp_dataset/xrf55/wifi/01_49_01.npy,1000,float64,0.0,0.4981851851851852,0.4981851851851852,0.4993037037037037,1.0,1.0,0.14302079857635414,0.14302079857635414,True
bp_fs200_signed,/home/test/bupt_hjk/sdp_dataset/xrf55/wifi/01_49_02.npy,1000,float64,0.0,0.5117888888888888,0.5117888888888888,0.5118444444444444,1.0,1.0,0.14462610758907055,0.14462610758907055,True
bp_fs200_signed,/home/test/bupt_hjk/sdp_dataset/xrf55/wifi/01_49_03.npy,1000,float64,0.0,0.4975888888888889,0.4975888888888889,0.49920740740740743,1.0,1.0,0.13716308901494087,0.13716308901494087,True
bp_fs200_signed,/home/test/bupt_hjk/sdp_dataset/xrf55/wifi/01_49_04.npy,1000,float64,0.0,0.5054333333333333,0.5054333333333333,0.5048592592592592,1.0,1.0,0.1481963444926408,0.1481963444926408,True
bp_fs200_signed,/home/test/bupt_hjk/sdp_dataset/xrf55/wifi/01_49_05.npy,1000,float64,0.0,0.49605925925925926,0.49605925925925926,0.4958444444444444,1.0,1.0,0.126741556371186,0.126741556371186,True
bp_fs200_signed,/home/test/bupt_hjk/sdp_dataset/xrf55/wifi/01_49_06.npy,1000,float64,0.0,0.5012407407407408,0.5012407407407408,0.5011333333333333,1.0,1.0,0.1316019723427131,0.1316019723427131,True
bp_fs200_signed,/home/test/bupt_hjk/sdp_dataset/xrf55/wifi/01_49_07.npy,1000,float64,0.0,0.5128074074074074,0.5128074074074074,0.5137185185185185,1.0,1.0,0.12762762762762764,0.12762762762762764,True
bp_fs200_signed,/home/test/bupt_hjk/sdp_dataset/xrf55/wifi/01_49_08.npy,1000,float64,0.0,0.5072222222222222,0.5072222222222222,0.5072296296296296,1.0,1.0,0.13236940644348053,0.13236940644348053,True
bp_fs200_signed,/home/test/bupt_hjk/sdp_dataset/xrf55/wifi/01_49_09.npy,1000,float64,0.0,0.5109444444444444,0.5109444444444444,0.5111703703703704,1.0,1.0,0.12446891335780225,0.12446891335780225,True
bp_fs200_signed,/home/test/bupt_hjk/sdp_dataset/xrf55/wifi/01_49_10.npy,1000,float64,0.0,0.5082444444444445,0.5082444444444445,0.5089407407407407,1.0,1.0,0.13021910799688577,0.13021910799688577,True
bp_fs200_signed,/home/test/bupt_hjk/sdp_dataset/xrf55/wifi/01_49_11.npy,1000,float64,0.0,0.5076259259259259,0.5076259259259259,0.507562962962963,1.0,1.0,0.1195973751529307,0.1195973751529307,True
bp_fs200_signed,/home/test/bupt_hjk/sdp_dataset/xrf55/wifi/01_49_12.npy,1000,float64,0.0,0.49929259259259257,0.49929259259259257,0.4980148148148148,1.0,1.0,0.1311830348867386,0.1311830348867386,True
bp_fs200_signed,/home/test/bupt_hjk/sdp_dataset/xrf55/wifi/01_49_13.npy,1000,float64,0.0,0.5009592592592592,0.5009592592592592,0.5015333333333334,1.0,1.0,0.13309605902198496,0.13309605902198496,True
bp_fs200_signed,/home/test/bupt_hjk/sdp_dataset/xrf55/wifi/01_49_14.npy,1000,float64,0.0,0.5081925925925926,0.5081925925925926,0.5085111111111111,1.0,1.0,0.12579245912579246,0.12579245912579246,True
bp_fs200_signed,/home/test/bupt_hjk/sdp_dataset/xrf55/wifi/01_49_15.npy,1000,float64,0.0,0.4998222222222222,0.4998222222222222,0.5005037037037037,1.0,1.0,0.11663515367219071,0.11663515367219071,True
bp_fs200_signed,/home/test/bupt_hjk/sdp_dataset/xrf55/wifi/01_49_16.npy,1000,float64,0.0,0.5088111111111111,0.5088111111111111,0.509237037037037,1.0,1.0,0.12455047640232825,0.12455047640232825,True
bp_fs200_signed,/home/test/bupt_hjk/sdp_dataset/xrf55/wifi/01_49_17.npy,1000,float64,0.0,0.5126074074074074,0.5126074074074074,0.5120740740740741,1.0,1.0,0.1351499647795944,0.1351499647795944,True
bp_fs200_signed,/home/test/bupt_hjk/sdp_dataset/xrf55/wifi/01_49_18.npy,1000,float64,0.0,0.505674074074074,0.505674074074074,0.5051185185185185,1.0,1.0,0.13563934304675046,0.13563934304675046,True
bp_fs200_signed,/home/test/bupt_hjk/sdp_dataset/xrf55/wifi/01_49_19.npy,1000,float64,0.0,0.48783333333333334,0.48783333333333334,0.4891111111111111,1.0,1.0,0.12410187965743522,0.12410187965743522,True
bp_fs200_signed,/home/test/bupt_hjk/sdp_dataset/xrf55/wifi/01_49_20.npy,1000,float64,0.0,0.4895925925925926,0.4895925925925926,0.49203703703703705,1.0,1.0,0.13207281355429504,0.13207281355429504,True
bp_fs200_signed,/home/test/bupt_hjk/sdp_dataset/xrf55/wifi/01_50_01.npy,1000,float64,0.0,0.5041666666666667,0.5041666666666667,0.5037185185185186,1.0,1.0,0.17045193341489637,0.17045193341489637,True
bp_fs200_signed,/home/test/bupt_hjk/sdp_dataset/xrf55/wifi/01_50_02.npy,1000,float64,0.0,0.48322592592592595,0.48322592592592595,0.48433333333333334,1.0,1.0,0.17211285359433506,0.17211285359433506,True
bp_fs200_signed,/home/test/bupt_hjk/sdp_dataset/xrf55/wifi/01_50_03.npy,1000,float64,0.0,0.5044666666666666,0.5044666666666666,0.5045703703703703,1.0,1.0,0.17103399695992288,0.17103399695992288,True
bp_fs200_signed,/home/test/bupt_hjk/sdp_dataset/xrf55/wifi/01_50_04.npy,1000,float64,0.0,0.4914222222222222,0.4914222222222222,0.4919703703703704,1.0,1.0,0.14753271790308828,0.14753271790308828,True
bp_fs200_signed,/home/test/bupt_hjk/sdp_dataset/xrf55/wifi/01_50_05.npy,1000,float64,0.0,0.502462962962963,0.502462962962963,0.5029481481481481,1.0,1.0,0.16197679160642123,0.16197679160642123,True
bp_fs200_signed,/home/test/bupt_hjk/sdp_dataset/xrf55/wifi/01_50_06.npy,1000,float64,0.0,0.5215296296296297,0.5215296296296297,0.5212444444444444,1.0,1.0,0.14131909687465244,0.14131909687465244,True
bp_fs200_signed,/home/test/bupt_hjk/sdp_dataset/xrf55/wifi/01_50_07.npy,1000,float64,0.0,0.5054222222222222,0.5054222222222222,0.5073851851851852,1.0,1.0,0.1449189930671412,0.1449189930671412,True
bp_fs200_signed,/home/test/bupt_hjk/sdp_dataset/xrf55/wifi/01_50_08.npy,1000,float64,0.0,0.4983074074074074,0.4983074074074074,0.49896296296296294,1.0,1.0,0.14286137989841693,0.14286137989841693,True
bp_fs200_signed,/home/test/bupt_hjk/sdp_dataset/xrf55/wifi/01_50_09.npy,1000,float64,0.0,0.5046,0.5046,0.5046,1.0,1.0,0.12919586252919588,0.12919586252919588,True
bp_fs200_signed,/home/test/bupt_hjk/sdp_dataset/xrf55/wifi/01_50_10.npy,1000,float64,0.0,0.5128888888888888,0.5128888888888888,0.5151407407407408,1.0,1.0,0.14375857338820303,0.14375857338820303,True
bp_fs200_signed,/home/test/bupt_hjk/sdp_dataset/xrf55/wifi/01_50_11.npy,1000,float64,0.0,0.5136888888888889,0.5136888888888889,0.514837037037037,1.0,1.0,0.12378674971267564,0.12378674971267564,True
bp_fs200_signed,/home/test/bupt_hjk/sdp_dataset/xrf55/wifi/01_50_12.npy,1000,float64,0.0,0.5122074074074074,0.5122074074074074,0.5116222222222222,1.0,1.0,0.13965817669521374,0.13965817669521374,True
bp_fs200_signed,/home/test/bupt_hjk/sdp_dataset/xrf55/wifi/01_50_13.npy,1000,float64,0.0,0.5048259259259259,0.5048259259259259,0.5057925925925926,1.0,1.0,0.1240203166129092,0.1240203166129092,True
bp_fs200_signed,/home/test/bupt_hjk/sdp_dataset/xrf55/wifi/01_50_14.npy,1000,float64,0.0,0.5128037037037037,0.5128037037037037,0.5139851851851852,1.0,1.0,0.12252622993363733,0.12252622993363733,True
bp_fs200_signed,/home/test/bupt_hjk/sdp_dataset/xrf55/wifi/01_50_15.npy,1000,float64,0.0,0.5110777777777777,0.5110777777777777,0.5114740740740741,1.0,1.0,0.12197382567752939,0.12197382567752939,True
bp_fs200_signed,/home/test/bupt_hjk/sdp_dataset/xrf55/wifi/01_50_16.npy,1000,float64,0.0,0.5057592592592592,0.5057592592592592,0.5068,1.0,1.0,0.12684907129351575,0.12684907129351575,True
bp_fs200_signed,/home/test/bupt_hjk/sdp_dataset/xrf55/wifi/01_50_17.npy,1000,float64,0.0,0.5041074074074074,0.5041074074074074,0.5033703703703704,1.0,1.0,0.1271419567715864,0.1271419567715864,True
bp_fs200_signed,/home/test/bupt_hjk/sdp_dataset/xrf55/wifi/01_50_18.npy,1000,float64,0.0,0.5073,0.5073,0.5083851851851852,1.0,1.0,0.1322470618766915,0.1322470618766915,True
bp_fs200_signed,/home/test/bupt_hjk/sdp_dataset/xrf55/wifi/01_50_19.npy,1000,float64,0.0,0.48555925925925925,0.48555925925925925,0.4865777777777778,1.0,1.0,0.1300040781522263,0.1300040781522263,True
bp_fs200_signed,/home/test/bupt_hjk/sdp_dataset/xrf55/wifi/01_50_20.npy,1000,float64,0.0,0.502562962962963,0.502562962962963,0.5034222222222222,1.0,1.0,0.13259926593259927,0.13259926593259927,True
bp_fs200_signed,/home/test/bupt_hjk/sdp_dataset/xrf55/wifi/01_51_01.npy,1000,float64,0.0,0.4945259259259259,0.4945259259259259,0.4951777777777778,1.0,1.0,0.13519445371297223,0.13519445371297223,True
bp_fs200_signed,/home/test/bupt_hjk/sdp_dataset/xrf55/wifi/01_51_02.npy,1000,float64,0.0,0.49924074074074076,0.49924074074074076,0.5013407407407408,1.0,1.0,0.12590738887035183,0.12590738887035183,True
bp_fs200_signed,/home/test/bupt_hjk/sdp_dataset/xrf55/wifi/01_51_03.npy,1000,float64,0.0,0.5058666666666667,0.5058666666666667,0.5060148148148148,1.0,1.0,0.12079857635413191,0.12079857635413191,True
bp_fs200_signed,/home/test/bupt_hjk/sdp_dataset/xrf55/wifi/01_51_04.npy,1000,float64,0.0,0.4942925925925926,0.4942925925925926,0.4947111111111111,1.0,1.0,0.12546620694768842,0.12546620694768842,True
bp_fs200_signed,/home/test/bupt_hjk/sdp_dataset/xrf55/wifi/01_51_05.npy,1000,float64,0.0,0.4960148148148148,0.4960148148148148,0.4953037037037037,1.0,1.0,0.13199495792088384,0.13199495792088384,True
bp_fs200_signed,/home/test/bupt_hjk/sdp_dataset/xrf55/wifi/01_51_06.npy,1000,float64,0.0,0.5079148148148148,0.5079148148148148,0.5093333333333333,1.0,1.0,0.1314685055425796,0.1314685055425796,True
bp_fs200_signed,/home/test/bupt_hjk/sdp_dataset/xrf55/wifi/01_51_07.npy,1000,float64,0.0,0.4945148148148148,0.4945148148148148,0.4955777777777778,1.0,1.0,0.1322470618766915,0.1322470618766915,True
bp_fs200_signed,/home/test/bupt_hjk/sdp_dataset/xrf55/wifi/01_51_08.npy,1000,float64,0.0,0.4960777777777778,0.4960777777777778,0.4971333333333333,1.0,1.0,0.13137952767582398,0.13137952767582398,True
bp_fs200_signed,/home/test/bupt_hjk/sdp_dataset/xrf55/wifi/01_51_09.npy,1000,float64,0.0,0.4998851851851852,0.4998851851851852,0.5008222222222222,1.0,1.0,0.1349052756460164,0.1349052756460164,True
bp_fs200_signed,/home/test/bupt_hjk/sdp_dataset/xrf55/wifi/01_51_10.npy,1000,float64,0.0,0.48703703703703705,0.48703703703703705,0.48731851851851854,1.0,1.0,0.12407222036851666,0.12407222036851666,True
bp_fs200_signed,/home/test/bupt_hjk/sdp_dataset/xrf55/wifi/01_51_11.npy,1000,float64,0.0,0.5053222222222222,0.5053222222222222,0.5055185185185185,1.0,1.0,0.12597412227041857,0.12597412227041857,True
bp_fs200_signed,/home/test/bupt_hjk/sdp_dataset/xrf55/wifi/01_51_12.npy,1000,float64,0.0,0.5093111111111112,0.5093111111111112,0.5104,1.0,1.0,0.12063915767619471,0.12063915767619471,True
bp_fs200_signed,/home/test/bupt_hjk/sdp_dataset/xrf55/wifi/01_51_13.npy,1000,float64,0.0,0.4829888888888889,0.4829888888888889,0.48303703703703704,1.0,1.0,0.12094687279872465,0.12094687279872465,True
bp_fs200_signed,/home/test/bupt_hjk/sdp_dataset/xrf55/wifi/01_51_14.npy,1000,float64,0.0,0.4922037037037037,0.4922037037037037,0.4916,1.0,1.0,0.140510881251622,0.140510881251622,True
bp_fs200_signed,/home/test/bupt_hjk/sdp_dataset/xrf55/wifi/01_51_15.npy,1000,float64,0.0,0.4951185185185185,0.4951185185185185,0.49621481481481483,1.0,1.0,0.12993363734104474,0.12993363734104474,True
bp_fs200_signed,/home/test/bupt_hjk/sdp_dataset/xrf55/wifi/01_51_16.npy,1000,float64,0.0,0.5088,0.5088,0.5088666666666667,1.0,1.0,0.12579987394802208,0.12579987394802208,True
bp_fs200_signed,/home/test/bupt_hjk/sdp_dataset/xrf55/wifi/01_51_17.npy,1000,float64,0.0,0.4987666666666667,0.4987666666666667,0.4985185185185185,1.0,1.0,0.1298854409965521,0.1298854409965521,True
bp_fs200_signed,/home/test/bupt_hjk/sdp_dataset/xrf55/wifi/01_51_18.npy,1000,float64,0.0,0.5052407407407408,0.5052407407407408,0.5051333333333333,1.0,1.0,0.1276016757498239,0.1276016757498239,True
bp_fs200_signed,/home/test/bupt_hjk/sdp_dataset/xrf55/wifi/01_51_19.npy,1000,float64,0.0,0.5169481481481482,0.5169481481481482,0.5177703703703703,1.0,1.0,0.12201089978867756,0.12201089978867756,True
bp_fs200_signed,/home/test/bupt_hjk/sdp_dataset/xrf55/wifi/01_51_20.npy,1000,float64,0.0,0.4933111111111111,0.4933111111111111,0.4941407407407407,1.0,1.0,0.15175545916286656,0.15175545916286656,True
bp_fs200_signed,/home/test/bupt_hjk/sdp_dataset/xrf55/wifi/01_52_01.npy,1000,float64,0.0,0.4963518518518519,0.4963518518518519,0.4980222222222222,1.0,1.0,0.1294071849627405,0.1294071849627405,True
bp_fs200_signed,/home/test/bupt_hjk/sdp_dataset/xrf55/wifi/01_52_02.npy,1000,float64,0.0,0.4828037037037037,0.4828037037037037,0.4838222222222222,1.0,1.0,0.1479145812479146,0.1479145812479146,True
bp_fs200_signed,/home/test/bupt_hjk/sdp_dataset/xrf55/wifi/01_52_03.npy,1000,float64,0.0,0.48684444444444447,0.48684444444444447,0.4885407407407407,1.0,1.0,0.13167982797612426,0.13167982797612426,True
bp_fs200_signed,/home/test/bupt_hjk/sdp_dataset/xrf55/wifi/01_52_04.npy,1000,float64,0.0,0.5006259259259259,0.5006259259259259,0.500762962962963,1.0,1.0,0.12937011085159233,0.12937011085159233,True
bp_fs200_signed,/home/test/bupt_hjk/sdp_dataset/xrf55/wifi/01_52_05.npy,1000,float64,0.0,0.49376296296296296,0.49376296296296296,0.49335555555555555,1.0,1.0,0.12439847254662069,0.12439847254662069,True
bp_fs200_signed,/home/test/bupt_hjk/sdp_dataset/xrf55/wifi/01_52_06.npy,1000,float64,0.0,0.4926037037037037,0.4926037037037037,0.49232592592592594,1.0,1.0,0.13344455566677788,0.13344455566677788,True
bp_fs200_signed,/home/test/bupt_hjk/sdp_dataset/xrf55/wifi/01_52_07.npy,1000,float64,0.0,0.4949962962962963,0.4949962962962963,0.4961185185185185,1.0,1.0,0.13427872316761205,0.13427872316761205,True
bp_fs200_signed,/home/test/bupt_hjk/sdp_dataset/xrf55/wifi/01_52_08.npy,1000,float64,0.0,0.4973185185185185,0.4973185185185185,0.49702962962962965,1.0,1.0,0.13141660178697215,0.13141660178697215,True
bp_fs200_signed,/home/test/bupt_hjk/sdp_dataset/xrf55/wifi/01_52_09.npy,1000,float64,0.0,0.5138148148148148,0.5138148148148148,0.5148,1.0,1.0,0.12251140028917806,0.12251140028917806,True
bp_fs200_signed,/home/test/bupt_hjk/sdp_dataset/xrf55/wifi/01_52_10.npy,1000,float64,0.0,0.49265185185185184,0.49265185185185184,0.4923925925925926,1.0,1.0,0.11682793905016127,0.11682793905016127,True
bp_fs200_signed,/home/test/bupt_hjk/sdp_dataset/xrf55/wifi/01_52_11.npy,1000,float64,0.0,0.4910148148148148,0.4910148148148148,0.4916962962962963,1.0,1.0,0.153360768175583,0.153360768175583,True
bp_fs200_signed,/home/test/bupt_hjk/sdp_dataset/xrf55/wifi/01_52_12.npy,1000,float64,0.0,0.49173703703703703,0.49173703703703703,0.49278518518518516,1.0,1.0,0.13227301375449524,0.13227301375449524,True
bp_fs200_signed,/home/test/bupt_hjk/sdp_dataset/xrf55/wifi/01_52_13.npy,1000,float64,0.0,0.49493703703703706,0.49493703703703706,0.49605185185185185,1.0,1.0,0.1335075816557298,0.1335075816557298,True
bp_fs200_signed,/home/test/bupt_hjk/sdp_dataset/xrf55/wifi/01_52_14.npy,1000,float64,0.0,0.511637037037037,0.511637037037037,0.5115851851851851,1.0,1.0,0.13956178400622846,0.13956178400622846,True
bp_fs200_signed,/home/test/bupt_hjk/sdp_dataset/xrf55/wifi/01_52_15.npy,1000,float64,0.0,0.49956666666666666,0.49956666666666666,0.5001111111111111,1.0,1.0,0.12838393949505061,0.12838393949505061,True
bp_fs200_signed,/home/test/bupt_hjk/sdp_dataset/xrf55/wifi/01_52_16.npy,1000,float64,0.0,0.49726296296296296,0.49726296296296296,0.4975703703703704,1.0,1.0,0.11903014125236347,0.11903014125236347,True
bp_fs200_signed,/home/test/bupt_hjk/sdp_dataset/xrf55/wifi/01_52_17.npy,1000,float64,0.0,0.4977,0.4977,0.49777777777777776,1.0,1.0,0.13703703703703704,0.13703703703703704,True
bp_fs200_signed,/home/test/bupt_hjk/sdp_dataset/xrf55/wifi/01_52_18.npy,1000,float64,0.0,0.5095925925925926,0.5095925925925926,0.5102074074074074,1.0,1.0,0.12915508100693285,0.12915508100693285,True
bp_fs200_signed,/home/test/bupt_hjk/sdp_dataset/xrf55/wifi/01_52_19.npy,1000,float64,0.0,0.5064185185185185,0.5064185185185185,0.5070740740740741,1.0,1.0,0.1217180143106069,0.1217180143106069,True
bp_fs200_signed,/home/test/bupt_hjk/sdp_dataset/xrf55/wifi/01_52_20.npy,1000,float64,0.0,0.49345925925925926,0.49345925925925926,0.4934074074074074,1.0,1.0,0.11447373299225151,0.11447373299225151,True
bp_fs200_signed,/home/test/bupt_hjk/sdp_dataset/xrf55/wifi/01_53_01.npy,1000,float64,0.0,0.4985925925925926,0.4985925925925926,0.4998148148148148,1.0,1.0,0.12189226263300337,0.12189226263300337,True
bp_fs200_signed,/home/test/bupt_hjk/sdp_dataset/xrf55/wifi/01_53_02.npy,1000,float64,0.0,0.5043925925925926,0.5043925925925926,0.5045925925925926,1.0,1.0,0.13072702331961591,0.13072702331961591,True
bp_fs200_signed,/home/test/bupt_hjk/sdp_dataset/xrf55/wifi/01_53_03.npy,1000,float64,0.0,0.5098962962962963,0.5098962962962963,0.5097407407407407,1.0,1.0,0.12881770659548436,0.12881770659548436,True
bp_fs200_signed,/home/test/bupt_hjk/sdp_dataset/xrf55/wifi/01_53_04.npy,1000,float64,0.0,0.49683333333333335,0.49683333333333335,0.49875555555555556,1.0,1.0,0.1455195936677418,0.1455195936677418,True
bp_fs200_signed,/home/test/bupt_hjk/sdp_dataset/xrf55/wifi/01_53_05.npy,1000,float64,0.0,0.5079481481481481,0.5079481481481481,0.5087333333333334,1.0,1.0,0.13894264635005377,0.13894264635005377,True
bp_fs200_signed,/home/test/bupt_hjk/sdp_dataset/xrf55/wifi/01_53_06.npy,1000,float64,0.0,0.4955481481481481,0.4955481481481481,0.4965185185185185,1.0,1.0,0.13170207244281318,0.13170207244281318,True
bp_fs200_signed,/home/test/bupt_hjk/sdp_dataset/xrf55/wifi/01_53_07.npy,1000,float64,0.0,0.4974074074074074,0.4974074074074074,0.4980888888888889,1.0,1.0,0.13157602046490935,0.13157602046490935,True
bp_fs200_signed,/home/test/bupt_hjk/sdp_dataset/xrf55/wifi/01_53_08.npy,1000,float64,0.0,0.49836296296296295,0.49836296296296295,0.4991037037037037,1.0,1.0,0.1333259185111037,0.1333259185111037,True
bp_fs200_signed,/home/test/bupt_hjk/sdp_dataset/xrf55/wifi/01_53_09.npy,1000,float64,0.0,0.49695925925925927,0.49695925925925927,0.49845925925925927,1.0,1.0,0.13781930078226373,0.13781930078226373,True
bp_fs200_signed,/home/test/bupt_hjk/sdp_dataset/xrf55/wifi/01_53_10.npy,1000,float64,0.0,0.49232592592592594,0.49232592592592594,0.4928888888888889,1.0,1.0,0.15699403106810514,0.15699403106810514,True
bp_fs200_signed,/home/test/bupt_hjk/sdp_dataset/xrf55/wifi/01_53_11.npy,1000,float64,0.0,0.5055666666666667,0.5055666666666667,0.5057555555555555,1.0,1.0,0.13715567419271124,0.13715567419271124,True
bp_fs200_signed,/home/test/bupt_hjk/sdp_dataset/xrf55/wifi/01_53_12.npy,1000,float64,0.0,0.5098407407407407,0.5098407407407407,0.5103185185185185,1.0,1.0,0.13094946798650503,0.13094946798650503,True
bp_fs200_signed,/home/test/bupt_hjk/sdp_dataset/xrf55/wifi/01_53_13.npy,1000,float64,0.0,0.4896888888888889,0.4896888888888889,0.489562962962963,1.0,1.0,0.12262262262262262,0.12262262262262262,True
bp_fs200_signed,/home/test/bupt_hjk/sdp_dataset/xrf55/wifi/01_53_14.npy,1000,float64,0.0,0.5009851851851852,0.5009851851851852,0.5019925925925925,1.0,1.0,0.12602973343714086,0.12602973343714086,True
bp_fs200_signed,/home/test/bupt_hjk/sdp_dataset/xrf55/wifi/01_53_15.npy,1000,float64,0.0,0.5087444444444444,0.5087444444444444,0.5081481481481481,1.0,1.0,0.13442331220108997,0.13442331220108997,True
bp_fs200_signed,/home/test/bupt_hjk/sdp_dataset/xrf55/wifi/01_53_16.npy,1000,float64,0.0,0.5260444444444444,0.5260444444444444,0.5269777777777778,1.0,1.0,0.14455937418900383,0.14455937418900383,True
bp_fs200_signed,/home/test/bupt_hjk/sdp_dataset/xrf55/wifi/01_53_17.npy,1000,float64,0.0,0.5043518518518518,0.5043518518518518,0.5042740740740741,1.0,1.0,0.14256107959811665,0.14256107959811665,True
bp_fs200_signed,/home/test/bupt_hjk/sdp_dataset/xrf55/wifi/01_53_18.npy,1000,float64,0.0,0.49347407407407406,0.49347407407407406,0.4934148148148148,1.0,1.0,0.14193823453082713,0.14193823453082713,True
bp_fs200_signed,/home/test/bupt_hjk/sdp_dataset/xrf55/wifi/01_53_19.npy,1000,float64,0.0,0.4801666666666667,0.4801666666666667,0.4807111111111111,1.0,1.0,0.15352760167574983,0.15352760167574983,True
bp_fs200_signed,/home/test/bupt_hjk/sdp_dataset/xrf55/wifi/01_53_20.npy,1000,float64,0.0,0.5052629629629629,0.5052629629629629,0.5048592592592592,1.0,1.0,0.14191228265302339,0.14191228265302339,True
bp_fs200_signed,/home/test/bupt_hjk/sdp_dataset/xrf55/wifi/01_54_01.npy,1000,float64,0.0,0.4779851851851852,0.4779851851851852,0.47846666666666665,1.0,1.0,0.13017091165239314,0.13017091165239314,True
bp_fs200_signed,/home/test/bupt_hjk/sdp_dataset/xrf55/wifi/01_54_02.npy,1000,float64,0.0,0.516325925925926,0.516325925925926,0.5173037037037037,1.0,1.0,0.1313832350869388,0.1313832350869388,True
bp_fs200_signed,/home/test/bupt_hjk/sdp_dataset/xrf55/wifi/01_54_03.npy,1000,float64,0.0,0.5096666666666667,0.5096666666666667,0.5090296296296296,1.0,1.0,0.14776257739220702,0.14776257739220702,True
bp_fs200_signed,/home/test/bupt_hjk/sdp_dataset/xrf55/wifi/01_54_04.npy,1000,float64,0.0,0.4970888888888889,0.4970888888888889,0.4971333333333333,1.0,1.0,0.13629184740295852,0.13629184740295852,True
bp_fs200_signed,/home/test/bupt_hjk/sdp_dataset/xrf55/wifi/01_54_05.npy,1000,float64,0.0,0.5031407407407408,0.5031407407407408,0.5023925925925926,1.0,1.0,0.13483112742372003,0.13483112742372003,True
bp_fs200_signed,/home/test/bupt_hjk/sdp_dataset/xrf55/wifi/01_54_06.npy,1000,float64,0.0,0.4993740740740741,0.4993740740740741,0.49877037037037036,1.0,1.0,0.14171949727505284,0.14171949727505284,True
bp_fs200_signed,/home/test/bupt_hjk/sdp_dataset/xrf55/wifi/01_54_07.npy,1000,float64,0.0,0.5060518518518519,0.5060518518518519,0.5081777777777777,1.0,1.0,0.13319245171097022,0.13319245171097022,True
bp_fs200_signed,/home/test/bupt_hjk/sdp_dataset/xrf55/wifi/01_54_08.npy,1000,float64,0.0,0.49787777777777775,0.49787777777777775,0.499162962962963,1.0,1.0,0.12175138101064027,0.12175138101064027,True
bp_fs200_signed,/home/test/bupt_hjk/sdp_dataset/xrf55/wifi/01_54_09.npy,1000,float64,0.0,0.5008888888888889,0.5008888888888889,0.500562962962963,1.0,1.0,0.11975308641975309,0.11975308641975309,True
bp_fs200_signed,/home/test/bupt_hjk/sdp_dataset/xrf55/wifi/01_54_10.npy,1000,float64,0.0,0.5097111111111111,0.5097111111111111,0.5103185185185185,1.0,1.0,0.11970489007526045,0.11970489007526045,True
bp_fs200_signed,/home/test/bupt_hjk/sdp_dataset/xrf55/wifi/01_54_11.npy,1000,float64,0.0,0.503362962962963,0.503362962962963,0.503562962962963,1.0,1.0,0.12806139472806138,0.12806139472806138,True
bp_fs200_signed,/home/test/bupt_hjk/sdp_dataset/xrf55/wifi/01_54_12.npy,1000,float64,0.0,0.4917740740740741,0.4917740740740741,0.49162222222222224,1.0,1.0,0.1142512883253624,0.1142512883253624,True
bp_fs200_signed,/home/test/bupt_hjk/sdp_dataset/xrf55/wifi/01_54_13.npy,1000,float64,0.0,0.4882851851851852,0.4882851851851852,0.48786666666666667,1.0,1.0,0.1466577688799911,0.1466577688799911,True
bp_fs200_signed,/home/test/bupt_hjk/sdp_dataset/xrf55/wifi/01_54_14.npy,1000,float64,0.0,0.5050296296296296,0.5050296296296296,0.5053703703703704,1.0,1.0,0.125618210803396,0.125618210803396,True
bp_fs200_signed,/home/test/bupt_hjk/sdp_dataset/xrf55/wifi/01_54_15.npy,1000,float64,0.0,0.49378518518518516,0.49378518518518516,0.4936740740740741,1.0,1.0,0.11941941941941941,0.11941941941941941,True
bp_fs200_signed,/home/test/bupt_hjk/sdp_dataset/xrf55/wifi/01_54_16.npy,1000,float64,0.0,0.4922,0.4922,0.49266666666666664,1.0,1.0,0.11336150965780595,0.11336150965780595,True
bp_fs200_signed,/home/test/bupt_hjk/sdp_dataset/xrf55/wifi/01_54_17.npy,1000,float64,0.0,0.5155740740740741,0.5155740740740741,0.5158962962962963,1.0,1.0,0.13077151225299374,0.13077151225299374,True
bp_fs200_signed,/home/test/bupt_hjk/sdp_dataset/xrf55/wifi/01_54_18.npy,1000,float64,0.0,0.5070962962962963,0.5070962962962963,0.5082592592592593,1.0,1.0,0.11923775627479331,0.11923775627479331,True
bp_fs200_signed,/home/test/bupt_hjk/sdp_dataset/xrf55/wifi/01_54_19.npy,1000,float64,0.0,0.5119370370370371,0.5119370370370371,0.5116074074074074,1.0,1.0,0.11682423163904646,0.11682423163904646,True
bp_fs200_signed,/home/test/bupt_hjk/sdp_dataset/xrf55/wifi/01_54_20.npy,1000,float64,0.0,0.5033,0.5033,0.5043851851851852,1.0,1.0,0.12393133874615356,0.12393133874615356,True
bp_fs200_signed,/home/test/bupt_hjk/sdp_dataset/xrf55/wifi/01_55_01.npy,1000,float64,0.0,0.4980074074074074,0.4980074074074074,0.49833333333333335,1.0,1.0,0.11386571756942128,0.11386571756942128,True
bp_fs200_signed,/home/test/bupt_hjk/sdp_dataset/xrf55/wifi/01_55_02.npy,1000,float64,0.0,0.4997185185185185,0.4997185185185185,0.49747407407407407,1.0,1.0,0.132747562377192,0.132747562377192,True
bp_fs200_signed,/home/test/bupt_hjk/sdp_dataset/xrf55/wifi/01_55_03.npy,1000,float64,0.0,0.4954851851851852,0.4954851851851852,0.49548148148148147,1.0,1.0,0.11990509027546065,0.11990509027546065,True
bp_fs200_signed,/home/test/bupt_hjk/sdp_dataset/xrf55/wifi/01_55_04.npy,1000,float64,0.0,0.5010703703703704,0.5010703703703704,0.5021555555555556,1.0,1.0,0.15048752456159864,0.15048752456159864,True
bp_fs200_signed,/home/test/bupt_hjk/sdp_dataset/xrf55/wifi/01_55_05.npy,1000,float64,0.0,0.49152222222222225,0.49152222222222225,0.4914,1.0,1.0,0.13997701405108812,0.13997701405108812,True
bp_fs200_signed,/home/test/bupt_hjk/sdp_dataset/xrf55/wifi/01_55_06.npy,1000,float64,0.0,0.5082814814814814,0.5082814814814814,0.5090740740740741,1.0,1.0,0.13763393022652282,0.13763393022652282,True
bp_fs200_signed,/home/test/bupt_hjk/sdp_dataset/xrf55/wifi/01_55_07.npy,1000,float64,0.0,0.4976925925925926,0.4976925925925926,0.49808148148148146,1.0,1.0,0.15307900493085677,0.15307900493085677,True
bp_fs200_signed,/home/test/bupt_hjk/sdp_dataset/xrf55/wifi/01_55_08.npy,1000,float64,0.0,0.48502962962962964,0.48502962962962964,0.48593333333333333,1.0,1.0,0.14526007488970452,0.14526007488970452,True
bp_fs200_signed,/home/test/bupt_hjk/sdp_dataset/xrf55/wifi/01_55_09.npy,1000,float64,0.0,0.49643333333333334,0.49643333333333334,0.49648148148148147,1.0,1.0,0.12937011085159233,0.12937011085159233,True
bp_fs200_signed,/home/test/bupt_hjk/sdp_dataset/xrf55/wifi/01_55_10.npy,1000,float64,0.0,0.5007592592592592,0.5007592592592592,0.500637037037037,1.0,1.0,0.12197011826641456,0.12197011826641456,True
bp_fs200_signed,/home/test/bupt_hjk/sdp_dataset/xrf55/wifi/01_55_11.npy,1000,float64,0.0,0.5091222222222223,0.5091222222222223,0.5099333333333333,1.0,1.0,0.12576650724798874,0.12576650724798874,True
bp_fs200_signed,/home/test/bupt_hjk/sdp_dataset/xrf55/wifi/01_55_12.npy,1000,float64,0.0,0.5081148148148148,0.5081148148148148,0.5083333333333333,1.0,1.0,0.1305045786527268,0.1305045786527268,True
bp_fs200_signed,/home/test/bupt_hjk/sdp_dataset/xrf55/wifi/01_55_13.npy,1000,float64,0.0,0.49777037037037036,0.49777037037037036,0.4970888888888889,1.0,1.0,0.13731509287064841,0.13731509287064841,True
bp_fs200_signed,/home/test/bupt_hjk/sdp_dataset/xrf55/wifi/01_55_14.npy,1000,float64,0.0,0.5024740740740741,0.5024740740740741,0.5024518518518518,1.0,1.0,0.12468765061357653,0.12468765061357653,True
bp_fs200_signed,/home/test/bupt_hjk/sdp_dataset/xrf55/wifi/01_55_15.npy,1000,float64,0.0,0.5016592592592592,0.5016592592592592,0.5009555555555556,1.0,1.0,0.12805397990583176,0.12805397990583176,True
bp_fs200_signed,/home/test/bupt_hjk/sdp_dataset/xrf55/wifi/01_55_16.npy,1000,float64,0.0,0.49627777777777776,0.49627777777777776,0.4956,1.0,1.0,0.12098394690987284,0.12098394690987284,True
bp_fs200_signed,/home/test/bupt_hjk/sdp_dataset/xrf55/wifi/01_55_17.npy,1000,float64,0.0,0.5048074074074074,0.5048074074074074,0.5053037037037037,1.0,1.0,0.12398694991287584,0.12398694991287584,True
bp_fs200_signed,/home/test/bupt_hjk/sdp_dataset/xrf55/wifi/01_55_18.npy,1000,float64,0.0,0.5116666666666667,0.5116666666666667,0.5125333333333333,1.0,1.0,0.12835798761724687,0.12835798761724687,True
bp_fs200_signed,/home/test/bupt_hjk/sdp_dataset/xrf55/wifi/01_55_19.npy,1000,float64,0.0,0.5131074074074075,0.5131074074074075,0.5138592592592592,1.0,1.0,0.12039076113150188,0.12039076113150188,True
bp_fs200_signed,/home/test/bupt_hjk/sdp_dataset/xrf55/wifi/01_55_20.npy,1000,float64,0.0,0.5007555555555555,0.5007555555555555,0.5015851851851851,1.0,1.0,0.13293293293293293,0.13293293293293293,True
bp_fs200_signed,/home/test/bupt_hjk/sdp_dataset/xrf55/wifi/02_01_01.npy,1000,float64,0.0,0.48638888888888887,0.48638888888888887,0.4872740740740741,1.0,1.0,0.12476550624698773,0.12476550624698773,True
bp_fs200_signed,/home/test/bupt_hjk/sdp_dataset/xrf55/wifi/02_01_02.npy,1000,float64,0.0,0.501662962962963,0.501662962962963,0.5015259259259259,1.0,1.0,0.11468134801468134,0.11468134801468134,True
bp_fs200_signed,/home/test/bupt_hjk/sdp_dataset/xrf55/wifi/02_01_03.npy,1000,float64,0.0,0.4945777777777778,0.4945777777777778,0.4954222222222222,1.0,1.0,0.09779779779779779,0.09779779779779779,True
bp_fs200_signed,/home/test/bupt_hjk/sdp_dataset/xrf55/wifi/02_01_04.npy,1000,float64,0.0,0.49946296296296294,0.49946296296296294,0.5001185185185185,1.0,1.0,0.11262373484595707,0.11262373484595707,True
bp_fs200_signed,/home/test/bupt_hjk/sdp_dataset/xrf55/wifi/02_01_05.npy,1000,float64,0.0,0.4921888888888889,0.4921888888888889,0.4925185185185185,1.0,1.0,0.11167834501167835,0.11167834501167835,True
bp_fs200_signed,/home/test/bupt_hjk/sdp_dataset/xrf55/wifi/02_01_06.npy,1000,float64,0.0,0.4956259259259259,0.4956259259259259,0.49674074074074076,1.0,1.0,0.11269417565713861,0.11269417565713861,True
bp_fs200_signed,/home/test/bupt_hjk/sdp_dataset/xrf55/wifi/02_01_07.npy,1000,float64,0.0,0.49983333333333335,0.49983333333333335,0.49963703703703705,1.0,1.0,0.1199162125088051,0.1199162125088051,True
bp_fs200_signed,/home/test/bupt_hjk/sdp_dataset/xrf55/wifi/02_01_08.npy,1000,float64,0.0,0.5031592592592593,0.5031592592592593,0.5041185185185185,1.0,1.0,0.10956512067623178,0.10956512067623178,True
bp_fs200_signed,/home/test/bupt_hjk/sdp_dataset/xrf55/wifi/02_01_09.npy,1000,float64,0.0,0.480737037037037,0.480737037037037,0.4818074074074074,1.0,1.0,0.11716160605049494,0.11716160605049494,True
bp_fs200_signed,/home/test/bupt_hjk/sdp_dataset/xrf55/wifi/02_01_10.npy,1000,float64,0.0,0.4890111111111111,0.4890111111111111,0.4889851851851852,1.0,1.0,0.1207948689430171,0.1207948689430171,True
bp_fs200_signed,/home/test/bupt_hjk/sdp_dataset/xrf55/wifi/02_01_11.npy,1000,float64,0.0,0.49056666666666665,0.49056666666666665,0.4903851851851852,1.0,1.0,0.12224817410002595,0.12224817410002595,True
bp_fs200_signed,/home/test/bupt_hjk/sdp_dataset/xrf55/wifi/02_01_12.npy,1000,float64,0.0,0.49752962962962965,0.49752962962962965,0.49874074074074076,1.0,1.0,0.12836910985059133,0.12836910985059133,True
bp_fs200_signed,/home/test/bupt_hjk/sdp_dataset/xrf55/wifi/02_01_13.npy,1000,float64,0.0,0.4870962962962963,0.4870962962962963,0.48763703703703704,1.0,1.0,0.12218514811107403,0.12218514811107403,True
bp_fs200_signed,/home/test/bupt_hjk/sdp_dataset/xrf55/wifi/02_01_14.npy,1000,float64,0.0,0.4926333333333333,0.4926333333333333,0.4936962962962963,1.0,1.0,0.10993956919882845,0.10993956919882845,True
bp_fs200_signed,/home/test/bupt_hjk/sdp_dataset/xrf55/wifi/02_01_15.npy,1000,float64,0.0,0.5003666666666666,0.5003666666666666,0.5002740740740741,1.0,1.0,0.11556000444889333,0.11556000444889333,True
bp_fs200_signed,/home/test/bupt_hjk/sdp_dataset/xrf55/wifi/02_01_16.npy,1000,float64,0.0,0.49672222222222223,0.49672222222222223,0.49663703703703704,1.0,1.0,0.11570088607125645,0.11570088607125645,True
bp_fs200_signed,/home/test/bupt_hjk/sdp_dataset/xrf55/wifi/02_01_17.npy,1000,float64,0.0,0.48966666666666664,0.48966666666666664,0.48837037037037034,1.0,1.0,0.11089608126645163,0.11089608126645163,True
bp_fs200_signed,/home/test/bupt_hjk/sdp_dataset/xrf55/wifi/02_01_18.npy,1000,float64,0.0,0.5127592592592592,0.5127592592592592,0.5131851851851852,1.0,1.0,0.12073555036518,0.12073555036518,True
bp_fs200_signed,/home/test/bupt_hjk/sdp_dataset/xrf55/wifi/02_01_19.npy,1000,float64,0.0,0.4899962962962963,0.4899962962962963,0.49017037037037037,1.0,1.0,0.11997923849775702,0.11997923849775702,True
bp_fs200_signed,/home/test/bupt_hjk/sdp_dataset/xrf55/wifi/02_01_20.npy,1000,float64,0.0,0.48643703703703706,0.48643703703703706,0.4877925925925926,1.0,1.0,0.10404107811515219,0.10404107811515219,True
bp_fs200_signed,/home/test/bupt_hjk/sdp_dataset/xrf55/wifi/02_02_01.npy,1000,float64,0.0,0.49069259259259257,0.49069259259259257,0.4905333333333333,1.0,1.0,0.165250435620806,0.165250435620806,True
bp_fs200_signed,/home/test/bupt_hjk/sdp_dataset/xrf55/wifi/02_02_02.npy,1000,float64,0.0,0.4905962962962963,0.4905962962962963,0.4903851851851852,1.0,1.0,0.1648871093315538,0.1648871093315538,True
bp_fs200_signed,/home/test/bupt_hjk/sdp_dataset/xrf55/wifi/02_02_03.npy,1000,float64,0.0,0.4976962962962963,0.4976962962962963,0.49862222222222224,1.0,1.0,0.14939383828272718,0.14939383828272718,True
bp_fs200_signed,/home/test/bupt_hjk/sdp_dataset/xrf55/wifi/02_02_04.npy,1000,float64,0.0,0.4919037037037037,0.4919037037037037,0.49278518518518516,1.0,1.0,0.1522819115411708,0.1522819115411708,True
bp_fs200_signed,/home/test/bupt_hjk/sdp_dataset/xrf55/wifi/02_02_05.npy,1000,float64,0.0,0.4987888888888889,0.4987888888888889,0.49936296296296295,1.0,1.0,0.1521855188521855,0.1521855188521855,True
bp_fs200_signed,/home/test/bupt_hjk/sdp_dataset/xrf55/wifi/02_02_06.npy,1000,float64,0.0,0.4892185185185185,0.4892185185185185,0.4895703703703704,1.0,1.0,0.15241167093018945,0.15241167093018945,True
bp_fs200_signed,/home/test/bupt_hjk/sdp_dataset/xrf55/wifi/02_02_07.npy,1000,float64,0.0,0.5128296296296296,0.5128296296296296,0.5148962962962963,1.0,1.0,0.1477180884588292,0.1477180884588292,True
bp_fs200_signed,/home/test/bupt_hjk/sdp_dataset/xrf55/wifi/02_02_08.npy,1000,float64,0.0,0.5008296296296296,0.5008296296296296,0.4997185185185185,1.0,1.0,0.1516813109405702,0.1516813109405702,True
bp_fs200_signed,/home/test/bupt_hjk/sdp_dataset/xrf55/wifi/02_02_09.npy,1000,float64,0.0,0.5013518518518518,0.5013518518518518,0.5004888888888889,1.0,1.0,0.16450153857561264,0.16450153857561264,True
bp_fs200_signed,/home/test/bupt_hjk/sdp_dataset/xrf55/wifi/02_02_10.npy,1000,float64,0.0,0.5079851851851852,0.5079851851851852,0.5078222222222222,1.0,1.0,0.1543654765876988,0.1543654765876988,True
bp_fs200_signed,/home/test/bupt_hjk/sdp_dataset/xrf55/wifi/02_02_11.npy,1000,float64,0.0,0.5086888888888889,0.5086888888888889,0.5075259259259259,1.0,1.0,0.15121788455121787,0.15121788455121787,True
bp_fs200_signed,/home/test/bupt_hjk/sdp_dataset/xrf55/wifi/02_02_12.npy,1000,float64,0.0,0.4983,0.4983,0.49706666666666666,1.0,1.0,0.1704556408260112,0.1704556408260112,True
bp_fs200_signed,/home/test/bupt_hjk/sdp_dataset/xrf55/wifi/02_02_13.npy,1000,float64,0.0,0.5076074074074074,0.5076074074074074,0.508962962962963,1.0,1.0,0.16167649130612094,0.16167649130612094,True
bp_fs200_signed,/home/test/bupt_hjk/sdp_dataset/xrf55/wifi/02_02_14.npy,1000,float64,0.0,0.5096407407407407,0.5096407407407407,0.509762962962963,1.0,1.0,0.16056056056056056,0.16056056056056056,True
bp_fs200_signed,/home/test/bupt_hjk/sdp_dataset/xrf55/wifi/02_02_15.npy,1000,float64,0.0,0.4963666666666667,0.4963666666666667,0.4951037037037037,1.0,1.0,0.14944944944944946,0.14944944944944946,True
bp_fs200_signed,/home/test/bupt_hjk/sdp_dataset/xrf55/wifi/02_02_16.npy,1000,float64,0.0,0.4971074074074074,0.4971074074074074,0.4959703703703704,1.0,1.0,0.14441849256664072,0.14441849256664072,True
bp_fs200_signed,/home/test/bupt_hjk/sdp_dataset/xrf55/wifi/02_02_17.npy,1000,float64,0.0,0.4915259259259259,0.4915259259259259,0.4922888888888889,1.0,1.0,0.14634634634634636,0.14634634634634636,True
bp_fs200_signed,/home/test/bupt_hjk/sdp_dataset/xrf55/wifi/02_02_18.npy,1000,float64,0.0,0.508425925925926,0.508425925925926,0.5078814814814815,1.0,1.0,0.14491157824491158,0.14491157824491158,True
bp_fs200_signed,/home/test/bupt_hjk/sdp_dataset/xrf55/wifi/02_02_19.npy,1000,float64,0.0,0.4980888888888889,0.4980888888888889,0.49948888888888887,1.0,1.0,0.14381418455492528,0.14381418455492528,True
bp_fs200_signed,/home/test/bupt_hjk/sdp_dataset/xrf55/wifi/02_02_20.npy,1000,float64,0.0,0.48735185185185187,0.48735185185185187,0.4882962962962963,1.0,1.0,0.15180736291847402,0.15180736291847402,True
bp_fs200_signed,/home/test/bupt_hjk/sdp_dataset/xrf55/wifi/02_03_01.npy,1000,float64,0.0,0.5054814814814815,0.5054814814814815,0.5045185185185185,1.0,1.0,0.15451006562117672,0.15451006562117672,True
bp_fs200_signed,/home/test/bupt_hjk/sdp_dataset/xrf55/wifi/02_03_02.npy,1000,float64,0.0,0.5073407407407408,0.5073407407407408,0.5072148148148148,1.0,1.0,0.1569087606124643,0.1569087606124643,True
bp_fs200_signed,/home/test/bupt_hjk/sdp_dataset/xrf55/wifi/02_03_03.npy,1000,float64,0.0,0.5013185185185185,0.5013185185185185,0.5022296296296296,1.0,1.0,0.14676899121343565,0.14676899121343565,True
bp_fs200_signed,/home/test/bupt_hjk/sdp_dataset/xrf55/wifi/02_03_04.npy,1000,float64,0.0,0.48632592592592594,0.48632592592592594,0.48765185185185184,1.0,1.0,0.13613984354725095,0.13613984354725095,True
bp_fs200_signed,/home/test/bupt_hjk/sdp_dataset/xrf55/wifi/02_03_05.npy,1000,float64,0.0,0.5030814814814815,0.5030814814814815,0.5045777777777778,1.0,1.0,0.13521669817966114,0.13521669817966114,True
bp_fs200_signed,/home/test/bupt_hjk/sdp_dataset/xrf55/wifi/02_03_06.npy,1000,float64,0.0,0.5011444444444444,0.5011444444444444,0.503562962962963,1.0,1.0,0.14341378415452488,0.14341378415452488,True
bp_fs200_signed,/home/test/bupt_hjk/sdp_dataset/xrf55/wifi/02_03_07.npy,1000,float64,0.0,0.5128407407407407,0.5128407407407407,0.5112,1.0,1.0,0.14914544173803432,0.14914544173803432,True
bp_fs200_signed,/home/test/bupt_hjk/sdp_dataset/xrf55/wifi/02_03_08.npy,1000,float64,0.0,0.48562962962962963,0.48562962962962963,0.4872148148148148,1.0,1.0,0.13956549141734326,0.13956549141734326,True
bp_fs200_signed,/home/test/bupt_hjk/sdp_dataset/xrf55/wifi/02_03_09.npy,1000,float64,0.0,0.4893222222222222,0.4893222222222222,0.48636296296296294,1.0,1.0,0.13668483298112927,0.13668483298112927,True
bp_fs200_signed,/home/test/bupt_hjk/sdp_dataset/xrf55/wifi/02_03_10.npy,1000,float64,0.0,0.4999851851851852,0.4999851851851852,0.5012296296296296,1.0,1.0,0.13691839988136284,0.13691839988136284,True
bp_fs200_signed,/home/test/bupt_hjk/sdp_dataset/xrf55/wifi/02_03_11.npy,1000,float64,0.0,0.5174777777777778,0.5174777777777778,0.5176296296296297,1.0,1.0,0.14761428094761428,0.14761428094761428,True
bp_fs200_signed,/home/test/bupt_hjk/sdp_dataset/xrf55/wifi/02_03_12.npy,1000,float64,0.0,0.5018888888888889,0.5018888888888889,0.5014074074074074,1.0,1.0,0.12777963148333518,0.12777963148333518,True
bp_fs200_signed,/home/test/bupt_hjk/sdp_dataset/xrf55/wifi/02_03_13.npy,1000,float64,0.0,0.4945925925925926,0.4945925925925926,0.49562222222222224,1.0,1.0,0.1350127905683461,0.1350127905683461,True
bp_fs200_signed,/home/test/bupt_hjk/sdp_dataset/xrf55/wifi/02_03_14.npy,1000,float64,0.0,0.4998740740740741,0.4998740740740741,0.4989777777777778,1.0,1.0,0.13701479257034813,0.13701479257034813,True
bp_fs200_signed,/home/test/bupt_hjk/sdp_dataset/xrf55/wifi/02_03_15.npy,1000,float64,0.0,0.4848,0.4848,0.4854148148148148,1.0,1.0,0.11951210469728989,0.11951210469728989,True
bp_fs200_signed,/home/test/bupt_hjk/sdp_dataset/xrf55/wifi/02_03_16.npy,1000,float64,0.0,0.4991481481481482,0.4991481481481482,0.49991851851851854,1.0,1.0,0.13081229377525674,0.13081229377525674,True
bp_fs200_signed,/home/test/bupt_hjk/sdp_dataset/xrf55/wifi/02_03_17.npy,1000,float64,0.0,0.5190333333333333,0.5190333333333333,0.5187333333333334,1.0,1.0,0.13767100433767102,0.13767100433767102,True
bp_fs200_signed,/home/test/bupt_hjk/sdp_dataset/xrf55/wifi/02_03_18.npy,1000,float64,0.0,0.5067185185185186,0.5067185185185186,0.5067851851851852,1.0,1.0,0.14540095651206764,0.14540095651206764,True
bp_fs200_signed,/home/test/bupt_hjk/sdp_dataset/xrf55/wifi/02_03_19.npy,1000,float64,0.0,0.5049703703703704,0.5049703703703704,0.5071407407407408,1.0,1.0,0.1408890371853335,0.1408890371853335,True
bp_fs200_signed,/home/test/bupt_hjk/sdp_dataset/xrf55/wifi/02_03_20.npy,1000,float64,0.0,0.5072703703703704,0.5072703703703704,0.5073851851851852,1.0,1.0,0.15101397693990287,0.15101397693990287,True
bp_fs200_signed,/home/test/bupt_hjk/sdp_dataset/xrf55/wifi/02_04_01.npy,1000,float64,0.0,0.4996851851851852,0.4996851851851852,0.4997037037037037,1.0,1.0,0.17094872650428206,0.17094872650428206,True
bp_fs200_signed,/home/test/bupt_hjk/sdp_dataset/xrf55/wifi/02_04_02.npy,1000,float64,0.0,0.4996074074074074,0.4996074074074074,0.5003703703703704,1.0,1.0,0.14176769361954547,0.14176769361954547,True
bp_fs200_signed,/home/test/bupt_hjk/sdp_dataset/xrf55/wifi/02_04_03.npy,1000,float64,0.0,0.4978925925925926,0.4978925925925926,0.49621481481481483,1.0,1.0,0.1525859192525859,0.1525859192525859,True
bp_fs200_signed,/home/test/bupt_hjk/sdp_dataset/xrf55/wifi/02_04_04.npy,1000,float64,0.0,0.4981925925925926,0.4981925925925926,0.4989703703703704,1.0,1.0,0.1502613724835947,0.1502613724835947,True
bp_fs200_signed,/home/test/bupt_hjk/sdp_dataset/xrf55/wifi/02_04_05.npy,1000,float64,0.0,0.5004333333333333,0.5004333333333333,0.500325925925926,1.0,1.0,0.1479590701812924,0.1479590701812924,True
bp_fs200_signed,/home/test/bupt_hjk/sdp_dataset/xrf55/wifi/02_04_06.npy,1000,float64,0.0,0.498,0.498,0.49963703703703705,1.0,1.0,0.16289993697401106,0.16289993697401106,True
bp_fs200_signed,/home/test/bupt_hjk/sdp_dataset/xrf55/wifi/02_04_07.npy,1000,float64,0.0,0.5031592592592593,0.5031592592592593,0.5035259259259259,1.0,1.0,0.15493641789938087,0.15493641789938087,True
bp_fs200_signed,/home/test/bupt_hjk/sdp_dataset/xrf55/wifi/02_04_08.npy,1000,float64,0.0,0.5025111111111111,0.5025111111111111,0.5032148148148148,1.0,1.0,0.1560004448893338,0.1560004448893338,True
bp_fs200_signed,/home/test/bupt_hjk/sdp_dataset/xrf55/wifi/02_04_09.npy,1000,float64,0.0,0.5038888888888889,0.5038888888888889,0.5040666666666667,1.0,1.0,0.1522225929633337,0.1522225929633337,True
bp_fs200_signed,/home/test/bupt_hjk/sdp_dataset/xrf55/wifi/02_04_10.npy,1000,float64,0.0,0.5110851851851852,0.5110851851851852,0.5104740740740741,1.0,1.0,0.15861416972528083,0.15861416972528083,True
bp_fs200_signed,/home/test/bupt_hjk/sdp_dataset/xrf55/wifi/02_04_11.npy,1000,float64,0.0,0.4991148148148148,0.4991148148148148,0.49905185185185186,1.0,1.0,0.16348941534126718,0.16348941534126718,True
bp_fs200_signed,/home/test/bupt_hjk/sdp_dataset/xrf55/wifi/02_04_12.npy,1000,float64,0.0,0.5135222222222222,0.5135222222222222,0.5136444444444445,1.0,1.0,0.1551848144440737,0.1551848144440737,True
bp_fs200_signed,/home/test/bupt_hjk/sdp_dataset/xrf55/wifi/02_04_13.npy,1000,float64,0.0,0.5047777777777778,0.5047777777777778,0.5068814814814815,1.0,1.0,0.15181848515181848,0.15181848515181848,True
bp_fs200_signed,/home/test/bupt_hjk/sdp_dataset/xrf55/wifi/02_04_14.npy,1000,float64,0.0,0.48565185185185183,0.48565185185185183,0.4862518518518519,1.0,1.0,0.14537129722314907,0.14537129722314907,True
bp_fs200_signed,/home/test/bupt_hjk/sdp_dataset/xrf55/wifi/02_04_15.npy,1000,float64,0.0,0.49175185185185183,0.49175185185185183,0.4938962962962963,1.0,1.0,0.1670559448337226,0.1670559448337226,True
bp_fs200_signed,/home/test/bupt_hjk/sdp_dataset/xrf55/wifi/02_04_16.npy,1000,float64,0.0,0.48655925925925925,0.48655925925925925,0.48817777777777777,1.0,1.0,0.1536981425870315,0.1536981425870315,True
bp_fs200_signed,/home/test/bupt_hjk/sdp_dataset/xrf55/wifi/02_04_17.npy,1000,float64,0.0,0.493062962962963,0.493062962962963,0.49248148148148146,1.0,1.0,0.1715938160382605,0.1715938160382605,True
bp_fs200_signed,/home/test/bupt_hjk/sdp_dataset/xrf55/wifi/02_04_18.npy,1000,float64,0.0,0.4979074074074074,0.4979074074074074,0.49725925925925923,1.0,1.0,0.17222407592777964,0.17222407592777964,True
bp_fs200_signed,/home/test/bupt_hjk/sdp_dataset/xrf55/wifi/02_04_19.npy,1000,float64,0.0,0.4854703703703704,0.4854703703703704,0.48545925925925926,1.0,1.0,0.17785192600007416,0.17785192600007416,True
bp_fs200_signed,/home/test/bupt_hjk/sdp_dataset/xrf55/wifi/02_04_20.npy,1000,float64,0.0,0.49293333333333333,0.49293333333333333,0.49262222222222224,1.0,1.0,0.15497349201052904,0.15497349201052904,True
bp_fs200_signed,/home/test/bupt_hjk/sdp_dataset/xrf55/wifi/02_05_01.npy,1000,float64,0.0,0.5136740740740741,0.5136740740740741,0.5137333333333334,1.0,1.0,0.19413858302747192,0.19413858302747192,True
bp_fs200_signed,/home/test/bupt_hjk/sdp_dataset/xrf55/wifi/02_05_02.npy,1000,float64,0.0,0.4994148148148148,0.4994148148148148,0.4991851851851852,1.0,1.0,0.23239535832128425,0.23239535832128425,True
bp_fs200_signed,/home/test/bupt_hjk/sdp_dataset/xrf55/wifi/02_05_03.npy,1000,float64,0.0,0.49422962962962963,0.49422962962962963,0.49404444444444445,1.0,1.0,0.2138286434582731,0.2138286434582731,True
bp_fs200_signed,/home/test/bupt_hjk/sdp_dataset/xrf55/wifi/02_05_04.npy,1000,float64,0.0,0.5021629629629629,0.5021629629629629,0.501762962962963,1.0,1.0,0.1867274682089497,0.1867274682089497,True
bp_fs200_signed,/home/test/bupt_hjk/sdp_dataset/xrf55/wifi/02_05_05.npy,1000,float64,0.0,0.49362222222222224,0.49362222222222224,0.49422962962962963,1.0,1.0,0.19515441367293218,0.19515441367293218,True
bp_fs200_signed,/home/test/bupt_hjk/sdp_dataset/xrf55/wifi/02_05_06.npy,1000,float64,0.0,0.5080259259259259,0.5080259259259259,0.5051851851851852,1.0,1.0,0.2263411559707856,0.2263411559707856,True
bp_fs200_signed,/home/test/bupt_hjk/sdp_dataset/xrf55/wifi/02_05_07.npy,1000,float64,0.0,0.5050407407407408,0.5050407407407408,0.5049481481481481,1.0,1.0,0.19737144551959368,0.19737144551959368,True
bp_fs200_signed,/home/test/bupt_hjk/sdp_dataset/xrf55/wifi/02_05_08.npy,1000,float64,0.0,0.4828148148148148,0.4828148148148148,0.48233333333333334,1.0,1.0,0.1851110369628888,0.1851110369628888,True
bp_fs200_signed,/home/test/bupt_hjk/sdp_dataset/xrf55/wifi/02_05_09.npy,1000,float64,0.0,0.49925555555555556,0.49925555555555556,0.49945185185185187,1.0,1.0,0.2101879657435213,0.2101879657435213,True
bp_fs200_signed,/home/test/bupt_hjk/sdp_dataset/xrf55/wifi/02_05_10.npy,1000,float64,0.0,0.5015407407407407,0.5015407407407407,0.5013037037037037,1.0,1.0,0.2301190078967857,0.2301190078967857,True
bp_fs200_signed,/home/test/bupt_hjk/sdp_dataset/xrf55/wifi/02_05_11.npy,1000,float64,0.0,0.5078074074074074,0.5078074074074074,0.5047259259259259,1.0,1.0,0.19717124531939348,0.19717124531939348,True
bp_fs200_signed,/home/test/bupt_hjk/sdp_dataset/xrf55/wifi/02_05_12.npy,1000,float64,0.0,0.5077851851851852,0.5077851851851852,0.5061111111111111,1.0,1.0,0.2013828643458273,0.2013828643458273,True
bp_fs200_signed,/home/test/bupt_hjk/sdp_dataset/xrf55/wifi/02_05_13.npy,1000,float64,0.0,0.5194037037037037,0.5194037037037037,0.5203481481481481,1.0,1.0,0.21069217365513662,0.21069217365513662,True
bp_fs200_signed,/home/test/bupt_hjk/sdp_dataset/xrf55/wifi/02_05_14.npy,1000,float64,0.0,0.49994814814814814,0.49994814814814814,0.4998814814814815,1.0,1.0,0.19894338783227672,0.19894338783227672,True
bp_fs200_signed,/home/test/bupt_hjk/sdp_dataset/xrf55/wifi/02_05_15.npy,1000,float64,0.0,0.5175888888888889,0.5175888888888889,0.5181629629629629,1.0,1.0,0.18870351833314797,0.18870351833314797,True
bp_fs200_signed,/home/test/bupt_hjk/sdp_dataset/xrf55/wifi/02_05_16.npy,1000,float64,0.0,0.5062814814814814,0.5062814814814814,0.5080666666666667,1.0,1.0,0.22368294220146073,0.22368294220146073,True
bp_fs200_signed,/home/test/bupt_hjk/sdp_dataset/xrf55/wifi/02_05_17.npy,1000,float64,0.0,0.5007925925925926,0.5007925925925926,0.5009481481481481,1.0,1.0,0.2024839654469284,0.2024839654469284,True
bp_fs200_signed,/home/test/bupt_hjk/sdp_dataset/xrf55/wifi/02_05_18.npy,1000,float64,0.0,0.5138481481481482,0.5138481481481482,0.5125851851851851,1.0,1.0,0.21309828346865384,0.21309828346865384,True
bp_fs200_signed,/home/test/bupt_hjk/sdp_dataset/xrf55/wifi/02_05_19.npy,1000,float64,0.0,0.5073296296296296,0.5073296296296296,0.5069481481481481,1.0,1.0,0.22636340043747452,0.22636340043747452,True
bp_fs200_signed,/home/test/bupt_hjk/sdp_dataset/xrf55/wifi/02_05_20.npy,1000,float64,0.0,0.5142888888888889,0.5142888888888889,0.5137851851851852,1.0,1.0,0.1844511177844511,0.1844511177844511,True
bp_fs200_signed,/home/test/bupt_hjk/sdp_dataset/xrf55/wifi/02_06_01.npy,1000,float64,0.0,0.4990888888888889,0.4990888888888889,0.4962888888888889,1.0,1.0,0.2244207170133096,0.2244207170133096,True
bp_fs200_signed,/home/test/bupt_hjk/sdp_dataset/xrf55/wifi/02_06_02.npy,1000,float64,0.0,0.5079555555555556,0.5079555555555556,0.5067555555555555,1.0,1.0,0.22496570644718794,0.22496570644718794,True
bp_fs200_signed,/home/test/bupt_hjk/sdp_dataset/xrf55/wifi/02_06_03.npy,1000,float64,0.0,0.5041481481481481,0.5041481481481481,0.5025925925925926,1.0,1.0,0.2388684981277574,0.2388684981277574,True
bp_fs200_signed,/home/test/bupt_hjk/sdp_dataset/xrf55/wifi/02_06_04.npy,1000,float64,0.0,0.5022555555555556,0.5022555555555556,0.5030666666666667,1.0,1.0,0.1937937937937938,0.1937937937937938,True
bp_fs200_signed,/home/test/bupt_hjk/sdp_dataset/xrf55/wifi/02_06_05.npy,1000,float64,0.0,0.5071851851851852,0.5071851851851852,0.5085333333333333,1.0,1.0,0.2136729321914507,0.2136729321914507,True
bp_fs200_signed,/home/test/bupt_hjk/sdp_dataset/xrf55/wifi/02_06_06.npy,1000,float64,0.0,0.5015518518518518,0.5015518518518518,0.5014074074074074,1.0,1.0,0.22471360249138028,0.22471360249138028,True
bp_fs200_signed,/home/test/bupt_hjk/sdp_dataset/xrf55/wifi/02_06_07.npy,1000,float64,0.0,0.4932592592592593,0.4932592592592593,0.4930222222222222,1.0,1.0,0.2223000778556334,0.2223000778556334,True
bp_fs200_signed,/home/test/bupt_hjk/sdp_dataset/xrf55/wifi/02_06_08.npy,1000,float64,0.0,0.501774074074074,0.501774074074074,0.5014074074074074,1.0,1.0,0.21733214696177658,0.21733214696177658,True
bp_fs200_signed,/home/test/bupt_hjk/sdp_dataset/xrf55/wifi/02_06_09.npy,1000,float64,0.0,0.5068259259259259,0.5068259259259259,0.5076,1.0,1.0,0.22326400474548622,0.22326400474548622,True
bp_fs200_signed,/home/test/bupt_hjk/sdp_dataset/xrf55/wifi/02_06_10.npy,1000,float64,0.0,0.5141777777777777,0.5141777777777777,0.5160296296296296,1.0,1.0,0.22401290179067956,0.22401290179067956,True
bp_fs200_signed,/home/test/bupt_hjk/sdp_dataset/xrf55/wifi/02_06_11.npy,1000,float64,0.0,0.49836296296296295,0.49836296296296295,0.49962222222222225,1.0,1.0,0.21229748266785303,0.21229748266785303,True
bp_fs200_signed,/home/test/bupt_hjk/sdp_dataset/xrf55/wifi/02_06_12.npy,1000,float64,0.0,0.4956259259259259,0.4956259259259259,0.49591111111111114,1.0,1.0,0.220857894931969,0.220857894931969,True
bp_fs200_signed,/home/test/bupt_hjk/sdp_dataset/xrf55/wifi/02_06_13.npy,1000,float64,0.0,0.5048777777777778,0.5048777777777778,0.5038222222222222,1.0,1.0,0.21989026063100137,0.21989026063100137,True
bp_fs200_signed,/home/test/bupt_hjk/sdp_dataset/xrf55/wifi/02_06_14.npy,1000,float64,0.0,0.5051962962962963,0.5051962962962963,0.5054296296296297,1.0,1.0,0.20797093389685983,0.20797093389685983,True
bp_fs200_signed,/home/test/bupt_hjk/sdp_dataset/xrf55/wifi/02_06_15.npy,1000,float64,0.0,0.5089185185185185,0.5089185185185185,0.5086666666666667,1.0,1.0,0.209887665443221,0.209887665443221,True
bp_fs200_signed,/home/test/bupt_hjk/sdp_dataset/xrf55/wifi/02_06_16.npy,1000,float64,0.0,0.49849629629629627,0.49849629629629627,0.4982962962962963,1.0,1.0,0.2121899677455233,0.2121899677455233,True
bp_fs200_signed,/home/test/bupt_hjk/sdp_dataset/xrf55/wifi/02_06_17.npy,1000,float64,0.0,0.49524074074074076,0.49524074074074076,0.4964296296296296,1.0,1.0,0.20288807325844363,0.20288807325844363,True
bp_fs200_signed,/home/test/bupt_hjk/sdp_dataset/xrf55/wifi/02_06_18.npy,1000,float64,0.0,0.5021111111111111,0.5021111111111111,0.4998296296296296,1.0,1.0,0.2074852630408186,0.2074852630408186,True
bp_fs200_signed,/home/test/bupt_hjk/sdp_dataset/xrf55/wifi/02_06_19.npy,1000,float64,0.0,0.5000888888888889,0.5000888888888889,0.49994814814814814,1.0,1.0,0.20388165943721498,0.20388165943721498,True
bp_fs200_signed,/home/test/bupt_hjk/sdp_dataset/xrf55/wifi/02_06_20.npy,1000,float64,0.0,0.5003740740740741,0.5003740740740741,0.5003777777777778,1.0,1.0,0.20585029473918362,0.20585029473918362,True
bp_fs200_signed,/home/test/bupt_hjk/sdp_dataset/xrf55/wifi/02_07_01.npy,1000,float64,0.0,0.4824148148148148,0.4824148148148148,0.4851185185185185,1.0,1.0,0.15690134579023468,0.15690134579023468,True
bp_fs200_signed,/home/test/bupt_hjk/sdp_dataset/xrf55/wifi/02_07_02.npy,1000,float64,0.0,0.5087703703703703,0.5087703703703703,0.5087111111111111,1.0,1.0,0.151440329218107,0.151440329218107,True
bp_fs200_signed,/home/test/bupt_hjk/sdp_dataset/xrf55/wifi/02_07_03.npy,1000,float64,0.0,0.5122444444444444,0.5122444444444444,0.5118222222222222,1.0,1.0,0.15853260668075483,0.15853260668075483,True
bp_fs200_signed,/home/test/bupt_hjk/sdp_dataset/xrf55/wifi/02_07_04.npy,1000,float64,0.0,0.49763703703703704,0.49763703703703704,0.4986888888888889,1.0,1.0,0.1440774107440774,0.1440774107440774,True
bp_fs200_signed,/home/test/bupt_hjk/sdp_dataset/xrf55/wifi/02_07_05.npy,1000,float64,0.0,0.48338148148148147,0.48338148148148147,0.48488148148148147,1.0,1.0,0.1454788121454788,0.1454788121454788,True
bp_fs200_signed,/home/test/bupt_hjk/sdp_dataset/xrf55/wifi/02_07_06.npy,1000,float64,0.0,0.49343333333333333,0.49343333333333333,0.49294814814814814,1.0,1.0,0.16557668779891002,0.16557668779891002,True
bp_fs200_signed,/home/test/bupt_hjk/sdp_dataset/xrf55/wifi/02_07_07.npy,1000,float64,0.0,0.49573333333333336,0.49573333333333336,0.4967259259259259,1.0,1.0,0.15238942646350054,0.15238942646350054,True
bp_fs200_signed,/home/test/bupt_hjk/sdp_dataset/xrf55/wifi/02_07_08.npy,1000,float64,0.0,0.48881851851851854,0.48881851851851854,0.4888962962962963,1.0,1.0,0.13841619397174953,0.13841619397174953,True
bp_fs200_signed,/home/test/bupt_hjk/sdp_dataset/xrf55/wifi/02_07_09.npy,1000,float64,0.0,0.4921740740740741,0.4921740740740741,0.4942962962962963,1.0,1.0,0.1588885181477774,0.1588885181477774,True
bp_fs200_signed,/home/test/bupt_hjk/sdp_dataset/xrf55/wifi/02_07_10.npy,1000,float64,0.0,0.5008814814814815,0.5008814814814815,0.5017111111111111,1.0,1.0,0.16550253957661365,0.16550253957661365,True
bp_fs200_signed,/home/test/bupt_hjk/sdp_dataset/xrf55/wifi/02_07_11.npy,1000,float64,0.0,0.4897740740740741,0.4897740740740741,0.48975555555555556,1.0,1.0,0.18255663070477884,0.18255663070477884,True
bp_fs200_signed,/home/test/bupt_hjk/sdp_dataset/xrf55/wifi/02_07_12.npy,1000,float64,0.0,0.47988148148148146,0.47988148148148146,0.4799925925925926,1.0,1.0,0.18867385904422942,0.18867385904422942,True
bp_fs200_signed,/home/test/bupt_hjk/sdp_dataset/xrf55/wifi/02_07_13.npy,1000,float64,0.0,0.4994148148148148,0.4994148148148148,0.49953333333333333,1.0,1.0,0.1584658732806881,0.1584658732806881,True
bp_fs200_signed,/home/test/bupt_hjk/sdp_dataset/xrf55/wifi/02_07_14.npy,1000,float64,0.0,0.5008703703703704,0.5008703703703704,0.5007555555555555,1.0,1.0,0.1855077299521744,0.1855077299521744,True
bp_fs200_signed,/home/test/bupt_hjk/sdp_dataset/xrf55/wifi/02_07_15.npy,1000,float64,0.0,0.5040851851851852,0.5040851851851852,0.5042888888888889,1.0,1.0,0.1590071553034516,0.1590071553034516,True
bp_fs200_signed,/home/test/bupt_hjk/sdp_dataset/xrf55/wifi/02_07_16.npy,1000,float64,0.0,0.4928925925925926,0.4928925925925926,0.49434074074074075,1.0,1.0,0.17831164497831165,0.17831164497831165,True
bp_fs200_signed,/home/test/bupt_hjk/sdp_dataset/xrf55/wifi/02_07_17.npy,1000,float64,0.0,0.48687407407407407,0.48687407407407407,0.48815555555555556,1.0,1.0,0.14974604233863492,0.14974604233863492,True
bp_fs200_signed,/home/test/bupt_hjk/sdp_dataset/xrf55/wifi/02_07_18.npy,1000,float64,0.0,0.4977962962962963,0.4977962962962963,0.4986074074074074,1.0,1.0,0.17473399325251177,0.17473399325251177,True
bp_fs200_signed,/home/test/bupt_hjk/sdp_dataset/xrf55/wifi/02_07_19.npy,1000,float64,0.0,0.4963185185185185,0.4963185185185185,0.4975703703703704,1.0,1.0,0.17772587402217033,0.17772587402217033,True
bp_fs200_signed,/home/test/bupt_hjk/sdp_dataset/xrf55/wifi/02_07_20.npy,1000,float64,0.0,0.5053925925925926,0.5053925925925926,0.5056592592592593,1.0,1.0,0.19902865828791755,0.19902865828791755,True
bp_fs200_signed,/home/test/bupt_hjk/sdp_dataset/xrf55/wifi/02_08_01.npy,1000,float64,0.0,0.49623703703703703,0.49623703703703703,0.49677037037037036,1.0,1.0,0.13648463278092907,0.13648463278092907,True
bp_fs200_signed,/home/test/bupt_hjk/sdp_dataset/xrf55/wifi/02_08_02.npy,1000,float64,0.0,0.49052222222222225,0.49052222222222225,0.4909925925925926,1.0,1.0,0.12795017239461684,0.12795017239461684,True
bp_fs200_signed,/home/test/bupt_hjk/sdp_dataset/xrf55/wifi/02_08_03.npy,1000,float64,0.0,0.4909,0.4909,0.49162222222222224,1.0,1.0,0.12515849182515848,0.12515849182515848,True
bp_fs200_signed,/home/test/bupt_hjk/sdp_dataset/xrf55/wifi/02_08_04.npy,1000,float64,0.0,0.4911333333333333,0.4911333333333333,0.4912148148148148,1.0,1.0,0.1258035813591369,0.1258035813591369,True
bp_fs200_signed,/home/test/bupt_hjk/sdp_dataset/xrf55/wifi/02_08_05.npy,1000,float64,0.0,0.48814074074074076,0.48814074074074076,0.4895111111111111,1.0,1.0,0.13249545842138435,0.13249545842138435,True
bp_fs200_signed,/home/test/bupt_hjk/sdp_dataset/xrf55/wifi/02_08_06.npy,1000,float64,0.0,0.4981,0.4981,0.49724444444444443,1.0,1.0,0.14168613057501947,0.14168613057501947,True
bp_fs200_signed,/home/test/bupt_hjk/sdp_dataset/xrf55/wifi/02_08_07.npy,1000,float64,0.0,0.4956037037037037,0.4956037037037037,0.4954296296296296,1.0,1.0,0.12896971045119193,0.12896971045119193,True
bp_fs200_signed,/home/test/bupt_hjk/sdp_dataset/xrf55/wifi/02_08_08.npy,1000,float64,0.0,0.48247407407407406,0.48247407407407406,0.48347407407407406,1.0,1.0,0.1256812367923479,0.1256812367923479,True
bp_fs200_signed,/home/test/bupt_hjk/sdp_dataset/xrf55/wifi/02_08_09.npy,1000,float64,0.0,0.4933222222222222,0.4933222222222222,0.4926962962962963,1.0,1.0,0.13456419382345308,0.13456419382345308,True
bp_fs200_signed,/home/test/bupt_hjk/sdp_dataset/xrf55/wifi/02_08_10.npy,1000,float64,0.0,0.5052333333333333,0.5052333333333333,0.5060814814814815,1.0,1.0,0.14469654840025212,0.14469654840025212,True
bp_fs200_signed,/home/test/bupt_hjk/sdp_dataset/xrf55/wifi/02_08_11.npy,1000,float64,0.0,0.4968222222222222,0.4968222222222222,0.49674814814814816,1.0,1.0,0.15611537463389316,0.15611537463389316,True
bp_fs200_signed,/home/test/bupt_hjk/sdp_dataset/xrf55/wifi/02_08_12.npy,1000,float64,0.0,0.4967185185185185,0.4967185185185185,0.49745185185185187,1.0,1.0,0.14604975345716087,0.14604975345716087,True
bp_fs200_signed,/home/test/bupt_hjk/sdp_dataset/xrf55/wifi/02_08_13.npy,1000,float64,0.0,0.48815185185185184,0.48815185185185184,0.48917037037037037,1.0,1.0,0.15101026952878804,0.15101026952878804,True
bp_fs200_signed,/home/test/bupt_hjk/sdp_dataset/xrf55/wifi/02_08_14.npy,1000,float64,0.0,0.49674074074074076,0.49674074074074076,0.49762962962962964,1.0,1.0,0.14546768991213435,0.14546768991213435,True
bp_fs200_signed,/home/test/bupt_hjk/sdp_dataset/xrf55/wifi/02_08_15.npy,1000,float64,0.0,0.4830925925925926,0.4830925925925926,0.4832518518518519,1.0,1.0,0.1372891409928447,0.1372891409928447,True
bp_fs200_signed,/home/test/bupt_hjk/sdp_dataset/xrf55/wifi/02_08_16.npy,1000,float64,0.0,0.49995925925925927,0.49995925925925927,0.5008296296296296,1.0,1.0,0.13694435175916658,0.13694435175916658,True
bp_fs200_signed,/home/test/bupt_hjk/sdp_dataset/xrf55/wifi/02_08_17.npy,1000,float64,0.0,0.49012962962962964,0.49012962962962964,0.4912962962962963,1.0,1.0,0.12835057279501724,0.12835057279501724,True
bp_fs200_signed,/home/test/bupt_hjk/sdp_dataset/xrf55/wifi/02_08_18.npy,1000,float64,0.0,0.4934148148148148,0.4934148148148148,0.49448148148148147,1.0,1.0,0.12511029548066585,0.12511029548066585,True
bp_fs200_signed,/home/test/bupt_hjk/sdp_dataset/xrf55/wifi/02_08_19.npy,1000,float64,0.0,0.5108,0.5108,0.5119333333333334,1.0,1.0,0.1304044785526267,0.1304044785526267,True
bp_fs200_signed,/home/test/bupt_hjk/sdp_dataset/xrf55/wifi/02_08_20.npy,1000,float64,0.0,0.5005888888888889,0.5005888888888889,0.5027333333333334,1.0,1.0,0.12672301931561192,0.12672301931561192,True
bp_fs200_signed,/home/test/bupt_hjk/sdp_dataset/xrf55/wifi/02_09_01.npy,1000,float64,0.0,0.490062962962963,0.490062962962963,0.4893777777777778,1.0,1.0,0.15937789641493344,0.15937789641493344,True
bp_fs200_signed,/home/test/bupt_hjk/sdp_dataset/xrf55/wifi/02_09_02.npy,1000,float64,0.0,0.4911333333333333,0.4911333333333333,0.49007407407407405,1.0,1.0,0.16978089200311422,0.16978089200311422,True
bp_fs200_signed,/home/test/bupt_hjk/sdp_dataset/xrf55/wifi/02_09_03.npy,1000,float64,0.0,0.49993333333333334,0.49993333333333334,0.5025481481481482,1.0,1.0,0.16186186186186186,0.16186186186186186,True
bp_fs200_signed,/home/test/bupt_hjk/sdp_dataset/xrf55/wifi/02_09_04.npy,1000,float64,0.0,0.500537037037037,0.500537037037037,0.5005851851851851,1.0,1.0,0.169091313535758,0.169091313535758,True
bp_fs200_signed,/home/test/bupt_hjk/sdp_dataset/xrf55/wifi/02_09_05.npy,1000,float64,0.0,0.5102444444444444,0.5102444444444444,0.5105185185185185,1.0,1.0,0.1738367997627257,0.1738367997627257,True
bp_fs200_signed,/home/test/bupt_hjk/sdp_dataset/xrf55/wifi/02_09_06.npy,1000,float64,0.0,0.511237037037037,0.511237037037037,0.5104,1.0,1.0,0.16880213546880213,0.16880213546880213,True
bp_fs200_signed,/home/test/bupt_hjk/sdp_dataset/xrf55/wifi/02_09_07.npy,1000,float64,0.0,0.5035555555555555,0.5035555555555555,0.5048,1.0,1.0,0.16626997367738108,0.16626997367738108,True
bp_fs200_signed,/home/test/bupt_hjk/sdp_dataset/xrf55/wifi/02_09_08.npy,1000,float64,0.0,0.5031407407407408,0.5031407407407408,0.5046,1.0,1.0,0.17316575835094353,0.17316575835094353,True
bp_fs200_signed,/home/test/bupt_hjk/sdp_dataset/xrf55/wifi/02_09_09.npy,1000,float64,0.0,0.5123037037037037,0.5123037037037037,0.510325925925926,1.0,1.0,0.16412338264190116,0.16412338264190116,True
bp_fs200_signed,/home/test/bupt_hjk/sdp_dataset/xrf55/wifi/02_09_10.npy,1000,float64,0.0,0.5007037037037037,0.5007037037037037,0.5002962962962964,1.0,1.0,0.17735513291068847,0.17735513291068847,True
bp_fs200_signed,/home/test/bupt_hjk/sdp_dataset/xrf55/wifi/02_09_11.npy,1000,float64,0.0,0.5089333333333333,0.5089333333333333,0.5101925925925926,1.0,1.0,0.17333259185111036,0.17333259185111036,True
bp_fs200_signed,/home/test/bupt_hjk/sdp_dataset/xrf55/wifi/02_09_12.npy,1000,float64,0.0,0.5070259259259259,0.5070259259259259,0.5075777777777778,1.0,1.0,0.17634671708745783,0.17634671708745783,True
bp_fs200_signed,/home/test/bupt_hjk/sdp_dataset/xrf55/wifi/02_09_13.npy,1000,float64,0.0,0.5104851851851852,0.5104851851851852,0.5110222222222223,1.0,1.0,0.17920883846809774,0.17920883846809774,True
bp_fs200_signed,/home/test/bupt_hjk/sdp_dataset/xrf55/wifi/02_09_14.npy,1000,float64,0.0,0.5039555555555556,0.5039555555555556,0.505362962962963,1.0,1.0,0.16843880917954993,0.16843880917954993,True
bp_fs200_signed,/home/test/bupt_hjk/sdp_dataset/xrf55/wifi/02_09_15.npy,1000,float64,0.0,0.5053925925925926,0.5053925925925926,0.5061185185185185,1.0,1.0,0.17383309235161087,0.17383309235161087,True
bp_fs200_signed,/home/test/bupt_hjk/sdp_dataset/xrf55/wifi/02_09_16.npy,1000,float64,0.0,0.5105222222222222,0.5105222222222222,0.5109185185185185,1.0,1.0,0.17663589515441366,0.17663589515441366,True
bp_fs200_signed,/home/test/bupt_hjk/sdp_dataset/xrf55/wifi/02_09_17.npy,1000,float64,0.0,0.5126592592592593,0.5126592592592593,0.5127703703703703,1.0,1.0,0.17535683831980128,0.17535683831980128,True
bp_fs200_signed,/home/test/bupt_hjk/sdp_dataset/xrf55/wifi/02_09_18.npy,1000,float64,0.0,0.5071555555555556,0.5071555555555556,0.5067185185185186,1.0,1.0,0.15853260668075483,0.15853260668075483,True
bp_fs200_signed,/home/test/bupt_hjk/sdp_dataset/xrf55/wifi/02_09_19.npy,1000,float64,0.0,0.49954074074074073,0.49954074074074073,0.4996,1.0,1.0,0.18042116190264337,0.18042116190264337,True
bp_fs200_signed,/home/test/bupt_hjk/sdp_dataset/xrf55/wifi/02_09_20.npy,1000,float64,0.0,0.4955333333333333,0.4955333333333333,0.4954222222222222,1.0,1.0,0.16516516516516516,0.16516516516516516,True
bp_fs200_signed,/home/test/bupt_hjk/sdp_dataset/xrf55/wifi/02_10_01.npy,1000,float64,0.0,0.508537037037037,0.508537037037037,0.5087111111111111,1.0,1.0,0.1281021762503244,0.1281021762503244,True
bp_fs200_signed,/home/test/bupt_hjk/sdp_dataset/xrf55/wifi/02_10_02.npy,1000,float64,0.0,0.5086814814814815,0.5086814814814815,0.5104222222222222,1.0,1.0,0.13940607273940608,0.13940607273940608,True
bp_fs200_signed,/home/test/bupt_hjk/sdp_dataset/xrf55/wifi/02_10_03.npy,1000,float64,0.0,0.49974444444444444,0.49974444444444444,0.5004,1.0,1.0,0.14417009602194789,0.14417009602194789,True
bp_fs200_signed,/home/test/bupt_hjk/sdp_dataset/xrf55/wifi/02_10_04.npy,1000,float64,0.0,0.5171074074074075,0.5171074074074075,0.5178888888888888,1.0,1.0,0.1432358284210136,0.1432358284210136,True
bp_fs200_signed,/home/test/bupt_hjk/sdp_dataset/xrf55/wifi/02_10_05.npy,1000,float64,0.0,0.49264444444444444,0.49264444444444444,0.4925481481481481,1.0,1.0,0.12838023208393579,0.12838023208393579,True
bp_fs200_signed,/home/test/bupt_hjk/sdp_dataset/xrf55/wifi/02_10_06.npy,1000,float64,0.0,0.49745555555555554,0.49745555555555554,0.4978814814814815,1.0,1.0,0.13534275015756497,0.13534275015756497,True
bp_fs200_signed,/home/test/bupt_hjk/sdp_dataset/xrf55/wifi/02_10_07.npy,1000,float64,0.0,0.484562962962963,0.484562962962963,0.48432592592592594,1.0,1.0,0.12888814740666593,0.12888814740666593,True
bp_fs200_signed,/home/test/bupt_hjk/sdp_dataset/xrf55/wifi/02_10_08.npy,1000,float64,0.0,0.4953074074074074,0.4953074074074074,0.49646666666666667,1.0,1.0,0.13717421124828533,0.13717421124828533,True
bp_fs200_signed,/home/test/bupt_hjk/sdp_dataset/xrf55/wifi/02_10_09.npy,1000,float64,0.0,0.5017888888888888,0.5017888888888888,0.5019777777777777,1.0,1.0,0.14632780929077224,0.14632780929077224,True
bp_fs200_signed,/home/test/bupt_hjk/sdp_dataset/xrf55/wifi/02_10_10.npy,1000,float64,0.0,0.4982888888888889,0.4982888888888889,0.4993037037037037,1.0,1.0,0.14222370518666816,0.14222370518666816,True
bp_fs200_signed,/home/test/bupt_hjk/sdp_dataset/xrf55/wifi/02_10_11.npy,1000,float64,0.0,0.5028851851851852,0.5028851851851852,0.5010296296296296,1.0,1.0,0.15343120898676454,0.15343120898676454,True
bp_fs200_signed,/home/test/bupt_hjk/sdp_dataset/xrf55/wifi/02_10_12.npy,1000,float64,0.0,0.48885555555555554,0.48885555555555554,0.4858148148148148,1.0,1.0,0.15379453527601675,0.15379453527601675,True
bp_fs200_signed,/home/test/bupt_hjk/sdp_dataset/xrf55/wifi/02_10_13.npy,1000,float64,0.0,0.48952222222222225,0.48952222222222225,0.4903925925925926,1.0,1.0,0.16314091869647426,0.16314091869647426,True
bp_fs200_signed,/home/test/bupt_hjk/sdp_dataset/xrf55/wifi/02_10_14.npy,1000,float64,0.0,0.4792592592592593,0.4792592592592593,0.47934074074074073,1.0,1.0,0.14336188039891742,0.14336188039891742,True
bp_fs200_signed,/home/test/bupt_hjk/sdp_dataset/xrf55/wifi/02_10_15.npy,1000,float64,0.0,0.5011592592592593,0.5011592592592593,0.5011777777777778,1.0,1.0,0.16330033737441144,0.16330033737441144,True
bp_fs200_signed,/home/test/bupt_hjk/sdp_dataset/xrf55/wifi/02_10_16.npy,1000,float64,0.0,0.49632592592592595,0.49632592592592595,0.4981925925925926,1.0,1.0,0.13123123123123123,0.13123123123123123,True
bp_fs200_signed,/home/test/bupt_hjk/sdp_dataset/xrf55/wifi/02_10_17.npy,1000,float64,0.0,0.5048037037037038,0.5048037037037038,0.505125925925926,1.0,1.0,0.16497979460942425,0.16497979460942425,True
bp_fs200_signed,/home/test/bupt_hjk/sdp_dataset/xrf55/wifi/02_10_18.npy,1000,float64,0.0,0.507962962962963,0.507962962962963,0.5077407407407407,1.0,1.0,0.14761057353649945,0.14761057353649945,True
bp_fs200_signed,/home/test/bupt_hjk/sdp_dataset/xrf55/wifi/02_10_19.npy,1000,float64,0.0,0.5028333333333334,0.5028333333333334,0.5015925925925926,1.0,1.0,0.15092129166203241,0.15092129166203241,True
bp_fs200_signed,/home/test/bupt_hjk/sdp_dataset/xrf55/wifi/02_10_20.npy,1000,float64,0.0,0.5037296296296296,0.5037296296296296,0.5030814814814815,1.0,1.0,0.14664664664664664,0.14664664664664664,True
bp_fs200_signed,/home/test/bupt_hjk/sdp_dataset/xrf55/wifi/02_11_01.npy,1000,float64,0.0,0.4899148148148148,0.4899148148148148,0.4895925925925926,1.0,1.0,0.17496756015274534,0.17496756015274534,True
bp_fs200_signed,/home/test/bupt_hjk/sdp_dataset/xrf55/wifi/02_11_02.npy,1000,float64,0.0,0.5058888888888889,0.5058888888888889,0.506962962962963,1.0,1.0,0.18596003410818226,0.18596003410818226,True
bp_fs200_signed,/home/test/bupt_hjk/sdp_dataset/xrf55/wifi/02_11_03.npy,1000,float64,0.0,0.49675185185185183,0.49675185185185183,0.49866666666666665,1.0,1.0,0.1925110295480666,0.1925110295480666,True
bp_fs200_signed,/home/test/bupt_hjk/sdp_dataset/xrf55/wifi/02_11_04.npy,1000,float64,0.0,0.5010333333333333,0.5010333333333333,0.500874074074074,1.0,1.0,0.1811885960034108,0.1811885960034108,True
bp_fs200_signed,/home/test/bupt_hjk/sdp_dataset/xrf55/wifi/02_11_05.npy,1000,float64,0.0,0.49153703703703705,0.49153703703703705,0.49294814814814814,1.0,1.0,0.16893930968005041,0.16893930968005041,True
bp_fs200_signed,/home/test/bupt_hjk/sdp_dataset/xrf55/wifi/02_11_06.npy,1000,float64,0.0,0.4883777777777778,0.4883777777777778,0.48895555555555553,1.0,1.0,0.1829681533385237,0.1829681533385237,True
bp_fs200_signed,/home/test/bupt_hjk/sdp_dataset/xrf55/wifi/02_11_07.npy,1000,float64,0.0,0.48863703703703704,0.48863703703703704,0.4891259259259259,1.0,1.0,0.1739368998628258,0.1739368998628258,True
bp_fs200_signed,/home/test/bupt_hjk/sdp_dataset/xrf55/wifi/02_11_08.npy,1000,float64,0.0,0.48154444444444444,0.48154444444444444,0.48206666666666664,1.0,1.0,0.18343899455010565,0.18343899455010565,True
bp_fs200_signed,/home/test/bupt_hjk/sdp_dataset/xrf55/wifi/02_11_09.npy,1000,float64,0.0,0.49956666666666666,0.49956666666666666,0.49732592592592595,1.0,1.0,0.18578207837467098,0.18578207837467098,True
bp_fs200_signed,/home/test/bupt_hjk/sdp_dataset/xrf55/wifi/02_11_10.npy,1000,float64,0.0,0.49005185185185185,0.49005185185185185,0.4910148148148148,1.0,1.0,0.1787787787787788,0.1787787787787788,True
bp_fs200_signed,/home/test/bupt_hjk/sdp_dataset/xrf55/wifi/02_11_11.npy,1000,float64,0.0,0.4973851851851852,0.4973851851851852,0.4986814814814815,1.0,1.0,0.17907166425684945,0.17907166425684945,True
bp_fs200_signed,/home/test/bupt_hjk/sdp_dataset/xrf55/wifi/02_11_12.npy,1000,float64,0.0,0.48503703703703704,0.48503703703703704,0.48517037037037036,1.0,1.0,0.184147110073036,0.184147110073036,True
bp_fs200_signed,/home/test/bupt_hjk/sdp_dataset/xrf55/wifi/02_11_13.npy,1000,float64,0.0,0.4864851851851852,0.4864851851851852,0.487837037037037,1.0,1.0,0.19096503911318727,0.19096503911318727,True
bp_fs200_signed,/home/test/bupt_hjk/sdp_dataset/xrf55/wifi/02_11_14.npy,1000,float64,0.0,0.48277777777777775,0.48277777777777775,0.4835703703703704,1.0,1.0,0.1951766581396211,0.1951766581396211,True
bp_fs200_signed,/home/test/bupt_hjk/sdp_dataset/xrf55/wifi/02_11_15.npy,1000,float64,0.0,0.4895481481481481,0.4895481481481481,0.4908814814814815,1.0,1.0,0.17832647462277093,0.17832647462277093,True
bp_fs200_signed,/home/test/bupt_hjk/sdp_dataset/xrf55/wifi/02_11_16.npy,1000,float64,0.0,0.49084444444444447,0.49084444444444447,0.4924962962962963,1.0,1.0,0.18397286175063954,0.18397286175063954,True
bp_fs200_signed,/home/test/bupt_hjk/sdp_dataset/xrf55/wifi/02_11_17.npy,1000,float64,0.0,0.4914851851851852,0.4914851851851852,0.49262962962962964,1.0,1.0,0.19251844437029622,0.19251844437029622,True
bp_fs200_signed,/home/test/bupt_hjk/sdp_dataset/xrf55/wifi/02_11_18.npy,1000,float64,0.0,0.5115925925925926,0.5115925925925926,0.5116740740740741,1.0,1.0,0.1793274756237719,0.1793274756237719,True
bp_fs200_signed,/home/test/bupt_hjk/sdp_dataset/xrf55/wifi/02_11_19.npy,1000,float64,0.0,0.4943851851851852,0.4943851851851852,0.4951333333333333,1.0,1.0,0.18798428057687316,0.18798428057687316,True
bp_fs200_signed,/home/test/bupt_hjk/sdp_dataset/xrf55/wifi/02_11_20.npy,1000,float64,0.0,0.48535555555555554,0.48535555555555554,0.48632592592592594,1.0,1.0,0.188988988988989,0.188988988988989,True
bp_fs200_signed,/home/test/bupt_hjk/sdp_dataset/xrf55/wifi/02_12_01.npy,1000,float64,0.0,0.4880555555555556,0.4880555555555556,0.4883925925925926,1.0,1.0,0.1828087346605865,0.1828087346605865,True
bp_fs200_signed,/home/test/bupt_hjk/sdp_dataset/xrf55/wifi/02_12_02.npy,1000,float64,0.0,0.5185518518518518,0.5185518518518518,0.5192222222222223,1.0,1.0,0.18035813591369146,0.18035813591369146,True
bp_fs200_signed,/home/test/bupt_hjk/sdp_dataset/xrf55/wifi/02_12_03.npy,1000,float64,0.0,0.49655555555555553,0.49655555555555553,0.4955777777777778,1.0,1.0,0.22073184295406517,0.22073184295406517,True
bp_fs200_signed,/home/test/bupt_hjk/sdp_dataset/xrf55/wifi/02_12_04.npy,1000,float64,0.0,0.49973703703703704,0.49973703703703704,0.4988296296296296,1.0,1.0,0.22404626849071294,0.22404626849071294,True
bp_fs200_signed,/home/test/bupt_hjk/sdp_dataset/xrf55/wifi/02_12_05.npy,1000,float64,0.0,0.4974851851851852,0.4974851851851852,0.4976888888888889,1.0,1.0,0.21011381752122493,0.21011381752122493,True
bp_fs200_signed,/home/test/bupt_hjk/sdp_dataset/xrf55/wifi/02_12_06.npy,1000,float64,0.0,0.49543703703703706,0.49543703703703706,0.49462962962962964,1.0,1.0,0.2166722277833389,0.2166722277833389,True
bp_fs200_signed,/home/test/bupt_hjk/sdp_dataset/xrf55/wifi/02_12_07.npy,1000,float64,0.0,0.49507407407407406,0.49507407407407406,0.49533333333333335,1.0,1.0,0.21350609869128387,0.21350609869128387,True
bp_fs200_signed,/home/test/bupt_hjk/sdp_dataset/xrf55/wifi/02_12_08.npy,1000,float64,0.0,0.5022444444444445,0.5022444444444445,0.5028592592592592,1.0,1.0,0.20684017350684017,0.20684017350684017,True
bp_fs200_signed,/home/test/bupt_hjk/sdp_dataset/xrf55/wifi/02_12_09.npy,1000,float64,0.0,0.4972888888888889,0.4972888888888889,0.4977925925925926,1.0,1.0,0.2090238386534683,0.2090238386534683,True
bp_fs200_signed,/home/test/bupt_hjk/sdp_dataset/xrf55/wifi/02_12_10.npy,1000,float64,0.0,0.48765555555555556,0.48765555555555556,0.4864148148148148,1.0,1.0,0.2212768323879435,0.2212768323879435,True
bp_fs200_signed,/home/test/bupt_hjk/sdp_dataset/xrf55/wifi/02_12_11.npy,1000,float64,0.0,0.5074814814814815,0.5074814814814815,0.5091111111111111,1.0,1.0,0.20905720535350164,0.20905720535350164,True
bp_fs200_signed,/home/test/bupt_hjk/sdp_dataset/xrf55/wifi/02_12_12.npy,1000,float64,0.0,0.4955888888888889,0.4955888888888889,0.496562962962963,1.0,1.0,0.21919326734141548,0.21919326734141548,True
bp_fs200_signed,/home/test/bupt_hjk/sdp_dataset/xrf55/wifi/02_12_13.npy,1000,float64,0.0,0.5046037037037037,0.5046037037037037,0.5051851851851852,1.0,1.0,0.22000889778667557,0.22000889778667557,True
bp_fs200_signed,/home/test/bupt_hjk/sdp_dataset/xrf55/wifi/02_12_14.npy,1000,float64,0.0,0.49466666666666664,0.49466666666666664,0.4947925925925926,1.0,1.0,0.21212323434545657,0.21212323434545657,True
bp_fs200_signed,/home/test/bupt_hjk/sdp_dataset/xrf55/wifi/02_12_15.npy,1000,float64,0.0,0.5044666666666666,0.5044666666666666,0.5039703703703704,1.0,1.0,0.2182997812627442,0.2182997812627442,True
bp_fs200_signed,/home/test/bupt_hjk/sdp_dataset/xrf55/wifi/02_12_16.npy,1000,float64,0.0,0.4966407407407407,0.4966407407407407,0.4973111111111111,1.0,1.0,0.2264412560708857,0.2264412560708857,True
bp_fs200_signed,/home/test/bupt_hjk/sdp_dataset/xrf55/wifi/02_12_17.npy,1000,float64,0.0,0.4960481481481481,0.4960481481481481,0.4948962962962963,1.0,1.0,0.21611982352723094,0.21611982352723094,True
bp_fs200_signed,/home/test/bupt_hjk/sdp_dataset/xrf55/wifi/02_12_18.npy,1000,float64,0.0,0.4959703703703704,0.4959703703703704,0.4961259259259259,1.0,1.0,0.21850368887405924,0.21850368887405924,True
bp_fs200_signed,/home/test/bupt_hjk/sdp_dataset/xrf55/wifi/02_12_19.npy,1000,float64,0.0,0.5107925925925926,0.5107925925925926,0.5140444444444444,1.0,1.0,0.20188336484632782,0.20188336484632782,True
bp_fs200_signed,/home/test/bupt_hjk/sdp_dataset/xrf55/wifi/02_12_20.npy,1000,float64,0.0,0.4926740740740741,0.4926740740740741,0.4925481481481481,1.0,1.0,0.2140510881251622,0.2140510881251622,True
bp_fs200_signed,/home/test/bupt_hjk/sdp_dataset/xrf55/wifi/02_13_01.npy,1000,float64,0.0,0.5056407407407407,0.5056407407407407,0.5047037037037037,1.0,1.0,0.1671486301115931,0.1671486301115931,True
bp_fs200_signed,/home/test/bupt_hjk/sdp_dataset/xrf55/wifi/02_13_02.npy,1000,float64,0.0,0.5067814814814815,0.5067814814814815,0.5073925925925926,1.0,1.0,0.1728395061728395,0.1728395061728395,True
bp_fs200_signed,/home/test/bupt_hjk/sdp_dataset/xrf55/wifi/02_13_03.npy,1000,float64,0.0,0.5138481481481482,0.5138481481481482,0.5138888888888888,1.0,1.0,0.17305453601749898,0.17305453601749898,True
bp_fs200_signed,/home/test/bupt_hjk/sdp_dataset/xrf55/wifi/02_13_04.npy,1000,float64,0.0,0.4945,0.4945,0.49362222222222224,1.0,1.0,0.16678159641122603,0.16678159641122603,True
bp_fs200_signed,/home/test/bupt_hjk/sdp_dataset/xrf55/wifi/02_13_05.npy,1000,float64,0.0,0.4971,0.4971,0.49707407407407406,1.0,1.0,0.17913098283468654,0.17913098283468654,True
bp_fs200_signed,/home/test/bupt_hjk/sdp_dataset/xrf55/wifi/02_13_06.npy,1000,float64,0.0,0.4901074074074074,0.4901074074074074,0.49091111111111113,1.0,1.0,0.1686723760797835,0.1686723760797835,True
bp_fs200_signed,/home/test/bupt_hjk/sdp_dataset/xrf55/wifi/02_13_07.npy,1000,float64,0.0,0.49873703703703703,0.49873703703703703,0.4978740740740741,1.0,1.0,0.17899751603455308,0.17899751603455308,True
bp_fs200_signed,/home/test/bupt_hjk/sdp_dataset/xrf55/wifi/02_13_08.npy,1000,float64,0.0,0.5053296296296297,0.5053296296296297,0.5052074074074074,1.0,1.0,0.16985133281429576,0.16985133281429576,True
bp_fs200_signed,/home/test/bupt_hjk/sdp_dataset/xrf55/wifi/02_13_09.npy,1000,float64,0.0,0.5004518518518518,0.5004518518518518,0.5005851851851851,1.0,1.0,0.17320283246209173,0.17320283246209173,True
bp_fs200_signed,/home/test/bupt_hjk/sdp_dataset/xrf55/wifi/02_13_10.npy,1000,float64,0.0,0.5109444444444444,0.5109444444444444,0.5105407407407407,1.0,1.0,0.17604641678715752,0.17604641678715752,True
bp_fs200_signed,/home/test/bupt_hjk/sdp_dataset/xrf55/wifi/02_13_11.npy,1000,float64,0.0,0.4907814814814815,0.4907814814814815,0.49078518518518516,1.0,1.0,0.16974011048085122,0.16974011048085122,True
bp_fs200_signed,/home/test/bupt_hjk/sdp_dataset/xrf55/wifi/02_13_12.npy,1000,float64,0.0,0.5016592592592592,0.5016592592592592,0.5025111111111111,1.0,1.0,0.14926037148259372,0.14926037148259372,True
bp_fs200_signed,/home/test/bupt_hjk/sdp_dataset/xrf55/wifi/02_13_13.npy,1000,float64,0.0,0.5045407407407407,0.5045407407407407,0.5040074074074075,1.0,1.0,0.16663700737774811,0.16663700737774811,True
bp_fs200_signed,/home/test/bupt_hjk/sdp_dataset/xrf55/wifi/02_13_14.npy,1000,float64,0.0,0.49792592592592594,0.49792592592592594,0.4989777777777778,1.0,1.0,0.16236236236236237,0.16236236236236237,True
bp_fs200_signed,/home/test/bupt_hjk/sdp_dataset/xrf55/wifi/02_13_15.npy,1000,float64,0.0,0.5062074074074074,0.5062074074074074,0.5068074074074074,1.0,1.0,0.16456085715344976,0.16456085715344976,True
bp_fs200_signed,/home/test/bupt_hjk/sdp_dataset/xrf55/wifi/02_13_16.npy,1000,float64,0.0,0.506737037037037,0.506737037037037,0.5084,1.0,1.0,0.1616320023727431,0.1616320023727431,True
bp_fs200_signed,/home/test/bupt_hjk/sdp_dataset/xrf55/wifi/02_13_17.npy,1000,float64,0.0,0.502874074074074,0.502874074074074,0.502325925925926,1.0,1.0,0.18052867682497312,0.18052867682497312,True
bp_fs200_signed,/home/test/bupt_hjk/sdp_dataset/xrf55/wifi/02_13_18.npy,1000,float64,0.0,0.5062777777777778,0.5062777777777778,0.5058814814814815,1.0,1.0,0.18150372594817038,0.18150372594817038,True
bp_fs200_signed,/home/test/bupt_hjk/sdp_dataset/xrf55/wifi/02_13_19.npy,1000,float64,0.0,0.49885555555555555,0.49885555555555555,0.49993333333333334,1.0,1.0,0.1721165610054499,0.1721165610054499,True
bp_fs200_signed,/home/test/bupt_hjk/sdp_dataset/xrf55/wifi/02_13_20.npy,1000,float64,0.0,0.4965259259259259,0.4965259259259259,0.496837037037037,1.0,1.0,0.18816594372149928,0.18816594372149928,True
bp_fs200_signed,/home/test/bupt_hjk/sdp_dataset/xrf55/wifi/02_14_01.npy,1000,float64,0.0,0.5006407407407407,0.5006407407407407,0.5005851851851851,1.0,1.0,0.15701256812367922,0.15701256812367922,True
bp_fs200_signed,/home/test/bupt_hjk/sdp_dataset/xrf55/wifi/02_14_02.npy,1000,float64,0.0,0.5092481481481481,0.5092481481481481,0.5092074074074074,1.0,1.0,0.12917361806250696,0.12917361806250696,True
bp_fs200_signed,/home/test/bupt_hjk/sdp_dataset/xrf55/wifi/02_14_03.npy,1000,float64,0.0,0.4823296296296296,0.4823296296296296,0.4829407407407407,1.0,1.0,0.12522893263634005,0.12522893263634005,True
bp_fs200_signed,/home/test/bupt_hjk/sdp_dataset/xrf55/wifi/02_14_04.npy,1000,float64,0.0,0.4916259259259259,0.4916259259259259,0.489837037037037,1.0,1.0,0.12577392207021837,0.12577392207021837,True
bp_fs200_signed,/home/test/bupt_hjk/sdp_dataset/xrf55/wifi/02_14_05.npy,1000,float64,0.0,0.48975555555555556,0.48975555555555556,0.4911259259259259,1.0,1.0,0.12227041856671486,0.12227041856671486,True
bp_fs200_signed,/home/test/bupt_hjk/sdp_dataset/xrf55/wifi/02_14_06.npy,1000,float64,0.0,0.4918111111111111,0.4918111111111111,0.4925925925925926,1.0,1.0,0.13291068846624401,0.13291068846624401,True
bp_fs200_signed,/home/test/bupt_hjk/sdp_dataset/xrf55/wifi/02_14_07.npy,1000,float64,0.0,0.5085555555555555,0.5085555555555555,0.5078888888888888,1.0,1.0,0.14615356096837578,0.14615356096837578,True
bp_fs200_signed,/home/test/bupt_hjk/sdp_dataset/xrf55/wifi/02_14_08.npy,1000,float64,0.0,0.48995185185185186,0.48995185185185186,0.49231851851851854,1.0,1.0,0.1355244133021911,0.1355244133021911,True
bp_fs200_signed,/home/test/bupt_hjk/sdp_dataset/xrf55/wifi/02_14_09.npy,1000,float64,0.0,0.4917296296296296,0.4917296296296296,0.4923037037037037,1.0,1.0,0.15011307603900195,0.15011307603900195,True
bp_fs200_signed,/home/test/bupt_hjk/sdp_dataset/xrf55/wifi/02_14_10.npy,1000,float64,0.0,0.4865925925925926,0.4865925925925926,0.4878074074074074,1.0,1.0,0.1432358284210136,0.1432358284210136,True
bp_fs200_signed,/home/test/bupt_hjk/sdp_dataset/xrf55/wifi/02_14_11.npy,1000,float64,0.0,0.5126333333333334,0.5126333333333334,0.514762962962963,1.0,1.0,0.13818262707151596,0.13818262707151596,True
bp_fs200_signed,/home/test/bupt_hjk/sdp_dataset/xrf55/wifi/02_14_12.npy,1000,float64,0.0,0.49493333333333334,0.49493333333333334,0.4945111111111111,1.0,1.0,0.13744114484855224,0.13744114484855224,True
bp_fs200_signed,/home/test/bupt_hjk/sdp_dataset/xrf55/wifi/02_14_13.npy,1000,float64,0.0,0.4978814814814815,0.4978814814814815,0.49805925925925926,1.0,1.0,0.11586401216030846,0.11586401216030846,True
bp_fs200_signed,/home/test/bupt_hjk/sdp_dataset/xrf55/wifi/02_14_14.npy,1000,float64,0.0,0.5145185185185185,0.5145185185185185,0.5149037037037038,1.0,1.0,0.1200756311867423,0.1200756311867423,True
bp_fs200_signed,/home/test/bupt_hjk/sdp_dataset/xrf55/wifi/02_14_15.npy,1000,float64,0.0,0.5148074074074074,0.5148074074074074,0.5137407407407407,1.0,1.0,0.1286434582730879,0.1286434582730879,True
bp_fs200_signed,/home/test/bupt_hjk/sdp_dataset/xrf55/wifi/02_14_16.npy,1000,float64,0.0,0.5123851851851852,0.5123851851851852,0.5115333333333333,1.0,1.0,0.12380528676824973,0.12380528676824973,True
bp_fs200_signed,/home/test/bupt_hjk/sdp_dataset/xrf55/wifi/02_14_17.npy,1000,float64,0.0,0.5007814814814815,0.5007814814814815,0.5007185185185186,1.0,1.0,0.11696882067252437,0.11696882067252437,True
bp_fs200_signed,/home/test/bupt_hjk/sdp_dataset/xrf55/wifi/02_14_18.npy,1000,float64,0.0,0.5134888888888889,0.5134888888888889,0.5135481481481482,1.0,1.0,0.125618210803396,0.125618210803396,True
bp_fs200_signed,/home/test/bupt_hjk/sdp_dataset/xrf55/wifi/02_14_19.npy,1000,float64,0.0,0.4995851851851852,0.4995851851851852,0.49833333333333335,1.0,1.0,0.11774366959552145,0.11774366959552145,True
bp_fs200_signed,/home/test/bupt_hjk/sdp_dataset/xrf55/wifi/02_14_20.npy,1000,float64,0.0,0.4990703703703704,0.4990703703703704,0.49877777777777776,1.0,1.0,0.12543284024765505,0.12543284024765505,True
bp_fs200_signed,/home/test/bupt_hjk/sdp_dataset/xrf55/wifi/02_15_01.npy,1000,float64,0.0,0.5045888888888889,0.5045888888888889,0.5043555555555556,1.0,1.0,0.1799243688132577,0.1799243688132577,True
bp_fs200_signed,/home/test/bupt_hjk/sdp_dataset/xrf55/wifi/02_15_02.npy,1000,float64,0.0,0.49206666666666665,0.49206666666666665,0.49243703703703706,1.0,1.0,0.17570533496459423,0.17570533496459423,True
bp_fs200_signed,/home/test/bupt_hjk/sdp_dataset/xrf55/wifi/02_15_03.npy,1000,float64,0.0,0.4988851851851852,0.4988851851851852,0.49937777777777775,1.0,1.0,0.17466725985244505,0.17466725985244505,True
bp_fs200_signed,/home/test/bupt_hjk/sdp_dataset/xrf55/wifi/02_15_04.npy,1000,float64,0.0,0.5056074074074074,0.5056074074074074,0.5048814814814815,1.0,1.0,0.1775590405220035,0.1775590405220035,True
bp_fs200_signed,/home/test/bupt_hjk/sdp_dataset/xrf55/wifi/02_15_05.npy,1000,float64,0.0,0.5017666666666667,0.5017666666666667,0.5027777777777778,1.0,1.0,0.1797427056686316,0.1797427056686316,True
bp_fs200_signed,/home/test/bupt_hjk/sdp_dataset/xrf55/wifi/02_15_06.npy,1000,float64,0.0,0.504137037037037,0.504137037037037,0.5027703703703704,1.0,1.0,0.17293219145070998,0.17293219145070998,True
bp_fs200_signed,/home/test/bupt_hjk/sdp_dataset/xrf55/wifi/02_15_07.npy,1000,float64,0.0,0.5035074074074074,0.5035074074074074,0.5010740740740741,1.0,1.0,0.17508619730841954,0.17508619730841954,True
bp_fs200_signed,/home/test/bupt_hjk/sdp_dataset/xrf55/wifi/02_15_08.npy,1000,float64,0.0,0.5038814814814815,0.5038814814814815,0.5049925925925925,1.0,1.0,0.17356986616245876,0.17356986616245876,True
bp_fs200_signed,/home/test/bupt_hjk/sdp_dataset/xrf55/wifi/02_15_09.npy,1000,float64,0.0,0.49753703703703706,0.49753703703703706,0.49894074074074074,1.0,1.0,0.184106328550773,0.184106328550773,True
bp_fs200_signed,/home/test/bupt_hjk/sdp_dataset/xrf55/wifi/02_15_10.npy,1000,float64,0.0,0.5153407407407408,0.5153407407407408,0.5145555555555555,1.0,1.0,0.17789270752233716,0.17789270752233716,True
bp_fs200_signed,/home/test/bupt_hjk/sdp_dataset/xrf55/wifi/02_15_11.npy,1000,float64,0.0,0.5037703703703704,0.5037703703703704,0.5017259259259259,1.0,1.0,0.1968190412634857,0.1968190412634857,True
bp_fs200_signed,/home/test/bupt_hjk/sdp_dataset/xrf55/wifi/02_15_12.npy,1000,float64,0.0,0.4998296296296296,0.4998296296296296,0.4993851851851852,1.0,1.0,0.1915508100693286,0.1915508100693286,True
bp_fs200_signed,/home/test/bupt_hjk/sdp_dataset/xrf55/wifi/02_15_13.npy,1000,float64,0.0,0.5031444444444444,0.5031444444444444,0.5028592592592592,1.0,1.0,0.19617024431839247,0.19617024431839247,True
bp_fs200_signed,/home/test/bupt_hjk/sdp_dataset/xrf55/wifi/02_15_14.npy,1000,float64,0.0,0.4952185185185185,0.4952185185185185,0.4927259259259259,1.0,1.0,0.19735290846401957,0.19735290846401957,True
bp_fs200_signed,/home/test/bupt_hjk/sdp_dataset/xrf55/wifi/02_15_15.npy,1000,float64,0.0,0.516062962962963,0.516062962962963,0.5150222222222223,1.0,1.0,0.18281244207170133,0.18281244207170133,True
bp_fs200_signed,/home/test/bupt_hjk/sdp_dataset/xrf55/wifi/02_15_16.npy,1000,float64,0.0,0.5103222222222222,0.5103222222222222,0.5126666666666667,1.0,1.0,0.1954769584399214,0.1954769584399214,True
bp_fs200_signed,/home/test/bupt_hjk/sdp_dataset/xrf55/wifi/02_15_17.npy,1000,float64,0.0,0.5043962962962963,0.5043962962962963,0.5032222222222222,1.0,1.0,0.1975419864308753,0.1975419864308753,True
bp_fs200_signed,/home/test/bupt_hjk/sdp_dataset/xrf55/wifi/02_15_18.npy,1000,float64,0.0,0.5040814814814815,0.5040814814814815,0.5048296296296296,1.0,1.0,0.20293626960293626,0.20293626960293626,True
bp_fs200_signed,/home/test/bupt_hjk/sdp_dataset/xrf55/wifi/02_15_19.npy,1000,float64,0.0,0.5083888888888889,0.5083888888888889,0.5072888888888889,1.0,1.0,0.18530011492974455,0.18530011492974455,True
bp_fs200_signed,/home/test/bupt_hjk/sdp_dataset/xrf55/wifi/02_15_20.npy,1000,float64,0.0,0.5077518518518519,0.5077518518518519,0.5064666666666666,1.0,1.0,0.18585622659696735,0.18585622659696735,True
bp_fs200_signed,/home/test/bupt_hjk/sdp_dataset/xrf55/wifi/02_16_01.npy,1000,float64,0.0,0.5043407407407408,0.5043407407407408,0.5025037037037037,1.0,1.0,0.15036888740592444,0.15036888740592444,True
bp_fs200_signed,/home/test/bupt_hjk/sdp_dataset/xrf55/wifi/02_16_02.npy,1000,float64,0.0,0.5032629629629629,0.5032629629629629,0.5030592592592592,1.0,1.0,0.1561079598116635,0.1561079598116635,True
bp_fs200_signed,/home/test/bupt_hjk/sdp_dataset/xrf55/wifi/02_16_03.npy,1000,float64,0.0,0.5094777777777778,0.5094777777777778,0.5097777777777778,1.0,1.0,0.15976346717087458,0.15976346717087458,True
bp_fs200_signed,/home/test/bupt_hjk/sdp_dataset/xrf55/wifi/02_16_04.npy,1000,float64,0.0,0.4952185185185185,0.4952185185185185,0.49565185185185184,1.0,1.0,0.1518370222073926,0.1518370222073926,True
bp_fs200_signed,/home/test/bupt_hjk/sdp_dataset/xrf55/wifi/02_16_05.npy,1000,float64,0.0,0.5013962962962963,0.5013962962962963,0.5014148148148149,1.0,1.0,0.1539391243094947,0.1539391243094947,True
bp_fs200_signed,/home/test/bupt_hjk/sdp_dataset/xrf55/wifi/02_16_06.npy,1000,float64,0.0,0.49895185185185187,0.49895185185185187,0.5002518518518518,1.0,1.0,0.16942868794720647,0.16942868794720647,True
bp_fs200_signed,/home/test/bupt_hjk/sdp_dataset/xrf55/wifi/02_16_07.npy,1000,float64,0.0,0.4946925925925926,0.4946925925925926,0.49277037037037036,1.0,1.0,0.15638972305638973,0.15638972305638973,True
bp_fs200_signed,/home/test/bupt_hjk/sdp_dataset/xrf55/wifi/02_16_08.npy,1000,float64,0.0,0.49164444444444444,0.49164444444444444,0.49202962962962965,1.0,1.0,0.17386275164052942,0.17386275164052942,True
bp_fs200_signed,/home/test/bupt_hjk/sdp_dataset/xrf55/wifi/02_16_09.npy,1000,float64,0.0,0.49522962962962963,0.49522962962962963,0.49548888888888887,1.0,1.0,0.17260964668372075,0.17260964668372075,True
bp_fs200_signed,/home/test/bupt_hjk/sdp_dataset/xrf55/wifi/02_16_10.npy,1000,float64,0.0,0.5019740740740741,0.5019740740740741,0.5009925925925925,1.0,1.0,0.16764913061209358,0.16764913061209358,True
bp_fs200_signed,/home/test/bupt_hjk/sdp_dataset/xrf55/wifi/02_16_11.npy,1000,float64,0.0,0.4913740740740741,0.4913740740740741,0.4915703703703704,1.0,1.0,0.1618692766840915,0.1618692766840915,True
bp_fs200_signed,/home/test/bupt_hjk/sdp_dataset/xrf55/wifi/02_16_12.npy,1000,float64,0.0,0.5060666666666667,0.5060666666666667,0.5042148148148148,1.0,1.0,0.15693471249026805,0.15693471249026805,True
bp_fs200_signed,/home/test/bupt_hjk/sdp_dataset/xrf55/wifi/02_16_13.npy,1000,float64,0.0,0.5005333333333334,0.5005333333333334,0.5000296296296296,1.0,1.0,0.16560263967671376,0.16560263967671376,True
bp_fs200_signed,/home/test/bupt_hjk/sdp_dataset/xrf55/wifi/02_16_14.npy,1000,float64,0.0,0.5071111111111111,0.5071111111111111,0.5093111111111112,1.0,1.0,0.1650502354206058,0.1650502354206058,True
bp_fs200_signed,/home/test/bupt_hjk/sdp_dataset/xrf55/wifi/02_16_15.npy,1000,float64,0.0,0.5014074074074074,0.5014074074074074,0.5018074074074074,1.0,1.0,0.15197790382975568,0.15197790382975568,True
bp_fs200_signed,/home/test/bupt_hjk/sdp_dataset/xrf55/wifi/02_16_16.npy,1000,float64,0.0,0.5102518518518518,0.5102518518518518,0.5110370370370371,1.0,1.0,0.14953471990509026,0.14953471990509026,True
bp_fs200_signed,/home/test/bupt_hjk/sdp_dataset/xrf55/wifi/02_16_17.npy,1000,float64,0.0,0.5024814814814815,0.5024814814814815,0.5021777777777777,1.0,1.0,0.1558632706780855,0.1558632706780855,True
bp_fs200_signed,/home/test/bupt_hjk/sdp_dataset/xrf55/wifi/02_16_18.npy,1000,float64,0.0,0.4900888888888889,0.4900888888888889,0.4908814814814815,1.0,1.0,0.14656508360212064,0.14656508360212064,True
bp_fs200_signed,/home/test/bupt_hjk/sdp_dataset/xrf55/wifi/02_16_19.npy,1000,float64,0.0,0.5065148148148149,0.5065148148148149,0.5084444444444445,1.0,1.0,0.1517999480962444,0.1517999480962444,True
bp_fs200_signed,/home/test/bupt_hjk/sdp_dataset/xrf55/wifi/02_16_20.npy,1000,float64,0.0,0.4924037037037037,0.4924037037037037,0.49376296296296296,1.0,1.0,0.16438290141993847,0.16438290141993847,True
bp_fs200_signed,/home/test/bupt_hjk/sdp_dataset/xrf55/wifi/02_17_01.npy,1000,float64,0.0,0.49414814814814817,0.49414814814814817,0.4946814814814815,1.0,1.0,0.13748192637081527,0.13748192637081527,True
bp_fs200_signed,/home/test/bupt_hjk/sdp_dataset/xrf55/wifi/02_17_02.npy,1000,float64,0.0,0.4980222222222222,0.4980222222222222,0.49937777777777775,1.0,1.0,0.1399102806510214,0.1399102806510214,True
bp_fs200_signed,/home/test/bupt_hjk/sdp_dataset/xrf55/wifi/02_17_03.npy,1000,float64,0.0,0.49645555555555554,0.49645555555555554,0.49623703703703703,1.0,1.0,0.12487672858043228,0.12487672858043228,True
bp_fs200_signed,/home/test/bupt_hjk/sdp_dataset/xrf55/wifi/02_17_04.npy,1000,float64,0.0,0.49184074074074075,0.49184074074074075,0.4928444444444444,1.0,1.0,0.12473213954695436,0.12473213954695436,True
bp_fs200_signed,/home/test/bupt_hjk/sdp_dataset/xrf55/wifi/02_17_05.npy,1000,float64,0.0,0.4885148148148148,0.4885148148148148,0.48737037037037034,1.0,1.0,0.13201349497645795,0.13201349497645795,True
bp_fs200_signed,/home/test/bupt_hjk/sdp_dataset/xrf55/wifi/02_17_06.npy,1000,float64,0.0,0.49522962962962963,0.49522962962962963,0.4950074074074074,1.0,1.0,0.13137952767582398,0.13137952767582398,True
bp_fs200_signed,/home/test/bupt_hjk/sdp_dataset/xrf55/wifi/02_17_07.npy,1000,float64,0.0,0.5003518518518518,0.5003518518518518,0.499437037037037,1.0,1.0,0.1325251177103029,0.1325251177103029,True
bp_fs200_signed,/home/test/bupt_hjk/sdp_dataset/xrf55/wifi/02_17_08.npy,1000,float64,0.0,0.48052222222222224,0.48052222222222224,0.48031111111111113,1.0,1.0,0.14236829422014607,0.14236829422014607,True
bp_fs200_signed,/home/test/bupt_hjk/sdp_dataset/xrf55/wifi/02_17_09.npy,1000,float64,0.0,0.48733333333333334,0.48733333333333334,0.48736296296296294,1.0,1.0,0.1413932450969488,0.1413932450969488,True
bp_fs200_signed,/home/test/bupt_hjk/sdp_dataset/xrf55/wifi/02_17_10.npy,1000,float64,0.0,0.4988222222222222,0.4988222222222222,0.4990888888888889,1.0,1.0,0.13880917954992028,0.13880917954992028,True
bp_fs200_signed,/home/test/bupt_hjk/sdp_dataset/xrf55/wifi/02_17_11.npy,1000,float64,0.0,0.48963703703703704,0.48963703703703704,0.488962962962963,1.0,1.0,0.14437771104437772,0.14437771104437772,True
bp_fs200_signed,/home/test/bupt_hjk/sdp_dataset/xrf55/wifi/02_17_12.npy,1000,float64,0.0,0.4894703703703704,0.4894703703703704,0.4889851851851852,1.0,1.0,0.1422570718867015,0.1422570718867015,True
bp_fs200_signed,/home/test/bupt_hjk/sdp_dataset/xrf55/wifi/02_17_13.npy,1000,float64,0.0,0.4943777777777778,0.4943777777777778,0.49595555555555554,1.0,1.0,0.14399955511066623,0.14399955511066623,True
bp_fs200_signed,/home/test/bupt_hjk/sdp_dataset/xrf55/wifi/02_17_14.npy,1000,float64,0.0,0.4908148148148148,0.4908148148148148,0.4935333333333333,1.0,1.0,0.13604345085826566,0.13604345085826566,True
bp_fs200_signed,/home/test/bupt_hjk/sdp_dataset/xrf55/wifi/02_17_15.npy,1000,float64,0.0,0.49385555555555555,0.49385555555555555,0.4938,1.0,1.0,0.1377303229155081,0.1377303229155081,True
bp_fs200_signed,/home/test/bupt_hjk/sdp_dataset/xrf55/wifi/02_17_16.npy,1000,float64,0.0,0.49707407407407406,0.49707407407407406,0.49475555555555556,1.0,1.0,0.13119044970896823,0.13119044970896823,True
bp_fs200_signed,/home/test/bupt_hjk/sdp_dataset/xrf55/wifi/02_17_17.npy,1000,float64,0.0,0.5046185185185185,0.5046185185185185,0.505674074074074,1.0,1.0,0.1370889407926445,0.1370889407926445,True
bp_fs200_signed,/home/test/bupt_hjk/sdp_dataset/xrf55/wifi/02_17_18.npy,1000,float64,0.0,0.48224814814814815,0.48224814814814815,0.48461481481481483,1.0,1.0,0.1443962480999518,0.1443962480999518,True
bp_fs200_signed,/home/test/bupt_hjk/sdp_dataset/xrf55/wifi/02_17_19.npy,1000,float64,0.0,0.49223333333333336,0.49223333333333336,0.49206666666666665,1.0,1.0,0.13697771845919995,0.13697771845919995,True
bp_fs200_signed,/home/test/bupt_hjk/sdp_dataset/xrf55/wifi/02_17_20.npy,1000,float64,0.0,0.5020370370370371,0.5020370370370371,0.5029407407407407,1.0,1.0,0.1324880435991547,0.1324880435991547,True
bp_fs200_signed,/home/test/bupt_hjk/sdp_dataset/xrf55/wifi/02_18_01.npy,1000,float64,0.0,0.49996296296296294,0.49996296296296294,0.5014666666666666,1.0,1.0,0.16564342119897676,0.16564342119897676,True
bp_fs200_signed,/home/test/bupt_hjk/sdp_dataset/xrf55/wifi/02_18_02.npy,1000,float64,0.0,0.5065037037037037,0.5065037037037037,0.5068518518518519,1.0,1.0,0.19712675638601565,0.19712675638601565,True
bp_fs200_signed,/home/test/bupt_hjk/sdp_dataset/xrf55/wifi/02_18_03.npy,1000,float64,0.0,0.5027296296296296,0.5027296296296296,0.5027851851851852,1.0,1.0,0.1836466095725355,0.1836466095725355,True
bp_fs200_signed,/home/test/bupt_hjk/sdp_dataset/xrf55/wifi/02_18_04.npy,1000,float64,0.0,0.5009740740740741,0.5009740740740741,0.5004740740740741,1.0,1.0,0.20427835242650058,0.20427835242650058,True
bp_fs200_signed,/home/test/bupt_hjk/sdp_dataset/xrf55/wifi/02_18_05.npy,1000,float64,0.0,0.4940407407407407,0.4940407407407407,0.4921259259259259,1.0,1.0,0.2012234456678901,0.2012234456678901,True
bp_fs200_signed,/home/test/bupt_hjk/sdp_dataset/xrf55/wifi/02_18_06.npy,1000,float64,0.0,0.4955074074074074,0.4955074074074074,0.49361481481481484,1.0,1.0,0.19528417306195084,0.19528417306195084,True
bp_fs200_signed,/home/test/bupt_hjk/sdp_dataset/xrf55/wifi/02_18_07.npy,1000,float64,0.0,0.5076777777777778,0.5076777777777778,0.5083037037037037,1.0,1.0,0.17576465354243132,0.17576465354243132,True
bp_fs200_signed,/home/test/bupt_hjk/sdp_dataset/xrf55/wifi/02_18_08.npy,1000,float64,0.0,0.49684074074074075,0.49684074074074075,0.4961259259259259,1.0,1.0,0.20679568457346234,0.20679568457346234,True
bp_fs200_signed,/home/test/bupt_hjk/sdp_dataset/xrf55/wifi/02_18_09.npy,1000,float64,0.0,0.4979,0.4979,0.4962,1.0,1.0,0.20565009453898342,0.20565009453898342,True
bp_fs200_signed,/home/test/bupt_hjk/sdp_dataset/xrf55/wifi/02_18_10.npy,1000,float64,0.0,0.5046407407407407,0.5046407407407407,0.5045851851851851,1.0,1.0,0.18918177436695954,0.18918177436695954,True
bp_fs200_signed,/home/test/bupt_hjk/sdp_dataset/xrf55/wifi/02_18_11.npy,1000,float64,0.0,0.5006777777777778,0.5006777777777778,0.5024148148148149,1.0,1.0,0.18633448263077892,0.18633448263077892,True
bp_fs200_signed,/home/test/bupt_hjk/sdp_dataset/xrf55/wifi/02_18_12.npy,1000,float64,0.0,0.49561481481481484,0.49561481481481484,0.497162962962963,1.0,1.0,0.19314870425981537,0.19314870425981537,True
bp_fs200_signed,/home/test/bupt_hjk/sdp_dataset/xrf55/wifi/02_18_13.npy,1000,float64,0.0,0.5060925925925925,0.5060925925925925,0.5060518518518519,1.0,1.0,0.20657323990657325,0.20657323990657325,True
bp_fs200_signed,/home/test/bupt_hjk/sdp_dataset/xrf55/wifi/02_18_14.npy,1000,float64,0.0,0.49187037037037035,0.49187037037037035,0.4908666666666667,1.0,1.0,0.19700441181922662,0.19700441181922662,True
bp_fs200_signed,/home/test/bupt_hjk/sdp_dataset/xrf55/wifi/02_18_15.npy,1000,float64,0.0,0.502225925925926,0.502225925925926,0.5022666666666666,1.0,1.0,0.167537908278649,0.167537908278649,True
bp_fs200_signed,/home/test/bupt_hjk/sdp_dataset/xrf55/wifi/02_18_16.npy,1000,float64,0.0,0.4848074074074074,0.4848074074074074,0.4836814814814815,1.0,1.0,0.1751418084751418,0.1751418084751418,True
bp_fs200_signed,/home/test/bupt_hjk/sdp_dataset/xrf55/wifi/02_18_17.npy,1000,float64,0.0,0.5036333333333334,0.5036333333333334,0.5050962962962963,1.0,1.0,0.20141623104586068,0.20141623104586068,True
bp_fs200_signed,/home/test/bupt_hjk/sdp_dataset/xrf55/wifi/02_18_18.npy,1000,float64,0.0,0.5022888888888889,0.5022888888888889,0.5014222222222222,1.0,1.0,0.1934193452711971,0.1934193452711971,True
bp_fs200_signed,/home/test/bupt_hjk/sdp_dataset/xrf55/wifi/02_18_19.npy,1000,float64,0.0,0.5009444444444444,0.5009444444444444,0.5018370370370371,1.0,1.0,0.20338857375894412,0.20338857375894412,True
bp_fs200_signed,/home/test/bupt_hjk/sdp_dataset/xrf55/wifi/02_18_20.npy,1000,float64,0.0,0.49426296296296296,0.49426296296296296,0.4957037037037037,1.0,1.0,0.19463166870574278,0.19463166870574278,True
bp_fs200_signed,/home/test/bupt_hjk/sdp_dataset/xrf55/wifi/02_19_01.npy,1000,float64,0.0,0.5002,0.5002,0.5019333333333333,1.0,1.0,0.16440143847551256,0.16440143847551256,True
bp_fs200_signed,/home/test/bupt_hjk/sdp_dataset/xrf55/wifi/02_19_02.npy,1000,float64,0.0,0.49704444444444446,0.49704444444444446,0.4988296296296296,1.0,1.0,0.15412078745412078,0.15412078745412078,True
bp_fs200_signed,/home/test/bupt_hjk/sdp_dataset/xrf55/wifi/02_19_03.npy,1000,float64,0.0,0.5045851851851851,0.5045851851851851,0.5046518518518519,1.0,1.0,0.17533459385311237,0.17533459385311237,True
bp_fs200_signed,/home/test/bupt_hjk/sdp_dataset/xrf55/wifi/02_19_04.npy,1000,float64,0.0,0.502462962962963,0.502462962962963,0.5039037037037037,1.0,1.0,0.18069551032513995,0.18069551032513995,True
bp_fs200_signed,/home/test/bupt_hjk/sdp_dataset/xrf55/wifi/02_19_05.npy,1000,float64,0.0,0.48856666666666665,0.48856666666666665,0.4892814814814815,1.0,1.0,0.1560263967671375,0.1560263967671375,True
bp_fs200_signed,/home/test/bupt_hjk/sdp_dataset/xrf55/wifi/02_19_06.npy,1000,float64,0.0,0.5116703703703703,0.5116703703703703,0.5104592592592593,1.0,1.0,0.17910873836799762,0.17910873836799762,True
bp_fs200_signed,/home/test/bupt_hjk/sdp_dataset/xrf55/wifi/02_19_07.npy,1000,float64,0.0,0.49984074074074075,0.49984074074074075,0.5001629629629629,1.0,1.0,0.17754791828865904,0.17754791828865904,True
bp_fs200_signed,/home/test/bupt_hjk/sdp_dataset/xrf55/wifi/02_19_08.npy,1000,float64,0.0,0.5061296296296296,0.5061296296296296,0.5082962962962962,1.0,1.0,0.16787899010121232,0.16787899010121232,True
bp_fs200_signed,/home/test/bupt_hjk/sdp_dataset/xrf55/wifi/02_19_09.npy,1000,float64,0.0,0.5064851851851851,0.5064851851851851,0.5081555555555556,1.0,1.0,0.16211396581766951,0.16211396581766951,True
bp_fs200_signed,/home/test/bupt_hjk/sdp_dataset/xrf55/wifi/02_19_10.npy,1000,float64,0.0,0.49845555555555554,0.49845555555555554,0.5004148148148149,1.0,1.0,0.1726207689170652,0.1726207689170652,True
bp_fs200_signed,/home/test/bupt_hjk/sdp_dataset/xrf55/wifi/02_19_11.npy,1000,float64,0.0,0.49578518518518516,0.49578518518518516,0.4945703703703704,1.0,1.0,0.17068550031512994,0.17068550031512994,True
bp_fs200_signed,/home/test/bupt_hjk/sdp_dataset/xrf55/wifi/02_19_12.npy,1000,float64,0.0,0.5064444444444445,0.5064444444444445,0.5068962962962963,1.0,1.0,0.17629110592073555,0.17629110592073555,True
bp_fs200_signed,/home/test/bupt_hjk/sdp_dataset/xrf55/wifi/02_19_13.npy,1000,float64,0.0,0.5065592592592593,0.5065592592592593,0.5079185185185185,1.0,1.0,0.15687168650131614,0.15687168650131614,True
bp_fs200_signed,/home/test/bupt_hjk/sdp_dataset/xrf55/wifi/02_19_14.npy,1000,float64,0.0,0.4997259259259259,0.4997259259259259,0.4998444444444444,1.0,1.0,0.16826456085715344,0.16826456085715344,True
bp_fs200_signed,/home/test/bupt_hjk/sdp_dataset/xrf55/wifi/02_19_15.npy,1000,float64,0.0,0.5082333333333333,0.5082333333333333,0.5103185185185185,1.0,1.0,0.17305082860638415,0.17305082860638415,True
bp_fs200_signed,/home/test/bupt_hjk/sdp_dataset/xrf55/wifi/02_19_16.npy,1000,float64,0.0,0.5040555555555556,0.5040555555555556,0.5024518518518518,1.0,1.0,0.16912838764690616,0.16912838764690616,True
bp_fs200_signed,/home/test/bupt_hjk/sdp_dataset/xrf55/wifi/02_19_17.npy,1000,float64,0.0,0.5053925925925926,0.5053925925925926,0.5062888888888889,1.0,1.0,0.17237607978348718,0.17237607978348718,True
bp_fs200_signed,/home/test/bupt_hjk/sdp_dataset/xrf55/wifi/02_19_18.npy,1000,float64,0.0,0.5063703703703704,0.5063703703703704,0.5043777777777778,1.0,1.0,0.1700144589033478,0.1700144589033478,True
bp_fs200_signed,/home/test/bupt_hjk/sdp_dataset/xrf55/wifi/02_19_19.npy,1000,float64,0.0,0.49554444444444445,0.49554444444444445,0.4958074074074074,1.0,1.0,0.16941015089163236,0.16941015089163236,True
bp_fs200_signed,/home/test/bupt_hjk/sdp_dataset/xrf55/wifi/02_19_20.npy,1000,float64,0.0,0.4982740740740741,0.4982740740740741,0.4964296296296296,1.0,1.0,0.17034071108145182,0.17034071108145182,True
bp_fs200_signed,/home/test/bupt_hjk/sdp_dataset/xrf55/wifi/02_20_01.npy,1000,float64,0.0,0.4923888888888889,0.4923888888888889,0.4925925925925926,1.0,1.0,0.1550253957661365,0.1550253957661365,True
bp_fs200_signed,/home/test/bupt_hjk/sdp_dataset/xrf55/wifi/02_20_02.npy,1000,float64,0.0,0.5064037037037037,0.5064037037037037,0.5052296296296296,1.0,1.0,0.1304860415971527,0.1304860415971527,True
bp_fs200_signed,/home/test/bupt_hjk/sdp_dataset/xrf55/wifi/02_20_03.npy,1000,float64,0.0,0.5080074074074074,0.5080074074074074,0.5092666666666666,1.0,1.0,0.14026248470692915,0.14026248470692915,True
bp_fs200_signed,/home/test/bupt_hjk/sdp_dataset/xrf55/wifi/02_20_04.npy,1000,float64,0.0,0.5137407407407407,0.5137407407407407,0.5139555555555556,1.0,1.0,0.14678382085789493,0.14678382085789493,True
bp_fs200_signed,/home/test/bupt_hjk/sdp_dataset/xrf55/wifi/02_20_05.npy,1000,float64,0.0,0.5146407407407407,0.5146407407407407,0.5144962962962963,1.0,1.0,0.14842620398175954,0.14842620398175954,True
bp_fs200_signed,/home/test/bupt_hjk/sdp_dataset/xrf55/wifi/02_20_06.npy,1000,float64,0.0,0.5058333333333334,0.5058333333333334,0.5077925925925926,1.0,1.0,0.14342119897675454,0.14342119897675454,True
bp_fs200_signed,/home/test/bupt_hjk/sdp_dataset/xrf55/wifi/02_20_07.npy,1000,float64,0.0,0.48234814814814814,0.48234814814814814,0.48106666666666664,1.0,1.0,0.143636228821414,0.143636228821414,True
bp_fs200_signed,/home/test/bupt_hjk/sdp_dataset/xrf55/wifi/02_20_08.npy,1000,float64,0.0,0.5050518518518519,0.5050518518518519,0.5043925925925926,1.0,1.0,0.15815815815815815,0.15815815815815815,True
bp_fs200_signed,/home/test/bupt_hjk/sdp_dataset/xrf55/wifi/02_20_09.npy,1000,float64,0.0,0.4909148148148148,0.4909148148148148,0.49094074074074073,1.0,1.0,0.16909872835798762,0.16909872835798762,True
bp_fs200_signed,/home/test/bupt_hjk/sdp_dataset/xrf55/wifi/02_20_10.npy,1000,float64,0.0,0.4995777777777778,0.4995777777777778,0.49877037037037036,1.0,1.0,0.1514217921625329,0.1514217921625329,True
bp_fs200_signed,/home/test/bupt_hjk/sdp_dataset/xrf55/wifi/02_20_11.npy,1000,float64,0.0,0.5009185185185185,0.5009185185185185,0.5009333333333333,1.0,1.0,0.14797019241463685,0.14797019241463685,True
bp_fs200_signed,/home/test/bupt_hjk/sdp_dataset/xrf55/wifi/02_20_12.npy,1000,float64,0.0,0.5139222222222222,0.5139222222222222,0.5142888888888889,1.0,1.0,0.15031698365031698,0.15031698365031698,True
bp_fs200_signed,/home/test/bupt_hjk/sdp_dataset/xrf55/wifi/02_20_13.npy,1000,float64,0.0,0.5082814814814814,0.5082814814814814,0.5099185185185185,1.0,1.0,0.12496941385830275,0.12496941385830275,True
bp_fs200_signed,/home/test/bupt_hjk/sdp_dataset/xrf55/wifi/02_20_14.npy,1000,float64,0.0,0.5092148148148148,0.5092148148148148,0.5094814814814815,1.0,1.0,0.1345493641789938,0.1345493641789938,True
bp_fs200_signed,/home/test/bupt_hjk/sdp_dataset/xrf55/wifi/02_20_15.npy,1000,float64,0.0,0.4897,0.4897,0.48918518518518517,1.0,1.0,0.15304934564193823,0.15304934564193823,True
bp_fs200_signed,/home/test/bupt_hjk/sdp_dataset/xrf55/wifi/02_20_16.npy,1000,float64,0.0,0.5010222222222223,0.5010222222222223,0.5006962962962963,1.0,1.0,0.15076558039521,0.15076558039521,True
bp_fs200_signed,/home/test/bupt_hjk/sdp_dataset/xrf55/wifi/02_20_17.npy,1000,float64,0.0,0.5108555555555555,0.5108555555555555,0.5105555555555555,1.0,1.0,0.14390686983279577,0.14390686983279577,True
bp_fs200_signed,/home/test/bupt_hjk/sdp_dataset/xrf55/wifi/02_20_18.npy,1000,float64,0.0,0.4812925925925926,0.4812925925925926,0.4796740740740741,1.0,1.0,0.13917992066140214,0.13917992066140214,True
bp_fs200_signed,/home/test/bupt_hjk/sdp_dataset/xrf55/wifi/02_20_19.npy,1000,float64,0.0,0.5115518518518518,0.5115518518518518,0.5116296296296297,1.0,1.0,0.14006228450672895,0.14006228450672895,True
bp_fs200_signed,/home/test/bupt_hjk/sdp_dataset/xrf55/wifi/02_20_20.npy,1000,float64,0.0,0.5074666666666666,0.5074666666666666,0.5050296296296296,1.0,1.0,0.14210136061987913,0.14210136061987913,True
bp_fs200_signed,/home/test/bupt_hjk/sdp_dataset/xrf55/wifi/02_21_01.npy,1000,float64,0.0,0.4891333333333333,0.4891333333333333,0.49031851851851854,1.0,1.0,0.12454306158009862,0.12454306158009862,True
bp_fs200_signed,/home/test/bupt_hjk/sdp_dataset/xrf55/wifi/02_21_02.npy,1000,float64,0.0,0.4948111111111111,0.4948111111111111,0.49605925925925926,1.0,1.0,0.11046602157713269,0.11046602157713269,True
bp_fs200_signed,/home/test/bupt_hjk/sdp_dataset/xrf55/wifi/02_21_03.npy,1000,float64,0.0,0.5032851851851852,0.5032851851851852,0.5039481481481481,1.0,1.0,0.12023504986467949,0.12023504986467949,True
bp_fs200_signed,/home/test/bupt_hjk/sdp_dataset/xrf55/wifi/02_21_04.npy,1000,float64,0.0,0.4959296296296296,0.4959296296296296,0.4968518518518519,1.0,1.0,0.13101620138657175,0.13101620138657175,True
bp_fs200_signed,/home/test/bupt_hjk/sdp_dataset/xrf55/wifi/02_21_05.npy,1000,float64,0.0,0.49325555555555556,0.49325555555555556,0.49446666666666667,1.0,1.0,0.11751010269528787,0.11751010269528787,True
bp_fs200_signed,/home/test/bupt_hjk/sdp_dataset/xrf55/wifi/02_21_06.npy,1000,float64,0.0,0.4973,0.4973,0.49749629629629627,1.0,1.0,0.11402142883624365,0.11402142883624365,True
bp_fs200_signed,/home/test/bupt_hjk/sdp_dataset/xrf55/wifi/02_21_07.npy,1000,float64,0.0,0.4987111111111111,0.4987111111111111,0.49763703703703704,1.0,1.0,0.11698735772809847,0.11698735772809847,True
bp_fs200_signed,/home/test/bupt_hjk/sdp_dataset/xrf55/wifi/02_21_08.npy,1000,float64,0.0,0.49205185185185185,0.49205185185185185,0.49323703703703703,1.0,1.0,0.11810328847365885,0.11810328847365885,True
bp_fs200_signed,/home/test/bupt_hjk/sdp_dataset/xrf55/wifi/02_21_09.npy,1000,float64,0.0,0.48805925925925925,0.48805925925925925,0.48747407407407406,1.0,1.0,0.12138063989915841,0.12138063989915841,True
bp_fs200_signed,/home/test/bupt_hjk/sdp_dataset/xrf55/wifi/02_21_10.npy,1000,float64,0.0,0.4775962962962963,0.4775962962962963,0.47985185185185186,1.0,1.0,0.13563934304675046,0.13563934304675046,True
bp_fs200_signed,/home/test/bupt_hjk/sdp_dataset/xrf55/wifi/02_21_11.npy,1000,float64,0.0,0.4867185185185185,0.4867185185185185,0.4862296296296296,1.0,1.0,0.14158973788603418,0.14158973788603418,True
bp_fs200_signed,/home/test/bupt_hjk/sdp_dataset/xrf55/wifi/02_21_12.npy,1000,float64,0.0,0.4854222222222222,0.4854222222222222,0.48606666666666665,1.0,1.0,0.13575798020242466,0.13575798020242466,True
bp_fs200_signed,/home/test/bupt_hjk/sdp_dataset/xrf55/wifi/02_21_13.npy,1000,float64,0.0,0.4910148148148148,0.4910148148148148,0.4906962962962963,1.0,1.0,0.13331479627775925,0.13331479627775925,True
bp_fs200_signed,/home/test/bupt_hjk/sdp_dataset/xrf55/wifi/02_21_14.npy,1000,float64,0.0,0.48605185185185185,0.48605185185185185,0.4856740740740741,1.0,1.0,0.1309865420976532,0.1309865420976532,True
bp_fs200_signed,/home/test/bupt_hjk/sdp_dataset/xrf55/wifi/02_21_15.npy,1000,float64,0.0,0.49775925925925923,0.49775925925925923,0.49874074074074076,1.0,1.0,0.13218403588773958,0.13218403588773958,True
bp_fs200_signed,/home/test/bupt_hjk/sdp_dataset/xrf55/wifi/02_21_16.npy,1000,float64,0.0,0.5034111111111111,0.5034111111111111,0.5039259259259259,1.0,1.0,0.13061580098617134,0.13061580098617134,True
bp_fs200_signed,/home/test/bupt_hjk/sdp_dataset/xrf55/wifi/02_21_17.npy,1000,float64,0.0,0.5061666666666667,0.5061666666666667,0.5073777777777778,1.0,1.0,0.12442813183553925,0.12442813183553925,True
bp_fs200_signed,/home/test/bupt_hjk/sdp_dataset/xrf55/wifi/02_21_18.npy,1000,float64,0.0,0.5002,0.5002,0.5019037037037037,1.0,1.0,0.12550328105883662,0.12550328105883662,True
bp_fs200_signed,/home/test/bupt_hjk/sdp_dataset/xrf55/wifi/02_21_19.npy,1000,float64,0.0,0.49164074074074077,0.49164074074074077,0.49363703703703704,1.0,1.0,0.1404923441960479,0.1404923441960479,True
bp_fs200_signed,/home/test/bupt_hjk/sdp_dataset/xrf55/wifi/02_21_20.npy,1000,float64,0.0,0.49696666666666667,0.49696666666666667,0.4969037037037037,1.0,1.0,0.13425277128980834,0.13425277128980834,True
bp_fs200_signed,/home/test/bupt_hjk/sdp_dataset/xrf55/wifi/02_22_01.npy,1000,float64,0.0,0.49371481481481483,0.49371481481481483,0.49435555555555555,1.0,1.0,0.12610758907055203,0.12610758907055203,True
bp_fs200_signed,/home/test/bupt_hjk/sdp_dataset/xrf55/wifi/02_22_02.npy,1000,float64,0.0,0.4986333333333333,0.4986333333333333,0.49922222222222223,1.0,1.0,0.12399065732399066,0.12399065732399066,True
bp_fs200_signed,/home/test/bupt_hjk/sdp_dataset/xrf55/wifi/02_22_03.npy,1000,float64,0.0,0.4986259259259259,0.4986259259259259,0.49796296296296294,1.0,1.0,0.12344196047899751,0.12344196047899751,True
bp_fs200_signed,/home/test/bupt_hjk/sdp_dataset/xrf55/wifi/02_22_04.npy,1000,float64,0.0,0.5077111111111111,0.5077111111111111,0.5091185185185185,1.0,1.0,0.12602973343714086,0.12602973343714086,True
bp_fs200_signed,/home/test/bupt_hjk/sdp_dataset/xrf55/wifi/02_22_05.npy,1000,float64,0.0,0.4901111111111111,0.4901111111111111,0.4908962962962963,1.0,1.0,0.1174137100063026,0.1174137100063026,True
bp_fs200_signed,/home/test/bupt_hjk/sdp_dataset/xrf55/wifi/02_22_06.npy,1000,float64,0.0,0.49145925925925926,0.49145925925925926,0.49214814814814817,1.0,1.0,0.11286471656842027,0.11286471656842027,True
bp_fs200_signed,/home/test/bupt_hjk/sdp_dataset/xrf55/wifi/02_22_07.npy,1000,float64,0.0,0.5052333333333333,0.5052333333333333,0.5053777777777778,1.0,1.0,0.12028324620917213,0.12028324620917213,True
bp_fs200_signed,/home/test/bupt_hjk/sdp_dataset/xrf55/wifi/02_22_08.npy,1000,float64,0.0,0.48861481481481484,0.48861481481481484,0.4901185185185185,1.0,1.0,0.11545619693767842,0.11545619693767842,True
bp_fs200_signed,/home/test/bupt_hjk/sdp_dataset/xrf55/wifi/02_22_09.npy,1000,float64,0.0,0.49066666666666664,0.49066666666666664,0.49192592592592593,1.0,1.0,0.11669447225002781,0.11669447225002781,True
bp_fs200_signed,/home/test/bupt_hjk/sdp_dataset/xrf55/wifi/02_22_10.npy,1000,float64,0.0,0.4811,0.4811,0.4804074074074074,1.0,1.0,0.12056500945389834,0.12056500945389834,True
bp_fs200_signed,/home/test/bupt_hjk/sdp_dataset/xrf55/wifi/02_22_11.npy,1000,float64,0.0,0.4944703703703704,0.4944703703703704,0.4969851851851852,1.0,1.0,0.11730990249508769,0.11730990249508769,True
bp_fs200_signed,/home/test/bupt_hjk/sdp_dataset/xrf55/wifi/02_22_12.npy,1000,float64,0.0,0.49442592592592594,0.49442592592592594,0.49692592592592594,1.0,1.0,0.13245096948800653,0.13245096948800653,True
bp_fs200_signed,/home/test/bupt_hjk/sdp_dataset/xrf55/wifi/02_22_13.npy,1000,float64,0.0,0.49484074074074075,0.49484074074074075,0.49677777777777776,1.0,1.0,0.12656360063767472,0.12656360063767472,True
bp_fs200_signed,/home/test/bupt_hjk/sdp_dataset/xrf55/wifi/02_22_14.npy,1000,float64,0.0,0.5040333333333333,0.5040333333333333,0.5035111111111111,1.0,1.0,0.11632373113854595,0.11632373113854595,True
bp_fs200_signed,/home/test/bupt_hjk/sdp_dataset/xrf55/wifi/02_22_15.npy,1000,float64,0.0,0.49833333333333335,0.49833333333333335,0.4994296296296296,1.0,1.0,0.11237904571237904,0.11237904571237904,True
bp_fs200_signed,/home/test/bupt_hjk/sdp_dataset/xrf55/wifi/02_22_16.npy,1000,float64,0.0,0.49425555555555556,0.49425555555555556,0.49431851851851855,1.0,1.0,0.11713565417269121,0.11713565417269121,True
bp_fs200_signed,/home/test/bupt_hjk/sdp_dataset/xrf55/wifi/02_22_17.npy,1000,float64,0.0,0.48406666666666665,0.48406666666666665,0.4845481481481482,1.0,1.0,0.11444407370333297,0.11444407370333297,True
bp_fs200_signed,/home/test/bupt_hjk/sdp_dataset/xrf55/wifi/02_22_18.npy,1000,float64,0.0,0.49257407407407405,0.49257407407407405,0.4935407407407407,1.0,1.0,0.11701701701701701,0.11701701701701701,True
bp_fs200_signed,/home/test/bupt_hjk/sdp_dataset/xrf55/wifi/02_22_19.npy,1000,float64,0.0,0.48794074074074073,0.48794074074074073,0.4876740740740741,1.0,1.0,0.12088384680977274,0.12088384680977274,True
bp_fs200_signed,/home/test/bupt_hjk/sdp_dataset/xrf55/wifi/02_22_20.npy,1000,float64,0.0,0.4897074074074074,0.4897074074074074,0.48937037037037034,1.0,1.0,0.11275349423497572,0.11275349423497572,True
bp_fs200_signed,/home/test/bupt_hjk/sdp_dataset/xrf55/wifi/02_23_01.npy,1000,float64,0.0,0.5033407407407408,0.5033407407407408,0.5063481481481481,1.0,1.0,0.17563118674229786,0.17563118674229786,True
bp_fs200_signed,/home/test/bupt_hjk/sdp_dataset/xrf55/wifi/02_23_02.npy,1000,float64,0.0,0.5010222222222223,0.5010222222222223,0.5010814814814815,1.0,1.0,0.18177807437066695,0.18177807437066695,True
bp_fs200_signed,/home/test/bupt_hjk/sdp_dataset/xrf55/wifi/02_23_03.npy,1000,float64,0.0,0.5157074074074074,0.5157074074074074,0.5165185185185185,1.0,1.0,0.17983539094650206,0.17983539094650206,True
bp_fs200_signed,/home/test/bupt_hjk/sdp_dataset/xrf55/wifi/02_23_04.npy,1000,float64,0.0,0.5077222222222222,0.5077222222222222,0.5062740740740741,1.0,1.0,0.176179883587291,0.176179883587291,True
bp_fs200_signed,/home/test/bupt_hjk/sdp_dataset/xrf55/wifi/02_23_05.npy,1000,float64,0.0,0.5139962962962963,0.5139962962962963,0.5123333333333333,1.0,1.0,0.1660734808882957,0.1660734808882957,True
bp_fs200_signed,/home/test/bupt_hjk/sdp_dataset/xrf55/wifi/02_23_06.npy,1000,float64,0.0,0.5061148148148148,0.5061148148148148,0.5058518518518519,1.0,1.0,0.18439921402884366,0.18439921402884366,True
bp_fs200_signed,/home/test/bupt_hjk/sdp_dataset/xrf55/wifi/02_23_07.npy,1000,float64,0.0,0.5061148148148148,0.5061148148148148,0.5060148148148148,1.0,1.0,0.1746413079746413,0.1746413079746413,True
bp_fs200_signed,/home/test/bupt_hjk/sdp_dataset/xrf55/wifi/02_23_08.npy,1000,float64,0.0,0.5172296296296296,0.5172296296296296,0.5162814814814815,1.0,1.0,0.1751640529418307,0.1751640529418307,True
bp_fs200_signed,/home/test/bupt_hjk/sdp_dataset/xrf55/wifi/02_23_09.npy,1000,float64,0.0,0.5127777777777778,0.5127777777777778,0.5112222222222222,1.0,1.0,0.17925703481259037,0.17925703481259037,True
bp_fs200_signed,/home/test/bupt_hjk/sdp_dataset/xrf55/wifi/02_23_10.npy,1000,float64,0.0,0.510662962962963,0.510662962962963,0.5107407407407407,1.0,1.0,0.18018018018018017,0.18018018018018017,True
bp_fs200_signed,/home/test/bupt_hjk/sdp_dataset/xrf55/wifi/02_23_11.npy,1000,float64,0.0,0.5143,0.5143,0.5140296296296296,1.0,1.0,0.17284321358395432,0.17284321358395432,True
bp_fs200_signed,/home/test/bupt_hjk/sdp_dataset/xrf55/wifi/02_23_12.npy,1000,float64,0.0,0.5062333333333333,0.5062333333333333,0.506562962962963,1.0,1.0,0.17692507322136952,0.17692507322136952,True
bp_fs200_signed,/home/test/bupt_hjk/sdp_dataset/xrf55/wifi/02_23_13.npy,1000,float64,0.0,0.5040407407407408,0.5040407407407408,0.5032,1.0,1.0,0.17825603381158936,0.17825603381158936,True
bp_fs200_signed,/home/test/bupt_hjk/sdp_dataset/xrf55/wifi/02_23_14.npy,1000,float64,0.0,0.5020814814814815,0.5020814814814815,0.5037185185185186,1.0,1.0,0.17147888629370112,0.17147888629370112,True
bp_fs200_signed,/home/test/bupt_hjk/sdp_dataset/xrf55/wifi/02_23_15.npy,1000,float64,0.0,0.5077851851851852,0.5077851851851852,0.508437037037037,1.0,1.0,0.16224372520668817,0.16224372520668817,True
bp_fs200_signed,/home/test/bupt_hjk/sdp_dataset/xrf55/wifi/02_23_16.npy,1000,float64,0.0,0.5038296296296296,0.5038296296296296,0.5040074074074075,1.0,1.0,0.1826863900937975,0.1826863900937975,True
bp_fs200_signed,/home/test/bupt_hjk/sdp_dataset/xrf55/wifi/02_23_17.npy,1000,float64,0.0,0.5072851851851852,0.5072851851851852,0.5062148148148148,1.0,1.0,0.17967226485745005,0.17967226485745005,True
bp_fs200_signed,/home/test/bupt_hjk/sdp_dataset/xrf55/wifi/02_23_18.npy,1000,float64,0.0,0.5096481481481482,0.5096481481481482,0.5099777777777778,1.0,1.0,0.17940162384606828,0.17940162384606828,True
bp_fs200_signed,/home/test/bupt_hjk/sdp_dataset/xrf55/wifi/02_23_19.npy,1000,float64,0.0,0.5114333333333333,0.5114333333333333,0.5134518518518518,1.0,1.0,0.16874281689096504,0.16874281689096504,True
bp_fs200_signed,/home/test/bupt_hjk/sdp_dataset/xrf55/wifi/02_23_20.npy,1000,float64,0.0,0.5082814814814814,0.5082814814814814,0.5076666666666667,1.0,1.0,0.17422607792978162,0.17422607792978162,True
bp_fs200_signed,/home/test/bupt_hjk/sdp_dataset/xrf55/wifi/02_24_01.npy,1000,float64,0.0,0.5157111111111111,0.5157111111111111,0.5160222222222223,1.0,1.0,0.14714714714714713,0.14714714714714713,True
bp_fs200_signed,/home/test/bupt_hjk/sdp_dataset/xrf55/wifi/02_24_02.npy,1000,float64,0.0,0.48757407407407405,0.48757407407407405,0.4886962962962963,1.0,1.0,0.10557594631668706,0.10557594631668706,True
bp_fs200_signed,/home/test/bupt_hjk/sdp_dataset/xrf55/wifi/02_24_03.npy,1000,float64,0.0,0.4785111111111111,0.4785111111111111,0.47775555555555554,1.0,1.0,0.10749638527416305,0.10749638527416305,True
bp_fs200_signed,/home/test/bupt_hjk/sdp_dataset/xrf55/wifi/02_24_04.npy,1000,float64,0.0,0.5048296296296296,0.5048296296296296,0.5048,1.0,1.0,0.11072554035516999,0.11072554035516999,True
bp_fs200_signed,/home/test/bupt_hjk/sdp_dataset/xrf55/wifi/02_24_05.npy,1000,float64,0.0,0.49795925925925927,0.49795925925925927,0.49821481481481483,1.0,1.0,0.11288696103510919,0.11288696103510919,True
bp_fs200_signed,/home/test/bupt_hjk/sdp_dataset/xrf55/wifi/02_24_06.npy,1000,float64,0.0,0.4986814814814815,0.4986814814814815,0.49945185185185187,1.0,1.0,0.10679939198457716,0.10679939198457716,True
bp_fs200_signed,/home/test/bupt_hjk/sdp_dataset/xrf55/wifi/02_24_07.npy,1000,float64,0.0,0.47621851851851854,0.47621851851851854,0.47774814814814814,1.0,1.0,0.1021614206799392,0.1021614206799392,True
bp_fs200_signed,/home/test/bupt_hjk/sdp_dataset/xrf55/wifi/02_24_08.npy,1000,float64,0.0,0.49321481481481483,0.49321481481481483,0.49405185185185185,1.0,1.0,0.11917102287472658,0.11917102287472658,True
bp_fs200_signed,/home/test/bupt_hjk/sdp_dataset/xrf55/wifi/02_24_09.npy,1000,float64,0.0,0.5011481481481481,0.5011481481481481,0.5026592592592593,1.0,1.0,0.1116894672450228,0.1116894672450228,True
bp_fs200_signed,/home/test/bupt_hjk/sdp_dataset/xrf55/wifi/02_24_10.npy,1000,float64,0.0,0.47754074074074077,0.47754074074074077,0.4789407407407407,1.0,1.0,0.10847143439736032,0.10847143439736032,True
bp_fs200_signed,/home/test/bupt_hjk/sdp_dataset/xrf55/wifi/02_24_11.npy,1000,float64,0.0,0.49193703703703706,0.49193703703703706,0.4928888888888889,1.0,1.0,0.13463463463463463,0.13463463463463463,True
bp_fs200_signed,/home/test/bupt_hjk/sdp_dataset/xrf55/wifi/02_24_12.npy,1000,float64,0.0,0.5029,0.5029,0.5033555555555556,1.0,1.0,0.10943906869832795,0.10943906869832795,True
bp_fs200_signed,/home/test/bupt_hjk/sdp_dataset/xrf55/wifi/02_24_13.npy,1000,float64,0.0,0.49348148148148147,0.49348148148148147,0.4948,1.0,1.0,0.11777332888443999,0.11777332888443999,True
bp_fs200_signed,/home/test/bupt_hjk/sdp_dataset/xrf55/wifi/02_24_14.npy,1000,float64,0.0,0.4967185185185185,0.4967185185185185,0.4974222222222222,1.0,1.0,0.10843065287509732,0.10843065287509732,True
bp_fs200_signed,/home/test/bupt_hjk/sdp_dataset/xrf55/wifi/02_24_15.npy,1000,float64,0.0,0.49186296296296295,0.49186296296296295,0.4918444444444444,1.0,1.0,0.10309568828087347,0.10309568828087347,True
bp_fs200_signed,/home/test/bupt_hjk/sdp_dataset/xrf55/wifi/02_24_16.npy,1000,float64,0.0,0.4854148148148148,0.4854148148148148,0.48694814814814813,1.0,1.0,0.10464167871575279,0.10464167871575279,True
bp_fs200_signed,/home/test/bupt_hjk/sdp_dataset/xrf55/wifi/02_24_17.npy,1000,float64,0.0,0.4886814814814815,0.4886814814814815,0.4885481481481482,1.0,1.0,0.11421792162532904,0.11421792162532904,True
bp_fs200_signed,/home/test/bupt_hjk/sdp_dataset/xrf55/wifi/02_24_18.npy,1000,float64,0.0,0.4902037037037037,0.4902037037037037,0.49074814814814816,1.0,1.0,0.10537945352760168,0.10537945352760168,True
bp_fs200_signed,/home/test/bupt_hjk/sdp_dataset/xrf55/wifi/02_24_19.npy,1000,float64,0.0,0.4930703703703704,0.4930703703703704,0.4945925925925926,1.0,1.0,0.11206391576761947,0.11206391576761947,True
bp_fs200_signed,/home/test/bupt_hjk/sdp_dataset/xrf55/wifi/02_24_20.npy,1000,float64,0.0,0.4958222222222222,0.4958222222222222,0.4948888888888889,1.0,1.0,0.11015089163237311,0.11015089163237311,True
bp_fs200_signed,/home/test/bupt_hjk/sdp_dataset/xrf55/wifi/02_25_01.npy,1000,float64,0.0,0.4934037037037037,0.4934037037037037,0.49361481481481484,1.0,1.0,0.20443406369332295,0.20443406369332295,True
bp_fs200_signed,/home/test/bupt_hjk/sdp_dataset/xrf55/wifi/02_25_02.npy,1000,float64,0.0,0.48944074074074073,0.48944074074074073,0.4904074074074074,1.0,1.0,0.18936343751158566,0.18936343751158566,True
bp_fs200_signed,/home/test/bupt_hjk/sdp_dataset/xrf55/wifi/02_25_03.npy,1000,float64,0.0,0.48895925925925926,0.48895925925925926,0.4882666666666667,1.0,1.0,0.19594779965150336,0.19594779965150336,True
bp_fs200_signed,/home/test/bupt_hjk/sdp_dataset/xrf55/wifi/02_25_04.npy,1000,float64,0.0,0.4979925925925926,0.4979925925925926,0.49996296296296294,1.0,1.0,0.20250991732473214,0.20250991732473214,True
bp_fs200_signed,/home/test/bupt_hjk/sdp_dataset/xrf55/wifi/02_25_05.npy,1000,float64,0.0,0.5034481481481482,0.5034481481481482,0.5076444444444445,1.0,1.0,0.20315871426982537,0.20315871426982537,True
bp_fs200_signed,/home/test/bupt_hjk/sdp_dataset/xrf55/wifi/02_25_06.npy,1000,float64,0.0,0.4900185185185185,0.4900185185185185,0.4900074074074074,1.0,1.0,0.19315982649315983,0.19315982649315983,True
bp_fs200_signed,/home/test/bupt_hjk/sdp_dataset/xrf55/wifi/02_25_07.npy,1000,float64,0.0,0.49966666666666665,0.49966666666666665,0.4995037037037037,1.0,1.0,0.20628035442850257,0.20628035442850257,True
bp_fs200_signed,/home/test/bupt_hjk/sdp_dataset/xrf55/wifi/02_25_08.npy,1000,float64,0.0,0.49625185185185183,0.49625185185185183,0.49391851851851853,1.0,1.0,0.20547213880547213,0.20547213880547213,True
bp_fs200_signed,/home/test/bupt_hjk/sdp_dataset/xrf55/wifi/02_25_09.npy,1000,float64,0.0,0.5023,0.5023,0.5013185185185185,1.0,1.0,0.2122122122122122,0.2122122122122122,True
bp_fs200_signed,/home/test/bupt_hjk/sdp_dataset/xrf55/wifi/02_25_10.npy,1000,float64,0.0,0.4986555555555556,0.4986555555555556,0.49792592592592594,1.0,1.0,0.20849738627516406,0.20849738627516406,True
bp_fs200_signed,/home/test/bupt_hjk/sdp_dataset/xrf55/wifi/02_25_11.npy,1000,float64,0.0,0.49453703703703705,0.49453703703703705,0.49574074074074076,1.0,1.0,0.18529270010751492,0.18529270010751492,True
bp_fs200_signed,/home/test/bupt_hjk/sdp_dataset/xrf55/wifi/02_25_12.npy,1000,float64,0.0,0.4967185185185185,0.4967185185185185,0.4954296296296296,1.0,1.0,0.18303488673859045,0.18303488673859045,True
bp_fs200_signed,/home/test/bupt_hjk/sdp_dataset/xrf55/wifi/02_25_13.npy,1000,float64,0.0,0.4898148148148148,0.4898148148148148,0.49062222222222224,1.0,1.0,0.1695176658139621,0.1695176658139621,True
bp_fs200_signed,/home/test/bupt_hjk/sdp_dataset/xrf55/wifi/02_25_14.npy,1000,float64,0.0,0.4973037037037037,0.4973037037037037,0.49755555555555553,1.0,1.0,0.18550031512994475,0.18550031512994475,True
bp_fs200_signed,/home/test/bupt_hjk/sdp_dataset/xrf55/wifi/02_25_15.npy,1000,float64,0.0,0.4921333333333333,0.4921333333333333,0.4922888888888889,1.0,1.0,0.1858302747191636,0.1858302747191636,True
bp_fs200_signed,/home/test/bupt_hjk/sdp_dataset/xrf55/wifi/02_25_16.npy,1000,float64,0.0,0.4858148148148148,0.4858148148148148,0.48636296296296294,1.0,1.0,0.16183961739517294,0.16183961739517294,True
bp_fs200_signed,/home/test/bupt_hjk/sdp_dataset/xrf55/wifi/02_25_17.npy,1000,float64,0.0,0.506325925925926,0.506325925925926,0.5061333333333333,1.0,1.0,0.15293441589737886,0.15293441589737886,True
bp_fs200_signed,/home/test/bupt_hjk/sdp_dataset/xrf55/wifi/02_25_18.npy,1000,float64,0.0,0.4971888888888889,0.4971888888888889,0.49791111111111114,1.0,1.0,0.15505505505505507,0.15505505505505507,True
bp_fs200_signed,/home/test/bupt_hjk/sdp_dataset/xrf55/wifi/02_25_19.npy,1000,float64,0.0,0.49722222222222223,0.49722222222222223,0.49674814814814816,1.0,1.0,0.1559040522003485,0.1559040522003485,True
bp_fs200_signed,/home/test/bupt_hjk/sdp_dataset/xrf55/wifi/02_25_20.npy,1000,float64,0.0,0.4980222222222222,0.4980222222222222,0.49906666666666666,1.0,1.0,0.1568049531012494,0.1568049531012494,True
bp_fs200_signed,/home/test/bupt_hjk/sdp_dataset/xrf55/wifi/02_26_01.npy,1000,float64,0.0,0.5098111111111111,0.5098111111111111,0.5102814814814814,1.0,1.0,0.18077336595855115,0.18077336595855115,True
bp_fs200_signed,/home/test/bupt_hjk/sdp_dataset/xrf55/wifi/02_26_02.npy,1000,float64,0.0,0.5086037037037037,0.5086037037037037,0.508237037037037,1.0,1.0,0.18446224001779557,0.18446224001779557,True
bp_fs200_signed,/home/test/bupt_hjk/sdp_dataset/xrf55/wifi/02_26_03.npy,1000,float64,0.0,0.5027148148148148,0.5027148148148148,0.5032222222222222,1.0,1.0,0.17378489600711822,0.17378489600711822,True
bp_fs200_signed,/home/test/bupt_hjk/sdp_dataset/xrf55/wifi/02_26_04.npy,1000,float64,0.0,0.5106185185185185,0.5106185185185185,0.5118148148148148,1.0,1.0,0.1877877877877878,0.1877877877877878,True
bp_fs200_signed,/home/test/bupt_hjk/sdp_dataset/xrf55/wifi/02_26_05.npy,1000,float64,0.0,0.5028333333333334,0.5028333333333334,0.5032962962962962,1.0,1.0,0.19853186519853186,0.19853186519853186,True
bp_fs200_signed,/home/test/bupt_hjk/sdp_dataset/xrf55/wifi/02_26_06.npy,1000,float64,0.0,0.5054,0.5054,0.5056592592592593,1.0,1.0,0.20051533014495979,0.20051533014495979,True
bp_fs200_signed,/home/test/bupt_hjk/sdp_dataset/xrf55/wifi/02_26_07.npy,1000,float64,0.0,0.5007148148148148,0.5007148148148148,0.5013407407407408,1.0,1.0,0.19654840025210396,0.19654840025210396,True
bp_fs200_signed,/home/test/bupt_hjk/sdp_dataset/xrf55/wifi/02_26_08.npy,1000,float64,0.0,0.49698148148148147,0.49698148148148147,0.4981481481481482,1.0,1.0,0.18366885403922442,0.18366885403922442,True
bp_fs200_signed,/home/test/bupt_hjk/sdp_dataset/xrf55/wifi/02_26_09.npy,1000,float64,0.0,0.5039555555555556,0.5039555555555556,0.5026814814814815,1.0,1.0,0.1886516145775405,0.1886516145775405,True
bp_fs200_signed,/home/test/bupt_hjk/sdp_dataset/xrf55/wifi/02_26_10.npy,1000,float64,0.0,0.503437037037037,0.503437037037037,0.5020444444444444,1.0,1.0,0.18530382234085938,0.18530382234085938,True
bp_fs200_signed,/home/test/bupt_hjk/sdp_dataset/xrf55/wifi/02_26_11.npy,1000,float64,0.0,0.5007333333333334,0.5007333333333334,0.5029185185185185,1.0,1.0,0.19120231342453564,0.19120231342453564,True
bp_fs200_signed,/home/test/bupt_hjk/sdp_dataset/xrf55/wifi/02_26_12.npy,1000,float64,0.0,0.5003777777777778,0.5003777777777778,0.5003703703703704,1.0,1.0,0.1907574240907574,0.1907574240907574,True
bp_fs200_signed,/home/test/bupt_hjk/sdp_dataset/xrf55/wifi/02_26_13.npy,1000,float64,0.0,0.5024407407407407,0.5024407407407407,0.5022444444444445,1.0,1.0,0.1896081266451637,0.1896081266451637,True
bp_fs200_signed,/home/test/bupt_hjk/sdp_dataset/xrf55/wifi/02_26_14.npy,1000,float64,0.0,0.49377777777777776,0.49377777777777776,0.4948,1.0,1.0,0.18902235568902234,0.18902235568902234,True
bp_fs200_signed,/home/test/bupt_hjk/sdp_dataset/xrf55/wifi/02_26_15.npy,1000,float64,0.0,0.4971925925925926,0.4971925925925926,0.4981037037037037,1.0,1.0,0.19816853890927966,0.19816853890927966,True
bp_fs200_signed,/home/test/bupt_hjk/sdp_dataset/xrf55/wifi/02_26_16.npy,1000,float64,0.0,0.4935259259259259,0.4935259259259259,0.4924296296296296,1.0,1.0,0.20012605197790384,0.20012605197790384,True
bp_fs200_signed,/home/test/bupt_hjk/sdp_dataset/xrf55/wifi/02_26_17.npy,1000,float64,0.0,0.4953,0.4953,0.49606666666666666,1.0,1.0,0.2030178326474623,0.2030178326474623,True
bp_fs200_signed,/home/test/bupt_hjk/sdp_dataset/xrf55/wifi/02_26_18.npy,1000,float64,0.0,0.5083851851851852,0.5083851851851852,0.5108444444444444,1.0,1.0,0.19738998257516777,0.19738998257516777,True
bp_fs200_signed,/home/test/bupt_hjk/sdp_dataset/xrf55/wifi/02_26_19.npy,1000,float64,0.0,0.5021629629629629,0.5021629629629629,0.5019851851851852,1.0,1.0,0.18510362214065917,0.18510362214065917,True
bp_fs200_signed,/home/test/bupt_hjk/sdp_dataset/xrf55/wifi/02_26_20.npy,1000,float64,0.0,0.5117851851851852,0.5117851851851852,0.5097111111111111,1.0,1.0,0.19248137025914805,0.19248137025914805,True
bp_fs200_signed,/home/test/bupt_hjk/sdp_dataset/xrf55/wifi/02_27_01.npy,1000,float64,0.0,0.4923592592592593,0.4923592592592593,0.4925777777777778,1.0,1.0,0.14837430022615208,0.14837430022615208,True
bp_fs200_signed,/home/test/bupt_hjk/sdp_dataset/xrf55/wifi/02_27_02.npy,1000,float64,0.0,0.49405925925925925,0.49405925925925925,0.4948592592592593,1.0,1.0,0.14504875245615986,0.14504875245615986,True
bp_fs200_signed,/home/test/bupt_hjk/sdp_dataset/xrf55/wifi/02_27_03.npy,1000,float64,0.0,0.506225925925926,0.506225925925926,0.5066,1.0,1.0,0.13673673673673672,0.13673673673673672,True
bp_fs200_signed,/home/test/bupt_hjk/sdp_dataset/xrf55/wifi/02_27_04.npy,1000,float64,0.0,0.4902259259259259,0.4902259259259259,0.4900962962962963,1.0,1.0,0.15451748044340638,0.15451748044340638,True
bp_fs200_signed,/home/test/bupt_hjk/sdp_dataset/xrf55/wifi/02_27_05.npy,1000,float64,0.0,0.4943074074074074,0.4943074074074074,0.4947185185185185,1.0,1.0,0.15964483001520038,0.15964483001520038,True
bp_fs200_signed,/home/test/bupt_hjk/sdp_dataset/xrf55/wifi/02_27_06.npy,1000,float64,0.0,0.49363703703703704,0.49363703703703704,0.4931259259259259,1.0,1.0,0.16049011974937902,0.16049011974937902,True
bp_fs200_signed,/home/test/bupt_hjk/sdp_dataset/xrf55/wifi/02_27_07.npy,1000,float64,0.0,0.49395185185185186,0.49395185185185186,0.49322962962962963,1.0,1.0,0.15371297223149075,0.15371297223149075,True
bp_fs200_signed,/home/test/bupt_hjk/sdp_dataset/xrf55/wifi/02_27_08.npy,1000,float64,0.0,0.5010259259259259,0.5010259259259259,0.5009703703703704,1.0,1.0,0.14893041189337486,0.14893041189337486,True
bp_fs200_signed,/home/test/bupt_hjk/sdp_dataset/xrf55/wifi/02_27_09.npy,1000,float64,0.0,0.4958148148148148,0.4958148148148148,0.4965851851851852,1.0,1.0,0.14490416342268195,0.14490416342268195,True
bp_fs200_signed,/home/test/bupt_hjk/sdp_dataset/xrf55/wifi/02_27_10.npy,1000,float64,0.0,0.4929222222222222,0.4929222222222222,0.4928962962962963,1.0,1.0,0.16513921328736145,0.16513921328736145,True
bp_fs200_signed,/home/test/bupt_hjk/sdp_dataset/xrf55/wifi/02_27_11.npy,1000,float64,0.0,0.500437037037037,0.500437037037037,0.5001703703703704,1.0,1.0,0.15753160567975383,0.15753160567975383,True
bp_fs200_signed,/home/test/bupt_hjk/sdp_dataset/xrf55/wifi/02_27_12.npy,1000,float64,0.0,0.4961740740740741,0.4961740740740741,0.49677037037037036,1.0,1.0,0.15284543803062323,0.15284543803062323,True
bp_fs200_signed,/home/test/bupt_hjk/sdp_dataset/xrf55/wifi/02_27_13.npy,1000,float64,0.0,0.4913592592592593,0.4913592592592593,0.49223703703703703,1.0,1.0,0.13529084640195752,0.13529084640195752,True
bp_fs200_signed,/home/test/bupt_hjk/sdp_dataset/xrf55/wifi/02_27_14.npy,1000,float64,0.0,0.4943925925925926,0.4943925925925926,0.4946962962962963,1.0,1.0,0.16228450672895117,0.16228450672895117,True
bp_fs200_signed,/home/test/bupt_hjk/sdp_dataset/xrf55/wifi/02_27_15.npy,1000,float64,0.0,0.49822222222222223,0.49822222222222223,0.4968740740740741,1.0,1.0,0.15740184629073517,0.15740184629073517,True
bp_fs200_signed,/home/test/bupt_hjk/sdp_dataset/xrf55/wifi/02_27_16.npy,1000,float64,0.0,0.49974444444444444,0.49974444444444444,0.5009777777777777,1.0,1.0,0.1439773106439773,0.1439773106439773,True
bp_fs200_signed,/home/test/bupt_hjk/sdp_dataset/xrf55/wifi/02_27_17.npy,1000,float64,0.0,0.49663703703703704,0.49663703703703704,0.4961703703703704,1.0,1.0,0.15789493196900603,0.15789493196900603,True
bp_fs200_signed,/home/test/bupt_hjk/sdp_dataset/xrf55/wifi/02_27_18.npy,1000,float64,0.0,0.49677037037037036,0.49677037037037036,0.4968518518518519,1.0,1.0,0.14158603047491936,0.14158603047491936,True
bp_fs200_signed,/home/test/bupt_hjk/sdp_dataset/xrf55/wifi/02_27_19.npy,1000,float64,0.0,0.4834259259259259,0.4834259259259259,0.4833777777777778,1.0,1.0,0.13901679457235014,0.13901679457235014,True
bp_fs200_signed,/home/test/bupt_hjk/sdp_dataset/xrf55/wifi/02_27_20.npy,1000,float64,0.0,0.49115925925925924,0.49115925925925924,0.4898962962962963,1.0,1.0,0.1486783079375672,0.1486783079375672,True
bp_fs200_signed,/home/test/bupt_hjk/sdp_dataset/xrf55/wifi/02_28_01.npy,1000,float64,0.0,0.49235555555555555,0.49235555555555555,0.4923037037037037,1.0,1.0,0.12745337930523115,0.12745337930523115,True
bp_fs200_signed,/home/test/bupt_hjk/sdp_dataset/xrf55/wifi/02_28_02.npy,1000,float64,0.0,0.497337037037037,0.497337037037037,0.49876296296296296,1.0,1.0,0.10067474882289697,0.10067474882289697,True
bp_fs200_signed,/home/test/bupt_hjk/sdp_dataset/xrf55/wifi/02_28_03.npy,1000,float64,0.0,0.494562962962963,0.494562962962963,0.4946814814814815,1.0,1.0,0.1072442813183554,0.1072442813183554,True
bp_fs200_signed,/home/test/bupt_hjk/sdp_dataset/xrf55/wifi/02_28_04.npy,1000,float64,0.0,0.4948925925925926,0.4948925925925926,0.4945925925925926,1.0,1.0,0.11162273384495607,0.11162273384495607,True
bp_fs200_signed,/home/test/bupt_hjk/sdp_dataset/xrf55/wifi/02_28_05.npy,1000,float64,0.0,0.4855703703703704,0.4855703703703704,0.4866962962962963,1.0,1.0,0.10269528788047307,0.10269528788047307,True
bp_fs200_signed,/home/test/bupt_hjk/sdp_dataset/xrf55/wifi/02_28_06.npy,1000,float64,0.0,0.4904925925925926,0.4904925925925926,0.4905407407407407,1.0,1.0,0.09848366885403922,0.09848366885403922,True
bp_fs200_signed,/home/test/bupt_hjk/sdp_dataset/xrf55/wifi/02_28_07.npy,1000,float64,0.0,0.4928074074074074,0.4928074074074074,0.4928074074074074,1.0,1.0,0.11977162347532717,0.11977162347532717,True
bp_fs200_signed,/home/test/bupt_hjk/sdp_dataset/xrf55/wifi/02_28_08.npy,1000,float64,0.0,0.4804481481481481,0.4804481481481481,0.48103703703703704,1.0,1.0,0.11789938086234382,0.11789938086234382,True
bp_fs200_signed,/home/test/bupt_hjk/sdp_dataset/xrf55/wifi/02_28_09.npy,1000,float64,0.0,0.49946666666666667,0.49946666666666667,0.49964444444444445,1.0,1.0,0.11732473213954696,0.11732473213954696,True
bp_fs200_signed,/home/test/bupt_hjk/sdp_dataset/xrf55/wifi/02_28_10.npy,1000,float64,0.0,0.4960333333333333,0.4960333333333333,0.4958814814814815,1.0,1.0,0.12925147369591813,0.12925147369591813,True
bp_fs200_signed,/home/test/bupt_hjk/sdp_dataset/xrf55/wifi/02_28_11.npy,1000,float64,0.0,0.4961851851851852,0.4961851851851852,0.4955407407407407,1.0,1.0,0.12230378526674823,0.12230378526674823,True
bp_fs200_signed,/home/test/bupt_hjk/sdp_dataset/xrf55/wifi/02_28_12.npy,1000,float64,0.0,0.48944814814814813,0.48944814814814813,0.48947407407407406,1.0,1.0,0.11335409483557632,0.11335409483557632,True
bp_fs200_signed,/home/test/bupt_hjk/sdp_dataset/xrf55/wifi/02_28_13.npy,1000,float64,0.0,0.4961,0.4961,0.4952,1.0,1.0,0.11142624105587069,0.11142624105587069,True
bp_fs200_signed,/home/test/bupt_hjk/sdp_dataset/xrf55/wifi/02_28_14.npy,1000,float64,0.0,0.5017666666666667,0.5017666666666667,0.5019851851851852,1.0,1.0,0.12158454751047344,0.12158454751047344,True
bp_fs200_signed,/home/test/bupt_hjk/sdp_dataset/xrf55/wifi/02_28_15.npy,1000,float64,0.0,0.48912962962962964,0.48912962962962964,0.4898962962962963,1.0,1.0,0.11341712082452823,0.11341712082452823,True
bp_fs200_signed,/home/test/bupt_hjk/sdp_dataset/xrf55/wifi/02_28_16.npy,1000,float64,0.0,0.48463333333333336,0.48463333333333336,0.48531111111111114,1.0,1.0,0.11404738071404738,0.11404738071404738,True
bp_fs200_signed,/home/test/bupt_hjk/sdp_dataset/xrf55/wifi/02_28_17.npy,1000,float64,0.0,0.49331851851851855,0.49331851851851855,0.4946888888888889,1.0,1.0,0.11534126719311905,0.11534126719311905,True
bp_fs200_signed,/home/test/bupt_hjk/sdp_dataset/xrf55/wifi/02_28_18.npy,1000,float64,0.0,0.49624074074074076,0.49624074074074076,0.497,1.0,1.0,0.1219775330886442,0.1219775330886442,True
bp_fs200_signed,/home/test/bupt_hjk/sdp_dataset/xrf55/wifi/02_28_19.npy,1000,float64,0.0,0.4984222222222222,0.4984222222222222,0.49867407407407405,1.0,1.0,0.11868905942980017,0.11868905942980017,True
bp_fs200_signed,/home/test/bupt_hjk/sdp_dataset/xrf55/wifi/02_28_20.npy,1000,float64,0.0,0.49843333333333334,0.49843333333333334,0.4988814814814815,1.0,1.0,0.1189559930300671,0.1189559930300671,True
bp_fs200_signed,/home/test/bupt_hjk/sdp_dataset/xrf55/wifi/02_29_01.npy,1000,float64,0.0,0.49545925925925927,0.49545925925925927,0.4981925925925926,1.0,1.0,0.18046935824713603,0.18046935824713603,True
bp_fs200_signed,/home/test/bupt_hjk/sdp_dataset/xrf55/wifi/02_29_02.npy,1000,float64,0.0,0.49944444444444447,0.49944444444444447,0.4995777777777778,1.0,1.0,0.16932117302487673,0.16932117302487673,True
bp_fs200_signed,/home/test/bupt_hjk/sdp_dataset/xrf55/wifi/02_29_03.npy,1000,float64,0.0,0.503862962962963,0.503862962962963,0.5046814814814815,1.0,1.0,0.1569272976680384,0.1569272976680384,True
bp_fs200_signed,/home/test/bupt_hjk/sdp_dataset/xrf55/wifi/02_29_04.npy,1000,float64,0.0,0.5039074074074074,0.5039074074074074,0.5027555555555555,1.0,1.0,0.1671931190449709,0.1671931190449709,True
bp_fs200_signed,/home/test/bupt_hjk/sdp_dataset/xrf55/wifi/02_29_05.npy,1000,float64,0.0,0.5088407407407407,0.5088407407407407,0.5107777777777778,1.0,1.0,0.17874911948986022,0.17874911948986022,True
bp_fs200_signed,/home/test/bupt_hjk/sdp_dataset/xrf55/wifi/02_29_06.npy,1000,float64,0.0,0.5077074074074074,0.5077074074074074,0.5073333333333333,1.0,1.0,0.1788232677121566,0.1788232677121566,True
bp_fs200_signed,/home/test/bupt_hjk/sdp_dataset/xrf55/wifi/02_29_07.npy,1000,float64,0.0,0.5015074074074074,0.5015074074074074,0.5019185185185185,1.0,1.0,0.17212768323879435,0.17212768323879435,True
bp_fs200_signed,/home/test/bupt_hjk/sdp_dataset/xrf55/wifi/02_29_08.npy,1000,float64,0.0,0.4963592592592593,0.4963592592592593,0.49622222222222223,1.0,1.0,0.16888369851332816,0.16888369851332816,True
bp_fs200_signed,/home/test/bupt_hjk/sdp_dataset/xrf55/wifi/02_29_09.npy,1000,float64,0.0,0.5046851851851852,0.5046851851851852,0.5050074074074075,1.0,1.0,0.17418900381863345,0.17418900381863345,True
bp_fs200_signed,/home/test/bupt_hjk/sdp_dataset/xrf55/wifi/02_29_10.npy,1000,float64,0.0,0.4965074074074074,0.4965074074074074,0.49544444444444447,1.0,1.0,0.1827642457272087,0.1827642457272087,True
bp_fs200_signed,/home/test/bupt_hjk/sdp_dataset/xrf55/wifi/02_29_11.npy,1000,float64,0.0,0.4925888888888889,0.4925888888888889,0.49143703703703706,1.0,1.0,0.16113150187224262,0.16113150187224262,True
bp_fs200_signed,/home/test/bupt_hjk/sdp_dataset/xrf55/wifi/02_29_12.npy,1000,float64,0.0,0.5038185185185186,0.5038185185185186,0.5031925925925926,1.0,1.0,0.1713528343157973,0.1713528343157973,True
bp_fs200_signed,/home/test/bupt_hjk/sdp_dataset/xrf55/wifi/02_29_13.npy,1000,float64,0.0,0.5019259259259259,0.5019259259259259,0.5029111111111111,1.0,1.0,0.1801060319578838,0.1801060319578838,True
bp_fs200_signed,/home/test/bupt_hjk/sdp_dataset/xrf55/wifi/02_29_14.npy,1000,float64,0.0,0.4985925925925926,0.4985925925925926,0.5008814814814815,1.0,1.0,0.1782041300559819,0.1782041300559819,True
bp_fs200_signed,/home/test/bupt_hjk/sdp_dataset/xrf55/wifi/02_29_15.npy,1000,float64,0.0,0.5100888888888889,0.5100888888888889,0.5107407407407407,1.0,1.0,0.17703258814369927,0.17703258814369927,True
bp_fs200_signed,/home/test/bupt_hjk/sdp_dataset/xrf55/wifi/02_29_16.npy,1000,float64,0.0,0.49696296296296294,0.49696296296296294,0.49614814814814817,1.0,1.0,0.18003929855781708,0.18003929855781708,True
bp_fs200_signed,/home/test/bupt_hjk/sdp_dataset/xrf55/wifi/02_29_17.npy,1000,float64,0.0,0.49912222222222224,0.49912222222222224,0.4980962962962963,1.0,1.0,0.17478960441923405,0.17478960441923405,True
bp_fs200_signed,/home/test/bupt_hjk/sdp_dataset/xrf55/wifi/02_29_18.npy,1000,float64,0.0,0.4974037037037037,0.4974037037037037,0.49767407407407405,1.0,1.0,0.18189300411522633,0.18189300411522633,True
bp_fs200_signed,/home/test/bupt_hjk/sdp_dataset/xrf55/wifi/02_29_19.npy,1000,float64,0.0,0.49823703703703703,0.49823703703703703,0.49925925925925924,1.0,1.0,0.18471434397360323,0.18471434397360323,True
bp_fs200_signed,/home/test/bupt_hjk/sdp_dataset/xrf55/wifi/02_29_20.npy,1000,float64,0.0,0.49466296296296297,0.49466296296296297,0.4942666666666667,1.0,1.0,0.16183961739517294,0.16183961739517294,True
bp_fs200_signed,/home/test/bupt_hjk/sdp_dataset/xrf55/wifi/02_30_01.npy,1000,float64,0.0,0.4904703703703704,0.4904703703703704,0.48886666666666667,1.0,1.0,0.16920624328031736,0.16920624328031736,True
bp_fs200_signed,/home/test/bupt_hjk/sdp_dataset/xrf55/wifi/02_30_02.npy,1000,float64,0.0,0.49845925925925927,0.49845925925925927,0.49805925925925926,1.0,1.0,0.16829051273495718,0.16829051273495718,True
bp_fs200_signed,/home/test/bupt_hjk/sdp_dataset/xrf55/wifi/02_30_03.npy,1000,float64,0.0,0.4985925925925926,0.4985925925925926,0.4995037037037037,1.0,1.0,0.1715938160382605,0.1715938160382605,True
bp_fs200_signed,/home/test/bupt_hjk/sdp_dataset/xrf55/wifi/02_30_04.npy,1000,float64,0.0,0.5017777777777778,0.5017777777777778,0.503437037037037,1.0,1.0,0.16562859155451748,0.16562859155451748,True
bp_fs200_signed,/home/test/bupt_hjk/sdp_dataset/xrf55/wifi/02_30_05.npy,1000,float64,0.0,0.5071962962962963,0.5071962962962963,0.5061703703703704,1.0,1.0,0.15793571349126906,0.15793571349126906,True
bp_fs200_signed,/home/test/bupt_hjk/sdp_dataset/xrf55/wifi/02_30_06.npy,1000,float64,0.0,0.4990777777777778,0.4990777777777778,0.5005333333333334,1.0,1.0,0.1601490379268157,0.1601490379268157,True
bp_fs200_signed,/home/test/bupt_hjk/sdp_dataset/xrf55/wifi/02_30_07.npy,1000,float64,0.0,0.49685555555555555,0.49685555555555555,0.4968666666666667,1.0,1.0,0.16025284543803062,0.16025284543803062,True
bp_fs200_signed,/home/test/bupt_hjk/sdp_dataset/xrf55/wifi/02_30_08.npy,1000,float64,0.0,0.5079259259259259,0.5079259259259259,0.5074148148148148,1.0,1.0,0.16728951173395618,0.16728951173395618,True
bp_fs200_signed,/home/test/bupt_hjk/sdp_dataset/xrf55/wifi/02_30_09.npy,1000,float64,0.0,0.4983518518518519,0.4983518518518519,0.498562962962963,1.0,1.0,0.1654098542987432,0.1654098542987432,True
bp_fs200_signed,/home/test/bupt_hjk/sdp_dataset/xrf55/wifi/02_30_10.npy,1000,float64,0.0,0.5049925925925925,0.5049925925925925,0.5063185185185185,1.0,1.0,0.15038742446149853,0.15038742446149853,True
bp_fs200_signed,/home/test/bupt_hjk/sdp_dataset/xrf55/wifi/02_30_11.npy,1000,float64,0.0,0.49355185185185185,0.49355185185185185,0.49265925925925924,1.0,1.0,0.17757016275534793,0.17757016275534793,True
bp_fs200_signed,/home/test/bupt_hjk/sdp_dataset/xrf55/wifi/02_30_12.npy,1000,float64,0.0,0.4995888888888889,0.4995888888888889,0.5006074074074074,1.0,1.0,0.17184591999406815,0.17184591999406815,True
bp_fs200_signed,/home/test/bupt_hjk/sdp_dataset/xrf55/wifi/02_30_13.npy,1000,float64,0.0,0.5053962962962963,0.5053962962962963,0.5058444444444444,1.0,1.0,0.16364141919697475,0.16364141919697475,True
bp_fs200_signed,/home/test/bupt_hjk/sdp_dataset/xrf55/wifi/02_30_14.npy,1000,float64,0.0,0.5068,0.5068,0.5062814814814814,1.0,1.0,0.1608312015719423,0.1608312015719423,True
bp_fs200_signed,/home/test/bupt_hjk/sdp_dataset/xrf55/wifi/02_30_15.npy,1000,float64,0.0,0.4944777777777778,0.4944777777777778,0.49391851851851853,1.0,1.0,0.171256441626812,0.171256441626812,True
bp_fs200_signed,/home/test/bupt_hjk/sdp_dataset/xrf55/wifi/02_30_16.npy,1000,float64,0.0,0.5032222222222222,0.5032222222222222,0.5023333333333333,1.0,1.0,0.1571497423349275,0.1571497423349275,True
bp_fs200_signed,/home/test/bupt_hjk/sdp_dataset/xrf55/wifi/02_30_17.npy,1000,float64,0.0,0.4936740740740741,0.4936740740740741,0.49217777777777777,1.0,1.0,0.17209431653876098,0.17209431653876098,True
bp_fs200_signed,/home/test/bupt_hjk/sdp_dataset/xrf55/wifi/02_30_18.npy,1000,float64,0.0,0.5007481481481482,0.5007481481481482,0.501762962962963,1.0,1.0,0.17296185073962853,0.17296185073962853,True
bp_fs200_signed,/home/test/bupt_hjk/sdp_dataset/xrf55/wifi/02_30_19.npy,1000,float64,0.0,0.493062962962963,0.493062962962963,0.4935925925925926,1.0,1.0,0.15952248544841138,0.15952248544841138,True
bp_fs200_signed,/home/test/bupt_hjk/sdp_dataset/xrf55/wifi/02_30_20.npy,1000,float64,0.0,0.5052629629629629,0.5052629629629629,0.5056592592592593,1.0,1.0,0.1585437289140993,0.1585437289140993,True
bp_fs200_signed,/home/test/bupt_hjk/sdp_dataset/xrf55/wifi/02_31_01.npy,1000,float64,0.0,0.5008518518518519,0.5008518518518519,0.5002888888888889,1.0,1.0,0.20328847365884403,0.20328847365884403,True
bp_fs200_signed,/home/test/bupt_hjk/sdp_dataset/xrf55/wifi/02_31_02.npy,1000,float64,0.0,0.5025333333333334,0.5025333333333334,0.5015851851851851,1.0,1.0,0.19798687576465354,0.19798687576465354,True
bp_fs200_signed,/home/test/bupt_hjk/sdp_dataset/xrf55/wifi/02_31_03.npy,1000,float64,0.0,0.5007370370370371,0.5007370370370371,0.4998148148148148,1.0,1.0,0.18914470025581137,0.18914470025581137,True
bp_fs200_signed,/home/test/bupt_hjk/sdp_dataset/xrf55/wifi/02_31_04.npy,1000,float64,0.0,0.5047592592592592,0.5047592592592592,0.5045259259259259,1.0,1.0,0.19422756089422757,0.19422756089422757,True
bp_fs200_signed,/home/test/bupt_hjk/sdp_dataset/xrf55/wifi/02_31_05.npy,1000,float64,0.0,0.5052851851851852,0.5052851851851852,0.504762962962963,1.0,1.0,0.2032810588366144,0.2032810588366144,True
bp_fs200_signed,/home/test/bupt_hjk/sdp_dataset/xrf55/wifi/02_31_06.npy,1000,float64,0.0,0.49872222222222223,0.49872222222222223,0.4980962962962963,1.0,1.0,0.20535350164979796,0.20535350164979796,True
bp_fs200_signed,/home/test/bupt_hjk/sdp_dataset/xrf55/wifi/02_31_07.npy,1000,float64,0.0,0.5003592592592593,0.5003592592592593,0.5009555555555556,1.0,1.0,0.21002113224335447,0.21002113224335447,True
bp_fs200_signed,/home/test/bupt_hjk/sdp_dataset/xrf55/wifi/02_31_08.npy,1000,float64,0.0,0.5012148148148148,0.5012148148148148,0.5016666666666667,1.0,1.0,0.2172172172172172,0.2172172172172172,True
bp_fs200_signed,/home/test/bupt_hjk/sdp_dataset/xrf55/wifi/02_31_09.npy,1000,float64,0.0,0.5023111111111112,0.5023111111111112,0.5025037037037037,1.0,1.0,0.21157824491157826,0.21157824491157826,True
bp_fs200_signed,/home/test/bupt_hjk/sdp_dataset/xrf55/wifi/02_31_10.npy,1000,float64,0.0,0.49334814814814815,0.49334814814814815,0.4921333333333333,1.0,1.0,0.19410521632743855,0.19410521632743855,True
bp_fs200_signed,/home/test/bupt_hjk/sdp_dataset/xrf55/wifi/02_31_11.npy,1000,float64,0.0,0.5055259259259259,0.5055259259259259,0.5048,1.0,1.0,0.19029399770140512,0.19029399770140512,True
bp_fs200_signed,/home/test/bupt_hjk/sdp_dataset/xrf55/wifi/02_31_12.npy,1000,float64,0.0,0.5033148148148148,0.5033148148148148,0.5072666666666666,1.0,1.0,0.19835390946502057,0.19835390946502057,True
bp_fs200_signed,/home/test/bupt_hjk/sdp_dataset/xrf55/wifi/02_31_13.npy,1000,float64,0.0,0.508337037037037,0.508337037037037,0.5077703703703703,1.0,1.0,0.18410262113965817,0.18410262113965817,True
bp_fs200_signed,/home/test/bupt_hjk/sdp_dataset/xrf55/wifi/02_31_14.npy,1000,float64,0.0,0.5027666666666667,0.5027666666666667,0.5026518518518519,1.0,1.0,0.1837430022615208,0.1837430022615208,True
bp_fs200_signed,/home/test/bupt_hjk/sdp_dataset/xrf55/wifi/02_31_15.npy,1000,float64,0.0,0.49305925925925925,0.49305925925925925,0.4916888888888889,1.0,1.0,0.19189930671412153,0.19189930671412153,True
bp_fs200_signed,/home/test/bupt_hjk/sdp_dataset/xrf55/wifi/02_31_16.npy,1000,float64,0.0,0.49784814814814815,0.49784814814814815,0.4988222222222222,1.0,1.0,0.1813850887924962,0.1813850887924962,True
bp_fs200_signed,/home/test/bupt_hjk/sdp_dataset/xrf55/wifi/02_31_17.npy,1000,float64,0.0,0.4997814814814815,0.4997814814814815,0.4998148148148148,1.0,1.0,0.18670522374226078,0.18670522374226078,True
bp_fs200_signed,/home/test/bupt_hjk/sdp_dataset/xrf55/wifi/02_31_18.npy,1000,float64,0.0,0.5000962962962963,0.5000962962962963,0.5000148148148148,1.0,1.0,0.1791235680124569,0.1791235680124569,True
bp_fs200_signed,/home/test/bupt_hjk/sdp_dataset/xrf55/wifi/02_31_19.npy,1000,float64,0.0,0.5093037037037037,0.5093037037037037,0.5110074074074074,1.0,1.0,0.20288807325844363,0.20288807325844363,True
bp_fs200_signed,/home/test/bupt_hjk/sdp_dataset/xrf55/wifi/02_31_20.npy,1000,float64,0.0,0.49698148148148147,0.49698148148148147,0.4994296296296296,1.0,1.0,0.2098839580321062,0.2098839580321062,True
bp_fs200_signed,/home/test/bupt_hjk/sdp_dataset/xrf55/wifi/02_32_01.npy,1000,float64,0.0,0.4955925925925926,0.4955925925925926,0.49734074074074075,1.0,1.0,0.2062062062062062,0.2062062062062062,True
bp_fs200_signed,/home/test/bupt_hjk/sdp_dataset/xrf55/wifi/02_32_02.npy,1000,float64,0.0,0.4991185185185185,0.4991185185185185,0.49932592592592595,1.0,1.0,0.21207133058984912,0.21207133058984912,True
bp_fs200_signed,/home/test/bupt_hjk/sdp_dataset/xrf55/wifi/02_32_03.npy,1000,float64,0.0,0.49791851851851854,0.49791851851851854,0.4983925925925926,1.0,1.0,0.20193526860193528,0.20193526860193528,True
bp_fs200_signed,/home/test/bupt_hjk/sdp_dataset/xrf55/wifi/02_32_04.npy,1000,float64,0.0,0.5013296296296297,0.5013296296296297,0.5006962962962963,1.0,1.0,0.20270641011381751,0.20270641011381751,True
bp_fs200_signed,/home/test/bupt_hjk/sdp_dataset/xrf55/wifi/02_32_05.npy,1000,float64,0.0,0.49594444444444447,0.49594444444444447,0.4956814814814815,1.0,1.0,0.20679568457346234,0.20679568457346234,True
bp_fs200_signed,/home/test/bupt_hjk/sdp_dataset/xrf55/wifi/02_32_06.npy,1000,float64,0.0,0.49457407407407405,0.49457407407407405,0.49425925925925923,1.0,1.0,0.20718125532940349,0.20718125532940349,True
bp_fs200_signed,/home/test/bupt_hjk/sdp_dataset/xrf55/wifi/02_32_07.npy,1000,float64,0.0,0.5001074074074074,0.5001074074074074,0.5002666666666666,1.0,1.0,0.21414748081414747,0.21414748081414747,True
bp_fs200_signed,/home/test/bupt_hjk/sdp_dataset/xrf55/wifi/02_32_08.npy,1000,float64,0.0,0.49361481481481484,0.49361481481481484,0.4922148148148148,1.0,1.0,0.21663515367219072,0.21663515367219072,True
bp_fs200_signed,/home/test/bupt_hjk/sdp_dataset/xrf55/wifi/02_32_09.npy,1000,float64,0.0,0.5025185185185185,0.5025185185185185,0.5030814814814815,1.0,1.0,0.2066066066066066,0.2066066066066066,True
bp_fs200_signed,/home/test/bupt_hjk/sdp_dataset/xrf55/wifi/02_32_10.npy,1000,float64,0.0,0.4978740740740741,0.4978740740740741,0.49737777777777775,1.0,1.0,0.20891261632002373,0.20891261632002373,True
bp_fs200_signed,/home/test/bupt_hjk/sdp_dataset/xrf55/wifi/02_32_11.npy,1000,float64,0.0,0.49736296296296295,0.49736296296296295,0.49836296296296295,1.0,1.0,0.21670559448337226,0.21670559448337226,True
bp_fs200_signed,/home/test/bupt_hjk/sdp_dataset/xrf55/wifi/02_32_12.npy,1000,float64,0.0,0.5048703703703704,0.5048703703703704,0.5045925925925926,1.0,1.0,0.20695881066251437,0.20695881066251437,True
bp_fs200_signed,/home/test/bupt_hjk/sdp_dataset/xrf55/wifi/02_32_13.npy,1000,float64,0.0,0.4998148148148148,0.4998148148148148,0.5014962962962963,1.0,1.0,0.2045452860267675,0.2045452860267675,True
bp_fs200_signed,/home/test/bupt_hjk/sdp_dataset/xrf55/wifi/02_32_14.npy,1000,float64,0.0,0.49508148148148146,0.49508148148148146,0.4952,1.0,1.0,0.21240499759018278,0.21240499759018278,True
bp_fs200_signed,/home/test/bupt_hjk/sdp_dataset/xrf55/wifi/02_32_15.npy,1000,float64,0.0,0.501774074074074,0.501774074074074,0.5016444444444444,1.0,1.0,0.20963185407629853,0.20963185407629853,True
bp_fs200_signed,/home/test/bupt_hjk/sdp_dataset/xrf55/wifi/02_32_16.npy,1000,float64,0.0,0.5025888888888889,0.5025888888888889,0.5030962962962963,1.0,1.0,0.20261372483594706,0.20261372483594706,True
bp_fs200_signed,/home/test/bupt_hjk/sdp_dataset/xrf55/wifi/02_32_17.npy,1000,float64,0.0,0.5052555555555556,0.5052555555555556,0.5046888888888889,1.0,1.0,0.21297964631297964,0.21297964631297964,True
bp_fs200_signed,/home/test/bupt_hjk/sdp_dataset/xrf55/wifi/02_32_18.npy,1000,float64,0.0,0.5027518518518519,0.5027518518518519,0.501437037037037,1.0,1.0,0.21526341155970785,0.21526341155970785,True
bp_fs200_signed,/home/test/bupt_hjk/sdp_dataset/xrf55/wifi/02_32_19.npy,1000,float64,0.0,0.49643333333333334,0.49643333333333334,0.49747407407407407,1.0,1.0,0.20947614280947613,0.20947614280947613,True
bp_fs200_signed,/home/test/bupt_hjk/sdp_dataset/xrf55/wifi/02_32_20.npy,1000,float64,0.0,0.4981851851851852,0.4981851851851852,0.49922222222222223,1.0,1.0,0.20765209654098543,0.20765209654098543,True
bp_fs200_signed,/home/test/bupt_hjk/sdp_dataset/xrf55/wifi/02_33_01.npy,1000,float64,0.0,0.4985111111111111,0.4985111111111111,0.5006666666666667,1.0,1.0,0.17829681533385236,0.17829681533385236,True
bp_fs200_signed,/home/test/bupt_hjk/sdp_dataset/xrf55/wifi/02_33_02.npy,1000,float64,0.0,0.5062814814814814,0.5062814814814814,0.5059703703703704,1.0,1.0,0.19552515478441404,0.19552515478441404,True
bp_fs200_signed,/home/test/bupt_hjk/sdp_dataset/xrf55/wifi/02_33_03.npy,1000,float64,0.0,0.4884777777777778,0.4884777777777778,0.4890888888888889,1.0,1.0,0.19797575353130908,0.19797575353130908,True
bp_fs200_signed,/home/test/bupt_hjk/sdp_dataset/xrf55/wifi/02_33_04.npy,1000,float64,0.0,0.4859925925925926,0.4859925925925926,0.48593333333333333,1.0,1.0,0.19526192859526192,0.19526192859526192,True
bp_fs200_signed,/home/test/bupt_hjk/sdp_dataset/xrf55/wifi/02_33_05.npy,1000,float64,0.0,0.4980222222222222,0.4980222222222222,0.4975333333333333,1.0,1.0,0.1915322730137545,0.1915322730137545,True
bp_fs200_signed,/home/test/bupt_hjk/sdp_dataset/xrf55/wifi/02_33_06.npy,1000,float64,0.0,0.49877037037037036,0.49877037037037036,0.4981925925925926,1.0,1.0,0.19927705483261038,0.19927705483261038,True
bp_fs200_signed,/home/test/bupt_hjk/sdp_dataset/xrf55/wifi/02_33_07.npy,1000,float64,0.0,0.5025592592592593,0.5025592592592593,0.5013481481481481,1.0,1.0,0.1939569198828458,0.1939569198828458,True
bp_fs200_signed,/home/test/bupt_hjk/sdp_dataset/xrf55/wifi/02_33_08.npy,1000,float64,0.0,0.5100111111111111,0.5100111111111111,0.5105333333333333,1.0,1.0,0.19360100841582323,0.19360100841582323,True
bp_fs200_signed,/home/test/bupt_hjk/sdp_dataset/xrf55/wifi/02_33_09.npy,1000,float64,0.0,0.5004481481481482,0.5004481481481482,0.49891111111111114,1.0,1.0,0.18329440551662773,0.18329440551662773,True
bp_fs200_signed,/home/test/bupt_hjk/sdp_dataset/xrf55/wifi/02_33_10.npy,1000,float64,0.0,0.4923962962962963,0.4923962962962963,0.4936074074074074,1.0,1.0,0.20030400771141513,0.20030400771141513,True
bp_fs200_signed,/home/test/bupt_hjk/sdp_dataset/xrf55/wifi/02_33_11.npy,1000,float64,0.0,0.49595185185185187,0.49595185185185187,0.4966074074074074,1.0,1.0,0.18129240351462575,0.18129240351462575,True
bp_fs200_signed,/home/test/bupt_hjk/sdp_dataset/xrf55/wifi/02_33_12.npy,1000,float64,0.0,0.49778518518518516,0.49778518518518516,0.49745185185185187,1.0,1.0,0.19642976309642976,0.19642976309642976,True
bp_fs200_signed,/home/test/bupt_hjk/sdp_dataset/xrf55/wifi/02_33_13.npy,1000,float64,0.0,0.4890185185185185,0.4890185185185185,0.4899851851851852,1.0,1.0,0.18695362028695361,0.18695362028695361,True
bp_fs200_signed,/home/test/bupt_hjk/sdp_dataset/xrf55/wifi/02_33_14.npy,1000,float64,0.0,0.4953518518518519,0.4953518518518519,0.4964296296296296,1.0,1.0,0.2038631223816409,0.2038631223816409,True
bp_fs200_signed,/home/test/bupt_hjk/sdp_dataset/xrf55/wifi/02_33_15.npy,1000,float64,0.0,0.5140814814814815,0.5140814814814815,0.5140370370370371,1.0,1.0,0.19736032328624922,0.19736032328624922,True
bp_fs200_signed,/home/test/bupt_hjk/sdp_dataset/xrf55/wifi/02_33_16.npy,1000,float64,0.0,0.4907888888888889,0.4907888888888889,0.4905407407407407,1.0,1.0,0.19308938568197828,0.19308938568197828,True
bp_fs200_signed,/home/test/bupt_hjk/sdp_dataset/xrf55/wifi/02_33_17.npy,1000,float64,0.0,0.5033814814814814,0.5033814814814814,0.5036148148148148,1.0,1.0,0.19520261001742484,0.19520261001742484,True
bp_fs200_signed,/home/test/bupt_hjk/sdp_dataset/xrf55/wifi/02_33_18.npy,1000,float64,0.0,0.5104185185185185,0.5104185185185185,0.5102740740740741,1.0,1.0,0.19647795944092242,0.19647795944092242,True
bp_fs200_signed,/home/test/bupt_hjk/sdp_dataset/xrf55/wifi/02_33_19.npy,1000,float64,0.0,0.5042814814814814,0.5042814814814814,0.5032740740740741,1.0,1.0,0.19638527416305193,0.19638527416305193,True
bp_fs200_signed,/home/test/bupt_hjk/sdp_dataset/xrf55/wifi/02_33_20.npy,1000,float64,0.0,0.5056333333333334,0.5056333333333334,0.5060074074074075,1.0,1.0,0.19100211322433544,0.19100211322433544,True
bp_fs200_signed,/home/test/bupt_hjk/sdp_dataset/xrf55/wifi/02_34_01.npy,1000,float64,0.0,0.48927037037037036,0.48927037037037036,0.48736296296296294,1.0,1.0,0.18022096170244317,0.18022096170244317,True
bp_fs200_signed,/home/test/bupt_hjk/sdp_dataset/xrf55/wifi/02_34_02.npy,1000,float64,0.0,0.5114888888888889,0.5114888888888889,0.513874074074074,1.0,1.0,0.1781781781781782,0.1781781781781782,True
bp_fs200_signed,/home/test/bupt_hjk/sdp_dataset/xrf55/wifi/02_34_03.npy,1000,float64,0.0,0.5019259259259259,0.5019259259259259,0.5016296296296296,1.0,1.0,0.18848478107737368,0.18848478107737368,True
bp_fs200_signed,/home/test/bupt_hjk/sdp_dataset/xrf55/wifi/02_34_04.npy,1000,float64,0.0,0.5020296296296296,0.5020296296296296,0.5026,1.0,1.0,0.18101805509212918,0.18101805509212918,True
bp_fs200_signed,/home/test/bupt_hjk/sdp_dataset/xrf55/wifi/02_34_05.npy,1000,float64,0.0,0.5054703703703703,0.5054703703703703,0.5058962962962963,1.0,1.0,0.1827049271493716,0.1827049271493716,True
bp_fs200_signed,/home/test/bupt_hjk/sdp_dataset/xrf55/wifi/02_34_06.npy,1000,float64,0.0,0.49755925925925926,0.49755925925925926,0.4975185185185185,1.0,1.0,0.18607867126385644,0.18607867126385644,True
bp_fs200_signed,/home/test/bupt_hjk/sdp_dataset/xrf55/wifi/02_34_07.npy,1000,float64,0.0,0.5045962962962963,0.5045962962962963,0.5049703703703704,1.0,1.0,0.1804434063693323,0.1804434063693323,True
bp_fs200_signed,/home/test/bupt_hjk/sdp_dataset/xrf55/wifi/02_34_08.npy,1000,float64,0.0,0.5091666666666667,0.5091666666666667,0.5102740740740741,1.0,1.0,0.17182367552737923,0.17182367552737923,True
bp_fs200_signed,/home/test/bupt_hjk/sdp_dataset/xrf55/wifi/02_34_09.npy,1000,float64,0.0,0.4973185185185185,0.4973185185185185,0.49755555555555553,1.0,1.0,0.18625662699736772,0.18625662699736772,True
bp_fs200_signed,/home/test/bupt_hjk/sdp_dataset/xrf55/wifi/02_34_10.npy,1000,float64,0.0,0.5043814814814814,0.5043814814814814,0.5047111111111111,1.0,1.0,0.17830793756719682,0.17830793756719682,True
bp_fs200_signed,/home/test/bupt_hjk/sdp_dataset/xrf55/wifi/02_34_11.npy,1000,float64,0.0,0.4979777777777778,0.4979777777777778,0.4983185185185185,1.0,1.0,0.18545953360768175,0.18545953360768175,True
bp_fs200_signed,/home/test/bupt_hjk/sdp_dataset/xrf55/wifi/02_34_12.npy,1000,float64,0.0,0.5010259259259259,0.5010259259259259,0.502125925925926,1.0,1.0,0.1761020279538798,0.1761020279538798,True
bp_fs200_signed,/home/test/bupt_hjk/sdp_dataset/xrf55/wifi/02_34_13.npy,1000,float64,0.0,0.5012555555555556,0.5012555555555556,0.5038222222222222,1.0,1.0,0.18593408223037852,0.18593408223037852,True
bp_fs200_signed,/home/test/bupt_hjk/sdp_dataset/xrf55/wifi/02_34_14.npy,1000,float64,0.0,0.5049296296296296,0.5049296296296296,0.5069851851851852,1.0,1.0,0.17801134467801136,0.17801134467801136,True
bp_fs200_signed,/home/test/bupt_hjk/sdp_dataset/xrf55/wifi/02_34_15.npy,1000,float64,0.0,0.4983740740740741,0.4983740740740741,0.4978,1.0,1.0,0.18330923516108702,0.18330923516108702,True
bp_fs200_signed,/home/test/bupt_hjk/sdp_dataset/xrf55/wifi/02_34_16.npy,1000,float64,0.0,0.5040518518518519,0.5040518518518519,0.5047481481481482,1.0,1.0,0.18650131613094575,0.18650131613094575,True
bp_fs200_signed,/home/test/bupt_hjk/sdp_dataset/xrf55/wifi/02_34_17.npy,1000,float64,0.0,0.5043407407407408,0.5043407407407408,0.5032222222222222,1.0,1.0,0.1831275720164609,0.1831275720164609,True
bp_fs200_signed,/home/test/bupt_hjk/sdp_dataset/xrf55/wifi/02_34_18.npy,1000,float64,0.0,0.5049148148148148,0.5049148148148148,0.5033555555555556,1.0,1.0,0.1669336002669336,0.1669336002669336,True
bp_fs200_signed,/home/test/bupt_hjk/sdp_dataset/xrf55/wifi/02_34_19.npy,1000,float64,0.0,0.5099555555555556,0.5099555555555556,0.5100222222222223,1.0,1.0,0.18370963556148742,0.18370963556148742,True
bp_fs200_signed,/home/test/bupt_hjk/sdp_dataset/xrf55/wifi/02_34_20.npy,1000,float64,0.0,0.5027518518518519,0.5027518518518519,0.5030666666666667,1.0,1.0,0.18057687316946577,0.18057687316946577,True
bp_fs200_signed,/home/test/bupt_hjk/sdp_dataset/xrf55/wifi/02_35_01.npy,1000,float64,0.0,0.500762962962963,0.500762962962963,0.5008222222222222,1.0,1.0,0.1500166833500167,0.1500166833500167,True
bp_fs200_signed,/home/test/bupt_hjk/sdp_dataset/xrf55/wifi/02_35_02.npy,1000,float64,0.0,0.4882851851851852,0.4882851851851852,0.48895555555555553,1.0,1.0,0.15146998850702553,0.15146998850702553,True
bp_fs200_signed,/home/test/bupt_hjk/sdp_dataset/xrf55/wifi/02_35_03.npy,1000,float64,0.0,0.4936037037037037,0.4936037037037037,0.49334814814814815,1.0,1.0,0.1460015571126682,0.1460015571126682,True
bp_fs200_signed,/home/test/bupt_hjk/sdp_dataset/xrf55/wifi/02_35_04.npy,1000,float64,0.0,0.4860148148148148,0.4860148148148148,0.48788888888888887,1.0,1.0,0.14675045415786156,0.14675045415786156,True
bp_fs200_signed,/home/test/bupt_hjk/sdp_dataset/xrf55/wifi/02_35_05.npy,1000,float64,0.0,0.4845555555555556,0.4845555555555556,0.4830814814814815,1.0,1.0,0.15409112816520223,0.15409112816520223,True
bp_fs200_signed,/home/test/bupt_hjk/sdp_dataset/xrf55/wifi/02_35_06.npy,1000,float64,0.0,0.5098296296296296,0.5098296296296296,0.5087925925925926,1.0,1.0,0.14641307974641307,0.14641307974641307,True
bp_fs200_signed,/home/test/bupt_hjk/sdp_dataset/xrf55/wifi/02_35_07.npy,1000,float64,0.0,0.508,0.508,0.5084518518518518,1.0,1.0,0.1413524635746858,0.1413524635746858,True
bp_fs200_signed,/home/test/bupt_hjk/sdp_dataset/xrf55/wifi/02_35_08.npy,1000,float64,0.0,0.4963444444444444,0.4963444444444444,0.4969925925925926,1.0,1.0,0.1404738071404738,0.1404738071404738,True
bp_fs200_signed,/home/test/bupt_hjk/sdp_dataset/xrf55/wifi/02_35_09.npy,1000,float64,0.0,0.4972666666666667,0.4972666666666667,0.4975703703703704,1.0,1.0,0.14077781485188892,0.14077781485188892,True
bp_fs200_signed,/home/test/bupt_hjk/sdp_dataset/xrf55/wifi/02_35_10.npy,1000,float64,0.0,0.4988037037037037,0.4988037037037037,0.5001185185185185,1.0,1.0,0.14164534905275647,0.14164534905275647,True
bp_fs200_signed,/home/test/bupt_hjk/sdp_dataset/xrf55/wifi/02_35_11.npy,1000,float64,0.0,0.5011814814814815,0.5011814814814815,0.503562962962963,1.0,1.0,0.15724984243502763,0.15724984243502763,True
bp_fs200_signed,/home/test/bupt_hjk/sdp_dataset/xrf55/wifi/02_35_12.npy,1000,float64,0.0,0.49552962962962965,0.49552962962962965,0.4955851851851852,1.0,1.0,0.1382308234160086,0.1382308234160086,True
bp_fs200_signed,/home/test/bupt_hjk/sdp_dataset/xrf55/wifi/02_35_13.npy,1000,float64,0.0,0.49925925925925924,0.49925925925925924,0.5005259259259259,1.0,1.0,0.14865977088199311,0.14865977088199311,True
bp_fs200_signed,/home/test/bupt_hjk/sdp_dataset/xrf55/wifi/02_35_14.npy,1000,float64,0.0,0.5068111111111111,0.5068111111111111,0.5069851851851852,1.0,1.0,0.14028102176250323,0.14028102176250323,True
bp_fs200_signed,/home/test/bupt_hjk/sdp_dataset/xrf55/wifi/02_35_15.npy,1000,float64,0.0,0.49291851851851853,0.49291851851851853,0.4915555555555556,1.0,1.0,0.1418158899640381,0.1418158899640381,True
bp_fs200_signed,/home/test/bupt_hjk/sdp_dataset/xrf55/wifi/02_35_16.npy,1000,float64,0.0,0.49524814814814816,0.49524814814814816,0.49545185185185187,1.0,1.0,0.13254365476587698,0.13254365476587698,True
bp_fs200_signed,/home/test/bupt_hjk/sdp_dataset/xrf55/wifi/02_35_17.npy,1000,float64,0.0,0.5039370370370371,0.5039370370370371,0.5048296296296296,1.0,1.0,0.13248062877692507,0.13248062877692507,True
bp_fs200_signed,/home/test/bupt_hjk/sdp_dataset/xrf55/wifi/02_35_18.npy,1000,float64,0.0,0.5042148148148148,0.5042148148148148,0.5059703703703704,1.0,1.0,0.14262410558706856,0.14262410558706856,True
bp_fs200_signed,/home/test/bupt_hjk/sdp_dataset/xrf55/wifi/02_35_19.npy,1000,float64,0.0,0.482,0.482,0.48460740740740743,1.0,1.0,0.1363252141029919,0.1363252141029919,True
bp_fs200_signed,/home/test/bupt_hjk/sdp_dataset/xrf55/wifi/02_35_20.npy,1000,float64,0.0,0.5080370370370371,0.5080370370370371,0.5080666666666667,1.0,1.0,0.14314314314314314,0.14314314314314314,True
bp_fs200_signed,/home/test/bupt_hjk/sdp_dataset/xrf55/wifi/02_36_01.npy,1000,float64,0.0,0.5077296296296296,0.5077296296296296,0.5064592592592593,1.0,1.0,0.1560820079338598,0.1560820079338598,True
bp_fs200_signed,/home/test/bupt_hjk/sdp_dataset/xrf55/wifi/02_36_02.npy,1000,float64,0.0,0.5229037037037036,0.5229037037037036,0.5234444444444445,1.0,1.0,0.1636302969636303,0.1636302969636303,True
bp_fs200_signed,/home/test/bupt_hjk/sdp_dataset/xrf55/wifi/02_36_03.npy,1000,float64,0.0,0.5046,0.5046,0.5035333333333334,1.0,1.0,0.15992659325992659,0.15992659325992659,True
bp_fs200_signed,/home/test/bupt_hjk/sdp_dataset/xrf55/wifi/02_36_04.npy,1000,float64,0.0,0.5012111111111112,0.5012111111111112,0.5021111111111111,1.0,1.0,0.15808400993586177,0.15808400993586177,True
bp_fs200_signed,/home/test/bupt_hjk/sdp_dataset/xrf55/wifi/02_36_05.npy,1000,float64,0.0,0.5102444444444444,0.5102444444444444,0.5099703703703704,1.0,1.0,0.15828421013606198,0.15828421013606198,True
bp_fs200_signed,/home/test/bupt_hjk/sdp_dataset/xrf55/wifi/02_36_06.npy,1000,float64,0.0,0.49473703703703703,0.49473703703703703,0.49445185185185186,1.0,1.0,0.1571089608126645,0.1571089608126645,True
bp_fs200_signed,/home/test/bupt_hjk/sdp_dataset/xrf55/wifi/02_36_07.npy,1000,float64,0.0,0.4874962962962963,0.4874962962962963,0.486562962962963,1.0,1.0,0.1664330997664331,0.1664330997664331,True
bp_fs200_signed,/home/test/bupt_hjk/sdp_dataset/xrf55/wifi/02_36_08.npy,1000,float64,0.0,0.49141851851851853,0.49141851851851853,0.4902814814814815,1.0,1.0,0.14470767063359655,0.14470767063359655,True
bp_fs200_signed,/home/test/bupt_hjk/sdp_dataset/xrf55/wifi/02_36_09.npy,1000,float64,0.0,0.4895703703703704,0.4895703703703704,0.49061481481481484,1.0,1.0,0.1655692729766804,0.1655692729766804,True
bp_fs200_signed,/home/test/bupt_hjk/sdp_dataset/xrf55/wifi/02_36_10.npy,1000,float64,0.0,0.496337037037037,0.496337037037037,0.4965185185185185,1.0,1.0,0.15952248544841138,0.15952248544841138,True
bp_fs200_signed,/home/test/bupt_hjk/sdp_dataset/xrf55/wifi/02_36_11.npy,1000,float64,0.0,0.5052555555555556,0.5052555555555556,0.5047111111111111,1.0,1.0,0.17568679790902014,0.17568679790902014,True
bp_fs200_signed,/home/test/bupt_hjk/sdp_dataset/xrf55/wifi/02_36_12.npy,1000,float64,0.0,0.4905703703703704,0.4905703703703704,0.4902592592592593,1.0,1.0,0.1780224669113558,0.1780224669113558,True
bp_fs200_signed,/home/test/bupt_hjk/sdp_dataset/xrf55/wifi/02_36_13.npy,1000,float64,0.0,0.5050518518518519,0.5050518518518519,0.5030740740740741,1.0,1.0,0.1906499091684277,0.1906499091684277,True
bp_fs200_signed,/home/test/bupt_hjk/sdp_dataset/xrf55/wifi/02_36_14.npy,1000,float64,0.0,0.4936,0.4936,0.49396296296296294,1.0,1.0,0.17710673636599564,0.17710673636599564,True
bp_fs200_signed,/home/test/bupt_hjk/sdp_dataset/xrf55/wifi/02_36_15.npy,1000,float64,0.0,0.505137037037037,0.505137037037037,0.5078,1.0,1.0,0.17305453601749898,0.17305453601749898,True
bp_fs200_signed,/home/test/bupt_hjk/sdp_dataset/xrf55/wifi/02_36_16.npy,1000,float64,0.0,0.4922074074074074,0.4922074074074074,0.4930888888888889,1.0,1.0,0.14464093723352983,0.14464093723352983,True
bp_fs200_signed,/home/test/bupt_hjk/sdp_dataset/xrf55/wifi/02_36_17.npy,1000,float64,0.0,0.49142592592592593,0.49142592592592593,0.49163703703703704,1.0,1.0,0.16545434323212102,0.16545434323212102,True
bp_fs200_signed,/home/test/bupt_hjk/sdp_dataset/xrf55/wifi/02_36_18.npy,1000,float64,0.0,0.4904925925925926,0.4904925925925926,0.48946666666666666,1.0,1.0,0.15105105105105104,0.15105105105105104,True
bp_fs200_signed,/home/test/bupt_hjk/sdp_dataset/xrf55/wifi/02_36_19.npy,1000,float64,0.0,0.4926037037037037,0.4926037037037037,0.4930148148148148,1.0,1.0,0.15604864123382642,0.15604864123382642,True
bp_fs200_signed,/home/test/bupt_hjk/sdp_dataset/xrf55/wifi/02_36_20.npy,1000,float64,0.0,0.4732777777777778,0.4732777777777778,0.47153333333333336,1.0,1.0,0.15655655655655656,0.15655655655655656,True
bp_fs200_signed,/home/test/bupt_hjk/sdp_dataset/xrf55/wifi/02_37_01.npy,1000,float64,0.0,0.5007851851851852,0.5007851851851852,0.5020740740740741,1.0,1.0,0.16249953657361066,0.16249953657361066,True
bp_fs200_signed,/home/test/bupt_hjk/sdp_dataset/xrf55/wifi/02_37_02.npy,1000,float64,0.0,0.4951185185185185,0.4951185185185185,0.4961407407407407,1.0,1.0,0.17242427612797984,0.17242427612797984,True
bp_fs200_signed,/home/test/bupt_hjk/sdp_dataset/xrf55/wifi/02_37_03.npy,1000,float64,0.0,0.5086111111111111,0.5086111111111111,0.5103185185185185,1.0,1.0,0.179142105068031,0.179142105068031,True
bp_fs200_signed,/home/test/bupt_hjk/sdp_dataset/xrf55/wifi/02_37_04.npy,1000,float64,0.0,0.4886888888888889,0.4886888888888889,0.4872296296296296,1.0,1.0,0.16582879175471768,0.16582879175471768,True
bp_fs200_signed,/home/test/bupt_hjk/sdp_dataset/xrf55/wifi/02_37_05.npy,1000,float64,0.0,0.4845777777777778,0.4845777777777778,0.4838074074074074,1.0,1.0,0.15803210618025432,0.15803210618025432,True
bp_fs200_signed,/home/test/bupt_hjk/sdp_dataset/xrf55/wifi/02_37_06.npy,1000,float64,0.0,0.5048666666666667,0.5048666666666667,0.5044296296296297,1.0,1.0,0.167293219145071,0.167293219145071,True
bp_fs200_signed,/home/test/bupt_hjk/sdp_dataset/xrf55/wifi/02_37_07.npy,1000,float64,0.0,0.5018518518518519,0.5018518518518519,0.5024296296296297,1.0,1.0,0.16812367923479035,0.16812367923479035,True
bp_fs200_signed,/home/test/bupt_hjk/sdp_dataset/xrf55/wifi/02_37_08.npy,1000,float64,0.0,0.5015296296296297,0.5015296296296297,0.4989777777777778,1.0,1.0,0.1669336002669336,0.1669336002669336,True
bp_fs200_signed,/home/test/bupt_hjk/sdp_dataset/xrf55/wifi/02_37_09.npy,1000,float64,0.0,0.48898888888888886,0.48898888888888886,0.4897037037037037,1.0,1.0,0.16315945575204835,0.16315945575204835,True
bp_fs200_signed,/home/test/bupt_hjk/sdp_dataset/xrf55/wifi/02_37_10.npy,1000,float64,0.0,0.49591111111111114,0.49591111111111114,0.4946740740740741,1.0,1.0,0.17789270752233716,0.17789270752233716,True
bp_fs200_signed,/home/test/bupt_hjk/sdp_dataset/xrf55/wifi/02_37_11.npy,1000,float64,0.0,0.4990148148148148,0.4990148148148148,0.5008518518518519,1.0,1.0,0.1649946242538835,0.1649946242538835,True
bp_fs200_signed,/home/test/bupt_hjk/sdp_dataset/xrf55/wifi/02_37_12.npy,1000,float64,0.0,0.5081481481481481,0.5081481481481481,0.5078518518518519,1.0,1.0,0.16813109405701998,0.16813109405701998,True
bp_fs200_signed,/home/test/bupt_hjk/sdp_dataset/xrf55/wifi/02_37_13.npy,1000,float64,0.0,0.49253703703703705,0.49253703703703705,0.4906074074074074,1.0,1.0,0.16633670707744783,0.16633670707744783,True
bp_fs200_signed,/home/test/bupt_hjk/sdp_dataset/xrf55/wifi/02_37_14.npy,1000,float64,0.0,0.49965925925925925,0.49965925925925925,0.49877777777777776,1.0,1.0,0.17850443035628222,0.17850443035628222,True
bp_fs200_signed,/home/test/bupt_hjk/sdp_dataset/xrf55/wifi/02_37_15.npy,1000,float64,0.0,0.49043333333333333,0.49043333333333333,0.4886666666666667,1.0,1.0,0.16654802951099248,0.16654802951099248,True
bp_fs200_signed,/home/test/bupt_hjk/sdp_dataset/xrf55/wifi/02_37_16.npy,1000,float64,0.0,0.4970037037037037,0.4970037037037037,0.49808148148148146,1.0,1.0,0.17925703481259037,0.17925703481259037,True
bp_fs200_signed,/home/test/bupt_hjk/sdp_dataset/xrf55/wifi/02_37_17.npy,1000,float64,0.0,0.49675555555555556,0.49675555555555556,0.4990074074074074,1.0,1.0,0.16507989470952433,0.16507989470952433,True
bp_fs200_signed,/home/test/bupt_hjk/sdp_dataset/xrf55/wifi/02_37_18.npy,1000,float64,0.0,0.5160111111111111,0.5160111111111111,0.5151777777777777,1.0,1.0,0.15479553627701775,0.15479553627701775,True
bp_fs200_signed,/home/test/bupt_hjk/sdp_dataset/xrf55/wifi/02_37_19.npy,1000,float64,0.0,0.5000814814814815,0.5000814814814815,0.49952592592592593,1.0,1.0,0.1460386312238164,0.1460386312238164,True
bp_fs200_signed,/home/test/bupt_hjk/sdp_dataset/xrf55/wifi/02_37_20.npy,1000,float64,0.0,0.4990925925925926,0.4990925925925926,0.4992740740740741,1.0,1.0,0.15393170948726503,0.15393170948726503,True
bp_fs200_signed,/home/test/bupt_hjk/sdp_dataset/xrf55/wifi/02_38_01.npy,1000,float64,0.0,0.49913703703703705,0.49913703703703705,0.49892592592592594,1.0,1.0,0.1715975234493753,0.1715975234493753,True
bp_fs200_signed,/home/test/bupt_hjk/sdp_dataset/xrf55/wifi/02_38_02.npy,1000,float64,0.0,0.4884074074074074,0.4884074074074074,0.48715555555555556,1.0,1.0,0.16790864939013087,0.16790864939013087,True
bp_fs200_signed,/home/test/bupt_hjk/sdp_dataset/xrf55/wifi/02_38_03.npy,1000,float64,0.0,0.4993518518518518,0.4993518518518518,0.5003925925925926,1.0,1.0,0.1702406109813517,0.1702406109813517,True
bp_fs200_signed,/home/test/bupt_hjk/sdp_dataset/xrf55/wifi/02_38_04.npy,1000,float64,0.0,0.5050111111111111,0.5050111111111111,0.5062666666666666,1.0,1.0,0.18057687316946577,0.18057687316946577,True
bp_fs200_signed,/home/test/bupt_hjk/sdp_dataset/xrf55/wifi/02_38_05.npy,1000,float64,0.0,0.5030592592592592,0.5030592592592592,0.5032444444444445,1.0,1.0,0.1479145812479146,0.1479145812479146,True
bp_fs200_signed,/home/test/bupt_hjk/sdp_dataset/xrf55/wifi/02_38_06.npy,1000,float64,0.0,0.4911333333333333,0.4911333333333333,0.4932962962962963,1.0,1.0,0.14994994994994995,0.14994994994994995,True
bp_fs200_signed,/home/test/bupt_hjk/sdp_dataset/xrf55/wifi/02_38_07.npy,1000,float64,0.0,0.5139222222222222,0.5139222222222222,0.5142962962962963,1.0,1.0,0.15679012345679014,0.15679012345679014,True
bp_fs200_signed,/home/test/bupt_hjk/sdp_dataset/xrf55/wifi/02_38_08.npy,1000,float64,0.0,0.5101222222222223,0.5101222222222223,0.5109777777777778,1.0,1.0,0.19224038853668482,0.19224038853668482,True
bp_fs200_signed,/home/test/bupt_hjk/sdp_dataset/xrf55/wifi/02_38_09.npy,1000,float64,0.0,0.48991851851851853,0.48991851851851853,0.4909703703703704,1.0,1.0,0.17428910391873356,0.17428910391873356,True
bp_fs200_signed,/home/test/bupt_hjk/sdp_dataset/xrf55/wifi/02_38_10.npy,1000,float64,0.0,0.4935111111111111,0.4935111111111111,0.4923777777777778,1.0,1.0,0.17321024728432136,0.17321024728432136,True
bp_fs200_signed,/home/test/bupt_hjk/sdp_dataset/xrf55/wifi/02_38_11.npy,1000,float64,0.0,0.5075925925925926,0.5075925925925926,0.5073703703703704,1.0,1.0,0.1569458347236125,0.1569458347236125,True
bp_fs200_signed,/home/test/bupt_hjk/sdp_dataset/xrf55/wifi/02_38_12.npy,1000,float64,0.0,0.4990925925925926,0.4990925925925926,0.501237037037037,1.0,1.0,0.1528231935639343,0.1528231935639343,True
bp_fs200_signed,/home/test/bupt_hjk/sdp_dataset/xrf55/wifi/02_38_13.npy,1000,float64,0.0,0.4966333333333333,0.4966333333333333,0.49877777777777776,1.0,1.0,0.1731583435287139,0.1731583435287139,True
bp_fs200_signed,/home/test/bupt_hjk/sdp_dataset/xrf55/wifi/02_38_14.npy,1000,float64,0.0,0.4950851851851852,0.4950851851851852,0.4936074074074074,1.0,1.0,0.19106513921328735,0.19106513921328735,True
bp_fs200_signed,/home/test/bupt_hjk/sdp_dataset/xrf55/wifi/02_38_15.npy,1000,float64,0.0,0.5108777777777778,0.5108777777777778,0.5119555555555556,1.0,1.0,0.1714566418270122,0.1714566418270122,True
bp_fs200_signed,/home/test/bupt_hjk/sdp_dataset/xrf55/wifi/02_38_16.npy,1000,float64,0.0,0.5015296296296297,0.5015296296296297,0.5023333333333333,1.0,1.0,0.19535090646201758,0.19535090646201758,True
bp_fs200_signed,/home/test/bupt_hjk/sdp_dataset/xrf55/wifi/02_38_17.npy,1000,float64,0.0,0.49755185185185186,0.49755185185185186,0.49854814814814813,1.0,1.0,0.18263819374930487,0.18263819374930487,True
bp_fs200_signed,/home/test/bupt_hjk/sdp_dataset/xrf55/wifi/02_38_18.npy,1000,float64,0.0,0.49376296296296296,0.49376296296296296,0.4953925925925926,1.0,1.0,0.17236495755014272,0.17236495755014272,True
bp_fs200_signed,/home/test/bupt_hjk/sdp_dataset/xrf55/wifi/02_38_19.npy,1000,float64,0.0,0.4928444444444444,0.4928444444444444,0.49323703703703703,1.0,1.0,0.17769992214436658,0.17769992214436658,True
bp_fs200_signed,/home/test/bupt_hjk/sdp_dataset/xrf55/wifi/02_38_20.npy,1000,float64,0.0,0.49814444444444445,0.49814444444444445,0.49774814814814816,1.0,1.0,0.1551292032773514,0.1551292032773514,True
bp_fs200_signed,/home/test/bupt_hjk/sdp_dataset/xrf55/wifi/02_39_01.npy,1000,float64,0.0,0.5020111111111111,0.5020111111111111,0.5026518518518519,1.0,1.0,0.13933933933933934,0.13933933933933934,True
bp_fs200_signed,/home/test/bupt_hjk/sdp_dataset/xrf55/wifi/02_39_02.npy,1000,float64,0.0,0.4940962962962963,0.4940962962962963,0.49563703703703704,1.0,1.0,0.14768472175879582,0.14768472175879582,True
bp_fs200_signed,/home/test/bupt_hjk/sdp_dataset/xrf55/wifi/02_39_03.npy,1000,float64,0.0,0.5031148148148148,0.5031148148148148,0.5035407407407407,1.0,1.0,0.135587439291143,0.135587439291143,True
bp_fs200_signed,/home/test/bupt_hjk/sdp_dataset/xrf55/wifi/02_39_04.npy,1000,float64,0.0,0.4930888888888889,0.4930888888888889,0.4936814814814815,1.0,1.0,0.11949356764171579,0.11949356764171579,True
bp_fs200_signed,/home/test/bupt_hjk/sdp_dataset/xrf55/wifi/02_39_05.npy,1000,float64,0.0,0.5054518518518518,0.5054518518518518,0.5059111111111111,1.0,1.0,0.13387090794498202,0.13387090794498202,True
bp_fs200_signed,/home/test/bupt_hjk/sdp_dataset/xrf55/wifi/02_39_06.npy,1000,float64,0.0,0.4925185185185185,0.4925185185185185,0.49243703703703706,1.0,1.0,0.15765395024654283,0.15765395024654283,True
bp_fs200_signed,/home/test/bupt_hjk/sdp_dataset/xrf55/wifi/02_39_07.npy,1000,float64,0.0,0.5059851851851852,0.5059851851851852,0.5083037037037037,1.0,1.0,0.160163867571275,0.160163867571275,True
bp_fs200_signed,/home/test/bupt_hjk/sdp_dataset/xrf55/wifi/02_39_08.npy,1000,float64,0.0,0.49705925925925926,0.49705925925925926,0.49722962962962963,1.0,1.0,0.15306046787528269,0.15306046787528269,True
bp_fs200_signed,/home/test/bupt_hjk/sdp_dataset/xrf55/wifi/02_39_09.npy,1000,float64,0.0,0.4978,0.4978,0.49891851851851854,1.0,1.0,0.1490193897601305,0.1490193897601305,True
bp_fs200_signed,/home/test/bupt_hjk/sdp_dataset/xrf55/wifi/02_39_10.npy,1000,float64,0.0,0.4922,0.4922,0.49234814814814815,1.0,1.0,0.13769695621547473,0.13769695621547473,True
bp_fs200_signed,/home/test/bupt_hjk/sdp_dataset/xrf55/wifi/02_39_11.npy,1000,float64,0.0,0.4945777777777778,0.4945777777777778,0.4935851851851852,1.0,1.0,0.1749416082749416,0.1749416082749416,True
bp_fs200_signed,/home/test/bupt_hjk/sdp_dataset/xrf55/wifi/02_39_12.npy,1000,float64,0.0,0.4839185185185185,0.4839185185185185,0.48362962962962963,1.0,1.0,0.15479924368813258,0.15479924368813258,True
bp_fs200_signed,/home/test/bupt_hjk/sdp_dataset/xrf55/wifi/02_39_13.npy,1000,float64,0.0,0.48966666666666664,0.48966666666666664,0.4903111111111111,1.0,1.0,0.147517888258629,0.147517888258629,True
bp_fs200_signed,/home/test/bupt_hjk/sdp_dataset/xrf55/wifi/02_39_14.npy,1000,float64,0.0,0.4934925925925926,0.4934925925925926,0.4957925925925926,1.0,1.0,0.15062840618396173,0.15062840618396173,True
bp_fs200_signed,/home/test/bupt_hjk/sdp_dataset/xrf55/wifi/02_39_15.npy,1000,float64,0.0,0.4964148148148148,0.4964148148148148,0.4955925925925926,1.0,1.0,0.14346568791013237,0.14346568791013237,True
bp_fs200_signed,/home/test/bupt_hjk/sdp_dataset/xrf55/wifi/02_39_16.npy,1000,float64,0.0,0.4938518518518519,0.4938518518518519,0.49478518518518516,1.0,1.0,0.14659103547992436,0.14659103547992436,True
bp_fs200_signed,/home/test/bupt_hjk/sdp_dataset/xrf55/wifi/02_39_17.npy,1000,float64,0.0,0.4971555555555556,0.4971555555555556,0.4971185185185185,1.0,1.0,0.14778852927001074,0.14778852927001074,True
bp_fs200_signed,/home/test/bupt_hjk/sdp_dataset/xrf55/wifi/02_39_18.npy,1000,float64,0.0,0.49415185185185184,0.49415185185185184,0.49548148148148147,1.0,1.0,0.14416268119971823,0.14416268119971823,True
bp_fs200_signed,/home/test/bupt_hjk/sdp_dataset/xrf55/wifi/02_39_19.npy,1000,float64,0.0,0.4946,0.4946,0.49502962962962965,1.0,1.0,0.14333222110999888,0.14333222110999888,True
bp_fs200_signed,/home/test/bupt_hjk/sdp_dataset/xrf55/wifi/02_39_20.npy,1000,float64,0.0,0.49284074074074075,0.49284074074074075,0.49222962962962963,1.0,1.0,0.15972268564861158,0.15972268564861158,True
bp_fs200_signed,/home/test/bupt_hjk/sdp_dataset/xrf55/wifi/02_40_01.npy,1000,float64,0.0,0.49474444444444443,0.49474444444444443,0.49396296296296294,1.0,1.0,0.18463278092907723,0.18463278092907723,True
bp_fs200_signed,/home/test/bupt_hjk/sdp_dataset/xrf55/wifi/02_40_02.npy,1000,float64,0.0,0.4954777777777778,0.4954777777777778,0.4978814814814815,1.0,1.0,0.12663404144885626,0.12663404144885626,True
bp_fs200_signed,/home/test/bupt_hjk/sdp_dataset/xrf55/wifi/02_40_03.npy,1000,float64,0.0,0.4923296296296296,0.4923296296296296,0.49307407407407405,1.0,1.0,0.13877952026100174,0.13877952026100174,True
bp_fs200_signed,/home/test/bupt_hjk/sdp_dataset/xrf55/wifi/02_40_04.npy,1000,float64,0.0,0.4954925925925926,0.4954925925925926,0.49424444444444443,1.0,1.0,0.13706669632595558,0.13706669632595558,True
bp_fs200_signed,/home/test/bupt_hjk/sdp_dataset/xrf55/wifi/02_40_05.npy,1000,float64,0.0,0.5039370370370371,0.5039370370370371,0.5051407407407408,1.0,1.0,0.14579023467912358,0.14579023467912358,True
bp_fs200_signed,/home/test/bupt_hjk/sdp_dataset/xrf55/wifi/02_40_06.npy,1000,float64,0.0,0.4860703703703704,0.4860703703703704,0.48647407407407406,1.0,1.0,0.15635635635635636,0.15635635635635636,True
bp_fs200_signed,/home/test/bupt_hjk/sdp_dataset/xrf55/wifi/02_40_07.npy,1000,float64,0.0,0.49557407407407406,0.49557407407407406,0.49545185185185187,1.0,1.0,0.13938753568383197,0.13938753568383197,True
bp_fs200_signed,/home/test/bupt_hjk/sdp_dataset/xrf55/wifi/02_40_08.npy,1000,float64,0.0,0.5060518518518519,0.5060518518518519,0.5064518518518518,1.0,1.0,0.1451191932673414,0.1451191932673414,True
bp_fs200_signed,/home/test/bupt_hjk/sdp_dataset/xrf55/wifi/02_40_09.npy,1000,float64,0.0,0.4938037037037037,0.4938037037037037,0.4955703703703704,1.0,1.0,0.1551662773884996,0.1551662773884996,True
bp_fs200_signed,/home/test/bupt_hjk/sdp_dataset/xrf55/wifi/02_40_10.npy,1000,float64,0.0,0.4846037037037037,0.4846037037037037,0.48645185185185186,1.0,1.0,0.16259592926259592,0.16259592926259592,True
bp_fs200_signed,/home/test/bupt_hjk/sdp_dataset/xrf55/wifi/02_40_11.npy,1000,float64,0.0,0.5059518518518519,0.5059518518518519,0.5046296296296297,1.0,1.0,0.14350646943239537,0.14350646943239537,True
bp_fs200_signed,/home/test/bupt_hjk/sdp_dataset/xrf55/wifi/02_40_12.npy,1000,float64,0.0,0.4939777777777778,0.4939777777777778,0.49476296296296296,1.0,1.0,0.14166759351944538,0.14166759351944538,True
bp_fs200_signed,/home/test/bupt_hjk/sdp_dataset/xrf55/wifi/02_40_13.npy,1000,float64,0.0,0.4830185185185185,0.4830185185185185,0.4830888888888889,1.0,1.0,0.13846439031624216,0.13846439031624216,True
bp_fs200_signed,/home/test/bupt_hjk/sdp_dataset/xrf55/wifi/02_40_14.npy,1000,float64,0.0,0.4925222222222222,0.4925222222222222,0.4935777777777778,1.0,1.0,0.1527193860527194,0.1527193860527194,True
bp_fs200_signed,/home/test/bupt_hjk/sdp_dataset/xrf55/wifi/02_40_15.npy,1000,float64,0.0,0.47642962962962965,0.47642962962962965,0.47642962962962965,1.0,1.0,0.1533644755866978,0.1533644755866978,True
bp_fs200_signed,/home/test/bupt_hjk/sdp_dataset/xrf55/wifi/02_40_16.npy,1000,float64,0.0,0.4931259259259259,0.4931259259259259,0.4928592592592593,1.0,1.0,0.1519408297186075,0.1519408297186075,True
bp_fs200_signed,/home/test/bupt_hjk/sdp_dataset/xrf55/wifi/02_40_17.npy,1000,float64,0.0,0.4910037037037037,0.4910037037037037,0.491837037037037,1.0,1.0,0.14140065991917844,0.14140065991917844,True
bp_fs200_signed,/home/test/bupt_hjk/sdp_dataset/xrf55/wifi/02_40_18.npy,1000,float64,0.0,0.49962962962962965,0.49962962962962965,0.4998962962962963,1.0,1.0,0.15252660067474882,0.15252660067474882,True
bp_fs200_signed,/home/test/bupt_hjk/sdp_dataset/xrf55/wifi/02_40_19.npy,1000,float64,0.0,0.48894444444444446,0.48894444444444446,0.4908666666666667,1.0,1.0,0.16497979460942425,0.16497979460942425,True
bp_fs200_signed,/home/test/bupt_hjk/sdp_dataset/xrf55/wifi/02_40_20.npy,1000,float64,0.0,0.4946037037037037,0.4946037037037037,0.4942888888888889,1.0,1.0,0.1516776035294554,0.1516776035294554,True
bp_fs200_signed,/home/test/bupt_hjk/sdp_dataset/xrf55/wifi/02_41_01.npy,1000,float64,0.0,0.49932592592592595,0.49932592592592595,0.4988074074074074,1.0,1.0,0.19260742223705188,0.19260742223705188,True
bp_fs200_signed,/home/test/bupt_hjk/sdp_dataset/xrf55/wifi/02_41_02.npy,1000,float64,0.0,0.49891111111111114,0.49891111111111114,0.49720740740740743,1.0,1.0,0.2073443814184555,0.2073443814184555,True
bp_fs200_signed,/home/test/bupt_hjk/sdp_dataset/xrf55/wifi/02_41_03.npy,1000,float64,0.0,0.49994074074074074,0.49994074074074074,0.5006592592592592,1.0,1.0,0.20408185963741518,0.20408185963741518,True
bp_fs200_signed,/home/test/bupt_hjk/sdp_dataset/xrf55/wifi/02_41_04.npy,1000,float64,0.0,0.5074111111111111,0.5074111111111111,0.5067185185185186,1.0,1.0,0.2039001964927891,0.2039001964927891,True
bp_fs200_signed,/home/test/bupt_hjk/sdp_dataset/xrf55/wifi/02_41_05.npy,1000,float64,0.0,0.499437037037037,0.499437037037037,0.4984296296296296,1.0,1.0,0.2121491862232603,0.2121491862232603,True
bp_fs200_signed,/home/test/bupt_hjk/sdp_dataset/xrf55/wifi/02_41_06.npy,1000,float64,0.0,0.5083333333333333,0.5083333333333333,0.5090222222222223,1.0,1.0,0.20721462202943686,0.20721462202943686,True
bp_fs200_signed,/home/test/bupt_hjk/sdp_dataset/xrf55/wifi/02_41_07.npy,1000,float64,0.0,0.5042333333333333,0.5042333333333333,0.5040074074074075,1.0,1.0,0.2088273458643829,0.2088273458643829,True
bp_fs200_signed,/home/test/bupt_hjk/sdp_dataset/xrf55/wifi/02_41_08.npy,1000,float64,0.0,0.4952185185185185,0.4952185185185185,0.4952962962962963,1.0,1.0,0.19804990175360546,0.19804990175360546,True
bp_fs200_signed,/home/test/bupt_hjk/sdp_dataset/xrf55/wifi/02_41_09.npy,1000,float64,0.0,0.5026,0.5026,0.5040222222222223,1.0,1.0,0.19547325102880658,0.19547325102880658,True
bp_fs200_signed,/home/test/bupt_hjk/sdp_dataset/xrf55/wifi/02_41_10.npy,1000,float64,0.0,0.4978037037037037,0.4978037037037037,0.49848148148148147,1.0,1.0,0.20207615022429837,0.20207615022429837,True
bp_fs200_signed,/home/test/bupt_hjk/sdp_dataset/xrf55/wifi/02_41_11.npy,1000,float64,0.0,0.4968740740740741,0.4968740740740741,0.49695555555555554,1.0,1.0,0.20084528973417862,0.20084528973417862,True
bp_fs200_signed,/home/test/bupt_hjk/sdp_dataset/xrf55/wifi/02_41_12.npy,1000,float64,0.0,0.5048296296296296,0.5048296296296296,0.5035333333333334,1.0,1.0,0.1942535127720313,0.1942535127720313,True
bp_fs200_signed,/home/test/bupt_hjk/sdp_dataset/xrf55/wifi/02_41_13.npy,1000,float64,0.0,0.5030148148148148,0.5030148148148148,0.5051629629629629,1.0,1.0,0.19804248693137583,0.19804248693137583,True
bp_fs200_signed,/home/test/bupt_hjk/sdp_dataset/xrf55/wifi/02_41_14.npy,1000,float64,0.0,0.4941037037037037,0.4941037037037037,0.49514814814814817,1.0,1.0,0.19930300671041412,0.19930300671041412,True
bp_fs200_signed,/home/test/bupt_hjk/sdp_dataset/xrf55/wifi/02_41_15.npy,1000,float64,0.0,0.5032518518518518,0.5032518518518518,0.5037777777777778,1.0,1.0,0.1979201423645868,0.1979201423645868,True
bp_fs200_signed,/home/test/bupt_hjk/sdp_dataset/xrf55/wifi/02_41_16.npy,1000,float64,0.0,0.49583333333333335,0.49583333333333335,0.4958666666666667,1.0,1.0,0.2002224446668891,0.2002224446668891,True
bp_fs200_signed,/home/test/bupt_hjk/sdp_dataset/xrf55/wifi/02_41_17.npy,1000,float64,0.0,0.49620740740740743,0.49620740740740743,0.49703703703703705,1.0,1.0,0.202839876913951,0.202839876913951,True
bp_fs200_signed,/home/test/bupt_hjk/sdp_dataset/xrf55/wifi/02_41_18.npy,1000,float64,0.0,0.5018222222222222,0.5018222222222222,0.5044296296296297,1.0,1.0,0.20835650465280095,0.20835650465280095,True
bp_fs200_signed,/home/test/bupt_hjk/sdp_dataset/xrf55/wifi/02_41_19.npy,1000,float64,0.0,0.5047074074074074,0.5047074074074074,0.5021481481481481,1.0,1.0,0.20565009453898342,0.20565009453898342,True
bp_fs200_signed,/home/test/bupt_hjk/sdp_dataset/xrf55/wifi/02_41_20.npy,1000,float64,0.0,0.4986888888888889,0.4986888888888889,0.501237037037037,1.0,1.0,0.2034182330478627,0.2034182330478627,True
bp_fs200_signed,/home/test/bupt_hjk/sdp_dataset/xrf55/wifi/02_42_01.npy,1000,float64,0.0,0.49708148148148146,0.49708148148148146,0.49708148148148146,1.0,1.0,0.22677492307121938,0.22677492307121938,True
bp_fs200_signed,/home/test/bupt_hjk/sdp_dataset/xrf55/wifi/02_42_02.npy,1000,float64,0.0,0.5049037037037037,0.5049037037037037,0.5042666666666666,1.0,1.0,0.2385125866607348,0.2385125866607348,True
bp_fs200_signed,/home/test/bupt_hjk/sdp_dataset/xrf55/wifi/02_42_03.npy,1000,float64,0.0,0.5002666666666666,0.5002666666666666,0.5006222222222222,1.0,1.0,0.2349905461016572,0.2349905461016572,True
bp_fs200_signed,/home/test/bupt_hjk/sdp_dataset/xrf55/wifi/02_42_04.npy,1000,float64,0.0,0.5023148148148148,0.5023148148148148,0.5038814814814815,1.0,1.0,0.22509546583620657,0.22509546583620657,True
bp_fs200_signed,/home/test/bupt_hjk/sdp_dataset/xrf55/wifi/02_42_05.npy,1000,float64,0.0,0.4959037037037037,0.4959037037037037,0.49891851851851854,1.0,1.0,0.21817002187372558,0.21817002187372558,True
bp_fs200_signed,/home/test/bupt_hjk/sdp_dataset/xrf55/wifi/02_42_06.npy,1000,float64,0.0,0.49124814814814816,0.49124814814814816,0.4914074074074074,1.0,1.0,0.22957031105179254,0.22957031105179254,True
bp_fs200_signed,/home/test/bupt_hjk/sdp_dataset/xrf55/wifi/02_42_07.npy,1000,float64,0.0,0.5026814814814815,0.5026814814814815,0.5031555555555556,1.0,1.0,0.2279427575723872,0.2279427575723872,True
bp_fs200_signed,/home/test/bupt_hjk/sdp_dataset/xrf55/wifi/02_42_08.npy,1000,float64,0.0,0.508362962962963,0.508362962962963,0.5076148148148149,1.0,1.0,0.23660326993660327,0.23660326993660327,True
bp_fs200_signed,/home/test/bupt_hjk/sdp_dataset/xrf55/wifi/02_42_09.npy,1000,float64,0.0,0.5029148148148148,0.5029148148148148,0.5016888888888889,1.0,1.0,0.23740777814851888,0.23740777814851888,True
bp_fs200_signed,/home/test/bupt_hjk/sdp_dataset/xrf55/wifi/02_42_10.npy,1000,float64,0.0,0.5050740740740741,0.5050740740740741,0.5059851851851852,1.0,1.0,0.23880176472769066,0.23880176472769066,True
bp_fs200_signed,/home/test/bupt_hjk/sdp_dataset/xrf55/wifi/02_42_11.npy,1000,float64,0.0,0.5030518518518519,0.5030518518518519,0.5019481481481481,1.0,1.0,0.22787231676120565,0.22787231676120565,True
bp_fs200_signed,/home/test/bupt_hjk/sdp_dataset/xrf55/wifi/02_42_12.npy,1000,float64,0.0,0.5028703703703704,0.5028703703703704,0.5018222222222222,1.0,1.0,0.23209135060986913,0.23209135060986913,True
bp_fs200_signed,/home/test/bupt_hjk/sdp_dataset/xrf55/wifi/02_42_13.npy,1000,float64,0.0,0.5033074074074074,0.5033074074074074,0.5035407407407407,1.0,1.0,0.22636340043747452,0.22636340043747452,True
bp_fs200_signed,/home/test/bupt_hjk/sdp_dataset/xrf55/wifi/02_42_14.npy,1000,float64,0.0,0.5078888888888888,0.5078888888888888,0.5091851851851852,1.0,1.0,0.22577762948133318,0.22577762948133318,True
bp_fs200_signed,/home/test/bupt_hjk/sdp_dataset/xrf55/wifi/02_42_15.npy,1000,float64,0.0,0.5018703703703704,0.5018703703703704,0.5004888888888889,1.0,1.0,0.22980017054091129,0.22980017054091129,True
bp_fs200_signed,/home/test/bupt_hjk/sdp_dataset/xrf55/wifi/02_42_16.npy,1000,float64,0.0,0.5048555555555555,0.5048555555555555,0.5055407407407407,1.0,1.0,0.2152893634375116,0.2152893634375116,True
bp_fs200_signed,/home/test/bupt_hjk/sdp_dataset/xrf55/wifi/02_42_17.npy,1000,float64,0.0,0.49665925925925924,0.49665925925925924,0.4961185185185185,1.0,1.0,0.22452452452452454,0.22452452452452454,True
bp_fs200_signed,/home/test/bupt_hjk/sdp_dataset/xrf55/wifi/02_42_18.npy,1000,float64,0.0,0.5005851851851851,0.5005851851851851,0.5008814814814815,1.0,1.0,0.22843584325065808,0.22843584325065808,True
bp_fs200_signed,/home/test/bupt_hjk/sdp_dataset/xrf55/wifi/02_42_19.npy,1000,float64,0.0,0.5051962962962963,0.5051962962962963,0.5065185185185185,1.0,1.0,0.23355577800022245,0.23355577800022245,True
bp_fs200_signed,/home/test/bupt_hjk/sdp_dataset/xrf55/wifi/02_42_20.npy,1000,float64,0.0,0.49872962962962963,0.49872962962962963,0.49864444444444445,1.0,1.0,0.2196789381974567,0.2196789381974567,True
bp_fs200_signed,/home/test/bupt_hjk/sdp_dataset/xrf55/wifi/02_43_01.npy,1000,float64,0.0,0.5002740740740741,0.5002740740740741,0.49997037037037034,1.0,1.0,0.24156007859711565,0.24156007859711565,True
bp_fs200_signed,/home/test/bupt_hjk/sdp_dataset/xrf55/wifi/02_43_02.npy,1000,float64,0.0,0.5007666666666667,0.5007666666666667,0.5012740740740741,1.0,1.0,0.24108923738553367,0.24108923738553367,True
bp_fs200_signed,/home/test/bupt_hjk/sdp_dataset/xrf55/wifi/02_43_03.npy,1000,float64,0.0,0.5032148148148148,0.5032148148148148,0.5021703703703704,1.0,1.0,0.24536388240091944,0.24536388240091944,True
bp_fs200_signed,/home/test/bupt_hjk/sdp_dataset/xrf55/wifi/02_43_04.npy,1000,float64,0.0,0.5021518518518518,0.5021518518518518,0.5006814814814815,1.0,1.0,0.24001408816223632,0.24001408816223632,True
bp_fs200_signed,/home/test/bupt_hjk/sdp_dataset/xrf55/wifi/02_43_05.npy,1000,float64,0.0,0.5061888888888889,0.5061888888888889,0.5054592592592593,1.0,1.0,0.24178623067511956,0.24178623067511956,True
bp_fs200_signed,/home/test/bupt_hjk/sdp_dataset/xrf55/wifi/02_43_06.npy,1000,float64,0.0,0.4981111111111111,0.4981111111111111,0.4970888888888889,1.0,1.0,0.2433136840544248,0.2433136840544248,True
bp_fs200_signed,/home/test/bupt_hjk/sdp_dataset/xrf55/wifi/02_43_07.npy,1000,float64,0.0,0.49784074074074075,0.49784074074074075,0.49723703703703703,1.0,1.0,0.24234975716457197,0.24234975716457197,True
bp_fs200_signed,/home/test/bupt_hjk/sdp_dataset/xrf55/wifi/02_43_08.npy,1000,float64,0.0,0.5014222222222222,0.5014222222222222,0.5015777777777778,1.0,1.0,0.2398880361843325,0.2398880361843325,True
bp_fs200_signed,/home/test/bupt_hjk/sdp_dataset/xrf55/wifi/02_43_09.npy,1000,float64,0.0,0.4882185185185185,0.4882185185185185,0.4895407407407407,1.0,1.0,0.2382271160048938,0.2382271160048938,True
bp_fs200_signed,/home/test/bupt_hjk/sdp_dataset/xrf55/wifi/02_43_10.npy,1000,float64,0.0,0.500862962962963,0.500862962962963,0.4993185185185185,1.0,1.0,0.24366588811033255,0.24366588811033255,True
bp_fs200_signed,/home/test/bupt_hjk/sdp_dataset/xrf55/wifi/02_43_11.npy,1000,float64,0.0,0.5073740740740741,0.5073740740740741,0.506362962962963,1.0,1.0,0.2444518592666741,0.2444518592666741,True
bp_fs200_signed,/home/test/bupt_hjk/sdp_dataset/xrf55/wifi/02_43_12.npy,1000,float64,0.0,0.5044148148148148,0.5044148148148148,0.5048888888888889,1.0,1.0,0.24815185555926297,0.24815185555926297,True
bp_fs200_signed,/home/test/bupt_hjk/sdp_dataset/xrf55/wifi/02_43_13.npy,1000,float64,0.0,0.5026,0.5026,0.5052666666666666,1.0,1.0,0.24806287769250732,0.24806287769250732,True
bp_fs200_signed,/home/test/bupt_hjk/sdp_dataset/xrf55/wifi/02_43_14.npy,1000,float64,0.0,0.502225925925926,0.502225925925926,0.5022888888888889,1.0,1.0,0.24674303933563194,0.24674303933563194,True
bp_fs200_signed,/home/test/bupt_hjk/sdp_dataset/xrf55/wifi/02_43_15.npy,1000,float64,0.0,0.4982111111111111,0.4982111111111111,0.4985703703703704,1.0,1.0,0.24752159566974383,0.24752159566974383,True
bp_fs200_signed,/home/test/bupt_hjk/sdp_dataset/xrf55/wifi/02_43_16.npy,1000,float64,0.0,0.5022740740740741,0.5022740740740741,0.5027259259259259,1.0,1.0,0.24149705260816373,0.24149705260816373,True
bp_fs200_signed,/home/test/bupt_hjk/sdp_dataset/xrf55/wifi/02_43_17.npy,1000,float64,0.0,0.5076148148148149,0.5076148148148149,0.5070148148148148,1.0,1.0,0.24448522596670744,0.24448522596670744,True
bp_fs200_signed,/home/test/bupt_hjk/sdp_dataset/xrf55/wifi/02_43_18.npy,1000,float64,0.0,0.5012185185185185,0.5012185185185185,0.5020740740740741,1.0,1.0,0.24348793237682126,0.24348793237682126,True
bp_fs200_signed,/home/test/bupt_hjk/sdp_dataset/xrf55/wifi/02_43_19.npy,1000,float64,0.0,0.49497407407407407,0.49497407407407407,0.49547407407407407,1.0,1.0,0.2417751084417751,0.2417751084417751,True
bp_fs200_signed,/home/test/bupt_hjk/sdp_dataset/xrf55/wifi/02_43_20.npy,1000,float64,0.0,0.5019185185185185,0.5019185185185185,0.4998592592592593,1.0,1.0,0.2440514588662737,0.2440514588662737,True
bp_fs200_signed,/home/test/bupt_hjk/sdp_dataset/xrf55/wifi/02_44_01.npy,1000,float64,0.0,0.4988592592592593,0.4988592592592593,0.49824444444444443,1.0,1.0,0.22622993363734104,0.22622993363734104,True
bp_fs200_signed,/home/test/bupt_hjk/sdp_dataset/xrf55/wifi/02_44_02.npy,1000,float64,0.0,0.5018703703703704,0.5018703703703704,0.5032222222222222,1.0,1.0,0.22450598746895042,0.22450598746895042,True
bp_fs200_signed,/home/test/bupt_hjk/sdp_dataset/xrf55/wifi/02_44_03.npy,1000,float64,0.0,0.4947888888888889,0.4947888888888889,0.4947037037037037,1.0,1.0,0.21983094205316428,0.21983094205316428,True
bp_fs200_signed,/home/test/bupt_hjk/sdp_dataset/xrf55/wifi/02_44_04.npy,1000,float64,0.0,0.5046,0.5046,0.5043481481481481,1.0,1.0,0.2232788343899455,0.2232788343899455,True
bp_fs200_signed,/home/test/bupt_hjk/sdp_dataset/xrf55/wifi/02_44_05.npy,1000,float64,0.0,0.4997962962962963,0.4997962962962963,0.4981481481481482,1.0,1.0,0.23157231305379453,0.23157231305379453,True
bp_fs200_signed,/home/test/bupt_hjk/sdp_dataset/xrf55/wifi/02_44_06.npy,1000,float64,0.0,0.5014814814814815,0.5014814814814815,0.5020370370370371,1.0,1.0,0.22618915211507803,0.22618915211507803,True
bp_fs200_signed,/home/test/bupt_hjk/sdp_dataset/xrf55/wifi/02_44_07.npy,1000,float64,0.0,0.5027481481481482,0.5027481481481482,0.5028148148148148,1.0,1.0,0.23162050939828718,0.23162050939828718,True
bp_fs200_signed,/home/test/bupt_hjk/sdp_dataset/xrf55/wifi/02_44_08.npy,1000,float64,0.0,0.5033185185185185,0.5033185185185185,0.5033851851851852,1.0,1.0,0.21461461461461462,0.21461461461461462,True
bp_fs200_signed,/home/test/bupt_hjk/sdp_dataset/xrf55/wifi/02_44_09.npy,1000,float64,0.0,0.5058555555555555,0.5058555555555555,0.5075259259259259,1.0,1.0,0.21368776183590998,0.21368776183590998,True
bp_fs200_signed,/home/test/bupt_hjk/sdp_dataset/xrf55/wifi/02_44_10.npy,1000,float64,0.0,0.5038592592592592,0.5038592592592592,0.5054074074074074,1.0,1.0,0.21809216624031438,0.21809216624031438,True
bp_fs200_signed,/home/test/bupt_hjk/sdp_dataset/xrf55/wifi/02_44_11.npy,1000,float64,0.0,0.5080333333333333,0.5080333333333333,0.5074814814814815,1.0,1.0,0.22076150224298371,0.22076150224298371,True
bp_fs200_signed,/home/test/bupt_hjk/sdp_dataset/xrf55/wifi/02_44_12.npy,1000,float64,0.0,0.5007962962962963,0.5007962962962963,0.4990222222222222,1.0,1.0,0.2182738293849405,0.2182738293849405,True
bp_fs200_signed,/home/test/bupt_hjk/sdp_dataset/xrf55/wifi/02_44_13.npy,1000,float64,0.0,0.49898888888888887,0.49898888888888887,0.4980962962962963,1.0,1.0,0.22070218366514663,0.22070218366514663,True
bp_fs200_signed,/home/test/bupt_hjk/sdp_dataset/xrf55/wifi/02_44_14.npy,1000,float64,0.0,0.5008666666666667,0.5008666666666667,0.5020814814814815,1.0,1.0,0.21812924035146258,0.21812924035146258,True
bp_fs200_signed,/home/test/bupt_hjk/sdp_dataset/xrf55/wifi/02_44_15.npy,1000,float64,0.0,0.4982333333333333,0.4982333333333333,0.4976814814814815,1.0,1.0,0.2152337522707893,0.2152337522707893,True
bp_fs200_signed,/home/test/bupt_hjk/sdp_dataset/xrf55/wifi/02_44_16.npy,1000,float64,0.0,0.49641111111111114,0.49641111111111114,0.49466666666666664,1.0,1.0,0.22595187780372966,0.22595187780372966,True
bp_fs200_signed,/home/test/bupt_hjk/sdp_dataset/xrf55/wifi/02_44_17.npy,1000,float64,0.0,0.5072185185185185,0.5072185185185185,0.5083851851851852,1.0,1.0,0.2288844399955511,0.2288844399955511,True
bp_fs200_signed,/home/test/bupt_hjk/sdp_dataset/xrf55/wifi/02_44_18.npy,1000,float64,0.0,0.4990074074074074,0.4990074074074074,0.49773333333333336,1.0,1.0,0.22870648426203982,0.22870648426203982,True
bp_fs200_signed,/home/test/bupt_hjk/sdp_dataset/xrf55/wifi/02_44_19.npy,1000,float64,0.0,0.49735555555555555,0.49735555555555555,0.4948888888888889,1.0,1.0,0.22802432061691322,0.22802432061691322,True
bp_fs200_signed,/home/test/bupt_hjk/sdp_dataset/xrf55/wifi/02_44_20.npy,1000,float64,0.0,0.49862222222222224,0.49862222222222224,0.49905185185185186,1.0,1.0,0.21846290735179624,0.21846290735179624,True
bp_fs200_signed,/home/test/bupt_hjk/sdp_dataset/xrf55/wifi/02_45_01.npy,1000,float64,0.0,0.5128370370370371,0.5128370370370371,0.5127037037037037,1.0,1.0,0.19611834056278502,0.19611834056278502,True
bp_fs200_signed,/home/test/bupt_hjk/sdp_dataset/xrf55/wifi/02_45_02.npy,1000,float64,0.0,0.49522962962962963,0.49522962962962963,0.49645925925925927,1.0,1.0,0.21958254550847142,0.21958254550847142,True
bp_fs200_signed,/home/test/bupt_hjk/sdp_dataset/xrf55/wifi/02_45_03.npy,1000,float64,0.0,0.49754444444444446,0.49754444444444446,0.4981777777777778,1.0,1.0,0.20339228117005895,0.20339228117005895,True
bp_fs200_signed,/home/test/bupt_hjk/sdp_dataset/xrf55/wifi/02_45_04.npy,1000,float64,0.0,0.4956740740740741,0.4956740740740741,0.4963925925925926,1.0,1.0,0.2182182182182182,0.2182182182182182,True
bp_fs200_signed,/home/test/bupt_hjk/sdp_dataset/xrf55/wifi/02_45_05.npy,1000,float64,0.0,0.5006444444444444,0.5006444444444444,0.5005777777777778,1.0,1.0,0.21197864531197866,0.21197864531197866,True
bp_fs200_signed,/home/test/bupt_hjk/sdp_dataset/xrf55/wifi/02_45_06.npy,1000,float64,0.0,0.4982037037037037,0.4982037037037037,0.49879259259259257,1.0,1.0,0.21988284580877174,0.21988284580877174,True
bp_fs200_signed,/home/test/bupt_hjk/sdp_dataset/xrf55/wifi/02_45_07.npy,1000,float64,0.0,0.4955703703703704,0.4955703703703704,0.4965185185185185,1.0,1.0,0.20974307640974307,0.20974307640974307,True
bp_fs200_signed,/home/test/bupt_hjk/sdp_dataset/xrf55/wifi/02_45_08.npy,1000,float64,0.0,0.5003111111111112,0.5003111111111112,0.5000148148148148,1.0,1.0,0.21406591776962147,0.21406591776962147,True
bp_fs200_signed,/home/test/bupt_hjk/sdp_dataset/xrf55/wifi/02_45_09.npy,1000,float64,0.0,0.49626296296296296,0.49626296296296296,0.49536296296296295,1.0,1.0,0.2129092055017981,0.2129092055017981,True
bp_fs200_signed,/home/test/bupt_hjk/sdp_dataset/xrf55/wifi/02_45_10.npy,1000,float64,0.0,0.48657407407407405,0.48657407407407405,0.4870148148148148,1.0,1.0,0.21188225262299337,0.21188225262299337,True
bp_fs200_signed,/home/test/bupt_hjk/sdp_dataset/xrf55/wifi/02_45_11.npy,1000,float64,0.0,0.503362962962963,0.503362962962963,0.5021629629629629,1.0,1.0,0.2094650205761317,0.2094650205761317,True
bp_fs200_signed,/home/test/bupt_hjk/sdp_dataset/xrf55/wifi/02_45_12.npy,1000,float64,0.0,0.498837037037037,0.498837037037037,0.4984074074074074,1.0,1.0,0.20988025062099136,0.20988025062099136,True
bp_fs200_signed,/home/test/bupt_hjk/sdp_dataset/xrf55/wifi/02_45_13.npy,1000,float64,0.0,0.49777037037037036,0.49777037037037036,0.49735555555555555,1.0,1.0,0.2093686278871464,0.2093686278871464,True
bp_fs200_signed,/home/test/bupt_hjk/sdp_dataset/xrf55/wifi/02_45_14.npy,1000,float64,0.0,0.5066148148148149,0.5066148148148149,0.5078666666666667,1.0,1.0,0.20291031772513254,0.20291031772513254,True
bp_fs200_signed,/home/test/bupt_hjk/sdp_dataset/xrf55/wifi/02_45_15.npy,1000,float64,0.0,0.5067777777777778,0.5067777777777778,0.5060074074074075,1.0,1.0,0.1899529158788418,0.1899529158788418,True
bp_fs200_signed,/home/test/bupt_hjk/sdp_dataset/xrf55/wifi/02_45_16.npy,1000,float64,0.0,0.5039,0.5039,0.5024962962962963,1.0,1.0,0.20092314536758982,0.20092314536758982,True
bp_fs200_signed,/home/test/bupt_hjk/sdp_dataset/xrf55/wifi/02_45_17.npy,1000,float64,0.0,0.500662962962963,0.500662962962963,0.4999037037037037,1.0,1.0,0.20607273940607274,0.20607273940607274,True
bp_fs200_signed,/home/test/bupt_hjk/sdp_dataset/xrf55/wifi/02_45_18.npy,1000,float64,0.0,0.49646666666666667,0.49646666666666667,0.4958740740740741,1.0,1.0,0.2041041041041041,0.2041041041041041,True
bp_fs200_signed,/home/test/bupt_hjk/sdp_dataset/xrf55/wifi/02_45_19.npy,1000,float64,0.0,0.5003148148148148,0.5003148148148148,0.5005777777777778,1.0,1.0,0.19532495458421384,0.19532495458421384,True
bp_fs200_signed,/home/test/bupt_hjk/sdp_dataset/xrf55/wifi/02_45_20.npy,1000,float64,0.0,0.4985962962962963,0.4985962962962963,0.4989925925925926,1.0,1.0,0.20314759203648092,0.20314759203648092,True
bp_fs200_signed,/home/test/bupt_hjk/sdp_dataset/xrf55/wifi/02_46_01.npy,1000,float64,0.0,0.5024296296296297,0.5024296296296297,0.5026296296296296,1.0,1.0,0.1802617432247062,0.1802617432247062,True
bp_fs200_signed,/home/test/bupt_hjk/sdp_dataset/xrf55/wifi/02_46_02.npy,1000,float64,0.0,0.5016259259259259,0.5016259259259259,0.499,1.0,1.0,0.20433767100433767,0.20433767100433767,True
bp_fs200_signed,/home/test/bupt_hjk/sdp_dataset/xrf55/wifi/02_46_03.npy,1000,float64,0.0,0.5051888888888889,0.5051888888888889,0.5049555555555556,1.0,1.0,0.15559262966670373,0.15559262966670373,True
bp_fs200_signed,/home/test/bupt_hjk/sdp_dataset/xrf55/wifi/02_46_04.npy,1000,float64,0.0,0.49503703703703705,0.49503703703703705,0.49573333333333336,1.0,1.0,0.18058799540281023,0.18058799540281023,True
bp_fs200_signed,/home/test/bupt_hjk/sdp_dataset/xrf55/wifi/02_46_05.npy,1000,float64,0.0,0.49845925925925927,0.49845925925925927,0.4982888888888889,1.0,1.0,0.1647276906536166,0.1647276906536166,True
bp_fs200_signed,/home/test/bupt_hjk/sdp_dataset/xrf55/wifi/02_46_06.npy,1000,float64,0.0,0.5080296296296296,0.5080296296296296,0.5108,1.0,1.0,0.16498350202053905,0.16498350202053905,True
bp_fs200_signed,/home/test/bupt_hjk/sdp_dataset/xrf55/wifi/02_46_07.npy,1000,float64,0.0,0.49128518518518516,0.49128518518518516,0.49376296296296296,1.0,1.0,0.18357246135023914,0.18357246135023914,True
bp_fs200_signed,/home/test/bupt_hjk/sdp_dataset/xrf55/wifi/02_46_08.npy,1000,float64,0.0,0.48924814814814815,0.48924814814814815,0.4885333333333333,1.0,1.0,0.16400474548622695,0.16400474548622695,True
bp_fs200_signed,/home/test/bupt_hjk/sdp_dataset/xrf55/wifi/02_46_09.npy,1000,float64,0.0,0.5030888888888889,0.5030888888888889,0.5048814814814815,1.0,1.0,0.19983316649983315,0.19983316649983315,True
bp_fs200_signed,/home/test/bupt_hjk/sdp_dataset/xrf55/wifi/02_46_10.npy,1000,float64,0.0,0.500337037037037,0.500337037037037,0.5002148148148148,1.0,1.0,0.20385200014829644,0.20385200014829644,True
bp_fs200_signed,/home/test/bupt_hjk/sdp_dataset/xrf55/wifi/02_46_11.npy,1000,float64,0.0,0.4855962962962963,0.4855962962962963,0.48564444444444443,1.0,1.0,0.17510473436399362,0.17510473436399362,True
bp_fs200_signed,/home/test/bupt_hjk/sdp_dataset/xrf55/wifi/02_46_12.npy,1000,float64,0.0,0.5210333333333333,0.5210333333333333,0.5222296296296296,1.0,1.0,0.15122900678456233,0.15122900678456233,True
bp_fs200_signed,/home/test/bupt_hjk/sdp_dataset/xrf55/wifi/02_46_13.npy,1000,float64,0.0,0.5079888888888889,0.5079888888888889,0.509237037037037,1.0,1.0,0.15393170948726503,0.15393170948726503,True
bp_fs200_signed,/home/test/bupt_hjk/sdp_dataset/xrf55/wifi/02_46_14.npy,1000,float64,0.0,0.5119259259259259,0.5119259259259259,0.5102444444444444,1.0,1.0,0.1527601675749824,0.1527601675749824,True
bp_fs200_signed,/home/test/bupt_hjk/sdp_dataset/xrf55/wifi/02_46_15.npy,1000,float64,0.0,0.49064074074074077,0.49064074074074077,0.49036296296296294,1.0,1.0,0.18627516405294184,0.18627516405294184,True
bp_fs200_signed,/home/test/bupt_hjk/sdp_dataset/xrf55/wifi/02_46_16.npy,1000,float64,0.0,0.4886037037037037,0.4886037037037037,0.48872592592592595,1.0,1.0,0.18483298112927743,0.18483298112927743,True
bp_fs200_signed,/home/test/bupt_hjk/sdp_dataset/xrf55/wifi/02_46_17.npy,1000,float64,0.0,0.4963888888888889,0.4963888888888889,0.4964148148148148,1.0,1.0,0.17809290772253736,0.17809290772253736,True
bp_fs200_signed,/home/test/bupt_hjk/sdp_dataset/xrf55/wifi/02_46_18.npy,1000,float64,0.0,0.5024777777777778,0.5024777777777778,0.5007407407407407,1.0,1.0,0.17372928484039596,0.17372928484039596,True
bp_fs200_signed,/home/test/bupt_hjk/sdp_dataset/xrf55/wifi/02_46_19.npy,1000,float64,0.0,0.4960555555555556,0.4960555555555556,0.4964222222222222,1.0,1.0,0.17817447076706336,0.17817447076706336,True
bp_fs200_signed,/home/test/bupt_hjk/sdp_dataset/xrf55/wifi/02_46_20.npy,1000,float64,0.0,0.49899629629629627,0.49899629629629627,0.4978518518518519,1.0,1.0,0.17058910762614465,0.17058910762614465,True
bp_fs200_signed,/home/test/bupt_hjk/sdp_dataset/xrf55/wifi/02_47_01.npy,1000,float64,0.0,0.5005481481481482,0.5005481481481482,0.5000592592592593,1.0,1.0,0.1809624439254069,0.1809624439254069,True
bp_fs200_signed,/home/test/bupt_hjk/sdp_dataset/xrf55/wifi/02_47_02.npy,1000,float64,0.0,0.4974148148148148,0.4974148148148148,0.4978222222222222,1.0,1.0,0.18403959515070625,0.18403959515070625,True
bp_fs200_signed,/home/test/bupt_hjk/sdp_dataset/xrf55/wifi/02_47_03.npy,1000,float64,0.0,0.5006407407407407,0.5006407407407407,0.5005185185185185,1.0,1.0,0.19647795944092242,0.19647795944092242,True
bp_fs200_signed,/home/test/bupt_hjk/sdp_dataset/xrf55/wifi/02_47_04.npy,1000,float64,0.0,0.5135740740740741,0.5135740740740741,0.5150518518518519,1.0,1.0,0.17706966225484744,0.17706966225484744,True
bp_fs200_signed,/home/test/bupt_hjk/sdp_dataset/xrf55/wifi/02_47_05.npy,1000,float64,0.0,0.49705925925925926,0.49705925925925926,0.4976,1.0,1.0,0.1734363993623253,0.1734363993623253,True
bp_fs200_signed,/home/test/bupt_hjk/sdp_dataset/xrf55/wifi/02_47_06.npy,1000,float64,0.0,0.5109370370370371,0.5109370370370371,0.5120518518518519,1.0,1.0,0.19689318948578208,0.19689318948578208,True
bp_fs200_signed,/home/test/bupt_hjk/sdp_dataset/xrf55/wifi/02_47_07.npy,1000,float64,0.0,0.5003518518518518,0.5003518518518518,0.4992666666666667,1.0,1.0,0.16843880917954993,0.16843880917954993,True
bp_fs200_signed,/home/test/bupt_hjk/sdp_dataset/xrf55/wifi/02_47_08.npy,1000,float64,0.0,0.49803333333333333,0.49803333333333333,0.49824444444444443,1.0,1.0,0.20579839098357616,0.20579839098357616,True
bp_fs200_signed,/home/test/bupt_hjk/sdp_dataset/xrf55/wifi/02_47_09.npy,1000,float64,0.0,0.5019666666666667,0.5019666666666667,0.5015777777777778,1.0,1.0,0.18821784747710674,0.18821784747710674,True
bp_fs200_signed,/home/test/bupt_hjk/sdp_dataset/xrf55/wifi/02_47_10.npy,1000,float64,0.0,0.5029185185185185,0.5029185185185185,0.5038444444444444,1.0,1.0,0.18977866755644535,0.18977866755644535,True
bp_fs200_signed,/home/test/bupt_hjk/sdp_dataset/xrf55/wifi/02_47_11.npy,1000,float64,0.0,0.4985185185185185,0.4985185185185185,0.49834074074074075,1.0,1.0,0.19078708337967598,0.19078708337967598,True
bp_fs200_signed,/home/test/bupt_hjk/sdp_dataset/xrf55/wifi/02_47_12.npy,1000,float64,0.0,0.4916962962962963,0.4916962962962963,0.4926,1.0,1.0,0.19701182664145628,0.19701182664145628,True
bp_fs200_signed,/home/test/bupt_hjk/sdp_dataset/xrf55/wifi/02_47_13.npy,1000,float64,0.0,0.5057407407407407,0.5057407407407407,0.5062444444444445,1.0,1.0,0.19146183220257296,0.19146183220257296,True
bp_fs200_signed,/home/test/bupt_hjk/sdp_dataset/xrf55/wifi/02_47_14.npy,1000,float64,0.0,0.48976296296296296,0.48976296296296296,0.49107407407407405,1.0,1.0,0.20032995958921884,0.20032995958921884,True
bp_fs200_signed,/home/test/bupt_hjk/sdp_dataset/xrf55/wifi/02_47_15.npy,1000,float64,0.0,0.5010555555555556,0.5010555555555556,0.5014444444444445,1.0,1.0,0.19741222704185668,0.19741222704185668,True
bp_fs200_signed,/home/test/bupt_hjk/sdp_dataset/xrf55/wifi/02_47_16.npy,1000,float64,0.0,0.4942814814814815,0.4942814814814815,0.4963925925925926,1.0,1.0,0.1956771586401216,0.1956771586401216,True
bp_fs200_signed,/home/test/bupt_hjk/sdp_dataset/xrf55/wifi/02_47_17.npy,1000,float64,0.0,0.48884814814814814,0.48884814814814814,0.4897037037037037,1.0,1.0,0.1985615244874504,0.1985615244874504,True
bp_fs200_signed,/home/test/bupt_hjk/sdp_dataset/xrf55/wifi/02_47_18.npy,1000,float64,0.0,0.4965185185185185,0.4965185185185185,0.49591851851851854,1.0,1.0,0.21627924220516814,0.21627924220516814,True
bp_fs200_signed,/home/test/bupt_hjk/sdp_dataset/xrf55/wifi/02_47_19.npy,1000,float64,0.0,0.49426296296296296,0.49426296296296296,0.4951407407407407,1.0,1.0,0.19958476995514032,0.19958476995514032,True
bp_fs200_signed,/home/test/bupt_hjk/sdp_dataset/xrf55/wifi/02_47_20.npy,1000,float64,0.0,0.5070407407407408,0.5070407407407408,0.5083555555555556,1.0,1.0,0.21178956734512291,0.21178956734512291,True
bp_fs200_signed,/home/test/bupt_hjk/sdp_dataset/xrf55/wifi/02_48_01.npy,1000,float64,0.0,0.4993962962962963,0.4993962962962963,0.499162962962963,1.0,1.0,0.15885515144774404,0.15885515144774404,True
bp_fs200_signed,/home/test/bupt_hjk/sdp_dataset/xrf55/wifi/02_48_02.npy,1000,float64,0.0,0.49371481481481483,0.49371481481481483,0.49323703703703703,1.0,1.0,0.15751306862417974,0.15751306862417974,True
bp_fs200_signed,/home/test/bupt_hjk/sdp_dataset/xrf55/wifi/02_48_03.npy,1000,float64,0.0,0.5009,0.5009,0.5025481481481482,1.0,1.0,0.16777889000111224,0.16777889000111224,True
bp_fs200_signed,/home/test/bupt_hjk/sdp_dataset/xrf55/wifi/02_48_04.npy,1000,float64,0.0,0.5045703703703703,0.5045703703703703,0.5034592592592593,1.0,1.0,0.17833018203388573,0.17833018203388573,True
bp_fs200_signed,/home/test/bupt_hjk/sdp_dataset/xrf55/wifi/02_48_05.npy,1000,float64,0.0,0.5059555555555556,0.5059555555555556,0.5083703703703704,1.0,1.0,0.18253438623808993,0.18253438623808993,True
bp_fs200_signed,/home/test/bupt_hjk/sdp_dataset/xrf55/wifi/02_48_06.npy,1000,float64,0.0,0.5037851851851852,0.5037851851851852,0.5050222222222223,1.0,1.0,0.17605383160938717,0.17605383160938717,True
bp_fs200_signed,/home/test/bupt_hjk/sdp_dataset/xrf55/wifi/02_48_07.npy,1000,float64,0.0,0.4958962962962963,0.4958962962962963,0.4952888888888889,1.0,1.0,0.18779149519890262,0.18779149519890262,True
bp_fs200_signed,/home/test/bupt_hjk/sdp_dataset/xrf55/wifi/02_48_08.npy,1000,float64,0.0,0.4956037037037037,0.4956037037037037,0.49537777777777775,1.0,1.0,0.16434211989767544,0.16434211989767544,True
bp_fs200_signed,/home/test/bupt_hjk/sdp_dataset/xrf55/wifi/02_48_09.npy,1000,float64,0.0,0.4938222222222222,0.4938222222222222,0.4925185185185185,1.0,1.0,0.18059541022503986,0.18059541022503986,True
bp_fs200_signed,/home/test/bupt_hjk/sdp_dataset/xrf55/wifi/02_48_10.npy,1000,float64,0.0,0.5050481481481481,0.5050481481481481,0.5056518518518518,1.0,1.0,0.16161346531716902,0.16161346531716902,True
bp_fs200_signed,/home/test/bupt_hjk/sdp_dataset/xrf55/wifi/02_48_11.npy,1000,float64,0.0,0.500662962962963,0.500662962962963,0.4975333333333333,1.0,1.0,0.17257627998368738,0.17257627998368738,True
bp_fs200_signed,/home/test/bupt_hjk/sdp_dataset/xrf55/wifi/02_48_12.npy,1000,float64,0.0,0.4872814814814815,0.4872814814814815,0.48916296296296297,1.0,1.0,0.1846105364623883,0.1846105364623883,True
bp_fs200_signed,/home/test/bupt_hjk/sdp_dataset/xrf55/wifi/02_48_13.npy,1000,float64,0.0,0.49885555555555555,0.49885555555555555,0.5007111111111111,1.0,1.0,0.17517517517517517,0.17517517517517517,True
bp_fs200_signed,/home/test/bupt_hjk/sdp_dataset/xrf55/wifi/02_48_14.npy,1000,float64,0.0,0.5052777777777778,0.5052777777777778,0.5046888888888889,1.0,1.0,0.18479219960701443,0.18479219960701443,True
bp_fs200_signed,/home/test/bupt_hjk/sdp_dataset/xrf55/wifi/02_48_15.npy,1000,float64,0.0,0.5012962962962964,0.5012962962962964,0.5018666666666667,1.0,1.0,0.17243169095020947,0.17243169095020947,True
bp_fs200_signed,/home/test/bupt_hjk/sdp_dataset/xrf55/wifi/02_48_16.npy,1000,float64,0.0,0.48024074074074075,0.48024074074074075,0.4789111111111111,1.0,1.0,0.18435101768435103,0.18435101768435103,True
bp_fs200_signed,/home/test/bupt_hjk/sdp_dataset/xrf55/wifi/02_48_17.npy,1000,float64,0.0,0.49824814814814816,0.49824814814814816,0.4978814814814815,1.0,1.0,0.1875727579431283,0.1875727579431283,True
bp_fs200_signed,/home/test/bupt_hjk/sdp_dataset/xrf55/wifi/02_48_18.npy,1000,float64,0.0,0.49552962962962965,0.49552962962962965,0.49475555555555556,1.0,1.0,0.1798465131798465,0.1798465131798465,True
bp_fs200_signed,/home/test/bupt_hjk/sdp_dataset/xrf55/wifi/02_48_19.npy,1000,float64,0.0,0.510462962962963,0.510462962962963,0.5091333333333333,1.0,1.0,0.17212026841656472,0.17212026841656472,True
bp_fs200_signed,/home/test/bupt_hjk/sdp_dataset/xrf55/wifi/02_48_20.npy,1000,float64,0.0,0.5049888888888889,0.5049888888888889,0.5049777777777777,1.0,1.0,0.17463760056352648,0.17463760056352648,True
bp_fs200_signed,/home/test/bupt_hjk/sdp_dataset/xrf55/wifi/02_49_01.npy,1000,float64,0.0,0.48987037037037034,0.48987037037037034,0.49032592592592594,1.0,1.0,0.1761576391206021,0.1761576391206021,True
bp_fs200_signed,/home/test/bupt_hjk/sdp_dataset/xrf55/wifi/02_49_02.npy,1000,float64,0.0,0.5043185185185185,0.5043185185185185,0.5045111111111111,1.0,1.0,0.17661365068772475,0.17661365068772475,True
bp_fs200_signed,/home/test/bupt_hjk/sdp_dataset/xrf55/wifi/02_49_03.npy,1000,float64,0.0,0.4908851851851852,0.4908851851851852,0.4911185185185185,1.0,1.0,0.18903718533348163,0.18903718533348163,True
bp_fs200_signed,/home/test/bupt_hjk/sdp_dataset/xrf55/wifi/02_49_04.npy,1000,float64,0.0,0.48710740740740743,0.48710740740740743,0.4876814814814815,1.0,1.0,0.18513328142957772,0.18513328142957772,True
bp_fs200_signed,/home/test/bupt_hjk/sdp_dataset/xrf55/wifi/02_49_05.npy,1000,float64,0.0,0.4981481481481482,0.4981481481481482,0.49664444444444444,1.0,1.0,0.18840692544396248,0.18840692544396248,True
bp_fs200_signed,/home/test/bupt_hjk/sdp_dataset/xrf55/wifi/02_49_06.npy,1000,float64,0.0,0.47705555555555557,0.47705555555555557,0.47802222222222224,1.0,1.0,0.1885922959997034,0.1885922959997034,True
bp_fs200_signed,/home/test/bupt_hjk/sdp_dataset/xrf55/wifi/02_49_07.npy,1000,float64,0.0,0.5012518518518518,0.5012518518518518,0.5016814814814815,1.0,1.0,0.17884921958996033,0.17884921958996033,True
bp_fs200_signed,/home/test/bupt_hjk/sdp_dataset/xrf55/wifi/02_49_08.npy,1000,float64,0.0,0.5211592592592592,0.5211592592592592,0.5218666666666667,1.0,1.0,0.18719830942053164,0.18719830942053164,True
bp_fs200_signed,/home/test/bupt_hjk/sdp_dataset/xrf55/wifi/02_49_09.npy,1000,float64,0.0,0.4879777777777778,0.4879777777777778,0.4905111111111111,1.0,1.0,0.1840914989063137,0.1840914989063137,True
bp_fs200_signed,/home/test/bupt_hjk/sdp_dataset/xrf55/wifi/02_49_10.npy,1000,float64,0.0,0.4950259259259259,0.4950259259259259,0.49463703703703704,1.0,1.0,0.19556593630667704,0.19556593630667704,True
bp_fs200_signed,/home/test/bupt_hjk/sdp_dataset/xrf55/wifi/02_49_11.npy,1000,float64,0.0,0.4977666666666667,0.4977666666666667,0.49694074074074074,1.0,1.0,0.1992585177770363,0.1992585177770363,True
bp_fs200_signed,/home/test/bupt_hjk/sdp_dataset/xrf55/wifi/02_49_12.npy,1000,float64,0.0,0.4922666666666667,0.4922666666666667,0.4915777777777778,1.0,1.0,0.18719460200941682,0.18719460200941682,True
bp_fs200_signed,/home/test/bupt_hjk/sdp_dataset/xrf55/wifi/02_49_13.npy,1000,float64,0.0,0.48845555555555553,0.48845555555555553,0.4882148148148148,1.0,1.0,0.1883476068661254,0.1883476068661254,True
bp_fs200_signed,/home/test/bupt_hjk/sdp_dataset/xrf55/wifi/02_49_14.npy,1000,float64,0.0,0.4960851851851852,0.4960851851851852,0.4964222222222222,1.0,1.0,0.19390501612723834,0.19390501612723834,True
bp_fs200_signed,/home/test/bupt_hjk/sdp_dataset/xrf55/wifi/02_49_15.npy,1000,float64,0.0,0.504325925925926,0.504325925925926,0.5046888888888889,1.0,1.0,0.18847365884402922,0.18847365884402922,True
bp_fs200_signed,/home/test/bupt_hjk/sdp_dataset/xrf55/wifi/02_49_16.npy,1000,float64,0.0,0.4819407407407407,0.4819407407407407,0.4819185185185185,1.0,1.0,0.18705372038705373,0.18705372038705373,True
bp_fs200_signed,/home/test/bupt_hjk/sdp_dataset/xrf55/wifi/02_49_17.npy,1000,float64,0.0,0.4975148148148148,0.4975148148148148,0.4961333333333333,1.0,1.0,0.19174730285841396,0.19174730285841396,True
bp_fs200_signed,/home/test/bupt_hjk/sdp_dataset/xrf55/wifi/02_49_18.npy,1000,float64,0.0,0.4893074074074074,0.4893074074074074,0.4905925925925926,1.0,1.0,0.19194008823638453,0.19194008823638453,True
bp_fs200_signed,/home/test/bupt_hjk/sdp_dataset/xrf55/wifi/02_49_19.npy,1000,float64,0.0,0.4995888888888889,0.4995888888888889,0.4989851851851852,1.0,1.0,0.18641233826419012,0.18641233826419012,True
bp_fs200_signed,/home/test/bupt_hjk/sdp_dataset/xrf55/wifi/02_49_20.npy,1000,float64,0.0,0.49264444444444444,0.49264444444444444,0.49378518518518516,1.0,1.0,0.1811070329588848,0.1811070329588848,True
bp_fs200_signed,/home/test/bupt_hjk/sdp_dataset/xrf55/wifi/02_50_01.npy,1000,float64,0.0,0.5307444444444445,0.5307444444444445,0.5307259259259259,1.0,1.0,0.18531494457420383,0.18531494457420383,True
bp_fs200_signed,/home/test/bupt_hjk/sdp_dataset/xrf55/wifi/02_50_02.npy,1000,float64,0.0,0.5029407407407407,0.5029407407407407,0.5036444444444445,1.0,1.0,0.191317243169095,0.191317243169095,True
bp_fs200_signed,/home/test/bupt_hjk/sdp_dataset/xrf55/wifi/02_50_03.npy,1000,float64,0.0,0.49953703703703706,0.49953703703703706,0.4982,1.0,1.0,0.18101434768101435,0.18101434768101435,True
bp_fs200_signed,/home/test/bupt_hjk/sdp_dataset/xrf55/wifi/02_50_04.npy,1000,float64,0.0,0.5113814814814814,0.5113814814814814,0.5134962962962963,1.0,1.0,0.17664701738775812,0.17664701738775812,True
bp_fs200_signed,/home/test/bupt_hjk/sdp_dataset/xrf55/wifi/02_50_05.npy,1000,float64,0.0,0.4927259259259259,0.4927259259259259,0.4918222222222222,1.0,1.0,0.18102917732547363,0.18102917732547363,True
bp_fs200_signed,/home/test/bupt_hjk/sdp_dataset/xrf55/wifi/02_50_06.npy,1000,float64,0.0,0.4973518518518519,0.4973518518518519,0.4967111111111111,1.0,1.0,0.18977866755644535,0.18977866755644535,True
bp_fs200_signed,/home/test/bupt_hjk/sdp_dataset/xrf55/wifi/02_50_07.npy,1000,float64,0.0,0.5232296296296296,0.5232296296296296,0.5238962962962963,1.0,1.0,0.18758388017647276,0.18758388017647276,True
bp_fs200_signed,/home/test/bupt_hjk/sdp_dataset/xrf55/wifi/02_50_08.npy,1000,float64,0.0,0.5107666666666667,0.5107666666666667,0.5106074074074074,1.0,1.0,0.18849961072183294,0.18849961072183294,True
bp_fs200_signed,/home/test/bupt_hjk/sdp_dataset/xrf55/wifi/02_50_09.npy,1000,float64,0.0,0.5123,0.5123,0.5114740740740741,1.0,1.0,0.17650984317650983,0.17650984317650983,True
bp_fs200_signed,/home/test/bupt_hjk/sdp_dataset/xrf55/wifi/02_50_10.npy,1000,float64,0.0,0.49241851851851853,0.49241851851851853,0.49535555555555555,1.0,1.0,0.18026915804693583,0.18026915804693583,True
bp_fs200_signed,/home/test/bupt_hjk/sdp_dataset/xrf55/wifi/02_50_11.npy,1000,float64,0.0,0.5167444444444445,0.5167444444444445,0.5171111111111111,1.0,1.0,0.18977496014533052,0.18977496014533052,True
bp_fs200_signed,/home/test/bupt_hjk/sdp_dataset/xrf55/wifi/02_50_12.npy,1000,float64,0.0,0.5007074074074074,0.5007074074074074,0.5050888888888889,1.0,1.0,0.18643458273087904,0.18643458273087904,True
bp_fs200_signed,/home/test/bupt_hjk/sdp_dataset/xrf55/wifi/02_50_13.npy,1000,float64,0.0,0.5197074074074074,0.5197074074074074,0.5195555555555555,1.0,1.0,0.1723167612056501,0.1723167612056501,True
bp_fs200_signed,/home/test/bupt_hjk/sdp_dataset/xrf55/wifi/02_50_14.npy,1000,float64,0.0,0.5050407407407408,0.5050407407407408,0.5053777777777778,1.0,1.0,0.17818930041152264,0.17818930041152264,True
bp_fs200_signed,/home/test/bupt_hjk/sdp_dataset/xrf55/wifi/02_50_15.npy,1000,float64,0.0,0.5079111111111111,0.5079111111111111,0.5069037037037037,1.0,1.0,0.17000333667000334,0.17000333667000334,True
bp_fs200_signed,/home/test/bupt_hjk/sdp_dataset/xrf55/wifi/02_50_16.npy,1000,float64,0.0,0.5121666666666667,0.5121666666666667,0.5143703703703704,1.0,1.0,0.17945723501279057,0.17945723501279057,True
bp_fs200_signed,/home/test/bupt_hjk/sdp_dataset/xrf55/wifi/02_50_17.npy,1000,float64,0.0,0.5081814814814815,0.5081814814814815,0.5069925925925926,1.0,1.0,0.17280613947280615,0.17280613947280615,True
bp_fs200_signed,/home/test/bupt_hjk/sdp_dataset/xrf55/wifi/02_50_18.npy,1000,float64,0.0,0.4941888888888889,0.4941888888888889,0.4945037037037037,1.0,1.0,0.17969080191302414,0.17969080191302414,True
bp_fs200_signed,/home/test/bupt_hjk/sdp_dataset/xrf55/wifi/02_50_19.npy,1000,float64,0.0,0.5084962962962963,0.5084962962962963,0.5101111111111111,1.0,1.0,0.18851444036629222,0.18851444036629222,True
bp_fs200_signed,/home/test/bupt_hjk/sdp_dataset/xrf55/wifi/02_50_20.npy,1000,float64,0.0,0.5001,0.5001,0.4988962962962963,1.0,1.0,0.1755236718199681,0.1755236718199681,True
bp_fs200_signed,/home/test/bupt_hjk/sdp_dataset/xrf55/wifi/02_51_01.npy,1000,float64,0.0,0.4939037037037037,0.4939037037037037,0.4938148148148148,1.0,1.0,0.1743187632076521,0.1743187632076521,True
bp_fs200_signed,/home/test/bupt_hjk/sdp_dataset/xrf55/wifi/02_51_02.npy,1000,float64,0.0,0.4967037037037037,0.4967037037037037,0.4955481481481481,1.0,1.0,0.16986986986986988,0.16986986986986988,True
bp_fs200_signed,/home/test/bupt_hjk/sdp_dataset/xrf55/wifi/02_51_03.npy,1000,float64,0.0,0.5008777777777778,0.5008777777777778,0.5003185185185185,1.0,1.0,0.16631075519964408,0.16631075519964408,True
bp_fs200_signed,/home/test/bupt_hjk/sdp_dataset/xrf55/wifi/02_51_04.npy,1000,float64,0.0,0.4951740740740741,0.4951740740740741,0.49574814814814816,1.0,1.0,0.16443851258666073,0.16443851258666073,True
bp_fs200_signed,/home/test/bupt_hjk/sdp_dataset/xrf55/wifi/02_51_05.npy,1000,float64,0.0,0.5187888888888889,0.5187888888888889,0.5182222222222223,1.0,1.0,0.162410558706855,0.162410558706855,True
bp_fs200_signed,/home/test/bupt_hjk/sdp_dataset/xrf55/wifi/02_51_06.npy,1000,float64,0.0,0.5063518518518518,0.5063518518518518,0.5074,1.0,1.0,0.17637637637637638,0.17637637637637638,True
bp_fs200_signed,/home/test/bupt_hjk/sdp_dataset/xrf55/wifi/02_51_07.npy,1000,float64,0.0,0.4975148148148148,0.4975148148148148,0.49933333333333335,1.0,1.0,0.1656916175434694,0.1656916175434694,True
bp_fs200_signed,/home/test/bupt_hjk/sdp_dataset/xrf55/wifi/02_51_08.npy,1000,float64,0.0,0.5076037037037037,0.5076037037037037,0.5080370370370371,1.0,1.0,0.16928780632484336,0.16928780632484336,True
bp_fs200_signed,/home/test/bupt_hjk/sdp_dataset/xrf55/wifi/02_51_09.npy,1000,float64,0.0,0.49195555555555553,0.49195555555555553,0.4937259259259259,1.0,1.0,0.17659140622103586,0.17659140622103586,True
bp_fs200_signed,/home/test/bupt_hjk/sdp_dataset/xrf55/wifi/02_51_10.npy,1000,float64,0.0,0.5174814814814814,0.5174814814814814,0.5181185185185185,1.0,1.0,0.1672301931561191,0.1672301931561191,True
bp_fs200_signed,/home/test/bupt_hjk/sdp_dataset/xrf55/wifi/02_51_11.npy,1000,float64,0.0,0.49381851851851855,0.49381851851851855,0.4932074074074074,1.0,1.0,0.1843843843843844,0.1843843843843844,True
bp_fs200_signed,/home/test/bupt_hjk/sdp_dataset/xrf55/wifi/02_51_12.npy,1000,float64,0.0,0.5049666666666667,0.5049666666666667,0.5060740740740741,1.0,1.0,0.1969932895858822,0.1969932895858822,True
bp_fs200_signed,/home/test/bupt_hjk/sdp_dataset/xrf55/wifi/02_51_13.npy,1000,float64,0.0,0.4965777777777778,0.4965777777777778,0.496837037037037,1.0,1.0,0.16916916916916916,0.16916916916916916,True
bp_fs200_signed,/home/test/bupt_hjk/sdp_dataset/xrf55/wifi/02_51_14.npy,1000,float64,0.0,0.5066259259259259,0.5066259259259259,0.5072666666666666,1.0,1.0,0.17622807993178363,0.17622807993178363,True
bp_fs200_signed,/home/test/bupt_hjk/sdp_dataset/xrf55/wifi/02_51_15.npy,1000,float64,0.0,0.48865925925925924,0.48865925925925924,0.48814074074074076,1.0,1.0,0.17545693841990137,0.17545693841990137,True
bp_fs200_signed,/home/test/bupt_hjk/sdp_dataset/xrf55/wifi/02_51_16.npy,1000,float64,0.0,0.5010370370370371,0.5010370370370371,0.4998666666666667,1.0,1.0,0.17320283246209173,0.17320283246209173,True
bp_fs200_signed,/home/test/bupt_hjk/sdp_dataset/xrf55/wifi/02_51_17.npy,1000,float64,0.0,0.5058111111111111,0.5058111111111111,0.5084074074074074,1.0,1.0,0.16787899010121232,0.16787899010121232,True
bp_fs200_signed,/home/test/bupt_hjk/sdp_dataset/xrf55/wifi/02_51_18.npy,1000,float64,0.0,0.4796074074074074,0.4796074074074074,0.4803925925925926,1.0,1.0,0.18438067697326957,0.18438067697326957,True
bp_fs200_signed,/home/test/bupt_hjk/sdp_dataset/xrf55/wifi/02_51_19.npy,1000,float64,0.0,0.4961407407407407,0.4961407407407407,0.49674814814814816,1.0,1.0,0.16462017573128684,0.16462017573128684,True
bp_fs200_signed,/home/test/bupt_hjk/sdp_dataset/xrf55/wifi/02_51_20.npy,1000,float64,0.0,0.4819111111111111,0.4819111111111111,0.48262222222222223,1.0,1.0,0.17423349275201128,0.17423349275201128,True
bp_fs200_signed,/home/test/bupt_hjk/sdp_dataset/xrf55/wifi/02_52_01.npy,1000,float64,0.0,0.4815962962962963,0.4815962962962963,0.481237037037037,1.0,1.0,0.19094279464649835,0.19094279464649835,True
bp_fs200_signed,/home/test/bupt_hjk/sdp_dataset/xrf55/wifi/02_52_02.npy,1000,float64,0.0,0.49708148148148146,0.49708148148148146,0.4969703703703704,1.0,1.0,0.19784599414229043,0.19784599414229043,True
bp_fs200_signed,/home/test/bupt_hjk/sdp_dataset/xrf55/wifi/02_52_03.npy,1000,float64,0.0,0.5072962962962962,0.5072962962962962,0.5076074074074074,1.0,1.0,0.1795684573462351,0.1795684573462351,True
bp_fs200_signed,/home/test/bupt_hjk/sdp_dataset/xrf55/wifi/02_52_04.npy,1000,float64,0.0,0.4911814814814815,0.4911814814814815,0.49018518518518517,1.0,1.0,0.19191784376969562,0.19191784376969562,True
bp_fs200_signed,/home/test/bupt_hjk/sdp_dataset/xrf55/wifi/02_52_05.npy,1000,float64,0.0,0.49347407407407406,0.49347407407407406,0.4932814814814815,1.0,1.0,0.19156563971378787,0.19156563971378787,True
bp_fs200_signed,/home/test/bupt_hjk/sdp_dataset/xrf55/wifi/02_52_06.npy,1000,float64,0.0,0.5026592592592593,0.5026592592592593,0.5007851851851852,1.0,1.0,0.19297074852630408,0.19297074852630408,True
bp_fs200_signed,/home/test/bupt_hjk/sdp_dataset/xrf55/wifi/02_52_07.npy,1000,float64,0.0,0.5043777777777778,0.5043777777777778,0.5048222222222222,1.0,1.0,0.1922144366588811,0.1922144366588811,True
bp_fs200_signed,/home/test/bupt_hjk/sdp_dataset/xrf55/wifi/02_52_08.npy,1000,float64,0.0,0.49854444444444446,0.49854444444444446,0.500325925925926,1.0,1.0,0.19104660215771327,0.19104660215771327,True
bp_fs200_signed,/home/test/bupt_hjk/sdp_dataset/xrf55/wifi/02_52_09.npy,1000,float64,0.0,0.49574444444444443,0.49574444444444443,0.4953037037037037,1.0,1.0,0.1895895895895896,0.1895895895895896,True
bp_fs200_signed,/home/test/bupt_hjk/sdp_dataset/xrf55/wifi/02_52_10.npy,1000,float64,0.0,0.5096407407407407,0.5096407407407407,0.5109185185185185,1.0,1.0,0.19494679865050235,0.19494679865050235,True
bp_fs200_signed,/home/test/bupt_hjk/sdp_dataset/xrf55/wifi/02_52_11.npy,1000,float64,0.0,0.47483333333333333,0.47483333333333333,0.4750888888888889,1.0,1.0,0.16996626255885516,0.16996626255885516,True
bp_fs200_signed,/home/test/bupt_hjk/sdp_dataset/xrf55/wifi/02_52_12.npy,1000,float64,0.0,0.5009333333333333,0.5009333333333333,0.5004592592592593,1.0,1.0,0.18369480591702814,0.18369480591702814,True
bp_fs200_signed,/home/test/bupt_hjk/sdp_dataset/xrf55/wifi/02_52_13.npy,1000,float64,0.0,0.4882,0.4882,0.48902962962962965,1.0,1.0,0.17864901938976013,0.17864901938976013,True
bp_fs200_signed,/home/test/bupt_hjk/sdp_dataset/xrf55/wifi/02_52_14.npy,1000,float64,0.0,0.5014851851851851,0.5014851851851851,0.49997037037037034,1.0,1.0,0.18562636710784858,0.18562636710784858,True
bp_fs200_signed,/home/test/bupt_hjk/sdp_dataset/xrf55/wifi/02_52_15.npy,1000,float64,0.0,0.5137296296296296,0.5137296296296296,0.5140444444444444,1.0,1.0,0.18954510065621177,0.18954510065621177,True
bp_fs200_signed,/home/test/bupt_hjk/sdp_dataset/xrf55/wifi/02_52_16.npy,1000,float64,0.0,0.5014740740740741,0.5014740740740741,0.5013037037037037,1.0,1.0,0.19822785748711674,0.19822785748711674,True
bp_fs200_signed,/home/test/bupt_hjk/sdp_dataset/xrf55/wifi/02_52_17.npy,1000,float64,0.0,0.4972925925925926,0.4972925925925926,0.49844444444444447,1.0,1.0,0.1926704482260038,0.1926704482260038,True
bp_fs200_signed,/home/test/bupt_hjk/sdp_dataset/xrf55/wifi/02_52_18.npy,1000,float64,0.0,0.4916111111111111,0.4916111111111111,0.49262222222222224,1.0,1.0,0.18701293886479073,0.18701293886479073,True
bp_fs200_signed,/home/test/bupt_hjk/sdp_dataset/xrf55/wifi/02_52_19.npy,1000,float64,0.0,0.4926962962962963,0.4926962962962963,0.4928518518518519,1.0,1.0,0.18202276350424498,0.18202276350424498,True
bp_fs200_signed,/home/test/bupt_hjk/sdp_dataset/xrf55/wifi/02_52_20.npy,1000,float64,0.0,0.4911333333333333,0.4911333333333333,0.48985185185185187,1.0,1.0,0.18948207466725986,0.18948207466725986,True
bp_fs200_signed,/home/test/bupt_hjk/sdp_dataset/xrf55/wifi/02_53_01.npy,1000,float64,0.0,0.4895481481481481,0.4895481481481481,0.49114814814814817,1.0,1.0,0.19115040966892818,0.19115040966892818,True
bp_fs200_signed,/home/test/bupt_hjk/sdp_dataset/xrf55/wifi/02_53_02.npy,1000,float64,0.0,0.502325925925926,0.502325925925926,0.503562962962963,1.0,1.0,0.18396173951729508,0.18396173951729508,True
bp_fs200_signed,/home/test/bupt_hjk/sdp_dataset/xrf55/wifi/02_53_03.npy,1000,float64,0.0,0.5039703703703704,0.5039703703703704,0.5028,1.0,1.0,0.19270010751492234,0.19270010751492234,True
bp_fs200_signed,/home/test/bupt_hjk/sdp_dataset/xrf55/wifi/02_53_04.npy,1000,float64,0.0,0.5047222222222222,0.5047222222222222,0.5055407407407407,1.0,1.0,0.16714121528936343,0.16714121528936343,True
bp_fs200_signed,/home/test/bupt_hjk/sdp_dataset/xrf55/wifi/02_53_05.npy,1000,float64,0.0,0.5039592592592592,0.5039592592592592,0.5047851851851852,1.0,1.0,0.20105290475660845,0.20105290475660845,True
bp_fs200_signed,/home/test/bupt_hjk/sdp_dataset/xrf55/wifi/02_53_06.npy,1000,float64,0.0,0.4951333333333333,0.4951333333333333,0.4955851851851852,1.0,1.0,0.18258628999369741,0.18258628999369741,True
bp_fs200_signed,/home/test/bupt_hjk/sdp_dataset/xrf55/wifi/02_53_07.npy,1000,float64,0.0,0.4981074074074074,0.4981074074074074,0.4981703703703704,1.0,1.0,0.18326845363882402,0.18326845363882402,True
bp_fs200_signed,/home/test/bupt_hjk/sdp_dataset/xrf55/wifi/02_53_08.npy,1000,float64,0.0,0.5118703703703704,0.5118703703703704,0.5125555555555555,1.0,1.0,0.17867867867867868,0.17867867867867868,True
bp_fs200_signed,/home/test/bupt_hjk/sdp_dataset/xrf55/wifi/02_53_09.npy,1000,float64,0.0,0.5128925925925926,0.5128925925925926,0.514325925925926,1.0,1.0,0.18692396099803507,0.18692396099803507,True
bp_fs200_signed,/home/test/bupt_hjk/sdp_dataset/xrf55/wifi/02_53_10.npy,1000,float64,0.0,0.509362962962963,0.509362962962963,0.5103703703703704,1.0,1.0,0.18459199940681423,0.18459199940681423,True
bp_fs200_signed,/home/test/bupt_hjk/sdp_dataset/xrf55/wifi/02_53_11.npy,1000,float64,0.0,0.4935888888888889,0.4935888888888889,0.49365185185185184,1.0,1.0,0.17458198939680422,0.17458198939680422,True
bp_fs200_signed,/home/test/bupt_hjk/sdp_dataset/xrf55/wifi/02_53_12.npy,1000,float64,0.0,0.5032703703703704,0.5032703703703704,0.5008962962962963,1.0,1.0,0.18085863641419198,0.18085863641419198,True
bp_fs200_signed,/home/test/bupt_hjk/sdp_dataset/xrf55/wifi/02_53_13.npy,1000,float64,0.0,0.4842851851851852,0.4842851851851852,0.4846,1.0,1.0,0.18061394728061395,0.18061394728061395,True
bp_fs200_signed,/home/test/bupt_hjk/sdp_dataset/xrf55/wifi/02_53_14.npy,1000,float64,0.0,0.4937740740740741,0.4937740740740741,0.4954074074074074,1.0,1.0,0.2016646275905535,0.2016646275905535,True
bp_fs200_signed,/home/test/bupt_hjk/sdp_dataset/xrf55/wifi/02_53_15.npy,1000,float64,0.0,0.49372222222222223,0.49372222222222223,0.4933851851851852,1.0,1.0,0.2000037074111148,0.2000037074111148,True
bp_fs200_signed,/home/test/bupt_hjk/sdp_dataset/xrf55/wifi/02_53_16.npy,1000,float64,0.0,0.5037185185185186,0.5037185185185186,0.5034,1.0,1.0,0.18386163941719497,0.18386163941719497,True
bp_fs200_signed,/home/test/bupt_hjk/sdp_dataset/xrf55/wifi/02_53_17.npy,1000,float64,0.0,0.49394444444444446,0.49394444444444446,0.4945481481481481,1.0,1.0,0.18595632669706744,0.18595632669706744,True
bp_fs200_signed,/home/test/bupt_hjk/sdp_dataset/xrf55/wifi/02_53_18.npy,1000,float64,0.0,0.49862222222222224,0.49862222222222224,0.4983037037037037,1.0,1.0,0.18812516219923628,0.18812516219923628,True
bp_fs200_signed,/home/test/bupt_hjk/sdp_dataset/xrf55/wifi/02_53_19.npy,1000,float64,0.0,0.49954814814814813,0.49954814814814813,0.49964444444444445,1.0,1.0,0.1745004263522782,0.1745004263522782,True
bp_fs200_signed,/home/test/bupt_hjk/sdp_dataset/xrf55/wifi/02_53_20.npy,1000,float64,0.0,0.5007925925925926,0.5007925925925926,0.5002444444444445,1.0,1.0,0.18209691172654136,0.18209691172654136,True
bp_fs200_signed,/home/test/bupt_hjk/sdp_dataset/xrf55/wifi/02_54_01.npy,1000,float64,0.0,0.5148333333333334,0.5148333333333334,0.5138666666666667,1.0,1.0,0.17251325399473547,0.17251325399473547,True
bp_fs200_signed,/home/test/bupt_hjk/sdp_dataset/xrf55/wifi/02_54_02.npy,1000,float64,0.0,0.5094888888888889,0.5094888888888889,0.5086814814814815,1.0,1.0,0.17287287287287287,0.17287287287287287,True
bp_fs200_signed,/home/test/bupt_hjk/sdp_dataset/xrf55/wifi/02_54_03.npy,1000,float64,0.0,0.5020296296296296,0.5020296296296296,0.5019259259259259,1.0,1.0,0.1759574389204019,0.1759574389204019,True
bp_fs200_signed,/home/test/bupt_hjk/sdp_dataset/xrf55/wifi/02_54_04.npy,1000,float64,0.0,0.5018555555555556,0.5018555555555556,0.5027111111111111,1.0,1.0,0.17939420902383865,0.17939420902383865,True
bp_fs200_signed,/home/test/bupt_hjk/sdp_dataset/xrf55/wifi/02_54_05.npy,1000,float64,0.0,0.4965925925925926,0.4965925925925926,0.4991925925925926,1.0,1.0,0.18916323731138546,0.18916323731138546,True
bp_fs200_signed,/home/test/bupt_hjk/sdp_dataset/xrf55/wifi/02_54_06.npy,1000,float64,0.0,0.4961851851851852,0.4961851851851852,0.4966,1.0,1.0,0.1815074333592852,0.1815074333592852,True
bp_fs200_signed,/home/test/bupt_hjk/sdp_dataset/xrf55/wifi/02_54_07.npy,1000,float64,0.0,0.5027407407407407,0.5027407407407407,0.5031555555555556,1.0,1.0,0.17883068253438625,0.17883068253438625,True
bp_fs200_signed,/home/test/bupt_hjk/sdp_dataset/xrf55/wifi/02_54_08.npy,1000,float64,0.0,0.5020037037037037,0.5020037037037037,0.5036888888888889,1.0,1.0,0.18059170281392503,0.18059170281392503,True
bp_fs200_signed,/home/test/bupt_hjk/sdp_dataset/xrf55/wifi/02_54_09.npy,1000,float64,0.0,0.49791111111111114,0.49791111111111114,0.49648888888888887,1.0,1.0,0.15707930152374597,0.15707930152374597,True
bp_fs200_signed,/home/test/bupt_hjk/sdp_dataset/xrf55/wifi/02_54_10.npy,1000,float64,0.0,0.5089037037037037,0.5089037037037037,0.5097481481481482,1.0,1.0,0.17192748303859415,0.17192748303859415,True
bp_fs200_signed,/home/test/bupt_hjk/sdp_dataset/xrf55/wifi/02_54_11.npy,1000,float64,0.0,0.5050851851851852,0.5050851851851852,0.5050296296296296,1.0,1.0,0.18520001482964446,0.18520001482964446,True
bp_fs200_signed,/home/test/bupt_hjk/sdp_dataset/xrf55/wifi/02_54_12.npy,1000,float64,0.0,0.5077333333333334,0.5077333333333334,0.5071481481481481,1.0,1.0,0.17546806065324583,0.17546806065324583,True
bp_fs200_signed,/home/test/bupt_hjk/sdp_dataset/xrf55/wifi/02_54_13.npy,1000,float64,0.0,0.47909259259259257,0.47909259259259257,0.47947407407407405,1.0,1.0,0.16396396396396395,0.16396396396396395,True
bp_fs200_signed,/home/test/bupt_hjk/sdp_dataset/xrf55/wifi/02_54_14.npy,1000,float64,0.0,0.5031851851851852,0.5031851851851852,0.5031777777777777,1.0,1.0,0.17379231082934787,0.17379231082934787,True
bp_fs200_signed,/home/test/bupt_hjk/sdp_dataset/xrf55/wifi/02_54_15.npy,1000,float64,0.0,0.5163962962962962,0.5163962962962962,0.5178592592592592,1.0,1.0,0.18213027842657473,0.18213027842657473,True
bp_fs200_signed,/home/test/bupt_hjk/sdp_dataset/xrf55/wifi/02_54_16.npy,1000,float64,0.0,0.5084962962962963,0.5084962962962963,0.5084148148148148,1.0,1.0,0.17322878433989544,0.17322878433989544,True
bp_fs200_signed,/home/test/bupt_hjk/sdp_dataset/xrf55/wifi/02_54_17.npy,1000,float64,0.0,0.5021333333333333,0.5021333333333333,0.502674074074074,1.0,1.0,0.17234271308345384,0.17234271308345384,True
bp_fs200_signed,/home/test/bupt_hjk/sdp_dataset/xrf55/wifi/02_54_18.npy,1000,float64,0.0,0.5007814814814815,0.5007814814814815,0.5019333333333333,1.0,1.0,0.16200274348422497,0.16200274348422497,True
bp_fs200_signed,/home/test/bupt_hjk/sdp_dataset/xrf55/wifi/02_54_19.npy,1000,float64,0.0,0.5084962962962963,0.5084962962962963,0.5094444444444445,1.0,1.0,0.17213509806102398,0.17213509806102398,True
bp_fs200_signed,/home/test/bupt_hjk/sdp_dataset/xrf55/wifi/02_54_20.npy,1000,float64,0.0,0.4947185185185185,0.4947185185185185,0.49424444444444443,1.0,1.0,0.1681792904015126,0.1681792904015126,True
bp_fs200_signed,/home/test/bupt_hjk/sdp_dataset/xrf55/wifi/02_55_01.npy,1000,float64,0.0,0.5041703703703704,0.5041703703703704,0.5046,1.0,1.0,0.1870092314536759,0.1870092314536759,True
bp_fs200_signed,/home/test/bupt_hjk/sdp_dataset/xrf55/wifi/02_55_02.npy,1000,float64,0.0,0.4934962962962963,0.4934962962962963,0.4958888888888889,1.0,1.0,0.1737774811848886,0.1737774811848886,True
bp_fs200_signed,/home/test/bupt_hjk/sdp_dataset/xrf55/wifi/02_55_03.npy,1000,float64,0.0,0.49345555555555554,0.49345555555555554,0.49418518518518517,1.0,1.0,0.18056945834723612,0.18056945834723612,True
bp_fs200_signed,/home/test/bupt_hjk/sdp_dataset/xrf55/wifi/02_55_04.npy,1000,float64,0.0,0.488,0.488,0.48848148148148146,1.0,1.0,0.1856041226411597,0.1856041226411597,True
bp_fs200_signed,/home/test/bupt_hjk/sdp_dataset/xrf55/wifi/02_55_05.npy,1000,float64,0.0,0.5000259259259259,0.5000259259259259,0.49951111111111113,1.0,1.0,0.1916953991028065,0.1916953991028065,True
bp_fs200_signed,/home/test/bupt_hjk/sdp_dataset/xrf55/wifi/02_55_06.npy,1000,float64,0.0,0.4952111111111111,0.4952111111111111,0.49478518518518516,1.0,1.0,0.1883105327549772,0.1883105327549772,True
bp_fs200_signed,/home/test/bupt_hjk/sdp_dataset/xrf55/wifi/02_55_07.npy,1000,float64,0.0,0.5036777777777778,0.5036777777777778,0.5033777777777778,1.0,1.0,0.18615652689726764,0.18615652689726764,True
bp_fs200_signed,/home/test/bupt_hjk/sdp_dataset/xrf55/wifi/02_55_08.npy,1000,float64,0.0,0.5058222222222222,0.5058222222222222,0.5078888888888888,1.0,1.0,0.1827827827827828,0.1827827827827828,True
bp_fs200_signed,/home/test/bupt_hjk/sdp_dataset/xrf55/wifi/02_55_09.npy,1000,float64,0.0,0.4964703703703704,0.4964703703703704,0.49737037037037035,1.0,1.0,0.18355763170577985,0.18355763170577985,True
bp_fs200_signed,/home/test/bupt_hjk/sdp_dataset/xrf55/wifi/02_55_10.npy,1000,float64,0.0,0.49467037037037037,0.49467037037037037,0.497162962962963,1.0,1.0,0.1836651466281096,0.1836651466281096,True
bp_fs200_signed,/home/test/bupt_hjk/sdp_dataset/xrf55/wifi/02_55_11.npy,1000,float64,0.0,0.49153703703703705,0.49153703703703705,0.4923851851851852,1.0,1.0,0.1865495124754384,0.1865495124754384,True
bp_fs200_signed,/home/test/bupt_hjk/sdp_dataset/xrf55/wifi/02_55_12.npy,1000,float64,0.0,0.5032222222222222,0.5032222222222222,0.5008518518518519,1.0,1.0,0.1910947985022059,0.1910947985022059,True
bp_fs200_signed,/home/test/bupt_hjk/sdp_dataset/xrf55/wifi/02_55_13.npy,1000,float64,0.0,0.5101925925925926,0.5101925925925926,0.5128222222222222,1.0,1.0,0.18375783190598005,0.18375783190598005,True
bp_fs200_signed,/home/test/bupt_hjk/sdp_dataset/xrf55/wifi/02_55_14.npy,1000,float64,0.0,0.5098222222222222,0.5098222222222222,0.5099259259259259,1.0,1.0,0.17256886516145775,0.17256886516145775,True
bp_fs200_signed,/home/test/bupt_hjk/sdp_dataset/xrf55/wifi/02_55_15.npy,1000,float64,0.0,0.5058111111111111,0.5058111111111111,0.5039925925925925,1.0,1.0,0.18336113891669448,0.18336113891669448,True
bp_fs200_signed,/home/test/bupt_hjk/sdp_dataset/xrf55/wifi/02_55_16.npy,1000,float64,0.0,0.4960703703703704,0.4960703703703704,0.49706666666666666,1.0,1.0,0.17370333296259222,0.17370333296259222,True
bp_fs200_signed,/home/test/bupt_hjk/sdp_dataset/xrf55/wifi/02_55_17.npy,1000,float64,0.0,0.5001925925925926,0.5001925925925926,0.49948888888888887,1.0,1.0,0.1893893893893894,0.1893893893893894,True
bp_fs200_signed,/home/test/bupt_hjk/sdp_dataset/xrf55/wifi/02_55_18.npy,1000,float64,0.0,0.501462962962963,0.501462962962963,0.5013333333333333,1.0,1.0,0.18325362399436473,0.18325362399436473,True
bp_fs200_signed,/home/test/bupt_hjk/sdp_dataset/xrf55/wifi/02_55_19.npy,1000,float64,0.0,0.4985185185185185,0.4985185185185185,0.49949629629629627,1.0,1.0,0.1799688577466355,0.1799688577466355,True
bp_fs200_signed,/home/test/bupt_hjk/sdp_dataset/xrf55/wifi/02_55_20.npy,1000,float64,0.0,0.49374814814814816,0.49374814814814816,0.4958666666666667,1.0,1.0,0.18432506580654728,0.18432506580654728,True
bp_fs200_signed,/home/test/bupt_hjk/sdp_dataset/xrf55/wifi/03_01_01.npy,1000,float64,0.0,0.4942740740740741,0.4942740740740741,0.4931259259259259,1.0,1.0,0.12303043784525267,0.12303043784525267,True
bp_fs200_signed,/home/test/bupt_hjk/sdp_dataset/xrf55/wifi/03_01_02.npy,1000,float64,0.0,0.49364814814814817,0.49364814814814817,0.49405185185185185,1.0,1.0,0.11920809698587477,0.11920809698587477,True
bp_fs200_signed,/home/test/bupt_hjk/sdp_dataset/xrf55/wifi/03_01_03.npy,1000,float64,0.0,0.48741111111111113,0.48741111111111113,0.48744444444444446,1.0,1.0,0.11789938086234382,0.11789938086234382,True
bp_fs200_signed,/home/test/bupt_hjk/sdp_dataset/xrf55/wifi/03_01_04.npy,1000,float64,0.0,0.4947185185185185,0.4947185185185185,0.4951407407407407,1.0,1.0,0.11748415081748415,0.11748415081748415,True
bp_fs200_signed,/home/test/bupt_hjk/sdp_dataset/xrf55/wifi/03_01_05.npy,1000,float64,0.0,0.5044703703703703,0.5044703703703703,0.5033333333333333,1.0,1.0,0.12280428576724874,0.12280428576724874,True
bp_fs200_signed,/home/test/bupt_hjk/sdp_dataset/xrf55/wifi/03_01_06.npy,1000,float64,0.0,0.49624074074074076,0.49624074074074076,0.4972888888888889,1.0,1.0,0.11065880695510324,0.11065880695510324,True
bp_fs200_signed,/home/test/bupt_hjk/sdp_dataset/xrf55/wifi/03_01_07.npy,1000,float64,0.0,0.49142592592592593,0.49142592592592593,0.49194814814814813,1.0,1.0,0.10893856819782746,0.10893856819782746,True
bp_fs200_signed,/home/test/bupt_hjk/sdp_dataset/xrf55/wifi/03_01_08.npy,1000,float64,0.0,0.5153666666666666,0.5153666666666666,0.5137259259259259,1.0,1.0,0.12056500945389834,0.12056500945389834,True
bp_fs200_signed,/home/test/bupt_hjk/sdp_dataset/xrf55/wifi/03_01_09.npy,1000,float64,0.0,0.4915407407407407,0.4915407407407407,0.4929777777777778,1.0,1.0,0.11100359618878138,0.11100359618878138,True
bp_fs200_signed,/home/test/bupt_hjk/sdp_dataset/xrf55/wifi/03_01_10.npy,1000,float64,0.0,0.4898222222222222,0.4898222222222222,0.4896962962962963,1.0,1.0,0.1272383494605717,0.1272383494605717,True
bp_fs200_signed,/home/test/bupt_hjk/sdp_dataset/xrf55/wifi/03_01_11.npy,1000,float64,0.0,0.5026296296296296,0.5026296296296296,0.5022740740740741,1.0,1.0,0.12661179698216735,0.12661179698216735,True
bp_fs200_signed,/home/test/bupt_hjk/sdp_dataset/xrf55/wifi/03_01_12.npy,1000,float64,0.0,0.5030259259259259,0.5030259259259259,0.5044814814814815,1.0,1.0,0.12003114225336448,0.12003114225336448,True
bp_fs200_signed,/home/test/bupt_hjk/sdp_dataset/xrf55/wifi/03_01_13.npy,1000,float64,0.0,0.49782592592592595,0.49782592592592595,0.49836296296296295,1.0,1.0,0.11852222592963334,0.11852222592963334,True
bp_fs200_signed,/home/test/bupt_hjk/sdp_dataset/xrf55/wifi/03_01_14.npy,1000,float64,0.0,0.49305925925925925,0.49305925925925925,0.49374814814814816,1.0,1.0,0.11109998887776666,0.11109998887776666,True
bp_fs200_signed,/home/test/bupt_hjk/sdp_dataset/xrf55/wifi/03_01_15.npy,1000,float64,0.0,0.5058111111111111,0.5058111111111111,0.5074888888888889,1.0,1.0,0.11694286879472064,0.11694286879472064,True
bp_fs200_signed,/home/test/bupt_hjk/sdp_dataset/xrf55/wifi/03_01_16.npy,1000,float64,0.0,0.4974222222222222,0.4974222222222222,0.4974296296296296,1.0,1.0,0.11286842397953509,0.11286842397953509,True
bp_fs200_signed,/home/test/bupt_hjk/sdp_dataset/xrf55/wifi/03_01_17.npy,1000,float64,0.0,0.4817,0.4817,0.4816814814814815,1.0,1.0,0.11444778111444778,0.11444778111444778,True
bp_fs200_signed,/home/test/bupt_hjk/sdp_dataset/xrf55/wifi/03_01_18.npy,1000,float64,0.0,0.4933074074074074,0.4933074074074074,0.4939703703703704,1.0,1.0,0.12096170244318392,0.12096170244318392,True
bp_fs200_signed,/home/test/bupt_hjk/sdp_dataset/xrf55/wifi/03_01_19.npy,1000,float64,0.0,0.4945555555555556,0.4945555555555556,0.4955555555555556,1.0,1.0,0.12660808957105255,0.12660808957105255,True
bp_fs200_signed,/home/test/bupt_hjk/sdp_dataset/xrf55/wifi/03_01_20.npy,1000,float64,0.0,0.49294074074074073,0.49294074074074073,0.49395555555555554,1.0,1.0,0.11666481296110925,0.11666481296110925,True
bp_fs200_signed,/home/test/bupt_hjk/sdp_dataset/xrf55/wifi/03_02_01.npy,1000,float64,0.0,0.5102296296296296,0.5102296296296296,0.5110962962962963,1.0,1.0,0.12600007414822229,0.12600007414822229,True
bp_fs200_signed,/home/test/bupt_hjk/sdp_dataset/xrf55/wifi/03_02_02.npy,1000,float64,0.0,0.4961,0.4961,0.4974074074074074,1.0,1.0,0.1258406554702851,0.1258406554702851,True
bp_fs200_signed,/home/test/bupt_hjk/sdp_dataset/xrf55/wifi/03_02_03.npy,1000,float64,0.0,0.49224444444444443,0.49224444444444443,0.49219259259259257,1.0,1.0,0.1326289252215178,0.1326289252215178,True
bp_fs200_signed,/home/test/bupt_hjk/sdp_dataset/xrf55/wifi/03_02_04.npy,1000,float64,0.0,0.4840740740740741,0.4840740740740741,0.48362222222222223,1.0,1.0,0.13841990138286434,0.13841990138286434,True
bp_fs200_signed,/home/test/bupt_hjk/sdp_dataset/xrf55/wifi/03_02_05.npy,1000,float64,0.0,0.47834814814814813,0.47834814814814813,0.4777925925925926,1.0,1.0,0.1288028769510251,0.1288028769510251,True
bp_fs200_signed,/home/test/bupt_hjk/sdp_dataset/xrf55/wifi/03_02_06.npy,1000,float64,0.0,0.5003555555555556,0.5003555555555556,0.5001777777777778,1.0,1.0,0.12611500389278166,0.12611500389278166,True
bp_fs200_signed,/home/test/bupt_hjk/sdp_dataset/xrf55/wifi/03_02_07.npy,1000,float64,0.0,0.49145555555555553,0.49145555555555553,0.49165925925925924,1.0,1.0,0.1428354280206132,0.1428354280206132,True
bp_fs200_signed,/home/test/bupt_hjk/sdp_dataset/xrf55/wifi/03_02_08.npy,1000,float64,0.0,0.4983851851851852,0.4983851851851852,0.49862222222222224,1.0,1.0,0.1436733029325622,0.1436733029325622,True
bp_fs200_signed,/home/test/bupt_hjk/sdp_dataset/xrf55/wifi/03_02_09.npy,1000,float64,0.0,0.48937037037037034,0.48937037037037034,0.48974074074074075,1.0,1.0,0.1317650984317651,0.1317650984317651,True
bp_fs200_signed,/home/test/bupt_hjk/sdp_dataset/xrf55/wifi/03_02_10.npy,1000,float64,0.0,0.4950555555555556,0.4950555555555556,0.4960148148148148,1.0,1.0,0.13332221109998887,0.13332221109998887,True
bp_fs200_signed,/home/test/bupt_hjk/sdp_dataset/xrf55/wifi/03_02_11.npy,1000,float64,0.0,0.5009481481481481,0.5009481481481481,0.5020222222222223,1.0,1.0,0.13755607459311164,0.13755607459311164,True
bp_fs200_signed,/home/test/bupt_hjk/sdp_dataset/xrf55/wifi/03_02_12.npy,1000,float64,0.0,0.49844444444444447,0.49844444444444447,0.4981333333333333,1.0,1.0,0.13370036703370036,0.13370036703370036,True
bp_fs200_signed,/home/test/bupt_hjk/sdp_dataset/xrf55/wifi/03_02_13.npy,1000,float64,0.0,0.48688148148148147,0.48688148148148147,0.48790370370370373,1.0,1.0,0.13008934860786714,0.13008934860786714,True
bp_fs200_signed,/home/test/bupt_hjk/sdp_dataset/xrf55/wifi/03_02_14.npy,1000,float64,0.0,0.49227037037037036,0.49227037037037036,0.49334074074074075,1.0,1.0,0.13698142587031475,0.13698142587031475,True
bp_fs200_signed,/home/test/bupt_hjk/sdp_dataset/xrf55/wifi/03_02_15.npy,1000,float64,0.0,0.4998592592592593,0.4998592592592593,0.4996814814814815,1.0,1.0,0.14480035591146703,0.14480035591146703,True
bp_fs200_signed,/home/test/bupt_hjk/sdp_dataset/xrf55/wifi/03_02_16.npy,1000,float64,0.0,0.49994814814814814,0.49994814814814814,0.5011407407407408,1.0,1.0,0.13579876172468766,0.13579876172468766,True
bp_fs200_signed,/home/test/bupt_hjk/sdp_dataset/xrf55/wifi/03_02_17.npy,1000,float64,0.0,0.5027333333333334,0.5027333333333334,0.5033481481481481,1.0,1.0,0.1364290216142068,0.1364290216142068,True
bp_fs200_signed,/home/test/bupt_hjk/sdp_dataset/xrf55/wifi/03_02_18.npy,1000,float64,0.0,0.5171888888888889,0.5171888888888889,0.5169259259259259,1.0,1.0,0.12424276127979832,0.12424276127979832,True
bp_fs200_signed,/home/test/bupt_hjk/sdp_dataset/xrf55/wifi/03_02_19.npy,1000,float64,0.0,0.48354814814814817,0.48354814814814817,0.48431851851851854,1.0,1.0,0.12052422793163534,0.12052422793163534,True
bp_fs200_signed,/home/test/bupt_hjk/sdp_dataset/xrf55/wifi/03_02_20.npy,1000,float64,0.0,0.4956074074074074,0.4956074074074074,0.49566666666666664,1.0,1.0,0.14081488896303712,0.14081488896303712,True
bp_fs200_signed,/home/test/bupt_hjk/sdp_dataset/xrf55/wifi/03_03_01.npy,1000,float64,0.0,0.5004259259259259,0.5004259259259259,0.499837037037037,1.0,1.0,0.11777703629555482,0.11777703629555482,True
bp_fs200_signed,/home/test/bupt_hjk/sdp_dataset/xrf55/wifi/03_03_02.npy,1000,float64,0.0,0.49941851851851854,0.49941851851851854,0.49921481481481483,1.0,1.0,0.1222185148111074,0.1222185148111074,True
bp_fs200_signed,/home/test/bupt_hjk/sdp_dataset/xrf55/wifi/03_03_03.npy,1000,float64,0.0,0.5151333333333333,0.5151333333333333,0.5172444444444444,1.0,1.0,0.1311237163089015,0.1311237163089015,True
bp_fs200_signed,/home/test/bupt_hjk/sdp_dataset/xrf55/wifi/03_03_04.npy,1000,float64,0.0,0.5039222222222223,0.5039222222222223,0.5049037037037037,1.0,1.0,0.12943684425165908,0.12943684425165908,True
bp_fs200_signed,/home/test/bupt_hjk/sdp_dataset/xrf55/wifi/03_03_05.npy,1000,float64,0.0,0.49344074074074074,0.49344074074074074,0.49396296296296294,1.0,1.0,0.11683535387239091,0.11683535387239091,True
bp_fs200_signed,/home/test/bupt_hjk/sdp_dataset/xrf55/wifi/03_03_06.npy,1000,float64,0.0,0.5001,0.5001,0.49935555555555555,1.0,1.0,0.12432803173543915,0.12432803173543915,True
bp_fs200_signed,/home/test/bupt_hjk/sdp_dataset/xrf55/wifi/03_03_07.npy,1000,float64,0.0,0.5039296296296296,0.5039296296296296,0.5041185185185185,1.0,1.0,0.11714677640603567,0.11714677640603567,True
bp_fs200_signed,/home/test/bupt_hjk/sdp_dataset/xrf55/wifi/03_03_08.npy,1000,float64,0.0,0.5009444444444444,0.5009444444444444,0.5011925925925926,1.0,1.0,0.12319356393430468,0.12319356393430468,True
bp_fs200_signed,/home/test/bupt_hjk/sdp_dataset/xrf55/wifi/03_03_09.npy,1000,float64,0.0,0.4878037037037037,0.4878037037037037,0.48948148148148146,1.0,1.0,0.12460238015793572,0.12460238015793572,True
bp_fs200_signed,/home/test/bupt_hjk/sdp_dataset/xrf55/wifi/03_03_10.npy,1000,float64,0.0,0.4958518518518519,0.4958518518518519,0.49591851851851854,1.0,1.0,0.1251621992362733,0.1251621992362733,True
bp_fs200_signed,/home/test/bupt_hjk/sdp_dataset/xrf55/wifi/03_03_11.npy,1000,float64,0.0,0.5098666666666667,0.5098666666666667,0.5100740740740741,1.0,1.0,0.12263745226708189,0.12263745226708189,True
bp_fs200_signed,/home/test/bupt_hjk/sdp_dataset/xrf55/wifi/03_03_12.npy,1000,float64,0.0,0.5069555555555556,0.5069555555555556,0.5067185185185186,1.0,1.0,0.12395358321284247,0.12395358321284247,True
bp_fs200_signed,/home/test/bupt_hjk/sdp_dataset/xrf55/wifi/03_03_13.npy,1000,float64,0.0,0.5111777777777777,0.5111777777777777,0.5126074074074074,1.0,1.0,0.11812182552923293,0.11812182552923293,True
bp_fs200_signed,/home/test/bupt_hjk/sdp_dataset/xrf55/wifi/03_03_14.npy,1000,float64,0.0,0.5166888888888889,0.5166888888888889,0.5170814814814815,1.0,1.0,0.11946390835279724,0.11946390835279724,True
bp_fs200_signed,/home/test/bupt_hjk/sdp_dataset/xrf55/wifi/03_03_15.npy,1000,float64,0.0,0.5033851851851852,0.5033851851851852,0.5040222222222223,1.0,1.0,0.12186260334408483,0.12186260334408483,True
bp_fs200_signed,/home/test/bupt_hjk/sdp_dataset/xrf55/wifi/03_03_16.npy,1000,float64,0.0,0.504962962962963,0.504962962962963,0.503674074074074,1.0,1.0,0.12961479998517036,0.12961479998517036,True
bp_fs200_signed,/home/test/bupt_hjk/sdp_dataset/xrf55/wifi/03_03_17.npy,1000,float64,0.0,0.5053444444444445,0.5053444444444445,0.5073111111111112,1.0,1.0,0.11879286694101508,0.11879286694101508,True
bp_fs200_signed,/home/test/bupt_hjk/sdp_dataset/xrf55/wifi/03_03_18.npy,1000,float64,0.0,0.4860259259259259,0.4860259259259259,0.485962962962963,1.0,1.0,0.1253401549697846,0.1253401549697846,True
bp_fs200_signed,/home/test/bupt_hjk/sdp_dataset/xrf55/wifi/03_03_19.npy,1000,float64,0.0,0.5079851851851852,0.5079851851851852,0.5067925925925926,1.0,1.0,0.12411670930189449,0.12411670930189449,True
bp_fs200_signed,/home/test/bupt_hjk/sdp_dataset/xrf55/wifi/03_03_20.npy,1000,float64,0.0,0.4948814814814815,0.4948814814814815,0.49562222222222224,1.0,1.0,0.12590738887035183,0.12590738887035183,True
bp_fs200_signed,/home/test/bupt_hjk/sdp_dataset/xrf55/wifi/03_04_01.npy,1000,float64,0.0,0.4872037037037037,0.4872037037037037,0.4874962962962963,1.0,1.0,0.16675935194453714,0.16675935194453714,True
bp_fs200_signed,/home/test/bupt_hjk/sdp_dataset/xrf55/wifi/03_04_02.npy,1000,float64,0.0,0.5012592592592593,0.5012592592592593,0.5022,1.0,1.0,0.15921847773699627,0.15921847773699627,True
bp_fs200_signed,/home/test/bupt_hjk/sdp_dataset/xrf55/wifi/03_04_03.npy,1000,float64,0.0,0.5082814814814814,0.5082814814814814,0.5072222222222222,1.0,1.0,0.1716753790827865,0.1716753790827865,True
bp_fs200_signed,/home/test/bupt_hjk/sdp_dataset/xrf55/wifi/03_04_04.npy,1000,float64,0.0,0.49066296296296297,0.49066296296296297,0.49077037037037036,1.0,1.0,0.15799503206910614,0.15799503206910614,True
bp_fs200_signed,/home/test/bupt_hjk/sdp_dataset/xrf55/wifi/03_04_05.npy,1000,float64,0.0,0.4970703703703704,0.4970703703703704,0.4968222222222222,1.0,1.0,0.1669743817891966,0.1669743817891966,True
bp_fs200_signed,/home/test/bupt_hjk/sdp_dataset/xrf55/wifi/03_04_06.npy,1000,float64,0.0,0.49313703703703704,0.49313703703703704,0.4940222222222222,1.0,1.0,0.15285656026396768,0.15285656026396768,True
bp_fs200_signed,/home/test/bupt_hjk/sdp_dataset/xrf55/wifi/03_04_07.npy,1000,float64,0.0,0.509662962962963,0.509662962962963,0.5082148148148148,1.0,1.0,0.16104252400548696,0.16104252400548696,True
bp_fs200_signed,/home/test/bupt_hjk/sdp_dataset/xrf55/wifi/03_04_08.npy,1000,float64,0.0,0.4809222222222222,0.4809222222222222,0.48216296296296296,1.0,1.0,0.16043450858265673,0.16043450858265673,True
bp_fs200_signed,/home/test/bupt_hjk/sdp_dataset/xrf55/wifi/03_04_09.npy,1000,float64,0.0,0.49796666666666667,0.49796666666666667,0.499837037037037,1.0,1.0,0.16213621028435843,0.16213621028435843,True
bp_fs200_signed,/home/test/bupt_hjk/sdp_dataset/xrf55/wifi/03_04_10.npy,1000,float64,0.0,0.4927740740740741,0.4927740740740741,0.49273333333333336,1.0,1.0,0.17576094613131651,0.17576094613131651,True
bp_fs200_signed,/home/test/bupt_hjk/sdp_dataset/xrf55/wifi/03_04_11.npy,1000,float64,0.0,0.49584814814814815,0.49584814814814815,0.49624444444444443,1.0,1.0,0.1623846068290513,0.1623846068290513,True
bp_fs200_signed,/home/test/bupt_hjk/sdp_dataset/xrf55/wifi/03_04_12.npy,1000,float64,0.0,0.48834814814814814,0.48834814814814814,0.48947407407407406,1.0,1.0,0.1693545397249101,0.1693545397249101,True
bp_fs200_signed,/home/test/bupt_hjk/sdp_dataset/xrf55/wifi/03_04_13.npy,1000,float64,0.0,0.49169259259259257,0.49169259259259257,0.4921259259259259,1.0,1.0,0.16964371779186593,0.16964371779186593,True
bp_fs200_signed,/home/test/bupt_hjk/sdp_dataset/xrf55/wifi/03_04_14.npy,1000,float64,0.0,0.5275185185185185,0.5275185185185185,0.5288148148148148,1.0,1.0,0.15496978459941424,0.15496978459941424,True
bp_fs200_signed,/home/test/bupt_hjk/sdp_dataset/xrf55/wifi/03_04_15.npy,1000,float64,0.0,0.4938296296296296,0.4938296296296296,0.4938148148148148,1.0,1.0,0.1668149631112594,0.1668149631112594,True
bp_fs200_signed,/home/test/bupt_hjk/sdp_dataset/xrf55/wifi/03_04_16.npy,1000,float64,0.0,0.4990703703703704,0.4990703703703704,0.4976074074074074,1.0,1.0,0.18205983761539318,0.18205983761539318,True
bp_fs200_signed,/home/test/bupt_hjk/sdp_dataset/xrf55/wifi/03_04_17.npy,1000,float64,0.0,0.5003111111111112,0.5003111111111112,0.5011111111111111,1.0,1.0,0.1715530345159975,0.1715530345159975,True
bp_fs200_signed,/home/test/bupt_hjk/sdp_dataset/xrf55/wifi/03_04_18.npy,1000,float64,0.0,0.5024518518518518,0.5024518518518518,0.5026888888888889,1.0,1.0,0.1762799836873911,0.1762799836873911,True
bp_fs200_signed,/home/test/bupt_hjk/sdp_dataset/xrf55/wifi/03_04_19.npy,1000,float64,0.0,0.5068185185185186,0.5068185185185186,0.507762962962963,1.0,1.0,0.17498980461943425,0.17498980461943425,True
bp_fs200_signed,/home/test/bupt_hjk/sdp_dataset/xrf55/wifi/03_04_20.npy,1000,float64,0.0,0.490337037037037,0.490337037037037,0.4909777777777778,1.0,1.0,0.17226856486115746,0.17226856486115746,True
bp_fs200_signed,/home/test/bupt_hjk/sdp_dataset/xrf55/wifi/03_05_01.npy,1000,float64,0.0,0.49757407407407406,0.49757407407407406,0.49692592592592594,1.0,1.0,0.2126682237793349,0.2126682237793349,True
bp_fs200_signed,/home/test/bupt_hjk/sdp_dataset/xrf55/wifi/03_05_02.npy,1000,float64,0.0,0.5131037037037037,0.5131037037037037,0.5135481481481482,1.0,1.0,0.17205353501649798,0.17205353501649798,True
bp_fs200_signed,/home/test/bupt_hjk/sdp_dataset/xrf55/wifi/03_05_03.npy,1000,float64,0.0,0.5200222222222223,0.5200222222222223,0.5205037037037037,1.0,1.0,0.17262447632818004,0.17262447632818004,True
bp_fs200_signed,/home/test/bupt_hjk/sdp_dataset/xrf55/wifi/03_05_04.npy,1000,float64,0.0,0.5117111111111111,0.5117111111111111,0.5128518518518519,1.0,1.0,0.16741556371186,0.16741556371186,True
bp_fs200_signed,/home/test/bupt_hjk/sdp_dataset/xrf55/wifi/03_05_05.npy,1000,float64,0.0,0.5091925925925926,0.5091925925925926,0.5086666666666667,1.0,1.0,0.1563860156452749,0.1563860156452749,True
bp_fs200_signed,/home/test/bupt_hjk/sdp_dataset/xrf55/wifi/03_05_06.npy,1000,float64,0.0,0.49014444444444444,0.49014444444444444,0.49063703703703704,1.0,1.0,0.17370333296259222,0.17370333296259222,True
bp_fs200_signed,/home/test/bupt_hjk/sdp_dataset/xrf55/wifi/03_05_07.npy,1000,float64,0.0,0.5039851851851852,0.5039851851851852,0.5041185185185185,1.0,1.0,0.18594520446372298,0.18594520446372298,True
bp_fs200_signed,/home/test/bupt_hjk/sdp_dataset/xrf55/wifi/03_05_08.npy,1000,float64,0.0,0.5087222222222222,0.5087222222222222,0.5077777777777778,1.0,1.0,0.18231194157120084,0.18231194157120084,True
bp_fs200_signed,/home/test/bupt_hjk/sdp_dataset/xrf55/wifi/03_05_09.npy,1000,float64,0.0,0.5110185185185185,0.5110185185185185,0.5113481481481481,1.0,1.0,0.18289400511622733,0.18289400511622733,True
bp_fs200_signed,/home/test/bupt_hjk/sdp_dataset/xrf55/wifi/03_05_10.npy,1000,float64,0.0,0.5014444444444445,0.5014444444444445,0.5018,1.0,1.0,0.2070255440625811,0.2070255440625811,True
bp_fs200_signed,/home/test/bupt_hjk/sdp_dataset/xrf55/wifi/03_05_11.npy,1000,float64,0.0,0.5029962962962963,0.5029962962962963,0.5029777777777777,1.0,1.0,0.20313646980313646,0.20313646980313646,True
bp_fs200_signed,/home/test/bupt_hjk/sdp_dataset/xrf55/wifi/03_05_12.npy,1000,float64,0.0,0.5124666666666666,0.5124666666666666,0.5110296296296296,1.0,1.0,0.16083861639417196,0.16083861639417196,True
bp_fs200_signed,/home/test/bupt_hjk/sdp_dataset/xrf55/wifi/03_05_13.npy,1000,float64,0.0,0.49672962962962963,0.49672962962962963,0.4979925925925926,1.0,1.0,0.18060653245838432,0.18060653245838432,True
bp_fs200_signed,/home/test/bupt_hjk/sdp_dataset/xrf55/wifi/03_05_14.npy,1000,float64,0.0,0.5193037037037037,0.5193037037037037,0.5189851851851852,1.0,1.0,0.1807474140807474,0.1807474140807474,True
bp_fs200_signed,/home/test/bupt_hjk/sdp_dataset/xrf55/wifi/03_05_15.npy,1000,float64,0.0,0.5233777777777778,0.5233777777777778,0.5226518518518518,1.0,1.0,0.16188410632855077,0.16188410632855077,True
bp_fs200_signed,/home/test/bupt_hjk/sdp_dataset/xrf55/wifi/03_05_16.npy,1000,float64,0.0,0.5215666666666666,0.5215666666666666,0.5215481481481481,1.0,1.0,0.1702925147369592,0.1702925147369592,True
bp_fs200_signed,/home/test/bupt_hjk/sdp_dataset/xrf55/wifi/03_05_17.npy,1000,float64,0.0,0.5003814814814814,0.5003814814814814,0.500874074074074,1.0,1.0,0.17411485559633708,0.17411485559633708,True
bp_fs200_signed,/home/test/bupt_hjk/sdp_dataset/xrf55/wifi/03_05_18.npy,1000,float64,0.0,0.5147,0.5147,0.5140444444444444,1.0,1.0,0.18022096170244317,0.18022096170244317,True
bp_fs200_signed,/home/test/bupt_hjk/sdp_dataset/xrf55/wifi/03_05_19.npy,1000,float64,0.0,0.5075740740740741,0.5075740740740741,0.5057555555555555,1.0,1.0,0.17220924628332035,0.17220924628332035,True
bp_fs200_signed,/home/test/bupt_hjk/sdp_dataset/xrf55/wifi/03_05_20.npy,1000,float64,0.0,0.5221333333333333,0.5221333333333333,0.5232592592592593,1.0,1.0,0.17794831868905944,0.17794831868905944,True
bp_fs200_signed,/home/test/bupt_hjk/sdp_dataset/xrf55/wifi/03_06_01.npy,1000,float64,0.0,0.5047925925925926,0.5047925925925926,0.5072518518518518,1.0,1.0,0.21060319578838096,0.21060319578838096,True
bp_fs200_signed,/home/test/bupt_hjk/sdp_dataset/xrf55/wifi/03_06_02.npy,1000,float64,0.0,0.5060148148148148,0.5060148148148148,0.5068518518518519,1.0,1.0,0.22066881696511326,0.22066881696511326,True
bp_fs200_signed,/home/test/bupt_hjk/sdp_dataset/xrf55/wifi/03_06_03.npy,1000,float64,0.0,0.5001629629629629,0.5001629629629629,0.5002,1.0,1.0,0.20973566158751344,0.20973566158751344,True
bp_fs200_signed,/home/test/bupt_hjk/sdp_dataset/xrf55/wifi/03_06_04.npy,1000,float64,0.0,0.4970333333333333,0.4970333333333333,0.497162962962963,1.0,1.0,0.206884662440218,0.206884662440218,True
bp_fs200_signed,/home/test/bupt_hjk/sdp_dataset/xrf55/wifi/03_06_05.npy,1000,float64,0.0,0.5052037037037037,0.5052037037037037,0.5067925925925926,1.0,1.0,0.20651392132873614,0.20651392132873614,True
bp_fs200_signed,/home/test/bupt_hjk/sdp_dataset/xrf55/wifi/03_06_06.npy,1000,float64,0.0,0.5011666666666666,0.5011666666666666,0.5009703703703704,1.0,1.0,0.21821080339598858,0.21821080339598858,True
bp_fs200_signed,/home/test/bupt_hjk/sdp_dataset/xrf55/wifi/03_06_07.npy,1000,float64,0.0,0.4877444444444444,0.4877444444444444,0.4877185185185185,1.0,1.0,0.2140733325918511,0.2140733325918511,True
bp_fs200_signed,/home/test/bupt_hjk/sdp_dataset/xrf55/wifi/03_06_08.npy,1000,float64,0.0,0.5079851851851852,0.5079851851851852,0.5091777777777777,1.0,1.0,0.2185741296852408,0.2185741296852408,True
bp_fs200_signed,/home/test/bupt_hjk/sdp_dataset/xrf55/wifi/03_06_09.npy,1000,float64,0.0,0.5119370370370371,0.5119370370370371,0.5117333333333334,1.0,1.0,0.21827012197382567,0.21827012197382567,True
bp_fs200_signed,/home/test/bupt_hjk/sdp_dataset/xrf55/wifi/03_06_10.npy,1000,float64,0.0,0.5155592592592593,0.5155592592592593,0.5125703703703703,1.0,1.0,0.21426241055870685,0.21426241055870685,True
bp_fs200_signed,/home/test/bupt_hjk/sdp_dataset/xrf55/wifi/03_06_11.npy,1000,float64,0.0,0.49695925925925927,0.49695925925925927,0.4982888888888889,1.0,1.0,0.20775590405220035,0.20775590405220035,True
bp_fs200_signed,/home/test/bupt_hjk/sdp_dataset/xrf55/wifi/03_06_12.npy,1000,float64,0.0,0.4996148148148148,0.4996148148148148,0.5010962962962963,1.0,1.0,0.21340970600229858,0.21340970600229858,True
bp_fs200_signed,/home/test/bupt_hjk/sdp_dataset/xrf55/wifi/03_06_13.npy,1000,float64,0.0,0.5058407407407407,0.5058407407407407,0.5066,1.0,1.0,0.21311311311311312,0.21311311311311312,True
bp_fs200_signed,/home/test/bupt_hjk/sdp_dataset/xrf55/wifi/03_06_14.npy,1000,float64,0.0,0.5019888888888889,0.5019888888888889,0.5030148148148148,1.0,1.0,0.2178326474622771,0.2178326474622771,True
bp_fs200_signed,/home/test/bupt_hjk/sdp_dataset/xrf55/wifi/03_06_15.npy,1000,float64,0.0,0.5013740740740741,0.5013740740740741,0.5026296296296296,1.0,1.0,0.2186149112075038,0.2186149112075038,True
bp_fs200_signed,/home/test/bupt_hjk/sdp_dataset/xrf55/wifi/03_06_16.npy,1000,float64,0.0,0.4933814814814815,0.4933814814814815,0.4928518518518519,1.0,1.0,0.22201089978867758,0.22201089978867758,True
bp_fs200_signed,/home/test/bupt_hjk/sdp_dataset/xrf55/wifi/03_06_17.npy,1000,float64,0.0,0.48816296296296297,0.48816296296296297,0.48743703703703706,1.0,1.0,0.22061320579839097,0.22061320579839097,True
bp_fs200_signed,/home/test/bupt_hjk/sdp_dataset/xrf55/wifi/03_06_18.npy,1000,float64,0.0,0.5003703703703704,0.5003703703703704,0.49874814814814816,1.0,1.0,0.21200088977866755,0.21200088977866755,True
bp_fs200_signed,/home/test/bupt_hjk/sdp_dataset/xrf55/wifi/03_06_19.npy,1000,float64,0.0,0.4931333333333333,0.4931333333333333,0.49492592592592594,1.0,1.0,0.21060319578838096,0.21060319578838096,True
bp_fs200_signed,/home/test/bupt_hjk/sdp_dataset/xrf55/wifi/03_06_20.npy,1000,float64,0.0,0.49443703703703706,0.49443703703703706,0.4918,1.0,1.0,0.21917843769695622,0.21917843769695622,True
bp_fs200_signed,/home/test/bupt_hjk/sdp_dataset/xrf55/wifi/03_07_01.npy,1000,float64,0.0,0.5037888888888888,0.5037888888888888,0.5035407407407407,1.0,1.0,0.15737218700181663,0.15737218700181663,True
bp_fs200_signed,/home/test/bupt_hjk/sdp_dataset/xrf55/wifi/03_07_02.npy,1000,float64,0.0,0.490462962962963,0.490462962962963,0.49177777777777776,1.0,1.0,0.16119823527230934,0.16119823527230934,True
bp_fs200_signed,/home/test/bupt_hjk/sdp_dataset/xrf55/wifi/03_07_03.npy,1000,float64,0.0,0.4974851851851852,0.4974851851851852,0.49837037037037035,1.0,1.0,0.1591072554035517,0.1591072554035517,True
bp_fs200_signed,/home/test/bupt_hjk/sdp_dataset/xrf55/wifi/03_07_04.npy,1000,float64,0.0,0.49045925925925926,0.49045925925925926,0.49034814814814814,1.0,1.0,0.15353130908686463,0.15353130908686463,True
bp_fs200_signed,/home/test/bupt_hjk/sdp_dataset/xrf55/wifi/03_07_05.npy,1000,float64,0.0,0.4927592592592593,0.4927592592592593,0.49308148148148145,1.0,1.0,0.13723723723723724,0.13723723723723724,True
bp_fs200_signed,/home/test/bupt_hjk/sdp_dataset/xrf55/wifi/03_07_06.npy,1000,float64,0.0,0.49873703703703703,0.49873703703703703,0.4992666666666667,1.0,1.0,0.15253401549697845,0.15253401549697845,True
bp_fs200_signed,/home/test/bupt_hjk/sdp_dataset/xrf55/wifi/03_07_07.npy,1000,float64,0.0,0.527974074074074,0.527974074074074,0.528162962962963,1.0,1.0,0.1403143884625366,0.1403143884625366,True
bp_fs200_signed,/home/test/bupt_hjk/sdp_dataset/xrf55/wifi/03_07_08.npy,1000,float64,0.0,0.5083888888888889,0.5083888888888889,0.5090888888888889,1.0,1.0,0.1584621658695733,0.1584621658695733,True
bp_fs200_signed,/home/test/bupt_hjk/sdp_dataset/xrf55/wifi/03_07_09.npy,1000,float64,0.0,0.4956703703703704,0.4956703703703704,0.49648888888888887,1.0,1.0,0.15190746301857413,0.15190746301857413,True
bp_fs200_signed,/home/test/bupt_hjk/sdp_dataset/xrf55/wifi/03_07_10.npy,1000,float64,0.0,0.5036259259259259,0.5036259259259259,0.5030962962962963,1.0,1.0,0.16080154228302376,0.16080154228302376,True
bp_fs200_signed,/home/test/bupt_hjk/sdp_dataset/xrf55/wifi/03_07_11.npy,1000,float64,0.0,0.5081851851851852,0.5081851851851852,0.5105407407407407,1.0,1.0,0.1558224891558225,0.1558224891558225,True
bp_fs200_signed,/home/test/bupt_hjk/sdp_dataset/xrf55/wifi/03_07_12.npy,1000,float64,0.0,0.5006111111111111,0.5006111111111111,0.5014222222222222,1.0,1.0,0.13978793608423237,0.13978793608423237,True
bp_fs200_signed,/home/test/bupt_hjk/sdp_dataset/xrf55/wifi/03_07_13.npy,1000,float64,0.0,0.4928962962962963,0.4928962962962963,0.4926962962962963,1.0,1.0,0.15599673747821896,0.15599673747821896,True
bp_fs200_signed,/home/test/bupt_hjk/sdp_dataset/xrf55/wifi/03_07_14.npy,1000,float64,0.0,0.5099888888888889,0.5099888888888889,0.5093925925925926,1.0,1.0,0.15835465094724355,0.15835465094724355,True
bp_fs200_signed,/home/test/bupt_hjk/sdp_dataset/xrf55/wifi/03_07_15.npy,1000,float64,0.0,0.5044074074074074,0.5044074074074074,0.504674074074074,1.0,1.0,0.1569643717791866,0.1569643717791866,True
bp_fs200_signed,/home/test/bupt_hjk/sdp_dataset/xrf55/wifi/03_07_16.npy,1000,float64,0.0,0.5057333333333334,0.5057333333333334,0.5050222222222223,1.0,1.0,0.16232158084009937,0.16232158084009937,True
bp_fs200_signed,/home/test/bupt_hjk/sdp_dataset/xrf55/wifi/03_07_17.npy,1000,float64,0.0,0.5072148148148148,0.5072148148148148,0.5073111111111112,1.0,1.0,0.15789493196900603,0.15789493196900603,True
bp_fs200_signed,/home/test/bupt_hjk/sdp_dataset/xrf55/wifi/03_07_18.npy,1000,float64,0.0,0.5120888888888889,0.5120888888888889,0.5132222222222222,1.0,1.0,0.14834834834834834,0.14834834834834834,True
bp_fs200_signed,/home/test/bupt_hjk/sdp_dataset/xrf55/wifi/03_07_19.npy,1000,float64,0.0,0.5107851851851852,0.5107851851851852,0.5120814814814815,1.0,1.0,0.1438994550105661,0.1438994550105661,True
bp_fs200_signed,/home/test/bupt_hjk/sdp_dataset/xrf55/wifi/03_07_20.npy,1000,float64,0.0,0.5073666666666666,0.5073666666666666,0.5074222222222222,1.0,1.0,0.13499796092388686,0.13499796092388686,True
bp_fs200_signed,/home/test/bupt_hjk/sdp_dataset/xrf55/wifi/03_08_01.npy,1000,float64,0.0,0.4829037037037037,0.4829037037037037,0.48414814814814816,1.0,1.0,0.13079375671968266,0.13079375671968266,True
bp_fs200_signed,/home/test/bupt_hjk/sdp_dataset/xrf55/wifi/03_08_02.npy,1000,float64,0.0,0.48343703703703705,0.48343703703703705,0.4835037037037037,1.0,1.0,0.15192970748526305,0.15192970748526305,True
bp_fs200_signed,/home/test/bupt_hjk/sdp_dataset/xrf55/wifi/03_08_03.npy,1000,float64,0.0,0.4977185185185185,0.4977185185185185,0.4975111111111111,1.0,1.0,0.15175175175175176,0.15175175175175176,True
bp_fs200_signed,/home/test/bupt_hjk/sdp_dataset/xrf55/wifi/03_08_04.npy,1000,float64,0.0,0.49670740740740743,0.49670740740740743,0.4967111111111111,1.0,1.0,0.14901197493790086,0.14901197493790086,True
bp_fs200_signed,/home/test/bupt_hjk/sdp_dataset/xrf55/wifi/03_08_05.npy,1000,float64,0.0,0.5059444444444444,0.5059444444444444,0.5058222222222222,1.0,1.0,0.1412746079412746,0.1412746079412746,True
bp_fs200_signed,/home/test/bupt_hjk/sdp_dataset/xrf55/wifi/03_08_06.npy,1000,float64,0.0,0.5068074074074074,0.5068074074074074,0.5075185185185185,1.0,1.0,0.12670818967115263,0.12670818967115263,True
bp_fs200_signed,/home/test/bupt_hjk/sdp_dataset/xrf55/wifi/03_08_07.npy,1000,float64,0.0,0.4949925925925926,0.4949925925925926,0.4951185185185185,1.0,1.0,0.1371297223149075,0.1371297223149075,True
bp_fs200_signed,/home/test/bupt_hjk/sdp_dataset/xrf55/wifi/03_08_08.npy,1000,float64,0.0,0.5040074074074075,0.5040074074074075,0.5023555555555556,1.0,1.0,0.14434434434434434,0.14434434434434434,True
bp_fs200_signed,/home/test/bupt_hjk/sdp_dataset/xrf55/wifi/03_08_09.npy,1000,float64,0.0,0.5068259259259259,0.5068259259259259,0.5062,1.0,1.0,0.13475697920142365,0.13475697920142365,True
bp_fs200_signed,/home/test/bupt_hjk/sdp_dataset/xrf55/wifi/03_08_10.npy,1000,float64,0.0,0.48905185185185185,0.48905185185185185,0.4891185185185185,1.0,1.0,0.12809105401697995,0.12809105401697995,True
bp_fs200_signed,/home/test/bupt_hjk/sdp_dataset/xrf55/wifi/03_08_11.npy,1000,float64,0.0,0.5099518518518519,0.5099518518518519,0.5096444444444445,1.0,1.0,0.12744596448300152,0.12744596448300152,True
bp_fs200_signed,/home/test/bupt_hjk/sdp_dataset/xrf55/wifi/03_08_12.npy,1000,float64,0.0,0.4914148148148148,0.4914148148148148,0.4917259259259259,1.0,1.0,0.12843955066177287,0.12843955066177287,True
bp_fs200_signed,/home/test/bupt_hjk/sdp_dataset/xrf55/wifi/03_08_13.npy,1000,float64,0.0,0.49957407407407406,0.49957407407407406,0.49922222222222223,1.0,1.0,0.12336039743447151,0.12336039743447151,True
bp_fs200_signed,/home/test/bupt_hjk/sdp_dataset/xrf55/wifi/03_08_14.npy,1000,float64,0.0,0.5213185185185185,0.5213185185185185,0.5210814814814815,1.0,1.0,0.1273013754495236,0.1273013754495236,True
bp_fs200_signed,/home/test/bupt_hjk/sdp_dataset/xrf55/wifi/03_08_15.npy,1000,float64,0.0,0.5037518518518519,0.5037518518518519,0.5036074074074074,1.0,1.0,0.1379713046379713,0.1379713046379713,True
bp_fs200_signed,/home/test/bupt_hjk/sdp_dataset/xrf55/wifi/03_08_16.npy,1000,float64,0.0,0.5079296296296296,0.5079296296296296,0.5094,1.0,1.0,0.14686538390242093,0.14686538390242093,True
bp_fs200_signed,/home/test/bupt_hjk/sdp_dataset/xrf55/wifi/03_08_17.npy,1000,float64,0.0,0.4905111111111111,0.4905111111111111,0.4895925925925926,1.0,1.0,0.1480183887591295,0.1480183887591295,True
bp_fs200_signed,/home/test/bupt_hjk/sdp_dataset/xrf55/wifi/03_08_18.npy,1000,float64,0.0,0.5150592592592592,0.5150592592592592,0.5148148148148148,1.0,1.0,0.15843992140288438,0.15843992140288438,True
bp_fs200_signed,/home/test/bupt_hjk/sdp_dataset/xrf55/wifi/03_08_19.npy,1000,float64,0.0,0.5052888888888889,0.5052888888888889,0.5039407407407407,1.0,1.0,0.14564935305676047,0.14564935305676047,True
bp_fs200_signed,/home/test/bupt_hjk/sdp_dataset/xrf55/wifi/03_08_20.npy,1000,float64,0.0,0.5010740740740741,0.5010740740740741,0.5011037037037037,1.0,1.0,0.14464093723352983,0.14464093723352983,True
bp_fs200_signed,/home/test/bupt_hjk/sdp_dataset/xrf55/wifi/03_09_01.npy,1000,float64,0.0,0.5008703703703704,0.5008703703703704,0.5009185185185185,1.0,1.0,0.16444592740889039,0.16444592740889039,True
bp_fs200_signed,/home/test/bupt_hjk/sdp_dataset/xrf55/wifi/03_09_02.npy,1000,float64,0.0,0.4907592592592593,0.4907592592592593,0.490962962962963,1.0,1.0,0.18078078078078078,0.18078078078078078,True
bp_fs200_signed,/home/test/bupt_hjk/sdp_dataset/xrf55/wifi/03_09_03.npy,1000,float64,0.0,0.4906185185185185,0.4906185185185185,0.49165925925925924,1.0,1.0,0.17793719645571499,0.17793719645571499,True
bp_fs200_signed,/home/test/bupt_hjk/sdp_dataset/xrf55/wifi/03_09_04.npy,1000,float64,0.0,0.4970222222222222,0.4970222222222222,0.4978592592592593,1.0,1.0,0.1741185630074519,0.1741185630074519,True
bp_fs200_signed,/home/test/bupt_hjk/sdp_dataset/xrf55/wifi/03_09_05.npy,1000,float64,0.0,0.4946925925925926,0.4946925925925926,0.496162962962963,1.0,1.0,0.18081785489192898,0.18081785489192898,True
bp_fs200_signed,/home/test/bupt_hjk/sdp_dataset/xrf55/wifi/03_09_06.npy,1000,float64,0.0,0.4965962962962963,0.4965962962962963,0.49625185185185183,1.0,1.0,0.17967597226856485,0.17967597226856485,True
bp_fs200_signed,/home/test/bupt_hjk/sdp_dataset/xrf55/wifi/03_09_07.npy,1000,float64,0.0,0.4954222222222222,0.4954222222222222,0.4949925925925926,1.0,1.0,0.18031735439142846,0.18031735439142846,True
bp_fs200_signed,/home/test/bupt_hjk/sdp_dataset/xrf55/wifi/03_09_08.npy,1000,float64,0.0,0.4933777777777778,0.4933777777777778,0.49474814814814816,1.0,1.0,0.1747006265524784,0.1747006265524784,True
bp_fs200_signed,/home/test/bupt_hjk/sdp_dataset/xrf55/wifi/03_09_09.npy,1000,float64,0.0,0.5005148148148149,0.5005148148148149,0.5016444444444444,1.0,1.0,0.1827012197382568,0.1827012197382568,True
bp_fs200_signed,/home/test/bupt_hjk/sdp_dataset/xrf55/wifi/03_09_10.npy,1000,float64,0.0,0.5006259259259259,0.5006259259259259,0.5022148148148148,1.0,1.0,0.17354391428465502,0.17354391428465502,True
bp_fs200_signed,/home/test/bupt_hjk/sdp_dataset/xrf55/wifi/03_09_11.npy,1000,float64,0.0,0.48764814814814816,0.48764814814814816,0.4873037037037037,1.0,1.0,0.17662848033218403,0.17662848033218403,True
bp_fs200_signed,/home/test/bupt_hjk/sdp_dataset/xrf55/wifi/03_09_12.npy,1000,float64,0.0,0.49543333333333334,0.49543333333333334,0.49865185185185185,1.0,1.0,0.18180773365958552,0.18180773365958552,True
bp_fs200_signed,/home/test/bupt_hjk/sdp_dataset/xrf55/wifi/03_09_13.npy,1000,float64,0.0,0.49903703703703706,0.49903703703703706,0.49845925925925927,1.0,1.0,0.18151484818151484,0.18151484818151484,True
bp_fs200_signed,/home/test/bupt_hjk/sdp_dataset/xrf55/wifi/03_09_14.npy,1000,float64,0.0,0.4958740740740741,0.4958740740740741,0.4949037037037037,1.0,1.0,0.18854039224409594,0.18854039224409594,True
bp_fs200_signed,/home/test/bupt_hjk/sdp_dataset/xrf55/wifi/03_09_15.npy,1000,float64,0.0,0.48689629629629627,0.48689629629629627,0.48773333333333335,1.0,1.0,0.18666073480888296,0.18666073480888296,True
bp_fs200_signed,/home/test/bupt_hjk/sdp_dataset/xrf55/wifi/03_09_16.npy,1000,float64,0.0,0.4858148148148148,0.4858148148148148,0.4869925925925926,1.0,1.0,0.18463648834019206,0.18463648834019206,True
bp_fs200_signed,/home/test/bupt_hjk/sdp_dataset/xrf55/wifi/03_09_17.npy,1000,float64,0.0,0.4833148148148148,0.4833148148148148,0.4843703703703704,1.0,1.0,0.174177881585289,0.174177881585289,True
bp_fs200_signed,/home/test/bupt_hjk/sdp_dataset/xrf55/wifi/03_09_18.npy,1000,float64,0.0,0.496162962962963,0.496162962962963,0.4971407407407407,1.0,1.0,0.18073999925851778,0.18073999925851778,True
bp_fs200_signed,/home/test/bupt_hjk/sdp_dataset/xrf55/wifi/03_09_19.npy,1000,float64,0.0,0.49257407407407405,0.49257407407407405,0.49373333333333336,1.0,1.0,0.18118118118118118,0.18118118118118118,True
bp_fs200_signed,/home/test/bupt_hjk/sdp_dataset/xrf55/wifi/03_09_20.npy,1000,float64,0.0,0.48777037037037035,0.48777037037037035,0.48715555555555556,1.0,1.0,0.17664330997664332,0.17664330997664332,True
bp_fs200_signed,/home/test/bupt_hjk/sdp_dataset/xrf55/wifi/03_10_01.npy,1000,float64,0.0,0.49661481481481484,0.49661481481481484,0.49695555555555554,1.0,1.0,0.1320653987320654,0.1320653987320654,True
bp_fs200_signed,/home/test/bupt_hjk/sdp_dataset/xrf55/wifi/03_10_02.npy,1000,float64,0.0,0.5048555555555555,0.5048555555555555,0.5046148148148148,1.0,1.0,0.10985059133207281,0.10985059133207281,True
bp_fs200_signed,/home/test/bupt_hjk/sdp_dataset/xrf55/wifi/03_10_03.npy,1000,float64,0.0,0.5194,0.5194,0.5192148148148148,1.0,1.0,0.130786341897453,0.130786341897453,True
bp_fs200_signed,/home/test/bupt_hjk/sdp_dataset/xrf55/wifi/03_10_04.npy,1000,float64,0.0,0.5157074074074074,0.5157074074074074,0.5165333333333333,1.0,1.0,0.1310236162088014,0.1310236162088014,True
bp_fs200_signed,/home/test/bupt_hjk/sdp_dataset/xrf55/wifi/03_10_05.npy,1000,float64,0.0,0.49315185185185184,0.49315185185185184,0.4919777777777778,1.0,1.0,0.13379305231157082,0.13379305231157082,True
bp_fs200_signed,/home/test/bupt_hjk/sdp_dataset/xrf55/wifi/03_10_06.npy,1000,float64,0.0,0.49903703703703706,0.49903703703703706,0.4991185185185185,1.0,1.0,0.11874837800763727,0.11874837800763727,True
bp_fs200_signed,/home/test/bupt_hjk/sdp_dataset/xrf55/wifi/03_10_07.npy,1000,float64,0.0,0.48940370370370373,0.48940370370370373,0.49217037037037037,1.0,1.0,0.1174952730508286,0.1174952730508286,True
bp_fs200_signed,/home/test/bupt_hjk/sdp_dataset/xrf55/wifi/03_10_08.npy,1000,float64,0.0,0.5019814814814815,0.5019814814814815,0.5032148148148148,1.0,1.0,0.12505468431394356,0.12505468431394356,True
bp_fs200_signed,/home/test/bupt_hjk/sdp_dataset/xrf55/wifi/03_10_09.npy,1000,float64,0.0,0.505637037037037,0.505637037037037,0.5065185185185185,1.0,1.0,0.1321469617765914,0.1321469617765914,True
bp_fs200_signed,/home/test/bupt_hjk/sdp_dataset/xrf55/wifi/03_10_10.npy,1000,float64,0.0,0.4946740740740741,0.4946740740740741,0.4956962962962963,1.0,1.0,0.12315278241204167,0.12315278241204167,True
bp_fs200_signed,/home/test/bupt_hjk/sdp_dataset/xrf55/wifi/03_10_11.npy,1000,float64,0.0,0.5021592592592593,0.5021592592592593,0.5033407407407408,1.0,1.0,0.12802802802802804,0.12802802802802804,True
bp_fs200_signed,/home/test/bupt_hjk/sdp_dataset/xrf55/wifi/03_10_12.npy,1000,float64,0.0,0.5012629629629629,0.5012629629629629,0.5014148148148149,1.0,1.0,0.14126719311904498,0.14126719311904498,True
bp_fs200_signed,/home/test/bupt_hjk/sdp_dataset/xrf55/wifi/03_10_13.npy,1000,float64,0.0,0.5058814814814815,0.5058814814814815,0.5068666666666667,1.0,1.0,0.12547732918103288,0.12547732918103288,True
bp_fs200_signed,/home/test/bupt_hjk/sdp_dataset/xrf55/wifi/03_10_14.npy,1000,float64,0.0,0.49355185185185185,0.49355185185185185,0.4934074074074074,1.0,1.0,0.12842842842842841,0.12842842842842841,True
bp_fs200_signed,/home/test/bupt_hjk/sdp_dataset/xrf55/wifi/03_10_15.npy,1000,float64,0.0,0.4930185185185185,0.4930185185185185,0.4925851851851852,1.0,1.0,0.1270010751492233,0.1270010751492233,True
bp_fs200_signed,/home/test/bupt_hjk/sdp_dataset/xrf55/wifi/03_10_16.npy,1000,float64,0.0,0.4941037037037037,0.4941037037037037,0.4955111111111111,1.0,1.0,0.12805397990583176,0.12805397990583176,True
bp_fs200_signed,/home/test/bupt_hjk/sdp_dataset/xrf55/wifi/03_10_17.npy,1000,float64,0.0,0.49436296296296295,0.49436296296296295,0.496,1.0,1.0,0.12512883253623994,0.12512883253623994,True
bp_fs200_signed,/home/test/bupt_hjk/sdp_dataset/xrf55/wifi/03_10_18.npy,1000,float64,0.0,0.5070888888888889,0.5070888888888889,0.5065037037037037,1.0,1.0,0.12716790864939012,0.12716790864939012,True
bp_fs200_signed,/home/test/bupt_hjk/sdp_dataset/xrf55/wifi/03_10_19.npy,1000,float64,0.0,0.4885851851851852,0.4885851851851852,0.4903851851851852,1.0,1.0,0.12680828977125275,0.12680828977125275,True
bp_fs200_signed,/home/test/bupt_hjk/sdp_dataset/xrf55/wifi/03_10_20.npy,1000,float64,0.0,0.49486296296296295,0.49486296296296295,0.4944,1.0,1.0,0.1190746301857413,0.1190746301857413,True
bp_fs200_signed,/home/test/bupt_hjk/sdp_dataset/xrf55/wifi/03_11_01.npy,1000,float64,0.0,0.5166814814814815,0.5166814814814815,0.5164518518518518,1.0,1.0,0.14880806732658586,0.14880806732658586,True
bp_fs200_signed,/home/test/bupt_hjk/sdp_dataset/xrf55/wifi/03_11_02.npy,1000,float64,0.0,0.49587777777777775,0.49587777777777775,0.496,1.0,1.0,0.1330441552663775,0.1330441552663775,True
bp_fs200_signed,/home/test/bupt_hjk/sdp_dataset/xrf55/wifi/03_11_03.npy,1000,float64,0.0,0.4950148148148148,0.4950148148148148,0.49473333333333336,1.0,1.0,0.15627108590071553,0.15627108590071553,True
bp_fs200_signed,/home/test/bupt_hjk/sdp_dataset/xrf55/wifi/03_11_04.npy,1000,float64,0.0,0.4974777777777778,0.4974777777777778,0.4971037037037037,1.0,1.0,0.145801356912468,0.145801356912468,True
bp_fs200_signed,/home/test/bupt_hjk/sdp_dataset/xrf55/wifi/03_11_05.npy,1000,float64,0.0,0.49545185185185187,0.49545185185185187,0.4974222222222222,1.0,1.0,0.1540058577095614,0.1540058577095614,True
bp_fs200_signed,/home/test/bupt_hjk/sdp_dataset/xrf55/wifi/03_11_06.npy,1000,float64,0.0,0.5015037037037037,0.5015037037037037,0.5019555555555556,1.0,1.0,0.15763541319096874,0.15763541319096874,True
bp_fs200_signed,/home/test/bupt_hjk/sdp_dataset/xrf55/wifi/03_11_07.npy,1000,float64,0.0,0.49324074074074076,0.49324074074074076,0.4938296296296296,1.0,1.0,0.15804322841359877,0.15804322841359877,True
bp_fs200_signed,/home/test/bupt_hjk/sdp_dataset/xrf55/wifi/03_11_08.npy,1000,float64,0.0,0.47865555555555556,0.47865555555555556,0.4777111111111111,1.0,1.0,0.15163311459607756,0.15163311459607756,True
bp_fs200_signed,/home/test/bupt_hjk/sdp_dataset/xrf55/wifi/03_11_09.npy,1000,float64,0.0,0.4830185185185185,0.4830185185185185,0.48263703703703703,1.0,1.0,0.15529603677751827,0.15529603677751827,True
bp_fs200_signed,/home/test/bupt_hjk/sdp_dataset/xrf55/wifi/03_11_10.npy,1000,float64,0.0,0.4822592592592593,0.4822592592592593,0.4809703703703704,1.0,1.0,0.14966447929410892,0.14966447929410892,True
bp_fs200_signed,/home/test/bupt_hjk/sdp_dataset/xrf55/wifi/03_11_11.npy,1000,float64,0.0,0.4999851851851852,0.4999851851851852,0.5013481481481481,1.0,1.0,0.1567493419345271,0.1567493419345271,True
bp_fs200_signed,/home/test/bupt_hjk/sdp_dataset/xrf55/wifi/03_11_12.npy,1000,float64,0.0,0.49225555555555556,0.49225555555555556,0.49461481481481484,1.0,1.0,0.1709969228487747,0.1709969228487747,True
bp_fs200_signed,/home/test/bupt_hjk/sdp_dataset/xrf55/wifi/03_11_13.npy,1000,float64,0.0,0.5010629629629629,0.5010629629629629,0.5015777777777778,1.0,1.0,0.17126385644904163,0.17126385644904163,True
bp_fs200_signed,/home/test/bupt_hjk/sdp_dataset/xrf55/wifi/03_11_14.npy,1000,float64,0.0,0.5026037037037037,0.5026037037037037,0.5019481481481481,1.0,1.0,0.16741185630074518,0.16741185630074518,True
bp_fs200_signed,/home/test/bupt_hjk/sdp_dataset/xrf55/wifi/03_11_15.npy,1000,float64,0.0,0.48948148148148146,0.48948148148148146,0.4889925925925926,1.0,1.0,0.14062951840729618,0.14062951840729618,True
bp_fs200_signed,/home/test/bupt_hjk/sdp_dataset/xrf55/wifi/03_11_16.npy,1000,float64,0.0,0.4809037037037037,0.4809037037037037,0.4818148148148148,1.0,1.0,0.16650354057761466,0.16650354057761466,True
bp_fs200_signed,/home/test/bupt_hjk/sdp_dataset/xrf55/wifi/03_11_17.npy,1000,float64,0.0,0.4862740740740741,0.4862740740740741,0.4862814814814815,1.0,1.0,0.16274051829607386,0.16274051829607386,True
bp_fs200_signed,/home/test/bupt_hjk/sdp_dataset/xrf55/wifi/03_11_18.npy,1000,float64,0.0,0.4931962962962963,0.4931962962962963,0.4915481481481481,1.0,1.0,0.16350424498572647,0.16350424498572647,True
bp_fs200_signed,/home/test/bupt_hjk/sdp_dataset/xrf55/wifi/03_11_19.npy,1000,float64,0.0,0.48167777777777776,0.48167777777777776,0.4811925925925926,1.0,1.0,0.16512067623178733,0.16512067623178733,True
bp_fs200_signed,/home/test/bupt_hjk/sdp_dataset/xrf55/wifi/03_11_20.npy,1000,float64,0.0,0.48782592592592594,0.48782592592592594,0.48791851851851853,1.0,1.0,0.16102027953879805,0.16102027953879805,True
bp_fs200_signed,/home/test/bupt_hjk/sdp_dataset/xrf55/wifi/03_12_01.npy,1000,float64,0.0,0.5061777777777777,0.5061777777777777,0.5066888888888889,1.0,1.0,0.1683794906017128,0.1683794906017128,True
bp_fs200_signed,/home/test/bupt_hjk/sdp_dataset/xrf55/wifi/03_12_02.npy,1000,float64,0.0,0.49165185185185184,0.49165185185185184,0.4925925925925926,1.0,1.0,0.18985652318985652,0.18985652318985652,True
bp_fs200_signed,/home/test/bupt_hjk/sdp_dataset/xrf55/wifi/03_12_03.npy,1000,float64,0.0,0.5028111111111111,0.5028111111111111,0.5059259259259259,1.0,1.0,0.18306825343862382,0.18306825343862382,True
bp_fs200_signed,/home/test/bupt_hjk/sdp_dataset/xrf55/wifi/03_12_04.npy,1000,float64,0.0,0.4831740740740741,0.4831740740740741,0.48273333333333335,1.0,1.0,0.189192896600304,0.189192896600304,True
bp_fs200_signed,/home/test/bupt_hjk/sdp_dataset/xrf55/wifi/03_12_05.npy,1000,float64,0.0,0.5029259259259259,0.5029259259259259,0.5033555555555556,1.0,1.0,0.18021725429132837,0.18021725429132837,True
bp_fs200_signed,/home/test/bupt_hjk/sdp_dataset/xrf55/wifi/03_12_06.npy,1000,float64,0.0,0.4931888888888889,0.4931888888888889,0.49204444444444445,1.0,1.0,0.1828865902939977,0.1828865902939977,True
bp_fs200_signed,/home/test/bupt_hjk/sdp_dataset/xrf55/wifi/03_12_07.npy,1000,float64,0.0,0.511325925925926,0.511325925925926,0.510362962962963,1.0,1.0,0.15366477588699812,0.15366477588699812,True
bp_fs200_signed,/home/test/bupt_hjk/sdp_dataset/xrf55/wifi/03_12_08.npy,1000,float64,0.0,0.5032740740740741,0.5032740740740741,0.5020518518518519,1.0,1.0,0.16649983316649983,0.16649983316649983,True
bp_fs200_signed,/home/test/bupt_hjk/sdp_dataset/xrf55/wifi/03_12_09.npy,1000,float64,0.0,0.5095481481481482,0.5095481481481482,0.5099407407407407,1.0,1.0,0.1866088310532755,0.1866088310532755,True
bp_fs200_signed,/home/test/bupt_hjk/sdp_dataset/xrf55/wifi/03_12_10.npy,1000,float64,0.0,0.5141407407407408,0.5141407407407408,0.5162666666666667,1.0,1.0,0.17513439365291217,0.17513439365291217,True
bp_fs200_signed,/home/test/bupt_hjk/sdp_dataset/xrf55/wifi/03_12_11.npy,1000,float64,0.0,0.49434074074074075,0.49434074074074075,0.4955111111111111,1.0,1.0,0.18261594928261596,0.18261594928261596,True
bp_fs200_signed,/home/test/bupt_hjk/sdp_dataset/xrf55/wifi/03_12_12.npy,1000,float64,0.0,0.514662962962963,0.514662962962963,0.5144962962962963,1.0,1.0,0.18524079635190746,0.18524079635190746,True
bp_fs200_signed,/home/test/bupt_hjk/sdp_dataset/xrf55/wifi/03_12_13.npy,1000,float64,0.0,0.5067333333333334,0.5067333333333334,0.5064740740740741,1.0,1.0,0.19114670225781336,0.19114670225781336,True
bp_fs200_signed,/home/test/bupt_hjk/sdp_dataset/xrf55/wifi/03_12_14.npy,1000,float64,0.0,0.4884703703703704,0.4884703703703704,0.4889851851851852,1.0,1.0,0.18754309865420976,0.18754309865420976,True
bp_fs200_signed,/home/test/bupt_hjk/sdp_dataset/xrf55/wifi/03_12_15.npy,1000,float64,0.0,0.5095518518518518,0.5095518518518518,0.5101481481481481,1.0,1.0,0.19098728357987618,0.19098728357987618,True
bp_fs200_signed,/home/test/bupt_hjk/sdp_dataset/xrf55/wifi/03_12_16.npy,1000,float64,0.0,0.501537037037037,0.501537037037037,0.5014074074074074,1.0,1.0,0.18878508137767397,0.18878508137767397,True
bp_fs200_signed,/home/test/bupt_hjk/sdp_dataset/xrf55/wifi/03_12_17.npy,1000,float64,0.0,0.4982962962962963,0.4982962962962963,0.5010222222222223,1.0,1.0,0.1924554183813443,0.1924554183813443,True
bp_fs200_signed,/home/test/bupt_hjk/sdp_dataset/xrf55/wifi/03_12_18.npy,1000,float64,0.0,0.5124481481481481,0.5124481481481481,0.5105481481481482,1.0,1.0,0.18579320060801544,0.18579320060801544,True
bp_fs200_signed,/home/test/bupt_hjk/sdp_dataset/xrf55/wifi/03_12_19.npy,1000,float64,0.0,0.5052444444444445,0.5052444444444445,0.5058370370370371,1.0,1.0,0.20043005968931896,0.20043005968931896,True
bp_fs200_signed,/home/test/bupt_hjk/sdp_dataset/xrf55/wifi/03_12_20.npy,1000,float64,0.0,0.5014444444444445,0.5014444444444445,0.5009777777777777,1.0,1.0,0.18800281763244725,0.18800281763244725,True
bp_fs200_signed,/home/test/bupt_hjk/sdp_dataset/xrf55/wifi/03_13_01.npy,1000,float64,0.0,0.4955259259259259,0.4955259259259259,0.49394074074074074,1.0,1.0,0.16476105735364996,0.16476105735364996,True
bp_fs200_signed,/home/test/bupt_hjk/sdp_dataset/xrf55/wifi/03_13_02.npy,1000,float64,0.0,0.5132888888888889,0.5132888888888889,0.5113703703703704,1.0,1.0,0.14452600748897046,0.14452600748897046,True
bp_fs200_signed,/home/test/bupt_hjk/sdp_dataset/xrf55/wifi/03_13_03.npy,1000,float64,0.0,0.49216666666666664,0.49216666666666664,0.49137037037037035,1.0,1.0,0.14040707374040706,0.14040707374040706,True
bp_fs200_signed,/home/test/bupt_hjk/sdp_dataset/xrf55/wifi/03_13_04.npy,1000,float64,0.0,0.4938296296296296,0.4938296296296296,0.4948148148148148,1.0,1.0,0.1444778111444778,0.1444778111444778,True
bp_fs200_signed,/home/test/bupt_hjk/sdp_dataset/xrf55/wifi/03_13_05.npy,1000,float64,0.0,0.48748148148148146,0.48748148148148146,0.48643703703703706,1.0,1.0,0.15049493938382827,0.15049493938382827,True
bp_fs200_signed,/home/test/bupt_hjk/sdp_dataset/xrf55/wifi/03_13_06.npy,1000,float64,0.0,0.5162037037037037,0.5162037037037037,0.5155259259259259,1.0,1.0,0.1537834130426723,0.1537834130426723,True
bp_fs200_signed,/home/test/bupt_hjk/sdp_dataset/xrf55/wifi/03_13_07.npy,1000,float64,0.0,0.5089407407407407,0.5089407407407407,0.5087777777777778,1.0,1.0,0.14597931264597933,0.14597931264597933,True
bp_fs200_signed,/home/test/bupt_hjk/sdp_dataset/xrf55/wifi/03_13_08.npy,1000,float64,0.0,0.494062962962963,0.494062962962963,0.49477777777777776,1.0,1.0,0.15547028509991473,0.15547028509991473,True
bp_fs200_signed,/home/test/bupt_hjk/sdp_dataset/xrf55/wifi/03_13_09.npy,1000,float64,0.0,0.5069333333333333,0.5069333333333333,0.5069037037037037,1.0,1.0,0.15548882215548882,0.15548882215548882,True
bp_fs200_signed,/home/test/bupt_hjk/sdp_dataset/xrf55/wifi/03_13_10.npy,1000,float64,0.0,0.49594814814814814,0.49594814814814814,0.4972962962962963,1.0,1.0,0.15335335335335334,0.15335335335335334,True
bp_fs200_signed,/home/test/bupt_hjk/sdp_dataset/xrf55/wifi/03_13_11.npy,1000,float64,0.0,0.5257333333333334,0.5257333333333334,0.5269851851851852,1.0,1.0,0.15354984614243875,0.15354984614243875,True
bp_fs200_signed,/home/test/bupt_hjk/sdp_dataset/xrf55/wifi/03_13_12.npy,1000,float64,0.0,0.5015407407407407,0.5015407407407407,0.502325925925926,1.0,1.0,0.14563081600118638,0.14563081600118638,True
bp_fs200_signed,/home/test/bupt_hjk/sdp_dataset/xrf55/wifi/03_13_13.npy,1000,float64,0.0,0.4957111111111111,0.4957111111111111,0.4951333333333333,1.0,1.0,0.14589033477922367,0.14589033477922367,True
bp_fs200_signed,/home/test/bupt_hjk/sdp_dataset/xrf55/wifi/03_13_14.npy,1000,float64,0.0,0.4923814814814815,0.4923814814814815,0.49321481481481483,1.0,1.0,0.14725466206947688,0.14725466206947688,True
bp_fs200_signed,/home/test/bupt_hjk/sdp_dataset/xrf55/wifi/03_13_15.npy,1000,float64,0.0,0.4943222222222222,0.4943222222222222,0.49515555555555557,1.0,1.0,0.14307640974307642,0.14307640974307642,True
bp_fs200_signed,/home/test/bupt_hjk/sdp_dataset/xrf55/wifi/03_13_16.npy,1000,float64,0.0,0.5025740740740741,0.5025740740740741,0.5013407407407408,1.0,1.0,0.14608312015719424,0.14608312015719424,True
bp_fs200_signed,/home/test/bupt_hjk/sdp_dataset/xrf55/wifi/03_13_17.npy,1000,float64,0.0,0.4952185185185185,0.4952185185185185,0.4951333333333333,1.0,1.0,0.1450969488006525,0.1450969488006525,True
bp_fs200_signed,/home/test/bupt_hjk/sdp_dataset/xrf55/wifi/03_13_18.npy,1000,float64,0.0,0.4959962962962963,0.4959962962962963,0.4958666666666667,1.0,1.0,0.150643235828421,0.150643235828421,True
bp_fs200_signed,/home/test/bupt_hjk/sdp_dataset/xrf55/wifi/03_13_19.npy,1000,float64,0.0,0.5160333333333333,0.5160333333333333,0.5162740740740741,1.0,1.0,0.16115374633893154,0.16115374633893154,True
bp_fs200_signed,/home/test/bupt_hjk/sdp_dataset/xrf55/wifi/03_13_20.npy,1000,float64,0.0,0.5135888888888889,0.5135888888888889,0.5141481481481481,1.0,1.0,0.15868461053646238,0.15868461053646238,True
bp_fs200_signed,/home/test/bupt_hjk/sdp_dataset/xrf55/wifi/03_14_01.npy,1000,float64,0.0,0.49707407407407406,0.49707407407407406,0.49705185185185186,1.0,1.0,0.12331220108997887,0.12331220108997887,True
bp_fs200_signed,/home/test/bupt_hjk/sdp_dataset/xrf55/wifi/03_14_02.npy,1000,float64,0.0,0.5178555555555555,0.5178555555555555,0.5181555555555556,1.0,1.0,0.1267193119044971,0.1267193119044971,True
bp_fs200_signed,/home/test/bupt_hjk/sdp_dataset/xrf55/wifi/03_14_03.npy,1000,float64,0.0,0.510462962962963,0.510462962962963,0.5117407407407407,1.0,1.0,0.12180328476624773,0.12180328476624773,True
bp_fs200_signed,/home/test/bupt_hjk/sdp_dataset/xrf55/wifi/03_14_04.npy,1000,float64,0.0,0.5026925925925926,0.5026925925925926,0.5026666666666667,1.0,1.0,0.12009416824231639,0.12009416824231639,True
bp_fs200_signed,/home/test/bupt_hjk/sdp_dataset/xrf55/wifi/03_14_05.npy,1000,float64,0.0,0.48351481481481484,0.48351481481481484,0.48589629629629627,1.0,1.0,0.12276721165610055,0.12276721165610055,True
bp_fs200_signed,/home/test/bupt_hjk/sdp_dataset/xrf55/wifi/03_14_06.npy,1000,float64,0.0,0.4948444444444444,0.4948444444444444,0.4961259259259259,1.0,1.0,0.11875950024098172,0.11875950024098172,True
bp_fs200_signed,/home/test/bupt_hjk/sdp_dataset/xrf55/wifi/03_14_07.npy,1000,float64,0.0,0.5000925925925926,0.5000925925925926,0.4998444444444444,1.0,1.0,0.12198865532198866,0.12198865532198866,True
bp_fs200_signed,/home/test/bupt_hjk/sdp_dataset/xrf55/wifi/03_14_08.npy,1000,float64,0.0,0.5026407407407407,0.5026407407407407,0.5013407407407408,1.0,1.0,0.12919956994031068,0.12919956994031068,True
bp_fs200_signed,/home/test/bupt_hjk/sdp_dataset/xrf55/wifi/03_14_09.npy,1000,float64,0.0,0.49632592592592595,0.49632592592592595,0.4956,1.0,1.0,0.12221109998887776,0.12221109998887776,True
bp_fs200_signed,/home/test/bupt_hjk/sdp_dataset/xrf55/wifi/03_14_10.npy,1000,float64,0.0,0.5125703703703703,0.5125703703703703,0.5135407407407407,1.0,1.0,0.1246802357913469,0.1246802357913469,True
bp_fs200_signed,/home/test/bupt_hjk/sdp_dataset/xrf55/wifi/03_14_11.npy,1000,float64,0.0,0.4942666666666667,0.4942666666666667,0.4948,1.0,1.0,0.13236940644348053,0.13236940644348053,True
bp_fs200_signed,/home/test/bupt_hjk/sdp_dataset/xrf55/wifi/03_14_12.npy,1000,float64,0.0,0.49546296296296294,0.49546296296296294,0.4950962962962963,1.0,1.0,0.12453564675786898,0.12453564675786898,True
bp_fs200_signed,/home/test/bupt_hjk/sdp_dataset/xrf55/wifi/03_14_13.npy,1000,float64,0.0,0.5068037037037038,0.5068037037037038,0.5086888888888889,1.0,1.0,0.1147517888258629,0.1147517888258629,True
bp_fs200_signed,/home/test/bupt_hjk/sdp_dataset/xrf55/wifi/03_14_14.npy,1000,float64,0.0,0.48661481481481483,0.48661481481481483,0.48718518518518517,1.0,1.0,0.12634857079301523,0.12634857079301523,True
bp_fs200_signed,/home/test/bupt_hjk/sdp_dataset/xrf55/wifi/03_14_15.npy,1000,float64,0.0,0.5144962962962963,0.5144962962962963,0.5148296296296296,1.0,1.0,0.11211581952322693,0.11211581952322693,True
bp_fs200_signed,/home/test/bupt_hjk/sdp_dataset/xrf55/wifi/03_14_16.npy,1000,float64,0.0,0.5045296296296297,0.5045296296296297,0.5057925925925926,1.0,1.0,0.12251510770029289,0.12251510770029289,True
bp_fs200_signed,/home/test/bupt_hjk/sdp_dataset/xrf55/wifi/03_14_17.npy,1000,float64,0.0,0.5092962962962962,0.5092962962962962,0.5086666666666667,1.0,1.0,0.12959626292959625,0.12959626292959625,True
bp_fs200_signed,/home/test/bupt_hjk/sdp_dataset/xrf55/wifi/03_14_18.npy,1000,float64,0.0,0.496062962962963,0.496062962962963,0.4966814814814815,1.0,1.0,0.1472212953694435,0.1472212953694435,True
bp_fs200_signed,/home/test/bupt_hjk/sdp_dataset/xrf55/wifi/03_14_19.npy,1000,float64,0.0,0.4981074074074074,0.4981074074074074,0.49646666666666667,1.0,1.0,0.13341118896674453,0.13341118896674453,True
bp_fs200_signed,/home/test/bupt_hjk/sdp_dataset/xrf55/wifi/03_14_20.npy,1000,float64,0.0,0.490062962962963,0.490062962962963,0.49006666666666665,1.0,1.0,0.13384495606717828,0.13384495606717828,True
bp_fs200_signed,/home/test/bupt_hjk/sdp_dataset/xrf55/wifi/03_15_01.npy,1000,float64,0.0,0.5129296296296296,0.5129296296296296,0.5121185185185185,1.0,1.0,0.17134541949356763,0.17134541949356763,True
bp_fs200_signed,/home/test/bupt_hjk/sdp_dataset/xrf55/wifi/03_15_02.npy,1000,float64,0.0,0.5030444444444444,0.5030444444444444,0.5012740740740741,1.0,1.0,0.1689170652133615,0.1689170652133615,True
bp_fs200_signed,/home/test/bupt_hjk/sdp_dataset/xrf55/wifi/03_15_03.npy,1000,float64,0.0,0.5090296296296296,0.5090296296296296,0.5082814814814814,1.0,1.0,0.15700144589033477,0.15700144589033477,True
bp_fs200_signed,/home/test/bupt_hjk/sdp_dataset/xrf55/wifi/03_15_04.npy,1000,float64,0.0,0.5092185185185185,0.5092185185185185,0.5094444444444445,1.0,1.0,0.1779816853890928,0.1779816853890928,True
bp_fs200_signed,/home/test/bupt_hjk/sdp_dataset/xrf55/wifi/03_15_05.npy,1000,float64,0.0,0.5044777777777778,0.5044777777777778,0.5034814814814815,1.0,1.0,0.1806028250472695,0.1806028250472695,True
bp_fs200_signed,/home/test/bupt_hjk/sdp_dataset/xrf55/wifi/03_15_06.npy,1000,float64,0.0,0.5017962962962963,0.5017962962962963,0.5021555555555556,1.0,1.0,0.17818559300040782,0.17818559300040782,True
bp_fs200_signed,/home/test/bupt_hjk/sdp_dataset/xrf55/wifi/03_15_07.npy,1000,float64,0.0,0.5150148148148148,0.5150148148148148,0.5161037037037037,1.0,1.0,0.17292477662848033,0.17292477662848033,True
bp_fs200_signed,/home/test/bupt_hjk/sdp_dataset/xrf55/wifi/03_15_08.npy,1000,float64,0.0,0.5078037037037038,0.5078037037037038,0.5099481481481482,1.0,1.0,0.18876654432209988,0.18876654432209988,True
bp_fs200_signed,/home/test/bupt_hjk/sdp_dataset/xrf55/wifi/03_15_09.npy,1000,float64,0.0,0.5014740740740741,0.5014740740740741,0.502325925925926,1.0,1.0,0.18822155488822156,0.18822155488822156,True
bp_fs200_signed,/home/test/bupt_hjk/sdp_dataset/xrf55/wifi/03_15_10.npy,1000,float64,0.0,0.5101148148148148,0.5101148148148148,0.5094296296296297,1.0,1.0,0.18465873280688094,0.18465873280688094,True
bp_fs200_signed,/home/test/bupt_hjk/sdp_dataset/xrf55/wifi/03_15_11.npy,1000,float64,0.0,0.5062962962962962,0.5062962962962962,0.5055111111111111,1.0,1.0,0.180183887591295,0.180183887591295,True
bp_fs200_signed,/home/test/bupt_hjk/sdp_dataset/xrf55/wifi/03_15_12.npy,1000,float64,0.0,0.5182962962962963,0.5182962962962963,0.5182074074074074,1.0,1.0,0.16735624513402292,0.16735624513402292,True
bp_fs200_signed,/home/test/bupt_hjk/sdp_dataset/xrf55/wifi/03_15_13.npy,1000,float64,0.0,0.49415185185185184,0.49415185185185184,0.4928666666666667,1.0,1.0,0.17742557372187,0.17742557372187,True
bp_fs200_signed,/home/test/bupt_hjk/sdp_dataset/xrf55/wifi/03_15_14.npy,1000,float64,0.0,0.4993740740740741,0.4993740740740741,0.4996888888888889,1.0,1.0,0.1778815852889927,0.1778815852889927,True
bp_fs200_signed,/home/test/bupt_hjk/sdp_dataset/xrf55/wifi/03_15_15.npy,1000,float64,0.0,0.4968592592592593,0.4968592592592593,0.4945555555555556,1.0,1.0,0.1615689763837912,0.1615689763837912,True
bp_fs200_signed,/home/test/bupt_hjk/sdp_dataset/xrf55/wifi/03_15_16.npy,1000,float64,0.0,0.5106259259259259,0.5106259259259259,0.5098444444444444,1.0,1.0,0.15975234493753013,0.15975234493753013,True
bp_fs200_signed,/home/test/bupt_hjk/sdp_dataset/xrf55/wifi/03_15_17.npy,1000,float64,0.0,0.5084111111111111,0.5084111111111111,0.5075111111111111,1.0,1.0,0.1647276906536166,0.1647276906536166,True
bp_fs200_signed,/home/test/bupt_hjk/sdp_dataset/xrf55/wifi/03_15_18.npy,1000,float64,0.0,0.5036259259259259,0.5036259259259259,0.5028666666666667,1.0,1.0,0.1705594483372261,0.1705594483372261,True
bp_fs200_signed,/home/test/bupt_hjk/sdp_dataset/xrf55/wifi/03_15_19.npy,1000,float64,0.0,0.5092296296296296,0.5092296296296296,0.510562962962963,1.0,1.0,0.1789233678122567,0.1789233678122567,True
bp_fs200_signed,/home/test/bupt_hjk/sdp_dataset/xrf55/wifi/03_15_20.npy,1000,float64,0.0,0.5111592592592593,0.5111592592592593,0.5117703703703703,1.0,1.0,0.16446817187557927,0.16446817187557927,True
bp_fs200_signed,/home/test/bupt_hjk/sdp_dataset/xrf55/wifi/03_16_01.npy,1000,float64,0.0,0.4904148148148148,0.4904148148148148,0.490962962962963,1.0,1.0,0.09300040781522263,0.09300040781522263,True
bp_fs200_signed,/home/test/bupt_hjk/sdp_dataset/xrf55/wifi/03_16_02.npy,1000,float64,0.0,0.4826666666666667,0.4826666666666667,0.48365185185185183,1.0,1.0,0.09812775738701665,0.09812775738701665,True
bp_fs200_signed,/home/test/bupt_hjk/sdp_dataset/xrf55/wifi/03_16_03.npy,1000,float64,0.0,0.49893333333333334,0.49893333333333334,0.499437037037037,1.0,1.0,0.09728617506395285,0.09728617506395285,True
bp_fs200_signed,/home/test/bupt_hjk/sdp_dataset/xrf55/wifi/03_16_04.npy,1000,float64,0.0,0.4997666666666667,0.4997666666666667,0.49997037037037034,1.0,1.0,0.09957364772179587,0.09957364772179587,True
bp_fs200_signed,/home/test/bupt_hjk/sdp_dataset/xrf55/wifi/03_16_05.npy,1000,float64,0.0,0.5048037037037038,0.5048037037037038,0.5055037037037037,1.0,1.0,0.111767322878434,0.111767322878434,True
bp_fs200_signed,/home/test/bupt_hjk/sdp_dataset/xrf55/wifi/03_16_06.npy,1000,float64,0.0,0.47282962962962966,0.47282962962962966,0.4734074074074074,1.0,1.0,0.09942535127720313,0.09942535127720313,True
bp_fs200_signed,/home/test/bupt_hjk/sdp_dataset/xrf55/wifi/03_16_07.npy,1000,float64,0.0,0.5001777777777778,0.5001777777777778,0.5006814814814815,1.0,1.0,0.0958551143736329,0.0958551143736329,True
bp_fs200_signed,/home/test/bupt_hjk/sdp_dataset/xrf55/wifi/03_16_08.npy,1000,float64,0.0,0.49073333333333335,0.49073333333333335,0.49117777777777777,1.0,1.0,0.08799911022133244,0.08799911022133244,True
bp_fs200_signed,/home/test/bupt_hjk/sdp_dataset/xrf55/wifi/03_16_09.npy,1000,float64,0.0,0.4986962962962963,0.4986962962962963,0.49867407407407405,1.0,1.0,0.09820932043154265,0.09820932043154265,True
bp_fs200_signed,/home/test/bupt_hjk/sdp_dataset/xrf55/wifi/03_16_10.npy,1000,float64,0.0,0.4930777777777778,0.4930777777777778,0.4940074074074074,1.0,1.0,0.10062284506728951,0.10062284506728951,True
bp_fs200_signed,/home/test/bupt_hjk/sdp_dataset/xrf55/wifi/03_16_11.npy,1000,float64,0.0,0.496562962962963,0.496562962962963,0.4968074074074074,1.0,1.0,0.0954584213843473,0.0954584213843473,True
bp_fs200_signed,/home/test/bupt_hjk/sdp_dataset/xrf55/wifi/03_16_12.npy,1000,float64,0.0,0.4883222222222222,0.4883222222222222,0.4891111111111111,1.0,1.0,0.0895117339561784,0.0895117339561784,True
bp_fs200_signed,/home/test/bupt_hjk/sdp_dataset/xrf55/wifi/03_16_13.npy,1000,float64,0.0,0.501862962962963,0.501862962962963,0.501874074074074,1.0,1.0,0.0846661476291106,0.0846661476291106,True
bp_fs200_signed,/home/test/bupt_hjk/sdp_dataset/xrf55/wifi/03_16_14.npy,1000,float64,0.0,0.4983925925925926,0.4983925925925926,0.4989851851851852,1.0,1.0,0.08756534312089867,0.08756534312089867,True
bp_fs200_signed,/home/test/bupt_hjk/sdp_dataset/xrf55/wifi/03_16_15.npy,1000,float64,0.0,0.4863925925925926,0.4863925925925926,0.4880888888888889,1.0,1.0,0.10461572683794906,0.10461572683794906,True
bp_fs200_signed,/home/test/bupt_hjk/sdp_dataset/xrf55/wifi/03_16_16.npy,1000,float64,0.0,0.5140333333333333,0.5140333333333333,0.5144148148148148,1.0,1.0,0.1033033033033033,0.1033033033033033,True
bp_fs200_signed,/home/test/bupt_hjk/sdp_dataset/xrf55/wifi/03_16_17.npy,1000,float64,0.0,0.49675925925925923,0.49675925925925923,0.49606666666666666,1.0,1.0,0.09703036369703036,0.09703036369703036,True
bp_fs200_signed,/home/test/bupt_hjk/sdp_dataset/xrf55/wifi/03_16_18.npy,1000,float64,0.0,0.48902222222222225,0.48902222222222225,0.48961481481481484,1.0,1.0,0.1130908686464242,0.1130908686464242,True
bp_fs200_signed,/home/test/bupt_hjk/sdp_dataset/xrf55/wifi/03_16_19.npy,1000,float64,0.0,0.5084333333333333,0.5084333333333333,0.5081111111111111,1.0,1.0,0.10675861046231416,0.10675861046231416,True
bp_fs200_signed,/home/test/bupt_hjk/sdp_dataset/xrf55/wifi/03_16_20.npy,1000,float64,0.0,0.4998111111111111,0.4998111111111111,0.5012296296296296,1.0,1.0,0.11109257405553702,0.11109257405553702,True
bp_fs200_signed,/home/test/bupt_hjk/sdp_dataset/xrf55/wifi/03_17_01.npy,1000,float64,0.0,0.49143703703703706,0.49143703703703706,0.49114814814814817,1.0,1.0,0.09239980721462203,0.09239980721462203,True
bp_fs200_signed,/home/test/bupt_hjk/sdp_dataset/xrf55/wifi/03_17_02.npy,1000,float64,0.0,0.49670740740740743,0.49670740740740743,0.4981777777777778,1.0,1.0,0.09953286619953286,0.09953286619953286,True
bp_fs200_signed,/home/test/bupt_hjk/sdp_dataset/xrf55/wifi/03_17_03.npy,1000,float64,0.0,0.49594444444444447,0.49594444444444447,0.4969851851851852,1.0,1.0,0.10097504912319727,0.10097504912319727,True
bp_fs200_signed,/home/test/bupt_hjk/sdp_dataset/xrf55/wifi/03_17_04.npy,1000,float64,0.0,0.5040592592592592,0.5040592592592592,0.5034222222222222,1.0,1.0,0.1057242427612798,0.1057242427612798,True
bp_fs200_signed,/home/test/bupt_hjk/sdp_dataset/xrf55/wifi/03_17_05.npy,1000,float64,0.0,0.48118518518518516,0.48118518518518516,0.48185925925925926,1.0,1.0,0.09942535127720313,0.09942535127720313,True
bp_fs200_signed,/home/test/bupt_hjk/sdp_dataset/xrf55/wifi/03_17_06.npy,1000,float64,0.0,0.4886037037037037,0.4886037037037037,0.4878,1.0,1.0,0.09379008638267898,0.09379008638267898,True
bp_fs200_signed,/home/test/bupt_hjk/sdp_dataset/xrf55/wifi/03_17_07.npy,1000,float64,0.0,0.5079148148148148,0.5079148148148148,0.5064888888888889,1.0,1.0,0.1014421829236644,0.1014421829236644,True
bp_fs200_signed,/home/test/bupt_hjk/sdp_dataset/xrf55/wifi/03_17_08.npy,1000,float64,0.0,0.4784037037037037,0.4784037037037037,0.47816296296296296,1.0,1.0,0.09028658287917547,0.09028658287917547,True
bp_fs200_signed,/home/test/bupt_hjk/sdp_dataset/xrf55/wifi/03_17_09.npy,1000,float64,0.0,0.4870555555555556,0.4870555555555556,0.4875037037037037,1.0,1.0,0.09894709524339154,0.09894709524339154,True
bp_fs200_signed,/home/test/bupt_hjk/sdp_dataset/xrf55/wifi/03_17_10.npy,1000,float64,0.0,0.5171111111111111,0.5171111111111111,0.518437037037037,1.0,1.0,0.10160530901271642,0.10160530901271642,True
bp_fs200_signed,/home/test/bupt_hjk/sdp_dataset/xrf55/wifi/03_17_11.npy,1000,float64,0.0,0.4895481481481481,0.4895481481481481,0.49007407407407405,1.0,1.0,0.09488377266155044,0.09488377266155044,True
bp_fs200_signed,/home/test/bupt_hjk/sdp_dataset/xrf55/wifi/03_17_12.npy,1000,float64,0.0,0.4997,0.4997,0.5011407407407408,1.0,1.0,0.095117339561784,0.095117339561784,True
bp_fs200_signed,/home/test/bupt_hjk/sdp_dataset/xrf55/wifi/03_17_13.npy,1000,float64,0.0,0.49647407407407407,0.49647407407407407,0.49615555555555557,1.0,1.0,0.10512734957179401,0.10512734957179401,True
bp_fs200_signed,/home/test/bupt_hjk/sdp_dataset/xrf55/wifi/03_17_14.npy,1000,float64,0.0,0.5076444444444445,0.5076444444444445,0.5077333333333334,1.0,1.0,0.11042153264375487,0.11042153264375487,True
bp_fs200_signed,/home/test/bupt_hjk/sdp_dataset/xrf55/wifi/03_17_15.npy,1000,float64,0.0,0.49323703703703703,0.49323703703703703,0.4928148148148148,1.0,1.0,0.10225039854669485,0.10225039854669485,True
bp_fs200_signed,/home/test/bupt_hjk/sdp_dataset/xrf55/wifi/03_17_16.npy,1000,float64,0.0,0.4940074074074074,0.4940074074074074,0.49578518518518516,1.0,1.0,0.08542987431876321,0.08542987431876321,True
bp_fs200_signed,/home/test/bupt_hjk/sdp_dataset/xrf55/wifi/03_17_17.npy,1000,float64,0.0,0.5044666666666666,0.5044666666666666,0.5050444444444444,1.0,1.0,0.08830682534386237,0.08830682534386237,True
bp_fs200_signed,/home/test/bupt_hjk/sdp_dataset/xrf55/wifi/03_17_18.npy,1000,float64,0.0,0.5012703703703704,0.5012703703703704,0.5005407407407407,1.0,1.0,0.09640751862974085,0.09640751862974085,True
bp_fs200_signed,/home/test/bupt_hjk/sdp_dataset/xrf55/wifi/03_17_19.npy,1000,float64,0.0,0.5107703703703703,0.5107703703703703,0.5104296296296297,1.0,1.0,0.09325251177103029,0.09325251177103029,True
bp_fs200_signed,/home/test/bupt_hjk/sdp_dataset/xrf55/wifi/03_17_20.npy,1000,float64,0.0,0.49391111111111113,0.49391111111111113,0.4944148148148148,1.0,1.0,0.0964964964964965,0.0964964964964965,True
bp_fs200_signed,/home/test/bupt_hjk/sdp_dataset/xrf55/wifi/03_18_01.npy,1000,float64,0.0,0.4997814814814815,0.4997814814814815,0.5013703703703704,1.0,1.0,0.15505876246616987,0.15505876246616987,True
bp_fs200_signed,/home/test/bupt_hjk/sdp_dataset/xrf55/wifi/03_18_02.npy,1000,float64,0.0,0.5010111111111111,0.5010111111111111,0.5018888888888889,1.0,1.0,0.15942980017054093,0.15942980017054093,True
bp_fs200_signed,/home/test/bupt_hjk/sdp_dataset/xrf55/wifi/03_18_03.npy,1000,float64,0.0,0.5098703703703704,0.5098703703703704,0.5115777777777778,1.0,1.0,0.13866088310532754,0.13866088310532754,True
bp_fs200_signed,/home/test/bupt_hjk/sdp_dataset/xrf55/wifi/03_18_04.npy,1000,float64,0.0,0.5026518518518519,0.5026518518518519,0.5038592592592592,1.0,1.0,0.109009009009009,0.109009009009009,True
bp_fs200_signed,/home/test/bupt_hjk/sdp_dataset/xrf55/wifi/03_18_05.npy,1000,float64,0.0,0.5012703703703704,0.5012703703703704,0.5017407407407407,1.0,1.0,0.11586030474919363,0.11586030474919363,True
bp_fs200_signed,/home/test/bupt_hjk/sdp_dataset/xrf55/wifi/03_18_06.npy,1000,float64,0.0,0.5034111111111111,0.5034111111111111,0.5052962962962962,1.0,1.0,0.11665739813887963,0.11665739813887963,True
bp_fs200_signed,/home/test/bupt_hjk/sdp_dataset/xrf55/wifi/03_18_07.npy,1000,float64,0.0,0.5167037037037037,0.5167037037037037,0.5164222222222222,1.0,1.0,0.12294516738961184,0.12294516738961184,True
bp_fs200_signed,/home/test/bupt_hjk/sdp_dataset/xrf55/wifi/03_18_08.npy,1000,float64,0.0,0.5228,0.5228,0.5230074074074074,1.0,1.0,0.12692321951581212,0.12692321951581212,True
bp_fs200_signed,/home/test/bupt_hjk/sdp_dataset/xrf55/wifi/03_18_09.npy,1000,float64,0.0,0.49998148148148147,0.49998148148148147,0.5010074074074075,1.0,1.0,0.12195528862195529,0.12195528862195529,True
bp_fs200_signed,/home/test/bupt_hjk/sdp_dataset/xrf55/wifi/03_18_10.npy,1000,float64,0.0,0.5224703703703704,0.5224703703703704,0.5243333333333333,1.0,1.0,0.12311570830089348,0.12311570830089348,True
bp_fs200_signed,/home/test/bupt_hjk/sdp_dataset/xrf55/wifi/03_18_11.npy,1000,float64,0.0,0.5180259259259259,0.5180259259259259,0.5189259259259259,1.0,1.0,0.14339895451006562,0.14339895451006562,True
bp_fs200_signed,/home/test/bupt_hjk/sdp_dataset/xrf55/wifi/03_18_12.npy,1000,float64,0.0,0.4926333333333333,0.4926333333333333,0.4930074074074074,1.0,1.0,0.14805175545916285,0.14805175545916285,True
bp_fs200_signed,/home/test/bupt_hjk/sdp_dataset/xrf55/wifi/03_18_13.npy,1000,float64,0.0,0.49645185185185187,0.49645185185185187,0.4956814814814815,1.0,1.0,0.14746227709190673,0.14746227709190673,True
bp_fs200_signed,/home/test/bupt_hjk/sdp_dataset/xrf55/wifi/03_18_14.npy,1000,float64,0.0,0.5261518518518519,0.5261518518518519,0.5253185185185185,1.0,1.0,0.15767990212434657,0.15767990212434657,True
bp_fs200_signed,/home/test/bupt_hjk/sdp_dataset/xrf55/wifi/03_18_15.npy,1000,float64,0.0,0.4981851851851852,0.4981851851851852,0.4983111111111111,1.0,1.0,0.11949727505283061,0.11949727505283061,True
bp_fs200_signed,/home/test/bupt_hjk/sdp_dataset/xrf55/wifi/03_18_16.npy,1000,float64,0.0,0.4956740740740741,0.4956740740740741,0.4952962962962963,1.0,1.0,0.12647462277091906,0.12647462277091906,True
bp_fs200_signed,/home/test/bupt_hjk/sdp_dataset/xrf55/wifi/03_18_17.npy,1000,float64,0.0,0.5176074074074074,0.5176074074074074,0.5196888888888889,1.0,1.0,0.11861861861861862,0.11861861861861862,True
bp_fs200_signed,/home/test/bupt_hjk/sdp_dataset/xrf55/wifi/03_18_18.npy,1000,float64,0.0,0.5008333333333334,0.5008333333333334,0.5021777777777777,1.0,1.0,0.11545990434879323,0.11545990434879323,True
bp_fs200_signed,/home/test/bupt_hjk/sdp_dataset/xrf55/wifi/03_18_19.npy,1000,float64,0.0,0.5099555555555556,0.5099555555555556,0.5098592592592592,1.0,1.0,0.12036851666481296,0.12036851666481296,True
bp_fs200_signed,/home/test/bupt_hjk/sdp_dataset/xrf55/wifi/03_18_20.npy,1000,float64,0.0,0.5106259259259259,0.5106259259259259,0.5119037037037037,1.0,1.0,0.12278945612278945,0.12278945612278945,True
bp_fs200_signed,/home/test/bupt_hjk/sdp_dataset/xrf55/wifi/03_19_01.npy,1000,float64,0.0,0.5035888888888889,0.5035888888888889,0.5036444444444445,1.0,1.0,0.10899417936454973,0.10899417936454973,True
bp_fs200_signed,/home/test/bupt_hjk/sdp_dataset/xrf55/wifi/03_19_02.npy,1000,float64,0.0,0.5019333333333333,0.5019333333333333,0.5023481481481481,1.0,1.0,0.09431653876098321,0.09431653876098321,True
bp_fs200_signed,/home/test/bupt_hjk/sdp_dataset/xrf55/wifi/03_19_03.npy,1000,float64,0.0,0.5003296296296297,0.5003296296296297,0.5000888888888889,1.0,1.0,0.09963667371074779,0.09963667371074779,True
bp_fs200_signed,/home/test/bupt_hjk/sdp_dataset/xrf55/wifi/03_19_04.npy,1000,float64,0.0,0.5165185185185185,0.5165185185185185,0.5157703703703703,1.0,1.0,0.11568605642679716,0.11568605642679716,True
bp_fs200_signed,/home/test/bupt_hjk/sdp_dataset/xrf55/wifi/03_19_05.npy,1000,float64,0.0,0.505662962962963,0.505662962962963,0.5058444444444444,1.0,1.0,0.12052422793163534,0.12052422793163534,True
bp_fs200_signed,/home/test/bupt_hjk/sdp_dataset/xrf55/wifi/03_19_06.npy,1000,float64,0.0,0.49355925925925925,0.49355925925925925,0.49365925925925924,1.0,1.0,0.10761502242983724,0.10761502242983724,True
bp_fs200_signed,/home/test/bupt_hjk/sdp_dataset/xrf55/wifi/03_19_07.npy,1000,float64,0.0,0.5020740740740741,0.5020740740740741,0.5012814814814814,1.0,1.0,0.12204426648871093,0.12204426648871093,True
bp_fs200_signed,/home/test/bupt_hjk/sdp_dataset/xrf55/wifi/03_19_08.npy,1000,float64,0.0,0.4968185185185185,0.4968185185185185,0.4977111111111111,1.0,1.0,0.09787194602009416,0.09787194602009416,True
bp_fs200_signed,/home/test/bupt_hjk/sdp_dataset/xrf55/wifi/03_19_09.npy,1000,float64,0.0,0.49775555555555556,0.49775555555555556,0.4988666666666667,1.0,1.0,0.13475327179030883,0.13475327179030883,True
bp_fs200_signed,/home/test/bupt_hjk/sdp_dataset/xrf55/wifi/03_19_10.npy,1000,float64,0.0,0.5018074074074074,0.5018074074074074,0.502962962962963,1.0,1.0,0.129581433285137,0.129581433285137,True
bp_fs200_signed,/home/test/bupt_hjk/sdp_dataset/xrf55/wifi/03_19_11.npy,1000,float64,0.0,0.5027703703703704,0.5027703703703704,0.5030222222222223,1.0,1.0,0.14177881585288993,0.14177881585288993,True
bp_fs200_signed,/home/test/bupt_hjk/sdp_dataset/xrf55/wifi/03_19_12.npy,1000,float64,0.0,0.5154481481481481,0.5154481481481481,0.5149925925925926,1.0,1.0,0.13276239202165127,0.13276239202165127,True
bp_fs200_signed,/home/test/bupt_hjk/sdp_dataset/xrf55/wifi/03_19_13.npy,1000,float64,0.0,0.489837037037037,0.489837037037037,0.4912148148148148,1.0,1.0,0.1058651243836429,0.1058651243836429,True
bp_fs200_signed,/home/test/bupt_hjk/sdp_dataset/xrf55/wifi/03_19_14.npy,1000,float64,0.0,0.488462962962963,0.488462962962963,0.4895777777777778,1.0,1.0,0.1168724279835391,0.1168724279835391,True
bp_fs200_signed,/home/test/bupt_hjk/sdp_dataset/xrf55/wifi/03_19_15.npy,1000,float64,0.0,0.4902074074074074,0.4902074074074074,0.4891259259259259,1.0,1.0,0.10677714751788826,0.10677714751788826,True
bp_fs200_signed,/home/test/bupt_hjk/sdp_dataset/xrf55/wifi/03_19_16.npy,1000,float64,0.0,0.4989222222222222,0.4989222222222222,0.5003703703703704,1.0,1.0,0.09916212508805101,0.09916212508805101,True
bp_fs200_signed,/home/test/bupt_hjk/sdp_dataset/xrf55/wifi/03_19_17.npy,1000,float64,0.0,0.49649629629629627,0.49649629629629627,0.49665185185185184,1.0,1.0,0.1156341526711897,0.1156341526711897,True
bp_fs200_signed,/home/test/bupt_hjk/sdp_dataset/xrf55/wifi/03_19_18.npy,1000,float64,0.0,0.4867296296296296,0.4867296296296296,0.48791851851851853,1.0,1.0,0.11293515737960183,0.11293515737960183,True
bp_fs200_signed,/home/test/bupt_hjk/sdp_dataset/xrf55/wifi/03_19_19.npy,1000,float64,0.0,0.49845925925925927,0.49845925925925927,0.4993037037037037,1.0,1.0,0.11184147110073037,0.11184147110073037,True
bp_fs200_signed,/home/test/bupt_hjk/sdp_dataset/xrf55/wifi/03_19_20.npy,1000,float64,0.0,0.49737777777777775,0.49737777777777775,0.49647407407407407,1.0,1.0,0.097078560041523,0.097078560041523,True
bp_fs200_signed,/home/test/bupt_hjk/sdp_dataset/xrf55/wifi/03_20_01.npy,1000,float64,0.0,0.5019666666666667,0.5019666666666667,0.5023407407407408,1.0,1.0,0.10448967486004523,0.10448967486004523,True
bp_fs200_signed,/home/test/bupt_hjk/sdp_dataset/xrf55/wifi/03_20_02.npy,1000,float64,0.0,0.5137888888888889,0.5137888888888889,0.514,1.0,1.0,0.11490379268157046,0.11490379268157046,True
bp_fs200_signed,/home/test/bupt_hjk/sdp_dataset/xrf55/wifi/03_20_03.npy,1000,float64,0.0,0.5090851851851852,0.5090851851851852,0.509562962962963,1.0,1.0,0.12357171986801617,0.12357171986801617,True
bp_fs200_signed,/home/test/bupt_hjk/sdp_dataset/xrf55/wifi/03_20_04.npy,1000,float64,0.0,0.5161074074074075,0.5161074074074075,0.5163925925925926,1.0,1.0,0.12118043969895821,0.12118043969895821,True
bp_fs200_signed,/home/test/bupt_hjk/sdp_dataset/xrf55/wifi/03_20_05.npy,1000,float64,0.0,0.5012185185185185,0.5012185185185185,0.4997259259259259,1.0,1.0,0.12515849182515848,0.12515849182515848,True
bp_fs200_signed,/home/test/bupt_hjk/sdp_dataset/xrf55/wifi/03_20_06.npy,1000,float64,0.0,0.49845185185185187,0.49845185185185187,0.4994148148148148,1.0,1.0,0.11920068216364513,0.11920068216364513,True
bp_fs200_signed,/home/test/bupt_hjk/sdp_dataset/xrf55/wifi/03_20_07.npy,1000,float64,0.0,0.49934074074074075,0.49934074074074075,0.4999777777777778,1.0,1.0,0.11440699959218478,0.11440699959218478,True
bp_fs200_signed,/home/test/bupt_hjk/sdp_dataset/xrf55/wifi/03_20_08.npy,1000,float64,0.0,0.5001333333333333,0.5001333333333333,0.5006888888888889,1.0,1.0,0.11896711526341155,0.11896711526341155,True
bp_fs200_signed,/home/test/bupt_hjk/sdp_dataset/xrf55/wifi/03_20_09.npy,1000,float64,0.0,0.4872851851851852,0.4872851851851852,0.487962962962963,1.0,1.0,0.11248656063470878,0.11248656063470878,True
bp_fs200_signed,/home/test/bupt_hjk/sdp_dataset/xrf55/wifi/03_20_10.npy,1000,float64,0.0,0.5011222222222222,0.5011222222222222,0.5019333333333333,1.0,1.0,0.11837763689615541,0.11837763689615541,True
bp_fs200_signed,/home/test/bupt_hjk/sdp_dataset/xrf55/wifi/03_20_11.npy,1000,float64,0.0,0.5179777777777778,0.5179777777777778,0.5201925925925925,1.0,1.0,0.11236421606791977,0.11236421606791977,True
bp_fs200_signed,/home/test/bupt_hjk/sdp_dataset/xrf55/wifi/03_20_12.npy,1000,float64,0.0,0.5139962962962963,0.5139962962962963,0.5159037037037038,1.0,1.0,0.11714677640603567,0.11714677640603567,True
bp_fs200_signed,/home/test/bupt_hjk/sdp_dataset/xrf55/wifi/03_20_13.npy,1000,float64,0.0,0.4968518518518519,0.4968518518518519,0.49607407407407406,1.0,1.0,0.12002372743113483,0.12002372743113483,True
bp_fs200_signed,/home/test/bupt_hjk/sdp_dataset/xrf55/wifi/03_20_14.npy,1000,float64,0.0,0.49993333333333334,0.49993333333333334,0.49974814814814816,1.0,1.0,0.15363511659807957,0.15363511659807957,True
bp_fs200_signed,/home/test/bupt_hjk/sdp_dataset/xrf55/wifi/03_20_15.npy,1000,float64,0.0,0.5145481481481482,0.5145481481481482,0.5150296296296296,1.0,1.0,0.13679976272568864,0.13679976272568864,True
bp_fs200_signed,/home/test/bupt_hjk/sdp_dataset/xrf55/wifi/03_20_16.npy,1000,float64,0.0,0.4983,0.4983,0.49896296296296294,1.0,1.0,0.11786601416231046,0.11786601416231046,True
bp_fs200_signed,/home/test/bupt_hjk/sdp_dataset/xrf55/wifi/03_20_17.npy,1000,float64,0.0,0.5001555555555556,0.5001555555555556,0.5006814814814815,1.0,1.0,0.12660438215993772,0.12660438215993772,True
bp_fs200_signed,/home/test/bupt_hjk/sdp_dataset/xrf55/wifi/03_20_18.npy,1000,float64,0.0,0.49806666666666666,0.49806666666666666,0.4966814814814815,1.0,1.0,0.12454306158009862,0.12454306158009862,True
bp_fs200_signed,/home/test/bupt_hjk/sdp_dataset/xrf55/wifi/03_20_19.npy,1000,float64,0.0,0.5120740740740741,0.5120740740740741,0.5125481481481482,1.0,1.0,0.10957624290957624,0.10957624290957624,True
bp_fs200_signed,/home/test/bupt_hjk/sdp_dataset/xrf55/wifi/03_20_20.npy,1000,float64,0.0,0.5144407407407408,0.5144407407407408,0.5144222222222222,1.0,1.0,0.1450969488006525,0.1450969488006525,True
bp_fs200_signed,/home/test/bupt_hjk/sdp_dataset/xrf55/wifi/03_21_01.npy,1000,float64,0.0,0.5012703703703704,0.5012703703703704,0.5022,1.0,1.0,0.10503466429392355,0.10503466429392355,True
bp_fs200_signed,/home/test/bupt_hjk/sdp_dataset/xrf55/wifi/03_21_02.npy,1000,float64,0.0,0.4928074074074074,0.4928074074074074,0.4939703703703704,1.0,1.0,0.10438957475994513,0.10438957475994513,True
bp_fs200_signed,/home/test/bupt_hjk/sdp_dataset/xrf55/wifi/03_21_03.npy,1000,float64,0.0,0.5004814814814815,0.5004814814814815,0.5010518518518519,1.0,1.0,0.12122492863233604,0.12122492863233604,True
bp_fs200_signed,/home/test/bupt_hjk/sdp_dataset/xrf55/wifi/03_21_04.npy,1000,float64,0.0,0.495337037037037,0.495337037037037,0.4960074074074074,1.0,1.0,0.12070959848737627,0.12070959848737627,True
bp_fs200_signed,/home/test/bupt_hjk/sdp_dataset/xrf55/wifi/03_21_05.npy,1000,float64,0.0,0.4986333333333333,0.4986333333333333,0.49774074074074076,1.0,1.0,0.1099877655433211,0.1099877655433211,True
bp_fs200_signed,/home/test/bupt_hjk/sdp_dataset/xrf55/wifi/03_21_06.npy,1000,float64,0.0,0.5041481481481481,0.5041481481481481,0.5039259259259259,1.0,1.0,0.1282801319838357,0.1282801319838357,True
bp_fs200_signed,/home/test/bupt_hjk/sdp_dataset/xrf55/wifi/03_21_07.npy,1000,float64,0.0,0.5031592592592593,0.5031592592592593,0.5034444444444445,1.0,1.0,0.13555778000222446,0.13555778000222446,True
bp_fs200_signed,/home/test/bupt_hjk/sdp_dataset/xrf55/wifi/03_21_08.npy,1000,float64,0.0,0.49298148148148146,0.49298148148148146,0.4936814814814815,1.0,1.0,0.10837504170837504,0.10837504170837504,True
bp_fs200_signed,/home/test/bupt_hjk/sdp_dataset/xrf55/wifi/03_21_09.npy,1000,float64,0.0,0.4922074074074074,0.4922074074074074,0.4930962962962963,1.0,1.0,0.11396211025840655,0.11396211025840655,True
bp_fs200_signed,/home/test/bupt_hjk/sdp_dataset/xrf55/wifi/03_21_10.npy,1000,float64,0.0,0.49787037037037035,0.49787037037037035,0.4976888888888889,1.0,1.0,0.12559596633670708,0.12559596633670708,True
bp_fs200_signed,/home/test/bupt_hjk/sdp_dataset/xrf55/wifi/03_21_11.npy,1000,float64,0.0,0.5067851851851852,0.5067851851851852,0.5078666666666667,1.0,1.0,0.1184147110073036,0.1184147110073036,True
bp_fs200_signed,/home/test/bupt_hjk/sdp_dataset/xrf55/wifi/03_21_12.npy,1000,float64,0.0,0.49419259259259257,0.49419259259259257,0.4944296296296296,1.0,1.0,0.11435880324769214,0.11435880324769214,True
bp_fs200_signed,/home/test/bupt_hjk/sdp_dataset/xrf55/wifi/03_21_13.npy,1000,float64,0.0,0.4961703703703704,0.4961703703703704,0.49637037037037035,1.0,1.0,0.10421903384866348,0.10421903384866348,True
bp_fs200_signed,/home/test/bupt_hjk/sdp_dataset/xrf55/wifi/03_21_14.npy,1000,float64,0.0,0.48891851851851853,0.48891851851851853,0.49037037037037035,1.0,1.0,0.11190449708968228,0.11190449708968228,True
bp_fs200_signed,/home/test/bupt_hjk/sdp_dataset/xrf55/wifi/03_21_15.npy,1000,float64,0.0,0.4962740740740741,0.4962740740740741,0.4958962962962963,1.0,1.0,0.1290846401957513,0.1290846401957513,True
bp_fs200_signed,/home/test/bupt_hjk/sdp_dataset/xrf55/wifi/03_21_16.npy,1000,float64,0.0,0.5085,0.5085,0.5094444444444445,1.0,1.0,0.12201089978867756,0.12201089978867756,True
bp_fs200_signed,/home/test/bupt_hjk/sdp_dataset/xrf55/wifi/03_21_17.npy,1000,float64,0.0,0.49720740740740743,0.49720740740740743,0.4980148148148148,1.0,1.0,0.126904682460238,0.126904682460238,True
bp_fs200_signed,/home/test/bupt_hjk/sdp_dataset/xrf55/wifi/03_21_18.npy,1000,float64,0.0,0.4915333333333333,0.4915333333333333,0.4889777777777778,1.0,1.0,0.12781670559448338,0.12781670559448338,True
bp_fs200_signed,/home/test/bupt_hjk/sdp_dataset/xrf55/wifi/03_21_19.npy,1000,float64,0.0,0.48748148148148146,0.48748148148148146,0.4872148148148148,1.0,1.0,0.12135839543246951,0.12135839543246951,True
bp_fs200_signed,/home/test/bupt_hjk/sdp_dataset/xrf55/wifi/03_21_20.npy,1000,float64,0.0,0.5003888888888889,0.5003888888888889,0.5018962962962963,1.0,1.0,0.11994216438660883,0.11994216438660883,True
bp_fs200_signed,/home/test/bupt_hjk/sdp_dataset/xrf55/wifi/03_22_01.npy,1000,float64,0.0,0.4953518518518519,0.4953518518518519,0.4957259259259259,1.0,1.0,0.1026211396581767,0.1026211396581767,True
bp_fs200_signed,/home/test/bupt_hjk/sdp_dataset/xrf55/wifi/03_22_02.npy,1000,float64,0.0,0.49391851851851853,0.49391851851851853,0.4941333333333333,1.0,1.0,0.11457754050346643,0.11457754050346643,True
bp_fs200_signed,/home/test/bupt_hjk/sdp_dataset/xrf55/wifi/03_22_03.npy,1000,float64,0.0,0.4874851851851852,0.4874851851851852,0.48847407407407406,1.0,1.0,0.1101286471656842,0.1101286471656842,True
bp_fs200_signed,/home/test/bupt_hjk/sdp_dataset/xrf55/wifi/03_22_04.npy,1000,float64,0.0,0.49642592592592594,0.49642592592592594,0.49720740740740743,1.0,1.0,0.10656211767322879,0.10656211767322879,True
bp_fs200_signed,/home/test/bupt_hjk/sdp_dataset/xrf55/wifi/03_22_05.npy,1000,float64,0.0,0.5016185185185185,0.5016185185185185,0.5018592592592592,1.0,1.0,0.10179438697957216,0.10179438697957216,True
bp_fs200_signed,/home/test/bupt_hjk/sdp_dataset/xrf55/wifi/03_22_06.npy,1000,float64,0.0,0.5008296296296296,0.5008296296296296,0.5012962962962964,1.0,1.0,0.09405701998294591,0.09405701998294591,True
bp_fs200_signed,/home/test/bupt_hjk/sdp_dataset/xrf55/wifi/03_22_07.npy,1000,float64,0.0,0.4990777777777778,0.4990777777777778,0.500874074074074,1.0,1.0,0.10687354020687354,0.10687354020687354,True
bp_fs200_signed,/home/test/bupt_hjk/sdp_dataset/xrf55/wifi/03_22_08.npy,1000,float64,0.0,0.5097814814814815,0.5097814814814815,0.5097925925925926,1.0,1.0,0.10200941682423163,0.10200941682423163,True
bp_fs200_signed,/home/test/bupt_hjk/sdp_dataset/xrf55/wifi/03_22_09.npy,1000,float64,0.0,0.5064925925925926,0.5064925925925926,0.5068222222222222,1.0,1.0,0.09676343009676343,0.09676343009676343,True
bp_fs200_signed,/home/test/bupt_hjk/sdp_dataset/xrf55/wifi/03_22_10.npy,1000,float64,0.0,0.49204444444444445,0.49204444444444445,0.4922148148148148,1.0,1.0,0.10420049679308939,0.10420049679308939,True
bp_fs200_signed,/home/test/bupt_hjk/sdp_dataset/xrf55/wifi/03_22_11.npy,1000,float64,0.0,0.49278518518518516,0.49278518518518516,0.4947185185185185,1.0,1.0,0.10863085307529752,0.10863085307529752,True
bp_fs200_signed,/home/test/bupt_hjk/sdp_dataset/xrf55/wifi/03_22_12.npy,1000,float64,0.0,0.49632592592592595,0.49632592592592595,0.49694814814814814,1.0,1.0,0.10428205983761539,0.10428205983761539,True
bp_fs200_signed,/home/test/bupt_hjk/sdp_dataset/xrf55/wifi/03_22_13.npy,1000,float64,0.0,0.49745555555555554,0.49745555555555554,0.49902962962962966,1.0,1.0,0.10048937826715605,0.10048937826715605,True
bp_fs200_signed,/home/test/bupt_hjk/sdp_dataset/xrf55/wifi/03_22_14.npy,1000,float64,0.0,0.49362222222222224,0.49362222222222224,0.4931111111111111,1.0,1.0,0.09824639454269084,0.09824639454269084,True
bp_fs200_signed,/home/test/bupt_hjk/sdp_dataset/xrf55/wifi/03_22_15.npy,1000,float64,0.0,0.4936333333333333,0.4936333333333333,0.4934296296296296,1.0,1.0,0.10129017906795684,0.10129017906795684,True
bp_fs200_signed,/home/test/bupt_hjk/sdp_dataset/xrf55/wifi/03_22_16.npy,1000,float64,0.0,0.4973148148148148,0.4973148148148148,0.4976962962962963,1.0,1.0,0.10086382678975271,0.10086382678975271,True
bp_fs200_signed,/home/test/bupt_hjk/sdp_dataset/xrf55/wifi/03_22_17.npy,1000,float64,0.0,0.5072111111111111,0.5072111111111111,0.5062074074074074,1.0,1.0,0.10177214251288326,0.10177214251288326,True
bp_fs200_signed,/home/test/bupt_hjk/sdp_dataset/xrf55/wifi/03_22_18.npy,1000,float64,0.0,0.504674074074074,0.504674074074074,0.5056074074074074,1.0,1.0,0.10015571126682238,0.10015571126682238,True
bp_fs200_signed,/home/test/bupt_hjk/sdp_dataset/xrf55/wifi/03_22_19.npy,1000,float64,0.0,0.49845185185185187,0.49845185185185187,0.4992888888888889,1.0,1.0,0.10276943610276944,0.10276943610276944,True
bp_fs200_signed,/home/test/bupt_hjk/sdp_dataset/xrf55/wifi/03_22_20.npy,1000,float64,0.0,0.49143703703703706,0.49143703703703706,0.4926,1.0,1.0,0.0954176398620843,0.0954176398620843,True
bp_fs200_signed,/home/test/bupt_hjk/sdp_dataset/xrf55/wifi/03_23_01.npy,1000,float64,0.0,0.49516666666666664,0.49516666666666664,0.49575555555555556,1.0,1.0,0.18215623030437844,0.18215623030437844,True
bp_fs200_signed,/home/test/bupt_hjk/sdp_dataset/xrf55/wifi/03_23_02.npy,1000,float64,0.0,0.48766296296296296,0.48766296296296296,0.4878962962962963,1.0,1.0,0.18353167982797614,0.18353167982797614,True
bp_fs200_signed,/home/test/bupt_hjk/sdp_dataset/xrf55/wifi/03_23_03.npy,1000,float64,0.0,0.4968518518518519,0.4968518518518519,0.49825925925925924,1.0,1.0,0.1793645497349201,0.1793645497349201,True
bp_fs200_signed,/home/test/bupt_hjk/sdp_dataset/xrf55/wifi/03_23_04.npy,1000,float64,0.0,0.4912,0.4912,0.4914148148148148,1.0,1.0,0.18650502354206058,0.18650502354206058,True
bp_fs200_signed,/home/test/bupt_hjk/sdp_dataset/xrf55/wifi/03_23_05.npy,1000,float64,0.0,0.49652962962962965,0.49652962962962965,0.498,1.0,1.0,0.18366143921699477,0.18366143921699477,True
bp_fs200_signed,/home/test/bupt_hjk/sdp_dataset/xrf55/wifi/03_23_06.npy,1000,float64,0.0,0.49096666666666666,0.49096666666666666,0.4918,1.0,1.0,0.17828940051162273,0.17828940051162273,True
bp_fs200_signed,/home/test/bupt_hjk/sdp_dataset/xrf55/wifi/03_23_07.npy,1000,float64,0.0,0.4960777777777778,0.4960777777777778,0.4949925925925926,1.0,1.0,0.18573017461906352,0.18573017461906352,True
bp_fs200_signed,/home/test/bupt_hjk/sdp_dataset/xrf55/wifi/03_23_08.npy,1000,float64,0.0,0.5115740740740741,0.5115740740740741,0.5121629629629629,1.0,1.0,0.17210914618322026,0.17210914618322026,True
bp_fs200_signed,/home/test/bupt_hjk/sdp_dataset/xrf55/wifi/03_23_09.npy,1000,float64,0.0,0.48573333333333335,0.48573333333333335,0.4865925925925926,1.0,1.0,0.18757646535424313,0.18757646535424313,True
bp_fs200_signed,/home/test/bupt_hjk/sdp_dataset/xrf55/wifi/03_23_10.npy,1000,float64,0.0,0.48848148148148146,0.48848148148148146,0.4887111111111111,1.0,1.0,0.18912616320023729,0.18912616320023729,True
bp_fs200_signed,/home/test/bupt_hjk/sdp_dataset/xrf55/wifi/03_23_11.npy,1000,float64,0.0,0.49193333333333333,0.49193333333333333,0.49248888888888886,1.0,1.0,0.1813257702146591,0.1813257702146591,True
bp_fs200_signed,/home/test/bupt_hjk/sdp_dataset/xrf55/wifi/03_23_12.npy,1000,float64,0.0,0.4935407407407407,0.4935407407407407,0.4950074074074074,1.0,1.0,0.17388870351833316,0.17388870351833316,True
bp_fs200_signed,/home/test/bupt_hjk/sdp_dataset/xrf55/wifi/03_23_13.npy,1000,float64,0.0,0.49226296296296296,0.49226296296296296,0.49444444444444446,1.0,1.0,0.1922144366588811,0.1922144366588811,True
bp_fs200_signed,/home/test/bupt_hjk/sdp_dataset/xrf55/wifi/03_23_14.npy,1000,float64,0.0,0.4934074074074074,0.4934074074074074,0.49346666666666666,1.0,1.0,0.18141474808141475,0.18141474808141475,True
bp_fs200_signed,/home/test/bupt_hjk/sdp_dataset/xrf55/wifi/03_23_15.npy,1000,float64,0.0,0.48884444444444447,0.48884444444444447,0.49091111111111113,1.0,1.0,0.19100582063545027,0.19100582063545027,True
bp_fs200_signed,/home/test/bupt_hjk/sdp_dataset/xrf55/wifi/03_23_16.npy,1000,float64,0.0,0.49267777777777777,0.49267777777777777,0.49173333333333336,1.0,1.0,0.1913543172802432,0.1913543172802432,True
bp_fs200_signed,/home/test/bupt_hjk/sdp_dataset/xrf55/wifi/03_23_17.npy,1000,float64,0.0,0.48546666666666666,0.48546666666666666,0.4833703703703704,1.0,1.0,0.17188299410521632,0.17188299410521632,True
bp_fs200_signed,/home/test/bupt_hjk/sdp_dataset/xrf55/wifi/03_23_18.npy,1000,float64,0.0,0.4809555555555556,0.4809555555555556,0.4823037037037037,1.0,1.0,0.1820301783264746,0.1820301783264746,True
bp_fs200_signed,/home/test/bupt_hjk/sdp_dataset/xrf55/wifi/03_23_19.npy,1000,float64,0.0,0.49737037037037035,0.49737037037037035,0.49905185185185186,1.0,1.0,0.18545211878545212,0.18545211878545212,True
bp_fs200_signed,/home/test/bupt_hjk/sdp_dataset/xrf55/wifi/03_23_20.npy,1000,float64,0.0,0.4987666666666667,0.4987666666666667,0.5002518518518518,1.0,1.0,0.1916953991028065,0.1916953991028065,True
bp_fs200_signed,/home/test/bupt_hjk/sdp_dataset/xrf55/wifi/03_24_01.npy,1000,float64,0.0,0.5047888888888888,0.5047888888888888,0.5046962962962963,1.0,1.0,0.1308234160086012,0.1308234160086012,True
bp_fs200_signed,/home/test/bupt_hjk/sdp_dataset/xrf55/wifi/03_24_02.npy,1000,float64,0.0,0.5057592592592592,0.5057592592592592,0.5045111111111111,1.0,1.0,0.11875208541875208,0.11875208541875208,True
bp_fs200_signed,/home/test/bupt_hjk/sdp_dataset/xrf55/wifi/03_24_03.npy,1000,float64,0.0,0.49974814814814816,0.49974814814814816,0.4999037037037037,1.0,1.0,0.11981981981981982,0.11981981981981982,True
bp_fs200_signed,/home/test/bupt_hjk/sdp_dataset/xrf55/wifi/03_24_04.npy,1000,float64,0.0,0.4913037037037037,0.4913037037037037,0.49191851851851853,1.0,1.0,0.11580469358247136,0.11580469358247136,True
bp_fs200_signed,/home/test/bupt_hjk/sdp_dataset/xrf55/wifi/03_24_05.npy,1000,float64,0.0,0.4846666666666667,0.4846666666666667,0.4849925925925926,1.0,1.0,0.12386831275720164,0.12386831275720164,True
bp_fs200_signed,/home/test/bupt_hjk/sdp_dataset/xrf55/wifi/03_24_06.npy,1000,float64,0.0,0.5187962962962963,0.5187962962962963,0.5187481481481482,1.0,1.0,0.11312794275757239,0.11312794275757239,True
bp_fs200_signed,/home/test/bupt_hjk/sdp_dataset/xrf55/wifi/03_24_07.npy,1000,float64,0.0,0.4774,0.4774,0.4772222222222222,1.0,1.0,0.11847032217402588,0.11847032217402588,True
bp_fs200_signed,/home/test/bupt_hjk/sdp_dataset/xrf55/wifi/03_24_08.npy,1000,float64,0.0,0.48694074074074073,0.48694074074074073,0.48695555555555553,1.0,1.0,0.10864939013087162,0.10864939013087162,True
bp_fs200_signed,/home/test/bupt_hjk/sdp_dataset/xrf55/wifi/03_24_09.npy,1000,float64,0.0,0.5024703703703703,0.5024703703703703,0.5025407407407407,1.0,1.0,0.10515700886071257,0.10515700886071257,True
bp_fs200_signed,/home/test/bupt_hjk/sdp_dataset/xrf55/wifi/03_24_10.npy,1000,float64,0.0,0.4999037037037037,0.4999037037037037,0.5006888888888889,1.0,1.0,0.11052163274385497,0.11052163274385497,True
bp_fs200_signed,/home/test/bupt_hjk/sdp_dataset/xrf55/wifi/03_24_11.npy,1000,float64,0.0,0.5048148148148148,0.5048148148148148,0.5056814814814815,1.0,1.0,0.1040633225818411,0.1040633225818411,True
bp_fs200_signed,/home/test/bupt_hjk/sdp_dataset/xrf55/wifi/03_24_12.npy,1000,float64,0.0,0.48616296296296296,0.48616296296296296,0.48565185185185183,1.0,1.0,0.11684647610573537,0.11684647610573537,True
bp_fs200_signed,/home/test/bupt_hjk/sdp_dataset/xrf55/wifi/03_24_13.npy,1000,float64,0.0,0.4934777777777778,0.4934777777777778,0.4945777777777778,1.0,1.0,0.09991472954435918,0.09991472954435918,True
bp_fs200_signed,/home/test/bupt_hjk/sdp_dataset/xrf55/wifi/03_24_14.npy,1000,float64,0.0,0.4972,0.4972,0.498,1.0,1.0,0.11361732102472843,0.11361732102472843,True
bp_fs200_signed,/home/test/bupt_hjk/sdp_dataset/xrf55/wifi/03_24_15.npy,1000,float64,0.0,0.5131222222222223,0.5131222222222223,0.5149037037037038,1.0,1.0,0.1133503874244615,0.1133503874244615,True
bp_fs200_signed,/home/test/bupt_hjk/sdp_dataset/xrf55/wifi/03_24_16.npy,1000,float64,0.0,0.5083925925925926,0.5083925925925926,0.5094074074074074,1.0,1.0,0.11047714381047714,0.11047714381047714,True
bp_fs200_signed,/home/test/bupt_hjk/sdp_dataset/xrf55/wifi/03_24_17.npy,1000,float64,0.0,0.47452962962962963,0.47452962962962963,0.4741851851851852,1.0,1.0,0.1029807585363141,0.1029807585363141,True
bp_fs200_signed,/home/test/bupt_hjk/sdp_dataset/xrf55/wifi/03_24_18.npy,1000,float64,0.0,0.48736296296296294,0.48736296296296294,0.48784444444444447,1.0,1.0,0.10359618878137397,0.10359618878137397,True
bp_fs200_signed,/home/test/bupt_hjk/sdp_dataset/xrf55/wifi/03_24_19.npy,1000,float64,0.0,0.4965925925925926,0.4965925925925926,0.4969703703703704,1.0,1.0,0.11552663774885998,0.11552663774885998,True
bp_fs200_signed,/home/test/bupt_hjk/sdp_dataset/xrf55/wifi/03_24_20.npy,1000,float64,0.0,0.4964148148148148,0.4964148148148148,0.4966740740740741,1.0,1.0,0.11684276869462054,0.11684276869462054,True
bp_fs200_signed,/home/test/bupt_hjk/sdp_dataset/xrf55/wifi/03_25_01.npy,1000,float64,0.0,0.49242592592592593,0.49242592592592593,0.4924074074074074,1.0,1.0,0.14587179772364958,0.14587179772364958,True
bp_fs200_signed,/home/test/bupt_hjk/sdp_dataset/xrf55/wifi/03_25_02.npy,1000,float64,0.0,0.49620740740740743,0.49620740740740743,0.49474074074074076,1.0,1.0,0.1493196900604308,0.1493196900604308,True
bp_fs200_signed,/home/test/bupt_hjk/sdp_dataset/xrf55/wifi/03_25_03.npy,1000,float64,0.0,0.4951037037037037,0.4951037037037037,0.4942962962962963,1.0,1.0,0.16926926926926927,0.16926926926926927,True
bp_fs200_signed,/home/test/bupt_hjk/sdp_dataset/xrf55/wifi/03_25_04.npy,1000,float64,0.0,0.5029074074074074,0.5029074074074074,0.5042296296296296,1.0,1.0,0.15499944388833278,0.15499944388833278,True
bp_fs200_signed,/home/test/bupt_hjk/sdp_dataset/xrf55/wifi/03_25_05.npy,1000,float64,0.0,0.499,0.499,0.49755555555555553,1.0,1.0,0.16189893597301006,0.16189893597301006,True
bp_fs200_signed,/home/test/bupt_hjk/sdp_dataset/xrf55/wifi/03_25_06.npy,1000,float64,0.0,0.4868777777777778,0.4868777777777778,0.4872444444444444,1.0,1.0,0.11459607755904053,0.11459607755904053,True
bp_fs200_signed,/home/test/bupt_hjk/sdp_dataset/xrf55/wifi/03_25_07.npy,1000,float64,0.0,0.5074037037037037,0.5074037037037037,0.5087481481481482,1.0,1.0,0.15821376932488043,0.15821376932488043,True
bp_fs200_signed,/home/test/bupt_hjk/sdp_dataset/xrf55/wifi/03_25_08.npy,1000,float64,0.0,0.4868296296296296,0.4868296296296296,0.48765925925925924,1.0,1.0,0.16132428725021317,0.16132428725021317,True
bp_fs200_signed,/home/test/bupt_hjk/sdp_dataset/xrf55/wifi/03_25_09.npy,1000,float64,0.0,0.5021629629629629,0.5021629629629629,0.5016296296296296,1.0,1.0,0.14176769361954547,0.14176769361954547,True
bp_fs200_signed,/home/test/bupt_hjk/sdp_dataset/xrf55/wifi/03_25_10.npy,1000,float64,0.0,0.5080925925925925,0.5080925925925925,0.5078370370370371,1.0,1.0,0.14510065621176732,0.14510065621176732,True
bp_fs200_signed,/home/test/bupt_hjk/sdp_dataset/xrf55/wifi/03_25_11.npy,1000,float64,0.0,0.4923740740740741,0.4923740740740741,0.4940962962962963,1.0,1.0,0.12228524821117413,0.12228524821117413,True
bp_fs200_signed,/home/test/bupt_hjk/sdp_dataset/xrf55/wifi/03_25_12.npy,1000,float64,0.0,0.5008370370370371,0.5008370370370371,0.5004,1.0,1.0,0.11207133058984911,0.11207133058984911,True
bp_fs200_signed,/home/test/bupt_hjk/sdp_dataset/xrf55/wifi/03_25_13.npy,1000,float64,0.0,0.49272222222222223,0.49272222222222223,0.4943851851851852,1.0,1.0,0.1399288177065955,0.1399288177065955,True
bp_fs200_signed,/home/test/bupt_hjk/sdp_dataset/xrf55/wifi/03_25_14.npy,1000,float64,0.0,0.5202074074074075,0.5202074074074075,0.5201555555555556,1.0,1.0,0.12647462277091906,0.12647462277091906,True
bp_fs200_signed,/home/test/bupt_hjk/sdp_dataset/xrf55/wifi/03_25_15.npy,1000,float64,0.0,0.5024962962962963,0.5024962962962963,0.5029407407407407,1.0,1.0,0.13559485411337263,0.13559485411337263,True
bp_fs200_signed,/home/test/bupt_hjk/sdp_dataset/xrf55/wifi/03_25_16.npy,1000,float64,0.0,0.49164814814814817,0.49164814814814817,0.49315555555555557,1.0,1.0,0.13692581470359247,0.13692581470359247,True
bp_fs200_signed,/home/test/bupt_hjk/sdp_dataset/xrf55/wifi/03_25_17.npy,1000,float64,0.0,0.49205925925925925,0.49205925925925925,0.49174814814814816,1.0,1.0,0.14440366292218143,0.14440366292218143,True
bp_fs200_signed,/home/test/bupt_hjk/sdp_dataset/xrf55/wifi/03_25_18.npy,1000,float64,0.0,0.5036296296296296,0.5036296296296296,0.5046518518518519,1.0,1.0,0.1392948504059615,0.1392948504059615,True
bp_fs200_signed,/home/test/bupt_hjk/sdp_dataset/xrf55/wifi/03_25_19.npy,1000,float64,0.0,0.5134555555555556,0.5134555555555556,0.5116814814814815,1.0,1.0,0.1492158825492159,0.1492158825492159,True
bp_fs200_signed,/home/test/bupt_hjk/sdp_dataset/xrf55/wifi/03_25_20.npy,1000,float64,0.0,0.5045185185185185,0.5045185185185185,0.5034296296296297,1.0,1.0,0.16218440662885109,0.16218440662885109,True
bp_fs200_signed,/home/test/bupt_hjk/sdp_dataset/xrf55/wifi/03_26_01.npy,1000,float64,0.0,0.5005592592592593,0.5005592592592593,0.5015037037037037,1.0,1.0,0.20177955733511288,0.20177955733511288,True
bp_fs200_signed,/home/test/bupt_hjk/sdp_dataset/xrf55/wifi/03_26_02.npy,1000,float64,0.0,0.5003074074074074,0.5003074074074074,0.4998740740740741,1.0,1.0,0.2020613205798391,0.2020613205798391,True
bp_fs200_signed,/home/test/bupt_hjk/sdp_dataset/xrf55/wifi/03_26_03.npy,1000,float64,0.0,0.49303703703703705,0.49303703703703705,0.49577777777777776,1.0,1.0,0.2030215400585771,0.2030215400585771,True
bp_fs200_signed,/home/test/bupt_hjk/sdp_dataset/xrf55/wifi/03_26_04.npy,1000,float64,0.0,0.4930777777777778,0.4930777777777778,0.4919925925925926,1.0,1.0,0.20677714751788825,0.20677714751788825,True
bp_fs200_signed,/home/test/bupt_hjk/sdp_dataset/xrf55/wifi/03_26_05.npy,1000,float64,0.0,0.4988037037037037,0.4988037037037037,0.5005851851851851,1.0,1.0,0.20183887591295,0.20183887591295,True
bp_fs200_signed,/home/test/bupt_hjk/sdp_dataset/xrf55/wifi/03_26_06.npy,1000,float64,0.0,0.4989,0.4989,0.5009629629629629,1.0,1.0,0.2067660252845438,0.2067660252845438,True
bp_fs200_signed,/home/test/bupt_hjk/sdp_dataset/xrf55/wifi/03_26_07.npy,1000,float64,0.0,0.4990925925925926,0.4990925925925926,0.49891111111111114,1.0,1.0,0.20557594631668705,0.20557594631668705,True
bp_fs200_signed,/home/test/bupt_hjk/sdp_dataset/xrf55/wifi/03_26_08.npy,1000,float64,0.0,0.4936333333333333,0.4936333333333333,0.49422962962962963,1.0,1.0,0.20903866829792755,0.20903866829792755,True
bp_fs200_signed,/home/test/bupt_hjk/sdp_dataset/xrf55/wifi/03_26_09.npy,1000,float64,0.0,0.489462962962963,0.489462962962963,0.48915555555555557,1.0,1.0,0.2014236458680903,0.2014236458680903,True
bp_fs200_signed,/home/test/bupt_hjk/sdp_dataset/xrf55/wifi/03_26_10.npy,1000,float64,0.0,0.4901111111111111,0.4901111111111111,0.48874074074074075,1.0,1.0,0.20821562303043784,0.20821562303043784,True
bp_fs200_signed,/home/test/bupt_hjk/sdp_dataset/xrf55/wifi/03_26_11.npy,1000,float64,0.0,0.4932037037037037,0.4932037037037037,0.4942962962962963,1.0,1.0,0.19669298928558188,0.19669298928558188,True
bp_fs200_signed,/home/test/bupt_hjk/sdp_dataset/xrf55/wifi/03_26_12.npy,1000,float64,0.0,0.4847962962962963,0.4847962962962963,0.48546666666666666,1.0,1.0,0.1847662477292107,0.1847662477292107,True
bp_fs200_signed,/home/test/bupt_hjk/sdp_dataset/xrf55/wifi/03_26_13.npy,1000,float64,0.0,0.48417037037037036,0.48417037037037036,0.4848222222222222,1.0,1.0,0.17791495198902607,0.17791495198902607,True
bp_fs200_signed,/home/test/bupt_hjk/sdp_dataset/xrf55/wifi/03_26_14.npy,1000,float64,0.0,0.5027592592592592,0.5027592592592592,0.5030740740740741,1.0,1.0,0.17858970081192305,0.17858970081192305,True
bp_fs200_signed,/home/test/bupt_hjk/sdp_dataset/xrf55/wifi/03_26_15.npy,1000,float64,0.0,0.4940111111111111,0.4940111111111111,0.49446666666666667,1.0,1.0,0.2020650279909539,0.2020650279909539,True
bp_fs200_signed,/home/test/bupt_hjk/sdp_dataset/xrf55/wifi/03_26_16.npy,1000,float64,0.0,0.5044444444444445,0.5044444444444445,0.5058592592592592,1.0,1.0,0.19652986319652987,0.19652986319652987,True
bp_fs200_signed,/home/test/bupt_hjk/sdp_dataset/xrf55/wifi/03_26_17.npy,1000,float64,0.0,0.5022074074074074,0.5022074074074074,0.5023111111111112,1.0,1.0,0.20408185963741518,0.20408185963741518,True
bp_fs200_signed,/home/test/bupt_hjk/sdp_dataset/xrf55/wifi/03_26_18.npy,1000,float64,0.0,0.49134814814814814,0.49134814814814814,0.49278518518518516,1.0,1.0,0.19678938197456716,0.19678938197456716,True
bp_fs200_signed,/home/test/bupt_hjk/sdp_dataset/xrf55/wifi/03_26_19.npy,1000,float64,0.0,0.4994148148148148,0.4994148148148148,0.500362962962963,1.0,1.0,0.20054869684499313,0.20054869684499313,True
bp_fs200_signed,/home/test/bupt_hjk/sdp_dataset/xrf55/wifi/03_26_20.npy,1000,float64,0.0,0.5005925925925926,0.5005925925925926,0.5026074074074074,1.0,1.0,0.1874504133763393,0.1874504133763393,True
bp_fs200_signed,/home/test/bupt_hjk/sdp_dataset/xrf55/wifi/03_27_01.npy,1000,float64,0.0,0.5027148148148148,0.5027148148148148,0.5045037037037037,1.0,1.0,0.13151670188707226,0.13151670188707226,True
bp_fs200_signed,/home/test/bupt_hjk/sdp_dataset/xrf55/wifi/03_27_02.npy,1000,float64,0.0,0.4794555555555556,0.4794555555555556,0.4810962962962963,1.0,1.0,0.11807733659585512,0.11807733659585512,True
bp_fs200_signed,/home/test/bupt_hjk/sdp_dataset/xrf55/wifi/03_27_03.npy,1000,float64,0.0,0.48863703703703704,0.48863703703703704,0.48917037037037037,1.0,1.0,0.13880176472769065,0.13880176472769065,True
bp_fs200_signed,/home/test/bupt_hjk/sdp_dataset/xrf55/wifi/03_27_04.npy,1000,float64,0.0,0.4944296296296296,0.4944296296296296,0.49462962962962964,1.0,1.0,0.12545508471434397,0.12545508471434397,True
bp_fs200_signed,/home/test/bupt_hjk/sdp_dataset/xrf55/wifi/03_27_05.npy,1000,float64,0.0,0.4807111111111111,0.4807111111111111,0.4808962962962963,1.0,1.0,0.11994587179772365,0.11994587179772365,True
bp_fs200_signed,/home/test/bupt_hjk/sdp_dataset/xrf55/wifi/03_27_06.npy,1000,float64,0.0,0.4913592592592593,0.4913592592592593,0.4915555555555556,1.0,1.0,0.11927853779705631,0.11927853779705631,True
bp_fs200_signed,/home/test/bupt_hjk/sdp_dataset/xrf55/wifi/03_27_07.npy,1000,float64,0.0,0.5039555555555556,0.5039555555555556,0.5041037037037037,1.0,1.0,0.11843695547399251,0.11843695547399251,True
bp_fs200_signed,/home/test/bupt_hjk/sdp_dataset/xrf55/wifi/03_27_08.npy,1000,float64,0.0,0.4999111111111111,0.4999111111111111,0.5007185185185186,1.0,1.0,0.12292292292292292,0.12292292292292292,True
bp_fs200_signed,/home/test/bupt_hjk/sdp_dataset/xrf55/wifi/03_27_09.npy,1000,float64,0.0,0.5051296296296296,0.5051296296296296,0.5071777777777777,1.0,1.0,0.12759055351647944,0.12759055351647944,True
bp_fs200_signed,/home/test/bupt_hjk/sdp_dataset/xrf55/wifi/03_27_10.npy,1000,float64,0.0,0.49404444444444445,0.49404444444444445,0.49417777777777777,1.0,1.0,0.1266006747488229,0.1266006747488229,True
bp_fs200_signed,/home/test/bupt_hjk/sdp_dataset/xrf55/wifi/03_27_11.npy,1000,float64,0.0,0.4964148148148148,0.4964148148148148,0.49735555555555555,1.0,1.0,0.14709153598042488,0.14709153598042488,True
bp_fs200_signed,/home/test/bupt_hjk/sdp_dataset/xrf55/wifi/03_27_12.npy,1000,float64,0.0,0.49675555555555556,0.49675555555555556,0.49664444444444444,1.0,1.0,0.12547732918103288,0.12547732918103288,True
bp_fs200_signed,/home/test/bupt_hjk/sdp_dataset/xrf55/wifi/03_27_13.npy,1000,float64,0.0,0.49267037037037037,0.49267037037037037,0.49305185185185185,1.0,1.0,0.13933933933933934,0.13933933933933934,True
bp_fs200_signed,/home/test/bupt_hjk/sdp_dataset/xrf55/wifi/03_27_14.npy,1000,float64,0.0,0.5051814814814815,0.5051814814814815,0.5048148148148148,1.0,1.0,0.13167982797612426,0.13167982797612426,True
bp_fs200_signed,/home/test/bupt_hjk/sdp_dataset/xrf55/wifi/03_27_15.npy,1000,float64,0.0,0.5170370370370371,0.5170370370370371,0.5178592592592592,1.0,1.0,0.13502391280169057,0.13502391280169057,True
bp_fs200_signed,/home/test/bupt_hjk/sdp_dataset/xrf55/wifi/03_27_16.npy,1000,float64,0.0,0.49575925925925923,0.49575925925925923,0.49591111111111114,1.0,1.0,0.12169206243280317,0.12169206243280317,True
bp_fs200_signed,/home/test/bupt_hjk/sdp_dataset/xrf55/wifi/03_27_17.npy,1000,float64,0.0,0.5092592592592593,0.5092592592592593,0.5104740740740741,1.0,1.0,0.1256033811589367,0.1256033811589367,True
bp_fs200_signed,/home/test/bupt_hjk/sdp_dataset/xrf55/wifi/03_27_18.npy,1000,float64,0.0,0.4897962962962963,0.4897962962962963,0.48974814814814815,1.0,1.0,0.1289215141066993,0.1289215141066993,True
bp_fs200_signed,/home/test/bupt_hjk/sdp_dataset/xrf55/wifi/03_27_19.npy,1000,float64,0.0,0.47264814814814815,0.47264814814814815,0.4726814814814815,1.0,1.0,0.12405368331294257,0.12405368331294257,True
bp_fs200_signed,/home/test/bupt_hjk/sdp_dataset/xrf55/wifi/03_27_20.npy,1000,float64,0.0,0.49683333333333335,0.49683333333333335,0.4970962962962963,1.0,1.0,0.13209135060986912,0.13209135060986912,True
bp_fs200_signed,/home/test/bupt_hjk/sdp_dataset/xrf55/wifi/03_28_01.npy,1000,float64,0.0,0.49772222222222223,0.49772222222222223,0.4969851851851852,1.0,1.0,0.12119156193230267,0.12119156193230267,True
bp_fs200_signed,/home/test/bupt_hjk/sdp_dataset/xrf55/wifi/03_28_02.npy,1000,float64,0.0,0.4920888888888889,0.4920888888888889,0.4925407407407407,1.0,1.0,0.1001001001001001,0.1001001001001001,True
bp_fs200_signed,/home/test/bupt_hjk/sdp_dataset/xrf55/wifi/03_28_03.npy,1000,float64,0.0,0.49162222222222224,0.49162222222222224,0.4915703703703704,1.0,1.0,0.11129648166685203,0.11129648166685203,True
bp_fs200_signed,/home/test/bupt_hjk/sdp_dataset/xrf55/wifi/03_28_04.npy,1000,float64,0.0,0.4945037037037037,0.4945037037037037,0.4948444444444444,1.0,1.0,0.11153004856708561,0.11153004856708561,True
bp_fs200_signed,/home/test/bupt_hjk/sdp_dataset/xrf55/wifi/03_28_05.npy,1000,float64,0.0,0.5005444444444445,0.5005444444444445,0.5005407407407407,1.0,1.0,0.11121862603344085,0.11121862603344085,True
bp_fs200_signed,/home/test/bupt_hjk/sdp_dataset/xrf55/wifi/03_28_06.npy,1000,float64,0.0,0.49803703703703706,0.49803703703703706,0.4969925925925926,1.0,1.0,0.11831831831831832,0.11831831831831832,True
bp_fs200_signed,/home/test/bupt_hjk/sdp_dataset/xrf55/wifi/03_28_07.npy,1000,float64,0.0,0.5029814814814815,0.5029814814814815,0.5027185185185186,1.0,1.0,0.11609757906054202,0.11609757906054202,True
bp_fs200_signed,/home/test/bupt_hjk/sdp_dataset/xrf55/wifi/03_28_08.npy,1000,float64,0.0,0.5005074074074074,0.5005074074074074,0.5002222222222222,1.0,1.0,0.10962073184295407,0.10962073184295407,True
bp_fs200_signed,/home/test/bupt_hjk/sdp_dataset/xrf55/wifi/03_28_09.npy,1000,float64,0.0,0.5029592592592592,0.5029592592592592,0.503674074074074,1.0,1.0,0.11610128647165684,0.11610128647165684,True
bp_fs200_signed,/home/test/bupt_hjk/sdp_dataset/xrf55/wifi/03_28_10.npy,1000,float64,0.0,0.5173407407407408,0.5173407407407408,0.5168666666666667,1.0,1.0,0.11431431431431431,0.11431431431431431,True
bp_fs200_signed,/home/test/bupt_hjk/sdp_dataset/xrf55/wifi/03_28_11.npy,1000,float64,0.0,0.5029370370370371,0.5029370370370371,0.5029111111111111,1.0,1.0,0.11961220479738999,0.11961220479738999,True
bp_fs200_signed,/home/test/bupt_hjk/sdp_dataset/xrf55/wifi/03_28_12.npy,1000,float64,0.0,0.4922185185185185,0.4922185185185185,0.49437037037037035,1.0,1.0,0.12349015682349015,0.12349015682349015,True
bp_fs200_signed,/home/test/bupt_hjk/sdp_dataset/xrf55/wifi/03_28_13.npy,1000,float64,0.0,0.4968740740740741,0.4968740740740741,0.4968222222222222,1.0,1.0,0.12541059578096614,0.12541059578096614,True
bp_fs200_signed,/home/test/bupt_hjk/sdp_dataset/xrf55/wifi/03_28_14.npy,1000,float64,0.0,0.4931185185185185,0.4931185185185185,0.4946888888888889,1.0,1.0,0.12331961591220851,0.12331961591220851,True
bp_fs200_signed,/home/test/bupt_hjk/sdp_dataset/xrf55/wifi/03_28_15.npy,1000,float64,0.0,0.5080851851851852,0.5080851851851852,0.5082740740740741,1.0,1.0,0.11817002187372558,0.11817002187372558,True
bp_fs200_signed,/home/test/bupt_hjk/sdp_dataset/xrf55/wifi/03_28_16.npy,1000,float64,0.0,0.498662962962963,0.498662962962963,0.498437037037037,1.0,1.0,0.12141400659919178,0.12141400659919178,True
bp_fs200_signed,/home/test/bupt_hjk/sdp_dataset/xrf55/wifi/03_28_17.npy,1000,float64,0.0,0.5053,0.5053,0.5054222222222222,1.0,1.0,0.13789715641567493,0.13789715641567493,True
bp_fs200_signed,/home/test/bupt_hjk/sdp_dataset/xrf55/wifi/03_28_18.npy,1000,float64,0.0,0.5001481481481481,0.5001481481481481,0.5018148148148148,1.0,1.0,0.13105327549771995,0.13105327549771995,True
bp_fs200_signed,/home/test/bupt_hjk/sdp_dataset/xrf55/wifi/03_28_19.npy,1000,float64,0.0,0.49963703703703705,0.49963703703703705,0.5007037037037037,1.0,1.0,0.12181440699959219,0.12181440699959219,True
bp_fs200_signed,/home/test/bupt_hjk/sdp_dataset/xrf55/wifi/03_28_20.npy,1000,float64,0.0,0.5148518518518519,0.5148518518518519,0.514237037037037,1.0,1.0,0.12024617209802395,0.12024617209802395,True
bp_fs200_signed,/home/test/bupt_hjk/sdp_dataset/xrf55/wifi/03_29_01.npy,1000,float64,0.0,0.5025814814814815,0.5025814814814815,0.5026444444444444,1.0,1.0,0.14196418640863084,0.14196418640863084,True
bp_fs200_signed,/home/test/bupt_hjk/sdp_dataset/xrf55/wifi/03_29_02.npy,1000,float64,0.0,0.4972814814814815,0.4972814814814815,0.4981777777777778,1.0,1.0,0.14006599191784377,0.14006599191784377,True
bp_fs200_signed,/home/test/bupt_hjk/sdp_dataset/xrf55/wifi/03_29_03.npy,1000,float64,0.0,0.5103518518518518,0.5103518518518518,0.5097333333333334,1.0,1.0,0.13222481741000258,0.13222481741000258,True
bp_fs200_signed,/home/test/bupt_hjk/sdp_dataset/xrf55/wifi/03_29_04.npy,1000,float64,0.0,0.5017555555555555,0.5017555555555555,0.5025777777777778,1.0,1.0,0.14372149927705483,0.14372149927705483,True
bp_fs200_signed,/home/test/bupt_hjk/sdp_dataset/xrf55/wifi/03_29_05.npy,1000,float64,0.0,0.4909074074074074,0.4909074074074074,0.4912148148148148,1.0,1.0,0.15354984614243875,0.15354984614243875,True
bp_fs200_signed,/home/test/bupt_hjk/sdp_dataset/xrf55/wifi/03_29_06.npy,1000,float64,0.0,0.49416296296296297,0.49416296296296297,0.49417777777777777,1.0,1.0,0.13831238646053462,0.13831238646053462,True
bp_fs200_signed,/home/test/bupt_hjk/sdp_dataset/xrf55/wifi/03_29_07.npy,1000,float64,0.0,0.49017777777777777,0.49017777777777777,0.4898148148148148,1.0,1.0,0.14022911800689578,0.14022911800689578,True
bp_fs200_signed,/home/test/bupt_hjk/sdp_dataset/xrf55/wifi/03_29_08.npy,1000,float64,0.0,0.5020185185185185,0.5020185185185185,0.5010296296296296,1.0,1.0,0.1414377340303266,0.1414377340303266,True
bp_fs200_signed,/home/test/bupt_hjk/sdp_dataset/xrf55/wifi/03_29_09.npy,1000,float64,0.0,0.47637407407407406,0.47637407407407406,0.4766518518518518,1.0,1.0,0.13026730434137843,0.13026730434137843,True
bp_fs200_signed,/home/test/bupt_hjk/sdp_dataset/xrf55/wifi/03_29_10.npy,1000,float64,0.0,0.489,0.489,0.4900074074074074,1.0,1.0,0.1366106847588329,0.1366106847588329,True
bp_fs200_signed,/home/test/bupt_hjk/sdp_dataset/xrf55/wifi/03_29_11.npy,1000,float64,0.0,0.4951,0.4951,0.49444444444444446,1.0,1.0,0.11779186594001409,0.11779186594001409,True
bp_fs200_signed,/home/test/bupt_hjk/sdp_dataset/xrf55/wifi/03_29_12.npy,1000,float64,0.0,0.4981148148148148,0.4981148148148148,0.5000518518518519,1.0,1.0,0.13551329106884663,0.13551329106884663,True
bp_fs200_signed,/home/test/bupt_hjk/sdp_dataset/xrf55/wifi/03_29_13.npy,1000,float64,0.0,0.5009888888888889,0.5009888888888889,0.5018444444444444,1.0,1.0,0.14370296222148074,0.14370296222148074,True
bp_fs200_signed,/home/test/bupt_hjk/sdp_dataset/xrf55/wifi/03_29_14.npy,1000,float64,0.0,0.4944777777777778,0.4944777777777778,0.4962814814814815,1.0,1.0,0.12323063804545287,0.12323063804545287,True
bp_fs200_signed,/home/test/bupt_hjk/sdp_dataset/xrf55/wifi/03_29_15.npy,1000,float64,0.0,0.47507777777777777,0.47507777777777777,0.4753777777777778,1.0,1.0,0.11910058206354503,0.11910058206354503,True
bp_fs200_signed,/home/test/bupt_hjk/sdp_dataset/xrf55/wifi/03_29_16.npy,1000,float64,0.0,0.49723703703703703,0.49723703703703703,0.49645185185185187,1.0,1.0,0.13219515812108404,0.13219515812108404,True
bp_fs200_signed,/home/test/bupt_hjk/sdp_dataset/xrf55/wifi/03_29_17.npy,1000,float64,0.0,0.4945111111111111,0.4945111111111111,0.4942740740740741,1.0,1.0,0.14866347829310791,0.14866347829310791,True
bp_fs200_signed,/home/test/bupt_hjk/sdp_dataset/xrf55/wifi/03_29_18.npy,1000,float64,0.0,0.4887888888888889,0.4887888888888889,0.4890148148148148,1.0,1.0,0.14756979201423645,0.14756979201423645,True
bp_fs200_signed,/home/test/bupt_hjk/sdp_dataset/xrf55/wifi/03_29_19.npy,1000,float64,0.0,0.4852740740740741,0.4852740740740741,0.48505185185185185,1.0,1.0,0.14100396692989287,0.14100396692989287,True
bp_fs200_signed,/home/test/bupt_hjk/sdp_dataset/xrf55/wifi/03_29_20.npy,1000,float64,0.0,0.4997259259259259,0.4997259259259259,0.4998666666666667,1.0,1.0,0.1340636933229526,0.1340636933229526,True
bp_fs200_signed,/home/test/bupt_hjk/sdp_dataset/xrf55/wifi/03_30_01.npy,1000,float64,0.0,0.49624444444444443,0.49624444444444443,0.4964148148148148,1.0,1.0,0.12854706558410262,0.12854706558410262,True
bp_fs200_signed,/home/test/bupt_hjk/sdp_dataset/xrf55/wifi/03_30_02.npy,1000,float64,0.0,0.499937037037037,0.499937037037037,0.499562962962963,1.0,1.0,0.12928854780706633,0.12928854780706633,True
bp_fs200_signed,/home/test/bupt_hjk/sdp_dataset/xrf55/wifi/03_30_03.npy,1000,float64,0.0,0.4884148148148148,0.4884148148148148,0.4883037037037037,1.0,1.0,0.12989285581878174,0.12989285581878174,True
bp_fs200_signed,/home/test/bupt_hjk/sdp_dataset/xrf55/wifi/03_30_04.npy,1000,float64,0.0,0.5022074074074074,0.5022074074074074,0.5013185185185185,1.0,1.0,0.12894746598450302,0.12894746598450302,True
bp_fs200_signed,/home/test/bupt_hjk/sdp_dataset/xrf55/wifi/03_30_05.npy,1000,float64,0.0,0.5039777777777777,0.5039777777777777,0.5038,1.0,1.0,0.1262225188151114,0.1262225188151114,True
bp_fs200_signed,/home/test/bupt_hjk/sdp_dataset/xrf55/wifi/03_30_06.npy,1000,float64,0.0,0.4928925925925926,0.4928925925925926,0.4935851851851852,1.0,1.0,0.11983464946427909,0.11983464946427909,True
bp_fs200_signed,/home/test/bupt_hjk/sdp_dataset/xrf55/wifi/03_30_07.npy,1000,float64,0.0,0.4806962962962963,0.4806962962962963,0.48057777777777777,1.0,1.0,0.13779334890446002,0.13779334890446002,True
bp_fs200_signed,/home/test/bupt_hjk/sdp_dataset/xrf55/wifi/03_30_08.npy,1000,float64,0.0,0.5015740740740741,0.5015740740740741,0.5014518518518518,1.0,1.0,0.14194935676417159,0.14194935676417159,True
bp_fs200_signed,/home/test/bupt_hjk/sdp_dataset/xrf55/wifi/03_30_09.npy,1000,float64,0.0,0.49885555555555555,0.49885555555555555,0.49875555555555556,1.0,1.0,0.12693434174915658,0.12693434174915658,True
bp_fs200_signed,/home/test/bupt_hjk/sdp_dataset/xrf55/wifi/03_30_10.npy,1000,float64,0.0,0.5016407407407407,0.5016407407407407,0.5029777777777777,1.0,1.0,0.12955918881844808,0.12955918881844808,True
bp_fs200_signed,/home/test/bupt_hjk/sdp_dataset/xrf55/wifi/03_30_11.npy,1000,float64,0.0,0.5042666666666666,0.5042666666666666,0.5045703703703703,1.0,1.0,0.13205056908760612,0.13205056908760612,True
bp_fs200_signed,/home/test/bupt_hjk/sdp_dataset/xrf55/wifi/03_30_12.npy,1000,float64,0.0,0.4891111111111111,0.4891111111111111,0.4887037037037037,1.0,1.0,0.12306380454528602,0.12306380454528602,True
bp_fs200_signed,/home/test/bupt_hjk/sdp_dataset/xrf55/wifi/03_30_13.npy,1000,float64,0.0,0.5014814814814815,0.5014814814814815,0.5004444444444445,1.0,1.0,0.13018944870796723,0.13018944870796723,True
bp_fs200_signed,/home/test/bupt_hjk/sdp_dataset/xrf55/wifi/03_30_14.npy,1000,float64,0.0,0.4929074074074074,0.4929074074074074,0.4932740740740741,1.0,1.0,0.1377859340822304,0.1377859340822304,True
bp_fs200_signed,/home/test/bupt_hjk/sdp_dataset/xrf55/wifi/03_30_15.npy,1000,float64,0.0,0.5056555555555555,0.5056555555555555,0.506762962962963,1.0,1.0,0.14710636562488413,0.14710636562488413,True
bp_fs200_signed,/home/test/bupt_hjk/sdp_dataset/xrf55/wifi/03_30_16.npy,1000,float64,0.0,0.48885185185185187,0.48885185185185187,0.4897851851851852,1.0,1.0,0.12146220294368443,0.12146220294368443,True
bp_fs200_signed,/home/test/bupt_hjk/sdp_dataset/xrf55/wifi/03_30_17.npy,1000,float64,0.0,0.49140370370370373,0.49140370370370373,0.49124444444444443,1.0,1.0,0.1291439587735884,0.1291439587735884,True
bp_fs200_signed,/home/test/bupt_hjk/sdp_dataset/xrf55/wifi/03_30_18.npy,1000,float64,0.0,0.5007185185185186,0.5007185185185186,0.5011629629629629,1.0,1.0,0.12933674415155896,0.12933674415155896,True
bp_fs200_signed,/home/test/bupt_hjk/sdp_dataset/xrf55/wifi/03_30_19.npy,1000,float64,0.0,0.4986814814814815,0.4986814814814815,0.5006888888888889,1.0,1.0,0.13385237088940793,0.13385237088940793,True
bp_fs200_signed,/home/test/bupt_hjk/sdp_dataset/xrf55/wifi/03_30_20.npy,1000,float64,0.0,0.48977777777777776,0.48977777777777776,0.49095555555555553,1.0,1.0,0.11965298631965299,0.11965298631965299,True
bp_fs200_signed,/home/test/bupt_hjk/sdp_dataset/xrf55/wifi/03_31_01.npy,1000,float64,0.0,0.5019296296296296,0.5019296296296296,0.5014888888888889,1.0,1.0,0.20871612353093835,0.20871612353093835,True
bp_fs200_signed,/home/test/bupt_hjk/sdp_dataset/xrf55/wifi/03_31_02.npy,1000,float64,0.0,0.5004925925925926,0.5004925925925926,0.4995703703703704,1.0,1.0,0.21085900715530345,0.21085900715530345,True
bp_fs200_signed,/home/test/bupt_hjk/sdp_dataset/xrf55/wifi/03_31_03.npy,1000,float64,0.0,0.49424074074074076,0.49424074074074076,0.4948148148148148,1.0,1.0,0.21316130945760575,0.21316130945760575,True
bp_fs200_signed,/home/test/bupt_hjk/sdp_dataset/xrf55/wifi/03_31_04.npy,1000,float64,0.0,0.49843333333333334,0.49843333333333334,0.49844444444444447,1.0,1.0,0.21249768286805323,0.21249768286805323,True
bp_fs200_signed,/home/test/bupt_hjk/sdp_dataset/xrf55/wifi/03_31_05.npy,1000,float64,0.0,0.49496296296296294,0.49496296296296294,0.49435555555555555,1.0,1.0,0.20896452007563118,0.20896452007563118,True
bp_fs200_signed,/home/test/bupt_hjk/sdp_dataset/xrf55/wifi/03_31_06.npy,1000,float64,0.0,0.5007962962962963,0.5007962962962963,0.5000888888888889,1.0,1.0,0.21534126719311905,0.21534126719311905,True
bp_fs200_signed,/home/test/bupt_hjk/sdp_dataset/xrf55/wifi/03_31_07.npy,1000,float64,0.0,0.49245925925925926,0.49245925925925926,0.49337037037037035,1.0,1.0,0.2088236384532681,0.2088236384532681,True
bp_fs200_signed,/home/test/bupt_hjk/sdp_dataset/xrf55/wifi/03_31_08.npy,1000,float64,0.0,0.5032962962962962,0.5032962962962962,0.5024444444444445,1.0,1.0,0.21263485707930152,0.21263485707930152,True
bp_fs200_signed,/home/test/bupt_hjk/sdp_dataset/xrf55/wifi/03_31_09.npy,1000,float64,0.0,0.49904814814814813,0.49904814814814813,0.49734074074074075,1.0,1.0,0.2123086049011975,0.2123086049011975,True
bp_fs200_signed,/home/test/bupt_hjk/sdp_dataset/xrf55/wifi/03_31_10.npy,1000,float64,0.0,0.4928444444444444,0.4928444444444444,0.49275555555555556,1.0,1.0,0.22002002002002002,0.22002002002002002,True
bp_fs200_signed,/home/test/bupt_hjk/sdp_dataset/xrf55/wifi/03_31_11.npy,1000,float64,0.0,0.4973925925925926,0.4973925925925926,0.49492592592592594,1.0,1.0,0.21720238757275795,0.21720238757275795,True
bp_fs200_signed,/home/test/bupt_hjk/sdp_dataset/xrf55/wifi/03_31_12.npy,1000,float64,0.0,0.49346666666666666,0.49346666666666666,0.49331851851851855,1.0,1.0,0.20959477996515033,0.20959477996515033,True
bp_fs200_signed,/home/test/bupt_hjk/sdp_dataset/xrf55/wifi/03_31_13.npy,1000,float64,0.0,0.4984148148148148,0.4984148148148148,0.4988074074074074,1.0,1.0,0.21144107070032997,0.21144107070032997,True
bp_fs200_signed,/home/test/bupt_hjk/sdp_dataset/xrf55/wifi/03_31_14.npy,1000,float64,0.0,0.5008296296296296,0.5008296296296296,0.5020370370370371,1.0,1.0,0.20225410595780965,0.20225410595780965,True
bp_fs200_signed,/home/test/bupt_hjk/sdp_dataset/xrf55/wifi/03_31_15.npy,1000,float64,0.0,0.4910074074074074,0.4910074074074074,0.4919037037037037,1.0,1.0,0.20649909168427688,0.20649909168427688,True
bp_fs200_signed,/home/test/bupt_hjk/sdp_dataset/xrf55/wifi/03_31_16.npy,1000,float64,0.0,0.5014444444444445,0.5014444444444445,0.5019629629629629,1.0,1.0,0.20845289734178624,0.20845289734178624,True
bp_fs200_signed,/home/test/bupt_hjk/sdp_dataset/xrf55/wifi/03_31_17.npy,1000,float64,0.0,0.4989148148148148,0.4989148148148148,0.4983111111111111,1.0,1.0,0.21505950394839285,0.21505950394839285,True
bp_fs200_signed,/home/test/bupt_hjk/sdp_dataset/xrf55/wifi/03_31_18.npy,1000,float64,0.0,0.5015333333333334,0.5015333333333334,0.5006666666666667,1.0,1.0,0.2191710228747266,0.2191710228747266,True
bp_fs200_signed,/home/test/bupt_hjk/sdp_dataset/xrf55/wifi/03_31_19.npy,1000,float64,0.0,0.49595925925925927,0.49595925925925927,0.49733333333333335,1.0,1.0,0.20718867015163311,0.20718867015163311,True
bp_fs200_signed,/home/test/bupt_hjk/sdp_dataset/xrf55/wifi/03_31_20.npy,1000,float64,0.0,0.5059703703703704,0.5059703703703704,0.5063703703703704,1.0,1.0,0.20319578838097357,0.20319578838097357,True
bp_fs200_signed,/home/test/bupt_hjk/sdp_dataset/xrf55/wifi/03_32_01.npy,1000,float64,0.0,0.5039555555555556,0.5039555555555556,0.5034444444444445,1.0,1.0,0.17667296926556186,0.17667296926556186,True
bp_fs200_signed,/home/test/bupt_hjk/sdp_dataset/xrf55/wifi/03_32_02.npy,1000,float64,0.0,0.508425925925926,0.508425925925926,0.5092666666666666,1.0,1.0,0.16376376376376375,0.16376376376376375,True
bp_fs200_signed,/home/test/bupt_hjk/sdp_dataset/xrf55/wifi/03_32_03.npy,1000,float64,0.0,0.5017037037037037,0.5017037037037037,0.5019111111111111,1.0,1.0,0.17305082860638415,0.17305082860638415,True
bp_fs200_signed,/home/test/bupt_hjk/sdp_dataset/xrf55/wifi/03_32_04.npy,1000,float64,0.0,0.5008481481481482,0.5008481481481482,0.5011703703703704,1.0,1.0,0.17118229340451563,0.17118229340451563,True
bp_fs200_signed,/home/test/bupt_hjk/sdp_dataset/xrf55/wifi/03_32_05.npy,1000,float64,0.0,0.4815888888888889,0.4815888888888889,0.4819925925925926,1.0,1.0,0.17321395469543618,0.17321395469543618,True
bp_fs200_signed,/home/test/bupt_hjk/sdp_dataset/xrf55/wifi/03_32_06.npy,1000,float64,0.0,0.49213703703703704,0.49213703703703704,0.49302962962962965,1.0,1.0,0.16325955585214844,0.16325955585214844,True
bp_fs200_signed,/home/test/bupt_hjk/sdp_dataset/xrf55/wifi/03_32_07.npy,1000,float64,0.0,0.48993703703703706,0.48993703703703706,0.4908222222222222,1.0,1.0,0.16978830682534385,0.16978830682534385,True
bp_fs200_signed,/home/test/bupt_hjk/sdp_dataset/xrf55/wifi/03_32_08.npy,1000,float64,0.0,0.5,0.5,0.5018666666666667,1.0,1.0,0.1568049531012494,0.1568049531012494,True
bp_fs200_signed,/home/test/bupt_hjk/sdp_dataset/xrf55/wifi/03_32_09.npy,1000,float64,0.0,0.5097962962962963,0.5097962962962963,0.5091629629629629,1.0,1.0,0.17108960812664517,0.17108960812664517,True
bp_fs200_signed,/home/test/bupt_hjk/sdp_dataset/xrf55/wifi/03_32_10.npy,1000,float64,0.0,0.5120592592592592,0.5120592592592592,0.5118148148148148,1.0,1.0,0.16044933822711602,0.16044933822711602,True
bp_fs200_signed,/home/test/bupt_hjk/sdp_dataset/xrf55/wifi/03_32_11.npy,1000,float64,0.0,0.4870074074074074,0.4870074074074074,0.487962962962963,1.0,1.0,0.15631186742297853,0.15631186742297853,True
bp_fs200_signed,/home/test/bupt_hjk/sdp_dataset/xrf55/wifi/03_32_12.npy,1000,float64,0.0,0.5247296296296297,0.5247296296296297,0.5251259259259259,1.0,1.0,0.1482779075371668,0.1482779075371668,True
bp_fs200_signed,/home/test/bupt_hjk/sdp_dataset/xrf55/wifi/03_32_13.npy,1000,float64,0.0,0.49693333333333334,0.49693333333333334,0.4965259259259259,1.0,1.0,0.16189522856189523,0.16189522856189523,True
bp_fs200_signed,/home/test/bupt_hjk/sdp_dataset/xrf55/wifi/03_32_14.npy,1000,float64,0.0,0.5101888888888889,0.5101888888888889,0.5094888888888889,1.0,1.0,0.13757461164868573,0.13757461164868573,True
bp_fs200_signed,/home/test/bupt_hjk/sdp_dataset/xrf55/wifi/03_32_15.npy,1000,float64,0.0,0.5187592592592593,0.5187592592592593,0.5196666666666667,1.0,1.0,0.1450969488006525,0.1450969488006525,True
bp_fs200_signed,/home/test/bupt_hjk/sdp_dataset/xrf55/wifi/03_32_16.npy,1000,float64,0.0,0.5032333333333333,0.5032333333333333,0.5032148148148148,1.0,1.0,0.13448263077892708,0.13448263077892708,True
bp_fs200_signed,/home/test/bupt_hjk/sdp_dataset/xrf55/wifi/03_32_17.npy,1000,float64,0.0,0.5032962962962962,0.5032962962962962,0.5031777777777777,1.0,1.0,0.1528269009750491,0.1528269009750491,True
bp_fs200_signed,/home/test/bupt_hjk/sdp_dataset/xrf55/wifi/03_32_18.npy,1000,float64,0.0,0.4980777777777778,0.4980777777777778,0.4979703703703704,1.0,1.0,0.16658139621102583,0.16658139621102583,True
bp_fs200_signed,/home/test/bupt_hjk/sdp_dataset/xrf55/wifi/03_32_19.npy,1000,float64,0.0,0.5056888888888889,0.5056888888888889,0.5051111111111111,1.0,1.0,0.1481555629703778,0.1481555629703778,True
bp_fs200_signed,/home/test/bupt_hjk/sdp_dataset/xrf55/wifi/03_32_20.npy,1000,float64,0.0,0.4877925925925926,0.4877925925925926,0.48785185185185187,1.0,1.0,0.16777889000111224,0.16777889000111224,True
bp_fs200_signed,/home/test/bupt_hjk/sdp_dataset/xrf55/wifi/03_33_01.npy,1000,float64,0.0,0.49805555555555553,0.49805555555555553,0.4987037037037037,1.0,1.0,0.17154932710488266,0.17154932710488266,True
bp_fs200_signed,/home/test/bupt_hjk/sdp_dataset/xrf55/wifi/03_33_02.npy,1000,float64,0.0,0.500337037037037,0.500337037037037,0.4992888888888889,1.0,1.0,0.16816446075705335,0.16816446075705335,True
bp_fs200_signed,/home/test/bupt_hjk/sdp_dataset/xrf55/wifi/03_33_03.npy,1000,float64,0.0,0.5089851851851852,0.5089851851851852,0.5090148148148148,1.0,1.0,0.1758202647091536,0.1758202647091536,True
bp_fs200_signed,/home/test/bupt_hjk/sdp_dataset/xrf55/wifi/03_33_04.npy,1000,float64,0.0,0.5004666666666666,0.5004666666666666,0.5002666666666666,1.0,1.0,0.15087309531753976,0.15087309531753976,True
bp_fs200_signed,/home/test/bupt_hjk/sdp_dataset/xrf55/wifi/03_33_05.npy,1000,float64,0.0,0.5223444444444444,0.5223444444444444,0.5215925925925926,1.0,1.0,0.1539836132428725,0.1539836132428725,True
bp_fs200_signed,/home/test/bupt_hjk/sdp_dataset/xrf55/wifi/03_33_06.npy,1000,float64,0.0,0.5037296296296296,0.5037296296296296,0.5041777777777777,1.0,1.0,0.1446335224113002,0.1446335224113002,True
bp_fs200_signed,/home/test/bupt_hjk/sdp_dataset/xrf55/wifi/03_33_07.npy,1000,float64,0.0,0.5187777777777778,0.5187777777777778,0.5176888888888889,1.0,1.0,0.14970526081637192,0.14970526081637192,True
bp_fs200_signed,/home/test/bupt_hjk/sdp_dataset/xrf55/wifi/03_33_08.npy,1000,float64,0.0,0.5212037037037037,0.5212037037037037,0.5201185185185185,1.0,1.0,0.15205946687428168,0.15205946687428168,True
bp_fs200_signed,/home/test/bupt_hjk/sdp_dataset/xrf55/wifi/03_33_09.npy,1000,float64,0.0,0.4887148148148148,0.4887148148148148,0.4885333333333333,1.0,1.0,0.1479590701812924,0.1479590701812924,True
bp_fs200_signed,/home/test/bupt_hjk/sdp_dataset/xrf55/wifi/03_33_10.npy,1000,float64,0.0,0.4960222222222222,0.4960222222222222,0.49691111111111114,1.0,1.0,0.15595595595595596,0.15595595595595596,True
bp_fs200_signed,/home/test/bupt_hjk/sdp_dataset/xrf55/wifi/03_33_11.npy,1000,float64,0.0,0.5079111111111111,0.5079111111111111,0.5075333333333333,1.0,1.0,0.1537834130426723,0.1537834130426723,True
bp_fs200_signed,/home/test/bupt_hjk/sdp_dataset/xrf55/wifi/03_33_12.npy,1000,float64,0.0,0.4871259259259259,0.4871259259259259,0.48614814814814816,1.0,1.0,0.14972750528306084,0.14972750528306084,True
bp_fs200_signed,/home/test/bupt_hjk/sdp_dataset/xrf55/wifi/03_33_13.npy,1000,float64,0.0,0.5069407407407407,0.5069407407407407,0.5060444444444444,1.0,1.0,0.16038260482704927,0.16038260482704927,True
bp_fs200_signed,/home/test/bupt_hjk/sdp_dataset/xrf55/wifi/03_33_14.npy,1000,float64,0.0,0.5061555555555556,0.5061555555555556,0.5066148148148149,1.0,1.0,0.1592666740814889,0.1592666740814889,True
bp_fs200_signed,/home/test/bupt_hjk/sdp_dataset/xrf55/wifi/03_33_15.npy,1000,float64,0.0,0.5113740740740741,0.5113740740740741,0.5104296296296297,1.0,1.0,0.15138471805138473,0.15138471805138473,True
bp_fs200_signed,/home/test/bupt_hjk/sdp_dataset/xrf55/wifi/03_33_16.npy,1000,float64,0.0,0.5030851851851852,0.5030851851851852,0.5039185185185185,1.0,1.0,0.16656285915545174,0.16656285915545174,True
bp_fs200_signed,/home/test/bupt_hjk/sdp_dataset/xrf55/wifi/03_33_17.npy,1000,float64,0.0,0.5014925925925926,0.5014925925925926,0.5014592592592593,1.0,1.0,0.15824342861379898,0.15824342861379898,True
bp_fs200_signed,/home/test/bupt_hjk/sdp_dataset/xrf55/wifi/03_33_18.npy,1000,float64,0.0,0.5103592592592593,0.5103592592592593,0.5099703703703704,1.0,1.0,0.1515441367293219,0.1515441367293219,True
bp_fs200_signed,/home/test/bupt_hjk/sdp_dataset/xrf55/wifi/03_33_19.npy,1000,float64,0.0,0.5085740740740741,0.5085740740740741,0.5090222222222223,1.0,1.0,0.15066548029510993,0.15066548029510993,True
bp_fs200_signed,/home/test/bupt_hjk/sdp_dataset/xrf55/wifi/03_33_20.npy,1000,float64,0.0,0.5042518518518518,0.5042518518518518,0.5051851851851852,1.0,1.0,0.14172691209728247,0.14172691209728247,True
bp_fs200_signed,/home/test/bupt_hjk/sdp_dataset/xrf55/wifi/03_34_01.npy,1000,float64,0.0,0.5142555555555556,0.5142555555555556,0.5139555555555556,1.0,1.0,0.14493753012271532,0.14493753012271532,True
bp_fs200_signed,/home/test/bupt_hjk/sdp_dataset/xrf55/wifi/03_34_02.npy,1000,float64,0.0,0.49962962962962965,0.49962962962962965,0.4999851851851852,1.0,1.0,0.1247617988358729,0.1247617988358729,True
bp_fs200_signed,/home/test/bupt_hjk/sdp_dataset/xrf55/wifi/03_34_03.npy,1000,float64,0.0,0.49875555555555556,0.49875555555555556,0.5000592592592593,1.0,1.0,0.1421940458977496,0.1421940458977496,True
bp_fs200_signed,/home/test/bupt_hjk/sdp_dataset/xrf55/wifi/03_34_04.npy,1000,float64,0.0,0.4984925925925926,0.4984925925925926,0.4987259259259259,1.0,1.0,0.156445334223112,0.156445334223112,True
bp_fs200_signed,/home/test/bupt_hjk/sdp_dataset/xrf55/wifi/03_34_05.npy,1000,float64,0.0,0.5065185185185185,0.5065185185185185,0.507437037037037,1.0,1.0,0.14267971675379082,0.14267971675379082,True
bp_fs200_signed,/home/test/bupt_hjk/sdp_dataset/xrf55/wifi/03_34_06.npy,1000,float64,0.0,0.49475185185185183,0.49475185185185183,0.49434814814814815,1.0,1.0,0.14613131650168687,0.14613131650168687,True
bp_fs200_signed,/home/test/bupt_hjk/sdp_dataset/xrf55/wifi/03_34_07.npy,1000,float64,0.0,0.49495185185185187,0.49495185185185187,0.4967037037037037,1.0,1.0,0.1483594705816928,0.1483594705816928,True
bp_fs200_signed,/home/test/bupt_hjk/sdp_dataset/xrf55/wifi/03_34_08.npy,1000,float64,0.0,0.5032851851851852,0.5032851851851852,0.5054592592592593,1.0,1.0,0.16962147332517702,0.16962147332517702,True
bp_fs200_signed,/home/test/bupt_hjk/sdp_dataset/xrf55/wifi/03_34_09.npy,1000,float64,0.0,0.4861740740740741,0.4861740740740741,0.48645925925925926,1.0,1.0,0.15255255255255254,0.15255255255255254,True
bp_fs200_signed,/home/test/bupt_hjk/sdp_dataset/xrf55/wifi/03_34_10.npy,1000,float64,0.0,0.49134814814814814,0.49134814814814814,0.491,1.0,1.0,0.16477588699810922,0.16477588699810922,True
bp_fs200_signed,/home/test/bupt_hjk/sdp_dataset/xrf55/wifi/03_34_11.npy,1000,float64,0.0,0.5026111111111111,0.5026111111111111,0.5025481481481482,1.0,1.0,0.11977162347532717,0.11977162347532717,True
bp_fs200_signed,/home/test/bupt_hjk/sdp_dataset/xrf55/wifi/03_34_12.npy,1000,float64,0.0,0.5043481481481481,0.5043481481481481,0.5038962962962963,1.0,1.0,0.14601267934601267,0.14601267934601267,True
bp_fs200_signed,/home/test/bupt_hjk/sdp_dataset/xrf55/wifi/03_34_13.npy,1000,float64,0.0,0.5043962962962963,0.5043962962962963,0.5055407407407407,1.0,1.0,0.13341489637785933,0.13341489637785933,True
bp_fs200_signed,/home/test/bupt_hjk/sdp_dataset/xrf55/wifi/03_34_14.npy,1000,float64,0.0,0.4940888888888889,0.4940888888888889,0.4948222222222222,1.0,1.0,0.16044933822711602,0.16044933822711602,True
bp_fs200_signed,/home/test/bupt_hjk/sdp_dataset/xrf55/wifi/03_34_15.npy,1000,float64,0.0,0.4884925925925926,0.4884925925925926,0.48945185185185186,1.0,1.0,0.14064805546287026,0.14064805546287026,True
bp_fs200_signed,/home/test/bupt_hjk/sdp_dataset/xrf55/wifi/03_34_16.npy,1000,float64,0.0,0.4729703703703704,0.4729703703703704,0.47456296296296296,1.0,1.0,0.12040559077596115,0.12040559077596115,True
bp_fs200_signed,/home/test/bupt_hjk/sdp_dataset/xrf55/wifi/03_34_17.npy,1000,float64,0.0,0.5030518518518519,0.5030518518518519,0.5048888888888889,1.0,1.0,0.12839876913950987,0.12839876913950987,True
bp_fs200_signed,/home/test/bupt_hjk/sdp_dataset/xrf55/wifi/03_34_18.npy,1000,float64,0.0,0.5047888888888888,0.5047888888888888,0.5068296296296296,1.0,1.0,0.14705446186927668,0.14705446186927668,True
bp_fs200_signed,/home/test/bupt_hjk/sdp_dataset/xrf55/wifi/03_34_19.npy,1000,float64,0.0,0.49793333333333334,0.49793333333333334,0.4981259259259259,1.0,1.0,0.15511437363289216,0.15511437363289216,True
bp_fs200_signed,/home/test/bupt_hjk/sdp_dataset/xrf55/wifi/03_34_20.npy,1000,float64,0.0,0.506237037037037,0.506237037037037,0.504762962962963,1.0,1.0,0.14875245615986357,0.14875245615986357,True
bp_fs200_signed,/home/test/bupt_hjk/sdp_dataset/xrf55/wifi/03_35_01.npy,1000,float64,0.0,0.5059925925925925,0.5059925925925925,0.5071407407407408,1.0,1.0,0.13513884254624994,0.13513884254624994,True
bp_fs200_signed,/home/test/bupt_hjk/sdp_dataset/xrf55/wifi/03_35_02.npy,1000,float64,0.0,0.5055777777777778,0.5055777777777778,0.5066592592592593,1.0,1.0,0.1292069847625403,0.1292069847625403,True
bp_fs200_signed,/home/test/bupt_hjk/sdp_dataset/xrf55/wifi/03_35_03.npy,1000,float64,0.0,0.5034481481481482,0.5034481481481482,0.5038370370370371,1.0,1.0,0.1421347273199125,0.1421347273199125,True
bp_fs200_signed,/home/test/bupt_hjk/sdp_dataset/xrf55/wifi/03_35_04.npy,1000,float64,0.0,0.5047037037037037,0.5047037037037037,0.5040592592592592,1.0,1.0,0.1314685055425796,0.1314685055425796,True
bp_fs200_signed,/home/test/bupt_hjk/sdp_dataset/xrf55/wifi/03_35_05.npy,1000,float64,0.0,0.5117555555555555,0.5117555555555555,0.5130814814814815,1.0,1.0,0.13041189337485634,0.13041189337485634,True
bp_fs200_signed,/home/test/bupt_hjk/sdp_dataset/xrf55/wifi/03_35_06.npy,1000,float64,0.0,0.5054888888888889,0.5054888888888889,0.5066518518518518,1.0,1.0,0.12640418195973752,0.12640418195973752,True
bp_fs200_signed,/home/test/bupt_hjk/sdp_dataset/xrf55/wifi/03_35_07.npy,1000,float64,0.0,0.4971259259259259,0.4971259259259259,0.4985703703703704,1.0,1.0,0.1373113854595336,0.1373113854595336,True
bp_fs200_signed,/home/test/bupt_hjk/sdp_dataset/xrf55/wifi/03_35_08.npy,1000,float64,0.0,0.4984296296296296,0.4984296296296296,0.49866666666666665,1.0,1.0,0.1391502613724836,0.1391502613724836,True
bp_fs200_signed,/home/test/bupt_hjk/sdp_dataset/xrf55/wifi/03_35_09.npy,1000,float64,0.0,0.49018518518518517,0.49018518518518517,0.4914148148148148,1.0,1.0,0.13605828050272495,0.13605828050272495,True
bp_fs200_signed,/home/test/bupt_hjk/sdp_dataset/xrf55/wifi/03_35_10.npy,1000,float64,0.0,0.5055111111111111,0.5055111111111111,0.5053111111111112,1.0,1.0,0.12226671115560005,0.12226671115560005,True
bp_fs200_signed,/home/test/bupt_hjk/sdp_dataset/xrf55/wifi/03_35_11.npy,1000,float64,0.0,0.4941185185185185,0.4941185185185185,0.4934222222222222,1.0,1.0,0.11662403143884625,0.11662403143884625,True
bp_fs200_signed,/home/test/bupt_hjk/sdp_dataset/xrf55/wifi/03_35_12.npy,1000,float64,0.0,0.49211481481481484,0.49211481481481484,0.4938,1.0,1.0,0.12154747339932526,0.12154747339932526,True
bp_fs200_signed,/home/test/bupt_hjk/sdp_dataset/xrf55/wifi/03_35_13.npy,1000,float64,0.0,0.4860111111111111,0.4860111111111111,0.48689629629629627,1.0,1.0,0.126741556371186,0.126741556371186,True
bp_fs200_signed,/home/test/bupt_hjk/sdp_dataset/xrf55/wifi/03_35_14.npy,1000,float64,0.0,0.5014925925925926,0.5014925925925926,0.5028962962962963,1.0,1.0,0.12259667074481889,0.12259667074481889,True
bp_fs200_signed,/home/test/bupt_hjk/sdp_dataset/xrf55/wifi/03_35_15.npy,1000,float64,0.0,0.49855555555555553,0.49855555555555553,0.4985777777777778,1.0,1.0,0.12146220294368443,0.12146220294368443,True
bp_fs200_signed,/home/test/bupt_hjk/sdp_dataset/xrf55/wifi/03_35_16.npy,1000,float64,0.0,0.5054148148148148,0.5054148148148148,0.5052518518518518,1.0,1.0,0.1371705038371705,0.1371705038371705,True
bp_fs200_signed,/home/test/bupt_hjk/sdp_dataset/xrf55/wifi/03_35_17.npy,1000,float64,0.0,0.5039037037037037,0.5039037037037037,0.5047481481481482,1.0,1.0,0.1289660030400771,0.1289660030400771,True
bp_fs200_signed,/home/test/bupt_hjk/sdp_dataset/xrf55/wifi/03_35_18.npy,1000,float64,0.0,0.4759333333333333,0.4759333333333333,0.47586666666666666,1.0,1.0,0.1253364475586698,0.1253364475586698,True
bp_fs200_signed,/home/test/bupt_hjk/sdp_dataset/xrf55/wifi/03_35_19.npy,1000,float64,0.0,0.5067074074074074,0.5067074074074074,0.5057851851851852,1.0,1.0,0.13766358951544136,0.13766358951544136,True
bp_fs200_signed,/home/test/bupt_hjk/sdp_dataset/xrf55/wifi/03_35_20.npy,1000,float64,0.0,0.49796296296296294,0.49796296296296294,0.4993925925925926,1.0,1.0,0.12906981055129202,0.12906981055129202,True
bp_fs200_signed,/home/test/bupt_hjk/sdp_dataset/xrf55/wifi/03_36_01.npy,1000,float64,0.0,0.49496666666666667,0.49496666666666667,0.49346666666666666,1.0,1.0,0.16280354428502578,0.16280354428502578,True
bp_fs200_signed,/home/test/bupt_hjk/sdp_dataset/xrf55/wifi/03_36_02.npy,1000,float64,0.0,0.4820037037037037,0.4820037037037037,0.48157037037037037,1.0,1.0,0.15477329181032884,0.15477329181032884,True
bp_fs200_signed,/home/test/bupt_hjk/sdp_dataset/xrf55/wifi/03_36_03.npy,1000,float64,0.0,0.4933148148148148,0.4933148148148148,0.4953037037037037,1.0,1.0,0.15537389241092944,0.15537389241092944,True
bp_fs200_signed,/home/test/bupt_hjk/sdp_dataset/xrf55/wifi/03_36_04.npy,1000,float64,0.0,0.4968962962962963,0.4968962962962963,0.49644444444444447,1.0,1.0,0.15395766136506878,0.15395766136506878,True
bp_fs200_signed,/home/test/bupt_hjk/sdp_dataset/xrf55/wifi/03_36_05.npy,1000,float64,0.0,0.4930481481481481,0.4930481481481481,0.49335555555555555,1.0,1.0,0.1585474363252141,0.1585474363252141,True
bp_fs200_signed,/home/test/bupt_hjk/sdp_dataset/xrf55/wifi/03_36_06.npy,1000,float64,0.0,0.48902962962962965,0.48902962962962965,0.48991111111111113,1.0,1.0,0.16642939235531828,0.16642939235531828,True
bp_fs200_signed,/home/test/bupt_hjk/sdp_dataset/xrf55/wifi/03_36_07.npy,1000,float64,0.0,0.4976814814814815,0.4976814814814815,0.49649629629629627,1.0,1.0,0.15585956326697067,0.15585956326697067,True
bp_fs200_signed,/home/test/bupt_hjk/sdp_dataset/xrf55/wifi/03_36_08.npy,1000,float64,0.0,0.49334074074074075,0.49334074074074075,0.4924,1.0,1.0,0.15967819671523376,0.15967819671523376,True
bp_fs200_signed,/home/test/bupt_hjk/sdp_dataset/xrf55/wifi/03_36_09.npy,1000,float64,0.0,0.47675925925925927,0.47675925925925927,0.4779185185185185,1.0,1.0,0.1572053535016498,0.1572053535016498,True
bp_fs200_signed,/home/test/bupt_hjk/sdp_dataset/xrf55/wifi/03_36_10.npy,1000,float64,0.0,0.4885888888888889,0.4885888888888889,0.48873333333333335,1.0,1.0,0.1610276943610277,0.1610276943610277,True
bp_fs200_signed,/home/test/bupt_hjk/sdp_dataset/xrf55/wifi/03_36_11.npy,1000,float64,0.0,0.4987740740740741,0.4987740740740741,0.49922962962962963,1.0,1.0,0.16686686686686686,0.16686686686686686,True
bp_fs200_signed,/home/test/bupt_hjk/sdp_dataset/xrf55/wifi/03_36_12.npy,1000,float64,0.0,0.49462962962962964,0.49462962962962964,0.4950222222222222,1.0,1.0,0.16122418715011308,0.16122418715011308,True
bp_fs200_signed,/home/test/bupt_hjk/sdp_dataset/xrf55/wifi/03_36_13.npy,1000,float64,0.0,0.4890851851851852,0.4890851851851852,0.4902074074074074,1.0,1.0,0.15835465094724355,0.15835465094724355,True
bp_fs200_signed,/home/test/bupt_hjk/sdp_dataset/xrf55/wifi/03_36_14.npy,1000,float64,0.0,0.49824814814814816,0.49824814814814816,0.4986962962962963,1.0,1.0,0.16298150001853706,0.16298150001853706,True
bp_fs200_signed,/home/test/bupt_hjk/sdp_dataset/xrf55/wifi/03_36_15.npy,1000,float64,0.0,0.5008925925925926,0.5008925925925926,0.5010814814814815,1.0,1.0,0.16462759055351647,0.16462759055351647,True
bp_fs200_signed,/home/test/bupt_hjk/sdp_dataset/xrf55/wifi/03_36_16.npy,1000,float64,0.0,0.5019444444444444,0.5019444444444444,0.5021851851851852,1.0,1.0,0.17668779891002112,0.17668779891002112,True
bp_fs200_signed,/home/test/bupt_hjk/sdp_dataset/xrf55/wifi/03_36_17.npy,1000,float64,0.0,0.49949629629629627,0.49949629629629627,0.4985851851851852,1.0,1.0,0.16268119971823675,0.16268119971823675,True
bp_fs200_signed,/home/test/bupt_hjk/sdp_dataset/xrf55/wifi/03_36_18.npy,1000,float64,0.0,0.5050629629629629,0.5050629629629629,0.5034222222222222,1.0,1.0,0.17076706335965594,0.17076706335965594,True
bp_fs200_signed,/home/test/bupt_hjk/sdp_dataset/xrf55/wifi/03_36_19.npy,1000,float64,0.0,0.49748888888888887,0.49748888888888887,0.49745925925925927,1.0,1.0,0.1642568494420346,0.1642568494420346,True
bp_fs200_signed,/home/test/bupt_hjk/sdp_dataset/xrf55/wifi/03_36_20.npy,1000,float64,0.0,0.49395925925925926,0.49395925925925926,0.49225185185185183,1.0,1.0,0.17148630111593074,0.17148630111593074,True
bp_fs200_signed,/home/test/bupt_hjk/sdp_dataset/xrf55/wifi/03_37_01.npy,1000,float64,0.0,0.4912111111111111,0.4912111111111111,0.49065925925925924,1.0,1.0,0.1718978237496756,0.1718978237496756,True
bp_fs200_signed,/home/test/bupt_hjk/sdp_dataset/xrf55/wifi/03_37_02.npy,1000,float64,0.0,0.5036259259259259,0.5036259259259259,0.5036518518518519,1.0,1.0,0.17573128684239794,0.17573128684239794,True
bp_fs200_signed,/home/test/bupt_hjk/sdp_dataset/xrf55/wifi/03_37_03.npy,1000,float64,0.0,0.5004037037037037,0.5004037037037037,0.501637037037037,1.0,1.0,0.16767878990101212,0.16767878990101212,True
bp_fs200_signed,/home/test/bupt_hjk/sdp_dataset/xrf55/wifi/03_37_04.npy,1000,float64,0.0,0.49402962962962965,0.49402962962962965,0.49294814814814814,1.0,1.0,0.1583694805917028,0.1583694805917028,True
bp_fs200_signed,/home/test/bupt_hjk/sdp_dataset/xrf55/wifi/03_37_05.npy,1000,float64,0.0,0.5062185185185185,0.5062185185185185,0.5077703703703703,1.0,1.0,0.1517814110406703,0.1517814110406703,True
bp_fs200_signed,/home/test/bupt_hjk/sdp_dataset/xrf55/wifi/03_37_06.npy,1000,float64,0.0,0.4885111111111111,0.4885111111111111,0.4894222222222222,1.0,1.0,0.14263522782041302,0.14263522782041302,True
bp_fs200_signed,/home/test/bupt_hjk/sdp_dataset/xrf55/wifi/03_37_07.npy,1000,float64,0.0,0.4960962962962963,0.4960962962962963,0.49721481481481483,1.0,1.0,0.16691877062247432,0.16691877062247432,True
bp_fs200_signed,/home/test/bupt_hjk/sdp_dataset/xrf55/wifi/03_37_08.npy,1000,float64,0.0,0.5034777777777778,0.5034777777777778,0.5021481481481481,1.0,1.0,0.16837207577948318,0.16837207577948318,True
bp_fs200_signed,/home/test/bupt_hjk/sdp_dataset/xrf55/wifi/03_37_09.npy,1000,float64,0.0,0.5039925925925925,0.5039925925925925,0.5024814814814815,1.0,1.0,0.1670114559003448,0.1670114559003448,True
bp_fs200_signed,/home/test/bupt_hjk/sdp_dataset/xrf55/wifi/03_37_10.npy,1000,float64,0.0,0.4831,0.4831,0.48332592592592594,1.0,1.0,0.1420160901642383,0.1420160901642383,True
bp_fs200_signed,/home/test/bupt_hjk/sdp_dataset/xrf55/wifi/03_37_11.npy,1000,float64,0.0,0.48581851851851854,0.48581851851851854,0.4871037037037037,1.0,1.0,0.16516887257628,0.16516887257628,True
bp_fs200_signed,/home/test/bupt_hjk/sdp_dataset/xrf55/wifi/03_37_12.npy,1000,float64,0.0,0.4982259259259259,0.4982259259259259,0.4970888888888889,1.0,1.0,0.1576465354243132,0.1576465354243132,True
bp_fs200_signed,/home/test/bupt_hjk/sdp_dataset/xrf55/wifi/03_37_13.npy,1000,float64,0.0,0.4978592592592593,0.4978592592592593,0.4971925925925926,1.0,1.0,0.14428873317762206,0.14428873317762206,True
bp_fs200_signed,/home/test/bupt_hjk/sdp_dataset/xrf55/wifi/03_37_14.npy,1000,float64,0.0,0.493337037037037,0.493337037037037,0.4927185185185185,1.0,1.0,0.15717940162384605,0.15717940162384605,True
bp_fs200_signed,/home/test/bupt_hjk/sdp_dataset/xrf55/wifi/03_37_15.npy,1000,float64,0.0,0.5008037037037038,0.5008037037037038,0.4984296296296296,1.0,1.0,0.14126348570793015,0.14126348570793015,True
bp_fs200_signed,/home/test/bupt_hjk/sdp_dataset/xrf55/wifi/03_37_16.npy,1000,float64,0.0,0.5148703703703704,0.5148703703703704,0.5154740740740741,1.0,1.0,0.1526637748859971,0.1526637748859971,True
bp_fs200_signed,/home/test/bupt_hjk/sdp_dataset/xrf55/wifi/03_37_17.npy,1000,float64,0.0,0.4992962962962963,0.4992962962962963,0.499,1.0,1.0,0.16976606235865496,0.16976606235865496,True
bp_fs200_signed,/home/test/bupt_hjk/sdp_dataset/xrf55/wifi/03_37_18.npy,1000,float64,0.0,0.4931962962962963,0.4931962962962963,0.4930888888888889,1.0,1.0,0.16533941348756165,0.16533941348756165,True
bp_fs200_signed,/home/test/bupt_hjk/sdp_dataset/xrf55/wifi/03_37_19.npy,1000,float64,0.0,0.5040037037037037,0.5040037037037037,0.5034666666666666,1.0,1.0,0.1897897897897898,0.1897897897897898,True
bp_fs200_signed,/home/test/bupt_hjk/sdp_dataset/xrf55/wifi/03_37_20.npy,1000,float64,0.0,0.4996481481481482,0.4996481481481482,0.49894074074074074,1.0,1.0,0.17773699625551478,0.17773699625551478,True
bp_fs200_signed,/home/test/bupt_hjk/sdp_dataset/xrf55/wifi/03_38_01.npy,1000,float64,0.0,0.5046407407407407,0.5046407407407407,0.5038666666666667,1.0,1.0,0.14411077744411077,0.14411077744411077,True
bp_fs200_signed,/home/test/bupt_hjk/sdp_dataset/xrf55/wifi/03_38_02.npy,1000,float64,0.0,0.4970851851851852,0.4970851851851852,0.4981333333333333,1.0,1.0,0.14638342045749453,0.14638342045749453,True
bp_fs200_signed,/home/test/bupt_hjk/sdp_dataset/xrf55/wifi/03_38_03.npy,1000,float64,0.0,0.5029333333333333,0.5029333333333333,0.502562962962963,1.0,1.0,0.13808623438253068,0.13808623438253068,True
bp_fs200_signed,/home/test/bupt_hjk/sdp_dataset/xrf55/wifi/03_38_04.npy,1000,float64,0.0,0.4854851851851852,0.4854851851851852,0.4865037037037037,1.0,1.0,0.13079746413079746,0.13079746413079746,True
bp_fs200_signed,/home/test/bupt_hjk/sdp_dataset/xrf55/wifi/03_38_05.npy,1000,float64,0.0,0.4837,0.4837,0.4842962962962963,1.0,1.0,0.1328847365884403,0.1328847365884403,True
bp_fs200_signed,/home/test/bupt_hjk/sdp_dataset/xrf55/wifi/03_38_06.npy,1000,float64,0.0,0.5001851851851852,0.5001851851851852,0.5014074074074074,1.0,1.0,0.13195788380973567,0.13195788380973567,True
bp_fs200_signed,/home/test/bupt_hjk/sdp_dataset/xrf55/wifi/03_38_07.npy,1000,float64,0.0,0.5068592592592592,0.5068592592592592,0.5073925925925926,1.0,1.0,0.15084343602862121,0.15084343602862121,True
bp_fs200_signed,/home/test/bupt_hjk/sdp_dataset/xrf55/wifi/03_38_08.npy,1000,float64,0.0,0.5018037037037038,0.5018037037037038,0.5017555555555555,1.0,1.0,0.1383902420939458,0.1383902420939458,True
bp_fs200_signed,/home/test/bupt_hjk/sdp_dataset/xrf55/wifi/03_38_09.npy,1000,float64,0.0,0.49511481481481484,0.49511481481481484,0.49431851851851855,1.0,1.0,0.1492381270159048,0.1492381270159048,True
bp_fs200_signed,/home/test/bupt_hjk/sdp_dataset/xrf55/wifi/03_38_10.npy,1000,float64,0.0,0.4991777777777778,0.4991777777777778,0.4984296296296296,1.0,1.0,0.1479405331257183,0.1479405331257183,True
bp_fs200_signed,/home/test/bupt_hjk/sdp_dataset/xrf55/wifi/03_38_11.npy,1000,float64,0.0,0.4945777777777778,0.4945777777777778,0.49402962962962965,1.0,1.0,0.14924924924924926,0.14924924924924926,True
bp_fs200_signed,/home/test/bupt_hjk/sdp_dataset/xrf55/wifi/03_38_12.npy,1000,float64,0.0,0.49482592592592595,0.49482592592592595,0.4957925925925926,1.0,1.0,0.15399844288733178,0.15399844288733178,True
bp_fs200_signed,/home/test/bupt_hjk/sdp_dataset/xrf55/wifi/03_38_13.npy,1000,float64,0.0,0.4876333333333333,0.4876333333333333,0.48894814814814813,1.0,1.0,0.13860156452749045,0.13860156452749045,True
bp_fs200_signed,/home/test/bupt_hjk/sdp_dataset/xrf55/wifi/03_38_14.npy,1000,float64,0.0,0.4947259259259259,0.4947259259259259,0.49494074074074074,1.0,1.0,0.15321617914210506,0.15321617914210506,True
bp_fs200_signed,/home/test/bupt_hjk/sdp_dataset/xrf55/wifi/03_38_15.npy,1000,float64,0.0,0.5048888888888889,0.5048888888888889,0.5040518518518519,1.0,1.0,0.14351759166573982,0.14351759166573982,True
bp_fs200_signed,/home/test/bupt_hjk/sdp_dataset/xrf55/wifi/03_38_16.npy,1000,float64,0.0,0.4906111111111111,0.4906111111111111,0.4924296296296296,1.0,1.0,0.14001779557335112,0.14001779557335112,True
bp_fs200_signed,/home/test/bupt_hjk/sdp_dataset/xrf55/wifi/03_38_17.npy,1000,float64,0.0,0.5047925925925926,0.5047925925925926,0.5047555555555555,1.0,1.0,0.15472880287695104,0.15472880287695104,True
bp_fs200_signed,/home/test/bupt_hjk/sdp_dataset/xrf55/wifi/03_38_18.npy,1000,float64,0.0,0.5002481481481481,0.5002481481481481,0.5004,1.0,1.0,0.14348793237682125,0.14348793237682125,True
bp_fs200_signed,/home/test/bupt_hjk/sdp_dataset/xrf55/wifi/03_38_19.npy,1000,float64,0.0,0.5036037037037037,0.5036037037037037,0.5025407407407407,1.0,1.0,0.140592444296148,0.140592444296148,True
bp_fs200_signed,/home/test/bupt_hjk/sdp_dataset/xrf55/wifi/03_38_20.npy,1000,float64,0.0,0.506437037037037,0.506437037037037,0.5052962962962962,1.0,1.0,0.1375857338820302,0.1375857338820302,True
bp_fs200_signed,/home/test/bupt_hjk/sdp_dataset/xrf55/wifi/03_39_01.npy,1000,float64,0.0,0.4922814814814815,0.4922814814814815,0.4928814814814815,1.0,1.0,0.12214436658881103,0.12214436658881103,True
bp_fs200_signed,/home/test/bupt_hjk/sdp_dataset/xrf55/wifi/03_39_02.npy,1000,float64,0.0,0.48782592592592594,0.48782592592592594,0.4875407407407407,1.0,1.0,0.11796240685129573,0.11796240685129573,True
bp_fs200_signed,/home/test/bupt_hjk/sdp_dataset/xrf55/wifi/03_39_03.npy,1000,float64,0.0,0.4950703703703704,0.4950703703703704,0.4958,1.0,1.0,0.12607051495940386,0.12607051495940386,True
bp_fs200_signed,/home/test/bupt_hjk/sdp_dataset/xrf55/wifi/03_39_04.npy,1000,float64,0.0,0.49798148148148147,0.49798148148148147,0.49806666666666666,1.0,1.0,0.12006821636451266,0.12006821636451266,True
bp_fs200_signed,/home/test/bupt_hjk/sdp_dataset/xrf55/wifi/03_39_05.npy,1000,float64,0.0,0.5033592592592593,0.5033592592592593,0.5027185185185186,1.0,1.0,0.1245801356912468,0.1245801356912468,True
bp_fs200_signed,/home/test/bupt_hjk/sdp_dataset/xrf55/wifi/03_39_06.npy,1000,float64,0.0,0.4945962962962963,0.4945962962962963,0.4943925925925926,1.0,1.0,0.11150780410039669,0.11150780410039669,True
bp_fs200_signed,/home/test/bupt_hjk/sdp_dataset/xrf55/wifi/03_39_07.npy,1000,float64,0.0,0.4947962962962963,0.4947962962962963,0.4950074074074074,1.0,1.0,0.12368294220146071,0.12368294220146071,True
bp_fs200_signed,/home/test/bupt_hjk/sdp_dataset/xrf55/wifi/03_39_08.npy,1000,float64,0.0,0.4880555555555556,0.4880555555555556,0.4886814814814815,1.0,1.0,0.11573054536017499,0.11573054536017499,True
bp_fs200_signed,/home/test/bupt_hjk/sdp_dataset/xrf55/wifi/03_39_09.npy,1000,float64,0.0,0.49784074074074075,0.49784074074074075,0.4982888888888889,1.0,1.0,0.11908945983020057,0.11908945983020057,True
bp_fs200_signed,/home/test/bupt_hjk/sdp_dataset/xrf55/wifi/03_39_10.npy,1000,float64,0.0,0.48643333333333333,0.48643333333333333,0.48689629629629627,1.0,1.0,0.11498164831498164,0.11498164831498164,True
bp_fs200_signed,/home/test/bupt_hjk/sdp_dataset/xrf55/wifi/03_39_11.npy,1000,float64,0.0,0.4985185185185185,0.4985185185185185,0.4995777777777778,1.0,1.0,0.1167537908278649,0.1167537908278649,True
bp_fs200_signed,/home/test/bupt_hjk/sdp_dataset/xrf55/wifi/03_39_12.npy,1000,float64,0.0,0.48134074074074074,0.48134074074074074,0.48158518518518517,1.0,1.0,0.12505468431394356,0.12505468431394356,True
bp_fs200_signed,/home/test/bupt_hjk/sdp_dataset/xrf55/wifi/03_39_13.npy,1000,float64,0.0,0.5037111111111111,0.5037111111111111,0.5044740740740741,1.0,1.0,0.1173543914284655,0.1173543914284655,True
bp_fs200_signed,/home/test/bupt_hjk/sdp_dataset/xrf55/wifi/03_39_14.npy,1000,float64,0.0,0.4963888888888889,0.4963888888888889,0.49661481481481484,1.0,1.0,0.12717532347161978,0.12717532347161978,True
bp_fs200_signed,/home/test/bupt_hjk/sdp_dataset/xrf55/wifi/03_39_15.npy,1000,float64,0.0,0.48362222222222223,0.48362222222222223,0.48414814814814816,1.0,1.0,0.12316019723427131,0.12316019723427131,True
bp_fs200_signed,/home/test/bupt_hjk/sdp_dataset/xrf55/wifi/03_39_16.npy,1000,float64,0.0,0.4853777777777778,0.4853777777777778,0.4861037037037037,1.0,1.0,0.12874726578430282,0.12874726578430282,True
bp_fs200_signed,/home/test/bupt_hjk/sdp_dataset/xrf55/wifi/03_39_17.npy,1000,float64,0.0,0.49294074074074073,0.49294074074074073,0.49322222222222223,1.0,1.0,0.1273199125050977,0.1273199125050977,True
bp_fs200_signed,/home/test/bupt_hjk/sdp_dataset/xrf55/wifi/03_39_18.npy,1000,float64,0.0,0.4976851851851852,0.4976851851851852,0.49806666666666666,1.0,1.0,0.12134727319912506,0.12134727319912506,True
bp_fs200_signed,/home/test/bupt_hjk/sdp_dataset/xrf55/wifi/03_39_19.npy,1000,float64,0.0,0.4955148148148148,0.4955148148148148,0.4964296296296296,1.0,1.0,0.11542283023764505,0.11542283023764505,True
bp_fs200_signed,/home/test/bupt_hjk/sdp_dataset/xrf55/wifi/03_39_20.npy,1000,float64,0.0,0.5049444444444444,0.5049444444444444,0.5049111111111111,1.0,1.0,0.1318244170096022,0.1318244170096022,True
bp_fs200_signed,/home/test/bupt_hjk/sdp_dataset/xrf55/wifi/03_40_01.npy,1000,float64,0.0,0.5049222222222223,0.5049222222222223,0.5048370370370371,1.0,1.0,0.16600674748822897,0.16600674748822897,True
bp_fs200_signed,/home/test/bupt_hjk/sdp_dataset/xrf55/wifi/03_40_02.npy,1000,float64,0.0,0.5051111111111111,0.5051111111111111,0.5045777777777778,1.0,1.0,0.16153931709487265,0.16153931709487265,True
bp_fs200_signed,/home/test/bupt_hjk/sdp_dataset/xrf55/wifi/03_40_03.npy,1000,float64,0.0,0.5101888888888889,0.5101888888888889,0.5092518518518518,1.0,1.0,0.15574834093352613,0.15574834093352613,True
bp_fs200_signed,/home/test/bupt_hjk/sdp_dataset/xrf55/wifi/03_40_04.npy,1000,float64,0.0,0.5130814814814815,0.5130814814814815,0.5130370370370371,1.0,1.0,0.16788640492344195,0.16788640492344195,True
bp_fs200_signed,/home/test/bupt_hjk/sdp_dataset/xrf55/wifi/03_40_05.npy,1000,float64,0.0,0.5003074074074074,0.5003074074074074,0.49874814814814816,1.0,1.0,0.16241426611796983,0.16241426611796983,True
bp_fs200_signed,/home/test/bupt_hjk/sdp_dataset/xrf55/wifi/03_40_06.npy,1000,float64,0.0,0.5052,0.5052,0.5054444444444445,1.0,1.0,0.1570422274125978,0.1570422274125978,True
bp_fs200_signed,/home/test/bupt_hjk/sdp_dataset/xrf55/wifi/03_40_07.npy,1000,float64,0.0,0.49324814814814816,0.49324814814814816,0.4939037037037037,1.0,1.0,0.16218811403996589,0.16218811403996589,True
bp_fs200_signed,/home/test/bupt_hjk/sdp_dataset/xrf55/wifi/03_40_08.npy,1000,float64,0.0,0.507462962962963,0.507462962962963,0.5087111111111111,1.0,1.0,0.14183071960849739,0.14183071960849739,True
bp_fs200_signed,/home/test/bupt_hjk/sdp_dataset/xrf55/wifi/03_40_09.npy,1000,float64,0.0,0.4872518518518518,0.4872518518518518,0.4883037037037037,1.0,1.0,0.14391057724391057,0.14391057724391057,True
bp_fs200_signed,/home/test/bupt_hjk/sdp_dataset/xrf55/wifi/03_40_10.npy,1000,float64,0.0,0.493062962962963,0.493062962962963,0.4930962962962963,1.0,1.0,0.1332072813554295,0.1332072813554295,True
bp_fs200_signed,/home/test/bupt_hjk/sdp_dataset/xrf55/wifi/03_40_11.npy,1000,float64,0.0,0.5095888888888889,0.5095888888888889,0.5108222222222222,1.0,1.0,0.15396878359841323,0.15396878359841323,True
bp_fs200_signed,/home/test/bupt_hjk/sdp_dataset/xrf55/wifi/03_40_12.npy,1000,float64,0.0,0.5064111111111111,0.5064111111111111,0.5042962962962962,1.0,1.0,0.1471582693804916,0.1471582693804916,True
bp_fs200_signed,/home/test/bupt_hjk/sdp_dataset/xrf55/wifi/03_40_13.npy,1000,float64,0.0,0.502662962962963,0.502662962962963,0.5005259259259259,1.0,1.0,0.16912468023579136,0.16912468023579136,True
bp_fs200_signed,/home/test/bupt_hjk/sdp_dataset/xrf55/wifi/03_40_14.npy,1000,float64,0.0,0.5017407407407407,0.5017407407407407,0.5013481481481481,1.0,1.0,0.15955214473732993,0.15955214473732993,True
bp_fs200_signed,/home/test/bupt_hjk/sdp_dataset/xrf55/wifi/03_40_15.npy,1000,float64,0.0,0.4844222222222222,0.4844222222222222,0.4850148148148148,1.0,1.0,0.1479776072368665,0.1479776072368665,True
bp_fs200_signed,/home/test/bupt_hjk/sdp_dataset/xrf55/wifi/03_40_16.npy,1000,float64,0.0,0.4913925925925926,0.4913925925925926,0.49173333333333336,1.0,1.0,0.14939383828272718,0.14939383828272718,True
bp_fs200_signed,/home/test/bupt_hjk/sdp_dataset/xrf55/wifi/03_40_17.npy,1000,float64,0.0,0.4962740740740741,0.4962740740740741,0.49746666666666667,1.0,1.0,0.14617209802394987,0.14617209802394987,True
bp_fs200_signed,/home/test/bupt_hjk/sdp_dataset/xrf55/wifi/03_40_18.npy,1000,float64,0.0,0.5001333333333333,0.5001333333333333,0.49894074074074074,1.0,1.0,0.1550253957661365,0.1550253957661365,True
bp_fs200_signed,/home/test/bupt_hjk/sdp_dataset/xrf55/wifi/03_40_19.npy,1000,float64,0.0,0.4936888888888889,0.4936888888888889,0.49306666666666665,1.0,1.0,0.13714825937048158,0.13714825937048158,True
bp_fs200_signed,/home/test/bupt_hjk/sdp_dataset/xrf55/wifi/03_40_20.npy,1000,float64,0.0,0.4843851851851852,0.4843851851851852,0.48462222222222223,1.0,1.0,0.14418863307752197,0.14418863307752197,True
bp_fs200_signed,/home/test/bupt_hjk/sdp_dataset/xrf55/wifi/03_41_01.npy,1000,float64,0.0,0.5001111111111111,0.5001111111111111,0.5004,1.0,1.0,0.16035665294924553,0.16035665294924553,True
bp_fs200_signed,/home/test/bupt_hjk/sdp_dataset/xrf55/wifi/03_41_02.npy,1000,float64,0.0,0.5063185185185185,0.5063185185185185,0.5046814814814815,1.0,1.0,0.15390575760946132,0.15390575760946132,True
bp_fs200_signed,/home/test/bupt_hjk/sdp_dataset/xrf55/wifi/03_41_03.npy,1000,float64,0.0,0.5187703703703703,0.5187703703703703,0.5180962962962963,1.0,1.0,0.15948170392614838,0.15948170392614838,True
bp_fs200_signed,/home/test/bupt_hjk/sdp_dataset/xrf55/wifi/03_41_04.npy,1000,float64,0.0,0.4951185185185185,0.4951185185185185,0.49545925925925927,1.0,1.0,0.151236421606792,0.151236421606792,True
bp_fs200_signed,/home/test/bupt_hjk/sdp_dataset/xrf55/wifi/03_41_05.npy,1000,float64,0.0,0.4931185185185185,0.4931185185185185,0.4929703703703704,1.0,1.0,0.14852630408185963,0.14852630408185963,True
bp_fs200_signed,/home/test/bupt_hjk/sdp_dataset/xrf55/wifi/03_41_06.npy,1000,float64,0.0,0.49905925925925926,0.49905925925925926,0.4982814814814815,1.0,1.0,0.13284024765506247,0.13284024765506247,True
bp_fs200_signed,/home/test/bupt_hjk/sdp_dataset/xrf55/wifi/03_41_07.npy,1000,float64,0.0,0.49364444444444444,0.49364444444444444,0.49307407407407405,1.0,1.0,0.1490008527045564,0.1490008527045564,True
bp_fs200_signed,/home/test/bupt_hjk/sdp_dataset/xrf55/wifi/03_41_08.npy,1000,float64,0.0,0.5030296296296296,0.5030296296296296,0.5025555555555555,1.0,1.0,0.14558261965669372,0.14558261965669372,True
bp_fs200_signed,/home/test/bupt_hjk/sdp_dataset/xrf55/wifi/03_41_09.npy,1000,float64,0.0,0.5094518518518518,0.5094518518518518,0.5088962962962963,1.0,1.0,0.15006487969450932,0.15006487969450932,True
bp_fs200_signed,/home/test/bupt_hjk/sdp_dataset/xrf55/wifi/03_41_10.npy,1000,float64,0.0,0.49791111111111114,0.49791111111111114,0.4988518518518518,1.0,1.0,0.13860527193860528,0.13860527193860528,True
bp_fs200_signed,/home/test/bupt_hjk/sdp_dataset/xrf55/wifi/03_41_11.npy,1000,float64,0.0,0.4947888888888889,0.4947888888888889,0.4974,1.0,1.0,0.1587698809921032,0.1587698809921032,True
bp_fs200_signed,/home/test/bupt_hjk/sdp_dataset/xrf55/wifi/03_41_12.npy,1000,float64,0.0,0.49384074074074075,0.49384074074074075,0.4959925925925926,1.0,1.0,0.14894524153783412,0.14894524153783412,True
bp_fs200_signed,/home/test/bupt_hjk/sdp_dataset/xrf55/wifi/03_41_13.npy,1000,float64,0.0,0.49785555555555555,0.49785555555555555,0.4971185185185185,1.0,1.0,0.15712008304600897,0.15712008304600897,True
bp_fs200_signed,/home/test/bupt_hjk/sdp_dataset/xrf55/wifi/03_41_14.npy,1000,float64,0.0,0.4910814814814815,0.4910814814814815,0.49119259259259257,1.0,1.0,0.14790716642568494,0.14790716642568494,True
bp_fs200_signed,/home/test/bupt_hjk/sdp_dataset/xrf55/wifi/03_41_15.npy,1000,float64,0.0,0.4967037037037037,0.4967037037037037,0.4972,1.0,1.0,0.14240907574240907,0.14240907574240907,True
bp_fs200_signed,/home/test/bupt_hjk/sdp_dataset/xrf55/wifi/03_41_16.npy,1000,float64,0.0,0.4996,0.4996,0.4998,1.0,1.0,0.14650205761316873,0.14650205761316873,True
bp_fs200_signed,/home/test/bupt_hjk/sdp_dataset/xrf55/wifi/03_41_17.npy,1000,float64,0.0,0.49595185185185187,0.49595185185185187,0.49705925925925926,1.0,1.0,0.1540837133429726,0.1540837133429726,True
bp_fs200_signed,/home/test/bupt_hjk/sdp_dataset/xrf55/wifi/03_41_18.npy,1000,float64,0.0,0.5037,0.5037,0.5052148148148148,1.0,1.0,0.1471582693804916,0.1471582693804916,True
bp_fs200_signed,/home/test/bupt_hjk/sdp_dataset/xrf55/wifi/03_41_19.npy,1000,float64,0.0,0.5065592592592593,0.5065592592592593,0.5067703703703703,1.0,1.0,0.13129796463129798,0.13129796463129798,True
bp_fs200_signed,/home/test/bupt_hjk/sdp_dataset/xrf55/wifi/03_41_20.npy,1000,float64,0.0,0.48413333333333336,0.48413333333333336,0.48472592592592595,1.0,1.0,0.1428168909650391,0.1428168909650391,True
bp_fs200_signed,/home/test/bupt_hjk/sdp_dataset/xrf55/wifi/03_42_01.npy,1000,float64,0.0,0.4955222222222222,0.4955222222222222,0.4951111111111111,1.0,1.0,0.18017276535795054,0.18017276535795054,True
bp_fs200_signed,/home/test/bupt_hjk/sdp_dataset/xrf55/wifi/03_42_02.npy,1000,float64,0.0,0.5026,0.5026,0.5018666666666667,1.0,1.0,0.15994513031550067,0.15994513031550067,True
bp_fs200_signed,/home/test/bupt_hjk/sdp_dataset/xrf55/wifi/03_42_03.npy,1000,float64,0.0,0.5077555555555555,0.5077555555555555,0.5070740740740741,1.0,1.0,0.1659733807881956,0.1659733807881956,True
bp_fs200_signed,/home/test/bupt_hjk/sdp_dataset/xrf55/wifi/03_42_04.npy,1000,float64,0.0,0.514237037037037,0.514237037037037,0.5140740740740741,1.0,1.0,0.16294071849627406,0.16294071849627406,True
bp_fs200_signed,/home/test/bupt_hjk/sdp_dataset/xrf55/wifi/03_42_05.npy,1000,float64,0.0,0.5074296296296297,0.5074296296296297,0.5072,1.0,1.0,0.1728802876951025,0.1728802876951025,True
bp_fs200_signed,/home/test/bupt_hjk/sdp_dataset/xrf55/wifi/03_42_06.npy,1000,float64,0.0,0.4962111111111111,0.4962111111111111,0.4985851851851852,1.0,1.0,0.162288214140066,0.162288214140066,True
bp_fs200_signed,/home/test/bupt_hjk/sdp_dataset/xrf55/wifi/03_42_07.npy,1000,float64,0.0,0.5074296296296297,0.5074296296296297,0.507874074074074,1.0,1.0,0.16945834723612502,0.16945834723612502,True
bp_fs200_signed,/home/test/bupt_hjk/sdp_dataset/xrf55/wifi/03_42_08.npy,1000,float64,0.0,0.5017074074074074,0.5017074074074074,0.5014444444444445,1.0,1.0,0.16882437993549104,0.16882437993549104,True
bp_fs200_signed,/home/test/bupt_hjk/sdp_dataset/xrf55/wifi/03_42_09.npy,1000,float64,0.0,0.5026037037037037,0.5026037037037037,0.5033555555555556,1.0,1.0,0.16404923441960478,0.16404923441960478,True
bp_fs200_signed,/home/test/bupt_hjk/sdp_dataset/xrf55/wifi/03_42_10.npy,1000,float64,0.0,0.49427777777777776,0.49427777777777776,0.4944222222222222,1.0,1.0,0.1602306009713417,0.1602306009713417,True
bp_fs200_signed,/home/test/bupt_hjk/sdp_dataset/xrf55/wifi/03_42_11.npy,1000,float64,0.0,0.4832518518518519,0.4832518518518519,0.4825259259259259,1.0,1.0,0.19047936825714604,0.19047936825714604,True
bp_fs200_signed,/home/test/bupt_hjk/sdp_dataset/xrf55/wifi/03_42_12.npy,1000,float64,0.0,0.5000888888888889,0.5000888888888889,0.4987185185185185,1.0,1.0,0.18576354131909686,0.18576354131909686,True
bp_fs200_signed,/home/test/bupt_hjk/sdp_dataset/xrf55/wifi/03_42_13.npy,1000,float64,0.0,0.5254925925925926,0.5254925925925926,0.5270962962962963,1.0,1.0,0.17450413376339302,0.17450413376339302,True
bp_fs200_signed,/home/test/bupt_hjk/sdp_dataset/xrf55/wifi/03_42_14.npy,1000,float64,0.0,0.4954703703703704,0.4954703703703704,0.4965185185185185,1.0,1.0,0.16728209691172655,0.16728209691172655,True
bp_fs200_signed,/home/test/bupt_hjk/sdp_dataset/xrf55/wifi/03_42_15.npy,1000,float64,0.0,0.5084851851851852,0.5084851851851852,0.5095777777777778,1.0,1.0,0.17275052830608387,0.17275052830608387,True
bp_fs200_signed,/home/test/bupt_hjk/sdp_dataset/xrf55/wifi/03_42_16.npy,1000,float64,0.0,0.5079444444444444,0.5079444444444444,0.507125925925926,1.0,1.0,0.1838060282504727,0.1838060282504727,True
bp_fs200_signed,/home/test/bupt_hjk/sdp_dataset/xrf55/wifi/03_42_17.npy,1000,float64,0.0,0.4870703703703704,0.4870703703703704,0.4874,1.0,1.0,0.1608497386275164,0.1608497386275164,True
bp_fs200_signed,/home/test/bupt_hjk/sdp_dataset/xrf55/wifi/03_42_18.npy,1000,float64,0.0,0.4990962962962963,0.4990962962962963,0.49820740740740743,1.0,1.0,0.15621918214510808,0.15621918214510808,True
bp_fs200_signed,/home/test/bupt_hjk/sdp_dataset/xrf55/wifi/03_42_19.npy,1000,float64,0.0,0.5083185185185185,0.5083185185185185,0.509,1.0,1.0,0.16620324027731434,0.16620324027731434,True
bp_fs200_signed,/home/test/bupt_hjk/sdp_dataset/xrf55/wifi/03_42_20.npy,1000,float64,0.0,0.5123666666666666,0.5123666666666666,0.5132814814814814,1.0,1.0,0.1771030289548808,0.1771030289548808,True
bp_fs200_signed,/home/test/bupt_hjk/sdp_dataset/xrf55/wifi/03_43_01.npy,1000,float64,0.0,0.49641111111111114,0.49641111111111114,0.49646666666666667,1.0,1.0,0.21614948281614949,0.21614948281614949,True
bp_fs200_signed,/home/test/bupt_hjk/sdp_dataset/xrf55/wifi/03_43_02.npy,1000,float64,0.0,0.5068814814814815,0.5068814814814815,0.5063111111111112,1.0,1.0,0.23578763949134318,0.23578763949134318,True
bp_fs200_signed,/home/test/bupt_hjk/sdp_dataset/xrf55/wifi/03_43_03.npy,1000,float64,0.0,0.5147407407407407,0.5147407407407407,0.5147481481481482,1.0,1.0,0.225822118414711,0.225822118414711,True
bp_fs200_signed,/home/test/bupt_hjk/sdp_dataset/xrf55/wifi/03_43_04.npy,1000,float64,0.0,0.5040037037037037,0.5040037037037037,0.5055925925925926,1.0,1.0,0.22540318095873652,0.22540318095873652,True
bp_fs200_signed,/home/test/bupt_hjk/sdp_dataset/xrf55/wifi/03_43_05.npy,1000,float64,0.0,0.49637037037037035,0.49637037037037035,0.4951185185185185,1.0,1.0,0.22637823008193378,0.22637823008193378,True
bp_fs200_signed,/home/test/bupt_hjk/sdp_dataset/xrf55/wifi/03_43_06.npy,1000,float64,0.0,0.49316666666666664,0.49316666666666664,0.4920962962962963,1.0,1.0,0.23033033033033032,0.23033033033033032,True
bp_fs200_signed,/home/test/bupt_hjk/sdp_dataset/xrf55/wifi/03_43_07.npy,1000,float64,0.0,0.5003518518518518,0.5003518518518518,0.5008296296296296,1.0,1.0,0.23132762392021652,0.23132762392021652,True
bp_fs200_signed,/home/test/bupt_hjk/sdp_dataset/xrf55/wifi/03_43_08.npy,1000,float64,0.0,0.4956814814814815,0.4956814814814815,0.4951259259259259,1.0,1.0,0.23599525451377304,0.23599525451377304,True
bp_fs200_signed,/home/test/bupt_hjk/sdp_dataset/xrf55/wifi/03_43_09.npy,1000,float64,0.0,0.49472962962962963,0.49472962962962963,0.4954296296296296,1.0,1.0,0.2476773069365662,0.2476773069365662,True
bp_fs200_signed,/home/test/bupt_hjk/sdp_dataset/xrf55/wifi/03_43_10.npy,1000,float64,0.0,0.501874074074074,0.501874074074074,0.5037555555555555,1.0,1.0,0.22301560820079339,0.22301560820079339,True
bp_fs200_signed,/home/test/bupt_hjk/sdp_dataset/xrf55/wifi/03_43_11.npy,1000,float64,0.0,0.5013740740740741,0.5013740740740741,0.5017259259259259,1.0,1.0,0.20833426018611204,0.20833426018611204,True
bp_fs200_signed,/home/test/bupt_hjk/sdp_dataset/xrf55/wifi/03_43_12.npy,1000,float64,0.0,0.5022925925925926,0.5022925925925926,0.5033777777777778,1.0,1.0,0.23877952026100174,0.23877952026100174,True
bp_fs200_signed,/home/test/bupt_hjk/sdp_dataset/xrf55/wifi/03_43_13.npy,1000,float64,0.0,0.499,0.499,0.5001185185185185,1.0,1.0,0.23940236532829126,0.23940236532829126,True
bp_fs200_signed,/home/test/bupt_hjk/sdp_dataset/xrf55/wifi/03_43_14.npy,1000,float64,0.0,0.5032222222222222,0.5032222222222222,0.5035777777777778,1.0,1.0,0.24086308530752976,0.24086308530752976,True
bp_fs200_signed,/home/test/bupt_hjk/sdp_dataset/xrf55/wifi/03_43_15.npy,1000,float64,0.0,0.4983888888888889,0.4983888888888889,0.4997111111111111,1.0,1.0,0.23673302932562193,0.23673302932562193,True
bp_fs200_signed,/home/test/bupt_hjk/sdp_dataset/xrf55/wifi/03_43_16.npy,1000,float64,0.0,0.5097037037037037,0.5097037037037037,0.5087333333333334,1.0,1.0,0.22675267860453047,0.22675267860453047,True
bp_fs200_signed,/home/test/bupt_hjk/sdp_dataset/xrf55/wifi/03_43_17.npy,1000,float64,0.0,0.5141851851851852,0.5141851851851852,0.5133777777777778,1.0,1.0,0.22357171986801616,0.22357171986801616,True
bp_fs200_signed,/home/test/bupt_hjk/sdp_dataset/xrf55/wifi/03_43_18.npy,1000,float64,0.0,0.5037888888888888,0.5037888888888888,0.5030592592592592,1.0,1.0,0.20677714751788825,0.20677714751788825,True
bp_fs200_signed,/home/test/bupt_hjk/sdp_dataset/xrf55/wifi/03_43_19.npy,1000,float64,0.0,0.5021592592592593,0.5021592592592593,0.5032296296296296,1.0,1.0,0.23371148926704483,0.23371148926704483,True
bp_fs200_signed,/home/test/bupt_hjk/sdp_dataset/xrf55/wifi/03_43_20.npy,1000,float64,0.0,0.5004740740740741,0.5004740740740741,0.5013185185185185,1.0,1.0,0.2151521892262633,0.2151521892262633,True
bp_fs200_signed,/home/test/bupt_hjk/sdp_dataset/xrf55/wifi/03_44_01.npy,1000,float64,0.0,0.4944851851851852,0.4944851851851852,0.4944148148148148,1.0,1.0,0.18689800912023133,0.18689800912023133,True
bp_fs200_signed,/home/test/bupt_hjk/sdp_dataset/xrf55/wifi/03_44_02.npy,1000,float64,0.0,0.4967962962962963,0.4967962962962963,0.4988148148148148,1.0,1.0,0.20441923404886367,0.20441923404886367,True
bp_fs200_signed,/home/test/bupt_hjk/sdp_dataset/xrf55/wifi/03_44_03.npy,1000,float64,0.0,0.501637037037037,0.501637037037037,0.5021629629629629,1.0,1.0,0.21372112853594336,0.21372112853594336,True
bp_fs200_signed,/home/test/bupt_hjk/sdp_dataset/xrf55/wifi/03_44_04.npy,1000,float64,0.0,0.5125111111111111,0.5125111111111111,0.5113851851851852,1.0,1.0,0.20441923404886367,0.20441923404886367,True
bp_fs200_signed,/home/test/bupt_hjk/sdp_dataset/xrf55/wifi/03_44_05.npy,1000,float64,0.0,0.49867407407407405,0.49867407407407405,0.49977777777777777,1.0,1.0,0.18527787046305566,0.18527787046305566,True
bp_fs200_signed,/home/test/bupt_hjk/sdp_dataset/xrf55/wifi/03_44_06.npy,1000,float64,0.0,0.502,0.502,0.5044444444444445,1.0,1.0,0.18697586475364253,0.18697586475364253,True
bp_fs200_signed,/home/test/bupt_hjk/sdp_dataset/xrf55/wifi/03_44_07.npy,1000,float64,0.0,0.5041481481481481,0.5041481481481481,0.5051407407407408,1.0,1.0,0.21217513810106403,0.21217513810106403,True
bp_fs200_signed,/home/test/bupt_hjk/sdp_dataset/xrf55/wifi/03_44_08.npy,1000,float64,0.0,0.4944222222222222,0.4944222222222222,0.4957259259259259,1.0,1.0,0.19385681978274572,0.19385681978274572,True
bp_fs200_signed,/home/test/bupt_hjk/sdp_dataset/xrf55/wifi/03_44_09.npy,1000,float64,0.0,0.5106925925925926,0.5106925925925926,0.5110370370370371,1.0,1.0,0.20643606569532497,0.20643606569532497,True
bp_fs200_signed,/home/test/bupt_hjk/sdp_dataset/xrf55/wifi/03_44_10.npy,1000,float64,0.0,0.5063925925925926,0.5063925925925926,0.5064962962962963,1.0,1.0,0.22052793534275017,0.22052793534275017,True
bp_fs200_signed,/home/test/bupt_hjk/sdp_dataset/xrf55/wifi/03_44_11.npy,1000,float64,0.0,0.5049481481481481,0.5049481481481481,0.5041185185185185,1.0,1.0,0.21181922663404146,0.21181922663404146,True
bp_fs200_signed,/home/test/bupt_hjk/sdp_dataset/xrf55/wifi/03_44_12.npy,1000,float64,0.0,0.5112592592592593,0.5112592592592593,0.5109481481481482,1.0,1.0,0.21624587550513477,0.21624587550513477,True
bp_fs200_signed,/home/test/bupt_hjk/sdp_dataset/xrf55/wifi/03_44_13.npy,1000,float64,0.0,0.5085185185185185,0.5085185185185185,0.5090592592592592,1.0,1.0,0.21283505727950172,0.21283505727950172,True
bp_fs200_signed,/home/test/bupt_hjk/sdp_dataset/xrf55/wifi/03_44_14.npy,1000,float64,0.0,0.5068555555555555,0.5068555555555555,0.5074074074074074,1.0,1.0,0.2127720312905498,0.2127720312905498,True
bp_fs200_signed,/home/test/bupt_hjk/sdp_dataset/xrf55/wifi/03_44_15.npy,1000,float64,0.0,0.507425925925926,0.507425925925926,0.5070962962962963,1.0,1.0,0.19704148593037482,0.19704148593037482,True
bp_fs200_signed,/home/test/bupt_hjk/sdp_dataset/xrf55/wifi/03_44_16.npy,1000,float64,0.0,0.5059703703703704,0.5059703703703704,0.5074148148148148,1.0,1.0,0.2043673302932562,0.2043673302932562,True
bp_fs200_signed,/home/test/bupt_hjk/sdp_dataset/xrf55/wifi/03_44_17.npy,1000,float64,0.0,0.4995777777777778,0.4995777777777778,0.49994814814814814,1.0,1.0,0.20002595187780373,0.20002595187780373,True
bp_fs200_signed,/home/test/bupt_hjk/sdp_dataset/xrf55/wifi/03_44_18.npy,1000,float64,0.0,0.5029777777777777,0.5029777777777777,0.5029037037037037,1.0,1.0,0.20056723390056724,0.20056723390056724,True
bp_fs200_signed,/home/test/bupt_hjk/sdp_dataset/xrf55/wifi/03_44_19.npy,1000,float64,0.0,0.4986481481481482,0.4986481481481482,0.5003185185185185,1.0,1.0,0.1976791606421236,0.1976791606421236,True
bp_fs200_signed,/home/test/bupt_hjk/sdp_dataset/xrf55/wifi/03_44_20.npy,1000,float64,0.0,0.5031333333333333,0.5031333333333333,0.5041777777777777,1.0,1.0,0.19250361472583694,0.19250361472583694,True
bp_fs200_signed,/home/test/bupt_hjk/sdp_dataset/xrf55/wifi/03_45_01.npy,1000,float64,0.0,0.5064148148148148,0.5064148148148148,0.5062148148148148,1.0,1.0,0.13775627479331182,0.13775627479331182,True
bp_fs200_signed,/home/test/bupt_hjk/sdp_dataset/xrf55/wifi/03_45_02.npy,1000,float64,0.0,0.5133518518518518,0.5133518518518518,0.514325925925926,1.0,1.0,0.15365365365365366,0.15365365365365366,True
bp_fs200_signed,/home/test/bupt_hjk/sdp_dataset/xrf55/wifi/03_45_03.npy,1000,float64,0.0,0.501537037037037,0.501537037037037,0.5020666666666667,1.0,1.0,0.15283060838616394,0.15283060838616394,True
bp_fs200_signed,/home/test/bupt_hjk/sdp_dataset/xrf55/wifi/03_45_04.npy,1000,float64,0.0,0.4955333333333333,0.4955333333333333,0.4956,1.0,1.0,0.13195046898750604,0.13195046898750604,True
bp_fs200_signed,/home/test/bupt_hjk/sdp_dataset/xrf55/wifi/03_45_05.npy,1000,float64,0.0,0.4898148148148148,0.4898148148148148,0.4916888888888889,1.0,1.0,0.14168242316390464,0.14168242316390464,True
bp_fs200_signed,/home/test/bupt_hjk/sdp_dataset/xrf55/wifi/03_45_06.npy,1000,float64,0.0,0.4938962962962963,0.4938962962962963,0.49248888888888886,1.0,1.0,0.1545397249100953,0.1545397249100953,True
bp_fs200_signed,/home/test/bupt_hjk/sdp_dataset/xrf55/wifi/03_45_07.npy,1000,float64,0.0,0.5045148148148149,0.5045148148148149,0.5038888888888889,1.0,1.0,0.13982501019538057,0.13982501019538057,True
bp_fs200_signed,/home/test/bupt_hjk/sdp_dataset/xrf55/wifi/03_45_08.npy,1000,float64,0.0,0.5066333333333334,0.5066333333333334,0.5071407407407408,1.0,1.0,0.14395135876617357,0.14395135876617357,True
bp_fs200_signed,/home/test/bupt_hjk/sdp_dataset/xrf55/wifi/03_45_09.npy,1000,float64,0.0,0.5094407407407407,0.5094407407407407,0.5099111111111111,1.0,1.0,0.13514254995736477,0.13514254995736477,True
bp_fs200_signed,/home/test/bupt_hjk/sdp_dataset/xrf55/wifi/03_45_10.npy,1000,float64,0.0,0.4973666666666667,0.4973666666666667,0.49777777777777776,1.0,1.0,0.12939235531828125,0.12939235531828125,True
bp_fs200_signed,/home/test/bupt_hjk/sdp_dataset/xrf55/wifi/03_45_11.npy,1000,float64,0.0,0.514774074074074,0.514774074074074,0.5147185185185185,1.0,1.0,0.1296852407963519,0.1296852407963519,True
bp_fs200_signed,/home/test/bupt_hjk/sdp_dataset/xrf55/wifi/03_45_12.npy,1000,float64,0.0,0.49885555555555555,0.49885555555555555,0.49948148148148147,1.0,1.0,0.13114966818670523,0.13114966818670523,True
bp_fs200_signed,/home/test/bupt_hjk/sdp_dataset/xrf55/wifi/03_45_13.npy,1000,float64,0.0,0.49246296296296294,0.49246296296296294,0.4935703703703704,1.0,1.0,0.13218403588773958,0.13218403588773958,True
bp_fs200_signed,/home/test/bupt_hjk/sdp_dataset/xrf55/wifi/03_45_14.npy,1000,float64,0.0,0.5041333333333333,0.5041333333333333,0.5044,1.0,1.0,0.15094724353983613,0.15094724353983613,True
bp_fs200_signed,/home/test/bupt_hjk/sdp_dataset/xrf55/wifi/03_45_15.npy,1000,float64,0.0,0.4980888888888889,0.4980888888888889,0.4977037037037037,1.0,1.0,0.13866459051644237,0.13866459051644237,True
bp_fs200_signed,/home/test/bupt_hjk/sdp_dataset/xrf55/wifi/03_45_16.npy,1000,float64,0.0,0.4887888888888889,0.4887888888888889,0.49018518518518517,1.0,1.0,0.13371148926704482,0.13371148926704482,True
bp_fs200_signed,/home/test/bupt_hjk/sdp_dataset/xrf55/wifi/03_45_17.npy,1000,float64,0.0,0.5054555555555555,0.5054555555555555,0.5064518518518518,1.0,1.0,0.1229785340896452,0.1229785340896452,True
bp_fs200_signed,/home/test/bupt_hjk/sdp_dataset/xrf55/wifi/03_45_18.npy,1000,float64,0.0,0.49732592592592595,0.49732592592592595,0.49845925925925927,1.0,1.0,0.13035257479701925,0.13035257479701925,True
bp_fs200_signed,/home/test/bupt_hjk/sdp_dataset/xrf55/wifi/03_45_19.npy,1000,float64,0.0,0.5067888888888888,0.5067888888888888,0.5072222222222222,1.0,1.0,0.13125718310903495,0.13125718310903495,True
bp_fs200_signed,/home/test/bupt_hjk/sdp_dataset/xrf55/wifi/03_45_20.npy,1000,float64,0.0,0.5016962962962963,0.5016962962962963,0.5010518518518519,1.0,1.0,0.12331220108997887,0.12331220108997887,True
bp_fs200_signed,/home/test/bupt_hjk/sdp_dataset/xrf55/wifi/03_46_01.npy,1000,float64,0.0,0.5035925925925926,0.5035925925925926,0.5033851851851852,1.0,1.0,0.19814629444259074,0.19814629444259074,True
bp_fs200_signed,/home/test/bupt_hjk/sdp_dataset/xrf55/wifi/03_46_02.npy,1000,float64,0.0,0.49955185185185186,0.49955185185185186,0.4985777777777778,1.0,1.0,0.17738849961072184,0.17738849961072184,True
bp_fs200_signed,/home/test/bupt_hjk/sdp_dataset/xrf55/wifi/03_46_03.npy,1000,float64,0.0,0.5015148148148149,0.5015148148148149,0.5013037037037037,1.0,1.0,0.19601082564045527,0.19601082564045527,True
bp_fs200_signed,/home/test/bupt_hjk/sdp_dataset/xrf55/wifi/03_46_04.npy,1000,float64,0.0,0.5128666666666667,0.5128666666666667,0.5140962962962963,1.0,1.0,0.1945352760167575,0.1945352760167575,True
bp_fs200_signed,/home/test/bupt_hjk/sdp_dataset/xrf55/wifi/03_46_05.npy,1000,float64,0.0,0.4968,0.4968,0.4963037037037037,1.0,1.0,0.22172542913283655,0.22172542913283655,True
bp_fs200_signed,/home/test/bupt_hjk/sdp_dataset/xrf55/wifi/03_46_06.npy,1000,float64,0.0,0.4979925925925926,0.4979925925925926,0.4982888888888889,1.0,1.0,0.19542876209542875,0.19542876209542875,True
bp_fs200_signed,/home/test/bupt_hjk/sdp_dataset/xrf55/wifi/03_46_07.npy,1000,float64,0.0,0.504362962962963,0.504362962962963,0.5080370370370371,1.0,1.0,0.2093093093093093,0.2093093093093093,True
bp_fs200_signed,/home/test/bupt_hjk/sdp_dataset/xrf55/wifi/03_46_08.npy,1000,float64,0.0,0.4861111111111111,0.4861111111111111,0.48634074074074074,1.0,1.0,0.1975419864308753,0.1975419864308753,True
bp_fs200_signed,/home/test/bupt_hjk/sdp_dataset/xrf55/wifi/03_46_09.npy,1000,float64,0.0,0.4917740740740741,0.4917740740740741,0.49419259259259257,1.0,1.0,0.19921402884365846,0.19921402884365846,True
bp_fs200_signed,/home/test/bupt_hjk/sdp_dataset/xrf55/wifi/03_46_10.npy,1000,float64,0.0,0.4930407407407407,0.4930407407407407,0.49165925925925924,1.0,1.0,0.19275942609275942,0.19275942609275942,True
bp_fs200_signed,/home/test/bupt_hjk/sdp_dataset/xrf55/wifi/03_46_11.npy,1000,float64,0.0,0.4966407407407407,0.4966407407407407,0.4978962962962963,1.0,1.0,0.20212434656879102,0.20212434656879102,True
bp_fs200_signed,/home/test/bupt_hjk/sdp_dataset/xrf55/wifi/03_46_12.npy,1000,float64,0.0,0.49614814814814817,0.49614814814814817,0.4963851851851852,1.0,1.0,0.17745894042190338,0.17745894042190338,True
bp_fs200_signed,/home/test/bupt_hjk/sdp_dataset/xrf55/wifi/03_46_13.npy,1000,float64,0.0,0.5137037037037037,0.5137037037037037,0.5129555555555556,1.0,1.0,0.18491454417380343,0.18491454417380343,True
bp_fs200_signed,/home/test/bupt_hjk/sdp_dataset/xrf55/wifi/03_46_14.npy,1000,float64,0.0,0.5094444444444445,0.5094444444444445,0.5098370370370371,1.0,1.0,0.19499128758388018,0.19499128758388018,True
bp_fs200_signed,/home/test/bupt_hjk/sdp_dataset/xrf55/wifi/03_46_15.npy,1000,float64,0.0,0.5036555555555555,0.5036555555555555,0.5044592592592593,1.0,1.0,0.16221777332888443,0.16221777332888443,True
bp_fs200_signed,/home/test/bupt_hjk/sdp_dataset/xrf55/wifi/03_46_16.npy,1000,float64,0.0,0.5019259259259259,0.5019259259259259,0.5028962962962963,1.0,1.0,0.16980313646980313,0.16980313646980313,True
bp_fs200_signed,/home/test/bupt_hjk/sdp_dataset/xrf55/wifi/03_46_17.npy,1000,float64,0.0,0.5099444444444444,0.5099444444444444,0.5115037037037037,1.0,1.0,0.16986986986986988,0.16986986986986988,True
bp_fs200_signed,/home/test/bupt_hjk/sdp_dataset/xrf55/wifi/03_46_18.npy,1000,float64,0.0,0.5116703703703703,0.5116703703703703,0.5129111111111111,1.0,1.0,0.16013791569347124,0.16013791569347124,True
bp_fs200_signed,/home/test/bupt_hjk/sdp_dataset/xrf55/wifi/03_46_19.npy,1000,float64,0.0,0.5033518518518518,0.5033518518518518,0.5043407407407408,1.0,1.0,0.18347606866125385,0.18347606866125385,True
bp_fs200_signed,/home/test/bupt_hjk/sdp_dataset/xrf55/wifi/03_46_20.npy,1000,float64,0.0,0.49974074074074076,0.49974074074074076,0.5000592592592593,1.0,1.0,0.17167167167167166,0.17167167167167166,True
bp_fs200_signed,/home/test/bupt_hjk/sdp_dataset/xrf55/wifi/03_47_01.npy,1000,float64,0.0,0.5065925925925926,0.5065925925925926,0.506874074074074,1.0,1.0,0.18186334482630778,0.18186334482630778,True
bp_fs200_signed,/home/test/bupt_hjk/sdp_dataset/xrf55/wifi/03_47_02.npy,1000,float64,0.0,0.5195222222222222,0.5195222222222222,0.5197777777777778,1.0,1.0,0.19332295258221185,0.19332295258221185,True
bp_fs200_signed,/home/test/bupt_hjk/sdp_dataset/xrf55/wifi/03_47_03.npy,1000,float64,0.0,0.5030481481481481,0.5030481481481481,0.5031407407407408,1.0,1.0,0.21149297445593743,0.21149297445593743,True
bp_fs200_signed,/home/test/bupt_hjk/sdp_dataset/xrf55/wifi/03_47_04.npy,1000,float64,0.0,0.49626296296296296,0.49626296296296296,0.49644444444444447,1.0,1.0,0.18505542579616654,0.18505542579616654,True
bp_fs200_signed,/home/test/bupt_hjk/sdp_dataset/xrf55/wifi/03_47_05.npy,1000,float64,0.0,0.5006703703703703,0.5006703703703703,0.5024592592592593,1.0,1.0,0.21187483780076372,0.21187483780076372,True
bp_fs200_signed,/home/test/bupt_hjk/sdp_dataset/xrf55/wifi/03_47_06.npy,1000,float64,0.0,0.49883333333333335,0.49883333333333335,0.5006074074074074,1.0,1.0,0.18988618247877506,0.18988618247877506,True
bp_fs200_signed,/home/test/bupt_hjk/sdp_dataset/xrf55/wifi/03_47_07.npy,1000,float64,0.0,0.49684074074074075,0.49684074074074075,0.49794074074074074,1.0,1.0,0.1889926964001038,0.1889926964001038,True
bp_fs200_signed,/home/test/bupt_hjk/sdp_dataset/xrf55/wifi/03_47_08.npy,1000,float64,0.0,0.47642222222222225,0.47642222222222225,0.4756518518518518,1.0,1.0,0.18073999925851778,0.18073999925851778,True
bp_fs200_signed,/home/test/bupt_hjk/sdp_dataset/xrf55/wifi/03_47_09.npy,1000,float64,0.0,0.5124,0.5124,0.5120148148148148,1.0,1.0,0.1782449115782449,0.1782449115782449,True
bp_fs200_signed,/home/test/bupt_hjk/sdp_dataset/xrf55/wifi/03_47_10.npy,1000,float64,0.0,0.5074888888888889,0.5074888888888889,0.5082444444444445,1.0,1.0,0.165087309531754,0.165087309531754,True
bp_fs200_signed,/home/test/bupt_hjk/sdp_dataset/xrf55/wifi/03_47_11.npy,1000,float64,0.0,0.5126888888888889,0.5126888888888889,0.5139925925925926,1.0,1.0,0.19059800541282024,0.19059800541282024,True
bp_fs200_signed,/home/test/bupt_hjk/sdp_dataset/xrf55/wifi/03_47_12.npy,1000,float64,0.0,0.5016148148148148,0.5016148148148148,0.5004740740740741,1.0,1.0,0.18396173951729508,0.18396173951729508,True
bp_fs200_signed,/home/test/bupt_hjk/sdp_dataset/xrf55/wifi/03_47_13.npy,1000,float64,0.0,0.48814444444444444,0.48814444444444444,0.48862222222222224,1.0,1.0,0.1678752826900975,0.1678752826900975,True
bp_fs200_signed,/home/test/bupt_hjk/sdp_dataset/xrf55/wifi/03_47_14.npy,1000,float64,0.0,0.5013,0.5013,0.5028666666666667,1.0,1.0,0.1788825862899937,0.1788825862899937,True
bp_fs200_signed,/home/test/bupt_hjk/sdp_dataset/xrf55/wifi/03_47_15.npy,1000,float64,0.0,0.5034185185185185,0.5034185185185185,0.5037555555555555,1.0,1.0,0.16504282059837616,0.16504282059837616,True
bp_fs200_signed,/home/test/bupt_hjk/sdp_dataset/xrf55/wifi/03_47_16.npy,1000,float64,0.0,0.5130037037037037,0.5130037037037037,0.5132074074074074,1.0,1.0,0.17732918103288473,0.17732918103288473,True
bp_fs200_signed,/home/test/bupt_hjk/sdp_dataset/xrf55/wifi/03_47_17.npy,1000,float64,0.0,0.5135222222222222,0.5135222222222222,0.513562962962963,1.0,1.0,0.1778222667111556,0.1778222667111556,True
bp_fs200_signed,/home/test/bupt_hjk/sdp_dataset/xrf55/wifi/03_47_18.npy,1000,float64,0.0,0.5096111111111111,0.5096111111111111,0.511,1.0,1.0,0.14222370518666816,0.14222370518666816,True
bp_fs200_signed,/home/test/bupt_hjk/sdp_dataset/xrf55/wifi/03_47_19.npy,1000,float64,0.0,0.5011740740740741,0.5011740740740741,0.5013703703703704,1.0,1.0,0.1660364067771475,0.1660364067771475,True
bp_fs200_signed,/home/test/bupt_hjk/sdp_dataset/xrf55/wifi/03_47_20.npy,1000,float64,0.0,0.49607407407407406,0.49607407407407406,0.4947925925925926,1.0,1.0,0.16596225855485114,0.16596225855485114,True
bp_fs200_signed,/home/test/bupt_hjk/sdp_dataset/xrf55/wifi/03_48_01.npy,1000,float64,0.0,0.5076555555555555,0.5076555555555555,0.5085037037037037,1.0,1.0,0.1490379268157046,0.1490379268157046,True
bp_fs200_signed,/home/test/bupt_hjk/sdp_dataset/xrf55/wifi/03_48_02.npy,1000,float64,0.0,0.5000555555555556,0.5000555555555556,0.5015259259259259,1.0,1.0,0.1459570681792904,0.1459570681792904,True
bp_fs200_signed,/home/test/bupt_hjk/sdp_dataset/xrf55/wifi/03_48_03.npy,1000,float64,0.0,0.4954037037037037,0.4954037037037037,0.49533333333333335,1.0,1.0,0.13612130649167686,0.13612130649167686,True
bp_fs200_signed,/home/test/bupt_hjk/sdp_dataset/xrf55/wifi/03_48_04.npy,1000,float64,0.0,0.5068074074074074,0.5068074074074074,0.5083851851851852,1.0,1.0,0.14028102176250323,0.14028102176250323,True
bp_fs200_signed,/home/test/bupt_hjk/sdp_dataset/xrf55/wifi/03_48_05.npy,1000,float64,0.0,0.5048814814814815,0.5048814814814815,0.5055851851851851,1.0,1.0,0.13137582026470915,0.13137582026470915,True
bp_fs200_signed,/home/test/bupt_hjk/sdp_dataset/xrf55/wifi/03_48_06.npy,1000,float64,0.0,0.4986,0.4986,0.4995037037037037,1.0,1.0,0.13015237459681905,0.13015237459681905,True
bp_fs200_signed,/home/test/bupt_hjk/sdp_dataset/xrf55/wifi/03_48_07.npy,1000,float64,0.0,0.4943851851851852,0.4943851851851852,0.49602962962962965,1.0,1.0,0.14201979757535313,0.14201979757535313,True
bp_fs200_signed,/home/test/bupt_hjk/sdp_dataset/xrf55/wifi/03_48_08.npy,1000,float64,0.0,0.4980111111111111,0.4980111111111111,0.49745185185185187,1.0,1.0,0.13682200719237755,0.13682200719237755,True
bp_fs200_signed,/home/test/bupt_hjk/sdp_dataset/xrf55/wifi/03_48_09.npy,1000,float64,0.0,0.5012518518518518,0.5012518518518518,0.5004666666666666,1.0,1.0,0.14088532977421866,0.14088532977421866,True
bp_fs200_signed,/home/test/bupt_hjk/sdp_dataset/xrf55/wifi/03_48_10.npy,1000,float64,0.0,0.48332592592592594,0.48332592592592594,0.48431111111111114,1.0,1.0,0.13583954324695066,0.13583954324695066,True
bp_fs200_signed,/home/test/bupt_hjk/sdp_dataset/xrf55/wifi/03_48_11.npy,1000,float64,0.0,0.49655555555555553,0.49655555555555553,0.4975777777777778,1.0,1.0,0.1413153894635376,0.1413153894635376,True
bp_fs200_signed,/home/test/bupt_hjk/sdp_dataset/xrf55/wifi/03_48_12.npy,1000,float64,0.0,0.4787,0.4787,0.47962962962962963,1.0,1.0,0.1400474548622697,0.1400474548622697,True
bp_fs200_signed,/home/test/bupt_hjk/sdp_dataset/xrf55/wifi/03_48_13.npy,1000,float64,0.0,0.5078333333333334,0.5078333333333334,0.509637037037037,1.0,1.0,0.13672190709227747,0.13672190709227747,True
bp_fs200_signed,/home/test/bupt_hjk/sdp_dataset/xrf55/wifi/03_48_14.npy,1000,float64,0.0,0.4952259259259259,0.4952259259259259,0.4952888888888889,1.0,1.0,0.13754124494865236,0.13754124494865236,True
bp_fs200_signed,/home/test/bupt_hjk/sdp_dataset/xrf55/wifi/03_48_15.npy,1000,float64,0.0,0.495837037037037,0.495837037037037,0.49532592592592595,1.0,1.0,0.14395135876617357,0.14395135876617357,True
bp_fs200_signed,/home/test/bupt_hjk/sdp_dataset/xrf55/wifi/03_48_16.npy,1000,float64,0.0,0.49714444444444444,0.49714444444444444,0.4980962962962963,1.0,1.0,0.13567270974678383,0.13567270974678383,True
bp_fs200_signed,/home/test/bupt_hjk/sdp_dataset/xrf55/wifi/03_48_17.npy,1000,float64,0.0,0.48935185185185187,0.48935185185185187,0.4902666666666667,1.0,1.0,0.13181700218737255,0.13181700218737255,True
bp_fs200_signed,/home/test/bupt_hjk/sdp_dataset/xrf55/wifi/03_48_18.npy,1000,float64,0.0,0.49916666666666665,0.49916666666666665,0.5004444444444445,1.0,1.0,0.1223186149112075,0.1223186149112075,True
bp_fs200_signed,/home/test/bupt_hjk/sdp_dataset/xrf55/wifi/03_48_19.npy,1000,float64,0.0,0.506737037037037,0.506737037037037,0.5076222222222222,1.0,1.0,0.11099247395543692,0.11099247395543692,True
bp_fs200_signed,/home/test/bupt_hjk/sdp_dataset/xrf55/wifi/03_48_20.npy,1000,float64,0.0,0.4989296296296296,0.4989296296296296,0.49863703703703705,1.0,1.0,0.1155525896266637,0.1155525896266637,True
bp_fs200_signed,/home/test/bupt_hjk/sdp_dataset/xrf55/wifi/03_49_01.npy,1000,float64,0.0,0.5123703703703704,0.5123703703703704,0.5115703703703703,1.0,1.0,0.15615615615615616,0.15615615615615616,True
bp_fs200_signed,/home/test/bupt_hjk/sdp_dataset/xrf55/wifi/03_49_02.npy,1000,float64,0.0,0.5025666666666667,0.5025666666666667,0.502674074074074,1.0,1.0,0.14533793052311572,0.14533793052311572,True
bp_fs200_signed,/home/test/bupt_hjk/sdp_dataset/xrf55/wifi/03_49_03.npy,1000,float64,0.0,0.4780740740740741,0.4780740740740741,0.4779407407407407,1.0,1.0,0.15286768249731214,0.15286768249731214,True
bp_fs200_signed,/home/test/bupt_hjk/sdp_dataset/xrf55/wifi/03_49_04.npy,1000,float64,0.0,0.49646296296296294,0.49646296296296294,0.497162962962963,1.0,1.0,0.1566269973677381,0.1566269973677381,True
bp_fs200_signed,/home/test/bupt_hjk/sdp_dataset/xrf55/wifi/03_49_05.npy,1000,float64,0.0,0.49485555555555555,0.49485555555555555,0.49502962962962965,1.0,1.0,0.14915656397137877,0.14915656397137877,True
bp_fs200_signed,/home/test/bupt_hjk/sdp_dataset/xrf55/wifi/03_49_06.npy,1000,float64,0.0,0.5116888888888889,0.5116888888888889,0.5118148148148148,1.0,1.0,0.1568420272123976,0.1568420272123976,True
bp_fs200_signed,/home/test/bupt_hjk/sdp_dataset/xrf55/wifi/03_49_07.npy,1000,float64,0.0,0.5013555555555556,0.5013555555555556,0.49995555555555554,1.0,1.0,0.14821488154821488,0.14821488154821488,True
bp_fs200_signed,/home/test/bupt_hjk/sdp_dataset/xrf55/wifi/03_49_08.npy,1000,float64,0.0,0.49415555555555557,0.49415555555555557,0.4946074074074074,1.0,1.0,0.15431728024320618,0.15431728024320618,True
bp_fs200_signed,/home/test/bupt_hjk/sdp_dataset/xrf55/wifi/03_49_09.npy,1000,float64,0.0,0.5059444444444444,0.5059444444444444,0.5055703703703703,1.0,1.0,0.12955177399621845,0.12955177399621845,True
bp_fs200_signed,/home/test/bupt_hjk/sdp_dataset/xrf55/wifi/03_49_10.npy,1000,float64,0.0,0.5133518518518518,0.5133518518518518,0.514437037037037,1.0,1.0,0.14246097949801653,0.14246097949801653,True
bp_fs200_signed,/home/test/bupt_hjk/sdp_dataset/xrf55/wifi/03_49_11.npy,1000,float64,0.0,0.5159814814814815,0.5159814814814815,0.5167925925925926,1.0,1.0,0.1479182886590294,0.1479182886590294,True
bp_fs200_signed,/home/test/bupt_hjk/sdp_dataset/xrf55/wifi/03_49_12.npy,1000,float64,0.0,0.5049666666666667,0.5049666666666667,0.5070666666666667,1.0,1.0,0.1483186890594298,0.1483186890594298,True
bp_fs200_signed,/home/test/bupt_hjk/sdp_dataset/xrf55/wifi/03_49_13.npy,1000,float64,0.0,0.4985888888888889,0.4985888888888889,0.49694814814814814,1.0,1.0,0.14278352426500573,0.14278352426500573,True
bp_fs200_signed,/home/test/bupt_hjk/sdp_dataset/xrf55/wifi/03_49_14.npy,1000,float64,0.0,0.49783333333333335,0.49783333333333335,0.49792592592592594,1.0,1.0,0.14557891224557892,0.14557891224557892,True
bp_fs200_signed,/home/test/bupt_hjk/sdp_dataset/xrf55/wifi/03_49_15.npy,1000,float64,0.0,0.4998074074074074,0.4998074074074074,0.5011629629629629,1.0,1.0,0.14557891224557892,0.14557891224557892,True
bp_fs200_signed,/home/test/bupt_hjk/sdp_dataset/xrf55/wifi/03_49_16.npy,1000,float64,0.0,0.49987777777777775,0.49987777777777775,0.5008222222222222,1.0,1.0,0.13577651725799875,0.13577651725799875,True
bp_fs200_signed,/home/test/bupt_hjk/sdp_dataset/xrf55/wifi/03_49_17.npy,1000,float64,0.0,0.4881037037037037,0.4881037037037037,0.4901037037037037,1.0,1.0,0.13439736032328625,0.13439736032328625,True
bp_fs200_signed,/home/test/bupt_hjk/sdp_dataset/xrf55/wifi/03_49_18.npy,1000,float64,0.0,0.5055962962962963,0.5055962962962963,0.5037555555555555,1.0,1.0,0.13923923923923923,0.13923923923923923,True
bp_fs200_signed,/home/test/bupt_hjk/sdp_dataset/xrf55/wifi/03_49_19.npy,1000,float64,0.0,0.49294444444444446,0.49294444444444446,0.4938,1.0,1.0,0.14382901419938457,0.14382901419938457,True
bp_fs200_signed,/home/test/bupt_hjk/sdp_dataset/xrf55/wifi/03_49_20.npy,1000,float64,0.0,0.5111444444444444,0.5111444444444444,0.5110222222222223,1.0,1.0,0.14416268119971823,0.14416268119971823,True
bp_fs200_signed,/home/test/bupt_hjk/sdp_dataset/xrf55/wifi/03_50_01.npy,1000,float64,0.0,0.5043074074074074,0.5043074074074074,0.505437037037037,1.0,1.0,0.17330663997330664,0.17330663997330664,True
bp_fs200_signed,/home/test/bupt_hjk/sdp_dataset/xrf55/wifi/03_50_02.npy,1000,float64,0.0,0.4976814814814815,0.4976814814814815,0.4965185185185185,1.0,1.0,0.13930597263930597,0.13930597263930597,True
bp_fs200_signed,/home/test/bupt_hjk/sdp_dataset/xrf55/wifi/03_50_03.npy,1000,float64,0.0,0.5183148148148148,0.5183148148148148,0.5191777777777777,1.0,1.0,0.16554702850999148,0.16554702850999148,True
bp_fs200_signed,/home/test/bupt_hjk/sdp_dataset/xrf55/wifi/03_50_04.npy,1000,float64,0.0,0.5133481481481481,0.5133481481481481,0.5140740740740741,1.0,1.0,0.16231787342898454,0.16231787342898454,True
bp_fs200_signed,/home/test/bupt_hjk/sdp_dataset/xrf55/wifi/03_50_05.npy,1000,float64,0.0,0.5049555555555556,0.5049555555555556,0.5055851851851851,1.0,1.0,0.1549660771882994,0.1549660771882994,True
bp_fs200_signed,/home/test/bupt_hjk/sdp_dataset/xrf55/wifi/03_50_06.npy,1000,float64,0.0,0.4951074074074074,0.4951074074074074,0.49607407407407406,1.0,1.0,0.1666332999666333,0.1666332999666333,True
bp_fs200_signed,/home/test/bupt_hjk/sdp_dataset/xrf55/wifi/03_50_07.npy,1000,float64,0.0,0.5047925925925926,0.5047925925925926,0.5046592592592593,1.0,1.0,0.17705854002150298,0.17705854002150298,True
bp_fs200_signed,/home/test/bupt_hjk/sdp_dataset/xrf55/wifi/03_50_08.npy,1000,float64,0.0,0.49755925925925926,0.49755925925925926,0.49765925925925925,1.0,1.0,0.16157268379490602,0.16157268379490602,True
bp_fs200_signed,/home/test/bupt_hjk/sdp_dataset/xrf55/wifi/03_50_09.npy,1000,float64,0.0,0.5014,0.5014,0.5004148148148149,1.0,1.0,0.17521224928632337,0.17521224928632337,True
bp_fs200_signed,/home/test/bupt_hjk/sdp_dataset/xrf55/wifi/03_50_10.npy,1000,float64,0.0,0.4958592592592593,0.4958592592592593,0.4960148148148148,1.0,1.0,0.16312608905201498,0.16312608905201498,True
bp_fs200_signed,/home/test/bupt_hjk/sdp_dataset/xrf55/wifi/03_50_11.npy,1000,float64,0.0,0.4897851851851852,0.4897851851851852,0.4895481481481481,1.0,1.0,0.18847365884402922,0.18847365884402922,True
bp_fs200_signed,/home/test/bupt_hjk/sdp_dataset/xrf55/wifi/03_50_12.npy,1000,float64,0.0,0.5075592592592593,0.5075592592592593,0.5078962962962963,1.0,1.0,0.1796611426241056,0.1796611426241056,True
bp_fs200_signed,/home/test/bupt_hjk/sdp_dataset/xrf55/wifi/03_50_13.npy,1000,float64,0.0,0.5186703703703703,0.5186703703703703,0.5187333333333334,1.0,1.0,0.1687576465354243,0.1687576465354243,True
bp_fs200_signed,/home/test/bupt_hjk/sdp_dataset/xrf55/wifi/03_50_14.npy,1000,float64,0.0,0.4910777777777778,0.4910777777777778,0.4911111111111111,1.0,1.0,0.17741445148852555,0.17741445148852555,True
bp_fs200_signed,/home/test/bupt_hjk/sdp_dataset/xrf55/wifi/03_50_15.npy,1000,float64,0.0,0.5003888888888889,0.5003888888888889,0.4998296296296296,1.0,1.0,0.17387016646275905,0.17387016646275905,True
bp_fs200_signed,/home/test/bupt_hjk/sdp_dataset/xrf55/wifi/03_50_16.npy,1000,float64,0.0,0.5027777777777778,0.5027777777777778,0.5029333333333333,1.0,1.0,0.18089200311422535,0.18089200311422535,True
bp_fs200_signed,/home/test/bupt_hjk/sdp_dataset/xrf55/wifi/03_50_17.npy,1000,float64,0.0,0.5073518518518518,0.5073518518518518,0.5070592592592592,1.0,1.0,0.17764801838875913,0.17764801838875913,True
bp_fs200_signed,/home/test/bupt_hjk/sdp_dataset/xrf55/wifi/03_50_18.npy,1000,float64,0.0,0.5098481481481482,0.5098481481481482,0.5099703703703704,1.0,1.0,0.18926333741148557,0.18926333741148557,True
bp_fs200_signed,/home/test/bupt_hjk/sdp_dataset/xrf55/wifi/03_50_19.npy,1000,float64,0.0,0.5038074074074074,0.5038074074074074,0.5054074074074074,1.0,1.0,0.16566566566566568,0.16566566566566568,True
bp_fs200_signed,/home/test/bupt_hjk/sdp_dataset/xrf55/wifi/03_50_20.npy,1000,float64,0.0,0.4973111111111111,0.4973111111111111,0.49548888888888887,1.0,1.0,0.17108960812664517,0.17108960812664517,True
bp_fs200_signed,/home/test/bupt_hjk/sdp_dataset/xrf55/wifi/03_51_01.npy,1000,float64,0.0,0.5040259259259259,0.5040259259259259,0.5026888888888889,1.0,1.0,0.15274163051940828,0.15274163051940828,True
bp_fs200_signed,/home/test/bupt_hjk/sdp_dataset/xrf55/wifi/03_51_02.npy,1000,float64,0.0,0.49325555555555556,0.49325555555555556,0.49266666666666664,1.0,1.0,0.15644904163422682,0.15644904163422682,True
bp_fs200_signed,/home/test/bupt_hjk/sdp_dataset/xrf55/wifi/03_51_03.npy,1000,float64,0.0,0.4952814814814815,0.4952814814814815,0.4945851851851852,1.0,1.0,0.17199050902754606,0.17199050902754606,True
bp_fs200_signed,/home/test/bupt_hjk/sdp_dataset/xrf55/wifi/03_51_04.npy,1000,float64,0.0,0.5208962962962963,0.5208962962962963,0.5207925925925926,1.0,1.0,0.15244874504133762,0.15244874504133762,True
bp_fs200_signed,/home/test/bupt_hjk/sdp_dataset/xrf55/wifi/03_51_05.npy,1000,float64,0.0,0.49956666666666666,0.49956666666666666,0.49944444444444447,1.0,1.0,0.15317910503095689,0.15317910503095689,True
bp_fs200_signed,/home/test/bupt_hjk/sdp_dataset/xrf55/wifi/03_51_06.npy,1000,float64,0.0,0.48740370370370373,0.48740370370370373,0.4872666666666667,1.0,1.0,0.1610684758832907,0.1610684758832907,True
bp_fs200_signed,/home/test/bupt_hjk/sdp_dataset/xrf55/wifi/03_51_07.npy,1000,float64,0.0,0.49354444444444445,0.49354444444444445,0.49417777777777777,1.0,1.0,0.1621695769843918,0.1621695769843918,True
bp_fs200_signed,/home/test/bupt_hjk/sdp_dataset/xrf55/wifi/03_51_08.npy,1000,float64,0.0,0.5031814814814815,0.5031814814814815,0.5035777777777778,1.0,1.0,0.15936677418158898,0.15936677418158898,True
bp_fs200_signed,/home/test/bupt_hjk/sdp_dataset/xrf55/wifi/03_51_09.npy,1000,float64,0.0,0.4992666666666667,0.4992666666666667,0.49949629629629627,1.0,1.0,0.1688725762799837,0.1688725762799837,True
bp_fs200_signed,/home/test/bupt_hjk/sdp_dataset/xrf55/wifi/03_51_10.npy,1000,float64,0.0,0.4972037037037037,0.4972037037037037,0.49767407407407405,1.0,1.0,0.16327438549660772,0.16327438549660772,True
bp_fs200_signed,/home/test/bupt_hjk/sdp_dataset/xrf55/wifi/03_51_11.npy,1000,float64,0.0,0.49695925925925927,0.49695925925925927,0.4978740740740741,1.0,1.0,0.1563452341230119,0.1563452341230119,True
bp_fs200_signed,/home/test/bupt_hjk/sdp_dataset/xrf55/wifi/03_51_12.npy,1000,float64,0.0,0.5212185185185185,0.5212185185185185,0.522762962962963,1.0,1.0,0.16988469951432913,0.16988469951432913,True
bp_fs200_signed,/home/test/bupt_hjk/sdp_dataset/xrf55/wifi/03_51_13.npy,1000,float64,0.0,0.5036481481481482,0.5036481481481482,0.5052592592592593,1.0,1.0,0.15845104363622883,0.15845104363622883,True
bp_fs200_signed,/home/test/bupt_hjk/sdp_dataset/xrf55/wifi/03_51_14.npy,1000,float64,0.0,0.5010555555555556,0.5010555555555556,0.5003111111111112,1.0,1.0,0.16031587142698253,0.16031587142698253,True
bp_fs200_signed,/home/test/bupt_hjk/sdp_dataset/xrf55/wifi/03_51_15.npy,1000,float64,0.0,0.4920925925925926,0.4920925925925926,0.4942,1.0,1.0,0.15378712045378712,0.15378712045378712,True
bp_fs200_signed,/home/test/bupt_hjk/sdp_dataset/xrf55/wifi/03_51_16.npy,1000,float64,0.0,0.5098333333333334,0.5098333333333334,0.5101851851851852,1.0,1.0,0.15852148444741038,0.15852148444741038,True
bp_fs200_signed,/home/test/bupt_hjk/sdp_dataset/xrf55/wifi/03_51_17.npy,1000,float64,0.0,0.5123925925925926,0.5123925925925926,0.5123333333333333,1.0,1.0,0.15558892225558893,0.15558892225558893,True
bp_fs200_signed,/home/test/bupt_hjk/sdp_dataset/xrf55/wifi/03_51_18.npy,1000,float64,0.0,0.49615185185185184,0.49615185185185184,0.4985111111111111,1.0,1.0,0.1582619656693731,0.1582619656693731,True
bp_fs200_signed,/home/test/bupt_hjk/sdp_dataset/xrf55/wifi/03_51_19.npy,1000,float64,0.0,0.4987,0.4987,0.4987185185185185,1.0,1.0,0.16058280502724948,0.16058280502724948,True
bp_fs200_signed,/home/test/bupt_hjk/sdp_dataset/xrf55/wifi/03_51_20.npy,1000,float64,0.0,0.49404444444444445,0.49404444444444445,0.4948740740740741,1.0,1.0,0.167334000667334,0.167334000667334,True
bp_fs200_signed,/home/test/bupt_hjk/sdp_dataset/xrf55/wifi/03_52_01.npy,1000,float64,0.0,0.4959962962962963,0.4959962962962963,0.49765185185185185,1.0,1.0,0.17276535795054312,0.17276535795054312,True
bp_fs200_signed,/home/test/bupt_hjk/sdp_dataset/xrf55/wifi/03_52_02.npy,1000,float64,0.0,0.5115111111111111,0.5115111111111111,0.5143185185185185,1.0,1.0,0.17428539650761873,0.17428539650761873,True
bp_fs200_signed,/home/test/bupt_hjk/sdp_dataset/xrf55/wifi/03_52_03.npy,1000,float64,0.0,0.5023666666666666,0.5023666666666666,0.5014444444444445,1.0,1.0,0.17612797983168355,0.17612797983168355,True
bp_fs200_signed,/home/test/bupt_hjk/sdp_dataset/xrf55/wifi/03_52_04.npy,1000,float64,0.0,0.4865259259259259,0.4865259259259259,0.4872518518518518,1.0,1.0,0.1694954213472732,0.1694954213472732,True
bp_fs200_signed,/home/test/bupt_hjk/sdp_dataset/xrf55/wifi/03_52_05.npy,1000,float64,0.0,0.5105777777777778,0.5105777777777778,0.5084518518518518,1.0,1.0,0.17573499425351277,0.17573499425351277,True
bp_fs200_signed,/home/test/bupt_hjk/sdp_dataset/xrf55/wifi/03_52_06.npy,1000,float64,0.0,0.49994074074074074,0.49994074074074074,0.499837037037037,1.0,1.0,0.1785822859896934,0.1785822859896934,True
bp_fs200_signed,/home/test/bupt_hjk/sdp_dataset/xrf55/wifi/03_52_07.npy,1000,float64,0.0,0.5061629629629629,0.5061629629629629,0.5059555555555556,1.0,1.0,0.17622807993178363,0.17622807993178363,True
bp_fs200_signed,/home/test/bupt_hjk/sdp_dataset/xrf55/wifi/03_52_08.npy,1000,float64,0.0,0.4847,0.4847,0.48542962962962966,1.0,1.0,0.18235272309346384,0.18235272309346384,True
bp_fs200_signed,/home/test/bupt_hjk/sdp_dataset/xrf55/wifi/03_52_09.npy,1000,float64,0.0,0.49891111111111114,0.49891111111111114,0.498837037037037,1.0,1.0,0.18616023430838247,0.18616023430838247,True
bp_fs200_signed,/home/test/bupt_hjk/sdp_dataset/xrf55/wifi/03_52_10.npy,1000,float64,0.0,0.4921333333333333,0.4921333333333333,0.4924,1.0,1.0,0.17119712304897491,0.17119712304897491,True
bp_fs200_signed,/home/test/bupt_hjk/sdp_dataset/xrf55/wifi/03_52_11.npy,1000,float64,0.0,0.5159444444444444,0.5159444444444444,0.5164222222222222,1.0,1.0,0.131624216809402,0.131624216809402,True
bp_fs200_signed,/home/test/bupt_hjk/sdp_dataset/xrf55/wifi/03_52_12.npy,1000,float64,0.0,0.504637037037037,0.504637037037037,0.5049481481481481,1.0,1.0,0.1596485374263152,0.1596485374263152,True
bp_fs200_signed,/home/test/bupt_hjk/sdp_dataset/xrf55/wifi/03_52_13.npy,1000,float64,0.0,0.5059555555555556,0.5059555555555556,0.5064740740740741,1.0,1.0,0.15163311459607756,0.15163311459607756,True
bp_fs200_signed,/home/test/bupt_hjk/sdp_dataset/xrf55/wifi/03_52_14.npy,1000,float64,0.0,0.5083407407407408,0.5083407407407408,0.5090222222222223,1.0,1.0,0.13855707559411262,0.13855707559411262,True
bp_fs200_signed,/home/test/bupt_hjk/sdp_dataset/xrf55/wifi/03_52_15.npy,1000,float64,0.0,0.5067481481481482,0.5067481481481482,0.5072814814814814,1.0,1.0,0.18574500426352278,0.18574500426352278,True
bp_fs200_signed,/home/test/bupt_hjk/sdp_dataset/xrf55/wifi/03_52_16.npy,1000,float64,0.0,0.5107925925925926,0.5107925925925926,0.5102148148148148,1.0,1.0,0.16162088013939865,0.16162088013939865,True
bp_fs200_signed,/home/test/bupt_hjk/sdp_dataset/xrf55/wifi/03_52_17.npy,1000,float64,0.0,0.47657037037037037,0.47657037037037037,0.4778222222222222,1.0,1.0,0.17189040892744598,0.17189040892744598,True
bp_fs200_signed,/home/test/bupt_hjk/sdp_dataset/xrf55/wifi/03_52_18.npy,1000,float64,0.0,0.4995037037037037,0.4995037037037037,0.49925185185185184,1.0,1.0,0.16962888814740668,0.16962888814740668,True
bp_fs200_signed,/home/test/bupt_hjk/sdp_dataset/xrf55/wifi/03_52_19.npy,1000,float64,0.0,0.5025740740740741,0.5025740740740741,0.5028148148148148,1.0,1.0,0.1547807066325585,0.1547807066325585,True
bp_fs200_signed,/home/test/bupt_hjk/sdp_dataset/xrf55/wifi/03_52_20.npy,1000,float64,0.0,0.4934148148148148,0.4934148148148148,0.4926,1.0,1.0,0.17547918288659028,0.17547918288659028,True
bp_fs200_signed,/home/test/bupt_hjk/sdp_dataset/xrf55/wifi/03_53_01.npy,1000,float64,0.0,0.49696666666666667,0.49696666666666667,0.4957259259259259,1.0,1.0,0.17066325584844103,0.17066325584844103,True
bp_fs200_signed,/home/test/bupt_hjk/sdp_dataset/xrf55/wifi/03_53_02.npy,1000,float64,0.0,0.4971074074074074,0.4971074074074074,0.49825925925925924,1.0,1.0,0.19034960886812738,0.19034960886812738,True
bp_fs200_signed,/home/test/bupt_hjk/sdp_dataset/xrf55/wifi/03_53_03.npy,1000,float64,0.0,0.5056074074074074,0.5056074074074074,0.5067185185185186,1.0,1.0,0.15730174619063508,0.15730174619063508,True
bp_fs200_signed,/home/test/bupt_hjk/sdp_dataset/xrf55/wifi/03_53_04.npy,1000,float64,0.0,0.4862148148148148,0.4862148148148148,0.48565925925925924,1.0,1.0,0.163289215141067,0.163289215141067,True
bp_fs200_signed,/home/test/bupt_hjk/sdp_dataset/xrf55/wifi/03_53_05.npy,1000,float64,0.0,0.4935555555555556,0.4935555555555556,0.49466666666666664,1.0,1.0,0.1471582693804916,0.1471582693804916,True
bp_fs200_signed,/home/test/bupt_hjk/sdp_dataset/xrf55/wifi/03_53_06.npy,1000,float64,0.0,0.4993888888888889,0.4993888888888889,0.4988222222222222,1.0,1.0,0.1488562636710785,0.1488562636710785,True
bp_fs200_signed,/home/test/bupt_hjk/sdp_dataset/xrf55/wifi/03_53_07.npy,1000,float64,0.0,0.49634814814814815,0.49634814814814815,0.4971407407407407,1.0,1.0,0.1657546435324213,0.1657546435324213,True
bp_fs200_signed,/home/test/bupt_hjk/sdp_dataset/xrf55/wifi/03_53_08.npy,1000,float64,0.0,0.49620740740740743,0.49620740740740743,0.49804444444444446,1.0,1.0,0.17649872094316538,0.17649872094316538,True
bp_fs200_signed,/home/test/bupt_hjk/sdp_dataset/xrf55/wifi/03_53_09.npy,1000,float64,0.0,0.4998592592592593,0.4998592592592593,0.4998814814814815,1.0,1.0,0.18215623030437844,0.18215623030437844,True
bp_fs200_signed,/home/test/bupt_hjk/sdp_dataset/xrf55/wifi/03_53_10.npy,1000,float64,0.0,0.4913037037037037,0.4913037037037037,0.49174074074074076,1.0,1.0,0.17704741778815852,0.17704741778815852,True
bp_fs200_signed,/home/test/bupt_hjk/sdp_dataset/xrf55/wifi/03_53_11.npy,1000,float64,0.0,0.48974814814814815,0.48974814814814815,0.48905925925925925,1.0,1.0,0.1665554443332221,0.1665554443332221,True
bp_fs200_signed,/home/test/bupt_hjk/sdp_dataset/xrf55/wifi/03_53_12.npy,1000,float64,0.0,0.49677037037037036,0.49677037037037036,0.49746666666666667,1.0,1.0,0.16566195825455085,0.16566195825455085,True
bp_fs200_signed,/home/test/bupt_hjk/sdp_dataset/xrf55/wifi/03_53_13.npy,1000,float64,0.0,0.5114555555555556,0.5114555555555556,0.5113037037037037,1.0,1.0,0.16848329811292775,0.16848329811292775,True
bp_fs200_signed,/home/test/bupt_hjk/sdp_dataset/xrf55/wifi/03_53_14.npy,1000,float64,0.0,0.48734074074074074,0.48734074074074074,0.48689629629629627,1.0,1.0,0.15034664293923553,0.15034664293923553,True
bp_fs200_signed,/home/test/bupt_hjk/sdp_dataset/xrf55/wifi/03_53_15.npy,1000,float64,0.0,0.5000592592592593,0.5000592592592593,0.499837037037037,1.0,1.0,0.14650576502428353,0.14650576502428353,True
bp_fs200_signed,/home/test/bupt_hjk/sdp_dataset/xrf55/wifi/03_53_16.npy,1000,float64,0.0,0.49825555555555556,0.49825555555555556,0.4989925925925926,1.0,1.0,0.15549623697771847,0.15549623697771847,True
bp_fs200_signed,/home/test/bupt_hjk/sdp_dataset/xrf55/wifi/03_53_17.npy,1000,float64,0.0,0.4917,0.4917,0.49216296296296297,1.0,1.0,0.17517888258629,0.17517888258629,True
bp_fs200_signed,/home/test/bupt_hjk/sdp_dataset/xrf55/wifi/03_53_18.npy,1000,float64,0.0,0.5052777777777778,0.5052777777777778,0.5048222222222222,1.0,1.0,0.1650354057761465,0.1650354057761465,True
bp_fs200_signed,/home/test/bupt_hjk/sdp_dataset/xrf55/wifi/03_53_19.npy,1000,float64,0.0,0.5086222222222222,0.5086222222222222,0.5097555555555555,1.0,1.0,0.17707336966596227,0.17707336966596227,True
bp_fs200_signed,/home/test/bupt_hjk/sdp_dataset/xrf55/wifi/03_53_20.npy,1000,float64,0.0,0.4914222222222222,0.4914222222222222,0.49016296296296297,1.0,1.0,0.17138249360471583,0.17138249360471583,True
bp_fs200_signed,/home/test/bupt_hjk/sdp_dataset/xrf55/wifi/03_54_01.npy,1000,float64,0.0,0.5252259259259259,0.5252259259259259,0.5259925925925926,1.0,1.0,0.17256145033922812,0.17256145033922812,True
bp_fs200_signed,/home/test/bupt_hjk/sdp_dataset/xrf55/wifi/03_54_02.npy,1000,float64,0.0,0.5077037037037037,0.5077037037037037,0.5086074074074074,1.0,1.0,0.16774552330107886,0.16774552330107886,True
bp_fs200_signed,/home/test/bupt_hjk/sdp_dataset/xrf55/wifi/03_54_03.npy,1000,float64,0.0,0.5099370370370371,0.5099370370370371,0.5104074074074074,1.0,1.0,0.1827271716160605,0.1827271716160605,True
bp_fs200_signed,/home/test/bupt_hjk/sdp_dataset/xrf55/wifi/03_54_04.npy,1000,float64,0.0,0.5058666666666667,0.5058666666666667,0.5052814814814814,1.0,1.0,0.1850702554406258,0.1850702554406258,True
bp_fs200_signed,/home/test/bupt_hjk/sdp_dataset/xrf55/wifi/03_54_05.npy,1000,float64,0.0,0.5031222222222222,0.5031222222222222,0.5042814814814814,1.0,1.0,0.1800467133800467,0.1800467133800467,True
bp_fs200_signed,/home/test/bupt_hjk/sdp_dataset/xrf55/wifi/03_54_06.npy,1000,float64,0.0,0.5100222222222223,0.5100222222222223,0.5104222222222222,1.0,1.0,0.16955103251399548,0.16955103251399548,True
bp_fs200_signed,/home/test/bupt_hjk/sdp_dataset/xrf55/wifi/03_54_07.npy,1000,float64,0.0,0.49887037037037035,0.49887037037037035,0.4973851851851852,1.0,1.0,0.16057168279390502,0.16057168279390502,True
bp_fs200_signed,/home/test/bupt_hjk/sdp_dataset/xrf55/wifi/03_54_08.npy,1000,float64,0.0,0.5141407407407408,0.5141407407407408,0.5127777777777778,1.0,1.0,0.16447929410892373,0.16447929410892373,True
bp_fs200_signed,/home/test/bupt_hjk/sdp_dataset/xrf55/wifi/03_54_09.npy,1000,float64,0.0,0.49744814814814814,0.49744814814814814,0.49904444444444446,1.0,1.0,0.16452007563118673,0.16452007563118673,True
bp_fs200_signed,/home/test/bupt_hjk/sdp_dataset/xrf55/wifi/03_54_10.npy,1000,float64,0.0,0.506962962962963,0.506962962962963,0.5064222222222222,1.0,1.0,0.17681385088792495,0.17681385088792495,True
bp_fs200_signed,/home/test/bupt_hjk/sdp_dataset/xrf55/wifi/03_54_11.npy,1000,float64,0.0,0.4935,0.4935,0.49505185185185185,1.0,1.0,0.1737737737737738,0.1737737737737738,True
bp_fs200_signed,/home/test/bupt_hjk/sdp_dataset/xrf55/wifi/03_54_12.npy,1000,float64,0.0,0.5014444444444445,0.5014444444444445,0.4990074074074074,1.0,1.0,0.17648759870982092,0.17648759870982092,True
bp_fs200_signed,/home/test/bupt_hjk/sdp_dataset/xrf55/wifi/03_54_13.npy,1000,float64,0.0,0.4955074074074074,0.4955074074074074,0.4955111111111111,1.0,1.0,0.17748489229970713,0.17748489229970713,True
bp_fs200_signed,/home/test/bupt_hjk/sdp_dataset/xrf55/wifi/03_54_14.npy,1000,float64,0.0,0.4986962962962963,0.4986962962962963,0.49997037037037034,1.0,1.0,0.17309531753976198,0.17309531753976198,True
bp_fs200_signed,/home/test/bupt_hjk/sdp_dataset/xrf55/wifi/03_54_15.npy,1000,float64,0.0,0.5058111111111111,0.5058111111111111,0.5048148148148148,1.0,1.0,0.16572127683238794,0.16572127683238794,True
bp_fs200_signed,/home/test/bupt_hjk/sdp_dataset/xrf55/wifi/03_54_16.npy,1000,float64,0.0,0.49374444444444443,0.49374444444444443,0.49365925925925924,1.0,1.0,0.17585733882030177,0.17585733882030177,True
bp_fs200_signed,/home/test/bupt_hjk/sdp_dataset/xrf55/wifi/03_54_17.npy,1000,float64,0.0,0.5094925925925926,0.5094925925925926,0.5092592592592593,1.0,1.0,0.1751603455307159,0.1751603455307159,True
bp_fs200_signed,/home/test/bupt_hjk/sdp_dataset/xrf55/wifi/03_54_18.npy,1000,float64,0.0,0.49294814814814814,0.49294814814814814,0.4948148148148148,1.0,1.0,0.17119712304897491,0.17119712304897491,True
bp_fs200_signed,/home/test/bupt_hjk/sdp_dataset/xrf55/wifi/03_54_19.npy,1000,float64,0.0,0.5019296296296296,0.5019296296296296,0.5019407407407407,1.0,1.0,0.17118600081563046,0.17118600081563046,True
bp_fs200_signed,/home/test/bupt_hjk/sdp_dataset/xrf55/wifi/03_54_20.npy,1000,float64,0.0,0.5015555555555555,0.5015555555555555,0.49947407407407407,1.0,1.0,0.1539836132428725,0.1539836132428725,True
bp_fs200_signed,/home/test/bupt_hjk/sdp_dataset/xrf55/wifi/03_55_01.npy,1000,float64,0.0,0.48794814814814813,0.48794814814814813,0.4876888888888889,1.0,1.0,0.17158640121603086,0.17158640121603086,True
bp_fs200_signed,/home/test/bupt_hjk/sdp_dataset/xrf55/wifi/03_55_02.npy,1000,float64,0.0,0.4912296296296296,0.4912296296296296,0.4914222222222222,1.0,1.0,0.1696548400252104,0.1696548400252104,True
bp_fs200_signed,/home/test/bupt_hjk/sdp_dataset/xrf55/wifi/03_55_03.npy,1000,float64,0.0,0.49184074074074075,0.49184074074074075,0.4934222222222222,1.0,1.0,0.16202128053979906,0.16202128053979906,True
bp_fs200_signed,/home/test/bupt_hjk/sdp_dataset/xrf55/wifi/03_55_04.npy,1000,float64,0.0,0.48940370370370373,0.48940370370370373,0.4892,1.0,1.0,0.15680124569013457,0.15680124569013457,True
bp_fs200_signed,/home/test/bupt_hjk/sdp_dataset/xrf55/wifi/03_55_05.npy,1000,float64,0.0,0.5010629629629629,0.5010629629629629,0.5031703703703704,1.0,1.0,0.16958810662514368,0.16958810662514368,True
bp_fs200_signed,/home/test/bupt_hjk/sdp_dataset/xrf55/wifi/03_55_06.npy,1000,float64,0.0,0.4847148148148148,0.4847148148148148,0.48333333333333334,1.0,1.0,0.16225855485114746,0.16225855485114746,True
bp_fs200_signed,/home/test/bupt_hjk/sdp_dataset/xrf55/wifi/03_55_07.npy,1000,float64,0.0,0.500325925925926,0.500325925925926,0.5004592592592593,1.0,1.0,0.1629295962629296,0.1629295962629296,True
bp_fs200_signed,/home/test/bupt_hjk/sdp_dataset/xrf55/wifi/03_55_08.npy,1000,float64,0.0,0.5070962962962963,0.5070962962962963,0.5065481481481482,1.0,1.0,0.15291587884180477,0.15291587884180477,True
bp_fs200_signed,/home/test/bupt_hjk/sdp_dataset/xrf55/wifi/03_55_09.npy,1000,float64,0.0,0.5040481481481481,0.5040481481481481,0.5050518518518519,1.0,1.0,0.16634412189967746,0.16634412189967746,True
bp_fs200_signed,/home/test/bupt_hjk/sdp_dataset/xrf55/wifi/03_55_10.npy,1000,float64,0.0,0.5015555555555555,0.5015555555555555,0.5022222222222222,1.0,1.0,0.15877729581433286,0.15877729581433286,True
bp_fs200_signed,/home/test/bupt_hjk/sdp_dataset/xrf55/wifi/03_55_11.npy,1000,float64,0.0,0.4888296296296296,0.4888296296296296,0.4886666666666667,1.0,1.0,0.1538056575093612,0.1538056575093612,True
bp_fs200_signed,/home/test/bupt_hjk/sdp_dataset/xrf55/wifi/03_55_12.npy,1000,float64,0.0,0.4943111111111111,0.4943111111111111,0.4944,1.0,1.0,0.1516813109405702,0.1516813109405702,True
bp_fs200_signed,/home/test/bupt_hjk/sdp_dataset/xrf55/wifi/03_55_13.npy,1000,float64,0.0,0.4983925925925926,0.4983925925925926,0.4972740740740741,1.0,1.0,0.12759055351647944,0.12759055351647944,True
bp_fs200_signed,/home/test/bupt_hjk/sdp_dataset/xrf55/wifi/03_55_14.npy,1000,float64,0.0,0.4902962962962963,0.4902962962962963,0.49175555555555556,1.0,1.0,0.14926037148259372,0.14926037148259372,True
bp_fs200_signed,/home/test/bupt_hjk/sdp_dataset/xrf55/wifi/03_55_15.npy,1000,float64,0.0,0.5023185185185185,0.5023185185185185,0.5032,1.0,1.0,0.1374893411930449,0.1374893411930449,True
bp_fs200_signed,/home/test/bupt_hjk/sdp_dataset/xrf55/wifi/03_55_16.npy,1000,float64,0.0,0.4981888888888889,0.4981888888888889,0.49834074074074075,1.0,1.0,0.14429614799985171,0.14429614799985171,True
bp_fs200_signed,/home/test/bupt_hjk/sdp_dataset/xrf55/wifi/03_55_17.npy,1000,float64,0.0,0.5002814814814814,0.5002814814814814,0.4991703703703704,1.0,1.0,0.14594223853483113,0.14594223853483113,True
bp_fs200_signed,/home/test/bupt_hjk/sdp_dataset/xrf55/wifi/03_55_18.npy,1000,float64,0.0,0.5010592592592592,0.5010592592592592,0.5013481481481481,1.0,1.0,0.15614132651169688,0.15614132651169688,True
bp_fs200_signed,/home/test/bupt_hjk/sdp_dataset/xrf55/wifi/03_55_19.npy,1000,float64,0.0,0.5032481481481481,0.5032481481481481,0.5047851851851852,1.0,1.0,0.16158380602825048,0.16158380602825048,True
bp_fs200_signed,/home/test/bupt_hjk/sdp_dataset/xrf55/wifi/03_55_20.npy,1000,float64,0.0,0.5058703703703704,0.5058703703703704,0.5051925925925926,1.0,1.0,0.15976717458198939,0.15976717458198939,True
